iso3,address,lon,lat
CZE,"Za Tratí 687, 353 01 Mariánské Lázně, Česko",12.7010947,49.9529436
CZE,"U Potoka 120, 362 63 Dalovice, Česko",12.8970731,50.25015
CZE,"Krušnohorská 766, 363 01 Ostrov, Česko",12.9522104,50.3034859
CZE,"Jaromíra Vejvody 1400, 156 00 Zbraslav, Česko",14.3850992,49.9686568
CZE,"Svatošská 269, Doubí, 360 07 Karlovy Vary, Česko",12.8224148,50.2063135
CZE,"Kotorská 1590, 140 00 Praha 4-Nusle, Česko",14.4345509,50.0543039
CZE,"Oblouková 1453, 252 19 Rudná, Česko",14.223515,50.025459
CZE,"Na Slupi 1483, 128 00 Nové Město, Česko",14.4198164,50.0703441
CZE,"J. Masaryka 677/45, 120 00 Praha 2-Vinohrady, Česko",14.4404675,50.0726626
CZE,"Staromlýnská 34, 360 01 Březová, Česko",12.8673834,50.1947508
CZE,"Šobrova 1940, 397 01 Písek, Česko",14.1615942,49.3030606
CZE,"Bří Čapků 277, 261 01 Příbram, Česko",13.998945,49.6768053
CZE,"Antonína Sochora 2937, 434 01 Most, Česko",13.6412048,50.4946711
CZE,"Kloboukova 27, 148 00 Praha 4-Roztyly, Česko",14.4834926,50.0372815
CZE,"Sadová 731/8, Beroun-Město, 266 01 Beroun, Česko",14.0654114,49.9611582
CZE,"Březenská, 180 00 Praha 8, Česko",14.4839071,50.128677
CZE,"Dělnická 35, 345 06 Kdyně, Česko",13.0358648,49.3945081
CZE,"Ovčí hájek 2357/48, 158 00 Praha 13-Stodůlky, Česko",14.3481319,50.0471747
CZE,"Šostakovičovo nám. 1515/5, 155 00 Praha 13, Česko",14.3105307,50.0476035
CZE,"U Jezera 2031/34, 155 00 Praha 13-Stodůlky, Česko",14.3252307,50.0454097
CZE,"Hornomlýnská 1231/7, 148 00 Praha-Kunratice, Česko",14.4870869,50.0223446
CZE,"Puškinova 2712, 301 00 Plzeň 3-Jižní Předměstí, Česko",13.3715928,49.7467814
CZE,"Kaštanová 1, 251 01 Říčany, Česko",14.6868665,49.9938252
CZE,"Platónova 143 00, 143 00 Praha 12, Česko",14.4179786,49.9989426
CZE,"345 62 Holýšov, Česko",13.1085724,49.5905728
CZE,"Budějovická 703, Horní Jirčany, 252 42 Jesenice, Česko",14.5357342,49.9530572
CZE,"V Hůrkách 2145/1, 158 00 Praha 5, Česko",14.3464474,50.0495988
CZE,"Na Celchu 33, 326 00 Plzeň 2-Slovany, Česko",13.4068364,49.7314954
CZE,"Rubeška 403/9, 190 00 Praha 9-Vysočany, Česko",14.4950744,50.1109369
CZE,"Mezi Rybníky 244, 149 00 Praha 4, Česko",14.5123263,50.0115822
CZE,"Tylova 153/17, České Budějovice 7, 370 01 České Budějovice, Česko",14.4767715,48.9668172
CZE,"101 00, Šrobárova 1869/14, 101 00 Praha, Česko",14.4639942,50.0755943
CZE,"Lovosická 42, 190 00 Praha 9, Česko",14.4885616,50.1274886
CZE,"Pallova 42, 301 00 Plzeň 3-Východní Předměstí, Česko",13.3814467,49.7473275
CZE,"Javorová 11, 326 00 Plzeň 2-Slovany, Česko",13.3940742,49.7276598
CZE,"Laponská 1160/4, 198 00 Praha 9-Suomi Hloubětín, Česko",14.5256046,50.108038
CZE,"Lihovarská 2404, 190 00 Praha 9, Česko",14.4862187,50.1053116
CZE,"Josefa Bíbrdlíka 91, 149 00 Praha-Újezd, Česko",14.5456283,50.014937
CZE,"Jindřišská 909, 110 00 Nové Město, Česko",14.4276877,50.0833478
CZE,"Rýznerova 1181/4, 165 00 Praha-Suchdol, Česko",14.3878686,50.1445774
CZE,"U Jezera 2047/2, 155 00 Praha 13, Česko",14.3244321,50.0452912
CZE,"Na Švihance 2, 120 00 Praha 2-Vinohrady, Česko",14.444531,50.0802727
CZE,"Vybíralova 969, 198 00 Praha 14-Černý Most, Česko",14.5803541,50.1042548
CZE,"Stříbrská, 333 01 Stod, Česko",13.1582771,49.6430022
CZE,"Tylova 17, 370 01 České Budějovice, Česko",14.4767582,48.9669668
CZE,"Seifertova 4726, 586 01 Jihlava, Česko",15.582589,49.3942456
CZE,"Hálova 55/3, 190 15 Praha 9- Satalice-Praha-Satalice, Česko",14.5705403,50.1237994
CZE,"Revoluční 1846, 412 01 Litoměřice, Česko",14.127895,50.5447312
CZE,"U Nikolajky, 150 00 Praha 5, Česko",14.3956503,50.0666046
CZE,"Lipová 803, 407 21 Česká Kamenice, Česko",14.4203934,50.7947785
CZE,"Jaselská 294, 160 00 Praha 6-Dejvice, Česko",14.4007948,50.0985576
CZE,"Nad Kajetánkou 134, 169 00 Praha 6-Břevnov, Česko",14.3754503,50.0862296
CZE,"Uyanış Itri Caddesi No:141, 063 00 wiki, Česko",14.3518174,50.1058954
CZE,"nám. Karla IV. 3359, 276 01 Mělník, Česko",14.4778938,50.351314
CZE,"Italská 13, 120 00 Praha 2-Vinohrady, Česko",14.4355667,50.0774405
CZE,"Rolavská 234, 362 25 Nová Role, Česko",12.7844711,50.2730375
CZE,"M. Horákové 2, Kročehlavy, 272 01 Kladno, Česko",14.1174269,50.1406231
CZE,"Plukovníka Malého 1856/3, 370 05 České Budějovice, Česko",14.4502789,48.988067
CZE,"Vančurova 649, 252 64 Velké Přílepy, Česko",14.3021824,50.1629489
CZE,"Bartákova 1121, 140 00 Praha 4-Krč, Česko",14.4378051,50.0473669
CZE,"Recepce - C, Na Florenci 2116/15, 110 00 Nové Město, Česko",14.4352859,50.088886
CZE,"33, Mladějovská 358, 197 00 Praha 19, Česko",14.5594334,50.1315364
CZE,"Ratbořská 21, 190 16 Praha 21, Česko",14.6554322,50.0753255
CZE,"Libovická 3, 160 00 Praha 6-Břevnov, Česko",14.3283667,50.0779509
CZE,"Mlýnská 477, 403 31 Ústí nad Labem-Neštěmice, Česko",14.1078105,50.6756063
CZE,"U Zásobní zahrady 1774/15, 130 00 Praha 3-Žižkov, Česko",14.4682305,50.0875444
CZE,"Rubeška 403, 190 00 Praha 9, Česko",14.4951695,50.1107221
CZE,"Salmovská 498/7, 120 00 Nové Město, Česko",14.4217217,50.0744074
CZE,"V Přístavu 2, 170 00 Praha 7-Holešovice, Česko",14.4561039,50.1068583
CZE,"U Strže 401/4, 140 00 Praha 4, Česko",14.4392358,50.0424125
CZE,"České družiny 1671, 160 00 Praha 6, Česko",14.3810684,50.0984757
CZE,"K Rozvodně 945/5, 154 00 Praha-Slivenec, Česko",14.3557549,50.0147985
CZE,"Mirovická 1282, 182 00 Praha 8-Kobylisy, Česko",14.4453219,50.127369
CZE,"Pacajevova 30, 149 00 Praha 4, Česko",14.5224112,50.0349821
CZE,"Ant. Suchého 2310, 272 01 Kladno, Česko",14.0918305,50.1491048
CZE,"Jordana Jovkova 3253, 143 00 Praha 12, Česko",14.4217769,50.0068867
CZE,"Vánková 924/17, 181 00 Praha 8, Česko",14.4275311,50.1389349
CZE,"Nábřeží 210, 407 01 Jílové, Česko",14.1060173,50.7628126
CZE,"U Nikolajky 28, 150 00 Praha 5, Česko",14.3959537,50.0669377
CZE,"Písečná 444, 182 00 Praha 8, Česko",14.442625,50.1246046
CZE,"Budyšínská 145/2, 184 00 Praha 8, Česko",14.4394775,50.1445741
CZE,"Senovážné nám. 869, 110 00 Nové Město, Česko",14.4290383,50.0855678
CZE,"Na Pískách 88, 160 00 Praha 6-Hanspaulka, Česko",14.3747021,50.1076831
CZE,"Hájecká 1651/10, 100 00 Strašnice, Česko",14.5143831,50.0650601
CZE,"Kamýcká 716, 165 00 Praha-Suchdol, Česko",14.3749482,50.1338699
CZE,"Jevanská 2428, 100 00 Strašnice, Česko",14.5072774,50.0664022
CZE,"Nerudova 960, 357 35 Chodov, Česko",12.7398564,50.237551
CZE,"Budyšínská 145/2, 184 00 Praha-Dolní Chabry, Česko",14.4394771,50.1445745
CZE,"U Krčského nádraží 86/38, 140 00 Praha 4, Česko",14.453104,50.0348645
CZE,"U Páté baterie 2103, 162 00 Praha 6, Česko",14.3646201,50.0913191
CZE,"Za koupalištěm 312, 407 01 Jílové, Česko",14.1090178,50.7614708
CZE,"U Vodojemu 17, 142 00 Praha-Libuš, Česko",14.4492622,50.014661
CZE,"Pevnostní 657/6, 160 00 Praha 6-Střešovice, Česko",14.389999,50.0955264
CZE,"5, K. Štěcha 1320, 370 05 České Budějovice, Česko",14.4392775,48.9880899
CZE,"E. Pittera 3, 370 01 České Budějovice, Česko",14.4697471,48.9653811
CZE,"Karafiátová 830, Klatovy III, 339 01 Klatovy, Česko",13.2823631,49.3935249
CZE,"Na Okraji 41, 162 00 Praha 6, Česko",14.3427473,50.0900048
CZE,"Coral Office Park, Bucharova 1314/8, 155 00 Praha 13, Česko",14.3522403,50.0504292
CZE,"Křižíkova 159/56, 186 00 Karlín, Česko",14.454323,50.093046
CZE,"Na Podkovce 205/20, 147 00 Praha 4, Česko",14.4238097,50.0559742
CZE,"Na Slupi 14, 128 00 Nové Město, Česko",14.4196044,50.0701048
CZE,"Bělehradská 2747, 415 01 Teplice, Česko",13.8213015,50.6298299
CZE,"U Strže 401, 140 00 Praha 4, Česko",14.4392658,50.0423396
CZE,"Zvoníčkova 5, 162 00 Praha 6-Břevnov, Česko",14.3487162,50.0843494
CZE,"Mozartova 444/6, Drahovice, 360 01 Karlovy Vary, Česko",12.8832554,50.2329558
CZE,"Křižíkova 12, 360 01 Karlovy Vary, Česko",12.8695053,50.2230654
CZE,"Krále Jiřího 1341, 360 01 Karlovy Vary, Česko",12.8754268,50.2261971
CZE,"Strakonická 150 00/1424, 5 Praha 5-Smíchov, Česko",14.4099327,50.0654546
CZE,"Opatovická 157, 110 00 Nové Město, Česko",14.4184609,50.0800377
CZE,"Tyršova 438, 353 01 Mariánské Lázně, Česko",12.6995392,49.9662764
CZE,"Křižíkova 465, 353 01 Mariánské Lázně, Česko",12.7028161,49.9628086
CZE,"K hájovně 739/13, 142 00 Praha-Libuš, Česko",14.4473324,50.0132135
CZE,"Zahradní 729, 357 35 Chodov, Česko",12.7384943,50.2407672
CZE,"Mezní 2853, 400 11 Ústí nad Labem-Severní Terasa, Česko",14.0345222,50.6808322
CZE,"Jiráskova 4170, 430 03 Chomutov, Česko",13.3978853,50.4702354
CZE,"Masarykova tř. 2418/62, 415 01 Teplice, Česko",13.832497,50.6454744
CZE,"Žižkovo údolí 275, 418 01 Bílina, Česko",13.776201,50.546139
CZE,"30, J. Dietricha 1391, České Budějovice 6, 370 08 České Budějovice, Česko",14.4868741,48.9592874
CZE,"Bezručova 1274, 350 02 Cheb, Česko",12.3764406,50.0707747
CZE,"K. H. Borovského 1527, 356 01 Sokolov, Česko",12.650432,50.1786129
CZE,"1, Hlušičkova 1064, 155 00 Praha 13, Česko",14.3196129,50.0638699
CZE,"M. Majerové 1650, 356 01 Sokolov, Česko",12.6706316,50.1758375
CZE,"Nádražní 89, 346 01 Horšovský Týn, Česko",12.9415938,49.5264849
CZE,"Tyršova 617, 353 01 Mariánské Lázně, Česko",12.6987634,49.9670936
CZE,"Roháčova 273, 130 00 Praha 3-Žižkov, Česko",14.4586877,50.0874392
CZE,"Kyjovská 343, 348 13 Chodová Planá, Česko",12.7254731,49.895173
CZE,"Školní 1251 /57, 430 01 Chomutov, Česko",13.4155569,50.4578116
CZE,"Hutnická 5, 434 01 Most, Česko",13.6362086,50.4945441
CZE,"Do Zátiší 3, 350 02 Cheb, Česko",12.3538631,50.0731086
CZE,"Severní 226, 348 06 Přimda, Česko",12.6725767,49.6763775
CZE,"Křížová 116, 356 01 Sokolov, Česko",12.6408078,50.1802021
CZE,"Španielova 1701, 163 00 Praha 17-Řepy, Česko",14.304496,50.0687171
CZE,"Bří Čapků 2775, 438 01 Žatec, Česko",13.5397658,50.3172412
CZE,"Na Sekyře 1765, 269 01 Rakovník, Česko",13.7301356,50.102123
CZE,"26. dubna 39, 350 02 Cheb, Česko",12.3702579,50.0726055
CZE,"Vejprnická 987, 318 00 Plzeň 3-Skvrňany, Česko",13.3305652,49.7413447
CZE,"Keramická 92, 360 01 Březová, Česko",12.871066,50.196616
CZE,"Vančurova 231, 346 01 Horšovský Týn, Česko",12.9302004,49.5315602
CZE,"Křižovnická 99, 350 02 Cheb, Česko",12.3685099,50.0821259
CZE,"Čelakovského 766, 301 00 Plzeň 3-Jižní Předměstí, Česko",13.3785557,49.73821
CZE,"Bolevecká náves 2016/2, 323 00 Plzeň 1-Bolevec, Česko",13.3790941,49.7758734
CZE,"Příčná 909, Stará Role, 360 17 Karlovy Vary, Česko",12.8399922,50.2405709
CZE,"Pastýřská 771, 350 02 Cheb, Česko",12.3659971,50.0690123
CZE,"Husova tř. 41, Dolejší Předměstí, 344 01 Domažlice, Česko",12.9375895,49.440199
CZE,"Hviezdoslavovo nám. 534, 350 02 Cheb, Česko",12.3717481,50.0704905
CZE,"Studentská 312, Doubí, 360 07 Karlovy Vary, Česko",12.8262718,50.2094961
CZE,"Okružní 1960/2, 350 02 Cheb, Česko",12.3735217,50.0866673
CZE,"Borská 500, 348 02 Bor, Česko",12.771271,49.714624
CZE,"Michlova 593, 344 01 Domažlice, Česko",12.9266988,49.4470012
CZE,"Otov 38, 345 22 Otov, Česko",12.8416513,49.4840923
CZE,"Sadová 1356, 347 01 Tachov, Česko",12.627349,49.7978997
CZE,"7, Goldscheiderova 2950, Jižní Předměstí, 301 00 Plzeň 3, Česko",13.3566633,49.7321815
CZE,"Letiny 120, 336 01 Letiny, Česko",13.4560388,49.5413794
CZE,"Lípová 566, 431 51 Klášterec nad Ohří, Česko",13.1785788,50.3917191
CZE,"Dlouhá 540, 431 51 Klášterec nad Ohří, Česko",13.1786958,50.3943562
CZE,"Hlubany 94, 441 01 Podbořany, Česko",13.4005348,50.2250782
CZE,"Souběžná 550, Miřetice u Klášterce nad Ohří, 431 51 Klášterec nad Ohří, Česko",13.1920623,50.3885546
CZE,"Javorová 14, 326 00 Plzeň 2-Slovany, Česko",13.3935577,49.7274421
CZE,"Příchovice 108, 334 01 Příchovice, Česko",13.3378086,49.5643492
CZE,"Hluboká 82, 345 06 Kdyně, Česko",13.0712253,49.3725367
CZE,"B. Němcové 573/3, 323 00 Plzeň 1-Severní Předměstí, Česko",13.3638579,49.7644733
CZE,"Na Podlesí 1481, 432 01 Kadaň, Česko",13.2668508,50.3840392
CZE,"Studentská 601, 339 01 Klatovy, Česko",13.3053937,49.3944011
CZE,"Nade Mží 734, 318 00 Plzeň 3-Skvrňany, Česko",13.3506187,49.7464943
CZE,"Slavošovice 19, 339 01 Bolešiny, Česko",13.3348076,49.4041791
CZE,"Unnamed Road, 318 00, 318 00 Plzeň 3, Česko",13.3611468,49.7407584
CZE,"Kpt. Jaroše 612, 432 01 Kadaň, Česko",13.27054,50.3811515
CZE,"Loudů 951, 334 41 Dobřany, Česko",13.2995099,49.6574773
CZE,"Černická 617/7, 301 00 Plzeň 3, Česko",13.3811122,49.739398
CZE,"Koldinova 445, Klatovy II, 339 01 Klatovy, Česko",13.2902794,49.4003885
CZE,"Vochov 46, 330 23 Vochov, Česko",13.2778687,49.7569735
CZE,"Krandova 58, 333 01 Stod, Česko",13.1634597,49.6406515
CZE,"Dukelská 959, 334 01 Přeštice, Česko",13.3253286,49.5777597
CZE,"Klatovy 50, 339 01 Klatovy, Česko",13.3147893,49.3767377
CZE,"Tylova 1, 301 00 Plzeň 3, Česko",13.3720371,49.7442365
CZE,"Pražská 25, Klatovy I, 339 01 Klatovy, Česko",13.2940274,49.3973464
CZE,"Komenského 904, 441 01 Podbořany, Česko",13.4107146,50.2251555
CZE,"Jana Opletala 1660, 434 01 Most, Česko",13.6348292,50.5138683
CZE,"Žatecká 443, 441 01 Podbořany, Česko",13.4113834,50.2320929
CZE,"Nerudova 1, 439 88 Blšany, Česko",13.4687992,50.215393
CZE,"Smetanova 225/4, Bohosudov, 417 42 Krupka, Česko",13.8685505,50.6819466
CZE,"U Hvězdárny 2141, 326 00 Plzeň 2-Slovany, Česko",13.3993354,49.7297163
CZE,"Blatenská 1073/27a, 326 00 Plzeň 2-Slovany, Česko",13.4062037,49.7340622
CZE,"Třebízského 12, 301 00 Plzeň 3, Česko",13.3754158,49.7378797
CZE,"3, Pod Chlumem 1235, 312 00 Plzeň 4, Česko",13.4208551,49.7596052
CZE,"Školní 1251/57, 430 01 Chomutov, Česko",13.4157246,50.4580391
CZE,"sady Pětatřicátníků 322, 301 00 Plzeň 3-Vnitřní Město, Česko",13.3739737,49.7463768
CZE,"Západní 18, 323 00 Plzeň 1, Česko",13.3791521,49.7812789
CZE,"nám. Odboje 18, 323 00 Plzeň 1-Bolevec, Česko",13.3770836,49.7740498
CZE,"Hrušovany 15, 431 43 Hrušovany, Česko",13.4987659,50.3868993
CZE,"Fibichova 290/4, 323 00 Plzeň 1, Česko",13.3772489,49.7702079
CZE,"Jeřabinová 220, 337 01 Rokycany, Česko",13.5903337,49.7383182
CZE,"Družstevní 750, 330 11 Třemošná, Česko",13.3919241,49.8235173
CZE,"323 00, Žlutická 1694/2, 323 00 Plzeň, Česko",13.3616681,49.7774715
CZE,"Ke Špitálskému lesu 1050, 312 00 Plzeň 4-Doubravka, Česko",13.4198012,49.7491124
CZE,"Alej Svobody 659/29, 323 00 Plzeň 1, Česko",13.3662351,49.7675395
CZE,"Čapkovo nám. 2181, 326 00 Plzeň 2-Slovany, Česko",13.4006598,49.7296722
CZE,"Cukrářská 13, 326 00 Plzeň 2-Slovany, Česko",13.4138288,49.7311
CZE,"Jesenická 1262, 323 00 Plzeň 1-Bolevec, Česko",13.3724792,49.7789332
CZE,"Čelakovského 1017/14, 430 01 Chomutov, Česko",13.4179474,50.4656895
CZE,"Národní 196/3, 312 00 Plzeň 4, Česko",13.4384582,49.7639972
CZE,"Koterovská náves 5/5, 326 00 Plzeň 2-Slovany-Koterov, Česko",13.4242529,49.7146893
CZE,"Blatenská 1073, 326 00 Plzeň 2-Slovany-Lobzy, Česko",13.4060298,49.7341282
CZE,"Skrétova 977, 301 00 Plzeň 3, Česko",13.3693493,49.7440125
CZE,"Jablonského 626, 326 00 Plzeň 2-Slovany, Česko",13.3903884,49.739247
CZE,"Hutnická 2938, 434 01 Most, Česko",13.6379552,50.4971626
CZE,"Široký vrch 363, 434 01 Most, Česko",13.6230451,50.5171427
CZE,"Třebízského 3084, 430 03 Chomutov, Česko",13.3891063,50.4688678
CZE,"V Domcích 2427, 440 01 Louny, Česko",13.80062,50.3508568
CZE,"Školní 2428, 440 01 Louny, Česko",13.8011459,50.3504256
CZE,"Kařez 39, 338 08 Kařez, Česko",13.7845659,49.8324349
CZE,"266 01 Beroun, Česko",14.0722681,49.9607315
CZE,"Mochtín 21, 339 01 Mochtín, Česko",13.3559181,49.3604919
CZE,"Střížovická 391, 400 01 Ústí nad Labem-město-Klíše, Česko",14.0172964,50.6672549
CZE,"Smetanovy sady 1558, 431 11 Jirkov, Česko",13.4459765,50.5014531
CZE,"Vrchlického 743/9, 415 01 Teplice, Česko",13.8336986,50.6438581
CZE,"Bezručova 1712, 436 01 Litvínov, Česko",13.616013,50.6060491
CZE,"Veleslavínova 1941/3, 400 01 Ústí nad Labem-město-Ústí nad Labem-centrum, Česko",14.0380594,50.6657747
CZE,"Roztocká 6, 252 64 Úholičky, Česko",14.3320416,50.16048
CZE,"Petra Hrubého 1676, 274 01 Slaný, Česko",14.0716621,50.233544
CZE,"Bělohorská 189, 169 00 Praha 6-Břevnov, Česko",14.3596033,50.083141
CZE,"Hutnická, 434 01 Most, Česko",13.6363308,50.4951641
CZE,"Terezínská 907, 410 02 Lovosice, Česko",14.058636,50.5117816
CZE,"Na Hrázi, 253 01 Hostivice, Česko",14.2439253,50.0764878
CZE,"B. Němcové 1415, 252 28 Černošice, Česko",14.3091256,49.9495739
CZE,"Starostřešovická 96, 162 00 Praha 6, Česko",14.3749335,50.0920354
CZE,"U tenisu (vedle, čp 12, Košíře, 150 00 Praha, Česko",14.3587981,50.0674342
CZE,"J. Suka 2513, 415 01 Teplice, Česko",13.8421704,50.639067
CZE,"1144/144, Ke Smíchovu, 154 00 Praha 5, Česko",14.3539145,50.0203123
CZE,"Odboje 2269, 412 01 Litoměřice-Předměstí, Česko",14.1216293,50.5385315
CZE,"Školská 591, 252 19 Rudná, Česko",14.2103549,50.0264552
CZE,"Ladova 1676, 436 01 Litvínov, Česko",13.6245125,50.60535
CZE,"nábř. 1. máje 2142/61, Budějovické Předměstí, 397 01 Písek, Česko",14.1449524,49.3169623
CZE,"Okrajová 110, 415 01 Teplice, Česko",13.8484501,50.631438
CZE,"Za Hanspaulkou 9, 160 00 Praha 6-Hanspaulka, Česko",14.3763369,50.1065778
CZE,"Diabasová 1178/15, 155 00 Praha 5-Stodůlky, Česko",14.3445042,50.0418319
CZE,"Zelená 2869, 415 01 Teplice, Česko",13.8239957,50.63802
CZE,"Malátova 12, 400 11 Ústí nad Labem-město, Česko",14.039887,50.670996
CZE,"Hrdlovská 661, 417 05 Osek, Česko",13.6900924,50.6271623
CZE,"Nová 257, 263 01 Dobříš, Česko",14.1669061,49.7845302
CZE,"Na Spojce 274, 415 01 Teplice, Česko",13.8457414,50.6312434
CZE,"24, Běchovická 1498, Strašnice, 100 00 Praha, Česko",14.4913015,50.079767
CZE,"Moskevské nám. 1994, 415 01 Teplice, Česko",13.8153687,50.635035
CZE,"Vodičkova 18, 110 00 Nové Město, Česko",14.4227899,50.0794361
CZE,"Na Stínadlech 2388, 415 01 Teplice, Česko",13.812572,50.6384325
CZE,"Václavská, 252 63 Roztoky, Česko",14.39024,50.1580732
CZE,"Ametystová 165/1, 153 00 Radotín, Česko",14.36014,49.9877081
CZE,"Vratičová 263, 155 21 Zličín, Česko",14.2896198,50.0619684
CZE,"Měšická 88, 190 00 Praha 9-Prosek, Česko",14.5033621,50.1241489
CZE,"45/4, Lomená, 434 01 Most, Česko",13.6275339,50.5107898
CZE,"605, 337 01 Rokycany, Česko",13.5962571,49.7398742
CZE,"9, Cetyňská 438, Košíře, 150 00 Praha, Česko",14.3671792,50.066771
CZE,"Nad Laurovou 1983/1, 150 00 Praha 5-Smíchov, Česko",14.396673,50.0618486
CZE,"2250, M. Majerové, 412 01 Litoměřice, Česko",14.1304639,50.544883
CZE,"Na Pankráci 809/22, 140 00 Praha 4-Nusle, Česko",14.428438,50.059999
CZE,"Na Džbánu 560, 161 00 Praha 6-Liboc, Česko",14.3265264,50.0953543
CZE,"Fričova 104, 263 01 Dobříš, Česko",14.1705134,49.7800203
CZE,"Chlupova 1799, 155 00 Praha 13-Stodůlky, Česko",14.3232865,50.0429217
CZE,"Bubenečská 308/13, 160 00 Praha 6-Bubeneč, Česko",14.4039622,50.0993217
CZE,"Zdíkovská 2998, 150 00 Praha 5-Smíchov, Česko",14.3680198,50.0769363
CZE,"Komenského 99, 252 28 Černošice, Česko",14.3221648,49.9629058
CZE,"Na Kačerově 447/7, 141 00 Praha 4-Michle, Česko",14.4621093,50.0453026
CZE,"Nerudova 541, 252 63 Roztoky, Česko",14.3903432,50.1613111
CZE,"Gorkého 1614, Horní Litvínov, 436 01 Litvínov, Česko",13.6232583,50.6080437
CZE,"Paťanka 2614, 160 00 Praha 6-Dejvice, Česko",14.3902416,50.1126178
CZE,"nám. Na Santince 5, 160 00 Praha 6-Dejvice, Česko",14.3868007,50.1071264
CZE,"Lysolajská 891, 252 62 Horoměřice, Česko",14.3509459,50.1325391
CZE,"K Rozvodně, 154 00 Praha-Slivenec, Česko",14.3541816,50.014764
CZE,"Klausova 2448, 155 00 Praha 13, Česko",14.3417775,50.0352165
CZE,"Čapkova 2035, Horní Litvínov, 436 01 Litvínov, Česko",13.6147794,50.5967054
CZE,"Jugoslávská 2736, 415 01 Teplice, Česko",13.8221896,50.6296942
CZE,"M. Švabinského 664, 418 01 Bílina, Česko",13.7779607,50.5594987
CZE,"Viktora Huga 11, 150 00 Praha 5-Smíchov, Česko",14.4025084,50.0754818
CZE,"U Jeslí 520, Lobeček, 278 01 Kralupy nad Vltavou, Česko",14.3144038,50.2482947
CZE,"Rabasova 1068/12, 140 00 Praha 4-Krč, Česko",14.4452234,50.0432679
CZE,"821/50, Stochovská 821, 161 00 Praha 6-Ruzyně, Česko",14.3167448,50.0842933
CZE,"Radlická 751, 158 00 Praha 5-Jinonice, Česko",14.3578847,50.0489401
CZE,"Františka Malíka 973, 434 01 Most, Česko",13.6601455,50.4939283
CZE,"Na Pískách 1175/71, 160 00 Praha 6-Dejvice, Česko",14.3744317,50.1079633
CZE,"Šantrochova 1882/3, 160 00 Praha, Česko",14.3484792,50.0881618
CZE,"Bělehradská 2018, 400 11 Ústí nad Labem-město, Česko",14.0359858,50.6664013
CZE,"Loutkářská 2324/2, 169 00 Praha 6-Břevnov, Česko",14.3708335,50.0815229
CZE,"Československé armády 139, 252 30 Řevnice, Česko",14.2299926,49.9120618
CZE,"Hornická 347, 417 05 Osek, Česko",13.7048716,50.6208732
CZE,"Lhotecká 896, 252 10 Mníšek pod Brdy, Česko",14.25487,49.8707136
CZE,"Čihovice 30, 375 01 Týn nad Vltavou, Česko",14.4309539,49.2112617
CZE,"Rymaně 626, 252 10 Mníšek pod Brdy, Česko",14.2845507,49.8577059
CZE,"Školní 80, Strakonice II, 386 01 Strakonice, Česko",13.9076548,49.2581625
CZE,"Bezručova 928, Město, 266 01 Beroun, Česko",14.0688627,49.9664641
CZE,"Hora Svatého Šebestiána 88, 431 82 Hora Svatého Šebestiána, Česko",13.2513946,50.5116926
CZE,"Trocnovská 684, 373 12 Borovany, Česko",14.642395,48.896862
CZE,"Lidická 625, 386 01 Strakonice, Česko",13.9104525,49.2656849
CZE,"397 01 Kestřany, Česko",14.0742025,49.2688983
CZE,"V Zahradách 1874, 266 01 Beroun, Česko",14.0713912,49.9667185
CZE,"Bedrnova 12, 150 00 Praha 5, Česko",14.3509896,50.07209
CZE,"Zachariášova 2113/3, České Budějovice 3, 370 04 České Budějovice, Česko",14.4703912,48.9874938
CZE,"Vrbenská 172, České Budějovice 4, 370 01 České Budějovice, Česko",14.4915593,48.9759241
CZE,"U Parku 1610, 373 41 Hluboká nad Vltavou, Česko",14.435202,49.0580181
CZE,"Stodůlecká 27, 158 00 Praha 5, Česko",14.3629875,50.0486127
CZE,"Dříteň 61, 373 51 Dříteň, Česko",14.3451009,49.1426591
CZE,"Oblouková 1476, 252 19 Rudná, Česko",14.224899,50.0257963
CZE,"Plzeňská 48, 267 53 Žebrák, Česko",13.8932271,49.8742933
CZE,"Ke škole 1390, 252 10 Mníšek pod Brdy, Česko",14.2622125,49.8626715
CZE,"272 01 Kladno, Česko",14.096664,50.148225
CZE,"Na Výsluní 291, Levín, 267 01 Králův Dvůr, Česko",14.0123719,49.9336609
CZE,"Fričova 1240, 263 01 Dobříš, Česko",14.1700614,49.7773172
CZE,"Střední 2121, 252 28 Černošice, Česko",14.328108,49.9478513
CZE,"Jaroslava Šípka 202, 273 03 Stochov, Česko",13.9577965,50.1467959
CZE,"Sanatorium 110, 262 04 Nová Ves pod Pleší, Česko",14.2861785,49.8343171
CZE,"Slunečná 358, 262 23 Jince, Česko",13.9771088,49.7853686
CZE,"Vl. Vančury 1154, Beroun-Město, 266 01 Beroun, Česko",14.055124,49.9577959
CZE,"750, Studentská, 436 01 Litvínov, Česko",13.6044197,50.5985773
CZE,"U Věžových domů 2934/5, 434 01 Most, Česko",13.6392796,50.49831
CZE,"Šumavské Hoštice 22, 384 71 Šumavské Hoštice, Česko",13.872341,49.0396555
CZE,"70, 345 20 Domažlice, Česko",13.7457695,49.4605489
CZE,"Pražská 27, 263 01 Dobříš, Česko",14.1748004,49.7812758
CZE,"J. K. Tyla 1121, 431 11 Jirkov, Česko",13.4466509,50.4922916
CZE,"Jiráskova 602, 268 01 Hořovice, Česko",13.9071483,49.8357282
CZE,"Erbenova 1810, 397 01 Písek, Česko",14.1549501,49.3134529
CZE,"Růžový vrch 79, 435 46 Hora Svaté Kateřiny, Česko",13.4372171,50.6053324
CZE,"J. Suka 1860, 415 01 Teplice, Česko",13.8428111,50.639063
CZE,"Masarykovo nám. 436 01, 436 01 Litvínov, Česko",13.6147766,50.5990031
CZE,"Pod Malsičkou 598, 387 01 Volyně, Česko",13.8839999,49.1643032
CZE,"Holárkovy sady 2386, 440 01 Louny, Česko",13.795656,50.3520567
CZE,"90/49, Lannova tř., 370 01 České Budějovice, Česko",14.4854733,48.9748578
CZE,"Jírovcova 61, 370 04 České Budějovice, Česko",14.4778902,48.9844298
CZE,"nám. Dr. E. Beneše 1772, 431 11 Jirkov, Česko",13.4478992,50.499658
CZE,"Denisova 86, Řetenice, 415 03 Teplice, Česko",13.8087727,50.6391385
CZE,"Fráni Šrámka 3/31, 370 01 České Budějovice, Česko",14.4783254,48.981945
CZE,"Špitálská 284, 390 01 Tábor, Česko",14.6589572,49.4153213
CZE,"Smetanova 902/II, 389 01 Vodňany, Česko",14.1713806,49.1465474
CZE,"Březenecká 4808, 430 04 Chomutov, Česko",13.4117951,50.4737233
CZE,"Dánská 2344, 272 01 Kladno, Česko",14.1209273,50.1314892
CZE,"Pražská 26, 273 51 Unhošť, Česko",14.1340295,50.0852478
CZE,"Komenského 220/50, České Budějovice 7, 370 01 České Budějovice, Česko",14.4731847,48.9639295
CZE,"nám. Přátelství 666, Prachatice II, 383 01 Prachatice, Česko",13.9979801,49.0193687
CZE,"Pražská tř. 2237, 370 04 České Budějovice, Česko",14.4693862,48.9838299
CZE,"Čechova 785, 274 01 Slaný, Česko",14.0799071,50.2348998
CZE,"Palackého 4057, 430 01 Chomutov, Česko",13.4162385,50.4585703
CZE,"Jos. Písaříka 1542, 272 01 Kladno, Česko",14.1113565,50.1446121
CZE,"Plzeňská 3102, Kročehlavy, 272 01 Kladno, Česko",14.0983563,50.1356029
CZE,"Lety 15, 398 04 Lety, Česko",14.0902381,49.515942
CZE,"Radomyšlská 336, 386 01 Strakonice, Česko",13.9070417,49.2655538
CZE,"Tyršova 58, Beroun-Město, 266 01 Beroun, Česko",14.0706515,49.9592937
CZE,"Lesní 199, 270 61 Lány, Česko",13.940726,50.1201799
CZE,"Klicperova, 269 01 Rakovník, Česko",13.725156,50.1033691
CZE,"Mladý Smolivec 80, 335 01 Mladý Smolivec, Česko",13.7487318,49.5279322
CZE,"Bohosudovská 111, Sobědruhy, 415 10 Teplice, Česko",13.8496278,50.6584132
CZE,"Stradovská 392, 403 39 Chlumec, Česko",13.9318629,50.6971179
CZE,"Český Krumlov 1, 381 01 Český Krumlov, Česko",14.3115561,48.8029527
CZE,"Březová 370/33, 405 02 Děčín-Staré Město, Česko",14.217405,50.772536
CZE,"Kollárova 596, Maršov, 417 42 Krupka, Česko",13.883578,50.6838293
CZE,"Slupečná 104, 382 78 Lipno nad Vltavou, Česko",14.2191008,48.6415994
CZE,"Stará 2550/92, 400 11 Ústí nad Labem-město, Česko",14.0279481,50.6742109
CZE,"Františka Antonína Gerstnera 1735, 370 01 České Budějovice, Česko",14.471274,48.9719856
CZE,"Bujanov 26, 382 41 Bujanov, Česko",14.473683,48.7102884
CZE,"Sídl. I 42, 403 32 Povrly, Česko",14.1544647,50.6704412
CZE,"Otakarova 2696/20, 370 01 České Budějovice, Česko",14.4802474,48.9781644
CZE,"Svobody 1018, Třeboň II, 379 01 Třeboň, Česko",14.7613158,49.0029181
CZE,"Masarykovo nám. 96, 250 01 Brandýs nad Labem-Stará Boleslav, Česko",14.659289,50.1855868
CZE,"Děčínská 363, 470 06 Česká Lípa, Česko",14.5288834,50.6862816
CZE,"Poláčkova 3236, 400 11 Ústí nad Labem-Severní Terasa, Česko",14.0509455,50.6746808
CZE,"Školní 1431, 405 02 Děčín, Česko",14.1865156,50.7611767
CZE,"Krupská 10/15, 415 01 Teplice, Česko",13.8254788,50.6412736
CZE,"Havlíčkova 426/5, 470 01 Česká Lípa, Česko",14.5335965,50.6875543
CZE,"Sídliště 684, 374 01 Trhové Sviny, Česko",14.6334619,48.841659
CZE,"Brněnská 1063, 400 01 Ústí nad Labem-město-Ústí nad Labem-centrum, Česko",14.0336049,50.6609281
CZE,"Edisonova 429, 109 00 Praha-Petrovice, Česko",14.556675,50.0357925
CZE,"K. Poláčka 1301/5, 470 01 Česká Lípa, Česko",14.543537,50.6762806
CZE,"U Sv. Jána 426, Dolní Jirčany, 252 44 Psáry, Česko",14.519212,49.9517272
CZE,"Holečkova 381, 460 07 Liberec, Česko",15.0414918,50.7521807
CZE,"Klaudiánova 124, 293 01 Mladá Boleslav, Česko",14.9049366,50.4136159
CZE,"Krásnolipská 540, 408 01 Rumburk, Česko",14.5523065,50.9474252
CZE,"Dobrovského 1402, 405 02 Děčín, Česko",14.2134527,50.7825277
CZE,"Hamplova 129, 277 11 Neratovice, Česko",14.5163823,50.2615847
CZE,"Tyršova stezka 50, Kokonín, 468 01 Jablonec nad Nisou, Česko",15.177368,50.6996207
CZE,"Školní 1805, 413 01 Roudnice nad Labem, Česko",14.2451672,50.4210853
CZE,"Sportovní 2940, 276 01 Mělník, Česko",14.4917202,50.3459745
CZE,"Libchavská 107, Dolní Libchava, 470 01 Česká Lípa, Česko",14.5099284,50.6887235
CZE,"Jindřichovská 220, 466 02 Jablonec nad Nisou, Česko",15.1865501,50.7352875
CZE,"Dělnická 325, 473 01 Nový Bor, Česko",14.5588997,50.7582662
CZE,"Školní 176, 373 24 Římov, Česko",14.4887283,48.8575179
CZE,"Terezín 73, 412 01 Terezín, Česko",14.1133243,50.5028442
CZE,"Nemocniční 107, 276 01 Mělník, Česko",14.4859561,50.3477058
CZE,"Pod návsí 11/2, 196 00 Praha-Čakovice, Česko",14.5212328,50.1510975
CZE,"28. října 55, 261 01 Příbram, Česko",13.9985692,49.6810909
CZE,"17. listopadu 233/41, 251 01 Říčany, Česko",14.659418,49.9947743
CZE,"Štítného 975, 280 02 Kolín, Česko",15.2047377,50.0323652
CZE,"Baarova 374/2, 412 01 Litoměřice-Předměstí, Česko",14.1412542,50.5379721
CZE,"Dr. E. Beneše 694/694, Lobeček, 278 01 Kralupy nad Vltavou, Česko",14.3119457,50.2494554
CZE,"Beranových 65, 199 00 Praha 9, Česko",14.514998,50.1348056
CZE,"Zámecká 109, 250 90 Jirny, Česko",14.6965502,50.1162184
CZE,"Na Vyhlídce 66, 190 00 Praha 9-Prosek, Česko",14.4931179,50.1170602
CZE,"Květnová 553/52, 182 00 Ďáblice, Česko",14.476997,50.1424461
CZE,"Bří Čapků 278, 261 01 Příbram, Česko",13.9981249,49.676806
CZE,"Františky Skaunicové 17, 615 00 Brno-Židenice, Česko",16.6443472,49.2043309
CZE,"Jihlavská 20, 625 00 Bohunice, Česko",16.5777299,49.1765202
CZE,"Antonína Slavíka 1316, 602 00 Brno-sever, Česko",16.6149291,49.204823
CZE,"Šafaříkova 1070, 264 01 Sedlčany, Česko",14.4237686,49.6582289
CZE,"Stamicova 571, Brno-Kohoutovice, 623 00 Brno, Česko",16.5392985,49.1964672
CZE,"Horákova 6, 616 00 Brno-Žabovřesky, Česko",16.576799,49.2081255
CZE,"Hornoměstská 418/14, 594 01 Velké Meziříčí, Česko",16.0090576,49.356038
CZE,"Sinkulova 70, 147 00 Praha 4, Česko",14.4238928,50.0584697
CZE,"Dobrovského 1217, 413 01 Roudnice nad Labem, Česko",14.274459,50.4254864
CZE,"Havlíčkova, 280 02 Kolín, Česko",15.2162006,50.0184336
CZE,"Brandýská 477/19, 277 13 Kostelec nad Labem, Česko",14.5873176,50.2242639
CZE,"Svitavská 836, 614 00 Brno-sever, Česko",16.6267523,49.208029
CZE,"Šafaříkova 419, 264 01 Sedlčany, Česko",14.4231503,49.6578796
CZE,"Keltská 92, Lhota, 252 41 Dolní Břežany, Česko",14.4353819,49.9578969
CZE,"Švendova 1129, 500 03 Hradec Králové, Česko",15.8422362,50.2123765
CZE,"Rokycanova 530, 615 00 Brno-Židenice, Česko",16.6419561,49.1981773
CZE,"Ladova 428, 412 01 Litoměřice, Česko",14.1289101,50.547151
CZE,"Ladova 339, 411 18 Budyně nad Ohří, Česko",14.1298221,50.4027733
CZE,"Hradební 67, Příbram I, 261 01 Příbram, Česko",14.0092855,49.6908302
CZE,"Libušina 1067, 413 01 Roudnice nad Labem, Česko",14.2492593,50.4195934
CZE,"Nálepkova 882, 637 00 Brno-Jundrov, Česko",16.5543198,49.2088561
CZE,"Točitá 1752/40, 140 00 Praha 4, Česko",14.4349962,50.0382326
CZE,"Drdy 626, 641 00 Brno-Žebětín, Česko",16.4871124,49.2105248
CZE,"Na Valech 480, 412 01 Litoměřice, Česko",14.1320773,50.5364421
CZE,"Spojovací 188, 250 73 Radonice, Česko",14.6086953,50.1420253
CZE,"Heyrovského 32, 635 00 Brno-Bystrc, Česko",16.5268403,49.2277613
CZE,"Vítkova 8, 186 00 Praha 8-Karlín, Česko",14.4461929,50.0902495
CZE,"26, Českolipská 621/26, Prosek, 190 00 Praha 9, Česko",14.4990639,50.1246419
CZE,"Tyršova 14, 612 00 Brno-Královo Pole, Česko",16.5894189,49.2240846
CZE,"Sovova 2, 412 01 Litoměřice, Česko",14.1314257,50.5368878
CZE,"Budeničky 33, 273 72 Šlapanice, Česko",14.1016854,50.3176171
CZE,"V Zátiší 2948, 276 01 Mělník, Česko",14.4679803,50.3723546
CZE,"Obříství 101, 277 42 Obříství, Česko",14.478545,50.2927036
CZE,"Svobody 1109, 379 01 Třeboň, Česko",14.756702,49.0042589
CZE,"Husova tř. 685/17, České Budějovice 2, 370 05 České Budějovice, Česko",14.4612187,48.9779521
CZE,"Na Okraji, 250 01 Brandýs nad Labem-Stará Boleslav, Česko",14.6477464,50.1753087
CZE,"6, V Lukách 272, 250 64 Měšice, Česko",14.5134183,50.1977748
CZE,"Vojanova 178, Dolní Oldřichov, 405 02 Děčín, Česko",14.1811733,50.7808801
CZE,"V Lánech 388, 250 64 Měšice, Česko",14.524347,50.205014
CZE,"Poláčkova 3251, 400 11 Ústí nad Labem-Severní Terasa, Česko",14.051233,50.6752643
CZE,"Květnová 37, Lobkovice, 277 11 Neratovice, Česko",14.5338551,50.2525217
CZE,"nám. Gen. Swierczewského 2598, 276 01 Mělník, Česko",14.4895668,50.3455631
CZE,"Ukrajinská 9, 101 00 Praha 10-Vršovice, Česko",14.4506743,50.0652796
CZE,"Olbramovice 158, 259 01 Olbramovice, Česko",14.64059,49.6731666
CZE,"U Pivovaru 2304, 256 01 Benešov, Česko",14.6895244,49.7783255
CZE,"Alešova 293/3, České Budějovice 6, 370 01 České Budějovice, Česko",14.4798681,48.9707142
CZE,"Kpt. Jaroše 232, 277 11 Neratovice, Česko",14.5221647,50.2588322
CZE,"P. Bezruče, 182 00 Praha 8, Česko",14.4598528,50.131349
CZE,"Mratínská 562, 250 65 Bašť, Česko",14.480067,50.2040722
CZE,"Dobrovodská 163, České Budějovice 4, 370 01 České Budějovice, Česko",14.4903972,48.9760433
CZE,"Měšická 805, 250 65 Bašť, Česko",14.4883059,50.2026031
CZE,"Kokořínská 3566, 276 01 Mělník, Česko",14.4969858,50.3535653
CZE,"Javorská 208, 259 01 Votice, Česko",14.6442727,49.6399559
CZE,"Nové Domovy 221, 382 41 Kaplice, Česko",14.4887753,48.7393086
CZE,"Okružní 671, 250 85 Bašť, Česko",14.4893357,50.2032682
CZE,"E. Krásnohorské, 407 01 Jílové, Česko",14.116722,50.7658802
CZE,"Bechlejovice, 405 02 Děčín, Česko",14.2385948,50.7587994
CZE,"Hlávkova 1454, 415 01 Teplice, Česko",13.8420863,50.6569207
CZE,"Karla Čapka 2020, 415 01 Teplice, Česko",13.836959,50.6446715
CZE,"Bezručova 141, 411 48 Křešice, Česko",14.2195783,50.5212597
CZE,"Jaselská 354, 415 03 Teplice, Česko",13.8070164,50.6360088
CZE,"Pokratická 545, Pokratice, 412 01 Litoměřice, Česko",14.125982,50.5497861
CZE,"Neklanova 1806, 413 01 Roudnice nad Labem, Česko",14.2457903,50.4203656
CZE,"Na Libuši 859, 391 65 Bechyně, Česko",14.4789484,49.3007584
CZE,"Miličín 170, 257 86 Miličín, Česko",14.6607389,49.5720903
CZE,"Hradební 3182, 390 01 Tábor, Česko",14.6562579,49.4117056
CZE,"nám. Mikuláše z Husi 40, 390 01 Tábor, Česko",14.656028,49.4143143
CZE,"Kpt. Jaroše 2000, 390 03 Tábor, Česko",14.6538447,49.4179111
CZE,"Příběnická 1435, 390 01 Tábor, Česko",14.6535354,49.4105562
CZE,"Na Radouči 1400, 293 01 Mladá Boleslav, Česko",14.902423,50.4258989
CZE,"Průběžná 303, 251 67 Pyšely, Česko",14.6795339,49.8736146
CZE,"Nová 67, Čejetice, 293 01 Mladá Boleslav, Česko",14.8861304,50.4134445
CZE,"nám. Míru 14, 293 01 Mladá Boleslav, Česko",14.9074502,50.412524
CZE,"Táborská 882/41, Mladá Boleslav III, 293 01 Mladá Boleslav, Česko",14.9167863,50.4126829
CZE,"Rakouská 546, 289 24 Milovice, Česko",14.8692829,50.22376
CZE,"Jidaška, 251 64 Mnichovice, Česko",14.7326932,49.934958
CZE,"Čistá 183, 294 23 Čistá, Česko",14.8418414,50.4721998
CZE,"Maršíkova 288/8, 460 06 Liberec-Vratislavice nad Nisou-Rochlice, Česko",15.0598928,50.746765
CZE,"Dunovského 685, 149 00 Praha 11-Chodov, Česko",14.5040378,50.034181
CZE,"Dukelská 2190, 256 01 Benešov, Česko",14.6856808,49.7843446
CZE,"V Sadě, 258 01 Vlašim, Česko",14.8907184,49.6958312
CZE,"Rašovka, 463 12 Liberec, Česko",15.0364922,50.6950434
CZE,"Pražská 2812, 407 47 Varnsdorf, Česko",14.619825,50.907046
CZE,"Česká 617, Vesec, 463 12 Liberec, Česko",15.0628327,50.7366002
CZE,"Ringhofferova 1062, 251 68 Kamenice, Česko",14.6119352,49.9179322
CZE,"Východní 2737, 470 06 Česká Lípa, Česko",14.5542542,50.6925539
CZE,"Michalovice, 293 01 Mladá Boleslav, Česko",14.8845064,50.434674
CZE,"Mateřská škola Český Dub, Kostelní 4/4, Český Dub, 463 43, Kostelní 4, 463 43 Český Dub, Česko",14.9939843,50.6591687
CZE,"Liberecká 587, 463 34 Hrádek nad Nisou, Česko",14.853689,50.8518461
CZE,"Letná 253, 471 24 Mimoň, Česko",14.7285465,50.6652674
CZE,"Jindřichův Hradec Jindřichův Hradec - Jindřichův Hradec V, 377 01 Jindřichův Hradec, Česko",15.0005416,49.1311063
CZE,"Hráského 1016, 256 01 Benešov, Česko",14.6965839,49.7791634
CZE,"Růžová 8, Jindřichův Hradec II, 377 01 Jindřichův Hradec, Česko",15.0050715,49.1457236
CZE,"Lovosická 21, 190 00 Praha 9-Prosek, Česko",14.5023427,50.1255318
CZE,"Na Rovině 106, 104 00 Praha-Křeslice, Česko",14.5664194,50.0223165
CZE,"Jindřichův Hradec 47, 377 01 Jindřichův Hradec, Česko",14.9648246,49.1158007
CZE,"Röschova 1120, Jindřichův Hradec II, 377 01 Jindřichův Hradec, Česko",14.9979033,49.1489772
CZE,"Pražská 01, 250 82 Úvaly, Česko",14.7166961,50.0732006
CZE,"náměstí Prezidenta Masaryka 106/106, 148 00 Praha-Kunratice, Česko",14.4848932,50.0138876
CZE,"Na Vyhlídce 68, 190 00 Praha 9-Prosek, Česko",14.4932215,50.117047
CZE,"Poděbrady 132, 290 01 Křečkov, Česko",15.1123927,50.1829252
CZE,"Ocelkova 658/24, 198 00 Praha 14-Černý Most, Česko",14.5738021,50.1028992
CZE,"Růžová 39, Jindřichův Hradec II, 377 01 Jindřichův Hradec, Česko",15.0052198,49.1459885
CZE,"Modletická 1401, 149 00 Praha 11-Chodov, Česko",14.5179412,50.0243404
CZE,"Budějovická 23, 252 42 Jesenice, Česko",14.5140939,49.9678634
CZE,"Novoškolská 696/2, 190 00 Praha 9-Vysočany, Česko",14.5054364,50.1093801
CZE,"Jánská 868, Jeřáb, 460 07 Liberec, Česko",15.0536132,50.7662412
CZE,"Na Příštipku 226, 250 81 Nehvizdy, Česko",14.7275564,50.1298605
CZE,"Novoborská 10, 190 00 Praha 9, Česko",14.4977817,50.127872
CZE,"1579, Šanovská 13, 193 00 Praha 20, Česko",14.6090013,50.1022367
CZE,"České mládeže 135/151, 460 07 Liberec, Česko",15.0283182,50.7434825
CZE,"U Modré školy 1, Chodov, 149 00 Praha 11, Česko",14.5237627,50.0299879
CZE,"Netlucká 9, 107 00 Praha-Dubeč-Dubec, Česko",14.5954616,50.0602069
CZE,"Husova 500/8, 251 01 Říčany, Česko",14.672243,49.9987177
CZE,"Jansova 657, 198 00 Praha 9, Česko",14.565462,50.0922281
CZE,"Fügnerova, 250 92 Šestajovice, Česko",14.6815563,50.1050481
CZE,"Proletářská 115, 463 12 Liberec, Česko",15.055843,50.7353774
CZE,"Bolevecká 474, 109 00 Praha 15-Horní Měcholupy, Česko",14.5574495,50.0420851
CZE,"Glücksmannova 2009, 250 82 Úvaly, Česko",14.7231711,50.0963464
CZE,"Edisonova Edisonova 27/21 Praha 10, 109 00 Praha-Petrovice, Česko",14.5556528,50.0350905
CZE,"Kutnohorská 339, 280 02 Kolín, Česko",15.2035052,50.0269764
CZE,"Kardašovská 670/15, 198 00 Praha 14, Česko",14.5486967,50.1065312
CZE,"15, Na Žižkově 1201, Rochlice, 460 06 Liberec, Česko",15.0608424,50.7504407
CZE,"15/23 Pražská, 460 01, Česko",15.0571329,50.7676982
CZE,"Perucká 23, 120 00 Vinohrady, Česko",14.4421335,50.0682575
CZE,"Bohdalecká 1483, 101 00 Praha 10-Vršovice, Česko",14.4697479,50.059548
CZE,"Ševce Matouše 28, 140 00 Praha 4, Česko",14.4469379,50.0398195
CZE,"Novostrašnická 1203, 100 00 Strašnice, Česko",14.5086141,50.0751353
CZE,"Orlická 2188, 251 01 Říčany, Česko",14.6507824,49.9885157
CZE,"Puškinova 511, Doubí, 463 12 Liberec, Česko",15.031727,50.7317933
CZE,"468 71 Lučany nad Nisou, Česko",15.2288383,50.7378415
CZE,"Josefa Bíbrdlíka 91, 149 00 Praha 4, Česko",14.545614,50.014978
CZE,"Horova 973, Staré Město, 460 01 Liberec, Česko",15.0770649,50.7791595
CZE,"806/, Herdovská 1, 198 00 Praha 9 - Kyje, Česko",14.5354582,50.0942038
CZE,"Na Výsluní 361, 293 06 Kosmonosy, Česko",14.9045518,50.449205
CZE,"Národních hrdinů 3, 190 12 Praha 9 - Dolní Počernice, Česko",14.5803649,50.0879901
CZE,"S. K. Neumanna 285, 293 01 Mladá Boleslav, Česko",14.9160446,50.4146273
CZE,"Obruby 91, 294 03 Obruby, Česko",15.0833055,50.4626348
CZE,"Budovcova 1314, 460 01 Liberec, Česko",15.0563159,50.7766212
CZE,"Hodkovická 304/46, Rochlice, 460 06 Liberec, Česko",15.0594643,50.7429963
CZE,"Novákova 1143, 293 01 Mladá Boleslav, Česko",14.9239784,50.4136858
CZE,"A. Dvořáka 2234, 511 01 Turnov, Česko",15.156825,50.585886
CZE,"Na Osadě 279, 511 01 Turnov, Česko",15.1499469,50.5948031
CZE,"Vřesová 1101, 250 82 Květnice, Česko",14.6887042,50.0668089
CZE,"Obchodní 106, 251 01 Čestlice, Česko",14.5767499,50.0000891
CZE,"Tuklatská 3, 100 00 Strašnice, Česko",14.4992894,50.0781502
CZE,"Světická 1229/8, 100 00 Strašnice, Česko",14.5004326,50.0661815
CZE,"250 84 Sibřina, Česko",14.6659638,50.063488
CZE,"Jindřichův Hradec, Jindřichův Hradec - Jindřichův Hradec V, Česko",15.0005064,49.1312129
CZE,"51, Konojedská 1596, Strašnice, 100 00 Praha, Česko",14.5099624,50.064367
CZE,"K Lesoparku, 102 00 Praha 15, Česko",14.5389041,50.0462912
CZE,"Bezdrevská 198 00, 198 00 Praha 14, Česko",14.5581481,50.0856816
CZE,"Chmelová 2921/8, 106 00 Praha 10, Česko",14.4980588,50.0588854
CZE,"Přátelství 684, 104 00 Praha 22-Uhříněves, Česko",14.6052814,50.0303497
CZE,"Přízemí bytového domu Zahradnická 1723/A Brandýs nad Labem – Stará Boleslav, 250 01 Brandýs nad Labem-Stará Boleslav, Česko",14.6527709,50.185716
CZE,"Hulická 980, 190 16 Praha 21, Česko",14.6657178,50.076497
CZE,"Vlárská 1443/8, 104 00 Praha 10-Uhříněves, Česko",14.5817365,50.0326537
CZE,,14.9413995,50.4380709
CZE,"Röschova 1120, 377 01 Jindřichův Hradec, Česko",14.9975071,49.1488722
CZE,"Kladruby 30, 258 01 Kladruby, Česko",14.9601569,49.7216222
CZE,"Jáchymova 209, Jindřichův Hradec III, 377 01 Jindřichův Hradec, Česko",15.0101448,49.1403289
CZE,"Bezručova 31, 251 01 Říčany, Česko",14.6775464,49.9953193
CZE,"Hrádek nad Nisou 327, 463 34 Hrádek nad Nisou, Česko",14.9170143,50.8549012
CZE,"Palackého 721, 543 01 Vrchlabí, Česko",15.6114155,50.6203594
CZE,"Pasecká 23, 466 02 Jablonec nad Nisou, Česko",15.1839072,50.7283507
CZE,"Obchodní 606, 460 11 Liberec 11, Česko",15.0225093,50.7744043
CZE,"Terronská 1054, 460 01 Liberec, Česko",15.0682703,50.7798534
CZE,"1700, Osvobození, 393 01 Pelhřimov, Česko",15.2095333,49.4373903
CZE,"J. Haška 615, 584 01 Ledeč nad Sázavou, Česko",15.2771096,49.6935673
CZE,"Batelovská, 588 56 Telč, Česko",15.4452199,49.1922079
CZE,"Terronská 5, 460 01 Liberec, Česko",15.0685247,50.7798522
CZE,"Horská 482, 541 01 Trutnov, Česko",15.903423,50.5667028
CZE,"Jabloňová 446, 460 01 Liberec, Česko",15.0449707,50.7827627
CZE,"Krakonošova 453, 460 14 Liberec, Česko",15.0776762,50.7938926
CZE,"Václavské nám. 48, 280 02 Nová Ves I, Česko",15.1439733,50.0509544
CZE,"Mostní 73, 280 02 Kolín, Česko",15.2041758,50.0282526
CZE,"Tyršova 265/48, 286 01 Čáslav, Česko",15.3948678,49.9142842
CZE,"U Jelena 489, 284 01 Kutná Hora, Česko",15.272179,49.9481393
CZE,"Václavské nám. 275/4, 284 01 Kutná Hora, Česko",15.2668008,49.9507975
CZE,"Lorecká 35/13, Hlouška, 284 01 Kutná Hora, Česko",15.270255,49.9535443
CZE,"K Jatkám 982, 281 63 Kostelec nad Černými lesy, Česko",14.8601619,49.989838
CZE,"Komenského nám. 130/2, 286 01 Čáslav, Česko",15.391146,49.908396
CZE,"U Školky 340, 284 01 Kutná Hora, Česko",15.260073,49.9469849
CZE,"Libčany 27, 503 22 Libčany, Česko",15.691928,50.192061
CZE,"Jabloňová 445, 460 01 Liberec, Česko",15.0446697,50.7825977
CZE,"Pekárenská 468, 513 01 Semily, Česko",15.3264263,50.6047489
CZE,"Arbesova 3779, 466 04 Jablonec nad Nisou, Česko",15.1672214,50.7448375
CZE,"Nová Pasířská 3825, 466 01 Jablonec nad Nisou, Česko",15.1637723,50.7237602
CZE,"Srbská 1213, 612 00 Brno-Královo Pole, Česko",16.5887508,49.2261802
CZE,"Vážného 2091/15, 621 00 Brno-Řečkovice a Mokrá Hora, Česko",16.5817789,49.249141
CZE,"Zámecká 223/10, 466 06 Jablonec nad Nisou, Česko",15.1755553,50.7068638
CZE,"Proletářská, Doubí, 463 12 Liberec-Vratislavice nad Nisou, Česko",15.0537289,50.7357757
CZE,"281 30 Ohaře, Česko",15.294875,50.0963962
CZE,"J. Hory 4097, Mšeno nad Nisou, 466 04 Jablonec nad Nisou, Česko",15.1699367,50.7367034
CZE,"Vrchlického sad 1894, 602 00 Brno-střed, Česko",16.6125596,49.204699
CZE,"tř. Spojenců 593, 779 00 Olomouc, Česko",17.2456475,49.5934185
CZE,"90, Veslařská 579, 637 00 Brno-Jundrov, Česko",16.5578609,49.2057084
CZE,"Gustava Broma 189/35, 612 00 Brno-Královo Pole, Česko",16.6094624,49.2320703
CZE,"Unnamed Road, 635 00, Brno-Bystrc, Česko",16.5174629,49.221201
CZE,"Padochov 160, 664 91 Oslavany, Česko",16.3527671,49.1344591
CZE,"Melantrichova 3697, 796 01 Prostějov, Česko",17.0955054,49.4738897
CZE,"J. Palacha 530 02, 530 02 Pardubice V, Česko",15.7707299,50.0252775
CZE,"Poděbradova 665, Pražské Předměstí, 500 02 Hradec Králové, Česko",15.8108202,50.2048278
CZE,"sídl. Svobody 3577, 796 01 Prostějov, Česko",17.0957482,49.4711775
CZE,"V Opletkách 247, Kolín IV, 280 02 Kolín, Česko",15.2060949,50.0228342
CZE,"Štefáčkova 15, 628 00 Brno-Líšeň, Česko",16.6702516,49.2056979
CZE,"Jakuba Obrovského 228, 635 00 Brno-Bystrc, Česko",16.5328025,49.2260905
CZE,"Štefánikova 1, 602 00 Brno-střed, Česko",16.6038421,49.2080562
CZE,"Platanová 653, Benátky nad Jizerou II, 294 71 Benátky nad Jizerou, Česko",14.8239851,50.2835772
CZE,"Všestary 94, (budova sokolovny u koupaliště), 503 12 Všestary, Česko",15.7556751,50.2592722
CZE,"Dukelská 220, 533 41 Lázně Bohdaneč, Česko",15.6815441,50.0723994
CZE,"Erno Košťála 870, 530 12 Pardubice III, Česko",15.811099,50.0426765
CZE,"Zahradnického 2867, 580 01 Havlíčkův Brod, Česko",15.5721099,49.6109834
CZE,"Rubešovo nám. 171, 580 01 Havlíčkův Brod, Česko",15.5811158,49.6076874
CZE,"Tyršova 1500, 289 23 Milovice, Česko",14.8635122,50.2314687
CZE,"B. Němcové 444, 380 01 Dačice, Česko",15.4268922,49.0832288
CZE,"Riegrova 2837, 586 01 Jihlava, Česko",15.5936124,49.4128386
CZE,"Sokolská 163, 380 01 Dačice, Česko",15.434319,49.0819752
CZE,"6, Seifertova 1423, 586 01 Jihlava, Česko",15.5823838,49.3939237
CZE,"Školní 594, 396 01 Humpolec, Česko",15.3545243,49.5401709
CZE,"U Dlouhé stěny 50, 586 01 Jihlava, Česko",15.5973172,49.3911289
CZE,"Palackého 5445/86, 466 04 Jablonec nad Nisou, Česko",15.1597045,50.7437629
CZE,"Rantířovská 4375, 586 01 Jihlava, Česko",15.5648514,49.3952172
CZE,"Svatopluka Čecha 266, Valdické Předměstí, 506 01 Jičín, Česko",15.3598748,50.4378805
CZE,"282 01, Český Brod, Česko",14.8432109,50.0883712
CZE,"Ruská 54, Pražské Předměstí, 506 01 Jičín, Česko",15.34749,50.43514
CZE,"Spojovací 140, 290 01 Písková Lhota, Česko",15.0644377,50.131883
CZE,"Studentská 201, Poděbrady II, 290 01 Poděbrady, Česko",15.1182022,50.146171
CZE,"Ve Višňovce 142, Litol, 289 22 Lysá nad Labem, Česko",14.8522531,50.1862305
CZE,"Jízdecká 231, 288 02 Nymburk, Česko",15.0412742,50.1875766
CZE,"K Blahobytu 727, 530 02 Pardubice V-Zelené Předměstí, Česko",15.7744469,50.0239224
CZE,"Labská, 530 02 Pardubice I, Česko",15.7780318,50.04296
CZE,"Husova 163/90, Poděbrady II, 290 01 Poděbrady, Česko",15.1109725,50.1491945
CZE,"Pod Břízkami 800, 530 02 Pardubice V, Česko",15.7750979,50.0205776
CZE,"Jaroslava Haška 835, Nové Dvory, 674 01 Třebíč, Česko",15.8831459,49.2240703
CZE,"Velké nám. 134, 500 03 Hradec Králové, Česko",15.8351448,50.2100188
CZE,"Obránců míru 491, 674 01 Třebíč, Česko",15.8891513,49.2171977
CZE,"F. Palackého 1241, 504 01 Nový Bydžov, Česko",15.4934783,50.24347
CZE,"Družstevní 1079, 674 01 Třebíč, Česko",15.8788921,49.2056962
CZE,"Markvartice 42, 675 22 Markvartice, Česko",15.768935,49.2010664
CZE,"Kněžice 55, 289 02 Kněžice, Česko",15.3345505,50.2560817
CZE,"Optátova 1, 637 00 Brno-Jundrov, Česko",16.5549278,49.2091757
CZE,"Starý Mateřov 117, 530 02 Pardubice, Česko",15.7161601,50.002428
CZE,"Poňava 171, 664 31 Lelekovice, Česko",16.5876751,49.289912
CZE,"P. Holého 160, 533 51 Pardubice VII, Česko",15.7350118,50.0452815
CZE,"Nádražní 981, 675 71 Náměšť nad Oslavou, Česko",16.1500142,49.2073059
CZE,"Dukovanská 973, 674 01 Třebíč, Česko",15.8881846,49.2230005
CZE,"Chrudim 60, 537 01 Chrudim, Česko",15.839564,49.957925
CZE,"Nový Rychnov 186, 394 04 Nový Rychnov, Česko",15.3650547,49.3854476
CZE,"Horní nám., 750 02 Přerov, Česko",17.4509124,49.4561311
CZE,"I.P. Pavlova 184/69, Nová Ulice, 779 00 Olomouc, Česko",17.2336644,49.5800481
CZE,"Římov 1, 675 22 Římov, Česko",15.746587,49.185963
CZE,"1. máje, 534 01 Holice, Česko",15.9746077,50.0870874
CZE,"Haškova 591 01, 591 01 Žďár nad Sázavou, Česko",15.942168,49.5551626
CZE,"Svatopluka Čecha 345, 537 01 Chrudim, Česko",15.7949937,49.9476437
CZE,"Školní 3221/10, 669 02 Znojmo, Česko",16.0422427,48.8595632
CZE,"Štefánikova 836, 602 00 Brno-střed-Veveří, Česko",16.6031358,49.2076766
CZE,"Svatopluka Čecha 2536, 669 02 Znojmo, Česko",16.0347872,48.8656299
CZE,"Švestková, 508 01 Hořice, Česko",15.6359093,50.3766143
CZE,"M. Knesla 4056, 760 01 Zlín, Česko",17.6997307,49.2254468
CZE,"Tyršovo nábř. 747, 760 01 Zlín, Česko",17.663558,49.2289713
CZE,"Budovatelská 4820, 760 01 Zlín, Česko",17.6694731,49.2339028
CZE,"Svisle 785, 750 02 Přerov, Česko",17.4595172,49.4514156
CZE,"Velké Hamry 621, 468 45 Velké Hamry, Česko",15.3114723,50.7181933
CZE,"Bezručova 590, 511 01 Turnov, Česko",15.1505215,50.5909172
CZE,"Vít. Nezvala 119, 466 02 Jablonec nad Nisou, Česko",15.1902188,50.7322235
CZE,"Evaldova 1907, 787 01 Šumperk, Česko",16.973539,49.9677384
CZE,"Tuřanka 1260/1, 627 00 Slatina, Česko",16.6881185,49.1764238
CZE,"Jakuba Obrovského 228/1a, 635 00 Brno-Bystrc, Česko",16.532925,49.2259629
CZE,"Výšinka 1931, 51101 Turnov, 511 01, Česko",15.1561945,50.582803
CZE,"Nad Řekou 560, 582 63 Ždírec nad Doubravou, Česko",15.8106494,49.6919289
CZE,"552 12 Heřmanice, Česko",15.9190215,50.3795947
CZE,"Zahradnického 2864, 580 01 Havlíčkův Brod, Česko",15.5722685,49.6115824
CZE,"Žižkov II 1352, 580 01 Havlíčkův Brod, Česko",15.5906261,49.6082745
CZE,"Příčná 191, 580 01 Havlíčkův Brod, Česko",15.5795571,49.6083295
CZE,"Bozkov 233, 512 13 Bozkov, Česko",15.3379405,50.6397762
CZE,"Vysoká nad Labem 22, 503 31 Vysoká nad Labem, Česko",15.8240057,50.1537764
CZE,"Mrštíkova 1122/40, Malšovice, 500 09 Hradec Králové, Česko",15.8579768,50.1996256
CZE,"Polní 813/4, Slezské Předměstí, 500 03 Hradec Králové, Česko",15.8508649,50.2127219
CZE,"Dr. Jana Malíka 765, 537 01 Chrudim, Česko",15.8075986,49.949963
CZE,"Tržiště 254, 582 22 Přibyslav, Česko",15.7361089,49.5787804
CZE,"Černíkovice 155, 517 04 Černíkovice, Česko",16.208847,50.188301
CZE,"Novoměstská 59, 537 01 Chrudim, Česko",15.7985888,49.9478512
CZE,"Srdínkova 596/6, 500 02 Hradec Králové, Česko",15.8203578,50.2163085
CZE,"Palackého tř. 252, 537 01 Chrudim, Česko",15.7892707,49.9499992
CZE,"Adámkova tř. 654, 539 01 Hlinsko, Česko",15.9117714,49.7633777
CZE,"Školská 225, 533 53 Pardubice VII-Ohrazenice, Česko",15.7547418,50.0654919
CZE,"Na Rybníčku 1316, 396 01 Humpolec, Česko",15.356144,49.5461554
CZE,"U Plovárny 1380, 504 01 Nový Bydžov, Česko",15.4974647,50.2422235
CZE,"Svatopluka Čecha 94, 612 00 Brno-Královo Pole, Česko",16.5864563,49.2205533
CZE,"Slunná 1138, Podklášteří, 674 01 Třebíč, Česko",15.8625944,49.2225994
CZE,"Hlavní 210, Nový Hradec Králové, 500 08 Hradec Králové, Česko",15.8498793,50.1756056
CZE,"Šafaříkova 1306, 676 02 Moravské Budějovice, Česko",15.8176297,49.052788
CZE,"Okružní 962/13, 674 01 Třebíč, Česko",15.8445035,49.2060325
CZE,"Hradecká 1152, 500 03 Hradec Králové, Česko",15.8350212,50.2044667
CZE,"Pod Loretou 460, 503 51 Chlumec nad Cidlinou, Česko",15.4607856,50.1578596
CZE,"Hradecká 1151/9, 500 03 Hradec Králové, Česko",15.8344135,50.2043605
CZE,"Dašická 1261, 530 03 Pardubice I, Česko",15.7938235,50.0363702
CZE,"Na Rozhledně 766, Chrudim IV, 537 01 Chrudim, Česko",15.7801123,49.9547834
CZE,"Zámecká 232, 514 01 Jilemnice, Česko",15.5027533,50.6119521
CZE,"Labská 1889, 530 01 Pardubice I, Česko",15.777409,50.043099
CZE,"Hakenova 637, 290 01 Poděbrady, Česko",15.1224384,50.1459389
CZE,"Mezi Mosty 2, 533 04 Sezemice, Česko",15.8486784,50.0623782
CZE,"Olbramkostel 69, 671 51 Olbramkostel, Česko",15.9484874,48.9215667
CZE,"Obroková 273, 669 02 Znojmo, Česko",16.048834,48.8557629
CZE,"Dolní Česká 345/32, 669 02 Znojmo, Česko",16.051211,48.85473
CZE,"Fügnerova 466/39, 613 00 Brno-sever-Černá Pole, Česko",16.6215369,49.2193482
CZE,"Střítež 34, 674 01 Třebíč, Česko",15.8941536,49.1927547
CZE,"Dukovany 8, 675 56 Dukovany, Česko",16.1928063,49.0800912
CZE,"Třebíčská 189, 675 71 Náměšť nad Oslavou, Česko",16.1512892,49.2079306
CZE,"Štefánikova 836, 602 00 Brno-Židenice-Veveří, Česko",16.6038404,49.2079732
CZE,"Manželů Burdychových 245, 549 41 Červený Kostelec, Česko",16.0957412,50.4724675
CZE,"Husova 75, 551 01 Jaroměř, Česko",15.9136929,50.3541241
CZE,"Běloveská 522, 547 01 Náchod, Česko",16.1797727,50.417422
CZE,"Elišky Krásnohorské 798, 544 01 Dvůr Králové nad Labem, Česko",15.8045484,50.4384614
CZE,"nám. Čsl. armády 5, 549 31 Hronov, Česko",16.1812077,50.4804777
CZE,"Třebíčská 158, 675 71 Náměšť nad Oslavou, Česko",16.1492646,49.2086757
CZE,"Krhovice 141, 671 28 Krhovice, Česko",16.1737232,48.8150392
CZE,"Pavlovská 111, 692 01 Mikulov, Česko",16.6464135,48.8131842
CZE,"Pražská tř., 500 04 Hradec Králové, Česko",15.7989931,50.2073955
CZE,"Verdek 72, 544 01 Dvůr Králové nad Labem, Česko",15.7873385,50.4460637
CZE,"U Leskavy 764/20, 625 00 Brno-Starý Lískovec, Česko",16.5693347,49.1643207
CZE,"Rumunská 1693, 669 02 Znojmo, Česko",16.040362,48.8621656
CZE,"Mírová 1487, 516 01 Rychnov nad Kněžnou, Česko",16.2839803,50.1609454
CZE,"Farská 650, 664 56 Blučina, Česko",16.6446699,49.0542493
CZE,"ulici Mánesova 145, Pražské Předměstí, 566 01 Vysoké Mýto, Česko",16.1525782,49.9531997
CZE,"Anenská 69501, 695 01 Hodonín, Česko",17.126519,48.848394
CZE,"671 78 Jiřice u Miroslavi, Česko",16.394267,48.9218074
CZE,"Dvořákova 647, 672 01 Moravský Krumlov, Česko",16.3099801,49.0461012
CZE,"Mikuláškovo nám. 576, 625 00 Brno-Starý Lískovec, Česko",16.5651103,49.1706617
CZE,"A. Slavíčka 693, 568 02 Svitavy, Česko",16.4796133,49.7467034
CZE,"35317, 592 01 Herálec, Česko",15.9931111,49.6879346
CZE,"Zámecká 1176, 570 01 Litomyšl, Česko",16.3147035,49.8714446
CZE,"Tylova 698, 560 02 Česká Třebová, Česko",16.4490311,49.8978359
CZE,"Černovír 56, 562 01 Ústí nad Orlicí, Česko",16.4261184,49.9851414
CZE,"J. Skácela 15, 568 02 Svitavy, Česko",16.4659688,49.7472814
CZE,"Vysocká 232, 591 01 Žďár nad Sázavou, Česko",15.9449518,49.5691564
CZE,"Veselská 26, Žďár nad Sázavou 1, 591 01 Žďár nad Sázavou, Česko",15.9343651,49.5600423
CZE,"Práče 11, 671 61 Práče, Česko",16.2075045,48.8758099
CZE,"Úvoz 93/1, Lány, 568 02 Svitavy, Česko",16.4798123,49.7442114
CZE,"25, 592 31 Nové Město na Moravě, Česko",16.1254933,49.5473762
CZE,"Nové Město na Moravě 143, 592 31 Nové Město na Moravě, Česko",16.0990695,49.5769397
CZE,"Božice 283, 671 64 Božice, Česko",16.2749506,48.8372778
CZE,"Slup 55, 671 28 Slup, Česko",16.2002099,48.7816351
CZE,"Herálec 350, 592 01 Herálec, Česko",15.989643,49.6896138
CZE,"Jezuitské nám. 171/1, 669 02 Znojmo, Česko",16.0475636,48.8578265
CZE,"Nový Šaldorf 96, 671 81 Znojmo, Česko",16.0650215,48.830951
CZE,"Nové Město na Moravě 98, 592 31 Nové Město na Moravě, Česko",16.0271674,49.5525577
CZE,"Voroněžská 2566, 616 00 Brno-Žabovřesky, Česko",16.5843647,49.2157882
CZE,"Hostěradice 81, 671 71 Hostěradice, Česko",16.258912,48.953269
CZE,"Bayerova 794, 602 00 Brno-střed, Česko",16.6010446,49.2078968
CZE,"Pratecká 885, 620 00 Brno-Tuřany, Česko",16.6700565,49.1473592
CZE,"Palackého Nám., 763 12 Vizovice, Česko",17.851868,49.2197808
CZE,"Šumická 727, 691 23 Pohořelice, Česko",16.5123949,48.9784009
CZE,"Poděbradova 298, 612 00 Brno-Královo Pole, Česko",16.6011502,49.2163395
CZE,"Cvrčovice 122, 691 23 Cvrčovice, Česko",16.5127393,49.000209
CZE,"Přemyslovo nám. 89/1, 627 00 Slatina, Česko",16.6884437,49.1765437
CZE,"Kožichovice 36, 674 01 Kožichovice, Česko",15.9218508,49.2000325
CZE,"10, Královopolská 142, 616 00 Brno-Žabovřesky, Česko",16.5703575,49.215221
CZE,"Habrmanova 1779, 560 02 Česká Třebová, Česko",16.4432219,49.903071
CZE,"Tuřanka 1200/2, 627 00 Slatina, Česko",16.6872296,49.17657
CZE,"Na úvoze 1550/1, 664 91 Ivančice, Česko",16.3702779,49.1054766
CZE,"Mládeže 1020, 669 02 Znojmo, Česko",16.0565457,48.8576146
CZE,"Veselá 144, 669 02 Znojmo, Česko",16.0473441,48.8569482
CZE,"nám. Republiky 877, 669 02 Znojmo, Česko",16.0541957,48.8528717
CZE,"Komenského 19, 549 01 Nové Město nad Metují, Česko",16.1503942,50.3482521
CZE,"Kamenná 184/11, 639 00 Brno, Česko",16.5938253,49.1846971
CZE,"Loucká 624/7, 669 02 Znojmo, Česko",16.0572007,48.8459814
CZE,"Na Podměstí 32, 552 03 Česká Skalice, Česko",16.0417466,50.3930678
CZE,"518 01 Dobruška, Česko",16.1623585,50.2877284
CZE,"Kainarova 2627/11, 616 00 Brno-Žabovřesky, Česko",16.57359,49.2211869
CZE,"Třebíčská, 675 74 Náměšť nad Oslavou, Česko",16.148392,49.2086716
CZE,"575, Sokolská, 547 01 Náchod, Česko",16.1566901,50.4151502
CZE,"Kuklenská 38, 615 00 Brno-Židenice, Česko",16.6330352,49.1947845
CZE,"Klicperova 2768, 738 01 Frýdek-Místek, Česko",18.357284,49.6868267
CZE,"Brožíkova 40, 738 01 Frýdek-Místek, Česko",18.3357537,49.6747167
CZE,"nám. Svobody 6, 664 42 Modřice, Česko",16.6147936,49.1273384
CZE,"Troskotovice 160, 671 78 Troskotovice, Česko",16.4377187,48.9189527
CZE,"Brněnská 973/23, 664 51 Šlapanice, Česko",16.726455,49.1667861
CZE,"Edisonova 1501/60, 700 30 Ostrava-jih-Hrabůvka, Česko",18.2565547,49.7945119
CZE,"Chřestová 17, 664 91 Ivančice, Česko",16.3810413,49.1012338
CZE,"Tovární 168, Alexovice, 664 91 Ivančice, Česko",16.357091,49.0912934
CZE,"Střední 26, 602 00 Brno-Královo Pole, Česko",16.6063786,49.2127472
CZE,"Jana Babáka 2733/11, 612 00 Brno-Královo Pole, Česko",16.5868555,49.2176766
CZE,"Na Chmelnici 1, 779 00 Olomouc, Česko",17.2378679,49.5895367
CZE,"Vítězná 1129/2A, 784 01 Litovel, Česko",17.0751815,49.7038559
CZE,"Velkomoravská 220/264, 696 18 Lužice, Česko",17.0681826,48.8360479
CZE,"Kollárova 196, 784 01 Litovel, Česko",17.0833503,49.7030684
CZE,"Šmeralova 1116, 779 00 Olomouc, Česko",17.266197,49.5925671
CZE,"tř. Míru 260/32, Neředín, 779 00 Olomouc, Česko",17.2287034,49.5967465
CZE,"Syrovická 1013, 664 61 Rajhrad, Česko",16.5927144,49.0878629
CZE,"Čajkovského 2455, 746 01 Opava, Česko",17.8837621,49.9330046
CZE,"Lužická 101, 779 00 Olomouc, Česko",17.2450409,49.5784831
CZE,"tř. Spojenců 996/16, 779 00 Olomouc, Česko",17.2459844,49.5925513
CZE,"Nedbalova 36, 779 00 Olomouc, Česko",17.1766402,49.5841498
CZE,"Odbojářů 324, 664 61 Rajhrad, Česko",16.5975882,49.0858495
CZE,"Pod lipami 19, 779 00 Olomouc, Česko",17.240171,49.5967592
CZE,"Nádražní 417, 739 11 Frýdlant nad Ostravicí, Česko",18.3565286,49.5905841
CZE,"Bohumínská 37/158, 712 00 Slezská Ostrava, Česko",18.294133,49.8554357
CZE,"Francouzská 1181, 742 21 Kopřivnice, Česko",18.1444243,49.6046495
CZE,"Hakenova 259, Slavonín, 783 01 Olomouc, Česko",17.241902,49.5598346
CZE,"Baarova, 709 00 Ostrava-Mariánské Hory a Hulváky, Česko",18.2603201,49.8319417
CZE,"Vackova 561, 612 00 Brno-Královo Pole, Česko",16.5924171,49.2208619
CZE,"Antonína Štourače 516, 593 01 Bystřice nad Pernštejnem, Česko",16.2640471,49.525737
CZE,"Režná 2, 620 00 Brno-Tuřany, Česko",16.6665107,49.1399149
CZE,"Obora 64, 679 01 Obora, Česko",16.6026008,49.4522635
CZE,"481, Nová Ves, 739 11 Frýdlant nad Ostravicí, Česko",18.3685351,49.576702
CZE,"Na Valech 36, 722 00 Ostrava-Třebovice, Česko",18.1909228,49.8365032
CZE,"Smetanova 800, 798 11 Prostějov, Česko",17.1374647,49.4799126
CZE,"Sídlištní 3969, 695 01 Hodonín, Česko",17.1353554,48.8612501
CZE,"Příčná 1604/3, 747 21 Kravaře, Česko",18.0068678,49.9268992
CZE,"Dlouhá 261/24, 793 43 Stará Ves, Česko",17.2376119,49.9584306
CZE,"Na Valech 5522, 722 00 Ostrava-Třebovice, Česko",18.1909387,49.8364796
CZE,"Pravoslava Veselého 38, 695 01 Hodonín, Česko",17.1296374,48.8572673
CZE,"Maixnerova 11, 703 00 Ostrava-Vítkovice, Česko",18.25119,49.8098618
CZE,"Eduarda Světlíka 1197, 768 24 Hulín, Česko",17.4712715,49.3129554
CZE,"Sušice 52/52, 571 01 Moravská Třebová, Česko",16.6628111,49.7725703
CZE,"Čajkovského 67, 779 00 Olomouc, Česko",17.2342204,49.5787134
CZE,"Hřbitovní 439, 793 51 Břidličná, Česko",17.3661323,49.9109753
CZE,"Kostelecká 252/6, 796 01 Prostějov, Česko",17.10857,49.4756047
CZE,"Na Bystřičce 90/24, Hodolany, 779 00 Olomouc, Česko",17.2759084,49.595477
CZE,"Husitská 356/19, Povel, 779 00 Olomouc, Česko",17.2537867,49.5836138
CZE,"Zelená 1258, 709 00 Ostrava-Mariánské Hory a Hulváky, Česko",18.2641381,49.8248553
CZE,"Tyršovo nábř. 716, 756 61 Rožnov pod Radhoštěm, Česko",18.1344213,49.4575671
CZE,"Šenovská 356, 735 41 Petřvald, Česko",18.3735625,49.8138326
CZE,"Slunná, 739 24 Krmelín, Česko",18.2213191,49.7341203
CZE,"Voskovcova 5, 779 00 Olomouc, Česko",17.2488083,49.5735088
CZE,"9, Koželužská 969, 779 00 Olomouc, Česko",17.255406,49.5972901
CZE,"Lovčičky 65, 683 54 Lovčičky, Česko",16.8521325,49.0684141
CZE,"Žilinská 1321/9, 708 00 Ostrava-Poruba, Česko",18.1846939,49.8363221
CZE,"Vídeňská 675, 779 00 Olomouc, Česko",17.248647,49.590817
CZE,"Údolní 222/5, 602 00 Brno-střed-Brno-město, Česko",16.6020904,49.1960374
CZE,"Ochoz u Brna 200, 664 02 Ochoz u Brna, Česko",16.7339412,49.2535265
CZE,"Keltičkova 51/976, 710 00 Slezská Ostrava, Česko",18.3042136,49.8412252
CZE,"U Stružníku 522/5, 736 01 Havířov, Česko",18.4567958,49.7660215
CZE,"Edisonova 520, 736 01 Havířov, Česko",18.4366874,49.7799136
CZE,"Vídeňská 7, 779 00 Olomouc, Česko",17.2486887,49.5907767
CZE,"Opavská 4472/76, 708 00 Ostrava-Poruba, Česko",18.164793,49.8358191
CZE,"25, Severovýchod 483, 789 01 Zábřeh, Česko",16.8818914,49.8867746
CZE,"Nad Porubkou 141/11, 721 00 Ostrava-Svinov, Česko",18.1897904,49.8155423
CZE,"Wolkerova 542, 563 01 Lanškroun, Česko",16.6093462,49.9146159
CZE,"Jasínkova 829/4, Přerov I-Město, 750 02 Přerov, Česko",17.4564031,49.4500068
CZE,"K Babě 605, 621 00 Brno-Medlánky, Česko",16.5735159,49.2440068
CZE,"Haškova 141/4, 638 00 Brno-sever-Lesná, Česko",16.6239642,49.2327877
CZE,"Květnická 1684, 666 01 Tišnov, Česko",16.4244789,49.354053
CZE,"Dvorská 1810/30, 678 01 Blansko, Česko",16.6516092,49.3658574
CZE,"Kavaléristů 8, 779 00 Olomouc, Česko",17.269622,49.5928035
CZE,"Sobotín 87, 788 16 Sobotín, Česko",17.0938066,50.0059664
CZE,"Lipové nám. 17, 783 36 Křelov-Břuchotín, Česko",17.2004366,49.6141059
CZE,"Družstevní 125, 788 14 Rapotín, Česko",17.0214069,49.9969788
CZE,"Rybniční 158/3, Nedvězí, 779 00 Olomouc, Česko",17.2100042,49.5584867
CZE,"Červený Potok 78, 561 69 Králíky, Česko",16.8000916,50.101515
CZE,"Šumavská 1915, 787 01 Šumperk, Česko",16.9707104,49.9698941
CZE,"nám. Míru 21-17, 787 01 Šumperk, Česko",16.96952,49.9666392
CZE,"9. května 128, 789 63 Ruda nad Moravou, Česko",16.8746479,49.9789788
CZE,"Polní 389, 789 61 Bludov, Česko",16.9243766,49.9399537
CZE,"Červená Voda 89, 561 62 Červená Voda, Česko",16.7461766,50.0175432
CZE,"Michalská 1050, 686 03 Staré Město, Česko",17.4511492,49.0768684
CZE,"Kuřimská 2, 621 00 Brno-Řečkovice a Mokrá Hora, Česko",16.5852961,49.2386568
CZE,"Suchý 63, 680 01 Suchý, Česko",16.7613743,49.4802462
CZE,"U Humpolky 1686, 666 01 Tišnov, Česko",16.4236111,49.3456413
CZE,"Husova 3590/23, 690 02 Břeclav, Česko",16.8916123,48.7573744
CZE,"U Sportovní haly 542/3, 779 00 Olomouc, Česko",17.2495526,49.6017002
CZE,"789 82 Moravičany, Česko",16.9604266,49.7569344
CZE,"Okružní 46, 789 85 Mohelnice, Česko",16.916086,49.7769824
CZE,"Masarykovo nám. 21, 680 01 Boskovice, Česko",16.658604,49.4881473
CZE,"Lidická 1863/16, 602 00 Brno-střed, Česko",16.6082597,49.201543
CZE,"Křtiny 178, 679 05 Křtiny, Česko",16.7444087,49.2965743
CZE,"Hybešova 68001, 680 01 Boskovice, Česko",16.669663,49.488463
CZE,"Havlíčkova 1017, 680 01 Boskovice, Česko",16.6625086,49.4917906
CZE,"Českých bratří 1387, 516 01 Rychnov nad Kněžnou, Česko",16.2693434,50.1654999
CZE,"Na Sídlišti 961, 693 01 Hustopeče, Česko",16.732335,48.9392406
CZE,"B. Němcové 648, 516 01 Rychnov nad Kněžnou, Česko",16.2814869,50.1680571
CZE,"Orlí 20, 602 00 Brno-střed, Česko",16.6115743,49.1936856
CZE,"Družstevní 938, 517 21 Týniště nad Orlicí, Česko",16.083117,50.1584948
CZE,"Tábor 46c, 602 00 Brno-Královo Pole, Česko",16.5940867,49.2137884
CZE,"Vamberk 77, 516 01 Vamberk, Česko",16.3111726,50.125745
CZE,"tř. 1. máje 3414, 690 02 Břeclav, Česko",16.8794497,48.7570253
CZE,"5, Karla Čapka 353, 790 01 Jeseník, Česko",17.2094529,50.22667
CZE,"Jiráskova 799, 790 01 Jeseník, Česko",17.2044592,50.2261239
CZE,"Dittersdorfova 1218, 790 01 Jeseník, Česko",17.2074245,50.2290819
CZE,"Sokolská 475, 790 84 Mikulovice, Česko",17.3205558,50.3005574
CZE,"V. Nejedlého 464, 682 01 Vyškov, Česko",16.9847621,49.3030082
CZE,"628 00 Brno-Líšeň, Česko",16.6891075,49.2076022
CZE,"Mánesova 3766, 767 01 Kroměříž, Česko",17.405132,49.2953062
CZE,"Zahradní 213, 790 55 Vidnava, Česko",17.1881246,50.3746823
CZE,"Mánesova 3880, 767 01 Kroměříž, Česko",17.4039841,49.2957349
CZE,"Kasárna, 696 81 Bzenec, Česko",17.2827082,48.9709639
CZE,"Stará Tenice 1343, 686 01 Uherské Hradiště, Česko",17.4510319,49.0716741
CZE,"Sídl. U Vodojemu 1261/18, 697 01 Kyjov, Česko",17.1342722,49.010752
CZE,"Bánov 586, 687 54 Bánov, Česko",17.7203398,48.9897838
CZE,"Školní 706, 687 62 Dolní Němčí, Česko",17.587437,48.9703353
CZE,"Olomoucká 90/90, Vsisko, 783 72 Velký Týnec, Česko",17.3060013,49.5590167
CZE,"Slovenská 3660, 760 01 Zlín, Česko",17.6808111,49.2223618
CZE,"26, Sokolská 520, Přerov I-Město, 750 02 Přerov, Česko",17.4441776,49.4611349
CZE,"Kratochvílova 134, 750 02 Přerov, Česko",17.4501259,49.4531697
CZE,"Bieblova 16, 613 00 Brno-sever, Česko",16.6187856,49.2175893
CZE,"Nádražní 829/829, 697 01 Kyjov, Česko",17.1238839,49.0134682
CZE,"Sídl. Za Stadionem 1224, 697 01 Kyjov, Česko",17.1316438,49.0164537
CZE,"Grohova 1392, 769 01 Holešov, Česko",17.5794211,49.3279185
CZE,"Štefánikova 2222, 760 01 Zlín, Česko",17.6846741,49.2243236
CZE,"Přerovská 51, 768 61 Bystřice pod Hostýnem, Česko",17.6514205,49.4032545
CZE,"Pod vinohrady 232, 751 17 Horní Moštěnice, Česko",17.4631438,49.4155729
CZE,"Slavkov 114, 687 64 Slavkov, Česko",17.6118723,48.9457255
CZE,"Mariánské nám. 141, 763 14 Zlín, Česko",17.7150783,49.2631452
CZE,"Říčanská 335, 763 12 Vizovice, Česko",17.8536376,49.2182679
CZE,"Sokolovská 76/6, 779 00 Olomouc, Česko",17.26882,49.6017401
CZE,"Kouřílkova 2, 750 02 Přerov, Česko",17.4618125,49.4486655
CZE,"Masarykova 636, 769 01 Holešov, Česko",17.5820377,49.3309092
CZE,"Malinovského 986, 684 01 Slavkov u Brna, Česko",16.878566,49.1559878
CZE,"Kavaléristů, 779 00 Olomouc, Česko",17.2696752,49.5928951
CZE,"U Trojice 336/336, 763 62 Tlumačov, Česko",17.5082281,49.2579976
CZE,"Pašovice 128, 687 56 Pašovice, Česko",17.643542,49.0809427
CZE,"Studnice 1, 683 08 Studnice, Česko",16.8808892,49.3755017
CZE,"Sochorova 588, 682 01 Vyškov, Česko",17.0033806,49.2858005
CZE,"Revoluční 103, 682 01 Vyškov, Česko",16.9812112,49.2922738
CZE,"nám. Karla IV. 4, 628 00 Brno-Líšeň, Česko",16.6941473,49.2053831
CZE,"Březnice 485, 760 01 Březnice, Česko",17.659753,49.1859575
CZE,"Zlámanec 43, 687 12 Zlámanec, Česko",17.6291837,49.1289592
CZE,"Vyškov 108, 682 01 Vyškov, Česko",16.9557327,49.302591
CZE,"Osvoboditelů 99, 767 01 Kroměříž, Česko",17.3877574,49.2800407
CZE,"Nádražní 165, 664 08 Blažovice, Česko",16.7903138,49.1644121
CZE,"Malý val 1549, 767 01 Kroměříž, Česko",17.3891357,49.2988705
CZE,"Želatovská 2617/12, 750 02 Přerov, Česko",17.4667438,49.4506321
CZE,"Tovární 732, 709 00 Ostrava-Mariánské Hory a Hulváky, Česko",18.2524467,49.8260691
CZE,"Kúty 1963/1963, 760 01 Zlín, Česko",17.6803569,49.2312958
CZE,"Rychtářov 100, 682 01 Vyškov, Česko",16.9166134,49.3293056
CZE,"Družba 1132, 768 24 Hulín, Česko",17.4707001,49.3125986
CZE,"Budovatelská 4819, 760 05 Zlín, Česko",17.6689461,49.233819
CZE,"Velké Kunětice 129, 790 52 Velké Kunětice, Česko",17.2637242,50.3212326
CZE,"Puškinova 419, 682 01 Vyškov, Česko",16.9842994,49.2779593
CZE,"Chvalkovice na Hané 11, 683 23 Ivanovice na Hané, Česko",17.1122615,49.3185726
CZE,"U Bečvy 2883, 750 02 Přerov, Česko",17.4543659,49.4560034
CZE,"Havlíčkova 1409, 769 01 Holešov, Česko",17.5677514,49.3297685
CZE,"Komenského 938, 763 26 Luhačovice, Česko",17.7528444,49.1005264
CZE,"Dědina 5, 687 22 Ostrožská Nová Ves, Česko",17.4308788,49.0013084
CZE,"Komenského 197, 790 65 Žulová, Česko",17.0962004,50.3096817
CZE,"Pionýrská 730, 792 01 Bruntál, Česko",17.4562145,49.9886168
CZE,"Míru 356/356, 790 70 Javorník, Česko",16.9972578,50.3894048
CZE,"Obchodní 1639, 688 01 Uherský Brod, Česko",17.656118,49.0274555
CZE,"Mládežnická 1321, 686 04 Kunovice, Česko",17.471005,49.0402922
CZE,"Komenského 1159, 763 61 Napajedla, Česko",17.5159394,49.1712334
CZE,"Za Alejí 1072, 686 06 Uherské Hradiště, Česko",17.4491905,49.0683442
CZE,"U Školky 2148, 688 01 Uherský Brod, Česko",17.649933,49.0152449
CZE,"J. Žižky 1356, 765 02 Otrokovice, Česko",17.5357336,49.2108345
CZE,"4931, 763 21 Slavičín, Česko",17.8452837,49.1051777
CZE,"Stará Červená Voda 158, 790 53 Stará Červená Voda, Česko",17.2011209,50.3305669
CZE,"Nádražní 279, 793 76 Zlaté Hory, Česko",17.3950187,50.2609948
CZE,"Velká Kraš 124, 790 58 Velká Kraš, Česko",17.1465584,50.3633957
CZE,"K Pasekám, 760 01 Zlín, Česko",17.6545054,49.2338357
CZE,"Uhelná 71, 790 70 Uhelná, Česko",17.0286471,50.3666661
CZE,"tř. Tomáše Bati 3244, 760 01 Zlín, Česko",17.6786701,49.2253241
CZE,"Prštné 86, 760 01 Zlín, Česko",17.6329814,49.2281509
CZE,"Lůčky 920, 68766 Strání, 687 66, Česko",17.67798,48.871733
CZE,"Primátora Hájka 2030 Uherský Brod, Česko",17.6494376,49.0225598
CZE,"Stará Červená Voda 115, 790 53 Stará Červená Voda, Česko",17.2012349,50.3303791
CZE,"Hluboká 789, 760 01 Zlín, Česko",17.6728936,49.2247521
CZE,"Bezručova, 785 01 Šternberk, Česko",17.2970564,49.7278279
CZE,"Nádražní 526, 793 76 Zlaté Hory, Česko",17.3911113,50.2605706
CZE,"Hřbitovní 483, 753 01 Hranice, Česko",17.7374939,49.5474347
CZE,"Rašínova 467, 760 01 Zlín, Česko",17.6607356,49.224762
CZE,"Koláčkovo nám. 107, 684 01 Slavkov u Brna, Česko",16.8731783,49.1535526
CZE,"Slavkov u Brna, aut. st, 684 01 Slavkov u Brna, Česko",16.8753245,49.1488467
CZE,"Ježkovice 31, 683 04 Ježkovice, Česko",16.8921969,49.2985136
CZE,"Zahradní 1139, 765 02 Otrokovice, Česko",17.510557,49.2185794
CZE,"Sušilova 36/10 Vchod z, Pivovarská, 682 01 Vyškov, Česko",16.9999572,49.2789872
CZE,"U Potoka 96, 769 01 Holešov, Česko",17.5765787,49.3329319
CZE,"Jarní 577, 682 01 Vyškov, Česko",17.0002974,49.2823754
CZE,"Hulín 105, 768 24 Hulín, Česko",17.4873776,49.2892679
CZE,"Palánek 476, Město, 682 01 Vyškov, Česko",17.0008199,49.275801
CZE,"Vápenná 449, 790 64 Vápenná, Česko",17.0989268,50.2854404
CZE,"Tyršova 307, 790 01 Jeseník, Česko",17.1941406,50.2276511
CZE,"Makarenkova 417, 790 81 Česká Ves, Česko",17.2187112,50.2498542
CZE,"Jesenická 98, 790 81 Česká Ves, Česko",17.2127273,50.2457568
CZE,"Jiráskova 1926, 794 01 Krnov, Česko",17.6915632,50.0963603
CZE,"794 01 Krnov, Česko",17.6418473,50.0935424
CZE,"96, Těšínská 42, 710 00 Slezská Ostrava, Česko",18.3037359,49.8316665
CZE,"Mladotické nábř., 763 21 Slavičín, Česko",17.8780028,49.0875219
CZE,"Bruntálská 1400, 794 01 Krnov, Česko",17.6704888,50.0856098
CZE,"Albrechtická 1702, Pod Bezručovým vrchem, 794 01 Krnov, Česko",17.6777495,50.0980477
CZE,"Husova 1439, 741 01 Nový Jičín, Česko",18.0092388,49.5908411
CZE,"Valašské Meziříčí 445, 756 63 Valašské Meziříčí, Česko",17.996061,49.491033
CZE,"Družební 1177/14, 742 21 Kopřivnice, Česko",18.1414579,49.6055507
CZE,"Horní Lhota 70, 747 64 Horní Lhota, Česko",18.0529861,49.853107
CZE,"Závodní 1889, 735 41 Petřvald, Česko",18.3837777,49.824977
CZE,"Bludovice 73, 741 01 Nový Jičín, Česko",18.0231867,49.5716404
CZE,"757 01 Valašské Meziříčí, Česko",18.0030707,49.46613
CZE,"J. K. Tyla 801, 757 01 Valašské Meziříčí, Česko",17.9726531,49.4631458
CZE,"Rajská 123/68, 715 00 Ostrava-Michálkovice, Česko",18.3564859,49.843459
CZE,"Edisonova 27, 700 30 Ostrava-jih, Česko",18.2592837,49.7946473
CZE,"Šaljapinova 5149/10, 722 00 Ostrava-Třebovice, Česko",18.1940428,49.8322542
CZE,"Šaljapinova 5513/23a, 722 00 Ostrava-Třebovice, Česko",18.1915671,49.8313702
CZE,"Pionýrská 750, 792 01 Bruntál, Česko",17.4551812,49.9889303
CZE,"Kobzáňova 1537, 755 01 Vsetín, Česko",17.9962484,49.3392384
CZE,"Beskydská 1457, 756 61 Rožnov pod Radhoštěm, Česko",18.15143,49.4661109
CZE,"Karpatská 1083/32, 700 30 Ostrava-jih-Zábřeh, Česko",18.2383663,49.8032524
CZE,"Bařiny 750, 742 66 Štramberk, Česko",18.1274419,49.5773458
CZE,"Janová 61, 755 01 Janová, Česko",18.020239,49.3122129
CZE,"Záhumenní 1353/4B, 742 21 Kopřivnice, Česko",18.1421573,49.5996226
CZE,"Olomoucká 2405, 746 01 Opava, Česko",17.8816153,49.9326601
CZE,"Pod Pecníkem 1666, 755 01 Vsetín, Česko",18.0020615,49.3343236
CZE,"Sadová 2733/4, 702 00 Moravská Ostrava a Přívoz, Česko",18.2890515,49.8477002
CZE,"U Žebračky 576/18, Přerov I-Město, 750 02 Přerov, Česko",17.4529259,49.4633264
CZE,"29. dubna 259, 700 30 Ostrava-jih-Výškovice, Česko",18.226721,49.7785962
CZE,"Wolkerova 1000/9, 743 01 Bílovec, Česko",18.0223194,49.757207
CZE,"Sadová 272, Předměstí, 746 01 Opava, Česko",17.893772,49.9468915
CZE,"Záviše Kalandry 1095, 755 01 Vsetín, Česko",17.9843579,49.3385208
CZE,"Španielova 6227/3, 708 00 Ostrava-Poruba, Česko",18.1833969,49.8287111
CZE,"Větřkovice 194, 747 43 Větřkovice, Česko",17.8205304,49.7804131
CZE,"Čkalovova 879, 708 00 Ostrava-Poruba, Česko",18.182458,49.8277498
CZE,"Tyršova 1346, 746 01 Opava, Česko",17.9030241,49.93027
CZE,"Bravinné 66, 743 01 Bílovec, Česko",17.9626273,49.7538283
CZE,"Hlučínská 496/62, 747 14 Ludgeřovice, Česko",18.2487239,49.8824325
CZE,"ve dvoře Gymnázia a ZŠ Hello, Čs. exilu 491/23, 708 00 Ostrava-Poruba, Česko",18.1692424,49.8255101
CZE,"Matrosovova 833/14, Bílovecká 303, 709 00 Ostrava, Česko",18.2033383,49.8193646
CZE,"Nerudova 1156, 735 81 Bohumín, Česko",18.3538008,49.9078144
CZE,"Palackého 1144, 768 61 Bystřice pod Hostýnem, Česko",17.6731409,49.3978497
CZE,"Nerudova 619, 757 01 Valašské Meziříčí, Česko",17.9768725,49.4690645
CZE,"Revoluční 52, 741 01 Nový Jičín, Česko",18.0173335,49.5874909
CZE,"S. K. Neumanna 608, 702 00 Moravská Ostrava a Přívoz, Česko",18.2855146,49.8380854
CZE,"Zdeňka Buriana 967, 742 21 Kopřivnice, Česko",18.1344872,49.6022881
CZE,"Šafaříkova 658, 757 01 Valašské Meziříčí, Česko",17.9804361,49.4655685
CZE,"Chodská 697, 756 61 Rožnov pod Radhoštěm, Česko",18.1331073,49.4579965
CZE,"Ostravská 307, 756 61 Rožnov pod Radhoštěm, Česko",18.1692453,49.4820999
CZE,"Beskydská 143, Žilina, 741 01 Nový Jičín, Česko",18.0257544,49.5885116
CZE,"Na Mýtě 10/1556, 700 30 Ostrava-jih, Česko",18.2691213,49.7901928
CZE,"Mlynářská 302/21, 720 00 Ostrava-Hrabová, Česko",18.2799274,49.7815342
CZE,"Kulturní 1794, 756 61 Rožnov pod Radhoštěm, Česko",18.1368352,49.465213
CZE,"č.p. 2, 742 73 Veřovice, Česko",18.1115676,49.5396116
CZE,"Neužilní 278, 739 21 Paskov, Česko",18.287448,49.7333716
CZE,"Nový Hrozenkov 736, 756 04 Nový Hrozenkov, Česko",18.1968651,49.3388368
CZE,"Dolní 404, 744 01 Frenštát pod Radhoštěm, Česko",18.2060621,49.5499587
CZE,"Sídl. 6. května 1109, 756 54 Zubří, Česko",18.0859935,49.4657872
CZE,"1. máje 1153, 756 61 Rožnov pod Radhoštěm, Česko",18.1343053,49.4628468
CZE,"Pionýrská 727, 742 21 Kopřivnice, Česko",18.1396664,49.5992177
CZE,"Jandovo stromořadí 1421, 744 01 Frenštát pod Radhoštěm, Česko",18.204908,49.5465786
CZE,"U Lesa 871, 734 01 Karviná, Česko",18.5648123,49.8504191
CZE,"Frenštátská 782, 742 58 Příbor, Česko",18.1437983,49.6321207
CZE,"Unnamed Road, 724 00 Ostrava-Nová Bělá, Česko",18.2595221,49.7725108
CZE,"Rybí 318, 742 65 Rybí, Česko",18.0686209,49.5987486
CZE,"Pionýrů 1519, 742 58 Příbor, Česko",18.1499628,49.6408168
CZE,"Komerční 704, 712 00 Slezská Ostrava, Česko",18.2990291,49.8503759
CZE,"Starobělská 6, 700 30 Ostrava-jih, Česko",18.2547279,49.8024591
CZE,"Pionýrů 767, Místek, 738 01 Frýdek-Místek, Česko",18.3407913,49.6795153
CZE,"I. Herrmanna 1550, 700 30 Ostrava-jih, Česko",18.2684782,49.7835074
CZE,"Hornosušská 20/93, 735 35 Horní Suchá, Česko",18.4763586,49.7976084
CZE,"Mostní 256, 747 05 Opava, Česko",17.8984903,49.9499688
CZE,"Otická 24, Předměstí, 746 01 Opava, Česko",17.8980052,49.9338617
CZE,"Střelniční 6, 702 00 Moravská Ostrava a Přívoz, Česko",18.2937054,49.8353263
CZE,"Nad úvozem 195, 739 61 Třinec, Česko",18.6473344,49.6790625
CZE,"Lidická 398/63, Drahovice, 360 01 Karlovy Vary, Česko",12.8906953,50.2337261
CZE,"Javorová 211, Stará Role, 360 17 Karlovy Vary, Česko",12.8301941,50.2491368
CZE,"Plzeňská 395, 364 01 Toužim, Česko",12.9908139,50.057611
CZE,"Kozácká 12, 101 00 Praha 10-Vršovice, Česko",14.4459136,50.0710339
CZE,"Lázeňská 153, 354 91 Lázně Kynžvart, Česko",12.6366562,50.0062087
CZE,"SNP 447, Lyžbice, 739 61 Třinec, Česko",18.680694,49.6687063
CZE,"Tovární 1172, 737 01 Český Těšín, Česko",18.6231596,49.7346928
CZE,"Na Zátiší 364, 733 01 Karviná, Česko",18.5858961,49.7978583
CZE,"Karola Śliwky 225/41, 733 01 Karviná, Česko",18.5456116,49.8486525
CZE,"Horní Těrlicko 232, 735 42 Těrlicko, Česko",18.4896558,49.7530614
CZE,"Božičany 76, 362 25 Božičany, Česko",12.769974,50.2581093
CZE,"Soukenická 116, 337 01 Rokycany, Česko",13.6009525,49.7436071
CZE,"Lubná 204, 270 36 Lubná, Česko",13.70376,50.076321
CZE,"V Aleji 761, Ráj, 734 01 Karviná, Česko",18.5611318,49.8506614
CZE,"Třebízského 224, 337 01 Rokycany, Česko",13.5935122,49.7445398
CZE,"Koperníkova 652, 735 53 Dolní Lutyně, Česko",18.4255878,49.8982196
CZE,"Rabí 42, okr. Klatovy, PSČ, 342 01, Česko",13.6200085,49.2801655
CZE,"Horní Bludovice 202, 739 37 Horní Bludovice, Česko",18.4380767,49.7511474
CZE,"Klicperova 1904, 269 01 Rakovník, Česko",13.7237224,50.1038113
CZE,"Habrová 8, 326 00 Plzeň 2-Slovany-Východní Předměstí, Česko",13.3867967,49.7328104
CZE,"Ulice Školní 800, 739 91 Jablunkov, Česko",18.7650551,49.574731
CZE,"M. Pujmanové 1151, 736 01 Havířov, Česko",18.3963565,49.797422
CZE,"Karola Śliwky 620, 733 01 Karviná, Česko",18.5427089,49.8557613
CZE,"Školní 231, 387 31 Radomyšl, Česko",13.9272587,49.3163705
CZE,"Sokolovská 1758, Nové Město, 735 06 Karviná, Česko",18.5433363,49.8595935
CZE,"Rychvald 1500, 73532, Česko",18.371915,49.849174
CZE,"Jana Drdy 495, 261 01 Příbram, Česko",13.9872363,49.6765195
CZE,"Sadová 139, 739 61 Třinec, Česko",18.6471743,49.6784809
CZE,"Závodní 1667, 735 06 Karviná, Česko",18.537472,49.8606562
CZE,"Horova 655/2, Ráj, 734 01 Karviná, Česko",18.5599003,49.8521185
CZE,"Lazaretní 1290, 312 00 Plzeň 4, Česko",13.4137854,49.760147
CZE,"25, Zelenohorská 195, 326 00 Plzeň 2-Slovany, Česko",13.4039659,49.7187431
CZE,"Cihelní 410, 738 01 Frýdek-Místek, Česko",18.3613383,49.6853665
CZE,"Slabce 120, 270 41 Slabce, Česko",13.7185268,49.999856
CZE,"Školní nám. 34/1, 318 00 Plzeň 3, Česko",13.3494498,49.7472367
CZE,"Jesenická 1262, 323 00 Plzeň 1, Česko",13.3724324,49.7789187
CZE,"345 22 Mnichov, Česko",12.7644473,49.4967186
CZE,"Školní 518, 431 51 Klášterec nad Ohří, Česko",13.1757107,50.3897053
CZE,"Kolmá 644/3, Město, 736 01 Havířov, Česko",18.4300818,49.7782491
CZE,"Osvobození 1218, 350 02 Cheb, Česko",12.3718395,50.0665439
CZE,"Dvořákova 692, Stará Role, 360 17 Karlovy Vary, Česko",12.8296351,50.2432969
CZE,"Blížejov 92, 346 01 Blížejov, Česko",12.9871216,49.4994513
CZE,"P. Jilemnického 1995, 347 01 Tachov, Česko",12.6256306,49.7934026
CZE,"Krušnohorská 740, Rybáře, 360 10 Karlovy Vary, Česko",12.8665904,50.238133
CZE,"Lázeňská 387, 351 35 Plesná, Česko",12.3470514,50.2221447
CZE,"26. dubna 7, 350 02 Cheb, Česko",12.3700434,50.0762335
CZE,"Kosmonautů 1881, 356 01 Sokolov, Česko",12.6666246,50.1723214
CZE,"Školní 254, 351 35 Plesná, Česko",12.3480258,50.2223245
CZE,"Husova 297, 349 61 Kladruby, Česko",12.9835247,49.715869
CZE,"Studánka 151, 347 01 Studánka, Česko",12.6070938,49.7830142
CZE,"Na Třešňovce 603, 353 01 Mariánské Lázně, Česko",12.6979305,49.960039
CZE,"Husova, 349 61 Kladruby, Česko",12.9835308,49.7158716
CZE,"Jaroslava Vrchlického 1471, Podlesí, 736 01 Havířov, Česko",18.4611426,49.7717178
CZE,"Tyršova 315, 353 01 Velká Hleďsebe, Česko",12.6744126,49.9606624
CZE,"Loretská 935, 341 01 Horažďovice, Česko",13.7038266,49.324509
CZE,"Strunkovice nad Blanicí 202, 384 26 Strunkovice nad Blanicí, Česko",14.0518834,49.0839176
CZE,"Smetanova, Vodňany II, 389 01 Vodňany, Česko",14.1704696,49.1467482
CZE,"Výstavní, Vodňany II, 389 01 Vodňany, Česko",14.1741705,49.1409137
CZE,"Podléšková 3087, 106 00 Praha 10, Česko",14.5063635,50.0590921
CZE,"Malá 544/2, 162 00 Praha 6, Česko",14.3862981,50.096693
CZE,"Šanov 91, 270 31 Šanov, Česko",13.629058,50.088498
CZE,"Dobrovského 666, 170 00 Praha 7-Holešovice, Česko",14.4256402,50.0992414
CZE,"Havanská 162/13, 170 00 Praha 7-Bubeneč, Česko",14.418381,50.1019739
CZE,"Londýnská 595/26, 120 00 Praha 2-Vinohrady, Česko",14.434908,50.0728891
CZE,"Fügnerova 1371, 440 01 Louny, Česko",13.7978379,50.3540166
CZE,"Zahradní 403, 340 04 Železná Ruda, Česko",13.228812,49.137776
CZE,"Fügnerova 1668, 440 01 Louny, Česko",13.7975532,50.3533063
CZE,"Kozičín 13, 261 01 Příbram, Česko",13.9497666,49.6755113
CZE,"Smolkova 565, 142 00 Praha 12-Kamýk, Česko",14.4519221,50.0077373
CZE,"Tuřany 178, 273 79 Tuřany, Česko",14.0282129,50.2329142
CZE,"Na Dolnici 42, 155 00 Praha 13, Česko",14.325474,50.0497781
CZE,"nám. Mikoláše Alše 1315, 273 09 Kladno, Česko",14.1120138,50.1703193
CZE,"Pod dálnicí 1592/13, 140 00 Praha 4, Česko",14.4597773,50.0459894
CZE,"3, Pobřežní 620, Karlín, 186 00 Praha 8, Česko",14.4415692,50.092859
CZE,"Květinářská 182 00, 182 00 Praha 8, Česko",14.4462279,50.118559
CZE,"Hlubočepská 57/80, 150 00 Praha 5-Hlubočepy, Česko",14.3864372,50.0406217
CZE,"Lovosická 13, 410 02 Chotěšov, Česko",14.0861494,50.4398686
CZE,"Žižkovo nám. 1152, 130 00 Praha 3-Vinohrady, Česko",14.454735,50.080406
CZE,"Burianova 921, 252 64 Velké Přílepy, Česko",14.3200808,50.1588922
CZE,"Husníkova 2083, 158 00 Praha 13-Stodůlky, Česko",14.3416474,50.0482673
CZE,"Zelenečská 500/52, 198 00 Praha 14-Hloubětín, Česko",14.5422633,50.1079919
CZE,"Sedlčanská 526/14, 140 00 Praha 4, Česko",14.4574923,50.0437589
CZE,"Za Poštovskou zahradou 588, 190 11 Běchovice, Česko",14.6192691,50.0813226
CZE,"Vrchlického 2337, Kročehlavy, 272 01 Kladno, Česko",14.1233042,50.132172
CZE,"Nademlejnská 1096/9, 198 00 Praha 9, Česko",14.5283382,50.1031407
CZE,"Tvrdého 47, 199 00 Praha 18, Česko",14.5124334,50.1345382
CZE,"Vodnická 312/26, 149 00 Praha-Újezd, Česko",14.5207215,50.0213148
CZE,"Weberova 299/33, 150 00 Praha 5-Motol, Česko",14.3458497,50.0726181
CZE,"Na Maninách 1080/29a, 170 00 Praha 7-Holešovice, Česko",14.4524512,50.1076409
CZE,"Gen. Píky 1435, 160 00 Praha 6, Česko",14.3911961,50.0987241
CZE,"Komenského 411, 277 16 Všetaty, Česko",14.5935845,50.2832218
CZE,"V Úvoze 1730, 250 66 Roztoky, Česko",14.3804577,50.1642978
CZE,"Borovská 1697, 190 16 Praha 21, Česko",14.6464406,50.0816406
CZE,"Bechlín 258, 411 86 Bechlín, Česko",14.3420573,50.4186856
CZE,"Přemyslova 521/84, 278 01 Kralupy nad Vltavou, Česko",14.2966171,50.2412157
CZE,"Na Dlouhé Mezi 60/9, 147 00 Praha 4, Česko",14.424114,50.019262
CZE,"Lešenská 181 00, 181 00 Praha 8, Česko",14.4238813,50.1273581
CZE,"Moskevská 3082, 272 04 Kladno, Česko",14.0755178,50.1386128
CZE,"Masarykova 623, 252 19 Rudná, Česko",14.2279928,50.032402
CZE,"Chittussiho 45/14, 160 00 Praha 6-Bubeneč, Česko",14.4018587,50.1069559
CZE,"Polská 1090/4, 120 00 Vinohrady, Česko",14.438922,50.0786935
CZE,"Husova 99, 419 01 Duchcov, Česko",13.7500578,50.6023954
CZE,"Hlinecká 729, 375 01 Týn nad Vltavou, Česko",14.4287154,49.2267419
CZE,"Husova 291, 417 23 Košťany, Česko",13.7532179,50.6531825
CZE,"370 04 České Budějovice, Česko",14.4658342,48.9825659
CZE,"Školní 428, 373 11 Ledenice, Česko",14.6174658,48.9340211
CZE,"Ak. Bydžovského 458, 391 Veselí nad Lužnicí, Česko",14.6949355,49.1809972
CZE,"4, 9. května 600, 391 02 Sezimovo Ústí, Česko",14.7036717,49.3803669
CZE,"Za Nádražím 223, Nádražní Předměstí, 381 01 Český Krumlov, Česko",14.319485,48.8212847
CZE,"Čsl. armády 925, 390 03 Tábor, Česko",14.6607629,49.4209556
CZE,"Horní 986, 370 06 Srubec, Česko",14.5414466,48.9507402
CZE,"382 81 Besednice, Česko",14.5498198,48.7874562
CZE,"Strážkovice 78, 374 01 Strážkovice, Česko",14.5692786,48.8983037
CZE,"Peškova 526, 403 31 Ústí nad Labem-Neštěmice, Česko",14.106908,50.680325
CZE,"Pod Vodojemem 313, 400 10 Ústí nad Labem-město-Všebořice, Česko",13.9940822,50.6830685
CZE,"Dr. E. Beneše 694, Lobeček, 278 01 Kralupy nad Vltavou, Česko",14.3119463,50.2494504
CZE,"Lipová 649, 391 02 Sezimovo Ústí, Česko",14.7030785,49.3778693
CZE,"Mírová 2820, 400 11 Ústí nad Labem-Severní Terasa, Česko",14.031461,50.6830973
CZE,"Kozomínská 414, 250 70 Postřižín, Česko",14.3820725,50.2320457
CZE,"Lovecká 600, 400 04 Trmice, Česko",13.9992198,50.6417217
CZE,"Thunská 1303/4, Letná, 405 02 Děčín 6, Česko",14.189539,50.7706381
CZE,"Arbesova 411, 470 01 Česká Lípa, Česko",14.5316679,50.6864551
CZE,"Na Severním sídlišti 740, 264 01 Sedlčany, Česko",14.4185984,49.6604308
CZE,"Krásný Studenec 131, 405 02 Děčín 24, Česko",14.1596802,50.7628146
CZE,"Horní 195, 403 31 Ústí nad Labem-Neštěmice-Mojžíř, Česko",14.1137608,50.6811248
CZE,"Větrná 2799, 400 11 Ústí nad Labem-Severní Terasa, Česko",14.0275259,50.6840726
CZE,"Pohraniční 455, 405 02 Děčín-I, Česko",14.2153068,50.781757
CZE,"Jižní 1903, 470 01 Česká Lípa, Česko",14.5209949,50.6843546
CZE,"Na Spálence 1022, 400 01 Ústí nad Labem-město-Klíše, Česko",14.0125895,50.6670251
CZE,"Deylova 233, 150 00 Praha 5, Česko",14.3485923,50.0719016
CZE,"Velvarská 6, 252 62 Horoměřice, Česko",14.3359027,50.1331064
CZE,"Štulcova 69/3, 128 00 Praha 2-Vyšehrad, Česko",14.4169252,50.0651869
CZE,"U Chobotu, 253 01 Hostivice, Česko",14.25226,50.075492
CZE,"Mateřská 104/1, 165 00 Praha-Lysolaje, Česko",14.370898,50.124541
CZE,"K Vodárně 1047, 258 01 Vlašim, Česko",14.8913983,49.7108788
CZE,"Velehradská 1320/24, 130 00 Praha 3-Vinohrady, Česko",14.45337,50.0803566
CZE,"Kafkova 511, 160 00 Praha 6-Dejvice, Česko",14.3907591,50.0989627
CZE,"Na Besídce 632, 394 70 Kamenice nad Lipou, Česko",15.0706273,49.3007021
CZE,"Karenova 14, 150 00 Praha 5, Česko",14.3659798,50.0640096
CZE,"U Teplárny 1174, 158 00 Praha 5, Česko",14.3824899,50.0647718
CZE,"Pavla Beneše 765, 199 00 Praha 18, Česko",14.517966,50.1395781
CZE,"184 00 Praha-Dolní Chabry, Česko",14.4502448,50.1401183
CZE,"15, Ke Karlovu 468/13, 120 00 Praha 2-Nové Město, Česko",14.4266246,50.0733424
CZE,"V Olšinách 3138, 100 00 Strašnice, Česko",14.4965121,50.0722703
CZE,"Luční 1699, 258 01 Vlašim, Česko",14.9033845,49.6998153
CZE,"Arabská 681, 160 00 Praha 6-Vokovice, Česko",14.3574748,50.0985529
CZE,"Chýnovská 367, 252 66 Libčice nad Vltavou, Česko",14.3627647,50.1978987
CZE,"Novoveská 20, 158 00 Praha 5, Česko",14.3633753,50.0485126
CZE,"Kukučínova 1151, 142 00 Praha 4-Krč, Česko",14.4538375,50.0273499
CZE,"Šluknovská 328, 190 00 Praha 9, Česko",14.4950305,50.1276754
CZE,"Komenského 864, Rumburk 1, 408 01 Rumburk, Česko",14.5532563,50.9526303
CZE,"Filipovská 566, Starý Jiříkov, 407 53 Jiříkov, Česko",14.577794,50.991317
CZE,"U Zvonařky 7, 120 00 Vinohrady, Česko",14.434141,50.0703243
CZE,"Křižíkova 2757, 407 47 Varnsdorf, Česko",14.6248006,50.9058871
CZE,"Puškinova 413, Horní Hanychov, 460 08 Liberec, Česko",15.0229156,50.7378695
CZE,"Hrdlořezy 155, 293 07 Hrdlořezy, Česko",14.8799783,50.4490132
CZE,"Havlíčkova 1153, Mladá Boleslav II, 293 01 Mladá Boleslav, Česko",14.9104857,50.4283106
CZE,"Dolní Krupá 23, 295 01 Dolní Krupá, Česko",14.8716849,50.545994
CZE,"U Školky 412, 251 70 Nupaky, Česko",14.6064031,49.9910396
CZE,"Školní 259, 277 42 Obříství, Česko",14.4806727,50.3099088
CZE,"Pekárkova 572, 460 01 Liberec, Česko",15.0841789,50.7731948
CZE,"Revoluční 488, 463 31 Chrastava, Česko",14.9698896,50.8148895
CZE,"Brandlova 1590, 289 22 Lysá nad Labem, Česko",14.8315027,50.1984886
CZE,"Březinova 389, 460 05 Liberec, Česko",15.080578,50.766731
CZE,"Svobody 298, 460 15 Liberec, Česko",15.0966365,50.7667185
CZE,"Tuháňská 8, 196 00 Praha-Čakovice-Miškovice, Česko",14.5437851,50.1581164
CZE,"Polní 324, 250 75 Káraný, Česko",14.7353719,50.1764081
CZE,"U Školy 85, 511 01 Turnov, Česko",15.1473801,50.572858
CZE,"Sadská 530/20, 198 00 Praha 14-Hloubětín, Česko",14.5358164,50.107679
CZE,"294 05 Dlouhá Lhota, Česko",15.0552867,50.41988
CZE,"Sokolská 219, 294 02 Kněžmost, Česko",15.0391118,50.4919515
CZE,"U Nemocnice 1, 405 02 Děčín, Česko",14.22517,50.781278
CZE,"Na Vojtěšce 188, 149 00 Praha-Újezd, Česko",14.5417617,50.0153325
CZE,"Pitkovická 260, 251 01 Čestlice, Česko",14.5819183,50.0050329
CZE,"Kotorská 1589, 140 00 Praha 4-Nusle, Česko",14.4336862,50.053846
CZE,"Vestecká 1300, 25242 Jesenice, 252 42, Česko",14.5060483,49.9718142
CZE,"Masarykovo nám. 24, 281 29 Žiželice, Česko",15.3924441,50.1316829
CZE,"Hasova 3, 143 00 Praha 12, Česko",14.427141,50.0118096
CZE,"Žižkova 286/12, 251 01 Říčany, Česko",14.6574501,49.9953529
CZE,"19, Labská 1368/15, 251 01 Říčany, Česko",14.6502845,49.9867941
CZE,"Ruprechtická 440/33, 460 01 Liberec, Česko",15.0590027,50.7757756
CZE,"Morávkova 104 00, 104 00 Praha 22, Česko",14.5949414,50.0346701
CZE,"229, 511 01 Turnov, Česko",15.1125406,50.5845516
CZE,"Úvalská 547, 250 81 Nehvizdy, Česko",14.741883,50.131124
CZE,"Nová 611, 373 72 Lišov, Česko",14.6107149,49.01876
CZE,"Dvořákova 1924, 586 01 Jihlava, Česko",15.5841698,49.3960116
CZE,"Kalinova 121, 473 01 Nový Bor, Česko",14.5603985,50.7587466
CZE,"Kalinova 572, 473 01 Nový Bor, Česko",14.5609416,50.7585484
CZE,"Pavlov 100, 588 33 Pavlov, Česko",15.5605817,49.2410584
CZE,"Mistrovická 618, 471 14 Kamenický Šenov, Česko",14.469278,50.7720938
CZE,"Palackého 144, 473 01 Nový Bor, Česko",14.5576368,50.7575828
CZE,"Tylova 814/1, Nové Město, 405 02 Děčín 2, Česko",14.219442,50.78065
CZE,"Provodín 1, 471 67 Provodín, Česko",14.5836668,50.6357314
CZE,"Břečťanová 2919/6, 106 00 Praha 10, Česko",14.4963312,50.0555975
CZE,"Olešnice 52, 511 01 Olešnice, Česko",15.1201808,50.5471071
CZE,"Univerzitní nám. 18, 460 01 Liberec, Česko",15.0757262,50.7734356
CZE,"Zahradní 534, 294 04 Dolní Bousov, Česko",15.1282745,50.4366024
CZE,"Okružní 239, 251 01 Čestlice, Česko",14.5829939,50.009146
CZE,"Nedvězská 2224, 100 00 Strašnice, Česko",14.5029667,50.0684255
CZE,"U Břehu 473/47, 102 00 Praha 15-Hostivař, Česko",14.5338466,50.0478561
CZE,"Türkova, 149 00 Praha 11-Chodov, Česko",14.5051481,50.0339339
CZE,"Na Fialce 2629/18, 251 01 Říčany, Česko",14.6631808,49.9950792
CZE,"Na Rovnosti 2246, 130 00 Praha 3-Žižkov, Česko",14.4855631,50.0875646
CZE,"Milánská 472, 109 00 Praha 15-Horní Měcholupy, Česko",14.553424,50.0395757
CZE,"Šrobárova 49, 100 00 Praha 10-Vinohrady, Česko",14.4729358,50.0759396
CZE,"Vybíralova 968, 198 00 Praha 14-Černý Most, Česko",14.5809153,50.1044175
CZE,"Havlíčkova 1639/7, 466 01 Jablonec nad Nisou, Česko",15.1605277,50.7222188
CZE,"468 21 Pěnčín, Česko",15.2371708,50.6853653
CZE,"2813, 506 01 Mladějov, Česko",15.233888,50.4763916
CZE,"Zlatnická 343, 250 73 Jenštejn, Česko",14.6179756,50.1521192
CZE,"Havířovská 476, 199 00 Letňany, Česko",14.507767,50.1344407
CZE,"Chocerady 256, 257 24 Chocerady, Česko",14.806271,49.872737
CZE,"Poříčany 300, 289 14 Poříčany, Česko",14.9134085,50.1080617
CZE,"Štefcova 1092, 500 09 Hradec Králové, Česko",15.8542703,50.1996484
CZE,"Potěhy 169, 285 63 Potěhy, Česko",15.4142562,49.8687419
CZE,"Křižíkova 1288, 506 01 Jičín, Česko",15.372955,50.435374
CZE,"Pražská tř. 198, 500 04 Hradec Králové 4, Česko",15.7975947,50.2075713
CZE,"Svatý Mikuláš 142, 284 01 Svatý Mikuláš, Česko",15.3504387,49.9918846
CZE,"Pobřežní, 284 01 Kutná Hora, Česko",15.266221,49.94648
CZE,"Čistá u Horek 236, 512 35 Čistá u Horek, Česko",15.6073184,50.5317438
CZE,"3 7, Semčice 3, 294 46 Semčice, Česko",15.007642,50.368627
CZE,"Martinice v Krkonoších 68, 512 32 Martinice v Krkonoších, Česko",15.533203,50.5807614
CZE,"Na Hrázi 300, 538 07 Seč, Česko",15.6583846,49.848741
CZE,"Mžany 62, 503 15 Mžany, Česko",15.6770352,50.2978272
CZE,"Žďárského 183, 674 01 Třebíč, Česko",15.9053563,49.2040069
CZE,"Korolupy 72, 671 07 Korolupy, Česko",15.6463063,48.9298881
CZE,"U Školy 321, 594 51 Křižanov, Česko",16.1017256,49.3908199
CZE,"Nedvědice 80, 592 62 Nedvědice, Česko",16.331718,49.4564332
CZE,"U Vícenického žlebu 2, 675 71 Náměšť nad Oslavou, Česko",16.1387931,49.2086247
CZE,"V Zahradách 279, 675 73 Kralice nad Oslavou, Česko",16.2015777,49.1968929
CZE,"Palackého 103, 672 01 Moravský Krumlov, Česko",16.3140269,49.0511271
CZE,"Školní 315, 507 52 Ostroměř, Česko",15.5436829,50.3757728
CZE,"Krkonošská 230, 543 01 Vrchlabí, Česko",15.606092,50.6305271
CZE,"Pražská 2, 503 15 Nechanice, Česko",15.6331499,50.2377052
CZE,"Malé Výkleky 8, 533 16 Malé Výkleky, Česko",15.5378498,50.1190061
CZE,"Třešňová 178, 533 52 Staré Hradiště, Česko",15.7786166,50.06931
CZE,"V. Nejedlého 769, 537 01 Chrudim, Česko",15.793379,49.942814
CZE,"Pobřežní 230, 503 01 Hradec Králové, Česko",15.8216416,50.227567
CZE,"539 76 Prosetín, Česko",15.9553483,49.8309188
CZE,"Štechova 1327, Nový Hradec Králové, 500 09 Hradec Králové, Česko",15.8593342,50.1981148
CZE,"Na Kotli 1201, 500 09 Hradec Králové, Česko",15.848794,50.202449
CZE,"Přemyslova 21, 500 08 Hradec Králové, Česko",15.8631312,50.1752353
CZE,"Urxova 342, 500 06 Hradec Králové, Česko",15.8490882,50.1855781
CZE,"Štefcova 1128, Nový Hradec Králové, 500 09 Hradec Králové, Česko",15.85364,50.1998015
CZE,"Dolní Libchavy 111, 561 16 Libchavy, Česko",16.393639,49.9960131
CZE,"Pod Lesem 290, Hylváty, 562 03 Ústí nad Orlicí, Česko",16.3979272,49.9616651
CZE,"Úzká 86, 542 42 Pilníkov, Česko",15.8175713,50.531195
CZE,"Pohoří 76, 518 01 Pohoří, Česko",16.101065,50.293345
CZE,"Na Výsluní 200, 562 01 Ústí nad Orlicí, Česko",16.3975416,49.9780229
CZE,"Stárkov 32, 549 36 Stárkov, Česko",16.158597,50.533444
CZE,"Osvobození 250, 517 71 České Meziříčí, Česko",16.0473313,50.2854309
CZE,"Mrštíkova 752, Nový Hradec Králové, 500 09 Hradec Králové, Česko",15.8536838,50.1990516
CZE,"Přepychy 167, 517 32 Přepychy, Česko",16.1055929,50.2438386
CZE,"3081, 503 46 Librantice, Česko",15.9603152,50.2426653
CZE,"Čistá 3, 569 56 Čistá, Česko",16.3283211,49.8266435
CZE,"Horní Ředice 390, 533 75 Horní Ředice, Česko",15.9473624,50.0767589
CZE,"Opatov 139, 569 12 Opatov, Česko",16.5025134,49.826254
CZE,"Na Třísle 70, 530 02 Pardubice I, Česko",15.7810457,50.0396487
CZE,"Ořechová 62, Plačice, 500 04 Hradec Králové, Česko",15.7720305,50.1934607
CZE,"Staňkova 128, 530 02 Pardubice V-Zelené Předměstí, Česko",15.7648036,50.0235153
CZE,"Na Výsluní 286, 592 14 Nové Veselí, Česko",15.9062855,49.5217202
CZE,"Sosnová 757, 637 00 Brno-Jundrov, Česko",16.5504811,49.2072945
CZE,"602 00 Brno-střed, Česko",16.6062369,49.1892875
CZE,"Čihadla 1, 635 00 Brno-Bystrc, Česko",16.5125193,49.2221676
CZE,"Hybešova 255/17, 602 00 Brno-střed-Staré Brno, Česko",16.6055948,49.1891082
CZE,"23. dubna 10, 692 01 Pavlov, Česko",16.6754507,48.8758084
CZE,"Štouračova 1249, 635 00 Brno-Bystrc, Česko",16.5171465,49.2154718
CZE,"Muchova 24, 613 00 Brno-sever, Česko",16.6188763,49.2077346
CZE,"4, Amerlingova 743, 625 00 Bohunice, Česko",16.5780621,49.1679966
CZE,"Hněvkovského 71/62, 617 00 Brno-jih-Komárov, Česko",16.6255816,49.1700691
CZE,"Strnadova 13, 628 00 Brno-Líšeň, Česko",16.6691434,49.2048631
CZE,"Kárníkova 1531/4, 621 00 Brno-Řečkovice a Mokrá Hora, Česko",16.582761,49.2529279
CZE,"Jízdárenská, 664 62 Hrušovany u Brna, Česko",16.5940217,49.0300482
CZE,"Síčka 1a, 644 00 Brno-sever, Česko",16.6234431,49.253855
CZE,"Štolcova 298, 618 00 Brno-Černovice, Česko",16.6363631,49.1886276
CZE,"Kšírova 141, 617 00 Brno-jih, Česko",16.6210755,49.1746957
CZE,"Jihomoravské nám. 1295/5, 627 00 Slatina, Česko",16.6858858,49.1790356
CZE,"Horníkova 2170/1, 628 00 Brno-Líšeň, Česko",16.6784412,49.2131363
CZE,"25, Hochmanova 2432, 628 00 Brno-Líšeň, Česko",16.6855089,49.2109116
CZE,"379, 683 04 Drnovice, Česko",16.9541922,49.2763151
CZE,"696 14 Čejč, Česko",16.9657136,48.944776
CZE,"Sídliště 527, 664 62 Hrušovany u Brna, Česko",16.5866732,49.0404269
CZE,"Školní 140, 683 52 Křenovice, Česko",16.8265846,49.1409983
CZE,"Gajdošova 4392, 615 00 Brno-Židenice, Česko",16.6445136,49.2008746
CZE,"Staňkova 14, 602 00 Brno-Královo Pole, Česko",16.6041656,49.2112523
CZE,"Brněnská Pole 1836/25, 664 51 Šlapanice, Česko",16.7189483,49.1656906
CZE,"Charvátská Nová Ves, 690 06 Břeclav, Česko",16.8430985,48.7603389
CZE,"Habrovanská 328, 683 01 Rousínov, Česko",16.8801426,49.2077772
CZE,"Travní 521, 634 00 Brno-Nový Lískovec, Česko",16.5510449,49.1823551
CZE,"Dlouhá 429, 679 63 Velké Opatovice, Česko",16.6786155,49.6120428
CZE,"Březina 24, 679 05 Březina, Česko",16.7435646,49.2828464
CZE,"Horky 400, 664 61 Rebešovice, Česko",16.6412617,49.1066841
CZE,"Horní 106, 639 00 Brno-střed, Česko",16.5923516,49.1794978
CZE,"Mazourova 657, 636 00 Brno-Židenice, Česko",16.6579246,49.1906139
CZE,"Březina 50, 679 05 Březina, Česko",16.750682,49.282207
CZE,"Kachlíkova 1046/17, 635 00 Brno-Bystrc, Česko",16.5129767,49.2208914
CZE,"Filipínského 1287/64, 615 00 Brno-Židenice, Česko",16.6367385,49.1982523
CZE,"Hrnčířská 572/4, 602 00 Brno-Královo Pole-Ponava, Česko",16.6013379,49.2102973
CZE,"U Školy 440, 664 84 Zastávka, Česko",16.3616627,49.1925531
CZE,"Charbulova 137, 618 00 Brno-Černovice, Česko",16.6398101,49.1789692
CZE,"Jaselská, 602 00 Brno-střed, Česko",16.6003338,49.1987597
CZE,"Olomoucká 805, 627 00 Brno-Černovice, Česko",16.6582349,49.1843984
CZE,"Stromovka 339/11, 637 00 Brno-Jundrov, Česko",16.5509831,49.2094892
CZE,"Bílá Třemešná 313, 544 72 Bílá Třemešná, Česko",15.741876,50.446231
CZE,"U Kočovny 31, 547 01 Náchod, Česko",16.1568195,50.3986327
CZE,"Bernartice u Trutnova 166, 542 04 Bernartice, Česko",15.965522,50.6454381
CZE,"Holubova 792, 500 09 Hradec Králové, Česko",15.8525151,50.20567
CZE,"Kotlářská 655, 602 00 Brno-střed, Česko",16.5977242,49.2055975
CZE,"Partyzánská 310, 592 02 Svratka, Česko",16.0271441,49.7085339
CZE,"Školní 88, 517 43 Potštejn, Česko",16.3076449,50.0836506
CZE,"Knířov, 566 01 zahrádky, Česko",16.1475092,49.9285109
CZE,"Špitálka 1023, 564 01 Žamberk, Česko",16.441397,50.0943221
CZE,"Camilla Sitteho 1222/10, 779 00 Olomouc, Česko",17.2598459,49.588836
CZE,"Palackého 17A, 750 02 Přerov, Česko",17.4485902,49.4534879
CZE,"Ševcovská 3350/8, 760 01 Zlín, Česko",17.676237,49.2259958
CZE,"Vsetínská 454/53, 757 01 Valašské Meziříčí, Česko",17.9749265,49.4665038
CZE,"Veselá 44, 763 15 Veselá, Česko",17.773524,49.236802
CZE,"Brumovice 140, 691 11 Brumovice, Česko",16.8947586,48.9632447
CZE,"Lipov 199, 696 72 Lipov, Česko",17.461054,48.9047729
CZE,"4, tř. Kosmonautů 881, 779 00 Olomouc, Česko",17.2656755,49.5890882
CZE,"Tomkova 42, 779 00 Olomouc, Česko",17.2365601,49.6037326
CZE,"1, Bohumíra Dvorského 1049, Bělský Les, 700 30 Ostrava-jih, Česko",18.2485846,49.7807128
CZE,"Komenského 72, 783 73 Grygov, Česko",17.3125719,49.5367052
CZE,"Brantice 252, 793 93 Brantice, Česko",17.6303923,50.064922
CZE,"České školy 63, 747 06 Chvalíkovice, Česko",17.914469,49.8859669
CZE,"Tetín 1506, 796 01 Prostějov, Česko",17.1120081,49.466493
CZE,"Pustějov 171, 742 43 Pustějov, Česko",18.004065,49.69844
CZE,"Boršice 500, 687 09 Boršice, Česko",17.3434184,49.0618039
CZE,"Bohuslavice u Zlína 100, 763 51 Bohuslavice u Zlína, Česko",17.6358186,49.1605887
CZE,"Panská 24, 686 04 Kunovice, Česko",17.4655311,49.0431907
CZE,"Valašské Meziříčí 234, 757 01 Valašské Meziříčí, Česko",17.9788805,49.4548754
CZE,"Dolní Studénky 20, 788 20 Dolní Studénky, Česko",16.983111,49.9394464
CZE,"nám. T. G. Masaryka 588, 760 01 Zlín, Česko",17.6656381,49.2214492
CZE,"Svatoplukova 11, 779 00 Olomouc, Česko",17.2319227,49.6061702
CZE,"Máchova 794, 796 01 Prostějov, Česko",17.1005556,49.4702778
CZE,"Šárka 4a, 796 01 Prostějov, Česko",17.117993,49.46483
CZE,"sídl. Svobody 3552, 796 01 Prostějov, Česko",17.0943134,49.471046
CZE,"Kozlovská 214, 750 02 Přerov, Česko",17.4588941,49.4541956
CZE,"nám. T. G. Masaryka 3050, 760 01 Zlín, Česko",17.666762,49.2200839
CZE,"Moravské Prusy 175, 682 01 Vyškov, Česko",17.05722,49.252061
CZE,"Zakladatelů 69, Henčlov, 750 02 Přerov, Česko",17.3916716,49.4368583
CZE,"Potoky 4224, 760 01 Zlín, Česko",17.6716231,49.2278978
CZE,"tř. Tomáše Bati 1285, 760 01 Zlín, Česko",17.6812562,49.2257008
CZE,"Spytihněv 520, 763 64 Spytihněv, Česko",17.4964676,49.1427036
CZE,"Sokolská 802, 768 61 Bystřice pod Hostýnem, Česko",17.6697296,49.3970905
CZE,"1. máje 970/11, 795 01 Rýmařov, Česko",17.2678368,49.9306991
CZE,"Zámecký park 32/6, 793 42 Rýmařov, Česko",17.2472629,49.949174
CZE,"Žlutava 123, 763 61 Žlutava, Česko",17.4906265,49.1994674
CZE,"Záhumení 482, 742 01 Suchdol nad Odrou, Česko",17.9347064,49.648579
CZE,"3703 113, 788 20 Dolní Studénky, Česko",16.9721944,49.9358332
CZE,"Určice 72, 798 04 Určice, Česko",17.0753979,49.4277282
CZE,"Jeřmaň 35, 783 25 Bouzov, Česko",16.845609,49.692078
CZE,"Bouzov 84, 783 25 Bouzov, Česko",16.8909726,49.7022986
CZE,"Halenkovice 164, 763 63 Halenkovice, Česko",17.4712341,49.1719966
CZE,"Revoluční 30, 795 01 Rýmařov, Česko",17.2772569,49.9350298
CZE,"tř. Tomáše Bati 332, 765 02 Otrokovice-Kvitkovice, Česko",17.5176126,49.213127
CZE,"Jelínkova 741/3, 795 01 Rýmařov, Česko",17.2684128,49.9347805
CZE,"Jílová 300, 779 00 Olomouc, Česko",17.2290464,49.5890639
CZE,"Přichystalova 540/20, 779 00 Olomouc, Česko",17.2727584,49.5807982
CZE,"Řepčínská 96, 779 00 Olomouc, Česko",17.2302714,49.6072717
CZE,"Milenov 75, 753 61 Milenov, Česko",17.6658087,49.564461
CZE,"Přáslavice 18, 783 54 Přáslavice, Česko",17.382577,49.586247
CZE,"Na čtvrtkách 170/14, 779 00 Bystrovany, Česko",17.3213262,49.5954473
CZE,"Dobnerova 24, 779 00 Olomouc, Česko",17.2354339,49.5901606
CZE,"Štarnov 41, 783 14 Štarnov, Česko",17.2744316,49.6868748
CZE,"Jarmily Glazarové 203, 742 83 Klimkovice, Česko",18.1347214,49.785244
CZE,"Oty Synka 1834, 708 00 Ostrava-Poruba, Česko",18.1600694,49.8461427
CZE,"Studentská, 708 00 Ostrava-Poruba, Česko",18.160539,49.834471
CZE,"Větrná 1084, 708 00 Ostrava-Poruba, Česko",18.1804702,49.8248892
CZE,"16, Hlučínská 795, 747 14 Ludgeřovice, Česko",18.2418748,49.8883061
CZE,"Zengrova 1, 703 00 Ostrava-Vítkovice, Česko",18.2731256,49.8090812
CZE,"mjr. Nováka 1455, 730 00 Ostrava-jih-Hrabůvka, Česko",18.2665653,49.7805722
CZE,"Smetanovo nám. 7, 702 00 Moravská Ostrava a Přívoz, Česko",18.2905081,49.8321996
CZE,"Tarnavova 3020/18, 700 30 Ostrava-jih, Česko",18.2346219,49.8081913
CZE,"Rodinná 2719, 700 30 Ostrava-jih-Zábřeh, Česko",18.2506588,49.7969528
CZE,"Kosmonautů 1319, 736 01 Havířov, Česko",18.4512077,49.7741749
CZE,"Těšínská 206, 716 00 Ostrava-Radvanice a Bartovice, Česko",18.3346599,49.8168794
CZE,"A. S. Puškina 908, Město, 736 01 Havířov, Česko",18.4440071,49.7758134
CZE,"Smetanova 840, Nový Bohumín, 735 81 Bohumín, Česko",18.3588202,49.9056292
CZE,"Olbrachtova 1421, 738 01 Frýdek-Místek, Česko",18.3480287,49.6983209
CZE,"Tovární 427, 735 52 Bohumín, Česko",18.363436,49.8947373
CZE,"Klegova 1275, 700 30 Ostrava-jih-Hrabůvka, Česko",18.263816,49.7875327
CZE,"37, Prokopa Velikého 425, 703 00 Ostrava-Vítkovice, Česko",18.2684105,49.8129247
CZE,"Jana Maluchy 267, 700 30 Ostrava-jih, Česko",18.2606503,49.7769015
CZE,"Gudrichova 40, 747 61 Raduň, Česko",17.9411177,49.8912464
CZE,"Svatopluka Čecha 1140, Nový Bohumín, 735 81 Bohumín, Česko",18.3522143,49.9001619
CZE,"Staňkova 156/33, 700 30 Ostrava-jih, Česko",18.2263261,49.7813619
CZE,"Lučina 2, 739 39 Lučina, Česko",18.449896,49.715995
CZE,"8. pěšího pluku 821, Místek, 738 01 Frýdek-Místek, Česko",18.3437488,49.6779707
CZE,"739 23 Stará Ves nad Ondřejnicí, Česko",18.2051961,49.7134591
CZE,"Na Závodí 70, 739 25 Sviadnov, Česko",18.3259903,49.6898188
CZE,"Na Nivách 311/33, 700 30 Ostrava-jih, Česko",18.2368689,49.8120219
CZE,"Smetanova 1122, 742 21 Kopřivnice, Česko",18.140667,49.5895852
CZE,"K. Čapka 372, 741 01 Nový Jičín, Česko",18.0027996,49.597948
CZE,"Mniší 132, 742 21 Kopřivnice, Česko",18.2006171,49.600347
CZE,"E. Krásnohorské 310, 742 42 Šenov u Nového Jičína, Česko",18.0068727,49.6062957
CZE,"54, SPC N 454, 794 01 Krnov, Česko",17.720579,50.0875281
CZE,"28. října 89, 742 83 Klimkovice, Česko",18.1319798,49.7878593
CZE,"Opavská 8, 747 22 Dolní Benešov, Česko",18.0853746,49.9207235
CZE,"Josefovice 38, 742 83 Klimkovice, Česko",18.1098587,49.7708574
CZE,"Vršovice 52, 747 61 Vršovice, Česko",17.9362923,49.8839264
CZE,"Komenského 112, 742 83 Klimkovice, Česko",18.1338819,49.7852678
CZE,"Korytná 340, 687 52 Korytná, Česko",17.6667266,48.9416771
CZE,"Sadová 1892/41, 702 00 Moravská Ostrava a Přívoz, Česko",18.2874336,49.8484103
CZE,"Do čtvrti 1202/13, 143 00 Praha 12, Česko",14.4126263,50.0150649
CZE,"Slezská 2138/114, 130 00 Praha 3-Vinohrady, Česko",14.456519,50.0764258
CZE,"U Průhonu 1238/44, 170 00 Praha 7-Holešovice, Česko",14.4527968,50.1050022
CZE,"Maroldova 1609/1, 140 00 Praha 4-Nusle, Česko",14.4510843,50.0615057
CZE,"Lažiště 59, 384 32 Lažiště, Česko",13.926232,49.0358996
CZE,"Pode Dvory 1, 323 00 Plzeň 1, Česko",13.3936521,49.7852528
CZE,"A. Staška, 140 00 Praha 4, Česko",14.434527,50.0402742
CZE,"Bozděchova 97/2, 400 01 Ústí nad Labem-město-Klíše, Česko",14.0218768,50.6712618
CZE,"Žižkova 2941/66, 301 00 Plzeň 3, Česko",13.3683459,49.7302363
CZE,"Topolová, 440 01 Louny, Česko",13.8183416,50.3540018
CZE,"Plzeňská 515, 267 53 Žebrák, Česko",13.8947859,49.8748938
CZE,"Žižkova 2491, 301 00 Plzeň 3, Česko",13.3683056,49.7302347
CZE,"Klínovecká 998, 363 01 Ostrov, Česko",12.9493945,50.3062007
CZE,"Hrádek 144, 739 97 Hrádek, Česko",18.7357613,49.6184229
CZE,"Zámecké nám. 69, 415 01 Teplice, Česko",13.8257746,50.6378376
CZE,"V Přístavu, 170 00 Praha 7-Holešovice, Česko",14.4552055,50.1077532
CZE,"Vinohradská 3217/167, 100 17 Strašnice, Česko",14.4877274,50.0775414
CZE,"Šromova, 198 00 Praha 14-Černý Most, Česko",14.5669833,50.1050526
CZE,"Tyršova 1811/6, 120 00 Nové Město, Česko",14.4301583,50.0727832
CZE,"Na Hřebenkách 2765, 150 00 Praha 5-Smíchov, Česko",14.3840242,50.0741179
CZE,"V Zápolí 435/24, 312 00 Plzeň 4, Česko",13.4391582,49.7631548
CZE,"Klatovská tř. 125, 301 00 Plzeň 3, Česko",13.3678655,49.7277315
CZE,"330 23, 322 Vochov, Česko",13.2745453,49.7541056
CZE,"Husova 1777/14, 301 00 Plzeň 3, Česko",13.3702723,49.7455862
CZE,"Zítkova 1267, 360 01 Karlovy Vary, Česko",12.8887966,50.2206318
CZE,"Žlutická 1694/2, 323 00 Plzeň 1, Česko",13.3608866,49.7774126
CZE,"Domažlická 767, Klatovy I, 339 01 Klatovy, Česko",13.2890113,49.3951965
CZE,"K Zelené Louce 90, 301 00 Plzeň 3-Valcha, Česko",13.3287053,49.7108946
CZE,"B. Němcové 524, 323 00 Plzeň 1, Česko",13.3656968,49.7643548
CZE,"Lidická 1036, 363 01 Ostrov, Česko",12.9512048,50.3070099
CZE,"Kaplířova 923/14, 301 00 Plzeň 3, Česko",13.3650009,49.7269041
CZE,"SeneCura SeniorCentrum Plzeň, Papírnická, 326 00 Plzeň 2-Slovany, Česko",13.3844732,49.7364449
CZE,"Hlavní tř. 982, 363 01 Ostrov, Česko",12.9547521,50.3089745
CZE,"Alej Svobody 1397/29A, 323 00 Plzeň 1-Severní Předměstí, Česko",13.3661539,49.7677908
CZE,"Husova 1130, 263 01 Dobříš, Česko",14.1694588,49.7785042
CZE,"Kamenná 5104, 430 04 Chomutov, Česko",13.4261364,50.4806807
CZE,"Klatovská 396, 321 00 Plzeň 3, Česko",13.3567795,49.7123265
CZE,"373 16 Dobrá Voda u Českých Budějovic, Česko",14.5281837,48.969886
CZE,"Hlavní, 252 10 Černolice, Česko",14.2977299,49.9111313
CZE,"Kosmákova 1038/43, 586 01 Jihlava, Česko",15.5878196,49.3938599
CZE,"V Zídkách 128, 252 46 Vrané nad Vltavou, Česko",14.3884466,49.939471
CZE,"Neuměřice 85, 273 26 Neuměřice, Česko",14.2172959,50.242118
CZE,"Na Sadech 19, 370 01 České Budějovice, Česko",14.4779807,48.9771324
CZE,"Malé nám. 91, 252 10 Mníšek pod Brdy, Česko",14.2608381,49.8647285
CZE,"Charkovská 399/16, 101 00 Praha 10-Vršovice, Česko",14.4490737,50.070405
CZE,"Hlavní 12, 250 67 Větrušice, Česko",14.3840436,50.191374
CZE,"Údolní 1147, 140 00 Praha 4, Česko",14.4276973,50.0250178
CZE,"Mikulášská 183/6, 470 01 Česká Lípa, Česko",14.5368955,50.6879154
CZE,"Na Valích 330, 440 01 Louny, Česko",13.7938085,50.3567377
CZE,"nám. Míru 597, 285 22 Zruč nad Sázavou, Česko",15.0868277,49.7435495
CZE,"Kladenská 562/19, 160 00 Praha 6, Česko",14.3657859,50.0975733
CZE,"Lumírova 90/23, 128 00 Praha 2-Nusle, Česko",14.4241387,50.0633067
CZE,"Jiřice 18, 289 22 Jiřice, Česko",14.8338017,50.2526679
CZE,"Na Fišerce 19/19, 160 00 Praha 6, Česko",14.3810365,50.11232
CZE,"Budyňská 232/20, 165 00 Praha-Suchdol, Česko",14.3813861,50.1325918
CZE,"1, Kubelíkova 1231, 400 03 Ústí nad Labem-Střekov, Česko",14.0584644,50.6495735
CZE,"Pražská 166/47, 400 01 Ústí nad Labem-město-Ústí nad Labem-centrum, Česko",14.0588194,50.6255226
CZE,"nábř. Závodu míru 2740, 530 02 Pardubice I, Česko",15.7610371,50.0381894
CZE,"Pštrossova 35, 110 00 Nové Město, Česko",14.4144326,50.0800717
CZE,"Na Kopcích 342/342, Nové Město, 674 01 Třebíč, Česko",15.9023732,49.2191453
CZE,"J. Palacha, 284 01 Kutná Hora, Česko",15.2738913,49.9614737
CZE,"Za Mlýnem 1748, 253 01 Hostivice, Česko",14.2442006,50.0858778
CZE,"Rybnická 97/48, 634 00 Brno-Nový Lískovec, Česko",16.5630195,49.1833335
CZE,"Boleslavská 1292, Stará Boleslav, 250 01 Brandýs nad Labem-Stará Boleslav, Česko",14.6932726,50.2073023
CZE,"Okružní 259, 250 84 Křenice, Česko",14.6805753,50.0289581
CZE,"Hlavní 181, 253 01 Chýně, Česko",14.2329812,50.0632426
CZE,"Golčova 24/7, 148 00 Praha-Kunratice, Česko",14.4834135,50.0116857
CZE,"Přeloučská 406, 530 06 Pardubice VI, Česko",15.6897313,50.0187012
CZE,"Lannova tř. 10, 370 01 České Budějovice, Česko",14.4804459,48.9735097
CZE,"Za Humny 574/14, 500 09 Hradec Králové, Česko",15.8643759,50.2000133
CZE,"Pod Haldou 306/7, Závodí, 266 01 Beroun, Česko",14.077361,49.968696
CZE,"Sedlecká 2, 267 12 Loděnice, Česko",14.1508479,49.9863742
CZE,"Kneslova 1067/5, 618 00 Brno-Černovice, Česko",16.6437969,49.1850985
CZE,"Jeseniova 1196, 130 00 Praha 3-Žižkov, Česko",14.461534,50.0869075
CZE,"Hradiště 97/4, 400 01 Ústí nad Labem-město-Ústí nad Labem-centrum, Česko",14.0424559,50.6593476
CZE,"Hajnova 178, 272 01 Kladno, Česko",14.1045274,50.147349
CZE,"Říčanská 980/25, 635 00 Brno-Bystrc, Česko",16.4969735,49.2198133
CZE,"Nad Vinicemi 1549, 252 63 Roztoky, Česko",14.3922392,50.1574788
CZE,"Hajany 203, 664 43 Hajany, Česko",16.5529568,49.1134847
CZE,"K Meteoru 757/16, 503 11 Hradec Králové, Česko",15.7846929,50.2243622
CZE,"Gorkého 2573, 530 02 Pardubice V, Česko",15.7646779,50.0248664
CZE,"Tesařská 790, 293 06 Kosmonosy, Česko",14.9323441,50.4418637
CZE,"Pavla Stránského 3399, 400 01 Ústí nad Labem-město-Ústí nad Labem-centrum, Česko",14.041978,50.6378514
CZE,"Skorkovského 636 00, 636 00 Brno-Židenice, Česko",16.6460447,49.1937017
CZE,"Polepská 252, 280 02 Kolín, Česko",15.2090114,50.019488
CZE,"K Dubině 464, 251 62 Louňovice, Česko",14.7693278,49.9907437
CZE,"Na Kohoutě 806/16, 400 10 Ústí nad Labem-město-Bukov, Česko",14.000084,50.6873453
CZE,"Randova 451, 252 29 Dobřichovice, Česko",14.2853754,49.9317793
CZE,"Vaníčkova 835/9, 400 01 Ústí nad Labem-město-Ústí nad Labem-centrum, Česko",14.0337531,50.6602647
CZE,"12, Na Zlaté stoce 565, 370 05 České Budějovice, Česko",14.4553681,48.9797044
CZE,"Reinerova, 370 06 České Budějovice, Česko",14.4928016,48.973561
CZE,"Masarykovo nám. 195, 254 01 Jílové u Prahy, Česko",14.4937295,49.893773
CZE,"Lomnického 1705, 140 00 Praha 4-Nusle, Česko",14.4330041,50.0570801
CZE,"Michelská 4, 140 00 Praha 4, Česko",14.4534412,50.0528664
CZE,"Nad Hájem 401, 147 00 Praha 4-Hodkovičky, Česko",14.413907,50.0229586
CZE,"Malenická 1748, 148 00 Praha 11-Chodov, Česko",14.4936442,50.0245517
CZE,"Vršovická 416/9, 101 00 Praha 10-Vršovice, Česko",14.4500651,50.0662006
CZE,"Mezivrší 309, 147 00 Praha 4, Česko",14.4225383,50.0391924
CZE,"Záhorského 886/4, 150 00 Praha 5-Barrandov, Česko",14.3730279,50.0301523
CZE,"Družstevní ochoz 1288/20, 140 00 Praha 4-Nusle, Česko",14.4437047,50.0557762
CZE,"Mezihorská 1259, 143 00 Praha 4-Modřany, Česko",14.4268149,50.0028728
CZE,"5, Bítovská 1122, Michle, 140 00 Praha 4, Česko",14.4545229,50.0460721
CZE,"Kovářova 25a/42, 155 00 Praha 13-Stodůlky, Česko",14.3124805,50.0488164
CZE,"Tyršova 1118/6, 592 31 Nové Město na Moravě, Česko",16.0751004,49.5656749
CZE,"Na Výsluní 229, 252 45 Zvole, Česko",14.4142942,49.9330628
CZE,"Bánskobystrická 114/26, Dolní Hanychov, 460 08 Liberec, Česko",15.0323448,50.7456757
CZE,"U Průhonu 1201/23, 170 00 Praha 7-Holešovice, Česko",14.4538309,50.1052692
CZE,"Rodvinovská 574, 140 00 Praha 4, Česko",14.4562633,50.0420653
CZE,"Sarajevská 10, 120 00 Praha 2-Vinohrady, Česko",14.4347859,50.0670999
CZE,"Blanická 1008, 120 00 Vinohrady, Česko",14.4396197,50.0776378
CZE,"Bytový dům Malešice (1. patro, Počernická 524/64, Malešice, 108 00 Praha 10, Česko",14.500518,50.0812577
CZE,"K Jezeru 478/26, 149 00 Praha 11-Háje, Česko",14.5337474,50.0362768
CZE,"Kollárova, 231/19 Liberec, Česko",15.0600377,50.7543583
CZE,"U Břehu 638, 102 00 Praha 15, Česko",14.5318065,50.049651
CZE,"K Otočce 779, 143 00 Praha 12-Modřany, Česko",14.4158693,50.0146313
CZE,"Košická 15, 101 00 Praha 10-Vršovice, Česko",14.449584,50.0697554
CZE,"Ke Smíchovu 112/80, 154 00 Praha-Slivenec-Hlubočepy, Česko",14.3639099,50.0219409
CZE,"Nechanická 306/5, 142 00 Praha 12, Česko",14.4438005,50.0199231
CZE,"Do Klecánek 133, 250 67 Klecany, Česko",14.4155539,50.1766923
CZE,"Jedličkova 1398, 289 22 Lysá nad Labem, Česko",14.8439795,50.2012099
CZE,"Švermova 82/10, 460 10 Liberec, Česko",15.0277688,50.7596717
CZE,"2015/, Na Slavíkově 7, 109 00 Praha 10, Česko",14.5554259,50.0606172
CZE,"Pod poštou 90, 190 15 Praha-Satalice, Česko",14.572455,50.12634
CZE,"Ke Znaku 190 14, 190 14 Praha-Klánovice, Česko",14.6728956,50.0988354
CZE,"Zelené údolí 1198, Rochlice, 460 06 Liberec, Česko",15.0737948,50.7512677
CZE,"Masarykovo nám. 13, 250 83 Škvorec, Česko",14.7311384,50.0466966
CZE,"Mimoňská 3223, 470 01 Česká Lípa, Česko",14.5375647,50.6804848
CZE,"Na Hrázi 697, 290 01 Poděbrady, Česko",15.1357666,50.1433795
CZE,"ČSA 13, 289 24 Milovice, Česko",14.8807909,50.2272104
CZE,"Pod Vrchem 2995, 276 01 Mělník, Česko",14.4779857,50.3536876
CZE,"Dětská 361, 289 24 Milovice, Česko",14.8919398,50.2291047
CZE,"Vrkoslavická 3392, Vrkoslavice, 466 01 Jablonec nad Nisou, Česko",15.1626541,50.7129601
CZE,"Lužec nad Cidlinou 46, 503 62 Lužec nad Cidlinou, Česko",15.4167601,50.2123161
CZE,"Ke Škole 130, 282 01 Český Brod, Česko",14.8437925,50.0883614
CZE,"Brankovická 1417, Kolín V, 280 02 Kolín, Česko",15.196166,50.0348199
CZE,"805, Želivského, 280 02 Kolín, Česko",15.2024602,50.0170802
CZE,"Pod Vinicí 2843, 530 02 Pardubice V, Česko",15.7813169,50.027464
CZE,"Havlíčkova 5628/26, 586 01 Jihlava, Česko",15.5885077,49.4013908
CZE,"Zlatá Olešnice 135, 541 01 Zlatá Olešnice, Česko",15.9471444,50.6206251
CZE,"Libická, 591 01 Žďár nad Sázavou, Česko",15.931143,49.5691627
CZE,"U Náhona 329/18, 503 01 Hradec Králové, Česko",15.8110681,50.2267812
CZE,"Hořiněves 73, 503 06 Hořiněves, Česko",15.7651888,50.3106946
CZE,"Bezručova 524, Kolín II, 280 02 Kolín, Česko",15.1947514,50.0249985
CZE,"Vocelova 394, Vnitřní Město, 284 01 Kutná Hora, Česko",15.2697041,49.9519063
CZE,"Doubravčice 9, 282 01 Doubravčice, Česko",14.789227,50.0239468
CZE,"Lexova 2376, 530 02 Pardubice I-Zelené Předměstí, Česko",15.7586388,50.0213981
CZE,"Kladenská 845, 535 01 Přelouč, Česko",15.5576092,50.034124
CZE,"U Teplárny 1258, 509 01 Nová Paka, Česko",15.5154136,50.4862946
CZE,"Masarykovo nám. 36, 538 03 Heřmanův Městec, Česko",15.6685387,49.9461584
CZE,"Havlíčkova 416, 509 01 Nová Paka, Česko",15.5192153,50.4923446
CZE,"Na Vrchu 98, 541 01 Trutnov, Česko",15.9117394,50.5612211
CZE,"Lužická 1208, 500 03 Hradec Králové, Česko",15.8462012,50.2166369
CZE,"Františka Hrubína 753, Nové Dvory, 674 01 Třebíč, Česko",15.8818114,49.2216867
CZE,"Školní 13, Střední Předměstí, 541 01 Trutnov, Česko",15.9123061,50.5614462
CZE,"tř. Karla IV. 1222, 500 02 Hradec Králové, Česko",15.821472,50.213535
CZE,"Nádražní 189, 541 01 Trutnov, Česko",15.9104052,50.5639816
CZE,"Dašická 169, 530 03 Pardubice III-Bílé Předměstí, Česko",15.8047497,50.0316166
CZE,"Librantická 224, 500 03 Hradec Králové, Česko",15.8959652,50.2346634
CZE,"U Templu 376/4, 680 01 Boskovice, Česko",16.6582386,49.4872838
CZE,"Palackého tř. 2411, 530 02 Pardubice I-Zelené Předměstí, Česko",15.7618618,50.0343856
CZE,"401, Smilova, 530 02 Pardubice, Česko",15.7692912,50.0338082
CZE,"V Uličce 151, 530 06 Pardubice VI-Popkovice, Česko",15.7258299,50.0205097
CZE,"7, Komenského nám. 20, 664 91 Ivančice, Česko",16.3784387,49.1022158
CZE,"Svatopluka Čecha 56, Město, 566 01 Vysoké Mýto, Česko",16.1602845,49.9551948
CZE,"Nemastova 889, 547 01 Náchod, Česko",16.1467407,50.4064961
CZE,"Frolkova, 696 62 Strážnice, Česko",17.3154854,48.8956335
CZE,"Tyršova 13, 683 23 Ivanovice na Hané, Česko",17.0975587,49.3073819
CZE,"Západní 99/72, 796 04 Prostějov, Česko",17.0832637,49.4664899
CZE,"Florykova 556, Lazce, 779 00 Olomouc, Česko",17.2538534,49.6076477
CZE,"Práčata 431, 642 00 Brno-Bosonohy, Česko",16.5191463,49.1797207
CZE,"Skorkovského 159, 636 00 Brno-Židenice, Česko",16.6514794,49.1940468
CZE,"1. Máje 185, Běloves, 547 01 Náchod, Česko",16.1854817,50.4192854
CZE,"Palackého 74/23, 789 83 Loštice, Česko",16.9262898,49.7458253
CZE,"679 06 Krasová, Česko",16.7649148,49.3597555
CZE,"Třebíčská, 675 71 Náměšť nad Oslavou, Česko",16.1513578,49.2078684
CZE,"Zdětín 77, 798 43 Zdětín, Česko",16.9908506,49.5065308
CZE,"Městečko 9, 664 61 Rajhrad, Česko",16.6086605,49.0884472
CZE,"Tuřanské nám. 939/6, 620 00 Brno-Tuřany, Česko",16.6668509,49.1459018
CZE,"Purkyňova 646/107, 612 00 Brno-Medlánky, Česko",16.5770243,49.2308211
CZE,"Bellova 504/1, Brno-Kohoutovice, 623 00 Brno, Česko",16.5288108,49.1927763
CZE,"Morkůvky 224, 691 72 Morkůvky, Česko",16.8611088,48.9675328
CZE,"Nová Ves 114, 691 23 Pohořelice, Česko",16.528633,48.9369851
CZE,"Franzova 43, 614 00 Brno-Maloměřice a Obřany, Česko",16.6419277,49.2189865
CZE,"Staňkova 359, 602 00 Brno-Královo Pole-Ponava, Česko",16.6055177,49.2088264
CZE,"U Kojeneckého ústavu 520, 568 02 Svitavy, Česko",16.4577643,49.7505841
CZE,"K. J. Mašky 1413/2, 678 01 Blansko, Česko",16.6423925,49.3627432
CZE,"Riegrova 318, 666 01 Tišnov, Česko",16.4273091,49.3490723
CZE,"Dlouhé vrchy 264/7, 644 00 Brno-Útěchov, Česko",16.6349603,49.2851364
CZE,"Češkovice 379, 678 01 Blansko, Česko",16.6798655,49.3784593
CZE,"Měník 38, 783 21 Bílá Lhota, Česko",16.9970002,49.704738
CZE,"Nár. hrdinů 43, 690 02 Břeclav, Česko",16.8857313,48.7635861
CZE,"Helsinská 13, 779 00 Olomouc, Česko",17.2269289,49.5971216
CZE,"Na Klotzmance 13, 789 01 Zábřeh, Česko",16.8591915,49.8771794
CZE,"Albertova 4062/8, 767 01 Kroměříž, Česko",17.3849177,49.2909354
CZE,"Technologická 372/2, 708 00 Ostrava-Pustkovec, Česko",18.1546653,49.838106
CZE,"Repinova 19/3043, 702 00 Moravská Ostrava a Přívoz, Česko",18.2773203,49.8475933
CZE,"Na Bělidle 1678/2, 702 00 Moravská Ostrava a Přívoz, Česko",18.287785,49.8487932
CZE,"Gorkého 2565, 767 01 Kroměříž, Česko",17.3974532,49.2918343
CZE,"Dolní 782/65, 700 30 Ostrava-jih-Zábřeh, Česko",18.2417619,49.8074531
CZE,"Středová 5668, 760 05 Zlín, Česko",17.6664298,49.2351738
CZE,"Českobratrská 692/15, 702 00 Moravská Ostrava a Přívoz, Česko",18.2863759,49.8385294
CZE,"U Příkopy 1915, 744 01 Frenštát pod Radhoštěm, Česko",18.2186426,49.5458424
CZE,"Gahurova 5265, 760 01 Zlín, Česko",17.6606084,49.2244084
CZE,"Drobného 304, 602 00 Brno-sever-Černá Pole, Česko",16.6124474,49.2067743
CZE,"Palackého nám. 126, 684 01 Slavkov u Brna, Česko",16.8755558,49.153856
CZE,"Podlesí IV 5375, 760 05 Zlín, Česko",17.6742794,49.2399223
CZE,"Sokolovská 910/4, 743 01 Bílovec, Česko",18.0196228,49.7588012
CZE,"Vodařská 232/2, 619 00 Brno-jih-Horní Heršpice, Česko",16.6161161,49.17642
CZE,"Modřická 212/84, 619 00 Brno-jih-Přízřenice, Česko",16.6166616,49.1406624
CZE,"Santražiny 815, 760 01 Zlín, Česko",17.6708407,49.22862
CZE,"Náves 86, 760 01 Zlín, Česko",17.6376651,49.2212276
CZE,"Údolní 244, 602 00 Brno-střed, Česko",16.593141,49.1978676
CZE,"Polanecká 50/31, 721 00 Ostrava-Svinov, Česko",18.1991139,49.8103133
CZE,"Horní 55, 700 30 Ostrava-jih, Česko",18.2560366,49.7884147
CZE,"Hlavní 145, 251 66 Senohraby, Česko",14.7240601,49.8963224
CZE,"Ukrajinská 1533, 708 00 Ostrava-Poruba, Česko",18.1922741,49.8254022
CZE,"Ke Sklárně 2588/4, 150 00 Praha 5-Smíchov, Česko",14.40872,50.0511247
CZE,"T. G. Masaryka 114, 381 01 Český Krumlov, Česko",14.3124386,48.8153193
CZE,"Donská 184, 101 00 Praha 10-Vršovice, Česko",14.44706,50.071053
CZE,"Pražská 7, 460 07 Liberec, Česko",15.0574361,50.7686575
CZE,"Sadová 61, 252 28 Černošice, Česko",14.3241291,49.9608661
CZE,"Dvorecká 1165/1, 147 00 Praha 4-Podolí, Česko",14.4201138,50.0457489
CZE,"P. Bezruče 1795, 272 01 Kladno, Česko",14.0953462,50.1355873
CZE,"Gebauerova 18, 615 00 Brno-Židenice, Česko",16.6378326,49.2001854
CZE,"Revoluční 903, 250 64 Hovorčovice, Česko",14.5190814,50.1813148
CZE,"Na Bendovce 370/2, 180 00 Praha, Česko",14.4119473,50.1323171
CZE,"Šantrochova 1882, 162 00 Praha 6-Břevnov, Česko",14.3485271,50.0881066
CZE,"Jabloňová 199, Čekyně, 751 24 Přerov, Česko",17.4259952,49.4938815
CZE,"Javorová, 326 00 Plzeň 2-Slovany, Česko",13.3947491,49.7283439
CZE,"Šardice 750, 696 13 Šardice, Česko",17.0239109,48.9656941
CZE,"Příční 332, 664 63 Žabčice, Česko",16.5973682,49.0119573
CZE,"nám. 13. prosince 1197/22, 664 12 Oslavany, Česko",16.3321978,49.1277193
CZE,"Strmá 937/9, 739 32 Vratimov, Česko",18.3127093,49.7683721
CZE,"tř. T. G. Masaryka 1108, Frýdek, 738 01 Frýdek-Místek, Česko",18.3555834,49.6813197
CZE,"Lichnov 289, 742 75 Lichnov, Česko",18.1896426,49.5525465
CZE,"Uherčice 24, 691 62 Uherčice, Česko",16.656436,48.9677154
CZE,"Masarykova 178, 691 25 Vranovice, Česko",16.6058336,48.9671691
CZE,"Nedašovská 345/4, 155 21 Zličín, Česko",14.2911859,50.0595941
CZE,"Údolní 26, 468 51 Smržovka, Česko",15.2467115,50.7395148
CZE,"Sokolská 593/26, 757 01 Valašské Meziříčí, Česko",17.9664516,49.4709069
CZE,"Těšice 556, 696 19 Mikulčice, Česko",17.0539368,48.8217205
CZE,"Manětín 265, 331 62 Manětín, Česko",13.2332042,49.9917836
CZE,"Sportovní 306, 345 43 Koloveč, Česko",13.1144202,49.4889862
CZE,"Chýšská 277, 439 83 Lubenec, Česko",13.314247,50.1294375
CZE,"Zahradní 385/3, 357 51 Kynšperk nad Ohří, Česko",12.5343983,50.1163231
CZE,"Dolní Žandov 37, 354 93 Dolní Žandov, Česko",12.5538016,50.018005
CZE,"Na Špičáku 292, 364 53 Chyše, Česko",13.2523257,50.1059258
CZE,"U Pivovaru 367, 357 51 Kynšperk nad Ohří, Česko",12.5329272,50.1231932
CZE,"Pernarec 88, 330 36 Pernarec, Česko",13.0984571,49.8423587
CZE,"Nerudova 915, 357 35 Chodov, Česko",12.7444556,50.2368123
CZE,"Kraslická 36, 356 01 Lomnice, Česko",12.6303495,50.2120894
CZE,"Halasova 765, 363 01 Ostrov, Česko",12.9482481,50.3043791
CZE,"Školní 183, 349 53 Bezdružice, Česko",12.9744332,49.9062511
CZE,"Waltrova 1013, 318 00 Plzeň 3, Česko",13.3259215,49.7410494
CZE,"Nový Kramolín 34, 344 01 Nový Kramolín, Česko",12.8047838,49.4774775
CZE,"Krymská 1722/8, 360 01 Karlovy Vary, Česko",12.8592123,50.2286221
CZE,"Dolní Žandov 37, 350 02 Dolní Žandov, Česko",12.5620363,50.0425328
CZE,"U Sklárny 140, 330 24 Heřmanova Huť, Česko",13.0859917,49.7112465
CZE,"Pavlovická 339, 345 26 Bělá nad Radbuzou, Česko",12.7165454,49.5938055
CZE,"362 72 Kyselka, Česko",12.9952389,50.2724004
CZE,"345 06 Němčice, Česko",13.0687452,49.4077064
CZE,"93, 363 01 Vojkovice, Česko",13.0199356,50.3046354
CZE,"U Dětské vesničky, 360 07 Karlovy Vary, Česko",12.8251423,50.2036875
CZE,"Husova 992, 362 51 Jáchymov, Česko",12.9308417,50.3634305
CZE,"Lipová cesta 1091, 358 01 Kraslice, Česko",12.5152836,50.332573
CZE,"Zámecká 227, 356 01 Staré Sedlo, Česko",12.7158774,50.1819392
CZE,"Mochtín 37, 339 01 Mochtín, Česko",13.3412995,49.3502083
CZE,"B. Němcové 857, 334 01 Přeštice, Česko",13.3335635,49.5793874
CZE,"Bezděkov 38, 339 01 Bezděkov, Česko",13.2261031,49.3809775
CZE,"Komenského 385, 340 22 Nýrsko, Česko",13.1256148,49.2935011
CZE,"Radonice 243, 431 55 Radonice, Česko",13.2816585,50.3001824
CZE,"Žitná 917, 432 01 Kadaň, Česko",13.2782536,50.3745059
CZE,"Klášterecká 1484, 432 01 Kadaň, Česko",13.2629022,50.3822164
CZE,"Osvračín 188, 345 61 Osvračín, Česko",13.0467215,49.5097257
CZE,"Gagarinova 202, 334 01 Přeštice, Česko",13.3317115,49.5799413
CZE,"Bolešiny 83, 339 01 Bolešiny, Česko",13.3598021,49.4082505
CZE,"333 01 Stod, Česko",13.1703056,49.6190097
CZE,"334 44 Dolní Lukavice, Česko",13.3441708,49.6019294
CZE,"Sklářská, 357 34 Nové Sedlo, Česko",12.7419627,50.2108299
CZE,"Krajková 22, 357 09 Krajková, Česko",12.5353248,50.2161714
CZE,"Školní 354, 351 35 Plesná, Česko",12.3475349,50.2221488
CZE,"Chudenín 54, 340 22 Nýrsko, Česko",13.101188,49.2944851
CZE,"Komenského 319, 357 09 Habartov, Česko",12.5493844,50.1789411
CZE,"Palackého 464, 340 22 Nýrsko, Česko",13.1361795,49.2879724
CZE,"Hazlov 119, 351 32 Hazlov, Česko",12.2751934,50.1584324
CZE,"Citice 200, 356 01 Citice, Česko",12.6156021,50.1585838
CZE,"Karla Čapka 119, 357 09 Habartov, Česko",12.5497481,50.1847555
CZE,"Školní 343, 340 12 Švihov, Česko",13.2785219,49.4818468
CZE,"Česká Kubice 15, 345 32 Česká Kubice, Česko",12.8586567,49.3694841
CZE,"Náměstí 129, 431 56 Mašťov, Česko",13.2807489,50.2626835
CZE,"Dlouhá 653, 357 31 Horní Slavkov, Česko",12.7978956,50.1378701
CZE,"Komenského 250, 340 22 Nýrsko, Česko",13.1372084,49.2902054
CZE,"Kralovická 1562, 323 00 Plzeň 1, Česko",13.3665523,49.7781638
CZE,"Kpt. Jaroše 581, 432 01 Kadaň, Česko",13.2706551,50.3803885
CZE,"Tř. 1. máje 56, 330 12 Horní Bříza, Česko",13.3561227,49.8403098
CZE,"Náměstí 41, 431 54 Vilémov, Česko",13.311956,50.300848
CZE,"Karla Čapka 769, 357 09 Habartov, Česko",12.5452379,50.1837084
CZE,"Dlouhá 620/1, 357 31 Horní Slavkov, Česko",12.803215,50.1385582
CZE,"Zahradní 315, 364 71 Bochov, Česko",13.0495375,50.1493605
CZE,"Školní 1479, 432 01 Kadaň, Česko",13.273763,50.3818935
CZE,"Málkov 53, 430 01 Málkov, Česko",13.3228862,50.4498191
CZE,"Školní 152, 364 64 Bečov nad Teplou, Česko",12.8384478,50.0827858
CZE,"Radošov 75, 362 72 Lázně Kyselka, Česko",12.9944193,50.2645284
CZE,"Bezvěrov 110, 330 41 Bezvěrov, Česko",13.0577895,49.9958427
CZE,"Dolany 34, 339 01 Klatovy, Česko",13.2487981,49.4424158
CZE,"Hřbitovní 401, 431 86 Kovářská, Česko",13.0533928,50.438964
CZE,"Drahotínská 223, 345 22 Poběžovice, Česko",12.7984074,49.5120349
CZE,"Komenského 98, 334 01 Přeštice, Česko",13.3275444,49.5725811
CZE,"348 06 Třemešné, Česko",12.6963709,49.6249405
CZE,"345 09 Pocinovice, Česko",13.1329225,49.343283
CZE,"Barvířská 1769, 358 01 Kraslice, Česko",12.5021746,50.3334414
CZE,"Smetanova 772, 334 01 Přeštice, Česko",13.3254835,49.576977
CZE,"Běšiny 171, 339 01 Běšiny, Česko",13.3071296,49.3035201
CZE,"K Rybníku 346, 354 91 Lázně Kynžvart, Česko",12.6266209,50.0069217
CZE,"Tři Sekery 79, 353 01 Tři Sekery, Česko",12.6127426,49.9419975
CZE,"Karla Steinera 27, 318 00 Plzeň 3-Skvrňany, Česko",13.3287363,49.7455516
CZE,"351 31 Libá, Česko",12.2361265,50.1244214
CZE,"Staré Sedliště 360, 348 01 Staré Sedliště, Česko",12.6890992,49.7441874
CZE,"Líšťany 9, 330 35 Líšťany, Česko",13.1814916,49.8326347
CZE,"Školní 549, 364 61 Teplá, Česko",12.8676348,49.9801343
CZE,"Žižkova, 357 01 Rotava, Česko",12.5581793,50.3034965
CZE,"Školní 26, 354 72 Drmoul, Česko",12.6640638,49.9370055
CZE,"Pionýrů 1344, 356 01 Sokolov, Česko",12.648877,50.1816887
CZE,"Úterý 16, 330 40 Úterý, Česko",13.0017935,49.938809
CZE,"Vintířov 181, 357 35 Vintířov, Česko",12.718546,50.232308
CZE,"Ledce 206, 330 14 Ledce, Česko",13.3300189,49.8241997
CZE,"Svojšín 35, 349 01 Svojšín, Česko",12.9096911,49.7671714
CZE,"Na Průhonu 552, 318 00 Plzeň 3, Česko",13.3327119,49.7361739
CZE,"Školní 15, 353 01 Drmoul, Česko",12.6627311,49.9376693
CZE,"Okružní, 357 09 Habartov, Česko",12.5545287,50.1822572
CZE,"Školní 139, 347 01 Halže, Česko",12.5840308,49.830754
CZE,"Podlesí 421, 357 03 Svatava, Česko",12.6135635,50.2006623
CZE,"Pohraniční stráže 193, 348 13 Chodová Planá, Česko",12.7293628,49.897024
CZE,"Školní 838, 330 26 Tlučná, Česko",13.2368844,49.7263726
CZE,"Milhostov 69, 350 02 Milhostov, Česko",12.4535524,50.1574482
CZE,"Sklářská 293, 357 34 Nové Sedlo, Česko",12.7426852,50.2105971
CZE,"Tovární 26, 351 37 Luby, Česko",12.3950848,50.2566066
CZE,"Sportovní 455, 357 33 Loket, Česko",12.7425771,50.1906888
CZE,"Macháčkova 905/45, 318 00 Plzeň 3-Skvrňany, Česko",13.3258977,49.7446824
CZE,"Sportovní 713, 357 31 Horní Slavkov, Česko",12.7952896,50.139244
CZE,"350 02 Milíkov, Česko",12.5470573,50.0564118
CZE,"U Pivovaru, 357 51 Kynšperk nad Ohří, Česko",12.5327745,50.1233982
CZE,"339 01 Dolany, Česko",13.24844,49.4445999
CZE,"nám. Krále Jiřího z Poděbrad 1/14, 350 02 Cheb, Česko",12.3711315,50.079029
CZE,"Lipová 128, 350 02 Lipová, Česko",12.4461537,50.036341
CZE,"Radniční 62, 357 07 Oloví, Česko",12.5558266,50.2445039
CZE,"345 33 Trhanov, Česko",12.8452307,49.4204097
CZE,"351 34 Nový Kostel, Česko",12.4348289,50.2175373
CZE,"357 09 Krajková, Česko",12.5210107,50.2221244
CZE,"Kvapilova, 339 01 Chudenice, Česko",13.1733725,49.4653293
CZE,"Smetanova 1, 357 07 Oloví, Česko",12.5601717,50.2454952
CZE,"Česká Kubice 9, 345 32 Česká Kubice, Česko",12.8658285,49.3596235
CZE,"Husova 1337, 432 01 Kadaň, Česko",13.2697726,50.3890521
CZE,"Kraslická 121, 356 01 Lomnice, Česko",12.6294044,50.2123503
CZE,"Milavče 122, 344 01 Milavče, Česko",12.978554,49.466303
CZE,"Kollárova 276, 356 04 Dolní Rychnov, Česko",12.6449775,50.1646239
CZE,"Okružní 111, 357 09 Habartov, Česko",12.551048,50.1813877
CZE,"B. Němcové 1633, 358 01 Kraslice, Česko",12.5052593,50.3370677
CZE,"Myslbekova 996, 363 01 Ostrov, Česko",12.952748,50.308418
CZE,"U Elektrárny 1777, 358 01 Kraslice, Česko",12.5178195,50.3193727
CZE,"Karlovarská 118, 362 36 Pernink, Česko",12.7844244,50.3649211
CZE,"Mašovice 5, 346 01 Meclov, Česko",12.898969,49.5146096
CZE,"Školní 312, 340 12 Švihov, Česko",13.2773797,49.4801998
CZE,"Přeštice 34, 334 01 Přeštice, Česko",13.2947591,49.5603276
CZE,"Komenského 107, 334 42 Chlumčany, Česko",13.3092154,49.6311718
CZE,"Stará Voda 125, 353 01 Stará Voda, Česko",12.5947059,49.9930396
CZE,"Nádražní 47, Dolní Pochlovice, 357 51 Kynšperk nad Ohří, Česko",12.5533746,50.1267172
CZE,"Školní 22, 349 52 Konstantinovy Lázně, Česko",12.9812867,49.8801393
CZE,"Školní 901, 330 23 Nýřany, Česko",13.2054299,49.7110964
CZE,"348 06 Rozvadov, Česko",12.6029581,49.6744818
CZE,"V Radčicích 51, 322 00 Plzeň 7-Radčice, Česko",13.3270592,49.7623138
CZE,"Př. Otakara 1813, 350 02 Cheb, Česko",12.3709956,50.0868354
CZE,"Školní 506, 348 02 Bor, Česko",12.7692937,49.7159484
CZE,"353 01 Tři Sekery, Česko",12.6194906,49.9346363
CZE,"Pod Školkou, 330 26 Tlučná, Česko",13.2364,49.7254157
CZE,"Záchlumí 1, 349 01 Záchlumí, Česko",12.9657988,49.7986368
CZE,"Slovenská 969, 347 01 Tachov, Česko",12.6370785,49.7984296
CZE,"Stromková 170, 322 00 Plzeň 7-Radčice, Česko",13.3257416,49.7652289
CZE,"Lipová 220, 348 16 Halže, Česko",12.5835493,49.8299807
CZE,"Ruská 155, 353 01 Mariánské Lázně, Česko",12.7019373,49.9757299
CZE,"Pernarec 66, 330 36 Pernarec, Česko",13.1012029,49.841806
CZE,"Chotíkov 173, 330 17 Chotíkov, Česko",13.3129637,49.7960757
CZE,"Chýšská 92, 439 83 Lubenec, Česko",13.3094277,50.1299812
CZE,"Okrouhlá 7, 350 02 Okrouhlá, Česko",12.4905358,50.0611937
CZE,"330 41 Bezvěrov, Česko",13.0690763,49.9863888
CZE,"Mírové nám. 264, Vlkýš, 330 24 Heřmanova Huť, Česko",13.089234,49.71164
CZE,"Hošťka 263, 348 06 Hošťka, Česko",12.5979098,49.6970306
CZE,"Lesná 163, 347 01 Lesná, Česko",12.5370294,49.7535645
CZE,"Třebeň 17, 351 34 Třebeň, Česko",12.4000682,50.1287072
CZE,"Dobrohostova 182, 345 25 Hostouň, Česko",12.770523,49.557741
CZE,"Sportovní 561, 357 33 Loket, Česko",12.7400073,50.1923425
CZE,"Lužany 23, 334 54 Lužany, Česko",13.3156186,49.5460052
CZE,"Bezděkov 166, 339 01 Bezděkov, Česko",13.2273671,49.3822905
CZE,"Dlouhá, 356 01 Královské Poříčí, Česko",12.6774509,50.191249
CZE,"Nová Ves 200, 364 64 Nová Ves, Česko",12.7720878,50.0836856
CZE,"Lípová 570, 431 51 Klášterec nad Ohří, Česko",13.1785855,50.3917126
CZE,"Postřekov 271, 345 35 Postřekov, Česko",12.805838,49.459366
CZE,"Chudenín 3, 340 22 Chudenín, Česko",13.1026385,49.2973578
CZE,"356 01 Sokolov, Česko",12.6734777,50.1670754
CZE,"Smetanova 218, 356 01 Březová, Česko",12.6482393,50.1459539
CZE,"Moravská 1926/10, 352 01 Aš, Česko",12.18863,50.2236121
CZE,"Pohraniční stráže 81, 357 03 Svatava, Česko",12.6267205,50.1906448
CZE,"171, 340 21 Strážov, Česko",13.2478363,49.3020164
CZE,"Masarykova, 357 34 Nové Sedlo, Česko",12.7378215,50.2070334
CZE,"Šabina 80, 356 01 Šabina, Česko",12.583558,50.135779
CZE,"Vrhaveč 96, 339 01 Vrhaveč, Česko",13.295479,49.3455165
CZE,"Gustava Geipela 870, 352 01 Aš, Česko",12.1852226,50.2199295
CZE,"Radniční 31, 357 07 Oloví, Česko",12.5563317,50.2445546
CZE,"345 06 Kdyně, Česko",13.040538,49.3902475
CZE,"18515, 339 01 Klatovy, Česko",13.2174272,49.4134419
CZE,"Lesní 545, 431 51 Klášterec nad Ohří, Česko",13.1861802,50.3930548
CZE,"Ulice Msgre. B. Staška 232, 344 01 Domažlice, Česko",12.923715,49.4393739
CZE,"Luženičky 48, 344 01 Luženičky, Česko",12.8921522,49.4652635
CZE,"Hradecká 395, 333 01 Stod, Česko",13.15838,49.6386873
CZE,"Komenského nám. 10, 333 01 Stod, Česko",13.1662313,49.6392402
CZE,"Domažlická, 345 61 Staňkov, Česko",13.0681636,49.5462341
CZE,"nám. Míru 36, 345 22 Poběžovice, Česko",12.8025809,49.5107439
CZE,"334 01 Přeštice, Česko",13.2922444,49.5614758
CZE,"Strážov 107, 340 21 Strážov, Česko",13.2476763,49.3028273
CZE,"Vilová 346/1, Bohatice, 360 04 Karlovy Vary, Česko",12.878146,50.239746
CZE,"Puclická, 345 61 Staňkov, Česko",13.0660715,49.553347
CZE,"Lipová 1192, 362 22 Nejdek, Česko",12.7434194,50.3181177
CZE,"Velichov 132, 363 01 Velichov, Česko",13.0071137,50.2803035
CZE,"Vítězná 725, 356 01 Sokolov, Česko",12.6448138,50.1744265
CZE,"Sadov 32, 360 01 Sadov, Česko",12.8898465,50.2721803
CZE,"Komenského 261, 362 35 Horní Blatná, Česko",12.7738781,50.3904334
CZE,"Barvířská 1771, 358 01 Kraslice, Česko",12.501466,50.333404
CZE,"363 01 Stráž nad Ohří, Česko",13.0503144,50.3384335
CZE,"Šemnice 29, 362 72 Šemnice, Česko",12.9722176,50.2396389
CZE,"Na Příkopě 599, 363 01 Ostrov, Česko",12.9542811,50.3036001
CZE,"Pňovany 97, 330 33 Pňovany, Česko",13.1229319,49.7756551
CZE,"Divadelní nám. 554/8, 350 02 Cheb, Česko",12.3667259,50.0770562
CZE,"Školní 647, 330 26 Tlučná, Česko",13.2341554,49.7272158
CZE,"Trnová 223, 330 13 Trnová, Česko",13.3197611,49.858893
CZE,"Klimentovská 230, 353 01 Velká Hleďsebe, Česko",12.6652225,49.9647014
CZE,"Útvina 153, 364 01 Útvina, Česko",12.9583239,50.069437
CZE,"Soběslavova 1426, 349 01 Stříbro, Česko",13.0009395,49.7595717
CZE,"Mládeže 384, 357 51 Kynšperk nad Ohří, Česko",12.5335878,50.1168351
CZE,"348 01 Staré Sedliště, Česko",12.6771831,49.7311833
CZE,"Kladenská 210, 357 31 Krásno, Česko",12.7903442,50.1111024
CZE,"Dr. Pavla Klementa 656, 330 23 Nýřany, Česko",13.2011513,49.7147544
CZE,"330 40 Úterý, Česko",12.9854285,49.9464397
CZE,"Dolní nám. 71, 330 33 Město Touškov, Česko",13.249065,49.7735595
CZE,"Borská 552, 348 02 Bor, Česko",12.7734651,49.7142588
CZE,"P. Jilemnického 728, 347 01 Tachov, Česko",12.6261977,49.7931421
CZE,"Všeruby 145, 330 16 Všeruby, Česko",13.2355013,49.8419246
CZE,"Vintířov 170, 357 35 Vintířov, Česko",12.718573,50.2322493
CZE,"Kostelec 34, 349 01 Kostelec, Česko",13.0424953,49.700002
CZE,"104 Trstěnice, Česko",12.6804855,49.918706
CZE,"Školní 525, 357 51 Kynšperk nad Ohří, Česko",12.5361002,50.1165226
CZE,"Sklářská 510, 357 34 Nové Sedlo, Česko",12.7425695,50.2100183
CZE,"Erpužice 21, 349 01 Erpužice, Česko",13.0363598,49.8067948
CZE,"Školní 121, 348 02 Bor, Česko",12.7721594,49.7127722
CZE,"Stromořadí 275, 334 41 Dobřany, Česko",13.2945561,49.6534607
CZE,"Sídliště 674, 357 01 Rotava, Česko",12.5520911,50.3041191
CZE,"U Koupaliště 811, 357 35 Chodov, Česko",12.7387374,50.2441127
CZE,"Lázeňská 86, 356 01 Královské Poříčí, Česko",12.6796942,50.1928516
CZE,"Česká 350, 351 01 Františkovy Lázně, Česko",12.345444,50.1244303
CZE,"Aš 116, 352 01 Aš, Česko",12.2098731,50.2069483
CZE,"Česká 273, 351 34 Skalná, Česko",12.3638071,50.1724932
CZE,"Štědrá 49, 364 52 Štědrá, Česko",13.1126779,50.0581478
CZE,"Soukenná 844, 351 24 Hranice, Česko",12.1749845,50.3069001
CZE,"Podhůrecká 542, Klatovy III, 339 01 Klatovy, Česko",13.2789221,49.398537
CZE,"Školní 737, 357 35 Chodov, Česko",12.745782,50.2401886
CZE,"Dlažov 60, 340 21 Dlažov, Česko",13.1654016,49.3629966
CZE,"Klenčí pod Čerchovem 207, 345 34 Klenčí pod Čerchovem, Česko",12.8174071,49.4372354
CZE,"Zahradní 471, 344 01 Domažlice, Česko",12.9237768,49.4368822
CZE,"Mrákov 61, 345 01 Mrákov, Česko",12.9529437,49.4040774
CZE,"Vrhaveč 72, 339 01 Vrhaveč, Česko",13.2953942,49.3455115
CZE,"Národních mučedníků 192, Klatovy IV, 339 01 Klatovy, Česko",13.3000284,49.3916924
CZE,"Trhanov 33, 345 33 Trhanov, Česko",12.8453905,49.4204206
CZE,"Úsilov 45, 345 06 Úsilov, Česko",13.1295112,49.3979503
CZE,"48, 344 01 Luženičky, Česko",12.8951312,49.4603797
CZE,"Žitná 615, 432 01 Kadaň, Česko",13.2784674,50.3745067
CZE,"Brnířov 41, 345 06 Brnířov, Česko",13.0493831,49.3802721
CZE,"Pasečnice 33, 344 01 Pasečnice, Česko",12.8929505,49.3964054
CZE,"Srbice 30, 345 43 Srbice, Česko",13.139794,49.5058121
CZE,"Osvračín 100, 345 61 Osvračín, Česko",13.0463733,49.5132059
CZE,"Hradec 139, 332 11 Hradec, Česko",13.119833,49.6370361
CZE,"Sokolská 799, 333 01 Stod, Česko",13.1591305,49.6407785
CZE,"Palackého, 363 01 Ostrov, Česko",12.9487381,50.3105312
CZE,"Družstevní 505, 334 42 Chlumčany, Česko",13.3094963,49.629302
CZE,"Oplot 69, 334 01 Přeštice, Česko",13.2743656,49.5798685
CZE,"Školní 148, Vlkýš, 330 24 Heřmanova Huť, Česko",13.0854134,49.7130811
CZE,"Závodu míru 1247, 362 21 Nejdek, Česko",12.7294585,50.327232
CZE,"Krymská 1740, 360 01 Karlovy Vary, Česko",12.8564565,50.2286186
CZE,"Stružná 58, 364 71 Stružná, Česko",13.0066457,50.1887031
CZE,"Lábkova 880, 318 00 Plzeň 3, Česko",13.3240205,49.7468029
CZE,"Čemínská 296, 330 33 Město Touškov, Česko",13.2500607,49.7768433
CZE,"Merklínská 5, Sedlec, 360 10 Karlovy Vary, Česko",12.8613812,50.2454834
CZE,"Cheb 18, 351 34 Cheb, Česko",12.3947823,50.104385
CZE,"Rovná 38, 356 01 Rovná, Česko",12.6688731,50.103951
CZE,"Školní 182, 351 01 Františkovy Lázně, Česko",12.3500392,50.1233811
CZE,"Školní 544, 364 61 Teplá, Česko",12.8696549,49.981448
CZE,"Husova 547, 362 21 Nejdek, Česko",12.725622,50.3213246
CZE,"349 01 Svojšín, Česko",12.9097633,49.7671892
CZE,"Tovární 743, 351 37 Luby, Česko",12.3988693,50.2563533
CZE,"Bukovany 145, 357 55 Bukovany, Česko",12.5739913,50.1626418
CZE,"Divadelní nám. 571/2, 350 02 Cheb, Česko",12.3680381,50.0764897
CZE,"Nečtiny 39, 33162, 331 62, Česko",13.165458,49.979011
CZE,"Sídl. U Pošty 682, Klatovy III, 339 01 Klatovy, Česko",13.2904009,49.3976205
CZE,"Smetanova 218, 357 61 Březová, Česko",12.6482326,50.1459522
CZE,"Kout na Šumavě 261, 345 02 Kout na Šumavě, Česko",13.0020138,49.4058096
CZE,"Úněšov 72, 330 38 Úněšov, Česko",13.1471061,49.883337
CZE,"Krásná 196, 352 01 Krásná, Česko",12.1710885,50.232503
CZE,"Zámecká 100, 356 01 Staré Sedlo, Česko",12.7148886,50.183277
CZE,"Kout na Šumavě 1, 345 02 Kout na Šumavě, Česko",13.0021939,49.4022857
CZE,"Neumannova 2560, 352 01 Aš, Česko",12.1924647,50.2200614
CZE,"Máchova 668, Klatovy III, 339 01 Klatovy, Česko",13.2801429,49.397379
CZE,"Masarykova 217, 357 34 Nové Sedlo, Česko",12.7375776,50.2062213
CZE,"Komenského 11, 356 01 Březová, Česko",12.6430549,50.1466904
CZE,"344 01 Babylon, Česko",12.8627492,49.3980992
CZE,"Chodská Lhota 83, 345 06 Chodská Lhota, Česko",13.083044,49.358382
CZE,"Běšiny 2, 339 01 Klatovy, Česko",13.3127284,49.3026427
CZE,"Vančurova 195, 346 01 Horšovský Týn, Česko",12.9315231,49.5321475
CZE,"Benešova 282, 344 01 Domažlice, Česko",12.9249805,49.4422397
CZE,"Mířkov 72, 346 01 Mířkov, Česko",12.8745384,49.5904444
CZE,"Tyršovo nám. 95/3, 357 33 Loket, Česko",12.7558089,50.1858272
CZE,"Kvíčovice 50, 345 62 Kvíčovice, Česko",13.070031,49.590091
CZE,"Pastýřská 522, 349 01 Stříbro, Česko",12.99811,49.7530509
CZE,"346 01 Blížejov, Česko",13.0441452,49.4831614
CZE,"Rooseweltova 315, 362 35 Abertamy, Česko",12.8221234,50.3706479
CZE,"Družstevní 332, 334 42 Chlumčany, Česko",13.3097702,49.6296622
CZE,"Puclice 1, 345 61 Puclice, Česko",13.0205141,49.5545591
CZE,"Kostelní 62, 347 01 Tachov, Česko",12.633081,49.7961487
CZE,"Kpt. Jaroše 141, Dvory, 360 06 Karlovy Vary, Česko",12.833869,50.22768
CZE,"347 01 Lesná, Česko",12.5595542,49.7683321
CZE,"Palackého 548, 349 01 Stříbro, Česko",13.003871,49.7568299
CZE,"Borovy 9, 334 01 Borovy, Česko",13.3016533,49.5241736
CZE,"Drahotínská 86, 345 22 Poběžovice, Česko",12.7975505,49.5112958
CZE,"Fibichova 777, Stará Role, 360 17 Karlovy Vary, Česko",12.839217,50.237578
CZE,"Nový Kostel 84, 351 34 Nový Kostel, Česko",12.4456489,50.2161875
CZE,"Školní 153, 349 52 Konstantinovy Lázně, Česko",12.9820645,49.880327
CZE,"Křižíkova 555, 353 01 Mariánské Lázně, Česko",12.7035704,49.9618306
CZE,"Mlýnská 231/23, 362 33 Hroznětín, Česko",12.8758209,50.3095701
CZE,"Pošumavská 1675, 347 01 Tachov, Česko",12.6382167,49.797899
CZE,"Nerudova 930, 362 21 Nejdek, Česko",12.7337305,50.3238249
CZE,"Mezirolí 67, 362 25 Nová Role, Česko",12.8160548,50.2718773
CZE,"Truhlářská 690, Stará Role, 360 17 Karlovy Vary, Česko",12.835403,50.242588
CZE,"Sídliště 681, 431 86 Kovářská, Česko",13.051044,50.4386412
CZE,"Podlesí 70, 357 03 Svatava, Česko",12.6189215,50.198777
CZE,"Mozartova 443, 360 01 Karlovy Vary, Česko",12.8841289,50.2323394
CZE,"Šafaříkova 17, 356 04 Dolní Rychnov, Česko",12.6442627,50.1641903
CZE,"Jakuba Husníka 527, 330 27 Vejprnice, Česko",13.2775443,49.7321942
CZE,"Mezholezy (dříve okres Horšovský Týn) 34, 346 01 Mezholezy (dříve okres Horšovský Týn), Česko",12.9050852,49.6235334
CZE,"Kostelec 91, 349 01 Kostelec, Česko",13.0250346,49.6745265
CZE,"Školní 211, 347 01 Halže, Česko",12.5839174,49.83027
CZE,"Ke Křížku 301 00, 301 00 Plzeň 10-Lhota, Česko",13.3200751,49.6915058
CZE,"Mládežnická 862, 360 05 Karlovy Vary, Česko",12.851915,50.235943
CZE,"Masarykova 1195, 363 01 Ostrov, Česko",12.9489805,50.3130339
CZE,"Rochlov 72, 330 23 Rochlov, Česko",13.1452928,49.7279746
CZE,"Staré Sedlo 60, 348 02 Staré Sedlo, Česko",12.8638015,49.665734
CZE,"Stromořadí 922, 334 41 Dobřany, Česko",13.289259,49.6513713
CZE,"Skalníkova 462, Úšovice, 353 01 Mariánské Lázně, Česko",12.7096734,49.950634
CZE,"Loudů 850, 334 41 Dobřany, Česko",13.2951963,49.6570147
CZE,"Klimentov 118, 354 71 Velká Hleďsebe, Česko",12.674803,49.9648839
CZE,"Poděbradova 396, 364 52 Žlutice, Česko",13.1601249,50.0887078
CZE,"Dolní Bělá 1, 33152, 331 52, Česko",13.279014,49.89873
CZE,"Stráž 281, 348 02 Stráž, Česko",12.7748987,49.6670351
CZE,"Dobrohostova 187, 345 25 Hostouň, Česko",12.7696953,49.5580396
CZE,"356 01 Citice, Česko",12.6157148,50.1587528
CZE,"Klenovská 312, 340 21 Janovice nad Úhlavou, Česko",13.219872,49.3426758
CZE,"2 2196, Malé nám., 350 02, Česko",12.3764342,50.0870429
CZE,"Chodský Újezd 25, 348 15 Chodský Újezd, Česko",12.6483797,49.8640499
CZE,"Sídliště 429, 364 01 Toužim, Česko",12.9853745,50.0616896
CZE,"Dnešice 110, 334 43 Dnešice, Česko",13.2687318,49.6029336
CZE,"Stadtrodská 1600, 347 01 Tachov, Česko",12.6445244,49.8009704
CZE,"Všeruby 156, 345 07 Všeruby, Česko",12.984346,49.3449448
CZE,"Havlíčkova 449, 348 15 Planá, Česko",12.7429779,49.8645422
CZE,"Merklín 86, 362 34 Merklín, Česko",12.8620363,50.3289536
CZE,"Nám. E. Destinové 32, Drahovice, 360 01 Karlovy Vary, Česko",12.8811772,50.2350276
CZE,"Lom u Tachova 63, 347 01 Lom u Tachova, Česko",12.6902985,49.8173021
CZE,"Moravská 10, 352 01 Aš, Česko",12.1885604,50.2235649
CZE,"Vrchlického 80, 356 01 Sokolov, Česko",12.6398844,50.1786668
CZE,"Mrákov 78, 345 01 Mrákov, Česko",12.9548076,49.4051236
CZE,"Klenčí pod Čerchovem 41, 345 34 Klenčí pod Čerchovem, Česko",12.8144251,49.4330177
CZE,"U Černínského zámku 270, 339 01 Chudenice, Česko",13.1730881,49.4687884
CZE,"Čapkova 728, 333 01 Stod, Česko",13.1673872,49.6404264
CZE,"Meclov 96, 345 21 Meclov, Česko",12.8856173,49.5035855
CZE,"Markova 576, 345 06 Kdyně, Česko",13.0392538,49.3951114
CZE,"Husova 731, 330 23 Nýřany, Česko",13.2089507,49.7118291
CZE,"15, Brandlova 948, 350 02 Cheb, Česko",12.3638996,50.077066
CZE,"Hornická 66, 360 01 Karlovy Vary, Česko",12.9185491,50.2049184
CZE,"Nový Kramolín 13, 344 01 Nový Kramolín, Česko",12.805043,49.4773709
CZE,"Poděbradova 53, 344 01 Domažlice, Česko",12.9325217,49.4417889
CZE,"U Školky 150, 330 22 Zbůch, Česko",13.225608,49.6803554
CZE,"Zahradní 280, 349 58 Černošín, Česko",12.8864452,49.8137606
CZE,"15, Gustava Geipela 1106, 352 01 Aš, Česko",12.1861057,50.2198143
CZE,"Prokopa Velikého 1255, 347 01 Tachov, Česko",12.6260187,49.7980658
CZE,"Mariánské Lázně 2, 353 01 Mariánské Lázně, Česko",12.7038703,49.9633642
CZE,"Školní 320, 334 52 Merklín, Česko",13.1988915,49.5626179
CZE,"Nohova 2201, 352 01 Aš, Česko",12.1944947,50.2131058
CZE,"Vochov 46, 330 23 Nýřany, Česko",13.2778749,49.7570052
CZE,"Puclická 37, 345 61 Staňkov I, Česko",13.065122,49.5535604
CZE,"Markova 523, 345 06 Kdyně, Česko",13.0382674,49.3955658
CZE,"Rozvadov 159, 348 06 Rozvadov, Česko",12.5572112,49.67178
CZE,"27, Komenského 642, 350 02 Cheb, Česko",12.3727859,50.079317
CZE,"Smetanova 620, 348 15 Planá, Česko",12.7438551,49.8702301
CZE,"Zahořany 12, 344 01 Zahořany, Česko",13.0006115,49.4352285
CZE,"Tyršova 1546, 347 01 Tachov, Česko",12.6312689,49.7926318
CZE,"Okružní 1580, 352 01 Aš, Česko",12.1793381,50.2211022
CZE,"Školní 248, 345 62 Holýšov, Česko",13.1059218,49.5942056
CZE,"Východní 485/6, 360 01 Karlovy Vary, Česko",12.8917203,50.2360931
CZE,"Soběslavova 1003, 349 01 Stříbro, Česko",12.9993726,49.7584265
CZE,"Palackého 224, 344 01 Domažlice, Česko",12.9173936,49.4374492
CZE,"Neumannova 19, 352 01 Aš, Česko",12.1923112,50.2201004
CZE,"348 01 Tisová, Česko",12.7133076,49.7654463
CZE,"P. Holého, 349 01 Stříbro, Česko",12.9960576,49.7551009
CZE,"Komenského 48, Doubí, 360 07 Karlovy Vary, Česko",12.8273569,50.2115665
CZE,"330 11 Žilov, Česko",13.305484,49.8393002
CZE,"Alšova 1746, 356 01 Sokolov, Česko",12.673339,50.1740268
CZE,"Kozolupy 159, 330 32 Kozolupy, Česko",13.2469939,49.76509
CZE,"K. H. Máchy 1050, 330 23 Nýřany, Česko",13.1980297,49.7132022
CZE,"Krymská 1739, 360 01 Karlovy Vary, Česko",12.8578861,50.2279974
CZE,"Skalníkova 518, 353 01 Mariánské Lázně, Česko",12.7111936,49.9500188
CZE,"Hlavní 440, 353 01 Mariánské Lázně, Česko",12.7015118,49.9625865
CZE,"Dobřanská 152, 330 21 Líně, Česko",13.2614872,49.6918064
CZE,"Pražská 112, 331 44 Kožlany, Česko",13.5443938,49.9948145
CZE,"Pod Továrnou 333, 331 51 Kaznějov, Česko",13.3777336,49.8893947
CZE,"Tyršova 127, 270 34 Čistá, Česko",13.5686113,50.0286374
CZE,"Lesní 500, 330 12 Horní Bříza, Česko",13.3846411,49.8482653
CZE,"Pikova 367, 338 28 Radnice, Česko",13.6036408,49.8576444
CZE,"Vřesinská 17, 326 00 Plzeň 2-Slovany, Česko",13.418526,49.7312477
CZE,"Černíkovice 5, 331 41 Černíkovice, Česko",13.5654098,49.9744752
CZE,"Oráčovská, 270 33 Jesenice, Česko",13.4768151,50.098962
CZE,"341 42 Zavlekov, Česko",13.4882179,49.3375462
CZE,"Družstevní 749, 336 01 Blovice, Česko",13.5343417,49.5828788
CZE,"Nezvěstice 105, 332 04 Nezvěstice, Česko",13.5186356,49.6408389
CZE,"Husovo nám. 100, 270 01 Kněževes, Česko",13.6376118,50.1461519
CZE,"Ejpovice 84, 337 01 Ejpovice, Česko",13.5142092,49.7451288
CZE,"Ke Špitálskému lesu, 312 00 Plzeň 4-Doubravka, Česko",13.4188179,49.7488436
CZE,"335 41 Vrčeň, Česko",13.6193663,49.5066186
CZE,"nám. Republiky 35, 301 00 Plzeň 3, Česko",13.3766106,49.7476758
CZE,"Skupova 423, 301 00 Plzeň 3-Doudlevce, Česko",13.3752789,49.7250032
CZE,"Americká 2404/30, 301 00 Plzeň 3-Jižní Předměstí, Česko",13.3766495,49.7432758
CZE,"U Školky 193, 335 03 Nepomuk, Česko",13.6046262,49.495541
CZE,"18213, 334 55 Horšice, Česko",13.3838303,49.5355762
CZE,"335 61 Spálené Poříčí, Česko",13.6076134,49.615027
CZE,"Sedliště 30, 335 01 Sedliště, Česko",13.6302642,49.5256519
CZE,"Doudlevecká 1692, 301 00 Plzeň 3, Česko",13.3798085,49.7375509
CZE,"Vrčeň 137, 335 41 Vrčeň, Česko",13.6193587,49.5066607
CZE,"Koperníkova, 301 00 Plzeň 3, Česko",13.3674575,49.7433211
CZE,"Brojova 2267, 326 00 Plzeň 2-Slovany-Východní Předměstí, Česko",13.4048944,49.7280333
CZE,"J. z Poděbrad 724, 341 01 Horažďovice, Česko",13.6996461,49.3231877
CZE,"Vacov 38, 384 86 Vacov, Česko",13.7309832,49.1370494
CZE,"Řenče 44, 334 01 Řenče, Česko",13.417027,49.5804428
CZE,"U Školy 92, 326 00 Plzeň 8-Černice, Česko",13.4179582,49.6967086
CZE,"332 05 Chválenice, Česko",13.4757364,49.6426374
CZE,"Brněnská 36, 323 00 Plzeň 1, Česko",13.3531429,49.7621921
CZE,"Zahradní 337, 340 04 Železná Ruda, Česko",13.2299554,49.1372434
CZE,"Vimperská 230, 341 92 Kašperské Hory, Česko",13.560346,49.145301
CZE,"Hořesedly 92, 270 04 Hořesedly, Česko",13.59916,50.1616269
CZE,"Raisova 829, 337 01 Rokycany, Česko",13.6011495,49.7445793
CZE,"Malická 469, 301 00 Plzeň 1-Severní Předměstí, Česko",13.3779507,49.7543768
CZE,"Dlouhá 38, 341 92 Kašperské Hory, Česko",13.55621,49.1429128
CZE,"Poštovní 412, 331 51 Kaznějov, Česko",13.3817625,49.8967992
CZE,"Františka Diepolta 1362, 269 01 Rakovník, Česko",13.739772,50.1012625
CZE,"384 73 Vacov, Česko",13.6542522,49.1330773
CZE,"Jesenická, 323 00 Plzeň 1, Česko",13.3747028,49.7785424
CZE,"Zd. Štěpánka 2232, 269 01 Rakovník, Česko",13.7388449,50.106856
CZE,"V Lukách 2166, 269 01 Rakovník, Česko",13.7171592,50.1060815
CZE,"Školní 250, 330 02 Dýšina, Česko",13.4971395,49.7797992
CZE,"V Hradbách 188, 269 01 Rakovník, Česko",13.733946,50.104154
CZE,"Osek 16, 338 21 Osek, Česko",13.5926945,49.7785655
CZE,"Nekvasovy 74, 335 47 Nekvasovy, Česko",13.6262364,49.4354019
CZE,"Tlumačov 102, 344 01 Tlumačov, Česko",12.9288509,49.4045841
CZE,"Chrášťany 182, 270 01 Chrášťany, Česko",13.6649987,50.145216
CZE,"337 01 Litohlavy, Česko",13.5577899,49.7678818
CZE,"Druztová 47, 330 07 Druztová, Česko",13.448543,49.797131
CZE,"Hartmanice 95, 342 01 Hartmanice, Česko",13.454703,49.1701284
CZE,"Žihobce 9, 342 01 Žihobce, Česko",13.63216,49.2151931
CZE,"Křížkova 469, 301 00 Plzeň 1, Česko",13.3779317,49.7543749
CZE,"Alej Svobody 923/80, 323 00 Plzeň 1-Severní Předměstí, Česko",13.3792082,49.7627503
CZE,"Železniční 486, 330 03 Chrást, Česko",13.4907489,49.7944673
CZE,"Tymákov 203, 332 01 Tymákov, Česko",13.5143781,49.7162682
CZE,"Prapořiště 100, 345 06 Kdyně, Česko",13.028842,49.3837546
CZE,"Jižní 373, 270 01 Kněževes, Česko",13.6408206,50.144273
CZE,"Sportovní 60, 340 04 Železná Ruda, Česko",13.2313552,49.1366673
CZE,"334 01 Pačejov, Česko",13.6260878,49.3872004
CZE,"270 31 Senomaty, Česko",13.6537153,50.097415
CZE,"Nerudova 776, 330 11 Třemošná, Česko",13.3962409,49.8133403
CZE,"Baarova, 301 00 Plzeň 3-Jižní Předměstí, Česko",13.3748672,49.7283577
CZE,"Žichlice 142, 330 11 Hromnice, Česko",13.456469,49.83883
CZE,"Černčice 3, 439 85 Petrohrad, Česko",13.436127,50.142217
CZE,"Pačejov 93, 341 01 Pačejov, Česko",13.6261011,49.3874577
CZE,"Sídliště 412, 364 01 Toužim, Česko",12.9864761,50.0611979
CZE,"Chříč 66, 331 41 Chříč, Česko",13.6475654,49.9734162
CZE,"Žichovice 57, 342 01 Žichovice, Česko",13.6252867,49.2674945
CZE,"Dešenice 151, 340 22 Dešenice, Česko",13.1729582,49.2756838
CZE,"270 35 Zavidov, Česko",13.6204297,50.0557101
CZE,"Druztová 42, 330 07 Druztová, Česko",13.450926,49.7955768
CZE,"Na Vinici II/395, 335 01 Nepomuk, Česko",13.586994,49.4910317
CZE,"Zdemyslice 36, 336 01 Zdemyslice, Česko",13.5193099,49.6073267
CZE,"Hradešice 81, 341 01 Hradešice, Česko",13.5984671,49.324912
CZE,"342 01 Hrádek, Česko",13.5166403,49.2918213
CZE,"335 01 Neurazy, Česko",13.5356168,49.4652976
CZE,"Losiná 270, 332 04 Nezvěstice, Česko",13.4538892,49.6701429
CZE,"342 01 Prášily, Česko",13.3844452,49.1570457
CZE,"Nalžovské Hory 135, 341 01 Nalžovské Hory, Česko",13.5477413,49.3288464
CZE,"Klatovská 129, 340 34 Plánice, Česko",13.4722771,49.3895769
CZE,"Letkov 51, 326 00 Letkov, Česko",13.4601088,49.7294835
CZE,"Chocenice 140, 336 01 Chocenice, Česko",13.5183305,49.5476849
CZE,"Školní 364, 330 08 Zruč-Senec, Česko",13.4240955,49.8057526
CZE,"Litohlavy 64, 337 01 Litohlavy, Česko",13.5625189,49.7689708
CZE,"Sídliště 591, 338 28 Radnice, Česko",13.6007855,49.8582061
CZE,"Kolinec 1, 341 42 Kolinec, Česko",13.4411444,49.299213
CZE,"Žinkovy 49, 335 54 Žinkovy, Česko",13.5031232,49.4820435
CZE,"Břeclavská 958, 323 00 Plzeň 1, Česko",13.356684,49.7608526
CZE,"Mládežníků 869, 330 11 Třemošná, Česko",13.3965988,49.813796
CZE,"Zavidov 36, 270 35 Zavidov, Česko",13.6202369,50.0556654
CZE,"270 32 Oráčov, Česko",13.5496457,50.1094559
CZE,"Břasy 311, 338 24 Břasy, Česko",13.576395,49.8241539
CZE,"Hromnice 27, 330 11 Hromnice, Česko",13.4397941,49.8480116
CZE,"Česká Bříza 168, 330 11 Česká Bříza, Česko",13.4307014,49.8272148
CZE,"Lesní 312, 330 12 Horní Bříza, Česko",13.3841451,49.8493001
CZE,"Za Sokolovnou 549, 338 28 Radnice, Česko",13.6026962,49.8575638
CZE,"Resslova 201, 301 00 Plzeň 3, Česko",13.3773664,49.7428079
CZE,"Baarova 2435/36, 301 00 Plzeň 3-Jižní Předměstí, Česko",13.3707111,49.7246214
CZE,"Kolinec 162, 341 42 Kolinec, Česko",13.4367643,49.2968338
CZE,"Chlum 64, 332 04 Chlum, Česko",13.4844453,49.6079166
CZE,"Dešenice 161, 340 22 Dešenice, Česko",13.172486,49.2759226
CZE,"Velhartice 162, 341 42 Kolinec, Česko",13.3882219,49.2642714
CZE,"nám. Míru 2443/4, 301 00 Plzeň 3, Česko",13.3715673,49.7316845
CZE,"Nádražní, 342 01 Sušice, Česko",13.5335646,49.2418222
CZE,"Smetanova 539, 332 03 Šťáhlavy, Česko",13.5043535,49.6701358
CZE,"Barvínková 403, 326 00 Plzeň 2-Slovany, Česko",13.4197757,49.707452
CZE,"Předslav 66, 339 01 Předslav, Česko",13.3556372,49.448149
CZE,"339 01 Čachrov, Česko",13.2906046,49.2378156
CZE,"Náves 98, 330 01 Kyšice, Česko",13.4848789,49.7551894
CZE,"Nad Dalmatinkou 922/1, 312 00 Plzeň 4, Česko",13.4118602,49.740979
CZE,"V Rybníčkách 592, 342 01 Sušice, Česko",13.5156822,49.2369535
CZE,"Korandova 1938, 301 00 Plzeň 3, Česko",13.3654368,49.7439947
CZE,"Čachrov 10, 339 01 Čachrov, Česko",13.3039438,49.2188934
CZE,"Komenského 1072/71, 323 00 Plzeň 1, Česko",13.3726875,49.773118
CZE,"Břasy 62, 338 24 Břasy, Česko",13.5744764,49.824171
CZE,"Školní 323, 270 33 Jesenice, Česko",13.4667075,50.0940247
CZE,"Žihle 26, 331 41 Žihle, Česko",13.3734441,50.0132529
CZE,"Mírová 557, 331 41 Kralovice, Česko",13.4844686,49.9841709
CZE,"Práce 686, 340 22 Nýrsko, Česko",13.1432628,49.2927069
CZE,"Zikmunda Wintra 1835, 301 00 Plzeň 3, Česko",13.3675973,49.7360474
CZE,"67, Mánesova 1574, 301 00 Plzeň 3, Česko",13.368644,49.7343794
CZE,"20137, 331 41 Sedlec, Česko",13.4248946,49.9949118
CZE,"112, Pražská, 331 44 Kožlany, Česko",13.5442964,49.9953286
CZE,"Žihle 178, 331 41 Žihle, Česko",13.3691893,50.0455314
CZE,"K Lomu 343, 332 09 Štěnovice, Česko",13.4054422,49.670301
CZE,"Dvořákova 2238, 301 00 Plzeň 3, Česko",13.3700449,49.7266845
CZE,"Budilovo nám. 72, 321 00 Plzeň 6-Litice, Česko",13.3524509,49.695228
CZE,"Ruská 2071, 326 00 Plzeň 2-Slovany, Česko",13.4008424,49.7260932
CZE,"Fibichova 290, 323 00 Plzeň 1, Česko",13.3773093,49.7702426
CZE,"Luďka Pika 429, 301 00 Plzeň 3, Česko",13.3752571,49.7220807
CZE,"Čachrov 10, 339 01 Klatovy, Česko",13.3038733,49.2632168
CZE,"Tylova 920, Sušice II, 342 01 Sušice, Česko",13.5106298,49.229764
CZE,"Kozojedy 1, 331 41 Kralovice, Česko",13.5468182,49.9298042
CZE,"Rybnice 105, 331 51 Rybnice, Česko",13.3730867,49.9118909
CZE,"Stará cesta 363, 331 01 Plasy, Česko",13.3953976,49.9354575
CZE,"Úslavská 80/276, 326 00 Plzeň 2-Slovany, Česko",13.3991184,49.7367097
CZE,"Blatno 4, 439 84 Blatno, Česko",13.3901778,50.0954467
CZE,"Mírová 605, 331 41 Kralovice, Česko",13.4845521,49.9842099
CZE,"Vrchlického 853, 332 02 Starý Plzenec, Česko",13.4757316,49.699048
CZE,"Družby 1057, 312 00 Plzeň 4, Česko",13.4149711,49.7507077
CZE,"Obora 82, 331 51 Obora, Česko",13.4138441,49.8892765
CZE,"Kyšická 178, 312 00 Plzeň 4, Česko",13.4340501,49.7579811
CZE,"Seč 54, 336 01 Seč, Česko",13.5040998,49.5878083
CZE,"Stará cesta 454, 331 01 Plasy, Česko",13.3950647,49.9351819
CZE,"Hodonínská 1057, 323 00 Plzeň 1, Česko",13.3514056,49.763105
CZE,"Neurazy 74, 335 55 Neurazy, Česko",13.5144804,49.4422045
CZE,"Dvořákova 2458, 301 00 Plzeň 3, Česko",13.3682823,49.7269534
CZE,"46, Komenského 1366, 323 00 Plzeň 1, Česko",13.3726607,49.7730986
CZE,"Školní 93, 340 12 Měčín, Česko",13.4050904,49.481013
CZE,"Sokolovská 840, 323 00 Plzeň 1, Česko",13.3673118,49.7697875
CZE,"Staniční 72, 312 00 Plzeň 4-Doubravka, Česko",13.4114506,49.7530384
CZE,"Zručská cesta 1326, 301 00 Plzeň 1-Bolevec, Česko",13.413058,49.7702897
CZE,"Resslova 648, 301 00 Plzeň 3, Česko",13.3771388,49.7412811
CZE,"Schwarzova 2329, 301 00 Plzeň 3, Česko",13.366232,49.7379182
CZE,"Topolová 1959, 326 00 Plzeň 2-Slovany, Česko",13.4033608,49.724949
CZE,"25, Republikánská 778, 312 00 Plzeň 4, Česko",13.4113324,49.7470229
CZE,"Spojovací 7, 326 00 Plzeň 2-Slovany, Česko",13.4030772,49.7306786
CZE,"Spojovací 1958, 326 00 Plzeň 2-Slovany, Česko",13.40354,49.7301907
CZE,"Tylova, 75111 Sušice, Česko",13.5109663,49.2293607
CZE,"6, Částkova 2140, 326 00 Plzeň 2-Slovany, Česko",13.3960588,49.7308944
CZE,"Smetanova 1095, 342 01 Sušice, Česko",13.5175949,49.2384406
CZE,"Dostojevského 4154, 430 01 Chomutov, Česko",13.4198144,50.4668882
CZE,"Krásný Dvůr 182, 439 72 Krásný Dvůr, Česko",13.3648941,50.2521927
CZE,"Žižkovo nám. 168, 269 01 Rakovník, Česko",13.732539,50.104477
CZE,"Pavlíkov 77, 270 21 Pavlíkov, Česko",13.736402,50.05515
CZE,"Lubná 228, 270 36 Lubná, Česko",13.7010884,50.0743627
CZE,"269 01 Olešná, Česko",13.7044569,50.1252962
CZE,"Žihle 178, 331 65 Žihle, Česko",13.36923,50.0454524
CZE,"U Sv. Jiljí 68, 269 01 Rakovník, Česko",13.7099469,50.10859
CZE,"Masarykovo nám. 252, 270 51 Lužná, Česko",13.7702971,50.125972
CZE,"Roztoky 195, 270 23 Roztoky, Česko",13.8689468,50.0264376
CZE,"Masarykova 211, 270 54 Řevničov, Česko",13.8087763,50.1854381
CZE,"Rabasova 128, 270 53 Krušovice, Česko",13.7749285,50.1745726
CZE,"Karlovarská 295, 439 82 Vroutek, Česko",13.3792844,50.1789892
CZE,"Měcholupská 2, 438 01 Holedeč, Česko",13.5583978,50.2782386
CZE,"Ohnivcova náves 71, 270 23 Městečko, Česko",13.8632114,50.0506963
CZE,"Františka Diepolta 1576, 269 01 Rakovník, Česko",13.7398509,50.1012189
CZE,"Račetice 44, 438 01 Račetice, Česko",13.3637999,50.3048466
CZE,"Křivoklát 201, 270 23 Křivoklát, Česko",13.8886032,50.0416651
CZE,"2378, 270 65 Srbeč, Česko",13.8735721,50.2250294
CZE,"Olešná 61, 269 01 Olešná, Česko",13.6959157,50.1293085
CZE,"Fügnerova 2051, 438 01 Žatec, Česko",13.5491552,50.3275363
CZE,"Tuchořice 15, 439 69 Tuchořice, Česko",13.6598846,50.2855823
CZE,"Ot. Březiny 2769, 438 01 Žatec, Česko",13.5416634,50.3193389
CZE,"V Brance 344, 270 62 Rynholec, Česko",13.9251496,50.1357425
CZE,"Roztoky 230, 270 23 Roztoky, Česko",13.8685915,50.0250204
CZE,"Vrbno nad Lesy 26, 439 06 Vrbno nad Lesy, Česko",13.9057886,50.3221239
CZE,"Jiřího Šotky 723, 271 01 Nové Strašecí, Česko",13.9021919,50.1551897
CZE,"Rakovnická 194, 271 01 Ruda, Česko",13.8760028,50.1391141
CZE,"Panenský Týnec 63, 439 05 Panenský Týnec, Česko",13.9190892,50.2927844
CZE,"Kounov 196, 270 06 Kounov, Česko",13.6723435,50.2140669
CZE,"Malcova 171, 270 64 Mšec, Česko",13.89836,50.2052642
CZE,"Chrášťany 68, 270 01 Chrášťany, Česko",13.6655888,50.1463801
CZE,"Křivoklát 123, 270 23 Křivoklát, Česko",13.8806066,50.037931
CZE,"439 69 Tuchořice, Česko",13.6573233,50.2863108
CZE,"Hřivice 88, 439 65 Hřivice, Česko",13.7332428,50.2872804
CZE,"237 15, 270 65 Srbeč, Česko",13.8834508,50.2242582
CZE,"Františka Diepolta 1362, Rakovník II, 269 01 Rakovník, Česko",13.7417397,50.100226
CZE,"2243, 439 85 Petrohrad, Česko",13.4361412,50.1422297
CZE,"Rakovnická 342, 270 52 Lišany, Česko",13.7404364,50.1494995
CZE,"Husovo nám., 270 01 Kněževes, Česko",13.6388892,50.145948
CZE,"Lidická 250, 270 07 Mutějovice, Česko",13.7061802,50.1957457
CZE,"Kolešovice 235, 270 02 Kolešovice, Česko",13.6113827,50.1383539
CZE,"270 08 Hředle, Česko",13.7506451,50.1916251
CZE,"Hředle 204, 270 08 Hředle, Česko",13.7479123,50.1900031
CZE,"Příčná 540, 439 81 Kryry, Česko",13.4246392,50.1759056
CZE,"439 67 Ročov, Česko",13.7699877,50.250706
CZE,"Rakovnická 115, 270 52 Lišany, Česko",13.741204,50.1470158
CZE,"Náměstí 122, 431 56 Mašťov, Česko",13.2796786,50.2625556
CZE,"Na Průhoně 127, 439 82 Vroutek, Česko",13.3802324,50.1787031
CZE,"270 06 Kounov, Česko",13.679137,50.2082087
CZE,"Olešná 160, 269 01 Olešná, Česko",13.6957037,50.1274027
CZE,"Masarykova 80, 270 54 Řevničov, Česko",13.8088932,50.1848416
CZE,"Lidická 204, 270 07 Mutějovice, Česko",13.7041501,50.1943241
CZE,"K Hájovně 333, 270 52 Lišany, Česko",13.7451471,50.1475574
CZE,"Krupá 201, 270 09 Krupá, Česko",13.7274605,50.1722834
CZE,"Knížete Václava 534, 439 23 Lenešice, Česko",13.7611347,50.3753922
CZE,"Svojetín 142, 270 04 Svojetín, Česko",13.6289798,50.1916909
CZE,"Domoušice 199, 439 68 Domoušice, Česko",13.7309631,50.2330545
CZE,"Československé armády 2371, 440 01 Louny, Česko",13.8153805,50.3561426
CZE,"Nesuchyně 22, 270 07 Nesuchyně, Česko",13.6880916,50.1795574
CZE,"Šamotka 259, 269 01 Rakovník, Česko",13.7576747,50.1114625
CZE,"Ročov 199, 439 67 Ročov, Česko",13.7713001,50.2496794
CZE,"Dykova 2210, 440 01 Louny, Česko",13.8225512,50.3566301
CZE,"Přemyslovců 2205, 440 01 Louny, Česko",13.7890784,50.3555518
CZE,"Šafaříkova 2539, 440 01 Louny, Česko",13.8070376,50.3583554
CZE,"Školská 447, 270 51 Lužná, Česko",13.7717924,50.1253772
CZE,"Jiráskovo nám. 495, 439 42 Postoloprty, Česko",13.6988292,50.3611118
CZE,"Všetaty 13, 270 21 Pavlíkov, Česko",13.7585217,50.0458598
CZE,"Kpt. Nálepky 2309, 440 01 Louny, Česko",13.7858581,50.3592079
CZE,"Zbiroh 35, 338 08 Zbiroh, Česko",13.7462134,49.8827828
CZE,"Průběžná 2312, 269 01 Rakovník, Česko",13.7276389,50.0928331
CZE,"nám. Gen. Svobody 78, 431 01 Spořice, Česko",13.391763,50.4408002
CZE,"Alešova 2451/1, 430 03 Chomutov, Česko",13.4003099,50.4631963
CZE,"Černovice 97, 430 01 Černovice, Česko",13.3585429,50.4474103
CZE,"Písečná 5072, 430 04 Chomutov, Česko",13.4404979,50.4871866
CZE,"Svatá Maří 2, 385 01 Svatá Maří, Česko",13.830045,49.0638616
CZE,"Čestice 148, 387 19 Čestice, Česko",13.805175,49.1705469
CZE,"Čkyně 155, 384 81 Čkyně, Česko",13.8307685,49.1131077
CZE,"Volenice 112, 387 16 Volenice, Česko",13.7514219,49.253417
CZE,"Růžová 5255, 430 04 Chomutov, Česko",13.4358663,50.4909775
CZE,"Kundratická 4623, 430 04 Chomutov, Česko",13.4132167,50.4752837
CZE,"387 16 Kraselov, Česko",13.7984642,49.233246
CZE,"Svéradice 100, 341 01 Svéradice, Česko",13.7384632,49.3736607
CZE,"Zahradní 5185, 430 04 Chomutov, Česko",13.4339563,50.4855015
CZE,"Srní 10, 341 92 Srní, Česko",13.4971585,49.0523989
CZE,"Klostermannova 385, 385 01 Vimperk, Česko",13.781716,49.0599637
CZE,"Vacov 124, 384 86 Vacov, Česko",13.7248337,49.1344335
CZE,"Záboří 44, 387 34 Záboří, Česko",13.8299985,49.3798948
CZE,"K. Weise 396, 385 01 Vimperk, Česko",13.781206,49.0555052
CZE,"Nerudova 1038, 431 11 Jirkov, Česko",13.4436878,50.4937889
CZE,"Studentská 1427, 431 11 Jirkov, Česko",13.4391405,50.4995248
CZE,"Čížkov 5, 335 64 Čížkov, Česko",13.6833276,49.5402022
CZE,"Klostermannova 365/22, 385 01 Vimperk, Česko",13.7820467,49.0596837
CZE,"Bohumilice 105, 384 81 Bohumilice, Česko",13.8139966,49.099161
CZE,"17. listopadu 4708, 430 04 Chomutov, Česko",13.4148682,50.4790951
CZE,"Jiráskova 4334, 430 03 Chomutov, Česko",13.4057616,50.4686427
CZE,"Čkyně 278, 384 81 Čkyně, Česko",13.8298989,49.1171021
CZE,"Školní 642, 337 01 Rokycany, Česko",13.5943928,49.7382528
CZE,"Otakara Březiny 2769, 438 01 Žatec, Česko",13.5428346,50.3194375
CZE,"Klostermannova 365/22, Vimperk II, 385 01 Vimperk, Česko",13.7766176,49.0614282
CZE,"Náměstí, 431 56 Mašťov, Česko",13.2804014,50.262706
CZE,"Příčná 419, 439 81 Kryry, Česko",13.4236367,50.1767876
CZE,"Studentská 1230, 438 01 Žatec, Česko",13.5495848,50.3219405
CZE,"1. máje 180, 385 01 Vimperk, Česko",13.7812611,49.0555191
CZE,"Bří Čapků 795, 441 01 Podbořany, Česko",13.4096643,50.2245596
CZE,"Hlubanská 321, 441 01 Podbořany, Česko",13.4051734,50.2282971
CZE,"MŠ, Žatecká 141, 438 01 Holedeč, Česko",13.5621929,50.2798444
CZE,"Nezabylice 32, 430 01 Nezabylice, Česko",13.4814281,50.4223977
CZE,"Krátká 178, 439 31 Měcholupy, Česko",13.5362536,50.2694657
CZE,"Okružní 200/200, Příbram VII, 261 01 Příbram, Česko",13.9902766,49.6772779
CZE,"Bohutín 141, 262 41 Bohutín, Česko",13.9674703,49.6640306
CZE,"Ondrákova 280, 261 01 Příbram, Česko",14.0188712,49.688972
CZE,"Jungmannova 91, Příbram III, 261 01 Příbram, Česko",14.0103932,49.6856993
CZE,"Láz 7, 262 41 Láz, Česko",13.9141432,49.6526737
CZE,"Třebízského 224, Plzeňské Předměstí, 337 01 Rokycany, Česko",13.593687,49.7445902
CZE,"Školní 131, 261 01 Příbram, Česko",13.9954374,49.6730757
CZE,"Fibichova 272, 261 01 Příbram, Česko",14.0181736,49.6913532
CZE,"Vrchlického 726/726, 388 01 Blatná, Česko",13.876711,49.4311534
CZE,"Obránců míru 467, 262 72 Březnice, Česko",13.9526908,49.5589801
CZE,"Šilhova 822, 388 01 Blatná, Česko",13.8864254,49.4296344
CZE,"nám. J. Kučery 69, 387 43 Bělčice, Česko",13.8765083,49.5029206
CZE,"Holečkova 410, 386 01 Strakonice, Česko",13.906839,49.2564602
CZE,"nám. Dr. Josefa Theurera 262, 261 01 Příbram, Česko",14.0172817,49.6878924
CZE,"Pod Stráží 535, 262 72 Březnice, Česko",13.9444953,49.5551847
CZE,"9. května 510, 262 72 Březnice, Česko",13.9523739,49.559844
CZE,"Komenského 256, 387 32 Sedlice, Česko",13.9430854,49.3738723
CZE,"Plánkova 430, Strakonice I, 386 01 Strakonice, Česko",13.9024784,49.2655969
CZE,"Doubravice 81, 387 35 Doubravice, Česko",13.8572434,49.3511676
CZE,"Stožec 710 38425, 384 25, Česko",14.0095018,49.108483
CZE,"Plánkova 353, Strakonice I, 386 01 Strakonice, Česko",13.9028494,49.264384
CZE,"Útěšovská 380, 387 73 Bavorov, Česko",14.0750529,49.1232974
CZE,"Na Návsi 31, 387 06 Malenice, Česko",13.8821702,49.126332
CZE,"Školní 164, 387 31 Radomyšl, Česko",13.9271949,49.3161929
CZE,"Prof. A. B. Svojsíka 892, 386 01 Strakonice, Česko",13.8997066,49.2674186
CZE,"Šumavská 264/264, Přední Ptákovice, 386 01 Strakonice, Česko",13.9144766,49.2495135
CZE,"Čepřovice 56, 387 56 Čepřovice, Česko",13.9746739,49.1554755
CZE,"384 01 Nebahovy, Česko",14.0532974,49.0055357
CZE,"Chlumany 60, 384 22 Vlachovo Březí, Česko",13.9629983,49.065548
CZE,"Chroboly 30, 384 04 Chroboly, Česko",14.0686536,48.9569134
CZE,"Skalka 180, 383 01 Prachatice, Česko",14.0009146,49.0172987
CZE,"Vitějovice 168, 384 27 Vitějovice, Česko",14.0730603,49.0447724
CZE,"Hracholusky 8, 383 01 Hracholusky, Česko",14.0873547,49.0583619
CZE,"Borová Lada 19, 384 92 Borová Lada, Česko",13.6587966,48.9902768
CZE,"Nová kolonie 117, 384 51 Volary, Česko",13.897047,48.9114665
CZE,"22, Albrechtická 503, 434 01 Most, Česko",13.6444267,50.4905755
CZE,"Revoluční 448, 384 51 Volary, Česko",13.8858242,48.9087383
CZE,"384 32 Lažiště, Česko",13.9243507,49.0363735
CZE,"39, Vít. Nezvala 2648, 434 01 Most, Česko",13.6376102,50.5019824
CZE,"Františka Malíka 974, 434 01 Most, Česko",13.6593342,50.4940736
CZE,"Kostnická 227, 384 21 Husinec, Česko",13.981884,49.0520687
CZE,"K. H. Borovského 1145/6, 434 01 Most, Česko",13.660562,50.5062497
CZE,"Bělehradská 532, 434 01 Most, Česko",13.6473707,50.5078488
CZE,"Lidická 44, 434 01 Most, Česko",13.6462755,50.492337
CZE,"Česká 674, Prachatice II, 383 01 Prachatice, Česko",13.9986546,49.0177204
CZE,"Krumlovská 223, 383 01 Prachatice, Česko",14.0023841,49.0098605
CZE,"Strážný 6, 384 43 Strážný, Česko",13.720958,48.9088535
CZE,"Zahradní 96, 383 01 Prachatice, Česko",14.0009143,49.0119341
CZE,"Župní 13, 266 01 Tetín, Česko",14.1005387,49.9499958
CZE,"Plavnická 300, 373 81 Kamenný Újezd, Česko",14.4500544,48.8963491
CZE,"Králův Dvůr 32, 267 01 Králův Dvůr, Česko",14.0366497,49.9366338
CZE,"Kollárova 597, Maršov, 417 42 Krupka, Česko",13.8844106,50.6839912
CZE,"53, 273 74, Česko",13.9259562,50.2709533
CZE,"Švermova 990, 419 01 Duchcov, Česko",13.7647403,50.6182924
CZE,"Rokosovského 236, 417 02 Dubí-Běhánky, Česko",13.8067667,50.6714135
CZE,"Rtýňská 156, 417 63 Žalany, Česko",13.9070543,50.5931088
CZE,"Strupčice 29, 431 14 Strupčice, Česko",13.533027,50.4712943
CZE,"25319 6, 417 72 Ledvice, Česko",13.7695987,50.5875979
CZE,"Husova 192, 411 11 Sulejovice, Česko",14.0408606,50.4977593
CZE,"Libochovany 181, 411 03 Libochovany, Česko",14.0438776,50.565752
CZE,"Žižkova 123, 435 13 Meziboří, Česko",13.6045968,50.6223887
CZE,"128, 417 04 Hrob, Česko",13.7140673,50.6576392
CZE,"Krátká 520, 417 12 Proboštov, Česko",13.829568,50.6668879
CZE,"Husovo nám. 17, 403 17 Chabařovice, Česko",13.9415011,50.6728689
CZE,"Chuderov 107, 400 02 Chuderov, Česko",14.044619,50.686716
CZE,"Sídliště 160, 417 23 Košťany, Česko",13.7443824,50.6692554
CZE,"Trnovanská 208/16, 417 31 Novosedlice, Česko",13.8237458,50.6573159
CZE,"Zabrušany 86, 417 71 Zabrušany, Česko",13.7886538,50.604408
CZE,"Bezručova 499, 411 13 Třebenice, Česko",13.9924,50.4784208
CZE,"Velemín 114, 41131, 411 31 Velemín, Česko",13.9772453,50.5416063
CZE,"Vrchlického 277, 435 11 Lom, Česko",13.6513559,50.6042806
CZE,"Hradiště 80, 415 01 Bžany, Česko",13.8711992,50.5945468
CZE,"384 92 Borová Lada, Česko",13.6717417,48.9812603
CZE,"Šumavské Hoštice 63, 384 71 Šumavské Hoštice, Česko",13.8722881,49.0398379
CZE,"Babice 40, 384 11 Babice, Česko",14.2371986,49.0267736
CZE,"Dlouhá 221, 373 61 Hrdějovice, Česko",14.4817722,49.023574
CZE,"Borová Lada 37, 384 92 Borová Lada, Česko",13.6688556,48.9875995
CZE,"Velké nám. 2, 383 01 Prachatice, Česko",13.997236,49.0127488
CZE,"Pabláskova 7-1, 370 01 České Budějovice, Česko",14.4688081,48.9655726
CZE,"Dubné 35, 373 84 Dubné, Česko",14.3574682,48.9743895
CZE,"28. října 2173, 440 01 Louny, Česko",13.8125896,50.3550503
CZE,"Riegrova 1812/1, 370 01 České Budějovice, Česko",14.4744291,48.9789347
CZE,"Lipenská 1978, České Budějovice 3, 370 01 České Budějovice, Česko",14.4832264,48.9768602
CZE,"U Kostela 39, 273 08 Pchery, Česko",14.1168822,50.1923661
CZE,"M. Chlajna 1347, 370 05 České Budějovice, Česko",14.4322874,48.9869161
CZE,"Liběšice 61, 439 63 Liběšice, Česko",13.621853,50.2939016
CZE,"Smetanovo nám. 1200, 274 01 Slaný, Česko",14.0841172,50.2326438
CZE,"Tuřany 32, 273 79 Tuřany, Česko",14.0282806,50.2326459
CZE,"Nová 8, 273 74 Klobuky, Česko",13.9903556,50.294568
CZE,"89, 440 01, Česko",13.8037619,50.3549325
CZE,"Na Městečku 50, 439 09 Slavětín, Česko",13.9077097,50.3505312
CZE,"Plav 175, 370 07 Plav, Česko",14.4922342,48.9048963
CZE,"nám. Pod Lipami, 273 71 Zlonice, Česko",14.0917045,50.2858193
CZE,"Svatojánské nám. 22, 439 09 Slavětín, Česko",13.9067831,50.3494929
CZE,"Hlavní 6, 438 01 Nové Sedlo, Česko",13.4762666,50.3403472
CZE,"Ločenice 86, 373 22 Ločenice, Česko",14.527606,48.8242117
CZE,"V. Špály 672, České Budějovice 5, 370 06 České Budějovice, Česko",14.503203,48.9696145
CZE,"Náměstí M. Tyrše 56, 439 02 Cítoliby, Česko",13.8129044,50.3305467
CZE,"Nová Ves 53, 373 15 Nová Ves, Česko",14.528002,48.9218731
CZE,"U Pramene 1882, České Budějovice 5, 370 06 České Budějovice, Česko",14.5127427,48.9649897
CZE,"Železničářská 1930, 370 06 České Budějovice, Česko",14.5021523,48.9740041
CZE,"Na Výsluní 84, Přítkov, 417 12 Proboštov, Česko",13.8270949,50.6799503
CZE,"Horní Vltavice 19, 384 91 Horní Vltavice, Česko",13.758084,48.9549744
CZE,"Mlýnská 128, 417 04 Hrob, Česko",13.7306142,50.6617379
CZE,"Krokova 166, 370 06 České Budějovice, Česko",14.4962816,48.9697647
CZE,"1, Kamenná 1430, 400 03 Ústí nad Labem-Střekov, Česko",14.0636513,50.6563193
CZE,"Lípová 528, 417 42 Krupka, Česko",13.8734331,50.684544
CZE,"Mlýnská, 403 31 Ústí nad Labem-Neštěmice, Česko",14.1064426,50.6754648
CZE,"Ústecká 80, 417 42 Krupka, Česko",13.896352,50.6740822
CZE,"E. Destinové 2027, 400 01 Ústí nad Labem-město, Česko",14.0275683,50.6707147
CZE,"Wolkerova 856, 273 51 Unhošť, Česko",14.1336038,50.0861184
CZE,"Zaječov 358, 267 63 Zaječov, Česko",13.843748,49.767405
CZE,"Školní 242, 267 42 Broumy, Česko",13.8530031,49.9506957
CZE,"273 63 Bratronice, Česko",14.0124661,50.0671858
CZE,"Mládeže 1102, Beroun-Město, 266 01 Beroun, Česko",14.0505583,49.9544182
CZE,"Kařez 199, 338 08 Kařez, Česko",13.7794462,49.8362525
CZE,"Starý Plzenec 81, 332 02 Starý Plzenec, Česko",13.4892546,49.6927012
CZE,"Jungmannova 292, 267 01 Králův Dvůr, Česko",14.0309116,49.9478287
CZE,"Obecnice 255, 262 21 Obecnice, Česko",13.9487746,49.715759
CZE,"Křivoklát 157, 270 23 Křivoklát, Česko",13.8659442,50.0307822
CZE,"Suchodol 39, 261 01 Suchodol, Česko",14.0834515,49.7256306
CZE,"Tyršova 130, Počaply, 267 01 Králův Dvůr, Česko",14.0221968,49.9410696
CZE,"Školní 143, Příbram VIII, 261 01 Příbram, Česko",13.9977329,49.6736454
CZE,"338 44 Dobřív, Česko",13.6765659,49.7165377
CZE,"Seydlovo nám. 24, 266 01 Beroun, Česko",14.0713513,49.9640213
CZE,"Hluboš 116, 262 22 Hluboš, Česko",14.0177611,49.7449182
CZE,"Hornická 327, 261 01 Příbram, Česko",14.0174763,49.6892005
CZE,"Buzulucká 480, 267 62 Komárov, Česko",13.8578541,49.8073677
CZE,"Valdštejnská 2126, 436 01 Litvínov, Česko",13.6073625,50.6008169
CZE,"Holoubkov 14, 338 01 Holoubkov, Česko",13.6950358,49.7760463
CZE,"11417, 261 01 Suchodol, Česko",14.0521473,49.7077571
CZE,"Masarykova 90, 411 15 Třebívlice, Česko",13.8987792,50.4588911
CZE,"Vchynice 100, 410 02 Vchynice, Česko",14.0222711,50.5126303
CZE,"Jitřní 277, 403 21 Ústí nad Labem-Střekov, Česko",14.0754441,50.6252617
CZE,"Zlatá stezka 42, 403 21 Ústí nad Labem-Střekov, Česko",14.0783359,50.6211481
CZE,"Nová výstavba 168, 435 21 Obrnice, Česko",13.6969257,50.5030639
CZE,"Bezručova 1710, 436 01 Litvínov, Česko",13.6169599,50.6062074
CZE,"Rtyně nad Bílinou 64, 417 62 Rtyně nad Bílinou, Česko",13.9122145,50.6011739
CZE,"Vrchlického 372, 435 11 Lom, Česko",13.6533076,50.6002715
CZE,"Ústecká 123, 410 02 Malé Žernoseky, Česko",14.0512053,50.5334299
CZE,"č. p. 191, 435 22 Braňany, Česko",13.7117139,50.5402049
CZE,"Sklářská 81, Hamr, 435 42 Litvínov, Česko",13.573761,50.5919508
CZE,"Jirkov 11, 431 11 Jirkov, Česko",13.45085,50.5111877
CZE,"Ledce 55, 273 05 Ledce, Česko",14.0205054,50.1971705
CZE,"Dubice 79, 400 02 Řehlovice, Česko",14.0156195,50.5958406
CZE,"Lacinova 2408, 272 01 Kladno, Česko",14.1156446,50.1354689
CZE,"17, K. Šatala 2263, České Budějovice 3, 370 10 České Budějovice, Česko",14.4851566,49.0091905
CZE,"Herbenova 1386, 272 01 Kladno, Česko",14.1111429,50.1369605
CZE,"Jaroslava Šípka 387, 273 03 Stochov, Česko",13.9541787,50.1476609
CZE,"Herbenova 1900, 272 01 Kladno, Česko",14.1102451,50.1368193
CZE,"Divadelní 1740, 272 01 Kladno, Česko",14.1100539,50.1451416
CZE,"Riegrova 28, 370 06 České Budějovice, Česko",14.4825023,48.97816
CZE,"Krumlovská, 383 01 Prachatice, Česko",14.0098971,49.0048141
CZE,"K Nemocnici 2306, 272 01 Kladno, Česko",14.0931776,50.1435388
CZE,"Lažiště 93, 384 32 Lažiště, Česko",13.9243717,49.0363691
CZE,"Litvínovice 49, 370 01 Litvínovice, Česko",14.4342903,48.9641467
CZE,"384 11 Lhenice, Česko",14.2125095,49.0178169
CZE,"Neplachova 812, 370 04 České Budějovice, Česko",14.4671274,48.9858566
CZE,"Jungmannova 171, 267 01 Králův Dvůr, Česko",14.0315981,49.9482285
CZE,"Jírovcova 967, 370 01 České Budějovice, Česko",14.4773159,48.9788324
CZE,"Tovární 80, 266 01 Beroun, Česko",13.989841,49.9544735
CZE,"Příbramská 163, 267 24 Neumětely, Česko",14.0279392,49.8509634
CZE,"Osov 93, 267 25 Osov, Česko",14.0850513,49.8473868
CZE,"Ke Koupališti 115, 267 61 Cerhovice, Česko",13.830364,49.8468342
CZE,"Preislerova 1335, 266 01 Beroun, Česko",14.058069,49.9586008
CZE,"Na Dražkách 178, 267 61 Cerhovice, Česko",13.8291713,49.8512215
CZE,"267 26 Všeradice, Česko",14.1053088,49.8704971
CZE,"Tlustice 148, 268 01 Tlustice, Česko",13.8882882,49.8527446
CZE,"267 07 Chyňava, Česko",14.0740072,50.0272968
CZE,"Jirkovská 119, 431 41 Údlice, Česko",13.4566699,50.4410441
CZE,"Školní 132, 439 26 Libčeves, Česko",13.8331266,50.4542793
CZE,"Postoloprtská 100, 439 49 Staňkovice, Česko",13.573205,50.3512727
CZE,"Pod Hájem 372, 267 01 Králův Dvůr, Česko",14.0315597,49.9494584
CZE,"Studentská 2628, 438 01 Žatec, Česko",13.5436993,50.3219226
CZE,"Bitozeves 89, 440 01 Bitozeves, Česko",13.6466853,50.3746541
CZE,"306, Droužkovická, 431 41 Údlice, Česko",13.4551077,50.4359815
CZE,"Knížete Václava 2, 439 23 Lenešice, Česko",13.7609924,50.3759137
CZE,"Koštice 53, 439 21 Koštice, Česko",13.9416045,50.4027785
CZE,"431 43 Hrušovany, Česko",13.4883352,50.3999873
CZE,"Ostrov 2283, 438 01 Žatec, Česko",13.5374042,50.3313147
CZE,"Středohor 344, 440 01 Dobroměřice, Česko",13.7890915,50.3714741
CZE,"Havraň 42, 434 01 Havraň, Česko",13.5959163,50.4442387
CZE,"Nezablice 61, Hořenec, 430 01 Nezabylice, Česko",13.4758268,50.4234779
CZE,"Školní 300, 435 43 Horní Jiřetín, Česko",13.5506081,50.5727975
CZE,"411 12 Čížkovice, Česko",14.0284991,50.484113
CZE,"Rudé Armády, 403 01 Dolní Zálezly, Česko",14.0405858,50.5955035
CZE,"Želénky 43, 417 71 Zabrušany, Česko",13.780926,50.5973504
CZE,"Školní 133, 417 54 Kostomlaty pod Milešovkou, Česko",13.873699,50.5611571
CZE,"Lipí 19, 373 84 Lipí, Česko",14.3546702,48.950484
CZE,"Velké Žernoseky 159, 412 01 Velké Žernoseky, Česko",14.0647799,50.5409515
CZE,"Kubátova 122, 417 22 Háj u Duchcova, Česko",13.7098331,50.632696
CZE,"Keblice 68, 410 02 Keblice, Česko",14.1019185,50.4801618
CZE,"Nové Domky 254, 382 41 Kaplice, Česko",14.4878326,48.7343138
CZE,"1. máje 0000, 382 41 Kaplice, Česko",14.4886091,48.7448049
CZE,"Jeníkov 21, 417 24 Jeníkov, Česko",13.750826,50.6283178
CZE,"Újezd 85, 267 61 Újezd, Česko",13.8362796,49.8324461
CZE,"Tovární 517, 417 01 Dubí, Česko",13.7959641,50.6731684
CZE,"Drahlín 92, 261 01 Drahlín, Česko",13.9688779,49.7321532
CZE,"nám. Republiky 3, 267 23 Lochovice, Česko",13.977551,49.8491909
CZE,"J. Fučíka 40, 431 59 Vysoká Pec, Česko",13.4693067,50.5242478
CZE,"Dukel. hrdinů 295, Maršov, 417 42 Krupka, Česko",13.8828992,50.6867553
CZE,"Volduchy 121, 338 22 Volduchy, Česko",13.6246769,49.7742956
CZE,"Kařez 185, 338 08 Kařez, Česko",13.7806972,49.8210587
CZE,"Vojanova 594, 400 07 Ústí nad Labem-Neštěmice, Česko",14.0675796,50.6707583
CZE,"Březnická 88, 261 01 Příbram, Česko",14.0067468,49.6817487
CZE,"267 61 Újezd, Česko",13.83633,49.8331848
CZE,"Škroupova 307/7, 400 01 Ústí nad Labem-město, Česko",13.9881547,50.6628418
CZE,"Rozcestí 786, 400 07 Ústí nad Labem-Neštěmice, Česko",14.0960658,50.6702046
CZE,"Janovská 491, 338 43 Mirošov, Česko",13.6646179,49.7029563
CZE,"Dobřív 140, 338 44 Dobřív, Česko",13.682376,49.7124102
CZE,"411 03 Libochovany, Česko",14.043768,50.5657784
CZE,"Vrbnovská 1351, 268 01 Hořovice, Česko",13.9086344,49.8390903
CZE,"261 01 Podlesí, Česko",13.9720902,49.7049435
CZE,"Pod Vodojemem, 400 10 Ústí nad Labem-město-Všebořice, Česko",13.994929,50.6831799
CZE,"Důlní 198, 338 43 Mirošov, Česko",13.6630704,49.7034567
CZE,"Švermova 22, 417 25 Lahošť, Česko",13.7644067,50.6184421
CZE,"338 42 Kamenný Újezd, Česko",13.618065,49.7228296
CZE,"Dr. Foustky 806, 272 01 Kladno, Česko",14.1090702,50.1366858
CZE,"Prackovice nad Labem 5, 411 33 Prackovice nad Labem, Česko",14.0324389,50.5691437
CZE,"Jiráskova 457, Švermov, 273 09 Kladno, Česko",14.097725,50.166564
CZE,"C. Boudy 284, 274 01 Slaný, Česko",14.072601,50.2290362
CZE,"Pražská 166, 400 01 Ústí nad Labem-město, Česko",14.0558725,50.6243074
CZE,"Velká okružní 1343, 419 01 Duchcov, Česko",13.7481941,50.6106156
CZE,"Maxima Gorkého, 434 01 Most, Česko",13.6438321,50.4983619
CZE,"Hornická 410/410, 273 03 Stochov, Česko",13.9527285,50.1457124
CZE,"Kubatova 2202/1, České Budějovice 3, 370 04 České Budějovice, Česko",14.4667002,48.9807843
CZE,"L. Kuby 1165/48, Rožnov, 370 07 České Budějovice, Česko",14.468478,48.950068
CZE,"Školní 284, 384 02 Lhenice, Česko",14.1496308,48.9928563
CZE,"Na Vyhaslém 3197, 272 01 Kladno, Česko",14.0890052,50.1542205
CZE,"B. Němcové 74, 370 01 České Budějovice, Česko",14.4685115,48.9573453
CZE,"Šumavské Hoštice 64, 384 71 Šumavské Hoštice, Česko",13.8710268,49.0396823
CZE,"Klapý 85, 411 16 Klapý, Česko",14.0031017,50.434134
CZE,"Studentská 1416, 438 01 Žatec, Česko",13.5502727,50.322379
CZE,"Podměstí 2169, 438 01 Žatec, Česko",13.5358157,50.3291114
CZE,"Fügnerova 260, 438 01 Žatec, Česko",13.549287,50.3269417
CZE,"Šindlovy Dvory 40, 370 01 České Budějovice, Česko",14.4351186,48.9635774
CZE,"Otakarova 2021, 370 01 České Budějovice, Česko",14.4799748,48.9769345
CZE,"Hlavní 3, 438 01 Nové Sedlo, Česko",13.4759889,50.3416467
CZE,"Husova 2061, 438 01 Žatec, Česko",13.5331447,50.3137478
CZE,"1. máje 771, 382 41 Kaplice, Česko",14.4891807,48.7440738
CZE,"Jiráskovo nám. 491, 439 42 Postoloprty, Česko",13.699305,50.3621933
CZE,"Kališnická 1429, 370 08 České Budějovice, Česko",14.4902544,48.9582196
CZE,"Chroboly 92, 384 04 Chroboly, Česko",14.0671158,48.9565093
CZE,"Nové Domky 643, 382 41 Kaplice, Česko",14.4902436,48.736806
CZE,"U školky, Poplze, 411 17 Libochovice, Česko",14.044161,50.3992001
CZE,"Roudné 122, 370 07 České Budějovice, Česko",14.4875836,48.9339852
CZE,"Zeměchy 44, 440 01 Jimlín, Česko",13.7489667,50.3293742
CZE,"Lenora 86, 384 42 Lenora, Česko",13.798173,48.9220125
CZE,"439 05 Panenský Týnec, Česko",13.9175204,50.2945816
CZE,"Zeyerova 33, 370 01 České Budějovice, Česko",14.4805765,48.9639367
CZE,"gen. Sokolovského 422, 373 82 Včelná, Česko",14.4586151,48.9230052
CZE,"K Zámku 18, 439 26 Libčeves, Česko",13.8372461,50.4517542
CZE,"Budovatelská 301, 373 81 Kamenný Újezd, Česko",14.4496048,48.8938595
CZE,"Brloh 149, 382 06 Brloh, Česko",14.2185522,48.9258823
CZE,"Na Dražkách 217, 267 61 Cerhovice, Česko",13.8291848,49.8511844
CZE,"382 32 Střítež, Česko",14.434862,48.7760928
CZE,"Dolní Dvořiště 135, 382 72 Dolní Dvořiště, Česko",14.4477307,48.6574429
CZE,"382 93 Horní Dvořiště, Česko",14.4082905,48.6079341
CZE,"Náměstí 52, 382 73 Vyšší Brod, Česko",14.3113964,48.613333
CZE,"Netřebice 78, 382 32 Netřebice, Česko",14.4549916,48.7922743
CZE,"Pod Homolkou 1436, 266 01 Beroun, Česko",14.0508928,49.9589116
CZE,"Zahradní, 267 51 Zdice, Česko",13.9804702,49.9129042
CZE,"Hradní 66, 266 01 Tetín, Česko",14.1037752,49.949163
CZE,"Ke Kostelu 77, 273 62 Družec, Česko",14.0458049,50.1042636
CZE,"Chříč 28, 331 41 Chříč, Česko",13.6905303,49.9608359
CZE,"Československé armády 383, 267 51 Zdice, Česko",13.9795442,49.9055926
CZE,"1, Talichova 807, Beroun-Město, 266 01 Beroun, Česko",14.071301,49.9670157
CZE,"Pod Homolkou 1437, 266 01 Beroun, Česko",14.050215,49.9588865
CZE,"K Sídlišti 80, 267 21 Tmaň, Česko",14.0338321,49.9070726
CZE,"Cheznovice 136, 338 06 Cheznovice, Česko",13.780136,49.7786005
CZE,"Drozdov 106, 267 61 Drozdov, Česko",13.8402467,49.8607638
CZE,"Pod Šachtami 336, 261 01 Příbram, Česko",13.9984548,49.6863883
CZE,"1. máje 37, 338 42 Hrádek, Česko",13.6420625,49.7127025
CZE,"Školní 301, 338 43 Mirošov, Česko",13.6583537,49.6849932
CZE,"Sídliště 216, 417 23 Košťany, Česko",13.7470245,50.6698045
CZE,"Holoubkov 157, 338 01 Holoubkov, Česko",13.6867472,49.7739629
CZE,"262 25 Pičín, Česko",14.0564737,49.7445534
CZE,"403 38 Telnice, Česko",13.9625832,50.7289411
CZE,"Zd. Petříka 1756, 272 01 Kladno, Česko",14.0925256,50.14161
CZE,"Na Spálence 1022/27, 400 01 Ústí nad Labem-město, Česko",14.0125474,50.6671192
CZE,"Studentská 6, 403 31 Ústí nad Labem-Neštěmice, Česko",14.100658,50.6714143
CZE,"Školní 273 61, 273 61 Velká Dobrá, Česko",14.0734646,50.1191335
CZE,"Doberská 323, Rozdělov, 272 04 Kladno, Česko",14.0688897,50.1397515
CZE,"Nám. Starosty Pavla 44, 272 01 Kladno, Česko",14.1033577,50.1473955
CZE,"Školní 39, Mstišov, 417 03 Dubí, Česko",13.778495,50.6663954
CZE,"274 01 Slaný, Česko",14.1030926,50.2567647
CZE,"Chyňava 14, 267 07 Chyňava, Česko",14.0737504,50.027179
CZE,"273 09 Kladno, Česko",14.1037061,50.1648546
CZE,"Školní 223, 382 32 Velešín, Česko",14.4604409,48.8294471
CZE,"Sokolská 230, 273 64 Doksy, Česko",14.0432151,50.1183657
CZE,"Brjanská 3077, 272 04 Kladno, Česko",14.0729043,50.1436467
CZE,"Lužice 97, 435 24 Lužice, Česko",13.7516958,50.4920326
CZE,"Radošovice 7, 373 41 Radošovice, Česko",14.2733741,49.0196806
CZE,"46, E. Destinové 2/1138, 370 05 České Budějovice, Česko",14.4473359,48.9803584
CZE,"P. J. Šafaříka 844, České Budějovice 7, 370 07 České Budějovice, Česko",14.4663659,48.9561183
CZE,"Hosín 41, 373 41 Hosín, Česko",14.4758679,49.0359719
CZE,"Velemín 2, 41132 Velemín - Milešov, 411 32 Velemín, Česko",13.9398024,50.5390261
CZE,"Čakov 19, 373 84 Čakov, Česko",14.3073135,48.9811701
CZE,"Náměstí Přemysla Otakara II č. 1, 2 České Budějovice, Česko",14.473125,48.9743176
CZE,"Husova 308, 417 52 Hostomice, Česko",13.8104759,50.588151
CZE,"Obecní 17, 431 11 Otvice, Česko",13.4526491,50.4802124
CZE,"Školská 104, 435 42 Litvínov, Česko",13.562488,50.5919386
CZE,"Mírová 224, 435 13 Meziboří, Česko",13.595107,50.623925
CZE,"Hrobčice 61, 417 57 Hrobčice, Česko",13.7903242,50.5168324
CZE,"Síbova 225/23, Újezdské Předměstí, 418 01 Bílina, Česko",13.7676786,50.5412426
CZE,"Mládežnická 220, Hamr, 435 42 Litvínov, Česko",13.5832933,50.5958581
CZE,"Čapkova 869, 418 01 Bílina, Česko",13.7873509,50.5509225
CZE,"2, Tyršova 310, 419 01 Duchcov, Česko",13.7483872,50.6043087
CZE,"Ve Stráni 74, 400 01 Ústí nad Labem-město-Vaňov, Česko",14.0559924,50.6243087
CZE,"Mírová 107, 417 72 Ledvice, Česko",13.7698888,50.5874053
CZE,"Chlumčany 81, 439 03 Chlumčany, Česko",13.8440737,50.3342175
CZE,"Fügnerova 424, 439 01 Černčice, Česko",13.8484642,50.359605
CZE,"Lenora 39, 384 42 Lenora, Česko",13.7941915,48.9220469
CZE,"439 06 Vrbno nad Lesy, Česko",13.9061532,50.322067
CZE,"Dolní Dvořiště 87, 382 72 Dolní Dvořiště, Česko",14.4503977,48.6564912
CZE,"Svatojánské nám. 46, 439 09 Slavětín, Česko",13.9065581,50.3502259
CZE,"Středohor 362, 440 01 Dobroměřice, Česko",13.788321,50.371731
CZE,"382 06 Brloh, Česko",14.1988599,48.9287623
CZE,"Dolní Třebonín 81, 382 01 Dolní Třebonín, Česko",14.4112691,48.8555993
CZE,"Ke Školce 30, 373 82 Boršov nad Vltavou, Česko",14.4324724,48.9243058
CZE,"Radovesice 97, 410 02 Radovesice, Česko",14.0694285,50.4085029
CZE,"U Jezu 2621, 438 01 Žatec, Česko",13.5346343,50.3298851
CZE,"Nová Ves 15, 382 03 Nová Ves, Česko",14.2451842,48.9492862
CZE,"Hlavní 152, Nové Homole, 370 01 Homole, Česko",14.4054385,48.9360665
CZE,"382 92 Rožmitál na Šumavě, Česko",14.4046236,48.6978659
CZE,"Lenora 64, 384 42 Lenora, Česko",13.7995334,48.9224987
CZE,"Zubčice 2, 382 32 Zubčice, Česko",14.4072315,48.7934858
CZE,"273 73 Vraný, Česko",14.0150353,50.3263418
CZE,"Školní 182, 382 03 Křemže, Česko",14.3099565,48.904102
CZE,"Loučovice 231, 382 76 Loučovice, Česko",14.2541144,48.6222741
CZE,"Rožmitál na Šumavě 49, 382 92 Rožmitál na Šumavě, Česko",14.388727,48.7002181
CZE,"Školní 131, 382 03 Křemže, Česko",14.3082135,48.9049515
CZE,"Nová Pec 17, 384 62 Nová Pec, Česko",13.9285903,48.7871889
CZE,"Míru 201, 382 73 Vyšší Brod, Česko",14.3098363,48.6180375
CZE,"Nová Pec 74, 384 62 Nová Pec, Česko",13.9548486,48.7871034
CZE,"Pod Homolkou 1601, 266 01 Beroun, Česko",14.0543676,49.9592168
CZE,"Suchomasty 154, 267 22 Suchomasty, Česko",14.0588229,49.8961268
CZE,"1 Králův Dvůr, Česko",14.0394947,49.9472365
CZE,"Družstevní 204, 267 06 Hýskov, Česko",14.0473698,49.9888182
CZE,"Hřbitov, Hradní 176, 267 53 Žebrák, Česko",13.8940616,49.8765804
CZE,"Plzeňská 104, Počaply, 267 01 Králův Dvůr, Česko",14.0257936,49.9418023
CZE,"Preislerovo nám. 28, 267 01 Králův Dvůr, Česko",14.0201737,49.9415238
CZE,"Plzeňská 89, Počaply, 267 01 Králův Dvůr, Česko",14.0265422,49.9416205
CZE,"Palackého, 266 01 Beroun, Česko",14.0698474,49.962602
CZE,"Pozdeň 106, 273 76 Pozdeň, Česko",13.9410846,50.2417369
CZE,"Rudé armády 19, 273 51 Braškov, Česko",14.1011254,50.1009836
CZE,"Hlaváčkovo nám., 274 01 Slaný, Česko",14.0873068,50.2327955
CZE,"VI. ulice 165, 273 07 Vinařice, Česko",14.0887667,50.1766046
CZE,"Jedomělice 20, 273 78 Jedomělice, Česko",13.9726448,50.2333737
CZE,"Vítězná 1578, 274 01 Slaný, Česko",14.082103,50.2295965
CZE,"Hrdlív 125, 273 06 Hrdlív, Česko",14.074167,50.2006513
CZE,"Bendlova 2168, 272 01 Kladno, Česko",14.0988432,50.1395945
CZE,"Dřínov 1, 273 71 Dřínov, Česko",14.0661272,50.27619
CZE,"Kutnohorská 101, 261 01 Příbram, Česko",13.9930455,49.6790224
CZE,"Chodouň 56, 267 51 Chodouň, Česko",13.9853341,49.8982496
CZE,"Rohová 191, 415 01 Újezdeček, Česko",13.7871812,50.6448876
CZE,"14, Přemyslovců 652, 400 07 Ústí nad Labem-Neštěmice, Česko",14.0685213,50.6714826
CZE,"Strašice 296, 338 45 Strašice, Česko",13.7569635,49.7364829
CZE,"Frymburk 112, 382 79 Frymburk, Česko",14.164716,48.665396
CZE,"Mateřská škola 48, 382 03 Holubov, Česko",14.3077087,48.9042514
CZE,"Tisá 419, 403 36 Tisá, Česko",14.0321385,50.7830731
CZE,"Jiráskova 186, 382 26 Horní Planá, Česko",14.0302463,48.7639723
CZE,"Zachariášova 5, 370 04 České Budějovice, Česko",14.4693782,48.9877477
CZE,"Školní 232, 382 11 Větřní, Česko",14.2890387,48.7743315
CZE,"Dubné 127, 373 84 Dubné, Česko",14.357669,48.9753502
CZE,"Sukova 1174, 400 03 Ústí nad Labem-Střekov, Česko",14.0464307,50.651564
CZE,"Preslova, 370 01 České Budějovice, Česko",14.4666951,48.9581571
CZE,"Lipno nad Vltavou 38, 382 78 Lipno nad Vltavou, Česko",14.2311821,48.6396022
CZE,"Masarykova 62, 373 41 Hluboká nad Vltavou, Česko",14.4287798,49.0544088
CZE,"Velká hradební 12, 400 01 Ústí nad Labem-město, Česko",14.042387,50.662128
CZE,"1439, 382 03 Holubov, Česko",14.3365787,48.8796187
CZE,"Marxova 219, 400 01 Ústí nad Labem-město-Předlice, Česko",13.9984918,50.6554814
CZE,"E. Pittera 36, 370 01 České Budějovice, Česko",14.469586,48.9660248
CZE,"Chvalšiny 150, 382 08 Chvalšiny, Česko",14.21397,48.8568649
CZE,"384 62 Nová Pec, Česko",13.9553661,48.7788529
CZE,"Boršovská 1150, České Budějovice 7, 370 07 České Budějovice, Česko",14.4681463,48.9509767
CZE,"Přísečná 22, 381 01 Přísečná, Česko",14.3450762,48.8331271
CZE,"Podluhy 89, 268 01 Podluhy, Česko",13.9126035,49.8173622
CZE,"Stožec 12, 384 44 Stožec, Česko",13.8217586,48.8590322
CZE,"Praskolesy 296, 267 54 Praskolesy, Česko",13.9359295,49.8647923
CZE,"Čenkov 69, 262 23 Čenkov, Česko",14.0001504,49.7772861
CZE,"Slavíkova 26, 262 23 Jince, Česko",13.9767981,49.7890996
CZE,"Důl Jan 143, 273 06 Libušín, Česko",14.0560741,50.1711874
CZE,"Obecnice 331, 262 21 Obecnice, Česko",13.9503097,49.7155737
CZE,"267 64 Olešná, Česko",13.8122585,49.7816333
CZE,"Podlesí 257, 261 01 Podlesí, Česko",13.9797642,49.6886053
CZE,"Krátká 351, Příbram III, 261 01 Příbram, Česko",14.0110596,49.6853185
CZE,"Vyšný 8, 381 01 Český Krumlov, Česko",14.299213,48.8288514
CZE,"Josefa Ressla 1697, 415 01 Teplice, Česko",13.8427088,50.6540226
CZE,"Větrná 966, 370 05 České Budějovice, Česko",14.4439789,48.9806984
CZE,"Papírenská 1603, Rožnov, 370 07 České Budějovice, Česko",14.4658203,48.9565859
CZE,"J. Opletala 925/22, České Budějovice 2, 370 05 České Budějovice, Česko",14.4453786,48.9836258
CZE,"Karla IV. 1241, 400 03 Ústí nad Labem-Střekov, Česko",14.049616,50.6457426
CZE,"Dobrovodská 73, 382 26 Horní Planá, Česko",14.030866,48.7687471
CZE,"J. Opletala 925, 370 05 České Budějovice, Česko",14.4455295,48.9836463
CZE,"Ktiš 16, 384 03 Ktiš, Česko",14.1311722,48.9184792
CZE,"K. Štěcha 1320, České Budějovice 2, 370 05 České Budějovice, Česko",14.4391852,48.9883287
CZE,"Sídl. Míru, 382 26 Horní Planá, Česko",14.0295699,48.7651257
CZE,"Zalužanská 297, 403 39 Chlumec, Česko",13.9338768,50.698714
CZE,"Stříbrnické nivy 1986, 400 11 Ústí nad Labem-město, Česko",14.0437115,50.6677117
CZE,"Lipno nad Vltavou 37, 382 78 Lipno nad Vltavou, Česko",14.2302125,48.6398419
CZE,"Čéčova 651, 370 04 České Budějovice, Česko",14.4655827,48.9898911
CZE,"Pivovarská 380, 439 07 Peruc, Česko",13.9638223,50.3445444
CZE,"Ostrov 2224, 438 01 Žatec, Česko",13.5354983,50.3298217
CZE,"Tylova 438, 273 71 Zlonice, Česko",14.0842871,50.2854511
CZE,"23, Jana Kříže 847, 434 01 Most, Česko",13.6634495,50.4970009
CZE,"Žižkova 268, 435 13 Meziboří, Česko",13.6052321,50.6225514
CZE,"Štefánikova 761, 400 01 Ústí nad Labem-město, Česko",14.0157252,50.6724606
CZE,"Chotiměř 94, 410 02 Chotiměř, Česko",13.9953098,50.5486477
CZE,"U školky 2, 411 17 Libochovice, Česko",14.0451897,50.3993577
CZE,"Křesín 77, 410 02 Křesín, Česko",13.9826474,50.394188
CZE,"Soukenická 981, 436 01 Litvínov, Česko",13.6070019,50.599328
CZE,"Bečov 50, 435 26 Bečov, Česko",13.7194769,50.4501577
CZE,"Komořanská 799, 434 01 Most, Česko",13.6587607,50.4967224
CZE,"U Cáchovny 2738, 434 01 Most, Česko",13.6219126,50.5091028
CZE,"Osecká 1314, 419 01 Duchcov, Česko",13.7410326,50.6126817
CZE,"Růžová 1427, 434 01 Most, Česko",13.6532438,50.4961888
CZE,"Rudé Armády 106, 403 01 Dolní Zálezly, Česko",14.0392188,50.594943
CZE,"Keplerova 782, 400 07 Ústí nad Labem-Neštěmice, Česko",14.0828741,50.6688402
CZE,"7, Bezručova 323, Klíše, 400 01 Ústí nad Labem-město, Česko",14.0215692,50.6694742
CZE,"Zahradní 1741, 434 01 Most, Česko",13.6391501,50.4924811
CZE,"Z. Fibicha 2822, 434 01 Most, Česko",13.6350379,50.4976314
CZE,"Fráni Šrámka 2620, 415 01 Teplice, Česko",13.8521938,50.642429
CZE,"Rabasova 3207, 400 11 Ústí nad Labem-Severní Terasa, Česko",14.059298,50.674539
CZE,"417 13 Modlany, Česko",13.8970387,50.6509053
CZE,"Bavorovská 523, 384 11 Netolice, Česko",14.1916467,49.0494752
CZE,"J. V. Sládka 1868, 415 01 Teplice, Česko",13.8396537,50.6432961
CZE,"Staroměstská 16, České Budějovice 3, 370 04 České Budějovice, Česko",14.4693073,48.9828959
CZE,"Dasný 38, 373 41 Hluboká nad Vltavou, Česko",14.4068375,49.0194715
CZE,"Hořice na Šumavě 102, 382 22 Hořice na Šumavě, Česko",14.1752956,48.7665577
CZE,"Ruská 527, 373 41 Hluboká nad Vltavou, Česko",14.454137,49.0554057
CZE,"Přísečná 19, 381 01 Přísečná, Česko",14.3415531,48.8288839
CZE,"382 79 Frymburk, Česko",14.1643963,48.6703524
CZE,"5. května 53, 403 40 Ústí nad Labem-město-Skorotice, Česko",14.0073538,50.6889196
CZE,"A. Trägera 378/44, České Budějovice 3, 370 10 České Budějovice, Česko",14.4762096,49.0007881
CZE,"Přídolí 90, 381 01 Přídolí, Česko",14.350627,48.7832839
CZE,"Pod Kaštany 279, 381 01 Český Krumlov, Česko",14.3114802,48.8029563
CZE,"Vltavské nábř. 1545, 370 05 České Budějovice, Česko",14.4635426,48.9797551
CZE,"Zlatá Koruna 41, 381 01 Zlatá Koruna, Česko",14.3698837,48.8553307
CZE,"Přídolí 134, 381 01 Přídolí, Česko",14.35125,48.7802632
CZE,"Černá v Pošumaví 115, 382 23 Černá v Pošumaví, Česko",14.1065333,48.737652
CZE,"Linecká 66, 381 01 Český Krumlov, Česko",14.3180928,48.8075244
CZE,"Pražská tř. 1502, České Budějovice 3, 370 04 České Budějovice, Česko",14.4712339,48.9803917
CZE,"Sídl. Plešivec 391, Plešivec, 381 01 Český Krumlov, Česko",14.3080602,48.8023733
CZE,"Stříbrnická 3032, 400 11 Ústí nad Labem-Severní Terasa, Česko",14.0403546,50.677479
CZE,"Vyšehrad 168, Nádražní Předměstí, 381 01 Český Krumlov, Česko",14.3183807,48.8178171
CZE,"Holubov 242, 382 03 Holubov, Česko",14.3256387,48.8893156
CZE,"Žabovřesky 78, 373 41 Žabovřesky, Česko",14.3345325,49.0025185
CZE,"Školní 623, 400 01 Ústí nad Labem-město, Česko",14.0043538,50.6854426
CZE,"Františka Ondříčka 26, 370 11 České Budějovice, Česko",14.4541374,48.9892987
CZE,"Školní 111, 273 01 Kamenné Žehrovice, Česko",14.0211168,50.1284879
CZE,"Pod hájem 64, 273 04 Kačice, Česko",13.9830983,50.1628963
CZE,"Kájovská 6, 382 21 Kájov, Česko",14.2587007,48.8107009
CZE,"Za Soudem 344, 381 01 Český Krumlov, Česko",14.3165308,48.8075042
CZE,"Muchova 223, 403 39 Chlumec, Česko",13.9373381,50.6996565
CZE,"Frymburk 23, 38279, 382 79, Česko",14.168381,48.662027
CZE,"Dlouhá 35, 370 11 České Budějovice, Česko",14.4565873,48.9886003
CZE,"Plzeňská 90, 267 01 Králův Dvůr, Česko",14.0271423,49.942356
CZE,"Mlýnská 385, 403 31 Ústí nad Labem-Neštěmice, Česko",14.1063152,50.6754158
CZE,"Jožky Jabůrkové 601/1, 400 01 Ústí nad Labem-město, Česko",14.0005344,50.6831554
CZE,"J. Hory 1801, 272 01 Kladno, Česko",14.1072235,50.141656
CZE,"Jizerská 4, 370 11 České Budějovice, Česko",14.4521109,48.997969
CZE,"381 01 Český Krumlov, Česko",14.3178745,48.8176721
CZE,"Dukelská 64, 273 63 Běleč, Česko",13.9925966,50.056694
CZE,"Nerudova 2247, České Budějovice 3, 370 04 České Budějovice, Česko",14.4764945,48.9854106
CZE,"Pražská tř. 1502, 370 04 České Budějovice, Česko",14.4716363,48.9808336
CZE,"Vančurova 184, 274 01 Slaný, Česko",14.0787323,50.2263993
CZE,"Seydlovo nám. 24, Centrum, 266 01 Beroun, Česko",14.0711622,49.9641489
CZE,"Revoluční 796, 411 17 Libochovice, Česko",14.0398015,50.4072733
CZE,"nám. 5. května 55, 411 17 Libochovice, Česko",14.0433337,50.4064832
CZE,"Březová 51, 267 51 Březová, Česko",13.8877468,49.9039655
CZE,"Vrchlického 63, 266 01 Beroun, Česko",14.0804709,49.9677811
CZE,"Nižbor 119, 267 05 Nižbor, Česko",14.0021799,49.999235
CZE,"Železná 32, 266 01 Železná, Česko",14.090706,50.0096519
CZE,"Čajkovského 1475, 400 01 Ústí nad Labem-město, Česko",14.0405174,50.6505921
CZE,"49°57'13. 14°02'04.5""E, Česko",14.0348657,49.9538201
CZE,"Hlavní 113, 252 18 Stašov, Česko",13.9567461,49.8821174
CZE,"Školní 578, 273 02 Tuchlovice, Česko",13.9929272,50.1334352
CZE,"Na Hrázi 274, 417 61 Bystřany, Česko",13.8626224,50.62474
CZE,"Drašarova 1447, 266 01 Beroun, Česko",14.0661189,49.9678223
CZE,"T. G. Masaryka 199, Latrán, 381 01 Český Krumlov, Česko",14.3145808,48.8158906
CZE,"M. Pujmanové 2535, 434 01 Most, Česko",13.63588,50.5050102
CZE,"Husova 4, Zavadilka, 266 01 Beroun, Česko",14.0729775,49.9543919
CZE,"440 01 Veltěže, Česko",13.8727431,50.3536678
CZE,"Pod Lajsníkem 587, 434 01 Most, Česko",13.6619035,50.5017537
CZE,"A. Dvořáka 2429, 434 01 Most, Česko",13.6390418,50.510366
CZE,"Spojovací 198, 273 51 Malé Kyšice, Česko",14.0886641,50.0611267
CZE,"Františka Kmocha 1820, 434 01 Most, Česko",13.6590095,50.5029295
CZE,"Hostomice 105, 267 24 Hostomice, Česko",14.0459785,49.8251369
CZE,"Všeradice 147, 267 26 Všeradice, Česko",14.1049963,49.8743585
CZE,"Větrná 869/2, 268 01 Hořovice, Česko",13.9006831,49.8315385
CZE,"Sady pionýrů 912, 410 02 Lovosice, Česko",14.0516491,50.5132183
CZE,"Hradiště 46, 415 01 Teplice, Česko",13.8722204,50.5902588
CZE,"Resslova 974, 410 02 Lovosice, Česko",14.0475092,50.518363
CZE,"Školní 143, 261 01 Příbram, Česko",13.9970946,49.6734791
CZE,"Hradební 66, 261 01 Příbram, Česko",14.008726,49.6909378
CZE,"Lhota u Příbramě 77, 261 01 Lhota u Příbramě, Česko",13.9810527,49.712959
CZE,"Plzeňská 3129, 272 01 Kladno, Česko",14.0991177,50.1350444
CZE,"Studentská 3077, 272 04 Kladno, Česko",14.0729435,50.1436307
CZE,"R. Svobodové 2597, 272 01 Kladno, Česko",14.096198,50.1394061
CZE,"Bří Jungmannů 432, 267 03 Hudlice, Česko",13.97315,49.9613917
CZE,"Kublov 14, 267 41 Kublov, Česko",13.8778324,49.9437367
CZE,"Záluží 42, 267 61 Záluží, Česko",13.86131,49.8457507
CZE,"Školní 373, 270 61 Lány, Česko",13.9523274,50.1254635
CZE,"Hlaváčkovo nám. 222, 274 01 Slaný, Česko",14.0874111,50.2328317
CZE,"Kořenského 380, Rozdělov, 272 04 Kladno, Česko",14.0689382,50.1363334
CZE,"Školská 166, 273 05 Smečno, Česko",14.0421505,50.1876305
CZE,"Hradní 68, 267 53 Žebrák, Česko",13.893961,49.8766268
CZE,"Tovární 44, 266 01 Beroun, Česko",14.069347,49.9614827
CZE,"Čechova 147, Nové Město, 337 01 Rokycany, Česko",13.5933062,49.7376106
CZE,"Jungmannova 416, Příbram III, 261 01 Příbram, Česko",14.0100726,49.6853346
CZE,"6, Husova 181, 266 01 Beroun, Česko",14.0733369,49.9550217
CZE,"Kladenská 47, 273 01 Žilina, Česko",14.0080166,50.0980814
CZE,"Letná II 535, 338 05 Mýto, Česko",13.7361934,49.7856987
CZE,"Hlavní 40, 267 01 Trubín, Česko",14.0044229,49.9421229
CZE,"Muchova 556, 338 08 Zbiroh, Česko",13.766937,49.8564518
CZE,"40, 267 51, Česko",13.9455786,49.9097995
CZE,"Václava Křena 139, 252 31 Všenory, Česko",14.3106906,49.9335351
CZE,"Běhounkova 2474, 158 00 Praha 13, Česko",14.340439,50.0536113
CZE,"Mohylová 1964/4, 155 00 Praha 13-Stodůlky, Česko",14.3346988,50.0433951
CZE,"Míru 583, 389 01 Vodňany, Česko",14.1707382,49.1460419
CZE,"Ořešská 141, 252 25 Zbuzany, Česko",14.2868562,50.0224019
CZE,"Masarykovo nám., 398 11 Protivín, Česko",14.2174213,49.198178
CZE,"Svinaře 15, 267 28 Svinaře, Česko",14.1863966,49.8901417
CZE,"Pod Hradištěm 192, Minice, 278 01 Kralupy nad Vltavou, Česko",14.2981942,50.2183441
CZE,"nám. J. z Poděbrad 53, 262 03 Nový Knín, Česko",14.2935035,49.7886506
CZE,"Malá Hraštice 6, 262 03 Malá Hraštice, Česko",14.2818718,49.8075016
CZE,"Malé nám. 415, 252 10 Mníšek pod Brdy, Česko",14.2596591,49.864221
CZE,"Dewetterova 452, 375 01 Týn nad Vltavou, Česko",14.4159504,49.2248303
CZE,"Chanovice 1, 341 01 Chanovice, Česko",13.6805732,49.4093024
CZE,"Vysoký Chlumec 5, 262 52 Vysoký Chlumec, Česko",14.3865483,49.6193061
CZE,"Ke Školce 214, 252 25 Jinočany, Česko",14.2681901,50.0346502
CZE,"24623, 277 08 Ledčice, Česko",14.2828218,50.3350779
CZE,"Malá Hraštice 57, 262 03 Malá Hraštice, Česko",14.2818437,49.8074723
CZE,"Pražská 9, 250 69 Máslovice, Česko",14.3813155,50.2096459
CZE,"Krabčice 86, 411 87 Krabčice, Česko",14.3034745,50.404205
CZE,"200, 277 44 Zlosyň, Česko",14.3733254,50.2775422
CZE,"Velvarská, 252 62 Horoměřice, Česko",14.3360187,50.1331957
CZE,"Červený Újezd 30, 27351, Česko",14.164299,50.068385
CZE,"Obránců míru 2666, 272 01 Kladno, Česko",14.1295083,50.1341956
CZE,"Komenského 999, 252 62 Horoměřice, Česko",14.3468449,50.1328425
CZE,"Zákolany 50, 273 28 Zákolany, Česko",14.2487397,50.1956138
CZE,"nám. Fr. Rosenbauma 622, 272 03 Kladno, Česko",14.1365214,50.1611483
CZE,"Solenice 59, 262 63 Solenice, Česko",14.1955916,49.617639
CZE,"Bulharská 2330, Kročehlavy, 272 01 Kladno, Česko",14.1296084,50.1315652
CZE,"Sokolovská 580, 264 01 Sedlčany, Česko",14.4228934,49.6548544
CZE,"Příkosice 55, 338 43 Příkosice, Česko",13.6594955,49.6670999
CZE,"nám. Osvoboditelů 6, 153 00 Praha 16, Česko",14.357217,49.9834997
CZE,"Husovo nám. 37, 267 12 Loděnice, Česko",14.1576938,49.995383
CZE,"10549 238, 398 51 Sepekov, Česko",14.4206901,49.4310466
CZE,"Švýcarská 2520, 272 01 Kladno, Česko",14.1175548,50.1308841
CZE,"Na Parcelách 250/250, 252 64 Velké Přílepy, Česko",14.3072339,50.1613696
CZE,"Čisovice 193, 252 04 Čisovice, Česko",14.3197838,49.8648014
CZE,"MŠ, Hořehledy 74, 335 61 Spálené Poříčí, Česko",13.6475122,49.6092194
CZE,"Mládeže 820, 263 01 Dobříš, Česko",14.1670421,49.7835421
CZE,"Líšnice 19, 252 10 Líšnice, Česko",14.3187346,49.8889613
CZE,"Nad Želivkou 598, 164 00 Praha-Nebušice, Česko",14.3276705,50.1086727
CZE,"Kladenská 110, 273 26 Olovnice, Česko",14.2412513,50.2348397
CZE,"Jerevanská 2671, 272 01 Kladno, Česko",14.1354344,50.1347536
CZE,"Třebízského 523, 27801, Lobeček, 278 01 Kralupy nad Vltavou, Česko",14.3206353,50.2446494
CZE,"Velvarská, 278 01 Kralupy nad Vltavou, Česko",14.2891538,50.2310385
CZE,"Chvatěruby 46, 278 01 Chvatěruby, Česko",14.3428625,50.232754
CZE,"Kubrova 338, 252 16 Nučice, Česko",14.2314926,50.0184892
CZE,"Knovíz 55, 274 01 Knovíz, Česko",14.1367228,50.2119947
CZE,"Pod Kotlářkou 34, 150 00 Praha 5-Motol, Česko",14.358966,50.0737551
CZE,"Školní 200, 411 19 Mšené-lázně, Česko",14.1235864,50.3625128
CZE,"Račiněves 39, 413 01 Račiněves, Česko",14.2165884,50.373264
CZE,"Průběžná 44, 252 26 Kosoř, Česko",14.3257506,49.9873088
CZE,"Chrášťany 41, 252 19 Chrášťany, Česko",14.2586715,50.043874
CZE,"Karlická 1170, 252 28 Černošice, Česko",14.3200655,49.9566385
CZE,"Chrustenice 198, 267 12 Chrustenice, Česko",14.1519004,50.0041178
CZE,"nám. Osvoboditelů 44, 153 00 Radotín, Česko",14.35723,49.9831279
CZE,"Topolská 518, 252 28 Černošice, Česko",14.3312651,49.9435923
CZE,"Komenského 346, 384 22 Vlachovo Březí, Česko",13.956395,49.0833367
CZE,"Neznašov 29, 373 02 Všemyslice, Česko",14.3787685,49.2322285
CZE,"Vlachova 1501, 155 00 Praha 13-Stodůlky, Česko",14.3100998,50.0494239
CZE,"Šumavské Hoštice 21, 384 71 Šumavské Hoštice, Česko",13.8723808,49.0394182
CZE,"Dub 102, 384 25 Dub, Česko",14.0096818,49.1084526
CZE,"Kostnická 178, 384 21 Husinec, Česko",13.9818506,49.0520598
CZE,"5, Husovo nám. 725, 397 01 Písek, Česko",14.1513621,49.3038434
CZE,"Chyšky 119, 398 53 Chyšky, Česko",14.4313543,49.5242998
CZE,"U Lípy 478, 375 01 Týn nad Vltavou, Česko",14.4146391,49.2184459
CZE,"J. z Poděbrad 231, 341 01 Horažďovice, Česko",13.6997007,49.3227738
CZE,"Božetice 7, 399 01 Božetice, Česko",14.4427685,49.4495516
CZE,"Voděrady 3, 399 01 Chyšky, Česko",14.4112878,49.5338006
CZE,"Počepice 105, 262 55 Počepice, Česko",14.3815854,49.5960561
CZE,"Rosovice 89, 262 11 Rosovice, Česko",14.1091304,49.7559573
CZE,"Dolní Hbity 44, 262 62 Dolní Hbity, Česko",14.1688491,49.6563536
CZE,"Zahořanská 530, 262 04 Nová Ves pod Pleší, Česko",14.2791549,49.843449
CZE,"Pražská 405, 252 03 Řitka, Česko",14.2999055,49.8940416
CZE,"U Školy 149, 262 02 Stará Huť, Česko",14.1996346,49.7824868
CZE,"Nová 304, 252 10 Mníšek pod Brdy, Česko",14.2600801,49.8636801
CZE,"U Kapličky 58, 267 18 Hlásná Třebaň, Česko",14.2001015,49.9205854
CZE,"Vokovická 28, 160 00 Praha 6, Česko",14.3483538,50.0975852
CZE,"Fričova 1106, 263 01 Dobříš, Česko",14.1701102,49.7797951
CZE,"Bendova 1122, 163 00 Praha 17, Česko",14.3036198,50.0673484
CZE,"Pražská 67, 252 65 Tursko, Česko",14.3210057,50.1907111
CZE,"Zámecký park 178, 267 27 Liteň, Česko",14.151793,49.9063986
CZE,"Na Hlavní silnici 155, 252 68 Kněževes, Česko",14.2579798,50.1216181
CZE,"K Poště 327, 252 67 Tuchoměřice, Česko",14.2802879,50.1337023
CZE,"Starý vrch 102, 252 68 Středokluky, Česko",14.2319222,50.133386
CZE,"Tlumačovská 1237/32, 155 00 Praha 13-Stodůlky, Česko",14.3324367,50.0398187
CZE,"Pařížská 2204, 272 01 Kladno, Česko",14.1336526,50.1365104
CZE,"U Hřiště, 252 02 Jíloviště, Česko",14.3421435,49.9263867
CZE,"Za Ovčínem 1, 154 00 Praha-Lochkov, Česko",14.3521375,50.0017968
CZE,"U Rybníka 1, 273 26 Olovnice, Česko",14.2397487,50.2360005
CZE,"Mnetěš 135, 413 01 Mnetěš, Česko",14.2845405,50.367731
CZE,"Holárkovy sady, 440 01 Louny, Česko",13.7949474,50.3525584
CZE,"Zagarolská 245, 277 51 Nelahozeves, Česko",14.308541,50.273942
CZE,"Slatina 236, 273 26 Slatina, Česko",14.2252961,50.2254528
CZE,"Vražkov 110, 413 01 Vražkov, Česko",14.2657694,50.3737104
CZE,"Lidická 265, 252 61 Jeneč, Česko",14.2142619,50.0885218
CZE,"1, V Úvalu 84, Motol, 150 00 Praha 5, Česko",14.3407308,50.0737408
CZE,"Slatinská 155, 387 51 Štěkeň, Česko",14.0066183,49.2702906
CZE,"Husníkova 2076, 158 00 Praha 13, Česko",14.3420896,50.0476437
CZE,"Šobrova 111, Budějovické Předměstí, 397 01 Písek, Česko",14.1652981,49.3041424
CZE,"Čelakovského 24, Pražské Předměstí, 397 01 Písek, Česko",14.1404007,49.3093505
CZE,"Jinočanská 22, 161 00 Praha 6, Česko",14.3173502,50.0820394
CZE,"Ořech 162, 252 25 Jinočany, Česko",14.2960418,50.0191973
CZE,"Šobrova 2070, 397 01 Písek, Česko",14.1601028,49.3045321
CZE,"Španielova 1316, 163 00 Praha 6-Řepy, Česko",14.3034834,50.067314
CZE,"Školní 202, 387 51 Štěkeň, Česko",14.005985,49.269395
CZE,"Mírové nám. 1466, 397 01 Písek, Česko",14.158406,49.311191
CZE,"Plánkova, Strakonice I, 386 01 Strakonice, Česko",13.9028092,49.2666841
CZE,"Velké nám., 397 01 Písek, Česko",14.1474187,49.3083637
CZE,"Čelakovského 24, 397 01 Písek, Česko",14.1403469,49.3102755
CZE,"Svatopluka Čecha, Strakonice I, 386 01 Strakonice, Česko",13.8990601,49.2655514
CZE,"Střelské Hoštice 10, 387 15 Střelské Hoštice, Česko",13.7577065,49.2963231
CZE,"387 52 Cehnice, Česko",14.0318374,49.2271094
CZE,"Novosedly 64, 387 16 Novosedly, Česko",13.7948508,49.2626181
CZE,"Dříteň 152, 373 51 Dříteň, Česko",14.3442663,49.1423156
CZE,"Pod Malsičkou 674, 387 01 Volyně, Česko",13.8844391,49.1622621
CZE,"Čestice 30, 387 19 Čestice, Česko",13.8038583,49.1679992
CZE,"384 27 Vitějovice, Česko",14.0795791,49.0371692
CZE,"Temelín 129, 373 01 Temelín, Česko",14.3469605,49.1938365
CZE,"Zahájí 8, 373 48 Zahájí, Česko",14.369165,49.0889377
CZE,"384 22 Chlumany, Česko",13.9852115,49.0704437
CZE,"Čepřovice 69, 387 56 Čepřovice, Česko",13.9742178,49.1556653
CZE,"Sportovní 206, 384 26 Strunkovice nad Blanicí, Česko",14.0589368,49.0825145
CZE,"373 04 Chrášťany, Česko",14.3846506,49.2977795
CZE,"Komenského 4, 398 06 Mirovice, Česko",14.0342234,49.515845
CZE,"Čížová 18, 398 31 Čížová, Česko",14.0898168,49.3579594
CZE,"Počepice 41, 262 55 Počepice, Česko",14.3814508,49.5957928
CZE,"Dublovice 12, 262 51 Dublovice, Česko",14.3615967,49.6718316
CZE,"Nalžovice 16, 262 93 Nalžovice, Česko",14.3797537,49.6981282
CZE,"Dolní Hbity 92, 262 62 Dolní Hbity, Česko",14.169691,49.6572801
CZE,"11816 35, 262 61 Višňová, Česko",14.1448831,49.7057327
CZE,"100 Obořiště, Česko",14.1538738,49.7410133
CZE,"Tochovice 76, 262 81 Tochovice, Česko",13.9924327,49.595254
CZE,"Mezi Školami 2482, 158 00 Praha 13, Česko",14.3421006,50.0518462
CZE,"Zvoleněves 282, 273 25 Zvoleněves, Česko",14.1871385,50.2338294
CZE,"Vlasákova 955/12, 155 00 Praha 13, Česko",14.3271116,50.0514701
CZE,"Na Chlumci 257, 252 64 Úholičky, Česko",14.3352887,50.1613666
CZE,"Černuc 95, 273 23 Černuc, Česko",14.20668,50.3006694
CZE,"Chlupova 1798, 155 00 Praha 13, Česko",14.3225009,50.043268
CZE,"Gagarinova 721, 278 01 Kralupy nad Vltavou, Česko",14.3132297,50.2485708
CZE,"Klausova 2188, 155 00 Praha, Česko",14.3438737,50.0377076
CZE,"K Samoobsluze 211, 155 31 Praha-Lipence, Česko",14.3598391,49.9597762
CZE,"Otvovice 220, 273 27 Otvovice, Česko",14.276907,50.2133117
CZE,"U Ladronky 1006, 169 00 Praha 6, Česko",14.3659514,50.0815041
CZE,"Beníškové 1285, 150 00 Praha 5-Košíře, Česko",14.3670278,50.0625998
CZE,"Mírové nám. 1551, 263 01 Dobříš, Česko",14.1694542,49.781498
CZE,"252 29 Lety, Česko",14.248458,49.922546
CZE,"Klausova 2449, 155 00 Praha 13-Stodůlky, Česko",14.3405846,50.0351023
CZE,"Volavkova 1877, 162 00 Praha 6, Česko",14.3450648,50.0849058
CZE,"Březová 680, 252 29 Dobřichovice, Česko",14.278006,49.9306614
CZE,"Podpěrova 1880, 155 00 Praha 13, Česko",14.3287208,50.0432337
CZE,"nám. Osvoboditelů 1368, 153 00 Praha 16, Česko",14.3563902,49.9853927
CZE,"Hvozdnice 94, 252 05 Hvozdnice, Česko",14.366528,49.8745673
CZE,"Korkyně 22, 262 06 Korkyně, Česko",14.3517713,49.7805498
CZE,"Školní 284, 387 11 Katovice, Česko",13.8334455,49.2717969
CZE,"Přemyslova 1034, 263 01 Dobříš, Česko",14.1676826,49.7831646
CZE,"Oborská 367, 398 11 Protivín, Česko",14.2128338,49.205359
CZE,"Bubeníčkova 1880, 162 00 Praha 6, Česko",14.3459677,50.087247
CZE,"Albrechtice nad Vltavou 159, 398 16 Albrechtice nad Vltavou, Česko",14.3067227,49.2539505
CZE,"Tylova 2391/18/1, 397 01 Písek, Česko",14.1513317,49.310875
CZE,"Dobev 4, 397 01 Dobev, Česko",14.0489561,49.2956785
CZE,"Cehnice 105, 387 52 Cehnice, Česko",14.0251118,49.214895
CZE,"Šobrova 2070, Budějovické Předměstí, 397 01 Písek, Česko",14.1596856,49.3041454
CZE,"387 71 Číčenice, Česko",14.2355289,49.159031
CZE,"Kluky 56, 398 19 Kluky, Česko",14.2476195,49.3159013
CZE,"Čejetice 8, 386 01 Čejetice, Česko",14.0209085,49.2537803
CZE,"398 19 Kluky, Česko",14.2435639,49.3188068
CZE,"Strakonická 263, 397 01 Písek, Česko",14.125049,49.3101073
CZE,"tř. Přátelství 2065, 397 01 Písek, Česko",14.1530738,49.2996826
CZE,"Miloňovice 1, 386 01 Miloňovice, Česko",13.9577572,49.2204192
CZE,"389 01 Stožice, Česko",14.13236,49.1287645
CZE,"10579a 87, 373 50 Olešník, Česko",14.3658521,49.1045736
CZE,"Táborská 155/34, 398 43 Bernartice, Česko",14.3825649,49.3691039
CZE,"Záhoří 3, 398 18 Záhoří, Česko",14.2133012,49.3438321
CZE,"Olešník 16, 373 50 Olešník, Česko",14.3650685,49.108002
CZE,"Lnáře 158, 387 42 Lnáře, Česko",13.7825816,49.4575454
CZE,"Školní 278, 398 01 Mirotice, Česko",14.034373,49.4277521
CZE,"Komenského 263, 387 32 Sedlice, Česko",13.9445748,49.3752336
CZE,"Čimelice 115, 398 04 Čimelice, Česko",14.069512,49.4686004
CZE,"Volenice 41, 262 72 Volenice, Česko",13.8847854,49.5461687
CZE,"Komenského 4/1, 398 06 Mirovice, Česko",14.0342728,49.5158722
CZE,"J. Wericha 688, 388 01 Blatná, Česko",13.8823119,49.4308507
CZE,"Petrovice 196, 262 55 Petrovice, Česko",14.3362857,49.5524885
CZE,"44, Chraštice 44, 262 72 Chraštice, Česko",14.0721018,49.5759518
CZE,"Solenice 37, 262 63 Solenice, Česko",14.1911676,49.6166851
CZE,"262 42 Rožmitál pod Třemšínem, Česko",13.9122905,49.6053108
CZE,"Dublovice 56, 262 51 Dublovice, Česko",14.358325,49.667909
CZE,"Obránců míru 395, 262 72 Březnice, Česko",13.9507556,49.5591141
CZE,"Libušina 1401, 399 01 Milevsko, Česko",14.3692819,49.4413975
CZE,"2, Školní 234, 398 01 Mirotice, Česko",14.0338705,49.4277916
CZE,"Březnická 135, Příbram III, 261 01 Příbram, Česko",14.0076341,49.6832091
CZE,"Kamýk nad Vltavou 141, 262 63 Kamýk nad Vltavou, Česko",14.2541123,49.6387476
CZE,"Husovo nám., 399 01 Milevsko, Česko",14.3614573,49.4524035
CZE,"Kamýk nad Vltavou 163, 262 63 Kamýk nad Vltavou, Česko",14.2506128,49.6360664
CZE,"Rožmitál pod Třemšínem 101, 262 42 Rožmitál pod Třemšínem, Česko",13.9002807,49.6222958
CZE,"399 01 Kostelec nad Vltavou, Česko",14.2364493,49.4922049
CZE,"262 13 Nečín, Česko",14.2323344,49.6977351
CZE,"Školní 219, 267 29 Zadní Třebaň, Česko",14.2097101,49.9147223
CZE,"Třebsko 4, 262 42 Třebsko, Česko",13.9664619,49.62366
CZE,"Svinaře 64, 267 28 Svinaře, Česko",14.1864219,49.8901398
CZE,"Nová 499, 252 10 Mníšek pod Brdy, Česko",14.2593525,49.8638668
CZE,"Koleč 85, 273 29 Koleč, Česko",14.2230726,50.198829
CZE,"Na Růžovém poli 2672, 272 01 Kladno, Česko",14.1283807,50.1298569
CZE,"Nová Ves pod Pleší 210, 262 04 Nová Ves pod Pleší, Česko",14.2741965,49.8301483
CZE,"Dusíkova 1946, 162 00 Praha 6, Česko",14.3544523,50.0891491
CZE,"K Závětinám 815, 155 00 Řeporyje, Česko",14.3095046,50.0297777
CZE,"Třebská 470, 261 01 Příbram, Česko",13.9764589,49.6572596
CZE,"Klínec 132, 252 10 Mníšek pod Brdy, Česko",14.3373495,49.9043218
CZE,"Lnáře 195, 387 42 Lnáře, Česko",13.7810665,49.4573388
CZE,"Laudova 1030, 163 00 Praha 17, Česko",14.3138804,50.0656057
CZE,"Za Oborou 2557, 169 00 Praha 6, Česko",14.3333435,50.0771638
CZE,"Naskové 1214, 150 00 Praha 5, Česko",14.359967,50.0631554
CZE,"Socháňova 23/1176, 163 00 Praha 17, Česko",14.3038488,50.0649649
CZE,"V Zátiší, 413 01 Dobříň, Česko",14.2920583,50.4379059
CZE,"Trávníčkova 1747, 155 00 Praha 13, Česko",14.3184511,50.0451798
CZE,"Sbíhavá II 360, 162 00 Praha 6, Česko",14.3326608,50.0869802
CZE,"12, J. Holuba 153, 278 01 Kralupy nad Vltavou, Česko",14.3100778,50.2477384
CZE,"J. Hory 967, 413 01 Roudnice nad Labem, Česko",14.2525971,50.4234949
CZE,"Libocká 148, 161 00 Praha 6, Česko",14.3253003,50.0904671
CZE,"Hevlínská, 155 21 Zličín, Česko",14.2871785,50.065085
CZE,"U Školky 306/306, 411 85 Horní Beřkovice, Česko",14.3507864,50.355551
CZE,"3, Nechanského 589, 160 00 Praha 6, Česko",14.3582169,50.0945851
CZE,"Dolany 227, 278 01 Dolany, Česko",14.3459769,50.2226117
CZE,"Dušníky 65, 413 01 Dušníky, Česko",14.1931636,50.4227751
CZE,"U Cukrovaru 675, 273 24 Velvary, Česko",14.2383161,50.2844989
CZE,"sídl. V Zátiší 1021/1021, 278 01 Kralupy nad Vltavou, Česko",14.304479,50.2384198
CZE,"Libkovice p.Ř. 48, 413 01 Roudnice nad Labem, Česko",14.3439549,50.3935875
CZE,"Běhounkova 2300, 158 00 Praha 5, Česko",14.3455057,50.0536892
CZE,"J. Mařánka 1107, 399 01 Milevsko, Česko",14.3693951,49.4477623
CZE,"Straškov-Vodochody 168, 411 84 Straškov-Vodochody, Česko",14.2444739,50.3616759
CZE,"Janského 2187, 155 00 Praha 13-Stodůlky, Česko",14.343889,50.0386921
CZE,"Na Vyhlídce 2275, 413 01 Roudnice nad Labem, Česko",14.232414,50.4245712
CZE,"Hvožďany 54, 262 44 Hvožďany, Česko",13.8063733,49.5274345
CZE,"Čimelice 4, 398 04 Čimelice, Česko",14.0681911,49.4658978
CZE,"1. máje 276, 387 43 Bělčice, Česko",13.8806493,49.502045
CZE,"Orlík nad Vltavou 120, 398 07 Orlík nad Vltavou, Česko",14.1652185,49.5109927
CZE,"Nová Ves 70, 277 52 Nová Ves, Česko",14.3100009,50.3081569
CZE,"Riegrova 145, 399 01 Milevsko, Česko",14.3601694,49.451417
CZE,"Záboří 105, 387 34 Záboří, Česko",13.8295095,49.3800978
CZE,"Jiráskova 764, 399 01 Milevsko, Česko",14.3706164,49.4399249
CZE,"Šilhova 1026, 388 01 Blatná, Česko",13.8871423,49.4296726
CZE,"Branice 77, 398 43 Branice, Česko",14.342961,49.4031769
CZE,"Jeřábkova 730, 399 01 Milevsko, Česko",14.3566677,49.4523582
CZE,"B. Němcové 1380, 399 01 Milevsko, Česko",14.3707172,49.4421072
CZE,"Nová Vráž 8, 398 32 Vráž, Česko",14.1284305,49.3899326
CZE,"Sadová 425, 388 01 Blatná, Česko",13.8761587,49.4314763
CZE,"Dobev 58, 397 01 Dobev, Česko",14.0416726,49.2972349
CZE,"Borotice 27, 262 15 Borotice, Česko",14.2767689,49.7354479
CZE,"398 11 Protivín, Česko",14.2585164,49.194212
CZE,"Čejetice 94, 386 01 Čejetice, Česko",14.0117742,49.2526287
CZE,"Ve Školce 586, 398 11 Protivín, Česko",14.2126949,49.2054042
CZE,"Pečice 83, 262 31 Pečice, Česko",14.1063595,49.6006893
CZE,"Drahonice 81, 389 01 Drahonice, Česko",14.0791559,49.1992364
CZE,"Obořiště 100, 262 12 Obořiště, Česko",14.1538967,49.7410799
CZE,"Bronzová 2572, 155 00 Praha 13, Česko",14.3307029,50.0464446
CZE,"Drhovy 2, 263 01 Drhovy, Česko",14.2331978,49.7391534
CZE,"Kluky 86, 398 19 Kluky, Česko",14.2485829,49.3153167
CZE,"Krásná Hora nad Vltavou 80, 262 56 Krásná Hora nad Vltavou, Česko",14.2739978,49.6041428
CZE,"Trojdílná 1117/18, 150 00 Praha 5, Česko",14.3593954,50.0667364
CZE,"Pod Novým lesem 8, 162 00 Praha 6, Česko",14.3522498,50.0921255
CZE,"Ovčí hájek 2177, 158 00 Praha 13-Stodůlky, Česko",14.3496603,50.0477833
CZE,"Herčíkova 2190, 155 00 Praha 13-Stodůlky, Česko",14.3437659,50.039814
CZE,"Horákova 2064, 150 00 Praha 13, Česko",14.3207958,50.046519
CZE,"Jeřábová 613, 263 01 Dobříš, Česko",14.1772605,49.7913752
CZE,"Školní 1804, 413 01 Roudnice nad Labem, Česko",14.2456365,50.4215119
CZE,"Hospozín 36, 273 22 Hospozín, Česko",14.1710321,50.3044165
CZE,"Litovická 107, 253 01 Hostivice, Česko",14.2506396,50.08087
CZE,"Hostinského 1534, 155 00 Praha 13, Česko",14.313665,50.0462711
CZE,"Karla Čapka 138, 262 02 Stará Huť, Česko",14.2009046,49.7830335
CZE,"U školky 140, 252 03 Řitka, Česko",14.3018446,49.8932919
CZE,"9. května 575, 252 10 Mníšek pod Brdy, Česko",14.2597737,49.8720628
CZE,"Lety, K Mateřské škole 507, 252 29 Dobřichovice, Česko",14.2553463,49.9203572
CZE,"Maříkova 301/7a, 162 00 Praha 6-Veleslavín, Česko",14.347225,50.0901674
CZE,"Kudrnova 1a, 150 00 Praha 5, Česko",14.3467054,50.0704713
CZE,"Mníšecká 676, 252 30 Řevnice, Česko",14.23439,49.9117261
CZE,"Arabská 684, 160 00 Praha 6, Česko",14.3617724,50.0995182
CZE,"Šmolíkova 865, 161 00 Praha 6-Ruzyně, Česko",14.3050405,50.0907336
CZE,"Řipská 1389, 413 01 Roudnice nad Labem, Česko",14.2620919,50.4226863
CZE,"Slaný 31, 274 01 Slaný, Česko",14.1508446,50.2463151
CZE,"Školní 10, 277 51 Nelahozeves, Česko",14.2996293,50.2613758
CZE,"Mikovická 501, 278 01 Kralupy nad Vltavou, Česko",14.2948939,50.2359264
CZE,"Malovice 29, 384 11 Malovice, Česko",14.2250423,49.0910988
CZE,"Číčenice 12, 387 71 Číčenice, Česko",14.2301552,49.1546611
CZE,"U Školy 567, 277 46 Veltrusy, Česko",14.3255397,50.268854
CZE,"Ovčí hájek 2174/46, 158 00 Praha 13-Stodůlky, Česko",14.3494138,50.0475734
CZE,"Kostomlaty pod Řípem 3, 413 01 Kostomlaty pod Řípem, Česko",14.3349208,50.3846295
CZE,"Lidická 599, 373 44 Zliv, Česko",14.3650779,49.0657384
CZE,"B. Němcové 806, 398 11 Protivín, Česko",14.2135972,49.1986288
CZE,"Zázvorkova 1994, 155 00 Praha 13, Česko",14.3337357,50.045657
CZE,"Mezi Školami 2323, 158 00 Praha 13-Stodůlky, Česko",14.3436474,50.0520048
CZE,"Sartoriova 1, 169 00 Praha 6-Břevnov, Česko",14.3650029,50.0868363
CZE,"Kovářov 107, 398 55 Kovářov, Česko",14.2762192,49.5170333
CZE,"Čimelice 303, 398 04 Čimelice, Česko",14.0712068,49.4685906
CZE,"Klučenice 1, 262 56 Klučenice, Česko",14.2110665,49.553781
CZE,"Kostelec nad Vltavou 21, 398 58 Kostelec nad Vltavou, Česko",14.2116805,49.49979
CZE,"Jaromíra Malého 2190/11, Budějovické Předměstí, 397 01 Písek, Česko",14.1650232,49.3110457
CZE,"Putim 159, 397 01 Putim, Česko",14.118593,49.268427
CZE,"Fügnerovo nám. 47, Budějovické Předměstí, 397 01 Písek, Česko",14.1476371,49.3104631
CZE,"Kasejovice 106, 335 44 Kasejovice, Česko",13.7387715,49.4629124
CZE,"Zeyerova 1683, 397 01 Písek, Česko",14.1467654,49.3043275
CZE,"J. Mařánka 226, 399 01 Milevsko, Česko",14.3684575,49.4473508
CZE,"Petrovice 136, 262 55 Petrovice, Česko",14.3403381,49.5526879
CZE,"Bubovice 26, 262 72 Volenice, Česko",13.9270443,49.5510979
CZE,"Sedlec 69, 373 47 Sedlec, Česko",14.2846271,49.0713056
CZE,"Na Ryšavce 241/23, 397 01 Písek, Česko",14.123824,49.3009381
CZE,"Dr. M. Horákové 1720/1, Budějovické Předměstí, 397 01 Písek, Česko",14.1549073,49.305599
CZE,"Dolní Hbity 66, 262 62 Dolní Hbity, Česko",14.1706801,49.6578343
CZE,"Sokolská 320, 262 31 Milín, Česko",14.0379862,49.6299271
CZE,"Komenského 564/564, 262 42 Rožmitál pod Třemšínem, Česko",13.8706785,49.6035006
CZE,"Alšova 1930, 397 01 Písek, Česko",14.1496477,49.3158243
CZE,"Jeřábkova 781, 399 01 Milevsko, Česko",14.3579833,49.4522998
CZE,"Malonty 26/26, 382 91 Malonty, Česko",14.5784808,48.6867514
CZE,"Stránského 1709, 412 01 Litoměřice, Česko",14.1253257,50.5352354
CZE,"Zbelítov 100, 399 01 Zbelítov, Česko",14.3293895,49.4577557
CZE,"Horní Dvořiště 52, 382 41 Horní Dvořiště, Česko",14.4220777,48.5989565
CZE,"Doksany 75, 411 82 Doksany, Česko",14.1678943,50.4521571
CZE,"Dolní Dvořiště 104, 382 72 Dolní Dvořiště, Česko",14.4525253,48.6574635
CZE,"Na Krétě 359, 411 55 Terezín, Česko",14.1442146,50.5055259
CZE,"Alšova 86, 412 01 Litoměřice, Česko",14.1398813,50.5357362
CZE,"Masarykova 590, 412 01 Litoměřice, Česko",14.1276048,50.5402317
CZE,"Malonty 23, 382 91 Malonty, Česko",14.5775265,48.6861872
CZE,"Školní 151, 411 41 Žitenice, Česko",14.154909,50.5559543
CZE,"Budovatelská 914, 374 01 Trhové Sviny, Česko",14.6415418,48.840526
CZE,"Školní 228, 382 81 Besednice, Česko",14.5493942,48.7872207
CZE,"Školní, 382 81 Besednice, Česko",14.5496988,48.7872497
CZE,"Střížov 27, 374 01 Střížov, Česko",14.5271902,48.8899638
CZE,"Weberova 1535, 405 02 Děčín, Česko",14.1902977,50.7578711
CZE,"Travčice 155, 412 01 Travčice, Česko",14.187761,50.5045932
CZE,"Litoměřická 267, 411 72 Hoštka, Česko",14.3313766,50.4896678
CZE,"Husovo nám. 112, 411 56 Bohušovice nad Ohří, Česko",14.1499333,50.4936123
CZE,"Vančurova 813/2, 412 01 Litoměřice-Předměstí, Česko",14.1336758,50.5409671
CZE,"Vrutice 35, 411 47 Vrutice, Česko",14.2903125,50.5017448
CZE,"Kosmonautů 2022, 412 01 Litoměřice-Předměstí, Česko",14.1236688,50.5381073
CZE,"370 06 Srubec, Česko",14.5138176,48.9584838
CZE,"Mladošovice 54, 379 01 Mladošovice, Česko",14.7057724,48.9399308
CZE,"Komenského nám. 19, 411 15 Třebívlice, Česko",13.8988521,50.4573798
CZE,"V. Špály 674, 370 06 České Budějovice, Česko",14.5031093,48.9693392
CZE,"407 41 Dobrná, Česko",14.2950092,50.7774935
CZE,"Valkeřice 273, 407 24 Valkeřice, Česko",14.335105,50.7080041
CZE,"Stračenská 561, 411 08 Štětí, Česko",14.3810788,50.4533866
CZE,"Pivovarská 499, 411 08 Štětí, Česko",14.3742991,50.4554842
CZE,"Kosmonautů 178, 405 02 Děčín, Česko",14.2475933,50.761874
CZE,"M. Švabinského 664, Teplické Předměstí, 418 01 Bílina, Česko",13.7770271,50.5570746
CZE,"Paříkovo nám. 133, 411 13 Třebenice, Česko",13.9917226,50.4757142
CZE,"Základní škola, Kaplířova 94, 411 11 Sulejovice, Česko",14.0349459,50.4988507
CZE,"Školní 287, 407 01 Jílové, Česko",14.1070972,50.7651113
CZE,"Mírové nám. 141, 407 25 Verneřice, Česko",14.3020203,50.6616379
CZE,"Polepy 192, 411 47 Polepy, Česko",14.2645656,50.5080129
CZE,"Malšovice 108, 405 02 Malšovice, Česko",14.1683742,50.7364532
CZE,"Školní 36, 411 81 Brozany nad Ohří, Česko",14.1472043,50.4546713
CZE,"Liběšice 170, 411 46 Liběšice, Česko",14.2911405,50.5703317
CZE,"Na Pěšině 331, 405 05 Děčín, Česko",14.1473358,50.7817181
CZE,"Cihelní 602, 407 22 Benešov nad Ploučnicí, Česko",14.3086847,50.7427201
CZE,"Nové město, 374 01 Trhové Sviny, Česko",14.6430382,48.8390835
CZE,"Benešov nad Černou 100, 382 82 Benešov nad Černou, Česko",14.6237634,48.7286933
CZE,"214, 214, Česko",14.7327519,48.7617182
CZE,"Jílovice 81, 37312, Česko",14.724192,48.891541
CZE,"Svatojakubská 94, 403 22 Ústí nad Labem-Střekov, Česko",14.1078512,50.6630309
CZE,"Heřmanov 120, 405 02 Heřmanov, Česko",14.2899746,50.7286918
CZE,"Raisova 688/11 405 02, 4 Děčín, Česko",14.193805,50.774933
CZE,"Lovečkovice 57, 411 45 Lovečkovice, Česko",14.2631175,50.6231577
CZE,"Malé Březno 42, 400 02 Malé Březno, Česko",14.1702388,50.6720878
CZE,"Doudleby 2, 370 07 České Budějovice, Česko",14.5036084,48.8934536
CZE,"Horní Stropnice 193, 373 35 Horní Stropnice, Česko",14.7315183,48.76024
CZE,"Lazna 430, 373 12 Borovany, Česko",14.6402521,48.8999934
CZE,"Nové město 228, 374 01 Trhové Sviny, Česko",14.6412915,48.839695
CZE,"Polepy 193, 411 47 Polepy, Česko",14.2647548,50.5083557
CZE,"Sídl. Plešivec 279, Plešivec, 381 01 Český Krumlov, Česko",14.3115885,48.8029138
CZE,"Hradební 175, 373 33 Nové Hrady, Česko",14.7794568,48.7877065
CZE,"České Kopisty 84, 412 01 Terezín, Česko",14.1679445,50.5255557
CZE,"Plešivecká 1867, 412 01 Litoměřice, Česko",14.1200828,50.542279
CZE,"Pohorská Ves 31, 382 83 Pohorská Ves, Česko",14.6481075,48.6696814
CZE,"Náměstí 58, 382 73 Vyšší Brod, Česko",14.3114085,48.6131825
CZE,"Rychnov u Nových Hradů 154, 373 36 Horní Stropnice, Česko",14.674275,48.7529928
CZE,"Revoluční 1845, 412 01 Litoměřice, Česko",14.1274793,50.5451862
CZE,"Alej sportovců 286, 403 23 Velké Březno, Česko",14.1430792,50.6649005
CZE,"Benešov nad Černou 86, 382 82 Benešov nad Černou, Česko",14.6257696,48.7289141
CZE,"Svatý Jan nad Malší 59, 373 23 Svatý Jan nad Malší, Česko",14.5091995,48.8232065
CZE,"Brňany 93, 412 01 Brňany, Česko",14.1412419,50.4816627
CZE,"Průběžná 299, 407 01 Jílové, Česko",14.1079602,50.7658024
CZE,"Dlouhá 112, Křešice, 405 02 Děčín, Česko",14.2052467,50.7560977
CZE,"Eliášova 1, 412 01 Litoměřice, Česko",14.13151,50.537731
CZE,"K. H. Borovského 336, 407 11 Děčín, Česko",14.196127,50.74262
CZE,"Malonty 148, 382 91 Malonty, Česko",14.5764672,48.6862867
CZE,"Májová 372, 407 11 Děčín, Česko",14.1932014,50.7401298
CZE,"Riegrova 454, 405 02 Děčín, Česko",14.2207581,50.7796354
CZE,"Moskevská 1044, 405 02 Děčín, Česko",14.1897622,50.7734659
CZE,"Klostermannova 1474, 405 02 Děčín, Česko",14.1909939,50.7690991
CZE,"Vilová čtvrť 204, 411 45 Úštěk, Česko",14.3413233,50.5861989
CZE,"Rakovnická 306, 405 02 Děčín-Staré Město, Česko",14.2157436,50.7712944
CZE,"Slavče 15, 373 21 Slavče, Česko",14.6149644,48.7982892
CZE,"J. Masaryka 627, 120 00 Praha 2-Vinohrady, Česko",14.4391108,50.0720259
CZE,"Ve Smečkách 1767, 110 00 Nové Město, Česko",14.4263307,50.0779462
CZE,"Němčická 16/1111, 142 00 Praha 4, Česko",14.4396546,50.024614
CZE,"U Nové školy 637, 190 00 Praha 9-Vysočany, Česko",14.4898923,50.1000073
CZE,"Luční 28, 471 41 Dubá, Česko",14.5444414,50.5389081
CZE,"Olbramovice Ves 46, 259 01 Olbramovice, Česko",14.6380856,49.6724295
CZE,"Nechvalice 25, 264 01 Nechvalice, Česko",14.3953423,49.5758582
CZE,"Pivovarská 141, 398 52 Nadějkov, Česko",14.4766029,49.5006266
CZE,"Miličín 248, 257 86 Miličín, Česko",14.6600903,49.5718764
CZE,"Palackého 781, 252 63 Roztoky, Česko",14.394655,50.1650042
CZE,"Myšlínská 30, 251 64 Mnichovice, Česko",14.7351677,49.9394028
CZE,"Družstevní 466, 257 51 Bystřice, Česko",14.666366,49.7334997
CZE,"U Stadionu 422, 25751 Bystřice, 257 51, Česko",14.665891,49.734638
CZE,"Větrovy 112, 390 01 Tábor, Česko",14.6609206,49.3907052
CZE,"Hrusice 32, 251 66 Hrusice, Česko",14.739006,49.9098098
CZE,"Blatské sídl. 565, 391 81 Veselí nad Lužnicí, Česko",14.697364,49.1883535
CZE,"99 99, 277 37 Chorušice, Česko",14.6717511,50.3909245
CZE,"Cítov 3, 277 04 Cítov, Česko",14.39786,50.3723505
CZE,"Přístavní 8, 471 63 Doksy, Česko",14.6332304,50.5893316
CZE,"Veliká Ves 3, 250 71 Veliká Ves, Česko",14.457122,50.242615
CZE,"Pražská, 472 01 Doksy, Česko",14.6524386,50.5629233
CZE,"Na Smetance 505/1, 120 00 Praha 2-Vinohrady, Česko",14.4361942,50.0799312
CZE,"Dolní Kasárna 766, 250 67 Klecany, Česko",14.4253667,50.1812102
CZE,"Střednice 63, 277 24 Vysoká, Česko",14.5148438,50.4067746
CZE,"Školní, 277 45 Úžice, Česko",14.3772076,50.2546569
CZE,"Stračenská 560, 411 08 Štětí, Česko",14.3804253,50.4531537
CZE,"Noutonice 7, 252 64 Lichoceves, Česko",14.2819446,50.1646952
CZE,"Točitá 1751, 140 00 Praha 4-Krč, Česko",14.4343339,50.0380996
CZE,"1, Hřibská 2102, Strašnice, 100 00 Praha, Česko",14.4924758,50.0793518
CZE,"Dolákova 3, 181 00 Praha 8-Bohnice, Česko",14.4075576,50.1341851
CZE,"Chvaletická 917, 198 00 Praha 14, Česko",14.5489798,50.1046742
CZE,"Blatenská 2145, 148 00 Praha 4-Chodov, Česko",14.4856948,50.0348339
CZE,"Poznaňská 462, 181 00 Praha 8, Česko",14.4207167,50.1294251
CZE,"13, Na Zvoničce 1030, 147 00 Praha 4, Česko",14.4167416,50.0452515
CZE,"Parléřova 47, 169 00 Praha 6-Hradčany, Česko",14.3861635,50.0879298
CZE,"Na Chodovci 2540, 140 00 Praha 4, Česko",14.4852917,50.0499039
CZE,"U Školy 48, Veltěž, 250 66 Zdiby, Česko",14.4375083,50.167593
CZE,"U školky 271, Chrást, 277 15 Tišice, Česko",14.5528948,50.2620946
CZE,"Litvínovská 490, 190 00 Praha 9-Střížkov, Česko",14.4873195,50.1234077
CZE,"Libkovská 1069, 102 00 Praha 15, Česko",14.5173275,50.0464311
CZE,"Vladivostocká 1034, 100 00 Praha 10-Vršovice, Česko",14.4762319,50.0692912
CZE,"Kaplického 1037, 391 01 Sezimovo Ústí, Česko",14.691763,49.3844877
CZE,"Angela Kančeva 2528, 390 02 Tábor, Česko",14.6839231,49.4028542
CZE,"Blanická 2705, 390 02 Tábor, Česko",14.6801653,49.4182898
CZE,"Pod Markem 532, 391 81 Veselí nad Lužnicí, Česko",14.6933099,49.1796172
CZE,"Blatské sídl. 570, 391 81 Veselí nad Lužnicí, Česko",14.6968098,49.1871527
CZE,"Nová 152, 370 01 České Budějovice, Česko",14.4864513,48.9775912
CZE,"V Hradu 31, 373 65 Dolní Bukovsko, Česko",14.5803327,49.170857
CZE,"Školní 226, 277 31 Velký Borek, Česko",14.5178582,50.3438294
CZE,"Jestřebí 18, 471 61 Jestřebí, Česko",14.5817579,50.6108373
CZE,"Hlavní 149, 277 38 Mělnické Vtelno, Česko",14.6911946,50.3510168
CZE,"Bořanovická 114, 250 64 Hovorčovice, Česko",14.5145508,50.1786631
CZE,"Jezerní 74, 471 63 Doksy, Česko",14.6334601,50.5884898
CZE,"Klecany 422, 250 67 Klecany, Česko",14.4262418,50.1761996
CZE,"Hlavní 160, 250 63 Veleň, Česko",14.5562813,50.1737274
CZE,"Římská 1255, 120 00 Praha 2-Vinohrady, Česko",14.4359305,50.0771483
CZE,"Mělnická 213, 277 16 Všetaty, Česko",14.5858761,50.2849211
CZE,"Markušova 1633, 149 00 Praha 4-Chodov, Česko",14.5149491,50.0340857
CZE,"Květnová 109, 250 70 Odolena Voda, Česko",14.4091698,50.2315235
CZE,"9. května 97, 277 06 Lužec nad Vltavou, Česko",14.4008398,50.3231709
CZE,"Plamínkové 1589, 140 00 Praha 4-Nusle, Česko",14.4333456,50.053708
CZE,"Dřísy 89, 277 14 Dřísy, Česko",14.6472698,50.2577469
CZE,"nám. Míru, 276 01 Mělník, Česko",14.4746071,50.3518805
CZE,"Kostelecká 20, 250 63 Mratín, Česko",14.5507632,50.2030393
CZE,"Na Děkance 130, 128 00 Nové Město, Česko",14.4189314,50.0684509
CZE,"Přetlucká 51, 100 00 Strašnice, Česko",14.513433,50.066176
CZE,"Benešovská 2291, 101 00 Praha 10-Vinohrady, Česko",14.4655574,50.0741188
CZE,"Rajmonova 1199/4, 182 00 Praha 8, Česko",14.468371,50.128928
CZE,"Na Větrově 22/1022, 142 00 Praha 4, Česko",14.4460359,50.0237614
CZE,"Velvarská 2600, 160 00 Praha 6-Dejvice, Česko",14.3804873,50.0989797
CZE,"Školní 211, 251 66 Mirošovice, Česko",14.7162561,49.9113464
CZE,"K Poště 448, 103 00 Praha-Kolovraty, Česko",14.627368,50.0137958
CZE,"Školní 27, 251 66 Senohraby, Česko",14.7219703,49.8951299
CZE,"U Zásobní zahrady 2697, 130 00 Praha 3-Žižkov, Česko",14.4663145,50.0863163
CZE,"Hlavní 813, 251 68 Sulice, Česko",14.5533681,49.937807
CZE,"Sadová 565, 259 01 Votice, Česko",14.6434689,49.6398621
CZE,"Krhanice 150, 257 42 Krhanice, Česko",14.5569569,49.8534333
CZE,"264 01 Jesenice, Česko",14.4784932,49.6077513
CZE,"Zahradní 156, 390 02 Tábor, Česko",14.6794198,49.4232934
CZE,"Neveklov 37, 257 56 Neveklov, Česko",14.5367415,49.7568547
CZE,"Sedlčanská 365, 257 91 Sedlec-Prčice, Česko",14.5298932,49.5753722
CZE,"Sedlčanská, 257 91 Sedlec-Prčice, Česko",14.5300143,49.5750355
CZE,"Světlogorská 2770, 390 05 Tábor, Česko",14.684827,49.3915062
CZE,"Komenského 246, 257 91 Sedlec-Prčice, Česko",14.5301987,49.5739948
CZE,"Kpt. Nálepky, 390 03 Tábor, Česko",14.6468656,49.4203981
CZE,"Kollárova 2497, 390 02 Tábor, Česko",14.6721775,49.4142428
CZE,"nám. Mikuláše z Husi 45, 390 01 Tábor, Česko",14.6559166,49.4136155
CZE,"Blíževedly 55, 471 04 Blíževedly, Česko",14.3971207,50.6088965
CZE,"Kpt. Nálepky 2393, 390 03 Tábor, Česko",14.6471343,49.4210425
CZE,"Vančurova 2205, 390 01 Tábor, Česko",14.6664866,49.4150892
CZE,"Hlincová Hora 5, 373 71 Hlincová Hora, Česko",14.5650591,48.9832081
CZE,"Dolní Beřkovice 333, 277 01 Dolní Beřkovice, Česko",14.4509436,50.3914536
CZE,"Rudolfovská tř. 285/143, 370 01 České Budějovice, Česko",14.5124958,48.9851101
CZE,"Snědovice 75, 411 62 Snědovice, Česko",14.4280906,50.530897
CZE,"Slovany 2966, 276 01 Mělník, Česko",14.4961665,50.3423259
CZE,"Nehvizdská 73, 250 89 Lázně Toušeň, Česko",14.7171803,50.1674899
CZE,"Liblice 57, 277 32 Liblice, Česko",14.5898327,50.3123369
CZE,"Polerady 300, 250 63 Polerady, Česko",14.5948598,50.2035944
CZE,"Veliký Brázdim 12, 250 63 Mratín, Česko",14.5934819,50.1901578
CZE,"Bobkova 766/10, 198 00 Praha 9-Černý Most, Česko",14.5775552,50.1063341
CZE,"Nedomice 78, 277 14 Nedomice, Česko",14.6154697,50.2568644
CZE,"Jitřní 424/2, 147 00 Praha 4, Česko",14.4148742,50.0235257
CZE,"13, Hellichova 300, Malá Strana, 118 00 Praha, Česko",14.4027951,50.0840984
CZE,"147 00, Mezivrší 32/15, 147 00 Praha 4-Braník, Česko",14.4146582,50.0373691
CZE,"Českomalínská 1037, 160 00 Praha 6-Bubeneč, Česko",14.4042459,50.1067913
CZE,"Štolmířská 602/4, 198 00 Praha 14-Hloubětín, Česko",14.5428273,50.1048867
CZE,"2, K Podjezdu 1077, 140 00 Praha 4, Česko",14.4523161,50.0608448
CZE,"Trojická 397, 128 00 Nové Město, Česko",14.4173203,50.070642
CZE,"Jažlovická 2119/1, 149 00 Praha 4-Chodov, Česko",14.5233259,50.0253866
CZE,"Lešenská 548, 181 00 Praha 8, Česko",14.423661,50.1273671
CZE,"Chmelová 2921, 106 00 Praha 10, Česko",14.4971545,50.0592217
CZE,"Terronská 200/20, 160 00 Praha 6-Bubeneč, Česko",14.3983184,50.1040104
CZE,"Jihozápadní IV 1760, 141 00 Praha 4, Česko",14.4789686,50.0418468
CZE,"Ringhofferova 437, Olešovice, 251 68 Kamenice, Česko",14.5893496,49.9059383
CZE,"Pražského povstání 1711, 256 01 Benešov, Česko",14.6959329,49.7902624
CZE,"Petříkov 174, 251 69 Petříkov, Česko",14.6169532,49.9251943
CZE,"Trenčínská 2770, 141 00 Praha 4, Česko",14.4739253,50.0467123
CZE,"Smetanova 393, 251 69 Velké Popovice, Česko",14.6424146,49.919316
CZE,"Táborská 350, 256 01 Benešov, Česko",14.6898649,49.7799494
CZE,"Ke Školce 119, 252 41 Zlatníky-Hodkovice, Česko",14.4824967,49.9600032
CZE,"U Rybníků II 6, 252 45 Ohrobec, Česko",14.4333872,49.941618
CZE,"Pod Květnicí 165, 257 22 Nespeky, Česko",14.6627456,49.8583676
CZE,"Kosova Hora 85, 262 91 Kosova Hora, Česko",14.4740463,49.655765
CZE,"U Školky 51, 251 63 Kunice, Česko",14.6657953,49.931793
CZE,"Komenského 278, 257 41 Týnec nad Sázavou, Česko",14.590261,49.8377682
CZE,"Pražská 155, Dolní Jirčany, 252 44 Psáry, Česko",14.5167956,49.9439544
CZE,"K Hradišťátku 900, 252 41 Dolní Břežany, Česko",14.4476102,49.9620878
CZE,"Družstevní 270, 257 91 Sedlec-Prčice, Česko",14.5294526,49.5720812
CZE,"Pod Radnicí 67, 257 56 Neveklov, Česko",14.5324241,49.7542689
CZE,"U Školky 195, 373 67 Borek, Česko",14.498829,49.024884
CZE,"Libníč 47, 373 71 Libníč, Česko",14.5489165,49.0207791
CZE,"Radimovice u Želče 5, 390 02 Radimovice u Želče, Česko",14.6503203,49.3775883
CZE,"Želeč 39, 391 74 Želeč, Česko",14.6470773,49.3193028
CZE,"Nábřeží 206, 390 01 Tábor, Česko",14.6577709,49.4091287
CZE,"Dlouhá 340/9, 390 01 Tábor, Česko",14.6578274,49.4151932
CZE,"Wolkerova 2589, 276 01 Mělník, Česko",14.4883835,50.3467934
CZE,"Borkovice 31, 391 81 Borkovice, Česko",14.6433583,49.2083777
CZE,"Českolipská 1337/2, 276 01 Mělník, Česko",14.4677583,50.3720932
CZE,"Nebužely 47, 277 34 Nebužely, Česko",14.5895938,50.3917929
CZE,"182 513 Sokolovská, Libeň, 180 00 Praha, Česko",14.4760666,50.1022728
CZE,"Libušina 838, 472 01 Doksy, Česko",14.6629035,50.5692577
CZE,"42, 277 14, Česko",14.6551621,50.2747874
CZE,"Zahrádky 19, 471 01 Zahrádky, Česko",14.5228228,50.632783
CZE,"U Vysočanského pivovaru 261, 190 00 Praha 9-Vysočany, Česko",14.5045574,50.1076553
CZE,"Letohradská 370, 170 00 Praha 7-Holešovice, Česko",14.430535,50.0981871
CZE,"Šumavská 920, 120 00 Praha 2-Vinohrady, Česko",14.4437516,50.0764299
CZE,"Kojetická 32, 250 63 Čakovičky, Česko",14.5307521,50.2295866
CZE,"Útulná 2099, 100 00 Strašnice, Česko",14.4913235,50.0821815
CZE,"Jakobiho 329, 109 00 Praha-Petrovice, Česko",14.5587731,50.0318083
CZE,"Zvonková 2901, 106 00 Praha 10-Záběhlice, Česko",14.5063964,50.0550101
CZE,"Charlese de Gaulla 832/18, 160 00 Praha 6-Bubeneč, Česko",14.3993986,50.1047403
CZE,"Roháčova 273/40, 130 00 Praha 3-Žižkov, Česko",14.4585166,50.0872218
CZE,"Tuchorazská 472, 108 00 Praha 10, Česko",14.5058971,50.0808569
CZE,"Sudoměřská 1137/54, 130 00 Praha 3-Žižkov, Česko",14.4585202,50.0819782
CZE,"Pod Školkou 493, 254 01 Jílové u Prahy, Česko",14.4912214,49.8981667
CZE,"Magnitogorská 1430, 101 00 Praha 10-Vršovice, Česko",14.4641968,50.0665895
CZE,"Bojasova 1242, 182 00 Praha 8-Kobylisy, Česko",14.4652294,50.1301011
CZE,"Lešany 23, 257 44 Lešany, Česko",14.5266738,49.8425551
CZE,"Letenská 120, 118 00 Malá Strana, Česko",14.4088889,50.09
CZE,"nám. Jiráskovo 67, 373 65 Dolní Bukovsko, Česko",14.5817531,49.1717483
CZE,"Dvouletky 601/8, 100 00 Strašnice, Česko",14.4970776,50.0753523
CZE,"Jílovská 21, 252 06 Davle, Česko",14.3962152,49.8867885
CZE,"Longenova 1719, 256 01 Benešov, Česko",14.6809046,49.7886031
CZE,"Kosova Hora 325, 262 91 Kosova Hora, Česko",14.475367,49.6564402
CZE,"Malšice 232, 391 75 Malšice, Česko",14.5813851,49.3653159
CZE,"Ke školce 39, 250 69 Klíčany, Česko",14.4341312,50.2008588
CZE,"Školní 160, 257 91 Sedlec-Prčice, Česko",14.528126,49.5725858
CZE,"Táborská 100, 391 75 Malšice, Česko",14.5790803,49.3636928
CZE,"Sviny 57, 391 81 Sviny, Česko",14.6370437,49.1873907
CZE,"Na Libuši 690, 391 65 Bechyně, Česko",14.4813478,49.3026156
CZE,"Havlíčkova 273, 277 35 Mšeno, Česko",14.6352918,50.4368483
CZE,"Komenského 307, 250 70 Odolena Voda, Česko",14.412083,50.2289629
CZE,"Tyršova 75, 276 01 Mělník, Česko",14.4716152,50.3542305
CZE,"Zahrádky 108, 471 01 Zahrádky, Česko",14.5247411,50.634136
CZE,"Hornická 40, 373 71 Rudolfov, Česko",14.5395308,48.9926082
CZE,"Spěšného 288, 252 63 Roztoky, Česko",14.3975045,50.1673438
CZE,"Šiškova 1223, 182 00 Praha 8, Česko",14.4622619,50.1290352
CZE,"Mládežnická 3078, 106 00 Praha 10, Česko",14.5014805,50.053722
CZE,"17, Buková 2519, 130 00 Praha 3, Česko",14.4967293,50.0901734
CZE,"Renoirova 648/29, 152 00 Praha 5-Hlubočepy, Česko",14.3796091,50.0361659
CZE,"Beckovu 142, 250 65 Bašť, Česko",14.4736425,50.2045467
CZE,"Ve Stínu 2103, 100 00 Strašnice, Česko",14.4949396,50.0782967
CZE,"Kodaňská 989, 101 00 Praha 10-Vršovice, Česko",14.4554996,50.0709508
CZE,"Jílovská 1175/75, 147 00 Praha 4-Braník, Česko",14.4288704,50.026521
CZE,"Janovského 995, 170 00 Praha 7-Holešovice, Česko",14.4329483,50.1040874
CZE,"4, Bezová 1592, 147 00 Praha 4, Česko",14.4126551,50.0343788
CZE,"Kubatova 32, 102 00 Praha 10, Česko",14.5189602,50.0486778
CZE,"Kokořínská 1616, Chloumek, 276 01 Mělník, Česko",14.5104335,50.3691655
CZE,"Kovářská 1790, 190 00 Praha 9-Libeň, Česko",14.4887254,50.1081047
CZE,"Trhanovské nám. 441/7, 102 00 Praha 10, Česko",14.5240381,50.0521833
CZE,"Opletalova 925/14, 110 00 Nové Město, Česko",14.4298855,50.0815541
CZE,"Na Přesypu 4, 182 00 Praha 8, Česko",14.4441043,50.1237418
CZE,"Veltruská 560, 190 00 Praha 9-Prosek, Česko",14.493316,50.1210396
CZE,"Národní 416, 110 00 Staré Město, Česko",14.4202222,50.0832107
CZE,"Kostelní 37/7, 170 00 Praha 7-Letná, Česko",14.429873,50.0973063
CZE,"Číšťovice 18, 257 89 Heřmaničky, Česko",14.578425,49.6018195
CZE,"Maršovice 70, 257 55 Maršovice, Česko",14.5638555,49.7121984
CZE,"Měšická 318, 250 65 Líbeznice, Česko",14.4985106,50.1953152
CZE,"Dr. Beneše 260, 250 01 Brandýs nad Labem-Stará Boleslav, Česko",14.6796284,50.1975148
CZE,"Okna 81, 471 62 Okna, Česko",14.66792,50.5269402
CZE,"264 01 Prosenická Lhota, Česko",14.4817148,49.6914148
CZE,"Pražská 297, 250 01 Brandýs nad Labem-Stará Boleslav, Česko",14.6561875,50.1815053
CZE,"Hřbitovní 399, 277 32 Byšice, Česko",14.612624,50.312016
CZE,"T. G. Masaryka 274, 277 13 Kostelec nad Labem, Česko",14.5832875,50.223881
CZE,"Hlavní 325, 252 07 Štěchovice, Česko",14.4067392,49.8484523
CZE,"Hlavní 62, 252 45 Zvole, Česko",14.4152575,49.9351332
CZE,"Dvořákova 1138, 250 01 Brandýs nad Labem-Stará Boleslav, Česko",14.6838711,50.2019707
CZE,"Chobotská 1757, Brandýs nad Labem, 250 01 Brandýs nad Labem-Stará Boleslav, Česko",14.6508589,50.1872321
CZE,"Školní 192, 277 11 Libiš, Česko",14.4990003,50.2762663
CZE,"Sulice 349, 25168 Sulice - Želivec, Česko",14.5795344,49.9178262
CZE,"Mrač 305, 257 21 Mrač, Česko",14.6936474,49.8332613
CZE,"Pankrácká 73, 251 63 Všestary, Česko",14.6827549,49.9604438
CZE,"Ke Školce 235, 251 63 Strančice, Česko",14.685184,49.9481594
CZE,"Pikovice 270, 252 09 Hradištko, Česko",14.4114738,49.8658428
CZE,"4, Gen. Janouška 1005, 198 00 Praha 14-Černý Most, Česko",14.565714,50.1034365
CZE,"Bezručova 1948/1948, 256 01 Benešov, Česko",14.6933084,49.7826203
CZE,"Hlavatce 51, 391 73 Hlavatce, Česko",14.6212189,49.2941823
CZE,"Riegrova 1621, 250 01 Brandýs nad Labem-Stará Boleslav, Česko",14.6603595,50.1837977
CZE,"V Olšinkách 700, 277 11 Neratovice, Česko",14.517129,50.257225
CZE,"Libušina 164, 391 65 Bechyně, Česko",14.4705372,49.2975172
CZE,"Zápy 71/71, 250 01 Zápy, Česko",14.6803154,50.1648711
CZE,"Školská 189, 373 63 Ševětín, Česko",14.5663276,49.0999655
CZE,"Spojenců 2170, 193 00 Praha 20, Česko",14.6048008,50.1078538
CZE,"Revoluční 1247/26, 110 00 Nové Město, Česko",14.427572,50.0923217
CZE,"5. května 333, 250 90 Jirny, Česko",14.6990763,50.1171637
CZE,"Štěpničná 1964, 182 00 Praha 8-Libeň, Česko",14.4775882,50.1257095
CZE,"Pod Strání 33, 373 71 Hůry, Česko",14.5402571,49.0060484
CZE,"Peroutkova 1004, 158 00 Praha 5-Košíře, Česko",14.3836403,50.0629679
CZE,"Kostlivého 1218, 198 00 Praha 14, Česko",14.5540768,50.0849092
CZE,"Halasova 1069, 140 00 Praha 4, Česko",14.4411952,50.0418315
CZE,"Jakutská 1210, 100 00 Praha 10-Vršovice, Česko",14.4726839,50.0721373
CZE,"Štěchovická 1981, 100 00 Strašnice, Česko",14.5017372,50.0719464
CZE,"Předškolní 419/3, 148 00 Praha-Kunratice, Česko",14.4817654,50.0126617
CZE,"Obchodní 383, 257 22 Čerčany, Česko",14.7051291,49.8502593
CZE,"Křečovice 37, 257 56 Křečovice, Česko",14.4764244,49.7203251
CZE,"nám. 14. října 2994/9a, 150 00 Praha 5-Smíchov, Česko",14.4055231,50.0729531
CZE,"Libeň 54, 252 41 Libeř, Česko",14.460837,49.9390242
CZE,"Na Prádle 252, 251 67 Pyšely, Česko",14.6845866,49.871816
CZE,"Pod Krocínkou 466, 190 00 Praha 9, Česko",14.5123663,50.116406
CZE,"Dukelská 1546, 256 01 Benešov, Česko",14.6834076,49.783816
CZE,"Hradešínská 17, 101 00 Vinohrady, Česko",14.4536315,50.0735997
CZE,"Omská 1354, 100 00 Praha 10-Vršovice, Česko",14.4792701,50.0727323
CZE,"U železničního mostu 2629, 150 00 Praha 5-Smíchov, Česko",14.4088356,50.0666019
CZE,"Tyršova 600, 251 64 Mnichovice, Česko",14.7053782,49.9369927
CZE,"V Chalupách 47, 373 71 Adamov, Česko",14.5405761,49.0005035
CZE,"Opařany 238, 391 61 Opařany, Česko",14.4829759,49.3980838
CZE,"252 82 Kamenný Přívoz, Česko",14.5033514,49.8638873
CZE,"Na Točně 26, 373 71 Rudolfov, Česko",14.541925,48.9931864
CZE,"Žimutice 28, 373 66 Žimutice, Česko",14.5099181,49.2046905
CZE,"Sudoměřice u Bechyně 64, 391 72 Sudoměřice u Bechyně, Česko",14.5404832,49.2895317
CZE,"Okružní 517, 370 01 České Budějovice, Česko",14.4940032,48.9953534
CZE,"Úsilné 43, 370 10 České Budějovice, Česko",14.5058904,49.012924
CZE,"Adamovská 490, 373 71 Rudolfov, Česko",14.5397495,48.9951779
CZE,"Teplická 137/172, Dolní Oldřichov, 405 02 Děčín, Česko",14.1814637,50.7795807
CZE,"Dittrichova 243/14, 407 46 Krásná Lípa, Česko",14.5056759,50.9120866
CZE,"Jeronýmova 183, 379 01 Třeboň, Česko",14.7597016,49.0052585
CZE,"Hradecká 518, 407 53 Jiříkov, Česko",14.5691164,50.9919903
CZE,"Svárovská 2063, 470 01 Česká Lípa, Česko",14.5441932,50.6769872
CZE,"Horní Podluží 205, 407 57 Horní Podluží, Česko",14.5587677,50.8819038
CZE,"Sídliště 592/592, Cvikov II, 471 54 Cvikov, Česko",14.6293686,50.7793917
CZE,"471 51 Svor, Česko",14.5965325,50.7912249
CZE,"Ke Spravedlnosti 943, 258 01 Vlašim, Česko",14.8998678,49.6975472
CZE,"Dittrichova 243, 407 46 Krásná Lípa, Česko",14.505678,50.9121095
CZE,"Táborská 412, 256 01 Benešov, Česko",14.6900457,49.7801242
CZE,"251 68 Kamenice, Česko",14.5757649,49.9053623
CZE,"Masarykovo nám. 155, 256 01 Benešov, Česko",14.6892643,49.7833931
CZE,"Dukelská, 256 01 Benešov, Česko",14.6837839,49.7832218
CZE,"Teplýšovice 75, 256 01 Teplýšovice, Česko",14.8041904,49.807759
CZE,"Na Karlově 1534, 256 01 Benešov, Česko",14.6938166,49.7843022
CZE,"Chocerady 334, 257 24 Chocerady, Česko",14.8093472,49.8734363
CZE,"Liberecká 76, 471 25 Jablonné v Podještědí, Česko",14.770592,50.7701584
CZE,"5. května 233, 403 32 Povrly, Česko",14.1570204,50.676293
CZE,"258 01 Kladruby, Česko",14.949793,49.7232122
CZE,"Pravonín 51, 257 09 Pravonín, Česko",14.9445005,49.6357323
CZE,"257 64 Zdislavice, Česko",14.9749429,49.6851503
CZE,"1129, 257 28 Chotýšany, Česko",14.8233307,49.7485892
CZE,"správní sídlo, Kolmá 570, 252 45 Zvole, Česko",14.4185205,49.9294408
CZE,"U Hřiště 576, 252 42 Vestec, Česko",14.5058702,49.9843984
CZE,"Nučická 1914/42, 100 00 Strašnice, Česko",14.498476,50.0668363
CZE,"Lysinská 184, 143 00 Praha 12, Česko",14.4092725,50.014269
CZE,"Boloňská 313, 109 00 Praha 15-Horní Měcholupy, Česko",14.5596238,50.0466734
CZE,"V žáčku 219/2, 190 14 Praha-Klánovice, Česko",14.6722309,50.0956405
CZE,"Pštrossova 204/11, 110 00 Nové Město, Česko",14.4156065,50.0781319
CZE,"Troilova 474, 108 00 Praha 10, Česko",14.5037814,50.0845174
CZE,"Na Bučance 1189, 140 00 Praha 4-Nusle, Česko",14.4258822,50.0625246
CZE,"Fillova 11/1084, 140 00 Praha 4-Krč, Česko",14.4450399,50.0423118
CZE,"Voráčovská 2, 147 00 Praha 4, Česko",14.4254165,50.0548113
CZE,"Sluneční 1550/20, 104 00 Praha 22, Česko",14.6114587,50.0282283
CZE,"Hlubočepská 90, 152 00 Praha 5-Hlubočepy, Česko",14.3960824,50.0415884
CZE,"Ohradní 1367, 140 00 Praha 4-Michle, Česko",14.4500109,50.0514893
CZE,"Hrabákova 2000/15, 148 00 Praha 4-Chodov, Česko",14.4835605,50.0294122
CZE,"Školní 190, 257 21 Poříčí nad Sázavou, Česko",14.6774012,49.8362911
CZE,"Anny Drabíkové 536, 149 00 Praha 4, Česko",14.5290983,50.0335738
CZE,"nám. Voskovce a Wericha 290, 285 06 Sázava, Česko",14.9021096,49.876231
CZE,"Teplýšovice 45, 256 01 Teplýšovice, Česko",14.8018231,49.8039836
CZE,"Karla Majera 370, 252 31 Všenory, Česko",14.3041892,49.9288295
CZE,"252 10 Mníšek pod Brdy, Česko",14.25164,49.8705363
CZE,"Kostelecká 508, 251 68 Kamenice, Česko",14.5691732,49.9021838
CZE,"Petroupim 49, 256 01 Petroupim, Česko",14.752147,49.809658
CZE,"Česká Lípa 4, 471 21 Česká Lípa, Česko",14.598342,50.6851662
CZE,"Ratibořské Hory 36, 391 42 Ratibořské Hory, Česko",14.7685443,49.4625269
CZE,"Sosnová 49 Česká Lípa, 470 01, Česko",14.5323654,50.656306
CZE,"Kunratice u Cvikova 145, 471 55 Kunratice u Cvikova, Česko",14.6789028,50.7683056
CZE,"Rybářská 36, Donín, 463 34 Hrádek nad Nisou, Česko",14.8497077,50.848545
CZE,"Přímětická 1247, 140 00 Praha 4-Michle, Česko",14.4488442,50.0472252
CZE,"Na Lysinách 6/41, 147 00 Praha 4-Hodkovičky, Česko",14.4091292,50.0204723
CZE,"Svatoňovická 587, 190 12 Praha-Dolní Počernice, Česko",14.5734294,50.0843845
CZE,"U Nesypky 1509, 150 00 Praha 5-Smíchov, Česko",14.3883247,50.0590087
CZE,"Teplická 1489/65, 405 02 Děčín, Česko",14.158037,50.782732
CZE,"Zacharova 1989, 373 16 Dobrá Voda u Českých Budějovic, Česko",14.528882,48.9689599
CZE,"Markvartice 197, 407 42 Markvartice, Česko",14.3673563,50.7831862
CZE,"Majdalena 31, 378 03 Majdalena, Česko",14.8634706,48.965216
CZE,"Mikulášovice 1066, 407 79 Mikulášovice, Česko",14.3576291,50.9643577
CZE,"Nový Oldřichov 86, 471 13 Nový Oldřichov, Česko",14.4439132,50.7647766
CZE,"Polevsko 44, 471 16 Polevsko, Česko",14.5328746,50.7870663
CZE,"Fügnerova 411, 405 02 Děčín, Česko",14.21877,50.7775236
CZE,"Cihelní, 407 22 Benešov nad Ploučnicí, Česko",14.3093785,50.7426723
CZE,"nám. 5. května 131, 378 16 Lomnice nad Lužnicí, Česko",14.7186221,49.0818752
CZE,"nám. Emy Destinnové 142, 378 02 Stráž nad Nežárkou, Česko",14.9090354,49.069159
CZE,"Polevsko 167, 471 16 Polevsko, Česko",14.5327472,50.7867304
CZE,"Prysk 56, 471 15 Prysk, Česko",14.4675615,50.7965341
CZE,"Školní 1544/5, Letná, 405 02 Děčín, Česko",14.1873496,50.7604659
CZE,"407 13, 68 Ludvíkovice, Česko",14.2566071,50.7940814
CZE,"Nová 168, 473 01 Nový Bor, Česko",14.5560028,50.7561638
CZE,"Komenského 506, 257 41 Týnec nad Sázavou, Česko",14.5899829,49.8362125
CZE,"Lešany 42, 257 44 Lešany, Česko",14.5238376,49.8449654
CZE,"Školní, 257 44 Netvořice, Česko",14.5206688,49.8187491
CZE,"Klusáčkova 2, 257 41 Týnec nad Sázavou, Česko",14.5907406,49.8298358
CZE,"252 08 Slapy, Česko",14.397464,49.8143697
CZE,"Petroupim 74, 256 01 Petroupim, Česko",14.752855,49.8100453
CZE,"Na Karlově 372, 256 01 Benešov, Česko",14.6914266,49.7847521
CZE,"264 01, Prosenická Lhota, Česko",14.4817296,49.6914349
CZE,"Kostelní 96, 391 33 Jistebnice, Česko",14.5254401,49.485993
CZE,"Borotín 120, 391 35 Borotín, Česko",14.6309337,49.4992961
CZE,"Lhotecká 270, 257 08 Načeradec, Česko",14.9075242,49.6092819
CZE,"Chřibská 280, 407 44 Chřibská, Česko",14.4809864,50.8607871
CZE,"J. Masaryka 302, 258 01 Vlašim, Česko",14.8972532,49.7035245
CZE,"Jiráskova 89, 471 54 Cvikov, Česko",14.6327337,50.7786474
CZE,"Jiráskova 88, 471 54 Cvikov, Česko",14.6328813,50.7783621
CZE,"Oldřichovská 462, 463 34 Hrádek nad Nisou, Česko",14.8472174,50.8587832
CZE,"Pravonín 67, 257 09 Pravonín, Česko",14.9405956,49.6355225
CZE,"Horní Libchava 196, 471 11 Horní Libchava, Česko",14.4944654,50.7114312
CZE,"Stružnice 69, 470 02 Stružnice, Česko",14.4486766,50.6946814
CZE,"Jiráskova 88, Cvikov I, 471 54 Cvikov, Česko",14.6332483,50.7784827
CZE,"Nádražní, 407 22 Benešov nad Ploučnicí, Česko",14.3030658,50.7388663
CZE,"Klášterní 2490, 470 01 Česká Lípa, Česko",14.5350462,50.6873775
CZE,"Kosmonautů 177, 405 02 Děčín, Česko",14.2483885,50.7615324
CZE,"Libouchec 157, 403 35 Libouchec, Česko",14.0427265,50.7603478
CZE,"Vítězství 121, Nebočady, 407 11 Děčín, Česko",14.1906973,50.7396668
CZE,"nám. Míru 616, 471 14 Kamenický Šenov, Česko",14.4706998,50.7765439
CZE,"Lipová 740, 405 02 Děčín, Česko",14.2267716,50.7779391
CZE,"B. Němcové 440, 473 01 Nový Bor, Česko",14.5604484,50.7542458
CZE,"Školní 1544/5, 405 02 Děčín, Česko",14.1870019,50.760543
CZE,"Komenského 274, 407 22 Benešov nad Ploučnicí, Česko",14.3065382,50.7428657
CZE,"Petrovice 5, 403 37 Petrovice, Česko",13.975112,50.7900753
CZE,"407 02 Jílové, Česko",14.0804682,50.7607367
CZE,"Pluhův Žďár 2, 378 24 Pluhův Žďár, Česko",14.8933238,49.2242616
CZE,"166, 251 69 Petříkov, Česko",14.6218502,49.9231123
CZE,"Prácheňská 171, 471 14 Kamenický Šenov, Česko",14.4892105,50.7697942
CZE,"Peškova 963, 152 00 Praha 5-Hlubočepy, Česko",14.3712061,50.0307886
CZE,"Parmská 389, 109 00 Praha 15, Česko",14.56362,50.0413555
CZE,"Stachova 518, 149 00 Praha 11, Česko",14.5300487,50.0369065
CZE,"Husova 1570, 390 02 Tábor, Česko",14.6768004,49.4087037
CZE,"Tučapy 200, 391 26 Tučapy, Česko",14.798576,49.28917
CZE,"391 74 Želeč, Česko",14.659286,49.3175325
CZE,"Dlouhá 339, 390 01 Tábor, Česko",14.6576387,49.415286
CZE,"Nová, 392 01 Soběslav, Česko",14.7205416,49.2516347
CZE,"391 31 Dražice, Česko",14.5864434,49.427956
CZE,"Pražská 235, 259 01 Votice, Česko",14.6407666,49.6413196
CZE,"Borotín 146, 391 35 Borotín, Česko",14.6164819,49.5041753
CZE,"Morávkovo nám. 24, 391 43 Mladá Vožice, Česko",14.8104535,49.5330183
CZE,"Lipová 158, 391 37 Chotoviny, Česko",14.6749306,49.4780727
CZE,"Olbramovice Ves 4, 259 01 Olbramovice, Česko",14.6402262,49.6739802
CZE,"U Kovárny 61, 257 06 Louňovice pod Blaníkem, Česko",14.845321,49.6345196
CZE,"Školní 154, 257 01 Postupice, Česko",14.7812891,49.7287529
CZE,"Moskevská 2434, 470 01 Česká Lípa, Česko",14.5442976,50.685526
CZE,"8, Nerudova 628, 470 01 Česká Lípa, Česko",14.5407308,50.6869462
CZE,"Petrova 735, Starý Jiříkov, 407 53 Jiříkov, Česko",14.5651931,50.9950447
CZE,"Křižíkova 183, 471 06 Horní Police, Česko",14.4027538,50.7031965
CZE,"Školní 4, 378 21 Kardašova Řečice, Česko",14.852855,49.1852329
CZE,"Novosedly nad Nežárkou 112, 378 17 Novosedly nad Nežárkou, Česko",14.8172715,49.0830781
CZE,"405 02 Děčín, Česko",14.1865663,50.7707812
CZE,"Kamenická 511, 405 02 Děčín, Česko",14.2276502,50.7783373
CZE,"Na Svahu 528, 473 01 Nový Bor, Česko",14.5598268,50.7503665
CZE,"Skalice u České Lípy 161, 471 17 Skalice u České Lípy, Česko",14.529503,50.7528701
CZE,"Březová 369, 405 02 Děčín, Česko",14.215745,50.772787
CZE,"Dolní Habartice 152, 405 02 Dolní Habartice, Česko",14.3333204,50.7472292
CZE,"Velké Chvojno 55, 403 34 Velké Chvojno, Česko",14.034931,50.732254
CZE,"Luční 382, 473 01 Nový Bor, Česko",14.5519526,50.7669624
CZE,"Pískovec I 905, 471 14 Kamenický Šenov, Česko",14.4690753,50.7887335
CZE,"Školní 1475, 405 02 Děčín, Česko",14.1844589,50.7612315
CZE,"Na Pěšině 330, 405 05 Děčín, Česko",14.1487479,50.7822607
CZE,"Horní Habartice 6, 405 02 Horní Habartice, Česko",14.341854,50.7607599
CZE,"Čentická 2856, 190 16 Praha 21, Česko",14.6527115,50.0791723
CZE,"Helsinská 2732, 390 05 Tábor, Česko",14.6885618,49.3857879
CZE,"Mrázkova 123, 392 01 Soběslav, Česko",14.7132394,49.2623782
CZE,"Kukučínova 1150, 142 00 Praha 4, Česko",14.4535943,50.027773
CZE,"Sokolovská 2374, 390 03 Tábor, Česko",14.6470162,49.4236486
CZE,"Chýnovská 416, Měšice, 391 56 Tábor, Česko",14.7028086,49.4063936
CZE,"Obrataň 170, 394 12 Obrataň, Česko",14.945637,49.4230113
CZE,"392 01 Mlýny, Česko",14.8670352,49.3235327
CZE,"Míkova 64, Měšice, 391 56 Tábor, Česko",14.7045088,49.4062416
CZE,"Tyršova 2077, 256 01 Benešov, Česko",14.6868197,49.781445
CZE,"Okrouhlo 44, 254 01 Okrouhlo, Česko",14.4500885,49.9184202
CZE,"Ke Křížku 486, Březová, 252 45 Březová-Oleško, Česko",14.4140638,49.9117407
CZE,"Na Nám. 29, 257 03 Jankov, Česko",14.73089,49.652883
CZE,"Velíšská 966, 258 01 Vlašim, Česko",14.8934296,49.705374
CZE,"Školní 191, 257 44 Netvořice, Česko",14.5203503,49.8182209
CZE,"K Vodárně 1609, 258 01 Vlašim, Česko",14.8914146,49.7116749
CZE,"Karlova 88, 257 03 Jankov, Česko",14.7277331,49.6535556
CZE,"K Výstavišti 426, 251 65 Ondřejov, Česko",14.7798644,49.9055725
CZE,"Ratměřice 72, 257 03 Ratměřice, Česko",14.7562829,49.6431524
CZE,"Táborská 170, 257 06 Louňovice pod Blaníkem, Česko",14.8440113,49.6341326
CZE,"Tyršova 302, 407 82 Dolní Poustevna, Česko",14.2870134,50.9838713
CZE,"Svojsíkova 616, 407 77 Šluknov, Česko",14.4526242,50.9999747
CZE,"Vilémovská 6, 407 78 Velký Šenov, Česko",14.3743837,50.9909184
CZE,"Křižíkova 1814, 407 47 Varnsdorf, Česko",14.623735,50.905847
CZE,"Národní 1617, 407 47 Varnsdorf, Česko",14.6251761,50.909101
CZE,"Bratislavská 994, 407 47 Varnsdorf, Česko",14.6407152,50.9108055
CZE,"V Podhájí 277, Rumburk 1, 408 01 Rumburk, Česko",14.5467391,50.9469355
CZE,"Sukova 969, 408 01 Rumburk, Česko",14.5520986,50.9526338
CZE,"Slovenská 1726, 120 00 Vinohrady, Česko",14.4469391,50.0729422
CZE,"Seifertova 2471, 407 47 Varnsdorf, Česko",14.6169159,50.9120806
CZE,"Orlická 229, 407 47 Varnsdorf, Česko",14.6198956,50.9176632
CZE,"Poštovní 1254, 407 47 Varnsdorf, Česko",14.625487,50.9107307
CZE,"Rybniště 170, 407 51 Rybniště, Česko",14.5130298,50.8809167
CZE,"407 51 Rybniště, Česko",14.5166181,50.8880768
CZE,"Komenského 957, 408 01 Rumburk, Česko",14.5542612,50.9526411
CZE,"Nová 494, 378 16 Lomnice nad Lužnicí, Česko",14.7193697,49.0869517
CZE,"Nová 166, 373 73 Štěpánovice, Česko",14.6516585,49.0010727
CZE,"Jateční 42, 391 81 Veselí nad Lužnicí, Česko",14.7062015,49.1879887
CZE,"Masarykova 594, 407 46 Krásná Lípa, Česko",14.5131321,50.9150685
CZE,"Stříbřec 149, 378 18 Stříbřec, Česko",14.8778886,49.0308138
CZE,"Na Vrcholu 1955, 130 00 Praha 3-Žižkov, Česko",14.4869982,50.0930521
CZE,"Velká Bukovina 184, 407 29 Velká Bukovina, Česko",14.396985,50.7294355
CZE,"Skalice u České Lípy 264, 471 17 Skalice u České Lípy, Česko",14.530286,50.7446817
CZE,"Pražská, 407 21 Česká Kamenice, Česko",14.4209872,50.7982626
CZE,"Horní nám. 7, 257 26 Divišov, Česko",14.8750498,49.7889717
CZE,"Saská 259, Bělá, 405 02 Děčín, Česko",14.1779745,50.7858643
CZE,"Úštěcká 43, 471 03 Kravaře, Česko",14.3899245,50.6302374
CZE,"Severní 2214, 470 01 Česká Lípa, Česko",14.5364715,50.6957766
CZE,"Kámen 64, 407 13 Kámen, Česko",14.2661194,50.8111343
CZE,"Srní 97, 405 02 Děčín, Česko",14.1928086,50.7902788
CZE,"Školní 211 p, 251 66 Senohraby, Česko",14.72209,49.8947537
CZE,"Sázavská 323, 281 67 Stříbrná Skalice, Česko",14.8500721,49.8974762
CZE,"Pluhův Žďár 66, 378 24 Pluhův Žďár, Česko",14.8944883,49.223548
CZE,"Spojovací 344, 252 06 Měchenice, Česko",14.3904664,49.9088817
CZE,"Tř. Československé armády 816, Veselí nad Lužnicí II, 391 81 Veselí nad Lužnicí, Česko",14.7114628,49.1914098
CZE,"Nerudova 294, Soběslav II, 392 01 Soběslav, Česko",14.7234604,49.2566062
CZE,"Chotýšany 49, 257 28 Chotýšany, Česko",14.8181696,49.7442563
CZE,"Na Výsluní 203, 257 01 Postupice, Česko",14.7826268,49.7300448
CZE,"257 03 Jankov, Česko",14.7130944,49.6740658
CZE,"Hudečkova 893, 140 00 Praha 4, Česko",14.4341355,50.0418508
CZE,"11213, 258 01 Vlašim, Česko",14.8769449,49.7137701
CZE,"Velíšská 1480, 258 01 Vlašim, Česko",14.8889227,49.7037848
CZE,"Míkova 64, 391 56 Tábor, Česko",14.7030769,49.4054625
CZE,"Bělohrobského 367, 394 94 Černovice, Česko",14.9671468,49.3707278
CZE,"Vlašim 217, 258 01 Vlašim, Česko",14.8726172,49.7140075
CZE,"Milady Jungmanové 316, 391 43 Mladá Vožice, Česko",14.8101683,49.5300039
CZE,"Na Zbořenci 264, 120 00 Nové Město, Česko",14.4173941,50.0774408
CZE,"Vodárenská 84, Třeboň II, 379 01 Třeboň, Česko",14.784948,49.0128558
CZE,"Nezvalova 2025, 407 47 Varnsdorf, Česko",14.6403826,50.9062703
CZE,"U Školky 192, 379 01 Třeboň, Česko",14.7476463,49.0173513
CZE,"Táborská 122, 140 00 Praha 4-Nusle, Česko",14.4357204,50.0600363
CZE,"Mikulášovice 20, 407 79 Mikulášovice, Česko",14.3642693,50.9654696
CZE,"Tyršova 318, 407 82 Dolní Poustevna, Česko",14.2880131,50.9846592
CZE,"Vilémov 140, 407 80 Vilémov, Česko",14.3325925,50.9913842
CZE,"Horní Podluží 215, 407 57 Horní Podluží, Česko",14.5584974,50.8818947
CZE,"Školní 273, 407 56 Jiřetín pod Jedlovou, Česko",14.5793716,50.8741629
CZE,"T. G. Masaryka 1804, 407 47 Varnsdorf, Česko",14.6274061,50.9103465
CZE,"Školní 558/10, 407 46 Krásná Lípa, Česko",14.5099692,50.9121091
CZE,"Krásnolipská 540/22, 408 01 Rumburk, Česko",14.5522955,50.9474372
CZE,"Masarykova 671, 407 46 Krásná Lípa, Česko",14.5128178,50.9147579
CZE,"Staré Křečany 44, 407 61 Staré Křečany, Česko",14.4936321,50.9507882
CZE,"2669, 407 81 Lipová, Česko",14.3604022,51.0109669
CZE,"Žižkova, 407 77 Šluknov, Česko",14.4593873,51.0023924
CZE,"Tyršova 373, 407 82 Dolní Poustevna, Česko",14.2865159,50.9832887
CZE,"Žižkova 1032, 407 77 Šluknov, Česko",14.4597697,51.0026511
CZE,"Lodhéřov 187, 378 26 Lodhéřov, Česko",14.9636813,49.2071422
CZE,"9. května 600/4, 391 02 Sezimovo Ústí, Česko",14.7037015,49.3803312
CZE,"Zahradní 289, 378 25 Deštná, Česko",14.9223908,49.2688374
CZE,"Nová Ves u Chýnova 78, 391 55 Nová Ves u Chýnova, Česko",14.7794101,49.3932732
CZE,"Lomnického 607, 378 21 Kardašova Řečice, Česko",14.8507491,49.1875608
CZE,"Sídl. Míru 750, 392 01 Soběslav, Česko",14.7108028,49.2623068
CZE,"Komenského 182, 407 21 Česká Kamenice, Česko",14.4210156,50.800831
CZE,"Svojsíkova 754, 473 01 Nový Bor, Česko",14.5507577,50.7523437
CZE,"Chřibská 290, 407 44 Chřibská, Česko",14.4772539,50.8639177
CZE,"Brněnská 2599, 470 06 Česká Lípa, Česko",14.5491413,50.6923473
CZE,"Nerudova 711, 392 01 Soběslav, Česko",14.7235267,49.2569898
CZE,"Milady Jungmanové 452, 391 43 Mladá Vožice, Česko",14.8117041,49.5308203
CZE,"Eliášova 1527, 470 01 Česká Lípa, Česko",14.5332236,50.6808367
CZE,"Janov 57, 405 02 Janov, Česko",14.269303,50.8572808
CZE,"Choustník 16, 391 18 Choustník, Česko",14.8390793,49.3337375
CZE,"Pod Školkou 493 25401, 254 01 Jílové u Prahy, Česko",14.4967949,49.8964752
CZE,"Huntířov 179, 405 02 Huntířov, Česko",14.3019729,50.7873044
CZE,"Košice 65, 391 17 Košice, Česko",14.7488471,49.3263632
CZE,"Libouchec 370, 403 35 Libouchec, Česko",14.0412667,50.7567831
CZE,"Rudolfova 76, 405 05 Děčín, Česko",14.154326,50.7827911
CZE,"nám. Míru 45, 378 25 Deštná, Česko",14.9235905,49.2658715
CZE,"Filipovská 686, 407 53 Jiříkov, Česko",14.5748114,50.9926794
CZE,"Lobendava 302, 407 84 Lobendava, Česko",14.3108514,51.0165293
CZE,"Svojsíkova 352, 407 77 Šluknov, Česko",14.4533174,51.0021858
CZE,"Leopoldka 74, 407 78 Velký Šenov, Česko",14.3808508,50.9892061
CZE,"Palackého 141, 407 21 Česká Kamenice, Česko",14.4203426,50.7978183
CZE,"Dolní Podluží 437, 407 55 Dolní Podluží, Česko",14.6002375,50.8783254
CZE,"12, V Podhájí 277, Rumburk 1, 408 01 Rumburk, Česko",14.5467332,50.9469427
CZE,"Zlukov 66, 391 81 Zlukov, Česko",14.7447242,49.1931929
CZE,"Staré Křečany 526, 407 61 Staré Křečany, Česko",14.4895717,50.949989
CZE,"Liliová 277, 405 02 Děčín, Česko",14.2346362,50.7810693
CZE,"Ludvíka Zatěrandy 282, 391 55 Chýnov, Česko",14.8088866,49.4088967
CZE,"Krásnolipská 463, 408 01 Rumburk, Česko",14.5550367,50.9489161
CZE,"Poštovní 1428, 407 47 Varnsdorf, Česko",14.6247147,50.9136234
CZE,"ČSLA 515, 391 11 Planá nad Lužnicí, Česko",14.7049123,49.3519893
CZE,"Antonína Sovy 1740, 470 01 Česká Lípa, Česko",14.5259184,50.6918164
CZE,"T. G. Masaryka 2180, 407 47 Varnsdorf, Česko",14.6280051,50.9106827
CZE,"Vojtěcha Kováře 157, 408 01 Rumburk, Česko",14.5677889,50.9477359
CZE,"Pražská 2802, 407 47 Varnsdorf, Česko",14.6196707,50.9068932
CZE,"Sukova 1047, 408 01 Rumburk, Česko",14.5511675,50.9524107
CZE,"Zhořelecká 2607, 470 06 Česká Lípa, Česko",14.5443393,50.6942336
CZE,"Roháče z Dubé 2513, 470 01 Česká Lípa, Česko",14.5351809,50.6884363
CZE,"Bří Čapků 2864, 470 01 Česká Lípa, Česko",14.5384378,50.7012711
CZE,"Tř. Československé armády 308, 391 81 Veselí nad Lužnicí, Česko",14.7157741,49.1958502
CZE,"Bukovno 63, 293 01 Bukovno, Česko",14.8390313,50.4460681
CZE,"Majdalena 16, 378 03 Majdalena, Česko",14.8589645,48.9652842
CZE,"Kolínská 1236, 288 02 Nymburk, Česko",15.0434808,50.180617
CZE,"Olešnice 17, 373 31 Olešnice, Česko",14.7048968,48.8416656
CZE,"Za Školou 161, 277 21 Liběchov, Česko",14.4460233,50.4112506
CZE,"Nádražní 170, 471 24 Mimoň, Česko",14.7194145,50.6570877
CZE,"Noviny pod Ralskem 116, 471 24 Noviny pod Ralskem, Česko",14.7465594,50.6923542
CZE,"Uzavřená 1763, 289 22 Lysá nad Labem, Česko",14.8432468,50.2078557
CZE,"Eliášova 332, 471 24 Mimoň, Česko",14.733862,50.6543524
CZE,"Gen. Klapálka 976, 278 01 Kralupy nad Vltavou, Česko",14.3024323,50.239055
CZE,"Sídliště 1464/45, 289 22 Lysá nad Labem, Česko",14.8425346,50.2096796
CZE,"289 32 Oskořínek, Česko",15.0838787,50.2432032
CZE,"Čenovická 1085, 190 16 Praha 21, Česko",14.6504538,50.0816328
CZE,"Všechlapy 86, 288 02 Všechlapy, Česko",15.0302243,50.2212089
CZE,"Stratov 90, 289 22 Stratov, Česko",14.9098853,50.1930593
CZE,"Kostelní 395, 289 12 Sadská, Česko",14.9815514,50.1361721
CZE,"Ke Školce 158, 250 82 Úvaly, Česko",14.7653913,50.086296
CZE,"Školská 247, 289 24 Milovice, Česko",14.8870374,50.2281932
CZE,"Ratibořské Hory 34, 391 42 Ratibořské Hory, Česko",14.7682551,49.4622415
CZE,"K Brůdku 390/17, 104 00 Praha-Křeslice, Česko",14.5667861,50.0257305
CZE,"Obrataň 148, 394 12 Obrataň, Česko",14.9457689,49.4219774
CZE,"Krále Jiřího 212, 282 01 Český Brod, Česko",14.8659989,50.0763777
CZE,"Přerov nad Labem 112, 289 16 Přerov nad Labem, Česko",14.8255344,50.162282
CZE,"Želiv 251, 394 44 Želiv, Česko",15.2236615,49.5261117
CZE,"Ke školce 382, 252 43 Průhonice, Česko",14.5564319,50.0028825
CZE,"Václavská 33, 251 69 Velké Popovice, Česko",14.6414083,49.9219937
CZE,"Ronovská 106, 289 32 Oskořínek, Česko",15.0839763,50.2430737
CZE,"Zbraslavice 328, 285 21 Zbraslavice, Česko",15.1866045,49.8107325
CZE,"Hněvkovice 14, 582 94 Hněvkovice, Česko",15.2005296,49.6834547
CZE,"Rohatsko 15, 294 04 Rohatsko, Česko",15.1096523,50.4410867
CZE,"Školní 49, Osnice, 252 42 Jesenice, Česko",14.5481181,49.970487
CZE,"Kovanská 171, 289 31 Bobnice, Česko",15.0571512,50.2161133
CZE,"Lesní 1595, 250 01 Brandýs nad Labem-Stará Boleslav, Česko",14.6964988,50.1947254
CZE,"Zámek 1, 252 43 Průhonice, Česko",14.557557,50.0004486
CZE,"Dvory 40, 288 02 Dvory, Česko",14.9949496,50.2106968
CZE,"Navrátilova 69, 250 90 Jirny, Česko",14.6976242,50.1145753
CZE,"Dřevčice 36, 250 01 Dřevčice, Česko",14.6275462,50.1665938
CZE,"K Potoku 765, 250 91 Zeleneč, Česko",14.661582,50.1361446
CZE,"Ke školce 254/12, 109 00 Dolní Mecholupy, Česko",14.5598138,50.060019
CZE,"Školská 555, 281 02 Cerhenice, Česko",15.0638922,50.0704138
CZE,"82, 331 51, Česko",15.0175102,50.1784067
CZE,"Pod Náspem 399, 393 01 Pelhřimov, Česko",15.2215582,49.4250653
CZE,"Semice 140, 289 17 Semice, Česko",14.8756891,50.163826
CZE,"Radim 9, 281 03 Radim, Česko",15.0147132,50.0709943
CZE,"J. A. Komenského 705, 289 11 Pečky, Česko",15.0290604,50.0903919
CZE,"Školní 145, Liblice, 282 01 Český Brod, Česko",14.8795288,50.0760088
CZE,"Letců R. A. F. 1989, 288 02 Nymburk, Česko",15.027194,50.1881353
CZE,"132 Častrov, Česko",15.181203,49.3085253
CZE,"Karla Čapka 1968, 288 02 Nymburk, Česko",15.0288859,50.1852023
CZE,"Milánská 473, 109 00 Praha 15, Česko",14.5543252,50.0395846
CZE,"Svobody 974, 289 11 Pečky, Česko",15.0342577,50.0910098
CZE,"Dolní Chvatliny 26, 281 44 Dolní Chvatliny, Česko",15.0690339,49.9803257
CZE,"Bártlova 83, 193 00 Praha 20, Česko",14.6309496,50.1189532
CZE,"Kollárova 828, 282 01 Český Brod, Česko",14.8591226,50.0755397
CZE,"Vyšehořovice 88, 250 87 Vyšehořovice, Česko",14.7696034,50.1195774
CZE,"Liberecká 607, 463 34 Hrádek nad Nisou, Česko",14.8533816,50.8519041
CZE,"Smetanova 126, 471 14 Kamenický Šenov, Česko",14.469085,50.7886979
CZE,"Komenského 1108, 393 01 Pelhřimov, Česko",15.2170808,49.4269829
CZE,"Nezvalova, 407 47 Varnsdorf, Česko",14.6416798,50.906458
CZE,"Pražská 767, 393 01 Pelhřimov, Česko",15.2193151,49.4345184
CZE,"Na Celně 915, 293 01 Mladá Boleslav, Česko",14.9202219,50.4103735
CZE,"Školní 2, 250 91 Zeleneč, Česko",14.6614386,50.1346078
CZE,"Košetice 165, 394 22 Košetice, Česko",15.1111543,49.555504
CZE,"Palackého tř. 515, 288 02 Nymburk, Česko",15.0437806,50.1913887
CZE,"Na Nám. 30, 277 16 Všetaty, Česko",14.5930844,50.2823272
CZE,"Sokolská stezka 480, 407 21 Česká Kamenice, Česko",14.419104,50.8017114
CZE,"Jilemnického 1029/1029, Mladá Boleslav III, 293 01 Mladá Boleslav, Česko",14.9273887,50.4124795
CZE,"Červená Řečice 306, 394 46 Červená Řečice, Česko",15.1759805,49.5129473
CZE,"31, 332 05, Česko",14.8875496,50.2263588
CZE,"Ledce 100, 294 47 Ledce, Česko",15.0892306,50.3538267
CZE,"289 36 Mcely, Česko",15.0753523,50.3010685
CZE,"Sokolská 1301, 282 01 Český Brod, Česko",14.8553543,50.0670919
CZE,"Školní 57, 277 32 Čečelice, Česko",14.619287,50.2942077
CZE,"Chrášťany 27, 282 01 Chrášťany, Česko",14.9311198,50.0666171
CZE,"Hrubý Jeseník 51, 289 32 Hrubý Jeseník, Česko",15.0977326,50.246813
CZE,"104 00 Praha 22, Česko",14.5852099,50.0174014
CZE,"Na Pískovně 157, 251 66 Senohraby, Česko",14.7201001,49.8925832
CZE,"251 01 Babice, Česko",14.7184376,50.0116625
CZE,"Chrást 150, 289 14 Chrást, Česko",14.8988238,50.1190886
CZE,"250 91 Svémyslice, Česko",14.647692,50.1464484
CZE,"Nepoměřice 56, 285 11 Nepoměřice, Česko",15.1512884,49.8798198
CZE,"Nádražní, 289 12 Sadská, Česko",14.9855773,50.1317832
CZE,"Rumunská, 250 88 Čelákovice, Česko",14.7445669,50.1602654
CZE,"Přístavní 333, 250 88 Čelákovice, Česko",14.76569,50.1705983
CZE,"Chotyně 129, 463 34 Chotyně, Česko",14.86564,50.834896
CZE,"Starodubečská 506, 107 00 Praha-Dubeč, Česko",14.5837925,50.0583706
CZE,"Polní 230, 251 01 Dobřejovice, Česko",14.5872318,49.9828432
CZE,"Ostrá 109, 289 22 Ostrá, Česko",14.8929709,50.1837363
CZE,"Dukelská 317, 289 24 Milovice, Česko",14.8901864,50.2289291
CZE,"Ke Hradištku 1112, 289 12 Sadská, Česko",14.9796158,50.1459848
CZE,"Na Skále 185, 250 73 Radonice, Česko",14.6085703,50.1430958
CZE,"Tatce 195, 289 11 Tatce, Česko",14.977904,50.0933881
CZE,"Na Dolejšku 286, 250 87 Mochov, Česko",14.7975458,50.1423077
CZE,"Sokolská 1313, 282 01 Český Brod, Česko",14.8557243,50.0669747
CZE,"Baumanova 12, 250 82 Horoušany, Česko",14.7392893,50.1053994
CZE,"Moskevská 679, 470 06 Česká Lípa, Česko",14.5421839,50.6850111
CZE,"Mcely 51, 289 36 Mcely, Česko",15.0750553,50.2946312
CZE,"Kostelní 200, 471 07 Žandov, Česko",14.3975132,50.714946
CZE,"Volfartice 81, 471 12 Volfartice, Česko",14.4526387,50.7302258
CZE,"Rodinov 46, 394 70 Kamenice nad Lipou, Česko",15.1042053,49.2840769
CZE,"Mánesova 2630/3b, 251 01 Říčany, Česko",14.663058,49.99478
CZE,"Říčanská 100, 250 84 Sibřina, Česko",14.6659904,50.0633992
CZE,"470 01 Sosnová, Česko",14.533045,50.6536111
CZE,"281 07 Svojšice, Česko",15.0440836,50.0045649
CZE,"Tyršova 434, 281 61 Kouřim, Česko",14.9725782,50.0021994
CZE,"Olivova 224, 251 01 Říčany, Česko",14.6895031,49.9903073
CZE,"Školní 99, 251 65 Zvánovice, Česko",14.7789973,49.9319972
CZE,"Modletice 19, 251 01 Modletice, Česko",14.5918281,49.969754
CZE,"Na Hačálce 205, 251 01 Tehov, Česko",14.6783518,49.9715382
CZE,"Vitice 105, 281 06 Vitice, Česko",14.9121703,50.0293172
CZE,"17. listopadu 1325, 293 01 Mladá Boleslav, Česko",14.9105069,50.4340345
CZE,"Doubravčice 131, 282 01 Doubravčice, Česko",14.7908042,50.0198949
CZE,"Křelovice 29, 394 45 Křelovice, Česko",15.1684385,49.5371205
CZE,"Školní 1, 257 68 Dolní Kralovice, Česko",15.1767165,49.6442744
CZE,"Senožaty 263, 394 56 Senožaty, Česko",15.203504,49.5698338
CZE,"Tyršova 2, 276 01 Mělník, Česko",14.4741295,50.353737
CZE,"Horní 389, Radošovice, 251 01 Říčany, Česko",14.684771,50.0039972
CZE,"Holany 45, 470 02 Holany, Česko",14.492289,50.6179583
CZE,"Nám. Prof. Bechyně 53, 394 21 Hořepník, Česko",15.105448,49.5125625
CZE,"Vavřinec 89, 285 04 Vavřinec, Česko",15.0348087,49.9129618
CZE,"Pražská 28, 281 04 Plaňany, Česko",15.0307173,50.0521886
CZE,"Jindice 94, 285 04 Rašovice, Česko",15.0838402,49.9126784
CZE,"Lupenická 20, 190 16 Praha-Koloděje, Česko",14.6397316,50.0588939
CZE,"Palackého 978, 294 01 Bakov nad Jizerou, Česko",14.9361439,50.4795047
CZE,"Kolovratská 1704, 251 01 Říčany, Česko",14.6493434,49.9940121
CZE,"Hostín u Vojkovic 76, 277 44 Hostín u Vojkovic, Česko",14.3945762,50.2959812
CZE,"277 44 Vojkovice, Česko",14.3769555,50.2954413
CZE,"Hrubínova 827, 277 11 Neratovice, Česko",14.51768,50.2553104
CZE,"Chlumín 8, 277 43 Chlumín, Česko",14.4464846,50.2906758
CZE,"Gagarinova 356, 471 23 Zákupy, Česko",14.6511457,50.6880704
CZE,"Nám. T. G. Masaryka 81, 471 52 Sloup v Čechách, Česko",14.5890652,50.7396199
CZE,"Nová Ves 500, 250 63 Nová Ves, Česko",14.5381863,50.2194676
CZE,"Luční 530, 471 24 Mimoň, Česko",14.7335433,50.656743
CZE,"Komenského 375, 277 16 Všetaty, Česko",14.592853,50.2823915
CZE,"471 24 Noviny pod Ralskem, Česko",14.7471849,50.6919139
CZE,"Jilemnického 1152, Mladá Boleslav III, 293 01 Mladá Boleslav, Česko",14.9272731,50.4125015
CZE,"Pionýrů 168, 471 27 Stráž pod Ralskem, Česko",14.8037332,50.7009896
CZE,"Bendlova 1969, 470 01 Česká Lípa, Česko",14.5287592,50.6908131
CZE,"Předměřice nad Jizerou 143, 294 74 Předměřice nad Jizerou, Česko",14.7796628,50.2561518
CZE,"Luční 531, 471 24 Mimoň, Česko",14.7342266,50.6562545
CZE,"Straky 98, 289 25 Straky, Česko",14.9579271,50.2309465
CZE,"Obrataň 115, 394 12 Obrataň, Česko",14.9489652,49.4241027
CZE,"Nymburská 77, 288 02 Krchleby, Česko",15.0222309,50.2353282
CZE,"Osvobození 47, 391 37 Chotoviny, Česko",14.6754548,49.4784305
CZE,"Dukelská 99, 289 12 Třebestovice, Česko",14.9571677,50.1238998
CZE,"Lstibořská 183, 282 01 Český Brod, Česko",14.8842911,50.074372
CZE,"Přístavní 333/18, 250 88 Čelákovice, Česko",14.765679,50.1706756
CZE,"Ludvíka Zatěrandy 329, 391 55 Chýnov, Česko",14.8096838,49.4087447
CZE,"Břežany II 63, 282 01 Břežany II, Česko",14.8049833,50.0932535
CZE,"Semice 280, 289 17 Semice, Česko",14.8703975,50.1630978
CZE,"Pražská 525, 250 82 Úvaly, Česko",14.7138274,50.0731169
CZE,"Arbeiterova 48, 390 01 Tábor, Česko",14.6568939,49.4137335
CZE,"Komenského 200, 277 32 Byšice, Česko",14.611881,50.312474
CZE,"Petrohradská 2320, 390 03 Tábor, Česko",14.6457253,49.4220262
CZE,"Mírová 430, 289 22 Lysá nad Labem, Česko",14.8505587,50.1875097
CZE,"Průběžná 116, 390 02 Tábor, Česko",14.6789056,49.4234035
CZE,"41, 262 55 Příbram, Česko",14.5210227,50.6885803
CZE,"394 28 Velká Chyška, Česko",15.0364706,49.5097187
CZE,"Na Celně 1117, Mladá Boleslav III, 293 01 Mladá Boleslav, Česko",14.9210596,50.4099049
CZE,"Rumunská 1477/1477, 250 88 Čelákovice, Česko",14.7467765,50.1590729
CZE,"39142 121, 391 42 Ratibořské Hory, Česko",14.7688626,49.4628525
CZE,"Písty 49, 289 13 Písty, Česko",15.0030245,50.1636798
CZE,"Slapy 34, 391 76 Slapy, Česko",14.6206606,49.3878991
CZE,"Sojovice 166, 294 75 Sojovice, Česko",14.758205,50.2229603
CZE,"Krčínská 2511/5, 193 00 Praha 20, Česko",14.6252547,50.1167939
CZE,"Komenského 2254, 390 02 Tábor, Česko",14.6753363,49.408325
CZE,"Olivova 224/224, 251 01 Říčany, Česko",14.6895032,49.9903073
CZE,"Pionýrů 781, 293 06 Kosmonosy, Česko",14.9215494,50.4359873
CZE,"Hlavní 43, 277 33 Řepín, Česko",14.6349471,50.3665909
CZE,"U Zelené cesty 200, 251 62 Mukařov, Česko",14.7427026,49.9932353
CZE,"Šmilovského 242, 293 01 Mladá Boleslav, Česko",14.9125742,50.414179
CZE,"471 58 Cvikov, Česko",14.6531855,50.7476069
CZE,"Sad 5. května 130, Cvikov I, 471 54 Cvikov, Česko",14.6293562,50.7759619
CZE,"V Březinkách 209, 281 63 Vyžlovka, Česko",14.7973167,49.9825122
CZE,"Jilemnického, 293 01 Mladá Boleslav, Česko",14.927272,50.412494
CZE,"257, Květnového povstání, Praha, Česko",14.603226,50.0094157
CZE,"Chodouny 119, 411 71 Chodouny, Česko",14.2535034,50.4763732
CZE,"01015, 293 06 Kosmonosy, Česko",14.9274617,50.4458859
CZE,"Pionýrů 606, 293 06 Kosmonosy, Česko",14.9226813,50.4357518
CZE,"Rynoltice 200, 463 53 Rynoltice, Česko",14.8195315,50.7887194
CZE,"Třebovle 117, 281 63 Třebovle, Česko",14.9585649,50.026321
CZE,"Československé armády 156, 250 83 Škvorec, Česko",14.7324689,50.0513242
CZE,"Tuchoraz 106, 282 01 Tuchoraz, Česko",14.8525746,50.0483724
CZE,"Krompach 47, 471 57 Krompach, Česko",14.7024462,50.8282903
CZE,"K Uhříněvsi 6, 104 00 Praha 22-Uhříněves, Česko",14.6357127,50.0376049
CZE,"Choustník 3, 391 18 Choustník, Česko",14.8354225,49.332672
CZE,"Dukelská 1165, 293 01 Mladá Boleslav, Česko",14.9170946,50.4150737
CZE,"5. května 401, 285 22 Zruč nad Sázavou, Česko",15.0963141,49.7455321
CZE,"293 01 Mladá Boleslav, Česko",14.9089311,50.4255057
CZE,"Nučice 101, 281 63 Nučice, Česko",14.8825628,49.9540243
CZE,"V. Nováka 428, 394 70 Kamenice nad Lipou, Česko",15.074558,49.299873
CZE,"Zámek č. 1, 285 22 Zruč nad Sázavou, Česko",15.1014549,49.7442657
CZE,"Riegrova 495, 379 01 Třeboň, Česko",14.7607524,49.0056058
CZE,"Hospříz 31, 377 01 Hospříz, Česko",15.0876145,49.1301189
CZE,"Tyršova 598, 281 61 Kouřim, Česko",14.9727333,50.0026521
CZE,"U Stadionu 908, Mladá Boleslav II, 293 01 Mladá Boleslav, Česko",14.9078308,50.4255659
CZE,"Nové nám. 1250, 104 00 Praha 22-Uhříněves, Česko",14.5993022,50.0319575
CZE,"Nad Hřištěm 200, 250 63 Nová Ves, Česko",14.5330928,50.2196558
CZE,"Vitice 15, 281 06 Vitice, Česko",14.9166578,50.031185
CZE,"Na Hořičkách 163, 251 62 Louňovice, Česko",14.7583913,49.9837232
CZE,"265 Jarošov nad Nežárkou, Česko",15.0640513,49.181459
CZE,"Nádražní 250, 277 01 Dolní Beřkovice, Česko",14.4495091,50.3920934
CZE,"Na Pohoří 574, 285 22 Zruč nad Sázavou, Česko",15.09687,49.746766
CZE,"Malostranská 123, 285 22 Zruč nad Sázavou, Česko",15.1058973,49.7417365
CZE,"Tuhaň 305, 277 41 Tuhaň, Česko",14.5216064,50.297692
CZE,"277 13 Záryby, Česko",14.6405984,50.2156202
CZE,"277 42 Obříství, Česko",14.479145,50.2952631
CZE,"Třebízského 770, 285 04 Uhlířské Janovice, Česko",15.0612131,49.8778553
CZE,"Hlavní 63, 250 70 Panenské Břežany, Česko",14.4400591,50.2144219
CZE,"Jižní 1970, 470 01 Česká Lípa, Česko",14.5225919,50.6854783
CZE,"Sídl. pod Ralskem 572, Mimoň I, 471 24 Mimoň, Česko",14.7328412,50.657396
CZE,"Křivsoudov 150, 257 66 Křivsoudov, Česko",15.0854014,49.6307009
CZE,"Na Výsluní 2893, 470 06 Česká Lípa, Česko",14.5534643,50.6936253
CZE,"Štursova 270, 285 04 Uhlířské Janovice, Česko",15.0603492,49.8783024
CZE,"Brniště 101, 471 29 Brniště, Česko",14.7084442,50.7221672
CZE,"Havlíčkova 1000, Mladá Boleslav II, 293 01 Mladá Boleslav, Česko",14.9112029,50.4291625
CZE,"Mírová 81, 471 24 Mimoň, Česko",14.7228315,50.6567286
CZE,"Nerudova 797, 293 01 Mladá Boleslav, Česko",14.9093777,50.4231927
CZE,"Školní 347, 471 23 Zákupy, Česko",14.6509126,50.6863936
CZE,"B. Smetany 615, 288 02 Nymburk, Česko",15.0418964,50.1896368
CZE,"Za Branou 870, 395 01 Pacov, Česko",15.0037535,49.4767709
CZE,"Kaplického 985, 391 01 Sezimovo Ústí, Česko",14.6899252,49.3843095
CZE,"1, 273 71 Kladno, Česko",14.5113744,50.3721888
CZE,"Rudé armády 300, 294 73 Brodce, Česko",14.8677368,50.3337937
CZE,"K železnici 307, 190 11 Běchovice, Česko",14.5991795,50.0764695
CZE,"Ke škole 381, 289 37 Loučeň, Česko",15.0175314,50.2843875
CZE,"Komenského 96, 294 43 Čachovice, Česko",14.9422467,50.2723667
CZE,"Mělnická 113, Radouň, 277 38 Mělnické Vtelno, Česko",14.6789692,50.3484912
CZE,"Vysoká 10, 277 24 Vysoká u Mělníka, Česko",14.535965,50.4121335
CZE,"Václavkova 1040, Mladá Boleslav II, 293 01 Mladá Boleslav, Česko",14.9046068,50.4257188
CZE,"Poznaňská 366, 285 06 Sázava, Česko",14.902695,49.8773054
CZE,"Vysoká 10, 277 24 Vysoká, Česko",14.5342577,50.4121361
CZE,"Horní Počaply 225, 277 03 Horní Počaply, Česko",14.3920927,50.4229435
CZE,"Dlouhá 270, 294 42 Luštěnice, Česko",14.9354341,50.3214625
CZE,"Malý Liběchov 18, Liběchov, 27721, 277 21, Česko",14.4511338,50.4039756
CZE,"Komenského 46, 294 41 Dobrovice, Česko",14.9578255,50.3701972
CZE,"Hřbitovní 436, 277 32 Byšice, Česko",14.6149631,50.3134417
CZE,"Zámecká 162, 285 07 Rataje nad Sázavou, Česko",14.9600664,49.8417244
CZE,"Úžice 49, 285 06 Úžice, Česko",14.9236293,49.887511
CZE,"Sadová 278, 378 25 Deštná, Česko",14.9237601,49.2676539
CZE,"Klučov 114, 282 01 Klučov, Česko",14.912585,50.0917281
CZE,"Masarykova 1585, 288 02 Nymburk, Česko",15.0452225,50.190362
CZE,"Kostelní Hlavno 97, 294 76 Kostelní Hlavno, Česko",14.6960699,50.2588963
CZE,"Za Sokolovnou 885, 289 12 Sadská, Česko",14.9895384,50.1370477
CZE,"Kostelní Lhota 28, 289 12 Kostelní Lhota, Česko",15.0223484,50.1291329
CZE,"Komenského 526, 294 41 Dobrovice, Česko",14.957301,50.3707636
CZE,"Podskalí 225, 251 01 Říčany, Česko",14.6563592,49.9904076
CZE,"Kounice 16, 289 15 Kounice, Česko",14.8534664,50.1077399
CZE,"293 01 Řepov, Česko",14.9562995,50.402231
CZE,"Za Kozlovkou 500, 378 42 Nová Včelnice, Česko",15.0678077,49.2418959
CZE,"Želeč 66, 391 74 Želeč, Česko",14.6476549,49.318233
CZE,"Školní 242, 294 29 Bezno, Česko",14.7973698,50.3692248
CZE,"Sokolská 92, 472 01 Doksy, Česko",14.6567446,50.5674229
CZE,"Kollárova 71, 282 01 Český Brod, Česko",14.8576944,50.0756981
CZE,"Březno 115, 294 06 Březno, Česko",15.0089225,50.4042465
CZE,"Chodovická 1900/34, 193 00 Horní Počernice, Česko",14.6183813,50.1111711
CZE,"Školská 194285 06, Sázava, Česko",14.9013508,49.8739543
CZE,"Faltusova 357, 250 91 Zeleneč, Česko",14.6637219,50.1322598
CZE,"0164, 293 01 Řepov, Česko",14.9566903,50.4022092
CZE,"Horní Kruty 82, 281 46 Horní Kruty, Česko",14.9601179,49.9177481
CZE,"nám. 17. listopadu 503, 294 71 Benátky nad Jizerou, Česko",14.8365363,50.2870261
CZE,"Za Školou 87, 294 43 Vlkava, Česko",14.9636533,50.2727812
CZE,"Černoleská 1997, 256 01 Benešov, Česko",14.6960745,49.7748417
CZE,"Křovinovo nám. 115, 193 00 Praha 20, Česko",14.6270434,50.1163456
CZE,"Tehovecká 5, 251 62 Vojkov, Česko",14.7285042,49.9816591
CZE,"Tř. Jana Švermy 825, 289 11 Pečky, Česko",15.034304,50.0910082
CZE,"Choustník 14, 391 18 Choustník, Česko",14.8387461,49.3339141
CZE,"Slunečná 1100, 370 06 Srubec, Česko",14.5295214,48.9550971
CZE,"Číměř 49, 378 32 Číměř, Česko",15.0743098,49.060444
CZE,"Hospříz 32, 377 01 Hospříz, Česko",15.087481,49.130166
CZE,"Dražická 43, Benátky nad Jizerou I, 294 71 Benátky nad Jizerou, Česko",14.8295187,50.2942845
CZE,"nám. Míru 11, 285 07 Rataje nad Sázavou, Česko",14.9545418,49.8418085
CZE,"Hulice 102, 257 63 Hulice, Česko",15.0868343,49.7074252
CZE,"Pod hradem 124, Jindřichův Hradec III, 377 01 Jindřichův Hradec, Česko",14.9995256,49.1409065
CZE,"Obecní 5, 370 08 Staré Hodějovice, Česko",14.5203717,48.9461891
CZE,"Luníkovská 2454/25, 190 16 Praha 9 - Újezd nad Lesy-Praha 21, Česko",14.6712383,50.0707985
CZE,"Krompach 126, 471 57 Krompach, Česko",14.7024452,50.8282791
CZE,"Pohádková 1, 250 92 Šestajovice, Česko",14.6828934,50.1132974
CZE,"Louňovická 358, 251 62 Svojetice, Česko",14.7429969,49.9733364
CZE,"Křivsoudov 172, 257 66 Křivsoudov, Česko",15.0827233,49.6307491
CZE,"Rooseveltova 3, Kuří, 251 01 Říčany, Česko",14.6207046,49.9875253
CZE,"Sluštice 11, 250 84 Sluštice, Česko",14.6866915,50.0382866
CZE,"Sportovní, 281 66 Jevany, Česko",14.8081834,49.9734242
CZE,"Tylova 184, 281 04 Plaňany, Česko",15.0296245,50.0476642
CZE,"U Školy, 471 25 Jablonné v Podještědí, Česko",14.7677068,50.7675735
CZE,"Ke Kostelu 42, 282 01 Přišimasy, Česko",14.7632155,50.0506282
CZE,"Zdislavice 100, 257 64 Zdislavice, Česko",14.975785,49.6855008
CZE,"Jarošov nad Nežárkou 162, 378 41 Jarošov nad Nežárkou, Česko",15.0721067,49.1874531
CZE,"Domažlická 1656, 251 01 Říčany, Česko",14.6814023,49.9921903
CZE,"Štefánikova 1616, 251 01 Říčany, Česko",14.6623706,49.9926153
CZE,"Ralsko 700, 471 24 Ralsko, Česko",14.803947,50.5848007
CZE,"Dr. E. Beneše 1156, 277 11 Neratovice, Česko",14.5139577,50.2533281
CZE,"Želízy 58, 277 21 Želízy, Česko",14.4651135,50.4234433
CZE,"Skalsko 23, 294 26 Skalsko, Česko",14.7564438,50.4266935
CZE,"Komenského 635, 289 22 Lysá nad Labem, Česko",14.8390052,50.2051642
CZE,"Hlavní 105, 411 64 Vrbice, Česko",14.2857898,50.4802438
CZE,"Pražská 863, 294 21 Bělá pod Bezdězem, Česko",14.8441578,50.4904079
CZE,"Libušina 364, 472 01 Doksy, Česko",14.6630717,50.5688527
CZE,"Kollárova 1260, 250 82 Úvaly, Česko",14.7160445,50.0717163
CZE,"Dukelská 320, 289 23 Milovice, Česko",14.8914192,50.227955
CZE,"Čentická 2222, 190 16 Praha 21, Česko",14.6535842,50.0794967
CZE,"Lišická 1502/1502, 190 16 Újezd nad Lesy, Česko",14.6672496,50.0732888
CZE,"Školní 370, 289 21 Kostomlaty nad Labem, Česko",14.9624577,50.1834262
CZE,"J. A. Komenského 1586, 250 88 Čelákovice, Česko",14.747536,50.1621849
CZE,"Nádražní 216, 285 09 Kácov, Česko",15.0287835,49.7805387
CZE,"Mladá Boleslav 75, 29301 Mladá Boleslav - Březinka, Česko",14.891529,50.38318
CZE,"Kosořice 31, 294 41 Kosořice, Česko",14.9676437,50.3334461
CZE,"Okružní 2076, 288 02 Nymburk, Česko",15.0247492,50.1860874
CZE,"Semčice 7, 294 46 Semčice, Česko",15.0105315,50.3667847
CZE,"Mírová 2, 294 28 Chotětov, Česko",14.80365,50.3395497
CZE,"Žižkova 432, Benátky nad Jizerou I, 294 71 Benátky nad Jizerou, Česko",14.831981,50.2955231
CZE,"Jatecká 571, 395 01 Pacov, Česko",15.0065736,49.4669954
CZE,"Školní 9, 294 42 Luštěnice, Česko",14.9349943,50.3209159
CZE,"Resslova 247/8, 288 02 Nymburk, Česko",15.0422158,50.1887683
CZE,"Hradecká 390, 378 33 Nová Bystřice, Česko",15.1022542,49.0218924
CZE,"Číměř 13, 378 32 Číměř, Česko",15.0744651,49.0619532
CZE,"U Školy 2, 294 43 Všejany, Česko",14.9560698,50.2564982
CZE,"Struhy 72, 294 43 Čachovice, Česko",14.9378115,50.2855862
CZE,"Žárovická 21/1653, 190 16 Praha 21, Česko",14.6815361,50.0722049
CZE,"428, Školní, 373 11 Ledenice, Česko",14.6168671,48.9343249
CZE,"Horní Pěna 128, 378 31 Horní Pěna, Česko",15.0450399,49.1029675
CZE,"Jarošovská 1125, 377 01 Jindřichův Hradec, Česko",15.0039544,49.1497581
CZE,"Lásenice 8, 378 01 Lásenice, Česko",14.9694846,49.0741533
CZE,"Majdalena 21, 378 03 Majdalena, Česko",14.864174,48.9655966
CZE,"Plavsko 39, 378 02 Plavsko, Česko",14.905561,49.0855153
CZE,"Chudíř 16, 294 45 Chudíř, Česko",15.0132835,50.3081683
CZE,"Rapšach 290, 378 07 Rapšach, Česko",14.9374486,48.8779205
CZE,"378 06 Suchdol nad Lužnicí, Česko",14.8983618,48.8732774
CZE,"U Nemocnice 220, 377 01 Jindřichův Hradec, Česko",15.0065044,49.1382151
CZE,"sídl. Vajgar 690, 377 01 Jindřichův Hradec, Česko",15.0226579,49.1405341
CZE,"Jarošovská 52, 377 01 Jindřichův Hradec, Česko",15.0040667,49.1471969
CZE,"Horní Pěna 19, 378 31 Horní Pěna, Česko",15.0450414,49.1029581
CZE,"Oleška 9, 281 62 Oleška, Česko",14.9147047,49.9699208
CZE,"Unnamed Road, 282 01 Hradešín, Česko",14.7556459,50.0361315
CZE,"Revoluční 180, 281 63 Kozojedy, Česko",14.811381,49.9934032
CZE,"Mnich 145, 394 92 Mnich, Česko",14.9780737,49.294397
CZE,"sídl. Pod kasárny, Jindřichův Hradec II, 377 01 Jindřichův Hradec, Česko",15.0157933,49.1491253
CZE,"106, 282 01, Česko",14.8525017,50.048393
CZE,"Mnichovická 179, 251 64 Struhařov, Česko",14.7494837,49.9558895
CZE,"2, Nad Bahnivkou 140, Pacov, 251 01 Říčany, Česko",14.6694741,50.0091674
CZE,"Ke Školce 107, 251 01 Světice, Česko",14.66104,49.9694307
CZE,"Sokolská, 257 63 Trhový Štěpánov, Česko",15.0161024,49.7108413
CZE,"U Školy 194, 471 25 Jablonné v Podještědí, Česko",14.7677193,50.7681753
CZE,"Na Podskalí 282, 394 26 Lukavec, Česko",14.9864046,49.5653263
CZE,"Vilová 243, 394 26 Lukavec, Česko",14.9863221,49.5666896
CZE,"Sokolská 3, 257 63 Trhový Štěpánov, Česko",15.0185883,49.7108705
CZE,"Tismice 112, 282 01 Český Brod, Česko",14.8212983,50.0575838
CZE,"Za Nadýmačem 927, 104 00 Praha 22, Česko",14.6034117,50.027489
CZE,"Na Lázni 270, 257 65 Čechtice, Česko",15.0444688,49.6249103
CZE,"Ústavní 531, 471 54 Cvikov, Česko",14.6386514,50.7847528
CZE,"Zahradní 470, 281 44 Zásmuky, Česko",15.0331206,49.9545035
CZE,"E. Beneše 204, 251 01 Říčany, Česko",14.6758561,49.9982082
CZE,"250 84 Květnice, Česko",14.6878559,50.0575473
CZE,"Krnsko 75, 294 31 Krnsko, Česko",14.8628836,50.3725814
CZE,"Borová 276, 293 01 Mladá Boleslav, Česko",14.8850262,50.398755
CZE,"Velenského 112, 294 21 Bělá pod Bezdězem, Česko",14.7974182,50.5026089
CZE,"Mečeříž 185, 294 77 Mečeříž, Česko",14.7380553,50.2911494
CZE,"Sídliště 1516, 289 22 Lysá nad Labem, Česko",14.8418997,50.2106882
CZE,"Josefodolská 85, Debř, 293 01 Mladá Boleslav, Česko",14.890821,50.4417625
CZE,"U Stadionu 491, 411 08 Štětí, Česko",14.3797272,50.4508281
CZE,"Topolová 622, 289 24 Milovice, Česko",14.8667344,50.2296996
CZE,"U Potoka 137, 471 27 Stráž pod Ralskem, Česko",14.8016983,50.701796
CZE,"Dubnice 243, 471 26 Dubnice, Česko",14.8096805,50.7239505
CZE,"Březinka 75, 294 25 Bělá pod Bezdězem, Česko",14.7765777,50.4787375
CZE,"Mateřské školy 124, 294 25 Katusice, Česko",14.779958,50.4472315
CZE,"Lom 289, 277 41 Kly, Česko",14.5171855,50.3137089
CZE,"379 01 Domanín, Česko",14.7282203,48.9581972
CZE,"Komenského, 378 06 Suchdol nad Lužnicí, Česko",14.8765883,48.893221
CZE,"Stará Lysá 245, 289 26 Stará Lysá, Česko",14.8002438,50.2229703
CZE,"tř. Osvoboz. polit. vězňů 241, Benátky nad Jizerou II, 294 71 Benátky nad Jizerou, Česko",14.8261802,50.2885356
CZE,"Komenského 578, 378 06 Suchdol nad Lužnicí, Česko",14.8761284,48.8935827
CZE,"Husova, 378 06 Suchdol nad Lužnicí, Česko",14.91511,48.9087536
CZE,"Kochánky 146, 294 74 Kochánky, Česko",14.7823559,50.2757165
CZE,"Londonská 268, 378 07 Rapšach, Česko",14.9385929,48.8787737
CZE,"Komenského 228, 378 06 Suchdol nad Lužnicí, Česko",14.8771412,48.8914272
CZE,"Zdětín 158, 294 71 Benátky nad Jizerou, Česko",14.8103482,50.3115509
CZE,"Sídliště F. Hrubína 371, 378 04 Chlum u Třeboně, Česko",14.9266646,48.9597314
CZE,"Letná 236, 471 24 Mimoň, Česko",14.7284931,50.6647531
CZE,"Gen. Svobody 355, 473 01 Nový Bor, Česko",14.5487456,50.7676678
CZE,"Plavsko 45, 378 02 Plavsko, Česko",14.9075192,49.0854503
CZE,"sídl. Vajgar 594, 377 01 Jindřichův Hradec, Česko",15.0183401,49.1409446
CZE,"sídl. Pod kasárny 1019, 377 01 Jindřichův Hradec, Česko",15.0147207,49.1493835
CZE,"sídl. Vajgar 594, Jindřichův Hradec III, 377 01 Jindřichův Hradec, Česko",15.0183058,49.1409158
CZE,"Lásenice 147, 378 01 Lásenice, Česko",14.9657715,49.0724473
CZE,"Purkyňova 458, 460 14 Liberec, Česko",15.0754982,50.7810555
CZE,"Žitná 832/19, 460 06 Liberec, Česko",15.0595048,50.7519618
CZE,"Broumovská 840, 460 06 Liberec, Česko",15.0677081,50.760803
CZE,"Burianova 972, 460 06 Liberec, Česko",15.0646857,50.7500073
CZE,"Strakonická 211, 460 07 Liberec, Česko",15.0282419,50.7526208
CZE,"Příšovice 162, 463 46 Příšovice, Česko",15.0795866,50.577878
CZE,"Růžodolská 155/15, 460 01 Liberec 12-Růžodol I, Česko",15.0411668,50.7751754
CZE,"Loukovec 90, 294 11 Loukovec, Česko",15.0145104,50.563923
CZE,"Alešova 1139, 511 01 Turnov, Česko",15.1382281,50.590056
CZE,"Nezvalova 661, Starý Harcov, 460 15 Liberec, Česko",15.093192,50.7639968
CZE,"Dolní Cerekev 26, 588 45 Dolní Cerekev, Česko",15.4582707,49.3437744
CZE,"Dětská 372, Vesec, 463 12 Liberec, Česko",15.0657052,50.7398773
CZE,"Cejle 116, 588 51 Cejle, Česko",15.4677883,49.3705759
CZE,"Markova 10, 460 14 Liberec, Česko",15.0640854,50.789833
CZE,"Libošovice 71, 507 44 Libošovice, Česko",15.1631762,50.4924535
CZE,"507 42 Markvartice, Česko",15.1929117,50.4316647
CZE,"Osek 16, 507 43 Osek, Česko",15.1583726,50.4640149
CZE,"Bakovská, Debř, 293 01 Mladá Boleslav, Česko",14.888064,50.4471464
CZE,"Hruborohozecká 323, Daliměřice, 511 01 Turnov, Česko",15.1526887,50.5954384
CZE,"Zborovská 914, 511 01 Turnov, Česko",15.1692679,50.5944962
CZE,"Svatovítská 574, 293 01 Mladá Boleslav, Česko",14.904409,50.4081253
CZE,"Klášterní 470/12, 460 05 Liberec, Česko",15.0676883,50.7692794
CZE,"Česká 237, Vesec, 463 12 Liberec, Česko",15.0588347,50.7305483
CZE,"Moskevská 117, 464 01 Raspenava, Česko",15.1403716,50.9015785
CZE,"Majerova 138, 463 03 Stráž nad Nisou, Česko",15.0257372,50.7900447
CZE,"Švermova 100, 460 10, 20 Liberec, Česko",15.0110939,50.7647119
CZE,"Oldřichovská 198, 463 31 Mníšek, Česko",15.056825,50.832234
CZE,"Březinova 275, 588 65 Nová Říše, Česko",15.5585356,49.1410476
CZE,"Lučice 90, 582 35 Lučice, Česko",15.4952303,49.6625133
CZE,"Krásná Hora 34, 582 34 Krásná Hora, Česko",15.4721451,49.6023243
CZE,"Vlkaneč 29, 285 64 Vlkaneč, Česko",15.4033408,49.8059708
CZE,"Palackého 829, 675 31 Jemnice, Česko",15.5750768,49.0184725
CZE,"Nevcehle 96, 588 62 Urbanov, Česko",15.5352479,49.2272406
CZE,"Školní 63, 463 52 Osečná, Česko",14.9182034,50.693996
CZE,"Luční 88, 589 01 Třešť, Česko",15.4842897,49.2890661
CZE,"Mánesova 560, 463 42 Hodkovice nad Mohelkou, Česko",15.0888332,50.6692264
CZE,"Hodice 130, 589 01 Hodice, Česko",15.4833419,49.2685178
CZE,"Báňovice 36, 380 01 Báňovice, Česko",15.4884997,49.0129706
CZE,"Radkov 21, 588 56 Radkov, Česko",15.4749157,49.1461339
CZE,"Barvířská 38/6, 460 07 Liberec, Česko",15.051053,50.7688799
CZE,"Ke Hřišti 309, 463 31 Mníšek, Česko",15.0523226,50.8296885
CZE,"Nová Ves 180, 463 31 Nová Ves, Česko",15.0007872,50.8315501
CZE,"512 65 Všeň, Česko",15.1061983,50.5527902
CZE,"Dětřichov E21, 56802, Česko",15.0876105,50.7715188
CZE,"Vítkov 69, 463 31 Chrastava, Česko",14.9706327,50.8559083
CZE,"Nová Ves 93, 463 31 Nová Ves, Česko",15.0003552,50.8316532
CZE,"Fučíkova 430, 463 61 Raspenava, Česko",15.1333741,50.9011761
CZE,"Dušejov 86, 588 05 Dušejov, Česko",15.4302387,49.4081547
CZE,"Hříšice 64, 380 01 Dačice, Česko",15.497109,49.1019002
CZE,"Herálec 38, 582 55 Herálec, Česko",15.4577328,49.5309977
CZE,"582 91 Nová Ves u Světlé, Česko",15.4424249,49.6492427
CZE,"V Zahradách 18, 582 81 Habry, Česko",15.4867692,49.7560836
CZE,"Věž 100, 582 56 Věž, Česko",15.4582603,49.5639271
CZE,"Leština u Světlé 83, 582 86 Leština u Světlé, Česko",15.3964672,49.7633489
CZE,"4086 35, 378 71 Staré Hobzí, Česko",15.4518092,49.0130337
CZE,"Dačice 98, 380 01 Dačice, Česko",15.4779638,49.0844176
CZE,"Sportovní 184, 582 81 Habry, Česko",15.4853809,49.7588663
CZE,"Družstevní, 380 01 Dačice, Česko",15.4400517,49.086234
CZE,"Malodoubská 239, 463 12 Liberec-Vratislavice nad Nisou-Doubí, Česko",15.0239314,50.7384211
CZE,"Luční 661, 463 31 Chrastava, Česko",14.9732125,50.8162815
CZE,"464 01 Kunratice, Česko",15.0260714,50.9222278
CZE,"Krajířova, Dačice I, 380 01 Dačice, Česko",15.4386179,49.081781
CZE,"Jivina 9, 294 14 Jivina, Česko",14.9465629,50.5549286
CZE,"Hruborohozecká 405, 511 01 Turnov, Česko",15.1531946,50.5951443
CZE,"J. Palacha 1931, 511 01 Turnov, Česko",15.1562841,50.5829401
CZE,"Sobotecká 133, 511 01 Turnov, Česko",15.1477387,50.577699
CZE,"Vlastějovice 56, 285 23 Vlastějovice, Česko",15.172635,49.7310273
CZE,"Stará 107, Machnín, 460 01 Liberec, Česko",14.9859104,50.7911752
CZE,"Věž 128, 582 56 Věž, Česko",15.4561671,49.5633647
CZE,"Nová Ves u Světlé 33, 582 91 Nová Ves u Světlé, Česko",15.4526418,49.6337814
CZE,"Nová Cerekev 72, 394 15 Nová Cerekev, Česko",15.1144177,49.4157367
CZE,"394 22 Košetice, Česko",15.1113043,49.5556433
CZE,"Za Lávkami 273, 380 01 Dačice, Česko",15.4414274,49.0801401
CZE,"Staré Město pod Landštejnem 139, 378 82 Staré Město pod Landštejnem, Česko",15.2569827,49.0031318
CZE,"Velká Lhota 54, 380 01 Dačice, Česko",15.3416165,49.1404262
CZE,"Dobrnice 34, 584 01 Leština u Světlé, Česko",15.380262,49.7601118
CZE,"Paceřice 100, 463 44 Paceřice, Česko",15.1121672,50.6195944
CZE,"Rádlo 3, 468 03 Rádlo, Česko",15.1277141,50.7040666
CZE,"Písečné 30, 378 72 Písečné, Česko",15.4604569,48.9656797
CZE,"Lipnice nad Sázavou 213, 582 32 Lipnice nad Sázavou, Česko",15.4137054,49.6148057
CZE,"Tanvaldská 282, 463 11 Liberec-Vratislavice nad Nisou, Česko",15.0868464,50.744849
CZE,"Bratrská 177, Dačice I, 380 01 Dačice, Česko",15.4349328,49.0824716
CZE,"582 91 Malčín, Česko",15.4655821,49.688694
CZE,"Píšť 15, 396 01 Píšť, Česko",15.2036669,49.6017429
CZE,"285 23 Vlastějovice, Česko",15.1739336,49.7366161
CZE,"Stínadla, 584 01 Ledeč nad Sázavou, Česko",15.2733191,49.70178
CZE,"Švermova 515, 378 33 Nová Bystřice, Česko",15.1032055,49.021942
CZE,"nám. Dr. E. Beneše, 460 01 Liberec, Česko",15.0585732,50.7701844
CZE,"Hradní 1218, 584 01 Ledeč nad Sázavou-Horní Ledeč, Česko",15.2840959,49.6977304
CZE,"Školní, 257 68 Dolní Kralovice, Česko",15.175883,49.6434729
CZE,"Březno 1, 294 06 Březno, Česko",15.0066677,50.4061238
CZE,"Husova 991, 460 01 Liberec, Česko",15.0667435,50.7712239
CZE,"Tyršova 353, 394 68 Žirovnice, Česko",15.1894436,49.2544258
CZE,"Bratrská 19, 380 01 Dačice, Česko",15.4357467,49.0831155
CZE,"380 01 Volfířov, Česko",15.3478488,49.1376113
CZE,"393 01 Olešná, Česko",15.2839507,49.4473128
CZE,"Brněnská 343, 378 81 Slavonice, Česko",15.3587163,48.9971967
CZE,"Cizkrajov 69, 378 81 Slavonice, Česko",15.3839176,49.032036
CZE,"Mrákotín 114, 588 54 Mrákotín, Česko",15.3739901,49.1886795
CZE,"Vyskytná 47, 394 05 Vyskytná, Česko",15.3648601,49.4290096
CZE,"Školní 74, 294 04 Dolní Bousov, Česko",15.1283293,50.4382149
CZE,"Olešná 54, 393 01 Olešná, Česko",15.2621248,49.4458755
CZE,"112, 394 46 Červená Řečice, Česko",15.1794708,49.4974756
CZE,"394 09 Kojčice, Česko",15.2595447,49.4800748
CZE,"Majerova 344, 463 03 Stráž nad Nisou, Česko",15.0249345,50.7896382
CZE,"Růžená 48, 589 01 Růžená, Česko",15.4293657,49.2707343
CZE,"588 45 Dolní Cerekev, Česko",15.4351535,49.3337419
CZE,"Kosmonautů 1422, 511 01 Turnov, Česko",15.1410611,50.5884135
CZE,"Svijanský Újezd 44, 463 45 Svijanský Újezd, Česko",15.0424381,50.5859331
CZE,"28. října 498, 584 01 Ledeč nad Sázavou, Česko",15.2753217,49.6982416
CZE,"Želiv 129, 394 44 Želiv, Česko",15.2202831,49.5294359
CZE,"Nádražní, 396 01 Humpolec, Česko",15.3474853,49.5353763
CZE,"Na Pískovně 761/3, 460 14 Liberec, Česko",15.058792,50.7860663
CZE,"Sázavka 38, 582 44 Sázavka, Česko",15.4126768,49.7343192
CZE,"394 61 Božejov, Česko",15.158875,49.3614961
CZE,"Dačická, 378 62 Kunžak, Česko",15.1922707,49.1189267
CZE,"Horská 166, 460 14 Liberec, Česko",15.0708563,50.7838917
CZE,"Alešova 1140, 511 01 Turnov, Česko",15.1383008,50.590331
CZE,"Březina 94, 294 11 Březina, Česko",15.0356625,50.5481224
CZE,"Nádražní, 511 01 Turnov, Česko",15.1366605,50.5889234
CZE,"Žitavská 122, 460 01 Liberec, Česko",15.0401367,50.7726663
CZE,"Pěnčín 103, 463 45 Pěnčín, Česko",15.0734695,50.5951295
CZE,"Jenišovice 67, 468 33 Jenišovice, Česko",15.137638,50.6277117
CZE,"Švermova 100, 460 10 Liberec, Česko",15.011019,50.7646458
CZE,"229 Přepeře, Česko",15.1122229,50.5841379
CZE,"Humpolecká 256, 393 01 Pelhřimov, Česko",15.2296107,49.4370427
CZE,"Husova 184/72, 460 05 Liberec, Česko",15.0807573,50.7726806
CZE,"Přepeře 229, 512 61 Přepeře, Česko",15.1123347,50.5845706
CZE,"Božejov 1, 394 61 Božejov, Česko",15.1567455,49.3610982
CZE,"Smetanova 42, 396 01 Humpolec, Česko",15.3572651,49.5412002
CZE,"588 44 Rohozná, Česko",15.4019756,49.3488368
CZE,"Častrov 132, 394 63 Častrov, Česko",15.1813908,49.3080111
CZE,"Haškova 974, 582 91 Světlá nad Sázavou, Česko",15.4052502,49.6651871
CZE,"Rynárec 140, 394 01 Rynárec, Česko",15.2328797,49.3901172
CZE,"Na Sídlišti 595, 582 91 Světlá nad Sázavou, Česko",15.401854,49.6684839
CZE,"Komenského 446, 378 56 Studená, Česko",15.2841092,49.1844684
CZE,"393 01 Zachotín, Česko",15.3421058,49.4528916
CZE,"131, 588 05 Opatov, Česko",15.3975123,49.4324565
CZE,"Horní Ves 71, 393 01 Horní Ves, Česko",15.3080747,49.2936938
CZE,"K Lipnici 21, 394 52 Kejžlice, Česko",15.3934747,49.5911551
CZE,"Kožlí 2, Kožlí 300, 582 93 Kožlí, Česko",15.2519415,49.6690179
CZE,"Školní 373, 588 51 Batelov, Česko",15.390629,49.3135391
CZE,"Puškinova 80, Pilínkov, 463 12 Liberec, Česko",15.0428732,50.7261165
CZE,"394 04 Nový Rychnov, Česko",15.3744105,49.3753862
CZE,"Krahulčí 4, 588 56 Krahulčí, Česko",15.4144548,49.1831111
CZE,"Kojčice 82, 394 09 Kojčice, Česko",15.2557695,49.4764663
CZE,"Klášterní 466, 460 05 Liberec, Česko",15.0684798,50.7688578
CZE,"Olešná 94, 393 01 Olešná, Česko",15.2622498,49.4458545
CZE,"Švermova 371, 378 33 Nová Bystřice, Česko",15.1027888,49.0234646
CZE,"Nádražní 370, 463 31 Chrastava, Česko",14.9571636,50.8143266
CZE,"Popelín 22, 378 53 Popelín, Česko",15.1792216,49.2119967
CZE,"Čejov 4, 396 01 Čejov, Česko",15.3784119,49.5654357
CZE,"Brněnská 200, 378 81 Slavonice, Česko",15.358605,48.9968474
CZE,"Nezvalova 661/20, 460 15 Liberec, Česko",15.0931935,50.7638601
CZE,"Klášterní 149, 460 05 Liberec, Česko",15.0678671,50.7699612
CZE,"Školní vršek 503, 460 01 Liberec, Česko",15.0545481,50.7733329
CZE,"Vzdušná 509, 460 01 Liberec, Česko",15.0636884,50.7721211
CZE,"Purkyňova 340, Ruprechtice, 460 14 Liberec, Česko",15.076004,50.7809565
CZE,"Aloisina výšina 645, 460 15 Liberec, Česko",15.0980458,50.7613551
CZE,"Dělnická 831, 460 06 Liberec, Česko",15.0608542,50.7539083
CZE,"Jaselská 1238, 295 01 Mnichovo Hradiště, Česko",14.9711757,50.5201008
CZE,"Lánecká 698, 582 91 Světlá nad Sázavou, Česko",15.4014642,49.6712567
CZE,"Smetanova 548, 294 01 Bakov nad Jizerou, Česko",14.9457094,50.4801123
CZE,"K Lipnici 59, 394 52 Kejžlice, Česko",15.3930471,49.5901564
CZE,"Žďár 102, 294 12 Žďár, Česko",15.0618208,50.5568816
CZE,"Jeřmanická 487/27, Vesec, 463 12 Liberec, Česko",15.0662994,50.7397634
CZE,"Stínadla 1049, 584 01 Ledeč nad Sázavou, Česko",15.2748196,49.7009873
CZE,"Ohrazenice 92, 511 01 Turnov, Česko",15.1292751,50.5958602
CZE,"Všeň 115, 512 65 Všeň, Česko",15.1018974,50.5603898
CZE,"Boseň 86, 295 01 Boseň, Česko",15.0220978,50.5070784
CZE,"Vyskytná 151, 394 05 Vyskytná, Česko",15.3665977,49.4276071
CZE,"Zachotín 37, 393 01 Zachotín, Česko",15.3476521,49.4619768
CZE,"Jiřice 44, 396 01 Humpolec, Česko",15.318111,49.5527044
CZE,"Na Skalce 623, 396 01 Humpolec, Česko",15.3514178,49.5440833
CZE,"Kaliště 60, 394 51 Kaliště, Česko",15.3049725,49.5926756
CZE,"Český Rudolec 40, 378 83 Český Rudolec, Česko",15.3224245,49.072577
CZE,"588 52 Horní Dubenky, Česko",15.3130082,49.2581089
CZE,"Kaliště 43, 588 51 Kaliště, Česko",15.2979377,49.2433579
CZE,"Smetanova 1526, 396 01 Humpolec, Česko",15.3563233,49.5413292
CZE,"Komenského 47, 394 68 Žirovnice, Česko",15.1884481,49.2544697
CZE,"Tyršova 367, 394 03 Horní Cerekev, Česko",15.3231173,49.3228481
CZE,"Dolní Město 254, 582 33 Dolní Město, Česko",15.3831979,49.6287026
CZE,"Budíkov 4, 396 01 Budíkov, Česko",15.3629911,49.5783442
CZE,"Tyršova 330, 378 53 Strmilov, Česko",15.2011681,49.162715
CZE,"Dačická 445, 378 62 Kunžak, Česko",15.1912971,49.118028
CZE,"Komenského sady 556, 394 64 Počátky, Česko",15.2362839,49.2595485
CZE,"Východní 270, 463 11 Liberec-Vratislavice nad Nisou, Česko",15.0794507,50.7557468
CZE,"Zahrádky 70, 378 53 Strmilov, Česko",15.2429516,49.2006999
CZE,"Bezová 274, 460 01 Liberec, Česko",15.0554803,50.7809302
CZE,"U Školky 67/67, Horní Hanychov, 460 08 Liberec, Česko",15.0180654,50.741091
CZE,"Mírová 683, 295 01 Mnichovo Hradiště, Česko",14.9758814,50.5237123
CZE,"Skloněná 1414, 463 11 Liberec-Vratislavice nad Nisou, Česko",15.0957569,50.7435674
CZE,"Kosmonautů 1641, 511 01 Turnov, Česko",15.1420755,50.588777
CZE,"12, Matoušova 468, Jeřáb, 460 07 Liberec, Česko",15.049374,50.7648674
CZE,"Truhlářská 340, 460 01 Liberec, Česko",15.0485874,50.7701792
CZE,"Stromovka 285, 460 10 Liberec, Česko",15.0368136,50.7631621
CZE,"Oldřichova 836, 460 07 Liberec, Česko",15.0488332,50.7651088
CZE,"Gagarinova 788/9 460 07, 6 Liberec, Česko",15.0361944,50.7501619
CZE,"Jugoslávská 128, 460 07 Liberec, Česko",15.0380001,50.7580719
CZE,"36063, 675 52 Lipník, Česko",15.9520137,49.1414493
CZE,"41320, 671 22 Šatov, Česko",16.0071527,48.7984131
CZE,"Čáslavice 110, 675 24 Čáslavice, Česko",15.772253,49.1520361
CZE,"Únanov 19, 671 31 Únanov, Česko",16.0661075,48.9007746
CZE,"Flosova 472, 281 26 Týnec nad Labem, Česko",15.3604362,50.0434101
CZE,"Těšetická 114, 669 02 Suchohrdly, Česko",16.0949566,48.8684389
CZE,"Brněnská 70, 671 82 Dobšice, Česko",16.0808177,48.8487039
CZE,"Výčapy 7, 674 01 Výčapy, Česko",15.8762111,49.1450662
CZE,"Komenského 103, 514 01 Jilemnice, Česko",15.5030833,50.6091103
CZE,"MUDr. Jana Janského 2675, 669 02 Znojmo, Česko",16.050745,48.8694247
CZE,"Lipník 42, 675 52 Lipník, Česko",15.9537244,49.1448783
CZE,"Libštát 283, 512 03 Libštát, Česko",15.4145296,50.5641473
CZE,"Studenec 367, 512 33 Studenec, Česko",15.5477137,50.5528207
CZE,"543 41 Lánov, Česko",15.6577137,50.6146415
CZE,"Třebihošť 106, 544 01 Třebihošť, Česko",15.7123779,50.4324028
CZE,"Lesní 30, 543 03 Vrchlabí, Česko",15.6263605,50.5976651
CZE,"Těchlovice 37, 503 27 Těchlovice, Česko",15.7121349,50.2064318
CZE,"Háje nad Jizerou 31, 513 01 Háje nad Jizerou, Česko",15.4054313,50.6137924
CZE,"506 01 Kněžnice, Česko",15.3291053,50.4995469
CZE,"Masarykovo nám. 81, 514 01 Jilemnice, Česko",15.5059603,50.6091657
CZE,"1, Libčany 1, 503 22 Libčany, Česko",15.6936779,50.191778
CZE,"Příčná 262, 507 91 Stará Paka, Česko",15.4951023,50.5117274
CZE,"Rohoznice 145, 507 71 Rohoznice, Česko",15.6943649,50.3958006
CZE,"512 04 Mříčná, Česko",15.4684039,50.5994346
CZE,"507 81 Lázně Bělohrad, Česko",15.5823787,50.4452752
CZE,"Pecka 38, 507 82 Pecka, Česko",15.6065512,50.4805984
CZE,"Krkonošská, 468 61 Desná, Česko",15.325575,50.7613973
CZE,"Československé armády 37, Rýnovice, 466 05 Jablonec nad Nisou, Česko",15.15282,50.7445447
CZE,"Paseky nad Jizerou 264, 512 47 Paseky nad Jizerou, Česko",15.415617,50.7219604
CZE,"Nymburská 82, 288 02 Krchleby, Česko",15.0220225,50.2358371
CZE,"Krkonošská 613, 468 61 Desná, Česko",15.3295371,50.7635244
CZE,"Paseky nad Jizerou 270, 512 47 Paseky nad Jizerou, Česko",15.3970587,50.7245554
CZE,"Rokytnice nad Jizerou 283, 512 45 Rokytnice nad Jizerou, Česko",15.464136,50.7267577
CZE,"Kolínská 90, 281 23 Starý Kolín, Česko",15.2925897,50.0084866
CZE,"675 21 Okříšky, Česko",15.7696102,49.2453641
CZE,"U Přehrady 4, 466 02 Jablonec nad Nisou, Česko",15.178913,50.732788
CZE,"Kořenov 800, 468 49 Kořenov, Česko",15.3696926,50.760795
CZE,"Tichá 19, Jablonecké Paseky, 466 02 Jablonec nad Nisou, Česko",15.1839971,50.7380089
CZE,"Janov nad Nisou 245, 468 11 Janov nad Nisou, Česko",15.1682185,50.7706815
CZE,"Údolní 212, 763 15 Desná, Česko",15.3018916,50.7616272
CZE,"Petrovice 68, 675 21 Okříšky, Česko",15.7871668,49.2394374
CZE,"Velké Hamry II 212, 868 45 Jablonec nad Nisou, Česko",15.295606,50.716302
CZE,"Hlavní, 281 25 Konárovice, Česko",15.284476,50.0411185
CZE,"V Opletkách, Kolín IV, 280 02 Kolín, Česko",15.2074879,50.0230229
CZE,"Všelibice 100, 463 48 Všelibice, Česko",14.95139,50.6460501
CZE,"Školní 488, 468 02 Rychnov u Jablonce nad Nisou, Česko",15.1501219,50.6853931
CZE,"285 32 Hlízov, Česko",15.2939597,49.9828449
CZE,"Skuhrov 63, 468 22 Skuhrov, Česko",15.2125191,50.6717814
CZE,"Kozlov 55, 588 21 Kozlov, Česko",15.6985443,49.4124991
CZE,"čp. 103, 280 02, Česko",15.1702847,50.0360302
CZE,"588 27 Jamné, Česko",15.7238481,49.4311323
CZE,"Nádražní, 468 22 Železný Brod, Česko",15.2651982,50.6398131
CZE,"Předín 139, 675 27 Předín, Česko",15.6787747,49.1960973
CZE,"Malá Skála 125, 468 22 Malá Skála, Česko",15.193514,50.6368808
CZE,"Stavbařů 389, 468 22 Železný Brod, Česko",15.2510382,50.6397987
CZE,"Bezručova 683, 582 22 Přibyslav, Česko",15.7308978,49.5775685
CZE,"Zásada 45, 468 25 Zásada, Česko",15.2720871,50.6977382
CZE,"Na Losích 738, 580 01 Havlíčkův Brod, Česko",15.5742627,49.6037018
CZE,"Tyršova 655, 588 13 Polná, Česko",15.7063314,49.486865
CZE,"Žižkovo Pole 16, 582 22 Žižkovo Pole, Česko",15.7366746,49.6107126
CZE,"Školní 228, 533 13 Řečany nad Labem, Česko",15.4735402,50.0354874
CZE,"Dobřenice 3, 503 25 Dobřenice, Česko",15.6432375,50.1501378
CZE,"Komenského nám. 140, 286 01 Čáslav, Česko",15.3905563,49.9082722
CZE,"Dělnická 1137, 512 51 Lomnice nad Popelkou, Česko",15.3646377,50.5342706
CZE,"Stružinec 102, 512 51 Stružinec, Česko",15.3587248,50.5524483
CZE,"Pod Vartou 609, 513 01 Semily, Česko",15.3314317,50.5998014
CZE,"Bezručova 890, 512 51 Lomnice nad Popelkou, Česko",15.3671327,50.5332221
CZE,"Studentská 488/7, Poděbrady II, 290 01 Poděbrady, Česko",15.1165731,50.1446727
CZE,"Roudnice 100, 503 27 Roudnice, Česko",15.6551971,50.177518
CZE,"Tyršova, 286 01 Čáslav, Česko",15.3932836,49.9154881
CZE,"č.p. 17, 538 23 Licibořice, Česko",15.7594308,49.8775194
CZE,"Bílé Podolí 67, 285 72 Bílé Podolí, Česko",15.490859,49.9560593
CZE,"3367, 285 21 Zbraslavice, Česko",15.1831467,49.8118012
CZE,"nám. Sv. Jiljí 11, 582 77 Libice nad Doubravou, Česko",15.7046971,49.7456695
CZE,"Hradištko 86, 289 12 Hradištko, Česko",14.9353086,50.1669398
CZE,"Komenského 1565/11, 288 02 Nymburk, Česko",15.0413137,50.1908315
CZE,"Morašice 59, 538 02 Morašice, Česko",15.708849,49.9340816
CZE,"Varhánkova 263, 588 13 Polná, Česko",15.7235169,49.4874251
CZE,"Chotusice 262, 285 76 Chotusice, Česko",15.3959871,49.9449896
CZE,"Jamné 66, 588 27 Jamné, Česko",15.7202393,49.4289728
CZE,"Na Podhoře 201, 588 13 Polná, Česko",15.723606,49.4845329
CZE,"Dyjákovičky 2, 669 02 Dyjákovičky, Česko",16.0875259,48.7865247
CZE,"Náves 63, 671 32 Plaveč, Česko",16.0800961,48.928981
CZE,"Výčapy 79, 674 01 Výčapy, Česko",15.8767159,49.1442593
CZE,"1. máje 610, 675 55 Hrotovice, Česko",16.057508,49.1068261
CZE,"Okružní 297, 669 02 Kuchařovice, Česko",16.078533,48.8769114
CZE,"Rudoleckého 860, 669 02 Znojmo, Česko",16.056842,48.8533148
CZE,"Jevišovice 259, 671 53 Jevišovice, Česko",15.9914814,48.988491
CZE,"Svojek 15, 507 91 Svojek, Česko",15.4716539,50.5488755
CZE,"Myslibořice 200, 675 60 Myslibořice, Česko",15.9803054,49.101078
CZE,"Bidlova 297, 507 71 Miletín, Česko",15.6806735,50.4030339
CZE,"Na Parkáni 107, 507 71 Miletín, Česko",15.6803695,50.4038578
CZE,"Konice 119, 669 02 Znojmo, Česko",16.0233756,48.8318125
CZE,"Heřmanická 340, 509 01 Nová Paka, Česko",15.5198037,50.4870579
CZE,"Borovnice 39, 544 77 Borovnice, Česko",15.6124068,50.5096102
CZE,"Třesovice 74, 503 15 Třesovice, Česko",15.6886293,50.2642313
CZE,"Šebkovice 159, 675 45 Šebkovice, Česko",15.8200741,49.1208367
CZE,"Podhorní Újezd a Vojice 108, 508 01 Podhorní Újezd a Vojice, Česko",15.5071391,50.3925832
CZE,"Jeřice 19, 508 01 Jeřice, Česko",15.6788957,50.3436597
CZE,"Chomutice 162, 507 53 Chomutice, Česko",15.4936768,50.3592293
CZE,"507 05 Konecchlumí, Česko",15.4858398,50.3983957
CZE,"193, 512 06 Benešov u Semil, Česko",15.3739693,50.6032821
CZE,"Roztoky u Jilemnice 190, 512 31 Roztoky u Jilemnice, Česko",15.4997703,50.5640125
CZE,"507 53 Chomutice, Česko",15.5001245,50.3607492
CZE,"Horní Branná 18, 512 36 Horní Branná, Česko",15.5676201,50.6116019
CZE,"Kruh 165, 514 01 Kruh, Česko",15.4790087,50.5659643
CZE,"01021, 512 46 Harrachov, Česko",15.433035,50.7707183
CZE,"Husitská 614, 509 01 Nová Paka, Česko",15.5169163,50.4870385
CZE,"Spojka 1389, Nové Město, 460 01 Liberec, Česko",15.040131,50.7767135
CZE,"Nemocniční 15a, 466 01 Jablonec nad Nisou, Česko",15.1610889,50.7280962
CZE,"Vítkovice 384, 512 38 Vítkovice, Česko",15.5683825,50.7348133
CZE,"Krkonošská 120, 468 61 Desná, Česko",15.3136162,50.7578699
CZE,"Špindlerův Mlýn 49, 543 51 Špindlerův Mlýn, Česko",15.6249084,50.7244017
CZE,"Vít. Nezvala 119/12, Jablonecké Paseky, 466 02 Jablonec nad Nisou, Česko",15.1903361,50.7322026
CZE,"J. A. Komenského 515, 675 21 Okříšky, Česko",15.7719469,49.2448457
CZE,"Heraltice 80, 675 21 Heraltice, Česko",15.7307276,49.2299405
CZE,"Špindlerův Mlýn 32, 543 51 Špindlerův Mlýn, Česko",15.612761,50.727037
CZE,"A. Jiráska 15, 281 23 Starý Kolín, Česko",15.29511,50.013075
CZE,"Kutnohorská 179, Kolín IV, 280 02 Kolín, Česko",15.2079111,50.024887
CZE,"Jesenný 221, 512 12 Jesenný, Česko",15.3358551,50.6606174
CZE,"468 27 Nová Ves nad Nisou, Česko",15.2264309,50.7293225
CZE,"Školní 177, 588 22 Luka nad Jihlavou, Česko",15.7003145,49.3748586
CZE,"Bečváry 49, 281 43 Bečváry, Česko",15.0807183,49.9571172
CZE,"Jugoslávská 2360, 466 01 Jablonec nad Nisou, Česko",15.1686135,50.7243225
CZE,"Kutnohorská 45, 280 02 Kolín, Česko",15.2057856,50.0266174
CZE,"S. K. Neumanna 3669, 466 04 Jablonec nad Nisou, Česko",15.1670948,50.7356568
CZE,"Pod Vartou, 513 01 Semily, Česko",15.3310251,50.5997831
CZE,"Hodkovická 304/1, 460 06 Liberec, Česko",15.0594808,50.7430467
CZE,"Komenského 578, 289 23 Milovice-Mladá, Česko",14.8664251,50.2266857
CZE,"Osvobození 212, 289 01 Dymokury, Česko",15.2071193,50.2503345
CZE,"Školská 112, 289 23 Milovice, Česko",14.8868695,50.2287529
CZE,"Na Vápence 468 22, 468 22 Železný Brod, Česko",15.2664119,50.6384748
CZE,"Zd. Nejedlého 809, 511 01 Turnov, Česko",15.1695655,50.5945474
CZE,"Maršovice 81, 468 01 Maršovice, Česko",15.1973758,50.697028
CZE,"Krakovany 113, 281 27 Krakovany, Česko",15.370582,50.0673706
CZE,"Lovecká, 466 01 Jablonec nad Nisou, Česko",15.1813545,50.7209176
CZE,"Husova 229, 533 12 Chvaletice, Česko",15.4118314,50.0335764
CZE,"Živanice 46, 533 41 Živanice, Česko",15.6495074,50.0613453
CZE,"Chutnovka 56, 511 01 Turnov, Česko",15.2097541,50.5859847
CZE,"Tyršova 278, 289 34 Rožďalovice, Česko",15.1669121,50.3053824
CZE,"Poděbradská 71, 290 01 Písková Lhota, Česko",15.0710926,50.1307913
CZE,"Dr. Beneše 619, Poděbrady II, 290 01 Poděbrady, Česko",15.1200197,50.14728
CZE,"Hrubá Skála 61, 511 01 Hrubá Skála, Česko",15.2094941,50.5462109
CZE,"Kovanice 134, 288 02 Kovanice, Česko",15.0703032,50.1695881
CZE,"Horní Nouzov 240, 281 01 Velim, Česko",15.1147179,50.0593574
CZE,"Hlavečník 95, 533 15 Hlavečník, Česko",15.4261476,50.0751896
CZE,"Konečná 1884, 580 01 Havlíčkův Brod, Česko",15.5916847,49.6094816
CZE,"Česká Bělá 300, 582 61 Česká Bělá, Česko",15.6933942,49.6430607
CZE,"507 44 Libošovice, Česko",15.1611416,50.4934029
CZE,"Revoluční, 512 63 Rovensko pod Troskami, Česko",15.2587795,50.5396072
CZE,"28017, 506 01 Ostružno, Česko",15.2896725,50.4430962
CZE,"Žehuň 24, 289 05 Žehuň, Česko",15.2903768,50.1354539
CZE,"Šlapanov 40, 582 51 Šlapanov, Česko",15.6572952,49.5429034
CZE,"Ždírec 25, 588 13 Ždírec, Česko",15.6788392,49.4546497
CZE,"Bezděkov 34, 580 01 Krásná Hora, Česko",15.4849188,49.5839822
CZE,"Věžnice 85, 582 52 Věžnice, Česko",15.6805941,49.5180926
CZE,"Jiráskova 609, 538 03 Heřmanův Městec, Česko",15.6650522,49.9495636
CZE,"Stříbrné Hory 65, 582 22 Stříbrné Hory, Česko",15.6899079,49.6009059
CZE,"Větrný Jeníkov 171, 588 42 Větrný Jeníkov, Česko",15.4809539,49.4770889
CZE,"Holandská 2729, 671 81 Znojmo, Česko",16.0641901,48.8423237
CZE,"Šatov 46, 671 22 Šatov, Česko",16.0146569,48.7925718
CZE,"Horní Česká 247, 669 02 Znojmo, Česko",16.0495566,48.8574024
CZE,"Dobřichov 206, 289 11 Dobřichov, Česko",15.0332256,50.0797836
CZE,"Poděbradská 22, 289 11 Vrbová Lhota, Česko",15.0618683,50.1106367
CZE,"9, Dělnická 1517, 669 02 Znojmo, Česko",16.0474345,48.861806
CZE,"nám. Armády 9, 669 02 Znojmo, Česko",16.0580518,48.8583666
CZE,"Znojemská, 669 02 Hnanice, Česko",15.9869605,48.7966386
CZE,"Dělnická 2530, 669 02 Znojmo, Česko",16.0479181,48.861886
CZE,"675 59 Radkovice u Hrotovic, Česko",16.0117618,49.0686496
CZE,"Gránická 1580, 669 02 Znojmo, Česko",16.0452926,48.8590547
CZE,"Radkovice u Hrotovic 106, 675 59 Radkovice u Hrotovic, Česko",16.0025925,49.0697235
CZE,"Lesná 91, 671 02 Lesná, Česko",15.8682482,48.9066647
CZE,"Kravsko 169, 671 51 Kravsko, Česko",15.9861196,48.9175383
CZE,"671 01 Citonice, Česko",15.9601688,48.8910144
CZE,"Dolní Branná 193, 543 62 Dolní Branná, Česko",15.5917892,50.5907024
CZE,"671 52 Hluboké Mašůvky, Česko",16.0247393,48.9236493
CZE,"Ugartova 279, 669 04 Znojmo, Česko",16.0377711,48.8839463
CZE,"Josefa Kábrta 209, 512 51 Lomnice nad Popelkou, Česko",15.3651233,50.5352047
CZE,"Pražská 164, 675 26 Želetava, Česko",15.6698028,49.1458114
CZE,"Kunčice nad Labem 44, 543 71 Kunčice nad Labem, Česko",15.6345272,50.5759441
CZE,"Husitská 217, 509 01 Nová Paka, Česko",15.5169097,50.4867711
CZE,"513 01 Záhoří, Česko",15.2681195,50.6105712
CZE,"Čistá u Horek 16, 512 35 Čistá u Horek, Česko",15.5894431,50.5302237
CZE,"Husova, 508 01 Hořice, Česko",15.6310514,50.3613292
CZE,"Chodovice 19, 508 01 Holovousy, Česko",15.5877932,50.3776635
CZE,"506 01 Slatiny, Česko",15.4017506,50.3791507
CZE,"Boharyně 10, 503 23 Boharyně, Česko",15.6297173,50.2033842
CZE,"Školní 290, 509 01 Nová Paka, Česko",15.5180013,50.4925928
CZE,"Josefův Důl 283, 468 44 Josefův Důl, Česko",15.2325821,50.7816773
CZE,"Spořilovská 624, 514 01 Jilemnice, Česko",15.5096689,50.6024786
CZE,"Lužany 144, 507 06 Lužany, Česko",15.4694297,50.4308483
CZE,"Žižkova 866, 508 01 Hořice, Česko",15.6375255,50.3657831
CZE,"Lipová 75, 289 31 Bobnice, Česko",15.0546428,50.2168698
CZE,"Nemocniční 4446, 466 01 Jablonec nad Nisou, Česko",15.1595722,50.7293027
CZE,"Pecka 30, 507 82 Pecka, Česko",15.5821832,50.472614
CZE,"Žlunice 145, 507 34 Žlunice, Česko",15.3843352,50.3016704
CZE,"Levínská Olešnice 151, 514 01 Levínská Olešnice, Česko",15.5336056,50.5274896
CZE,"Wolkerova 476, 468 41 Tanvald, Česko",15.3146193,50.7439149
CZE,"Dr. Vojtěcha 100, 503 52 Skřivany, Česko",15.4991768,50.2668926
CZE,"Metyšova 156, 514 01 Jilemnice, Česko",15.498709,50.6108718
CZE,"Nový Svět 419, 512 46 Harrachov, Česko",15.4147592,50.7806675
CZE,"T. G. Masaryka 121, 507 52 Ostroměř, Česko",15.5490429,50.3726022
CZE,"294 555/45, 512 45 Rokytnice nad Jizerou, Česko",15.4632666,50.727457
CZE,"Pekárenská 89, 513 01 Semily, Česko",15.3261467,50.6051863
CZE,"3267, 507 73 Dobrá Voda u Hořic, Česko",15.6111328,50.3527138
CZE,"Bedřichov 543 51, 543 51 Špindlerův Mlýn, Česko",15.599389,50.7275083
CZE,"Vojice 1, 508 01 Podhorní Újezd a Vojice, Česko",15.5126467,50.3899459
CZE,"Masarykovo nám. 1, 285 31 Nové Dvory, Česko",15.3226392,49.9708674
CZE,"Kutná Hora 16, 284 01 Kutná Hora, Česko",15.3024929,49.9680039
CZE,"Dolní Lánov 87, 543 41 Dolní Lánov, Česko",15.6627478,50.5905842
CZE,"32842, Kacákova Lhota, 50601, Česko",15.4190273,50.4097672
CZE,"Školní 64, 281 41 Ratboř, Česko",15.1594605,49.9757329
CZE,"Albrechtice v Jizerských horách 261, 468 43 Albrechtice v Jizerských horách, Česko",15.2802001,50.7621217
CZE,"Malá Skála 387, 468 22 Malá Skála, Česko",15.1948954,50.6381948
CZE,"Hřbitovní 671, 468 02 Rychnov u Jablonce nad Nisou, Česko",15.1534748,50.686096
CZE,"Lipanská 420, 280 02 Kolín, Česko",15.2019776,50.0220346
CZE,"Václavské nám. 275, 284 01 Kutná Hora, Česko",15.2669909,49.9506509
CZE,"Střelecká, 466 01 Jablonec nad Nisou, Česko",15.1653795,50.7178261
CZE,"Maršovická 73, Kokonín, 468 01 Jablonec nad Nisou, Česko",15.1874053,50.7018147
CZE,"280 02 Křečhoř, Česko",15.1270294,50.0255542
CZE,"Slunečná 327, 468 22 Železný Brod, Česko",15.2524445,50.6408442
CZE,"468 45 Velké Hamry, Česko",15.3155306,50.7218221
CZE,"Kostelec 87, 588 61 Kostelec, Česko",15.4962168,49.3606744
CZE,"Benešova 7, 284 01 Kutná Hora, Česko",15.2731374,49.9542965
CZE,"285 02 Suchdol, Česko",15.1640322,49.9528841
CZE,"Vzdušná 1368, 466 01 Jablonec nad Nisou, Česko",15.1716651,50.7203266
CZE,"Plavy 186, 468 46 Plavy, Česko",15.3179375,50.7038417
CZE,"Křečhoř 103, 280 02 Křečhoř, Česko",15.1271254,50.0279689
CZE,"Předín 250, 675 27 Předín, Česko",15.6772827,49.1972353
CZE,"U Školky 561, 468 41 Tanvald, Česko",15.2947761,50.7383249
CZE,"675 29 Kněžice, Česko",15.6721291,49.2707881
CZE,"Školní 301, 289 33 Křinec, Česko",15.1326538,50.2676835
CZE,"Velký Beranov 244, 588 21 Velký Beranov, Česko",15.6681018,49.4036021
CZE,"Školní 11, 507 23 Libáň, Česko",15.2182856,50.3747756
CZE,"Hodice 86, 589 01 Hodice, Česko",15.474948,49.271585
CZE,"Jiráskova 842, 538 03 Heřmanův Městec, Česko",15.6662236,49.9483701
CZE,"Valy 69, 535 01 Přelouč, Česko",15.6186901,50.0269994
CZE,"Běchary 5, 507 32 Běchary, Česko",15.2945417,50.313992
CZE,"Kladenská 1332, 535 01 Přelouč, Česko",15.5585419,50.0340851
CZE,"Kutná Hora 243, 284 04 Kutná Hora, Česko",15.2720113,49.9777268
CZE,"501, 507 21 Veliš, Česko",15.3224079,50.4059938
CZE,"Dětenice 81, 507 24 Dětenice, Česko",15.1709961,50.3680612
CZE,"Zámecká 91, 582 21 Pohled, Česko",15.6498191,49.6041848
CZE,"Lipoltická 245, 533 61 Choltice, Česko",15.6120613,49.9860998
CZE,"507 23 Libáň, Česko",15.216888,50.3753984
CZE,"507 23 Bystřice, Česko",15.2417074,50.3935495
CZE,"Wolkerova 2941, 580 01 Havlíčkův Brod, Česko",15.5728077,49.6141912
CZE,"34413, 582 72 Rozsochatec, Česko",15.6408318,49.6711768
CZE,"28. října 757, 511 01 Turnov, Česko",15.1626046,50.587891
CZE,"Revoluční 440, 512 63 Rovensko pod Troskami, Česko",15.2569426,50.5386414
CZE,"Mírová pod Kozákovem 53, 511 01 Mírová pod Kozákovem, Česko",15.2137386,50.5868927
CZE,"Okrouhlice 203, 582 31 Okrouhlice, Česko",15.4888288,49.6297138
CZE,"Kněžnice 95, 506 01 Kněžnice, Česko",15.3219009,50.4948685
CZE,"Čistá 39, 580 01 Vysoká, Česko",15.6076651,49.5527698
CZE,"32914, 289 11 Ratenice, Česko",15.0541063,50.0923596
CZE,"Nad Tratí 537, 580 01 Havlíčkův Brod, Česko",15.5793698,49.600694
CZE,"34711, 582 35 Lučice, Česko",15.4889737,49.6632957
CZE,"Bojanov 61, 538 26 Bojanov, Česko",15.7044439,49.8420889
CZE,"Ratenice 120, 289 11 Ratenice, Česko",15.060479,50.0911497
CZE,"Lovčice 73, 503 61 Lovčice, Česko",15.3827347,50.1680725
CZE,"Lovčice 119, 503 61, Česko",15.385661,50.166558
CZE,"Školská 444, 281 02 Cerhenice, Česko",15.0688278,50.0703825
CZE,"Malešov 187, 285 41 Malešov, Česko",15.2231022,49.9112379
CZE,"Puklice 167, 588 31 Puklice, Česko",15.6574774,49.3591207
CZE,"Krakovany 295, 281 27 Krakovany, Česko",15.3740994,50.0649778
CZE,"Polenská 162, 588 12 Dobronín, Česko",15.6523776,49.4779611
CZE,"Školní 430, Sendražice, 280 02 Kolín, Česko",15.2119937,50.052565
CZE,"Dlouhá Ves 69, 582 22 Dlouhá Ves, Česko",15.6753843,49.5776925
CZE,"285 41 Malešov, Česko",15.2380317,49.9140251
CZE,"Štoky 350, 582 53 Štoky, Česko",15.5879989,49.5071879
CZE,"Malý Beranov 114, 586 03 Malý Beranov, Česko",15.6381171,49.3965456
CZE,"341, 538 03 Úherčice, Česko",15.6721456,49.9136106
CZE,"Sportovní 160, 582 81 Habry, Česko",15.4861252,49.7601192
CZE,"Štoky 220, 582 53 Štoky, Česko",15.58941,49.5051212
CZE,"Nepolisy 246, 503 63 Nepolisy, Česko",15.4599324,50.1929943
CZE,"Kolínská 110, 280 02 Ovčáry, Česko",15.2360927,50.0622462
CZE,"Potěhy 155, 285 63 Potěhy, Česko",15.4162668,49.8694252
CZE,"Žehuň 80, 289 05 Žehuň, Česko",15.2881676,50.1351825
CZE,"Znojemská 88, 669 02 Hnanice, Česko",15.9896166,48.7992041
CZE,"Husova 168, 675 51 Jaroměřice nad Rokytnou, Česko",15.8884072,49.0949756
CZE,"Jestřabí Lhota 100, 280 02 Jestřabí Lhota, Česko",15.2626512,50.0922866
CZE,"Husova 370, 289 07 Libice nad Cidlinou, Česko",15.1783589,50.1253637
CZE,"Býchory 71, 280 02 Býchory, Česko",15.2765077,50.0676141
CZE,"Býchory 99, 280 02 Býchory, Česko",15.276105,50.0676468
CZE,"9. května 233, 675 26 Želetava, Česko",15.6780158,49.1442243
CZE,"Citonice 150, 671 01 Citonice, Česko",15.9659383,48.8825243
CZE,"Žižkovo nám. 5, 582 81 Habry, Česko",15.4859139,49.7560176
CZE,"Vyskytná nad Jihlavou 94, 588 41 Vyskytná nad Jihlavou, Česko",15.5151522,49.4196806
CZE,"Kladruby nad Labem 11, 533 14 Kladruby nad Labem, Česko",15.4887966,50.0571384
CZE,"Znojmo 49, 671 51 Znojmo, Česko",16.0014024,48.903976
CZE,"Blatnice 69, 675 51 Jaroměřice nad Rokytnou, Česko",15.8798119,49.0680097
CZE,"36081 2, 675 44 Jakubov u Moravských Budějovic, Česko",15.7637851,49.0800896
CZE,"Domamil 10, 675 43 Domamil, Česko",15.6966346,49.0830805
CZE,"Bezkov 64, 669 02 Bezkov, Česko",15.951308,48.8712106
CZE,"Šumná 92, 671 02 Šumná, Česko",15.8712158,48.9228294
CZE,"Domamil 115, 675 43 Domamil, Česko",15.6937213,49.0832212
CZE,"Lukov 32, 676 02 Lukov, Česko",15.8231922,49.0739469
CZE,"Citonice 100, 671 01 Citonice, Česko",15.9644717,48.8844139
CZE,"Bílý Potok 220, 463 62 Bílý Potok, Česko",15.2197429,50.8726656
CZE,"Dobrá Voda u Hořic 86, 507 73 Dobrá Voda u Hořic, Česko",15.6032976,50.349228
CZE,"Košťálov 201, 512 02 Košťálov, Česko",15.4031837,50.572538
CZE,"Školní 144, 507 11 Valdice, Česko",15.3852815,50.4522271
CZE,"Zálesní Lhota 187, 514 01 Studenec, Česko",15.566844,50.5678995
CZE,"Prasek 157, 504 01 Nový Bydžov, Česko",15.5625152,50.2328654
CZE,"Konecchlumí 61, 507 05 Konecchlumí, Česko",15.4814434,50.4012817
CZE,"Přemyslova 249, 508 01 Hořice, Česko",15.6345477,50.3680701
CZE,"Dolní Kalná 7, 543 74 Dolní Kalná, Česko",15.643574,50.5404042
CZE,"Lužany 155, 507 06 Lužany, Česko",15.467524,50.4300675
CZE,"K. H. Borovského 99, 507 03 Vysoké Veselí, Česko",15.4363754,50.3310011
CZE,"Husova 321, 508 01 Hořice, Česko",15.631655,50.3648081
CZE,"294 210/44, 512 44 Rokytnice nad Jizerou, Česko",15.4455476,50.7306795
CZE,"J. A. Komenského 326, 503 53 Smidary, Česko",15.4797389,50.2889069
CZE,"Volanice 130, 507 03 Volanice, Česko",15.3985831,50.3348113
CZE,"Pod Lipou 1773, 508 01 Hořice, Česko",15.6345601,50.3680538
CZE,"507 03 Kozojedy, Česko",15.3747158,50.3163554
CZE,"Stonařov 242, 588 33 Stonařov, Česko",15.5842587,49.2768341
CZE,"Zásada 326, 468 25 Zásada, Česko",15.2685573,50.6982781
CZE,"Žitná 2295, 466 01 Jablonec nad Nisou, Česko",15.16265,50.7285604
CZE,"Na Vápence 766, 468 22 Železný Brod, Česko",15.2649942,50.639338
CZE,"Palackého 2482, 466 01 Jablonec nad Nisou, Česko",15.1689045,50.7318503
CZE,"Pěnčín 62, 468 21 Pěnčín, Česko",15.2368556,50.6853032
CZE,"Lovecká 11/249, 466 01 Jablonec nad Nisou, Česko",15.1787608,50.7220202
CZE,"588 34 Dlouhá Brtnice, Česko",15.6019425,49.2422973
CZE,"Tanvald_Šumburk, Wolkerova 378, 468 41, Česko",15.3145089,50.7416132
CZE,"Školní 288, 289 33 Křinec, Česko",15.1322775,50.2671522
CZE,"Ke školce 358, 289 33 Křinec, Česko",15.1365668,50.2676004
CZE,"Slunečná 336, 466 01 Jablonec nad Nisou, Česko",15.1809108,50.7255189
CZE,"Dolní Krupá 11, 582 71 Dolní Krupá, Česko",15.6014299,49.6605
CZE,"Jičíněves 44, 507 31 Jičíněves, Česko",15.3372071,50.3753625
CZE,"Hlavní 77, 289 03 Záhornice, Česko",15.2855183,50.2470839
CZE,"Šlapanov 1, 582 51 Šlapanov, Česko",15.6606855,49.5416381
CZE,"506 01 Jinolice, Česko",15.3132931,50.4749621
CZE,"Ostružno 5, 506 01 Ostružno, Česko",15.2895217,50.4433602
CZE,"Chelčického 1299, 280 02 Kolín, Česko",15.2042348,50.0331007
CZE,"Hlízov 101, 285 32 Hlízov, Česko",15.2934303,49.9841803
CZE,"Křesetice 76, 285 47 Křesetice, Česko",15.2632543,49.9088267
CZE,"Kmochova 335, Kolín II, 280 02 Kolín, Česko",15.1956613,50.0282676
CZE,"582 82 Vilémov, Česko",15.5576242,49.7820536
CZE,"Březová 272, 583 01 Chotěboř, Česko",15.6759655,49.7211013
CZE,"Maleč 77, 582 76 Maleč, Česko",15.6744548,49.7729118
CZE,"Ke Hřišti 154, 285 61 Žleby, Česko",15.488627,49.8887277
CZE,"Zdechovice 157, 533 11 Zdechovice, Česko",15.4746219,50.0161743
CZE,"281 28 Radovesnice II, Česko",15.3665149,50.104015
CZE,"Mírová 253, 582 82 Golčův Jeníkov, Česko",15.4771995,49.8188649
CZE,"Uhelná Příbram 112, 582 45 Uhelná Příbram, Česko",15.5840894,49.7664077
CZE,"Budovatelů 284, 533 13 Řečany nad Labem, Česko",15.4809277,50.0366634
CZE,"285 75 Žehušice, Česko",15.4056034,49.9694512
CZE,"U školky 423, 538 42 Ronov nad Doubravou, Česko",15.5361489,49.8899792
CZE,"Rimavské Soboty 923, 280 02 Kolín, Česko",15.1889509,50.0218442
CZE,"Kojice 151, 533 12 Kojice, Česko",15.391666,50.039852
CZE,"Školská 171, 538 42 Ronov nad Doubravou, Česko",15.5292851,49.8882471
CZE,"Úmyslovice 94, 290 01 Úmyslovice, Česko",15.17783,50.2029844
CZE,"Na Chmelnici 266, 583 01 Chotěboř, Česko",15.6688128,49.7134977
CZE,"Horní Nouzov 486, 281 01 Velim, Česko",15.1158801,50.0589371
CZE,"Hlavní 152, 289 08 Běrunice, Česko",15.3319831,50.1856396
CZE,"nám. Jana Žižky z Trocnova 1, Staré Město, 286 01 Čáslav, Česko",15.3905697,49.910959
CZE,"Masarykova 671, 281 51 Velký Osek, Česko",15.1908254,50.098602
CZE,"Kolínská 66, 280 02 Ovčáry, Česko",15.2403128,50.0635442
CZE,"Chudeřice 51, 503 51 Chudeřice, Česko",15.5508754,50.1521836
CZE,"Masarykovo Nám. 68, 586 01 Jihlava, Česko",15.591042,49.3953792
CZE,"Malý Beranov 11, 586 03 Malý Beranov, Česko",15.6322486,49.397105
CZE,"Smrčná 91, 588 01 Smrčná, Česko",15.5390241,49.470998
CZE,"Opolany 40, 289 07 Opolany, Česko",15.2154138,50.1313632
CZE,"Kratonohy 140, 503 24 Kratonohy, Česko",15.6014584,50.169305
CZE,"Litohoř 98, 675 44 Litohoř, Česko",15.7644799,49.0679699
CZE,"Třebelovice 105, 675 32 Třebelovice, Česko",15.6636265,49.0217638
CZE,"Březinova 193, 588 65 Nová Říše, Česko",15.5588239,49.1420111
CZE,"Budíškovice 58, 378 91 Budíškovice, Česko",15.5326579,49.074719
CZE,"Štítary 191, 671 02 Štítary, Česko",15.8520793,48.9326393
CZE,"96, 588 62, Česko",15.5181999,49.2060334
CZE,"Převýšov 67, 503 51 Převýšov, Česko",15.4086211,50.149965
CZE,"Budkov 5, 675 42 Budkov, Česko",15.6644994,49.0525212
CZE,"Kovanice 144, 288 02 Kovanice, Česko",15.0754079,50.1697244
CZE,"Pavlice 79, 671 56 Pavlice, Česko",15.8994774,48.9712999
CZE,"Lázeňská 406, 463 62 Hejnice, Česko",15.1817363,50.880104
CZE,"Bezkov 58, 669 02 Bezkov, Česko",15.9510253,48.8708043
CZE,"Dětřichov 234, 464 01 Dětřichov, Česko",15.0357788,50.8926912
CZE,"Dešov 105, 675 33 Dešov, Česko",15.7020409,48.9841407
CZE,"671 06 Šafov, Česko",15.7348162,48.8665391
CZE,"Nádražní, 464 01 Frýdlant, Česko",15.074664,50.9193424
CZE,"Netřebice 80, 288 02 Netřebice, Česko",15.1423411,50.2128765
CZE,"Jiráskova 926, 543 01 Vrchlabí, Česko",15.6121641,50.6206952
CZE,"Hostim 90, 671 54 Hostim, Česko",15.8990734,49.016534
CZE,"Hlušice 144, 503 56 Hlušice, Česko",15.4005502,50.2633704
CZE,"Višňová 159, 464 01 Višňová, Česko",15.0217398,50.9664138
CZE,"671 54 Hostim, Česko",15.9119653,49.0168935
CZE,"J. Š. Kubína 465, Holínské Předměstí, 506 01 Jičín, Česko",15.3428504,50.4441492
CZE,"17. Listopadu 46, Pražské Předměstí, 506 01 Jičín, Česko",15.3506825,50.4346615
CZE,"Dešná 17, 378 73 Dešná, Česko",15.5449918,48.95746
CZE,"Kacákova Lhota 10, 506 01 Kacákova Lhota, Česko",15.4188457,50.4091308
CZE,"Valteřická 716, 514 01 Jilemnice, Česko",15.5086826,50.6207102
CZE,"Třebelovice 54, 675 32 Třebelovice, Česko",15.6635983,49.0217649
CZE,"Kunčice nad Labem 73, 543 61 Kunčice nad Labem, Česko",15.6218574,50.5817135
CZE,"Dešov 92, 675 33 Dešov, Česko",15.7012841,48.9846093
CZE,"Tovární 63, 503 52 Skřivany, Česko",15.5014846,50.2683664
CZE,"Na Olešce 433, 513 01 Semily, Česko",15.3287477,50.5997104
CZE,"Sloupno 69, 503 53 Sloupno, Česko",15.5015059,50.2570809
CZE,"Bezručova 1534, 512 51 Lomnice nad Popelkou, Česko",15.3677471,50.5333937
CZE,"Žižkova 389, 507 13 Železnice, Česko",15.388008,50.4723231
CZE,"Dělnická 74, 543 03 Vrchlabí, Česko",15.620134,50.6005238
CZE,"Školní 1257, 509 01 Nová Paka, Česko",15.518035,50.4922022
CZE,"Radniční 540, 468 41 Tanvald, Česko",15.302258,50.7384586
CZE,"Tichá 19/3892, 466 02 Jablonec nad Nisou, Česko",15.1839884,50.7380095
CZE,"Jablonského 1108, 508 01 Hořice, Česko",15.62958,50.3710196
CZE,"Arbesova 408, Mšeno nad Nisou, 466 04 Jablonec nad Nisou, Česko",15.1679639,50.7450377
CZE,"U Školky 579, 468 41 Tanvald, Česko",15.2948125,50.7383178
CZE,"Petrovice 52, 503 55 Petrovice, Česko",15.5987852,50.2897351
CZE,"32834, 506 01 Slatiny, Česko",15.3943348,50.3771979
CZE,"Bezručova 830, 289 03 Městec Králové, Česko",15.3009691,50.2040283
CZE,"Havlíčkova 826, 468 51 Smržovka, Česko",15.2443357,50.7376605
CZE,"Veliš 40, 507 21 Veliš, Česko",15.3141129,50.4091517
CZE,"Novopacká 1, 507 58 Mlázovice, Česko",15.5210223,50.4128509
CZE,"Havlíčkova 4, 466 01 Jablonec nad Nisou, Česko",15.1613288,50.7223585
CZE,"T. G. Masaryka 300, 507 81 Lázně Bělohrad, Česko",15.5803091,50.4286313
CZE,"Husova 1444, 466 01 Jablonec nad Nisou, Česko",15.1864132,50.7254514
CZE,"Revoluční 177, 289 01 Dymokury, Česko",15.2035696,50.2490554
CZE,"Havlíčkova 606, 507 32 Kopidlno, Česko",15.2646312,50.331994
CZE,"Bystřice 23, 507 23 Bystřice, Česko",15.2483267,50.3946796
CZE,"Sportovní 326, 280 02 Veltruby, Česko",15.18412,50.0708961
CZE,"Miskovice 133, 285 01 Miskovice, Česko",15.2036493,49.9478069
CZE,"Vřesová 203, Polabec, 290 01 Poděbrady, Česko",15.1039488,50.1418064
CZE,"J. Hory 4097, 466 04 Jablonec nad Nisou, Česko",15.1698634,50.7367753
CZE,"Poděbradova 636, Chlumec nad Cidlinou IV, 503 51 Chlumec nad Cidlinou, Česko",15.4527997,50.1618457
CZE,"Mladoňovice 67, 675 32 Mladoňovice, Česko",15.6441392,49.00988
CZE,"Šafov 11, 671 06 Šafov, Česko",15.734991,48.8667491
CZE,"Vratěnín 57, 671 07 Vratěnín, Česko",15.5972381,48.9041819
CZE,"K. Čapka 1113, 290 01 Poděbrady, Česko",15.1309345,50.143507
CZE,"Fišerova 1624, 676 02 Moravské Budějovice, Česko",15.8071695,49.0604061
CZE,"Husova, 676 02 Moravské Budějovice, Česko",15.8036556,49.0467854
CZE,"339, 285 42 Červené Janovice, Česko",15.2631032,49.837051
CZE,"Pavlice 169, 671 56 Pavlice, Česko",15.8966875,48.9731177
CZE,"Kosice 69, 503 51 Kosice, Česko",15.5352851,50.1798784
CZE,"Komenského 1729, 676 02 Moravské Budějovice, Česko",15.8101017,49.0461888
CZE,"Veselý Žďár 144, 580 01 Veselý Žďár, Česko",15.5258212,49.6368678
CZE,"Žižkova 1131, 290 01 Poděbrady, Česko",15.1353778,50.1514249
CZE,"Uherčice 64, 671 07 Uherčice, Česko",15.6293565,48.9134196
CZE,"Mladějov 85, 507 45 Mladějov, Česko",15.2330496,50.4826166
CZE,"511 01 Karlovice, Česko",15.2100171,50.5597727
CZE,"Lány na Důlku 35, 530 02 Pardubice VI, Česko",15.6740507,50.0391935
CZE,"Zátiší 384, 671 03 Vranov nad Dyjí, Česko",15.8125376,48.897768
CZE,"Palackého 583, 675 31 Jemnice, Česko",15.5751236,49.0195285
CZE,"Havlíčkův Brod 107, 580 01 Havlíčkův Brod, Česko",15.5426893,49.5878546
CZE,"Budeč 1, 380 01 Dačice, Česko",15.5884958,49.0857834
CZE,"Nové Syrovice 5, 675 41 Nové Syrovice, Česko",15.773894,49.0177769
CZE,"Dolní 3969, 468 01 Jablonec nad Nisou, Česko",15.180461,50.7020203
CZE,"Lípa 66, 582 57 Lípa, Česko",15.54905,49.556
CZE,"Církvice 202, 285 33 Církvice, Česko",15.337232,49.9454074
CZE,"Nad Plovárnou 4494/5, 586 01 Jihlava, Česko",15.6004077,49.388669
CZE,"533 63 Turkovice, Česko",15.5491084,49.9515132
CZE,"285 33 Církvice, Česko",15.3224888,49.9426908
CZE,"675 34 Police, Česko",15.6310531,48.9653993
CZE,"Kosovská 2579, 586 01 Jihlava, Česko",15.6047432,49.3925716
CZE,"Střítež 109, 588 11 Střítež, Česko",15.6328959,49.457992
CZE,"Hlavní 254, 281 25 Konárovice, Česko",15.2855564,50.0423417
CZE,"Bachmačská 710, 280 02 Kolín, Česko",15.1853844,50.0262023
CZE,"Veselí 67, 535 01 Veselí, Česko",15.6187912,50.0109492
CZE,"Kladenská 589, 535 01 Přelouč, Česko",15.5578915,50.0355737
CZE,"Za Fontánou 935, 535 01 Přelouč, Česko",15.5567898,50.0377286
CZE,"Blížkovice 220, 671 55 Blížkovice, Česko",15.8435157,48.997217
CZE,"Vilémov 10, 582 83 Vilémov, Česko",15.5295651,49.8109132
CZE,"4036, 588 34 Dlouhá Brtnice, Česko",15.6040503,49.2366284
CZE,"Močovice 64, 286 01 Čáslav, Česko",15.348376,49.9041319
CZE,"588 21 Velký Beranov, Česko",15.6680024,49.403621
CZE,"Stará Říše 41, 588 67 Stará Říše, Česko",15.5950338,49.1762099
CZE,"Husova 485, 676 02 Moravské Budějovice, Česko",15.8107768,49.0490922
CZE,"Starý Petřín 52, 671 06 Starý Petřín, Česko",15.7327381,48.8900953
CZE,"Stonařov 261, 588 33 Stonařov, Česko",15.5897399,49.2820656
CZE,"Frýdlantská, 463 65 Nové Město pod Smrkem, Česko",15.226805,50.9293804
CZE,"Štrampouch 112, 286 01 Žáky, Česko",15.3636254,49.8676384
CZE,"U školky 470, 538 42 Ronov nad Doubravou, Česko",15.5356093,49.8894222
CZE,"Nádražní 65, 463 62 Hejnice, Česko",15.1841463,50.878395
CZE,"Školní 697, 588 32 Brtnice, Česko",15.6742843,49.3089336
CZE,"Purkyňova 510, 464 01 Frýdlant, Česko",15.0780231,50.9255609
CZE,"464 01 Krásný Les, Česko",15.1265703,50.9402461
CZE,"Bělíkova 891, 464 01 Frýdlant, Česko",15.0877298,50.9219266
CZE,"Dolní Řasnice 270, 464 01 Frýdlant, Česko",15.1699735,50.9455071
CZE,"Jiráskova 1137, 464 01 Frýdlant, Česko",15.0725327,50.9243891
CZE,"Habartice 213, 463 73 Habartice, Česko",15.0599536,51.0186866
CZE,"Lázně Libverda 177, 463 62 Lázně Libverda, Česko",15.1974369,50.8898384
CZE,"Bulovka 156, 464 01 Bulovka, Česko",15.0946834,50.9635236
CZE,"Kunratice 124, 464 01 Kunratice, Česko",15.0260618,50.9205031
CZE,"Mánesova 952/952, 463 65 Nové Město pod Smrkem, Česko",15.2291305,50.9275109
CZE,"Víchová nad Jizerou 197, 512 41 Víchová nad Jizerou, Česko",15.4886969,50.6284125
CZE,"Bulovka 10, 464 01 Bulovka, Česko",15.1562683,51.003335
CZE,"Višňová 173, 464 01 Višňová, Česko",15.0276636,50.9695639
CZE,"29110, 463 65 Jindřichovice pod Smrkem, Česko",15.2494365,50.9606399
CZE,"Sobčice 58, 508 01 Sobčice, Česko",15.5159262,50.3736611
CZE,"nám. prof. Babáka 108, 503 53 Smidary, Česko",15.4779866,50.2928749
CZE,"Libštát 212, 512 03 Libštát, Česko",15.418078,50.5606869
CZE,"Tatobity 74, 512 53 Tatobity, Česko",15.2709454,50.5727827
CZE,"Stračov 15, 503 14 Stračov, Česko",15.6401139,50.3013996
CZE,"Jinolice 40, 506 01 Jinolice, Česko",15.3304887,50.4777438
CZE,"71, 506 01 Slatiny, Česko",15.384136,50.366552
CZE,"Komenského 466, 507 91 Stará Paka, Česko",15.4937719,50.5118027
CZE,"Ohnišťany 42, 503 54 Ohnišťany, Česko",15.5121521,50.3311277
CZE,"Starý Bydžov 13, 503 57 Starý Bydžov, Česko",15.4533025,50.2587619
CZE,"Měník 16, 503 64 Měník, Česko",15.5261549,50.2159851
CZE,"Tři Dvory 259, 280 02 Tři Dvory, Česko",15.2581047,50.0266733
CZE,"Opatov 68, 675 28 Opatov, Česko",15.6600141,49.2241898
CZE,"Fügnerova 750, Valdické Předměstí, 506 01 Jičín, Česko",15.359143,50.4345996
CZE,"Mahenova 1699, 586 01 Jihlava, Česko",15.5753411,49.3924112
CZE,"Jeronýmova 772/772, 280 02 Kolín, Česko",15.20604,50.0203998
CZE,"25, Romana Havelky 39, Staré Hory, 586 01 Jihlava, Česko",15.566802,49.4137583
CZE,"Seifertova 1423, 586 01 Jihlava, Česko",15.5823361,49.3939187
CZE,"Demlova 3608, 586 01 Jihlava, Česko",15.6091925,49.4006443
CZE,"Fibichova 903, 586 01 Jihlava, Česko",15.5876459,49.3922157
CZE,"Jarní 22a, 586 01 Jihlava, Česko",15.5592137,49.4041465
CZE,"14, Švédská 3494, 466 02 Jablonec nad Nisou, Česko",15.1826771,50.7302866
CZE,"Jahodová 1454, 286 01 Čáslav, Česko",15.3855861,49.9056962
CZE,"Dolní Krupá 8, 582 71 Dolní Krupá, Česko",15.6019126,49.6604335
CZE,"Zámecká 1, 582 21 Pohled, Česko",15.6505871,49.6034526
CZE,"Kutnohorská 70, 281 21 Červené Pečky, Česko",15.213867,49.9802548
CZE,"K Havaji 108, 285 74 Záboří nad Labem, Česko",15.3486707,50.0273015
CZE,"Jiráskova 3960, 586 01 Jihlava, Česko",15.5770133,49.4017658
CZE,"Resslova 4263, 586 01 Jihlava, Česko",15.5883529,49.413399
CZE,"V Zákoutí 91, 535 01 Břehy, Česko",15.578027,50.0545388
CZE,"Hálkova 2935, 586 01 Jihlava, Česko",15.623769,49.4034222
CZE,"285 45 Rychnov nad Kněžnou, Česko",15.3243542,49.9072788
CZE,"28. října 1858, 466 01 Jablonec nad Nisou, Česko",15.1676808,50.7267561
CZE,"Na Svahu 3049, 580 01 Havlíčkův Brod, Česko",15.5482241,49.6142963
CZE,"Masarykova 891, 280 02 Kolín, Česko",15.1872641,50.0233317
CZE,"Tylova 2825, 586 01 Jihlava, Česko",15.595211,49.3867353
CZE,"Zámecká 27, Sedlec, 284 03 Kutná Hora, Česko",15.2891061,49.9606721
CZE,"Semín 138, 535 01 Semín, Česko",15.5199731,50.0538382
CZE,"5. května 194, 582 82 Golčův Jeníkov, Česko",15.4775168,49.8132531
CZE,"Větrná 120, 285 71 Vrdy, Česko",15.4668857,49.9215114
CZE,"Kobylnice 38, 284 01 Kobylnice, Česko",15.38051,50.0091149
CZE,"Labská 1104, Poděbrady III, 290 01 Poděbrady, Česko",15.1224673,50.1413947
CZE,"Nad Tratí, 580 01 Havlíčkův Brod, Česko",15.5802273,49.6009948
CZE,"Tupadly 152, 285 63 Tupadly, Česko",15.4013753,49.8659045
CZE,"T. Štítného 975, 280 02 Kolín, Česko",15.2044438,50.0322923
CZE,"Dačického nám. 16, 284 01 Kutná Hora, Česko",15.2662836,49.9482612
CZE,"Hřbitovní 3677, 466 01 Jablonec nad Nisou, Česko",15.1596601,50.7271657
CZE,"Svojsíkova 242, 583 01 Chotěboř, Česko",15.6733763,49.7190848
CZE,"Březinova 4041, 586 01 Jihlava, Česko",15.5983285,49.4031789
CZE,"Školská 332, 285 71 Vrdy, Česko",15.4653818,49.9235768
CZE,"Koberovy 140, 468 22 Železný Brod, Česko",15.227642,50.6221339
CZE,"Rantířov 67, 588 41 Vyskytná nad Jihlavou, Česko",15.5152406,49.4063084
CZE,"Bojovníků za svobodu 1547, Nové Město, 286 01 Čáslav, Česko",15.3894042,49.9147626
CZE,"Školní 828, 468 51 Smržovka, Česko",15.2489108,50.7322249
CZE,"Sloveč 100, 289 03 Městec Králové, Česko",15.3273986,50.2304704
CZE,"Jihlava 243, 586 01 Jihlava, Česko",15.5985797,49.4653399
CZE,"Na Dolech 5832/111, 586 01 Jihlava, Česko",15.566927,49.4095966
CZE,"R. Těsnohlídka 1628, 286 01 Čáslav, Česko",15.3935957,49.9119474
CZE,"Palachova 137, 290 01 Poděbrady, Česko",15.117476,50.1469832
CZE,"Březinova 3658, 586 01 Jihlava, Česko",15.6017985,49.3998372
CZE,"Brigádnická 316, 538 43 Třemošnice, Česko",15.5795329,49.871877
CZE,"9. května 161, 289 06 Sány, Česko",15.248604,50.1223319
CZE,"Jičínská 435, 507 43 Sobotka, Česko",15.1811557,50.4676896
CZE,"Zbýšov 23, 286 01 Čáslav, Česko",15.354568,49.8140845
CZE,"nám. T.G.Masaryka 1130/18, Poděbrady III, 290 01 Poděbrady, Česko",15.1232516,50.1481534
CZE,"Proftova 309, Poděbrady III, 290 01 Poděbrady, Česko",15.1252861,50.1453056
CZE,"Běstvina 111, 538 43 Běstvina, Česko",15.5940594,49.8333257
CZE,"Pod Koželuhy 171, 506 01 Jičín, Česko",15.3530762,50.4325133
CZE,"Školní 116, 538 04 Prachovice, Česko",15.6268404,49.8934168
CZE,"Bezručova 801, 280 02 Kolín, Česko",15.193991,50.0238056
CZE,"Studentská 169, 290 01 Poděbrady, Česko",15.1172004,50.1447993
CZE,"Erbenova 2834, 586 01 Jihlava, Česko",15.5745796,49.3998147
CZE,"Poděbradská 61, 290 01 Poděbrady, Česko",15.1002993,50.1622255
CZE,"Krchleby 80, 286 01 Krchleby, Česko",15.3496821,49.8905463
CZE,"Červené Janovice 176, 285 42 Červené Janovice, Česko",15.2578002,49.8362992
CZE,"Zbýšov 89, 285 65 Zbýšov, Česko",15.3503438,49.8161002
CZE,"Těšetice 62, 671 61 Těšetice, Česko",16.1583288,48.8881177
CZE,"Nová 228, 671 38 Višňové, Česko",16.1500151,48.9820795
CZE,"Kouty 82, 675 08 Kouty, Česko",15.7929693,49.3162612
CZE,"Tvořihráz 148, 671 34 Tvořihráz, Česko",16.1405108,48.9208584
CZE,"Čechtín 70, 675 07 Čechtín, Česko",15.8185191,49.2947865
CZE,"Kubišova 1291/7, 674 01 Třebíč, Česko",15.8893028,49.2067875
CZE,"Lidická 846, 674 01 Třebíč, Česko",15.8638897,49.2090819
CZE,"Mikulovice 16, 675 22 Mikulovice, Česko",15.8451927,49.162182
CZE,"Hradecká 1/1, Třebeš, 500 11 Hradec Králové, Česko",15.8329142,50.1896691
CZE,"12, K Sokolovně 349, 503 41 Hradec Králové, Česko",15.8418614,50.226137
CZE,"Kotěrova 627, 500 03 Hradec Králové, Česko",15.8299978,50.2113628
CZE,"Jakubské nám. 56, 675 22 Stařeč, Česko",15.8264839,49.1969391
CZE,"Nerudova 1180/28, 500 02 Hradec Králové, Česko",15.8156069,50.2104343
CZE,"Býšť 75, 533 22 Býšť, Česko",15.9140564,50.1332956
CZE,"29, Sokolovská 1568, 594 01 Velké Meziříčí, Česko",16.021376,49.3512866
CZE,"Letná 1249, 543 01 Vrchlabí, Česko",15.6069772,50.6230393
CZE,"Vančurova 2098, 591 01 Žďár nad Sázavou, Česko",15.9450039,49.5626521
CZE,"Husova 580, 675 71 Náměšť nad Oslavou, Česko",16.1487219,49.2102758
CZE,"Novodvorská 617, Střední Předměstí, 541 01 Trutnov, Česko",15.9152327,50.5658858
CZE,"Zubří 37, 592 31 Zubří, Česko",16.1234799,49.5711008
CZE,"Okružní 729, 591 01 Žďár nad Sázavou, Česko",15.9286129,49.5630005
CZE,"Tyršovy sady 676, 543 71 Hostinné, Česko",15.727358,50.541527
CZE,"Nové Dvory 37, 592 12 Nové Dvory, Česko",15.8079001,49.5641616
CZE,"Pivovarská 266, 582 23 Havlíčkova Borová, Česko",15.7791722,49.6376314
CZE,"Zvole 41, 592 51 Zvole, Česko",16.155048,49.5217063
CZE,"Lísek 90, 592 45 Lísek, Česko",16.1867821,49.5801106
CZE,"Drobného 299, 592 31 Nové Město na Moravě, Česko",16.0780369,49.5666649
CZE,"Tyršova 119, 551 02 Jaroměř, Česko",15.9316984,50.3368185
CZE,"Jámy 158, 592 32 Jámy, Česko",16.0056525,49.5302632
CZE,"K Dolíkám 121, Svobodné Dvory, 503 11 Hradec Králové, Česko",15.7877084,50.224063
CZE,"Drtinova 1444, 544 01 Dvůr Králové nad Labem, Česko",15.8064949,50.4230848
CZE,"V Domcích 106, Horní Předměstí, 541 01 Trutnov, Česko",15.9029308,50.5634711
CZE,"Prosečné 37, 543 73 Prosečné, Česko",15.6885306,50.5607133
CZE,"Lužická 321, Pražské Předměstí, 551 01 Jaroměř, Česko",15.9188267,50.351318
CZE,"Na Pilíři 204, 542 01 Žacléř, Česko",15.9097812,50.6546769
CZE,"Labská 338, 543 01 Vrchlabí, Česko",15.6092334,50.630185
CZE,"B. Němcové, 542 01 Žacléř, Česko",15.9076291,50.663081
CZE,"P. Jilemnického 654/160, Plotiště nad Labem, 503 01 Hradec Králové, Česko",15.8053828,50.2394839
CZE,"Odborářů 345, 530 09 Pardubice II, Česko",15.7569851,50.0435718
CZE,"Tkalcovská 542, 541 01 Trutnov, Česko",15.9042719,50.5661004
CZE,"Švermova 693, 538 21 Slatiňany, Česko",15.8197856,49.9180752
CZE,"Brožíkova 450, 530 09 Pardubice II, Česko",15.7477589,50.0428148
CZE,"Dražkovice 146, 533 33 Pardubice V, Česko",15.7738463,50.0025658
CZE,"Staňkova 18, 530 02 Mikulovice, Česko",15.7789739,49.989369
CZE,"Kyjevská 25, 530 03 Pardubice IV-Pardubičky, Česko",15.7909124,50.0262318
CZE,"Bulharská 119, 530 03 Pardubice I, Česko",15.7865218,50.0337231
CZE,"Češkova 1985, 530 02 Pardubice V, Česko",15.7698979,50.0262092
CZE,"Orel 35, 538 21 Orel, Česko",15.8423708,49.9187403
CZE,"Licibořice 52, 538 21 Licibořice, Česko",15.7801516,49.8703306
CZE,"Staré Hradiště 72, 533 52 Staré Hradiště, Česko",15.7755915,50.0656666
CZE,"Rabštejnská Lhota 44, 537 01 Rabštejnská Lhota, Česko",15.7684888,49.9154362
CZE,"Mladé Buky 1, 54101 Mladé Buky - Hertvíkovice, 541 01, Česko",15.828068,50.597728
CZE,"Mozartova 448, 530 09 Pardubice II, Česko",15.7502081,50.0447294
CZE,"Maxima Gorkého 289, 541 01 Trutnov, Česko",15.9225634,50.5604298
CZE,"Na Biřičce 1263, Nový Hradec Králové, 500 08 Hradec Králové, Česko",15.8553756,50.1713566
CZE,"U Sklárny 129, 539 52 Trhová Kamenice, Česko",15.8096138,49.7850116
CZE,"Šimkova 879, 500 03 Hradec Králové, Česko",15.8336565,50.213588
CZE,"U Školky 246, 538 25 Nasavrky, Česko",15.8032343,49.8429036
CZE,"Osady Ležáků 767, 539 73 Skuteč, Česko",15.9900517,49.8482735
CZE,"č.p. 7, 533 73 Uhersko, Česko",16.0194418,49.9931345
CZE,"565 43 Zámrsk, Česko",16.1252163,49.9869762
CZE,"Pražská 89, 530 06 Pardubice VI-Popkovice, Česko",15.7298032,50.0194289
CZE,"Řepníky 35, 538 65 Řepníky, Česko",16.0789845,49.9011406
CZE,"Pokřikov 94, 539 01 Pokřikov, Česko",15.9888471,49.7964214
CZE,"Lidická 688, 566 01 Vysoké Mýto, Česko",16.1518765,49.9459536
CZE,"Ke Kamenci 1601, 530 03 Pardubice I, Česko",15.7930205,50.0350775
CZE,"Řestoky 130, 538 51 Řestoky, Česko",15.9167298,49.9192685
CZE,"Kostěnice 71, 530 02 Kostěnice, Česko",15.9043861,50.0106443
CZE,"M. Horákové 1143, 500 06 Hradec Králové, Česko",15.8447993,50.1882181
CZE,"K Polabinám 626, 530 02 Pardubice I, Česko",15.7655651,50.0381594
CZE,"Proseč 220, 539 44 Proseč, Česko",16.115111,49.8083892
CZE,"Rosická, 530 09 Pardubice II-Polabiny, Česko",15.7613287,50.0509101
CZE,"Raisova 226, 530 02 Pardubice V-Nové Jesenčany, Česko",15.768146,50.0175188
CZE,"Markovická 621/9, Slezské Předměstí, 500 03 Hradec Králové, Česko",15.8488157,50.2184074
CZE,"Oldřiš 48, 569 82 Oldřiš, Česko",16.1939092,49.726682
CZE,"Erno Košťála 991, 530 12 Pardubice III, Česko",15.8101208,50.0449285
CZE,"nábř. Závodu míru 1961, 530 02 Pardubice I, Česko",15.7589298,50.0365606
CZE,"Rumunská 90, 530 03 Pardubice III, Česko",15.8003648,50.0372357
CZE,"Nár. hrdinů 8, 530 03 Pardubice IV, Česko",15.7936075,50.0259981
CZE,"Severní 842, Slezské Předměstí, 500 03 Hradec Králové, Česko",15.8446218,50.2197117
CZE,"Jarošov 52, 569 66 Jarošov, Česko",16.1635614,49.8247705
CZE,"Svatojánská 680/15, Třebeš, 500 11 Hradec Králové, Česko",15.8320713,50.182228
CZE,"U Stadionu 755, Chrudim III, 537 03 Chrudim, Česko",15.7989924,49.9408749
CZE,"Medlešice 1, 538 31 Chrudim, Česko",15.7685445,49.9786112
CZE,"Kameničky 38, 539 41 Kameničky, Česko",15.9730193,49.7387398
CZE,"Poršova 240, 539 73 Skuteč, Česko",15.9912299,49.8418859
CZE,"Sluneční 284, 530 09 Pardubice II, Česko",15.7546017,50.0486554
CZE,"Štefánikova, 500 11 Hradec Králové, Česko",15.8362449,50.1873009
CZE,"Palackého 2, 674 01 Třebíč, Česko",15.8726687,49.2194454
CZE,"5, Demlova 999, 674 01 Třebíč, Česko",15.88465,49.2065983
CZE,"Strojařů 846, 537 01 Chrudim, Česko",15.7770442,49.9536273
CZE,"Třebechovická 837, 500 03 Hradec Králové, Česko",15.8547615,50.2144597
CZE,"Miřetice 13, 539 55 Miřetice, Česko",15.8854373,49.8378863
CZE,"Štefánikova 373, 500 11 Hradec Králové, Česko",15.8401832,50.1875877
CZE,"Gorazdovo nám. 462, 674 01 Třebíč, Česko",15.8782517,49.2132946
CZE,"Bítovany 76, 538 51 Bítovany, Česko",15.8612005,49.8967487
CZE,"Cyrilometodějská 754/6, 674 01 Třebíč, Česko",15.8902983,49.2146471
CZE,"Ugartova 279/11, 669 04 Znojmo, Česko",16.0376979,48.8839824
CZE,"U Obůrky 703, 674 01 Třebíč, Česko",15.8682211,49.2186464
CZE,"Bartuškova 886, 674 01 Třebíč, Česko",15.861714,49.2086351
CZE,"Školní 85, 500 03 Hradec Králové, Česko",15.8894023,50.2298308
CZE,"Gorkého 1521, 530 02 Pardubice V-Zelené Předměstí, Česko",15.7612321,50.0243733
CZE,"Josefa Ressla 1992, 530 02 Pardubice V, Česko",15.7576033,50.0237648
CZE,"Benešova 564, 674 01 Třebíč, Česko",15.8948824,49.2205757
CZE,"751/4, K Meteoru, Svobodné Dvory, 503 11 Hradec Králové, Česko",15.7856532,50.2237425
CZE,"Slavíčkova 954, Slezské Předměstí, 500 03 Hradec Králové, Česko",15.8500668,50.2149433
CZE,"Poštovní 38, 503 32 Hradec Králové, Česko",15.7897741,50.1745957
CZE,"870, Markova 781, Kukleny, 500 04 Hradec Králové, Česko",15.7862736,50.2046919
CZE,"Stránecká Zhoř 87, 594 42 Stránecká Zhoř, Česko",15.929624,49.3808197
CZE,"Jersín 80, 588 25 Jersín, Česko",15.8333,49.419703
CZE,"U Kostela 196, 671 25 Hodonice, Česko",16.1671531,48.8363198
CZE,"Rubešova 1250, 539 01 Hlinsko, Česko",15.9157356,49.763231
CZE,"Mladých 158, 530 09 Pardubice II, Česko",15.7644317,50.0503561
CZE,"Budovatelů 1229, 539 01 Hlinsko, Česko",15.9188751,49.7656077
CZE,"Javorová 177, 582 66 Krucemburk, Česko",15.8489373,49.6907551
CZE,"E. Beneše 627, 572 01 Polička, Česko",16.2644797,49.7109242
CZE,"Černohorská 68, 542 25 Janské Lázně, Česko",15.7773548,50.6306469
CZE,"Hamry nad Sázavou 133, 591 01 Hamry nad Sázavou, Česko",15.898518,49.5665551
CZE,"8.Května 39, 669 02 Kuchařovice, Česko",16.0764295,48.8759551
CZE,"Lhotky 42, 594 01 Velké Meziříčí, Česko",16.0627012,49.3548785
CZE,"Školní 412, 664 11 Zbýšov, Česko",16.3442593,49.1590548
CZE,"Vatín 81, 591 01 Vatín, Česko",15.9673093,49.5255098
CZE,"Pražská 1908, 568 02 Svitavy, Česko",16.4594796,49.760941
CZE,"592 12 Nížkov, Česko",15.7984949,49.5324167
CZE,"Dolní Rožínka 1, 592 51 Dolní Rožínka, Česko",16.2087902,49.4754986
CZE,"561 13 Sudslava, Česko",16.2896161,50.0381342
CZE,"Hradecká 1231/11B, 500 02 Hradec Králové, Česko",15.8325674,50.2023145
CZE,"Pešinova 146, 500 08 Hradec Králové, Česko",15.8558652,50.1773134
CZE,"518 03 Podbřezí, Česko",16.1894707,50.2588339
CZE,"Čestice 20, 517 41 Čestice, Česko",16.1433963,50.126213
CZE,"Lípa nad Orlicí 79, 517 21 Lípa nad Orlicí, Česko",16.100783,50.1339883
CZE,"Bílý Újezd 47, 518 01 Bílý Újezd, Česko",16.2254889,50.2383521
CZE,"Rokytno 73, 533 04 Rokytno, Česko",15.8880756,50.1050248
CZE,"Jiráskovo nám. 1166, 500 02 Hradec Králové, Česko",15.8105565,50.2059321
CZE,"Chleny 16, 517 45 Chleny, Česko",16.2467725,50.0788803
CZE,"Bolehošť 21, 517 31 Bolehošť, Česko",16.0790041,50.2074389
CZE,"Rychnov nad Kněžnou 60, 516 01 Rychnov nad Kněžnou, Česko",16.3191582,50.1550937
CZE,"M. Majerové 1910/13, 568 02 Svitavy, Česko",16.478362,49.7624145
CZE,"Větrná 655, 568 02 Svitavy, Česko",16.473876,49.748438
CZE,"Křižánky 92, 592 02 Křižánky, Česko",16.0649654,49.6859165
CZE,"Herálec 440, 592 01 Herálec, Česko",15.9892497,49.69095
CZE,"Makov 85, 570 01 Makov, Česko",16.1928515,49.8559248
CZE,"Lubná 34, 569 63 Lubná, Česko",16.2203299,49.7737392
CZE,"Javorník 61, 568 02 Javorník, Česko",16.428021,49.781932
CZE,"Němčice 114, 561 18 Němčice, Česko",16.3458083,49.8909091
CZE,"Sádek 55, 572 01 Sádek, Česko",16.2270445,49.7055113
CZE,"Vojnův Městec 240, 591 01 Vojnův Městec, Česko",15.8725347,49.6803456
CZE,"201, 696 14 Hodonín, Česko",16.4390386,49.9161095
CZE,"539 73 Skuteč, Česko",15.9887235,49.8262703
CZE,"Československé armády 1645/9, Předměstí, 568 02 Svitavy, Česko",16.4638337,49.7550462
CZE,"Borová 34, 569 82 Borová, Česko",16.1710315,49.7312113
CZE,"Sídliště 274, 538 62 Hrochův Týnec, Česko",15.9090347,49.9607355
CZE,"Zálší 38, 565 01 Zálší, Česko",16.2410238,49.9654695
CZE,"Smetanova 728, 565 01 Choceň, Česko",16.2169649,50.003324
CZE,"Jenišovice 67, 538 64 Jenišovice, Česko",16.0318961,49.9314509
CZE,"562 01 Orlické Podhůří, Česko",16.3574873,49.9903592
CZE,"Dobříkov 89, 566 01 Dobříkov, Česko",16.1296491,50.0033854
CZE,"Lidická 688, Litomyšlské Předměstí, 566 01 Vysoké Mýto, Česko",16.151962,49.9459453
CZE,"Ústí nad Orlicí 8, 562 01 Ústí nad Orlicí, Česko",16.4487742,49.9588559
CZE,"Choustníkovo Hradiště 161, 544 42 Choustníkovo Hradiště, Česko",15.8801589,50.4217107
CZE,"Skuhrov nad Bělou 71, 517 03 Skuhrov nad Bělou, Česko",16.290441,50.227449
CZE,"Nová čtvrť 118, 552 11 Velichovky, Česko",15.8425844,50.3579696
CZE,"Voděrady 2, 517 34 Voděrady, Česko",16.1519111,50.2091988
CZE,"Smiřických, 549 01 Náchod, Česko",16.162206,50.4214728
CZE,"Hradní 71, 549 22 Nový Hrádek, Česko",16.2412105,50.3582852
CZE,"Ostřetín 70, 534 01 Ostřetín, Česko",16.0281751,50.0452122
CZE,"Dubenec 30, 544 55 Dubenec, Česko",15.7991332,50.37643
CZE,"316, 517 41 Svídnice, Česko",16.222753,50.0865099
CZE,"517 23 Žďár nad Orlicí, Česko",16.0702437,50.1169051
CZE,"Sebranice 297, 516 01 Vamberk, Česko",16.3108289,50.1183278
CZE,"675 54 Dalešice, Česko",16.0822011,49.1298592
CZE,"Ríšova 43, 664 81 Ostrovačice, Česko",16.4099575,49.2106696
CZE,"Bartuškova 700, 674 01 Třebíč, Česko",15.8660658,49.2085292
CZE,"Družstevní 213, 538 54 Luže, Česko",16.0313431,49.8908003
CZE,"Sokolská, 675 55 Hrotovice, Česko",16.0595655,49.1045787
CZE,"Vrchlického 145, 572 01 Polička, Česko",16.2620328,49.7132908
CZE,"Československé armády 1408, 539 01 Hlinsko, Česko",15.9210778,49.7633889
CZE,"Svratouch 237, 539 42 Svratouch, Česko",16.0321669,49.7256801
CZE,"Dolní Újezd 342, 569 61 Dolní Újezd, Česko",16.2535006,49.8261903
CZE,"60, Štěpánov, 539 73 Olomouc, Česko",15.9971769,49.8602214
CZE,"Purkyňovo nám. 133, 674 01 Třebíč, Česko",15.8894363,49.2121976
CZE,"Litomyšl 27, 570 01 Litomyšl, Česko",16.3072664,49.8293256
CZE,"Silnice II/358 358, 539 45 Nové Hrady, Česko",16.1249722,49.8390496
CZE,"Slatiňanská 276, 538 25 Nasavrky, Česko",15.805343,49.8442908
CZE,"Telecí 178, 569 94 Telecí, Česko",16.1815566,49.6952123
CZE,"Unnamed Road, 570 01 Litomyšl, Česko",16.3076339,49.8686998
CZE,"Pustá Kamenice 118, 569 82 Pustá Kamenice, Česko",16.0841792,49.7566587
CZE,"Švermova 669, 538 21 Slatiňany, Česko",15.819822,49.9181018
CZE,"592 64 Prosetín, Česko",16.4003983,49.5258955
CZE,"Budislav 136, 569 65 Budislav, Česko",16.1715674,49.8028817
CZE,"Santiniho 11, 591 02 Žďár nad Sázavou, Česko",15.935436,49.584043
CZE,"Santiniho 64, Žďár nad Sázavou 2, 591 02 Žďár nad Sázavou, Česko",15.9357262,49.5831095
CZE,"Křídla 52, 592 31 Křídla, Česko",16.1279972,49.5260051
CZE,"592 65 Rovečné, Česko",16.3522412,49.5750418
CZE,"Štěpánov nad Svratkou 159, 592 63 Štěpánov nad Svratkou, Česko",16.3382909,49.5091824
CZE,"Komenského 1804/9, 591 01 Žďár nad Sázavou, Česko",15.934908,49.5662235
CZE,"Havlíčkova 517, 533 74 Horní Jelení, Česko",16.087637,50.0473226
CZE,"Nádražní, 592 31 Nové Město na Moravě, Česko",16.080884,49.5678771
CZE,"Řečice 93, 592 33 Řečice, Česko",16.06867,49.5128513
CZE,"Chvalkovice 104, 552 04 Chvalkovice, Česko",15.9767594,50.4149053
CZE,"675 04 Hodov, Česko",15.9883967,49.2937069
CZE,"Koněšín 72, 675 02 Koněšín, Česko",16.0418092,49.189954
CZE,"Základní škola, 565 44 Sruby, Česko",16.1671312,49.9934042
CZE,"nám. Míru 111, 666 01 Tišnov, Česko",16.4228914,49.348758
CZE,"675 71 Náměšť nad Oslavou, Česko",16.1557447,49.2054564
CZE,"35433, 594 01 Velké Meziříčí, Česko",15.9986601,49.3919053
CZE,"Nemojov 150, 544 01 Nemojov, Česko",15.7688138,50.4608633
CZE,"Jehnědí 82, 562 01 Jehnědí, Česko",16.3119129,49.9719841
CZE,"U Hřiště 129, 594 42 Měřín, Česko",15.8877637,49.3931006
CZE,"U Školy 181, 664 84 Zastávka, Česko",16.3615255,49.1933395
CZE,"594 57 Vidonín, Česko",16.2211168,49.3806548
CZE,"Dolní Olešnice 41, 543 71 Dolní Olešnice, Česko",15.7121261,50.5242161
CZE,"Kočí 98, 538 61 Kočí, Česko",15.8571141,49.9507645
CZE,"675 03 Budišov, Česko",16.018829,49.2739631
CZE,"77, 592 31 Zubří, Česko",16.1214799,49.5705388
CZE,"Deblín 277, 664 75 Deblín, Česko",16.346278,49.316738
CZE,"Bří Čapků 138, 549 41 Červený Kostelec, Česko",16.081518,50.4829312
CZE,"Chotěvice 74, 543 76 Chotěvice, Česko",15.7680322,50.5215671
CZE,"Radima Drejsla, 518 01 Dobruška, Česko",16.1542904,50.2915009
CZE,"Vlasatice 3, 691 30 Vlasatice, Česko",16.4831602,48.9327573
CZE,"Tovární 167, 664 64 Dolní Kounice, Česko",16.468568,49.069613
CZE,"671 33 Mikulovice, Česko",16.0895718,48.9565562
CZE,"Švehlova 50, 544 01 Dvůr Králové nad Labem, Česko",15.8144172,50.4311816
CZE,"Jiráskova 461, 547 01 Náchod, Česko",16.1572565,50.4160146
CZE,"Višňové 228, 671 38 Višňové, Česko",16.1543591,48.9842279
CZE,"Lípová 398, 691 85 Dolní Dunajovice, Česko",16.5966667,48.8542411
CZE,"Tylovo nábř. 1140, 500 02 Hradec Králové, Česko",15.8233804,50.2077456
CZE,"Nové Město nad Metují 133, 549 01 Nové Město nad Metují, Česko",16.1426633,50.3695165
CZE,"Slavoňov 23, 549 01 Slavoňov, Česko",16.1978601,50.343444
CZE,"Hybešova 955, 691 23 Pohořelice, Česko",16.523386,48.9793281
CZE,"134, 671 33 Mikulovice, Česko",16.0894763,48.9565565
CZE,"671 61 Kyjovice, Česko",16.174961,48.9119024
CZE,"nám. Armády 1215/10, 669 02 Znojmo, Česko",16.056451,48.858633
CZE,"U Kostela 99, 671 25 Hodonice, Česko",16.1673908,48.8358247
CZE,"Skalice 108, 671 71 Skalice, Česko",16.224566,48.9622928
CZE,"U školky 259, 691 81 Březí, Česko",16.5688408,48.8185868
CZE,"Žižkovo nám. 1, 549 01 Nové Město nad Metují, Česko",16.1323905,50.3496284
CZE,"Dvůr Králové nad Labem 26, 544 04 Dvůr Králové nad Labem, Česko",15.8487098,50.4144027
CZE,"Dobruška 14, 518 01 Dobruška, Česko",16.1665305,50.3024467
CZE,"nám. Armády 1034, 669 02 Znojmo, Česko",16.0581369,48.8583953
CZE,"U školky 258, 691 81 Březí, Česko",16.5696371,48.8189226
CZE,"30118, 549 36 Stárkov, Česko",16.149414,50.5304256
CZE,"Brod nad Dyjí 148, 691 81 Brod nad Dyjí, Česko",16.5352174,48.8768891
CZE,"Jetřichov 126, 549 83 Jetřichov, Česko",16.2652812,50.614153
CZE,"Fučíkova 326, 549 54 Police nad Metují, Česko",16.2381528,50.5397938
CZE,"5. května 115, 549 83 Meziměstí, Česko",16.2392859,50.6264107
CZE,"Petrovice 10, 549 54 Velké Petrovice, Česko",16.2050174,50.51727
CZE,"Vernéřovice 146, 549 82 Vernéřovice, Česko",16.2250297,50.6159482
CZE,"Hasičská 231, 543 71 Hostinné, Česko",15.7250705,50.5387008
CZE,"Úprkova 1/27, 500 09 Hradec Králové, Česko",15.8539667,50.2051574
CZE,"Komenského 209, 517 50 Častolovice, Česko",16.1836898,50.1319972
CZE,"Pěčín 42, 517 57 Pěčín, Česko",16.4221762,50.1563342
CZE,"Slatina nad Zdobicí 45, 517 56 Slatina nad Zdobnicí-Slatina nad Zdobicí, Česko",16.3858615,50.1362825
CZE,"A. Jiráska, 543 71 Hostinné, Česko",15.7304441,50.5421538
CZE,"Husova 31, 517 24 Borohrádek, Česko",16.0828872,50.0969914
CZE,"Lhoty u Potštejna 45, 517 41 Lhoty u Potštejna, Česko",16.268226,50.056423
CZE,"Krupkova 148, 517 41 Kostelec nad Orlicí, Česko",16.2098477,50.1209135
CZE,"Kvasiny 142, 517 02 Kvasiny, Česko",16.2622604,50.2110199
CZE,"Skuhrov nad Bělou 138, 517 03 Skuhrov nad Bělou, Česko",16.2978943,50.2310288
CZE,"Třebechovice pod Orebem 65, 503 46 Třebechovice pod Orebem, Česko",15.9448548,50.2110694
CZE,"Mandysova 1434, 500 12 Hradec Králové, Česko",15.8425697,50.1943312
CZE,"Moravec 45, 592 54 Moravec, Česko",16.1433343,49.437525
CZE,"Tylova 1244, 564 01 Žamberk, Česko",16.4580503,50.0753871
CZE,"Jugoslávská 751, 517 54 Vamberk, Česko",16.2992006,50.1159797
CZE,"Chvojenec 115, 534 01 Chvojenec, Česko",15.9384758,50.1095636
CZE,"Tylova 955, 564 01 Žamberk, Česko",16.4574935,50.0767925
CZE,"Lično 43, 517 35 Lično, Česko",16.1705954,50.1778276
CZE,"Radostín nad Oslavou 136, 594 44 Radostín nad Oslavou, Česko",15.9589683,49.4647145
CZE,"Vír 58, 592 66 Vír, Česko",16.3234247,49.5572412
CZE,"588 25 Jersín, Česko",15.8144404,49.420282
CZE,"Dobrá Voda 96, 594 51 Dobrá Voda, Česko",16.0675238,49.394157
CZE,"Strážek 200, 592 53 Strážek, Česko",16.1912885,49.4404953
CZE,"3853, 592 51 Blažkov, Česko",16.2109475,49.4846198
CZE,"Uhřínovská 540, 594 01 Velké Meziříčí, Česko",15.9974618,49.3556161
CZE,"Široká 484, 664 91 Ivančice, Česko",16.3689009,49.1017125
CZE,"Rozseč nad Kunštátem 133, 679 73 Rozseč nad Kunštátem, Česko",16.4615571,49.5258164
CZE,"Choustníkovo Hradiště 37, 544 42 Choustníkovo Hradiště, Česko",15.8783338,50.4274886
CZE,"Horní Libochová 47, 594 51 Horní Libochová, Česko",16.1885613,49.4079246
CZE,"569 53 Cerekvice nad Loučnou, Česko",16.221694,49.901585
CZE,"Bobrová 14, 592 55 Bobrová, Česko",16.1174905,49.473867
CZE,"Velké Svatoňovice 326, 542 35 Velké Svatoňovice, Česko",16.0271324,50.5307193
CZE,"Sázava 80, 592 11 Sázava, Česko",15.852985,49.5571089
CZE,"591 01 Obyčtov, Česko",15.9971401,49.5013248
CZE,"Rovečné 197, 592 65 Rovečné, Česko",16.3590508,49.5760749
CZE,"Riegrova 717, 544 01 Dvůr Králové nad Labem, Česko",15.8132126,50.4284986
CZE,"Košumberk 37, 538 54 Luže, Česko",16.0301593,49.885556
CZE,"Moravské Bránice 74, 664 64 Moravské Bránice, Česko",16.437809,49.082421
CZE,"nám. Viléma Mrštíka 12, 664 81 Ostrovačice, Česko",16.4087121,49.2110299
CZE,"Semanínská 2094, 560 02 Česká Třebová, Česko",16.4474572,49.8938698
CZE,"Mrákotín 38, 539 01 Mrákotín, Česko",15.958535,49.8157479
CZE,"Vančurova 1345, 547 01 Náchod, Česko",16.1582738,50.414973
CZE,"Nemojov 100, 544 61 Nemojov, Česko",15.7543974,50.4640282
CZE,"Vítězná 12, 544 62 Vítězná, Česko",15.8032496,50.4869873
CZE,"Martinská 32, 675 73 Kralice nad Oslavou, Česko",16.2018659,49.1999363
CZE,"Lubná 301, 569 63 Lubná, Česko",16.2177838,49.7739005
CZE,"Rosice 97, 538 34 Rosice, Česko",15.9527803,49.9193355
CZE,"Provodov 6, 549 08 Provodov-Šonov, Česko",16.1109744,50.3864353
CZE,"664 91 Ivančice, Česko",16.319741,49.0848775
CZE,"Nové Bránice 131, 664 64 Nové Bránice, Česko",16.4386987,49.0740788
CZE,"Choustníkovo Hradiště 42, 544 42 Choustníkovo Hradiště, Česko",15.8764907,50.425282
CZE,"Nová Ves 18, 664 91 Nová Ves, Česko",16.309779,49.1089975
CZE,"Vladislav 76, 675 01 Vladislav, Česko",15.9889933,49.210306
CZE,"570 01 Strakov, Česko",16.3502901,49.8677314
CZE,"539 71 Holetín, Česko",15.9238568,49.793597
CZE,"U Sklárny 128, 539 52 Trhová Kamenice, Česko",15.8104288,49.7847382
CZE,"674 01 Třebíč, Česko",15.8763796,49.2060683
CZE,"Příbram na Moravě 102, 664 84 Příbram na Moravě, Česko",16.2969983,49.1950947
CZE,"Javorová 331, 582 66 Krucemburk, Česko",15.8496783,49.6909276
CZE,"Dolní Vilémovice 135, 675 52 Dolní Vilémovice, Česko",15.9781543,49.1552307
CZE,"36021, 568 02 Karle, Česko",16.366511,49.7660406
CZE,"Kojetice 76, 675 23 Kojetice, Česko",15.8154352,49.1573612
CZE,"Lidická 44, Záhradí, 570 01 Litomyšl, Česko",16.3207366,49.8708489
CZE,"Budovatelů 1203, 539 01 Hlinsko, Česko",15.9175023,49.7649525
CZE,"671 71 Skalice, Česko",16.216391,48.9632551
CZE,"Trboušany 70, 664 64 Trboušany, Česko",16.4638875,49.04836
CZE,"Skuteč 8, 539 73 Skuteč, Česko",15.9886476,49.8262124
CZE,"Bohutice 10, 671 76 Bohutice, Česko",16.3574811,48.9913733
CZE,"53941, 539 41 Kameničky, Česko",15.973184,49.731656
CZE,"Orel 71, 538 21 Orel, Česko",15.8386189,49.9196416
CZE,"Taussigova 402, 539 01 Hlinsko, Česko",15.9142539,49.7627692
CZE,"Horní Dunajovice 102, 671 34 Horní Dunajovice, Česko",16.1598139,48.9494974
CZE,"Horní Radechová 162, 549 46 Horní Radechová, Česko",16.1485614,50.4653758
CZE,"Větrník 999, 549 41 Červený Kostelec, Česko",16.0843637,50.4796488
CZE,"Náves 48, 671 32 Plaveč, Česko",16.0805055,48.9287339
CZE,"Nové Hrady 47, 539 45 Nové Hrady, Česko",16.1415434,49.8518503
CZE,"399, 671 39 Běhařovice, Česko",16.0746104,49.0118244
CZE,"Plickova 819, 542 32 Úpice, Česko",16.0193417,50.5105039
CZE,"Višňové 101, 671 38 Višňové, Česko",16.1422001,48.981279
CZE,"Horní Branná 257, 512 36 Horní Branná, Česko",15.5705696,50.6093002
CZE,"549 55 Žďár nad Metují, Česko",16.2123148,50.5394118
CZE,"Sudslava 52, 561 13 Sudslava, Česko",16.2872422,50.0407425
CZE,"Osová Bítýška 246, 594 53 Osová Bítýška, Česko",16.1712029,49.3241303
CZE,"Benátky 2041, 560 02 Česká Třebová, Česko",16.4487523,49.908831
CZE,"Stradouň 98, 538 63 Stradouň, Česko",16.0622867,49.9694082
CZE,"Čistá v Krkonoších 140, 543 44 Černý Důl, Česko",15.7073067,50.6158566
CZE,"351 351, 783 56 Čechtín, Česko",15.8163307,49.3034587
CZE,"Smetanova 321, 533 72 Moravany, Česko",15.9460035,49.9984624
CZE,"Radvanice 171, 542 12 Radvanice, Česko",16.0543524,50.567634
CZE,"Benecko 38, 514 01 Benecko, Česko",15.520492,50.6328532
CZE,"Horská 256, 543 02 Vrchlabí, Česko",15.6086611,50.6398265
CZE,"Lánice 300, 595 01 Velká Bíteš, Česko",16.2184157,49.2902075
CZE,"Vítkovice 28, 512 38 Vítkovice, Česko",15.5310595,50.6788576
CZE,"167, 675 05, Česko",15.9209097,49.295364
CZE,"Veverské Knínice 67, 664 81 Veverské Knínice, Česko",16.405831,49.2365822
CZE,"Ostřešany 25, 530 02 Ostřešany, Česko",15.7982155,49.9937232
CZE,"Chvaleč 66, 542 11 Chvaleč, Česko",16.0405022,50.5942214
CZE,"38527, 666 03 Sentice, Česko",16.4470375,49.3117152
CZE,"Spojovací 61, Dolní Staré Město, 541 01 Trutnov, Česko",15.8963419,50.570564
CZE,"Údolní 195, 669 02 Suchohrdly, Česko",16.0903509,48.8654619
CZE,"Žerotínova 60, 566 01 Vysoké Mýto, Česko",16.1641423,49.9508346
CZE,"5. května 64, 530 03 Pardubice IV-Nemošice, Česko",15.7981123,50.0102152
CZE,"Svatoplukova 277, 691 83 Drnholec, Česko",16.4864467,48.8601042
CZE,"Hostovická 26, 533 01 Pardubice IV-Černá za Bory, Česko",15.8315514,50.0248497
CZE,"Náměstí 108, 671 28 Jaroslavice, Česko",16.232362,48.7567742
CZE,"Školská 279, 503 02 Předměřice nad Labem, Česko",15.8127346,50.255896
CZE,"Novosedly 108, 691 82 Novosedly, Česko",16.4971889,48.8312754
CZE,"Bartoňova 951, 547 01 Náchod, Česko",16.1646237,50.4064279
CZE,"Rasošky, 55221, 552 21, Česko",15.9080597,50.3203581
CZE,"Malé meziříčí 257, 517 71 České Meziříčí, Česko",16.014488,50.2977592
CZE,"Hrušovanská 31, 691 83 Drnholec, Česko",16.4798796,48.8550273
CZE,"Číbuz 2, 503 03 Skalice, Česko",15.8835813,50.2825168
CZE,"Krupkova 1411, 517 41 Kostelec nad Orlicí, Česko",16.2111004,50.1200637
CZE,"Březinova 669, 547 01 Náchod, Česko",16.1709115,50.4137095
CZE,"Písečná 2, 561 70 Písečná, Česko",16.445979,50.0437619
CZE,"Tyršova, 503 46 Třebechovice pod Orebem, Česko",15.9878322,50.2026894
CZE,"Černíkovice 195, 517 04 Černíkovice, Česko",16.2131867,50.1900234
CZE,"Lipská 259, 517 21 Týniště nad Orlicí, Česko",16.0739004,50.146952
CZE,"Hejnice 60, 564 01 Hejnice, Česko",16.3985962,50.0555786
CZE,"Helvíkovice 165, 564 01 Helvíkovice, Česko",16.4420613,50.0937384
CZE,"Rohenice 43, 517 71 Rohenice, Česko",16.0320647,50.3082689
CZE,"Lípa nad Orlicí 139, 517 21 Lípa nad Orlicí, Česko",16.0974609,50.1361626
CZE,"Voděrady 92, 517 34 Voděrady, Česko",16.147677,50.208673
CZE,"U Školky 230, 533 75 Dolní Ředice, Česko",15.9219897,50.0801509
CZE,"4 Liberk, Česko",16.342242,50.1988745
CZE,"Trnov 54, 518 01 Trnov, Česko",16.1675749,50.2285423
CZE,"Koldín 21, 565 01 Koldín, Česko",16.2517078,50.0358878
CZE,"Sopotnice 312, 561 15 Sopotnice, Česko",16.3468972,50.0588798
CZE,"Ráby 100, 533 52 Ráby, Česko",15.8033663,50.0741936
CZE,"Nová Ves u Nového Města na Moravě 156, 592 31 Nová Ves u Nového Města na Moravě, Česko",16.0841249,49.5399471
CZE,"Železné 200, 666 01 Železné, Česko",16.4539602,49.3630436
CZE,"Na Kopcích 342, 674 01 Třebíč, Česko",15.9023073,49.2191895
CZE,"Drobného 540, 592 31 Nové Město na Moravě, Česko",16.07749,49.567559
CZE,"Velké Meziříčí 127, 594 01 Velké Meziříčí, Česko",16.0139996,49.377591
CZE,"K Novému nádraží, 594 01 Velké Meziříčí, Česko",16.0207866,49.3480717
CZE,"Zahrady 205, 664 84 Babice u Rosic, Česko",16.3522071,49.1734658
CZE,"675 57 Rouchovany, Česko",16.1046063,49.0708293
CZE,"Němčice 124, 561 18 Němčice, Česko",16.3460912,49.8915563
CZE,"Prosetín 70, 592 64 Prosetín, Česko",16.391353,49.5261148
CZE,"Makov 113, 570 01 Makov, Česko",16.1926101,49.8555959
CZE,"Třebíčská, 675 73 Kralice nad Oslavou, Česko",16.2002641,49.1980921
CZE,"Třebenice 58, 675 52 Třebenice, Česko",16.0166898,49.1627178
CZE,"Hanělova, 674 01 Třebíč, Česko",15.8735943,49.2189765
CZE,"594 01 Velké Meziříčí, Česko",16.0616482,49.3557959
CZE,"Karle 4, 568 02 Karle, Česko",16.3696639,49.766921
CZE,"594 55 Dolní Loučky, Česko",16.3522994,49.3600782
CZE,"Radešínská Svratka 95, 592 33 Radešínská Svratka, Česko",16.0884749,49.507542
CZE,"č.p. 301, 569 63 Lubná, Česko",16.217785,49.7739003
CZE,"Březník 89, 675 74 Březník, Česko",16.1967551,49.1723415
CZE,"Lukavice 127, 538 21 Lukavice, Česko",15.8338392,49.8878675
CZE,"Hartvíkovice 90, 675 76 Hartvíkovice, Česko",16.0857294,49.1723413
CZE,"Radiměř 440, 569 07 Radiměř, Česko",16.4390854,49.6999235
CZE,"592 52 Rožná, Česko",16.2464185,49.4703793
CZE,"Chrudimská 77, 582 63 Ždírec nad Doubravou, Česko",15.8149144,49.6975341
CZE,"592 55 Bobrová, Česko",16.1161037,49.4788705
CZE,"594 42 Stránecká Zhoř, Česko",15.9005279,49.3742176
CZE,"Kojetice 131, 675 23 Kojetice, Česko",15.8169936,49.1584969
CZE,"Dukovany 43, 675 56 Dukovany, Česko",16.1921602,49.0812301
CZE,"U Koupaliště 610, 560 02 Česká Třebová, Česko",16.4332058,49.9024278
CZE,"Olší nad Oslavou 41, 594 01 Velké Meziříčí, Česko",15.9920028,49.4030635
CZE,"Hliníky 108, 679 74 Olešnice, Česko",16.4242708,49.5595388
CZE,"Příluka 61, 539 44 Příluka, Česko",16.1614396,49.8651438
CZE,"Filcíkova 571, 538 51 Chrast, Česko",15.9390499,49.9025449
CZE,"mjr. Nováka 7, 664 91 Ivančice, Česko",16.3664285,49.1045246
CZE,"Hlavní 71, 664 91 Neslovice, Česko",16.3877516,49.1449524
CZE,"Desná 124, 570 01 Desná, Česko",16.2228023,49.8076503
CZE,"Havlíčkova, 533 74 Horní Jelení, Česko",16.0870418,50.047464
CZE,"Borová 106, 569 82 Borová, Česko",16.1633627,49.7375802
CZE,"Trstěnická 647, Město, 570 01 Litomyšl, Česko",16.3213977,49.8629604
CZE,"Trnava 74, 674 01 Trnava, Česko",15.9259891,49.2515563
CZE,"kap. Svatoně 4, 539 74 Předhradí, Česko",16.0404674,49.8338747
CZE,"Sportovní 1794, 594 01 Velké Meziříčí, Česko",16.0043581,49.3590854
CZE,"Libchavy 140, 561 16 Libchavy, Česko",16.3847764,50.0107468
CZE,"Václavská 570, Chrudim II, 537 01 Chrudim, Česko",15.8073604,49.9422675
CZE,"Jiráskova 95, 570 01 Litomyšl, Česko",16.3114553,49.8734248
CZE,"Luďka Matury 653, 530 12 Pardubice III, Česko",15.8049824,50.0419872
CZE,"Perálec 71, 539 44 Perálec, Česko",16.0817808,49.8266554
CZE,"Na Stráňově 1127, 666 02 Předklášteří, Česko",16.4017969,49.350343
CZE,"542 21 Pec pod Sněžkou, Česko",15.7344695,50.695305
CZE,"Hegerova 427, Horní Předměstí, 572 01 Polička, Česko",16.2792357,49.719126
CZE,"Kubišova 1291, 674 01 Třebíč, Česko",15.8891509,49.2066998
CZE,"Dolní Lánov 222, 543 41 Dolní Lánov, Česko",15.6628286,50.59057
CZE,"Hajnice 207, 544 66 Hajnice, Česko",15.9076313,50.4883083
CZE,"Brněnská 81, 664 41 Omice, Česko",16.4506894,49.1684955
CZE,"Chroustovice 172, 538 63 Chroustovice, Česko",15.9918001,49.9543821
CZE,"Ústí nad Orlicí 96, 562 01 Ústí nad Orlicí, Česko",16.4262162,49.9849101
CZE,"Tuněchody 4, 537 01 Tuněchody, Česko",15.8392104,49.9794716
CZE,"30119, 542 34 Jívka, Česko",16.1093675,50.5321265
CZE,"Úhřetice 52, 538 32 Úhřetice, Česko",15.8620532,49.9786707
CZE,"Kaštanová 1339, 565 01 Choceň, Česko",16.2123224,49.999629
CZE,"Sentice 71, 666 03 Sentice, Česko",16.4447605,49.3140616
CZE,"Chvaleč 136, 542 11 Chvaleč, Česko",16.0410175,50.5948964
CZE,"Rooseveltova 82, 549 57 Teplice nad Metují, Česko",16.1657554,50.5947283
CZE,"Libotov 11, 544 01 Libotov, Česko",15.8110203,50.4010062
CZE,"P. Jilemnického 420, 503 01 Hradec Králové, Česko",15.8042544,50.2252879
CZE,"671 61 Prosiměřice, Česko",16.1930498,48.9022238
CZE,"671 72 Suchohrdly u Miroslavi, Česko",16.3634446,48.942482
CZE,"Libňatov 40, 542 36 Libňatov, Česko",15.9986695,50.4831951
CZE,"Družstevní 190, 503 04 Černožice, Česko",15.8729817,50.3189384
CZE,"Smetanova 1682, 565 01 Choceň, Česko",16.2173897,50.0031223
CZE,"Deblín 270, 664 75 Deblín, Česko",16.3459062,49.3192179
CZE,"Rudíkov 167, 675 05 Rudíkov, Česko",15.9505967,49.289264
CZE,"Vlčice 193, 541 01 Vlčice, Česko",15.8181888,50.5678388
CZE,"Vémyslice 34, 671 42 Vémyslice, Česko",16.256962,49.0227874
CZE,"Val 14, 518 01 Dobruška, Česko",16.1814247,50.3118203
CZE,"Vítězná 138, Horní Předměstí, 541 01 Trutnov, Česko",15.9034375,50.5614028
CZE,"Slovenská 1683, 669 02 Znojmo, Česko",16.0414627,48.8601693
CZE,"Kocbeře 20, 544 64 Kocbeře, Česko",15.8618891,50.4633127
CZE,"Hradní 102, 549 22 Nový Hrádek, Česko",16.2418077,50.357813
CZE,"671 77 Branišovice, Česko",16.425589,48.9667028
CZE,"Dvořákova 728, 544 01 Dvůr Králové nad Labem, Česko",15.8090777,50.4237536
CZE,"549 06 Bohuslavice, Česko",16.0867203,50.3123977
CZE,"Hrušovanská 46, 691 83 Drnholec, Česko",16.4804106,48.8547177
CZE,"Brněnská 52, 671 82 Dobšice, Česko",16.0865162,48.8487243
CZE,"Ke Škole 569/15, 669 04 Znojmo, Česko",16.0328538,48.8807213
CZE,"Kladská 335, 547 01 Náchod, Česko",16.1728108,50.4191177
CZE,"Husova 54, 671 72 Miroslav, Česko",16.3058615,48.9452758
CZE,"Bačetín 86, 518 01 Bačetín, Česko",16.2353736,50.3004314
CZE,"Školní 124, 503 03 Holohlavy, Česko",15.859246,50.3071439
CZE,"Jasenná 215, 552 22 Jasenná, Česko",15.9920858,50.3165193
CZE,"30110, 549 52 Adršpach, Česko",16.0697773,50.6208255
CZE,"Horní promenáda 268/268, 542 25 Janské Lázně, Česko",15.7803611,50.627924
CZE,"671 26 Dyjákovice, Česko",16.3114721,48.7711374
CZE,"Mladé Buky 315, 542 23 Mladé Buky, Česko",15.8346058,50.6077408
CZE,"671 81 Nový Šaldorf-Sedlešovice, Česko",16.0608929,48.8299326
CZE,"Pec pod Sněžkou 214, 542 21 Pec pod Sněžkou, Česko",15.7391583,50.6952553
CZE,"Dobré 139, 517 93 Dobré, Česko",16.2624988,50.2712931
CZE,"Skalice 20, 503 03 Skalice, Česko",15.884872,50.283348
CZE,"Kršovka 478, 503 03 Smiřice, Česko",15.8642888,50.3019101
CZE,"Leska Horní 19, 669 02 Znojmo, Česko",16.383746,48.8071275
CZE,"Dělnická 309, 541 01 Trutnov, Česko",15.9057201,50.5614586
CZE,"Rašínova 600, 549 01 Nové Město nad Metují, Česko",16.1468698,50.3532489
CZE,"Dolany 32, 552 01 Dolany, Česko",15.9590878,50.3813868
CZE,"543 02 Vrchlabí, Česko",15.6073781,50.6466705
CZE,"Znojemská 45, 669 02 Kuchařovice, Česko",16.0781676,48.8755423
CZE,"Klášterní, 671 81 Znojmo, Česko",16.0595746,48.8434211
CZE,"Čermná 129, 543 71 Čermná, Česko",15.7694625,50.5659913
CZE,"Jiráskova 596, 533 04 Sezemice, Česko",15.8550628,50.0641475
CZE,"Polom 52, 517 41 Polom, Česko",16.3080737,50.0601416
CZE,"Božice 393, 671 64 Božice, Česko",16.2908883,48.8338559
CZE,"Školní 81, 542 25 Janské Lázně, Česko",15.7770839,50.6310524
CZE,"Brněnská 268, 500 06 Hradec Králové, Česko",15.8503906,50.1881919
CZE,"Kostelní 221, 671 68 Hrabětice, Česko",16.3928059,48.7977357
CZE,"Mánesova 987, 517 41 Kostelec nad Orlicí, Česko",16.2186686,50.1196748
CZE,"Tasovice 374, 671 25 Tasovice, Česko",16.1591551,48.8385529
CZE,"Na Drahách 129, 516 01 Rychnov nad Kněžnou, Česko",16.2775861,50.1605405
CZE,"Kameničná 11, 564 01 Kameničná, Česko",16.4343507,50.1213308
CZE,"Brněnská, 671 82 Dobšice, Česko",16.0871717,48.8501865
CZE,"Za Universitou 875, 518 01 Dobruška, Česko",16.1651471,50.2909489
CZE,"Veverkova 1495, 500 02 Hradec Králové, Česko",15.8160567,50.2009065
CZE,"Albertova 767/9, 500 02 Hradec Králové, Česko",15.8164789,50.2087398
CZE,"Žďárec 42, 594 56 Žďárec, Česko",16.2670282,49.3799151
CZE,"Radňovice 54, 592 31 Nové Město na Moravě, Česko",16.0354542,49.5649967
CZE,"Oslavice 67, 594 01 Oslavice, Česko",15.9995955,49.3390194
CZE,"Bohdalov 205, 592 13 Bohdalov, Česko",15.8735919,49.48248
CZE,"Bohdalec 80, 592 55 Bohdalec, Česko",16.0562866,49.4760332
CZE,"Haškova 1150, 591 01 Žďár nad Sázavou, Česko",15.9428448,49.5559799
CZE,"Havlíčkovo nám. 287/46, Žďár nad Sázavou 1, 591 01 Žďár nad Sázavou, Česko",15.939103,49.5643012
CZE,"Dříteč 44, 533 05 Dříteč, Česko",15.8088074,50.1047071
CZE,"Písečné 30, 593 01 Písečné, Česko",16.2355259,49.5674553
CZE,"Nádražní 421, 593 01 Bystřice nad Pernštejnem, Česko",16.2577707,49.5196547
CZE,"Věchnov 73, 593 01 Věchnov, Česko",16.2789152,49.4993908
CZE,"Borač 47, 592 61 Borač, Česko",16.3608019,49.4004997
CZE,"Ostrov nad Oslavou 207, 594 45 Ostrov nad Oslavou, Česko",15.9858692,49.4901352
CZE,"Tyršova 280, 517 54 Vamberk, Česko",16.2892032,50.1138297
CZE,"Vidonín 36, 594 57 Vidonín, Česko",16.2228145,49.3784263
CZE,"Družstevní 366, 538 54 Luže, Česko",16.0312857,49.89042
CZE,"Smetanova 964, 665 01 Rosice, Česko",16.3959013,49.1810025
CZE,"Komenského 325, 664 84 Zbraslav, Česko",16.2926074,49.2216251
CZE,"56951, 569 51 Morašice, Česko",16.216095,49.865027
CZE,"Husova čtvrť 1070, 665 01 Rosice, Česko",16.4012889,49.1806572
CZE,"Horní Sloupnice 270, 565 53 Sloupnice, Česko",16.3097885,49.9213492
CZE,"Sportovní 965, 664 12 Oslavany, Česko",16.3350351,49.1255129
CZE,"Pavla Perky 315, 664 71 Veverská Bítýška, Česko",16.4385403,49.2765287
CZE,"Vendolí 135, 569 14 Vendolí, Česko",16.4144354,49.7401342
CZE,"Horní Újezd 143, 570 01 Horní Újezd, Česko",16.2327128,49.805245
CZE,"Mohelno 397, 675 75 Mohelno, Česko",16.1903694,49.1177293
CZE,"E. F. Buriana 680, 675 71 Náměšť nad Oslavou, Česko",16.1481509,49.2099496
CZE,"č.p. 40, 569 62 Sebranice, Česko",16.2535316,49.7692094
CZE,"Květná 92, 572 01 Květná, Česko",16.3460794,49.7362522
CZE,"Hodov 17, 675 04 Hodov, Česko",15.9905974,49.2927042
CZE,"Záměstí 154, 565 01 Choceň, Česko",16.2231577,50.00269
CZE,"Sokolská 37, 664 83 Přibyslavice, Česko",16.2629569,49.2793234
CZE,"Palackého nám. 181, 572 01 Polička, Česko",16.2661316,49.7150641
CZE,"Sídliště 337, 538 62 Hrochův Týnec, Česko",15.9084034,49.961421
CZE,"Pardubická 992, 534 01 Holice, Česko",15.9800963,50.0674069
CZE,"Heranova 1348, 562 06 Ústí nad Orlicí, Česko",16.4070504,49.9737352
CZE,"561 14 České Libchavy, Česko",16.3730729,50.0323479
CZE,"Heřmanice 4, 552 12 Heřmanice, Česko",15.9325201,50.3877771
CZE,"Žižkova 277, Horní Předměstí, 541 01 Trutnov, Česko",15.9065575,50.5595817
CZE,"Rooseveltova 106, 549 57 Teplice nad Metují, Česko",16.1676088,50.594749
CZE,"Alšova 952, 547 01 Náchod, Česko",16.1710928,50.4130662
CZE,"Komenského 577, 518 01 Dobruška, Česko",16.1595623,50.2909688
CZE,"2, 544 01, Česko",15.7950653,50.4257284
CZE,"Tyršova 374, 561 12 Brandýs nad Orlicí, Česko",16.2867864,50.0028525
CZE,"Sadová 440, 533 03 Dašice, Česko",15.9161206,50.0261822
CZE,"Nerudova 136, Hylváty, 562 03 Ústí nad Orlicí, Česko",16.400798,49.9641743
CZE,"Červená Hora 58, 549 41 Červená Hora, Česko",16.0585577,50.4479645
CZE,"Javornická 1379, 516 01 Rychnov nad Kněžnou, Česko",16.2806193,50.1643202
CZE,"S. K. Neumanna 1022, 672 01 Moravský Krumlov, Česko",16.321075,49.0369085
CZE,"Školská 71, 564 01 Dlouhoňovice, Česko",16.4411795,50.0705466
CZE,"Dobřínsko 121, 672 01 Dobřínsko, Česko",16.2609151,49.0538826
CZE,"Staroholická 236, 534 01 Holice, Česko",16.0165855,50.0733375
CZE,"Bezručova 154, 671 68 Šanov, Česko",16.3713214,48.8012423
CZE,"Slunečná 220, 566 01 Vysoké Mýto, Česko",16.1550623,49.9568679
CZE,"Lhotecká 39, 500 09 Hradec Králové, Česko",15.8845425,50.2081994
CZE,"Rudník 407, 543 72 Rudník, Česko",15.725477,50.5756068
CZE,"544 74 Horní Brusnice, Česko",15.6851746,50.4742179
CZE,"Prašingerova 96, Nový Hradec Králové, 500 08 Hradec Králové, Česko",15.8542713,50.1771457
CZE,"Benecko 148, 512 37 Benecko, Česko",15.5487168,50.6665388
CZE,"Náchodská 359, 541 01 Trutnov, Česko",15.9275493,50.5657383
CZE,"č.p. 201, 533 71 Dolní Roveň, Česko",15.977239,50.0251758
CZE,"Chleny 39, 517 45 Chleny, Česko",16.2403142,50.0777978
CZE,"Trstěnice 200, 671 71 Trstěnice, Česko",16.195108,48.9848436
CZE,"Na Drahách 736, 542 33 Rtyně v Podkrkonoší, Česko",16.072562,50.5072821
CZE,"Jezeřany-Maršovice 143, 671 75 Jezeřany-Maršovice, Česko",16.4300904,49.0330151
CZE,"Jeníkovice 25, 503 46 Jeníkovice, Česko",16.0025046,50.2287395
CZE,"Těšetická 124, 669 02 Suchohrdly, Česko",16.0950296,48.8680703
CZE,"Škroupova 693, 500 02 Hradec Králové, Česko",15.8257327,50.2149331
CZE,"Hostovice 30, 530 02 Pardubice VIII, Česko",15.8648058,50.0031874
CZE,"Branišovice 58, 671 77 Branišovice, Česko",16.4317629,48.9621355
CZE,"541 01 Trutnov, Česko",15.9858309,50.5782319
CZE,"Náchodská 270, 549 41 Červený Kostelec, Česko",16.0954755,50.4760374
CZE,"Kampanova 1488/1, 500 02 Hradec Králové, Česko",15.817715,50.2052649
CZE,"Česká Metuje 10, 549 56 Česká Metuje, Česko",16.1791856,50.546214
CZE,"Bohutice 8, 671 76 Bohutice, Česko",16.3582947,48.9913911
CZE,"671 78 Borotice, Česko",16.2425388,48.8570379
CZE,"Heldovo nám. 593, 503 46 Třebechovice pod Orebem, Česko",15.9870769,50.2013662
CZE,"Štefánikova 397, 566 01 Vysoké Mýto, Česko",16.1580097,49.9481864
CZE,"Hrušovanská 149, 671 68 Hrabětice, Česko",16.3947017,48.7962848
CZE,"Za Sokolovnou 9, 671 82 Dobšice, Česko",16.083095,48.8481775
CZE,"Na Zavadilce 647, 551 01 Jaroměř, Česko",15.9122609,50.3467599
CZE,"Mladé Buky 160, 542 23 Mladé Buky, Česko",15.8336059,50.6064486
CZE,"Na Vršku 495, 671 67 Hrušovany nad Jevišovkou, Česko",16.3965625,48.8314703
CZE,"Malá Ulička 89, 542 26 Horní Maršov, Česko",15.8225337,50.6571353
CZE,"Polská 304, 547 01 Náchod, Česko",16.1843807,50.4210679
CZE,"Oleksovice 70, 671 62 Oleksovice, Česko",16.2451837,48.9034762
CZE,"Záměl 126, 517 43 Záměl, Česko",16.2980713,50.0961172
CZE,"Holandská 2718, 671 81 Znojmo, Česko",16.0645109,48.8427705
CZE,"Strachotice 63, 671 29 Strachotice, Česko",16.1742602,48.7957381
CZE,"Jana Pitry 654, 517 73 Opočno, Česko",16.113436,50.2711444
CZE,"Bohuslavická 97, 541 01 Trutnov, Česko",15.9353517,50.5595633
CZE,"Kryblická 423, Kryblice, 541 01 Trutnov, Česko",15.9220536,50.5619399
CZE,"Hevlín 361, 671 69 Hevlín, Česko",16.3808198,48.7554549
CZE,"5. května 402, 542 24 Svoboda nad Úpou, Česko",15.8165865,50.6235311
CZE,"Švendova 1127, 500 03 Hradec Králové, Česko",15.8430046,50.2115798
CZE,"671 65 Břežany, Česko",16.3545568,48.8728594
CZE,"Horní Lánov 87, 543 41 Lánov, Česko",15.6583727,50.6404372
CZE,"Knappova 811, 551 01 Jaroměř, Česko",15.9154366,50.3539886
CZE,"Kostelní 560, 542 24 Svoboda nad Úpou, Česko",15.8148536,50.6249725
CZE,"Vrbovec 143, 671 24 Vrbovec, Česko",16.1026319,48.798976
CZE,"Tasovice 253, 671 25 Tasovice, Česko",16.1498534,48.8367419
CZE,"Pod Výrovem 1062, 549 01 Nové Město nad Metují, Česko",16.1556651,50.3426338
CZE,"Letná 1114, 543 01 Vrchlabí, Česko",15.6073611,50.6238139
CZE,"Hrádek 53, 671 27 Hrádek, Česko",16.2677502,48.7727248
CZE,"Valtrovice 12, 671 28 Valtrovice, Česko",16.2241305,48.7939333
CZE,"Strachotice 282, 671 29 Strachotice, Česko",16.1827151,48.7949788
CZE,"Pomezí 283, 569 71 Pomezí, Česko",16.2979332,49.7158985
CZE,"Riegrova 7, 572 01 Polička, Česko",16.2624566,49.7132097
CZE,"č.p. 197, 569 53 Cerekvice nad Loučnou, Česko",16.2144307,49.8999038
CZE,"Poděšín 45, 592 12 Poděšín, Česko",15.8005943,49.5079906
CZE,"Luční 394, 572 01 Polička, Česko",16.2594561,49.7165122
CZE,"Janov 246, 569 55 Janov, Česko",16.3829189,49.8433756
CZE,"Pomezí 102, 569 71 Pomezí, Česko",16.3276283,49.7092328
CZE,"Okružní 753, 593 01 Bystřice nad Pernštejnem, Česko",16.2490903,49.5249758
CZE,"Osík 239, 569 67 Osík, Česko",16.2830168,49.842336
CZE,"Na Rybníčku 1700, 666 01 Tišnov, Česko",16.4313197,49.3458297
CZE,"Vídeň 116, 594 01 Velké Meziříčí, Česko",16.0296493,49.3905188
CZE,"Osová Bítýška 16, 594 53 Osová Bítýška, Česko",16.217259,49.3446588
CZE,"Uhřínov 25, 594 41 Uhřínov, Česko",15.9372327,49.3496474
CZE,"592 57 Rozsochy, Česko",16.1972475,49.5250694
CZE,"Holubova 39, 534 01 Holice, Česko",15.9897176,50.0709899
CZE,"Hnátnice 1, 561 01 Hnátnice, Česko",16.4477253,50.0157958
CZE,"Kvasinská 553, 517 01 Solnice, Česko",16.2434958,50.2063887
CZE,"Zvole 1, 552 25 Rychnovek, Česko",15.9743826,50.3643297
CZE,"Tyršova 110, 664 17 Tetčice, Česko",16.4036696,49.1719492
CZE,"Nížkov 140, 592 12 Nížkov, Česko",15.8081165,49.5309054
CZE,"Sokolská 165, 562 04 Ústí nad Orlicí, Česko",16.3686401,49.9700567
CZE,"Čechova 1523, 594 01 Velké Meziříčí, Česko",16.0216672,49.3542354
CZE,"Čajkovského 1093, 500 09 Hradec Králové, Česko",15.8592347,50.1981972
CZE,"Havířská 145, 664 84 Zastávka, Česko",16.3533165,49.1886529
CZE,"570 01 Sedliště, Česko",16.2780416,49.892874
CZE,"Veselská 1088, 591 01 Žďár nad Sázavou, Česko",15.932387,49.5583968
CZE,"Na Valech 693, Chrudim II, 537 01 Chrudim, Česko",15.8006581,49.9485629
CZE,"Pavla Perky 333, 664 71 Veverská Bítýška, Česko",16.4394479,49.2768112
CZE,"Nová Ves 225, 664 91 Nová Ves, Česko",16.3130974,49.1063853
CZE,"5, Brodská 776, 591 01 Žďár nad Sázavou, Česko",15.9324771,49.5644821
CZE,"Lidická 1056, 570 01 Litomyšl, Česko",16.3176242,49.869769
CZE,"Školní 93, 664 91 Neslovice, Česko",16.3874837,49.1461243
CZE,"17. listopadu 259, 542 34 Malé Svatoňovice, Česko",16.0480885,50.5337514
CZE,"Lukovany 95, 664 84 Lukovany, Česko",16.2932716,49.1629568
CZE,"U Stadionu 602, 560 02 Česká Třebová, Česko",16.4394276,49.9089293
CZE,"Vítkova 354, Běloves, 547 01 Náchod, Česko",16.1858115,50.4202465
CZE,"Petrovice 74, 672 01 Petrovice, Česko",16.2895572,49.0084926
CZE,"Vedrovice 290, 671 75 Vedrovice, Česko",16.3744016,49.0217959
CZE,"Velký Dřevíč 20, 549 34 Hronov, Česko",16.1837733,50.497043
CZE,"Krausova 315, 549 32 Velké Poříčí, Česko",16.1811235,50.4626809
CZE,"Rybníky 156, 672 01 Rybníky, Česko",16.2781762,49.0270372
CZE,"Elišky Krásnohorské 2428, 544 01 Dvůr Králové nad Labem, Česko",15.8044492,50.4362105
CZE,"Hronov 210, 549 31 Hronov, Česko",16.1678222,50.4809407
CZE,"Úvoz 172, 664 83 Domašov, Česko",16.3479702,49.241361
CZE,"Studnice 110, 549 48 Studnice, Česko",16.0884192,50.4184167
CZE,"Suchovršice 122, 542 32 Suchovršice, Česko",15.9988355,50.5246098
CZE,"Vladislav 50, 675 01 Vladislav, Česko",15.9909184,49.20985
CZE,"Lanžov 2, 544 01 Dvůr Králové nad Labem, Česko",15.7603675,50.3872856
CZE,"Svatoslav 113, 666 01 Svatoslav, Česko",16.3083711,49.3019304
CZE,"Níhov 71, 594 55 Níhov, Česko",16.2663052,49.3361976
CZE,"U Stadionu, 595 01 Velká Bíteš, Česko",16.2218127,49.2948381
CZE,"Sudice 115, 675 73 Sudice, Česko",16.2408432,49.180804
CZE,"Slunečná 2792, 544 01 Dvůr Králové nad Labem, Česko",15.8201573,50.4395407
CZE,"Havlíčkova 520, 549 31 Hronov, Česko",16.179451,50.4745055
CZE,"Vlčice 77, 541 01 Vlčice, Česko",15.818243,50.5677897
CZE,"Plickova 781, 542 32 Úpice, Česko",16.0200013,50.5106579
CZE,"Komenského 485, 541 01 Trutnov, Česko",15.9064358,50.5617073
CZE,"Radvanice 143, 542 12 Radvanice, Česko",16.0523722,50.5680871
CZE,"Čistá v Krkonoších 76, 543 44 Černý Důl, Česko",15.7071923,50.6129124
CZE,"Mostek 202, 544 75 Mostek, Česko",15.6973383,50.4850342
CZE,"Horní Adršpach 115, 549 52 Adršpach, Česko",16.0790995,50.6230847
CZE,"Komenského 615, 543 01 Vrchlabí, Česko",15.611961,50.6192165
CZE,"Spojovací, 541 01 Trutnov, Česko",15.8966992,50.5708429
CZE,"Božice 49, 671 64 Božice, Česko",16.2931435,48.8361309
CZE,"Strachotice 157, 671 29 Strachotice, Česko",16.1715931,48.7953197
CZE,"Břežany 209, 671 65 Břežany, Česko",16.3427437,48.8673387
CZE,"Hrušovanská 167, 671 68 Hrabětice, Česko",16.3944523,48.7942275
CZE,"Školní 83, 671 28 Jaroslavice, Česko",16.2339977,48.7557685
CZE,"Nad Plovárnou 1569, 594 01 Velké Meziříčí, Česko",16.0088328,49.3538069
CZE,"Horská 282, Horní Staré Město, 541 02 Trutnov, Česko",15.8823363,50.5902596
CZE,"5. května 67, 549 57 Teplice nad Metují, Česko",16.1714769,50.5927571
CZE,"Břežany 174, 671 65 Břežany, Česko",16.335323,48.8743756
CZE,"Na Veselce 1018, 542 32 Úpice, Česko",16.0099336,50.5137713
CZE,"Mírová 1810, 594 01 Velké Meziříčí, Česko",16.0109419,49.3498118
CZE,"Horní Branná 98, 514 01 Horní Branná, Česko",15.5555898,50.6232244
CZE,"Špindlerův Mlýn 86, 543 51 Špindlerův Mlýn, Česko",15.582719,50.7150608
CZE,"Černovice 139, 679 75 Černovice, Česko",16.4259838,49.4826535
CZE,"Horova 960, 666 03 Tišnov, Česko",16.4337498,49.3417338
CZE,"Kramolna 170, 547 01 Kramolna, Česko",16.1370527,50.423049
CZE,"Dolní Libochová 8, 592 53 Strážek, Česko",16.1855146,49.4081436
CZE,"Myslbekova 4, 547 01 Náchod, Česko",16.155297,50.4058164
CZE,"Masarykova 412, 664 11 Zbýšov, Česko",16.3459451,49.1595823
CZE,"29, 549 41 Zábrodí, Česko",16.116939,50.4602726
CZE,"Havlíčkova 1848, 547 01 Náchod, Česko",16.1639496,50.422999
CZE,"Rozsochy 146, 592 57 Rozsochy, Česko",16.1975013,49.5203673
CZE,"Komenského 301, 547 01 Náchod, Česko",16.1573997,50.4116568
CZE,"Křenkova 42, 552 03 Česká Skalice, Česko",16.0400502,50.3913191
CZE,"Dolní Loučky 207, 594 55 Dolní Loučky, Česko",16.3551101,49.3614531
CZE,"Husova 299, 672 01 Moravský Krumlov, Česko",16.3092416,49.0427869
CZE,"U Stadionu 538, 595 01 Velká Bíteš, Česko",16.2216245,49.2949455
CZE,"Husova 55/32, 671 72 Miroslav, Česko",16.3072719,48.9448274
CZE,"Budišov 306, 675 03 Budišov, Česko",16.0070077,49.2716607
CZE,"Lavičky 91, 594 01 Lavičky, Česko",15.9715546,49.3812562
CZE,"Malinovského 350, 671 72 Miroslav, Česko",16.3144186,48.9484901
CZE,"Masarykovo nám. 86, 595 01 Velká Bíteš, Česko",16.2270483,49.2886497
CZE,"Tišnovská 19, 666 03 Hradčany, Česko",16.4448139,49.3265363
CZE,"Lažánky 74, 664 71 Lažánky, Česko",16.3849412,49.2786138
CZE,"Rosická 440, 664 82 Říčany, Česko",16.3934981,49.2131725
CZE,"Křoví 190, 594 54 Křoví, Česko",16.2646347,49.3119111
CZE,"Zámecká 1031, 665 01 Rosice, Česko",16.3881501,49.1827148
CZE,"Na Struze 124, Horní Předměstí, 541 01 Trutnov, Česko",15.9162078,50.5604504
CZE,"Benešova 222, 541 03 Trutnov, Česko",15.9498748,50.5749482
CZE,"Karlovská 124, 671 68 Šanov, Česko",16.3738415,48.8008281
CZE,"Dyjákovice 310, 671 26 Dyjákovice, Česko",16.3024037,48.7731583
CZE,"Komenského 485, Horní Předměstí, 541 01 Trutnov, Česko",15.9063151,50.5617493
CZE,"Litobratřice 187, 671 78 Litobratřice, Česko",16.4022869,48.888806
CZE,"B. Němcové 373, 542 01 Žacléř, Česko",15.9076031,50.6630621
CZE,"Antonína Dvořáka 96, 543 01 Vrchlabí, Česko",15.6141551,50.6215031
CZE,"Horská 160, Horní Staré Město, 541 02 Trutnov, Česko",15.8833123,50.588605
CZE,"Trutnov 128, 541 01 Trutnov, Česko",15.9458445,50.5823676
CZE,"Příčná 227, 550 01 Broumov, Česko",16.3284045,50.5785366
CZE,"Rychnov na Moravě 166, 569 34 Rychnov na Moravě, Česko",16.6372136,49.8285468
CZE,"Nová 1267, 571 01 Moravská Třebová, Česko",16.6587827,49.7643257
CZE,"Horní Libchavy 68, 561 16 Libchavy, Česko",16.3776468,50.0176444
CZE,"26, Komenského 287, 571 01 Moravská Třebová, Česko",16.6626502,49.7600802
CZE,"Československé armády 1076, 562 01 Ústí nad Orlicí, Česko",16.4040554,49.9704176
CZE,"Na Výsluní 854, Žichlínské Předměstí, 563 01 Lanškroun, Česko",16.6136288,49.9066706
CZE,"Verměřovice 115, 561 52 Verměřovice, Česko",16.5623204,50.0040321
CZE,"Pernerova 393, 565 01 Choceň, Česko",16.2232759,49.9935095
CZE,"Dolní konec 239, 691 43 Hlohovec, Česko",16.7640195,48.7772702
CZE,"Vraclav 52, 565 42 Vraclav, Česko",16.0895301,49.9691988
CZE,"Zábranského 8, 616 00 Brno-Žabovřesky, Česko",16.5840514,49.2074743
CZE,"Ibsenova 114, 638 00 Brno-sever-Lesná, Česko",16.6194974,49.2305403
CZE,"Jinačovice 83, 664 34 Kuřim, Česko",16.5275185,49.2679024
CZE,"Jana Broskvy 388/3, 643 00 Brno-Chrlice, Česko",16.6558539,49.1346818
CZE,"Česká 83, 664 31 Česká, Česko",16.5636351,49.2818766
CZE,"Dvorská 26, 678 01 Blansko, Česko",16.649487,49.3662716
CZE,"V Újezdech 568, 621 00 Brno-Medlánky, Česko",16.571676,49.2424739
CZE,"Školní 83, 664 41 Popůvky, Česko",16.4916333,49.1759688
CZE,"9. května 232, Jestřebí, 679 02 Rájec-Jestřebí, Česko",16.6228532,49.4091812
CZE,"Lipůvka 113, 679 22 Lipůvka, Česko",16.54829,49.3382785
CZE,"Školní 361, 679 32 Svitávka, Česko",16.6034545,49.4977063
CZE,"Vavřinec 54, 679 13 Sloup, Česko",16.7204792,49.4023844
CZE,"Seifertova 1553/3, 678 01 Blansko, Česko",16.6456821,49.362438
CZE,"Hlavní 351, 664 61 Rajhradice, Česko",16.6269586,49.0925471
CZE,"Pavlovská 576, Brno-Kohoutovice, 623 00 Brno, Česko",16.5279207,49.1911684
CZE,"Na Budínku 80, 664 51 Kobylnice, Česko",16.7339156,49.1376396
CZE,"Šaumannova 20, 615 00 Brno, Česko",16.6465797,49.2025791
CZE,"Cacovická 1228, 614 00 Brno-sever-Husovice, Česko",16.6378518,49.2149496
CZE,"Černopolní 212, 613 00 Brno-sever, Česko",16.6170253,49.2043779
CZE,"Tišnovská 1791, 614 00 Brno-sever, Česko",16.6281582,49.2142249
CZE,"Korouhev 181, 569 93 Korouhev, Česko",16.2457422,49.671284
CZE,"Absolonova 892, 624 00 Brno-Komín, Česko",16.5585046,49.2194388
CZE,"Zámecká 1, 569 92 Bystré, Česko",16.351861,49.629191
CZE,"Bystřice nad Pernštejnem 19, 593 01 Bystřice nad Pernštejnem, Česko",16.3070611,49.5188946
CZE,"Vísky 27, 679 33 Vísky, Česko",16.6285981,49.5412606
CZE,"Marxova 138, 571 01 Moravská Třebová, Česko",16.6621245,49.7590456
CZE,"Sokolovská 1, Předměstí, 568 02 Svitavy, Česko",16.4590795,49.7583087
CZE,"Karla Čapka 503, Předměstí, 571 01 Moravská Třebová, Česko",16.6625197,49.7618351
CZE,"Mladějov na Moravě 39, 569 35 Mladějov na Moravě, Česko",16.5925822,49.8214635
CZE,"Rudoltice 200, 561 25 Rudoltice, Česko",16.5692142,49.8982885
CZE,"568 02 Dětřichov, Česko",16.5467153,49.8023539
CZE,"Třebařov 299, 569 33 Třebařov, Česko",16.7017631,49.8328038
CZE,"Kunčina 98, 569 24 Kunčina, Česko",16.6321619,49.793839
CZE,"Pitkova 507, 517 73 Opočno, Česko",16.1128852,50.2703487
CZE,"Javornice 2, 517 11 Javornice, Česko",16.3491143,50.1716292
CZE,"Sopotnice 225, 561 15 Sopotnice, Česko",16.3451967,50.0591383
CZE,"Orlické Záhoří 34, 517 64 Orlické Záhoří, Česko",16.4761778,50.2778069
CZE,"Mistrovice 11, 561 64 Mistrovice, Česko",16.5710158,50.0246169
CZE,"České Libchavy 15, 561 14 České Libchavy, Česko",16.3717429,50.0297145
CZE,"Dukelská 52, 517 42 Doudleby nad Orlicí, Česko",16.2609369,50.1075251
CZE,"516 01 Javornice, Česko",16.3377264,50.1616084
CZE,"České Libchavy 147, 561 14 České Libchavy, Česko",16.3737371,50.0327127
CZE,"Lichkov 148, 561 68 Lichkov, Česko",16.666761,50.0977791
CZE,"Skořenice 2, 565 01 Choceň, Česko",16.223266,50.0313419
CZE,"Bořetice 112, 691 08 Bořetice, Česko",16.8522486,48.9129224
CZE,"nám. SNP 1987/25A, 613 00 Brno-sever-Černá Pole, Česko",16.6208311,49.2195372
CZE,"Horní 268, 691 06 Velké Pavlovice, Česko",16.817902,48.9000066
CZE,"Horní 213, 691 03 Rakvice, Česko",16.8068995,48.8585294
CZE,"Čermná nad Orlicí 112, 517 25 Čermná nad Orlicí, Česko",16.1328801,50.0750845
CZE,"Dlouhá 35, 691 23 Pohořelice, Česko",16.5250021,48.9795255
CZE,"Sadová 852, 691 45 Podivín, Česko",16.8506114,48.830003
CZE,"691 75 Borkovany, Česko",16.8102554,49.0283638
CZE,"Hovorany 728, 696 12 Hovorany, Česko",16.9817444,48.9542086
CZE,"Salmova 1940, 678 01 Blansko, Česko",16.6551089,49.3659463
CZE,"691 89 Bulhary, Česko",16.742483,48.8351528
CZE,"Za Kostelem, 691 26 Pouzdřany, Česko",16.6246125,48.9346193
CZE,"Budovatelská 394, 679 21 Černá Hora, Česko",16.5842113,49.4127576
CZE,"Školní 446, 679 02 Rájec-Jestřebí, Česko",16.6398015,49.4079414
CZE,"Školní 330, 679 21 Bořitov, Česko",16.5925283,49.4225973
CZE,"Dlouhá 279, 679 02 Ráječko, Česko",16.6427917,49.3928586
CZE,"Plovdivská 2568, 616 00 Brno-Žabovřesky, Česko",16.5806243,49.2179487
CZE,"Němčice 92, 679 51 Němčice, Česko",16.7191971,49.4504383
CZE,"Husova 509, 664 61 Rajhrad, Česko",16.6006025,49.0871107
CZE,"592 42 Věcov, Česko",16.1944939,49.6199912
CZE,"13, Nejedlého 261, Lesná, 638 00 Brno-sever, Česko",16.6283437,49.2297206
CZE,"3665, 569 01 Hradec nad Svitavou, Česko",16.4808424,49.7099594
CZE,"Školní 204, 679 38 Cetkovice, Česko",16.7233234,49.5799296
CZE,"Hradec nad Svitavou 496, 569 01 Hradec nad Svitavou, Česko",16.481739,49.71105
CZE,"bratří Pelíšků 1627, 628 00 Brno-Líšeň, Česko",16.6959958,49.2017064
CZE,"Štolcova 1232, 618 00 Brno-Černovice, Česko",16.6374788,49.1880877
CZE,"Mokrá 356, 664 04 Mokrá-Horákov, Česko",16.7552086,49.2201223
CZE,"679 36 Vanovice, Česko",16.6618504,49.5689654
CZE,"K. H. Borovského 465, 569 43 Jevíčko, Česko",16.7044817,49.6312815
CZE,"Žďárská, 592 31 Nové Město na Moravě, Česko",16.0654245,49.5622276
CZE,"Kneslova 701, 618 00 Brno-Černovice, Česko",16.6433044,49.1845077
CZE,"569 05 Bělá nad Svitavou, Česko",16.4874999,49.6393005
CZE,"Údolní 155/68, 602 00 Brno-střed, Česko",16.5827919,49.2011336
CZE,"nám. 28. října 1902, 602 00 Brno-střed, Česko",16.6139658,49.2023832
CZE,"Laštůvkova 920/77, 635 00 Brno-Bystrc, Česko",16.5233354,49.2199192
CZE,"Banín 101, 568 02 Banín, Česko",16.4620614,49.6644954
CZE,"Školní 80, 664 46 Radostice, Česko",16.4790406,49.1312952
CZE,"Jiráskova tř. 29, 602 00 Brno-střed, Česko",16.5958206,49.2018411
CZE,"Ondrova 17, 635 00 Brno-Kníničky, Česko",16.5274227,49.2359355
CZE,"Nádvorní 3/704, 603 00 Brno-střed, Česko",16.6002554,49.186567
CZE,"Zahradní 590, 664 42 Modřice, Česko",16.6108106,49.1297167
CZE,"21, Kamenná 195, Štýřice, 639 00 Brno-střed, Česko",16.592776,49.1848163
CZE,"Vinařská 958, 603 00 Brno-střed, Česko",16.5830012,49.1908159
CZE,"Školní 109, 664 58 Prace, Česko",16.7628144,49.1386158
CZE,"Všetičkova 626, 602 00 Brno-střed, Česko",16.5887907,49.1977629
CZE,"Rybník 147, 560 02 Rybník, Česko",16.474096,49.888656
CZE,"Stará 87, 602 00 Brno-střed-Zábrdovice, Česko",16.617596,49.2003863
CZE,"Ostrov 76, 561 22 Ostrov, Česko",16.5425873,49.9285226
CZE,"6, Proškovo nám. 150, 614 00 Brno-Maloměřice a Obřany, Česko",16.6445201,49.2207013
CZE,"nám. J. M. Marků 12, 563 01 Lanškroun, Česko",16.6126089,49.9122131
CZE,"Petrovice 64, 563 01 Petrovice, Česko",16.5488049,49.9901371
CZE,"561 23 Luková, Česko",16.5873085,49.8701804
CZE,"Bílého 98, 602 00 Brno-střed-Stránice, Česko",16.5802703,49.1987967
CZE,"Králická, 563 01 Lanškroun, Česko",16.620849,49.9183096
CZE,"568 02 Opatovec, Česko",16.4752404,49.799956
CZE,"Nádražní 455, 571 01 Moravská Třebová, Česko",16.6660299,49.7666777
CZE,"Staré Město 64, 569 32 Staré Město, Česko",16.6758212,49.7942141
CZE,"Lukavice 310, 561 51 Lukavice, Česko",16.4888166,50.0496102
CZE,"32114 3, 518 03 Podbřezí, Česko",16.212548,50.2619706
CZE,"312, 561 69 Králíky, Česko",16.6986656,50.0907683
CZE,"Komenského, 517 42 Doudleby nad Orlicí, Česko",16.2584462,50.1063999
CZE,"Československé armády, 564 01 Žamberk, Česko",16.4538478,50.0903614
CZE,"Rybná nad Zdobnicí 60, 517 55 Rybná nad Zdobnicí, Česko",16.3651852,50.1073872
CZE,"561 82 Klášterec nad Orlicí, Česko",16.5356077,50.1062876
CZE,"Dlouhá 201, 691 67 Šakvice, Česko",16.7170982,48.8989152
CZE,"Rodkovského 2b, 678 01 Blansko, Česko",16.6477398,49.3614307
CZE,"Sopotnice 114, 561 15 Sopotnice, Česko",16.3447564,50.0568263
CZE,"387, 592 61 Doubravník, Česko",16.3523072,49.4238488
CZE,"Hlavní 41, 691 67 Šakvice, Česko",16.7138892,48.8973578
CZE,"Jabloňová 298, 691 42 Valtice, Česko",16.7608186,48.7448631
CZE,"Lichkov 185, 561 68 Lichkov, Česko",16.6661209,50.0976639
CZE,"Těchov 124, 678 01 Blansko, Česko",16.6904779,49.3679884
CZE,"Roveň 60, 516 01 Rychnov nad Kněžnou, Česko",16.3103883,50.1404545
CZE,"nám. Míru, 679 21 Černá Hora, Česko",16.5805392,49.4130548
CZE,"Blansko 177, 678 01 Blansko, Česko",16.6324022,49.3821004
CZE,"Tišnovská 60, Brťov u Černé Hory, 679 21 Brťov-Jeneč, Česko",16.5138424,49.4130615
CZE,"Kpt. Jaroše 7, 693 01 Hustopeče, Česko",16.7360976,48.9357594
CZE,"Lidická 1690, 680 01 Boskovice, Česko",16.66872,49.4866722
CZE,"Moutnice 113, 664 55 Moutnice, Česko",16.7390035,49.05045
CZE,"Hlavní 257, 691 05 Zaječí, Česko",16.7647047,48.8709061
CZE,"Boleradice 57, 691 12 Boleradice, Česko",16.8131305,48.9664133
CZE,"Těšany 305, 664 54 Těšany, Česko",16.7708138,49.0379639
CZE,"Dolní 59, 679 11 Doubravice nad Svitavou, Česko",16.6280221,49.437498
CZE,"Milonice 57, 679 22 Milonice, Česko",16.5664998,49.3672996
CZE,"Na Dolech 1959, 680 01 Boskovice, Česko",16.6586277,49.4931961
CZE,"Přibice 43, 691 24 Přibice, Česko",16.5738423,48.9621966
CZE,"Jana Broskvy 388, 643 00 Brno-Chrlice, Česko",16.6550282,49.1344214
CZE,"691 73 Krumvíř, Česko",16.9138776,48.9883326
CZE,"Za Kostelem 105, 691 26 Pouzdřany, Česko",16.6242599,48.9345995
CZE,"Osvobození, 693 01 Strachotín, Česko",16.6513072,48.9048394
CZE,"U Floriánka 57, 691 25 Vranovice, Česko",16.6102808,48.965149
CZE,"Za Kostelem 2, 664 63 Přísnotice, Česko",16.6139446,49.0035886
CZE,"Třebětínská 126, 679 61 Letovice, Česko",16.5879847,49.5594002
CZE,"Věcov 66, 592 44 Věcov, Česko",16.169882,49.6156244
CZE,"Kachlíkova 1047, 635 00 Brno-Bystrc, Česko",16.5125638,49.2206462
CZE,"Tyršova 1023, 679 61 Letovice, Česko",16.5717369,49.5432794
CZE,"Hradecká 326, 569 02 Březová nad Svitavou, Česko",16.5151778,49.6531387
CZE,"Banín 49, 568 02 Banín, Česko",16.461238,49.6628695
CZE,"Křenov 141, 569 22 Křenov, Česko",16.6270408,49.6789462
CZE,"592 03 Daňkovice, Česko",16.1467669,49.655323
CZE,"Jiráskova 447, Litomyšlské Předměstí, 566 01 Vysoké Mýto, Česko",16.1568374,49.9477678
CZE,"Sulkovec 50, 592 65 Sulkovec, Česko",16.3121743,49.6064001
CZE,"Padělek 133, 592 42 Jimramov, Česko",16.2205162,49.6336782
CZE,"Ostrov 1, 561 22 Ostrov, Česko",16.5432159,49.9285141
CZE,"Sněžné 96, 592 03 Sněžné, Česko",16.1216462,49.6453916
CZE,"561 54 Bystřec, Česko",16.6100528,50.0107069
CZE,"Dolní Čermná 4, 561 53 Dolní Čermná, Česko",16.5658012,49.979514
CZE,"Výprachtice 390, 561 34 Výprachtice, Česko",16.6636514,49.987123
CZE,"Brněnec 44, 569 04 Brněnec, Česko",16.5083497,49.6283859
CZE,"3141 115/115, 561 52 Verměřovice, Česko",16.5623874,50.004052
CZE,"Lipka, 679 72 Kunštát, Česko",16.5232987,49.5132054
CZE,"Zeiberlichova 72, 644 00 Brno-sever-Soběšice, Česko",16.6223771,49.2555528
CZE,"Horní Čermná 95, 561 56 Horní Čermná, Česko",16.6053732,49.9727167
CZE,"Trnkova 1784, 628 00 Brno-Líšeň, Česko",16.6870849,49.2015856
CZE,"Novoměstská 1489, 621 00 Brno-Řečkovice a Mokrá Hora, Česko",16.5870638,49.2376172
CZE,"Jungmannova 885, 664 34 Kuřim, Česko",16.5296006,49.3073786
CZE,"Koclířov 123, 569 11 Koclířov, Česko",16.5415325,49.7659323
CZE,"Jiráskova 1141, 571 01 Moravská Třebová, Česko",16.6571237,49.7595475
CZE,"T. Novákové 1947, 621 00 Brno-Řečkovice a Mokrá Hora, Česko",16.5761371,49.2495263
CZE,"U Velké ceny 573, Brno-Kohoutovice, 623 00 Brno, Česko",16.5324436,49.1977995
CZE,"Pellicova 21, 602 00 Brno-střed, Česko",16.6028099,49.1929398
CZE,"569 33 Třebařov, Česko",16.7011281,49.8332759
CZE,"Třebovice 214, 561 24 Třebovice, Česko",16.5019082,49.8597819
CZE,"U Lípy Svobody 65, 620 00 Brno-Tuřany-Brněnské Ivanovice, Česko",16.6567427,49.152147
CZE,"Loosova 816, 638 00 Brno-sever, Česko",16.6165336,49.2322002
CZE,"Žichlínek 65, 563 01 Žichlínek, Česko",16.6391043,49.8824272
CZE,"Koclířov 125, 569 11 Koclířov, Česko",16.5400001,49.7662581
CZE,"Zapletalova 85, 620 00 Brno-Tuřany-Dvorska, Česko",16.7078447,49.1436926
CZE,"Švermova 744/11, 625 00 Bohunice, Česko",16.5708209,49.1676141
CZE,"Kohoutova 1550/11, 613 00 Brno-sever, Česko",16.6300439,49.2157145
CZE,"Maršov nad Metují 30, 549 31 Velké Petrovice, Česko",16.1884512,50.5311632
CZE,"Zadní 295, 568 02 Svitavy, Česko",16.4753214,49.7750328
CZE,"Velký Třebešov 2, 552 03 Velký Třebešov, Česko",16.0058522,50.3963647
CZE,"Brechtova 815, 638 00 Brno-sever, Česko",16.6279428,49.2331549
CZE,"Kachlíkova 1048/21, 635 00 Brno-Bystrc, Česko",16.5118228,49.2207941
CZE,"Dětřichov u Moravské Třebové 82, 571 01 Dětřichov u Moravské Třebové, Česko",16.7104308,49.7870611
CZE,"Orličky 190, 561 55 Orličky, Česko",16.6815994,50.0316464
CZE,"561 63 Nekoř, Česko",16.5511571,50.055826
CZE,"Chodská 491, 602 00 Brno-Královo Pole, Česko",16.5958586,49.2129006
CZE,"Raisova 677, 547 01 Náchod, Česko",16.1679768,50.4157268
CZE,"Jamné nad Orlicí 207, 561 65 Jamné nad Orlicí, Česko",16.6327145,50.0396135
CZE,"Hořičky 71, 552 05 Hořičky, Česko",15.9929071,50.4438004
CZE,"Synkova 2166, 628 00 Brno-Líšeň, Česko",16.6767616,49.2079093
CZE,"Školská 380, 517 50 Častolovice, Česko",16.1831206,50.1311874
CZE,"Červený Kostelec 73, 549 41 Červený Kostelec, Česko",16.0725841,50.4750668
CZE,"Kunvald 41, 561 81 Kunvald, Česko",16.5008029,50.1283874
CZE,"Družstevní 884, 517 21 Týniště nad Orlicí, Česko",16.0820873,50.1571281
CZE,"Příčná 279, Nové Město, 550 01 Broumov, Česko",16.3281195,50.5788615
CZE,"549 73 Martínkovice, Česko",16.3426938,50.5482527
CZE,"Michalova 2430, 628 00 Brno-Líšeň, Česko",16.6816465,49.2070744
CZE,"691 86 Perná, Česko",16.6266598,48.853538
CZE,"Bezděkov nad Metují 69, 549 64 Bezděkov nad Metují, Česko",16.2320103,50.5092107
CZE,"129, Kocbeře, 54464, Česko",15.8587855,50.4536868
CZE,"Hajnice 196, 544 66 Hajnice, Česko",15.9197837,50.4893681
CZE,"Zbečník 55, 549 31 Hronov, Česko",16.1680166,50.4802945
CZE,"Žarošice 321, 696 34 Žarošice, Česko",16.9608434,49.0387301
CZE,"Horní 566, 691 03 Rakvice, Česko",16.8073277,48.858033
CZE,"Loděnice 134, 671 75 Loděnice, Česko",16.469541,49.01129
CZE,"683 55, Školní 106, 683 54 Bošovice, Česko",16.8372289,49.0519885
CZE,"549 74 Božanov, Česko",16.3648262,50.5288278
CZE,"Nádražní 140, 691 27 Popice, Česko",16.6696359,48.9249253
CZE,"Školní 323, 691 25 Vranovice, Česko",16.6057375,48.968973
CZE,"691 62 Uherčice, Česko",16.6745215,48.9639689
CZE,"Na Sídlišti 8, 693 01 Hustopeče, Česko",16.7321903,48.9382788
CZE,"696 36 Násedlovice, Česko",16.9561147,48.9977404
CZE,"Wurmova 748, 696 15 Čejkovice, Česko",16.9367233,48.904093
CZE,"Školní 887, 693 01 Hustopeče, Česko",16.7299569,48.9367997
CZE,"Drnovice 196, 679 76 Drnovice, Česko",16.5375491,49.4690345
CZE,"Sadová 864, 691 45 Podivín, Česko",16.850331,48.8306935
CZE,"Purkyňova 2812, 612 00 Brno-Královo Pole, Česko",16.5858001,49.2192478
CZE,"592 42 Jimramov, Česko",16.1972249,49.634712
CZE,"Bulhary 163, 691 89 Bulhary, Česko",16.7493089,48.8283475
CZE,"Školní 722, 69110, 691 10 Kobylí, Česko",16.8868204,48.9299301
CZE,"Školní 493, 679 32 Svitávka, Česko",16.6035336,49.4976826
CZE,"Mlýnská 225/44, 602 00 Brno-střed, Česko",16.6221929,49.1890862
CZE,"Školní 485, 691 76 Šitbořice, Česko",16.7756028,49.0146822
CZE,"Dolní Dobrouč 448, 561 02 Dolní Dobrouč, Česko",16.5005842,49.9943174
CZE,"Rodkovského 1587, 678 01 Blansko, Česko",16.6478764,49.3608526
CZE,"Lipůvka 146, 679 22 Lipůvka, Česko",16.5482627,49.3383122
CZE,"Bělá nad Svitavou 214, 569 05 Bělá nad Svitavou, Česko",16.4873409,49.6392908
CZE,"Unčín 51, 592 42 Unčín, Česko",16.2428826,49.6113698
CZE,"Svojanov 81, 569 92 Svojanov, Česko",16.4276037,49.6242706
CZE,"Dalečín 107, 592 41 Dalečín, Česko",16.2374688,49.5917953
CZE,"Čapkova 802, 679 61 Letovice, Česko",16.5740011,49.5456382
CZE,"Hradecká 313, 569 02 Březová nad Svitavou, Česko",16.5167727,49.649061
CZE,"Hatě 81/19, 621 00 Brno-Ivanovice, Česko",16.5631833,49.2680681
CZE,"Hartmanice 109, 569 92 Hartmanice, Česko",16.3698185,49.6246973
CZE,"Na Výsluní 312, Žichlínské Předměstí, 563 01 Lanškroun, Česko",16.6122251,49.907285
CZE,"365, 679 62 Křetín, Česko",16.4960484,49.5676428
CZE,"Sázava 2, 563 01 Sázava, Česko",16.6380942,49.9048022
CZE,"Deštná 60, 679 61 Deštná, Česko",16.563787,49.6122225
CZE,"Knínice 210, 679 34 Knínice, Česko",16.6903986,49.5373997
CZE,"Československé armády, 568 02 Svitavy, Česko",16.4636241,49.7551309
CZE,"Kociánka 2129, 612 00 Brno-Královo Pole, Česko",16.6035365,49.2261748
CZE,"Žižkova 365, 563 01 Lanškroun, Česko",16.6157697,49.9100804
CZE,"Zborovská 887, 664 34 Kuřim, Česko",16.5292162,49.3060419
CZE,"Vančurova 87, 563 01 Lanškroun, Česko",16.6091426,49.9163294
CZE,"Dlouhá Loučka 98, 569 43 Dlouhá Loučka, Česko",16.6411201,49.7007629
CZE,"Heyrovského 828/13, 635 00 Brno-Bystrc, Česko",16.5269718,49.2266084
CZE,"Kunčina 88, 569 24 Kunčina, Česko",16.6276659,49.7939241
CZE,"Nekoř 123, 561 63 Nekoř, Česko",16.5512926,50.0563128
CZE,"Lukavice 118, 561 51 Lukavice, Česko",16.4815093,50.0604875
CZE,"Na Babí, 549 54 Police nad Metují, Česko",16.2375948,50.5363204
CZE,"Hronov 26, 549 34 Hronov, Česko",16.18482,50.498816
CZE,"Školská 834, 564 01 Žamberk, Česko",16.4631134,50.077662
CZE,"Školní 194, 691 81 Březí, Česko",16.5631536,48.8218574
CZE,"Náměstí 23, 692 01 Mikulov, Česko",16.637895,48.8066893
CZE,"Žďárky 137, 549 37 Žďárky, Česko",16.2288643,50.471421
CZE,"Hlinky 117, 603 00 Brno-střed, Česko",16.5880828,49.1897867
CZE,"Elišky Krásnohorské 627, 618 00 Brno-Černovice, Česko",16.6312746,49.1868287
CZE,"7, Bořetická 4234, 628 00 Brno, Česko",16.6584744,49.2030017
CZE,"Laštůvkova 830, 635 00 Brno-Bystrc, Česko",16.5236241,49.2199682
CZE,"Bellova 574, Brno-Kohoutovice, 623 00 Brno, Česko",16.5297876,49.1936485
CZE,"Šrámkova 432, 638 00 Brno-sever, Česko",16.6255511,49.226283
CZE,"Nopova 4003, 615 00 Brno-Židenice, Česko",16.6514528,49.1969072
CZE,"G. Preissové 2570, 616 00 Brno-Žabovřesky, Česko",16.5756211,49.2200372
CZE,"66, Dobrovského 1311, 612 00 Brno-Královo Pole, Česko",16.5901216,49.219043
CZE,"Neklež 2584, 628 00 Brno-Líšeň, Česko",16.6811724,49.2012348
CZE,"Tučkova 923, 602 00 Brno-střed-Veveří, Česko",16.5975414,49.2084378
CZE,"Puchýřova 2585, 628 00 Brno-Líšeň, Česko",16.6896855,49.209173
CZE,"Němčičky 113, 691 07 Němčičky, Česko",16.8198548,48.9312028
CZE,"Vídeňská 253, 639 00 Brno-střed, Česko",16.5956526,49.1818905
CZE,"Borkovany 49, 691 75 Borkovany, Česko",16.8109425,49.0287386
CZE,"Dlouhá 251, 691 67 Šakvice, Česko",16.7195639,48.8984755
CZE,"Holásecká 584, 620 00 Brno-Tuřany, Česko",16.6632937,49.1479327
CZE,"Budovatelská 282, 679 21 Černá Hora, Česko",16.5827648,49.412669
CZE,"Malešovice 106, 664 65 Malešovice, Česko",16.4961449,49.023392
CZE,"Přibice 46, 691 24 Přibice, Česko",16.5738218,48.9621953
CZE,"Němčičky 59, 664 66 Němčičky, Česko",16.5002792,49.0500457
CZE,"Bosonožská 387, 625 00 Brno-Starý Lískovec, Česko",16.5538829,49.1669834
CZE,"Štefanikova 1142, 680 01 Boskovice, Česko",16.6619724,49.4947629
CZE,"Zámecká 444, 679 71 Lysice, Česko",16.5320188,49.4523185
CZE,"Bílkova 506, 680 01 Boskovice, Česko",16.6574537,49.4869445
CZE,"Spešov 3, 679 02 Spešov, Česko",16.6249973,49.3944033
CZE,"Býkovice 59, 679 71 Býkovice, Česko",16.5386267,49.4282028
CZE,"Otakara Kubína 179, 680 01 Boskovice, Česko",16.6430645,49.4909804
CZE,"Údolní 1893, 678 01 Blansko, Česko",16.6544229,49.3563847
CZE,"Hradisková 619, 561 64 Jablonné nad Orlicí, Česko",16.6075945,50.0280867
CZE,"Stromovka 1339, 565 01 Choceň, Česko",16.2121661,50.0000692
CZE,"Bystřec 86, 561 54 Bystřec, Česko",16.6192898,50.0113117
CZE,"Slatina nad Zdobnicí 270, 517 56 Slatina nad Zdobnicí, Česko",16.38823,50.136643
CZE,"Klášterec nad Orlicí 218, 561 82 Klášterec nad Orlicí, Česko",16.5564434,50.1098943
CZE,"Nekoř 308, 561 63 Nekoř, Česko",16.5501188,50.0575254
CZE,"Jugoslávská, 517 54 Vamberk, Česko",16.2990466,50.1163026
CZE,"Těchonín 187, 561 66 Těchonín, Česko",16.61996,50.0654896
CZE,"Elišky Přemyslovny 497, 625 00 Brno-Starý Lískovec, Česko",16.5680441,49.1644514
CZE,"Rybnická 96, 634 00 Brno-Nový Lískovec, Česko",16.5628959,49.182489
CZE,"Nám. Gen. Knopa 433, 564 01 Žamberk, Česko",16.463999,50.081231
CZE,"Horská 172, 517 61 Rokytnice v Orlických horách, Česko",16.466611,50.1666129
CZE,"Vackova 1518, 612 00 Brno-Královo Pole, Česko",16.5899529,49.2203495
CZE,"Bzenecká 4226, 628 00 Brno-Vinohrady, Česko",16.6568557,49.2074891
CZE,"Uzbecká 569, 625 00 Bohunice, Česko",16.5818499,49.1717381
CZE,"Přadlácká 175, Velká Ves, 550 01 Broumov, Česko",16.3368613,50.5819216
CZE,"Suchý Důl 24, 549 62 Suchý Důl, Česko",16.2653115,50.5399995
CZE,"Kamenačky 3838, 636 00 Brno-Židenice, Česko",16.6522557,49.1924986
CZE,"Chodská 2707, 612 00 Brno-Královo Pole, Česko",16.5935501,49.2150524
CZE,"Linhartice 16, 571 01 Linhartice, Česko",16.6953106,49.7580725
CZE,"Damníkov 25, 561 23 Damníkov, Česko",16.5704411,49.8717645
CZE,"Tatenice 149, 561 31 Tatenice, Česko",16.6982199,49.868959
CZE,"1. května 718, 692 01 Mikulov, Česko",16.6439059,48.8093388
CZE,"Březina 122, 569 23 Březina, Česko",16.6115036,49.6514145
CZE,"Školní 550, 691 63 Velké Němčice, Česko",16.6723443,48.9915856
CZE,"Fabián 1215, 691 02 Velké Bílovice, Česko",16.8876359,48.8546273
CZE,"Skořepka 368/5, 602 00 Brno-střed-Trnitá, Česko",16.6167686,49.1927546
CZE,"4, Běloruská 570, 625 00 Bohunice, Česko",16.5803856,49.1693863
CZE,"Komenského 11, 679 61 Letovice, Česko",16.5834544,49.5446394
CZE,"Údolní 704, 602 00 Brno-střed-Brno-město, Česko",16.6012731,49.1962137
CZE,"Slunná 25/273, 617 00 Brno-jih, Česko",16.6261203,49.1749073
CZE,"Oblá 428, 634 00 Brno-Nový Lískovec, Česko",16.5570226,49.1755205
CZE,"Soukenická 561, 602 00 Brno-střed, Česko",16.6050538,49.1883861
CZE,"Kohoutova 1513/6, 613 00 Brno-sever, Česko",16.6323008,49.2169062
CZE,"Kobylí 722, 691 10 Kobylí, Česko",16.8864649,48.93012
CZE,"Trpín 121, 569 74 Trpín, Česko",16.4006212,49.5945361
CZE,"Oderská 261, 625 00 Brno-Starý Lískovec, Česko",16.5632982,49.1701159
CZE,"Horní 125, 691 04 Přítluky, Česko",16.7744168,48.8561646
CZE,"Třebětínská 28, 679 61 Letovice, Česko",16.5869871,49.5590666
CZE,"Přísnotice 54, 66463, Česko",16.616328,49.003462
CZE,"Medlov 186, 664 66 Medlov, Česko",16.52221,49.0370887
CZE,"Jedlová 260, 569 91 Jedlová, Česko",16.3256469,49.654057
CZE,"Brněnská 705, 667 01 Židlochovice, Česko",16.6145217,49.038275
CZE,"Moravská Chrastová 44, 569 04 Brněnec, Česko",16.5267757,49.6261939
CZE,"Úvoz 57, 602 00 Brno-střed-Veveří, Česko",16.5917414,49.2041992
CZE,"Eduarda Ušela 472, 679 63 Velké Opatovice, Česko",16.6780132,49.6130009
CZE,"Borotín 174, 679 37 Borotín, Česko",16.6743802,49.5837113
CZE,"Cihelní 560, 614 00 Brno-Maloměřice a Obřany, Česko",16.6470992,49.2300663
CZE,"Šebetov 215, 679 35 Šebetov, Česko",16.7135992,49.5448548
CZE,"Fanderlíkova 71, 616 00 Brno-Žabovřesky, Česko",16.5752862,49.2105309
CZE,"Slavíčkova 53/1, 638 00 Brno-sever, Česko",16.6205699,49.225531
CZE,"Sedlec 101, 691 21 Sedlec, Česko",16.6974275,48.7800519
CZE,"V Aleji 101, 620 00 Brno-Tuřany, Česko",16.6473733,49.1528593
CZE,"Perná 88, 691 86 Perná, Česko",16.621444,48.8553504
CZE,"Komenského 122, 664 56 Blučina, Česko",16.6443457,49.0549763
CZE,"Pod Strání 1234, 692 01 Mikulov, Česko",16.633084,48.8039995
CZE,"Lanškroun 24, 563 01 Lanškroun, Česko",16.6118775,49.9245303
CZE,"Jablonské nábř. 8, 561 64 Jablonné nad Orlicí, Česko",16.5977334,50.0301507
CZE,"Dvorská 1894, 678 01 Blansko, Česko",16.6555076,49.3668997
CZE,"Násedlovice 211, 696 36 Násedlovice, Česko",16.9603642,49.0134453
CZE,"Divišova 1809, 678 01 Blansko, Česko",16.6427911,49.3660677
CZE,"Wurmova 725, 696 15 Čejkovice, Česko",16.9347083,48.9046329
CZE,"Lipka 428, 679 72 Kunštát, Česko",16.520401,49.5089324
CZE,"Těchov 124/124, Těchov, 678 01 Blansko, Česko",16.6904505,49.36801
CZE,"nám. Míru 101, 691 72 Klobouky u Brna, Česko",16.8584319,48.9949339
CZE,"Žďár 78, 679 02 Žďár, Česko",16.698543,49.420953
CZE,"Na Sídlišti 5, 693 01 Hustopeče, Česko",16.7323055,48.9392281
CZE,"Starovice 36, 693 01 Starovice, Česko",16.7078157,48.9519504
CZE,"V Sadech 930, 691 06 Velké Pavlovice, Česko",16.8134166,48.9008368
CZE,"Taušlova 192, 561 51 Letohrad, Česko",16.5032662,50.0402666
CZE,"Koperníkova 9/6, 615 00 Brno-Židenice, Česko",16.6385358,49.2027917
CZE,"V Aleji 708, 561 51 Letohrad, Česko",16.5092412,50.0345217
CZE,"Jiráskova 1464, 571 01 Moravská Třebová, Česko",16.6540061,49.7601288
CZE,"Wolkerova 85, 563 01 Lanškroun, Česko",16.6084974,49.9139353
CZE,"Líšnice 256, 561 84 Líšnice, Česko",16.5083806,50.0802089
CZE,"Piaristická 137, Předměstí, 571 01 Moravská Třebová, Česko",16.6669483,49.7594671
CZE,"Zengrova 885, 615 00 Brno-Židenice, Česko",16.6383619,49.1970294
CZE,"Mladkov 138, 561 67 Mladkov, Česko",16.6270341,50.0983544
CZE,"tř. Soukenická 64, Olivětín, 550 01 Broumov, Česko",16.332763,50.6018407
CZE,"Zahradní 632, 679 06 Jedovnice, Česko",16.7534085,49.3425478
CZE,"Hejtmánkovice 203, 550 01 Hejtmánkovice, Česko",16.3076645,50.5982067
CZE,"tř. Masarykova 246, 550 01 Broumov, Česko",16.3277293,50.5885153
CZE,"Rohozná 240, 569 72 Rohozná, Česko",16.4074177,49.6545154
CZE,"Škrétova 1722, 621 00 Brno-Řečkovice a Mokrá Hora, Česko",16.5765753,49.247917
CZE,"K. H. Borovského 586, 569 43 Jevíčko, Česko",16.7044943,49.6309247
CZE,"Habánská 685/82, 692 01 Mikulov, Česko",16.646168,48.8105095
CZE,"Obránců míru 382, 569 92 Bystré, Česko",16.3385033,49.6286763
CZE,"Klentnice 24, 692 01 Klentnice, Česko",16.6442049,48.8439781
CZE,"Prostřední Poříčí 75, 679 62 Prostřední Poříčí, Česko",16.4934062,49.5718672
CZE,"46, Měřičkova 1491, 621 00 Brno, Česko",16.584542,49.2456917
CZE,"Brněnec 22, 569 04 Brněnec, Česko",16.5225281,49.6264567
CZE,"Křetín 12, 679 62 Křetín, Česko",16.49926,49.5634294
CZE,"Křetín 55, 679 62 Křetín, Česko",16.5028432,49.5623094
CZE,"Milovice 71, 691 88 Milovice, Česko",16.6965371,48.8517518
CZE,"Unkovice 120, 664 63 Unkovice, Česko",16.5983825,49.0184394
CZE,"Žižkova 1989, 616 00 Brno-Žabovřesky, Česko",16.5876194,49.2085051
CZE,"Pod Strání 1290/6, 692 01 Mikulov, Česko",16.6335306,48.8039615
CZE,"Božetěchova 335/65, 612 00 Brno-Královo Pole, Česko",16.5928777,49.229726
CZE,"Starovičky 123, 693 01 Starovičky, Česko",16.7723277,48.9050477
CZE,"Bořetická 4163, 628 00 Brno-Vinohrady, Česko",16.6623721,49.2020678
CZE,"Valtická 845, 692 01 Mikulov, Česko",16.6437386,48.8016982
CZE,"Jamborova 3188, 615 00 Brno-Židenice, Česko",16.6469966,49.1974909
CZE,"Záhumenice 601, 619 00 Brno-jih, Česko",16.6133436,49.164163
CZE,"Velké Hostěrádky 65, 691 74 Velké Hostěrádky, Česko",16.8711876,49.0317459
CZE,"Osvobození 83, 693 01 Strachotín, Česko",16.6495938,48.9058127
CZE,"Pšeník 18/381, 639 00 Brno-střed, Česko",16.5953173,49.1731015
CZE,"Hlavní 196, 691 05 Zaječí, Česko",16.768446,48.8763007
CZE,"Prušánecká 4204, 628 00 Brno-Vinohrady, Česko",16.66097,49.2083617
CZE,"Křepice 212, 691 65 Křepice, Česko",16.7215674,49.0013674
CZE,"Nádražní 367, 664 63 Žabčice, Česko",16.5992746,49.0123408
CZE,"Řezáčova 804, 624 00 Brno-Komín, Česko",16.5577237,49.223977
CZE,"Hlavní 85, 691 27 Popice, Česko",16.6648187,48.928723
CZE,"Labská 268/7, 625 00 Brno-Starý Lískovec, Česko",16.5635878,49.1719388
CZE,"U Školky 340, 691 01 Moravský Žižkov, Česko",16.9291023,48.8309212
CZE,"Herčíkova 2477, 612 00 Brno-Královo Pole, Česko",16.5835223,49.2302745
CZE,"Nádražní 169, 667 01 Vojkovice, Česko",16.6008543,49.0543775
CZE,"Havlíčkova 169, 664 62 Hrušovany u Brna, Česko",16.5925384,49.0381596
CZE,"sídl. Družba 673, 667 01 Židlochovice, Česko",16.6178625,49.0386063
CZE,"70, Jugoslávská 627, 613 00 Brno-sever, Česko",16.6226925,49.2084772
CZE,"Jánská 463, 602 00 Brno-střed-Brno-město, Česko",16.6120404,49.1949113
CZE,"Vranovská 182, 614 00 Brno-sever-Zábrdovice, Česko",16.6254003,49.2046401
CZE,"Božanov 105, 549 74 Božanov, Česko",16.3661809,50.5260171
CZE,"Herčíkova 2478/21, 612 00 Brno-Královo Pole, Česko",16.5861197,49.2305584
CZE,"nám. Svornosti 2567, 616 00 Brno-Žabovřesky, Česko",16.580817,49.2142676
CZE,"Cihlářská 156, 550 01 Broumov, Česko",16.334234,50.6076556
CZE,"Fučíkova 328, 549 54 Police nad Metují, Česko",16.239189,50.539774
CZE,"Slovácká 2894, 690 02 Břeclav, Česko",16.8914326,48.7578199
CZE,"Moravská 323/30, Krasice, 796 01 Prostějov, Česko",17.0865542,49.4668784
CZE,"Komenského 680, 783 91 Uničov, Česko",17.1140964,49.7683456
CZE,"Slavětín 41, 783 24 Slavětín, Česko",16.9646447,49.6729806
CZE,"Lesnice 168, 789 01 Lesnice, Česko",16.9433967,49.8851225
CZE,"Boršovská 3241, 697 01 Kyjov, Česko",17.1225048,49.0219954
CZE,"Trávník 595, 789 83 Loštice, Česko",16.9325492,49.7450919
CZE,"Krásensko 73, 683 04 Krásensko, Česko",16.8257729,49.3647571
CZE,"Brodek u Konice 4, 798 45 Brodek u Konice, Česko",16.8561945,49.5575552
CZE,"Přemyslovice 353, 798 51 Přemyslovice, Česko",16.963612,49.5619338
CZE,"Valchov 130, 680 01 Valchov, Česko",16.7201874,49.4720204
CZE,"Komenského 31, 784 01 Červenka, Česko",17.086741,49.7190219
CZE,"4441, 789 82 Moravičany, Česko",16.9649839,49.7533916
CZE,"U Sokolovny 339, 691 55 Moravská Nová Ves, Česko",17.0183337,48.8038101
CZE,"Jestřebí 116, 789 01 Jestřebí, Česko",16.8645019,49.8548927
CZE,"Sudkov 176, 788 21 Sudkov, Česko",16.9454041,49.918886
CZE,"Na Návsi 46, 783 35 Skrbeň, Česko",17.1796171,49.641416
CZE,"Vrbátky 82, 798 12 Vrbátky, Česko",17.1884349,49.51546
CZE,"Horní Štěpánov 300, 798 47 Horní Štěpánov, Česko",16.790012,49.548303
CZE,"Luká 4, 783 24 Luká, Česko",16.9349875,49.6697781
CZE,"679 15 Lipovec, Česko",16.8077072,49.3840344
CZE,"Malhostovice 75, 666 03 Malhostovice, Česko",16.5022581,49.3337467
CZE,"Klepačov 236, 678 01 Blansko, Česko",16.657817,49.3475624
CZE,"Nedvědova 13, Povel, 779 00 Olomouc, Česko",17.2456012,49.5810419
CZE,"798 24 Pivín, Česko",17.185589,49.3856648
CZE,"Školní, 789 61 Bludov, Česko",16.9232929,49.9443551
CZE,"Mladějovice 113, 785 01 Mladějovice, Česko",17.2313638,49.7492407
CZE,"Zámecká 19/11, 789 85 Mohelnice, Česko",16.9255222,49.7778784
CZE,"Rovensko 227, 789 01 Rovensko, Česko",16.8758954,49.9062815
CZE,"Česká čtvrť 208/2, Nemilany, 783 01 Olomouc, Česko",17.2452548,49.5589473
CZE,"Vrbátky 83, 798 13 Vrbátky, Česko",17.1996228,49.5079304
CZE,"Rohle 98, 789 74 Rohle, Česko",17.0132916,49.8610665
CZE,"Sokolská 140, 789 71 Leština, Česko",16.9288705,49.8706165
CZE,"Úsov 30, 789 73 Úsov, Česko",16.9991996,49.8323836
CZE,"561 31 Tatenice, Česko",16.727759,49.8671948
CZE,"Lidická 396, 783 35 Horka nad Moravou, Česko",17.2058107,49.6407562
CZE,"Sportovní 850, 798 41 Kostelec na Hané, Česko",17.062733,49.5155429
CZE,"Rožňavská 652, Nové Sady, 779 00 Olomouc, Česko",17.2520128,49.5753137
CZE,"Komenského, 798 58 Čechy pod Kosířem, Česko",17.0373905,49.5523859
CZE,"Nemile 90, 789 01 Nemile, Česko",16.8483598,49.8732688
CZE,"Oskava 66, 788 01 Oskava, Česko",17.1311731,49.8957406
CZE,"Karafiátová 895, Neředín, 779 00 Olomouc, Česko",17.2284874,49.5869729
CZE,"Helsinská, 779 00 Olomouc, Česko",17.2292,49.5974143
CZE,"Těšetice 148, 783 46 Těšetice, Česko",17.131624,49.5933625
CZE,"Na Aleji 45, 798 03 Plumlov, Česko",17.0112447,49.4662486
CZE,"Hlavní, 798 16 Čelechovice na Hané, Česko",17.0951593,49.5155255
CZE,"Štěpánov 60, 783 13 Štěpánov, Česko",17.2432078,49.6942056
CZE,"Sokolská 602, 779 00 Olomouc, Česko",17.2509413,49.5964636
CZE,"Schweitzerova 228, 779 00 Olomouc, Česko",17.2491273,49.5844621
CZE,"Rozstání 25, 798 62 Rozstání, Česko",16.8373116,49.3981768
CZE,"Myslejovice 1, 798 05 Myslejovice, Česko",17.0317829,49.4070159
CZE,"Biskupice 40, 798 12 Kralice na Hané, Česko",17.2353063,49.4613438
CZE,"Kyjov - Bohuslavice 4177, 696 55 Kyjov, Česko",17.1230608,49.0496035
CZE,"Školní 102, 789 91 Štíty, Česko",16.7643265,49.9596515
CZE,"Drahanovice 44, 783 44 Drahanovice, Česko",17.0761325,49.5755982
CZE,"Masarykova 119/60, 691 46 Ladná, Česko",16.8718555,48.8053285
CZE,"783 75 Blatec, Česko",17.2368105,49.5269652
CZE,"Drahany 119, 798 61 Drahany, Česko",16.8978463,49.4343435
CZE,"Žďárná 217, 679 52 Žďárná, Česko",16.760701,49.4677979
CZE,"Školní 221, 691 54 Týnec, Česko",17.0098216,48.7775912
CZE,"U Školky 1092, 696 01 Rohatec, Česko",17.178699,48.878496
CZE,"Starý Poddvorov 173, 696 16 Starý Poddvorov, Česko",16.9880712,48.8738398
CZE,"Pravoslava Veselého, 695 01 Hodonín, Česko",17.1300244,48.8563737
CZE,"Náměšť na Hané 723, 783 44 Loučany, Česko",17.084689,49.60125
CZE,"Skrbeňská, 783 35 Horka nad Moravou, Česko",17.1969099,49.6433476
CZE,"Bieblova 165/7, Povel, 779 00 Olomouc, Česko",17.2425729,49.581465
CZE,"Československé armády 650/13, 789 01 Zábřeh, Česko",16.8805885,49.8815033
CZE,"Školní 187, 789 73 Úsov, Česko",17.013492,49.802822
CZE,"Rafanda 472, 696 05 Milotice, Česko",17.1526495,48.95463
CZE,"Vřesovice 250, 696 48 Vřesovice, Česko",17.2106836,49.0612093
CZE,"Kolšov 196, 788 21 Kolšov, Česko",16.9454562,49.9036047
CZE,"Dražůvky 79, 696 33 Dražůvky, Česko",17.0187238,49.0307122
CZE,"Rudolfa Pavlů 1799/4, 789 01 Zábřeh, Česko",16.8780437,49.8697073
CZE,"Ke Koupališti 1500, 696 03 Dubňany, Česko",17.0964468,48.9156982
CZE,"Oskava 35, 788 01 Oskava, Česko",17.132549,49.8957738
CZE,"Kostelec 3, 696 51 Kostelec, Česko",17.1530889,49.0259559
CZE,"Zvole 119, 789 01 Zvole, Česko",16.9148291,49.8380347
CZE,"Za Humny 3128, 697 01 Kyjov, Česko",17.1235608,49.0265567
CZE,"Brněnská 777/777, 696 11 Mutěnice, Česko",17.0184605,48.9060019
CZE,"Paseka 143, 783 97 Paseka, Česko",17.2295043,49.7964107
CZE,"Nechvalín 16, 696 31 Nechvalín, Česko",17.0811572,49.0546367
CZE,"Zábřežská 212, 789 72 Dubicko, Česko",16.9610055,49.8286459
CZE,"Hoštejn 16, 789 01 Zábřeh, Česko",16.7744768,49.8746943
CZE,"Školní 3208, 697 01 Kyjov, Česko",17.1204889,49.0244381
CZE,"Hlavní 871, Mistřín, 696 04 Svatobořice-Mistřín, Česko",17.0848228,48.9743757
CZE,"Vrchlického 1742, 787 01 Šumperk, Česko",16.980938,49.9692098
CZE,"Malá Morava 40, 788 33 Malá Morava, Česko",16.8387137,50.0763746
CZE,"Horní Město 231, 793 44 Horní Město, Česko",17.212557,49.9070479
CZE,"Jedlí 240, 789 01 Zábřeh, Česko",16.7946087,49.9312257
CZE,"789 64 Bohdíkov, Česko",16.9020545,50.0109572
CZE,"Šumavská 2603, 787 01 Šumperk, Česko",16.9714254,49.9705965
CZE,"Masarykovo nám. 115/27, 695 01 Hodonín, Česko",17.1290659,48.8484027
CZE,"Havlíčkovo nám. 166, 679 06 Jedovnice, Česko",16.7549373,49.3433066
CZE,"41417, 691 44 Lednice, Česko",16.8116052,48.7946546
CZE,"Malé Hradisko 55, 798 49 Malé Hradisko, Česko",16.8758454,49.4927592
CZE,"Vítězná 510, 696 01 Rohatec, Česko",17.2067222,48.8884907
CZE,"U Školky, 696 01 Rohatec, Česko",17.1769792,48.8774762
CZE,"Smetanova 53, 798 52 Konice, Česko",16.8903795,49.5888397
CZE,"Zákostelí 143, 798 17 Smržice, Česko",17.1016416,49.504325
CZE,"Zákostelí 142/3, 798 17 Smržice, Česko",17.1021589,49.5055222
CZE,"Ptení 33, 798 43 Ptení, Česko",16.9611879,49.5111009
CZE,"Na Zámečku 184, 789 85 Mohelnice, Česko",16.922413,49.7778805
CZE,"Školní 80, 783 49 Lutín, Česko",17.1360931,49.5579529
CZE,"Mírov 36, 789 01 Mírov, Česko",16.8478734,49.7987327
CZE,"Brníčko 85, 789 75 Brníčko, Česko",16.968282,49.8957261
CZE,"Lesnice 159, 789 01 Lesnice, Česko",16.9435709,49.8849225
CZE,"Rájec 117, 789 01 Rájec, Česko",16.9029538,49.8567802
CZE,"Bystročice 65, 779 00 Bystročice, Česko",17.1936298,49.5361991
CZE,"Městečko Trnávka 103, 569 41 Městečko Trnávka, Česko",16.7269027,49.7107027
CZE,"tř. Svornosti 900, 779 00 Olomouc, Česko",17.2348518,49.5930423
CZE,"Vilémov 7, 783 22 Vilémov, Česko",16.9960333,49.6359598
CZE,"Olšany u Prostějova 3, 798 14 Olšany u Prostějova, Česko",17.1591776,49.535064
CZE,"Wolkerova 797, 779 00 Olomouc, Česko",17.2424286,49.5867239
CZE,"779 00 Olomouc, Česko",17.2360325,49.6168315
CZE,"Hlavní 12, 798 16 Čelechovice na Hané, Česko",17.0946441,49.5160878
CZE,"Dlážděná 104, 696 18 Lužice, Česko",17.0725823,48.8419397
CZE,"783 91 Medlov, Česko",17.0602915,49.7870454
CZE,"Pňovice 192, 784 01 Pňovice, Česko",17.157727,49.7210484
CZE,"Liboš 82, 783 13 Liboš, Česko",17.2258444,49.6911511
CZE,"Kosov 75, 789 01 Kosov, Česko",16.7975663,49.882638
CZE,"798 41 Bílovice-Lutotín, Česko",17.0336936,49.5208971
CZE,"Komenského 5, 798 58 Čechy pod Kosířem, Česko",17.0377275,49.5511092
CZE,"Žeravice 37, 696 47 Žeravice, Česko",17.235699,49.023285
CZE,"Okružní 1335, 696 42 Vracov, Česko",17.2180508,48.9760029
CZE,"Šumvald 199, 783 85 Šumvald, Česko",17.1321747,49.8306773
CZE,"Nádražní 828, 697 01 Kyjov, Česko",17.1221097,49.0135624
CZE,"Kolšov 139, 788 21 Kolšov, Česko",16.9440591,49.9035792
CZE,"Věteřov 207, 697 01 Věteřov, Česko",17.0536812,49.0314965
CZE,"Ježov 94, 696 48 Ježov, Česko",17.2116984,49.0244493
CZE,"Za Humny 3304, 697 01 Kyjov, Česko",17.1260314,49.0259934
CZE,"Prušánky 289, 696 21 Prušánky, Česko",16.987172,48.8285188
CZE,"Archlebov 357, 696 33 Archlebov, Česko",17.0059006,49.0447088
CZE,"Školní 3195/37, 697 01 Kyjov, Česko",17.1208118,49.0231758
CZE,"Mezi Mlaty 1108, 697 01 Kyjov, Česko",17.1271738,49.0082411
CZE,"Múdrá 1000, 696 02 Ratíškovice, Česko",17.16571,48.9176588
CZE,"798 61 Drahany, Česko",16.9005632,49.4351649
CZE,"Želetice 49, 696 37 Želetice, Česko",17.0072018,49.0163715
CZE,"569 44 Jaroměřice, Česko",16.7344121,49.6238669
CZE,"798 62 Rozstání, Česko",16.8511514,49.4035733
CZE,"Hvozd 84, 798 55 Hvozd, Česko",16.9123025,49.636419
CZE,"Rudice 115, 679 06 Rudice, Česko",16.725126,49.3387339
CZE,"Brodek u Konice 265, 798 46 Brodek u Konice, Česko",16.8322284,49.5488202
CZE,"Nádražní 19, 569 42 Chornice, Česko",16.7515313,49.6713945
CZE,"Bratrušov 107, 787 01 Bratrušov, Česko",16.9487735,50.0135251
CZE,"Dlouhá 195, 789 63 Ruda nad Moravou, Česko",16.8735053,49.977783
CZE,"Lipová 71, 798 45 Lipová, Česko",16.8617579,49.5256264
CZE,"Benešov 155, 679 53 Benešov, Česko",16.7762569,49.5104458
CZE,"Ptení 157, 798 43 Ptení, Česko",16.9579378,49.5106264
CZE,"Kladky 178, 798 54 Kladky, Česko",16.8338614,49.650102
CZE,"Školní 195, 696 17 Dolní Bojanovice, Česko",17.0239949,48.8571885
CZE,"Uhřice 94, 679 63 Uhřice, Česko",16.7358254,49.5975952
CZE,"Sídlištní 3661, 695 01 Hodonín, Česko",17.1316794,48.860412
CZE,"Sovadinova 565/1, 690 02 Břeclav, Česko",16.8861736,48.7584766
CZE,"Kupkova 1, 690 02 Břeclav, Česko",16.8832527,48.7631912
CZE,"Břetislavova 3149, 690 02 Břeclav, Česko",16.8900537,48.7524997
CZE,"U Školky 991, 696 01 Rohatec, Česko",17.178732,48.878567
CZE,"Úsobrno 33, 679 39 Úsobrno, Česko",16.7614813,49.5952365
CZE,"Otaslavice 525, 798 06 Otaslavice, Česko",17.073436,49.3878319
CZE,"690 02 Břeclav, Česko",16.893534,48.7510809
CZE,"Trávnická 618, 798 27 Němčice nad Hanou, Česko",17.2074785,49.3417648
CZE,"nábř. Komenského 2014, 690 02 Břeclav, Česko",16.8835434,48.7529439
CZE,"Prostějov 81, 796 01 Prostějov, Česko",17.1149329,49.4371191
CZE,"Slovácká 2703, 690 02 Břeclav, Česko",16.8908411,48.7572887
CZE,"sídl. E. Beneše 3858, 796 03 Prostějov, Česko",17.1171219,49.4803503
CZE,"Slatinice 64, Slatinice 125, 783 42 Slatinice, Česko",17.0994016,49.5626841
CZE,"Strážovská 967, 697 01 Kyjov, Česko",17.1137708,49.0082162
CZE,"Doloplazy 50, 798 26 Doloplazy, Česko",17.1599722,49.3500548
CZE,"Okrouhlá 64, 680 01 Okrouhlá, Česko",16.7319326,49.5076208
CZE,"7. května 134, 789 71 Leština, Česko",16.9322704,49.8696258
CZE,"Šárka 4348, 796 01 Prostějov, Česko",17.1179995,49.4648282
CZE,"Ohrozim 58, 798 03 Ohrozim, Česko",17.0194572,49.487954
CZE,"Bukovany 132, 696 31 Bukovany, Česko",17.1024762,49.0410398
CZE,"Želeč 153, 798 07 Želeč, Česko",17.0965619,49.3459367
CZE,"Haňovice 24, 783 21 Haňovice, Česko",17.040229,49.6797914
CZE,"Lipové nám. 20, Křelov, 783 36 Křelov-Břuchotín, Česko",17.2004263,49.6144024
CZE,"Stařechovice 125, 798 41 Stařechovice, Česko",17.0572309,49.5318626
CZE,"Pěnčín 17, 798 57 Pěnčín, Česko",17.0131382,49.5671224
CZE,"Němčice 152, 679 51 Němčice, Česko",16.7210937,49.4516784
CZE,"Vodní 514, 78344 Náměšť na Hané, 783 44, Česko",17.069198,49.605185
CZE,"Skoronice 94, 696 41 Skoronice, Česko",17.1549544,48.9819328
CZE,"Hněvotín 101, 783 47 Hněvotín, Česko",17.176658,49.5720438
CZE,"Slatinky 111, 783 42 Slatinice, Česko",17.0943852,49.5479148
CZE,"Podomí 155, 683 04 Podomí, Česko",16.8363618,49.3460987
CZE,"Ptení 31, 798 43 Ptení, Česko",16.9611296,49.5111158
CZE,"U Kovárny 350, 779 00 Olomouc, Česko",17.2268936,49.5956604
CZE,"Přemyslovice 21, 798 52 Přemyslovice, Česko",16.9248414,49.5726994
CZE,"Senetářov 74, 679 06 Senetářov, Česko",16.803591,49.3552116
CZE,"679 14 Ostrov u Macochy, Česko",16.7548247,49.3907314
CZE,"Sloup 241, 679 13 Sloup, Česko",16.7374666,49.4151444
CZE,"Vícov 7, 798 03 Vícov, Česko",16.9599878,49.4886984
CZE,"Havlíčkova 1042, 696 03 Dubňany, Česko",17.08982,48.9174517
CZE,"Sluneční 231, 569 42 Chornice, Česko",16.7418322,49.6653994
CZE,"Niva 119, 798 61 Niva, Česko",16.8552331,49.4415628
CZE,"Maletín 94, 789 01 Maletín, Česko",16.7843745,49.7995228
CZE,"Bílovská 33, 691 01 Moravský Žižkov, Česko",16.929074,48.8309563
CZE,"Nasobůrky 91, 783 21 Litovel, Česko",17.0566597,49.688035
CZE,"Paseka 142, 783 97 Paseka, Česko",17.2294621,49.7963894
CZE,"Břetislavova, 690 02 Břeclav, Česko",16.8894853,48.751153
CZE,"Herbenova 2969, 690 03 Břeclav, Česko",16.8881184,48.7693641
CZE,"Dlážděná 9, 696 18 Lužice, Česko",17.0705399,48.8423208
CZE,"Bílovice 70, 798 41 Bílovice-Lutotín, Česko",17.0433735,49.5115137
CZE,"Klopina 126, 789 73 Klopina, Česko",17.0193493,49.8181734
CZE,"sídl. Dukel. hrdinů 2799, 690 02 Břeclav, Česko",16.8862694,48.759247
CZE,"Postřelmůvek 73, 789 01 Postřelmůvek, Česko",16.8786516,49.9219379
CZE,"Břeclavská 360, 691 44 Lednice, Česko",16.8028229,48.7957989
CZE,"Moravičany 260, 789 82 Moravičany, Česko",16.9600921,49.7553503
CZE,"Na Stráži 512, 798 03 Plumlov, Česko",17.0185674,49.4651379
CZE,"Chromeč 149, 789 01 Chromeč, Česko",16.893985,49.9358159
CZE,"Kpt. Nálepky 186, Charvátská Nová Ves, 690 06 Břeclav, Česko",16.8477449,48.7635847
CZE,"U Splavu 9, 690 02 Břeclav, Česko",16.8844378,48.7656299
CZE,"Polní 502, 789 61 Bludov, Česko",16.9253395,49.9393286
CZE,"Čehovice 93, 798 21 Čehovice, Česko",17.1749793,49.4327906
CZE,"Hlavní 313, 788 33 Hanušovice, Česko",16.9311306,50.0736906
CZE,"4B, Nerudova 567, 787 01 Šumperk, Česko",16.9707015,49.9626743
CZE,"Hluchov 73, 798 41 Hluchov, Česko",16.9919827,49.5457967
CZE,"Zolova 1, 783 01 Olomouc, Česko",17.2347584,49.5690713
CZE,"Vrchlického 2712, 695 01 Hodonín, Česko",17.123748,48.8532763
CZE,"Starý Poddvorov 297, 696 16 Starý Poddvorov, Česko",16.9880042,48.8734256
CZE,"Hrabišín 139, 788 04 Hrabišín, Česko",17.0253693,49.9143417
CZE,"Zátiší 91, 798 12 Kralice na Hané, Česko",17.1815879,49.4637223
CZE,"798 21 Hrubčice, Česko",17.1937058,49.4497622
CZE,"Střeň 58, 783 32 Střeň, Česko",17.1534526,49.6913866
CZE,"Sportovní 135/13, 691 46 Ladná, Česko",16.8729702,48.8045098
CZE,"Na Zámečku 858, 789 85 Mohelnice, Česko",16.9240365,49.7776684
CZE,"Zahradní 1962, 789 01 Zábřeh, Česko",16.8697252,49.8831548
CZE,"Hrabová 52, 789 01 Hrabová, Česko",16.9537055,49.845496
CZE,"Třeština 9, 789 83 Úsov, Česko",16.9641042,49.7957719
CZE,"Libina 211, 788 05 Libina, Česko",17.0814901,49.8770911
CZE,"Šubířov 35, 798 52 Šubířov, Česko",16.8120739,49.6021354
CZE,"Na Valtické 337/4, Charvátská Nová Ves, 691 41 Břeclav, Česko",16.8576698,48.7571754
CZE,"Brodek u Konice 260, 798 46 Brodek u Konice, Česko",16.8308367,49.549311
CZE,"Jaroměřice 1, 569 44 Jaroměřice, Česko",16.7483813,49.6226163
CZE,"Malé Hradisko 364, 798 49 Malé Hradisko, Česko",16.8828414,49.4939277
CZE,"Jaroměřice 310, 569 44 Jaroměřice, Česko",16.7501868,49.6253728
CZE,"Cholina 35, 783 22 Cholina, Česko",17.0478669,49.6586641
CZE,"Slovácká 250, 691 53 Tvrdonice, Česko",16.9896498,48.7638817
CZE,"6, Břetislavova 578, 690 02 Břeclav, Česko",16.8901526,48.7522457
CZE,"Neklanova 36, 779 00 Olomouc, Česko",17.2146979,49.5560058
CZE,"Žádovice 89, 696 49 Žádovice, Česko",17.1979384,49.0115814
CZE,"Lipové nám. 29, Křelov, 783 36 Křelov-Břuchotín, Česko",17.2011273,49.6157086
CZE,"náměstí B. Martinů 5, 695 03 Hodonín, Česko",17.1086346,48.8575746
CZE,"Náklo 227, 783 32 Náklo, Česko",17.1311645,49.6534492
CZE,"Otinoves 177, 798 61 Otinoves, Česko",16.8714568,49.4215192
CZE,"Břeclav 727, 69006 Břeclav - Charvátská Nová Ves, Česko",16.853238,48.759143
CZE,"Hlavní 52, 691 56 Hrušky, Česko",16.9786868,48.7895873
CZE,"Hálkova, 789 85 Mohelnice, Česko",16.924044,49.7752296
CZE,"Šošůvka 186, 679 13 Šošůvka, Česko",16.7502934,49.411248
CZE,"Nádražní 350, 783 45 Senice na Hané, Česko",17.0910673,49.6241578
CZE,"Slovácká 39, 690 02 Břeclav, Česko",16.8913344,48.7577775
CZE,"Ústín 34, 783 46 Ústín, Česko",17.1570354,49.5857786
CZE,"Družstevní čtvrť 3129, 695 01 Hodonín, Česko",17.1187127,48.8587779
CZE,"Čapka Choda 917, 779 00 Olomouc, Česko",17.2310318,49.5956178
CZE,"Osvobození 47, 691 41 Břeclav, Česko",16.8673613,48.7520895
CZE,"Ostrov u Macochy 363, 679 14 Ostrov u Macochy, Česko",16.7619795,49.3800605
CZE,"Helsinská 11, 779 00 Olomouc, Česko",17.2275974,49.5972207
CZE,"Wolkerova 345, 779 00 Olomouc, Česko",17.2415171,49.5871413
CZE,"Lipovec 264, 679 15 Lipovec, Česko",16.8074103,49.3847914
CZE,"sídl. Svobody 3578, 796 01 Prostějov, Česko",17.0958991,49.4695264
CZE,"Baarova 226, 783 35 Olomouc, Česko",17.2312506,49.6379109
CZE,"Raisova 3117, 796 01 Prostějov, Česko",17.1008333,49.4661111
CZE,"Hanačka 254, 796 01 Prostějov, Česko",17.1093501,49.4758164
CZE,"Rumunská 1348, 796 01 Prostějov, Česko",17.1081103,49.467262
CZE,"Zámecká 348, 798 07 Brodek u Prostějova, Česko",17.0848884,49.3698829
CZE,"798 09 Vřesovice, Česko",17.1373051,49.4025164
CZE,"Pod školou 4a/399, 796 07 Držovice, Česko",17.136412,49.4898428
CZE,"Mozartova 3470, 796 01 Prostějov, Česko",17.1097249,49.4646072
CZE,"Květná 3968, 796 03 Prostějov, Česko",17.1131761,49.4817038
CZE,"U Jezérka 670, 696 02 Ratíškovice, Česko",17.1668159,48.9262714
CZE,"Svébohov 141, 789 01 Svébohov, Česko",16.8414199,49.9209839
CZE,"P. Jilemnického 3, 695 01 Hodonín, Česko",17.1122031,48.8574646
CZE,"Sídlištní 3993/4, 695 01 Hodonín, Česko",17.1354909,48.861103
CZE,"Nová 404, 789 69 Postřelmov, Česko",16.9142721,49.9077749
CZE,"Zahradní 182, 789 01 Zábřeh, Česko",16.8696284,49.883779
CZE,"Československé armády 649, 789 01 Zábřeh, Česko",16.8812022,49.8805531
CZE,"Drozdov 42, 789 01 Drozdov, Česko",16.7876499,49.9068443
CZE,"Pivín 244, 798 24 Pivín, Česko",17.1796797,49.3861159
CZE,"Čihadlo 862, 784 01 Litovel, Česko",17.0825047,49.6989361
CZE,"Troubelice 336, 783 83 Troubelice, Česko",17.075816,49.8172357
CZE,"Ráječek 6, 789 01 Zábřeh, Česko",16.8952497,49.8663697
CZE,"Pravoslava Veselého 2389, 695 01 Hodonín, Česko",17.1296243,48.8572284
CZE,"Hálkova 1135/12, 789 85 Mohelnice, Česko",16.9235294,49.7754775
CZE,"Gemerská 506, 784 01 Litovel, Česko",17.0758628,49.7097506
CZE,"Pivovarská 423, 561 69 Králíky, Česko",16.7568295,50.0840782
CZE,"Hnojice 59, 785 01 Hnojice, Česko",17.222731,49.7154959
CZE,"Újezd 116, 783 96 Újezd, Česko",17.1808987,49.7652402
CZE,"Horní Studénky 93, 789 01 Horní Studénky, Česko",16.809058,49.9547505
CZE,"Hrabová 139, 789 01 Hrabová, Česko",16.954938,49.8448584
CZE,"Gen. Krátkého 662, 787 01 Šumperk, Česko",16.9776959,49.972316
CZE,"1. máje 561, 783 86 Dlouhá Loučka, Česko",17.1881711,49.817035
CZE,"J. z Poděbrad 1216, 783 91 Uničov, Česko",17.1158425,49.7759293
CZE,"Prievidzská 2613/1, 787 01 Šumperk, Česko",16.9631975,49.9663909
CZE,"Nová Hradečná 189, 783 83 Nová Hradečná, Česko",17.0979171,49.8383883
CZE,"Komenského 202/2, 691 51 Lanžhot, Česko",16.9657544,48.7235831
CZE,"Evaldova 1867, 787 01 Šumperk, Česko",16.9739898,49.9684309
CZE,"Skřípov 169, 798 52 Skřípov, Česko",16.816428,49.5812671
CZE,"Kořenec 104, 680 01 Boskovice, Česko",16.7539972,49.5302943
CZE,"Smetanova 202, 798 52 Konice, Česko",16.8919589,49.5882565
CZE,"G. Frištenského 917, 784 01 Litovel, Česko",17.0773732,49.6955668
CZE,"Sídliště 555, 783 13 Štěpánov, Česko",17.2268311,49.6737112
CZE,"Okružní, Poštorná, 691 41 Břeclav, Česko",16.8596093,48.7513083
CZE,"569 43 Biskupice, Česko",16.759772,49.6458271
CZE,"Řezníčkova 25/1, 779 00 Olomouc, Česko",17.2335468,49.5750997
CZE,"798 26 Víceměřice, Česko",17.1714882,49.342963
CZE,"Husovo nám. 3973, 796 01 Prostějov, Česko",17.1256262,49.4687054
CZE,"K Sídlišti 194, 783 49 Lutín, Česko",17.147847,49.5567701
CZE,"Bílá Lhota 71, 783 21 Bílá Lhota, Česko",16.9738476,49.7110616
CZE,"Štefánikova 292, 695 01 Hodonín, Česko",17.1309474,48.8535979
CZE,"Hřbitovní 1760, 690 03 Břeclav, Česko",16.8913731,48.7764577
CZE,"Nádražní 147, 784 01 Červenka, Česko",17.0892156,49.7218432
CZE,"Protivanov 296, 79848, Česko",16.8334079,49.4807326
CZE,"Hlavní 53/2, 691 52 Kostice, Česko",16.982142,48.7475528
CZE,"Okružní 1091, 691 41 Břeclav, Česko",16.8589084,48.7504737
CZE,"Na Trati 218, 779 00 Olomouc, Česko",17.2313012,49.6058473
CZE,"Žižkova 2764, 695 01 Hodonín, Česko",17.1266971,48.8608493
CZE,"Partyzánská 34, 796 01 Prostějov, Česko",17.1145463,49.4750976
CZE,"Mozartova 152, 779 00 Olomouc, Česko",17.2382346,49.5951714
CZE,"U Sokolovny 973, 691 55 Moravská Nová Ves, Česko",17.0177715,48.8038155
CZE,"Aloise Krále 3651, 796 01 Prostějov, Česko",17.1198483,49.4775058
CZE,"Prostějovičky 67, 798 03 Plumlov, Česko",16.9984751,49.4275422
CZE,"Hornická 1098, 696 03 Dubňany, Česko",17.0934692,48.9168562
CZE,"Lužní 3894, 695 01 Hodonín, Česko",17.1356683,48.8534562
CZE,"Libušinka 1503, 796 01 Prostějov, Česko",17.1128425,49.4670758
CZE,"2, Škrétova 198, 779 00 Olomouc, Česko",17.234431,49.5960164
CZE,"Mezi Mlaty 811, 697 01 Kyjov, Česko",17.1270546,49.0082599
CZE,"Vysočany 178, 679 13 Vysočany, Česko",16.8117319,49.4323922
CZE,"Družstevní čtvrť 3149, 695 01 Hodonín, Česko",17.1192924,48.8596244
CZE,"Sídlištní 2, 695 04 Hodonín, Česko",17.1350029,48.8611019
CZE,"Jánošíkova 13, 695 01 Hodonín, Česko",17.1300757,48.8477141
CZE,"Dvořákova 3785, 796 01 Prostějov, Česko",17.1236677,49.4662498
CZE,"http://www.msvrbatky.estranky.cz/#utm_source=firmy.cz&utm_medium=ppd&utm_campaign=firmy.cz, 2158943, Česko",17.2003486,49.5067344
CZE,"Sudkov 265, 788 21 Sudkov, Česko",16.9450567,49.9132783
CZE,"Moravská 651, 561 69 Králíky, Česko",16.7585297,50.0827516
CZE,"Strejcova 132, 789 01 Zábřeh, Česko",16.8778834,49.886026
CZE,"Šumavská 1916, 787 01 Šumperk, Česko",16.9702951,49.9695589
CZE,"Bohutín 145, 789 62 Bohutín, Česko",16.8790877,49.9516006
CZE,"Cotkytle 210, 561 32 Cotkytle, Česko",16.7235004,49.936503
CZE,"Školní 85, 789 91 Štíty, Česko",16.7638911,49.9600212
CZE,"Součkova 254, 685 01 Bučovice, Česko",17.0057413,49.151732
CZE,"Bohdalice 51, 683 41 Hvězdlice, Česko",17.087377,49.1928828
CZE,"Křižkovského 1217, 790 01 Jeseník, Česko",17.2012034,50.2242457
CZE,"Vážany 20, 687 37 Vážany, Česko",17.3115473,49.034618
CZE,"Malá strana 785, 696 32 Ždánice, Česko",17.0276537,49.0679746
CZE,"Široká Niva 77, 792 01 Široká Niva, Česko",17.4805726,50.0632316
CZE,"Kollárova 1230, 698 01 Veselí nad Moravou, Česko",17.3875819,48.9485496
CZE,"Nedakonice 13, 687 38 Nedakonice, Česko",17.3851249,49.0312707
CZE,"Školní 482, 687 24 Uherský Ostroh, Česko",17.3991552,48.9872849
CZE,"Archlebov 352, 696 33 Archlebov, Česko",17.0099292,49.0423096
CZE,"Lázeňská 674, 788 15 Velké Losiny, Česko",17.0396765,50.0319985
CZE,"793 24 Karlova Studánka, Česko",17.3074614,50.0732681
CZE,"3138, Revoluční 32A, 787 01 Šumperk, Česko",16.9868246,49.9690444
CZE,"Zlechov 229, 687 10 Zlechov, Česko",17.3828445,49.072105
CZE,"Fučíkova 312/10, 790 01 Jeseník, Česko",17.2001949,50.2271827
CZE,"Komenského 1721, 686 03 Staré Město, Česko",17.4334664,49.0764274
CZE,"Mikulovice 97, 790 84 Mikulovice, Česko",17.2791784,50.2754383
CZE,"Dražovice 121, 683 01 Dražovice, Česko",16.946487,49.1937882
CZE,"Lubná 177, 767 01 Lubná, Česko",17.3968709,49.221186
CZE,"Kučerov 4, 682 01 Kučerov, Česko",17.0090944,49.2188339
CZE,"Hodějice 235, 684 01 Slavkov u Brna, Česko",16.9097217,49.1418831
CZE,"687 03 Kudlovice, Česko",17.4245596,49.1412612
CZE,"Bohdalice-Pavlovice 125, 683 41 Bohdalice-Pavlovice, Česko",17.0295905,49.2116869
CZE,"Moravany 72, 696 50 Moravany, Česko",17.1692172,49.0401933
CZE,"Zlechov 75, 687 10 Zlechov, Česko",17.3804047,49.0735036
CZE,"Rastislavova 460, 686 03 Staré Město, Česko",17.4426029,49.0770433
CZE,"Písečná 76, 790 82 Písečná, Česko",17.2527817,50.273356
CZE,"Černá Voda 30, 790 54 Černá Voda, Česko",17.1467281,50.3081535
CZE,"Komenského nám. 539, 686 01 Uherské Hradiště, Česko",17.4593657,49.0667529
CZE,"Tučapy 116, 683 01 Tučapy, Česko",16.9168794,49.2337539
CZE,"Vřesová 50, Sady, 686 01 Uherské Hradiště, Česko",17.4793557,49.05135
CZE,"Traplice 375, 687 04 Traplice, Česko",17.4334584,49.1363604
CZE,"Nížkovice 164, 684 01 Nížkovice, Česko",16.9018197,49.1093165
CZE,"28. října 982, 686 01 Uherské Hradiště, Česko",17.4751732,49.0672317
CZE,"Unnamed Road, 683 41 Bohdalice-Pavlovice, Česko",17.0318193,49.2141772
CZE,"Karolín 76, 768 21 Karolín, Česko",17.4335192,49.2307747
CZE,"Svatováclavská 943, 686 01 Uherské Hradiště, Česko",17.4629063,49.062437
CZE,"Nesovice 154, 683 33 Nesovice, Česko",17.0842635,49.1512527
CZE,"Sušice 54, 687 04 Sušice, Česko",17.4489806,49.1231734
CZE,"790 53 Stará Červená Voda, Česko",17.1997724,50.343986
CZE,"Bušín 150, 789 62 Bušín, Česko",16.8347902,49.9759439
CZE,"Lysovice 117, 682 01 Lysovice, Česko",16.9760677,49.2185979
CZE,"561 34 Výprachtice, Česko",16.6633125,49.9846821
CZE,"Revoluční 743, 686 01 Uherské Hradiště, Česko",17.4546516,49.068035
CZE,"Mikulovice 151, 790 84 Mikulovice, Česko",17.2808216,50.2705435
CZE,"Petrov 281, 696 65 Petrov, Česko",17.2755666,48.8810594
CZE,"Hroznová Lhota 338, 696 63 Hroznová Lhota, Česko",17.4202212,48.9075655
CZE,"Za Radnicí 1823, 686 03 Staré Město, Česko",17.445772,49.0750388
CZE,"U Jezérka 826, 696 02 Ratíškovice, Česko",17.1666102,48.9247397
CZE,"Sobůlky 280, 697 01 Sobůlky, Česko",17.0790384,49.0165709
CZE,"Ke Splavu 318, 788 13 Vikýřovice, Česko",17.0020246,49.9691331
CZE,"Jeremenkova 1789, 787 01 Šumperk, Česko",16.9899016,49.9660865
CZE,"Heršpice 17, 684 01 Heršpice, Česko",16.9153483,49.119514
CZE,"Bělá pod Pradědem 258, 790 01 Bělá pod Pradědem, Česko",17.1925792,50.1990915
CZE,"Jeremenkova 1784, 787 01 Šumperk, Česko",16.9910006,49.9657855
CZE,"Rastislavova 1800, 686 03 Staré Město, Česko",17.4438089,49.0769659
CZE,"Kučerov 178, 682 01 Kučerov, Česko",16.9965439,49.21366
CZE,"Štěpnická 1111, 686 06 Uherské Hradiště, Česko",17.4461702,49.0662294
CZE,"Komenského 483, 687 08 Buchlovice, Česko",17.342145,49.0861305
CZE,"Vítězná 701, 696 02 Ratíškovice, Česko",17.1608232,48.925067
CZE,"Dolina 575, 696 61 Vnorovy, Česko",17.3503143,48.9294784
CZE,"4257, 696 06 Vacenovice, Česko",17.1741383,48.9469674
CZE,"696 66 Sudoměřice, Česko",17.2575528,48.868131
CZE,"Husova 574, 697 01 Kyjov, Česko",17.12292,49.0144304
CZE,"B. Němcové 1471, 696 81 Bzenec, Česko",17.2701966,48.9738455
CZE,"Strážovice 36, 696 38 Strážovice, Česko",17.0447647,49.010042
CZE,"Hutník 1750, 698 01 Veselí nad Moravou, Česko",17.3928373,48.9516334
CZE,"Lovčice 114, 696 39 Lovčice, Česko",17.0563299,49.0656328
CZE,"Litenčice 165, 768 13 Litenčice, Česko",17.2094838,49.2033872
CZE,"Kostelany 107, 767 01 Kostelany, Česko",17.3834768,49.2020153
CZE,"Hovorany 594, 696 12 Hovorany, Česko",16.9826113,48.9543962
CZE,"Osvětimany 282, 687 42 Osvětimany, Česko",17.2553659,49.056613
CZE,"Košíky 37, 687 04 Košíky, Česko",17.4151059,49.157971
CZE,"Tasova 272, 683 33 Brankovice, Česko",17.1299716,49.1567284
CZE,"Vřesovice 41, 696 48 Vřesovice, Česko",17.2172868,49.0589477
CZE,"Ke Koupališti 1491, 696 03 Dubňany, Česko",17.0965022,48.915456
CZE,"Masarykovo nám. 58, 697 01 Kyjov, Česko",17.1259136,49.0097064
CZE,"Vacenovice 581, 696 06 Vacenovice, Česko",17.1775259,48.9411984
CZE,"Radějov 1, 696 67 Radějov, Česko",17.3392656,48.8616199
CZE,"Kněždub 148, 696 64 Kněždub, Česko",17.393345,48.886613
CZE,"Nádražní 1333, 697 01 Kyjov, Česko",17.1226829,49.0143142
CZE,"Na Hrázi 204, Milokošť, 698 01 Veselí nad Moravou, Česko",17.3932545,48.9693168
CZE,"Vrbátky 985, 696 04 Svatobořice-Mistřín, Česko",17.0847618,48.974191
CZE,"Karlova Studánka 18, 793 24 Karlova Studánka, Česko",17.307635,50.072224
CZE,"Domanín 256, 696 83 Domanín, Česko",17.2818718,49.001066
CZE,"Skalická, 696 62 Strážnice, Česko",17.303074,48.8956905
CZE,"Holčovice 176, 793 71 Holčovice, Česko",17.486079,50.1559328
CZE,"Lázeňská 544, 793 76 Zlaté Hory, Česko",17.3914582,50.2522031
CZE,"Jesenická 357, 793 26 Vrbno pod Pradědem, Česko",17.3720862,50.1224991
CZE,"Ve Svahu 578, 793 26 Vrbno pod Pradědem, Česko",17.3827122,50.1183395
CZE,"Karlovice 143, 793 23 Karlovice, Česko",17.4452432,50.1056779
CZE,"793 71 Holčovice, Česko",17.473152,50.163064
CZE,"Andělská Hora 215, 793 32 Andělská Hora, Česko",17.3902599,50.0601635
CZE,"Holčovice 242, 793 71 Holčovice, Česko",17.4884727,50.1563247
CZE,"Olšovská 1428, 696 81 Bzenec, Česko",17.2791293,48.9717937
CZE,"Červená Voda 341, 561 61 Červená Voda, Česko",16.7439695,50.0422059
CZE,"Vápenná 225, 790 64 Vápenná, Česko",17.0974418,50.282816
CZE,"Polešovice 600, 687 37 Polešovice, Česko",17.342591,49.029921
CZE,"Petrov 129, 696 65 Petrov, Česko",17.275627,48.8816307
CZE,"768 03 Roštín, Česko",17.288029,49.1962448
CZE,"Dolina 602, 696 61 Vnorovy, Česko",17.350318,48.9295316
CZE,"Nádvoří 37, 687 06 Velehrad, Česko",17.3958936,49.1034882
CZE,"Rapotín 556, 788 14 Rapotín, Česko",17.0347487,50.0137651
CZE,"Kozojídky 77, 696 63 Kozojídky, Česko",17.3998813,48.9173082
CZE,"Letošov 74, 683 33 Nesovice, Česko",17.0760307,49.1468681
CZE,"Vinohradská 276, Zarazice, 698 01 Veselí nad Moravou, Česko",17.3660887,48.9372227
CZE,"Školní 188, 683 35 Letonice, Česko",16.9624516,49.1768726
CZE,"793 51 Velká Štáhle, Česko",17.3520848,49.9303201
CZE,"Křižanovice 101, 685 01 Křižanovice, Česko",16.9405954,49.1443859
CZE,"Tupesy 112, 687 07 Tupesy, Česko",17.3701922,49.0842371
CZE,"U Rybníka 1344, 792 01 Bruntál, Česko",17.458846,49.984319
CZE,"Ždánská 107, 685 01 Bučovice, Česko",17.0056632,49.1337057
CZE,"Suchý řádek 209, 687 08 Buchlovice, Česko",17.3390468,49.0881877
CZE,"Oborná 80, 792 01 Oborná, Česko",17.4966092,50.0031299
CZE,"Zámecké nám. 83, 783 53 Velká Bystřice, Česko",17.3567826,49.5940353
CZE,"Lužice 71, 785 01 Lužice, Česko",17.2641682,49.7169555
CZE,"Selské nám. 33, 779 00 Olomouc, Česko",17.2916243,49.6127932
CZE,"U Dráhy 1869, 785 01 Šternberk, Česko",17.2897667,49.7172345
CZE,"Herrmannova 510, 779 00 Olomouc, Česko",17.25728,49.6049513
CZE,"Hřbitovní 102, 793 51 Břidličná, Česko",17.3630628,49.9110296
CZE,"Gagarinova 95, 779 00 Olomouc, Česko",17.3321626,49.6170498
CZE,"Holečkova 90, Povel, 779 00 Olomouc, Česko",17.2509647,49.5791429
CZE,"Zeyerova 974, 779 00 Olomouc, Česko",17.2727682,49.5926167
CZE,"Nový Malín 303, 788 03 Nový Malín, Česko",17.0291507,49.9425413
CZE,"Petřkova 41/3, Černovír, 779 00 Olomouc, Česko",17.2582244,49.6138894
CZE,"Havlíčkova 213, 682 01 Vyškov, Česko",16.9968666,49.2799043
CZE,"Puškinova 527, 682 01 Vyškov, Česko",16.9847848,49.2794635
CZE,"Optiky 14, 750 02 Přerov, Česko",17.4710347,49.4528788
CZE,"Jarní 639, 682 01 Vyškov, Česko",17.0000796,49.2827432
CZE,"Dědická 555, 682 01 Vyškov, Česko",16.9836648,49.2876951
CZE,"Grymovská, 750 02 Přerov, Česko",17.4868466,49.4632711
CZE,"Tyršova 570, 768 11 Chropyně, Česko",17.3649692,49.3616269
CZE,"Za Humny 203, 751 24 Přerov, Česko",17.446352,49.485663
CZE,"Bajákova 832, 750 02 Přerov, Česko",17.4487341,49.4617691
CZE,"Gorkého 2566, 767 01 Kroměříž, Česko",17.3982045,49.2921102
CZE,"Mlýnská 366/2, 683 23 Ivanovice na Hané, Česko",17.0907862,49.3047603
CZE,"Páleníčkova 2851, 767 01 Kroměříž, Česko",17.3925346,49.2886342
CZE,"Štěchovice 1361, 767 01 Kroměříž, Česko",17.3828796,49.2995551
CZE,"Kollárova 3945, 767 01 Kroměříž, Česko",17.3914839,49.2949493
CZE,"Spáčilova 3239, 767 01 Kroměříž, Česko",17.4004826,49.298612
CZE,"Zdounky 28, 768 02 Zdounky, Česko",17.3220633,49.2276547
CZE,"Štítného 3712, 767 01 Kroměříž, Česko",17.4085925,49.2987478
CZE,"Žižkova 4019, 767 01 Kroměříž, Česko",17.3857181,49.2903244
CZE,"Čtvrtníčkova 251, 682 01 Vyškov, Česko",17.0027189,49.2740636
CZE,"Jesenická 448, 793 26 Vrbno pod Pradědem, Česko",17.3751701,50.1218715
CZE,"Lutopecny 1, 767 01 Kroměříž, Česko",17.3446059,49.3022445
CZE,"Kalvodova 360/66, 790 01 Jeseník, Česko",17.1857026,50.2350877
CZE,"Lipovská 294, 790 01 Jeseník, Česko",17.1976076,50.2281542
CZE,"Karlovice 92, 793 23 Karlovice, Česko",17.4384972,50.1078014
CZE,"Jesenická 235, 790 81 Česká Ves, Česko",17.2134815,50.2455652
CZE,"Dražovice 255, 683 01 Dražovice, Česko",16.9458403,49.1935089
CZE,"Rašovice 66, 685 01 Rašovice, Česko",16.9476784,49.1215072
CZE,"Prostřední Lipka 2, 561 69 Králíky, Česko",16.7538172,50.1003644
CZE,"Ve Svahu 578/12, 793 26 Vrbno pod Pradědem, Česko",17.3827073,50.1183154
CZE,"Osvobození 57, 788 15 Velké Losiny, Česko",17.0521151,50.0407362
CZE,"U Hřbitova 788, 696 32 Ždánice, Česko",17.0284896,49.0681911
CZE,"Kostelany nad Moravou 151, 686 01 Kostelany nad Moravou, Česko",17.4069299,49.0473152
CZE,"Nedakonice 236, 687 38 Nedakonice, Česko",17.3861773,49.0308034
CZE,"Polešovice 682, 687 37 Polešovice, Česko",17.3432045,49.0291643
CZE,"Lovčice 119, 696 39 Lovčice, Česko",17.0555407,49.0648298
CZE,"Roštín 368, 768 03 Roštín, Česko",17.2867251,49.1896545
CZE,"Nemochovice 6, 683 33 Nemochovice, Česko",17.1348105,49.1796115
CZE,"Moravany 76, 696 50 Moravany, Česko",17.1710421,49.040679
CZE,"Na Padělcích 863, 685 01 Bučovice, Česko",17.0108851,49.1513412
CZE,"Holanova 53, 790 81 Česká Ves, Česko",17.2230137,50.255069
CZE,"Adolfovice 170, 790 01 Jeseník, Česko",17.1944179,50.1924247
CZE,"Jívová 230, 783 16 Jívová, Česko",17.3972499,49.7093315
CZE,"Smetanova 1116/21, 792 01 Bruntál, Česko",17.4716767,49.9923068
CZE,"Dvorská 931, 685 01 Bučovice, Česko",17.008059,49.1474928
CZE,"Dětřichov nad Bystřicí 182, 793 03 Dětřichov nad Bystřicí, Česko",17.4018413,49.8319098
CZE,"Komenského 2147, 785 01 Šternberk, Česko",17.2904315,49.727251
CZE,"Hutník 1496, 698 01 Veselí nad Moravou, Česko",17.3927149,48.9542448
CZE,"Kovařovicova 237, 779 00 Olomouc, Česko",17.3406083,49.6277568
CZE,"Michalské stromořadí 782, 779 00 Olomouc, Česko",17.2567055,49.5908744
CZE,"Okružní 1782, 792 01 Bruntál, Česko",17.4668711,49.9858733
CZE,"Nádražní 1302, 785 01 Šternberk, Česko",17.2893089,49.7229924
CZE,"Komenského 938, 792 01 Bruntál, Česko",17.4664305,49.9913848
CZE,"Blanická 471/16, Hodolany, 779 00 Olomouc, Česko",17.2742902,49.5949304
CZE,"nám. 9. května 595, 793 05 Moravský Beroun, Česko",17.4431646,49.7927814
CZE,"Staré Město 6, 792 01 Staré Město, Česko",17.4377121,50.0031158
CZE,"Rýmařovská 282, 793 56 Ryžoviště, Česko",17.3578306,49.8787823
CZE,"Velkomoravská 168, 696 85 Moravský Písek, Česko",17.3320121,48.9893746
CZE,"Mrsklesy 49, 783 65 Mrsklesy, Česko",17.3987935,49.601418
CZE,"Lázeňská 237, 788 15 Velké Losiny, Česko",17.0396136,50.0320976
CZE,"696 84 Těmice, Česko",17.2658567,49.0036786
CZE,"Tyršova 714, 698 01 Veselí nad Moravou, Česko",17.378366,48.9490838
CZE,"Táboritů 61, 779 00 Olomouc, Česko",17.2817789,49.5988489
CZE,"Smetanova 1539, 696 62 Strážnice, Česko",17.3206413,48.9009101
CZE,"Rooseveltova 101, 779 00 Olomouc, Česko",17.2579062,49.5787857
CZE,"Náves Svobody 628, 779 00 Olomouc, Česko",17.2946599,49.5724551
CZE,"Blahoslavova 1101, 779 00 Olomouc, Česko",17.2682927,49.597978
CZE,"Moravská, 561 69 Králíky, Česko",16.7597126,50.0825521
CZE,"Loučná nad Desnou 58, 788 11 Loučná nad Desnou, Česko",17.0912061,50.0717699
CZE,"Nevojice 67, 685 01 Nevojice, Česko",17.0488632,49.1344025
CZE,"Zámecká 97, 788 13 Vikýřovice, Česko",17.0128924,49.9786984
CZE,"Ořechov 255, 687 37 Ořechov, Česko",17.3005186,49.0292856
CZE,"Nádvoří 100, 687 06 Velehrad, Česko",17.3946675,49.1043825
CZE,"Žižkovo nám. 888, 779 00 Olomouc, Česko",17.2650183,49.5963494
CZE,"Suchý řádek 208, 687 08 Buchlovice, Česko",17.339361,49.0886346
CZE,"Hlavní 145, 788 33 Hanušovice, Česko",16.931151,50.0743435
CZE,"Revoluční 197, 788 15 Velké Losiny, Česko",17.0522495,50.0431252
CZE,"Koryčanská 47, 768 04 Střílky, Česko",17.2144228,49.1396328
CZE,"Lipová-lázně 530, 790 61 Lipová-lázně, Česko",17.1339385,50.2279601
CZE,"Podhájí 520, 696 85 Bzenec, Česko",17.310391,48.9786852
CZE,"Milonice 66, 683 33 Milonice, Česko",17.0713588,49.1602699
CZE,"683 33 Snovídky, Česko",17.1058551,49.1331849
CZE,"Školní 679, 687 24 Uherský Ostroh, Česko",17.397854,48.9869082
CZE,"788 23 Jindřichov, Česko",16.9916832,50.1005714
CZE,"Medlovice 140, 687 41 Medlovice, Česko",17.2696453,49.0518862
CZE,"Kněždub 117, 696 64 Kněždub, Česko",17.3955417,48.8857288
CZE,"Mouchnice 7, 683 33 Nesovice, Česko",17.1363524,49.1105699
CZE,"Loučná nad Desnou 4, 788 11 Loučná nad Desnou, Česko",17.0910696,50.0718173
CZE,"Loučná nad Desnou 70, 788 11 Loučná nad Desnou, Česko",17.0890845,50.0709371
CZE,"Nádražní 77, 788 32 Staré Město, Česko",16.9453913,50.1610648
CZE,"Břestek 102, 687 08 Břestek, Česko",17.3561553,49.094795
CZE,"Jankovice 22, 687 04 Jankovice, Česko",17.3871821,49.1543524
CZE,"Sídliště 836, 687 24 Uherský Ostroh, Česko",17.403825,48.9907593
CZE,"Pivodova 761, 768 05 Koryčany, Česko",17.1723356,49.1118579
CZE,"Stříbrnice 13, 687 09 Stříbrnice, Česko",17.3087747,49.057102
CZE,"Školní 162, 683 35 Letonice, Česko",16.9634967,49.1755139
CZE,"Komenského 301, 763 26 Luhačovice, Česko",17.7537883,49.0999986
CZE,"790 52 Velké Kunětice, Česko",17.2631306,50.3223541
CZE,"Větrná 1063, 686 05 Uherské Hradiště, Česko",17.4784749,49.0589686
CZE,"Březová 6, 763 15 Březová, Česko",17.7914033,49.2603862
CZE,"Pivovarská 200, 686 01 Uherské Hradiště, Česko",17.493958,49.085303
CZE,"Čermná ve Slezsku 81, 749 01 Čermná ve Slezsku, Česko",17.7056604,49.7836814
CZE,"Bratří Hlaviců 76, 755 01 Vsetín, Česko",18.0033374,49.3369933
CZE,"Nedachlebice 282, 687 12 Nedachlebice, Česko",17.5917201,49.0984006
CZE,"Blodkovo nám. 27, 779 00 Olomouc, Česko",17.2914323,49.6228514
CZE,"76, 768 21, Česko",17.4647469,49.2330954
CZE,"Seifertova 701, 757 01 Valašské Meziříčí, Česko",17.9668985,49.4751764
CZE,"Hlavní 188, 742 47 Hladké Životice, Česko",17.9734731,49.6829882
CZE,"Komenského 509, 741 01 Nový Jičín, Česko",18.017576,49.596653
CZE,"Komenského 700, 742 13 Studénka, Česko",18.0746789,49.7196059
CZE,"Školní 76, 753 62 Potštát, Česko",17.6518634,49.6393149
CZE,"Studentská 1095, Město, 753 01 Hranice, Česko",17.7304302,49.5528971
CZE,"Hranická 426, 751 31 Lipník nad Bečvou, Česko",17.600239,49.5290683
CZE,"Kyjovice 101, 747 68 Kyjovice, Česko",18.0389681,49.8314083
CZE,"Hranická 511/45, Město, 751 31 Lipník nad Bečvou, Česko",17.5979975,49.5290294
CZE,"Náves B. Smetany, 751 31 Týn nad Bečvou, Česko",17.6195744,49.5173622
CZE,"Hrabyně 170, 747 63 Hrabyně, Česko",18.0559525,49.8812826
CZE,"Osek nad Bečvou 78, 751 22 Osek nad Bečvou, Česko",17.5252864,49.510768
CZE,"Dvořákovo stromořadí 1100, 753 01 Hranice, Česko",17.7435692,49.5361113
CZE,"Masarykova 358, 742 45 Fulnek, Česko",17.9078843,49.715131
CZE,"Budovatelská 580, 742 13 Studénka, Česko",18.0553939,49.7106142
CZE,"741 01 Bernartice nad Odrou, Česko",17.9481586,49.6093842
CZE,"Hodslavice 505, 742 71 Hodslavice, Česko",18.0268285,49.538303
CZE,"Školní 199, 747 74 Neplachovice, Česko",17.8050608,49.9950101
CZE,"Velké Albrechtice 116, 742 91 Velké Albrechtice, Česko",18.0494904,49.7509977
CZE,"659, Poštovní, 742 13 Studénka, Česko",18.0476167,49.7128595
CZE,"Loučská 1175, 751 31 Lipník nad Bečvou, Česko",17.5911444,49.5310911
CZE,"Trnava 326, 763 18 Trnava, Česko",17.8387836,49.2924674
CZE,"Školní 211, 751 21 Prosenice, Česko",17.4801254,49.4914267
CZE,"300 Hodslavice, Česko",18.0247677,49.5413685
CZE,"Dolní nám. 1000, 755 01 Vsetín, Česko",17.9929443,49.3402573
CZE,"Kladeruby 105, 756 43 Kladeruby, Česko",17.8623341,49.4931164
CZE,"Rovná 400, 763 15 Slušovice, Česko",17.7961424,49.2494614
CZE,"Mostní 101, 757 01 Valašské Meziříčí, Česko",17.9719561,49.4725739
CZE,"Slovenská 2012, 755 01 Vsetín, Česko",18.0036271,49.3265181
CZE,"Ohrada 1871, 755 01 Vsetín, Česko",18.0022301,49.3277939
CZE,"Říkovice 11, 751 18 Říkovice, Česko",17.4473725,49.382007
CZE,"Janáčkova 768, Krásno nad Bečvou, 757 01 Valašské Meziříčí, Česko",17.9636214,49.4716721
CZE,"Valašská Polanka 81, 756 11 Valašská Polanka, Česko",17.995816,49.2596484
CZE,"Školní 633, 768 72 Chvalčov, Česko",17.7035151,49.3940805
CZE,"Pačlavice 100, 768 33 Pačlavice, Česko",17.1818286,49.2489636
CZE,"683 23 Švábenice, Česko",17.1266915,49.2752947
CZE,"Víceměřice 62, 798 26 Víceměřice, Česko",17.1714895,49.3429384
CZE,"Kroměříž 41, 767 01 Kroměříž, Česko",17.4330456,49.2691793
CZE,"P. Křížkovského 158, 747 62 Mokré Lazce, Česko",18.0293948,49.9046848
CZE,"Anenská 119, Jaroslavice, 760 01 Zlín, Česko",17.7043763,49.2093021
CZE,"Dlouhá 23, 763 15 Slušovice, Česko",17.8006494,49.2482007
CZE,"Školní 38, 747 64 Budišovice, Česko",18.0397026,49.8612347
CZE,"nám. T. G. Masaryka 1279, 760 01 Zlín, Česko",17.6636644,49.2201879
CZE,"Na Výpustě 141, Štípa, 763 14 Zlín, Česko",17.720689,49.261682
CZE,"Lazy V 3695, 760 01 Zlín, Česko",17.6812308,49.2196817
CZE,"Újezd 252, 763 25 Újezd, Česko",17.90324,49.1725493
CZE,"Drnovice 104, 763 25 Drnovice, Česko",17.9572662,49.1791357
CZE,"Prakšice 20, 687 56 Prakšice, Česko",17.6311213,49.068603
CZE,"Podhradní Lhota 80, 768 71 Podhradní Lhota, Česko",17.7943845,49.4213216
CZE,"Louka 52, 696 76 Louka, Česko",17.4907818,48.9146753
CZE,"Březová 102, 687 67 Březová, Česko",17.7429748,48.9306972
CZE,"Brodská 117, 688 01 Uherský Brod, Česko",17.6248394,49.0313712
CZE,"Husova 838, 686 06 Uherské Hradiště, Česko",17.4524823,49.06598
CZE,"Horní Lideč 57, 756 12 Horní Lideč, Česko",18.0653715,49.1821816
CZE,"Popovice 150, 686 04 Popovice, Česko",17.526104,49.0522284
CZE,"Dvorského 115/33, 779 00 Olomouc, Česko",17.3420733,49.6294753
CZE,"Kelč 59, 756 43 Kelč, Česko",17.8196212,49.4780123
CZE,"Na Odpoledni 675, 750 02 Přerov, Česko",17.4428979,49.4557817
CZE,"Podhájí 291, 687 34 Uherský Brod, Česko",17.6820181,49.0357873
CZE,"Kunín 346, 742 53 Kunín, Česko",17.9851352,49.6335701
CZE,"Bělotín 2, 753 64 Bělotín, Česko",17.8030783,49.5875645
CZE,"Javorník 260, 696 74 Javorník, Česko",17.53176,48.8612036
CZE,"Stará Rudná 121, 793 35 Rudná pod Pradědem, Česko",17.3778787,50.0214366
CZE,"Komňa 169, 687 71 Komňa, Česko",17.7990522,48.9957969
CZE,"Na Pastvisku 1522, 747 05 Opava, Česko",17.9072888,49.9473441
CZE,"Dvořákova 37, 747 05 Opava-Malé Hoštice, Česko",17.9456095,49.9362337
CZE,"Mankovice 140, 742 35 Mankovice, Česko",17.8920256,49.637832
CZE,"Hranická 100, 753 61 Hranice, Česko",17.6988549,49.5503542
CZE,"Komenského 113, 687 51 Nivnice, Česko",17.6465244,48.9737956
CZE,"Hlučínská 256, 747 21 Kravaře, Česko",18.028591,49.9297741
CZE,"Tršice 315, 783 57 Tršice, Česko",17.4297891,49.5426417
CZE,"Náves B. Smetany 195, 751 31 Týn nad Bečvou, Česko",17.6195622,49.5173869
CZE,"Hranice 35, 753 01 Hranice, Česko",17.7065995,49.5869926
CZE,"Jezernice 39, 751 31 Jezernice, Česko",17.626084,49.5460532
CZE,"Lipník nad Bečvou 32, 751 31 Lipník nad Bečvou, Česko",17.5932865,49.5531401
CZE,"Šromotovo nám. 177, Město, 753 01 Hranice, Česko",17.7324055,49.5511798
CZE,"Jubilejní 484/3, 741 01 Nový Jičín, Česko",17.9997388,49.595679
CZE,"Lechotice 86, 768 52 Lechotice, Česko",17.58782,49.2756498
CZE,"Jindřichov 76, 753 01 Jindřichov, Česko",17.7483287,49.643139
CZE,"Sokolská 352, 768 32 Zborovice, Česko",17.282965,49.247317
CZE,"Martinice 16, 769 01 Martinice, Česko",17.6025012,49.3097267
CZE,"Holešov 177, 769 01 Holešov, Česko",17.6091732,49.3318643
CZE,"Masarykova 63, 763 62 Tlumačov, Česko",17.4951191,49.2550408
CZE,"Ladislava Pavlíka 3764, 767 01 Kroměříž, Česko",17.3771554,49.2999364
CZE,"Ludslavice 138, 768 52 Ludslavice, Česko",17.5392466,49.2976014
CZE,"747 74 Holasovice, Česko",17.8083788,49.9983787
CZE,"Bernartice nad Odrou 80, 741 01 Bernartice nad Odrou, Česko",17.9477962,49.6087915
CZE,"Hranická 511, Město, 751 31 Lipník nad Bečvou, Česko",17.5979881,49.5290424
CZE,"Souhradní 1393, Město, 751 31 Lipník nad Bečvou, Česko",17.5867065,49.5223087
CZE,"Lazníky 13, 751 25 Lazníky, Česko",17.4638997,49.5243255
CZE,"Slezská 316, 747 57 Slavkov, Česko",17.8349503,49.9194262
CZE,"Všechovice 88, 753 53 Všechovice, Česko",17.7625138,49.460845
CZE,"Ostravská 658, 743 01 Bílovec, Česko",18.0224396,49.7592042
CZE,"1. května 32, 751 17 Horní Moštěnice, Česko",17.4608322,49.4108304
CZE,"Záhumenní 271, 747 62 Mokré Lazce, Česko",18.0302858,49.9028132
CZE,"Kroměříž 78, 767 01 Kroměříž, Česko",17.3607157,49.318143
CZE,"Sazovice 78, 763 01 Sazovice, Česko",17.5689097,49.2407782
CZE,"Návesní 64, 760 01 Zlín, Česko",17.6443612,49.238046
CZE,"Březová 78, 747 44 Březová, Česko",17.8639522,49.7876822
CZE,"U školy, 747 70 Opava-Komárov, Česko",17.9679599,49.9150119
CZE,"Loukov 216, 768 75 Loukov, Česko",17.721313,49.4203319
CZE,"Sušice 63, 751 11 Sušice, Česko",17.5377021,49.485809
CZE,"Zámecká 147, 743 01 Bílovec, Česko",18.015476,49.7558241
CZE,"Zámecká 422, 783 72 Velký Týnec, Česko",17.3324576,49.5512481
CZE,"Školní 58, 747 41 Branka u Opavy, Česko",17.8819068,49.8878023
CZE,"Těškovice 92, 747 64 Těškovice, Česko",18.0197171,49.8144364
CZE,"Uhlířov 48, 747 84 Uhlířov, Česko",17.8383964,49.8959131
CZE,"Lutinovova 42, 796 01 Prostějov, Česko",17.1128734,49.4716994
CZE,"Pavlovice u Přerova 39, 751 11 Pavlovice u Přerova, Česko",17.5478991,49.4696094
CZE,"Pod strání 930/2, 743 01 Bílovec, Česko",18.021013,49.7543598
CZE,"Slatina 34, 742 93 Slatina, Česko",17.9775819,49.7884216
CZE,"Přerovská 51, Rychlov, 768 61 Bystřice pod Hostýnem, Česko",17.6514607,49.4032453
CZE,"Školní 367, 751 14 Dřevohostice, Česko",17.596885,49.4242404
CZE,"Babice 60, 687 03 Babice, Česko",17.4808003,49.1214272
CZE,"Za školou, Prštné, 763 02 Zlín, Česko",17.6371286,49.2213532
CZE,"Horní Lideč 22, 756 12 Horní Lideč, Česko",18.0649728,49.1820947
CZE,"K. H. Máchy 266, Kvítkovice, 765 02 Otrokovice, Česko",17.5403983,49.1978127
CZE,"Bratřejov 121, 763 12 Bratřejov, Česko",17.9132559,49.2225108
CZE,"Topolná 460, 687 11 Topolná, Česko",17.5413428,49.12351
CZE,"763 24 Vlachovice, Česko",17.9482371,49.1357712
CZE,"Lidečko 183, 756 12 Lidečko, Česko",18.0523604,49.2027822
CZE,"Hlušovice 36, 783 14 Hlušovice, Česko",17.279583,49.6372195
CZE,"Dolany 174, 783 16 Dolany, Česko",17.3235016,49.6461213
CZE,"Vybíralova 77900, 779 00 Samotišky, Česko",17.328505,49.6318682
CZE,"Tovéř 18, 783 16 Tovéř, Česko",17.3195384,49.6393783
CZE,"Školní 111, 751 11 Radslavice, Česko",17.5210792,49.4779818
CZE,"Paršovice 73, 753 55 Paršovice, Česko",17.7094697,49.5004915
CZE,"Kostelec u Holešova 232, 768 43 Kostelec u Holešova, Česko",17.5105457,49.3722635
CZE,"Hlavní 120, 747 06 Opava, Česko",17.9133994,49.9190888
CZE,"Líšná č. p. 73, 751 15 Domaželice, Česko",17.5500391,49.4138067
CZE,"Příkazy 200, 783 33 Příkazy, Česko",17.1428351,49.6417317
CZE,"783 16 Dolany, Česko",17.3234743,49.6458951
CZE,"Nezdenice 35, 687 32 Nezdenice, Česko",17.752936,49.020359
CZE,"Vysoké Pole 227, 763 25 Vysoké Pole, Česko",17.9461053,49.1779431
CZE,"J. z Poděbrad, 686 01 Uherské Hradiště, Česko",17.4605316,49.0655173
CZE,"Podolí 190, 686 04 Podolí, Česko",17.5292871,49.0406514
CZE,"Školní 105, 747 31 Chlebičov, Česko",17.9674191,49.9579699
CZE,"Komenského, 687 71 Bojkovice, Česko",17.8106753,49.0348153
CZE,"Komárov 73, 763 61 Komárov, Česko",17.5681832,49.1507831
CZE,"Ostrožská Lhota 31, 687 23 Ostrožská Lhota, Česko",17.4719397,48.9747289
CZE,"Strmá 205, 747 35 Hněvošice, Česko",18.0027549,49.9997099
CZE,"Študlov 76, 756 12 Študlov, Česko",18.0844042,49.1610819
CZE,"Hlavní 15, 747 56 Dolní Životice, Česko",17.7832986,49.8974075
CZE,"Starý Hrozenkov 233, 687 74 Starý Hrozenkov, Česko",17.8585083,48.969196
CZE,"Hradčovice 241, 687 33 Hradčovice, Česko",17.5846426,49.0495373
CZE,"756 44 Kunovice, Česko",17.8204888,49.441622
CZE,"Mnišská 7, 746 01 Opava, Česko",17.9036962,49.9399267
CZE,"495, Pitín, 68771, Česko",17.8473026,49.0381896
CZE,"05720, 756 63 Valašské Meziříčí, Česko",17.9939741,49.4874184
CZE,"Blatnice pod Svatým Antonínkem 850, 696 71 Blatnice pod Svatým Antonínkem, Česko",17.46716,48.9445295
CZE,"757 01, 276 Poličná, Česko",17.9527377,49.4684295
CZE,"147, Lesní, 747 35 Hněvošice, Česko",18.0024249,49.9994652
CZE,"Horní nám., 746 01 Opava, Česko",17.9024946,49.9381687
CZE,"Ratiboř 412, 756 21 Ratiboř, Česko",17.9089571,49.366284
CZE,"Lomená 1380, 686 05 Uherské Hradiště, Česko",17.4810741,49.0587525
CZE,"28. října 1006, 686 01 Uherské Hradiště, Česko",17.4711396,49.0628124
CZE,"Benátky 1175, 755 01 Vsetín, Česko",17.9794183,49.3388464
CZE,"Ústí 53, 753 01 Ústí, Česko",17.7664439,49.5179258
CZE,"Šafaříkova 182, 757 01 Valašské Meziříčí, Česko",17.9837249,49.4656127
CZE,"Jeseník nad Odrou 58, 742 33 Jeseník nad Odrou, Česko",17.9039957,49.6096505
CZE,"Struhlovsko 1795, 753 01 Hranice, Česko",17.7278476,49.5523275
CZE,"Plynárenská 691, 753 01 Hranice, Česko",17.7386345,49.5548173
CZE,"Dlouhá 1996, 741 01 Nový Jičín, Česko",17.9935883,49.5921017
CZE,"U Nových staveb, 794 01 Krnov, Česko",17.6952345,50.0918339
CZE,"Partutovice 96, 753 01 Partutovice, Česko",17.7074178,49.6314055
CZE,"753 01 Hranice, Česko",17.7052754,49.5883947
CZE,"Žerotínova 210, 757 01 Valašské Meziříčí, Česko",17.9754342,49.4709805
CZE,"Komenského 323/323, 742 01 Suchdol nad Odrou, Česko",17.9329472,49.6535604
CZE,"Kujavy 86, 742 45 Kujavy, Česko",17.9647578,49.7081456
CZE,"Jakubčovice 36, 747 41 Hradec nad Moravicí, Česko",17.9177002,49.8494165
CZE,"Špičky 67, 753 66 Špičky, Česko",17.8069531,49.5516515
CZE,"742 45 Kujavy, Česko",17.973114,49.7025042
CZE,"Přílepy 4, 769 01 Přílepy, Česko",17.6134202,49.3202679
CZE,"Černotín 56, 753 68 Černotín, Česko",17.7720001,49.5323966
CZE,"Dlouhá 1995/54, 741 01 Nový Jičín, Česko",17.993508,49.5929481
CZE,"Hrobice 76, 763 15 Hrobice, Česko",17.7904395,49.2778924
CZE,"Náves 16, 750 02 Bochoř, Česko",17.4281955,49.420245
CZE,"U Sýpky 621, 742 45 Fulnek, Česko",17.9046062,49.7168193
CZE,"Františka Vančury 3695/3695, 767 01 Kroměříž, Česko",17.3774297,49.3009034
CZE,"Mořice 1, 798 28 Mořice, Česko",17.19519,49.3315479
CZE,"Komenského nám. 49, Město, 752 01 Kojetín, Česko",17.3051945,49.3518832
CZE,"Střítež nad Ludinou 150, 753 63 Střítež nad Ludinou, Česko",17.7393801,49.609167
CZE,"Komenského 701, 743 01 Bílovec, Česko",18.0197491,49.7540066
CZE,"Kunín 244, 742 53 Kunín, Česko",17.9888396,49.6465347
CZE,"747 43 Větřkovice, Česko",17.8223086,49.7782305
CZE,"05716, 741 01 Nový Jičín, Česko",17.995049,49.5337045
CZE,"Kylešovská 105, 747 81 Otice, Česko",17.8694868,49.9171366
CZE,"Skalička 109, 753 52 Skalička, Česko",17.7953794,49.5182153
CZE,"Kyselovice 208, 768 11 Kyselovice, Česko",17.3994718,49.3747899
CZE,"Zámčisko 768 42, 768 42 Prusinovice, Česko",17.5876217,49.3781841
CZE,"Slavkov pod Hostýnem 57, 768 61 Slavkov pod Hostýnem, Česko",17.6877579,49.3822589
CZE,"Hlavní 83, 753 56 Opatovice, Česko",17.7394022,49.4992375
CZE,"Bařice-Velké Těšany 65, 767 01 Bařice-Velké Těšany, Česko",17.4271478,49.245107
CZE,"Přáslavice 19, 783 54 Přáslavice, Česko",17.3821275,49.5858581
CZE,"Gudrichova 223, 747 61 Raduň, Česko",17.940186,49.890108
CZE,"Střížovice 36, 768 21 Střížovice, Česko",17.4474783,49.256865
CZE,"Hradec nad Moravicí 92, 747 41 Hradec nad Moravicí, Česko",17.9161131,49.8444914
CZE,"Machová 68, 763 01 Machová, Česko",17.542763,49.2528208
CZE,"147/15, Podvihovská, 747 70 Opava-Komárov, Česko",17.9657393,49.915736
CZE,"Hradec nad Moravicí 45, 747 41 Hradec nad Moravicí, Česko",17.9040827,49.8663224
CZE,"Zlobice 77, 768 31 Zlobice, Česko",17.3131132,49.302682
CZE,"Ke Strážnici 109, 747 95 Opava-Suché Lazce, Česko",17.9849495,49.8993342
CZE,"Dřínov 71, 768 33 Dřínov, Česko",17.2333009,49.2911477
CZE,"U školy 52, 747 70 Opava-Komárov, Česko",17.9678483,49.9147142
CZE,"Skaštice 32, 767 01 Skaštice, Česko",17.421389,49.3319605
CZE,"Meleček 91, Žimrovice, 747 42 Hradec nad Moravicí, Česko",17.8433252,49.8552378
CZE,"Lešetínská 2584, 750 02 Přerov, Česko",17.4603244,49.4422372
CZE,"Schwaigrovo nám. 1365, 768 61 Bystřice pod Hostýnem, Česko",17.6708548,49.3966405
CZE,"Obeciny I 3583, 760 01 Zlín, Česko",17.6930591,49.2226618
CZE,"Mírová 86, 750 02 Přerov, Česko",17.4496181,49.4291356
CZE,"751 16 Želatovice, Česko",17.5034715,49.4452534
CZE,"Slopné 95, 763 23 Dolní Lhota, Česko",17.8500553,49.155077
CZE,"Návojná 157, 763 32 Návojná, Česko",18.0542999,49.1100144
CZE,"Valašská Senice 135, 756 14 Valašská Senice, Česko",18.1142988,49.2214053
CZE,"Poteč 12, 766 01 Poteč, Česko",18.0352769,49.1549668
CZE,"Ivaň 19, 798 23 Ivaň, Česko",17.2495543,49.4238994
CZE,"Nedašova Lhota 84, 763 32 Nedašova Lhota, Česko",18.079842,49.1208853
CZE,"Nad Ovčírnou IV 1591/12, 760 01 Zlín, Česko",17.6636553,49.2186372
CZE,"Sehradice 92, 763 23 Sehradice, Česko",17.8245515,49.1445865
CZE,"Štítná nad Vláří-Popov 460, 763 33 Štítná nad Vláří-Popov, Česko",17.9750518,49.067378
CZE,"Lešná 37, 756 41 Lešná, Česko",17.9294261,49.5066692
CZE,"6. května 17, 783 14 Bohuňovice, Česko",17.2847977,49.6624431
CZE,"687 56 Prakšice, Česko",17.6349152,49.0653379
CZE,"E. Beneše 989, 747 05 Opava, Česko",17.9157863,49.9427853
CZE,"Pekliska 56, 747 31 Velké Hoštice, Česko",17.97354,49.9369423
CZE,"Branky 264, 756 45 Branky, Česko",17.8937072,49.4592868
CZE,"Sídliště 870, 687 51 Nivnice, Česko",17.6488132,48.9723361
CZE,"Vaníčkova 1001, 747 06 Opava, Česko",17.9144444,49.9244444
CZE,"687 53 Suchá Loz, Česko",17.692182,48.9677575
CZE,"Boršice u Blatnice 58, 687 63 Boršice u Blatnice, Česko",17.572721,48.9333324
CZE,"Provodov 252, 763 45 Provodov, Česko",17.7363885,49.1601817
CZE,"Dolany 1, 783 16 Dolany, Česko",17.385128,49.6745972
CZE,"Bělkovice-Lašťany 373, 783 16 Bělkovice-Lašťany, Česko",17.3202686,49.6746572
CZE,"Ublo 74, 763 12 Ublo, Česko",17.9060482,49.2295028
CZE,"Lípa 118, 763 11 Lípa, Česko",17.7696848,49.2148152
CZE,"Osvobození 181, 687 51 Nivnice, Česko",17.6447876,48.9754994
CZE,"Holasovice 75, 747 74 Holasovice, Česko",17.8082317,49.9983889
CZE,"Lhota u Vsetína 128, 755 01 Lhota u Vsetína, Česko",17.9630836,49.308856
CZE,"Sídliště 999, 687 51 Nivnice, Česko",17.6484307,48.9777904
CZE,"Vlčnov 1202, 687 61 Vlčnov, Česko",17.5777679,49.0097891
CZE,"Šanov 97, 763 21 Slavičín, Česko",17.8962228,49.0480411
CZE,"Okružní 425, 755 01 Vsetín, Česko",17.9878535,49.3313533
CZE,"Letecká, 686 04 Kunovice, Česko",17.4572877,49.0347915
CZE,"Dolní Újezd 55, 751 23 Dolní Újezd, Česko",17.5069405,49.5593001
CZE,"Loučská, 751 31 Lipník nad Bečvou, Česko",17.591403,49.5311557
CZE,"742 31 Starý Jičín, Česko",17.9546955,49.5756912
CZE,"Tasov 125, 696 63 Tasov, Česko",17.4295845,48.9049261
CZE,"Jeseník nad Odrou 67, 742 33 Jeseník nad Odrou, Česko",17.906106,49.6098181
CZE,"nám. Míru, 753 66 Hustopeče nad Bečvou, Česko",17.871128,49.5303559
CZE,"Lhota 87, 763 02 Lhota, Česko",17.6057229,49.1714823
CZE,"Žleby 1023, 687 71 Bojkovice, Česko",17.8020589,49.0409454
CZE,"Vlčnov 121, 687 61 Vlčnov, Česko",17.5815271,49.0093305
CZE,"Velká nad Veličkou 596, 696 74 Velká nad Veličkou, Česko",17.5149934,48.8864287
CZE,"753 63 Střítež nad Ludinou, Česko",17.7373496,49.6072399
CZE,"Doloplazy 217, 783 56 Doloplazy, Česko",17.4141731,49.5645215
CZE,"Zahradní, 747 75 Velké Heraltice, Česko",17.7259526,49.978872
CZE,"Školní 338, 793 12 Horní Benešov, Česko",17.6008436,49.9687571
CZE,"Polouvsí 21, 741 01 Jeseník nad Odrou, Česko",17.898827,49.5831925
CZE,"Komenského, 792 01 Bruntál, Česko",17.466838,49.9907082
CZE,"Vražné 222, 742 35 Vražné, Česko",17.851077,49.6246822
CZE,"V Zahradách 274, 753 66 Hustopeče nad Bečvou, Česko",17.8736126,49.5319458
CZE,"Boční 437, 783 65 Hlubočky, Česko",17.3944527,49.6196366
CZE,"Milotice nad Bečvou 56, 753 67 Milotice nad Bečvou, Česko",17.8367497,49.536288
CZE,"Suchonice 46, 783 57 Suchonice, Česko",17.3845906,49.527809
CZE,"793 15 Lichnov, Česko",17.6329771,50.0105886
CZE,"Karlova Studánka 17, 793 24 Karlova Studánka, Česko",17.3078903,50.0725195
CZE,"Andělská Hora 195, 793 31 Andělská Hora, Česko",17.3888661,50.0602633
CZE,"Hlavní nám. 106, 794 01 Krnov, Česko",17.7031845,50.0904073
CZE,"Osvoboditelů 60, 767 01 Kroměříž, Česko",17.3877702,49.2800577
CZE,"Březnice 15, 760 01 Březnice, Česko",17.6631961,49.1856386
CZE,"Bernartice 259, 790 57 Bernartice, Česko",17.078085,50.3894133
CZE,"Vlachovice 50, 763 24 Vlachovice, Česko",17.9390231,49.124743
CZE,"Skorošice 90, 790 65 Skorošice, Česko",17.079385,50.308056
CZE,"Vítonice 121, 768 61 Vítonice, Česko",17.6891144,49.4478432
CZE,"Citov 14, 751 03 Citov, Česko",17.3267704,49.4653254
CZE,"Průchodní 154, 790 01 Jeseník, Česko",17.2059592,50.2291196
CZE,"Krokova 3824, 796 01 Prostějov, Česko",17.1101539,49.4683049
CZE,"455, 790 51 Supíkovice, Česko",17.2535937,50.2973798
CZE,"Charváty 21, 783 75 Charváty, Česko",17.2534601,49.5177124
CZE,"Hanusíkova 10, 752 01 Kojetín, Česko",17.299497,49.3488198
CZE,"Tyršova 217, 751 03 Brodek u Přerova, Česko",17.3352598,49.4865859
CZE,"Uhřičice 111, 752 01 Uhřičice, Česko",17.2920452,49.371528
CZE,"U Tenisu 2, 750 02 Přerov, Česko",17.4646451,49.4543046
CZE,"Sportovní 29, 751 02 Troubky, Česko",17.3442307,49.4276536
CZE,"Biskupice 37, 763 41 Biskupice, Česko",17.7076977,49.0866118
CZE,"Lidečko 440, 756 12 Lidečko, Česko",18.0500263,49.2032375
CZE,"Jestřabí 78, 763 33 Jestřabí, Česko",17.9535111,49.0692548
CZE,"Slínová 4225, 760 01 Zlín, Česko",17.6932308,49.2226402
CZE,"Ludkovice 7, 763 41 Biskupice, Česko",17.7254478,49.1118825
CZE,"Bílá Voda 89, 790 69 Bílá Voda, Česko",16.916589,50.441895
CZE,"Palackého 1542, 753 01 Hranice, Česko",17.7398499,49.5559133
CZE,"Zahradní 204, 790 55 Vidnava, Česko",17.1885401,50.3743497
CZE,"Velký Ořechov 27, 763 07 Velký Ořechov, Česko",17.6683144,49.1104816
CZE,"Horní Lideč 290, 756 12 Horní Lideč, Česko",18.0567932,49.1874225
CZE,"Horní Lhota 135, 763 23 Horní Lhota, Česko",17.8034608,49.1584649
CZE,"Střelná 154, 756 12 Střelná, Česko",18.0957716,49.17916
CZE,"Včelín 653, 768 21 Kvasice, Česko",17.4686454,49.240731
CZE,"4585, 793 93 Brantice, Česko",17.6295477,50.0638872
CZE,"Vlčice 93, 790 65 Vlčice, Česko",17.0457102,50.3454424
CZE,"Kobylá nad Vidnavkou 120, 790 65 Kobylá nad Vidnavkou, Česko",17.1252642,50.3437166
CZE,"Míškovice 18, 768 52 Míškovice, Česko",17.5510757,49.276939
CZE,"Bezuchov 57, 753 54 Bezuchov, Česko",17.6123106,49.4647402
CZE,"Jívová 20, 783 16 Jívová, Česko",17.3913051,49.7078094
CZE,"Lačnov 22, 756 12 Lačnov, Česko",18.0157503,49.1787556
CZE,"Městečko 1, 747 41 Hradec nad Moravicí, Česko",17.8778823,49.8585972
CZE,"Melč 192, 747 84 Melč, Česko",17.7655199,49.8499203
CZE,"793 03 Dětřichov nad Bystřicí, Česko",17.3996023,49.8305709
CZE,"Huzová 256, 793 51 Huzová, Česko",17.298339,49.8197568
CZE,"Skřipov 120, 747 45 Skřipov, Česko",17.909749,49.8205742
CZE,"Svobodova 358, 743 01 Bílovec, Česko",18.0071443,49.7547398
CZE,"Žerotín 64, 784 01 Žerotín, Česko",17.1892495,49.7227854
CZE,"445, 793 51 Jiříkov, Česko",17.3081582,49.8529557
CZE,"Spálov 1, 742 37 Spálov, Česko",17.7207069,49.7045745
CZE,"Velká Kraš 129, 790 58 Velká Kraš, Česko",17.1462492,50.3628749
CZE,"SNP 4790, 760 05 Zlín, Česko",17.6661265,49.2409782
CZE,"17. listopadu 720, 768 33 Morkovice-Slížany, Česko",17.2129938,49.2458635
CZE,"Stěbořice 57, 747 51 Stěbořice, Česko",17.8058344,49.9376874
CZE,"Březolupy 503, 687 13 Březolupy, Česko",17.5805558,49.1237695
CZE,"Stará Ves 144, 743 01 Bílovec, Česko",17.9736274,49.7725776
CZE,"Služovice 134, 747 28 Služovice, Česko",17.9953572,49.9899109
CZE,"98, Pekařská 415, 747 05 Opava, Česko",17.9053454,49.9471471
CZE,"Loučky 233, 742 36 Odry, Česko",17.8015256,49.6845585
CZE,"Otická 2678, 746 01 Opava, Česko",17.8980635,49.9337577
CZE,"Polomská 56, 747 06 Opava-Podvihov, Česko",17.9754383,49.8758182
CZE,"Elišky Krásnohorské 2543, 746 01 Opava, Česko",17.8878102,49.9302362
CZE,"Petra z Kravař 3165, 747 21 Kravaře, Česko",18.0056604,49.9324388
CZE,"Kraiczova 362, 757 01 Valašské Meziříčí, Česko",17.9696762,49.4671431
CZE,"753 53 Malhotice, Česko",17.7652115,49.4882888
CZE,"Svobody 29, 747 33 Oldřišov, Česko",17.9609838,49.9923151
CZE,"Hrachovec 210, 757 01 Valašské Meziříčí, Česko",18.003233,49.4658963
CZE,"Císařská 8, 741 01 Nový Jičín, Česko",17.9807347,49.5829429
CZE,"Růžďka 318, 756 25 Růžďka, Česko",17.9897377,49.3968446
CZE,"Neumannova 110, Jaktař, 747 07 Opava, Česko",17.8828591,49.9462992
CZE,"Suvorovova 199, 741 11 Šenov u Nového Jičína, Česko",18.0143386,49.6032224
CZE,"Šrámkova 1333, 747 05 Opava, Česko",17.9106307,49.9445087
CZE,"J. K. Tyla 419, 757 01 Valašské Meziříčí, Česko",17.9716841,49.4651959
CZE,"Štáblovice 80, 747 82 Štáblovice, Česko",17.8185344,49.880351
CZE,"04737 7, 742 35 Odry, Česko",17.83845,49.6652098
CZE,"Tísek 58, 743 01 Tísek, Česko",18.0140371,49.7929672
CZE,"Lázy 8, 756 44 Loučka, Česko",17.8687102,49.4146397
CZE,"Bílov 99, 743 01 Bílov, Česko",18.0016951,49.7340105
CZE,"Teplice nad Bečvou 71, 753 01 Teplice nad Bečvou, Česko",17.7420352,49.5309938
CZE,"Černotín 1, 753 68 Černotín, Česko",17.7780693,49.543826
CZE,"Josefa Sousedíka 1218, 755 01 Vsetín, Česko",17.9893025,49.3391076
CZE,"Trlicova 109, 741 01 Nový Jičín, Česko",18.0178697,49.598988
CZE,"Brodská 1, Havřice, 688 01 Uherský Brod, Česko",17.6288688,49.0293509
CZE,"Kunín 184, 742 53 Kunín, Česko",17.9883138,49.6400614
CZE,"Dukel. hrdinů 220, 783 61 Hlubočky, Česko",17.4112838,49.6480076
CZE,"Císařská 115, 741 01 Nový Jičín, Česko",17.9841905,49.5844263
CZE,"Školní 274, 687 34 Uherský Brod, Česko",17.6727322,49.0321739
CZE,"Boršice u Blatnice 59, 687 63 Boršice u Blatnice, Česko",17.5727869,48.9332841
CZE,"Popovice 304, 686 04 Popovice, Česko",17.5249496,49.0511351
CZE,"Ohrada 1879, 755 01 Vsetín, Česko",18.0026962,49.3279735
CZE,"Hrubá Vrbka 254, 696 73 Hrubá Vrbka, Česko",17.4780103,48.866179
CZE,"Stará Cesta 1832, 755 01 Vsetín, Česko",18.0097485,49.3342634
CZE,"nám. Komenského 151, 687 25 Hluk, Česko",17.5274814,48.9876793
CZE,"Lužná 252, 756 11 Lužná, Česko",18.0165896,49.2431134
CZE,"Ostrožská Lhota 500, 687 23 Ostrožská Lhota, Česko",17.4751888,48.9784962
CZE,"Drslavice 175, 687 33 Drslavice, Česko",17.5998192,49.0488518
CZE,"Razová 353, 792 01 Razová, Česko",17.5324431,49.9323368
CZE,"Nádražní 304, 687 34 Uherský Brod, Česko",17.6858321,49.0338149
CZE,"Bystřice pod Lopeníkem 173, 687 55 Bystřice pod Lopeníkem, Česko",17.755052,48.9757027
CZE,"Leskovec nad Moravicí 300, 793 68 Leskovec nad Moravicí, Česko",17.5702367,49.9041126
CZE,"37020, 795 01 Dolní Moravice, Česko",17.3227025,49.9780513
CZE,"Opavská, 795 01 Rýmařov, Česko",17.271588,49.9380878
CZE,"Dlouhá 27, 795 01 Stará Ves, Česko",17.2299259,49.9599061
CZE,"Opavská 963, 795 01 Rýmařov, Česko",17.2774548,49.9350497
CZE,"K. Čapka 12a, Pod Bezručovým vrchem, 794 01 Krnov, Česko",17.6875548,50.0890301
CZE,"794 01 Hošťálkovy, Česko",17.5549571,50.1275235
CZE,"Na Zelince 1185, Město, 751 31 Lipník nad Bečvou, Česko",17.5777495,49.5237295
CZE,"Loučky 86, 793 16 Zátor, Česko",17.5894332,50.0447798
CZE,"Valšov 72, 792 01 Valšov, Česko",17.4386985,49.9332741
CZE,"Náves 43, 751 19 Vlkoš, Česko",17.4181926,49.3947929
CZE,"Rakov 28, 753 54 Rakov, Česko",17.7063934,49.4908377
CZE,"Rakodavy 325, 783 75 Věrovany, Česko",17.2863907,49.4662565
CZE,"Staměřice 42, 751 25 Dolní Újezd, Česko",17.5069388,49.5593027
CZE,"Hlavní 61, 750 02 Přerov, Česko",17.4711099,49.4330622
CZE,"Družba 1212, 763 31 Brumov-Bylnice, Česko",18.0222006,49.0856466
CZE,"Nad Ovčírnou 351, 763 21 Slavičín, Česko",17.8812154,49.0899396
CZE,"Výkleky 72, 751 25 Výkleky, Česko",17.4764772,49.5568577
CZE,"Roštění 46, 768 43 Roštění, Česko",17.5388742,49.3669841
CZE,"Říkovice 1, 751 18 Říkovice, Česko",17.4462724,49.3821754
CZE,"Buk 21, 751 21 Prosenice, Česko",17.4697456,49.5054422
CZE,"Milíčova 710, 763 02 Zlín, Česko",17.5905002,49.2069682
CZE,"Školní 850, 766 01 Valašské Klobouky, Česko",18.0127177,49.1457602
CZE,"Dlouhá 470, 763 21 Slavičín, Česko",17.8850769,49.0829693
CZE,"Lázeňská 412, 763 14 Zlín, Česko",17.6992969,49.2607726
CZE,"B. Němcové 516, 760 01 Zlín, Česko",17.6336847,49.2163773
CZE,"Komenského 344, 763 16 Fryšták, Česko",17.6865228,49.2853965
CZE,"Palackého Nám. 888, 763 12 Vizovice, Česko",17.8522678,49.2178662
CZE,"Mistřice 368, 687 12 Mistřice, Česko",17.5388248,49.0860096
CZE,"Markov 416, 686 01 Uherské Hradiště, Česko",17.5032081,49.0877762
CZE,"Seifertova 160, 757 01 Valašské Meziříčí, Česko",17.9672444,49.4749156
CZE,"Křižná 782, 757 01 Valašské Meziříčí, Česko",17.9652736,49.4722097
CZE,"Loučka 85, 763 25 Loučka, Česko",17.87661,49.1678351
CZE,"Ševcovská 2681, 760 01 Zlín, Česko",17.6803101,49.2265962
CZE,"Prostřední 3488, 760 01 Zlín, Česko",17.6919462,49.2203185
CZE,"Svatý Štěpán 38, 763 34 Brumov-Bylnice, Česko",18.028581,49.0440455
CZE,"Pitín 71, 687 71 Pitín, Česko",17.8473353,49.0382064
CZE,"Hošťálková 226, 756 22 Hošťálková, Česko",17.8713592,49.3544289
CZE,"Suchov 1, 696 71 Suchov, Česko",17.5798465,48.8903523
CZE,"Svatopluka Čecha 1357, 688 01 Uherský Brod, Česko",17.6362622,49.0268265
CZE,"Školní 130, 687 34 Uherský Brod, Česko",17.6738932,49.0317749
CZE,"Slovenská 788, Zlínský kraj, 687 66 Strání, Česko",17.7225639,48.883121
CZE,"Školní 888, 687 62 Dolní Němčí, Česko",17.5868176,48.9705737
CZE,"Horní Němčí 98, 687 64 Horní Němčí, Česko",17.6230152,48.9338653
CZE,"U Třicátku 314, 687 65 Strání, Česko",17.7078711,48.9002757
CZE,"Supíkovice 36, 790 51 Supíkovice, Česko",17.257938,50.3015
CZE,"793 36 Malá Morávka, Česko",17.3134198,50.0276453
CZE,"Bruntálská 81, 794 01 Krnov, Česko",17.6711216,50.0850089
CZE,"Hrabůvka 54, 753 01 Hrabůvka, Česko",17.6919988,49.5786196
CZE,"Osvoboditelů 3778, 760 01 Zlín, Česko",17.6685024,49.2231935
CZE,"Revoluční 594, 795 01 Rýmařov, Česko",17.2766702,49.9347379
CZE,"Jubilejní 482, 741 01 Nový Jičín, Česko",18.0003082,49.5948772
CZE,"Malá Strana 142/40, 747 71 Brumovice, Česko",17.7503229,50.0165295
CZE,"Babice 40, 785 01 Šternberk, Česko",17.260621,49.737894
CZE,"Kobylá nad Vidnavkou 39, 790 65 Kobylá nad Vidnavkou, Česko",17.1237334,50.3419987
CZE,"Havlíčkova 1750, 746 01 Opava, Česko",17.8935312,49.9400768
CZE,"Zámecký park 32, 793 42 Rýmařov, Česko",17.2481294,49.9489301
CZE,"Náměstí 150, 785 01 Libavá, Česko",17.5200848,49.7204297
CZE,"Horní Životice 61, 793 12 Horní Životice, Česko",17.6407841,49.9688467
CZE,"Krátká 217, 783 06 Domašov nad Bystřicí, Česko",17.4441587,49.7440806
CZE,"Sokolovská 555, 742 35 Odry, Česko",17.8248445,49.6631066
CZE,"Heydukova 881, 746 01 Opava, Česko",17.9021402,49.9308843
CZE,"Smetanovy sady 855, 741 01 Nový Jičín, Česko",18.0105133,49.588946
CZE,"Štarnov 52, 783 14 Štarnov, Česko",17.272652,49.6862418
CZE,"Na Kopečku 13, 755 01 Vsetín, Česko",17.998639,49.3418149
CZE,"Horní Loděnice 116, 783 05 Horní Loděnice, Česko",17.3775403,49.7708004
CZE,"Starý Jičín 75, 742 31 Starý Jičín, Česko",17.9630391,49.5778086
CZE,"Olomoucká 353, 793 68 Dvorce, Česko",17.5427413,49.8307384
CZE,"Zborovská 599, 746 01 Opava, Česko",17.8870229,49.9368652
CZE,"Záhorovice 326, 687 71 Záhorovice, Česko",17.7789036,49.0235688
CZE,"Krnovská 18, 747 07 Opava, Česko",17.8951739,49.9416618
CZE,"Jiráskova 119, 741 01 Nový Jičín, Česko",18.007052,49.5914043
CZE,"Komenského 1427, 741 01 Nový Jičín, Česko",18.0142419,49.5988323
CZE,"Spálov 57, 742 37 Spálov, Česko",17.7239562,49.7035778
CZE,"Čtvrť 1. máje 828, 687 71 Bojkovice, Česko",17.8190886,49.0399133
CZE,"Pohořská 988, 742 35 Odry, Česko",17.8353501,49.6666458
CZE,"Oblouková 1223, 785 01 Šternberk, Česko",17.2992268,49.7275037
CZE,"Šumice 470, 687 31 Šumice, Česko",17.7220878,49.0303972
CZE,"17. listopadu 994, 747 06 Opava, Česko",17.9103236,49.9246902
CZE,"Sadová 1385, 686 05 Uherské Hradiště, Česko",17.4827815,49.0609473
CZE,"Jateční 1812, Předměstí, 746 01 Opava, Česko",17.9225921,49.9328251
CZE,"Riegrova 1/535, 746 01 Opava, Česko",17.8937112,49.9361442
CZE,"Smetanova 520, 747 41 Hradec nad Moravicí, Česko",17.8740996,49.8744619
CZE,"Fulnek 109, 742 45 Fulnek, Česko",17.9275538,49.700317
CZE,"L. Svobody 30, 747 57 Slavkov, Česko",17.8347034,49.9220197
CZE,"U Mlýna, Míkovice, 686 04 Uherské Hradiště, Česko",17.5020125,49.0399015
CZE,"Máchova 1067, 741 01 Nový Jičín, Česko",18.0189112,49.5939563
CZE,"Hlavní 265, 747 81 Otice, Česko",17.8695829,49.9180387
CZE,"Fulnek 137, 742 45 Fulnek, Česko",17.8880302,49.7138137
CZE,"Zahradní 532, 743 01 Bílovec, Česko",18.0185671,49.7565582
CZE,"Školní 53, 747 41 Branka u Opavy, Česko",17.8826899,49.887993
CZE,"Školní 64, 742 36 Jakubčovice nad Odrou, Česko",17.7949895,49.6918595
CZE,"Tísek 207, 743 01 Tísek, Česko",18.0140355,49.7924309
CZE,"Hlavní 56, 747 06 Nové Sedlice, Česko",18.0006201,49.9036617
CZE,"Jablůnka 503, 756 23 Jablůnka, Česko",17.9533353,49.385516
CZE,"Komenského 26, 747 91 Štítina, Česko",18.0131927,49.9153956
CZE,"489 106, 763 19 Držková, Česko",17.7830516,49.3168697
CZE,"Vršovice 99, 747 61 Vršovice, Česko",17.9339194,49.8856979
CZE,"Albrechtická 532/160, 794 01 Krnov, Česko",17.6777122,50.0980102
CZE,"Žižkova 547, 794 01 Krnov, Česko",17.7184756,50.0900833
CZE,"MUDr. Františka Sovy 96, 755 01 Vsetín, Česko",18.0036139,49.338294
CZE,"Dolní Jasenka 757, 755 01 Vsetín, Česko",17.9977197,49.3495618
CZE,"Úvalno 19, 793 91 Úvalno, Česko",17.7467156,50.0475176
CZE,"Hošťálkovy 77, 794 01 Hošťálkovy, Česko",17.5938957,50.1132743
CZE,"Hlubčická 426, 794 01 Krnov, Česko",17.7143417,50.0976006
CZE,"nám. Míru 163, 794 01 Krnov, Česko",17.701301,50.0868073
CZE,"Celní 472, 793 95 Město Albrechtice, Česko",17.5796158,50.1639619
CZE,"Sokolská 492, 790 84 Mikulovice, Česko",17.31959,50.2997369
CZE,"Slezské Rudoltice 120, 793 97 Slezské Rudoltice, Česko",17.6918434,50.2047259
CZE,"Pavlovická 46, 793 99 Osoblaha, Česko",17.7119206,50.2729459
CZE,"Bučávka 12, 793 99 Liptaň, Česko",17.6239014,50.2071318
CZE,"Jindřichov 457, 793 83 Jindřichov, Česko",17.5174945,50.253312
CZE,"Třemešná 341, 793 82 Třemešná, Česko",17.5737304,50.2046567
CZE,"Liptaň 13, 793 99 Liptaň, Česko",17.6017592,50.222428
CZE,"Třešňová 99, 793 99 Osoblaha, Česko",17.7134414,50.2713641
CZE,"Bohušov 115, 793 99 Bohušov, Česko",17.7089876,50.2401198
CZE,"Dívčí Hrad 20, 793 99 Dívčí Hrad, Česko",17.6345054,50.2484684
CZE,"Střední novosadská 143, Nové Sady, 779 00 Olomouc, Česko",17.2588399,49.5722796
CZE,"Družstevní 4514, 760 05 Zlín, Česko",17.6568955,49.2320809
CZE,"Hlavní 36, 763 26 Pozlovice, Česko",17.7671518,49.1256603
CZE,"Záříčí 24, 768 11 Záříčí, Česko",17.3525048,49.3818252
CZE,"Osíčko 74, 768 61 Osíčko, Česko",17.748825,49.428946
CZE,"Galašova 172, 753 01 Hranice, Česko",17.7331083,49.5526455
CZE,"Dvořákova 407, 750 02 Přerov, Česko",17.4677149,49.4551539
CZE,"Zádveřice-Raková 358, 763 12 Zádveřice-Raková, Česko",17.8058862,49.2178981
CZE,"Máchova 2032, 750 02 Přerov, Česko",17.4535309,49.4582229
CZE,"Bělidla 1168, 768 61 Bystřice pod Hostýnem, Česko",17.6779757,49.4003978
CZE,"Pod skalkou 50, 751 24 Přerov, Česko",17.4370468,49.4671789
CZE,"Rokytnice 24, 751 04 Rokytnice, Česko",17.3884825,49.4653485
CZE,"Na Vrchovici 21, 760 01 Zlín, Česko",17.6828581,49.2034239
CZE,"Veselíčko 40, 751 25 Veselíčko, Česko",17.5192421,49.5371724
CZE,"Komenského 968, 750 02 Přerov, Česko",17.4512668,49.4514016
CZE,"Dětská 4698, 760 05 Zlín, Česko",17.6623246,49.2355378
CZE,"Galašova 1747, Město, 753 01 Hranice, Česko",17.7325105,49.5552427
CZE,"tř. Svobody 835, 763 02 Zlín, Česko",17.5831803,49.2059087
CZE,"Sokolská 3963, 760 01 Zlín, Česko",17.681581,49.2330902
CZE,"Hlavní 1159, 765 02 Otrokovice, Česko",17.5447472,49.2031318
CZE,"U Dřevnice 206, 763 02 Zlín, Česko",17.621405,49.217877
CZE,"Zahradní 1202, 765 02 Otrokovice, Česko",17.511599,49.2187263
CZE,"Luční 4588, 760 05 Zlín, Česko",17.660613,49.2364263
CZE,"Slovenská 1808, 760 01 Zlín, Česko",17.6765846,49.2235071
CZE,"Družstevní II 142, 687 25 Hluk, Česko",17.5205102,48.9873332
CZE,"Štefánikova 830, 687 71 Bojkovice, Česko",17.8014118,49.0403142
CZE,"Mariánské nám. 63, 688 01 Uherský Brod, Česko",17.6463797,49.0255499
CZE,"Podolí 244, 686 04 Podolí, Česko",17.5271664,49.0399454
CZE,"Míru, 790 70 Javorník, Česko",16.9887924,50.3872526
CZE,"Polská 488, 790 70 Javorník, Česko",17.0005539,50.3925644
CZE,"Mariánské nám. 16, 688 01 Uherský Brod, Česko",17.6448601,49.0261378
CZE,"U Mlýna 251, 686 04 Uherské Hradiště, Česko",17.5017535,49.0398651
CZE,"Svatopluka Čecha 1528, 688 01 Uherský Brod, Česko",17.6375926,49.0261209
CZE,"Veletiny 108, 687 33 Veletiny, Česko",17.5616835,49.0370263
CZE,"Lichnov 385, 793 15 Lichnov, Česko",17.6410888,50.0134838
CZE,"Jakartovice 36, 747 53 Jakartovice, Česko",17.6814039,49.9147352
CZE,"Husova 629, 749 01 Vítkov, Česko",17.7555884,49.7754793
CZE,"Maxima Gorkého 842, Pod Bezručovým vrchem, 794 01 Krnov, Česko",17.6940482,50.0918546
CZE,"Hlubčická 398/89, 794 01 Krnov, Česko",17.7138369,50.0981293
CZE,"Celní 473, 793 95 Město Albrechtice, Česko",17.5790897,50.1645434
CZE,"Litultovice 204, 747 55 Litultovice, Česko",17.7534087,49.9023951
CZE,"Československé armády 485, 747 87 Budišov nad Budišovkou, Česko",17.6263401,49.7931442
CZE,"Svatoňovice 100, 747 87 Svatoňovice, Česko",17.6668192,49.7940238
CZE,"Milotice nad Opavou 95, 792 01 Milotice nad Opavou, Česko",17.5308807,49.983464
CZE,"Žižkova 34, 794 01 Krnov, Česko",17.7192357,50.0897486
CZE,"Svatováclavská 171, 794 01 Krnov, Česko",17.701414,50.0851821
CZE,"Mikulášská 8, 794 01 Krnov, Česko",17.6927468,50.0902113
CZE,"nám. Míru 165, 794 01 Krnov, Česko",17.7007653,50.0866951
CZE,"Chomýž 57, 768 61 Chomýž, Česko",17.6487427,49.362599
CZE,"Plynárenská 1791, Město, 753 01 Hranice, Česko",17.7373512,49.554461
CZE,"J. Božana 3141, Frýdek, 738 01 Frýdek-Místek, Česko",18.3615574,49.6789703
CZE,"Nad Rybníkem 3019, Frýdek, 738 01 Frýdek-Místek, Česko",18.3516913,49.6945152
CZE,"Svazarmovská 1444, 756 61 Rožnov pod Radhoštěm, Česko",18.1292752,49.4649349
CZE,"Francouzská 1180, 742 21 Kopřivnice, Česko",18.144374,49.6038977
CZE,"Anenská 656, 738 01 Frýdek-Místek, Česko",18.3379497,49.6808136
CZE,"Jiřího Trnky 63, 738 01 Frýdek-Místek, Česko",18.3326238,49.6764458
CZE,"Velké Karlovice 927, 756 06 Velké Karlovice, Česko",18.3054613,49.3656266
CZE,"Bařiny 707, 742 66 Štramberk, Česko",18.1239049,49.5775059
CZE,"Josefa Myslivečka 1883, Místek, 738 01 Frýdek-Místek, Česko",18.3513826,49.6667935
CZE,"Plynárenská, 753 01 Hranice, Česko",17.7387336,49.5549847
CZE,"Ostravice 300, 739 14 Ostravice, Česko",18.3890167,49.5388625
CZE,"Jamnická 270, 738 01 Staré Město, Česko",18.3633244,49.6699718
CZE,"Pod Kabáticí 107, 739 42 Frýdek-Místek, Česko",18.2799258,49.6567115
CZE,"5.Května 1701, 756 61 Rožnov pod Radhoštěm, Česko",18.1377485,49.4613856
CZE,"Na Potoku 369, 756 54 Zubří, Česko",18.1073918,49.4839875
CZE,"Gogolova 239, 738 01 Frýdek-Místek, Česko",18.3500755,49.6897507
CZE,"Rybí, 74265, Česko",18.075925,49.600725
CZE,"Libhošť 90, 742 57 Libhošť, Česko",18.0757449,49.6282045
CZE,"Kateřinice 154, 756 21 Kateřinice, Česko",17.8863595,49.3821857
CZE,"Pozděchov 192, 756 11 Pozděchov, Česko",17.9522024,49.2377217
CZE,"Nový Hrozenkov 448, 756 04 Nový Hrozenkov, Česko",18.2007729,49.3391895
CZE,"756 04 Nový Hrozenkov, Česko",18.2180743,49.3221757
CZE,"Svornosti, 755 01 Vsetín, Česko",18.0167747,49.3362774
CZE,"Pržno 127, 756 23 Pržno, Česko",17.9418627,49.3881616
CZE,"Valašská Bystřice 155, 756 27 Valašská Bystřice, Česko",18.113617,49.4121588
CZE,"Nábřežní 552, 756 05 Karolinka, Česko",18.2345575,49.3527963
CZE,"Rusava 203, 768 41 Rusava, Česko",17.6889912,49.3482128
CZE,"Blahutovice, 741 01 Jeseník nad Odrou, Česko",17.8731896,49.583671
CZE,"Teplická 234, 753 01 Hranice, Česko",17.7375014,49.543589
CZE,"Mírová 659, Butovice, 742 13 Studénka, Česko",18.0497978,49.713452
CZE,"Obránců Míru 368, 742 21 Kopřivnice, Česko",18.1444505,49.5993238
CZE,"Životice u Nového Jičína 149, 742 72 Životice u Nového Jičína, Česko",18.0523125,49.5528999
CZE,"Hájov 6, 742 58 Příbor, Česko",18.188832,49.6363692
CZE,"Závišice 110, 742 21 Závišice, Česko",18.1028571,49.6131985
CZE,"Jindřichov 122, 753 01 Jindřichov, Česko",17.7510547,49.642735
CZE,"Zauličí 144, 742 66 Štramberk, Česko",18.1218158,49.5885172
CZE,"742 65 Rybí, Česko",18.0653911,49.6008487
CZE,"Hájov 55, 742 58 Příbor, Česko",18.1915809,49.6353346
CZE,"742 54 Bartošovice, Česko",18.0518442,49.6709368
CZE,"Struhlovsko, 753 01 Hranice, Česko",17.7285066,49.5531333
CZE,"Sedlnice 253, 742 56 Sedlnice, Česko",18.0861126,49.6582874
CZE,"Leskovec 93, 756 11 Leskovec, Česko",17.9987401,49.2840947
CZE,"Rokytnice 24, 755 01 Vsetín, Česko",17.9856575,49.3317485
CZE,"Nový Hrozenkov 312, 756 04 Nový Hrozenkov, Česko",18.2098467,49.3233104
CZE,"Halenkov 611, 756 03 Halenkov, Česko",18.1463614,49.3176743
CZE,"Sychrov 60, 755 01 Vsetín, Česko",18.0021439,49.3379891
CZE,"Albrechtičky 71, 742 55 Albrechtičky, Česko",18.0955018,49.7013772
CZE,"Zauličí 485, 742 66 Štramberk, Česko",18.1225654,49.5869006
CZE,"4874, 756 07 Zděchov, Česko",18.0791188,49.2652364
CZE,"Petřvald 430, 742 60 Petřvald, Česko",18.1576605,49.708826
CZE,"Pionýrů 1511, 742 58 Příbor, Česko",18.150067,49.6412597
CZE,"742 75 Lichnov, Česko",18.169125,49.5632689
CZE,"Bordovice 83, 744 01 Bordovice, Česko",18.152579,49.5467321
CZE,"Nad Lipinou 2318, Frýdek, 738 01 Frýdek-Místek, Česko",18.3429699,49.6892563
CZE,"Česká 549/10, 742 21 Kopřivnice, Česko",18.1402929,49.604004
CZE,"Zděchov 103, 756 07 Zděchov, Česko",18.0773428,49.2606944
CZE,"Dlouhá, 763 15 Slušovice, Česko",17.7973579,49.2468976
CZE,"Všemina 80, 763 15 Všemina, Česko",17.8664869,49.27895
CZE,"Liptál 465, 756 31 Liptál, Česko",17.926072,49.2909147
CZE,"Kašava 193, 763 19 Kašava, Česko",17.7897685,49.2999027
CZE,"Halenkov 603, 756 03 Halenkov, Česko",18.1488225,49.3170292
CZE,"Bratří Hlaviců 128, 755 01 Vsetín, Česko",18.0062916,49.3372495
CZE,"Frenštátská 1370, 742 58 Příbor, Česko",18.1407124,49.6392221
CZE,"Ženklava 197, 742 67 Ženklava, Česko",18.1098187,49.5694747
CZE,"Bařiny 1101, 742 66 Štramberk, Česko",18.1235371,49.5772437
CZE,"Turkmenská 1612, 755 01 Vsetín, Česko",18.0014372,49.3321263
CZE,"Valašská Polanka 57, 756 11 Valašská Polanka, Česko",17.9972407,49.2592895
CZE,"Sedlnice 409, 742 56 Sedlnice, Česko",18.0925336,49.6442127
CZE,"Janová 246, 755 01 Janová, Česko",18.0295916,49.3110623
CZE,"Markova 1176, 744 01 Frenštát pod Radhoštěm, Česko",18.218467,49.5437041
CZE,"Pod Kaštany 32, 763 17 Lukov, Česko",17.7338473,49.2907777
CZE,"Střítež nad Bečvou 134, 756 52 Střítež nad Bečvou, Česko",18.0592153,49.4581608
CZE,"Zauličí 185, 742 66 Štramberk, Česko",18.1208277,49.5880326
CZE,"Záhumenní 1148, 742 21 Kopřivnice, Česko",18.1391313,49.5907338
CZE,"Kateřinice 107, 742 58 Kateřinice, Česko",18.1839897,49.6720765
CZE,"K Hájku 2972, 738 01 Frýdek-Místek, Česko",18.3505424,49.6923921
CZE,"Hovězí 546, 756 01 Hovězí, Česko",18.0646988,49.3069813
CZE,"Českotgt55⁵t55g, Třanovského 404, ttt-54⁵, Česko",18.3584794,49.688537
CZE,"Ke Splavu 1568, 738 02 Frýdek-Místek, Česko",18.3563633,49.6686072
CZE,"Skotnice 28, 742 58 Skotnice, Česko",18.1323996,49.6584686
CZE,"U Bečvy 2052, 755 01 Vsetín, Česko",17.9984237,49.3263605
CZE,"Krátká 1105, 742 21 Kopřivnice, Česko",18.1461993,49.601483
CZE,"I. Šustaly 1120, 742 21 Kopřivnice, Česko",18.1406499,49.5928174
CZE,"Skotnice 176, 742 58 Skotnice, Česko",18.1409408,49.6653102
CZE,"Švermova 1324, 742 58 Příbor, Česko",18.1363925,49.6364521
CZE,"J. Lady 1790, 738 01 Frýdek-Místek, Česko",18.3451448,49.6694782
CZE,"Huslenky 587, 756 02 Huslenky, Česko",18.1147238,49.3099547
CZE,"Janáčkova 1444/1444, Frýdlant, 739 11 Frýdlant nad Ostravicí, Česko",18.3540799,49.5915621
CZE,"Bařiny, 742 66 Štramberk, Česko",18.121785,49.5773959
CZE,"Hvozdná 19, 763 11 Hvozdná, Česko",17.7518697,49.2500114
CZE,"Bartošovice 14, 742 54 Bartošovice, Česko",18.052541,49.6664407
CZE,"Potůčky 452, 755 01 Vsetín, Česko",17.9718964,49.3403207
CZE,"R. Tomáška 491, 742 13 Studénka, Česko",18.0699288,49.7100421
CZE,"Svatopluka Čecha 170, Místek, 738 01 Frýdek-Místek, Česko",18.3449742,49.6729633
CZE,"Adamusova 1041, 700 30 Ostrava-jih, Česko",18.2626831,49.7889269
CZE,"Sládečkova 633, 715 00 Ostrava-Michálkovice, Česko",18.3439525,49.8391265
CZE,"tř. Družby 1338, 735 06 Karviná, Česko",18.5388105,49.8689707
CZE,"Bohumínská 450, 710 00 Slezská Ostrava, Česko",18.2965093,49.8448701
CZE,"Hornická 2679, 702 00 Moravská Ostrava a Přívoz, Česko",18.2713717,49.826318
CZE,"Skautská 1082, 708 00 Ostrava-Poruba, Česko",18.1771538,49.8237897
CZE,"Křižíkova 2813, 702 00 Moravská Ostrava a Přívoz, Česko",18.283141,49.8457879
CZE,"Občanská 76/11, Dolní Datyně, 736 01 Havířov, Česko",18.4085305,49.7640589
CZE,"Šafaříkova 1050/9, 702 00 Moravská Ostrava a Přívoz, Česko",18.2743312,49.8528862
CZE,"11, Chrustova 1448, 713 00 Ostrava, Česko",18.3195739,49.8502373
CZE,"Polanecká 92/4, 721 00 Ostrava-Svinov, Česko",18.1967111,49.814098
CZE,"Bílovecká 10, 721 00 Ostrava-Svinov, Česko",18.2013833,49.8177451
CZE,"Předškolní 1, 700 30 Ostrava-jih-Výškovice, Česko",18.2214813,49.7806027
CZE,"Otakara Jeremiáše 1985, 708 00 Ostrava-Poruba, Česko",18.1535389,49.844472
CZE,"Hnojník 360, 739 53 Hnojník, Česko",18.5398357,49.67962
CZE,"Trojanovice 345, 744 01 Trojanovice, Česko",18.235474,49.5212251
CZE,"Čelakovského 1240/4, Podlesí, 736 01 Havířov, Česko",18.4487499,49.7739544
CZE,"Slezská 2011, Frýdek, 738 01 Frýdek-Místek, Česko",18.3657684,49.6767648
CZE,"Dvorní 763, 708 00 Ostrava-Poruba, Česko",18.1665266,49.8317133
CZE,"Sukova 820/2A, Město, 736 01 Havířov, Česko",18.4382943,49.7769508
CZE,"Sadová 232, 736 01 Havířov, Česko",18.4259611,49.7807093
CZE,"Dobroslavická 42/4, 725 27 Ostrava-Plesná, Česko",18.1485393,49.8624677
CZE,"Cihelní 1500, 748 01 Hlučín, Česko",18.1929837,49.8936829
CZE,"Školní 48, Chabičov, 747 92 Háj ve Slezsku, Česko",18.0967374,49.897644
CZE,"Mírová 1744, 735 32 Rychvald, Česko",18.3772208,49.8685929
CZE,"Pražmo 10, 739 04 Pražmo, Česko",18.4871429,49.6092298
CZE,"Záhuní 408, 744 01 Frenštát pod Radhoštěm, Česko",18.2072832,49.5470066
CZE,"Horní Tošanovice 129, 739 53 Horní Tošanovice, Česko",18.5003625,49.690535
CZE,"Dvořákova, 739 11 Frýdlant nad Ostravicí, Česko",18.3625035,49.5884414
CZE,"Horní Domaslavice 78, 739 51 Horní Domaslavice, Česko",18.4442819,49.689714
CZE,"Volgogradská 2633, 700 30 Ostrava-jih, Česko",18.229345,49.7933609
CZE,"Smetanova 1000, Frýdlant, 739 11 Frýdlant nad Ostravicí, Česko",18.3617565,49.5896833
CZE,"Slezská 770, 738 01 Frýdek-Místek, Česko",18.3612642,49.6774241
CZE,"Čeladná 362, 739 12 Čeladná, Česko",18.3367297,49.5466614
CZE,"Bavlnářská 455, 738 01 Frýdek-Místek, Česko",18.3606801,49.6768061
CZE,"Lubno 29, 739 11 Frýdlant nad Ostravicí, Česko",18.3906685,49.5964572
CZE,"Záhumení 44, 747 64 Horní Lhota, Česko",18.0654187,49.8523266
CZE,"Erbenova 886, 703 00 Ostrava-Vítkovice, Česko",18.2714159,49.8110526
CZE,"Staroveská 62, 724 00 Ostrava-Proskovice, Česko",18.1996013,49.7543209
CZE,"Výhledy 210, 725 28 Ostrava-Hošťálkovice, Česko",18.2113102,49.8474896
CZE,"Petřvaldská 32, 736 01 Havířov, Česko",18.4135266,49.8008805
CZE,"Požární 61, 713 00 Slezská Ostrava-Heřmanice, Česko",18.3314273,49.8596459
CZE,"Alberta Kučery 1276, 700 30 Ostrava-jih-Hrabůvka, Česko",18.2578847,49.7816178
CZE,"U Školky 1621, 708 00 Ostrava-Poruba, Česko",18.1807427,49.8434059
CZE,"U Lesa 24, 742 84 Klimkovice, Česko",18.0982496,49.8063782
CZE,"Františka Formana 268/45, 700 30 Ostrava-jih-Dubina, Česko",18.2526079,49.77144
CZE,"Nástupní 146, 718 00 Slezská Ostrava, Česko",18.2962577,49.810264
CZE,"Slezská 41, 747 94 Dobroslavice, Česko",18.1408533,49.8803012
CZE,"Mozartova 1477, 700 30 Ostrava-jih-Zábřeh, Česko",18.2576002,49.7965451
CZE,"Ukrajinská 1535, 708 00 Ostrava-Poruba, Česko",18.1932798,49.8240759
CZE,"Rychvaldská 999, 735 53 Dolní Lutyně, Česko",18.4060603,49.8885731
CZE,"Kosmonautů 2218/13, 700 30 Ostrava-jih, Česko",18.2300236,49.7879418
CZE,"Těrlicko 147, 735 42 Těrlicko, Česko",18.5313799,49.741266
CZE,"Škarabelova 562, Frýdek, 738 01 Frýdek-Místek, Česko",18.3486334,49.6889726
CZE,"Palkovice 287, 739 41 Palkovice, Česko",18.314445,49.6345772
CZE,"Elišky Krásnohorské 2254, 738 01 Frýdek-Místek, Česko",18.3438815,49.692269
CZE,"Balzacova 1190, 736 01 Havířov, Česko",18.456911,49.7763347
CZE,"Kosmonautů 1229, 735 14 Orlová, Česko",18.4267043,49.8609992
CZE,"Varenská 2977/2A, 702 00 Ostrava - Moravská Ostrava, Česko",18.272682,49.8362355
CZE,"Dobrá 710, 739 51 Dobrá, Česko",18.4125097,49.6737392
CZE,"Frýdek-Místek 192, 738 01 Frýdek-Místek, Česko",18.4075322,49.652796
CZE,"K Sedlištím 320, Lískovec, 738 01 Frýdek-Místek, Česko",18.3281607,49.7107038
CZE,"739 53 Komorní Lhotka, Česko",18.5420462,49.6810534
CZE,"Šponarova 1503, 700 30 Ostrava-jih, Česko",18.2523673,49.7931724
CZE,"Metylovice 20, 739 49 Metylovice, Česko",18.3534918,49.6138505
CZE,"383 Baška, Česko",18.3726976,49.6434548
CZE,"Přehradní 243/9, 735 42 Těrlicko, Česko",18.4912557,49.7536731
CZE,"Švabinského 993, Město, 736 01 Havířov, Česko",18.4465777,49.7791044
CZE,"Frýdlant nad Ostravicí 322, 739 11 Frýdlant nad Ostravicí, Česko",18.371063,49.5779635
CZE,"14, Jaklovecká 1201, 710 00 Slezská Ostrava, Česko",18.3022794,49.8442968
CZE,"Okružní 1208, 736 01 Havířov, Česko",18.4051016,49.7969042
CZE,"Družební 336, 725 26 Ostrava-Krásné Pole, Česko",18.1215128,49.8412275
CZE,"Chrudimská 36, 747 64 Čavisov, Česko",18.0804854,49.8292104
CZE,"Požárnická 274/42, Bobrovníky, 748 01 Hlučín, Česko",18.2063375,49.8700616
CZE,"Šeříková 682/33, 700 30 Ostrava-jih, Česko",18.2207315,49.7813675
CZE,"Na Robinsonce 1646/2, 708 00 Ostrava-Poruba, Česko",18.1766901,49.8464706
CZE,"U Jeslí 894, Šumbark, 736 01 Havířov, Česko",18.4040711,49.7928525
CZE,"Výškovická 2609, 700 30 Ostrava-jih, Česko",18.224414,49.7901646
CZE,"Hlavní 25, 742 83 Olbramice, Česko",18.089327,49.7896173
CZE,"Mozartova 1092, 736 01 Havířov, Česko",18.4414662,49.7815291
CZE,"1. května 587, 725 25 Ostrava-Polanka nad Odrou, Česko",18.1703918,49.7913502
CZE,"Resslova 512, 736 01 Havířov, Česko",18.4395162,49.7801353
CZE,"Osvobození 514, 742 85 Vřesina, Česko",18.1275299,49.8266175
CZE,"Výstavní 179, 747 94 Děhylov, Česko",18.1677425,49.868875
CZE,"Sportovní 520, 739 44 Brušperk, Česko",18.2212063,49.6994056
CZE,"9, Kořenského 2875, 703 00 Ostrava, Česko",18.2521648,49.8100501
CZE,"Na Drahách 169, 739 25 Sviadnov, Česko",18.3236981,49.686245
CZE,"Radniční 619, Město, 736 01 Havířov, Česko",18.4316277,49.7775084
CZE,"Mitušova 1507, 700 30 Ostrava-jih, Česko",18.2537067,49.7858827
CZE,"Frýdecká 28, 719 00 Slezská Ostrava, Česko",18.2879515,49.7918526
CZE,"Československé armády 201/5, 736 01 Havířov, Česko",18.4275822,49.7805839
CZE,"Špálova 1073, 702 00 Moravská Ostrava a Přívoz, Česko",18.2760872,49.8518363
CZE,"Komorní Lhotka 153, 739 53 Komorní Lhotka, Česko",18.5243296,49.6577453
CZE,"Nezvalovo nám. 708 00, 708 00 Ostrava-Poruba, Česko",18.1778131,49.8285705
CZE,"Vyšní Lhoty 232, 739 51 Vyšní Lhoty, Česko",18.4517151,49.6410574
CZE,"Zámecká 38, 739 23 Stará Ves nad Ondřejnicí, Česko",18.1866297,49.729571
CZE,"Třanovice 92, 739 53 Třanovice, Česko",18.5366851,49.711235
CZE,"Bratří Musálků 249, 739 32 Řepiště, Česko",18.3168773,49.7333056
CZE,"U školky 8, 742 72 Mořkov, Česko",18.058328,49.5349128
CZE,"Jistebník 315, 742 82 Jistebník, Česko",18.1450484,49.7480638
CZE,"Mitrovická 811, 724 00 Ostrava-Stará Bělá, Česko",18.2157872,49.7627932
CZE,"Opavská 350, 747 64 Velká Polom, Česko",18.0994824,49.863045
CZE,"Vrablovec 384/26, 747 14 Ludgeřovice, Česko",18.2231542,49.883866
CZE,"Čs. tankistů 76, 747 66 Dolní Lhota, Česko",18.0927174,49.8423709
CZE,"Volgogradská 2600/6b, 700 30 Ostrava-jih-Zábřeh, Česko",18.2251557,49.7914483
CZE,"Mitušova 1330, 700 30 Ostrava-jih, Česko",18.2504116,49.7901229
CZE,"Skautská, 708 00 Ostrava-Poruba, Česko",18.1765613,49.8246686
CZE,"Za Ještěrkou 507, 717 00 Ostrava-Radvanice a Bartovice, Česko",18.3601107,49.7977355
CZE,"Mládí 1147, 736 01 Havířov, Česko",18.3990697,49.7966414
CZE,"2. května 1654, 735 41 Petřvald, Česko",18.4020718,49.8376783
CZE,"Blanická 154, 724 00 Ostrava-Stará Bělá, Česko",18.2367254,49.7627949
CZE,"Na Vyhlídce 834, 739 32 Vratimov, Česko",18.3156253,49.7690958
CZE,"Moravská 404, 736 01 Havířov, Česko",18.4197532,49.8008189
CZE,"Emila Holuba 1403, 736 01 Havířov, Česko",18.4573196,49.7733075
CZE,"Patrice Lumumby 2431, 700 30 Ostrava-jih, Česko",18.2364737,49.7854498
CZE,"B. Martinů 718, 708 00 Ostrava-Poruba, Česko",18.1716567,49.8305701
CZE,"E. Rošického 1082, 721 00 Ostrava-Svinov, Česko",18.1886428,49.8193272
CZE,"Na Pláni 609/2, 724 00 Ostrava-Nová Bělá, Česko",18.2617129,49.7490153
CZE,"Na Jízdárně 19A, 702 00 Moravská Ostrava a Přívoz, Česko",18.2730638,49.8281084
CZE,"Místecká 758, 739 21 Paskov, Česko",18.292256,49.7299037
CZE,"B. Martinů 812, 708 00 Ostrava-Poruba, Česko",18.172519,49.8319559
CZE,"Fryčovice 83, 739 45 Fryčovice, Česko",18.227725,49.675566
CZE,"V Zahradách 2148, 708 00 Ostrava-Poruba, Česko",18.1545574,49.823153
CZE,"Cihelní 1668, 735 06 Karviná, Česko",18.5379706,49.859459
CZE,"Srbská 413, 700 30 Ostrava-jih, Česko",18.2257393,49.7757302
CZE,"Bažanova, 720 00 Ostrava-Hrabová, Česko",18.2804212,49.7759857
CZE,"Lechowiczova 3110/8, 702 00 Moravská Ostrava a Přívoz, Česko",18.2641475,49.8395693
CZE,"Gurťjevova 458, 700 30 Ostrava-jih, Česko",18.236128,49.7929469
CZE,"Okružní 917, 735 14 Orlová, Česko",18.433285,49.8769722
CZE,"F. Čejky 420, Místek, 738 01 Frýdek-Místek, Česko",18.3424321,49.6712581
CZE,"Slívova 631, 710 00 Slezská Ostrava, Česko",18.3227325,49.8262001
CZE,"Jistebník 325, 742 82 Jistebník, Česko",18.1333987,49.7468153
CZE,"Kostelní 70, 739 24 Krmelín, Česko",18.2350445,49.7312943
CZE,"Přímá 1333, Podlesí, 736 01 Havířov, Česko",18.4523888,49.7707644
CZE,"Smetanova 1000, 739 11 Frýdlant nad Ostravicí, Česko",18.3617695,49.5897224
CZE,"Františka Formana 251/13, 700 30 Ostrava-jih, Česko",18.2506211,49.7736996
CZE,"13, Jana Maluchy 244, 700 30 Ostrava-jih, Česko",18.2575528,49.7793956
CZE,"31, Zámostní 1126, 710 00 Slezská Ostrava, Česko",18.2988077,49.8403191
CZE,"Sedliště 203, 739 36 Sedliště, Česko",18.3667587,49.7193099
CZE,"Slavíkova 6067, 708 00 Ostrava-Poruba, Česko",18.1746917,49.8377321
CZE,"Martinovská 3154, 723 00 Ostrava-Martinov, Česko",18.1807955,49.8546273
CZE,"K Sedlištím 182, 738 01 Frýdek-Místek, Česko",18.3367294,49.7093298
CZE,"Čs. exilu 670/18, 708 00 Ostrava-Poruba, Česko",18.167463,49.8251803
CZE,"Jana Šoupala 1611, 708 00 Ostrava-Poruba, Česko",18.1747148,49.842562
CZE,"Dětská 920, 708 00 Ostrava-Poruba, Česko",18.1784649,49.8295577
CZE,"Příborská 37, 739 42 Frýdek-Místek, Česko",18.2964107,49.6642157
CZE,"nám. B. Němcové 664, 708 00 Ostrava-Poruba, Česko",18.1635064,49.8270408
CZE,"Buková 245, 724 00 Ostrava-Proskovice, Česko",18.2022014,49.7542003
CZE,"Vincence Makovského 4429/8, 708 00 Ostrava-Poruba, Česko",18.1650113,49.8393495
CZE,"Zlepšovatelů 1502, 700 30 Ostrava-jih, Česko",18.2581747,49.7923706
CZE,"4, Volgogradská 2613, 700 30 Ostrava-jih, Česko",18.2288282,49.7929252
CZE,"Dvořákova 1037, 702 00 Moravská Ostrava a Přívoz, Česko",18.2883515,49.8380659
CZE,"Josefa Skupy 1642, 708 00 Ostrava-Poruba, Česko",18.1782309,49.8464746
CZE,"Sokolovská 1168, 708 00 Ostrava-Poruba, Česko",18.1772994,49.8334604
CZE,"U Dvoru 1255, 709 00 Ostrava-Mariánské Hory a Hulváky, Česko",18.2553598,49.833847
CZE,"Gen. Janka 1156/1, 709 00 Ostrava-Mariánské Hory a Hulváky, Česko",18.2571015,49.8351503
CZE,"Fryčovice 451, 739 45 Fryčovice, Česko",18.2250182,49.6718147
CZE,"Malostranská 124, 725 25 Ostrava-Polanka nad Odrou, Česko",18.1626851,49.7869346
CZE,"Lhotka 111, 739 47 Lhotka, Česko",18.2941004,49.5969791
CZE,"J. Lady 2805, 702 00 Moravská Ostrava a Přívoz, Česko",18.2848827,49.8432763
CZE,"Nový svět 286, 748 01 Hlučín, Česko",18.2005935,49.9203111
CZE,"5.Května 1527, 756 61 Rožnov pod Radhoštěm, Česko",18.1401125,49.4662804
CZE,"Za Školou 2851, 700 30 Ostrava-jih-Zábřeh, Česko",18.2415271,49.801358
CZE,"Antošovická 107, 711 00 Slezská Ostrava, Česko",18.2859251,49.8783935
CZE,"Poděbradova 1103/19, 702 00 Moravská Ostrava a Přívoz, Česko",18.2843917,49.8348728
CZE,"Lískovecká 2850, Frýdek, 738 01 Frýdek-Místek, Česko",18.3392608,49.6951249
CZE,"Dr. E. Beneše 207/1, 748 01 Hlučín, Česko",18.1898949,49.898634
CZE,"U Kaple 670, 725 29 Ostrava-Petřkovice, Česko",18.2571858,49.8728898
CZE,"Kalinová 295, 725 28 Ostrava-Lhotka, Česko",18.2261451,49.8611882
CZE,"Bezručova 130, 739 91 Jablunkov, Česko",18.7680258,49.579436
CZE,"Bocanovice 19, 739 91 Bocanovice, Česko",18.7385575,49.5687351
CZE,"Markova 929, 744 01 Frenštát pod Radhoštěm, Česko",18.2226681,49.541936
CZE,"Dolní Lomná 70, 739 91 Dolní Lomná, Česko",18.706825,49.5480924
CZE,"Horní Bečva 793, 756 57 Horní Bečva, Česko",18.2930639,49.4299655
CZE,"Školská čtvrť 1391, 744 01 Frenštát pod Radhoštěm, Česko",18.2061597,49.5431061
CZE,"Kobylská 250, 756 05 Karolinka, Česko",18.2305841,49.3533249
CZE,"Tichá 282, 742 74 Tichá, Česko",18.2231238,49.5716503
CZE,"Kunčice pod Ondřejníkem 316, 739 13 Kunčice pod Ondřejníkem, Česko",18.2592651,49.5503756
CZE,"Horní Bečva 544, 756 57 Horní Bečva, Česko",18.2892982,49.4319504
CZE,"Písek 184, 739 84 Písek, Česko",18.7972771,49.5609225
CZE,"739 98 Mosty u Jablunkova, Česko",18.7555316,49.5237611
CZE,"Trojanovice 362, 744 01 Trojanovice, Česko",18.2379933,49.5212489
CZE,"Na Zahradách 644, 756 61 Rožnov pod Radhoštěm, Česko",18.1407697,49.4584213
CZE,"Mosty u Jablunkova 750, 739 98 Mosty u Jablunkova, Česko",18.7555552,49.5238963
CZE,"Čeladná 389, 739 12 Čeladná, Česko",18.3377544,49.545313
CZE,"Prostřední Bečva 440, 756 56 Prostřední Bečva, Česko",18.2508686,49.4350703
CZE,"Vigantice 88, 756 61 Vigantice, Česko",18.1806484,49.4450846
CZE,"Masarykovo nám. 16, 756 61 Rožnov pod Radhoštěm, Česko",18.1430893,49.4582561
CZE,"5.Května 1521, 756 61 Rožnov pod Radhoštěm, Česko",18.1374617,49.4603256
CZE,"Kaštanová 226, 739 92 Návsí, Česko",18.7551306,49.5873074
CZE,"Hutisko-Solanec 450, 756 62 Hutisko-Solanec, Česko",18.2193043,49.4333344
CZE,"Na Zahradách 2184, 756 61 Rožnov pod Radhoštěm, Česko",18.1413354,49.4588829
CZE,"739 91 Dolní Lomná, Česko",18.7043786,49.5478801
CZE,"Pstruží 104, 739 11 Pstruží, Česko",18.3352911,49.5651789
CZE,"Košařiska 70, 739 81 Košařiska, Česko",18.695074,49.590543
CZE,"Bukovec 214, 739 85 Bukovec, Česko",18.8330458,49.548145
CZE,"Kozlovice 666, 739 47 Kozlovice, Česko",18.2595514,49.5938422
CZE,"Veřovice 529, 742 73 Veřovice, Česko",18.1128937,49.540015
CZE,"Bukovec 66, 739 85 Bukovec, Česko",18.8284288,49.5507705
CZE,"Mniší 42, 742 21 Kopřivnice, Česko",18.1982045,49.6012649
CZE,"Veřovice 381, 742 73 Veřovice, Česko",18.1397835,49.5203422
CZE,"Tyra 80, 739 61 Třinec, Česko",18.648323,49.6218256
CZE,"780, Dvořákova, 739 11 Frýdlant nad Ostravicí, Česko",18.3623373,49.5884224
CZE,"Janovice 267, 739 11 Janovice, Česko",18.4077017,49.6224398
CZE,"Kozlovice 186, 739 47 Kozlovice, Česko",18.2567817,49.5904815
CZE,"739 81 Košařiska, Česko",18.696627,49.589994
CZE,"Morávka 177, 739 04 Morávka, Česko",18.5165313,49.5995418
CZE,"739 81 Milíkov, Česko",18.7193878,49.5855195
CZE,"756 06 Velké Karlovice, Česko",18.3301302,49.3524034
CZE,"Tyršova 913, 744 01 Frenštát pod Radhoštěm, Česko",18.2139296,49.5450857
CZE,"Hrčava 85, 739 98 Hrčava, Česko",18.8335939,49.5209742
CZE,"756 62 Hutisko-Solanec, Česko",18.2187859,49.4322064
CZE,"Prostřední Bečva 216, 756 56 Prostřední Bečva, Česko",18.2535842,49.4478482
CZE,"Prostřední Bečva 540, 756 56 Prostřední Bečva, Česko",18.2517218,49.436487
CZE,"Dolní Bečva 35, 756 55 Dolní Bečva, Česko",18.1821538,49.4657043
CZE,"Dolní Bečva 580, 756 55 Dolní Bečva, Česko",18.1949451,49.4568355
CZE,"Tylovice 1877, 756 61 Rožnov pod Radhoštěm, Česko",18.1513372,49.454706
CZE,"Mosty u Jablunkova 788, 739 98 Mosty u Jablunkova, Česko",18.7551615,49.5339225
CZE,"Písečná 42, 739 91 Písečná, Česko",18.7873739,49.5747624
CZE,"Ulice Školní 800/800, 739 91 Jablunkov, Česko",18.7650438,49.5747329
CZE,"Vendryně 997, 739 94 Vendryně, Česko",18.7009816,49.6314522
CZE,"Komenského 608, 737 01 Český Těšín, Česko",18.6185033,49.7444054
CZE,"Habrová 249, 739 61 Třinec, Česko",18.68088,49.678964
CZE,"Dukelská 2096/5a, 737 01 Český Těšín, Česko",18.6261983,49.7425161
CZE,"Ropice 146, 739 61 Ropice, Česko",18.6146628,49.701384
CZE,"Smilovice 164, 739 55 Smilovice, Česko",18.5697145,49.6602466
CZE,"739 95 Bystřice, Česko",18.7228226,49.6392251
CZE,"Děpoltovická 71, 360 01 Otovice, Česko",12.8712091,50.2556307
CZE,"Lidická 590, 360 01 Karlovy Vary, Česko",12.8875572,50.232359
CZE,"U Potoka 140, 362 63 Dalovice, Česko",12.8971901,50.2500077
CZE,"Řeka 80, 739 55 Řeka, Česko",18.5726742,49.6331545
CZE,"Bezručova 418, 739 61 Třinec, Česko",18.6668887,49.6748755
CZE,"Modenská 150, 360 07 Karlovy Vary, Česko",12.8280193,50.2101714
CZE,"Masarykovy sady 16, 737 01 Český Těšín, Česko",18.6230464,49.7491274
CZE,"Pod Zvonek 1835, 737 01 Český Těšín, Česko",18.6172942,49.7316337
CZE,"Jablunkovská 241, 739 61 Třinec, Česko",18.6718657,49.6778525
CZE,"Kaštanová 412, Dolní Líštná, 739 61 Třinec, Česko",18.6866583,49.6791074
CZE,"Rájov, 431 51 Perštejn, Česko",13.1010802,50.3927026
CZE,"tř. Dukel. hrdinů 1031, 362 51 Jáchymov, Česko",12.9186422,50.3670015
CZE,"Mánesova 1672, 356 01 Sokolov, Česko",12.675284,50.174063
CZE,"Nová Plzeň 673, 357 01 Rotava, Česko",12.5593424,50.3024443
CZE,"Hornická 1119, 737 01 Český Těšín, Česko",18.6071831,49.7488702
CZE,"nábř. J. Palacha, 360 01 Karlovy Vary, Česko",12.8724764,50.2324777
CZE,"Kpt. Jaroše 2224/4, 734 01 Karviná, Česko",18.5588207,49.8580017
CZE,"Svatošská, 360 07 Karlovy Vary, Česko",12.8257587,50.2036945
CZE,"739 97 Hrádek, Česko",18.7370618,49.6166581
CZE,"739 95 Nýdek, Česko",18.7576653,49.657977
CZE,"Hrabinská 1016, 737 01 Český Těšín, Česko",18.6114652,49.7492291
CZE,"Masarykovy sady 104, 737 01 Český Těšín, Česko",18.6225441,49.7482346
CZE,"Dobratice 133, 739 51 Dobratice, Česko",18.4920684,49.6611564
CZE,"Dukelská 328, 737 01 Český Těšín, Česko",18.6253166,49.7396862
CZE,"Štefánikova 772, 739 61 Třinec, Česko",18.6776817,49.6639509
CZE,"Ostravská 1710, 737 01 Český Těšín, Česko",18.6139044,49.747241
CZE,"K Rybníkům 268, 735 61 Chotěbuz, Česko",18.5949201,49.765316
CZE,"U Křížů 150/2, Životice, 736 01 Havířov, Česko",18.4765575,49.7712404
CZE,"Morávka 178, 739 04 Morávka, Česko",18.5174915,49.5993853
CZE,"Jablunkovská 241, Lyžbice, 739 61 Třinec, Česko",18.6866007,49.6648019
CZE,"Karla Dvořáčka 1228, Lutyně, 735 14 Orlová, Česko",18.4394722,49.8785859
CZE,"Školní 100, 735 62 Český Těšín, Česko",18.5901002,49.752052
CZE,"Šeříková 95, Sedlec, 360 10 Karlovy Vary, Česko",12.8635939,50.2442739
CZE,"Benešova 282, Týnské Předměstí, 344 01 Domažlice, Česko",12.9245002,49.4427603
CZE,"Krále Jiřího 1341/4, 360 01 Karlovy Vary, Česko",12.8753988,50.2261302
CZE,"Oldřichovice 275, 739 61 Třinec, Česko",18.6517514,49.6532692
CZE,"Na Kopci 2099, Mizerov, 734 01 Karviná, Česko",18.5628325,49.8548349
CZE,"Komorní Lhotka 203, 739 53 Komorní Lhotka, Česko",18.5287968,49.6609464
CZE,"Einsteinova 2849/1, Hranice, 733 01 Karviná, Česko",18.5585182,49.8664372
CZE,"Obránců míru 867, 703 00 Ostrava-Vítkovice, Česko",18.2589076,49.8052399
CZE,"Kostelní 501, 735 43 Albrechtice, Česko",18.5231791,49.7859408
CZE,"Středová 47, 735 62 Český Těšín, Česko",18.5559082,49.7384681
CZE,"Střítež 108, 739 59 Střítež, Česko",18.5706529,49.6810471
CZE,"P. Holého 400, Frýdek, 738 01 Frýdek-Místek, Česko",18.3559943,49.6880052
CZE,"Vendryně 615, 739 94 Vendryně, Česko",18.7005279,49.6322529
CZE,"Kopernikova 696, Lyžbice, 739 61 Třinec, Česko",18.6727792,49.666983
CZE,"U Splavu 550, 739 61 Třinec, Česko",18.670476,49.682306
CZE,"Hnojník 120, 739 53 Hnojník, Česko",18.5420076,49.6810229
CZE,"Sosnová 367, 739 61 Třinec, Česko",18.6876123,49.6767253
CZE,"Havlíčkova 213, 737 01 Český Těšín, Česko",18.6257159,49.7439188
CZE,"Bystřice 440, 739 95 Bystřice, Česko",18.723754,49.638631
CZE,"Třinec 10, 739 61 Třinec, Česko",18.6970185,49.7013335
CZE,"Nádražní 10/10, Staré Město, 739 61 Třinec, Česko",18.668494,49.683149
CZE,"737 01 Český Těšín, Česko",18.6135663,49.7437895
CZE,"Těšínská 3663, 738 01 Frýdek-Místek, Česko",18.351207,49.6846831
CZE,"Blahoslavova 1594, 702 00 Moravská Ostrava a Přívoz, Česko",18.2897324,49.8438203
CZE,"344 01 Domažlice, Česko",12.9228751,49.4392738
CZE,"1. máje 325, 735 31 Bohumín, Česko",18.3781305,49.9040663
CZE,"Na Pískách 70, 735 52 Bohumín, Česko",18.3700223,49.8818134
CZE,"Ke Studánce 1033, 735 14 Orlová, Česko",18.4206388,49.8690049
CZE,"Okružní 1070, 736 01 Havířov, Česko",18.4080164,49.7966364
CZE,"Chopinova 463, 739 61 Třinec, Česko",18.6825317,49.6669747
CZE,"tř. Družby 1389, Nové Město, 735 06 Karviná, Česko",18.5324333,49.8672843
CZE,"Nerudova, Lyžbice, 739 61 Třinec, Česko",18.6761956,49.6727486
CZE,"Nýdek 150, 739 95 Nýdek, Česko",18.7577209,49.6579545
CZE,"Sosnová 384, 739 61 Třinec, Česko",18.6835731,49.6790005
CZE,"Borek 349, 739 61 Třinec, Česko",18.661373,49.690779
CZE,"Bezručova 419, 739 61 Třinec, Česko",18.6669398,49.6744168
CZE,"Guty 131, 739 55 Třinec, Česko",18.5961113,49.6496901
CZE,"Čajkovského 2215, Mizerov, 734 01 Karviná, Česko",18.5592434,49.8557542
CZE,"Divišova 2806, 733 01 Karviná, Česko",18.55776,49.8647121
CZE,"Frýdecká 451, Bludovice, 736 01 Havířov, Česko",18.4449112,49.7651729
CZE,"Třinec 419, 739 61 Třinec, Česko",18.6336094,49.6828301
CZE,"U Mat. školy 2/360, 734 01 Karviná, Česko",18.5663793,49.843824
CZE,"Máchova 647, 739 61 Třinec, Česko",18.670937,49.6697909
CZE,"Místní 355, 736 01 Havířov, Česko",18.4283939,49.7840641
CZE,"Pod Zvonek 91, Dolní Žukov, 737 01 Český Těšín, Česko",18.5933534,49.7209943
CZE,"Vělopolská 21, Horní Žukov, 737 01 Český Těšín, Česko",18.5665773,49.7176172
CZE,"Slovenská 2910/42, Hranice, 733 01 Karviná, Česko",18.5547423,49.8682962
CZE,"Slezská 778, Lyžbice, 739 61 Třinec, Česko",18.6752462,49.6629816
CZE,"Čáslavská 1834, 737 01 Český Těšín, Česko",18.6148585,49.7313132
CZE,"Třinec 126, 739 61 Třinec, Česko",18.6200612,49.6753942
CZE,"Nerudova 313, Lyžbice, 739 61 Třinec, Česko",18.675402,49.6726644
CZE,"Oldřichovice 670, 739 61 Třinec, Česko",18.6513421,49.659822
CZE,"U Topolů 688, 735 64 Havířov, Česko",18.4585942,49.7935393
CZE,"Nerudova 313, 739 61 Třinec, Česko",18.6760616,49.6726159
CZE,"Vendryně č. 1, 739 94 Vendryně, Česko",18.7004883,49.6575685
CZE,"Janáčkova 498, 739 61 Třinec, Česko",18.6838166,49.6657205
CZE,"Školská 431, 734 01 Karviná, Česko",18.5574572,49.8471727
CZE,"Do Zámostí 1200, 326 00 Cernice-Plzeň 2-Slovany, Česko",13.4105235,49.7069358
CZE,"Pracejovice 67, 386 01 Pracejovice, Česko",13.8471082,49.2580745
CZE,"Švermova 207, 431 45 Březno, Česko",13.4194915,50.3999654
CZE,"Radonice 70, 431 55 Radonice, Česko",13.2825255,50.2989489
CZE,"Goethova 356/5, 301 00 Plzeň 3, Česko",13.378689,49.743585
CZE,"Žlutická 1694, 323 00 Plzeň 1-Bolevec, Česko",13.3616301,49.7770367
CZE,"Podkrušnohorská 82/8, Loučná, 435 11 Lom, Česko",13.6531047,50.6136459
CZE,"9. května 36-24, 436 01 Litvínov, Česko",13.6132738,50.5981533
CZE,"Libočany 103, 439 75 Libočany, Česko",13.5131588,50.3348158
CZE,"Marš. Rybalka 1020, 434 01 Most, Česko",13.6429499,50.4934395
CZE,"Školní pěšina 5212, 430 04 Chomutov, Česko",13.4258828,50.4812879
CZE,"Doubravka 401, 312 00 Plzeň 4, Česko",13.4336104,49.749992
CZE,"Přátelství 160, 435 42 Litvínov, Česko",13.5639869,50.5925903
CZE,"U Věžových domů 2934, 434 01 Most, Česko",13.6392944,50.4982873
CZE,"Přísečnická 406, 431 91 Vejprty, Česko",13.0331026,50.4923865
CZE,"Zahradní 5265, 430 04 Chomutov, Česko",13.4352119,50.487241
CZE,"K Sinoru 68/37, 301 00 Plzeň 10-Lhota, Česko",13.3212315,49.6936142
CZE,"Dvořákova 13, 438 01 Žatec, Česko",13.5440369,50.3280589
CZE,"Dolní Lukavice 91, 334 44 Dolní Lukavice, Česko",13.3439975,49.6021886
CZE,"E. Pittera, České Budějovice 7, 370 01 České Budějovice, Česko",14.4696126,48.9658175
CZE,"5, 387 16 Kraselov, Česko",13.8040542,49.2253512
CZE,"301 00 Plzeň 3, Česko",13.3904508,49.69794
CZE,"17. listopadu 4728, 430 04 Chomutov, Česko",13.4139973,50.479402
CZE,"Školní 1726, 431 11 Jirkov, Česko",13.436101,50.5044863
CZE,"Moskevská 723, 431 91 Vejprty, Česko",13.0299608,50.4940332
CZE,"Hlavní 57, 431 63 Perštejn, Česko",13.1107346,50.3808203
CZE,"Hora Svatého Šebestiána 4, 431 82 Hora Svatého Šebestiána, Česko",13.2518494,50.510968
CZE,"Švermova 367, 431 45 Březno, Česko",13.4223087,50.3997028
CZE,"Bezručova 752, 431 11 Jirkov, Česko",13.444441,50.496576
CZE,"Přísečnická 1270, 431 91 Vejprty, Česko",13.0363986,50.4935297
CZE,"Lipová 254, 431 01 Spořice, Česko",13.3897562,50.4475789
CZE,"Palachova 4881, 430 03 Chomutov, Česko",13.3986423,50.4622466
CZE,"Prokopova 3389, 430 01 Chomutov, Česko",13.4131288,50.4557822
CZE,"Školní 504, 431 51 Klášterec nad Ohří, Česko",13.1783807,50.3891547
CZE,"Chomutovská 1289/1289, 432 01 Kadaň, Česko",13.2729478,50.3885363
CZE,"čp. 80, Rudé armády, 431 44 Droužkovice, Česko",13.4300344,50.4305803
CZE,"nám. Gen. Svobody 71, 431 01 Spořice, Česko",13.3920306,50.4415362
CZE,"Havlíčkova 3675, 430 03 Chomutov, Česko",13.4036827,50.4705142
CZE,"Blatenská 4879, 430 03 Chomutov, Česko",13.4045351,50.4728843
CZE,"Nebílovy 37, 332 04 Nebílovy, Česko",13.4195929,49.6248924
CZE,"Čestice 8, 387 19 Čestice, Česko",13.8012056,49.167754
CZE,"Zdíkov 250, 384 72 Zdíkov, Česko",13.6996964,49.0812759
CZE,"Klášterecká 1557, 432 01 Kadaň, Česko",13.2647981,50.380711
CZE,"Na Borku 1644, 431 11 Jirkov, Česko",13.4336139,50.4999944
CZE,"Plzeň 3 11, 301 00 Tisová, Česko",13.3921644,49.6980697
CZE,"Stachy 253, 384 73 Stachy, Česko",13.6664426,49.1009688
CZE,"Druztová 190, 330 07 Druztová, Česko",13.4516265,49.7950202
CZE,"Božkovské nám. 576, 326 00 Plzeň 2-Slovany, Česko",13.4211536,49.733169
CZE,"Tylova 920, 342 01 Sušice, Česko",13.5107231,49.2298619
CZE,"Lesní 542, 431 51 Klášterec nad Ohří, Česko",13.1860889,50.392948
CZE,"Tylova 2085, Horní Litvínov, 436 01 Litvínov, Česko",13.6080508,50.6049335
CZE,"nám. Svobody, 415 01 Teplice, Česko",13.8235393,50.640679
CZE,"Tavírna 119, 381 01 Český Krumlov, Česko",14.3155859,48.8065606
CZE,"T. G. Masaryka 187, 381 01 Český Krumlov, Česko",14.3162304,48.8165116
CZE,"Na Hamrech 602, 417 41 Krupka, Česko",13.8597866,50.6810862
CZE,"Brná ev.č. 36, 403 21 Ústí nad Labem-Střekov, Česko",14.0638585,50.6314883
CZE,"Chelčického 110/16, 370 01 České Budějovice, Česko",14.4864659,48.9758622
CZE,"K Třešňovce 64, 252 29 Karlík, Česko",14.2617132,49.9374713
CZE,"Šenflukova, 254 01 Jílové u Prahy, Česko",14.4865566,49.8972667
CZE,"Dolnočernošická 425, 252 28 Praha-Lipence, Česko",14.3276224,49.9601586
CZE,"373 72 Lišov, Česko",14.6108458,49.0179209
CZE,"Za Knihovnou 188, Lhota, 252 41 Dolní Břežany, Česko",14.4218006,49.9598523
CZE,"Karla Majera 93, 252 31 Všenory, Česko",14.316991,49.9335242
CZE,"B. Němcové, 252 28 Černošice, Česko",14.3119369,49.9505558
CZE,"Pražská 594, Dolní Jirčany, 252 44 Psáry, Česko",14.5192207,49.948944
CZE,"Prostřední Lhota 4, 262 03 Chotilsko, Česko",14.3419985,49.7549609
CZE,"Pod Ptáčnicí 2158, Mokropsy, 252 28 Černošice, Česko",14.3244818,49.9442267
CZE,"Pražská 3226, 415 01 Teplice, Česko",13.8460071,50.6347956
CZE,"Mokrovraty 6, 262 03 Mokrovraty, Česko",14.2560065,49.796929
CZE,"Sportovní, 252 30 Řevnice, Česko",14.236915,49.9080919
CZE,"Březovská 830, 252 46 Vrané nad Vltavou, Česko",14.3808953,49.9365107
CZE,"Žitavského 547, 156 00 Zbraslav, Česko",14.3942621,49.9665741
CZE,"267 18 Bubovice, Česko",14.164824,49.9674885
CZE,"456, 252 42, Česko",14.5271094,49.9783562
CZE,"Letovská 304, Na Návsi 21, 252 29 Lety, Česko",14.2562728,49.921694
CZE,"Na Kobylce 570, 252 31 Všenory, Česko",14.3152904,49.9317082
CZE,"Na Kocandě 47, 252 42 Jesenice, Česko",14.5396509,49.9705256
CZE,"Brodecká, 263 01 Dobříš, Česko",14.1599738,49.7969475
CZE,"Opatovická, 370 10 České Budějovice, Česko",14.4833898,49.0065355
CZE,"Panský les 649, 417 12 Proboštov, Česko",13.827323,50.6698523
CZE,"Koněvova 100, 417 42 Krupka, Česko",13.8729617,50.681188
CZE,"Vinařská 737, 400 01 Ústí nad Labem-město, Česko",14.0179719,50.6785941
CZE,"K Višňovce 1389, 253 01 Hostivice, Česko",14.2616146,50.0845367
CZE,"Boženina 8, 439 07 Peruc, Česko",13.9585635,50.3437829
CZE,"23916, 274 01 Královice, Česko",14.0560472,50.263783
CZE,"U Schodů 53, 273 43 Buštěhrad, Česko",14.1876345,50.1557611
CZE,"Na Návsi 5, 252 19 Drahelčice, Česko",14.2041442,50.0305173
CZE,"Jaroslava Foglara 2343, Kročehlavy, 272 01 Kladno, Česko",14.1190477,50.1333379
CZE,"Nová, 273 74 Klobuky, Česko",13.9927452,50.2956796
CZE,"Boženina 74, 439 07 Peruc, Česko",13.957854,50.3436863
CZE,"Na Radosti 55, 155 21 Zličín, Česko",14.2937941,50.0592264
CZE,"Karlštejn 67, 267 18 Karlštejn, Česko",14.189292,49.938454
CZE,"Ke Školce 57, 253 01 Chýně, Česko",14.2286399,50.0629179
CZE,"Řipská, 413 01 Roudnice nad Labem, Česko",14.2635122,50.4219643
CZE,"Pařížská 2199, 272 01 Kladno, Česko",14.134533,50.136761
CZE,"Ke Koh-i-nooru 433, 155 00 Praha 13-Stodůlky, Česko",14.3214274,50.06439
CZE,"Zdibsko 163, Zdibsko, 250 67 Klecany, Česko",14.4402532,50.1798832
CZE,"Na Bělici 1045/8, 154 00 Praha-Slivenec, Česko",14.3536132,50.0136133
CZE,"Trojská 880, 170 00 Praha 7, Česko",14.4125657,50.1196811
CZE,"Na Dlážděnce 732/50, 181 00 Praha 8, Česko",14.4425723,50.120074
CZE,"Lohniského 830, 152 00 Praha 5, Česko",14.3765769,50.0367963
CZE,"Ústavní 92/9, 181 00 Praha 8-Bohnice, Česko",14.4253734,50.1333452
CZE,"Bubenečská 891/22, 160 00 Praha 6-Bubeneč, Česko",14.4056125,50.1027457
CZE,"100, 273 01 Kladno, Česko",14.5125249,50.3724791
CZE,"Nad Zámečnicí 2409, 150 00 Praha 5, Česko",14.3685676,50.0707754
CZE,"Dr. E. Beneše 1155, 277 11 Neratovice, Česko",14.5133225,50.2537954
CZE,"Sídliště 1100, 153 00 Praha 16, Česko",14.3541718,49.9802247
CZE,"Walterovo nám., 158 00 Praha 5, Česko",14.3725661,50.0571464
CZE,"267 51 Svatá, Česko",13.9620821,49.9392577
CZE,"U Vojenské nemocnice, 162 00 Praha 6-Břevnov, Česko",14.3641626,50.0907065
CZE,"Zahradní 801, 267 51 Zdice, Česko",13.9804821,49.912864
CZE,"V Hůrkách 2145/1, 158 00 Praha 13, Česko",14.346335,50.0498423
CZE,"Třebízského 524, 278 01 Kralupy nad Vltavou, Česko",14.3199177,50.2444087
CZE,"Zelená 434, 252 62 Statenice, Česko",14.3235239,50.1439416
CZE,"Řánkova 87, 273 42 Stehelčeves, Česko",14.188803,50.174362
CZE,"Španielova 1701, 163 00 Praha 17, Česko",14.3044807,50.0686254
CZE,"V. Kratochvíla, 272 04 Kladno, Česko",14.0950137,50.1521533
CZE,"Žalanského 68/54, 163 00 Praha 17, Česko",14.2927412,50.0680618
CZE,"Slánská 36, Olšany, 273 41 Brandýsek, Česko",14.1579708,50.1889063
CZE,"Velvarská 1206, Švermov, 273 09 Kladno, Česko",14.113633,50.170733
CZE,"Masarykova 412, 252 19 Rudná, Česko",14.241288,50.0377964
CZE,"Na Dolnici 1247, 155 00 Praha 5-Stodůlky, Česko",14.3297602,50.0501487
CZE,"252 63 Roztoky, Česko",14.3971295,50.1633652
CZE,"Kateřinská 87, 252 18 Úhonice, Česko",14.187052,50.0409433
CZE,"Toskánská náves 66, 252 17 Tachlovice, Česko",14.245726,50.0112432
CZE,"Mezouň 145, 267 18 Mezouň, Česko",14.2146387,50.0041477
CZE,"Pod Kostelem 56, 273 53 Hostouň, Česko",14.1986401,50.1162314
CZE,"X6R8+CW, 267 16 Vysoký Újezd, Česko",14.217349,49.9910912
CZE,"Na Výhledu 1447, 253 01 Hostivice, Česko",14.2408827,50.0802056
CZE,"Hlavní 151, 253 01 Chýně, Česko",14.2264419,50.0612578
CZE,"Vrapická 474, 272 03 Kladno, Česko",14.1355146,50.159011
CZE,"2382 130, 273 02 Tuchlovice, Česko",14.0224063,50.140977
CZE,"Květnová 64, 267 11 Vráž, Česko",14.1288806,49.9829789
CZE,"Nad Tejnkou 391/10, 169 00 Praha 6-Břevnov, Česko",14.3743107,50.082184
CZE,"Hybešova 516/2, 186 00 Karlín, Česko",14.4602326,50.0930694
CZE,"V Zápolí 1249, 141 00 Praha 4-Michle, Česko",14.467401,50.0486473
CZE,"Vinohradská 100 00/3218/169, 10 Strašnice, Česko",14.488748,50.0774261
CZE,"Vršovická 1462, 101 00 Praha 10-Vršovice, Česko",14.4620045,50.067394
CZE,"K Trnkám 2135/6, 143 00 Praha 4, Česko",14.4163173,50.0130622
CZE,"149 00 Praha 11, Česko",14.5166065,50.0378233
CZE,"10, Praha, Praha 10, Česko",14.5092341,50.0550211
CZE,"Základní škola a mateřská škola K Dolům v Praze 12 Praha 4-Modřany CZ, U Domu služeb, Modřany, 143 00 Praha 4, Česko",14.41253,50.002844
CZE,"Lohniského 851, 152 00 Praha 5, Česko",14.3739403,50.0372829
CZE,"Riegrovy sady 38, 120 00 Praha-Vinohrady, Česko",14.4396099,50.0812728
CZE,"Sokolovská 668/136d, 186 00 Praha 8-Invalidovna, Česko",14.4636135,50.0955933
CZE,"Jílkova 1700, 169 00 Praha 6-Břevnov, Česko",14.3769243,50.0858859
CZE,"Libčická 398, 181 00 Praha 8-Čimice, Česko",14.4336296,50.1400902
CZE,"Rembrandtova 2240, 100 00 Strašnice, Česko",14.5106387,50.0677496
CZE,"Slaviborské nám. 21/2, 196 00 Praha 9-Třeboradice, Česko",14.524732,50.1628264
CZE,"Na Lánech 22, 141 00 Praha 4-Michle, Česko",14.4647082,50.0480933
CZE,"Novodvorská 1070/8, 142 00 Praha 4, Česko",14.4543678,50.0122062
CZE,"Staroknínská 318, 262 03 Nový Knín, Česko",14.2813075,49.7877536
CZE,"Ledčice 179, 277 08 Ledčice, Česko",14.2919364,50.3396236
CZE,"K Horkám 504/40, 102 00 Praha 15-Hostivař, Česko",14.5193408,50.044692
CZE,"Rozvodova 1093/26, 143 00 Praha 12-Modřany, Česko",14.4149216,50.0006866
CZE,"Pejevové 3135/34, 143 00 Praha 12-Modřany, Česko",14.4233656,50.0086898
CZE,"Dubnova 806, 149 00 Praha 11, Česko",14.5163233,50.0378177
CZE,"Kurandové 669, 152 00 Praha 5-Hlubočepy, Česko",14.3795645,50.0331921
CZE,"Slezská 117, 130 00 Praha 3-Vinohrady, Česko",14.4630228,50.0770032
CZE,"Jabloňová 8, 106 00 Praha 10, Česko",14.4970092,50.0560757
CZE,"U Půjčovny, 110 00 Nové Město, Česko",14.430336,50.0838631
CZE,"Thákurova 550, 160 41 Praha 6, Česko",14.3870118,50.1009423
CZE,"Kytlická 757, 190 00 Praha 9-Prosek, Česko",14.5055376,50.1251991
CZE,"V Úžlabině 884, 100 00 Strašnice, Česko",14.4976743,50.0788368
CZE,"Na Šafránce 9, 110 00 Vinohrady, Česko",14.4527342,50.0728928
CZE,"Přemyšlenská 521/90, 182 00 Praha 8-Kobylisy, Česko",14.4587252,50.1284083
CZE,"Kojetická 1055, 277 11 Neratovice, Česko",14.5215896,50.2533074
CZE,"Jasmínová 37, 106 00 Praha 10, Česko",14.5125365,50.0556809
CZE,"Horní Záhoří 71, 398 18 Záhoří, Česko",14.2150785,49.3440848
CZE,"Koněvova 2497, 130 00 Praha 3, Česko",14.4952635,50.0913629
CZE,"Londýnská 814, 120 00 Praha 2-Vinohrady, Česko",14.4348633,50.0718252
CZE,"Tesaříkova 1027, 102 00 Praha 15, Česko",14.5140164,50.0462429
CZE,"Branická 1954, 140 00 Praha 4-Krč, Česko",14.4330928,50.0369528
CZE,"Krátkého 250/4, 190 00 Praha 9-Vysočany, Česko",14.5010736,50.111129
CZE,"572/63, Bělehradská, 120 00 Praha 2, Česko",14.4331392,50.0726399
CZE,"Školní 1740/6, 147 00 Praha 4, Česko",14.413077,50.0378724
CZE,"Rozárčina 419/25, 140 00 Praha 4-Krč, Česko",14.4428399,50.0390852
CZE,"Krouzova 3036, 143 00 Praha 12-Modřany, Česko",14.4199015,50.011247
CZE,"Kralupská 48/48, 277 45 Úžice, Česko",14.3783875,50.2547478
CZE,"U školky 880, 149 00 Praha-Šeberov-Hrnčíře, Česko",14.5100427,49.9947271
CZE,"Družstevní ochoz 1308, 140 21 Praha 4-Nusle, Česko",14.4456827,50.054626
CZE,"Kroupova 2775, 150 00 Praha 5-Smíchov, Česko",14.4000813,50.055944
CZE,"Dr. E. Beneše 1033, 277 11 Neratovice, Česko",14.5160838,50.2524555
CZE,"Gen. Strankmüllera 1487, Stará Boleslav, 250 01 Brandýs nad Labem-Stará Boleslav, Česko",14.6716044,50.2045123
CZE,"Horní Libchava 1, 471 11 Horní Libchava, Česko",14.5034625,50.704763
CZE,"Lopatecká 324, 147 00 Praha 4, Česko",14.4254661,50.0548587
CZE,"Mariánská 606/20, 470 01 Česká Lípa, Česko",14.538529,50.6877194
CZE,"Olešská 18, 100 00 Strašnice, Česko",14.5119036,50.0641221
CZE,"Kunická 1568, 102 00 Praha 15, Česko",14.5370294,50.048829
CZE,"Větrná 1828/1, 470 01 Česká Lípa, Česko",14.520747,50.6859839
CZE,"Komenského 101, 471 24 Mimoň, Česko",14.7206658,50.6581871
CZE,"Pionýrů 141, 471 27 Stráž pod Ralskem, Česko",14.8028935,50.7009256
CZE,"Chelčického 1012/1, 470 01 Česká Lípa, Česko",14.5462418,50.6814875
CZE,"471 24 Mimoň, Česko",14.7248778,50.6556804
CZE,"Nár. hrdinů 39, 190 12 Praha-Dolní Počernice, Česko",14.5779226,50.0885524
CZE,"3, Vilová 97, Strašnice, 100 00 Praha, Česko",14.4866469,50.073672
CZE,"Pod Terebkou 15, 140 00 Praha 4-Nusle, Česko",14.4362565,50.0623295
CZE,"Josefa Bíbrdlíka, 149 00 Praha-Újezd, Česko",14.5479031,50.0174235
CZE,"Vyžlovská 1, 100 00 Strašnice, Česko",14.5086032,50.0675437
CZE,"Kryštofovo Údolí 76, 460 01 Kryštofovo Údolí, Česko",14.9321405,50.7735621
CZE,"U Hostavického potoka 803/71, 198 00 Praha 14, Česko",14.5592781,50.08155
CZE,"Přátelství 815/107, 104 00 Praha 3-Uhříněves, Česko",14.6056329,50.030841
CZE,"Polipsy 63, 285 22 Čestín, Česko",15.0597101,49.7874815
CZE,"U Obory 385, 190 15 Praha-Satalice, Česko",14.5740372,50.1272936
CZE,"Pod Hřištěm 92, 251 67 Pyšely, Česko",14.6851119,49.8953621
CZE,"nám. 5. května 2/12, 250 88 Čelákovice, Česko",14.7514587,50.1634002
CZE,"Šlechtitelská 193, 190 14 Praha-Klánovice, Česko",14.6887878,50.099774
CZE,"Lesní 816, 250 92 Šestajovice, Česko",14.6911503,50.1003717
CZE,"Letců 731, 197 00 Kbely, Česko",14.5515962,50.1358489
CZE,"Luníkovská 2454/25, 190 16 Újezd nad Lesy, Česko",14.6712521,50.0707813
CZE,"Šestajovická 253, 198 00 Praha 14, Česko",14.5371357,50.1031078
CZE,"Toužimská 948/24b, 197 00 Kbely, Česko",14.5403128,50.1328643
CZE,"Hořátev 218, 289 13 Hořátev, Česko",15.0385514,50.1495914
CZE,"143 00 Praha 12, Česko",14.4297211,50.0104084
CZE,"256 01 Benešov, Česko",14.6895968,49.778429
CZE,"Palmetová 2159, 143 00 Praha 12-Komořany, Česko",14.4117632,49.9871772
CZE,"Nad Hutěmi, 198 00 Praha 14, Česko",14.5514367,50.1119691
CZE,"Osická 454, 198 00 Praha 14, Česko",14.5450354,50.0912922
CZE,"Mezi Domy 373, 142 00 Praha-Libuš, Česko",14.4627575,50.0030252
CZE,"Hvězdova 2195, 250 82 Úvaly, Česko",14.7223564,50.0639282
CZE,"U školky 1023, 149 00 Praha-Šeberov, Česko",14.5101281,49.9946199
CZE,"Do Lipan, 103 00 Praha-Kolovraty, Česko",14.6262526,50.0071375
CZE,"Dobročovice 38, 250 82 Dobročovice, Česko",14.6957831,50.0553583
CZE,"Tismice 112, 282 01 Tismice, Česko",14.8156566,50.0564058
CZE,"Měsíčková 13, 103 00 Praha-Kolovraty, Česko",14.6257618,50.0176038
CZE,"Lipová 53, 257 22 Lštění, Česko",14.7294104,49.873695
CZE,"16, Staňkovská 438, 198 00 Praha 14, Česko",14.560746,50.0868079
CZE,"Mechová 10, Mšeno nad Nisou, 466 04 Jablonec nad Nisou-Liberec-Vratislavice nad Nisou, Česko",15.1635046,50.7393033
CZE,"Lípová 24, 586 01 Jihlava, Česko",15.5592987,49.3998433
CZE,"Lázeňská 463, 463 62 Hejnice, Česko",15.1826144,50.881712
CZE,"94, 294 11 Mladá Boleslav, Česko",15.4452036,50.7287705
CZE,"Mozartova 3679/26, Mšeno nad Nisou, 466 04 Jablonec nad Nisou, Česko",15.1644983,50.7384963
CZE,"Dlouhý Most 102, 463 12 Dlouhý Most, Česko",15.0733463,50.7141645
CZE,"Háje nad Jizerou 45, 513 01 Háje nad Jizerou, Česko",15.4066503,50.613981
CZE,"591 01 Hamry nad Sázavou, Česko",15.8985606,49.5665626
CZE,"Unnamed Road, 377 01 Jindřichův Hradec, Česko",15.030378,49.199327
CZE,"Zborná 28, 586 01 Jihlava, Česko",15.5743729,49.4425062
CZE,"Bílý Kostel nad Nisou 227, 463 31 Bílý Kostel nad Nisou, Česko",14.9220004,50.8232979
CZE,"nám. Štefánikovo 780/5, Staré Město, 460 01 Liberec, Česko",15.0673092,50.7766168
CZE,"Malodoubská, 460 08 Liberec, Česko",15.0238183,50.7406773
CZE,"Skřivánek 502, 463 62 Hejnice, Česko",15.1819983,50.8831247
CZE,"Jugoslávská 1885/13, 466 01 Jablonec nad Nisou, Česko",15.1683835,50.7260834
CZE,"Gebauerova 1691, 530 03 Pardubice I-Bílé Předměstí, Česko",15.7904937,50.0380776
CZE,"530 02 Pardubice V, Česko",15.7654275,50.0235353
CZE,"Konice 128, 669 02 Znojmo, Česko",16.0200502,48.8316391
CZE,"Gagarinova, 669 02 Znojmo, Česko",16.0370679,48.8694438
CZE,"Všestary 130, 503 12 Všestary, Česko",15.7593448,50.2586925
CZE,"Rohovládova Bělá 58, 533 43 Rohovládova Bělá, Česko",15.6035244,50.1075801
CZE,"Janáčkova 248, 533 45 Čeperka, Česko",15.7753922,50.1323559
CZE,"Sedlice 37, 503 33 Praskačka, Česko",15.7269288,50.1530827
CZE,"Ke Hřišti 163, 533 45 Opatovice nad Labem, Česko",15.7904783,50.1542431
CZE,"Školní nám. 37, 533 51 Pardubice VII, Česko",15.7294682,50.0406501
CZE,"Wintrova II 579, 530 03 Pardubice I, Česko",15.7919211,50.0322654
CZE,"533 44 Staré Ždánice, Česko",15.7211888,50.1225661
CZE,"Tyršova 323, 592 31 Nové Město na Moravě, Česko",16.0780072,49.5666359
CZE,"Prodloužená 278, 530 09 Pardubice II, Česko",15.7566302,50.0501143
CZE,"V Hájku 342, 281 25 Konárovice, Česko",15.2894688,50.0401453
CZE,"Školní 143, 533 54 Rybitví, Česko",15.7011037,50.0598268
CZE,"Pospíšilovo nám. 530 03, 530 03 Pardubice I, Česko",15.7952626,50.0396694
CZE,"Dolany 78, 533 45 Dolany, Česko",15.6880199,50.1142445
CZE,"Osady Ležáků 381, 538 51 Chrast, Česko",15.9299077,49.8975585
CZE,"Dolní Mlýn 539, 583 01 Chotěboř, Česko",15.6981348,49.7201054
CZE,"664 83 Rudka, Česko",16.3247193,49.2450119
CZE,"Úherčice 65, 538 03 Uherčice, Česko",15.6679773,49.9141297
CZE,"537 01 Rabštejnská Lhota, Česko",15.7737177,49.919492
CZE,"Dolní Bradlo 21, 539 53 Horní Bradlo, Česko",15.7385725,49.8028521
CZE,"539 01 Hamry, Česko",15.9265239,49.7389924
CZE,"Sýpka 695, 613 00 Brno-sever, Česko",16.6252319,49.2061956
CZE,"Miřetice 4, 539 55 Miřetice, Česko",15.8854964,49.838515
CZE,"Údolní 7, 602 00 Brno-střed, Česko",16.6016126,49.1960635
CZE,"nám. SNP, 613 00 Brno-sever, Česko",16.6198409,49.2180704
CZE,"Sladkovského 28, Chrudim II, 537 01 Chrudim, Česko",15.8004074,49.949948
CZE,"Strojařů 846, Chrudim IV, 537 01 Chrudim, Česko",15.7770317,49.9534431
CZE,"Stolany 44, 538 03 Stolany, Česko",15.7459953,49.9268714
CZE,"Novosady 619/39, 664 48 Moravany, Česko",16.5732766,49.1458808
CZE,"Jarní 898/50, 614 00 Brno-Maloměřice a Obřany, Česko",16.6539465,49.2198134
CZE,"Konopiska 742, 642 00 Brno-Bosonohy, Česko",16.5310189,49.1719028
CZE,"Klášterského 100, 617 00 Brno-jih-Komárov, Česko",16.6200979,49.1765233
CZE,"Štolcova 301, 618 00 Brno-Černovice, Česko",16.6362502,49.188611
CZE,"Měnín 376, 664 57 Měnín, Česko",16.6955508,49.0821021
CZE,"Přibická 777, 691 25 Vranovice, Česko",16.5991467,48.9670711
CZE,"Bílovice nad Svitavou 815, 664 01 Bílovice nad Svitavou, Česko",16.681176,49.258827
CZE,"Unnamed Road, 628 00, Brno-Líšeň, Česko",16.6988912,49.2154857
CZE,"664 03 Podolí, Česko",16.7249708,49.1896206
CZE,"Bukovinka 67, 679 05 Bukovinka, Česko",16.8041543,49.2936273
CZE,"Veslařská 628, 637 00 Brno-Jundrov, Česko",16.5589539,49.2051072
CZE,"Královopolská 810, 616 00 Brno-Žabovřesky, Česko",16.5732781,49.2179474
CZE,"Bulharská 62, 612 00 Brno-Královo Pole, Česko",16.5909291,49.2278748
CZE,"54, 635 00 Brno-Bystrc, Česko",16.4623171,49.2318204
CZE,"Stromovka 11, 637 00 Brno-Jundrov, Česko",16.5510249,49.2094489
CZE,"Husova 167, 602 00 Brno-střed-Staré Brno, Česko",16.6048541,49.1924211
CZE,"Bohuňova 58/10, 625 00 Bohunice, Česko",16.5788627,49.1682075
CZE,"621 00 Brno-Řečkovice a Mokrá Hora, Česko",16.5951307,49.259863
CZE,"Nádvorní 3, 603 00 Brno-střed, Česko",16.6002601,49.186566
CZE,"Čtvrtě 3, 634 00 Brno-Nový Lískovec, Česko",16.5605852,49.1785047
CZE,"Scheinerova 638, 628 00 Brno-Líšeň, Česko",16.6867964,49.2021459
CZE,"Kraví hora, 616 00 Brno-střed, Česko",16.5876601,49.2064808
CZE,"Raisova 228, 530 02 Pardubice V, Česko",15.7687386,50.0179796
CZE,"Žilkova 40a, 621 00 Brno-Řečkovice a Mokrá Hora, Česko",16.5723439,49.2572918
CZE,"616 00 Žabovřesky, Česko",16.5657242,49.2159951
CZE,"Melatín 24b, 644 00 Brno-sever, Česko",16.626324,49.252259
CZE,"Fryčajova 25, 614 00 Brno-Maloměřice a Obřany, Česko",16.6462668,49.2340879
CZE,"Jaselská 198, 602 00 Brno-střed, Česko",16.6003588,49.19874
CZE,"Poláčkova 2431/13, 628 00 Brno-Líšeň, Česko",16.6777731,49.2103044
CZE,"Štefánikova 35, 602 00 Brno-Královo Pole-Ponava, Česko",16.601898,49.2113876
CZE,"M. Majerové 14/792, 638 00 Brno-sever, Česko",16.6327824,49.2202726
CZE,"Prievidzská, 787 01 Šumperk, Česko",16.9632066,49.9683776
CZE,"Masarykovo nám. 90, Lamberk, 564 01 Žamberk, Česko",16.464066,50.087559
CZE,"Pod Horami, 560 02 Česká Třebová, Česko",16.4324344,49.9002282
CZE,"Mánesova 15, 796 01 Prostějov, Česko",17.10052,49.470269
CZE,"Čechůvky 46, 798 11 Prostějov, Česko",17.161641,49.4732042
CZE,"Letní 1352/3, 615 00 Brno-Židenice, Česko",16.6356903,49.1923754
CZE,"Fanderlíkova 4123/69, 796 01 Prostějov, Česko",17.0950497,49.473912
CZE,"Určice 400, 798 04 Určice, Česko",17.0763307,49.4283353
CZE,"Průmyslová 2503/2, 680 01 Boskovice, Česko",16.6430399,49.4935713
CZE,"Škrétova 198, Nová Ulice, 779 00 Olomouc, Česko",17.2346532,49.5960358
CZE,"Čapka Choda 917/12, Nová Ulice, 779 00 Olomouc, Česko",17.2311656,49.5956425
CZE,"Eduarda Ušela, 679 63 Velké Opatovice, Česko",16.6797707,49.6132781
CZE,"Žerotínovo nám. 514/1/2, 602 00 Brno-střed-Veveří-Brno-střed, Česko",16.6048593,49.1988909
CZE,"783 72 Velký Týnec, Česko",17.3356457,49.550277
CZE,"798 02 Mostkovice, Česko",17.0496117,49.4732776
CZE,"Otaslavice 117, 798 06 Otaslavice, Česko",17.0681228,49.3854631
CZE,"Prostějovská 120, 798 17 Smržice, Česko",17.1002659,49.5022377
CZE,"Arbesova 182/48, Slavonín, 783 01 Olomouc, Česko",17.2345109,49.5709584
CZE,"Dolní Novosadská 63/81, 779 00 Olomouc, Česko",17.2634139,49.5634194
CZE,"783 14 Bohuňovice, Česko",17.2751072,49.6593822
CZE,"Dělnická 349, 779 00 Olomouc, Česko",17.2269473,49.595421
CZE,"Kpt. Nálepky 346, 779 00 Olomouc, Česko",17.271307,49.5964849
CZE,"V Sídlišti, 683 01 Rousínov, Česko",16.8836151,49.2069012
CZE,"Hostěnice 95, 664 04 Hostěnice, Česko",16.7739483,49.2380848
CZE,"Hostěnická 626, 664 07 Pozořice, Česko",16.7998925,49.2241842
CZE,"Kovalovice 15, 664 06 Kovalovice, Česko",16.8188286,49.2045634
CZE,"Nová 271, 664 08 Blažovice, Česko",16.7900276,49.1643869
CZE,"Nemojany 113, 683 03 Nemojany, Česko",16.9143556,49.2477557
CZE,"Podolí 73, 664 03 Podolí, Česko",16.724699,49.1965732
CZE,"Jiráskova 233, 602 00 Brno-střed, Česko",16.5958055,49.2019074
CZE,"Velešovice 271, 683 01 Velešovice, Česko",16.8489453,49.1766721
CZE,"Pustiměř 166, 683 21 Pustiměř, Česko",17.0260878,49.3202319
CZE,"Komenského 63, 798 21 Bedihošť, Česko",17.1651964,49.449743
CZE,"1. máje 461, 798 26 Nezamyslice, Česko",17.1728231,49.3272147
CZE,"sídl. Svobody 3577/78, 796 01 Prostějov, Česko",17.094989,49.4707708
CZE,"Gorkého 96/39, Pavlovičky, 779 00 Olomouc, Česko",17.2794737,49.6070944
CZE,"4, Puškinova 500, 682 01 Vyškov, Česko",16.9843624,49.2771001
CZE,"Na Hradě 246/2, 779 00 Olomouc, Česko",17.2540793,49.5943061
CZE,"Soběslavova 2, 533 21 Vysoké Chvojno, Česko",15.9706504,50.1098239
CZE,"757/2B, 517 43 Brno, Česko",16.3231867,50.0779133
CZE,"Borská 1136 Vstup z ulice Vitouškova naproti Hotelu Bor, 503 46 Třebechovice pod Orebem, Česko",16.0019939,50.1955412
CZE,"Jasínkova 11, 750 02 Přerov, Česko",17.4566823,49.4495484
CZE,"Malá Morávka 52, 793 36 Malá Morávka, Česko",17.3146763,50.0158874
CZE,"Nosálovská 142, 682 01 Vyškov, Česko",16.9804027,49.2746048
CZE,"Komořany 200, 683 01 Komořany, Česko",16.9070823,49.2191232
CZE,"Teplická 2219, 753 01 Hranice, Česko",17.7407324,49.5405388
CZE,"Jiráskova 5, 682 01 Vyškov, Česko",16.9949288,49.2781632
CZE,"Medlovice 77, 682 01 Medlovice, Česko",17.0912546,49.2748844
CZE,"Velešovice 181, 683 01 Rousínov, Česko",16.8477025,49.1776422
CZE,"Olšany 66, 683 01 Olšany, Česko",16.8635575,49.2492763
CZE,"Počenice 34, 768 33 Morkovice-Slížany, Česko",17.2308889,49.2723633
CZE,"Vážany 32, 682 01 Vážany, Česko",17.0501996,49.2442129
CZE,"Hlubočany 96, 682 01 Hlubočany, Česko",17.0014373,49.2312287
CZE,"Račice 170, 683 05 Račice-Pístovice, Česko",16.873702,49.279936
CZE,"Orlovice 62, 682 01 Orlovice, Česko",17.0916119,49.2375627
CZE,"1. máje 234, 798 26 Nezamyslice, Česko",17.1725443,49.3275885
CZE,"Horská 1934, 755 01 Vsetín, Česko",18.0052359,49.3259178
CZE,"9. května 5, 767 01 Bařice-Velké Těšany, Česko",17.4039242,49.2455481
CZE,"Luleč 92, 683 03 Luleč, Česko",16.9249492,49.2535893
CZE,"Radslavice 91, 683 21 Radslavice, Česko",17.0002932,49.3242088
CZE,"Praha KZeleným, K Domkům 176/28b, 747 81 n, Česko",17.871708,49.9182923
CZE,"Polní, 747 61 Raduň, Česko",17.9453216,49.8957268
CZE,"Na Jízdárně 2824, 702 00 Moravská Ostrava a Přívoz, Česko",18.2707721,49.828775
CZE,"Mitušova 1507/90, 700 30 Ostrava-jih-Hrabůvka, Česko",18.2535844,49.7858871
CZE,"Hlučínská 140, 747 14 Ludgeřovice, Česko",18.2534431,49.8787738
CZE,"Hlavní 51, 747 25 Rohov, Česko",18.0711454,50.0156188
CZE,"Englišova 526, 746 01 Opava, Česko",17.8811059,49.9288878
CZE,"U Kluziště 381/8, 747 17 Darkovice, Česko",18.2238903,49.9385757
CZE,"6, Václava Košaře 121, Dubina, 700 30 Ostrava-jih, Česko",18.2581898,49.7764954
CZE,"U Zámku 1145, 700 30 Ostrava-jih, Česko",18.2406393,49.8074626
CZE,"U Opavice 2248, Předměstí, 746 01 Opava, Česko",17.8951222,49.9441917
CZE,"Markvartovická 50/966, 747 14 Ludgeřovice, Česko",18.23754,49.892468
CZE,"Lesní, Bobrovníky, 748 01 Hlučín, Česko",18.2065986,49.8726649
CZE,"Zahradní 408/10, 747 28 Štěpánkovice, Česko",18.0394959,49.9593284
CZE,"Kostelní 230, 747 15 Šilheřovice, Česko",18.2700411,49.9291419
CZE,"Por. Hoši 59, 747 11 Kozmice, Česko",18.1528963,49.9135353
CZE,"Na Chromině 600, 747 16 Hať, Česko",18.2412994,49.9437314
CZE,"Ukrajinská 1530/4, 708 00 Ostrava-Poruba, Česko",18.1916729,49.8271689
CZE,"Bělá 150, 747 23 Bělá, Česko",18.1484451,49.9742597
CZE,"Okružní, 703 00 Ostrava-Vítkovice, Česko",18.2589226,49.8052749
CZE,"742 57 Libhošť, Česko",18.0633316,49.6148467
CZE,"21. dubna 98, 747 20 Vřesina, Česko",18.1931075,49.9466826
CZE,"Gen. Hrušky 1236, 709 00 Ostrava-Mariánské Hory a Hulváky, Česko",18.2569972,49.8351794
CZE,"Osada míru 514, 747 22 Dolní Benešov, Česko",18.1035709,49.9219305
CZE,"Závada 65, 747 19 Závada, Česko",18.167234,49.9544642
CZE,"Nádražní 960, 747 14 Ludgeřovice, Česko",18.2371567,49.8918895
CZE,"Školní 540, 747 23 Bolatice, Česko",18.0877224,49.952564
CZE,"Opavská 222, 747 19 Bohuslavice, Česko",18.1263653,49.9428901
CZE,"Školní 568, 747 27 Kobeřice, Česko",18.0494237,49.9900091
CZE,"Vrablovec 383/22, 747 14 Ludgeřovice, Česko",18.2245769,49.8837606
CZE,"Okružní 683, Nový Bohumín, 735 81 Bohumín, Česko",18.3494554,49.9024886
CZE,"Struhlovsko 1424, 753 01 Hranice, Česko",17.7281907,49.5533993
CZE,"Hlubočec 155, 747 69 Hlubočec, Česko",17.9711251,49.8408889
CZE,"Šilheřovická 430, 747 14 Markvartovice, Česko",18.2344898,49.9071174
CZE,"Partutovice 97, 753 01 Partutovice, Česko",17.703651,49.6307236
CZE,"Strahovice 205, 747 24 Strahovice, Česko",18.0861874,50.0025521
CZE,"Střední 29, 747 15 Šilheřovice, Česko",18.2666965,49.9246071
CZE,"mjr. Nováka 1455, 700 30 Ostrava-jih-Hrabůvka, Česko",18.266579,49.7805752
CZE,"K Nám. 261, 739 44 Brušperk, Česko",18.2215555,49.7020541
CZE,"Mitušova 6, 700 30 Ostrava-jih, Česko",18.2508126,49.7897034
CZE,"Severní 1261, 748 01 Hlučín, Česko",18.1870845,49.9059938
CZE,"Nademlýnská 187, 738 01 Frýdek-Místek, Česko",18.3617261,49.6704519
CZE,"742 66 Štramberk, Česko",18.1149321,49.5856526
CZE,"Hornopolní 3318/36, 702 00 Moravská Ostrava a Přívoz, Česko",18.27074,49.8411645
CZE,"Masarykova 426, 742 45 Fulnek, Česko",17.9093575,49.7149457
CZE,"Fryčovice 324, 739 45 Fryčovice, Česko",18.2403217,49.6826864
CZE,"Krásná č.p, 290, Česko",18.4762404,49.5747842
CZE,"P8F7+XP, 318 00 Plzeň 3, Česko",13.3143085,49.724927
CZE,"739 38 Soběšovice, Česko",18.4655539,49.7288719
CZE,"Raškovice 18, 739 04 Raškovice, Česko",18.4749212,49.6190224
CZE,"Dolní Domaslavice 201, 739 38 Dolní Domaslavice, Česko",18.4832155,49.7129426
CZE,"Nošovice 125, 739 51 Nošovice, Česko",18.4282676,49.6581717
CZE,"Rudé armády 22, 431 44 Droužkovice, Česko",13.4301135,50.4311912
CZE,"Dominikánská 9, 301 00 Plzeň 3, Česko",13.3770165,49.7488257
CZE,"Náměstí 1, 431 54 Vilémov, Česko",13.3141051,50.3018437
CZE,"Holečkova 1061, 388 01 Blatná, Česko",13.8810662,49.4346266
CZE,"Dvůr pod lipami 1766/1, 350 02 Cheb, Česko",12.3517162,50.083097
CZE,"382 16 Světlík, Česko",14.2297582,48.7454384
CZE,"9. května 502, 270 51 Lužná, Česko",13.7658395,50.1445415
CZE,"Na Okraji 335/42, 162 00 Praha 6-Veleslavín, Česko",14.3418669,50.0894362
CZE,"Belgická 25, 120 00 Vinohrady, Česko",14.4357455,50.0732211
CZE,"Nad Bertramkou 1862, 150 00 Praha 5-Smíchov, Česko",14.3927488,50.0697655
CZE,"Tř. 1. máje 210, 330 12 Horní Bříza, Česko",13.3581265,49.8418006
CZE,"Cihelná 2, 118 00 Malá Strana, Česko",14.40991,50.0879921
CZE,"V Šáreckém údolí 2315/41, 164 00 Praha 6-Dejvice, Česko",14.3569153,50.1053765
CZE,"Slovenská 1072, 120 00 Praha 2-Vinohrady, Česko",14.4455927,50.0727449
CZE,"Údolní 316, 142 00 Praha 4, Česko",14.4219993,50.0251267
CZE,"Norbertov 130, 162 00 Praha 6-Střešovice, Česko",14.3768723,50.0920099
CZE,"Hrudičkova 2107/16, 148 00 Praha 11-Chodov, Česko",14.4783445,50.0331391
CZE,"Sládkova 767, 412 01 Litoměřice, Česko",14.1354411,50.5373758
CZE,"Vokovická 29/12, 160 00 Praha 6-Vokovice, Česko",14.3479878,50.0971732
CZE,"Palackého 967/11, 412 01 Litoměřice-Předměstí, Česko",14.1309906,50.5394718
CZE,"Šafaříkova, 436 01 Litvínov, Česko",13.6088304,50.6017915
CZE,"Macharovo nám., 162 00 Praha 6, Česko",14.3800368,50.0932816
CZE,"Plzeňská, 150 00 Praha 5, Česko",14.34661,50.0662619
CZE,"Moskevské nám. 2163, 415 01 Teplice, Česko",13.8156456,50.6356832
CZE,"Huberova, 160 00 Praha 6, Česko",14.3224239,50.0803887
CZE,"Horoměřická 2322 / 13, 164 00 Praha 6-Dejvice, Česko",14.353241,50.107233
CZE,"5. května 804, 140 00 Praha 4-Nusle, Česko",14.4316654,50.0613272
CZE,"Břevnovská 16, 169 00 Praha 6, Česko",14.3641479,50.0848393
CZE,"U Ladronky 40, 169 00 Praha 6, Česko",14.3660755,50.0814887
CZE,"Janouškova 300/3, 162 00 Praha 6-Veleslavín, Česko",14.3506741,50.0906108
CZE,"Bulharská 2331, Kročehlavy, 272 01 Kladno, Česko",14.1286768,50.1312004
CZE,"Říčanská 1984/5, 101 00 Vinohrady, Česko",14.4594696,50.0737504
CZE,"Hlavní 64, 252 10 Černolice, Česko",14.298614,49.911031
CZE,"Jungmannovo nám. 751/19, 110 00 Nové Město, Česko",14.4237335,50.0825955
CZE,"Na Třebešíně 3374/39b, 108 00 Strašnice, Česko",14.4858795,50.0832664
CZE,"Olešská, 100 00 Strašnice, Česko",14.5104404,50.0628957
CZE,"Drtinova 304/7, 150 00 Praha 5-Smíchov, Česko",14.4019146,50.0761474
CZE,"Křenova 439, 162 00 Praha 6-Veleslavín, Česko",14.3436746,50.0897925
CZE,"Rabasova, 400 11 Ústí nad Labem-Severní Terasa, Česko",14.0592888,50.6745634
CZE,"Sokolská 230, 273 41 Cvrčovice, Česko",14.1573886,50.1825247
CZE,"Brněnská 1063/2, 400 01 Ústí nad Labem-město-Ústí nad Labem-centrum, Česko",14.0335835,50.6610201
CZE,"Opařany 29, 391 61 Opařany, Česko",14.521859,49.4224908
CZE,"Na Stráži 1576, 190 00 Praha 9, Česko",14.4827001,50.1183265
CZE,"31, Dykova 543, Vinohrady, 101 00, Česko",14.4537333,50.0747743
CZE,"P. Bezruče 232, 411 72 Hoštka, Česko",14.337621,50.4884734
CZE,"Opařany 160, 391 61 Opařany, Česko",14.4797144,49.3961114
CZE,"Hamplova 1482, 277 11 Neratovice, Česko",14.515327,50.2594656
CZE,"Vinohradská 375, 250 70 Postřižín, Česko",14.3830719,50.230843
CZE,"12, Vratislavova 28, Vyšehrad, 128 00 Praha 2, Česko",14.4178374,50.0665822
CZE,"Na Výšinách 1075/3, 170 00 Praha 7-Bubeneč, Česko",14.4176488,50.1000381
CZE,"V Podbabě 40, 160 00 Praha 6-Dejvice, Česko",14.3901299,50.1229677
CZE,"U Zásobní zahrady 6a, 130 00 Praha 3-Žižkov, Česko",14.4661514,50.0862569
CZE,"4, Za Brumlovkou 1519, Michle, 140 00 Praha 4, Česko",14.457612,50.0469506
CZE,"M. Horákové 845/96, 170 00 Praha 7-Bubeneč, Česko",14.4175724,50.0993795
CZE,"Řepová 437/27, 196 00 Praha-Čakovice, Česko",14.526378,50.1542058
CZE,"Spálená 107, 110 00 Nové Město, Česko",14.4192894,50.0815584
CZE,"Soběslavská 2072, 130 00 Praha 3-Vinohrady, Česko",14.4749705,50.0768595
CZE,"Na Bohdalci 1437, 101 00 Praha 10-Michle, Česko",14.4652625,50.0597779
CZE,"Cihelná, 118 00 Malá Strana, Česko",14.4102006,50.0885204
CZE,"62, Nad Údolím 338, 147 00 Praha 4, Česko",14.4090451,50.0265336
CZE,"Nábř. Svatopluka Čecha 664, 374 01 Trhové Sviny, Česko",14.6360164,48.8385577
CZE,"34, Wilsonova 405, 392 01 Soběslav, Česko",14.7163367,49.2653815
CZE,"Donská 1835, 463 11 Liberec-Vratislavice nad Nisou, Česko",15.0853464,50.7568202
CZE,"Lánská 993, 250 64 Hovorčovice, Česko",14.5110673,50.1792905
CZE,"Havlíčkova 204, 413 01 Roudnice nad Labem, Česko",14.2525909,50.4275322
CZE,"Pešlova 359, 190 00 Praha 9, Česko",14.50137,50.1117735
CZE,"Dunajská 487/20, 104 00 Praha 22-Uhříněves, Česko",14.5869267,50.0350924
CZE,"Herdovská 806/1, 198 00 Praha 14-Kyje, Česko",14.5354234,50.0941848
CZE,"U Vodárenské věže, 290 01 Poděbrady, Česko",15.1335199,50.139493
CZE,"Podolská 448/54, 147 00 Praha 4-Podolí, Česko",14.4163232,50.049163
CZE,"Průmyslová 1523, 198 00 Praha 14-Kyje, Česko",14.5393103,50.0863376
CZE,"Bellova 352, 109 00 Praha-Petrovice, Česko",14.5604701,50.0348626
CZE,"Římovská 1000, 198 00 Praha 14, Česko",14.5546341,50.1139516
CZE,"Horolezecká 912, 102 00 Praha 15, Česko",14.5444477,50.0518112
CZE,"Sulanského 695, 149 00 Praha 4, Česko",14.527508,50.0279235
CZE,"Bolevecká 468, 109 00 Praha 15, Česko",14.5556441,50.0419893
CZE,"Vejvanovského 1610/1, 149 00 Praha 4-Chodov, Česko",14.517816,50.0307518
CZE,"Královická 915, 250 01 Brandýs nad Labem-Stará Boleslav, Česko",14.6673253,50.1844087
CZE,"Škarvadova 911/37, 199 00 Praha 18, Česko",14.5228934,50.143599
CZE,"Janouchova 671, 149 00 Praha 4, Česko",14.5372775,50.03176
CZE,"Vrchlického 830, Ruprechtice, 460 14 Liberec, Česko",15.0603924,50.7842108
CZE,"Brigádníků, 100 00 Strašnice, Česko",14.5012426,50.0745976
CZE,"Štěpánka 1230, Mladá Boleslav III, 293 01 Mladá Boleslav, Česko",14.9107878,50.4106675
CZE,"Jírovcovo nám. 1782, 149 00 Praha 4-Chodov, Česko",14.4920945,50.0237137
CZE,"Křejpského 1504, 149 00 Praha 11-Chodov, Česko",14.5125274,50.0278309
CZE,"Modletická 1402, 149 00 Praha 4-Chodov, Česko",14.5171098,50.0243194
CZE,"675 31 Jemnice, Česko",15.5776289,49.0171713
CZE,"Josefův Důl 53, 468 44 Josefův Důl, Česko",15.2315428,50.7815618
CZE,"Nádražní, 463 62 Hejnice, Česko",15.1842843,50.8796254
CZE,"Věnceslava Metelky 323, 512 11 Vysoké nad Jizerou, Česko",15.3972898,50.6880335
CZE,"Horní 3188, 580 01 Havlíčkův Brod, Česko",15.5782611,49.6085221
CZE,"Trebišovská 611, Hlouška, 284 01 Kutná Hora, Česko",15.2782625,49.9538693
CZE,"Dr. Tyrše 550, 533 41 Lázně Bohdaneč, Česko",15.6775717,50.0745165
CZE,"Artura Krause 2344, 530 02 Pardubice V, Česko",15.7574266,50.0211703
CZE,"Teplého 2100, 530 02 Pardubice V, Česko",15.764376,50.0267247
CZE,"Za Oborou 337, 530 06 Pardubice VI, Česko",15.6922334,50.0190628
CZE,"M. Alše 631/3, Pražské Předměstí, 500 02 Hradec Králové, Česko",15.8198594,50.2185897
CZE,"Chelčického 201, Pražské Předměstí, 500 02 Hradec Králové, Česko",15.8165642,50.2145645
CZE,"6, Srdínkova 596, 500 02 Hradec Králové, Česko",15.8203917,50.2162912
CZE,"Raisova 226, 530 02 Pardubice V, Česko",15.7682543,50.0177897
CZE,"Benešovo nám. 2115, 530 02 Pardubice V-Zelené Předměstí, Česko",15.7767285,50.0260342
CZE,"B. Němcové 829, 530 02 Pardubice V, Česko",15.7683998,50.0282655
CZE,"Pražská 2647, 669 02 Znojmo, Česko",16.03937,48.8657822
CZE,"Miloslava Špinky 1350, 530 06 Pardubice VI, Česko",15.7190946,50.0241411
CZE,"Svojšova, 541 01 Trutnov, Česko",15.8998741,50.5458485
CZE,"Malá Losenice 100, 592 11 Malá Losenice, Česko",15.7948531,49.60099
CZE,"Škrdlovice 110, 591 01 Škrdlovice, Česko",15.9265416,49.6337248
CZE,"Cerekvice nad Bystřicí 71, 507 77 Cerekvice nad Bystřicí, Česko",15.7219054,50.3353359
CZE,"Pěší zóna, Masarykovo nám. 538, 500 02 Hradec Králové, Česko",15.8246299,50.2114683
CZE,"Hořiněves 120, 503 06 Hořiněves, Česko",15.7645952,50.3070219
CZE,"Brzkov 39, 588 13 Brzkov, Česko",15.7281461,49.5257634
CZE,"Oudoleň 123, 582 24 Oudoleň, Česko",15.7552779,49.6600143
CZE,"Bílá Třemešná 365, 544 72 Bílá Třemešná, Česko",15.740317,50.4464239
CZE,"Benátky 24, 503 03 Benátky, Česko",15.7376557,50.3094327
CZE,"Josefa Košťála 70, 503 12 Neděliště, Česko",15.7871519,50.2760177
CZE,"Jablonec nad Jizerou 439, 512 43 Jablonec nad Jizerou, Česko",15.4300412,50.7058046
CZE,"Poniklá 303, 512 42 Poniklá, Česko",15.4513336,50.6550266
CZE,"Gen. Čápka, 679 74 Olešnice, Česko",16.421984,49.55595
CZE,"Vraclav 87, 565 42 Vraclav, Česko",16.0940586,49.9700227
CZE,"Markovická 580, 500 03 Hradec Králové, Česko",15.8489011,50.2179593
CZE,"Tůmova, 566 01 Vysoké Mýto, Česko",16.1618169,49.9525127
CZE,"Krokočín 59, 675 71 Krokočín, Česko",16.230714,49.2462535
CZE,"Deblín 310, 664 75 Deblín, Česko",16.3463218,49.3174168
CZE,"Vepřová 46, 592 11 Vepřová, Česko",15.8253777,49.6126948
CZE,"Jablonec nad Jizerou 370, 512 43 Jablonec nad Jizerou, Česko",15.4298977,50.7018825
CZE,"Libotov 80, 544 01 Libotov, Česko",15.8110778,50.4007242
CZE,"Školní 280, 517 43 Potštejn, Česko",16.3077322,50.0829604
CZE,"T. Novákové 64, 621 00 Brno-Řečkovice a Mokrá Hora, Česko",16.5755294,49.2513709
CZE,"Netroufalky 5, 625 00 Bohunice, Česko",16.5677217,49.18007
CZE,"Staňkova 358, 602 00 Brno-Královo Pole, Česko",16.6057252,49.2086664
CZE,"Lány 34, 625 00 Bohunice, Česko",16.5815021,49.1652595
CZE,"Jungmannova 813, 664 34 Kuřim, Česko",16.527525,49.3038266
CZE,"Krymská 625 00, 625 00 Brno-Starý Lískovec, Česko",16.5518968,49.167687
CZE,"Bohunická 493/81, 619 00 Brno-jih-Horní Heršpice, Česko",16.5954804,49.1635079
CZE,"Dubová 129, 637 00 Brno-Jundrov, Česko",16.5503969,49.214631
CZE,"ulice Kosmonautů 2, 625 00 Brno-Starý Lískovec, Česko",16.55972,49.1674278
CZE,"Brno-Žebětín 850, 641 00 Brno, Česko",16.497527,49.212065
CZE,"Lelekovice 13, 664 31 Lelekovice, Česko",16.5768189,49.2922723
CZE,"Hudcova 435, 621 00 Brno-Medlánky, Česko",16.5808522,49.2376057
CZE,"Libušina tř. 881/29, Brno-Kohoutovice, 623 00 Brno, Česko",16.5360057,49.1878081
CZE,"Dubová 631, 637 00 Brno-Jundrov, Česko",16.5493513,49.2117261
CZE,"Lidická 1880/50, 602 00 Brno-střed, Česko",16.6067366,49.2065255
CZE,"Nádražní 182, 693 01 Hustopeče, Česko",16.7340824,48.9372516
CZE,"Antonínská 18, 602 00 Brno-střed, Česko",16.6053616,49.2020841
CZE,"Krondlova 913, 616 00 Brno-střed, Česko",16.580196,49.20363
CZE,"Komenského 500, 691 64 Nosislav, Česko",16.6569417,49.0124752
CZE,"V Újezdech 568/5, 621 00 Brno-Medlánky, Česko",16.5716762,49.2424739
CZE,"Květná, 796 01 Prostějov, Česko",17.1129311,49.4817711
CZE,"Dusíkova 824, 638 00 Brno-sever, Česko",16.6232442,49.2369234
CZE,"B. Němcové 234, 684 01 Slavkov u Brna, Česko",16.8779052,49.1516317
CZE,"Tyršova 142, 682 01 Vyškov, Česko",17.0067886,49.2788641
CZE,"Lesní 53, 768 32 Zborovice, Česko",17.2929807,49.2621366
CZE,"Křenovice 69, 752 01 Křenovice, Česko",17.2768105,49.3314457
CZE,"Bezměrov 165, 767 01 Bezměrov, Česko",17.3379482,49.3281361
CZE,"132, tř. Masarykova, 698 01 Veselí nad Moravou, Česko",17.3816341,48.9527807
CZE,"Dřevnovice 48, 798 26 Dřevnovice, Česko",17.1458981,49.3284948
CZE,"Petrov nad Desnou 171, 788 14 Petrov nad Desnou, Česko",17.0311728,50.0030519
CZE,"Pravčice 148, 768 24 Pravčice, Česko",17.4948451,49.3245868
CZE,"J. Fučíka 149, 664 61 Holasice, Česko",16.6064338,49.0796614
CZE,"Měnín 39, 664 57 Měnín, Česko",16.6934553,49.0829328
CZE,"Němčice 68, 768 43 Němčice, Česko",17.4989633,49.3652624
CZE,"Beňov 33, 750 02 Beňov, Česko",17.5007925,49.4171017
CZE,"Sokolská 316, 783 75 Dub nad Moravou, Česko",17.2777603,49.4855867
CZE,"Horní nám. 583, 779 11 Olomouc, Česko",17.2514458,49.5937603
CZE,"49020, Zlín, Česko",17.7541203,49.1893242
CZE,"Chlumská 5, 763 02 Zlín, Česko",17.6133557,49.2239776
CZE,"Zámecká 188, 769 01 Holešov, Česko",17.5894315,49.3375365
CZE,"Kozlovská 192/6, 750 02 Přerov, Česko",17.4537996,49.4546253
CZE,"Zámčisko 170, 768 42 Prusinovice, Česko",17.5876018,49.3781633
CZE,"Kroužky, 768 72 Chvalčov, Česko",17.6897638,49.3901303
CZE,"Vidče 460, 756 53 Vidče, Česko",18.0968126,49.4423041
CZE,"Nad Ovčírnou IV V, 760 01 Zlín, Česko",17.6627651,49.2185163
CZE,"Jarcová 53, 757 01 Jarcová, Česko",17.9684404,49.444338
CZE,"Zašová 134, 756 51 Zašová, Česko",18.0275153,49.4638247
CZE,"Zašová 553, 756 51 Zašová, Česko",18.0416117,49.4760513
CZE,"Police 124, 756 44 Police, Česko",17.8667511,49.4570703
CZE,"742 21 Kopřivnice, Česko",18.2008129,49.600291
CZE,"Štefánikova 772, Lyžbice, 739 61 Třinec, Česko",18.6776644,49.6639332
CZE,"Sedliště 410, 739 36 Sedliště, Česko",18.3652606,49.7290718
CZE,"Fryčovice 38, 739 45 Fryčovice, Česko",18.2269969,49.6794632
CZE,"Pětiletky, 713 00 Slezská Ostrava, Česko",18.342523,49.8468269
CZE,"Pionýrská 1220, 735 32 Rychvald, Česko",18.392277,49.8525588
CZE,"Střelná 6-8, 710 00 Slezská Ostrava, Česko",18.3167748,49.8309856
CZE,"739 41 Palkovice, Česko",18.3082225,49.6518563
CZE,"Centrum 2314, 734 01 Karviná, Česko",18.5554946,49.8562061
CZE,"Lípová 718, Město, 736 01 Havířov, Česko",18.4342506,49.7750257
CZE,"Komenského 1009, 735 53 Dolní Lutyně, Česko",18.431722,49.8970973
CZE,"Železárenská 880, 709 00 Ostrava-Mariánské Hory a Hulváky, Česko",18.2486641,49.8257623
CZE,"U Školy 289, 739 32 Vratimov, Česko",18.3490902,49.7642428
CZE,"Sokolovská 602, 735 06 Karviná, Česko",18.5435343,49.8596205
CZE,"U Školy 432, 735 53 Dolní Lutyně, Česko",18.4209257,49.9019645
CZE,"Zollstraße 4, 09526 Olbernhau, Německo",13.37897,50.64899
CZE,"Habartická 576, 190 00 Praha 9-Střížkov, Česko",14.4807927,50.1212707
CZE,"Slávy Horníka 232, 150 00 Praha 5, Česko",14.3679469,50.0681072
CZE,"Sluneční nám. 2580/13, 158 00 Praha 5-Stodůlky, Česko",14.3443994,50.0505054
CZE,"U Rybníka, 273 26 Olovnice, Česko",14.2400603,50.2362129
CZE,"U Krčské vodárny 415, 140 00 Praha 4-Krč, Česko",14.4432378,50.0397779
CZE,"Alžírská 680, 160 00 Praha 6-Vokovice, Česko",14.3536935,50.0952566
CZE,"Boleslavova 1675/1A, 140 00 Praha 4-Nusle, Česko",14.4349303,50.0641047
CZE,"Hurbanova 1285, 142 00 Praha 4, Česko",14.4542046,50.0241698
CZE,"Masná 700/11, 110 00 Nové Město, Česko",14.4243163,50.0894405
CZE,"Golčova 847, 148 00 Praha-Kunratice, Česko",14.4840642,50.0103193
CZE,"58, Hradešínská 1931, Vinohrady, 101 00, Česko",14.4599495,50.0739312
CZE,"6, Čechtická 758, 142 00 Praha 12, Česko",14.4431083,50.019307
CZE,"Švédská 1373/51, 150 00 Praha 5-Smíchov, Česko",14.3892512,50.074954
CZE,"Vyskočilova 1326/5, 140 00 Praha 4-Michle, Česko",14.4580089,50.0486323
CZE,"Vokovická 32/3, 160 00 Praha 6-Vokovice, Česko",14.3463589,50.0963236
CZE,"Imrychova 937/15, 140 00 Praha 4-Kamýk, Česko",14.4292167,50.0138684
CZE,"U Santošky 1/1007, 150 00 Praha 5-Smíchov, Česko",14.3988422,50.0659505
CZE,"Chelčického 43, 130 00 Praha 3-Žižkov, Česko",14.4609639,50.083822
CZE,"Pod chaloupkami 1309, 156 00 Praha 5, Česko",14.3935685,49.9654005
CZE,"Pod Nuselskými schody 1721/3, 120 00 Vinohrady, Česko",14.4358608,50.0686167
CZE,"Dunovského 685/14, 149 00 Praha 415-Chodov, Česko",14.5040282,50.034177
CZE,"K Lukám 664, 142 00 Praha-Libuš, Česko",14.4658574,50.0090047
CZE,"Pod sady 170, 143 00 Praha 12, Česko",14.4071862,50.0032261
CZE,"Slámova 38/8, 103 00 Praha 113 - Nedvězí u Říčan, Česko",14.6544342,50.0166973
CZE,"Za Žižkovskou vozovnou 17/1700, 130 00 Praha 3, Česko",14.4775386,50.0931318
CZE,"Jeseniova 1680/4, 130 00 Praha 3-Žižkov, Česko",14.4562663,50.0853728
CZE,"Bajkalská 1534/19, 100 00 Praha 10-Vršovice, Česko",14.4760182,50.0692399
CZE,"Liškova 636, 142 00 Praha 12-Kamýk, Česko",14.442734,50.0148029
CZE,"U Šumavěnky 1038/19, 143 00 Praha 12-Modřany, Česko",14.4124889,50.016451
CZE,"Šantrochova 1800/2, 162 00 Praha 6-Břevnov, Česko",14.3486604,50.0876765
CZE,"Mirošovická 4, 100 00 Strašnice, Česko",14.5089026,50.0729913
CZE,"Lužická 468, 396 01 Humpolec, Česko",15.3598537,49.5505167
CZE,"Bílého 98, 602 00 Brno-střed, Česko",16.5802962,49.1987728
CZE,"Dohnalova 63, 644 00 Brno-sever, Česko",16.6269001,49.2521463
CZE,"Kohoutova, 613 00 Brno-sever, Česko",16.6317161,49.2165664
CZE,"Jihomoravské nám. 1296/4, 627 00 Slatina, Česko",16.6863143,49.179497
CZE,"Zahradní 494, 664 52 Sokolnice, Česko",16.7218658,49.1158889
CZE,"Rozmarýnová 676/3, 637 00 Brno-Jundrov, Česko",16.5520492,49.2064662
CZE,"Studentské nám. 1531, Mařatice, 686 01 Uherské Hradiště, Česko",17.4719751,49.0708563
CZE,"Libušina tř. 881, Brno-Kohoutovice, 623 00 Brno, Česko",16.536004,49.1877854
CZE,"Velatice 159, 664 05 Velatice, Česko",16.7513997,49.1955779
CZE,"Jiříkovice, Nová 185, 664 51 Jiříkovice, Česko",16.7606337,49.1654691
CZE,"Palackého 200, 664 53 Újezd u Brna, Česko",16.7515557,49.1044816
CZE,"Samoty 652, 628 00 Brno-Líšeň, Česko",16.6906407,49.2157091
CZE,"Masarykovo nám. 1664, 664 51 Šlapanice, Česko",16.7280442,49.1689349
CZE,"24. dubna 270, 664 43 Želešice, Česko",16.5740872,49.1155656
CZE,"U Hřiště 309, 664 61 Opatovice, Česko",16.644099,49.0790536
CZE,"Hrušky 69, 683 52 Hrušky, Česko",16.8325195,49.1300193
CZE,"Ponětovice 63, 664 51 Ponětovice, Česko",16.7435772,49.1519667
CZE,"Stanislavského 1247/5, 721 00 Ostrava-Svinov, Česko",18.202175,49.819668
CZE,"Vaníčkova, 747 06 Opava, Česko",17.9160178,49.9250345
CZE,"Šrámkova, 747 05 Opava, Česko",17.9098393,49.9446404
CZE,"Stavební 1226/2A, 735 35 Horní Suchá, Česko",18.4856596,49.7954181
CZE,"Jindřichovice 232, 358 01 Jindřichovice, Česko",12.6024771,50.2819237
CZE,"Chrustova, 713 00 Slezská Ostrava, Česko",18.3184401,49.8502519
CZE,"Za Ještěrkou 8, 717 00 Ostrava-Radvanice a Bartovice, Česko",18.3600468,49.7977378
CZE,"Mladoboleslavská 953, 197 00 Praha 19, Česko",14.5607704,50.1335111
CZE,"1, Frýdlantská 1350, Kobylisy, 182 00 Praha 8, Česko",14.4785388,50.1301054
CZE,"U Nádraží 512, 384 51 Volary, Česko",13.8823677,48.9098443
CZE,"Hradčany 1070, 373 41 Hluboká nad Vltavou, Česko",14.4528405,49.0499111
CZE,"Protilehlá 235, 184 00 Praha-Dolní Chabry, Česko",14.4521259,50.1407405
CZE,"Budovatelská 1067, Prachatice II, 383 01 Prachatice, Česko",13.9951252,49.0249704
CZE,"Vackova 125, 394 70 Kamenice nad Lipou, 394 70 Kamenice nad Lipou, Česko",15.0751573,49.3036986
CZE,"B. Němcové 213, 380 01 Dačice, Česko",15.428655,49.0831858
CZE,"Neulingerova 108, 380 01 Dačice, Česko",15.4364793,49.0799381
CZE,"Jeřábkova 690, 399 01 Milevsko, Česko",14.3598126,49.4532571
CZE,"nám. Jana Žižky z Trocnova 182, 286 01 Čáslav, Česko",15.3897186,49.9105429
CZE,"Gregorova 2582/3, 702 00 Moravská Ostrava a Přívoz, Česko",18.2886979,49.8417031
CZE,"Gregorova 2582, 702 00 Moravská Ostrava a Přívoz, Česko",18.2884631,49.8421697
CZE,"B. Němcové 1685, 358 01 Kraslice, Česko",12.5046339,50.335024
CZE,"339 01 Bezděkov, Česko",13.1975331,49.4063574
CZE,"Palackého 1045, 363 01 Ostrov, Česko",12.9494744,50.3105988
CZE,"Horšice 39, 334 55 Horšice, Česko",13.3917538,49.5341172
CZE,"Sedlec 81, 332 02 Starý Plzenec, Česko",13.4892408,49.6927305
CZE,"Libavské Údolí 109, 357 51 Libavské Údolí, Česko",12.5534332,50.1267883
CZE,"Mandlova 429/6, 301 00 Plzeň 3-Doudlevce, Česko",13.3749025,49.721939
CZE,"Zemědělská 97, 350 02 Cheb, Česko",12.3716647,50.0601116
CZE,"18035, 334 43 Dnešice, Česko",13.2660141,49.6069326
CZE,"Manětínská 1617, 323 00 Plzeň 1, Česko",13.3684148,49.7814146
CZE,"Postřekov 290, 345 35 Postřekov, Česko",12.806712,49.4614383
CZE,"Nade Mží 828, 318 00 Plzeň 3, Česko",13.3514941,49.7470341
CZE,"Západní 1315/7, 323 00 Plzeň 1-Bolevec, Česko",13.3788381,49.7794648
CZE,"Hrádek 194, 342 01 Hrádek, Česko",13.4988178,49.2609932
CZE,"Havlíčkova 107, 342 01 Sušice, Česko",13.519877,49.233012
CZE,"Běšiny 2, 339 01 Běšiny, Česko",13.3299225,49.2781185
CZE,"Dlouhá Ves 107, 342 01 Dlouhá Ves, Česko",13.5129819,49.1957087
CZE,"262 72 Volenice, Česko",13.9107819,49.5449337
CZE,"Soukenická 981, Horní Litvínov, 436 01 Litvínov, Česko",13.607153,50.5993872
CZE,"Gluckova 136, 435 42 Litvínov, Česko",13.5629354,50.5898253
CZE,"Ostrovec 100, 398 33 Ostrovec, Česko",14.1156751,49.4212044
CZE,"Na Sadech 2035, 370 01 České Budějovice, Česko",14.4780583,48.9771049
CZE,"398 21 Kestřany, Česko",14.0573479,49.2691603
CZE,"U Jeslí 746, 388 01 Blatná, Česko",13.8770902,49.4303627
CZE,"Oslov 10, 398 35 Oslov, Česko",14.2109887,49.399548
CZE,"Česká 674, 383 01 Prachatice, Česko",13.9986648,49.017693
CZE,"Školní 188, 387 51 Štěkeň, Česko",14.0058355,49.2700622
CZE,"159, Písek, 39811, Česko",14.198224,49.2637392
CZE,"B. Němcové 740, 398 11 Protivín, Česko",14.2135109,49.2001647
CZE,"Myštice 35, 388 01 Myštice, Česko",13.9979046,49.459971
CZE,"Podlesí 540, 463 42 Hodkovice nad Mohelkou, Česko",15.0889933,50.6698373
CZE,"1. máje 48, 517 22 Albrechtice nad Orlicí, Česko",16.063836,50.1406815
CZE,"257 53 Vrchotovy Janovice, Česko",14.5777999,49.6668365
CZE,"Načešice 116, 538 03 Načešice, Česko",15.622659,49.939675
CZE,"Víska 50, 583 01 Víska, Česko",15.6556831,49.7708174
CZE,"173, Řepice, Česko",13.9338494,49.2808481
CZE,"M. Horákové 1988, 568 02 Svitavy, Česko",16.4654954,49.7588734
CZE,"Rovečné 181, 592 65 Rovečné, Česko",16.358277,49.576289
CZE,"Krouna 338, 539 43 Krouna, Česko",16.0288467,49.7755292
CZE,"Hradec Králové č. 36, 270 35 Hradec Králové, Česko",15.8023875,50.2248901
CZE,"Česká Čermná 65, 549 21 Česká Čermná, Česko",16.2295496,50.4006105
CZE,"Palackého nám. 378, 539 73 Skuteč, Česko",15.9965298,49.8430961
CZE,"Vatín 37, 591 01 Vatín, Česko",15.9696509,49.5256331
CZE,"Řetová 162, 561 41 Řetová, Česko",16.3814105,49.9457019
CZE,"nám. Čsl. armády 15, 549 31 Hronov, Česko",16.182536,50.479794
CZE,"Tasov 37, 675 79 Tasov, Česko",16.0974518,49.2850361
CZE,"Vladislav 203, 675 01 Vladislav, Česko",15.990255,49.2109659
CZE,"Nad Školou 427, 592 02 Svratka, Česko",16.0276347,49.7103528
CZE,"Chřestová 1350/19, 664 91 Ivančice, Česko",16.3810061,49.1007695
CZE,"Zálší 57, 565 01 Zálší, Česko",16.2396016,49.9655217
CZE,"Palackého 52, 664 17 Tetčice, Česko",16.4035119,49.167844
CZE,"Sedlec 74, 675 71 Náměšť nad Oslavou, Česko",16.1299887,49.1673154
CZE,"Na Františku 845, 549 01 Nové Město nad Metují, Česko",16.1545571,50.3543464
CZE,"Olší 14, 592 61 Olší, Česko",16.2920458,49.4212726
CZE,"U Hřiště 538, 594 42 Měřín, Česko",15.8863471,49.3933929
CZE,"Dělnická 67, 562 01 Ústí nad Orlicí, Česko",16.3996813,49.9730929
CZE,"Drdy 547, 641 00 Brno-Žebětín, Česko",16.48822,49.2099586
CZE,"538 32 Úhřetice, Česko",15.8703513,49.9750013
CZE,"Komenského 1097, 666 02 Předklášteří, Česko",16.405896,49.3520917
CZE,"Záchlumí 83, 561 86 Záchlumí, Česko",16.3753338,50.0962738
CZE,"Machov 103, 549 63 Machov, Česko",16.2768862,50.4991111
CZE,"549 71 Šonov, Česko",16.3910802,50.5888501
CZE,"Havlíčkova 462, 549 31 Hronov, Česko",16.1793739,50.4748772
CZE,"Hlavní 291/95, Svatobořice, 696 04 Svatobořice-Mistřín, Česko",17.0916551,48.9790894
CZE,"17. listopadu 905, 570 01 Litomyšl, Česko",16.3056658,49.8667716
CZE,"50, 696 48 Ježov, Česko",17.2100153,49.0269769
CZE,"Bory 161, 594 61 Bory, Česko",16.0256921,49.4257077
CZE,"Nenkovice 222, 696 37 Nenkovice, Česko",17.0181608,49.005581
CZE,"696 31 Nechvalín, Česko",17.0807664,49.054572
CZE,"Březí 46, 594 53 Březí, Česko",16.2172253,49.3448418
CZE,"Dobromilice 327, 798 25 Dobromilice, Česko",17.1417139,49.3596358
CZE,"787 01 Šumperk, Česko",16.9561428,49.996902
CZE,"Studnice 110, 683 08 Studnice, Česko",16.8782379,49.3778914
CZE,"Masarykovo nám. 166, Lamberk, 564 01 Žamberk, Česko",16.465235,50.0878321
CZE,"Černopolní 788, 613 00 Brno-sever, Česko",16.6176242,49.2020239
CZE,"Bayerova 575, 602 00 Brno-střed-Veveří, Česko",16.6020717,49.2058979
CZE,"5. května 395, 796 04 Prostějov, Česko",17.0729104,49.468713
CZE,"Bohdíkov 163, 789 64 Bohdíkov, Česko",16.9006055,50.0148528
CZE,"Třebízského 1800, 787 01 Šumperk, Česko",16.9705992,49.9612538
CZE,"696 41 Vlkoš, Česko",17.1591905,48.9858942
CZE,"Na Vyhlídce 1016, 760 01 Zlín, Česko",17.6566213,49.218748
CZE,"Náves 64, Mladcová, 760 01 Zlín, Česko",17.6455413,49.2347467
CZE,"Vranová Lhota 70, 571 01 Vranová Lhota, Česko",16.8272667,49.7103166
CZE,"Máchova 2388, Přerov I-Město, 750 02 Přerov, Česko",17.4543178,49.4586731
CZE,"Na Stráži, 180 00 Praha 8-Libeň, Česko",14.4713272,50.116717
CZE,"Na Třebešíně 1021, 108 00 Strašnice, Česko",14.4855273,50.0838421
CZE,"Luhová 160, 464 01 Raspenava, Česko",15.1224688,50.9050165
CZE,"Do Nového 1131, 530 03 Pardubice I, Česko",15.7948421,50.0450254
CZE,"Čepí 83, 533 32 Čepí, Česko",15.714984,49.9865481
CZE,"Nepomucká 79, 326 00 Plzeň 2-Slovany, Česko",13.408328,49.718363
CZE,"Francova Lhota 359, 756 14 Francova Lhota, Česko",18.1096919,49.2018229
CZE,"Mahlerova, 586 01 Jihlava, Česko",15.5810834,49.3966966
CZE,"V Sadech 560, 580 01 Havlíčkův Brod, Česko",15.5826426,49.6066037
CZE,"Čejkovická 4339, 628 00 Brno-Vinohrady, Česko",16.6637479,49.20117
