iso3,address,lon,lat
FIN,"kalasaaksenkatu 4, 02620 espoo, Finland",24.771596605317484,60.23336058027732
FIN,"poikolantie 6 a, 83900 juuka, Finland",29.25437285381047,63.23911886454589
FIN,"erajarventie 1652, 35220 erajarvi, Finland",24.564808599913874,61.572501040796055
FIN,"pinokuja 6, 70150 kuopio, Finland",27.61038200352823,62.88275142800191
FIN,"sontulantie 6, 37800 akaa, Finland",23.86384671733893,61.166096544436215
FIN,"asematie 6, 35100 orivesi as, Finland",24.3611520735366,61.64856115432855
FIN,"harjunraitti 9, 81280 uimaharju, Finland",30.248468513716233,62.91263609794558
FIN,"korpitie 13, 33920 pirkkala, Finland",23.721998764072538,61.45143501062478
FIN,"sevettijarventie 9076, 99800 ivalo, Finland",28.601326890569794,69.51045742701294
FIN,"saastajankatu 16, 33840 tampere, Finland",23.748741393791846,61.45493361701023
FIN,"edontie 27, 07750 isnas, Finland",25.998072971588954,60.39806619305074
FIN,"keiharinkoskentie 7, 44500 viitasaari, Finland",25.573366547736043,63.05510175556648
FIN,"jokiniementie 11, 41340 laukaa, Finland",25.95496132315833,62.41699857284175
FIN,"toritie 6, 15550 nastola, Finland",25.966079284172388,60.9372930104378
FIN,"lahdenkatu 62, 15210 lahti, Finland",25.667226093666272,60.99900661548554
FIN,"karjalantie 1, 27710 koylio, Finland",22.30514903763134,61.12344870984092
FIN,"koulukatu 2, 32800 kokemaki, Finland",22.350642374879982,61.25686626939887
FIN,"urheilukentantie 2, 16500 herrala, Finland",25.46984853477676,60.900524072768405
FIN,"kupsalankuja 7, 92450 luohua, Finland",25.278575432150888,64.54499032560037
FIN,"peuranpolku 1-3, 88900 kuhmo, Finland",29.506853394912014,64.12442422664
FIN,"teiskontie 16, 33540 tampere, Finland",23.797235984260794,61.50061230710736
FIN,"huhdantie 282, 27110 irjanne, Finland",21.814333005721835,61.25823218434036
FIN,"kyotikkalantie 10, 36220 kangasala, Finland",24.003600787373074,61.47432854467738
FIN,"maalismaantie 32, 91110 ii as, Finland",25.44775325127307,65.3189778632107
FIN,"isoholmintie 6, 92130 raahe, Finland",24.518042860793912,64.69021865850792
FIN,"keisarinmajantie 9, 48230 kotka, Finland",26.89376247436448,60.494640888876575
FIN,"merijarventie 106, 86220 merijarvi, Finland",24.45183638690591,64.29750122330034
FIN,"susisaarentie 8, 85900 reisjarvi, Finland",24.97088624395937,63.59970422163593
FIN,"skolvagen 4, 21660 nagu, Finland",21.903370442755232,60.194628560074904
FIN,"juurakkokatu 33, 04260 kerava, Finland",25.095546015117094,60.38266473933248
FIN,"norra munsalavagen 32 a, 66950 munsala, Finland",22.434937666372832,63.45576758191723
FIN,"hotintie 22, 91510 rova, Finland",25.86325542343002,64.87459261663005
FIN,"puistomaentie 3, 99400 enontekio, Finland",23.636198499425344,68.38527932710102
FIN,"opintie 2, 16600 jarvela, Finland",25.268357389265844,60.86772912222321
FIN,"tampereentie 262, 37560 lempaala, Finland",23.780070181833622,61.37696016643986
FIN,"valikylantie 310 a, 85500 nivala, Finland",24.855237186353293,63.92580685854227
FIN,"hanhiniementie 9, 44640 kymonkoski, Finland",25.94097335168206,63.11362923267933
FIN,"beckerintie 2, 51200 kangasniemi, Finland",26.641060331203533,61.98899328335608
FIN,"lustilantie 326, 61850 kauhajoki as, Finland",22.242455222756803,62.42947947812709
FIN,"rajaharjuntie 23, 15270 kukkila, Finland",25.664646814421133,61.05337687817095
FIN,"rapakivenkuja 3, 05440 hyvinkaa, Finland",24.879118821061724,60.6018069156454
FIN,"luutnantinkuja 2 c, \N \n, Finland",23.043613370062616,63.106194107377064
FIN,"aittokorventie 2, 33960 pirkkala, Finland",23.66524330511001,61.4630674996707
FIN,"kirkkotie 3, 19430 pertunmaa, Finland",26.477912788501897,61.503788713134725
FIN,"karjalankatu 16, 26100 rauma, Finland",21.49187993327709,61.1313574952685
FIN,"haapasenkatu 3, 39930 karvia, Finland",22.567880271222194,62.13611684838307
FIN,"kuninkaantie 14, 19600 hartola, Finland",26.01351729874196,61.57332276067385
FIN,"kylkkalanraitti 51, 66440 tervajoki, Finland",22.17599829760195,63.00791696319726
FIN,"tsahkalluoktantie 1, 99490 kilpisjarvi, Finland",20.86502396541883,69.01902066032358
FIN,"maisalavagen 273, 04360 tuusula, Finland",24.982622500966585,60.36531901935362
FIN,"karviantie 12, 38950 honkajoki, Finland",22.271830775901606,61.993641593490565
FIN,"tahteentie 38, 45700 kuusankoski, Finland",26.616152947456545,60.92101771635577
FIN,"pyhajarventie 4, 86800 pyhasalmi, Finland",25.977367491450792,63.67370695512449
FIN,"keskustie 27, 43900 kinnula, Finland",24.97168682288955,63.363098238072496
FIN,"vanhatie 2, 86300 oulainen, Finland",24.89778775018536,64.29475547945813
FIN,"laitilantie 8  (kayntiosoite), 91600 utajarvi, Finland",26.41629096419379,64.76212260535087
FIN,"kaurajarventie 1944, 62395 petterinmaki, Finland",22.626102726266765,63.12427081313183
FIN,"rajakatu 2 a, 35820 mantta, Finland",24.648769704927105,62.02420926281448
FIN,"parekuja 7, 86300 oulainen, Finland",24.905181426976412,64.2648769283038
FIN,"pursutie 10, 70280 kuopio, Finland",27.63938372379141,62.916946156377406
FIN,"ruutanantie 750, 36110 ruutana, Finland",24.036469498666236,61.521745306216985
FIN,"rautiolanrinne 2, 33870 tampere, Finland",23.816453006033072,61.43108869503769
FIN,"ridasjarven kylatie 92, 05950 hyvinkaa, Finland",24.99090675497004,60.653038197501104
FIN,"harjutie 2, 51900 juva, Finland",27.843890007512584,61.899019587737996
FIN,"vinkkilantie 27, 23200 vinkkila, Finland",21.706645415027936,60.68364077745176
FIN,"itapuolentie 1545, 95300 tervola, Finland",24.816386813678037,66.0890383115453
FIN,"monasvagen 31 b, 66970 hirvlax, Finland",22.34550004635211,63.418628260939926
FIN,"palonurmentie 780, 73810 palonurmi, Finland",28.186075351169755,63.292746237132306
FIN,"huruntie 16, 90910 kontio, Finland",25.636323357762933,65.149879127345
FIN,"urheilutie 1, 69100 kannus, Finland",23.927508193965764,63.89120124927311
FIN,"salomonin tie 3, 41660 toivakka, Finland",26.086904129985214,62.099694629246216
FIN,"opiskelijankatu 29, 33720 tampere, Finland",23.835942858753697,61.449234258127035
FIN,"urheilutie 7, 33960 pirkkala, Finland",23.644182516096237,61.463143104437336
FIN,"nasin koulukatu 3, 06100 porvoo, Finland",25.647468858234333,60.38816871605263
FIN,"opintie 1, 93400 taivalkoski, Finland",28.227274687317255,65.57061320423445
FIN,"lapunmaentie 1, 44300 konnevesi, Finland",26.27799257928413,62.627628423565824
FIN,"karpankatu 7, 80230 joensuu, Finland",29.780730572427018,62.58635840499139
FIN,"paul hallvars gata 8, 68600 jakobstad, Finland",22.699177080159615,63.66782160180986
FIN,"koulutie 2, 95970 akaslompolo, Finland",24.136987125564815,67.6122164901403
FIN,"purorinteenkatu 4, 15320 lahti, Finland",25.771577686896364,61.00361586595122
FIN,"markkinatie 5, 63400 alavus as, Finland",23.60686837863497,62.6197037532086
FIN,"tuhtokatu 2, 15240 lahti, Finland",25.66346412788306,61.01460215217182
FIN,"koulutie 4 a, 07970 ruotsinpyhtaa, Finland",26.46207560154707,60.52202582383623
FIN,"kirkkotie 448, 49240 svartback, Finland",26.63117590632408,60.467126473495895
FIN,"verkanvagen 1, 21710 korpo, Finland",21.563310595957233,60.173137444152104
FIN,"koulutie 5, 63500 lehtimaki, Finland",23.94431365837545,62.82085555736947
FIN,"koulutie 9a, 73900 rautavaara, Finland",28.29504305708526,63.4978517099217
FIN,"kasakkamaentie 1, 15800 lahti, Finland",25.606051360073536,60.97845414698983
FIN,"kirstintie 11, 02770 espoo, Finland",24.66981691525774,60.20150167876923
FIN,"vanha maantie 38, 86170 yppari, Finland",24.097683592077203,64.40522078367532
FIN,"ylirannantie 89, 62630 karvala, Finland",23.54114973151178,63.13723091182169
FIN,"valtaalantie 433, 61500 isokyro, Finland",22.38398326294292,62.97280130601762
FIN,"alastalontie 1, 34870 visuvesi, Finland",23.92290669676052,62.1221010489958
FIN,"koulujuja 2-4, 44500 viitasaari, Finland",25.85117358055487,63.0852207416134
FIN,"jenseninkatu 3, 33610 tampere, Finland",23.945428367678744,61.52144334815509
FIN,"amiraalintie 40, 86300 oulainen, Finland",24.807791591066774,64.25246949039979
FIN,"linnainmaankatu 12, 33580 tampere, Finland",23.894454913164708,61.49176642368164
FIN,"pulkkakatu 3, 33580 tampere, Finland",23.916397813668652,61.507996260890735
FIN,"postimiehentie 1, 93100 pudasjarvi, Finland",27.003677052913076,65.36945825227045
FIN,"pyha-luostontie 26, 99540 torvinen, Finland",26.64750500423109,67.19378057026611
FIN,"kiiskilankylatie 74, 85470 kiiskilampi, Finland",24.657139538162,63.80419143652739
FIN,"utsjoentie 44, 99980 utsjoki, Finland",27.013034190523,69.8963636438811
FIN,"paimelantie 524, 17120 paimela, Finland",25.629619427784178,61.09198660640604
FIN,"kaarnatie 1, 89400 hyrynsalmi, Finland",28.495674677423978,64.67334865344378
FIN,"rajalantie 140, 05800 hyvinkaa, Finland",24.83166165874883,60.6861474694154
FIN,"spjutsundsvagen 71, 01190 box, Finland",25.39020218206113,60.30575612574154
FIN,"aninkuja 3 - 5, 61800 kauhajoki, Finland",22.174182621203816,62.42069479888313
FIN,"nenonpellontie 56, 76940 nenonpelto, Finland",27.121809407248232,62.370483844962415
FIN,"petajaskoskentie 133, 86210 petajaskoski, Finland",24.602573070584583,64.25500946120934
FIN,"kiuruvedentie 1595, 72710 vaaraslahti, Finland",26.714506003407053,63.363220264838645
FIN,"werlanderintie 170, 09220 sammatti, Finland",23.85475939319224,60.321651273556824
FIN,"puralanharjuntie 76, 41360 valkola, Finland",25.824932104826416,62.46813786331012
FIN,"keihaskatu 1 - 3 2b, 70620 kuopio, Finland",27.664218716167028,62.886053562576905
FIN,"viirinkankaantie 1 (kaynti keltakankaan puolelta), 96300 rovaniemi, Finland",25.702961248207345,66.48831462789715
FIN,"opinportti 1, 84100 ylivieska, Finland",24.51290752017539,64.07669775377806
FIN,"koulutie 6, 58900 rantasalmi, Finland",28.298704646666863,62.07100702080456
FIN,"kilonpuisto 5, \N \n, Finland",24.788760000000025,60.21614000000005
FIN,"koulutie 16, 07800 lapinjarvi, Finland",26.20735400645404,60.626241043501636
FIN,"aijalantie 1048, 41390 aijala, Finland",26.054521736714293,62.521982413028354
FIN,"rautatienkatu 6, 49400 hamina, Finland",27.188289811456713,60.57054488946244
FIN,"gumbovagen 210, 01120 vasterskog, Finland",25.2941654367811,60.256474265016834
FIN,"peltomiehentie 5, 90440 kempele, Finland",25.488189228572026,64.90789986909735
FIN,"kirkkotie 3 a - b, 58175 enonkoski, Finland",28.91747015012311,62.088482283096994
FIN,"huovihongantie 3, 45200 kouvola, Finland",26.727269127372324,60.87667709722959
FIN,"wilhelm schildtin katu 2, 40720 jyvaskyla, Finland",25.72143554953925,62.24601625569446
FIN,"malmink. 26, 00100 helsinki, Finland",24.928323023453515,60.167233441102894
FIN,"opintie 8, 99300 muonio, Finland",23.67606556596471,67.96240045426964
FIN,"bonasgatan 10-12, 68620 jakobstad, Finland",22.684025281427438,63.66883254315184
FIN,"eramiehenkatu 12, 40630 jyvaskyla, Finland",25.692863150356743,62.23767927952002
FIN,"nasvagen 19, 68560 eugmo, Finland",22.782284572153486,63.80602204418091
FIN,"pappilankuja 2, 64350 karijoki, Finland",21.707986194665278,62.30639594487457
FIN,"lagmansgatan 2, 68600 jakobstad, Finland",22.71284100725913,63.679314322620314
FIN,"lapptraskvagen 45, 07800 lapptrask, Finland",26.2047919101104,60.62712374172506
FIN,"saarijarventie 21, 40200 jyvaskyla, Finland",25.7241724085641,62.268709629899234
FIN,"juvankatu 53, 33710 tampere, Finland",23.896980129134363,61.46416083512091
FIN,"sarkikylantie 244, 62500 evijarvi, Finland",23.607609757970835,63.37449576862832
FIN,"martikkalantie 552, 73100 lapinlahti, Finland",27.21999436021781,63.40919760214592
FIN,"syvaojantie 280 b, 93140 kipina, Finland",26.5520177812092,65.27977704316368
FIN,"degerbyvagen 106, 10160 nylands degerby, Finland",24.18160231978706,60.09057452440754
FIN,"koulutie 34, 62660 itakyla, Finland",23.73006795627596,63.22616670501753
FIN,"pajatie 1-3, 12310 ryttyla, Finland",24.76687760677946,60.81595033022938
FIN,"aikkalantie 205, 15880 hollola, Finland",25.45211242765751,60.98533221100706
FIN,"koppelontie 4, 99800 ivalo, Finland",27.549167120619302,68.66312182446157
FIN,"katonkuja 7, 87250 kajaani, Finland",27.769279502224776,64.23284741315658
FIN,"pitvagen 9, 64200 narpes, Finland",21.315978402884667,62.466386632279665
FIN,"helsingintie 52, 15700 lahti, Finland",25.63888092787883,60.97346486103416
FIN,"olarinniityntie 10, 02210 espoo, Finland",24.732854778288328,60.1794646075831
FIN,"koulukatu  14, 33200 tampere, Finland",23.747436163829377,61.494077691572755
FIN,"ketolanojantie 653, 91500 muhos, Finland",25.9328253036052,64.83538890482643
FIN,"kortesuontie 27, 33420 tampere, Finland",23.624846471298866,61.519940305277686
FIN,"koulutie 2, 41330 vihtavuori, Finland",25.9003037707416,62.37073247897007
FIN,"ivalontie 8716, 99690 vuotso, Finland",27.120129432119484,68.10139617794258
FIN,"kurjalanrannatie 1230a, 79255 kurjala, Finland",28.107044246534496,62.54441057998018
FIN,"kiuruvedentie 59, 74230 salahmi, Finland",26.933271832267422,63.80110706379688
FIN,"pylkkaantie 9, 34980 killinkoski, Finland",23.896138334598447,62.40909829382278
FIN,"sammakkolammentie 14, 70200 kuopio, Finland",27.640048660170322,62.904107846740686
FIN,"hanhenmaenkatu 2 (5.-9. lk ja hallinto) hintsankatu 4 (0.-4. lk), 33560 tampere, Finland",23.851966207778077,61.49113283562062
FIN,"arttelikuja 4, \N \n, Finland",24.701941481186992,60.14649564872798
FIN,"hakalahdenkatu 8, 84100 ylivieska, Finland",24.531198760741944,64.0790835367884
FIN,"venevalkamantie 2, 79810 karvion kanava, Finland",28.662024358595744,62.50888619223093
FIN,"nokitie 3, 37130 nokia, Finland",23.491345636309745,61.48628524573812
FIN,"ahtarintie 585, 63680 hakojarvi, Finland",23.90848663817556,62.605687786175736
FIN,"jussintie 29 b, 85410 sievi, Finland",24.527758324764562,63.89967497619784
FIN,"kuruntie 6, 34600 ruovesi, Finland",24.067296462164876,61.98282910603231
FIN,"riihontie 15, 42800 haapamaki, Finland",24.440871097352755,62.24377158202407
FIN,"teiskontie 28, 33530 tampere, Finland",23.809786626980554,61.50216455175641
FIN,"lestintie 40, 69440 lestijarvi, Finland",24.669572415142113,63.52401605505682
FIN,"kaarelankuja 2b, 00430 helsinki, Finland",24.899996633129206,60.23850006993791
FIN,"satakielentie 5, 01450 vantaa, Finland",25.084061634300298,60.36628863791296
FIN,"veteraanitie 3, 07560 pukkila, Finland",25.581683658799932,60.64637680568097
FIN,"juvolantie 2331, 57310 savonlinna, Finland",28.738455664710358,62.06859056002861
FIN,"vasunmaentie 550, 62160 karhunkyla, Finland",23.139869302110696,62.94265802155374
FIN,"lankipohjantie 64, 17800 kuhmoinen, Finland",25.17233254628829,61.57406032624377
FIN,"linnamaantie 626, 27100 eurajoki, Finland",21.626625145611655,61.21695416104839
FIN,"viljamaantie 13, 16300 orimattila, Finland",25.745398991622693,60.805402212219974
FIN,"vesilahdentie 11, 31900 punkalaidun, Finland",23.1223833109822,61.111880718316826
FIN,"laurinpurontie 23, 72400 pielavesi, Finland",26.75654242129835,63.236167921328985
FIN,"mehtalantie 42 a, 85500 nivala, Finland",24.901722718450117,63.95505492293978
FIN,"muotialantie 79-81, 33800 tampere, Finland",23.82327101371402,61.47855306578734
FIN,"pjelaxvagen 1, 64250 pjelax, Finland",21.373402067168342,62.39410348813706
FIN,"koulutie 5, 43700 kyyjarvi, Finland",24.55892802428403,63.050475238380244
FIN,"ursankatu 2, 15100 lahti, Finland",25.666090126609376,60.9794130342161
FIN,"rajakalliontie 10, 48310 kotka, Finland",26.88263558171812,60.456086313564384
FIN,"sydanmaantie 614, 27130 eurajoki as, Finland",21.851667033276918,61.19243669088186
FIN,"linnakaarto 20, 90450 kempele, Finland",25.558533261324527,64.92329771859724
FIN,"pyhallontie 83, 37500 lempaala, Finland",23.76249827619759,61.26584483835188
FIN,"kauhajarventie 835, 61960 kyronlatva, Finland",22.288876633294336,62.21598921912536
FIN,"seminaarinkatu 2, 13130 hameenlinna, Finland",24.450961316214403,60.99741476634398
FIN,"koulumaentie 3, 25900 taalintehdas, Finland",22.496805080444005,60.02417627257489
FIN,"opintie 2, 32210 loimaa, Finland",22.980637030201336,60.8693030760015
FIN,"vasavagen 1647, 64610 overmark, Finland",21.474927617923782,62.61441284446718
FIN,"jokijarventie 323 a, 93400 taivalkoski, Finland",28.81925298262136,65.48681381163573
FIN,"sarvannankatu 7, 33730 tampere, Finland",23.92026187103255,61.476359982731
FIN,"kirkkotie 9 c, 77570 jappila, Finland",27.43206137206036,62.38096623792359
FIN,"kaarakkalantie 832, 74270 kauppilanmaki, Finland",27.22909635269508,63.78150242091226
FIN,"hameenpuisto 34, 33200 tampere, Finland",23.751752676326674,61.494144746798156
FIN,"veturitie 9, 91500 muhos, Finland",26.00732986163689,64.80355422701851
FIN,"paksuniementie 7, 82300 raakkyla, Finland",29.62761650310253,62.315277933289906
FIN,"kirkkotie 5, 72210 tervo, Finland",26.754291209743485,62.95243961874044
FIN,"jokioistentie 7, 36270 kangasala, Finland",24.10869577159579,61.45161643691901
FIN,"kainaston keskustie 38, 61820 kainasto, Finland",22.030195510960283,62.465901320085806
FIN,"jokijalantie 18, 95900 kolari, Finland",23.777019755810983,67.33124021782132
FIN,"isantalantie 1, 82110 heinavaara, Finland",30.183432271019193,62.552795492631496
FIN,"koulutie 2, 37470 vesilahti, Finland",23.6264078522224,61.30103076868738
FIN,"vehmersalmenkatu 27, 71310 vehmersalmi, Finland",28.026845831436503,62.76071481535246
FIN,"mikonkatu 17, 28100 pori, Finland",21.78891300183246,61.48386361707286
FIN,"tarvaalantie 18, 41330 vihtavuori, Finland",26.141047787918268,62.24496487166965
FIN,"luhalahdentie 698, 39590 tevaniemi, Finland",23.047263521257435,61.85208818030176
FIN,"koulutie 4, 63300 alavus, Finland",23.62027330492637,62.59192365342375
FIN,"siltapuistokatu 1, 28100 pori, Finland",21.801463263948193,61.49222185439069
FIN,"rantatie 4, 34800 virrat, Finland",23.76955273736712,62.23841940157041
FIN,"kackurvagen 11 a, 68570 larsmo, Finland",22.743120381023317,63.74875914480015
FIN,"korkiakankaantie 130, 69980 mottonen, Finland",24.538760494691672,63.17935768662923
FIN,"urheilutie 3, 10210 inkoo, Finland",24.02099181153858,60.053565362493316
FIN,"vatialantie 17, 36240 kangasala, Finland",23.95160926689934,61.4785295126394
FIN,"malminkatu 14, 00100 helsinki, Finland",24.931955572651674,60.16708361458362
FIN,"karistonkatu 213, 15150 lahti, Finland",25.75507262989649,60.974076153232744
FIN,"koulutie 8, 58700 sulkava, Finland",28.371512456038744,61.78414451507112
FIN,"sepankatu 7, 90100 oulu, Finland",25.465148634028225,65.00994233182163
FIN,"stahlberginkuja 2, 89800 suomussalmi kk, Finland",29.02556694533004,64.88181739807214
FIN,"mestarintie 3, 07600 myrskyla, Finland",25.854618961855124,60.67223774300527
FIN,"koulutie 37, 74200 vierema, Finland",27.00968620693763,63.69092623409392
FIN,"koulutie 15, 23800 laitila, Finland",21.701105144667025,60.8785063637786
FIN,"koulunmaentie 13, 39410 luhalahti, Finland",23.269504906269503,61.774335425242015
FIN,"sulkavankylantie 425, 63350 sulkavankyla, Finland",23.54497229845495,62.450739546888855
FIN,"jyvaskylantie 12, 69950 perho, Finland",24.422981349948316,63.21426718179802
FIN,"pohdinkatu 9, 85800 haapajarvi, Finland",25.32860148014902,63.75453813176347
FIN,"vanhankylan koulutie 109, 04390 janiksenlinna, Finland",25.01457113074818,60.49317447491603
FIN,"knaapilantie 11, 61500 isokyro, Finland",22.316896162143394,62.996897065544914
FIN,"koulutie 3-4, 72600 keitele, Finland",26.34728350972165,63.177885656793535
FIN,"tiitonrannantie 201, 85800 haapajarvi, Finland",25.295325324542517,63.75703916594247
FIN,"aholantie 969, 85710 parkkila, Finland",25.40704637086347,63.84246987003948
FIN,"rautatienkatu 3-5, 33100 tampere, Finland",23.771089810771457,61.50344555801871
FIN,"aakkosentie 14, 35540 juupajoki, Finland",24.457874290858342,61.790661821975675
FIN,"kallisentie 10, 67700 kokkola, Finland",23.135517417981987,63.82090562201148
FIN,"kylatie 46, 99110 kaukonen, Finland",24.905261977065948,67.48493037535107
FIN,"sukevantie 39, 74340 sukeva, Finland",27.416178879987726,63.86518088690492
FIN,"nurkkilantie 3, 37500 lempaala, Finland",23.684381536992447,61.33709956488437
FIN,"syvarintie 47, 73300 nilsia, Finland",28.089270558249808,63.20453394819262
FIN,"kestintie 2b, 37370 narva, Finland",23.505642397098995,61.29709282484703
FIN,"louesaarentie 19, 95340 loue, Finland",24.954933638197815,66.14089220116887
FIN,"ilmarinkatu 17, 33500 tampere, Finland",23.785592263464622,61.50175777799532
FIN,"kylmaojantie 6, 80710 lehmo, Finland",29.812222807580696,62.64907901298679
FIN,"hirsikankaantie 3, 62900 alajarvi, Finland",23.803615924126138,62.998666493951134
FIN,"kylaojankatu 6, 33700 tampere, Finland",23.842922218070782,61.48616173839483
FIN,"jaakontie 1, 92320 siikajoki, Finland",24.77515707014834,64.80996311400548
FIN,"soukankuja 5, \N \n, Finland",27.37630678900007,64.79738757700005
FIN,"poutalantie 1, 91980 lumijoki, Finland",25.181518944530524,64.84057269284529
FIN,"saaristenkatu 13-15 a, 13100 hameenlinna, Finland",24.45764521344455,60.99733434198299
FIN,"leivonmaentie 6, 41770 leivonmaki, Finland",26.12355970131398,61.91726451828947
FIN,"katajantie 23, 84100 ylivieska, Finland",24.558026718235595,64.06696586127717
FIN,"kurkimaentie 455, 71480 kurkimaki, Finland",27.487138438731023,62.78134795966622
FIN,"koulurinteentie 9 e, 15870 hollola, Finland",25.516575465685037,60.9843417215088
FIN,"koulutie 7, 04500 kellokoski, Finland",25.09863441116113,60.53279334238394
FIN,"tavastantie 10, 07955 tesjoki, Finland",26.314734232758525,60.473987166990526
FIN,"isokatu 94, 90120 oulu, Finland",25.45621478252869,65.0018716487111
FIN,"keskitie 34 - 38, 71200 tuusniemi, Finland",28.48696571238662,62.81184693929359
FIN,"saarikoskentie 4, 99870 inari, Finland",27.001195087563815,68.9060558233904
FIN,"vuojalahdentie 16, 51440 vuojalahti, Finland",26.799052081442937,61.9654808714825
FIN,"vilhonkummuntie 4, 02400 kirkkonummi, Finland",24.440861374345076,60.133154466810254
FIN,"bagarnasvagen 32, 68600 jakobstad, Finland",22.69763816273661,63.66275918374899
FIN,"sodankylantie 2, 98500 pelkosenniemi, Finland",27.513946782571253,67.10872746869396
FIN,"kuhaniementie 14, 41340 laukaa, Finland",25.961115819383934,62.39358795918227
FIN,"pohjankatu 2, 70500 kuopio, Finland",27.69453840688547,62.90492721968559
FIN,"vehnian kylatie 166, 41180 vehnia, Finland",25.681616396494974,62.44000631032512
FIN,"hongistontie 4, 45200 kouvola, Finland",26.7347270095417,60.87461808271456
FIN,"taunonkuja 9, 78870 varkaus, Finland",27.832739561718313,62.314155806002276
FIN,"alkutaival 16, 07190 halkia, Finland",25.25146684853894,60.51860026573698
FIN,"mieluskoskentie 13, 86550 mieluskyla, Finland",25.157924641462927,64.17357537158466
FIN,"rantatie 5, 23950 pyharanta, Finland",21.44175665520214,60.95229917250214
FIN,"koulutie 5, 52550 hirvensalmi, Finland",26.78428140784814,61.63683302776741
FIN,"kalliokylantie 1340, 74770 kalliokyla, Finland",26.40539490916086,63.591443353142324
FIN,"vanha-juvantie 267, 51820 hatsola, Finland",27.759359855092754,61.86149338812638
FIN,"pohjoispuolentie 2091, 88900 kuhmo, Finland",29.165667942336597,64.1931901146626
FIN,"koulutie 1, 63800 soini, Finland",24.20609113956155,62.87034378055034
FIN,"kalskeentie 9, 28370 pori, Finland",21.842346331962545,61.46828016334598
FIN,"ullavantie 14 a, 69300 toholampi, Finland",24.249369587865374,63.769444717918276
FIN,"jussintie 10, 93270 sotkajarvi, Finland",27.31608005581242,65.39638582868332
FIN,"eemelintie 6, 27340 reila, Finland",21.365632462019875,61.033251635280095
FIN,"tarhinkuja 4, 85500 nivala, Finland",24.965644788446667,63.92260522298636
FIN,"ihoden kylatie 27, 27320 ihode, Finland",21.589000207180618,60.990832709237395
FIN,"sauherrantie 23 b, 98800 savukoski, Finland",28.17035197660809,67.28772011924895
FIN,"koulutie 3, 54920 taipalsaari, Finland",28.057014396440707,61.16333365960202
FIN,"rikantilantie 194, 27150 lapijoki, Finland",21.720335996579536,61.15826260818088
FIN,"saijan yhdystie 212, 37530 lempaala, Finland",23.6192365473226,61.3670514576915
FIN,"vastankvarnvagen 399, 10230 inga st, Finland",23.889035342209525,60.07667267698639
FIN,"kaarikatu 3, 86300 oulainen, Finland",24.812082874035497,64.26788578008669
FIN,"saukkomaentie 21, 61170 saaskiniemi, Finland",23.298892026440654,62.643618286887005
FIN,"blominkatu 2, 70820 kuopio, Finland",27.6423939166788,62.836805732379105
FIN,"sirkkalantie 12, 80100 joensuu, Finland",29.775749877922124,62.60291216084869
FIN,"suolahdentie 689, 41370 kuusa, Finland",25.936432874731935,62.46231738592607
FIN,"perhontie 29, 69510 halsua, Finland",24.172883883199148,63.457434239544654
FIN,"voltintie 6, 62510 kuoppa-aho, Finland",23.455022826537032,63.361413671337715
FIN,"ajokatu 167, 15610 lahti, Finland",25.656382676985288,60.95540357798123
FIN,"tulijoentie 18, 34930 liedenpohja, Finland",23.65517990833854,62.37889942823858
FIN,"rovaniementie 3491, 97470 alakyla, Finland",24.88993988386024,67.35410130988029
FIN,"anian rantatie 97, 33980 pirkkala, Finland",23.59064201991569,61.45899133824696
FIN,"opintie 30, 95100 kuivaniemi, Finland",25.19057181905515,65.60026489458991
FIN,"hiljankuja 6, 15150 lahti, Finland",25.689897465375196,60.977876256675415
FIN,"hoitokodintie 1, 15560 nastola, Finland",25.92315089805256,60.94721928722464
FIN,"opintie 1, 92400 ruukki, Finland",25.105484102436094,64.65685834859352
FIN,"kukkumaentie 27, 40600 jyvaskyla, Finland",25.706640065511067,62.22695446676897
FIN,"torontie 2, 46140 vekaranjarvi, Finland",26.972751853509237,61.10226068231381
FIN,"koulumaentie 30, 37420 valkkinen, Finland",23.677851028590396,61.259825081219816
FIN,"pollakanmaentie 25, 51260 tahkomaki, Finland",26.65368917707991,62.17773987081728
FIN,"koulunmaentie 6, 41490 niemisjarvi, Finland",26.337796871707667,62.28722734948957
FIN,"asemakatu 3, 70110 kuopio, Finland",27.677146963624807,62.89661044389783
FIN,"koulukuja 6, 63100 kuortane, Finland",23.509455073396424,62.80834468678029
FIN,"kitronintie 2, 93600 kuusamo, Finland",29.1925741868059,65.96282583473382
FIN,"skolgrand 9 d, 64230 narpes st, Finland",21.357581392562764,62.47217559370779
FIN,"makelantie 10, 40950 muurame, Finland",25.670909856292838,62.13211742329045
FIN,"lampintie 23, 84100 ylivieska, Finland",24.516654063256766,64.09381313905763
FIN,"siikajoentie 544, 92140 pattijoki, Finland",24.610004743845195,64.72893772866993
FIN,"sarkisuontie 12, 93280 syote, Finland",27.71798803830427,65.64247649425755
FIN,"pellavamaentie 15, 04320 tuusula, Finland",25.008491484917926,60.37526511139015
FIN,"pispalanharju 47, 33250 tampere, Finland",23.71223736727248,61.5034132876915
FIN,"hyypantie 78, 61800 kauhajoki, Finland",22.198474873881082,62.41009724904322
FIN,"kotikylantie 6, 02770 espoo, Finland",24.664254851948584,60.20942542711711
FIN,"allintie 20, 48220 kotka, Finland",26.90025021907741,60.48657406062934
FIN,"lastustentie 519, 37500 lempaala, Finland",23.888487333379913,61.32094185395209
FIN,"aakalantie 44, 37800 akaa, Finland",23.786036588151944,61.16043339537478
FIN,"lansivayla 1, 68630 pietarsaari, Finland",22.687820104271083,63.664910022013316
FIN,"kohmankaari 11, 33310 tampere, Finland",23.629191985181166,61.50744984462273
FIN,"huutjarventie 56, 49210 huutjarvi, Finland",26.744434007790147,60.48891659383145
FIN,"nyynajantie 5, 93100 pudasjarvi, Finland",26.985766686026835,65.36585076496277
FIN,"hikiantie 223, 12240 hikia, Finland",24.914116284304356,60.75910145917865
FIN,"pohjantie 2, 34450 jaminkipohja, Finland",24.108260667001957,61.89773585735716
FIN,"neulamaentie 26 a, 70150 kuopio, Finland",27.607153881158297,62.8892548209472
FIN,"honkiniementie 95, 62295 kauhajarvi, Finland",23.472213774673747,63.012596118735416
FIN,"jungarvagen 27 b, 66850 jeppo, Finland",22.652556806870848,63.403929545506216
FIN,"sisuntie 2, 95800 sieppijarvi, Finland",23.984129710115553,67.15193605383482
FIN,"lahteenmaen koulutie 70, 32920 kauvatsa, Finland",22.4875036824902,61.334840055245365
FIN,"koulutie 4, 07170 pornainen, Finland",25.376737828076216,60.47776782441781
FIN,"vaskivedentie 1470, 34710 vaskivesi, Finland",23.660825036308182,62.142148340187106
FIN,"opinpolku 5, 46800 myllykoski, Finland",26.79972347188729,60.75629930512807
FIN,"metsakylankatu 7, 33300 tampere, Finland",23.633876547046867,61.499613309977406
FIN,"kirkkotie 3, 91800 tyrnava, Finland",25.6536802675825,64.762636374106
FIN,"kansakoulutie 3, 37550 lempaala, Finland",23.73597609053178,61.33414452491988
FIN,"kenkiantie 105, 05720 hyvinkaa, Finland",24.630912730764095,60.612208103114824
FIN,"koulukatu 13, 37600 valkeakoski, Finland",24.035060919837576,61.26092105696952
FIN,"keski-kaari 44, 70420 kuopio, Finland",27.655035419228966,62.93283321565616
FIN,"teollisuustie 13, 68660 pietarsaari, Finland",22.729056453878897,63.68563812279227
FIN,"kouluportinkuja 5, 33950 pirkkala, Finland",23.687470938864863,61.47056481869453
FIN,"koulutie 13, 43500 karstula, Finland",24.80970283262883,62.879591324776214
FIN,"opintie 40, 63900 myllymaki, Finland",24.27318218405271,62.52242496038962
FIN,"virranniskantie 18, 72550 savia, Finland",26.674715348833587,63.19756406042612
FIN,"ammattikouluntie 3, 35100 orivesi as, Finland",24.35034604014379,61.660065232617825
FIN,"kylatie 47, 85340 jyrinki, Finland",24.423227945539736,63.92701783400355
FIN,"norrnasvagen 34, 64530 norrnas, Finland",21.22863712777786,62.57448049382049
FIN,"korpintie 4, 67100 kokkola, Finland",23.156517739678264,63.83940851224831
FIN,"urheilukentantie 4, 99740 syvajarvi, Finland",25.913773908239676,67.29787416630325
FIN,"drottninggatan 21, 07900 lovisa, Finland",26.223581203363636,60.461186408280014
FIN,"lahnaniementie 67, 52510 hietanen, Finland",26.98025248338479,61.56617224289391
FIN,"sammalladonkatu 1, 33730 tampere, Finland",23.91256200331847,61.493777074615366
FIN,"koulutie 9, 85200 alavieska, Finland",24.301340405038246,64.16506090861049
FIN,"urheilukatu 21, 78210 varkaus, Finland",27.857953416117454,62.322234200463726
FIN,"koivistontie 31, 33820 tampere, Finland",23.782972834903262,61.471434608787035
FIN,"lyseotie 3, 74300 sonkajarvi, Finland",27.52098012134479,63.66906434468416
FIN,"holmintie 7, 68870 edsevo, Finland",22.838655134122206,63.63202752248944
FIN,"puhdontie 5, 62130 hellanmaa, Finland",22.839477398823703,63.03732834897812
FIN,"orimattilankatu 93, 15680 lahti, Finland",25.64844333829751,60.93274125872773
FIN,"runkotie 3, 27100 eurajoki, Finland",21.743694684348867,61.20556768086067
FIN,"nostavantie 382, 15820 lahti, Finland",25.544142287943572,60.9409210323081
FIN,"toppilansaarentie 8, 90510 oulu, Finland",25.42506528339584,65.0322856777498
FIN,"tiituspohjantie 50 c, 41310 leppavesi, Finland",25.841733126827393,62.32766986467303
FIN,"wilskmanintie 1 b, 63600 toysa, Finland",23.81535698837385,62.64507707331566
FIN,"suutarinkuja 1, 33960 pirkkala, Finland",23.632694782518172,61.466912069109696
FIN,"koulutie 4a, 90440 kempele, Finland",25.479713701574678,64.91820279987088
FIN,"koulutie 12, 77330 virtasalmi, Finland",27.45651632894601,62.13254695391868
FIN,"keturinkylantie 5, 61980 pantane, Finland",22.05782268292168,62.35641484724189
FIN,"lehmustie 14, 05460 hyvinkaa, Finland",24.869842149722302,60.61533845058426
FIN,"hoykkylantie 54, 62710 kurejoki, Finland",23.684316787381462,63.023159197382476
FIN,"vahaniemenkatu 42, 33410 tampere, Finland",23.69898331523825,61.526427856425954
FIN,"haavikkotie 4, 40250 jyvaskyla, Finland",25.76188401587396,62.26610633650148
FIN,"vallerinkatu 11, 33270 tampere, Finland",23.672400863688637,61.50719075999558
FIN,"koulurinteentie 9 c, 15870 hollola, Finland",25.516575465685037,60.9843417215088
FIN,"skolvagen 13, 68555 bosund, Finland",22.849826115579276,63.819541006264984
FIN,"linnukkatie 5, 91900 liminka, Finland",25.414560663241218,64.81162080299652
FIN,"pihkarinteentie 12, 71570 syvanniemi, Finland",27.33274906283839,62.84471694978174
FIN,"leppavaarankatu 24, \N \n, Finland",24.80261517912271,60.21682958128716
FIN,"kettukalliontie 3, 39820 kihnio, Finland",23.180448777592005,62.209263663836424
FIN,"poutuntie 12, 00400 helsinki, Finland",24.90243777861002,60.226314165734834
FIN,"koulukuja 1, 69700 veteli, Finland",23.791986901216205,63.47267103077502
FIN,"koulutie 4, 44800 pihtipudas, Finland",25.584134443469395,63.36784833267697
FIN,"sairaalantie 4, 52700 mantyharju, Finland",26.866972151616096,61.41880099262056
FIN,"sarakylantie 5426, 93250 sarajarvi, Finland",27.33469735241249,65.7891838139804
FIN,"martikkalantie 7, 92230 mattilanpera, Finland",24.602760409752975,64.58575394572605
FIN,"kirkkotie 3 b, 52200 puumala, Finland",28.175007788545912,61.52615942597677
FIN,"jousitie 15, 87830 nakertaja, Finland",27.698007425152696,64.24932271440017
FIN,"opintie 14, 95300 tervola, Finland",24.96931673258976,66.12070790777017
FIN,"vanattarantie 1, 37550 lempaala, Finland",23.755050871407178,61.34589620462893
FIN,"nuupalankatu 28, 38210 sastamala, Finland",22.899509930470742,61.35455173503354
FIN,"vironkoskentie 59, 42870 kotala, Finland",24.030047032996094,62.2661974896985
FIN,"koskenpaantie 5, 42700 keuruu, Finland",24.787755992630395,62.211274272860635
FIN,"seminariegatan 17, 66900 nykarleby, Finland",22.52567486955118,63.52692675475353
FIN,"nerolantie 4, 90450 kempele, Finland",25.54631538016085,64.8989651794075
FIN,"heinavedentie 21 h, 83100 liperi, Finland",29.35797000739629,62.51638946240601
FIN,"haantie 75, 92210 arkkukari, Finland",24.42037625444138,64.60288865706087
FIN,"kilvakkalantie 25, 39530 kilvakkala, Finland",23.01020042179627,61.76114515949095
FIN,"syvajarventie 32, 99470 karesuvanto, Finland",22.502117195400473,68.44780556785307
FIN,"petterintie 12, 74200 vierema, Finland",27.00490223570023,63.74052786442476
FIN,"rahkosentie 246, 68390 rahkonen, Finland",24.026964001370118,63.607876870598574
FIN,"vahdontie 52, 21270 nousiainen, Finland",22.129739663624093,60.61858048691349
FIN,"vuoreksen puistokatu 91, 33870 tampere, Finland",23.810643425123146,61.431949977498476
FIN,"kelhontie 40, 37500 lempaala, Finland",23.852954015067297,61.27080503910352
FIN,"koulutie 20, 35300 orivesi, Finland",24.360431984234793,61.6837846774998
FIN,"kiviojantie 16, 84100 ylivieska, Finland",24.55459634054202,64.0798918037116
FIN,"riilahdenkatu 13 b, 10900 hanko, Finland",22.973793038620528,59.83586252659367
FIN,"kirkkokatu 22, 29250 nakkila, Finland",22.016540636316194,61.368228989359096
FIN,"puurtilantie 21, 78310 varkaus, Finland",27.916677197402663,62.33747019541332
FIN,"loviisantie 1328, 07700 koskenkylan saha, Finland",25.98453978905654,60.489514501696746
FIN,"niskantie 10, 91700 vaala, Finland",26.838752295281154,64.56263154957566
FIN,"tilvistie 33, 85140 tynka, Finland",24.06813616122497,64.19889718489671
FIN,"koulupolku 8, 62940 hoisko, Finland",23.85817979642104,63.026876492903966
FIN,"alapappilantie 6 e, 81200 eno, Finland",30.153519488011256,62.78888018931676
FIN,"lehtoniementie 103, 70840 kuopio, Finland",27.701871566335598,62.85194248559509
FIN,"mutkankatu 2, 70820 kuopio, Finland",27.668611084888056,62.83708765769242
FIN,"ketarantie 4 e, 33680 tampere, Finland",23.937060294643544,61.534013227342626
FIN,"torisevantie 17, 32810 peipohja, Finland",22.30814922708467,61.221691403175555
FIN,"kivipurontie 8, 78500 varkaus, Finland",27.936852825289023,62.29678482179677
FIN,"tuurinkylantie 42, 63610 tuuri, Finland",23.747512020053108,62.601993168984535
FIN,"ahulinjarventie 21, 36200 kangasala, Finland",24.02549054661091,61.45004872765861
FIN,"koulukatu 16, 81700 lieksa, Finland",30.02768298146674,63.31993213543666
FIN,"kirkkotie 2, 35700 vilppula, Finland",24.502427080675545,62.015084599038374
FIN,"viitaperantie 921, 74680 myllyniemi, Finland",26.57409990512491,63.501370876795306
FIN,"vaihkylantie 9, 19700 sysma, Finland",25.681752350964473,61.50653491798161
FIN,"tiilikankaantie 3, 15880 hollola, Finland",25.491835943186572,60.986087671940254
FIN,"kangasalantie 1109, 36200 kangasala, Finland",24.06342528018328,61.46416808546715
FIN,"koulutie 16 a, 72300 vesanto, Finland",26.407145134362935,62.93504670864672
FIN,"edovagen 27, 07750 isnas, Finland",25.998072971588954,60.39806619305074
FIN,"valiojantie 30, 85800 haapajarvi, Finland",25.462698939006174,63.74898336071007
FIN,"harjulantie 11-13, 78850 varkaus, Finland",27.860376205230295,62.2989784424654
FIN,"harjuntie 1631 a, 49290 vastila, Finland",26.645796944687987,60.60954320272876
FIN,"kanavakuja 7, 54960 vehkataipale, Finland",28.221598932622754,61.15180254967501
FIN,"remesjoentie 151, 74700 kiuruvesi, Finland",26.35702990291503,63.78061138269521
FIN,"paavolantie 4, 34240 kammenniemi, Finland",23.837132502271402,61.628191495141095
FIN,"kullbyvagen 4, 07700 forsby sag, Finland",25.93450078192542,60.49563249015419
FIN,"kittilantie 1618, 99710 vaalajarvi, Finland",26.225419606187103,67.42022497459325
FIN,"socklotvagen 108, 66910 soklot, Finland",22.554596375000955,63.56957295610084
FIN,"anttilantie 9, 07150 laukkoski, Finland",25.368801087778422,60.433980846048314
FIN,"niirasentie 2, 91500 muhos, Finland",25.955692979486514,64.82185703461144
FIN,"mantytie 14, 00270 helsinki, Finland",24.8960108705312,60.19360760235861
FIN,"soukanperantie 53, 63360 kuivaskyla, Finland",23.45305400130016,62.54129855080569
FIN,"koulurinteentie 2, 77630 lempyy, Finland",27.36833351076038,62.648383273113694
FIN,"koulutie 2, 92430 paavola, Finland",25.21038832418993,64.60732235137162
FIN,"karjalantie 15, 91200 yli-ii, Finland",25.820484164087333,65.36902545269999
FIN,"hyytisentie 7, 62600 lappajarvi, Finland",23.630765436045237,63.21158648152445
FIN,"lehtikuusentie 4, 00270 helsinki, Finland",24.90602280241717,60.19644278110772
FIN,"korkeakoulunkatu 6, 33720 tampere, Finland",23.860013673016795,61.44878532339297
FIN,"mantysalontie 3, 37800 akaa, Finland",23.883689280545184,61.17405742461517
FIN,"ratakatu1, 07900 loviisa, Finland",26.220694202814695,60.454875347514246
FIN,"matinkartanontie 13 a, 02610 espoo, Finland",24.751077706344006,60.161396912374244
FIN,"lauttijarventie 8, 29810 siikainen, Finland",21.821836233987398,61.88012359285733
FIN,"myllykatu 3 a, 29200 harjavalta, Finland",22.150331988069382,61.314582965017564
FIN,"kummuntie 9, 82220 niittylahti, Finland",29.86753004131259,62.520400161165924
FIN,"rayringintie 38, 69730 tunkkari, Finland",23.750737124937928,63.4892215595996
FIN,"koulutie 8, 37500 lempaala, Finland",23.745975784839118,61.30573942852473
FIN,"koulutie 3, 37910 akaa, Finland",23.690618343507225,61.153917806760376
FIN,"tampereentie 422, 33880 lempaala, Finland",23.76239794481657,61.41452953285284
FIN,"paul hallvarinkatu 8, 68600 pietarsaari, Finland",22.699177080159615,63.66782160180986
FIN,"vuorikatu 29, 15110 lahti, Finland",25.65661619680776,60.980520872855806
FIN,"punaisentorintie 62, 41410 kankainen, Finland",26.25873079814889,62.18847939380839
FIN,"ruukinkatu 5, 89600 suomussalmi, Finland",28.933839085015393,64.87711318064348
FIN,"taklaxvagen 620, 66280 taklax, Finland",21.28316962219921,62.72195957727823
FIN,"vesannontie 1250, 77930 kerkonjoensuu, Finland",26.692514655502748,62.755484884956616
FIN,"koulutie 9, 86100 pyhajoki, Finland",24.24870884243805,64.46061792059831
FIN,"kaavintie 24 a, 73600 kaavi, Finland",28.490316378181006,62.97495408122194
FIN,"opintie 2, 43300 kannonkoski, Finland",25.270785542796744,62.97840939507745
FIN,"rantakylantie 575, 95635 kaulinranta, Finland",23.6752248945065,66.45772864411478
FIN,"kirkkotie 7, 41520 hankasalmi, Finland",26.43085683703287,62.387019022540436
FIN,"opintie 1, 53600 lappeenranta, Finland",28.177062341316784,61.04725465661063
FIN,"vuoksenkatu 9, 15100 lahti, Finland",25.667389289321108,60.978338099540366
FIN,"raumantie 4, 00350 helsinki, Finland",24.870654607597118,60.2076819074376
FIN,"viittakorpi 7, \N \n, Finland",24.684483820891245,60.16597154557982
FIN,"aapiskukontie 11, 83960 koli, Finland",29.77651439131074,63.10952360886591
FIN,"nopon koulukuja 9, 05620 hyvinkaa, Finland",24.80459263771985,60.56729002882133
FIN,"hirvialhonkatu 24, 37830 akaa, Finland",23.752494474757697,61.21202593725735
FIN,"toivonlinnantie 630, 21500 piikkio, Finland",22.529929104507858,60.384810590364424
FIN,"teinintie 4, 15200 lahti, Finland",25.684396925235347,60.988903027488334
FIN,"aapiskuja 15, 62800 vimpeli, Finland",23.83172139703842,63.16205039767644
FIN,"koulutie 2, 97900 posio, Finland",28.174394484690566,66.11170163662717
FIN,"lehvankatu 9, 33820 tampere, Finland",23.796694345677594,61.47079662022685
FIN,"satakunnankatu 60, 33230 tampere, Finland",23.739890020219548,61.49971976014771
FIN,"ylatenontie 330, 99950 karigasniemi, Finland",25.82369535501286,69.42376122317452
FIN,"koulukankaantie 42, 69300 toholampi, Finland",24.326132565888628,63.725070922507484
FIN,"luonungintie 13, 90450 kempele, Finland",25.588079889113118,64.86779401305495
FIN,"sepankylantie 4, 65100 vaasa, Finland",21.62670217530183,63.09804383809586
FIN,"maliskylantie 1147 a, 85640 maliskyla, Finland",25.180862306235753,63.960611957107034
FIN,"kissakuusentie 20, 72100 karttula, Finland",26.96799168687687,62.89724461869207
FIN,"tammijarventie 316, 19910 tammijarvi, Finland",25.83320923421215,61.834113356580076
FIN,"kalkkistentie 245, 19370 nuoramoinen, Finland",25.845396772886346,61.42213183521392
FIN,"lielahdenkatu 15, 33400 tampere, Finland",23.671030422519436,61.52122856188623
FIN,"pyhan henrikin tie 121, 27840 koylio, Finland",22.383655344776525,61.090409565944775
FIN,"toimelantie 40, 61340 nopankyla, Finland",22.274942766240283,62.719321376288235
FIN,"opintie 1, 61330 koskenkorva, Finland",22.463466144382693,62.680266943145654
FIN,"koulukuja 11, 92350 revonlahti, Finland",24.958275167717716,64.71595910597404
FIN,"juvankatu 13, 33710 tampere, Finland",23.87206265883151,61.47125460741634
FIN,"herrgardsvagen 29 a, 07880 liljendal, Finland",26.05264393894592,60.5703011437181
FIN,"koulutie 2, 91410 jokirinne, Finland",25.872478450589114,64.88269456423944
FIN,"kotamaentie 1 b, 95980 yllasjarvi, Finland",24.29165109260549,67.52388820402504
FIN,"postitie 2e, 35990 kolho, Finland",24.4990545811593,62.13975304371667
FIN,"keskustie 32, 43800 kivijarvi, Finland",25.078519855196816,63.12012474663561
FIN,"pogostantie 15 a/ylatie 10 a, 82900 ilomantsi, Finland",30.937806372967458,62.66268514686388
FIN,"koulutie 8 a, 92930 pyhanta, Finland",26.32602926638259,64.09155245595218
FIN,"centrumvagen 2 b, 66270 portom, Finland",21.611473898587917,62.710115522672986
FIN,"koulukatu 8, 85310 sievi as, Finland",24.286108559130753,63.97718268631826
FIN,"savikontie 2-4, 37800 akaa, Finland",23.84946387440408,61.18160277194417
FIN,"aholantie 28, 88400 ristijarvi, Finland",28.209424134441377,64.50447928835845
FIN,"lantela 1, 66900 uusikaarlepyy, Finland",22.521741996762216,63.52683069814316
FIN,"jakuntie 85 a 1, 91210 jakkukyla, Finland",25.627402498213286,65.34917677070442
FIN,"vanhan-mankkaantie 17, \N \n, Finland",24.776792463276905,60.19292816528721
FIN,"kyrkobyvagen 126, 66200 korsnas, Finland",21.183963427871447,62.779207514961826
FIN,"koulunraitti 5, 12100 oitti, Finland",25.02924365225678,60.78637508246413
FIN,"pyhtaankuja 1, 49270 pyhtaa, Finland",26.529131916598004,60.48928229626699
FIN,"kirkkotie 5, 91100 ii, Finland",25.373929471417284,65.32205896699898
FIN,"kangaslammintie 5, 79480 kangaslampi, Finland",28.254398996128884,62.295424138333374
FIN,"opintie 6, 86710 karsamaki, Finland",25.769528646846084,63.97683454396986
FIN,"ylamyllyntie 94, 80400 ylamylly, Finland",29.508973848777345,62.61613943270228
FIN,"linnuntie 13, \N \n, Finland",27.37630678900007,64.79738757700005
FIN,"aronkuja 18, 61850 kauhajoki as, Finland",22.221122692442094,62.45525345320593
FIN,"museivagen 7, 10210 inga, Finland",23.999324340372965,60.04422440195654
FIN,"unarintie 33, 99600 sodankyla, Finland",26.57451916792175,67.41911843764555
FIN,"makikylantie 329, 61350 huissi, Finland",22.366487943738008,62.76298953814572
FIN,"kuivalahdentie 2, 27170 kuivalahti, Finland",21.59873513868165,61.33414405636108
FIN,"lastenkatu 4 a, 80100 joensuu, Finland",29.787867595342846,62.613027399691305
FIN,"kuuhankavedentie 39, 41500 hankasalmi as, Finland",26.485097755903894,62.303856123380285
FIN,"karkkaantie 12, 36420 sahalahti, Finland",24.32916597664783,61.47898871520488
FIN,"oriniementie 25, 31810 oriniemi, Finland",23.18652699849872,61.151161836996295
FIN,"huhkolantie 2 b, 32700 huittinen, Finland",22.6981494588303,61.18477792068606
FIN,"tuunivaarantie 36, 95330 tervola, Finland",24.770282909632783,66.0759654343482
FIN,"mantysentie 42, 51930 paatela, Finland",28.043926054632266,61.915890472901935
FIN,"kristiinantie 17 b, 64900 isojoki, Finland",21.958638868275386,62.11960009863583
FIN,"salahmintie 1109, 74840 koppeloharju, Finland",26.71824039272883,63.73868216934554
FIN,"tasankotie 8, 45150 kouvola, Finland",26.709736616681198,60.85218391886548
FIN,"juurikkaperantie 137, 42660 42660, Finland",25.18217927086269,62.55978379052121
FIN,"niemelankylantie 9, 84100 ylivieska, Finland",24.50406796508659,64.08034455221161
FIN,"keltavuokonkuja 1 b 10, 36240 kangasala, Finland",23.93436526131555,61.47583359921157
FIN,"kimmontie 3 a 18, 90570 oulu, Finland",25.48414487647085,65.06221686725607
FIN,"minkkitie 16, 1450 vantaa, Finland",25.083233586085612,60.350128244771696
FIN,"mehtakylantie 12c, 85100 kalajoki, Finland",23.959220286439745,64.25408719771266
FIN,"piilolantie 2-4 e 24, 91410 jokirinne, Finland",25.870088602355736,64.88429177779904
FIN,"paavonkuja 10, 41400 lievestuore, Finland",26.18434174274296,62.2590322616785
FIN,"pirttimaantie 185, 85640 nivala, Finland",25.13128150493432,63.925007057341276
FIN,"savottatie 16, 92120 raahe, Finland",24.5198631587065,64.66940107041475
FIN,"otokuja 3, 90150 oulu, Finland",25.49982180143698,64.99629386933347
FIN,"aijalankuja 1, 61800 kauhajoki, Finland",22.16339719582507,62.40996087547856
FIN,"puolukkatie 2 c 24, 18200 heinola, Finland",26.03778056150199,61.21684217882196
FIN,"rantatie 5 b, 49900 virolahti, Finland",27.708721592886718,60.58112649739772
FIN,"mannakorventie 16, 36240 kangasala, Finland",23.941744018318957,61.48352822823614
FIN,"kalliotie 9, 57710 savonlinna, Finland",28.812660234427398,61.88115871598998
FIN,"hintsankatu 4, 33560 tampere, Finland",23.858102766730866,61.49104088614277
FIN,"papinpoydankuja 4, 340 helsinki, Finland",24.851947037899834,60.18134077088038
FIN,"petajatie, 4as12, 24260 salo, Finland",23.126899899508288,60.406429446491614
FIN,"vuorenpaakatu 19, 21210 raisio, Finland",22.086986006278067,60.487422561499955
FIN,"harjutie 15, 81200 eno, Finland",30.15404905665389,62.79602810870671
FIN,"taatilantie 2, 21420 lieto, Finland",22.46116556341815,60.50056869653079
FIN,"simunantie 10, 60200 seinajoki, Finland",22.827582388570335,62.76406036818588
FIN,"kuninkaanmannynkuja 10, 37500 lempaala, Finland",23.75734105881179,61.265910259106164
FIN,"pulkkilantie 13 b, 92600 pulkkila, Finland",25.86520564084185,64.26990171161941
FIN,"saturnuksenkuja 2 b 31, 1480 vantaa, Finland",25.102279700852137,60.34020759181129
FIN,"harjutie 4 f 32, 6750 tolkkinen, Finland",25.589094937587674,60.33416683801178
FIN,"portaanpaantie 38, 73100 lapinlahti, Finland",27.38925616600983,63.356360515279874
FIN,"telkkatie 15, 84100 ylivieska, Finland",24.515378924326683,64.06738374105998
FIN,"nimettomantie 250, 74470 paloinen, Finland",27.815198250028857,63.49382410454277
FIN,"yliopistokatu 40, 80130 joensuu, Finland",29.735845983836725,62.6117455971482
FIN,"vikkulankatu 6, 37150 nokia, Finland",23.532301794519782,61.48797206184267
FIN,"topoistentie 43, 21270 nousiainen, Finland",22.12484806874994,60.61304067755725
FIN,"pekankatu 5, 700 helsinki, Finland",25.013928993145896,60.25101433519788
FIN,"palojoentie 14 a 6, 16300 orimattila, Finland",25.723687347827337,60.80416504331126
FIN,"kaartotie 19f47, 33100 tampere, Finland",23.78276580189484,61.486901860445215
FIN,"maaningantie 49 c, 71750 maaninka, Finland",27.30485710655566,63.150875812001004
FIN,"nopon koulukuja 10, 5620 hyvinkaa, Finland",24.804250695186973,60.567870414896234
FIN,"penttilantie 5, 60510 hyllykallio, Finland",22.887970648188144,62.79628832489078
FIN,"runsalanpoikkitie 2, 64700 teuva, Finland",21.741436096719212,62.46490064657522
FIN,"ahomutka 1-3, 45360 valkeala, Finland",26.770126124295388,60.91685515077584
FIN,"aallontie 1, 80160 joensuu, Finland",29.82932960140954,62.614548757027165
FIN,"tanhutie 10, 21420 lieto, Finland",22.465291974351402,60.517202625291986
FIN,"poppelikuja 4, 2250 espoo, Finland",24.74005609040151,60.18908217092468
FIN,"neuvoksentie, 21280 raisio, Finland",22.194506224392065,60.479634737371406
FIN,"tilanomistajantie 2, 6400 porvoo, Finland",25.63348851428995,60.37973735964846
FIN,"aisakuja 2, 24800 halikko, Finland",23.071831466197892,60.4085719866718
FIN,"sudentie 12 a 10, 96500 rovaniemi, Finland",25.64777060674865,66.51131092408266
FIN,"metsakanankuja 7, 67800 kokkola, Finland",23.07940778465914,63.82881055298671
FIN,"kangastie 76, 82600 tohmajarvi, Finland",30.376727557916524,62.25711808645033
FIN,"suutarlantie 53, 21800 kyro, Finland",22.782307370930113,60.64954956558046
FIN,"sevettijarventi 9076, 99930 sevettijarvi, Finland",28.601326890569794,69.51045742701294
FIN,"kisallinkuja 12, 31600 jokioinen, Finland",23.49484692490421,60.79303295388493
FIN,"hevossillantie12, 36240 kangasala, Finland",23.94540724528275,61.48430221317537
FIN,"ivisnasvagen 1, 2260 esbo, Finland",24.696528615754346,60.14944670728849
FIN,"laurintie 20, 41310 leppavesi, Finland",25.845804803932936,62.322667502948406
FIN,"kellosepankatu 19, 44200 suolahti, Finland",25.856559540078308,62.56451659023972
FIN,"sipolansuontie 1, 91560 kylmalankyla, Finland",26.29557404028978,64.56989492968185
FIN,"valimaenkuja 8, 33430 vuorentausta, Finland",23.6032350750655,61.53072567727915
FIN,"overmalax langtaet 10 a 2, 66140 overmalax, Finland",21.624619188543704,62.919981117788694
FIN,"harvassuontie 10, 42100 jamsa, Finland",25.21900382135948,61.87085115437901
FIN,"pollentie 35, 13500 hameenlinna, Finland",24.42381082308657,60.977963051282785
FIN,"parolanpolku 9, 20360 turku, Finland",22.25350123003753,60.4889035180625
FIN,"ojurintie 4, 28610 pori, Finland",21.746514188939017,61.48679042304252
FIN,"tukkitie 18, 99 helsingin kaupunki, Finland",24.952980000000025,60.167950000000076
FIN,"simpantie 4 a 29, 70910 vuorela, Finland",27.697574835129814,62.98215753072043
FIN,"jalmarintie 3, 27150 eurajoki, Finland",21.68038616966473,61.1792264185749
FIN,"skaldevagen 12 a, 2580 siuntio, Finland",24.223638989135452,60.13376240624757
FIN,"koivuahontie 20, 85500 nivala, Finland",24.97047527924667,63.944650089342446
FIN,"mullintie 4 b 43, 20300 turku, Finland",22.274455401242932,60.47196599676832
FIN,"metsanvartijantie 1, 90420 oulu, Finland",25.54173567590385,64.95101880978373
FIN,"kivenlahdenkatu 5d, 2320 espoo, Finland",24.63136411408108,60.15470223880877
FIN,"sigridinpolku 5, 20740 turku, Finland",22.269668842619645,60.413957939671214
FIN,"kirkkotie 30, 1820 klaukkala, Finland",24.750025274581276,60.39763414785156
FIN,"pihlajatie 32, 99 helsingin kaupunki, Finland",24.900480000000073,60.19452000000007
FIN,"einontie 5, 69600 kaustinen, Finland",23.70971592315925,63.55293881779207
FIN,"kylakaivontie 6d, 1350 vantaa, Finland",25.044082850482212,60.303562830427175
FIN,"vuolteenmetsantie 22, 4600 mantsala, Finland",25.278637793510512,60.61419256060114
FIN,"saastajankatu 19 k 57, 33840 tampere, Finland",23.75133659865304,61.45669377476753
FIN,"ilomaentie 75, 23800 laitila, Finland",21.71248131511382,60.874249069427265
FIN,"rukavedentie 3, 81290 ukkola, Finland",30.195628912279204,62.95691086117034
FIN,"lompolotie 22, 96500 rovaniemi, Finland",25.631224478423235,66.5148998035653
FIN,"pihlajajarventie 5, 42870 kotala, Finland",23.898901009885094,62.24008773557847
FIN,"kylanpaantie 2, 5200 rajamaki, Finland",24.72867338207024,60.526005258097314
FIN,"pukkimaentie 4, 4600 mantsala, Finland",25.29856769614787,60.631636181209075
FIN,"hepolantie 22, 14500 iittala, Finland",24.14723995334805,61.08903642794539
FIN,"ukkometsonkatu 2-4 g, 37140 nokia, Finland",23.454837502657824,61.47659593330539
FIN,"pajalantie 19, 69600 kaustinen, Finland",23.696446783699315,63.545240081634944
FIN,"etelaranta 26, 70820 kuopio, Finland",27.689458889742127,62.82353231814855
FIN,"valitie 4, 31600 jokioinen, Finland",23.478769680242408,60.82403966729717
FIN,"taistonpolku 2, 61330 koskenkorva, Finland",22.478863700516,62.68167313313191
FIN,"hansatie 11, 6150 porvoo, Finland",25.69910045978571,60.39103595558137
FIN,"toivonlinnantie 631, 21500 piikkio, Finland",22.53197579762525,60.384591696962985
FIN,"siivolantie 1 7, 41160 tikkakoski, Finland",25.640243406240018,62.39193861018492
FIN,"kuivanmaentie 54a, 66500 vahakyro, Finland",22.108336641503655,63.03481138918306
FIN,"vanhansatamanlahdentie 12, 67200 kokkola, Finland",23.115851461475643,63.85183161769612
FIN,"mayrantie 3, 13600 hameenlinna, Finland",24.436353335360224,61.01111477753665
FIN,"holmankorpi 3, 2210 espoo, Finland",24.71007905188486,60.173764242871556
FIN,"rusthollinkatu 9 c 14, 8200 lohja, Finland",24.02964662948142,60.23692259576029
FIN,"leenankatu 5 e 20, 55100 imatra, Finland",28.748629283508592,61.167785917021234
FIN,"uiskotie 13 a, 950 helsinki, Finland",25.11462699860084,60.21880268129465
FIN,"klaukkalantie 72, 1800 klaukkala, Finland",24.743115987974733,60.385732432075656
FIN,"pyhityntie 45, 76100 pieksamaki, Finland",27.177398785565714,62.27434784279873
FIN,"karvasmaentie 10, 2740 espoo, Finland",24.68965880791174,60.22060479047735
FIN,"kasavuorentie 6, 2700 kauniainen, Finland",24.70508628743937,60.214297366428326
FIN,"muonakuja 4, 96460 rovaniemi, Finland",25.75390394113674,66.47507256198446
FIN,"vuonislahdentie 184, 81590 vuonislahti, Finland",29.988000453444187,63.1510323021333
FIN,"mustikkatie 2, 85100 kalajoki, Finland",23.95379476433331,64.27277268109506
FIN,"puistotie 7, 72400 pielavesi, Finland",26.76764299476875,63.229419315806325
FIN,"tahtitorninkatu 4, 20700 turku, Finland",22.279898776803122,60.446579223706664
FIN,"heinamiehentie 6, 96300 rovaniemi, Finland",25.71319722607002,66.48268807539172
FIN,"paloluomantie 31, 61360 mieto, Finland",22.34828462933575,62.58667536665996
FIN,"sauvontie 392, 41580 sauvamaki, Finland",26.62508081953277,62.3229388670637
FIN,"paasionkatu 3, 24100 salo, Finland",23.136365331307218,60.38731506112373
FIN,"inkilantie 9, 70340 kuopio, Finland",27.676565594820573,62.91407112167872
FIN,"kelohongantie 6, 2110 espoo, Finland",24.79090649857693,60.174849070690044
FIN,"koljonniemenkatu 39, 70100 kuopio, Finland",27.679447209313253,62.88974185143121
FIN,"marjamiehentie, 95300 tervola, Finland",24.817020098530918,66.07816141391498
FIN,"solkikuja 6, 1600 vantaa, Finland",24.86023028607491,60.25908040826167
FIN,"orismalantie 241, 61550 orismala, Finland",22.39926814213362,62.950139373052
FIN,"sundetin puistotie 20, 2450 kirkkonummi, Finland",24.550876032817598,60.15767568264047
FIN,"nystenintie 6, 4500 kellokoski, Finland",25.113909842965143,60.53277653666808
FIN,"vahvalantie 3, 32440 alastaro, Finland",22.861120311013025,60.952906776663326
FIN,"koulutie 1, 73600 kaavi, Finland",28.488115290407137,62.9766739639345
FIN,"kullaantie 80, 85500 nivala, Finland",24.992707271591172,63.90667960695302
FIN,"tummelvagen 2 d, 21600 pargas, Finland",22.32335886094876,60.30261672581668
FIN,"halkokarintie 20, 67300 kokkola, Finland",23.130339748752448,63.85902354207775
FIN,"piisamikatu 8, 15680 lahti, Finland",25.682589116358486,60.92048163568623
FIN,"karaansgvagen 4, 2610 esbo, Finland",24.76111620886303,60.223096856019964
FIN,"ouluntie 2, 88270 vuolijoki, Finland",26.99522549612226,64.18346999873569
FIN,"isotarhankatu 8, 15320 lahti, Finland",25.784959730592078,61.00573933730169
FIN,"honkirameentie 19, 87400 kajaani, Finland",27.76288469683513,64.21027482217656
FIN,"tornikuja 2 a 1, 91100 ii, Finland",25.364542913327256,65.3179726634724
FIN,"vaha-ojamonkatu 11 b 7, 8200 lohja, Finland",24.03163347581011,60.237730820773976
FIN,"ventuksentie 27, 67700 kokkola, Finland",23.13307384174925,63.82788577760937
FIN,"runkotie 6, 27100 eurajoki, Finland",21.743170264124533,61.20417697841052
FIN,"ojapellonkuja 10, 3400 vihti, Finland",24.341223931098938,60.41303048860888
FIN,"yrjonkatu 14, 80170 joensuu, Finland",29.875757801288614,62.62400404672326
FIN,"vanhan vaasan katu 38 b 10, 65380 vaasa, Finland",21.728602313310176,63.078899319786075
FIN,"vilniementie 10 d 30, 2940 espoo, Finland",24.725281644950286,60.23365239623638
FIN,"kannistonkatu 5, 4260 kerava, Finland",25.094840217317326,60.390780645953754
FIN,"kilinkuja 4, 70780 kuopio, Finland",27.653639916169283,62.85254250413391
FIN,"nissenpolku 1, 2430 masala, Finland",24.52361523384397,60.15590211383807
FIN,"lansi-vilppu 2, 92130 raahe, Finland",24.5029343126821,64.69255926306013
FIN,"rannilankatu 4, 33270 tampere, Finland",23.675221206469104,61.50807727198492
FIN,"puotikatu 7, 15700 lahti, Finland",25.631692272439466,60.9489863510006
FIN,"niittykatu 7 as. 3, 78870 varkaus, Finland",27.839916314855174,62.316231165228515
FIN,"jousitie 19, 87830 nakertaja, Finland",27.697984374918974,64.24840749439244
FIN,"rinkitie 32, 61300 kurikka, Finland",22.365521845578,62.60782378847145
FIN,"itamerenkatu 2 b, 180 helsinki, Finland",24.92067286042527,60.16335911590761
FIN,"metsakylantie 202, 39160 julkujarvi, Finland",23.50111801340296,61.580758472709334
FIN,"kokonniementie 8b, 17800 kuhmoinen, Finland",25.169367028944833,61.556950263472714
FIN,"salpapolku 6, 60320 seinajoki, Finland",22.778542387661787,62.78270406778097
FIN,"haapatie 11 d 16, 63400 alavus as, Finland",23.598000911808583,62.61366622644181
FIN,"laajanojankatu 30, 37130 nokia, Finland",23.487770838424467,61.48731642937628
FIN,"valikatu 22, 37100 nokia, Finland",23.51235411777466,61.4784140056864
FIN,"kotkankuja 1 as 6, 78850 varkaus, Finland",27.84414473355008,62.30464351936459
FIN,"ylannetie 10, 50600 mikkeli, Finland",27.178609261303457,61.682156724400606
FIN,"jatkontie 9, 95590 tornio, Finland",24.383140221528798,66.01998583712239
FIN,"tikkalantie 243, 91500 muhos, Finland",25.947389447105763,64.79116124789749
FIN,"lamminpaantie 10c c, 2880 veikkola, Finland",24.43714274300129,60.275732022838554
FIN,"anniitunkatu 2, 20900 turku, Finland",22.22777775592533,60.40890244320448
FIN,"ukonkivenkatu 18, 15160 lahti, Finland",25.742823484233952,60.971250781310374
FIN,"patakoskentie 310, 31500 koski tl, Finland",23.182531680531127,60.645603994208216
FIN,"karpantie 6, 41310 leppavesi, Finland",25.835695306693992,62.323085969464415
FIN,"ahteentie 225, 85630 nivala, Finland",25.01712593483606,63.94625631344795
FIN,"merituulentie 22, 68100 himanka, Finland",23.632578944616284,64.07802519578394
FIN,"kumpulantie 2, 53400 lappeenranta, Finland",28.354573887006637,61.09054768508793
FIN,"degerbyntie 16, 2600 espoo, Finland",24.78616954981638,60.21253196998151
FIN,"haavistontie 5, 95900 kolari, Finland",23.762040456646133,67.32427598783946
FIN,"ponkaniementie 4 a 2, 80910 kulho, Finland",29.927380266565535,62.62013156554667
FIN,"laakarintie 4 a, 7500 askola, Finland",25.600248233229024,60.5303370675679
FIN,"maikuntie 5, 93600 kuusamo, Finland",29.191202320713188,65.98971062153097
FIN,"konstanzankatu 4, 20320 turku, Finland",22.217823962388223,60.46326176655002
FIN,"ruokomaenkatu 14 c 10, 33840 tampere, Finland",23.754513088499436,61.44493610199771
FIN,"viertotie 3, 6400 porvoo, Finland",25.63642980793324,60.371425068178866
FIN,"kaakkoisvayla 8, 1480 vantaa, Finland",25.094257800418063,60.34011979137554
FIN,"kulmatie 12, 85100 kalajoki, Finland",23.934865912392212,64.25899429910768
FIN,"opettajantie 7-9 b11, 40900 saynatsalo, Finland",25.758614738359398,62.13155814080105
FIN,"kivirannantie 3, 95410 tornio, Finland",24.1657188647267,65.85622189839194
FIN,"kalevalantie 2 c, 9220 sammatti, Finland",23.820724675348373,60.318199186734006
FIN,"metsolantie 63, 4430 jarvenpaa, Finland",25.104712045334622,60.47153881307298
FIN,"napantie 13, 45610 koria, Finland",26.5792492435217,60.85528660605442
FIN,"resovagen 10, 280 helsingfors, Finland",24.90783496988371,60.19801627388131
FIN,"kivipelto 3 b 8, 40520 jyvaskyla, Finland",25.765626368003723,62.222661926514775
FIN,"honkapurontie 2, 80400 ylamylly, Finland",29.53626968410623,62.60950465342472
FIN,"pohjatuulentie 6, 80710 lehmo, Finland",29.819023883817266,62.68283138642221
FIN,"vattuniemen puistotie 3, 99 helsingin kaupunki, Finland",24.88993000000005,60.15155000000004
FIN,"tietokatu 2, 53300 lappeenranta, Finland",28.259169137226024,61.07344944080032
FIN,"aittokoskentie 22, 91300 ylikiiminki, Finland",26.035266661101616,65.0365790142848
FIN,"jarvisenkatu 2 as 3, 15880 hollola, Finland",25.489145184629194,60.98747630183934
FIN,"torikatu 1 b lt1, 60100 seinajoki, Finland",22.845776399060043,62.78875433504058
FIN,"kirkkotie 7, 72100 karttula, Finland",26.97106398966679,62.89388846275111
FIN,"kauppilantie 831, 61350 huissi, Finland",22.410886549582187,62.753810809344884
FIN,"jerenpiha 3 b 11, 21120 raisio, Finland",22.105306834962818,60.466427277059495
FIN,"ostospolku 12, 65370 vaasa, Finland",21.722316472661817,63.08826530030382
FIN,"sahantie 2, 31400 somero, Finland",23.5185259690129,60.624883636191896
FIN,"jussinkuja 6, 29630 pomarkku, Finland",22.01887994167342,61.69055281285688
FIN,"valkovuokontie 9, 40520 jyvaskyla, Finland",25.756145932598116,62.21044865539784
FIN,"juliuksentie 15 as. 7, 21530 paimio, Finland",22.686759625881336,60.43980777749783
FIN,"koulukatu 14 a 8, 30100 forssa, Finland",23.63090013322929,60.81377263218806
FIN,"ylikylantie 42b as. 10, 28220 pori, Finland",21.857110467672868,61.5148052580258
FIN,"skolhusgatan 56, 65100 vaasa, Finland",21.611854723473954,63.08815612601495
FIN,"vaihmalantie 85, 37500 lempaala, Finland",23.777172893181984,61.30180278387937
FIN,"forsbyvagen 348, 68920 forsby, Finland",22.87343341059676,63.571567262323384
FIN,"vapaaherrantie 1, 2450 sundsberg, Finland",24.559869814924838,60.1598539297282
FIN,"nahkatehtaankatu 7, 33270 tampere, Finland",23.66323634221368,61.50934788468729
FIN,"koskustie 4 d 15, 410 helsinki, Finland",24.85499444643733,60.25318449374902
FIN,"susannanpenger 1, 99 helsingin kaupunki, Finland",24.921530000000075,60.197640000000035
FIN,"aapiskukontie 7 b as.2, 83960 koli, Finland",29.77671547316794,63.108307185167604
FIN,"uunimiehentie 10 a, 88200 otanmaki, Finland",27.09823447610168,64.10978866932439
FIN,"sorvikuja 3 b 1, 1650 vantaa, Finland",24.8199761122558,60.26340153080571
FIN,"virtanotkontie 32, 58200 kerimaki, Finland",29.27252849064419,61.924729692714635
FIN,"reijolankatu 23, 53100 lappeenranta, Finland",28.188225127844248,61.04834962219388
FIN,"rinnetie 6b as. 8, 31600 jokioinen, Finland",23.49562283768114,60.798211796580915
FIN,"lehtimaentie18, 64770 aysto, Finland",21.93370177384951,62.48199177569999
FIN,"friskinkatu 2 b 77, 20360 turku, Finland",22.26566747867767,60.49035308439767
FIN,"rapyla 3, 40520 jyvaskyla, Finland",25.76744674973537,62.22801968093404
FIN,"anttilanpiha 16.c-d, 63120 leppalankyla, Finland",23.60860167239261,62.78488621245367
FIN,"saynavatie 3, 84100 ylivieska, Finland",24.55370777498638,64.08160083185956
FIN,"porttilantie 6, 12400 tervakoski, Finland",24.63133325084641,60.808649445329166
FIN,"henriksdalsvagen 9, 64460 harkmeri, Finland",21.42917851983998,62.158957073539
FIN,"pellervonkatu 20, 33540 tampere, Finland",23.812315154747598,61.49728045220633
FIN,"muuressuonkatu 1a, 55610 imatra, Finland",28.813823977864274,61.162473927793314
FIN,"stora robertsgatan 11 b, 120 helsingfors, Finland",24.941886786810073,60.1636364730837
FIN,"kilonpuisto 5, 2610 espoo, Finland",24.791341519351732,60.21614825828752
FIN,"jennynkuja 1, 16300 orimattila, Finland",25.768331878710683,60.80646746829453
FIN,"taipaleentie 35, 42300 jamsankoski, Finland",25.18267003129361,61.92558016252033
FIN,"saariselantie 9 c, 99 helsingin kaupunki, Finland",25.12286000000006,60.23819000000003
FIN,"piilolantie 18, 44100 aanekoski, Finland",25.72558048447854,62.59733605785172
FIN,"koskenpaantie 11, 42300 jamsankoski, Finland",25.165544042906504,61.9268347238781
FIN,"mustikkakatu 5 a 3, 38700 kankaanpaa, Finland",22.37778381555239,61.79145173253093
FIN,"eratie 4, 78870 varkaus, Finland",27.832417109903133,62.31644678968772
FIN,"huumossuontie 3, 92430 paavola, Finland",25.197365770674025,64.60891687991511
FIN,"edvin widevagen 8, 25700 kemio, Finland",22.731066701342854,60.17107595697561
FIN,"capellan puistotie 27, 99 helsingin kaupunki, Finland",24.952980000000025,60.167950000000076
FIN,"visakuja 2, 76100 pieksamaki, Finland",27.163408131880402,62.319874401353246
FIN,"ehrensvardintie 14, 99 helsingin kaupunki, Finland",24.952980000000025,60.167950000000076
FIN,"lukkarinpolku 4, 4600 mantsala, Finland",25.32340671183701,60.62753135367646
FIN,"joosunrinne 12, 38710 kankaanpaa, Finland",22.365999111144816,61.803329392244734
FIN,"tuulimyllyntie 2 a 5, 14200 turenki, Finland",24.654811045459837,60.91740300455942
FIN,"savikuja 1 b 5, 2770 espoo, Finland",24.638636905997345,60.20447121942624
FIN,"nuottakatu 1, 50190 mikkeli, Finland",27.303775170493765,61.68481904626117
FIN,"tiilitehtaantie 30, 12310 ryttyla, Finland",24.763322493416865,60.81323011350503
FIN,"keulatie 4, 99 helsingin kaupunki, Finland",24.952980000000025,60.167950000000076
FIN,"kaplaskuja 3, 87250 kajaani, Finland",27.74402818071843,64.23688191652153
FIN,"hommanasvagen 76, 4170 paipis, Finland",25.25282362720594,60.44942135943538
FIN,"laivakankaantie 12, 90940 jaali, Finland",25.70799500015937,65.08397025292925
FIN,"wanha puukoulu koulutie 4, 7170 pornainen, Finland",25.376737828076216,60.47776782441781
FIN,"eramaantie 8, 40530 jyvaskyla, Finland",25.722433331293246,62.19513169126358
FIN,"oraskatu 7, 5880 hyvinkaa, Finland",24.836659284698158,60.64581970248642
FIN,"pikkumikonkatu 10, 39700 parkano, Finland",23.019697118094058,61.99775497056439
FIN,"salmenhaantie 23, 67300 kokkola, Finland",23.126097248460212,63.85610592731092
FIN,"lehmikuja 14 c 9, 90830 haukipudas, Finland",25.338896468905205,65.1760946191736
FIN,"tanhuantie 9, 38210 sastamala, Finland",22.921545870099948,61.360025075897596
FIN,"kyronsarventie 16, 39100 hameenkyro, Finland",23.195952448619494,61.64174716996109
FIN,"toyraankatu 5, 11100 riihimaki, Finland",24.758564589898356,60.7374341556511
FIN,"lipporannantie 9 b, 90500 oulu, Finland",25.452206137335025,65.02934715013456
FIN,"pellontie 254 a, 95800 sieppijarvi, Finland",23.98613943903993,67.12750632647774
FIN,"eemelinkuja 3, 66340 sarvijoki, Finland",21.80632770145607,62.82276017722802
FIN,"pohjavedenkatu 3, 99 helsingin kaupunki, Finland",25.139370000000042,60.20584000000008
FIN,"itatuulentie 33, 40530 jyvaskyla, Finland",25.740548048978923,62.18192981657663
FIN,"kivalterintie 25, 99 helsingin kaupunki, Finland",24.952980000000025,60.167950000000076
FIN,"valkamanpolku 4 as 20, 5840 hyvinkaa, Finland",24.809542067725943,60.60658610919796
FIN,"tuurentie, 69300 toholampi, Finland",24.262985025655013,63.78066500592077
FIN,"koulutie 1 c, 73600 kaavi, Finland",28.485826192649938,62.97589008834953
FIN,"isopallinkatu 2, 53300 lappeenranta, Finland",28.292768864953274,61.07306788681653
FIN,"ohjaajantie 11 g 60, 400 helsinki, Finland",24.888803188171607,60.226888284192825
FIN,"kaenkatu 6 d 42, 4230 kerava, Finland",25.106203856461775,60.4131464103298
FIN,"humikkalantie 45, 99 helsingin kaupunki, Finland",25.095270000000028,60.22887000000003
FIN,"nikunpellontorma 7 as. 1, 2920 espoo, Finland",24.747929205503226,60.2723927635656
FIN,"kirkkotie 10 a, 82600 tohmajarvi, Finland",30.333638289167368,62.221439132570026
FIN,"fregatti 60, 67300 kokkola, Finland",23.135505599498515,63.85715777234043
FIN,"kirkkotie 2 c 2, 63700 ahtari, Finland",24.091431397987265,62.56028716571643
FIN,"toimenkatu 1, 38700 kankaanpaa, Finland",22.378440872942292,61.814604057844065
FIN,"etelainen rautatiekatu 14 b, 99 helsingin kaupunki, Finland",24.538936347020297,64.06975074860722
FIN,"saarikankaantie 5a, 41520 hankasalmi, Finland",26.38083802833262,62.424082705948535
FIN,"meijeritie 4, 47200 elimaki, Finland",26.468134544076463,60.721141915172865
FIN,"jackarbyvagen 269, 6200 borga, Finland",25.8541661714456,60.41482002493683
FIN,"tuulimyllyntie 5a, 99 helsingin kaupunki, Finland",25.06734000000006,60.225820000000056
FIN,"ihantolantie 5 a 1, 1900 nurmijarvi, Finland",24.813878780609883,60.463799843780606
FIN,"vainikkalantie112, 54260 lappeenranta, Finland",28.32418982327181,60.966478712375505
FIN,"vilhonkummuntie 2, 2400 kirkkonummi, Finland",24.444374984337202,60.133132506223916
FIN,"marssipolku 3, 4420 jarvenpaa, Finland",25.107295012617158,60.46123820844164
FIN,"purokuja 16, 41160 tikkakoski, Finland",25.63364709989804,62.38938728458686
FIN,"havregatan 24 a, 20720 abo, Finland",22.294011303360577,60.42771457714389
FIN,"kauppatie 4, 82900 ilomantsi, Finland",30.94473284247553,62.671693932577824
FIN,"hevosvuorentie, 41340 leppavesi, Finland",25.851635919580726,62.32947795115953
FIN,"mekaniikanpolku 9, 33720 tampere, Finland",23.85044531144689,61.44335317958303
FIN,"capellas alle 27, 99 helsingin kaupunki, Finland",24.952980000000025,60.167950000000076
FIN,"aapontie 47 as. 1, 65300 vaasa, Finland",21.659469633204623,63.10139991021779
FIN,"mariankatu 8, 67200 kokkola, Finland",23.117444609812196,63.84663513109396
FIN,"koulutie 8 b 5, 79700 heinavesi, Finland",28.635632668702964,62.42804914895601
FIN,"karvarinaukio 16, 90650 oulu, Finland",25.55298821327881,65.01825877233327
FIN,"hirsipadontie 2, 99 helsingin kaupunki, Finland",24.952980000000025,60.167950000000076
FIN,"voltintie 8, 62500 evijarvi, Finland",23.45350218166294,63.3615735561408
FIN,"ilkantie 11 d 7, 67100 kokkola, Finland",23.139057179512008,63.84672033313976
FIN,"peltotie 2, 15860 hollola, Finland",25.53597328510878,60.97611299761391
FIN,"jokelantie 1, 69100 kannus, Finland",23.90903749685225,63.90734391468919
FIN,"helsinginkatu 3-5, 99 helsingin kaupunki, Finland",24.950300000000027,60.18646000000007
FIN,"yrjonpolku 3 as 4, 14200 turenki, Finland",24.641925126613074,60.930740707987326
FIN,"turuntie 31, 32500 oripaa, Finland",22.69091587638991,60.84747827651327
FIN,"kankaankuja 16, 17130 vesivehmaa, Finland",25.664057818084984,61.142129204767826
FIN,"sahatie 2, 92400 ruukki, Finland",25.117708437665243,64.66754364067108
FIN,"passinraitti 33, 62200 kauhava, Finland",23.065056876775373,63.098765603778304
FIN,"katekeetantie 3 h, 93600 kuusamo, Finland",29.181774356021435,65.97787956519886
FIN,"sylvintie 7, 74700 kiuruvesi, Finland",26.595610467063068,63.6535541357722
FIN,"siitosentie 58, 49420 hamina, Finland",27.129399702009998,60.55517604363626
FIN,"yrittajankatu 43, 4460 nummenkyla, Finland",25.095129266891234,60.50527915847732
FIN,"mertatie 3b, 21100 naantali, Finland",22.04320682307855,60.474464474466856
FIN,"rahikaisentie 5, 43440 pylkonmaki, Finland",24.811067993199032,62.67050965347818
FIN,"ylikiiskilantie 7, 86100 pyhajoki, Finland",24.25040810566881,64.46420579425256
FIN,"niittymaentie 4, 5810 hyvinkaa, Finland",24.891404344184053,60.62013503658591
FIN,"peltokankaantie 91, 43800 kivijarvi, Finland",25.034681747217974,63.132336006095784
FIN,"kangastie 2, 67700 kokkola, Finland",23.140859959246995,63.814281613479494
FIN,"paivankehrantie 2, 2210 espoo, Finland",24.738380883232878,60.17436715316697
FIN,"koulukatu 47, 60100 seinajoki, Finland",22.84258012792216,62.77816019616003
FIN,"raamikatu 4 c 42, 15140 lahti, Finland",25.656313107188936,60.99601599434206
FIN,"tasbyntie 22, 1150 soderkulla, Finland",25.337938082096144,60.307762040899945
FIN,"kyostintie 8 b 13, 33960 pirkkala, Finland",23.622997507277404,61.46626754266501
FIN,"kevatkatu 6, 99 helsingin kaupunki, Finland",24.952980000000025,60.167950000000076
FIN,"kangastie 29 c 7, 80710 lehmo, Finland",29.802362588142216,62.668686547628
FIN,"puistokatu 20, 32200 loimaa, Finland",23.04460335664666,60.84542056119321
FIN,"viitakuja 3 - 5 a 5, 39700 parkano, Finland",23.03504002421863,62.01323529799154
FIN,"haunistentie 9, 21280 raisio, Finland",22.18509838387842,60.485706077869615
FIN,"karajatie 5, 28450 vanha-ulvila, Finland",21.900996101042722,61.43344388410145
FIN,"vanhanladonkatu 4 d 2, 15700 lahti, Finland",25.63986689114938,60.97244222693723
FIN,"palomaentie 9, 7170 pornainen, Finland",25.39051239629765,60.4711366074491
FIN,"ruskontie 53, 21250 masku, Finland",22.133675721536235,60.54749926577671
FIN,"ulrikankuja 5, 1400 vantaa, Finland",25.067060200994405,60.33276664108632
FIN,"puskantie 38, 60100 seinajoki, Finland",22.824354433838437,62.789755134279716
FIN,"piimatie 1, 21140 rymattyla, Finland",21.953352485761684,60.37398611678461
FIN,"ramsoontie 967, 37350 vesilahti, Finland",23.317487362454415,61.32696777178299
FIN,"klappstrandsgranden 2, 2940 esbo, Finland",24.71154965679699,60.227496684634815
FIN,"toiskantie 2, 410 helsinki, Finland",24.85136172960111,60.24739515513525
FIN,"liperintie 51 a, 83130 salokyla, Finland",29.484594245201265,62.57944811255646
FIN,"liepeentie 8, 41400 lievestuore, Finland",26.199204365815604,62.26135396503906
FIN,"varparannantie 48 b, 81120 katajaranta, Finland",29.796222424971035,62.8560080020018
FIN,"lippokatu 1, 15240 lahti, Finland",25.66066961299686,61.0157824686612
FIN,"myllytie 55, 29100 luvia, Finland",21.65176180268253,61.31626177640459
FIN,"ounasjoentie 23, 99130 sirkka, Finland",24.823639646633723,67.81793594686643
FIN,"tikankatu 36, 76100 pieksamaki, Finland",27.15647160408855,62.295745374772565
FIN,"kaaritie 2, 39160 julkujarvi, Finland",23.508501631910207,61.57562761640904
FIN,"hanhisaarentie 12, 10940 hangonkyla, Finland",22.930820865058735,59.82822770244826
FIN,"littoistenjarventie 297, 20540 turku, Finland",22.368485937997917,60.46928144081929
FIN,"laakavuorentie 1, 99 helsingin kaupunki, Finland",24.952980000000025,60.167950000000076
FIN,"soderuddsvagen 21, 65920 norra vallgrund, Finland",21.303267330538148,63.19743711650253
FIN,"villahteentie 506, 15540 villahde, Finland",25.81589586428142,60.950743393699284
FIN,"tervamaki 2, 2810 espoo, Finland",24.64060053445428,60.2236126783414
FIN,"valovirrankatu 2, 4410 jarvenpaa, Finland",25.08713226070961,60.48430151794307
FIN,"smabondersvagen 667, 68750 smabonders, Finland",23.61794539895743,63.43395573246943
FIN,"mansikkapolku 9, 21600 parainen, Finland",22.325533378089574,60.309331049355364
FIN,"paaskyntie 2 a 4, 91500 muhos, Finland",25.99367347825023,64.81126067452658
FIN,"kuusmiehentie 3, 99 helsingin kaupunki, Finland",24.941430000000025,60.25717000000003
FIN,"kaarlontie 50, 46800 myllykoski, Finland",26.797135475462824,60.77966578806735
FIN,"ylamyllyntie 52, 80400 ylamylly, Finland",29.58622616230801,62.62578029773468
FIN,"purpurikuja 2, 21330 paattinen, Finland",22.375780959788614,60.594385327116754
FIN,"leankatu 6, 99 helsingin kaupunki, Finland",24.952980000000025,60.167950000000076
FIN,"asemakatu 5 as 5, 35820 mantta, Finland",24.645849449860805,62.02736559418372
FIN,"koulutie 7, 63800 soini, Finland",24.211971547553304,62.87117882765418
FIN,"heleniuksenkatu 27, 5860 hyvinkaa, Finland",24.81443877556103,60.62603099300807
FIN,"apilakaarre 17 b, 71850 leppakaarre, Finland",27.700400709966374,63.06883931768539
FIN,"kaarmekuusenpolku 2 d 13, 2880 veikkola, Finland",24.439619176294485,60.2683504998071
FIN,"valitie 15, 54100 joutseno, Finland",28.501069102669646,61.118901400416576
FIN,"lastenkuja 3, 34800 virrat, Finland",23.777234667808386,62.23321654472184
FIN,"liusketie 9, 710 helsinki, Finland",25.017023424160215,60.23540559701408
FIN,"tahtisadeaukio 2, 99 helsingin kaupunki, Finland",24.952980000000025,60.167950000000076
FIN,"ahotie 4 a 2, 35100 orivesi as, Finland",24.355556566433762,61.662321766681174
FIN,"tummelitie 2 c, 21600 parainen, Finland",22.32335886094876,60.30261672581668
FIN,"tikkalantie 245, 91500 muhos, Finland",25.94624288657039,64.79142234418143
FIN,"rauhalantie 46, 7900 loviisa, Finland",26.217920485054094,60.44706516454326
FIN,"koskitie 14 a 2, 90500 oulu, Finland",25.45675147578899,65.0249156798352
FIN,"soikkalantie 2, 41940 vesanka, Finland",25.563990718482046,62.27986728413023
FIN,"ritakatu 9 a, 33520 tampere, Finland",23.82820309318052,61.50373544614004
FIN,"lappetelankylantie 70, 74550 porsanmaki, Finland",27.103268479510803,63.361628499516115
FIN,"laurinmaenpolku 4, 99 helsingin kaupunki, Finland",24.881020000000035,60.23330000000004
FIN,"isokatu 3, 40520 jyvaskyla, Finland",25.788434280915396,62.22422754029941
FIN,"omenamaenkatu 3 b, 99 helsingin kaupunki, Finland",24.952980000000025,60.167950000000076
FIN,"jarventolantie 20, 92140 pattijoki, Finland",24.544385086998517,64.68932933858099
FIN,"vanha alikartanontie 6, 13330 hameenlinna, Finland",24.55272692467679,60.96142220355637
FIN,"timoteikuja 5 f 12, 730 helsinki, Finland",25.003951846158117,60.26766938635504
FIN,"ripusuontie 34, 99 helsingin kaupunki, Finland",24.952980000000025,60.167950000000076
FIN,"kuhilaspiha 10, 24100 salo, Finland",23.1417334373769,60.39290038421419
FIN,"kallioportaankatu 1 ja 7, 270 helsinki, Finland",24.89423047047771,60.194648173728325
FIN,"laviantie 109, 41310 leppavesi, Finland",25.892012559758513,62.331401026962055
FIN,"kallelankatu 3, 20810 turku, Finland",22.263500421430678,60.43755949960908
FIN,"koulutie 6, 85200 alavieska, Finland",24.303953798629323,64.1650643871003
FIN,"uotilan vanhatie 2, 26510 rauma, Finland",21.550341277173885,61.13220209774198
FIN,"takahuhdinkatu 77, 33560 tampere, Finland",23.855731777779624,61.491812775606206
FIN,"mantytie 18, 1830 lepsama, Finland",24.680724034402857,60.38269248343198
FIN,"suluntie 18, 40340 jyvaskyla, Finland",25.80426015230094,62.270050650588274
FIN,"tahtientie 13, 90630 oulu, Finland",25.610152541478243,65.04384000554859
FIN,"sisselenkuja 3, 99 helsingin kaupunki, Finland",25.036650000000066,60.191910000000064
FIN,"rasi 4, 82110 heinavaara, Finland",30.17555715770127,62.560477236363745
FIN,"runeberginkatu 25-27, 67100 kokkola, Finland",23.144227388847725,63.841682180688565
FIN,"erikssoninkatu 8, 68300 kalvia, Finland",23.449326149862884,63.85922705468687
FIN,"valokaarenkatu 7, 15680 lahti, Finland",25.666050112650765,60.9260566071263
FIN,"satamalehdontie 2, 94830 kemi, Finland",24.666108845111978,65.68322029695065
FIN,"utunmaentie 4, a, 5, 45160 kouvola, Finland",26.732249738058186,60.88674258947685
FIN,"alppikylankatu 5, 99 helsingin kaupunki, Finland",24.952980000000025,60.167950000000076
FIN,"narekatu 10, 4480 haarajoki, Finland",25.146765394670325,60.506132017125424
FIN,"kastehelmi 3, 90450 kempele, Finland",25.566164397432544,64.91307732877931
FIN,"valtaojankatu 1, 94100 kemi, Finland",24.576301530271905,65.73050236130624
FIN,"teletie 8, 52700 mantyharju, Finland",26.865517137043895,61.42166337064546
FIN,"haapatie 1, 36110 ruutana, Finland",24.010176809509375,61.52813386708877
FIN,"eestinlaakso 14, 2280 espoo, Finland",24.677640248405567,60.16869029969382
FIN,"rauhalantie 4, 66400 laihia, Finland",22.00803484861183,62.972903239062475
FIN,"yrittajantie 11 - 13 a 1, 81100 kontiolahti as, Finland",29.85808204387226,62.75214616337425
FIN,"muotialantie 64, 33800 tampere, Finland",23.822171978569656,61.477170722315634
FIN,"airikinportti 2 b 7, 21410 vanhalinna, Finland",22.393291090798243,60.48189691756008
FIN,"alexis kivi vagen 1, 2580 sjundea, Finland",24.227133739845414,60.1350395987439
FIN,"koskentie 5, 61460 hanhikoski, Finland",22.714659964067238,62.9570928741978
FIN,"vaaranmaentie 7, 37860 karjenniemi, Finland",23.93503556211249,61.25853472913548
FIN,"keskikatu 30, 38250 sastamala, Finland",22.928135890014545,61.308082463828896
FIN,"kaivolahdenkatu 8 d 58, 99 helsingin kaupunki, Finland",24.952980000000025,60.167950000000076
FIN,"laajavuorenkuja 3h, 1620 vantaa, Finland",24.84163451763857,60.27978220265355
FIN,"kolitie 9, 80160 joensuu, Finland",29.81684106859231,62.622884475916095
FIN,"tokerotie 18, 61280 jokipii, Finland",22.681273971291823,62.52114855044369
FIN,"petajatie 14, 35100 orivesi as, Finland",24.357147451656488,61.658076961365566
FIN,"jennynkuja 2, 25630 sarkisalo, Finland",22.95334949459752,60.11537571677215
FIN,"kyronlahdentie 857, 39340 karhe, Finland",23.435582846140306,61.72648795960774
FIN,"linnaistenkatu 14 c 19, 8100 lohja, Finland",24.060880869655335,60.25274012715218
FIN,"pyorealahdentie 1-3, 70900 toivala, Finland",27.72649851987441,63.00828375528022
FIN,"valikatu 8, 39930 karvia, Finland",22.560287351980946,62.1373535143851
FIN,"juvanniitty 2, 2920 espoo, Finland",24.75353737583083,60.271024704105685
FIN,"ritzinkuja 1, 20380 turku, Finland",22.30450821216428,60.47568295173147
FIN,"turtolantanhua 3, 33710 tampere, Finland",23.845425808730255,61.47443180972451
FIN,"peltotie 1, 18200 heinola, Finland",26.045592746718597,61.22445709594734
FIN,"kuutamontie 2, 60720 tuomikyla, Finland",22.697124268252935,62.75300082413153
FIN,"kunnarinkuja 22, 96800 rovaniemi, Finland",25.69702401091206,66.53144136375349
FIN,"nipsikatu 1, 20660 littoinen, Finland",22.399175186827392,60.446845642499085
FIN,"kalliorinteentie 4, 33480 ylojarvi, Finland",23.636095655117337,61.57645151640213
FIN,"joukasenkatu 37, 38710 kankaanpaa, Finland",22.371163872243443,61.804619031867304
FIN,"orivedenkatu 12, 33720 tampere, Finland",23.842570764870658,61.455147355541186
FIN,"kapykuja 6, 27100 eurajoki, Finland",21.74607891670712,61.20781989824391
FIN,"sahamyllynkatu 2 b 6, 80170 joensuu, Finland",29.851293540490474,62.619905547527566
FIN,"kortteentie 18, 86300 oulainen, Finland",24.80240085385853,64.25615023554124
FIN,"nauriskatu 2 b 6, 70820 kuopio, Finland",27.665065372206755,62.83396288418862
FIN,"paretie 5, 28800 pori, Finland",21.61204826161827,61.55802922395898
FIN,"keijutie 46, 15700 lahti, Finland",25.6262202307704,60.961573538818186
FIN,"tuomolantie 5, 90240 oulu, Finland",25.569388664127047,64.98863897052996
FIN,"seetritie 2, 7700 koskenkylan saha, Finland",25.91420995782866,60.49947411791824
FIN,"kaarlenkatu 19 a, 99 helsingin kaupunki, Finland",24.951430000000073,60.18752000000006
FIN,"raskinkuja 21, 27150 eurajoki, Finland",21.641622801144422,61.16136114632775
FIN,"vienolantie 55, 7150 laukkoski, Finland",25.34530837337735,60.44823972063523
FIN,"kivenlahdenkatu 8, 2320 espoo, Finland",24.633305764120678,60.15446721583348
FIN,"ullanmaentie 11, 2750 espoo, Finland",24.70566648277719,60.20547750881198
FIN,"pikkaraistie 7, 99 helsingin kaupunki, Finland",25.026380000000074,60.27952000000005
FIN,"kassonkatu 11, 37630 valkeakoski, Finland",24.012704120954822,61.28632245645221
FIN,"karankatu 13, 11120 riihimaki, Finland",24.779453130801897,60.74602698941996
FIN,"artunkuja 7, 73100 lapinlahti, Finland",27.390681927739962,63.36274677112826
FIN,"pakaantie 505b, 16300 orimattila, Finland",25.748325700754464,60.76196962071674
FIN,"savelkuja 4, 20740 turku, Finland",22.298125141439073,60.41776861083591
FIN,"skolvagen 34, 68620 jakobstad, Finland",22.672548063125962,63.677275964709224
FIN,"jormantie 12, 4600 mantsala, Finland",25.292119749492088,60.629111342425034
FIN,"tikkakoskentie 634, 41140 kuikka, Finland",25.591414629291478,62.382125622770815
FIN,"tuupalantie 9, 75530 nurmes, Finland",29.105953168638962,63.559506793301324
FIN,"ilmarinkatu 2 a 8, 90400 oulu, Finland",25.46736371958039,65.00313522061478
FIN,"posti-matintie 8 a, 99870 inari, Finland",27.029750052387698,68.90434025735797
FIN,"kraatarinkatu 5, 33270 tampere, Finland",23.682076429800162,61.50781303248732
FIN,"koulutie 2 b, 79600 joroinen, Finland",27.833358649086847,62.18032606513253
FIN,"laanikatu 33, 60200 seinajoki, Finland",22.837485690991144,62.7530996886795
FIN,"metsarinne 10 b, 20660 littoinen, Finland",22.37036373576632,60.449101841286335
FIN,"suntinkuja 28, 28600 pori, Finland",21.72110729930975,61.48756122285852
FIN,"ollilantie 5, 4250 kerava, Finland",25.11459917068231,60.396425812689785
FIN,"karhunputkentie 10, 80230 joensuu, Finland",29.815920400347522,62.569774097096996
FIN,"turuntie 13, 13130 hameenlinna, Finland",24.446455959438566,60.99247887311154
FIN,"veijolantie 10a, 8150 lohja, Finland",24.096931519031955,60.24719964724369
FIN,"papinniityntie 44 a 3, 13210 hameenlinna, Finland",24.4979763331348,61.01228116127302
FIN,"sontulantie 8, 37800 akaa, Finland",23.861002304224915,61.16543216406347
FIN,"latolankatu 1 b 17, 80160 joensuu, Finland",29.82971651006011,62.61287924955266
FIN,"honkamaentie 55, 31500 koski tl, Finland",23.12137060944056,60.65287743259822
FIN,"malikkakuja 6, 78870 varkaus, Finland",27.831502392809597,62.32174851108425
FIN,"piinokankatu 4, 20610 turku, Finland",22.35471095068135,60.44881698230691
FIN,"metsamiehentie 5, 31760 urjala, Finland",23.55819801965646,61.088354015298364
FIN,"mannynvainiontie 11, 36720 aitoo, Finland",24.484381305279385,61.347292587788445
FIN,"luhtikuja 3, 69100 kannus, Finland",23.926114702562842,63.88549497531983
FIN,"laaksotie 58, 18100 heinola, Finland",26.026114712481444,61.21901237928262
FIN,"ylistarontie 374, 32800 kokemaki, Finland",22.41027953215422,61.23311790695092
FIN,"vantaanlaaksonraitti 9, 1670 vantaa, Finland",24.870315056699468,60.28330549145272
FIN,"annalankatu 13, 33710 tampere, Finland",23.887987520493567,61.46188020308588
FIN,"laviantie 493, 38700 kankaanpaa, Finland",22.428085544345947,61.785207424212814
FIN,"huvilinnantie 4, 2600 espoo, Finland",24.80607422292516,60.21504549319624
FIN,"sukkavartaankatu 4, 33100 tampere, Finland",23.76655453060127,61.50239463499858
FIN,"teerenkuja 12, 40900 saynatsalo, Finland",25.76446765370875,62.12016407499098
FIN,"hakalantie 5, 34110 lakiala, Finland",23.529323536683478,61.60820325445766
FIN,"kaskikuja 4, 73100 lapinlahti, Finland",27.387018616957135,63.35642941452397
FIN,"marsinkuja 6 e 48, 1480 vantaa, Finland",25.100710440939622,60.34195450616161
FIN,"veisunkatu 80, 33820 tampere, Finland",23.814619548532477,61.47404728991634
FIN,"aapatie 4, 96910 rovaniemi, Finland",25.786772529636476,66.52938430500065
FIN,"kaarmekuusentie 11, 4600 mantsala, Finland",25.30536231831897,60.6233975247589
FIN,"kummelivuorentie 2, 2330 espoo, Finland",24.61646408988929,60.16382188078194
FIN,"eemelintie 8, 27340 reila, Finland",21.364563937003055,61.03299984290871
FIN,"kerttulantie 31, 21200 raisio, Finland",22.156549935302024,60.496601332210275
FIN,"ullankatu 8 as.6, 62100 lapua, Finland",23.003140847665776,62.969327770624915
FIN,"kirkkotie 15, 86600 haapavesi, Finland",25.371709691999342,64.13434345467684
FIN,"kalajoentie 352, 85100 kalajoki, Finland",23.995445027945294,64.23999030340462
FIN,"maskuntie 26, 21270 nousiainen, Finland",22.090001144488355,60.597055424282814
FIN,"pensastaskuntie 5, 39160 julkujarvi, Finland",23.528402030248373,61.57146243917359
FIN,"kappalaisentie 6, 37120 nokia, Finland",23.50402770727129,61.45267875932748
FIN,"perhekunnantie 1, 99 helsingin kaupunki, Finland",24.952980000000025,60.167950000000076
FIN,"hempantie 2, 69600 kaustinen, Finland",23.713675115124175,63.55196957641837
FIN,"suurlohjankatu 18 as. 2, 8100 lohja, Finland",24.072010193053643,60.25119823415355
FIN,"kaunismaentie 4, 23800 laitila, Finland",21.728937909773116,60.88769198581014
FIN,"lestijarventie 110, 69510 halsua, Finland",24.186980232683453,63.46636109215504
FIN,"timolantie 27, 75530 nurmes, Finland",29.09098845398566,63.55397067198248
FIN,"linnajarventie 2, 37560 lempaala, Finland",23.781237613307894,61.3832684286792
FIN,"maahisentaival 3, 50970 mikkeli, Finland",27.28709157895628,61.707513049108684
FIN,"homesojantie 8, 60800 ilmajoki, Finland",22.568548555750652,62.73754342120958
FIN,"puistokatu 9a, 90120 oulu, Finland",25.453006721508775,65.0066889168493
FIN,"eriksoninkatu 6, 68300 kalvia, Finland",23.449899052944915,63.859690364384875
FIN,"kaitatie 8, 45610 koria, Finland",26.598874715435727,60.84901694247918
FIN,"ylisentie 15, 60100 seinajoki, Finland",22.846876691489882,62.77997735085896
FIN,"klaarankuja 33, 60800 ilmajoki, Finland",22.53947064398764,62.72671291265948
FIN,"wiikintie 1, 66400 laihia, Finland",22.038230319525212,62.96447020627767
FIN,"petter kumpulaisentie 30, 74130 iisalmi, Finland",27.22527093590483,63.54573972688323
FIN,"pellikantie 119, 86810 pyhajarvi, Finland",25.958454900401847,63.65758629220426
FIN,"pajakatu 15, 3620 karkkila, Finland",24.242208844163542,60.53493202688867
FIN,"kurkimaentie 17, 99 helsingin kaupunki, Finland",25.06511000000006,60.23093000000006
FIN,"merimiehenkatu 43, 99 helsingin kaupunki, Finland",24.934480000000065,60.159470000000056
FIN,"laarikuja 18, 21200 raisio, Finland",22.138910136250274,60.49761357274727
FIN,"vallesmannintie 14, 80710 lehmo, Finland",29.82081668908745,62.68646896476227
FIN,"havukuja 6, 99 helsingin kaupunki, Finland",24.952980000000025,60.167950000000076
FIN,"vannakatu 2, 20780 kaarina, Finland",22.346455614243837,60.40593327973315
FIN,"andbyvagen 198, 2570 sjundea, Finland",24.264473274473318,60.210897498862295
FIN,"maapallonkuja 2 b, 2210 espoo, Finland",24.725897966290773,60.17210546423314
FIN,"almagrand 1  /  almakuja 1, 68600 jakobstad, Finland",22.748817728249747,63.686756572540276
FIN,"sorvajarventie 35, 34140 mutala, Finland",23.56137031855124,61.65964056349344
FIN,"kaskenkatu 43, 81700 lieksa, Finland",30.014903931885442,63.335455042931926
FIN,"kaplastie 4, 90650 oulu, Finland",25.560068825986264,65.02156698378806
FIN,"raimantie 178, 71800 siilinjarvi, Finland",27.667618164637872,63.04418013572888
FIN,"kirkkotie 8, 25390 kiikala, Finland",23.55268121862443,60.46120933278519
FIN,"vaakonraitti 6 a 4, 33270 tampere, Finland",23.678305579199588,61.5061397112469
FIN,"morsarplatsen 1, 99 helsingin kaupunki, Finland",24.952980000000025,60.167950000000076
FIN,"koetilantie 1 c 12, 790 helsinki, Finland",25.016789233785488,60.22404028113189
FIN,"savarinvayla 21, 84100 ylivieska, Finland",24.550160469743503,64.06104207693647
FIN,"karilantie 15d, 99800 ivalo, Finland",27.450961390254548,68.61223642184038
FIN,"lumiahontie 810, 88930 lentiira, Finland",29.60294730477173,64.52512362251298
FIN,"raivaajantie 12, 85500 nivala, Finland",24.948741591045973,63.924763898330156
FIN,"saramaentie 16b, 82500 kitee, Finland",30.12715806724836,62.073461703059024
FIN,"immasentie 2, 21110 naantali, Finland",22.032488799669068,60.49719359748866
FIN,"hollitie 21, 85100 kalajoki, Finland",23.93010499138856,64.25258021534074
FIN,"meijerikatu 6, 26100 rauma, Finland",21.51321305032502,61.12437909987028
FIN,"jokikylantie 138, 85470 sievi, Finland",24.67582246506393,63.80893789874807
FIN,"kangasvuokontie 2, 14820 tuulos, Finland",24.817012963125546,61.112540599597686
FIN,"naapikantie 6, 40640 jyvaskyla, Finland",25.66971778202324,62.233159044866056
FIN,"nevantie 16, 45200 kouvola, Finland",26.75485061796141,60.87538347620301
FIN,"suvitie 23, 90800 oulu, Finland",25.409663033396782,65.0758755556661
FIN,"veininkatu 5, 2370 espoo, Finland",24.767507410034312,60.243019759768174
FIN,"haverintie 20 a 1, 63300 alavus, Finland",23.63353330811185,62.58257586163589
FIN,"ritakalliontie 5 a 5, 62100 lapua, Finland",23.041824504286893,62.9775365874998
FIN,"kirkkotie 23, 4310 tuusula, Finland",25.033844143633672,60.41178342905445
FIN,"sammalkuja 11, 90900 kiiminki, Finland",25.75831583969216,65.12863787595586
FIN,"suurikkalantie, 37800 akaa, Finland",23.89603897715566,61.12457923009668
FIN,"pajalahdentie 10, 99 helsingin kaupunki, Finland",24.88301000000007,60.15889000000004
FIN,"lohirannantie 6, 58620 lohilahti, Finland",28.70185717414219,61.6074991326814
FIN,"koivutie 24, 42300 jamsankoski, Finland",25.170744930007828,61.92174083177082
FIN,"potinrannantie 15, 67900 kokkola, Finland",23.04628082692915,63.83313745904394
FIN,"viljasentie 13, 27510 eura, Finland",22.14998195979277,61.12865420576588
FIN,"parisgatan 4, 99 helsingin kaupunki, Finland",24.952980000000025,60.167950000000076
FIN,"karsikonkatu 10, 80260 joensuu, Finland",29.79977224478486,62.60548745868982
FIN,"kotikoivuntie 12, 90630 oulu, Finland",25.576902956504796,65.03310790054178
FIN,"keskitalontie 1, 4430 jarvenpaa, Finland",25.100007115444186,60.47235198340954
FIN,"nystyranpera 3-5 b 6, 40420 jyska, Finland",25.82977525230021,62.24253705341488
FIN,"ymmyrsuonkatu 11 a 5, 20400 turku, Finland",22.287962167657895,60.53197799275256
FIN,"laurinkatu 53 b 25, 8100 lohja, Finland",24.064680554002848,60.25028150540325
FIN,"vainiokatu 2, 33500 tampere, Finland",23.787694612419102,61.50488917320263
FIN,"pakolankatu 23, 84100 84100, Finland",24.526746033551806,64.09096965408084
FIN,"norjankuja 4, 91410 jokirinne, Finland",25.86397257906569,64.88760153990592
FIN,"pohjanlahdentie 11, 40520 jyvaskyla, Finland",25.772635063981937,62.222014885499135
FIN,"ruokolinnantie 28, 21540 preitila, Finland",22.738164832227937,60.463933870412376
FIN,"lambonkuja 3, 23310 taivassalo, Finland",21.614408940828582,60.55797161560412
FIN,"emannankatu 9 a 1, 20780 kaarina, Finland",22.371941880496195,60.40123798903136
FIN,"parantolankatu 11, 5800 hyvinkaa, Finland",24.86508617404155,60.63558808091821
FIN,"suvitie 20, 45100 kouvola, Finland",26.690269311280105,60.86128926410399
FIN,"fleminginkatu 21, 10650 tammisaari, Finland",23.44804028209674,59.97000403235202
FIN,"hukantaival 8, 80230 joensuu, Finland",29.78883855500669,62.580170129696
FIN,"toreenintie 30, 1900 nurmijarvi, Finland",24.815975346051147,60.47293293311864
FIN,"karhusuontie 295 b, 27820 sakyla, Finland",22.277294770943598,61.085113152435554
FIN,"neitsytkatu 12, 57100 savonlinna, Finland",28.85905960055956,61.868309677517175
FIN,"sundomvagen 13, 65410 sundom, Finland",21.557889683897542,63.04037265621142
FIN,"utrantori 1, 80170 joensuu, Finland",29.856618395939762,62.61970714787938
FIN,"lahteentie 4, 86600 haapavesi, Finland",25.341626538588486,64.1429534713472
FIN,"huhdantie 156, 27110 eurajoki, Finland",21.806679657570413,61.24904913885939
FIN,"varstatie 1 as 6, 20540 turku, Finland",22.33297801685194,60.45866027030101
FIN,"anselmintie 5, 99800 ivalo, Finland",27.557018533142752,68.66787658476636
FIN,"kuusistontie 39, 64100 kristiinankaupunki, Finland",21.351204692083968,62.27927556367558
FIN,"apollogatan 12, 99 helsingin kaupunki, Finland",24.952980000000025,60.167950000000076
FIN,"liljakatu 11 b, 4420 jarvenpaa, Finland",25.11214846983185,60.459088669372306
FIN,"myllykuja 5, 27230 lappi, Finland",21.83940890643452,61.10085028736025
FIN,"korsitie 3 a, 15700 lahti, Finland",25.633152567610693,60.96142853189326
FIN,"kylasepantie 2, 33480 ylojarvi, Finland",23.585803985402833,61.56380770800811
FIN,"norotie 12 e 48, 1600 vantaa, Finland",24.855815118577254,60.26799129334651
FIN,"savutupa 4, 50170 mikkeli, Finland",27.309774266234484,61.7177333970171
FIN,"temppelikatu 18, 48700 kotka, Finland",26.907005797562647,60.51609160402609
FIN,"skeppsgatan 11, 65100 vasa, Finland",21.62147061043487,63.10291116736033
FIN,"hallikuja 4 as 1, 20660 littoinen, Finland",22.391772206123818,60.430382914110254
FIN,"iso kylatie 12, g-ovi, 4130 sipoo, Finland",25.26449660084421,60.375087037857185
FIN,"ankkapurontie 27, 4440 jarvenpaa, Finland",25.03652593355463,60.50161852990354
FIN,"verkapiha 1 as. 7, 20100 turku, Finland",22.275225614325706,60.45754836893525
FIN,"nurmelantie 11, 46800 myllykoski, Finland",26.786751219437804,60.77560052311773
FIN,"kaenkatu 10, 4230 kerava, Finland",25.10658866963655,60.41433743686153
FIN,"suontaustankuja 143, 27510 eura, Finland",22.14347860875702,61.161971726064564
FIN,"kurkelankatu 2, 21100 naantali, Finland",22.037679963762713,60.477829892410824
FIN,"sairaalantie 20 a 7, 99800 ivalo, Finland",27.52396877274103,68.65768603452375
FIN,"osuustie 1, 4600 mantsala, Finland",25.31576459543581,60.636317013127865
FIN,"linnavallintie 6 a 11, 90450 kempele, Finland",25.555262475067394,64.92355324091554
FIN,"kuukusenkuja 19, 87500 kajaani, Finland",27.764434343094194,64.19699378041412
FIN,"ahventie 18, 84100 ylivieska, Finland",24.55466582651934,64.08097047083126
FIN,"sarkisuontie 9 a 5, 93280 syote, Finland",27.71553733745381,65.64264953864861
FIN,"lahdepurontie 3, 2720 espoo, Finland",24.74355369095855,60.24426736414631
FIN,"koysikuja 8, 99 helsingin kaupunki, Finland",24.952980000000025,60.167950000000076
FIN,"salmonvagen 21, 66640 maxmo, Finland",22.010855694306485,63.294055188677305
FIN,"saunarannantie 2, 91910 tupos, Finland",25.473352421761177,64.84314664958191
FIN,"kanalavagen 13 a, 99 helsingin kaupunki, Finland",25.060430000000053,60.234570000000076
FIN,"suupohjantie 57, 60320 seinajoki, Finland",22.79371505733286,62.79410877860809
FIN,"porkenasg. 5 / porkenasink. 5, 68620 jakobstad, Finland",22.69017919091982,63.67148948072992
FIN,"ketotie 6, 50180 mikkeli, Finland",27.34122626825294,61.710162903978556
FIN,"hokan koulutie 21, 51200 kangasniemi, Finland",26.701401149249364,61.90194617114119
FIN,"hikiantie 1, 11130 riihimaki, Finland",24.787221646302953,60.73021281078934
FIN,"lintukalliontie 2, 33680 tampere, Finland",23.9423473477095,61.53766262416619
FIN,"lohilammentie 5, 9220 sammatti, Finland",23.818250505169033,60.31849037405033
FIN,"opintie 2, 48100 kotka, Finland",26.934634178006977,60.45740886085598
FIN,"tasavallankatu 8, 70620 kuopio, Finland",27.67280354521833,62.882207107209695
FIN,"kellastuvantie 4, 1760 vantaa, Finland",24.866602376506933,60.349425296461874
FIN,"venemestarintie 14, 99 helsingin kaupunki, Finland",25.12602000000004,60.20768000000004
FIN,"tikkakuja 13, 63700 ahtari, Finland",24.0732987430288,62.55841754030362
FIN,"hannosentie 1, 63600 toysa, Finland",23.809491332531678,62.63263577252283
FIN,"evakkotie 6, 88900 kuhmo, Finland",29.53982897547067,64.12504712777448
FIN,"keskuskatu 7 c 20, 37830 akaa, Finland",23.756505383065218,61.21559042540173
FIN,"storsvangen 30, 100 helsingfors stad, Finland",24.861867607041205,60.1577343559627
FIN,"kehraamontie 3, 16300 orimattila, Finland",25.734287773135264,60.800538906269026
FIN,"rannanmaentie 45, 86170 yppari, Finland",24.09901442197105,64.4098544327588
FIN,"grevvagen 32, 68570 larsmo, Finland",22.733164524069593,63.74210885900172
FIN,"mesikammen 5 a 1, 40400 jyvaskyla, Finland",25.80977980318002,62.245392390641115
FIN,"korvenkuja 14, 41160 tikkakoski, Finland",25.645936143419675,62.3819571884265
FIN,"von daehnin katu 19, 99 helsingin kaupunki, Finland",25.042580000000044,60.23016000000007
FIN,"kisatie 20, 87250 kajaani, Finland",27.762140886747346,64.2356668339277
FIN,"suistamonkatu 99 a 22, 74120 iisalmi, Finland",27.210420550410845,63.56994884254874
FIN,"tupasvillantie 7, 80160 joensuu, Finland",29.830274660992558,62.627329105803426
FIN,"korppumaentie 1 a, 40270 palokka, Finland",25.713031434320385,62.289614180237805
FIN,"eppilantie 1 - 3 h, 1390 vantaa, Finland",25.023970177873963,60.32724719975482
FIN,"metsakorventie 19 b 8, 8500 lohja, Finland",24.14205993718565,60.27212348779295
FIN,"tallgatan 5, 66100 malax, Finland",21.562843388674253,62.95166990857183
FIN,"lossarintie 5, 43100 saarijarvi, Finland",25.210120764193192,62.71016234192538
FIN,"oravapoluntie 3, 33470 ylojarvi, Finland",23.58192299659453,61.54994416588448
FIN,"tammikaivonrinne 14, 65100 vaasa, Finland",21.645687772727428,63.09643350685781
FIN,"hatanpaan puistokuja 22, 33900 tampere, Finland",23.758897159136325,61.48329915082235
FIN,"ahteentie 39, 85630 nivala, Finland",25.033365704600413,63.93270629641259
FIN,"vanha maantie 2, 4920 saarentaus, Finland",25.417195179228287,60.731585934167526
FIN,"lilluddsvagen 5, 10210 inga, Finland",23.998787144198445,60.04222644960612
FIN,"terrisuontie 63, 4390 janiksenlinna, Finland",24.94971456236658,60.475424789113646
FIN,"alkulantie 15  f-talo, 88600 sotkamo, Finland",28.3359635473862,64.13276581286115
FIN,"tilanhoitajankaari 8, 99 helsingin kaupunki, Finland",25.03102000000007,60.23279000000008
FIN,"kylassuonpolku 7 d 91, 20360 turku, Finland",22.279655617792002,60.48668537311568
FIN,"hektorintie 18, 90460 oulunsalo, Finland",25.41437198660074,64.93909274457911
FIN,"mesimarjapolku 10, 6100 porvoo, Finland",25.64907835128207,60.41019501649319
FIN,"kuusimaentie 4, 4440 jarvenpaa, Finland",25.041630009674293,60.50304072932482
FIN,"lampolantie 7, 25500 pernio, Finland",23.119001380688985,60.21051893020538
FIN,"leinikkitie 20, 1350 vantaa, Finland",25.03092564876701,60.30950413565594
FIN,"ketjutie 2, 4220 kerava, Finland",25.139572548279347,60.40027976986033
FIN,"heinakuja 1 as 5, 69100 kannus, Finland",23.934935566007596,63.89075700840482
FIN,"jyrinlenkki 16 a, 80400 ylamylly, Finland",29.544171639505862,62.63394192449468
FIN,"tahkaniitynkatu 15 a 1, 33610 tampere, Finland",23.94669244249664,61.52504735697295
FIN,"aurankatu 1a  5, 60320 seinajoki, Finland",22.8004128685223,62.78968854005899
FIN,"hirsiniementie 1, 62800 vimpeli, Finland",23.77724908468184,63.174981578800356
FIN,"kellolahdentie 28 b 30, 70460 kuopio, Finland",27.706800460678892,62.915628311650664
FIN,"kaivokatu 41, 6100 porvoo, Finland",25.664054465323716,60.39697491116681
FIN,"kirkkotie 4, 83400 viinijarvi, Finland",29.234092435442875,62.64543548349545
FIN,"lukupolku 2, 99 helsingin kaupunki, Finland",24.952980000000025,60.167950000000076
FIN,"arttelikuja 4, 2260 espoo, Finland",24.701941481186992,60.14649564872798
FIN,"vidjegranden 2, 1360 vanda, Finland",25.05975201961573,60.320077194049986
FIN,"luokotie 7, 40950 muurame, Finland",25.654655166740838,62.126735319442446
FIN,"kaarnakatu 2, 38700 kankaanpaa, Finland",22.37889827339859,61.79300913205046
FIN,"meteorinkatu 8 c, 2210 espoo, Finland",24.731670750645776,60.16813529197506
FIN,"tehtaankatu 29, 67100 kokkola, Finland",23.12144051451304,63.83567076355018
FIN,"rantapaantie 22, 38300 sastamala, Finland",22.76451342867898,61.303016064364016
FIN,"humppilantie 16, 31640 humppila, Finland",23.37074991472565,60.92373737642717
FIN,"suvelantie 18 b 30, 2760 espoo, Finland",24.675691707374398,60.204676911330154
FIN,"haaparinne 4, 55800 imatra, Finland",28.82552310304041,61.22593155653493
FIN,"toroistentie 16, 21270 nousiainen, Finland",21.988952691661638,60.62256293865971
FIN,"sievinkuja7, 90460 oulunsalo, Finland",25.390114255896833,64.95045558779987
FIN,"uunikulmantie 3 a 1, 93825 rukatunturi, Finland",29.12933079950946,66.16297474417973
FIN,"rionkatu 10, 99 helsingin kaupunki, Finland",24.952980000000025,60.167950000000076
FIN,"tapiolantie 20, 60150 seinajoki, Finland",22.876890275104387,62.76968835516354
FIN,"sulunpaantie 16, 48400 kotka, Finland",26.875756889058152,60.491213486758625
FIN,"sylvinkuja 1, 76130 pieksamaki, Finland",27.12272857647517,62.304216922402475
FIN,"niisikuja 6, 16300 orimattila, Finland",25.72744244044992,60.79799592066462
FIN,"ellipsikuja 1 b, 2210 espoo, Finland",24.72951475751097,60.17011945609474
FIN,"haapakaarto 1, 90830 haukipudas, Finland",25.36713358872082,65.1647949278771
FIN,"kirkkokuja 22, 61400 ylistaro, Finland",22.529245312426525,62.95003947748234
FIN,"tuomikuja 4, 70420 kuopio, Finland",27.652789823549227,62.93637104934845
FIN,"koulukuja/skolstigen 4, 10820 lappohja/ lappvik, Finland",23.251308800303974,59.90200253198947
FIN,"kirkkotie 23, 93600 kuusamo, Finland",29.18185675012967,65.9618203835384
FIN,"hiirisuontie 1, 2970 espoo, Finland",24.733246213166638,60.307624577687875
FIN,"aarrepuistonkuja 4, 4130 sipoo, Finland",25.28206632718539,60.3765813216458
FIN,"stationsgatan 28, 65100 vasa, Finland",21.62481079885029,63.092491791160995
FIN,"rukankouluntie 30, 93830 rukatunturi, Finland",29.127046311799006,66.16773629382612
FIN,"lautiosaarentie 11, 94500 lautiosaari, Finland",24.56935343545365,65.79787375209753
FIN,"ideaparkinkatu 4, 37570 lempaala, Finland",23.798778170626036,61.36049236699961
FIN,"sinisiipi 9, 70900 toivala, Finland",27.708888225121825,62.99793440988191
FIN,"karhukalliontie 14, 55420 imatra, Finland",28.739953426988762,61.20704096798181
FIN,"paavonkuja 53, 41400 lievestuore, Finland",26.1756895231901,62.26276937511878
FIN,"kaurajarventie 1950, 62395 pettersbacka, Finland",22.62708583969021,63.12354598805473
FIN,"kaijanahontie 4b, 36220 kangasala, Finland",24.01821639575911,61.47038188365772
FIN,"koulutie 14, 12310 ryttyla, Finland",24.766296141206425,60.81541724541012
FIN,"satulantie 155, 82200 hammaslahti, Finland",30.072807963040106,62.45755181296616
FIN,"kielinkatu 7 a 2, 65350 vaasa, Finland",21.654157853524282,63.07675070272606
FIN,"viitaniementie 15a, 40720 jyvaskyla, Finland",25.73232422849736,62.250308586401076
FIN,"vanha vaasantie 35a, 39160 julkujarvi, Finland",23.51382552906019,61.56824269331643
FIN,"paivankierto 35, 96190 rovaniemi, Finland",25.657686314386183,66.52970949491939
FIN,"vilikkalantie 7 b, 25460 toija, Finland",23.443019689732694,60.268003908110785
FIN,"muhosentie 10, 43500 karstula, Finland",24.798154254123187,62.87923032048921
FIN,"lammaslammentie 3, 1710 vantaa, Finland",24.808655513827063,60.26290976454641
FIN,"hakalankatu 11, 15830 lahti, Finland",25.57630675173192,60.982830590094835
FIN,"opistonportti 3, 82220 niittylahti, Finland",29.824544121429568,62.509437721459875
FIN,"uittamontie 20 b 2, 20810 turku, Finland",22.259000093796743,60.433477512762636
FIN,"niukkalantie 10, 43100 saarijarvi, Finland",25.222448867383633,62.7074100601987
FIN,"vartiokatu 2b, 96100 rovaniemi, Finland",25.71850228466861,66.50249766546352
FIN,"soutajantie 18, 90560 oulu, Finland",25.459720010617616,65.04302159652255
FIN,"tilanhoitajankaari 28, 99 helsingin kaupunki, Finland",25.025590000000022,60.22665000000006
FIN,"erakuja 3, 1600 vantaa, Finland",24.85663528780296,60.272037489466385
FIN,"paltankatu 27, 20360 turku, Finland",22.28166291596446,60.484040254021096
FIN,"paaskynkatu 9, 77600 suonenjoki, Finland",27.107116611258647,62.62072307645377
FIN,"lastenkatu 3, 80100 joensuu, Finland",29.78940802150845,62.61219733981983
FIN,"kasarmikatu 10, 15700 lahti, Finland",25.628971673741294,60.97071891805204
FIN,"eestintaival 3 d 25, 2280 espoo, Finland",24.67568190054766,60.169617086727925
FIN,"axel mornevagen 1a, 65320 vaasa, Finland",21.674452649024367,63.088571991974035
FIN,"puistokuja 3 c 1, 3850 pusula, Finland",23.983322532839765,60.471467357348416
FIN,"telkankuja 4, 91100 ii, Finland",25.39989853529255,65.32292909236762
FIN,"sinipiiankuja 3, 2400 kirkkonummi, Finland",24.473281150286045,60.122360871243465
FIN,"vihastenkarinkatu 8, 92130 raahe, Finland",24.491266871099953,64.68579854568736
FIN,"kvisgatan 6, 2210 esbo, Finland",24.729772584852668,60.16768958427369
FIN,"partalantie4, 74160 iisalmi, Finland",27.14642924589404,63.617153751485574
FIN,"sireenikatu 9 c 64, 270 helsinki, Finland",24.8943117749385,60.19535007430025
FIN,"ojamonkatu 10, 8100 lohja, Finland",24.042531542499802,60.240517049208535
FIN,"ratatie 23, 91700 vaala, Finland",26.8481995383502,64.55973417710501
FIN,"itainen kehatie 6, 31400 somero, Finland",23.51705243043463,60.61650529532531
FIN,"koetilankuja 2, 99 helsingin kaupunki, Finland",25.022170000000074,60.22308000000004
FIN,"sarkiniementie 29, 99 helsingin kaupunki, Finland",24.87677000000008,60.15288000000004
FIN,"opintie 3, 99300 muonio, Finland",23.67553762331397,67.9615421956226
FIN,"paitalammentie 6a, 80710 lehmo, Finland",29.81587329405167,62.679912682007966
FIN,"ummeljoentie 11b, 950 helsinki, Finland",25.09077218598256,60.221721720985016
FIN,"kalevalantie 2 a, 9220 sammatti, Finland",23.820120088672326,60.318454289957174
FIN,"lietvedentie 3086, 52230 hurissalo, Finland",27.83353450141547,61.49944030749586
FIN,"jalkalantie 6 d 14, 77600 suonenjoki, Finland",27.136762396961814,62.625292890065026
FIN,"rektorsgranden 4, 2360 esbo, Finland",24.66615930416907,60.14807060833465
FIN,"kuusihaankatu 3 a 1, 45150 kouvola, Finland",26.716982688157344,60.852756025666736
FIN,"koulutie 16, 72300 vesanto, Finland",26.407145134362935,62.93504670864672
FIN,"talvikintie 11, 13500 hameenlinna, Finland",24.378342518759126,60.98302383487254
FIN,"komeetankatu 4, 37140 nokia, Finland",23.455299010246677,61.4803014888802
FIN,"kaarina maununtyttaren tie 103, 36200 kangasala, Finland",24.03617118673222,61.46030759041213
FIN,"laurinpuistikko 14   a 6, 80160 joensuu, Finland",29.803170268332195,62.62146127066643
FIN,"rasitie 3, 92140 pattijoki, Finland",24.595828933918767,64.70242027877941
FIN,"kiertotie 25, 61280 jokipii, Finland",22.690339955822736,62.5211444741679
FIN,"jyranmaankatu 25, 37140 nokia, Finland",23.470554576940174,61.47486540557577
FIN,"ylioppilaantie 2, 90100 oulu, Finland",25.503959611758575,65.01028213417635
FIN,"tuulimyllyntie 8 b 6, 14200 turenki, Finland",24.655305493928182,60.91569602997774
FIN,"hansinkatu 4, 1400 vantaa, Finland",25.05568595838531,60.33211578630474
FIN,"hirvitie 13, 15560 nastola, Finland",25.899742372224726,60.95073807326075
FIN,"sjofarargatan 5, 2320 esbo, Finland",24.65496284172636,60.14818720060782
FIN,"herramaentie 1, 29630 pomarkku, Finland",22.015108252882555,61.69021741100133
FIN,"sjomansvagen 19, 68620 jakobstad, Finland",22.686280935390982,63.67701818406442
FIN,"ajolenkki 8, 1700 vantaa, Finland",24.82879873590022,60.317681520393904
FIN,"jussilankatu 14, 30420 forssa, Finland",23.597199685684046,60.81977906209406
FIN,"samoojantie 4, 87700 kajaani, Finland",27.681467834711754,64.21184399827004
FIN,"ohitustie 7, 58900 rantasalmi, Finland",28.30888237259765,62.06512036829494
FIN,"jyvakatu 4, 5880 hyvinkaa, Finland",24.839568643290335,60.64553438250232
FIN,"niittykuja 10, 62200 kauhava, Finland",23.027499580302987,63.09474174543038
FIN,"kenttatie 6, 31600 jokioinen, Finland",23.4908389502628,60.8036047549935
FIN,"ristikedonkatu 41 c 76, 24240 salo, Finland",23.10040000970494,60.40267062392209
FIN,"luostarinakatu 1 a 1, 21100 naantali, Finland",22.01944219973845,60.47042842044979
FIN,"meteorinkatu 4b, 2210 espoo, Finland",24.733349237342765,60.16862299080853
FIN,"soolaajankuja 2, 14500 iittala, Finland",24.126698423236007,61.08906815344889
FIN,"vanha kuninkaantie 29, 6100 porvoo, Finland",25.661327329306545,60.40106934513946
FIN,"pitkaahontie 3, 87200 kajaani, Finland",27.739921131981504,64.23366309806408
FIN,"sammonkuja 4, 91500 muhos, Finland",25.97258787880307,64.81249834634946
FIN,"pikitie 5, 3620 karkkila, Finland",24.247151484828038,60.53513285728877
FIN,"kansakoulukatu 2, 40100 jyvaskyla, Finland",25.74919279976009,62.24589097830764
FIN,"vihtialantie 154, 41310 leppavesi, Finland",25.859022813783497,62.30184178440916
FIN,"lehtokylantie 4, 31600 jokioinen, Finland",23.475763762125638,60.79684676173929
FIN,"kaanaankuja 2, 99 helsingin kaupunki, Finland",24.981800000000078,60.212000000000046
FIN,"sailatie 31, 1280 vantaa, Finland",25.10911028138787,60.24970105860834
FIN,"vilhulantie 6 d 27, 76850 naarajarvi, Finland",27.07586418235482,62.287985492631776
FIN,"esikkotie 1, 1300 vantaa, Finland",25.04105752568742,60.29751084758783
FIN,"laivalahdenkaari 11, 810 helsinki, Finland",25.036746461427185,60.18922789031137
FIN,"juhontie 3 a 1, 65610 korsholm, Finland",21.672319928962878,63.10875926311536
FIN,"marttilankatu 23, 38200 sastamala, Finland",22.912657029420444,61.34191299851142
FIN,"tenavatie 1, 92620 piippola, Finland",25.951158705144735,64.1789475847869
FIN,"uomatie 13, 63300 alavus, Finland",23.633723912590057,62.593281312190584
FIN,"kunivagen 19, 66580 kuni, Finland",21.95884162651322,63.158831579219
FIN,"siilitie 1 r 158, 800 helsinki, Finland",25.045875359813635,60.20769427074478
FIN,"kievarinkatu 5, 38840 niinisalo, Finland",22.477043989336607,61.84494072191649
FIN,"lonnrotinkatu 12, 99 helsingin kaupunki, Finland",24.93643000000003,60.16563000000008
FIN,"hovitie 11, 1380 vantaa, Finland",25.063981695596112,60.28319811927304
FIN,"seimelankuja 9, 3400 vihti, Finland",24.32936663940984,60.41696160119815
FIN,"yrjolantie 4, 39500 ikaalinen, Finland",23.083649949675277,61.768288594562705
FIN,"malikkakatu 8 as. 1, 15160 lahti, Finland",25.761487970948906,60.96827189483133
FIN,"suotie 4, 2330 espoo, Finland",24.64377928741453,60.16674494378583
FIN,"linnunniementie 4, 80110 joensuu, Finland",29.722163197455075,62.59817164977926
FIN,"vuokkopolku 1 d 29, 18200 heinola, Finland",26.03701831122723,61.215588749021094
FIN,"teuvontie 7, 25330 kuusjoki, Finland",23.226420079929028,60.52679877287093
FIN,"koskitie 5 a, 61600 jalasjarvi, Finland",22.747745263738437,62.49217779026003
FIN,"syrjasenkatu 19, 3600 karkkila, Finland",24.219582902369837,60.53829874402763
FIN,"jukolantie 47b, 93100 pudasjarvi, Finland",26.98276780870873,65.34878500054998
FIN,"markkasenmutka 2, 61500 isokyro, Finland",22.30605676877593,62.998497422318195
FIN,"liepeentie 24, 41400 lievestuore, Finland",26.206263353212847,62.26315393683649
FIN,"kaartokatu 4, 70620 kuopio, Finland",27.67117278016106,62.883600652726706
FIN,"maliskylantie 936, 85500 nivala, Finland",24.99703083192105,63.926482448771736
FIN,"kuninkaistentie 24 h 38, 2610 espoo, Finland",24.764337122796263,60.22405842795226
FIN,"laattakatu 6, 8150 lohja, Finland",24.057425430071277,60.232833735753246
FIN,"paavo kolinkatu 12, 33720 tampere, Finland",23.833972440955222,61.44553167812785
FIN,"vajokkaantie 3 b 12, 94500 lautiosaari, Finland",24.580820633368944,65.79804658694101
FIN,"koulutie 41, 60720 tuomikyla, Finland",22.677510782460445,62.76667480951485
FIN,"kattilakorventie 55, 27840 koylio, Finland",22.402494893182897,61.074175122417316
FIN,"monninlinja202, 5800 hyvinkaa, Finland",24.86514920595343,60.67360826799347
FIN,"laurantie 4, 1360 vantaa, Finland",25.073073660678126,60.31991830660974
FIN,"rankimaentie 4, 62100 lapua, Finland",23.040867710039436,62.97031042304371
FIN,"vilppulanpolku 20, 33720 tampere, Finland",23.838341927080563,61.45575005628902
FIN,"vehnatie 7, 1370 vantaa, Finland",25.058269428582065,60.30143697294474
FIN,"makitie 20, 35100 orivesi as, Finland",24.364460578358006,61.65650237894454
FIN,"kaakontie 9, 43900 kinnula, Finland",24.988685382990496,63.35779097087578
FIN,"kulunkierto 2, 87950 kuluntalahti, Finland",27.896526096340523,64.2740147534171
FIN,"murtamontie 681, 27230 lappi, Finland",21.732740794184025,61.134965234033274
FIN,"kelotie 4 as. 1, 21540 preitila, Finland",22.732542670673013,60.452541397163884
FIN,"norrtaget 1, 64210 kalax, Finland",21.2840092374403,62.48708582599045
FIN,"katepalintie 7a, 37500 lempaala, Finland",23.750943906489255,61.32614726728116
FIN,"kontionkatu 1, 38200 sastamala, Finland",22.93950577403396,61.3268252375195
FIN,"itsehallintotie 4, 2600 espoo, Finland",24.822174182544558,60.21154730590598
FIN,"paivakunnaantie 17, 44120 aanekoski, Finland",25.72981678216243,62.63130782760274
FIN,"hakaniemenranta 28, 99 helsingin kaupunki, Finland",24.962190000000078,60.18034000000006
FIN,"nikkilankatu 60, 15610 lahti, Finland",25.63555557543205,60.95965701665713
FIN,"koulumestarintie 15, 680 helsinki, Finland",24.952948384430698,60.248264484223114
FIN,"jalavakaari 2, 16300 orimattila, Finland",25.723951796872512,60.81414357331309
FIN,"siuntionkatu 51, 8150 lohja, Finland",24.089573381510377,60.238871178701004
FIN,"juolankatu 9, 33730 tampere, Finland",23.911527592647587,61.4786239766882
FIN,"miekka 1 a 6, 2600 espoo, Finland",24.82512980924227,60.21379646389457
FIN,"keksijankuja 1 b 8, 8350 lohja, Finland",24.043142415603228,60.27160976094734
FIN,"metsolantie 7, 1450 vantaa, Finland",25.08340222997748,60.350651610805954
FIN,"gamla skrabbvagen 12, 67500 karleby, Finland",23.202385307849568,63.76098959881858
FIN,"nallitie 3, 99 helsingin kaupunki, Finland",24.952980000000025,60.167950000000076
FIN,"ruuttikatu 1 c 1, 95900 kolari, Finland",23.79080061045977,67.32880393384434
FIN,"ojalantie 21, 62190 ruha, Finland",22.981047324361754,62.90463138041301
FIN,"juhaninkatu 10, 5830 hyvinkaa, Finland",24.851901775622707,60.617997483638106
FIN,"koskenalantie 5, 60220 seinajoki, Finland",22.829139829999377,62.77759081347733
FIN,"kalasaaksentie 3 d 41, 2620 espoo, Finland",24.7723404992243,60.23198079328611
FIN,"opintie 4, 79600 joroinen, Finland",27.831847643401403,62.17915913657245
FIN,"koulukuja 1, 21250 masku, Finland",22.106561773506257,60.56770891443253
FIN,"makkolankatu 18, 87150 kajaani, Finland",27.701794270817143,64.22689435209075
FIN,"laurinkatu 9, 78400 varkaus, Finland",27.87172899016724,62.34345030614335
FIN,"kalsolantie 31, 4600 mantsala, Finland",25.312127268552842,60.64817920823032
FIN,"kauppakatu 8, 23800 laitila, Finland",21.69582286928585,60.87552613619508
FIN,"vaardi 109, 85560 nivala, Finland",25.001767270733495,63.853819637491284
FIN,"koristonkaari 4 d 80, 20780 kaarina, Finland",22.354456811377048,60.40427047778121
FIN,"puolukkapolku 8, 61300 kurikka, Finland",22.373545673849776,62.614069815079716
FIN,"lumilantie 7, 21280 raisio, Finland",22.190287347040282,60.48061700094519
FIN,"saukonpaadenranta 4, 99 helsingin kaupunki, Finland",24.90823000000006,60.159380000000056
FIN,"kuhakatu 6, 70820 kuopio, Finland",27.68713073231612,62.81458576806568
FIN,"suutarintie 1, 45200 kouvola, Finland",26.726519449952292,60.87603814475054
FIN,"lansimetsantie 10, 65280 vaasa, Finland",21.57588210961589,63.13128038920988
FIN,"talolantie 9, 26100 rauma, Finland",21.48600799100754,61.12172153364946
FIN,"ravasstigen 1, 68810 ytteresse, Finland",22.987984522705887,63.62508864776467
FIN,"myllykatu 48, 11710 riihimaki, Finland",24.746646948506424,60.719019114374646
FIN,"emilianpolku 3, 74120 iisalmi, Finland",27.182836209974653,63.58595241028161
FIN,"kuorttilantie 14, 37830 akaa, Finland",23.764249507228016,61.19352808277753
FIN,"varikonniementie 16, 13200 hameenlinna, Finland",24.479067749000023,60.99886500000008
FIN,"kissakoskentie 24, 41340 laukaa, Finland",25.96182459311646,62.425649702747194
FIN,"akunpolku 3, 62100 lapua, Finland",23.04768605299651,62.965603188129876
FIN,"hakotarhantie 2, 28430 pori, Finland",21.861084579425437,61.44728894412856
FIN,"kajaanintie 212 a, 90240 oulu, Finland",25.570457440600933,64.98530167387113
FIN,"kullbyvagen 4, 7700 koskenkylan saha, Finland",25.93450078192542,60.49563249015419
FIN,"hermanninaukio 2 a 3, 70100 kuopio, Finland",27.681724237129885,62.8810692219441
FIN,"vuonankuja 10, 55100 imatra, Finland",28.768962858602862,61.17995899691243
FIN,"kullekuja 4, 94400 keminmaa, Finland",24.540795193965007,65.80556977420463
FIN,"harjuntie 8c as. 24, 82500 kitee, Finland",30.15340465593775,62.09233351614901
FIN,"jannekatu 1, 74120 iisalmi, Finland",27.20032815225437,63.56933507768872
FIN,"leppalantie 3, 11910 riihimaki, Finland",24.687283376551818,60.72990909252778
FIN,"lohenpyrsto 1, 87700 kajaani, Finland",27.680227648317924,64.21503561745166
FIN,"teirinkatu 5, 65350 vaasa, Finland",21.654781634758592,63.07853797594018
FIN,"katajakatu 5 d 15, 15210 lahti, Finland",25.67355141307857,60.99720127927009
FIN,"luonnonmaantie 138, 21100 naantali, Finland",21.987411594943808,60.46131766888374
FIN,"kaunismaentie 16 as. 1, 66440 tervajoki, Finland",22.129524332531503,62.99683168670015
FIN,"piispalantie 6 b 9, 21420 lieto, Finland",22.460377832157718,60.511135803773584
FIN,"laitumentie 9, 86300 oulainen, Finland",24.81310311929002,64.26934645244356
FIN,"kalliotie 2, 66400 laihia, Finland",22.040220602434232,62.98067753807672
FIN,"serlachiuksentie 7 d 8, 12400 tervakoski, Finland",24.61709114006584,60.81349037159862
FIN,"kaarenjalka 7, 99 helsingin kaupunki, Finland",25.075390000000027,60.23646000000008
FIN,"pajatie 3, 12310 ryttyla, Finland",24.766333859770725,60.815139427229354
FIN,"tikkakoskentie 50, 41160 jyvaskyla, Finland",25.697200282335842,62.38641422353052
FIN,"toivolankatu 19, 20810 turku, Finland",22.26791600802352,60.43536013012536
FIN,"kehatie 7, 62200 kauhava, Finland",23.035881734935515,63.10498019824968
FIN,"puistolankuja 10, 90910 kontio, Finland",25.631335203364188,65.15065034625616
FIN,"vironkatu 9 d 22, 170 helsinki, Finland",24.954571623799666,60.17268012751484
FIN,"kimaratie 12, 1680 vantaa, Finland",24.779094972079207,60.28267357977231
FIN,"torikatu 2, 36200 kangasala, Finland",24.074372297187523,61.46296628818985
FIN,"ilmajoentie 539, 60800 ilmajoki, Finland",22.53805510817935,62.71883631251697
FIN,"miilukuja 1 a 1, 63300 alavus, Finland",23.646938821136445,62.59190068700906
FIN,"kangastie 8, 5100 roykka, Finland",24.644793497698743,60.48415722347988
FIN,"loimutie 22, 70150 kuopio, Finland",27.607395028512656,62.89045649249593
FIN,"nuutintie 4, 46860 keltakangas, Finland",26.82442331443547,60.75349898408802
FIN,"toivonlinnantie 29, 21500 piikkio, Finland",22.527210685670013,60.42191321049907
FIN,"petajakuja 7, 31600 jokioinen, Finland",23.49368351674346,60.796103077380025
FIN,"everstinkuja 6, 2600 espoo, Finland",24.821521819020404,60.21403362984492
FIN,"ruissalontie 6, 49410 poitsila, Finland",27.153036365641626,60.57618186939592
FIN,"illenpiha 6, 1520 vantaa, Finland",24.962313903943794,60.28364416225051
FIN,"vesikuja 8, 99 helsingin kaupunki, Finland",24.952980000000025,60.167950000000076
FIN,"armilankatu 33 a, 53100 lappeenranta, Finland",28.205918654895356,61.057809144751076
FIN,"lopentie 33-35 c 19, 11100 riihimaki, Finland",24.759496741350517,60.73064150322725
FIN,"kullervontie 5, 90570 oulu, Finland",25.489099670894944,65.06444783651477
FIN,"onkiniemenkatu 1, 38200 sastamala, Finland",22.906656592575217,61.33956556270809
FIN,"varvinkatu 17, 28100 pori, Finland",21.80298223244165,61.48426315350656
FIN,"rassisammal 1, 49200 heinlahti, Finland",26.75953618565552,60.494080432920754
FIN,"kivisillankatu 2, 15300 lahti, Finland",25.764217789175092,60.99551240959926
FIN,"kytokatu 12, 15230 lahti, Finland",25.709905235893046,61.00899327593342
FIN,"syyriankatu 1, 99 helsingin kaupunki, Finland",24.97063000000003,60.20842000000005
FIN,"simolantie 16, 2580 siuntio, Finland",24.216247491639223,60.144280646994844
FIN,"tulkkilantie 2, 32800 kokemaki, Finland",22.34545917359435,61.258576806289426
FIN,"hietatie 4, 21220 raisio, Finland",22.1324307574576,60.5037185319251
FIN,"raumontie 357, 95460 tornio, Finland",24.265436438967214,65.84288721244917
FIN,"keilaranta 5, 2150 espoo, Finland",24.833334267527476,60.17644783490172
FIN,"metsapurontie 27, 99 helsingin kaupunki, Finland",24.952980000000025,60.167950000000076
FIN,"myotarinteentie 39, 87500 kajaani, Finland",27.77688750428004,64.20124470451904
FIN,"vionojantie 29, 68370 ullava, Finland",23.8939892984433,63.70290741031192
FIN,"huhkontie 4, 21280 raisio, Finland",22.193364343695976,60.478056664801215
FIN,"kaenkatu 4 k, 4230 kerava, Finland",25.10601375489776,60.41141931918051
FIN,"impivaarankatu 3, 85800 haapajarvi, Finland",25.32721310170703,63.76567101747062
FIN,"tackholmsvagen 10, 65450 solf, Finland",21.655644803147595,63.01503340854077
FIN,"hiessillankatu 10a, 53550 lappeenranta, Finland",28.222932150072182,61.038682051579066
FIN,"kinnulanlahdentie 46, 71730 kinnulanlahti, Finland",27.358947958498703,63.12142733629858
FIN,"kamnerinpolku 5, 20750 turku, Finland",22.351312172762732,60.43428108582006
FIN,"punakiventie 12, 99 helsingin kaupunki, Finland",25.145210000000077,60.214090000000056
FIN,"lithoviuksenlaita 2, 91900 liminka, Finland",25.41525351135772,64.80054382458354
FIN,"korkeakankaantie 285, 82685 littila, Finland",30.36473104281572,62.13523947267572
FIN,"eeronkatu 5, 40720 jyvaskyla, Finland",25.739838856151266,62.24970370635842
FIN,"ojanteentie 4.b.10, 37120 nokia, Finland",23.51886359207279,61.46173079566179
FIN,"atrainkuja 17, 49490 neuvoton, Finland",27.05643920556477,60.55678482193349
FIN,"siiverinmaentie 64, 62310 voltti, Finland",22.820540164979434,63.29216343504012
FIN,"karhunaukio 1, 20750 turku, Finland",22.33713669811243,60.431995005548
FIN,"aurinkotuulentie 15, 80140 joensuu, Finland",29.650289970287247,62.631785386536166
FIN,"kisatie 7, 21490 marttila, Finland",22.887986741442234,60.58702350155778
FIN,"kyyhkyrinne 4b, 1450 vantaa, Finland",25.06256624360688,60.357840182426315
FIN,"tahkakuja 5 b, 1370 vantaa, Finland",25.06277453390078,60.299625601759004
FIN,"pikkukierto 2, 90900 kiiminki, Finland",25.783140019412684,65.1231339411452
FIN,"pellavamaentie 11, 4320 tuusula, Finland",25.01117813634275,60.37523346970568
FIN,"hirvijarventie 1530, 12630 sajaniemi, Finland",24.526181521139193,60.6736935538583
FIN,"korteniityntie 30, 40740 jyvaskyla, Finland",25.702846919048028,62.25615001854308
FIN,"toivojentie 4, 5200 rajamaki, Finland",24.754445052125703,60.53020484304531
FIN,"runoilijanpolku 2, 650 helsinki, Finland",24.973809097415682,60.22765707235209
FIN,"ryytimaa 3 c 10, 2940 espoo, Finland",24.71098463270394,60.23947869904316
FIN,"martinniitty 7, 2270 espoo, Finland",24.695352383281744,60.16212781433114
FIN,"vanhalantorma 20, 91300 ylikiiminki, Finland",25.971767625758304,65.03272799078036
FIN,"mantytie 33, 16710 hollola kk, Finland",25.427599300363852,61.06317167685515
FIN,"laivaniementie 32, 95440 tornio, Finland",24.30836670301312,65.82300638585491
FIN,"vihtakannankatu 15, 74120 iisalmi, Finland",27.211499133711442,63.568762635611364
FIN,"peltalahdentie 11, 21840 karinainen, Finland",22.749142946092945,60.66105062638459
FIN,"kivimiehentie 13 a 9, 12400 tervakoski, Finland",24.618497539599645,60.819308837325934
FIN,"tallbogranden 3, 250 helsingfors, Finland",24.895913472816318,60.185549114917194
FIN,"tuijatie 6, 13300 hameenlinna, Finland",24.539627183480007,60.96477651547863
FIN,"puusepankatu 3, 4200 kerava, Finland",25.08652666820518,60.40774582438533
FIN,"wervinginkuja 2, 90130 oulu, Finland",25.499275468988003,65.0207714992672
FIN,"urheilutie 17 c-d, 36200 kangasala, Finland",24.079176720268634,61.464794255543865
FIN,"askaistentie 700, 21240 askainen, Finland",21.874968196207163,60.573311755700644
FIN,"tiilijarventie 7 a 4, 15870 hollola, Finland",25.508449881108675,60.98971162968766
FIN,"djupbacksgatan 7, 10300 karis, Finland",23.673867529106275,60.07993390787391
FIN,"salmenrannantie 37 b, 74510 iisalmi, Finland",27.232321206122776,63.51218122686828
FIN,"mustikkakuja 3, 62200 kauhava, Finland",23.070391203775245,63.08660065433318
FIN,"aamukuja 18, 60800 ilmajoki, Finland",22.58542501488023,62.72732231892985
FIN,"hannes kolehmaisen katu 25, 70110 kuopio, Finland",27.66260712764347,62.89656279277827
FIN,"saunamaentie 185, 60760 pojanluoma, Finland",22.776601557981508,62.68983488562043
FIN,"roinilantie 14 as. 3, 41340 laukaa, Finland",25.953012530670037,62.40184891149488
FIN,"tullintie 5 d 40, 16300 orimattila, Finland",25.72960891096369,60.80314362459032
FIN,"silmukuja 12, 90900 kiiminki, Finland",25.73654342709881,65.1293623657568
FIN,"makipellontie 25, 15540 villahde, Finland",25.799728811625272,60.92262727717059
FIN,"haanpaantie 21, 92620 piippola, Finland",25.961664107598693,64.1734628444076
FIN,"pietarinkuja 1, 59100 parikkala, Finland",29.500071597052766,61.551918942272636
FIN,"mesikammen 10 a 4, 40400 jyvaskyla, Finland",25.812125394964653,62.243509312273716
FIN,"jokelantie 30, 33960 pirkkala, Finland",23.632470734246283,61.434216402207596
FIN,"miiantie 5, 65610 korsholm, Finland",21.69806905169881,63.1189677925403
FIN,"oksakuja 2, 91100 ii, Finland",25.384510953624044,65.31615961590603
FIN,"akkijuhantie 12, 60720 tuomikyla, Finland",22.68257957076773,62.76421463711384
FIN,"petter kumpulaisentie 28, 74130 iisalmi, Finland",27.224932474654594,63.54618899689345
FIN,"lahteentie 10 b, 74700 kiuruvesi, Finland",26.61750885966117,63.64706256131038
FIN,"pohjoiskulma 9, 750 helsinki, Finland",25.052496476589,60.282877511476585
FIN,"algvagen 30, 64100 krs, Finland",21.352272965643692,62.279040074105865
FIN,"tiilitehtaankatu 10, 4260 kerava, Finland",25.098046169196266,60.378371528526
FIN,"aapatie 4 a 2, 70780 kuopio, Finland",27.659007603143806,62.855389752823584
FIN,"vanha littoistentie 26, 20540 turku, Finland",22.30831401530108,60.450255735986985
FIN,"kornetintie 5, 99 helsingin kaupunki, Finland",24.872850000000028,60.21717000000007
FIN,"okkerintie 11, 31400 somero, Finland",23.50247822865029,60.62848190340608
FIN,"junailijankatu 14, 11100 riihimaki, Finland",24.77046580276007,60.73829724022107
FIN,"pajakuja 2, 91100 ii, Finland",25.36559693765156,65.32105347389404
FIN,"korpelantie 12, 41310 leppavesi, Finland",25.851079367963166,62.33312472344056
FIN,"halkonevantie 14, 60450 munakka, Finland",22.728878186423742,62.84214596862074
FIN,"vaapukkatie 34, 80330 reijola, Finland",29.827602258803125,62.53882836203036
FIN,"saterinkatu 9, 2600 espoo, Finland",24.808888949830504,60.21452615047551
FIN,"malax kyrktaet 5, 66100 malax, Finland",21.57015148623387,62.93861513628559
FIN,"myllykoluntie 7 e 8, 37560 lempaala, Finland",23.777144981444422,61.3819045253945
FIN,"nitinkuja 3a as 2, 20660 littoinen, Finland",22.41249377951607,60.450372370169674
FIN,"leiritie 56, 49510 huisula, Finland",27.165378884955032,60.59965649647623
FIN,"vesalankuja 1, 90410 oulu, Finland",25.49167467864566,64.96838742044264
FIN,"sikoperantie 39, 85500 nivala, Finland",24.86022014397207,63.92814297877632
FIN,"karhintie 3, 68230 lohtaja, Finland",23.50373752578335,64.0229733167323
FIN,"vidnasinkatu 10, 67100 kokkola, Finland",23.14784803574338,63.836054319439484
FIN,"putaantie 2, 91500 muhos, Finland",26.016191712588153,64.8111063636891
FIN,"levolantie 29, 21290 rusko, Finland",22.238566354959545,60.54475733570044
FIN,"koulukaarre 2, 71470 oravikoski, Finland",27.60285647940023,62.58745827832607
FIN,"koroistentie 1 as. 26 b, 21500 piikkio, Finland",22.520682691838914,60.42929238659764
FIN,"vuohirinne 13, 1480 vantaa, Finland",25.101475457242458,60.34656384044632
FIN,"aapiskuja 5, 32440 alastaro, Finland",22.858265423074602,60.95741736881939
FIN,"vanha yhdystie 25, 4430 jarvenpaa, Finland",25.124534827249363,60.46819971430497
FIN,"lojtnantsvagen 10, 99 helsingin kaupunki, Finland",24.952980000000025,60.167950000000076
FIN,"mentulantie 143, 53400 lappeenranta, Finland",28.35985155234107,61.07567911086403
FIN,"norkkotie 1 b 6, 90540 oulu, Finland",25.460560547868056,65.07375103657773
FIN,"maurizintie 13, 21530 paimio, Finland",22.714396185574316,60.437904456834275
FIN,"hiippakuja 9, 21360 lieto as, Finland",22.437307817133757,60.57155587271393
FIN,"kaura-ahontie 4 b, 78870 varkaus, Finland",27.836242107598224,62.31453873324884
FIN,"kivisaarentie 1, 99 helsingin kaupunki, Finland",24.952980000000025,60.167950000000076
FIN,"muottikatu 3a12, 90530 oulu, Finland",25.46332548626853,65.0313196214993
FIN,"alhontie 21, 31300 tammela, Finland",23.787932323193132,60.80726207271556
FIN,"koulukatu 18 as. 1, 39200 kyroskoski, Finland",23.179723323872196,61.66498687661485
FIN,"raumantie 5, 99 helsingin kaupunki, Finland",24.952980000000025,60.167950000000076
FIN,"skolhusgatan 9 a 10, 65100 vasa, Finland",21.60414781496121,63.098858642903565
FIN,"nikkolantie 12 a, 60800 ilmajoki, Finland",22.583343704502738,62.737173988827124
FIN,"kivikaarenkatu 9, 33400 tampere, Finland",23.685409325959824,61.524013952130446
FIN,"kumpulanportti 3, 520 helsinki, Finland",24.951094978000555,60.20214993516083
FIN,"kunnantie 1, 75700 valtimo, Finland",28.81701756679314,63.67845538709241
FIN,"ritavuorentie 65, 27100 eurajoki, Finland",21.731598592238328,61.177562568885065
FIN,"metsastajantie 8, 62900 alajarvi, Finland",23.780537975849825,63.00493480777598
FIN,"paulankatu 2 a, 99 helsingin kaupunki, Finland",24.952980000000025,60.167950000000076
FIN,"wallinsgatan 1, 530 helsingfors, Finland",24.941250684178073,60.18330603380841
FIN,"maapadontie 1, 99 helsingin kaupunki, Finland",24.952980000000025,60.167950000000076
FIN,"wilskmanintie 1 e, 63600 toysa, Finland",23.81535698837385,62.64507707331566
FIN,"ullantie 7 as 1, 4600 mantsala, Finland",25.32950270237845,60.63725255925081
FIN,"kuntalantie 9, 45700 kuusankoski, Finland",26.609144223206272,60.904666996050935
FIN,"kalevantie 4, 13500 hameenlinna, Finland",24.401258809678836,60.984285101752874
FIN,"maahisentie 2, 4440 jarvenpaa, Finland",25.06872920555469,60.4898561213584
FIN,"taimistonkatu 16 a1, 8100 lohja, Finland",24.05874608273558,60.261417157138425
FIN,"rantatie 26, 31400 somero, Finland",23.536756608419466,60.62238260201289
FIN,"taasjarventie 9, 1150 soderkulla, Finland",25.342400439708683,60.30042661833596
FIN,"leppakatu 1, 15520 lahti, Finland",25.678182414583006,60.97296701789506
FIN,"paprikakuja 2, 90460 oulunsalo, Finland",25.400770253222788,64.9397013964782
FIN,"apajakuja 1, 1600 vantaa, Finland",24.84671094680519,60.25795459293664
FIN,"ounastie 112 b, 99400 enontekio, Finland",23.631725750692055,68.38566419127662
FIN,"riuhtalantie 31, 7170 pornainen, Finland",25.343597040205992,60.481841638908634
FIN,"harmokuja 4 a, 1200 vantaa, Finland",25.10085712424518,60.27769502265272
FIN,"kalliorinne 6, 70910 vuorela, Finland",27.697374759101024,62.98700537206
FIN,"pitkanmaentie 26 f 6, 75530 nurmes, Finland",29.07338637349818,63.55970288792611
FIN,"sitomantie 7, 28360 pori, Finland",21.829990568491638,61.478913487623885
FIN,"karvalankuja 3 b 4, 21420 lieto, Finland",22.46495586003408,60.50045499601421
FIN,"lautamiehenkatu 6, 21200 raisio, Finland",22.16193094950259,60.48999664396513
FIN,"keisaarentie 7, 95450 tornio, Finland",24.165145291092415,65.82842998012362
FIN,"kalastajankuja 8, 2230 espoo, Finland",24.732251365078724,60.154482722354345
FIN,"metsolantie 11, 56100 ruokolahti, Finland",28.825974803802552,61.29379638996619
FIN,"kirkkokatu 28, 90100 oulu, Finland",25.46598120847065,65.00948421890357
FIN,"puusepankatu 3, 24260 salo, Finland",23.147047312533033,60.401261584088786
FIN,"koylijoentie 75, 16320 pennala, Finland",25.737475830008037,60.89781424538131
FIN,"mechelininkatu 34, 260 helsinki, Finland",24.916272612303427,60.17907705740475
FIN,"kannuskuja 5, 1200 vantaa, Finland",25.110369662339963,60.278953397776434
FIN,"fagelsvangen 1, 10640 dragsvik, Finland",23.511712152283508,59.99668048694576
FIN,"kuntokatu 4, 88900 kuhmo, Finland",29.518502312488152,64.11691412521384
FIN,"kirkkotie 36, 91600 utajarvi, Finland",26.41686470546614,64.76378494629813
FIN,"kiskotie 11, 55700 imatra, Finland",28.8221356406911,61.21373735424771
FIN,"karrakersvagen 6, 66530 kvevlax, Finland",21.825856865302597,63.16468822451526
FIN,"rankionkatu 10, 21260 raisio, Finland",22.157262229433883,60.46536000932815
FIN,"kylatie 12, 15540 villahde, Finland",25.815898592498115,60.95364924564663
FIN,"taimipolku 2, 26660 rauma, Finland",21.531084944275705,61.11928219027783
FIN,"asunmaantie 68, 85500 nivala, Finland",24.976947701059714,63.937271248520005
FIN,"kurkisuontie 20, 99 helsingin kaupunki, Finland",25.068020000000047,60.23353000000003
FIN,"0407042863, 370 helsinki, Finland",24.932650000000024,60.17116000000004
FIN,"kiikarikatu 36, 80160 joensuu, Finland",29.848397341486248,62.62651249888657
FIN,"keihastie 6, 1280 vantaa, Finland",25.106959317394967,60.242826556899956
FIN,"perustie 40, 99 helsingin kaupunki, Finland",24.952980000000025,60.167950000000076
FIN,"karjatie 3, 99100 kittila, Finland",24.914232792758497,67.64137377852637
FIN,"kangastie 1, 5100 roykka, Finland",24.64294704824823,60.4840168266017
FIN,"oppilaskodintie 23, 2700 kauniainen, Finland",24.7129884942961,60.216697524402605
FIN,"espoonlahdentie 6, 2320 espoo, Finland",24.658928823032852,60.147646525943486
FIN,"punakanelinkuja 1, 99 helsingin kaupunki, Finland",25.151610000000062,60.210480000000075
FIN,"koulukuja 1, 21350 ilmarinen, Finland",22.379741492858045,60.50753598590731
FIN,"asematie 12 a 4, 19110 vierumaki, Finland",25.931858277549605,61.10329700456013
FIN,"kantotie 5, 84100 ylivieska, Finland",24.530237272628682,64.08576563190937
FIN,"onninkatu 14 b, 53500 lappeenranta, Finland",28.239759415499748,61.05579673361768
FIN,"joukahaisenkuja 37, 23800 laitila, Finland",21.643764964138967,60.91333149509194
FIN,"hermiankatu 5, 33720 tampere, Finland",23.860013673016795,61.44878532339297
FIN,"urheilupuistontie 28, 80330 joensuu, Finland",29.83956519385547,62.54236902143416
FIN,"koivutie 13, 82600 tohmajarvi, Finland",30.335147534653146,62.23527551732738
FIN,"punamaenpolku 1, 99 helsingin kaupunki, Finland",24.952980000000025,60.167950000000076
FIN,"ronkantie 17, 32830 riste, Finland",22.412651778390938,61.263271216891354
FIN,"jussilantie 16, 4300 tuusula, Finland",25.013818435843007,60.392346717599935
FIN,"vuolteentie 26, 38360 sastamala, Finland",22.563286899851306,61.46711248041461
FIN,"ahotie 8 a 4, 81200 eno, Finland",30.13968733611503,62.794759549570614
FIN,"runeberginkatu 63, 99 helsingin kaupunki, Finland",24.952980000000025,60.167950000000076
FIN,"sormulantie 8, 70780 kuopio, Finland",27.6118072623442,62.80668448321833
FIN,"nasinojankuja 2, 690 helsinki, Finland",24.942561194739568,60.259160539256015
FIN,"lummetie 11, 1300 vantaa, Finland",25.03692323576516,60.29704565196161
FIN,"myllytie 8, 13720 parola, Finland",24.371149085634926,61.05661531028181
FIN,"mayravuorentie 6, 36200 kangasala, Finland",24.101186005445754,61.455274802378966
FIN,"kiteentie 81b, 82500 kitee, Finland",30.099995923275117,62.121499689352476
FIN,"kaaritie 6, 23800 laitila, Finland",21.714938050934563,60.87691040750448
FIN,"kolvangintie 7, 93600 kuusamo, Finland",29.197922427765064,65.98432788904026
FIN,"pajaraitti 10, 45100 kouvola, Finland",26.685844672231866,60.86757267400043
FIN,"laaksotie 1, 1390 vantaa, Finland",25.01472183736726,60.31579265851332
FIN,"puistotie 1, 93100 pudasjarvi, Finland",26.9996345448306,65.35966948855653
FIN,"amiraalinkatu 3, 160 helsinki, Finland",24.973642968094737,60.16686547555349
FIN,"torpantie 31 c 13, 4430 jarvenpaa, Finland",25.098063435916828,60.4710579432878
FIN,"tohmajarventie 145 a, 82140 kiihtelysvaara, Finland",30.257945177265412,62.48191775404007
FIN,"niinikoskentie 140, 7150 laukkoski, Finland",25.408544216960934,60.414937916404995
FIN,"savikuja 19, 92140 pattijoki, Finland",24.54494541722579,64.696808636513
FIN,"silkkiperhonkuja 4, 55100 imatra, Finland",28.80588572882391,61.19334573447395
FIN,"sodra heikelvagen 5, 2700 grankulla, Finland",24.726999432187057,60.21563591445593
FIN,"kuukanpolku 5, 41230 uurainen, Finland",25.440594435408997,62.4951932218369
FIN,"naatakuja 1 d 31, 1450 vantaa, Finland",25.08863521976798,60.34640688930938
FIN,"roviomaenkatu 8, 24100 salo, Finland",23.152487251512923,60.38813317678316
FIN,"rinnepolku 1b, 70910 vuorela, Finland",27.69810608015308,62.98044053976446
FIN,"peltotie 2, 9120 karjalohja, Finland",23.721255121622818,60.24149961780827
FIN,"hirvastie 2, 57230 savonlinna, Finland",28.96167848676521,61.84821557339663
FIN,"alkulanpolku 6, 65380 vaasa, Finland",21.72769346354889,63.08150173308397
FIN,"kurenniityntie 55, 15540 villahde, Finland",25.863967047009595,60.95658609688124
FIN,"vainolankatu 6, 60120 seinajoki, Finland",22.858237312610335,62.7935920921508
FIN,"kaarikatu 46, 86300 oulainen, Finland",24.801861799348572,64.27083201072456
FIN,"rinnekatu 2, 87500 kajaani, Finland",27.73580871882652,64.20770350573943
FIN,"ratastie 7 b 17, 14200 turenki, Finland",24.653208760848827,60.92012356078257
FIN,"vaasantie 847, 61350 huissi, Finland",22.397920332103013,62.73396225307786
FIN,"metsapirtintie 2, 49400 hamina, Finland",27.22590108738555,60.535595999348715
FIN,"pajakatu 21, 76120 pieksamaki, Finland",27.18055960125315,62.30350752002724
FIN,"leantie 2, 15100 lahti, Finland",25.664436309496345,60.972102928632715
FIN,"kontulankaari 22, 99 helsingin kaupunki, Finland",25.077040000000068,60.24475000000007
FIN,"kuokkamaantie 9, 27710 koylio, Finland",22.313323317186132,61.12019195039431
FIN,"elokuja 1, 45370 valkeala, Finland",26.79564316142148,60.93608048322429
FIN,"myllykuja 1, 21870 riihikoski, Finland",22.60268310206135,60.719626215621645
FIN,"jyskantie 4, 40420 jyska, Finland",25.824357022449533,62.24525631044304
FIN,"pietari hannikaisen tie 1, 99 helsingin kaupunki, Finland",24.897860000000037,60.22612000000004
FIN,"ojalantie 58, 61800 kauhajoki, Finland",22.249324946780376,62.39467463101943
FIN,"mustolankatu 37 f 23, 53420 lappeenranta, Finland",28.317519169448644,61.064614286210684
FIN,"sulunperantie 10, 40800 vaajakoski, Finland",25.84921657380147,62.247556346583906
FIN,"ollaksentie 21, 2940 espoo, Finland",24.694286372835876,60.23492279939117
FIN,"opettajankatu 2 d 18, 20900 turku, Finland",22.227567202517548,60.409965268527145
FIN,"kaskitie 9, 28600 pori, Finland",21.719687153454714,61.47431488217521
FIN,"juvantie 3, 32200 loimaa, Finland",23.031459442820136,60.85706055204247
FIN,"hiekkaharjuntie 12, 1300 vantaa, Finland",25.044311548138182,60.301501681237255
FIN,"kalevantie 1, 15540 villahde, Finland",25.840421023704295,60.951061039674585
FIN,"lahemaenkatu 4 a, 50170 mikkeli, Finland",27.291390908552046,61.69816789762032
FIN,"jokipolku 1 b, 48710 kotka, Finland",26.86811284481925,60.51823167154484
FIN,"nihtimaki 4, 2630 espoo, Finland",24.75662493368455,60.21245762250035
FIN,"kinttupolku 2 c 16, 99800 ivalo, Finland",27.534765166945192,68.65715889663304
FIN,"lokerotie 1 b 1, 63800 soini, Finland",24.204389110302742,62.869627421195446
FIN,"viitonen 2881, 71820 polja, Finland",27.634026011012324,63.11964830234042
FIN,"rakentajankatu 25, 80160 joensuu, Finland",29.799992605019355,62.6169260743153
FIN,"joukahaisentie 10, 28330 pori, Finland",21.85868844476468,61.4696548792858
FIN,"nya borgavagen 149, 890 helsingfors, Finland",25.186375754506514,60.25262944412074
FIN,"ostanpavagen 32 j, 68660 jakobstad, Finland",22.73528531321105,63.68758726105446
FIN,"verstantie 22, 49860 klamila, Finland",27.461698775860327,60.51505631325537
FIN,"valimontie 5, 27500 kauttua, Finland",22.151394645753953,61.12393762503004
FIN,"lielahdentie 244, 21610 kirjala, Finland",22.396543269230307,60.32653695918924
FIN,"savonkatu 8, 74100 iisalmi, Finland",27.18488885424327,63.55763498859369
FIN,"pykalikontie 204, 82200 hammaslahti, Finland",30.017573065132638,62.47710176393255
FIN,"poikluomantie 25, 20760 piispanristi, Finland",22.336487268254388,60.40799426399545
FIN,"lintuparvenpuisto 5 a, 2660 espoo, Finland",24.807003021616026,60.23816328506831
FIN,"rastitie 9, 84100 ylivieska, Finland",24.558772875256267,64.07413460969653
FIN,"peurankuja 2 as 3, 49210 huutjarvi, Finland",26.741567313085113,60.48555306181569
FIN,"tuiskutie 10, 90630 oulu, Finland",25.588039488339803,65.04579575501651
FIN,"miekkiontie 516, 15700 lahti, Finland",25.60768901631593,60.8949268054659
FIN,"itapuolentie 106, 99540 torvinen, Finland",26.649674413096932,67.1974567031476
FIN,"kanervatie 6, 2160 espoo, Finland",24.789281499008325,60.16683659989704
FIN,"pettutie 107, 60720 tuomikyla, Finland",22.750555967330257,62.72307441231007
FIN,"matinsuontie 12, 16100 uusikyla, Finland",26.0374738676648,60.9252636790859
FIN,"muurahaistie 2 d, 65230 vaasa, Finland",21.599935657158454,63.12480335735009
FIN,"muurarinkatu 8, 80100 joensuu, Finland",29.794202721581883,62.6186046342452
FIN,"vanhatie 27, 86100 pyhajoki, Finland",24.25717825268265,64.46786135177493
FIN,"vuorenmaanrinne 28, 60220 seinajoki, Finland",22.83125693110341,62.773167976538275
FIN,"lammenkatu 11, 81750 pankakoski, Finland",30.16279196839909,63.323518584167374
FIN,"kulamaantie 55, 26930 vermuntila, Finland",21.518588700107586,61.044247644508374
FIN,"hamarintie 13, 6650 hamari, Finland",25.640386150051086,60.36351820936591
FIN,"valipolku 6, 45100 kouvola, Finland",26.83522904610038,60.89560783509893
FIN,"sepanrinteentie 2, 2480 kirkkonummi, Finland",24.41095692310992,60.086279762949005
FIN,"ilmarisentie 22, 3100 nummela, Finland",24.30562196499929,60.33109185301285
FIN,"vuohenmaantie 229, 23800 laitila, Finland",21.749207881162505,60.87785999331524
FIN,"rajantie 4, 21540 preitila, Finland",22.73209398739604,60.46135664473351
FIN,"urheilumajantie 10, 62100 lapua, Finland",22.98085688752161,62.96420064427153
FIN,"kravuntie 1 h 28, 740 helsinki, Finland",24.996212499680098,60.27744163771973
FIN,"mamsellimyllynkatu 26 i 27, 920 helsinki, Finland",25.06096538391941,60.218038042177454
FIN,"suurmaentie 228, 70280 kuopio, Finland",27.63323140686063,62.91557366164196
FIN,"koskenkorvankuja 2, 86600 haapavesi, Finland",25.39596339938973,64.14064434084139
FIN,"lahdesuonkatu 4 a 3, 80140 joensuu, Finland",29.695063833936615,62.622757741540084
FIN,"koskenkylanraitti   21 a, 27650 honkilahti, Finland",22.154310290773537,60.967538855489124
FIN,"arvinkuja 4, 61800 kauhajoki, Finland",22.175468645140285,62.40930092633204
FIN,"oritkuja 1, 4430 jarvenpaa, Finland",25.11121296561845,60.46955640915294
FIN,"stenbergintie 30, 2700 kauniainen, Finland",24.705368673757363,60.21516460004037
FIN,"lossitie 2, 81200 eno, Finland",30.163809866720726,62.79994120020416
FIN,"pintelikatu 13 b 2, 20660 littoinen, Finland",22.382247262812342,60.430061510033
FIN,"mantytie 27, 2270 espoo, Finland",24.690824814462474,60.16500427395337
FIN,"sievisenmaentie 18, 40420 jyska, Finland",25.83990218389775,62.23695738810903
FIN,"sivukatu 4 as. 13, 76120 pieksamaki, Finland",27.178113426630432,62.3105300880552
FIN,"mussalontie 428, 48300 kotka, Finland",26.88118257603398,60.46470330868624
FIN,"mutkatie 12, 42700 keuruu, Finland",24.717368625438468,62.24909882631576
FIN,"lehtoselantie 180, 91500 muhos, Finland",26.0685831336624,64.81060948446887
FIN,"kuvastimentie 4 c 60, 2210 espoo, Finland",24.71495195511494,60.17836666208615
FIN,"litmasenkuja 3, 70820 kuopio, Finland",27.635509105229517,62.83619967887
FIN,"hukkapera 1, 40400 jyvaskyla, Finland",25.805404868817618,62.24747349147103
FIN,"talvitie 21, 61800 kauhajoki, Finland",22.18175624598831,62.43984747325993
FIN,"lopotinkuja 9, 46400 kaipiainen, Finland",27.114535433759244,60.90105577879635
FIN,"myllarintie 2 a, 99 helsingin kaupunki, Finland",25.048950000000048,60.21902000000006
FIN,"hirvikoskentie 225b, 32210 loimaa, Finland",22.98276209411341,60.86794629733447
FIN,"limingantie 39, 99 helsingin kaupunki, Finland",24.96488000000005,60.20956000000007
FIN,"mettarannankuja 6, 96800 rovaniemi, Finland",25.67112133170997,66.53857235169903
FIN,"sipinkatu 23 c 15, 80160 joensuu, Finland",29.80890390919936,62.61320861643796
FIN,"korppumaentie 6, 40270 jyvaskyla, Finland",25.708296916311753,62.28852884950513
FIN,"peltotie 1, 68100 himanka, Finland",23.646092655307374,64.06101432917247
FIN,"kuusmiehentie 3 j 54, 690 helsinki, Finland",24.942564379862773,60.257669608228696
FIN,"hiukkavaara 1 a 1, 90670 oulu, Finland",25.571933158474025,65.01683451934571
FIN,"tornitie 14, 19600 hartola, Finland",26.019183465288563,61.582924943223105
FIN,"uusikartanontie 146, 16100 uusikyla, Finland",26.03083908838724,60.93113302296547
FIN,"pikkusuonkuja 3, 99 helsingin kaupunki, Finland",24.952980000000025,60.167950000000076
FIN,"sotilastorpantie 4, 65610 korsholm, Finland",21.698861057729857,63.11702692095051
FIN,"miiankuja 2 a 6, 62100 lapua, Finland",23.010954457805923,62.9732879265087
FIN,"vallantie 395, 79860 suuraho, Finland",28.987582489136493,62.52887918766363
FIN,"majaperantie 1, 41310 leppavesi, Finland",25.83825782213279,62.33069313332936
FIN,"suolakivenkuja 6, 99 helsingin kaupunki, Finland",24.952980000000025,60.167950000000076
FIN,"nummitie 1, 37910 akaa, Finland",23.681202784032195,61.15008375660986
FIN,"valonkatu 1, 87250 kajaani, Finland",27.74187394778332,64.23805953200815
FIN,"pihtisillantie 303, 3150 huhmari, Finland",24.35772974247007,60.3051510361513
FIN,"paivakodintie 4, 34600 ruovesi, Finland",24.073451712761738,61.98156754578537
FIN,"urheilutie 17 a  1, 21620 kuusisto, Finland",22.380778669556975,60.3890621850216
FIN,"suomensuontie 8, 870 helsinki, Finland",25.044369383270094,60.164173920715314
FIN,"irjalankuja 4, 33560 tampere, Finland",23.850628036936115,61.49730132962452
FIN,"mielakanrinteentie 3, 45120 kouvola, Finland",26.74775114597182,60.860161395212714
FIN,"kynnyksentie 159 as. 1, 21420 lieto, Finland",22.588988078101067,60.50718285632655
FIN,"tanhuankatu 69 as. 1, 33560 tampere, Finland",23.861791726137426,61.495465441372005
FIN,"jyrsijankatu 2, 65370 vaasa, Finland",21.72017674041919,63.09042586157585
FIN,"rataniityntie 4, 36240 kangasala, Finland",23.937205636844595,61.48171928780232
FIN,"putimaentie 61, 28610 pori, Finland",21.732695280449775,61.481819870640436
FIN,"postimestarintie 15 e 48, 90150 oulu, Finland",25.502824115335386,64.98433368978291
FIN,"siltakatu 70, 4400 jarvenpaa, Finland",25.07230467399225,60.481142169088656
FIN,"nojanmaanlahdentie 65, 57210 savonlinna, Finland",28.93394268533865,61.87792694749214
FIN,"karhuniitynkuja 3, 2810 espoo, Finland",24.62114035367088,60.228007980728535
FIN,"ruukinkatu 9, 20540 turku, Finland",22.301687366469622,60.45402428156419
FIN,"makelantie 14 a 3, 95600 ylitornio, Finland",23.690296310787232,66.30907550747929
FIN,"folskolegatan 9, 67100 kokkola, Finland",23.1186962794134,63.84007243618373
FIN,"verkakatu 2 a 19, 20660 littoinen, Finland",22.401716160775038,60.446384889281546
FIN,"eevantie 12, 45610 koria, Finland",26.585049771976202,60.839467021096254
FIN,"sampirinne 1a, 1490 vantaa, Finland",25.148365332348448,60.357975424434045
FIN,"vanha nurmeksentie 15 a 1, 80710 lehmo, Finland",29.80715351635922,62.639659765474335
FIN,"kaarenkylantie 344, 7220 kaarenkyla, Finland",25.548389146825485,60.472400766086025
FIN,"norotie 8 e, 1600 vantaa, Finland",24.85665783512249,60.2675468010211
FIN,"kivisalmentie 14, 36810 kuhmalahti, Finland",24.55856617752397,61.50573683507076
FIN,"palokaivontie 2, 45910 voikkaa, Finland",26.602073668782623,60.942471139571836
FIN,"hiirulaisenkuja 6, 90250 oulu, Finland",25.516326187884573,64.98358891577627
FIN,"kiuastie 19, 2770 espoo, Finland",24.65369273193818,60.195064083763896
FIN,"maatullinkuja 12, 99 helsingin kaupunki, Finland",25.02616000000006,60.27564000000007
FIN,"karsikonkatu 16, 80260 joensuu, Finland",29.798207930195247,62.60647082357036
FIN,"raatetie 9, 1350 vantaa, Finland",25.031274335939088,60.30341082732352
FIN,"koulutie 2, 94450 keminmaa, Finland",24.510083489357527,65.79146214099202
FIN,"vuorilinnakkeentie 4, 99 helsingin kaupunki, Finland",24.900010000000066,60.24523000000005
FIN,"karhumaenkatu 11 c 20, 55120 imatra, Finland",28.76273569127673,61.195674227176085
FIN,"paavolantie 8, 62165 lapua, Finland",23.231700252586506,62.90901228284899
FIN,"kalevankatu 7, 45100 kouvola, Finland",26.713811562728978,60.86984370875632
FIN,"askolantie 45, 7500 askola, Finland",25.59365343562962,60.5206233218874
FIN,"heikkurinsaarentie 133, 95460 tornio, Finland",24.22535266923967,65.84248949114348
FIN,"harjuntie 1, 21800 kyro, Finland",22.753098869115632,60.696889465067954
FIN,"untamonkatu 36 as. 1, 53100 lappeenranta, Finland",28.200327506382166,61.05398008183295
FIN,"vehkakuja 3, 61330 koskenkorva, Finland",22.4770651117326,62.682559226026086
FIN,"selkasentie 2, 91900 liminka, Finland",25.41539105838882,64.79712572637811
FIN,"hevoskorventie 2, 60510 hyllykallio, Finland",22.906860440460434,62.80998175628949
FIN,"sasintie 81, 39100 hameenkyro, Finland",23.362334651575566,61.5891100753048
FIN,"untuvaisenkuja 1 c 51, 99 helsingin kaupunki, Finland",25.061390000000074,60.20056000000005
FIN,"kaissaarentie 1, 95300 tervola, Finland",24.810903121163562,66.06589256602615
FIN,"tervamaentie 3, 40950 muurame, Finland",25.683154224270567,62.13898568048094
FIN,"penttilantie 51, 35100 orivesi as, Finland",24.397000467589578,61.647406672894675
FIN,"ristinkalliontie 14, 48770 kotka, Finland",26.958743094913075,60.53439793201835
FIN,"tyysterniemenranta 7, 53920 lappeenranta, Finland",28.152943350445923,61.07020455462401
FIN,"puukkokuja 1, 4600 mantsala, Finland",25.310712570934896,60.62384239426993
FIN,"linnankatu 64, 20100 turku, Finland",22.238031924813072,60.43772030642151
FIN,"palokarjentie 2, 28220 pori, Finland",21.833909778778406,61.49767763516758
FIN,"harviaistenkuja 8, 21350 ilmarinen, Finland",22.396231127156057,60.50854763971108
FIN,"haapotie 10 e 13, 89400 hyrynsalmi, Finland",28.469501765663495,64.68495536813742
FIN,"pattijoentie  6 b 6, 92140 pattijoki, Finland",24.578390719638378,64.69255624557499
FIN,"maahiskuja 9, 4230 kerava, Finland",25.0924278633168,60.42107782811908
FIN,"ilosjoentie 11, 1420 vantaa, Finland",25.102120612329855,60.32579029925438
FIN,"rantakuja 7, 72100 karttula, Finland",27.048356620151708,62.92105169637179
FIN,"hommaksenkuja 2, 2430 masala, Finland",24.537477392953576,60.16572771601645
FIN,"sinkilamutka 12, 96460 rovaniemi, Finland",25.77313613415376,66.47256880368693
FIN,"muusantori 4, 99 helsingin kaupunki, Finland",24.85609000000005,60.20693000000006
FIN,"bastioninkatu 4, 20730 turku, Finland",22.322325372287224,60.42908241992308
FIN,"tolby-vikbyvagen 247, 65460 tolby, Finland",21.697868304463835,63.01774096388643
FIN,"kintastie 7, 90650 oulu, Finland",25.528813882511486,65.02557047411128
FIN,"jarvenperantie 5, 2940 espoo, Finland",24.713663488958815,60.24070161871646
FIN,"neulamaentie 20 a 4, 70150 kuopio, Finland",27.61300838906925,62.88704836875527
FIN,"syrjatie 3, 21540 preitila, Finland",22.730777944778453,60.467347735756704
FIN,"ruovedenkatu 7, 33710 tampere, Finland",23.837984355091123,61.45520267610215
FIN,"kouluntie 3, 3790 vihtijarvi, Finland",24.53961855011974,60.52519602725525
FIN,"koulutie 3, 12600 layliainen, Finland",24.461821748158798,60.616929168168895
FIN,"revontie 8, 40250 jyvaskyla, Finland",25.757146312742094,62.27777059296042
FIN,"saterintie 28, 99 helsingin kaupunki, Finland",24.986050000000034,60.24506000000008
FIN,"vainolankatu 26, 33500 tampere, Finland",23.789422625577743,61.5019918426415
FIN,"mantynummentie 21 d 31, 8500 lohja, Finland",24.13156562677193,60.272984225430065
FIN,"ylakiventie 12 m 235, 920 helsinki, Finland",25.069054423397887,60.22353598392732
FIN,"koulukuja 10, 9120 karjalohja, Finland",23.73881093400476,60.25216793653192
FIN,"joensuuntie 3, 58410 haapakallio, Finland",29.10936502232653,61.88115896744708
FIN,"yrjonkatu 3, 50100 mikkeli, Finland",27.261543035163328,61.68971784957205
FIN,"sundetin puistotie 15, 2450 kirkkonummi, Finland",24.55145530614604,60.157398912197635
FIN,"valipellontie 14 c 6, 84100 ylivieska, Finland",24.51929712878507,64.08695330567983
FIN,"ahotie 8 f 21, 81200 eno, Finland",30.13968733611503,62.794759549570614
FIN,"mantykatu 5, 87500 kajaani, Finland",27.7448139003221,64.21243215641584
FIN,"mertapolku 2 a 23, 13210 hameenlinna, Finland",24.501141591230947,60.99885720806142
FIN,"huvilakatu 56, 32200 loimaa, Finland",23.044006062226373,60.85218098519937
FIN,"viskaripolku 7 a 25, 20210 turku, Finland",22.198439753706765,60.46556607841774
FIN,"vuonontie 19, 5200 rajamaki, Finland",24.729716761377517,60.524379294609815
FIN,"koreankatu 2, 560 helsinki, Finland",24.971624857267187,60.211573164077265
FIN,"koppelonpolku 2, 40270 palokka, Finland",25.746714782783158,62.291825284385965
FIN,"jokelantie 18, 90830 haukipudas, Finland",25.368456926834057,65.17560201472398
FIN,"kirstinpiha 3, 2760 espoo, Finland",24.666864138407107,60.20293192481759
FIN,"lisakuja 2, 85500 nivala, Finland",24.958332751392533,63.92526748307296
FIN,"huhdanpaju 12, 3100 nummela, Finland",24.321149859726972,60.32889030423431
FIN,"jarvenpaantie 51, 3600 karkkila, Finland",24.198494369256537,60.54808164040935
FIN,"allitie 3, 90150 oulu, Finland",25.488314621843557,64.99614194733843
FIN,"torvelantie 23, 90840 haukipudas, Finland",25.398306811879536,65.19893488623151
FIN,"savipellontie 19, 45810 pilkanmaa, Finland",26.585752678376508,60.945761790939486
FIN,"keskuskatu 3 b 40, 48100 kotka, Finland",26.94893484327426,60.467665745163174
FIN,"honkarannantie 10 b 9, 71850 leppakaarre, Finland",27.68783120796448,63.07206928407405
FIN,"joelsgrand 21, 68800 kallby, Finland",22.922411301602807,63.62541583535514
FIN,"tillintie 23, 2330 espoo, Finland",24.63228568650422,60.16714186881069
FIN,"sibeliuksenvayla 37 a 20, 4400 jarvenpaa, Finland",25.085904144256318,60.46900689158076
FIN,"risohallvagen 10a, 68570 larsmo, Finland",22.732872738756917,63.73966527259567
FIN,"uotilankatu 6, 15840 lahti, Finland",25.56289847267928,60.98425073594984
FIN,"killontie 41, 33950 pirkkala, Finland",23.691702123587817,61.46114314043015
FIN,"turkkitie 6, 90410 oulu, Finland",25.52151408303598,64.96987314660561
FIN,"hutsintie 4, 82500 kitee, Finland",30.150950350868953,62.090107534122694
FIN,"klippinkitie 1 c, 2780 espoo, Finland",24.597626516873788,60.19172414680557
FIN,"uikkutie 3, 85100 kalajoki, Finland",23.956893051023087,64.26997207769656
FIN,"pietarinpolku 2 a 4-5, 92140 pattijoki, Finland",24.56556908998897,64.69143910551978
FIN,"pyhan henrikintie 6 a, 27840 koylio, Finland",22.391677388861577,61.0811805022788
FIN,"imarretie 6 a 2, 730 helsinki, Finland",25.02802190604993,60.260367742860865
FIN,"permovagen 26 / permontie 26, 68600 jakobstad, Finland",22.728985893879553,63.6749676352716
FIN,"tapani lofvingin katu 10-14 e 33, 6100 porvoo, Finland",25.66728962849234,60.406624870564144
FIN,"alhojoentie 445, 61410 ylistaro as, Finland",22.48628403175914,62.90563775361778
FIN,"taninpolku 2, 26660 rauma, Finland",21.536767539352525,61.11386077530395
FIN,"vanhamaantie 2, 28800 pori, Finland",21.604379155488857,61.56133425029057
FIN,"uusikoivistontie 71 as. 1, 28130 pori, Finland",21.803239724507193,61.4773179504449
FIN,"savikuja 6, 92140 pattijoki, Finland",24.548913410189044,64.69585087834665
FIN,"lummetie 14 c 4, 93400 taivalkoski, Finland",28.260566400485374,65.57867709341397
FIN,"hallin ylatie 10, 32270 metsamaa, Finland",23.163808351332044,60.938404891330116
FIN,"pajumaentie 6, 33480 ylojarvi, Finland",23.635956851596006,61.60225365385517
FIN,"museotie 1, 41920 kintaus, Finland",25.3341211310281,62.272847398311285
FIN,"ylakaskentie 8 j 50, 730 helsinki, Finland",25.00658074627006,60.269927345341955
FIN,"kurpantie 2 l 74, 4320 tuusula, Finland",25.011770820716293,60.38455615769354
FIN,"valajankatu 2, 28100 pori, Finland",21.802618374024803,61.49206804646741
FIN,"viljelystie 30, 1840 klaukkala, Finland",24.73325358924143,60.3678426427617
FIN,"saharisentie 12 a 12, 40270 palokka, Finland",25.743933918766658,62.286386770329614
FIN,"vehkakuja 4, 80220 joensuu, Finland",29.772768015867456,62.58369618681431
FIN,"kryssikuja 5 a 1, 29100 luvia, Finland",21.642345153560086,61.36755148012543
FIN,"valpastie 11, 91300 ylikiiminki, Finland",26.056716118965625,65.0335661391884
FIN,"nasintie 1, 40250 jyvaskyla, Finland",25.754979087857066,62.280318691525764
FIN,"kurrenpolku 2 a 1, 92600 pulkkila, Finland",25.856822061285754,64.26842737676037
FIN,"sarkatie 3, 13500 hameenlinna, Finland",24.395061146651898,61.003065342550656
FIN,"grindakersgatan 2-4, 2650 esbo, Finland",24.809732858025438,60.225337700308174
FIN,"vaanalanrannantie 1332, 71720 kaarmelahti, Finland",27.4251887778292,63.09184977213815
FIN,"siivikontie 2, 74270 kauppilanmaki, Finland",27.350094237993517,63.69370496072514
FIN,"hoyhenviita 4g, 60150 seinajoki, Finland",22.88195168745875,62.76837070392874
FIN,"pormestarinkatu 15, 67100 kokkola, Finland",23.126928146522005,63.839277999400764
FIN,"kuusinevantie 16, 2620 espoo, Finland",24.76207275165342,60.241904212274534
FIN,"fallpakankuja 9, 99 helsingin kaupunki, Finland",24.952980000000025,60.167950000000076
FIN,"palomaentie 6, 42100 jamsa, Finland",25.212033011583628,61.867770637323986
FIN,"jokelantie, 33960 pirkkala, Finland",23.632122085049154,61.4347999922162
FIN,"kelhankatu 6 b 6, 42100 jamsa, Finland",25.184402067765774,61.863628426503226
FIN,"locklaisvagen 9 a, 99 helsingfors stad, Finland",24.880415501482986,60.19989809496323
FIN,"puistotie 15, 48130 kotka, Finland",26.937811051932073,60.45513580574428
FIN,"puistotie 6, 99800 ivalo, Finland",27.550257103308212,68.66438292370381
FIN,"kasarmikatu 11-13, 99 helsingin kaupunki, Finland",24.947770000000048,60.16587000000004
FIN,"seppolankuja 4, 42100 jamsa, Finland",25.179676602212567,61.86412266542396
FIN,"jaatilantie 154, 31400 somero, Finland",23.49737054831226,60.64553153265524
FIN,"niittymaentie 1, 2200 espoo, Finland",24.777050122980512,60.17044945162277
FIN,"kappelirinne 1, 2200 espoo, Finland",24.763293575850923,60.16861008488044
FIN,"otsonpiha 5, 51900 juva, Finland",27.88347815530537,61.88532322267318
FIN,"barrvagen 13, 64200 narpes, Finland",21.345752012611257,62.48102059703368
FIN,"koskitie 2 f 17, 89400 hyrynsalmi, Finland",28.496432904385244,64.67151905161865
FIN,"paamajankatu 14, 50100 mikkeli, Finland",27.268935639025862,61.69302045265718
FIN,"vennantie 8, 61500 isokyro, Finland",22.317352389133248,62.990850947327374
FIN,"noppakatu 4 as 6, 20660 littoinen, Finland",22.395606423912398,60.445310203565896
FIN,"niinikoskentie 40, 7150 laukkoski, Finland",25.41545367120554,60.421477225805376
FIN,"otsolahdentie 16 c, 2110 espoo, Finland",24.81804399975485,60.17753530301971
FIN,"hurtintie 1, 24800 halikko, Finland",23.07852533789284,60.405056867937105
FIN,"keskussairaalantie 17 a 8, 40600 jyvaskyla, Finland",25.719413834493338,62.23286345705057
FIN,"juoksumarssi 2, 90650 oulu, Finland",25.601871354345946,65.01230640093124
FIN,"pitkapellonkatu 2, 20900 turku, Finland",22.236220511717818,60.412344471743495
FIN,"juontotie 8, 70150 kuopio, Finland",27.611383808595775,62.88364464551381
FIN,"kallionkielentie 74, 39590 tevaniemi, Finland",23.035237837133565,61.83077077932225
FIN,"hatsalankatu 32 b 35, 70110 kuopio, Finland",27.67208882033458,62.894803557030286
FIN,"gransnasvagen 11, 2440 luoma, Finland",24.54398107926548,60.176646276459394
FIN,"viljasentie 46, 27510 eura, Finland",22.153020986427094,61.127153258364245
FIN,"tormilaisentie 17, 28220 pori, Finland",21.86779177834643,61.506931256273276
FIN,"pinomaentie 190, 28540 pori, Finland",21.772287200098987,61.45136984132759
FIN,"tammialhontie 1, 21250 masku, Finland",22.13068321446454,60.55657422661622
FIN,"lauttakatu 6 h, 45700 kuusankoski, Finland",26.6402778805421,60.909718727185265
FIN,"pensaikkokatu 13, 15160 lahti, Finland",25.749336642096438,60.96770175777735
FIN,"tallikatu 7, 37600 valkeakoski, Finland",24.024756040435648,61.27223084274317
FIN,"kulmatie 4, 12310 ryttyla, Finland",24.759889433514275,60.82025050223817
FIN,"stora byvagen 36, 4130 sipoo, Finland",25.27062729246478,60.3815881257791
FIN,"ulkometsantie 1, 67400 kokkola, Finland",23.152894276731132,63.85437778842373
FIN,"haravakylantie 11, 15540 villahde, Finland",25.852038844419667,60.950415297853965
FIN,"lauhatie 19, 1300 vantaa, Finland",25.02059034305651,60.29661469640985
FIN,"akonkatu 2 d 21, 89600 suomussalmi, Finland",28.91275239592082,64.8677363455611
FIN,"vanhan-mankkaankuja 2 d, 2180 espoo, Finland",24.76887961140315,60.19256166657087
FIN,"hillapolku 6, 99100 kittila, Finland",24.912540486507368,67.64744537772958
FIN,"alpuumintie 11, 84100 ylivieska, Finland",24.55014663960327,64.0915345186794
FIN,"suolahdentie 938, 41370 kuusa, Finland",25.921652729586526,62.482383997404185
FIN,"heikkilankatu 5, 37600 valkeakoski, Finland",24.03129887023536,61.2519624788556
FIN,"luohuanti 35, 86460 86460, Finland",25.225698447425714,64.42814944518179
FIN,"niemistontie 1, 60760 pojanluoma, Finland",22.740277155647192,62.69193551628476
FIN,"jokiniituntie 99, 85200 alavieska, Finland",24.327387923527226,64.17026418455424
FIN,"kotamaentie 1, 95980 yllasjarvi, Finland",24.29147750339075,67.52314921353158
FIN,"puistokaari 4, 31300 tammela, Finland",23.801468593907288,60.80763925835845
FIN,"myrstigen 8, 10900 hango, Finland",22.96246112462248,59.836512878461036
FIN,"sahkokatu 14, 5800 hyvinkaa, Finland",24.864739414707174,60.63613043196318
FIN,"laajalammintie 22 b, 50160 mikkeli, Finland",27.266873171211614,61.66784845835895
FIN,"huvilakatu 20 b 12, 4400 jarvenpaa, Finland",25.087317333131722,60.46786858722004
FIN,"karjapolku 5, 79100 leppavirta, Finland",27.801876388397943,62.4822258728008
FIN,"tullivuorentie 6, 99 helsingin kaupunki, Finland",25.031670000000076,60.24938000000003
FIN,"metsolantie 14, 77600 suonenjoki, Finland",27.097832982939593,62.62467920902404
FIN,"aropolku 17, 91100 ii, Finland",25.40236340155934,65.29998002820648
FIN,"nikkarinkatu 58, 15500 lahti, Finland",25.672613645751312,60.96561219122523
FIN,"kanervatie 10, 91410 jokirinne, Finland",25.85930570301568,64.88509799115596
FIN,"kanervatie 4, 87500 kajaani, Finland",27.75939647805249,64.20798099954729
FIN,"tiistilankuja 7, 2230 espoo, Finland",24.734928209676838,60.1548608719161
FIN,"urheilijankatu 9, 56610 rautjarvi, Finland",29.09060984341923,61.30225502946519
FIN,"hallikuja 11, 20660 littoinen, Finland",22.391602137308382,60.429657544209476
FIN,"rekiraitti 1, 80910 kulho, Finland",29.924570904078223,62.62210353399726
FIN,"asteritie 7, 99 helsingfors stad, Finland",24.998791527468143,60.24736493837432
FIN,"pohjolantie 103, 3300 otalampi, Finland",24.4931371251555,60.411575851222295
FIN,"seljantie 14-16  a 4, 28660 pori, Finland",21.70059225601173,61.48446880350099
FIN,"viitankuja 2 d 2, 90900 kiiminki, Finland",25.764622718917508,65.13050268177432
FIN,"wainonkatu 1 a 6, 53810 lappeenranta, Finland",28.14267686016052,61.05426468935528
FIN,"harjunkuja 1, 91100 ii, Finland",25.360189101360817,65.30548630995
FIN,"kiikanojantie 24, 38300 sastamala, Finland",22.7687585273612,61.32336875019752
FIN,"omakotitie 13, 19600 hartola, Finland",26.01155551430375,61.57579546402013
FIN,"kirkkotie 13, 88600 sotkamo, Finland",28.410702211973586,64.13382968592171
FIN,"kasityolaiskatu 12, 20100 turku, Finland",22.25501843833132,60.45076690635213
FIN,"sahalaistenkatu 5, 28100 pori, Finland",21.805812366572145,61.47073406102928
FIN,"pesatie 10 a 7, 90420 oulu, Finland",25.531482093749332,64.95422987498074
FIN,"aurinkokatu 27 h 89, 80140 joensuu, Finland",29.66340873840423,62.63166225637852
FIN,"lahdevainiontie 21, 33480 lahdevainiontie 21, Finland",23.59052693638509,61.56712476237078
FIN,"killonvainiontie 2, 33950 pirkkala, Finland",23.689978301380762,61.46977218402074
FIN,"kivimiehenkatu 6 e 37, 11100 riihimaki, Finland",24.752237258829297,60.73373547323689
FIN,"kotinummentie 3, 99 helsingin kaupunki, Finland",25.01407000000006,60.25610000000006
FIN,"schalininkatu 4, 20320 turku, Finland",22.234794266015776,60.48786385050835
FIN,"sokaluodontie 108, 66910 sokaluoto, Finland",22.551260049261636,63.57159100256146
FIN,"erkkilankatu 5 c 10, 20760 piispanristi, Finland",22.32265880439553,60.40325413011166
FIN,"kukkumaentie 3, 40600 jyvaskyla, Finland",25.71661645812756,62.225790220417906
FIN,"piententie 8, 71570 syvaniemi, Finland",27.160737657528728,62.85903789236164
FIN,"jahtimestarintie  16, 80710 lehmo, Finland",29.81081892261784,62.688223632373024
FIN,"seppalantie 88, 84880 ylivieska, Finland",24.741349501880507,64.010860670363
FIN,"kurkelantie 9, 90230 oulu, Finland",25.513486399088748,65.01753901830759
FIN,"immusvagen 9, 99 helsingin kaupunki, Finland",24.952980000000025,60.167950000000076
FIN,"poikkitie 1, 91500 muhos, Finland",25.97636551874521,64.80896176994264
FIN,"harjutie 2, 40800 vaajakoski, Finland",25.86534796555776,62.24347880214614
FIN,"mukulakatu 1, 44200 suolahti, Finland",25.858660799385348,62.56451579395892
FIN,"ylioppilaankatu 6 - 8, 33720 tampere, Finland",23.83164797156661,61.4467983513357
FIN,"itamerenkatu 8, 99 helsingin kaupunki, Finland",24.91154000000006,60.16327000000007
FIN,"pappilantie 10, 46800 kouvola, Finland",26.7848493656073,60.76898049598978
FIN,"aspinmaentie 86a, 63610 tuuri, Finland",23.708550335703677,62.599608391802576
FIN,"vihtorinkatu 1, 23800 laitila, Finland",21.69186736535835,60.88043583598008
FIN,"paasikivenkatu 16 a 3, 15110 lahti, Finland",25.642675247808313,60.98241057292671
FIN,"lielahdenkatu 31 g 53, 33410 tampere, Finland",23.70732003995559,61.52820184432352
FIN,"kalevalantie 9, 90570 oulu, Finland",25.484085877297304,65.06038731273081
FIN,"tuurentie 5, 69300 toholampi, Finland",24.26150901441534,63.7804883363566
FIN,"mantykatu 6, 38700 kankaanpaa, Finland",22.384226230152052,61.793584382065376
FIN,"pikkumaenkatu 2.b, 33560 tampere, Finland",23.8582179340805,61.486173892154426
FIN,"graniittitie 1, 1840 klaukkala, Finland",24.738487333403185,60.36246146092307
FIN,"hannulankatu 8, 33580 tampere, Finland",23.88416118169397,61.49264547577718
FIN,"kielotie 47, 1350 vantaa, Finland",25.038295520953028,60.30434096711889
FIN,"simeoninkatu 16 c, 55100 imatra, Finland",28.766769817456037,61.17400696555805
FIN,"puolukkarinne 13, 41340 laukaa, Finland",25.944640853416473,62.43025149331905
FIN,"heinapurontie 66, 80110 joensuu, Finland",29.72300750656194,62.60398433199339
FIN,"kotipolku 3, 87700 kajaani, Finland",27.668549896994875,64.21950480631529
FIN,"muorinkuja 3 b 12, 4300 tuusula, Finland",25.023817208140997,60.3923698097432
FIN,"juhana-herttuan tie 13 b, 99 helsingin kaupunki, Finland",24.968740000000025,60.21951000000007
FIN,"karhusuontie 14, 27800 sakyla, Finland",22.32067975323679,61.07142596555474
FIN,"myllykuja 3, 16300 orimattila, Finland",25.725292566104457,60.80816710871093
FIN,"merijarventie 102, 86220 merijarvi, Finland",24.44987359663932,64.29726053695066
FIN,"piisamikuja 5, 67800 kokkola, Finland",23.075543643476237,63.82105746018749
FIN,"franzeninkatu 13, 99 helsingin kaupunki, Finland",24.955790000000036,60.18641000000008
FIN,"tyynelantie 5, 9430 saukkola, Finland",23.966299306585597,60.38302650227354
FIN,"henrikinkatu 5, 21100 naantali, Finland",22.027433254768795,60.46763263664565
FIN,"pihlajavedentie 4 c, 42800 haapamaki, Finland",24.452375678556223,62.2518868568595
FIN,"kulovalkeankuja 4 n 32, 2760 espoo, Finland",24.68256377833083,60.208569970079026
FIN,"naavankierto 2, 4300 tuusula, Finland",25.006252008027502,60.414274195402044
FIN,"aholantie 6, 97900 posio, Finland",28.1675276105141,66.11205874761197
FIN,"hirsitie 1, 41160 tikkakoski, Finland",25.666164106533927,62.383247666239384
FIN,"tavastilankatu 4, 20610 turku, Finland",22.35285570023248,60.44537051135924
FIN,"honkalanmutka 2 as. 2, 41800 korpilahti, Finland",25.575583477306907,62.02566842642878
FIN,"koulukatu 5, 39700 parkano, Finland",23.02349269530899,62.01480824594145
FIN,"pallastunturintie 27, 1280 vantaa, Finland",25.1137623465805,60.24669092165928
FIN,"karhuntie 115, 62160 karhunkyla, Finland",23.136314369335906,62.95419030494716
FIN,"rajakatu 2, 38200 sastamala, Finland",22.912477656692488,61.336262003209555
FIN,"paaskyntie 6, 38800 jamijarvi, Finland",22.68832092298581,61.816675770942425
FIN,"hakkuutie 7, 4220 kerava, Finland",25.134701405248933,60.40799828730897
FIN,"mantyverajantie 1, 36200 kangasala, Finland",24.0539968963964,61.470351918353856
FIN,"palovainiontie 7, 85100 kalajoki, Finland",23.97493224776113,64.26034110330991
FIN,"jussintie 4, 95900 kolari, Finland",23.79495836971094,67.33442747841329
FIN,"ylijoentie 41, 7170 pornainen, Finland",25.362443330400822,60.482325819545565
FIN,"koulukatu 6, 84100 ylivieska, Finland",24.525014702153115,64.07104329904149
FIN,"suoniemenkatu 9, 33310 tampere, Finland",23.627922965040398,61.51499338984257
FIN,"maariankatu 4, 75500 nurmes, Finland",29.131773202275753,63.544481770854674
FIN,"vaattojarventie 23, 95800 sieppijarvi, Finland",24.035833312215203,67.15265199409455
FIN,"notkotie 12, 99 helsingin kaupunki, Finland",24.952980000000025,60.167950000000076
FIN,"jungsundv. 125, 65630 karpero, Finland",21.674101586301845,63.15932405794007
FIN,"vanhatie 7 - 9, 92400 ruukki, Finland",25.11133978381349,64.65487766296366
FIN,"ratakatu 5, 48600 kotka, Finland",26.945950010138976,60.51206970874417
FIN,"riukukuja 2 g 32, 390 helsinki, Finland",24.836248236166426,60.24449082568498
FIN,"ortukantie 9, 24800 halikko, Finland",23.08037354754302,60.40992972925767
FIN,"poikkikatu 6, 32800 kokemaki, Finland",22.344752579156648,61.250368366600185
FIN,"leppalinnunkuja 2, 21210 raisio, Finland",22.097270266198223,60.49488128185965
FIN,"ruukintie 239, 29340 kullaa, Finland",22.117701658102533,61.45360906676092
FIN,"hillaviita 6, 60150 seinajoki, Finland",22.891875776877555,62.770550182448034
FIN,"klaavuntie 1, 99 helsingin kaupunki, Finland",25.094660000000033,60.213190000000054
FIN,"niittypolku 6, 61500 isokyro, Finland",22.310128445881475,63.00392969185668
FIN,"marjastajankatu 2, 33710 tampere, Finland",23.856689954351044,61.46460745696334
FIN,"mariankuja 5, 92120 raahe, Finland",24.50908260629936,64.67221868907671
FIN,"rakentajantie 10, 20780 kaarina, Finland",22.353614346288907,60.413603685057524
FIN,"yrjonkatu 5 a 1, 15100 lahti, Finland",25.663507294684422,60.979251475529395
FIN,"terttuseljankuja 1, 4300 tuusula, Finland",24.98814206802666,60.40167917050499
FIN,"eerolantie 39, 37630 valkeakoski, Finland",24.038000285643164,61.294666305787246
FIN,"myllarintie 8, 6400 porvoo, Finland",25.628935296846976,60.38060652109823
FIN,"pyynkuja 24, 67800 kokkola, Finland",23.080880317408997,63.82729577544484
FIN,"roineenkatu 14-18, 37600 valkeakoski, Finland",24.03940417060602,61.262345603323695
FIN,"maurizintie 6 a 2, 21530 paimio, Finland",22.71629317790098,60.438558999653225
FIN,"koskenvarrentie 369, 62740 koskenvarsi, Finland",23.75068641442371,62.9808487803586
FIN,"jeesiontie 14a, 99600 sodankyla, Finland",26.575363812304744,67.42017916749239
FIN,"isohaankatu 17 b 12, 38710 kankaanpaa, Finland",22.367259162649162,61.80190610317601
FIN,"bergbyvagen 6, 66600 vora, Finland",22.246217691454206,63.12842869811152
FIN,"kivikallionkatu 28, 33400 tampere, Finland",23.690353643004954,61.5242328874414
FIN,"alakartanonkuja 3, 2360 espoo, Finland",24.668942850394615,60.13674736960638
FIN,"karpalokuja 7, 99 helsingin kaupunki, Finland",25.07224000000008,60.23099000000008
FIN,"sarakatu 2 a 1, 70820 kuopio, Finland",27.656656144026982,62.829254140532214
FIN,"linjakatu 3, 53500 lappeenranta, Finland",28.213406376640023,61.046760874356494
FIN,"ristisolantie 1, 58200 kerimaki, Finland",29.282298939899675,61.91599160056376
FIN,"pirkkolantie 6, 44500 viitasaari, Finland",25.835167917346183,63.06010009397758
FIN,"hiekkakatu 7, 28130 pori, Finland",21.80404782379236,61.476197164261805
FIN,"tilhentie 2 c 17, 21530 paimio, Finland",22.713228921738107,60.442614415866615
FIN,"iso kylatie 12, 4130 sipoo, Finland",25.26449660084421,60.375087037857185
FIN,"fabriksgatan 16, 99 helsingfors stad, Finland",24.94821160330818,60.15816577251914
FIN,"kansakoulutie 1, 37500 lempaala, Finland",23.73470849531455,61.333925380061345
FIN,"paaskyskuja 11 a ja 11 b, 2620 espoo, Finland",24.78481771647222,60.22775245841021
FIN,"alarinne 13, 67400 kokkola, Finland",23.169432861343694,63.85751329076359
FIN,"havutie 4, 99100 kittila, Finland",24.90947799054416,67.65140842536997
FIN,"kakelantie 24, 16300 orimattila, Finland",25.745154654723844,60.80403708541598
FIN,"virastokatu 6 b 13, 62100 lapua, Finland",23.00441648951005,62.97227606315738
FIN,"klaarantie 3, 99 helsingin kaupunki, Finland",24.888630000000035,60.16157000000004
FIN,"kellokorventie 4, 63300 alavus, Finland",23.64135221806803,62.59096609389657
FIN,"kiilakoskenkuja 2, 92150 raahe, Finland",24.478717737122764,64.66309360445621
FIN,"puusepanraitti 3, 66300 jurva, Finland",21.96681248115692,62.68199851861317
FIN,"vartijankuja 4, 21280 raisio, Finland",22.200153014715823,60.480703292638395
FIN,"hovintie 5, 90440 kempele, Finland",25.493133964712342,64.9165927827901
FIN,"hakkapeliitankatu 14 a 3, 15830 lahti, Finland",25.590794116999405,60.97621232316652
FIN,"kuumantie 16, 31620 latovainio, Finland",23.490854456783666,60.87613009422839
FIN,"alapilventie 1, 28220 pori, Finland",21.836990547290526,61.514259428491016
FIN,"vahahiidentie 262, 25360 pertteli, Finland",23.29492688332448,60.46107396504891
FIN,"eskolantie 7 as 2, 85200 alavieska, Finland",24.286797551571766,64.1742469715766
FIN,"rantatie 10 c 30, 16300 orimattila, Finland",25.737640199129288,60.80547316503035
FIN,"halikonkatu 8, 20400 turku, Finland",22.29986866111861,60.53294710839771
FIN,"merikansantie 4 c, 2320 espoo, Finland",24.660460280562035,60.14891324106088
FIN,"jalkalantie 6d14, 77600 suonenjoki, Finland",27.136762396961814,62.625292890065026
FIN,"karhinmaentie 55, 51600 haukivuori, Finland",27.19534410498821,62.00173654221078
FIN,"riihitie 2 as. 11, 44800 pihtipudas, Finland",25.575469399604685,63.367160681340465
FIN,"vanha fiskarsintie 8, 10420 pohjankuru, Finland",23.525126717763555,60.10111862332613
FIN,"mustasaarentie 7, 90510 oulu, Finland",25.428151164868922,65.02495872090802
FIN,"jarventaustantie 163, 1810 luhtajoki, Finland",24.79827452674428,60.40681224800963
FIN,"kaamasentie 5, 21240 masku, Finland",21.856634710848624,60.56502100572223
FIN,"paallistonmaentie 2, 21290 rusko, Finland",22.247503978315507,60.54246790266711
FIN,"naavarinne 5, 41330 vihtavuori, Finland",25.917182995899196,62.37650232965896
FIN,"gevaldigerstigen 3, 99 helsingin kaupunki, Finland",24.952980000000025,60.167950000000076
FIN,"palopirtintie 17 b 9, 930 helsinki, Finland",25.08520459061731,60.2057441790615
FIN,"niittomiehentie 10 a, 32440 alastaro, Finland",22.847866175159737,60.94836273740435
FIN,"nelikkokuja 2, 2230 espoo, Finland",24.742695300254354,60.16194596894175
FIN,"taivaanpankontie 14b, 70200 kuopio, Finland",27.6353153843565,62.90260440765584
FIN,"gunnel nymanin katu 5, 99 helsingin kaupunki, Finland",24.979630000000043,60.20747000000006
FIN,"kuusikkotie 23 a, 1380 vantaa, Finland",25.07034532030596,60.281108217444796
FIN,"oilantie 3, 12600 layliainen, Finland",24.462965458847094,60.61656459729028
FIN,"riistavedentie 8, 71160 riistavesi, Finland",28.155961170865197,62.91261912459163
FIN,"kilavagen 9 / kiilantie 9, 10320 karis/karjaa, Finland",23.663034109569153,60.061519321963694
FIN,"kotkastie 34, 38300 sastamala, Finland",22.758095237779486,61.31950230399124
FIN,"isosuo 2, 1800 klaukkala, Finland",24.741088945544828,60.379054554447
FIN,"solakalliontie 13, 99 helsingin kaupunki, Finland",24.962050000000033,60.24230000000006
FIN,"parkvagen 3, 68700 terjarv, Finland",23.507894530663208,63.545099475209184
FIN,"alapelto 3, 55120 imatra, Finland",28.770213606194687,61.20225779302524
FIN,"eskolanniementie 207, 86600 haapavesi, Finland",25.43192561968786,64.1239813687857
FIN,"ulmalantie 60, 74510 iisalmi, Finland",27.248061833553038,63.51750373538468
FIN,"heikinkatu 8, 98120 kemijarvi, Finland",27.395773766280968,66.71839045207872
FIN,"rinnetie 2, 82600 tohmajarvi, Finland",30.339066828758945,62.22822683967101
FIN,"sykarintori 1-3, 12100 oitti, Finland",25.02399012680351,60.78874967563374
FIN,"heikinpolku 1, 29630 pomarkku, Finland",22.01844852511698,61.69111284971754
FIN,"saarniraiviontie 8, 2770 espoo, Finland",24.66456230015706,60.19799578012805
FIN,"kulloonmaentie 21 a, 2940 espoo, Finland",24.71315286341735,60.24672908719941
FIN,"simontaival 1, 91800 tyrnava, Finland",25.670609867978186,64.84158581348211
FIN,"holmantie 21, 95450 tornio, Finland",24.177768018179478,65.82258439893954
FIN,"jukolankatu 2-4 e 28, 21200 raisio, Finland",22.179161376403243,60.47993563603606
FIN,"sepantie 3 as. 2, 96900 saarenkyla, Finland",25.781652650694213,66.52349100286304
FIN,"iltaruskontie 3, 37240 linnavuori, Finland",23.354425152463108,61.49258407833639
FIN,"koronniityntie 4 b a, 20780 kaarina, Finland",22.407770074162528,60.412454609951226
FIN,"humalistontie 1, 4130 sipoo, Finland",25.2748738998896,60.38533437549384
FIN,"kuusikuja 6, 31760 urjala, Finland",23.55342486107415,61.083954689597704
FIN,"rautalammintie 2, 99 helsingin kaupunki, Finland",24.952980000000025,60.167950000000076
FIN,"vallantie 4 as. 5, 70900 toivala, Finland",27.727998629085732,62.98843075660449
FIN,"gerby strandvag 5 a1, 65280 vaasa, Finland",21.597152446209066,63.12907054234719
FIN,"siilotie 3, 26510 rauma, Finland",21.570828995467537,61.130058426004865
FIN,"visantie 1, 5400 jokela, Finland",24.973904064378644,60.55872028719574
FIN,"siepontie 4, 45370 valkeala, Finland",26.807091332416547,60.95309272918527
FIN,"kiperhaantie 5, 21250 masku, Finland",22.074427316931263,60.563422115782004
FIN,"kuriirinkatu 8, 15700 lahti, Finland",25.60772128664317,60.958016468658116
FIN,"eskontie 11 a 2, 74700 kiuruvesi, Finland",26.602037710418017,63.65463104269216
FIN,"vinkkilantie 24, 23200 vinkkila, Finland",21.714660107025253,60.68645060094374
FIN,"ramsinniementie 6, 99 helsingin kaupunki, Finland",25.118850000000066,60.19877000000008
FIN,"irjalankatu 62 d 22, 33560 tampere, Finland",23.85924496867659,61.49946780013826
FIN,"pihlajakatu 7, 30420 forssa, Finland",23.616914288354064,60.807000987144875
FIN,"kakaravaara 9 b, 40800 vaajakoski, Finland",25.875767593214192,62.24899480689737
FIN,"harkatie 857, 21490 marttila, Finland",22.91018067994628,60.589431496611525
FIN,"heinakuja 4, 51900 juva, Finland",27.858673253962166,61.90161236184724
FIN,"uudenlahdentie 14, 26200 rauma, Finland",21.492487285981184,61.15462926270189
FIN,"intalantie 18, 31600 jokioinen, Finland",23.50227362639376,60.80635678526309
FIN,"kortepohjankatu 6 d 14, 15240 lahti, Finland",25.6524834994471,61.029236787478084
FIN,"hultintie 51, 65630 karpero, Finland",21.693955632715472,63.16457729002673
FIN,"skolvagen 3, 2580 siuntio, Finland",24.230531009021462,60.13705133932504
FIN,"palkkikankaantie 44, 63900 myllymaki, Finland",24.277555392430937,62.52026858446097
FIN,"muuraintie 18, 97140 muurola, Finland",25.384540290291987,66.37377319542274
FIN,"kotiseututie 4 a, 16300 orimattila, Finland",25.738538739149703,60.80972882491059
FIN,"tahkapaa 16, 4500 kellokoski, Finland",25.116937973125346,60.5352441270534
FIN,"pihkarinne 6, 24280 salo, Finland",23.170523346946823,60.39399334247875
FIN,"pihkakatu 8, 4440 jarvenpaa, Finland",25.071138499803453,60.49250450939522
FIN,"jarvi-laurin kuja 28, 4370 rusutjarvi, Finland",24.97331003890062,60.434946483203646
FIN,"storsvangen 5 b, 99 helsingin kaupunki, Finland",25.0526644520741,60.28414345591662
FIN,"mansikkapolku 12, 87500 kajaani, Finland",27.752567579854542,64.20207204027199
FIN,"vihilahdenkatu 5, 33900 tampere, Finland",23.762219661736026,61.478634034972
FIN,"rautiontie 1688, 85160 rautio, Finland",24.20428567761755,64.07753108259175
FIN,"suovantie 32, 20360 turku, Finland",22.266449929339103,60.474011055414564
FIN,"huuhkajankuja 3, 70820 kuopio, Finland",27.62284899485431,62.83449697905894
FIN,"gerbyvagen 16, 65230 vasa, Finland",21.619556938120894,63.11548142373351
FIN,"purolehto 22 a, 2920 espoo, Finland",24.750905290595682,60.28170513467941
FIN,"tatartie 2, 15560 nastola, Finland",25.94213639425618,60.945108500380364
FIN,"lohkaretie 3a8, 70700 kuopio, Finland",27.637305091508516,62.880695086088316
FIN,"savelantie 9, 99 helsingin kaupunki, Finland",24.991600000000062,60.238590000000045
FIN,"lantinen valkoisenlahteentie 50 a, 1300 vantaa, Finland",25.032492561746608,60.29820160022854
FIN,"mattilantie 1, 21500 piikkio, Finland",22.504732181553152,60.42544484158299
FIN,"vaijeritie 7, 1640 vantaa, Finland",24.806729101020238,60.2544166335158
FIN,"idanpaantie 1 a 5, 13210 hameenlinna, Finland",24.503249053146334,60.99722550297028
FIN,"meteorgatan 5 b t4, 2210 esbo, Finland",24.733268509029074,60.169015978541694
FIN,"litmasenkaari 8 c 30, 70820 kuopio, Finland",27.637405343184895,62.83582312186985
FIN,"pappilantie 4-6, 44500 viitasaari, Finland",25.860496687637863,63.07519774561524
FIN,"vuokkokuja 1, 35300 orivesi, Finland",24.36802691052111,61.67497563253855
FIN,"isonniitynkatu 5, 99 helsingin kaupunki, Finland",24.949850000000026,60.202420000000075
FIN,"kultalistankatu 12, 6100 porvoo, Finland",25.656478817414722,60.385709633299
FIN,"kiesitie 13, 90310 oulu, Finland",25.626638823014986,64.96411972444696
FIN,"ruokolammentie 2 a 6, 21250 masku, Finland",22.139791325731096,60.54958447373917
FIN,"taivaanpankontie 23 a 1, 70200 kuopio, Finland",27.637336779216923,62.90609477688841
FIN,"ruissalontie 8, 49410 poitsila, Finland",27.1524484582024,60.5758789230957
FIN,"kukkoinkivenkatu 15, 33560 tampere, Finland",23.863663572754547,61.49311863421141
FIN,"vermonkuja 4, 370 helsinki, Finland",24.843971780080135,60.21935053162233
FIN,"souranderintie 16, 37100 nokia, Finland",23.500074298819555,61.47802668226791
FIN,"korppaanpolku 3 b, 99 helsingin kaupunki, Finland",24.888580000000047,60.20673000000005
FIN,"tolvasenkuja 1, 90460 oulunsalo, Finland",25.41377240627108,64.93338818784535
FIN,"maakunnantie 25 b, 38100 sastamala, Finland",23.049977413867595,61.44506434511629
FIN,"iisakinkuja 4, 73100 lapinlahti, Finland",27.38257201732256,63.35721324819943
FIN,"kimokuja 5, 1200 vantaa, Finland",25.103075730196707,60.27748425969736
FIN,"nurmeksentie 71 as 1, 41160 tikkakoski, Finland",25.621854265044362,62.40272842459507
FIN,"toukomiehentie 5, 45120 kouvola, Finland",26.72329920657134,60.860813591098804
FIN,"luhtavahe 8, 26200 rauma, Finland",21.489855787479257,61.145179840338045
FIN,"leppavaarankatu 24, 2600 espoo, Finland",24.80261517912271,60.21682958128716
FIN,"laululinnunpolku 8, 37140 nokia, Finland",23.465446477506987,61.47749179111676
FIN,"mantyviita 6, 2110 espoo, Finland",24.812539687758573,60.17923205167952
FIN,"mantymaentie 5, 41800 korpilahti, Finland",25.577471752454272,62.01428567618797
FIN,"rannantie 706, 62500 evijarvi, Finland",23.447226399298387,63.4181584433737
FIN,"siltasuontie 1, 21530 paimio, Finland",22.71969430275246,60.43511680347618
FIN,"laahamaenpolku 5 a 1, 21500 piikkio, Finland",22.50502311741235,60.428602178780636
FIN,"elsankuja 5, 2230 espoo, Finland",24.74127230455227,60.15589440248715
FIN,"ralssikuja 4, 21110 naantali, Finland",22.057693098698593,60.483684316502746
FIN,"hankarannantie 15, 88900 kuhmo, Finland",29.53984699656249,64.13379267981918
FIN,"kollintie 36, 32100 ypaja, Finland",23.31226786752802,60.78102763778577
FIN,"hammaslahdentie 871, 82290 nieminen, Finland",29.862465527775925,62.315381030698944
FIN,"asettajantie 4, 75500 nurmes, Finland",29.192590531517084,63.53917418212592
FIN,"orvokkitie 6, 1300 vantaa, Finland",25.035907265281253,60.295279249686416
FIN,"puhakantie 21 as. 1, 99800 ivalo, Finland",27.52957567923218,68.6167613084506
FIN,"tummelitie 2 a, 21600 parainen, Finland",22.32335886094876,60.30261672581668
FIN,"lammintaustantie 22, 16900 lammi, Finland",25.035937272494635,61.078106132838
FIN,"ojatie 2, 11130 riihimaki, Finland",24.818852601954177,60.73356041718907
FIN,"sammalviita 3, 60150 seinajoki, Finland",22.873639605414894,62.76964678092378
FIN,"kytokuja 2, 1360 vantaa, Finland",25.062352085980763,60.3195941868795
FIN,"pihkarinteentie 10, 71570 syvanniemi, Finland",27.332903876590024,62.84451012632087
FIN,"hippoksentie 31 f 59, 20520 turku, Finland",22.29978459062977,60.442894203794594
FIN,"valimaenkuja 33, 74140 iisalmi, Finland",27.248591988928894,63.59461284409957
FIN,"maapallonkuja 2, 2210 espoo, Finland",24.725897966290773,60.17210546423314
FIN,"niittomiehentie 31 d, 91900 liminka, Finland",25.42672942645231,64.81460429952227
FIN,"koulutie 6, 79100 leppavirta, Finland",27.788723925030183,62.494032998799355
FIN,"iso roobertinkatu 43, 99 helsingin kaupunki, Finland",24.93593000000004,60.161380000000065
FIN,"sillanpaantie 2, 67700 kokkola, Finland",23.128163052316836,63.82053774028111
FIN,"ala-tonttilankatu 17, 15170 lahti, Finland",25.719502347390858,60.98334163473143
FIN,"pentintie 4, 32100 ypaja, Finland",23.264610545367276,60.79986894074821
FIN,"parkkirinteentie 27, 90820 kello, Finland",25.39168401872351,65.110488373372
FIN,"pilkkitie 2 c 22, 90550 oulu, Finland",25.48868610779229,65.04810962129761
FIN,"vakiniituntie 2, 20400 turku, Finland",22.321199598871743,60.54234100065304
FIN,"uuraistentie 192 b, 43130 tarvaala, Finland",25.306644414228685,62.67077058212402
FIN,"kunnaankatu 4 a 4, 21200 raisio, Finland",22.160564699285004,60.476193409634845
FIN,"kyrontie 311, 38420 sastamala, Finland",23.09450929197226,61.52961172234714
FIN,"kestintie 1, 28220 pori, Finland",21.85431451623063,61.50871651783061
FIN,"aittokorventie 2 a, 33960 pirkkala, Finland",23.665676649504178,61.46358131033534
FIN,"vuosaarentie 10, 980 helsinki, Finland",25.145960648146428,60.20994866742285
FIN,"hyypantie 7, 60420 seinajoki, Finland",22.81011953149462,62.82660185491042
FIN,"vartialantie 16 b, 81700 lieksa, Finland",29.941238569999683,63.336338369798085
FIN,"leineperintie 38, 29310 kaasmarkku, Finland",22.02945899312826,61.454198398373194
FIN,"jukolankatu 1, 80160 joensuu, Finland",29.807070032603605,62.61794300871804
FIN,"koulutie 8, 59510 parikkala, Finland",29.67990281511095,61.69059116006392
FIN,"eino salmelaisenkatu 5, 39500 ikaalinen, Finland",23.07001276084688,61.76810494706413
FIN,"palkkatilankatu 3 k 183, 240 helsinki, Finland",24.92560292823501,60.19550208011432
FIN,"matinraitti 2, 2230 espoo, Finland",24.749327564960964,60.157998721188875
FIN,"vaskikatu 9, 55610 imatra, Finland",28.796725985033788,61.16058267707032
FIN,"uusiniitynkuja 3, 1350 vantaa, Finland",25.03599334742688,60.31434833086763
FIN,"liisantie 7 as. 2, 61800 kauhajoki, Finland",22.18531989594237,62.423394509788324
FIN,"manttaalintie 10, 40950 muurame, Finland",25.67650888379501,62.12730512122033
FIN,"nissinvaarantie 31b, 93800 kuusamo, Finland",29.205980286563744,66.0421618893939
FIN,"kouluntie 60, 69600 kaustinen, Finland",23.654777515617017,63.574581398634024
FIN,"kookarinpolku 1, 99 helsingin kaupunki, Finland",25.04290000000003,60.17727000000008
FIN,"metsakeijuntie 8, 85500 nivala, Finland",24.992852781430287,63.91462669890123
FIN,"kaarinantie 1, 28400 ulvila, Finland",21.87166857620312,61.42421574398139
FIN,"storbrunnsvagen 5 a, 720 helsingfors, Finland",24.99023846582986,60.23921500436924
FIN,"sivutie 4, 5400 jokela, Finland",24.959445868134253,60.549617540347214
FIN,"peltokuja 4, 11130 riihimaki, Finland",24.77504316008418,60.73153811540993
FIN,"sinikontie 7, 74300 sonkajarvi, Finland",27.509158955658393,63.68031596004977
FIN,"snappertuna kyrkvag 103 a, 10710 snappertuna, Finland",23.651460187347368,59.997272710314604
FIN,"ruukintie 29, 86100 pyhajoki, Finland",24.25021037657288,64.45871535430604
FIN,"vanha otavantie 112 b, 50670 otava, Finland",27.075523960904917,61.63487258443371
FIN,"iskolantie 19, 21160 merimasku, Finland",21.87005527641873,60.47007100206262
FIN,"orelinkatu 48 a 3, 37120 nokia, Finland",23.482177510616452,61.46295350578751
FIN,"valttikuja 4, 1840 klaukkala, Finland",24.738786232070424,60.3633827578106
FIN,"vuoksenniskantie 96 d, 55800 imatra, Finland",28.83659291492617,61.22922141162178
FIN,"jurvalankatu 3, 33300 tampere, Finland",23.638943994249644,61.498480370034684
FIN,"nostovaenkatu 15 a 10, 20360 turku, Finland",22.26088308834511,60.49128016479838
FIN,"hintankuja 2 b, 90650 oulu, Finland",25.5266946021126,65.02781120828718
FIN,"yrjontie 3 a 4, 66400 laihia, Finland",22.018404352487266,62.97480819419715
FIN,"tekniikantie 12 a, 2150 espoo, Finland",24.814361578232763,60.18383409370847
FIN,"rinnetie 9, 92500 rantsila, Finland",25.646062877795686,64.51778786467284
FIN,"opintie 5, 60510 hyllykallio, Finland",22.885524305927333,62.79946175534252
FIN,"tornitie 1, 86900 pyhakumpu, Finland",26.048403953224607,63.668467930363704
FIN,"hanhitie 11, 45160 kouvola, Finland",26.722051225007533,60.894272514104046
FIN,"kirkkotie 250, 21270 nousiainen, Finland",22.132172427201738,60.6159256448112
FIN,"muurarintie 12, 32800 kokemaki, Finland",22.359574047084692,61.248610932961384
FIN,"muukontie 12, 53300 lappeenranta, Finland",28.30959014050177,61.07901301285207
FIN,"pattijoentie 6 b 5, 92140 pattijoki, Finland",24.578390719638378,64.69255624557499
FIN,"pajaniementie 15, 61800 kauhajoki, Finland",22.19021576558714,62.42974287943437
FIN,"laitatuulenkaari 2, 99 helsingin kaupunki, Finland",25.06674000000004,60.16179000000005
FIN,"lumparlankatu 19, 21200 raisio, Finland",22.156812205052375,60.483136098125556
FIN,"taka-ahontie 3, 46910 anjala, Finland",26.80759986248222,60.68192550478594
FIN,"hjortvagen 3, 10650 ekenas, Finland",23.468908055733717,59.97940897681367
FIN,"jungarvagen 27 b, 66850 jepua, Finland",22.652556806870848,63.403929545506216
FIN,"tietotaajamankeha 3, 4300 tuusula, Finland",24.971549503957647,60.399334710277316
FIN,"epoontie 510, 6200 porvoo, Finland",25.805701504371,60.35786692069743
FIN,"honkakoskentie 2291 a, 74420 iisalmi, Finland",27.590995332035703,63.51843873668389
FIN,"tuulipurto 1, 91800 tyrnava, Finland",25.673239522461415,64.83999388052149
FIN,"jyllinkoskentie 39, 61300 kurikka, Finland",22.384216674782436,62.5995667756533
FIN,"koskenniska 2, 1360 vantaa, Finland",25.082444597539705,60.32096332885371
FIN,"sananjalantie 6, 1350 vantaa, Finland",25.026506877050963,60.31373175807005
FIN,"backvagen 7, 68580 larsmo, Finland",22.748285225941004,63.71417662767422
FIN,"olkiluodontie 190, 27150 eurajoki, Finland",21.624721363943394,61.18650710731117
FIN,"lapinlahdenkatu 3 a, 180 helsinki, Finland",24.93103163546465,60.1665841369734
FIN,"reelinkipolku 2, 15160 lahti, Finland",25.744602627001996,60.9800129714329
FIN,"paarmanpolku 3, 67800 kokkola, Finland",23.069636422170163,63.82459648451008
FIN,"koulutie 1 a 4, 41330 vihtavuori, Finland",25.901275568595736,62.369528250940846
FIN,"orvokkitie 23, 15610 lahti, Finland",25.667947572264865,60.953384163725275
FIN,"sepetlahdentie 14, 2230 espoo, Finland",24.741725765514047,60.15217438812934
FIN,"matinpalontie 8, 61400 ylistaro, Finland",22.511822936363444,62.93607227640976
FIN,"kalapadontie 5, 33450 siivikkala, Finland",23.65994828923604,61.551526292018366
FIN,"pirttimaenrinne 19, 70800 kuopio, Finland",27.462885485711922,62.844259716963506
FIN,"tyttosenkatu 11, 65370 vaasa, Finland",21.713721250050583,63.10167483664196
FIN,"kiurunkuja 7, 92120 raahe, Finland",24.514075119287753,64.67721396809313
FIN,"loilantie 3-5, 33470 ylojarvi, Finland",23.59875863585563,61.55528917981093
FIN,"lukkarintie 4, 4310 tuusula, Finland",25.034446383376803,60.40962781310529
FIN,"kivitaskuntie 6, 28220 pori, Finland",21.83986805465065,61.49750785971875
FIN,"laivolantie 10, 26910 unaja, Finland",21.511486126813793,61.07043581133263
FIN,"sahatie 20 a, 81280 uimaharju, Finland",30.251258262550124,62.918959321882085
FIN,"aamutuulentie 4, 5440 hyvinkaa, Finland",24.87523657496797,60.60195183875129
FIN,"lyylintie 39, 63300 alavus, Finland",23.596543466484434,62.57243476462199
FIN,"lauklahteenkatu 11 k 102, 20740 turku, Finland",22.284662715291915,60.42367772684605
FIN,"kuopiontie 110 b, 51720 mikkeli, Finland",27.457110270605,61.71423323997959
FIN,"harjusenkatu 15, 44200 suolahti, Finland",25.825874230743324,62.56462148975797
FIN,"turuntie 1302, 31520 pitkajarvi, Finland",23.30539009687743,60.66583639973115
FIN,"huhtamaentie 34, 85430 sievi, Finland",24.598427156265103,63.91325571290835
FIN,"olgankaari 1, 40420 jyvaskyla, Finland",25.837566398939856,62.24864427570657
FIN,"siskontie 6, 37550 lempaala, Finland",23.75753048982355,61.34796812727487
FIN,"sahramikuja 9, 90460 oulunsalo, Finland",25.428057371372375,64.9388517229533
FIN,"vanha valtatie 115 b 4, 4460 nummenkyla, Finland",25.094331477346998,60.510180434449666
FIN,"paciusvangen 27, 99 helsingin kaupunki, Finland",24.952980000000025,60.167950000000076
FIN,"karjatie 2 d, 1820 klaukkala, Finland",24.747693093841747,60.3953940423184
FIN,"lehtoniementie 134 b 2, 70840 kuopio, Finland",27.699039656528754,62.85841918217875
FIN,"poropolku 8, 96400 rovaniemi, Finland",25.751504369895684,66.49566325195863
FIN,"erik sparen tie 7, 99 helsingin kaupunki, Finland",25.026310000000024,60.23114000000004
FIN,"rasilantie 3, 44760 keiharinkoski, Finland",25.47346758911081,63.18788945823343
FIN,"sammakkolammentie16, 70200 kuopio, Finland",27.63848543522809,62.90371100553483
FIN,"kivikaudentie 8, 96400 rovaniemi, Finland",25.77674588457529,66.48871159483153
FIN,"ilveskuja 31, 40400 jyvaskyla, Finland",25.802932542656976,62.2462222828745
FIN,"makirinteentie 1-3 c 11, 62100 lapua, Finland",23.02648889041808,62.984260131131975
FIN,"stenmarsvagen 1, 25950 rosala, Finland",22.421198429351207,59.85317661152636
FIN,"laivalahden puistotie 4 b 18, 99 helsingin kaupunki, Finland",26.158834376000073,64.52251280100006
FIN,"eskoontie 3, 60200 seinajoki, Finland",22.863842082612138,62.733491483486034
FIN,"lemelantie 8, 32100 ypaja, Finland",23.270483493465235,60.807564449872615
FIN,"louhitie 2, 73900 rautavaara, Finland",28.29158639921414,63.49974566767912
FIN,"jakobsgatan 21, 68600 jakobstad, Finland",22.710555010806104,63.6783651139952
FIN,"papinhaankuja 13 as 1, 23800 laitila, Finland",21.696350258633657,60.88700196747064
FIN,"pilttipolku 1, 92350 revonlahti, Finland",24.95421976548223,64.71920583376331
FIN,"pirttitie 21 as. 1, 96200 rovaniemi, Finland",25.71461578165861,66.50936175440873
FIN,"suksitie 2, 93400 taivalkoski, Finland",28.232098272178376,65.57585955857107
FIN,"kivirinne 10, 90240 oulu, Finland",25.588450201595407,64.98137148329121
FIN,"munkviksvagen 31, 21600 pargas, Finland",22.31178772743408,60.29837665627636
FIN,"paivankajontie 8 d, 2210 espoo, Finland",24.739106336952716,60.17587962568547
FIN,"tarhurintaival 4 a 2, 33880 lempaala, Finland",23.782925393331283,61.41329148384429
FIN,"takkunurmentie 7, 82600 tohmajarvi, Finland",30.343288877207442,62.22045195392354
FIN,"koskentie 39, 31500 koski tl, Finland",23.13240940828453,60.659462591008975
FIN,"hytosenkuja 1, 41340 laukaa, Finland",25.944600787919285,62.4006004689264
FIN,"killaistenkuja 32, 21270 nousiainen, Finland",22.138639065501565,60.61892288765819
FIN,"hietamantie 96, 44170 hietama, Finland",25.58608918710894,62.59921963913331
FIN,"peuranpolku 1, 88900 kuhmo, Finland",29.506853394912014,64.12442422664
FIN,"kappalaisentie 55, 12210 hausjarvi, Finland",24.942201527274307,60.78602987378184
FIN,"lintulammenkatu 5a a14, 4250 kerava, Finland",25.10778200119165,60.398484575747744
FIN,"viertolank.14, 53100 lappeenranta, Finland",28.2196793091575,61.055791033923526
FIN,"everstinkatu 4 a 3, 8200 lohja, Finland",24.023105224605246,60.23234628617408
FIN,"koleenpiha 22, 63300 alavus, Finland",23.65063348023716,62.5937052688532
FIN,"fralsintie 7 a 5, 21200 raisio, Finland",22.148965067299542,60.484415511826256
FIN,"etelantie 346, 74510 iisalmi, Finland",27.243449104597545,63.5234080318005
FIN,"ojapellontie 8, 45370 valkeala, Finland",26.810793786687213,60.942055019988715
FIN,"koskitie 2, 29340 kullaa, Finland",22.181271101432515,61.4671562339492
FIN,"museotie 2, 91800 tyrnava, Finland",25.651762991050134,64.76524855232111
FIN,"korvenkatu 61 j 18, 33300 tampere, Finland",23.61995755863373,61.49931365693888
FIN,"petaikontie 15, 73200 varpaisjarvi, Finland",27.744256419941905,63.35990538977083
FIN,"aittakorventie 1, 48400 kotka, Finland",26.869919983143888,60.49452999629756
FIN,"leinikkitie 17 b, 37550 lempaala, Finland",23.744337290406378,61.34889248355705
FIN,"heikkilantori 2, 2400 kirkkonummi, Finland",24.456841724206157,60.12281698180493
FIN,"puistotie 23, 5200 rajamaki, Finland",24.766277564990745,60.52852407813992
FIN,"saniaiskuja 1, 99 helsingin kaupunki, Finland",25.02968000000004,60.25893000000008
FIN,"mukkakuja 13, 61300 kurikka, Finland",22.442031146975367,62.61195042564034
FIN,"kirkkokatu 6, 8100 lohja, Finland",24.065769027949216,60.2538726060902
FIN,"kallentie 2 d 15, 74700 kiuruvesi, Finland",26.596944866048602,63.6562951019296
FIN,"soltintie 1 b, 15240 lahti, Finland",25.67963332202268,61.02261810145464
FIN,"heiluntie 105, 64700 teuva, Finland",21.73066074109201,62.49783896957425
FIN,"viialantie 24, 46800 myllykoski, Finland",26.790544030624687,60.75988558622072
FIN,"ellintie 12, 80710 lehmo, Finland",29.805443608111432,62.648406532894995
FIN,"fybacken 21 oster, 21740 uto, Finland",21.368617257740624,59.78148396582412
FIN,"industrigatan 43, 20520 turku, Finland",22.32146991524914,60.44058272635593
FIN,"mommilantie 21, 16900 lammi, Finland",25.010258557745374,61.07013267980429
FIN,"kivelankatu 10 a 1, 78310 varkaus, Finland",27.916323061993495,62.33661972560762
FIN,"lystinharjuntie 34, 71520 kaislastenlahti, Finland",27.42261940959031,62.88883342076505
FIN,"vatajantie 8, 62100 lapua, Finland",23.05425956056186,62.96123030733375
FIN,"halkaisijanpolku 1, 99 helsingin kaupunki, Finland",25.128670000000056,60.20318000000003
FIN,"kultakallio 1 as 9, 29600 noormarkku, Finland",21.857740786791652,61.587524847866746
FIN,"martinlaaksonpolku 7, 1620 vantaa, Finland",24.846470386184052,60.277019734623394
FIN,"suursuonlaita 6, 99 helsingin kaupunki, Finland",24.934710000000052,60.234380000000044
FIN,"arabiankatu 4, 560 helsinki, Finland",24.97672004856949,60.2068008436853
FIN,"kirkkokatu 39, 28900 pori, Finland",21.441078223959124,61.614142042405035
FIN,"paaskyrinne 7, 2400 kirkkonummi, Finland",24.47037254668325,60.13206875889193
FIN,"kumelantie 24, 11910 riihimaki, Finland",24.743190000179766,60.74163126793766
FIN,"tamminiementie 69, 21250 masku, Finland",21.96930324750454,60.51932710247084
FIN,"keskikesantie 11 a 4, 20780 kaarina, Finland",22.409014619146006,60.41561835930477
FIN,"humpulankatu 15, 15110 lahti, Finland",25.647435665897774,60.98042012237963
FIN,"seuravuorenkatu 7, 21330 turku, Finland",22.381673353901903,60.594742270463485
FIN,"lappviksgatan 16, hus 7, 99 helsingfors stad, Finland",24.922881408092962,60.16720213469452
FIN,"paapuuri 3, 2330 espoo, Finland",24.622162107667975,60.16429260846428
FIN,"itatie 13, 49900 virolahti, Finland",27.713679572434017,60.58416191981368
FIN,"arielinkatu 6, 99 helsingin kaupunki, Finland",24.952980000000025,60.167950000000076
FIN,"karhuvuorentie 1, 48300 kotka, Finland",26.86961538478249,60.47972395107138
FIN,"isannankatu 29 c, 33820 tampere, Finland",23.808122567743112,61.46870194071377
FIN,"kaivokatu 14, 75530 nurmes, Finland",29.119010832681795,63.55989810245106
FIN,"ojalehdontie 1 b 5, 80260 joensuu, Finland",29.824105077341244,62.601028411929036
FIN,"limingantie 78, 99 helsingin kaupunki, Finland",24.96488000000005,60.20956000000007
FIN,"riihipelto 15, 14770 etelainen, Finland",24.684249798154582,61.07291161598309
FIN,"voionmaankatu 69 b 32, 33300 tampere, Finland",23.638072192500374,61.497847871621076
FIN,"valimaentie 13, 33880 lempaala, Finland",23.76560463351659,61.415658950094716
FIN,"nitinkuja 2, 20660 littoinen, Finland",22.41344051547975,60.45101656133821
FIN,"harjukatu 24, 38200 sastamala, Finland",22.931277762600814,61.3275226537732
FIN,"tarvonmaenkuja 1, 27320 ihode, Finland",21.586291008436262,60.994440364183134
FIN,"haavistontie 10, 33960 pirkkala, Finland",23.627728504886733,61.46125390728062
FIN,"tikantie 2 as 25, 88300 paltamo, Finland",27.805687723590836,64.4048209322639
FIN,"kesonkuja 3, 13210 hameenlinna, Finland",24.48953223623778,61.0118816797677
FIN,"numersinkatu 1, 2600 espoo, Finland",24.808350915465667,60.2169065271583
FIN,"kilonkallionkuja 8, 2610 espoo, Finland",24.781966695926144,60.22077041688411
FIN,"mannikontie 7, 41400 lievestuore, Finland",26.213545383053628,62.26529593219297
FIN,"toppelundintie 11, 2170 espoo, Finland",24.78290479852953,60.16008304905151
FIN,"siskelintie 4, 99800 ivalo, Finland",27.776678794890955,68.70842018570212
FIN,"kapykaantie 28, 91410 jokirinne, Finland",23.50967047888583,60.903580196578446
FIN,"pyhajarventie 6, 59800 kesalahti, Finland",29.829365014950454,61.89177271459068
FIN,"kanervantie 7, 58200 kerimaki, Finland",29.270617835815358,61.916957070081
FIN,"ylojarventie 41, 33420 tampere, Finland",23.636750450188657,61.52225626703458
FIN,"rajakummuntie 37, 82290 nieminen, Finland",29.843203830459714,62.35096971148204
FIN,"komeetankuja 3a, 2210 espoo, Finland",24.733476297735912,60.16751725118469
FIN,"yliturjantie 1, 62100 lapua, Finland",23.022809989295354,62.96396938756294
FIN,"niemenkylantie 145, 42140 juokslahti, Finland",25.324406421428733,61.93777482581223
FIN,"sudenmarja 1, 70870 hiltulanlahti, Finland",27.610555341285902,62.80779391192263
FIN,"suolaketie 6, 6400 porvoo, Finland",25.630666159852723,60.37351212016006
FIN,"olkiluodontie 88, 27150 eurajoki, Finland",21.635351964102767,61.17718404213767
FIN,"vattuniemenkuja 4, 99 helsingin kaupunki, Finland",24.88993000000005,60.15155000000004
FIN,"vallikatu 17 e, 2650 espoo, Finland",24.81561006271076,60.22908949769524
FIN,"tennaritie 5, 21200 raisio, Finland",22.14969487960903,60.49622582294802
FIN,"jokikatu 4, 29200 harjavalta, Finland",22.152147675935254,61.315061697417434
FIN,"aapraminkaari 6, 1610 vantaa, Finland",24.867676428160642,60.257667680447106
FIN,"kelsantie 5 b 1, 43500 karstula, Finland",24.809074357528743,62.87773184146627
FIN,"pirkankatu 9, 33230 tampere, Finland",23.737727908295454,61.498104609315334
FIN,"suolaniityntie 7, 33480 ylojarvi, Finland",23.619288012208074,61.57347430548327
FIN,"maasalvantie 3, 99 helsingin kaupunki, Finland",25.01036000000005,60.23590000000007
FIN,"maenpaantie 19, 45700 kuusankoski, Finland",26.622734641014944,60.91053260998359
FIN,"montanuksentie 9, 79100 leppavirta, Finland",27.779044922338358,62.489787606750525
FIN,"tyyskylantie 3, 2570 siuntio kk, Finland",24.202396983375024,60.1753803576228
FIN,"satamakatu 7b18, 74100 iisalmi, Finland",27.185984704264428,63.555928391197654
FIN,"marjoniementie 1, 86800 pyhasalmi, Finland",25.978849076656076,63.674659893696514
FIN,"lehtoniementie 14a, 83900 juuka, Finland",29.163565174286987,63.360268451906876
FIN,"kiimakankaantie 13, 66400 laihia, Finland",22.021874376582844,62.97741345734215
FIN,"pitkaniemenkatu 19, 33330 tampere, Finland",23.583887295603688,61.497147144515594
FIN,"eliaksentie 1 a, 87200 kajaani, Finland",27.74259319889481,64.22874065778626
FIN,"vuokkiniemenkatu 11 a 14, 920 helsinki, Finland",25.077401290218063,60.22776176232276
FIN,"valtatie 22, 3600 karkkila, Finland",24.207127142794036,60.531956493170924
FIN,"haavikonkatu 12, 38700 kankaanpaa, Finland",22.40807685181875,61.82376518464824
FIN,"revonkatu 1, 86300 oulainen, Finland",24.83279279658234,64.26767342456975
FIN,"haukkavuorenkatu 5, 48100 kotka, Finland",26.926241427159994,60.45867648928365
FIN,"aapiskuja 79, 62800 vimpeli, Finland",23.83926251150632,63.16268570402761
FIN,"palokunnantie 3, 2700 kauniainen, Finland",24.718083182684182,60.21223110156703
FIN,"suviniitynkuja 2, 2770 espoo, Finland",24.665334776353717,60.20489915749286
FIN,"majurinkulma 1, 2600 espoo, Finland",24.827206258115922,60.211333441646445
FIN,"kustaantie 21, 1400 vantaa, Finland",25.076925449574787,60.32643411323727
FIN,"postitie 44 as. 1, 61300 kurikka, Finland",22.42964147703239,62.622623421541704
FIN,"rajatie 8, 32210 loimaa, Finland",22.986064647783564,60.87731340940917
FIN,"ruskontie 2, 33710 tampere, Finland",23.904090497598105,61.462148423987514
FIN,"pakkalanrinne 4, 1510 vantaa, Finland",24.946482928178774,60.29122034344105
FIN,"murickvagen 130, 68410 nedervetil, Finland",23.338815198903347,63.70048977606953
FIN,"koulutie 6, 90440 kempele, Finland",25.483056067248356,64.91794449040572
FIN,"toninmaentie 17, 66450 jakkula, Finland",22.046921347289782,62.9346602610008
FIN,"annantie 10, 3100 nummela, Finland",24.307233888798976,60.3300015769573
FIN,"aittokoskentie 14, 91300 ylikiiminki, Finland",26.03493943160163,65.03564363579994
FIN,"anfallintie, 27, 2920 espoo, Finland",24.72210322726616,60.268755471459
FIN,"lehtolankaari 2, 8150 lohja, Finland",24.07773478146538,60.238898377976795
FIN,"krakovagen 24, 6200 borga, Finland",25.712786850385726,60.33343706761181
FIN,"nykalantie 5, 91500 muhos, Finland",26.002897427418674,64.8061359370156
FIN,"linnoituksentie 8, 99 helsingin kaupunki, Finland",25.070980000000077,60.241400000000056
FIN,"maamiehenkatu 8, 28500 pori, Finland",21.780078849652824,61.47676373900694
FIN,"pohjolankatu 25, 96100 rovaniemi, Finland",25.718018499071718,66.50440989365075
FIN,"nybynkaari 13, 21570 sauvo, Finland",22.65745590564677,60.360327721741214
FIN,"ruottisenahonkatu 17, 80710 lehmo, Finland",29.79649223843427,62.667133171421995
FIN,"pilvilinnantie 7, 4130 sipoo, Finland",25.274664352310197,60.37043244129532
FIN,"sepankatu 22 a a 11, 80100 joensuu, Finland",29.748804657603046,62.599662706535156
FIN,"hartikkalantie 19, 23800 laitila, Finland",21.695102025612783,60.86987363215064
FIN,"puistokaari 4, 99 helsingin kaupunki, Finland",24.952980000000025,60.167950000000076
FIN,"vanhamaentie 2a, 50600 mikkeli, Finland",27.19913624562284,61.67834117621106
FIN,"ylatie 10, 32700 huittinen, Finland",22.688289574667948,61.196125550752555
FIN,"idrottsvagen 9, 68500 kronoby, Finland",23.02816066100641,63.72741467027339
FIN,"makitie 4, 73200 varpaisjarvi, Finland",27.753477770720366,63.35937234263838
FIN,"puistokatu 9a-b, 90120 oulu, Finland",25.453006721508775,65.0066889168493
FIN,"tahvintie 26 a, 88380 mieslahti, Finland",27.95203198117764,64.41186047364579
FIN,"vanha pisantie 16, 2280 espoo, Finland",24.680469978917614,60.17457862858407
FIN,"satulatie 1, 90540 oulu, Finland",25.477974370810188,65.07348038492421
FIN,"puntaritie 3, 94450 keminmaa, Finland",24.492586434116873,65.78294382234242
FIN,"sienitie 1 a, 26100 rauma, Finland",21.52326856810751,61.15348798276554
FIN,"karjaportintie 40, 90140 oulu, Finland",25.502192371293063,65.0005447515289
FIN,"kuhatie 1, 54915 saimaanharju, Finland",28.0967845678055,61.13473838884993
FIN,"kaislatie 3 b, 5810 hyvinkaa, Finland",24.899450133042166,60.618393486653645
FIN,"houhajarventie 52, 38250 sastamala, Finland",22.962716437393198,61.27109957918111
FIN,"maatialantie 5, 35100 orivesi as, Finland",24.370425811209913,61.65899746197229
FIN,"notkolantie 39, 82210 suhmura, Finland",29.89519543475248,62.47138660516188
FIN,"kivivuorenkuja 2 d 27, 1620 vantaa, Finland",24.85624452347693,60.27966594336539
FIN,"kotkankatu 18, 37140 nokia, Finland",23.44869817767696,61.474737497733315
FIN,"taulumaentie 81, 71800 siilinjarvi, Finland",27.708855870975583,63.05764956076521
FIN,"kauppakatu 19 b 18, 80100 joensuu, Finland",29.75904533162668,62.599128863121905
FIN,"kuumantie 517, 31620 latovainio, Finland",23.510373897622515,60.91715104454997
FIN,"naapurintie 14, 99 helsingin kaupunki, Finland",25.086880000000065,60.234560000000045
FIN,"kuokkamaantie 7, 27710 koylio, Finland",22.31285876702185,61.1203326103838
FIN,"loukkureitti 20, 90540 oulu, Finland",25.450384665955966,65.08597742537316
FIN,"rinnekatu 20, 44120 aanekoski, Finland",25.850154676404856,62.55907795045482
FIN,"homotiaisentie 8, 80330 reijola, Finland",29.840308972560024,62.528483584769305
FIN,"saaritie 2, 40900 saynatsalo, Finland",25.781769662062544,62.12468053778852
FIN,"mertajarventie 20, 57220 savonlinna, Finland",28.95568425252833,61.86419500124836
FIN,"professorintie 5, 28600 pori, Finland",21.721451963168306,61.48974315798364
FIN,"urheilutie 6, 21310 vahto, Finland",22.30519318129177,60.61811130988323
FIN,"leikkipolku 4, 45370 valkeala, Finland",26.810068249148344,60.943023632719644
FIN,"opistokuja 3, 70110 kuopio, Finland",27.662780633039205,62.89815070242534
FIN,"reppulenkki 2, 41290 kangashakki, Finland",25.671858403955056,62.522331738150456
FIN,"pihlajatie 5, 88470 kontiomaki, Finland",28.105052340824642,64.33726899527818
FIN,"savitie 10 b, 60800 ilmajoki, Finland",22.605935112855377,62.72432528563044
FIN,"ristinarkuntie 1, 33700 tampere, Finland",23.84850012317696,61.484709573669676
FIN,"hippoksenkatu 5, 33560 tampere, Finland",23.808372683733865,61.501834933414045
FIN,"kirkkotie 8, 44400 konginkangas, Finland",25.80821992690336,62.776655066112376
FIN,"sudenkaari 63, 2580 siuntio, Finland",24.229475727411682,60.13503473724006
FIN,"kytolantie 13, 85140 tynka, Finland",24.0688724275999,64.20674348445922
FIN,"bolesundsvagen 13, 65610 korsholm, Finland",21.682675602698083,63.11892089579203
FIN,"sammalkatu 7, 80710 lehmo, Finland",29.7988935581384,62.66910852204306
FIN,"vinarintie 9a, 31500 koski tl, Finland",23.13673287776146,60.648153559606584
FIN,"rahkolantie 93, 23100 mynamaki, Finland",21.938917172112923,60.685001034608575
FIN,"nisulantie 15 g28, 90800 oulu, Finland",25.3986026092426,65.09462298131297
FIN,"rinkkakatu 2a2, 15840 lahti, Finland",25.569997274116616,60.98093200520657
FIN,"teerentie 1, 70820 kuopio, Finland",27.630147704682372,62.83888063060067
FIN,"koskikuja 7, 1600 vantaa, Finland",24.844907245060853,60.26806614374186
FIN,"kontinjoentie 6, 88620 korholanmaki, Finland",27.858672929217395,64.15266706959297
FIN,"sikosaarentie 34, 63370 taipalus, Finland",23.35083912282755,62.578537251138385
FIN,"kiviparintie 5aa, 920 helsinki, Finland",25.071941569946688,60.22541021938687
FIN,"kuusitie 8, 36110 ruutana, Finland",24.010090140630524,61.53040490184463
FIN,"pyhan katariinantie 16 d 10, 20780 kaarina, Finland",22.359861881639745,60.405889316650985
FIN,"taysikuu 5, 2210 espoo, Finland",24.725531174207816,60.17454241876237
FIN,"adalmiinankatu 3 a 5, 960 helsinki, Finland",25.15151231789565,60.22001340529883
FIN,"koskenniskantie 10, 40800 jyvaskyla, Finland",25.911970005796206,62.2654518343831
FIN,"jarvelantie 11-13 c 25, 40420 jyska, Finland",25.844323218727624,62.24413124948933
FIN,"aatamintie 7 as 1, 65610 korsholm, Finland",21.68454778459136,63.113043547194934
FIN,"pertuntie 42, 5400 jokela, Finland",24.96253434799729,60.53878816335407
FIN,"marjatantie 19, 4230 kerava, Finland",25.09917370281144,60.413495348959
FIN,"lepikontie 14, 86300 oulainen, Finland",24.817318294577916,64.25650839426393
FIN,"sukkatie 5, 75500 nurmes, Finland",29.167782864145835,63.5424065792665
FIN,"mustikkapolku 2, 34600 ruovesi, Finland",24.06363030153497,61.981637157491235
FIN,"vaakonkatu 20, 33270 tampere, Finland",23.672400863688637,61.50719075999558
FIN,"hopeakuja 3, 2410 kirkkonummi, Finland",24.453554760875903,60.139022972499504
FIN,"otsolankatu 1, 34800 virrat, Finland",23.79767955457683,62.236717959044825
FIN,"tietotie 10, 15210 lahti, Finland",25.65226188192716,61.00348221650509
FIN,"kauppiaantie 3, 90460 oulunsalo, Finland",25.41026175274061,64.93381650416825
FIN,"likusterikatu, 1, 2250 espoo, Finland",24.74047585611254,60.191110423855065
FIN,"berliininkatu 4 b, 99 helsingin kaupunki, Finland",24.974480000000028,60.20407000000006
FIN,"sulkukatu 11c, 64260 kaskinen, Finland",21.229227465218514,62.390752235609455
FIN,"koulutie 32, 28800 pori, Finland",21.628685417412157,61.55292711758656
FIN,"pakarilantie 22 g 25, 82200 hammaslahti, Finland",29.958530520069672,62.438357003237286
FIN,"storkyrkovagen 44, 10210 inga, Finland",24.017984803774397,60.0510445470228
FIN,"porinmaenkuja 1, 66500 vahakyro, Finland",22.10422473126289,63.052433250962025
FIN,"jutaksentie 56, 6830 kulloonkyla, Finland",25.52769665863724,60.355278421358804
FIN,"heikkilankuja 8, 73100 lapinlahti, Finland",27.451516858977982,63.35777470998363
FIN,"nikuakern 1, 2920 esbo, Finland",24.748944428166823,60.27523149749041
FIN,"sorvarintie 15, 69600 kaustinen, Finland",23.497540030394475,63.59118083193488
FIN,"sockenvagen 3, 68600 jakobstad, Finland",22.701575477934256,63.666553880864086
FIN,"sampaanlantie 38, 26820 rauma, Finland",21.493905755455557,61.107383282439486
FIN,"laukolan koulutie 4, 21310 vahto, Finland",22.304278128922107,60.611324566701114
FIN,"erottajantie 10, 21490 marttila, Finland",22.901597527275612,60.57856859200567
FIN,"vanha hameentie 240, 32200 loimaa, Finland",23.134156867458557,60.8297098571573
FIN,"numersintie 19, 69100 kannus, Finland",23.92770718034717,63.88714558160265
FIN,"olgankuja 8, 40420 jyska, Finland",25.83712827686088,62.25002309877891
FIN,"lyhdetie 34, 6150 porvoo, Finland",25.70948555400105,60.384922949776495
FIN,"lippurinne 3, 2770 espoo, Finland",24.65973197699512,60.1991861361075
FIN,"tuukkalantie 15 l 174, 940 helsinki, Finland",25.100841282448187,60.24240683309847
FIN,"neitoperhonkuja 2, 4330 lahela, Finland",24.97845191740359,60.396341029739176
FIN,"haapotie 10 f 16, 89400 hyrynsalmi, Finland",28.469501765663495,64.68495536813742
FIN,"kaartotie 5, 33950 pirkkala, Finland",23.708963312073138,61.468579020103704
FIN,"metsotie 27, 1450 vantaa, Finland",25.07150034656351,60.35115314198245
FIN,"suuntimotie 28 c, 99 helsingin kaupunki, Finland",24.952980000000025,60.167950000000076
FIN,"kala-matti 3, 2230 espoo, Finland",24.738456907094672,60.1583166048668
FIN,"oksatie 3, 60510 hyllykallio, Finland",22.89178801835132,62.807627279687495
FIN,"mellantie 6, 95600 ylitornio, Finland",23.67390499621345,66.31854228038273
FIN,"myllylammenkatu 10, 41160 tikkakoski, Finland",25.65092580656099,62.38925946056344
FIN,"laanilantie 6, 90500 oulu, Finland",25.48586869878678,65.02405380189272
FIN,"haapahuhdantie 12, 11310 riihimaki, Finland",24.782229803866812,60.765877724981806
FIN,"paalantie 1, 7170 pornainen, Finland",25.382581263438425,60.47116954442341
FIN,"metsolankaari 2, 5200 rajamaki, Finland",24.744885646122277,60.52636488535652
FIN,"kylanportti 17, 2940 espoo, Finland",24.701764623029987,60.240082824714534
FIN,"tottesund 364, 66640 maxmo, Finland",22.04801526947321,63.219994452418746
FIN,"koukkarinkatu 6 e, 20610 turku, Finland",22.360907272603782,60.444950033186444
FIN,"suokulaisentie 10, 90540 oulu, Finland",25.50538604404096,65.07279625398704
FIN,"jyvamaentie 256, 32100 ypaja, Finland",23.26856671984706,60.779962381711215
FIN,"kirkkotie 1, 40800 vaajakoski, Finland",25.86580050451019,62.24680407077392
FIN,"ahdintie 17, 45700 kuusankoski, Finland",26.63470835733912,60.92273992994927
FIN,"myllyjarventie 2 b, 40640 jyvaskyla, Finland",25.70250954744523,62.2192041399978
FIN,"paviljonkikuja 5, 99 helsingin kaupunki, Finland",24.952980000000025,60.167950000000076
FIN,"valkosentie 17, 91500 muhos, Finland",26.055005623984613,64.66908632995052
FIN,"kyosti kallion tie 1, 99 helsingin kaupunki, Finland",25.008700000000033,60.18605000000008
FIN,"tervatie 3, 41400 lievestuore, Finland",26.20953950388801,62.26601824269909
FIN,"vilppulanpolku 4b24, 33720 tampere, Finland",23.843720929624396,61.45695302703277
FIN,"viitakuja 161, 30100 forssa, Finland",23.662236548802923,60.77719111497382
FIN,"pajulinnuntie 12, 16300 orimattila, Finland",25.71901074876962,60.82001392302104
FIN,"pitkakatu 33, 44150 aanekoski, Finland",25.714426685922973,62.61159744700956
FIN,"raikantie 12, 37120 nokia, Finland",23.515670589877146,61.46190073874868
FIN,"korpiniementie 8, 85500 nivala, Finland",24.870205253767864,63.92130527362289
FIN,"juvolantie 409, 54850 kuukanniemi, Finland",27.94528178309335,61.07844316916467
FIN,"pursimiehenkatu 7, 150 helsinki, Finland",24.940246783634763,60.16046727549306
FIN,"tavintie 8 b 22, 40400 jyvaskyla, Finland",25.78310984456124,62.24514319665968
FIN,"ruotsalontie 280, 68320 ruotsalo, Finland",23.34865894144016,63.904359214238006
FIN,"metsotie6, 69510 halsua, Finland",24.178760938429633,63.46867805974031
FIN,"voravagen 1417, 66710 kaitsor, Finland",22.28083704704457,63.24666881153669
FIN,"kimmeltie 26 d, 2110 otsonkallio 3 f 36, Finland",24.817321144424994,60.179733079941826
FIN,"somerontie 287, 31610 vaulammi, Finland",23.41868937174729,60.75842386612595
FIN,"aurinkotuulenkatu 11, 99 helsingin kaupunki, Finland",25.157970000000034,60.20497000000006
FIN,"malamontie 2, 66440 tervajoki, Finland",22.133387551705056,63.005689556247404
FIN,"ayhontie 26, 26510 rauma, Finland",21.552453768231175,61.13807412383056
FIN,"eidisbackvagen 150, 66550 vasterhankmo, Finland",21.857788898915885,63.20406837538073
FIN,"myonteentie 14, 38360 sastamala, Finland",22.616349040817624,61.48031473228721
FIN,"isannantie 3, 40740 jyvaskyla, Finland",25.704785066519293,62.25002745736856
FIN,"heikkilantie 27, 1900 nurmijarvi, Finland",24.81755374223812,60.46487503241045
FIN,"kuhalankuja 3, 30420 forssa, Finland",23.61379308794335,60.811652639327406
FIN,"karhunkierros 20, 90540 oulu, Finland",25.465883643117678,65.08473694561269
FIN,"kulloonmaentie 20, 2940 espoo, Finland",24.71077902461903,60.2442358900999
FIN,"puimuripolku 15 a, 13500 hameenlinna, Finland",24.420108871730093,60.979616926507845
FIN,"sonkajarventie 451, 74140 iisalmi, Finland",27.256997864347426,63.601517478749855
FIN,"tohkakallionkatu 22, 13500 hameenlinna, Finland",24.39235379192621,61.00268962374082
FIN,"tiirantie 18 a1, 40400 jyvaskyla, Finland",25.799799303430973,62.24175141763024
FIN,"ollinkeha 2 i 105-106, 92120 raahe, Finland",24.506827622888068,64.67577215501842
FIN,"koljonniemenkatu 19, 70100 kuopio, Finland",27.684566875772816,62.889986393456354
FIN,"urheilutie 35, 21270 nousiainen, Finland",22.267704784063483,60.66788460159111
FIN,"kartanonkatu 5, 48600 kotka, Finland",26.929685634993803,60.51379798004115
FIN,"torpin rinnakkaiskatu 1, 95420 tornio, Finland",24.169959437181234,65.84957496535478
FIN,"mantynaadankatu 3, 67800 kokkola, Finland",23.066876671773798,63.82703166167579
FIN,"kodisjoentie 1432, 27310 kodisjoki, Finland",21.68884485107327,61.02666706360256
FIN,"rajakummuntie 36, 82290 nieminen, Finland",29.84231903676053,62.351832125499755
FIN,"veistotie 7, 19650 joutsa, Finland",26.119622050840235,61.74150698899362
FIN,"karhulantie 10, 90800 oulu, Finland",25.392958319463276,65.07951154144459
FIN,"tilhipolku 6, 99 helsingin kaupunki, Finland",24.952980000000025,60.167950000000076
FIN,"mannerheimintie 93, 270 helsinki, Finland",24.90370922950268,60.1962265699153
FIN,"siltakylantie 9 b, 740 helsinki, Finland",24.988293864293155,60.27091796056877
FIN,"kallioputaankatu 6 b 7, 95420 tornio, Finland",24.196990404369757,65.83388299487245
FIN,"honkalankatu 2 b 2, 13210 hameenlinna, Finland",24.49603198305519,61.00290332036229
FIN,"kiviparintie 9, 99 helsingin kaupunki, Finland",25.071710000000053,60.22454000000005
FIN,"rillaintie 8 b 11, 31600 jokioinen, Finland",23.494954799998055,60.80616580359924
FIN,"talonpojankatu 4 a 4, 5830 hyvinkaa, Finland",24.842323523407032,60.61199620860256
FIN,"kanavakatu 6, 55100 imatra, Finland",28.78523850291279,61.17077435886989
FIN,"leivonkatu 2, 4230 kerava, Finland",25.10822464949834,60.41524980702215
FIN,"hietamaenkuja 6, 62375 yliharma, Finland",22.801731006615682,63.14493027662158
FIN,"kilonpuistonkatu 3, 2610 espoo, Finland",24.783712730176603,60.21683838228549
FIN,"ukonkuja 3, 80220 joensuu, Finland",29.766258378404302,62.58281910446604
FIN,"takalantie 2, 41120 puuppola, Finland",25.701711788891917,62.34714091734054
FIN,"nordenskioldintie 2, 7940 loviisa, Finland",26.24310779383002,60.460001858501606
FIN,"korvenkatu 18, 33300 tampere, Finland",23.63024215383001,61.49983794498249
FIN,"mukaniityntie 25, 37100 nokia, Finland",23.504281753219015,61.49100896333564
FIN,"kotinummentie 4 f 43, 700 helsinki, Finland",25.01370863291143,60.25554676552096
FIN,"kynnostie 14, 45100 kouvola, Finland",26.69095168201764,60.85925279690849
FIN,"sinivuokonpolku 9, 99 helsingin kaupunki, Finland",24.952980000000025,60.167950000000076
FIN,"pappilantie 6, 29100 luvia, Finland",21.631947737947087,61.36149802774261
FIN,"ahmapolku 2, 38700 kankaanpaa, Finland",22.406615886095267,61.816378087651174
FIN,"keskustie 32c, 43800 kivijarvi, Finland",25.0788983589087,63.11952852217142
FIN,"rommeikonmaentie 18, 73100 lapinlahti, Finland",27.40776382731636,63.37328948703282
FIN,"pistotie 1, 84100 ylivieska, Finland",24.52449105890676,64.07168747115495
FIN,"manttaalikatu 5, 60320 seinajoki, Finland",22.806825275908608,62.788774409698675
FIN,"mustiaistie 5, 37420 vesilahti, Finland",23.611211042670163,61.271681157532925
FIN,"ruukintie27, 86100 pyhajoki, Finland",24.251174463076126,64.45864356330532
FIN,"norra munsalavagen 32, 66950 munsala, Finland",22.434937666372832,63.45576758191723
FIN,"noykkionniitty 1, 2330 espoo, Finland",24.66392494023961,60.16965283554498
FIN,"santaholmantie 86, 90830 haukipudas, Finland",25.32718963237815,65.18668087906516
FIN,"kontiontie 40, 34800 virrat, Finland",23.80034206612052,62.24084927339146
FIN,"pirkankatu 18, 33230 tampere, Finland",23.73821447777479,61.498664352809385
FIN,"gengatan 7, 99 helsingin kaupunki, Finland",24.952980000000025,60.167950000000076
FIN,"kalliovuorentie 62, 60720 tuomikyla, Finland",22.6992722985797,62.75481081230325
FIN,"ljusdalavagen 5, 2430 masala, Finland",24.536713214841086,60.16365638010373
FIN,"honkasentie 11, 90450 kempele, Finland",25.54631496106569,64.9028781451764
FIN,"bronpolku 2, 2480 kirkkonummi, Finland",24.442097034511193,60.10982096665995
FIN,"honkaharjuntie 10, 40620 jyvaskyla, Finland",25.714557024517347,62.228527288990335
FIN,"rajatorpantie 8 a, 1600 vantaa, Finland",24.852262197459225,60.25847569585707
FIN,"opintie 7, 53600 lappeenranta, Finland",28.179514989340447,61.047689714956874
FIN,"piilipuunpolku 2, 1360 vantaa, Finland",25.052116776375158,60.32209413141109
FIN,"keskuskatu 17, 65320 vaasa, Finland",21.664424762904844,63.0935695362713
FIN,"komeronkatu 5, 31900 punkalaidun, Finland",23.109992930251167,61.11716031148899
FIN,"ilomaentie 8, 99 helsingin kaupunki, Finland",24.952980000000025,60.167950000000076
FIN,"rantatie 5 a (2.krs), 49900 virolahti, Finland",27.708782445503772,60.5805694780222
FIN,"lyylikinsola 4 a, 60120 seinajoki, Finland",22.848388954460802,62.7975152678776
FIN,"lentokentankatu 15 b 9, 33900 tampere, Finland",23.75183666299648,61.46595141918675
FIN,"alkutaival 1, 55100 imatra, Finland",28.76275616817307,61.15170681068013
FIN,"tanskanpolku 10, 70820 kuopio, Finland",27.674878317711347,62.82355805059129
FIN,"karjakuja 28, 9630 koisjarvi, Finland",24.0640089121014,60.396899180671625
FIN,"varsinais-suomenkatu 33 as. 18, 20740 turku, Finland",22.291856651330306,60.41257287860503
FIN,"timolantie 350, 78480 timola, Finland",27.86241124750228,62.37811354099685
FIN,"pollosenlahdenkatu 23, 74130 iisalmi, Finland",27.227378146363122,63.557699571157656
FIN,"saarilammintie 124, 41400 lievestuore, Finland",26.23658304393132,62.29871889683358
FIN,"kausansaarentie  5, 47400 kausala, Finland",26.339828828091772,60.891021050127165
FIN,"kittilantie 3, 64720 perala, Finland",21.617300529786064,62.46304304919346
FIN,"tuulitie 6, 84100 ylivieska, Finland",24.538595790294266,64.06176262724296
FIN,"taavetinkuja 11, 99 helsingin kaupunki, Finland",24.952980000000025,60.167950000000076
FIN,"lumivaarantie 3 b 11, 42700 keuruu, Finland",24.703386353656356,62.252397398581905
FIN,"lempintie 1-3 d 16, 62100 lapua, Finland",22.98858994757225,62.968717148978584
FIN,"piennarlenkki 6, 1800 klaukkala, Finland",24.76678189441875,60.36970441665284
FIN,"jokisatamantie 3, 28190 pori, Finland",21.78726130248384,61.49946122034427
FIN,"aleksanterinkatu 33, 90100 oulu, Finland",25.463864732542607,65.01110120755686
FIN,"virttaanraitti 113, 32560 virttaa, Finland",22.675234341377035,60.94054904344517
FIN,"lentavanniemenkatu 2 f, 33410 tampere, Finland",23.7004632240629,61.52720045835116
FIN,"kuikantie 380, 41140 kuikka, Finland",25.600407584109195,62.379610097548316
FIN,"karhunkierros 1 c, 1640 vantaa, Finland",24.811979608988366,60.257530342907415
FIN,"pajamaentie 5, 47440 saaskjarvi, Finland",26.244782221617555,60.846434897205995
FIN,"isonnevantie 27, 99 helsingin kaupunki, Finland",24.89255000000003,60.21399000000008
FIN,"makkosentie 19, 88600 sotkamo, Finland",28.426869981189668,64.14058344631482
FIN,"kulotie 5, 1450 vantaa, Finland",25.067389442151125,60.34588427764638
FIN,"kalevankatu 32, 81700 lieksa, Finland",30.019901809291866,63.33222340016263
FIN,"varppitie 1, 45700 kuusankoski, Finland",26.62376134033491,60.90006696567875
FIN,"metsontie 22 a 2, 71800 siilinjarvi, Finland",27.656388509858573,63.083787897175085
FIN,"nuottakuja 14, 10940 hangonkyla, Finland",22.94058796155295,59.83629771500654
FIN,"juhannuskatu 8, 95430 tornio, Finland",24.14276099956723,65.85661257889896
FIN,"ansiolahdentie 5, 17800 kuhmoinen, Finland",25.18385791461162,61.56507278865439
FIN,"merikulmantie 72 as. 3, 20250 turku, Finland",22.22154916367566,60.459067253609675
FIN,"urheilutie 14 a 1, 85500 nivala, Finland",24.94894351109346,63.932047646461086
FIN,"sakakuja 1, 20210 turku, Finland",22.19872130183444,60.46304865761803
FIN,"leinolantie 9, 25330 kuusjoki, Finland",23.22488686220018,60.52148804092849
FIN,"siilitie 7a, 990 helsinki, Finland",25.038284709285573,60.20920600070456
FIN,"silmakkeenkatu 23, 33560 tampere, Finland",23.843301918284652,61.50373557186859
FIN,"larvatie 2 a 4, 66510 merikaarto, Finland",21.94706983023653,63.06936222271497
FIN,"paaskyskuja 9 i 49, 2620 espoo, Finland",24.7827032975772,60.22697160031041
FIN,"piiskukuja 17, 76150 pieksamaki, Finland",27.119606485180384,62.29501904095292
FIN,"teljanportti 6, 32800 kokemaki, Finland",22.346033250142824,61.25356916396578
FIN,"takamartintie 3 a 1, 5810 hyvinkaa, Finland",24.893745828836103,60.62206702335834
FIN,"vanhan-mankkaankuja 2 b, 2180 espoo, Finland",24.76887961140315,60.19256166657087
FIN,"paivakodintie 4 a 5, 95300 tervola, Finland",24.814362164966013,66.08788768578688
FIN,"heiniemenpolku 1, 2940 espoo, Finland",24.71749737147124,60.234937928726396
FIN,"vaino auerin katu 1, 99 helsingin kaupunki, Finland",24.96765000000005,60.20887000000005
FIN,"kansankatu 60, 90120 oulu, Finland",25.468812028630083,65.00562711851933
FIN,"degermyrvagen 5-7, 99 helsingfors stad, Finland",24.90428213258474,60.21722659013105
FIN,"mattliden 5, 2230 esbo, Finland",24.749831904075023,60.16459150713152
FIN,"keskustantie 2, 38600 lavia, Finland",22.583258795823554,61.596947406230925
FIN,"hakulintie 28, 8500 lohja, Finland",24.143167689509312,60.275390753650754
FIN,"vahdontie 26, 21270 nousiainen, Finland",22.127775867529095,60.619705170681556
FIN,"maskulantie 7 a 1, 21250 masku, Finland",22.101540594409016,60.56647203889045
FIN,"puinnintie 6, 28360 pori, Finland",21.82124782438447,61.47966949338078
FIN,"taoskuja 1, 20320 turku, Finland",22.234973871258546,60.47269891038198
FIN,"elotie 23, 21360 lieto as, Finland",22.44721564578228,60.56297313913842
FIN,"myllytie 9, 94500 lautiosaari, Finland",24.601784024667836,65.80805395068975
FIN,"kytoniityntie 2, 99 helsingin kaupunki, Finland",24.939820000000054,60.24822000000006
FIN,"talvikki 10, 40520 jyvaskyla, Finland",25.75166010565667,62.20779586686186
FIN,"lankakatu 3 b 7, 20660 littoinen, Finland",22.381765973932005,60.44483939206452
FIN,"nakertajantie 51, 87830 nakertaja, Finland",27.687682177726032,64.25222540937932
FIN,"lempianiementie 75, 34130 ylinen, Finland",23.617452962145876,61.6124267278297
FIN,"st andreasvagen 6, 25700 kimito, Finland",22.7381478169645,60.17464015175338
FIN,"nybackagatan 16, 66900 nykarleby, Finland",22.519416689183288,63.52919452056716
FIN,"hintsankuja 4, 20610 turku, Finland",22.359957183878862,60.44153520392325
FIN,"kartanonkuja 4, 8200 lohja, Finland",24.02512165905216,60.23162778943387
FIN,"hiltulanlahdenkatu 7, 70870 hiltulanlahti, Finland",27.605537766407025,62.807016741860195
FIN,"rantatie 347, 27800 sakyla, Finland",22.331861631167982,61.05023764588415
FIN,"turuntie 27 as. 9, 30100 forssa, Finland",23.610757665527416,60.81860341635468
FIN,"vainiotie 28, 91500 muhos, Finland",26.035059711912197,64.81231591422684
FIN,"lehmatie 5 c 3, 62500 evijarvi, Finland",23.351052190806286,63.421304297364
FIN,"pappilantie 7, 60200 seinajoki, Finland",22.84686001150257,62.765477077460616
FIN,"leimaajantie 5 d24, 70150 kuopio, Finland",27.603836894077745,62.88321474471727
FIN,"kaislatie 12, 21200 raisio, Finland",22.136258155927283,60.47446753041421
FIN,"korsholmanpuistikko 33, 65100 vaasa, Finland",21.6273812770971,63.092121604407254
FIN,"tollinperantie 11, 84100 ylivieska, Finland",24.501843491802845,64.06625390242147
FIN,"erapolku 2, 1820 klaukkala, Finland",24.75796452945002,60.4001843418927
FIN,"potkusaarentie 25, 94400 keminmaa, Finland",24.53618213745588,65.80737074176193
FIN,"karppakuja 4, 21220 raisio, Finland",22.122130991016576,60.51058293344013
FIN,"ormusrinne 1, a3, 700 helsinki, Finland",25.019543191892808,60.252607148258306
FIN,"nurminiitynkatu 1, 20760 piispanristi, Finland",22.326187501813365,60.405267044159245
FIN,"honkakuusenkatu 5 a 20, 33870 tampere, Finland",23.80514933904874,61.440904825665484
FIN,"toivolankatu 27, 20810 turku, Finland",22.2669179748124,60.433966471084375
FIN,"rajajaakarinkatu 5, 96100 rovaniemi, Finland",25.70933258426811,66.50109040853619
FIN,"siilireitti 12, 1480 vantaa, Finland",25.088834625244516,60.34795452391168
FIN,"puusepantie 11, 73300 nilsia, Finland",28.080577770285572,63.206036446246344
FIN,"olli tiaisentie 24, 80790 kontiolahti, Finland",29.808688410468733,62.7405500098786
FIN,"sallilantie 53, 32610 vampula, Finland",22.690952530318548,61.02627082005654
FIN,"jankapolku 1, 99 helsingin kaupunki, Finland",25.108560000000068,60.23945000000003
FIN,"vanharaide 3a, 2610 espoo, Finland",24.78323635640885,60.21750923129864
FIN,"lallunniementie 14, 86600 haapavesi, Finland",25.37567005743071,64.13338234374922
FIN,"killingintie 6, 45700 kuusankoski, Finland",26.613485881413084,60.906915106301625
FIN,"kallvikintie 57 c 42, 980 helsinki, Finland",25.135893647156593,60.20766099458916
FIN,"kirkonkylantie 2, 700 helsinki, Finland",25.007941548250585,60.25111324165533
FIN,"rakkakiventie 35, 90670 oulu, Finland",25.614117349318292,64.99897758709218
FIN,"immolantie 9, 99 helsingin kaupunki, Finland",24.952980000000025,60.167950000000076
FIN,"lahteenkatu 2, 33500 tampere, Finland",23.77988167333525,61.49816348186105
FIN,"latvalantie 91, 84100 ylivieska, Finland",24.553445840512154,64.0586461518233
FIN,"kaanaantie 51, 4740 salinkaa, Finland",25.221972523826167,60.71180690578734
FIN,"tologatan 47, 99 helsingin kaupunki, Finland",24.921980000000076,60.18253000000004
FIN,"kangaskatu 1, 37600 valkeakoski, Finland",24.035208273695417,61.261930489568925
FIN,"luhtaankatu 10, 33560 tampere, Finland",23.87107535445648,61.496424624461866
FIN,"mekaniikanpolku 8 a 5, 33720 tampere, Finland",23.852025467833528,61.44443197243123
FIN,"lehtovaarantie 16, 66400 laihia, Finland",21.97766922506395,62.98037964523789
FIN,"kauppakatu 59-61, 70100 kuopio, Finland",27.672996245172328,62.89147820458351
FIN,"papinmaentie 31, 630 helsinki, Finland",24.920455433856915,60.23521155595557
FIN,"linnanpellonkatu 25, 70500 kuopio, Finland",27.693264525240863,62.9009841628843
FIN,"hevossillantie 1, 36240 kangasala, Finland",23.94274020751135,61.48467361530507
FIN,"ahotie 8 f 22, 81200 eno, Finland",30.13968733611503,62.794759549570614
FIN,"orkolantie 5, 21120 raisio, Finland",22.10482554608248,60.46804678648152
FIN,"kuusilahdentie 1, 65280 vaasa, Finland",21.569500571752265,63.12868912205345
FIN,"vuorikuja 3, 38250 sastamala, Finland",22.934761281560526,61.31595847723818
FIN,"valtarintie 5b, 93400 taivalkoski, Finland",28.219112105769625,65.37003014952413
FIN,"turvekuja 3, 95410 tornio, Finland",24.174832759506444,65.86187641409313
FIN,"centrumgranden 2 b, 66270 portom, Finland",21.610689806570633,62.708481435062595
FIN,"raatihuoneenkatu 17 a 1, 75500 nurmes, Finland",29.134436216733633,63.54295173824903
FIN,"orminkuja 2 as. 1, 20610 turku, Finland",22.35208657679712,60.45036222806684
FIN,"pohjaslahdentie 2560, 42850 pohjaslahti, Finland",24.130168950245803,62.15834712244492
FIN,"raalantie 309, 1900 nurmijarvi, Finland",24.85809575061225,60.489514097799315
FIN,"mimerkinkuja 4 a, 2100 espoo, Finland",24.804177649693656,60.18401606482641
FIN,"ilveksenkatu 18, 20760 piispanristi, Finland",22.336390624910763,60.41221807264361
FIN,"kemianraitti 3, 33720 tampere, Finland",23.83988788530226,61.44586678661679
FIN,"yrittajantie 8, 60100 seinajoki, Finland",22.873766758886063,62.7886356053821
FIN,"untuvaisenkuja 3, 99 helsingin kaupunki, Finland",25.061390000000074,60.20056000000005
FIN,"fallakerinrinne 2, 2740 espoo, Finland",24.672592079580113,60.219893166897776
FIN,"varvikkokuja 2 b 6, 63400 alavus as, Finland",23.608838377338287,62.61799946083593
FIN,"joukahaisentie 1 e, 6150 porvoo, Finland",25.70117431026938,60.38908062520861
FIN,"kylmaojantie 6, 80710 kontiolahti, Finland",29.812222807580696,62.64907901298679
FIN,"kuivaamokatu 6, 90520 oulu, Finland",25.432106501158387,65.04510403845697
FIN,"pukkilantie 131, 31130 koijarvi, Finland",23.638530598785053,60.93588895673673
FIN,"korpikallentie 34, 40800 vaajakoski, Finland",25.83788264814666,62.25193258014133
FIN,"suotorpantie 9 b, 2140 espoo, Finland",24.79779516570167,60.19717711964492
FIN,"elimaentie 28, 46910 anjala, Finland",26.80637032110542,60.6885318275022
FIN,"skolbacken 50, 4170 paipis, Finland",25.26210901572466,60.43317081892545
FIN,"rovastintie 11, 40270 palokka, Finland",25.729196018413262,62.291675164500106
FIN,"makikuja 6, 82200 hammaslahti, Finland",29.965884131363538,62.43548787778033
FIN,"toukoharankatu 6, 15160 lahti, Finland",25.762904428766518,60.96414556771711
FIN,"mantyrinne 1 as. 10, 41310 leppavesi, Finland",25.83680096354186,62.330429606293535
FIN,"savelantie 3, 5200 rajamaki, Finland",24.77140709048669,60.523429205884895
FIN,"nuljuanperantie 2, 86400 vihanti, Finland",24.99497281620046,64.47944711171064
FIN,"tiaisenkatu 63, 80200 joensuu, Finland",29.77712735988996,62.589286245680086
FIN,"vihastenkarinkatu 19, 92130 raahe, Finland",24.49077317700292,64.68818747191139
FIN,"antintie 6, 29900 merikarvia, Finland",21.503748289078345,61.86374560550962
FIN,"pukkilantie 5  1, 62500 evijarvi, Finland",23.48642797371673,63.36317035060523
FIN,"kasakkamaentie 16, 15800 lahti, Finland",25.6035959653573,60.97713571552984
FIN,"varssillankatu 10  5, 24100 salo, Finland",23.142258563610852,60.387854729959685
FIN,"kirkkotie 3, 23210 vehmaa, Finland",21.670395611631875,60.68149773435738
FIN,"kukolantie 3 e 23, 20900 turku, Finland",22.2332205447523,60.410725800511756
FIN,"juvanpuistonkuja 3, 2920 espoo, Finland",24.75149872934051,60.276487399952714
FIN,"ylakouluntie 6, 86400 vihanti, Finland",24.993554095268962,64.47779394894735
FIN,"erkkilankatu 5 b 8, 20760 piispanristi, Finland",22.32265880439553,60.40325413011166
FIN,"mestarinkatu 15 b 8, 80100 joensuu, Finland",29.790698499321337,62.619914055159285
FIN,"ritarinne 10 b, 96900 saarenkyla, Finland",25.794239167959546,66.52654029732875
FIN,"lautamiehentie 2 b 47, 1510 vantaa, Finland",24.94910209670155,60.28837180709857
FIN,"selleritie 3 as. 1, 90460 oulunsalo, Finland",25.40792697361107,64.93821629087358
FIN,"huvilakuja 20 d, 120 helsinki, Finland",24.942025842583746,60.15709079343691
FIN,"harjupolku 4 b 17, 14200 turenki, Finland",24.653554681992887,60.917929010893175
FIN,"skolmastargrand 1, 21600 pargas, Finland",22.29446644070302,60.30074026915278
FIN,"keskuskatu 21, 4600 mantsala, Finland",25.329161391281133,60.637841010763225
FIN,"pohjantie 3 d 35, 10420 pohjankuru, Finland",23.526948021504552,60.09801187091415
FIN,"joukahaisenkatu 24, 53500 lappeenranta, Finland",28.237772904447183,61.05663207408816
FIN,"sahkokatu 4, 33720 tampere, Finland",23.847307462174115,61.44580522153797
FIN,"kaurapellonkatu 3, 1510 vantaa, Finland",24.959171109348148,60.27253931400949
FIN,"seminaarinkatu 2, 87100 kajaani, Finland",27.722797658165348,64.22931553061554
FIN,"koulutie 3, 2580 siuntio, Finland",24.230531009021462,60.13705133932504
FIN,"venekoskentie 28, 41520 hankasalmi, Finland",26.41033419706409,62.40994721297639
FIN,"jarvikatu 1, 33710 tampere, Finland",23.88232512580339,61.47493996260451
FIN,"paulareitti 1, 90540 oulu, Finland",25.451736247843,65.08469009077396
FIN,"paloniementie 4, 70840 kuopio, Finland",27.69430807218623,62.85024762286349
FIN,"luostarinkatu 5, 20700 turku, Finland",22.274185420141634,60.44668215347764
FIN,"mayranmaenkatu 2, 33870 tampere, Finland",23.832862844612862,61.43261269267305
FIN,"rautkallionkatu 7, 1360 vantaa, Finland",25.067317022507694,60.32229802120585
FIN,"pihkaporintie 2, 96800 rovaniemi, Finland",25.69185514268085,66.52572762990638
FIN,"anjalantie 13, 85900 85900, Finland",24.9302258831124,63.60314612444637
FIN,"sontulantie 318c as. 21, 37800 akaa, Finland",23.810538567514413,61.164589520154806
FIN,"jakokunnantie 3, 80230 joensuu, Finland",29.797587585541237,62.58331870780481
FIN,"keskuskuja 5, 15870 hollola, Finland",25.521173442490948,60.988810156001165
FIN,"opistontie 13 a 1, 84880 ylivieska, Finland",24.746321730663226,64.00654755253649
FIN,"toritie 22 b, 40520 jyvaskyla, Finland",25.763286978827466,62.21919370452835
FIN,"opottatie 12a, 80400 ylamylly, Finland",29.55527296734755,62.61468232265426
FIN,"koivistontie 1, 65280 vaasa, Finland",21.595662227643487,63.13738254045015
FIN,"kievarintie 13, 4300 tuusula, Finland",25.024851367354785,60.39417246374961
FIN,"mannerheiminkatu 14, 21100 naantali, Finland",22.01826848183677,60.46774860027608
FIN,"kuntotaival 2, 4500 kellokoski, Finland",25.096363250676717,60.531117464663055
FIN,"yrttikorventie 51, 84540 ylivieska, Finland",24.683284286727798,64.06802772268097
FIN,"purolantie 6, 70260 kuopio, Finland",27.63369517756331,62.93795698924825
FIN,"koulutie 4, 54500 taavetti, Finland",27.557983243317626,60.92024712920657
FIN,"kimmontie 7, 90570 oulu, Finland",25.484564055448658,65.06157493920139
FIN,"opintie 4, 83100 liperi, Finland",29.39653832902971,62.52723690240049
FIN,"pihlajatie 4, 36200 kangasala, Finland",24.036030957492073,61.45565990892038
FIN,"simunantie 15, 90820 kello, Finland",25.3417735571702,65.13381810166584
FIN,"peipontie 7, 92140 pattijoki, Finland",24.576672429487417,64.69112755017872
FIN,"soderangsvagen 160, 25730 mjosund, Finland",22.489551968169195,60.19651620657953
FIN,"ylitilantie, 1800 klaukkala, Finland",24.752069798122047,60.386062959540425
FIN,"nummenkylantie 113, 8680 lohja, Finland",24.230974746975562,60.298930406709644
FIN,"hepolammintie 142, 15230 lahti, Finland",25.714930103027683,61.0320276678689
FIN,"nuotiopiiri 2, 65300 vaasa, Finland",21.657971284192968,63.1293910244151
FIN,"kettumaentie 14 a 12, 13600 hameenlinna, Finland",24.439852444659863,61.01293285424492
FIN,"harrikuja 4, 1490 vantaa, Finland",25.128683617864112,60.35121558716111
FIN,"mayrapolku 2, 27100 eurajoki, Finland",21.740495731001943,61.20952833965865
FIN,"havukuja 8, 980 helsinki, Finland",25.136250380955744,60.20105567770128
FIN,"niittajantie 13 b, 1660 vantaa, Finland",24.816571215547896,60.272175078407
FIN,"munterinkatu 3, 20360 turku, Finland",22.255146988396145,60.48778315393653
FIN,"nuupalankatu 21, 38210 sastamala, Finland",22.89580026776335,61.351571842726116
FIN,"raastuvankatu 33, 65100 vaasa, Finland",21.616201037119726,63.091724374043444
FIN,"kaivokatu 25, 6100 porvoo, Finland",25.668086831303356,60.392893511053586
FIN,"nissintie 2, 2780 espoo, Finland",24.616127724114875,60.183138144287824
FIN,"satotalmantie 11, 4240 talma, Finland",25.17196323963438,60.41020344030588
FIN,"marabacktaet 48, 65460 tolby, Finland",21.710670791199693,63.01142331050183
FIN,"sammonkatu 7, 95400 tornio, Finland",24.143263578481623,65.85998017613775
FIN,"minttukatu 5, 84100 ylivieska, Finland",24.522220736612667,64.08638354581146
FIN,"pellisenkatu 4, 55610 imatra, Finland",28.815051591403346,61.159251547027026
FIN,"vitostie 2101, 70870 hiltulanlahti, Finland",27.608336400058278,62.80671746600731
FIN,"hiidenkirnuntie 2, 48770 kotka, Finland",26.957124381771848,60.53204504797796
FIN,"kontiotie 7, 72400 pielavesi, Finland",26.7465310761456,63.24297147022699
FIN,"suvimaentie 16, 29100 luvia, Finland",21.5966916929915,61.35397832903732
FIN,"siekkisentie 164, 34800 virrat, Finland",23.814574789169512,62.24086251679847
FIN,"pyorakontie 32, 82200 hammaslahti, Finland",29.96076471636107,62.463479536801344
FIN,"vakkarinpolku 8 b 7, 61300 kurikka, Finland",22.3831747203987,62.62181611853737
FIN,"maakotkantie 14, 90250 oulu, Finland",25.525429856742477,64.98840880346876
FIN,"piilohaantie 11, 91500 muhos, Finland",26.015736994340898,64.79644004478885
FIN,"mynkelintie 3, 62600 lappajarvi, Finland",23.605151764864644,63.219673509346165
FIN,"koppelikuja 6, 96460 rovaniemi, Finland",25.79493897305565,66.47207443903761
FIN,"puutarhakatu 46, 20100 turku, Finland",22.23799605026747,60.44442004544865
FIN,"varjarintie 4 b, 98100 kemijarvi, Finland",27.426382045925777,66.70919613293799
FIN,"rainiontie 8b a1, 16900 lammi, Finland",25.006024355537278,61.070555211543365
FIN,"kylmalantie 325, 91800 tyrnava, Finland",26.089303030674017,64.57398886074031
FIN,"tavastinkatu 17, 50970 mikkeli, Finland",27.27212166752298,61.69766888101478
FIN,"ruukinrannantie 21 a, 2600 espoo, Finland",24.824954543646868,60.203634663579805
FIN,"soittajanlenkki 17, 90670 oulu, Finland",25.592735868689005,65.00305852620073
FIN,"merikulmantie 72 as 2, 20250 turku, Finland",22.22154916367566,60.459067253609675
FIN,"piiparinkuja 14, 55910 imatra, Finland",28.86721074994057,61.23380501346375
FIN,"kirkkotie 211, 21270 nousiainen, Finland",22.12699920038088,60.61479236959238
FIN,"risohallvagen 50, 68570 larsmo, Finland",22.725626175629742,63.73560148465242
FIN,"rajalantie 138, 5800 hyvinkaa, Finland",24.833247250505636,60.686539738467445
FIN,"lehmuskatu 1, 56800 simpele, Finland",29.35193034324419,61.43419238805501
FIN,"isonmastontie 11a, 980 helsinki, Finland",25.126381360518934,60.21402047025694
FIN,"suotorpantie 9, 2140 espoo, Finland",24.79779516570167,60.19717711964492
FIN,"tasaniityntie 1, 4330 tuusula, Finland",24.99069092096326,60.388901001023555
FIN,"salovuorentie 380, 41800 korpilahti, Finland",25.475591731013537,62.02601920907665
FIN,"vaasankatu 2, 40100 jyvaskyla, Finland",25.742529111794454,62.23642346087678
FIN,"isokarhunkierto 4, 4300 tuusula, Finland",25.04749683898291,60.396087267620516
FIN,"satakunnantie 10, 20100 turku, Finland",22.264631056350026,60.46076048187015
FIN,"nummikodintie 5, 61910 nummijarvi, Finland",22.44150773748836,62.29363354817617
FIN,"abrasbackavagen 9a5, 2400 kirkkonummi, Finland",24.424237126682073,60.11773947631835
FIN,"storkarrskanten 6, 99 helsingin kaupunki, Finland",24.934710000000052,60.234380000000044
FIN,"ratakatu 14, 48600 kotka, Finland",26.943029121934927,60.51692891424378
FIN,"laakarintie 12, 27600 hinnerjoki, Finland",21.993634319861258,60.998438238631195
FIN,"makitie 3, 41900 petajavesi, Finland",25.186923763336125,62.25931326498247
FIN,"toivakantie 9, 41660 toivakka, Finland",26.072478790801227,62.0903073167849
FIN,"malminkatu 1, 20100 turku, Finland",22.23896231606554,60.44254777973637
FIN,"konnussalmentie 39 b, 79150 konnuslahti, Finland",27.880002016004216,62.53866060771491
FIN,"havumaentie 9, 1820 klaukkala, Finland",24.762356143799764,60.39968335553988
FIN,"saunamaentie 360, 60760 pojanluoma, Finland",22.757036610559922,62.69667110875793
FIN,"karhitie 9, 4220 kerava, Finland",25.144147558670568,60.39325749519898
FIN,"gyldenintie 9, 200 helsinki, Finland",24.87784963328292,60.16028178397579
FIN,"holkkitie 38, 40530 jyvaskyla, Finland",25.719410733189164,62.17528124906835
FIN,"vahvalahdentie 5, 79700 heinavesi, Finland",28.6327969974991,62.424388268228796
FIN,"joupinpuisto 2, 2760 espoo, Finland",24.681799202270405,60.20143033036394
FIN,"leinelankaari 10, 1340 vantaa, Finland",25.037525894603476,60.32501405120129
FIN,"kangastie 7, 71720 kaarmelahti, Finland",27.41678074347638,63.09813993661578
FIN,"karsamaentie 11, 20360 turku, Finland",22.285525296947696,60.47841172221973
FIN,"fieandtintie 8, 52300 ristiina, Finland",27.260336021086484,61.51151304996661
FIN,"etelainen puistoraitti 2, 74100 iisalmi, Finland",27.198246590419785,63.55955565979684
FIN,"nujulantie 1, 40420 jyvaskyla, Finland",25.83169412139415,62.252140996163774
FIN,"karpalotie 3, 26660 rauma, Finland",21.53760204163268,61.11172569501761
FIN,"anttoninkatu 9 e 13, 40250 jyvaskyla, Finland",25.74679256684462,62.26492059056875
FIN,"akservagen 51, 10360 svarta /mustio, Finland",23.866727493641292,60.13905587146945
FIN,"irjankuja 4, 13720 parola, Finland",24.358763231131604,61.05201678865217
FIN,"muotialantie 77, 33800 tampere, Finland",23.82368147551253,61.4782122156947
FIN,"kukonharjantie 3, 21410 vanhalinna, Finland",22.41169347540088,60.492739998964936
FIN,"jokiraitti 1, 41140 kuikka, Finland",25.5215370494507,62.40231054481225
FIN,"keltinmaentie 17-19 e, 40640 jyvaskyla, Finland",25.682292564624134,62.231618157695806
FIN,"boxvagen 852-33, 1190 box, Finland",25.387510920589563,60.319598587378664
FIN,"haavistontie 28, 37140 nokia, Finland",23.473884790890793,61.47200411719828
FIN,"poikolantie 7, 77700 77700, Finland",26.844123418835977,62.61997721279971
FIN,"kisatie 2, 92160 saloinen, Finland",24.46827776169963,64.65496177354811
FIN,"pohjolankatu 12, 81700 lieksa, Finland",30.026690564130746,63.33330101954439
FIN,"vaapukkatie 50, 80330 reijola, Finland",29.8330756415767,62.537684525613514
FIN,"veteraanitie 3, 63300 alavus, Finland",23.618839915664324,62.59407231239325
FIN,"kyminkatu 5, 44150 aanekoski, Finland",25.704012171227504,62.61089998884634
FIN,"ratialankatu 20, 20810 turku, Finland",22.271378153130115,60.42795497012696
FIN,"haapotie 10 c 8, 89400 hyrynsalmi, Finland",28.469501765663495,64.68495536813742
FIN,"hangonkylantie 45, 10940 hangoby, Finland",22.943672334283434,59.83502634793288
FIN,"ounasjoentie 5463, 99340 raattama, Finland",24.222453603125985,68.1401987296051
FIN,"kornetintie 3, 380 helsinki, Finland",24.87493901740524,60.217056102220454
FIN,"raatinharjuntie 6, 90900 kiiminki, Finland",25.782684127698957,65.1303004264507
FIN,"tahtisarankatu 7, 8150 lohja, Finland",24.05366623031611,60.230836495864594
FIN,"karjalankatu 2, 61500 isokyro, Finland",22.317480967527956,63.002249287908086
FIN,"sorvajarventie 99, 34140 mutala, Finland",23.549515541433124,61.66001594702715
FIN,"videvagen 1, 68570 larsmo, Finland",22.742023860449905,63.75374285679018
FIN,"kirjohaudantie 1, 95410 tornio, Finland",24.193362968132533,65.8530674110414
FIN,"harmiokatu 8, 21200 raisio, Finland",22.14193583565853,60.46867827906678
FIN,"paivansateenkatu 1, 15320 lahti, Finland",25.77703397058744,61.009367066905526
FIN,"petter forsstroms vagen 1, 8700 lojo, Finland",23.99649284966128,60.18931791195149
FIN,"paivatie 8, 61330 koskenkorva, Finland",22.44712134937157,62.69366524773355
FIN,"antintie 10, 62510 kuoppa-aho, Finland",23.447675417851514,63.363216534891734
FIN,"vilkuntie 46, 26100 rauma, Finland",21.535205320238703,61.129006874342
FIN,"lastukoskentie 1127, 73320 nilsia, Finland",28.30566900237727,63.195251828616136
FIN,"kuusitie 22, 62100 lapua, Finland",23.03888891033776,62.97835302677859
FIN,"vuojarventie 8 a 6, 41340 laukaa, Finland",25.945048884463063,62.414814332693254
FIN,"laajavuorenrinne 5, 1620 vantaa, Finland",24.84192957395777,60.278410124722114
FIN,"siiantie 30, 80170 joensuu, Finland",29.83809288117945,62.61320362920557
FIN,"asemakuja 4 h 13, 5400 jokela, Finland",24.973668449080407,60.55374101761436
FIN,"vanikkatie 1, 25250 marynummi, Finland",23.049256402556438,60.43478240744898
FIN,"satakunnankatu 6, 4410 jarvenpaa, Finland",25.105310597040358,60.48311501763905
FIN,"kemintie 43, 95420 tornio, Finland",24.18257889532603,65.84244481559958
FIN,"elontie 35, 99 helsingin kaupunki, Finland",24.952980000000025,60.167950000000076
FIN,"kasityolaisenkatu 8-10 a 3, 3600 karkkila, Finland",24.222322275965638,60.53336067150039
FIN,"pensastie 3 c 9, 60550 nurmo, Finland",22.897043639280383,62.82008672730069
FIN,"kappostie 3, 3100 nummela, Finland",24.339124767267663,60.35200725791603
FIN,"salekuja 10, 63300 alavus, Finland",23.64259213378773,62.592766747154656
FIN,"seppalantie 2, 41310 laukaa, Finland",25.871216722704105,62.32896260559977
FIN,"hippulanvahe 9, 26100 rauma, Finland",21.50795457954888,61.14507175569659
FIN,"metsarinteentie 23, 16300 orimattila, Finland",25.72514152420925,60.79347547646307
FIN,"meteorinkatu 4 c, 2210 espoo, Finland",24.733451485975394,60.1684532175625
FIN,"rajatie 11, 90900 kiiminki, Finland",25.967281379721726,65.16130693031536
FIN,"nokkonen 3, 21530 paimio, Finland",22.693516026573974,60.4356476713138
FIN,"rastaanpolku 2 a, 37140 nokia, Finland",23.466267904018167,61.47372978342406
FIN,"hirbolevagen 1, 2160 esbo, Finland",24.79951714389003,60.16337814282784
FIN,"huuhankatu 25, 70600 kuopio, Finland",27.653121495457896,62.89112285379838
FIN,"skolhusgrand 7, 68600 jakobstad, Finland",22.720041900277153,63.65202058276722
FIN,"puolukkatie 16, 88900 kuhmo, Finland",29.486349164269086,64.1138840672159
FIN,"koulutie 30, 63100 kuortane, Finland",23.50944996043549,62.80689792838268
FIN,"kanalavagen 13, 99 helsingin kaupunki, Finland",25.060430000000053,60.234570000000076
FIN,"marttilantie 6, 85100 kalajoki, Finland",23.953893440512864,64.25454143089937
FIN,"kaivopuistontie 14, 26100 rauma, Finland",21.49341809632881,61.13704528712529
FIN,"myllykatu 1 a 5, 30100 forssa, Finland",23.61598587763308,60.815796777985895
FIN,"orivedentie 654, 35100 orivesi as, Finland",24.33224934354996,61.63396105246338
FIN,"viirikuja 2, 2770 espoo, Finland",24.65730776295871,60.20003262450919
FIN,"kulomaentie 94 b, 1900 nurmijarvi, Finland",24.783287516228512,60.4981270900453
FIN,"ojalanraitti 1, 40930 kinkomaa, Finland",25.745849016004172,62.164794859553126
FIN,"kouluntie 18, 16600 jarvela, Finland",25.28616625130465,60.866017537594786
FIN,"ramsaynkuja 3d 24, 2780 espoo, Finland",24.58957598118908,60.194367902727066
FIN,"pohjoinen lintuvaarantie 48, 2660 espoo, Finland",24.81295534633702,60.24101011466283
FIN,"lintuviita 3, 60150 seinajoki, Finland",22.879375593214945,62.77001302818303
FIN,"jaluskatu 3 c 19, 20540 turku 54, Finland",22.359818211924193,60.46314253493358
FIN,"opintie 4, 21100 naantali, Finland",22.03747779225813,60.47224482077743
FIN,"flatgrundsvagen 14, 66210 molpe, Finland",21.28063242010802,62.867215654285246
FIN,"kotivuorentie 10, 66400 laihia, Finland",22.022551969635543,62.97401916374173
FIN,"jaakarintie 85, 62420 kortesjarvi, Finland",23.157772292922147,63.29725615368096
FIN,"liisantie 2c, 66400 laihia, Finland",22.049571191920112,62.97726102226304
FIN,"sammalkallionkuja 2d, 2210 espoo, Finland",24.734206482316416,60.17640364886762
FIN,"tuomelankatu 20, 13210 hameenlinna, Finland",24.48172105684958,61.00630163727621
FIN,"ouluntie 17, 89200 puolanka, Finland",27.662334883428343,64.8697962820855
FIN,"valhallavagen 21 b, 65200 vasa, Finland",21.594569562745534,63.11424073442549
FIN,"koulutie 16, 77700 rautalampi, Finland",26.817315410271902,62.62477379880136
FIN,"merimiehenkatu 6, 120 helsinki, Finland",24.94206817119479,60.16131296761395
FIN,"ilkontie 3, 36240 kangasala, Finland",23.962071306985848,61.47277080988175
FIN,"niemikylantie 14, 34260 teralahti, Finland",23.902564404486952,61.70797845428251
FIN,"rasikatu 6, 55610 imatra, Finland",28.793298708644357,61.164714033326476
FIN,"midsommarvagen 28, 21600 parainen, Finland",22.335171393274862,60.31165803331493
FIN,"keulatie 15 b 3, 980 helsinki, Finland",25.128742794100532,60.20773991020758
FIN,"nummisuutarintie 1, 41160 tikkakoski, Finland",25.63276582659816,62.38283401931767
FIN,"nevakuja 39, 63700 ahtari, Finland",24.041678013299446,62.54129544950152
FIN,"rasitie 36b, 82335 rasivaara, Finland",29.758478212057838,62.26958268893398
FIN,"loimitie 1, 20780 kaarina, Finland",22.370205150158228,60.40999142006504
FIN,"paneliantie 299, 27430 panelia, Finland",21.977959574189953,61.23929469903899
FIN,"virpitie 27, 4260 kerava, Finland",25.08361362157558,60.37453601154243
FIN,"jussilantie 7 b 6, 91500 muhos, Finland",25.988859918894633,64.80764740370569
FIN,"kadettikouluntie 5, 99 helsingin kaupunki, Finland",24.952980000000025,60.167950000000076
FIN,"panninniementie 14, 71800 siilinjarvi, Finland",27.634254585781264,63.09116778573542
FIN,"tiikontie 8, 33470 ylojarvi, Finland",23.594879574885084,61.566784163735235
FIN,"kitronintie2, 93600 kuusamo, Finland",29.1925741868059,65.96282583473382
FIN,"ridasjarvenkylatie 92, 5920 hyvinkaa, Finland",24.99090675497004,60.653038197501104
FIN,"kasamantie 5, 83430 kasama, Finland",29.358443333468614,62.6280055672992
FIN,"korsikuja 6, 15860 hollola, Finland",25.52511746321113,60.97949668810679
FIN,"einarsvagen 2, 25900 taalintehdas, Finland",22.497503225711974,60.02264096941874
FIN,"eratie 11, 44120 aanekoski, Finland",25.715575677210268,62.621985474891034
FIN,"pargasvagen 3, 280 helsinki, Finland",24.90376002383593,60.20052078655013
FIN,"pyynpolku 3, 71800 siilinjarvi, Finland",27.65086961335078,63.08490834808205
FIN,"kylanvanhimmantie 1, 99 helsingin kaupunki, Finland",24.962570000000028,60.227550000000065
FIN,"myllykiventie 38, 92140 pattijoki, Finland",24.628026254767576,64.7239123586211
FIN,"harjutie 31, 69600 kaustinen, Finland",23.70849275202886,63.55550694910599
FIN,"harjukatu 14, 76120 pieksamaki, Finland",27.172384814905172,62.30045701018557
FIN,"ihanamaenkatu 23, 38710 kankaanpaa, Finland",22.378810514872328,61.79965208368358
FIN,"hirsikankaantie 2, 68300 kalvia, Finland",23.442475201302443,63.86637216613926
FIN,"vistantie 38 a 37, 21530 paimio, Finland",22.697344879944495,60.44960077407285
FIN,"peramiehenkatu 20, 65200 vaasa, Finland",21.591836996728524,63.109683346517336
FIN,"kustaantie 16 a, 32500 oripaa, Finland",22.697244716201567,60.85001912473237
FIN,"purotie 2, 40930 kinkomaa, Finland",25.752141310717974,62.15792098648748
FIN,"antti chydeniuksen katu 20, 67100 kokkola, Finland",23.14522416477334,63.8431736146301
FIN,"alakartanontie 4a9, 2360 espoo, Finland",24.674783611984367,60.13667042373524
FIN,"onkitie 7a as. 1, 73100 lapinlahti, Finland",27.398546835127547,63.35035756386367
FIN,"kelotie 16, 93400 taivalkoski, Finland",28.21937596808158,65.56710537316607
FIN,"lahdekatu 2, 78500 varkaus, Finland",27.939081856952555,62.30185322570702
FIN,"harkatie 12, 31500 koski tl, Finland",23.136052183404587,60.65062383220095
FIN,"asulantie 1, 63300 alavus, Finland",23.605902968327975,62.57867452541521
FIN,"koulukuja 4, 37770 tarttila, Finland",24.000569807365792,61.156017138229686
FIN,"maakaarenkuja 3, 99 helsingin kaupunki, Finland",24.952980000000025,60.167950000000076
FIN,"pirttimaentie 48, 41230 uurainen, Finland",25.47701791183883,62.494302435076946
FIN,"rajalantie 5, 85410 sievi, Finland",24.51873017685429,63.90196285857911
FIN,"grasavagen 3-5, 2700 grankulla, Finland",24.73524387215042,60.208393363379116
FIN,"kurjenpolvi, 38510 sastamala, Finland",22.777234645069978,61.552446831075045
FIN,"bramgranden 3, 99 helsingin kaupunki, Finland",24.952980000000025,60.167950000000076
FIN,"mustikkaharju 4, 96440 rovaniemi, Finland",25.7955245328115,66.48739479784265
FIN,"helakallionkatu 23, 33580 tampere, Finland",23.89835283341742,61.48905202815732
FIN,"jouhtenentie 9, 86300 oulainen, Finland",24.857686462280185,64.27235844744013
FIN,"nurkkalantie 21, 82210 suhmura, Finland",29.930930086379362,62.46749627053154
FIN,"kivimiehentie 125, 61300 kurikka, Finland",22.392176968228142,62.63865045860348
FIN,"eurajoentie 435, 27230 lappi, Finland",21.77944350139211,61.128376345675605
FIN,"elisabetsgatan 16 a, 170 helsingfors, Finland",24.954387054291743,60.173907782963425
FIN,"veteraanikatu 14, 38700 kankaanpaa, Finland",22.377757412557372,61.79288973183972
FIN,"paivatie 8, 2210 espoo, Finland",24.739384197042966,60.16868933577496
FIN,"hameentie 103, 37800 akaa, Finland",23.851749705875356,61.18154435451186
FIN,"skrabbolevagen 5, 21600 pargas, Finland",22.2991070813961,60.29808961800211
FIN,"helmiaispolku 5, 99 helsingin kaupunki, Finland",24.952980000000025,60.167950000000076
FIN,"saukkolahdentie 16, 41860 tikkala, Finland",25.475553006620856,62.15087029717438
FIN,"rusthollarinkuja 5, 99 helsingin kaupunki, Finland",25.09071000000006,60.21288000000004
FIN,"jokiniityntie 5, 2400 kirkkonummi, Finland",24.44986764548807,60.12801900046318
FIN,"innantie 6, 80260 joensuu, Finland",29.830055725681632,62.60047705033816
FIN,"nederkirjalavagen 31, 21610 kirjala, Finland",22.36167622840111,60.34125989784545
FIN,"vedenottamontie 9, 980 helsinki, Finland",25.138434118190048,60.2042298625243
FIN,"koskenkylanraitti/forsbypr. 4, 10300 karjaa/karis, Finland",23.639676404949114,60.076732398046516
FIN,"lansikaari 10, 5200 rajamaki, Finland",24.75840969232769,60.51952889678978
FIN,"regissorvagen 2, 99 helsingin kaupunki, Finland",24.952980000000025,60.167950000000076
FIN,"leppatie 3, 79600 joroinen, Finland",27.806979458689227,62.17714274403505
FIN,"taapelikatu 2 a 10, 15140 lahti, Finland",25.655054229151006,60.99561735102702
FIN,"luhalahdentie 2280/20, 39410 luhalahti, Finland",23.268469992684416,61.776252696383985
FIN,"sarasuontie 5, 90410 oulu, Finland",25.524794173205635,64.96763501081972
FIN,"puutarhatie 7, 81100 kontiolahti, Finland",29.84110667828523,62.76792165952173
FIN,"ampujantie 1, 66400 laihia, Finland",22.028229954665647,62.97143996831562
FIN,"asemantie 27, 37800 akaa, Finland",23.853261798551898,61.16554526666437
FIN,"riihikuja 1, 36200 kangasala, Finland",24.04559806177653,61.46781626691475
FIN,"itaasemantie 45, 46800 myllykoski, Finland",26.793404187445248,60.76598622871842
FIN,"skrapbergsliden 2 c, 1620 vanda, Finland",24.838409006986012,60.2747510048909
FIN,"aaltosenkatu 31-33, 33500 tampere, Finland",23.781408268856552,61.50130863371365
FIN,"pahvitehtaantie 3, 81200 eno, Finland",30.14228765393713,62.80552648138513
FIN,"jaluspolku 3, 99 helsingin kaupunki, Finland",25.11883000000006,60.202770000000044
FIN,"anttilantie 20, 4300 tuusula, Finland",25.029482955592442,60.42293676660532
FIN,"tasankotie 9a1, 730 helsinki, Finland",25.036162661871003,60.264781653073044
FIN,"holopaisenkuja 2, 90800 oulu, Finland",25.418698557381845,65.09674812904407
FIN,"kiskotie 86, 62310 voltti, Finland",22.831032128460265,63.28163040023372
FIN,"mintturaitti 16, 50170 mikkeli, Finland",27.301087680878624,61.70380246439194
FIN,"albertinkatu 8, 90100 oulu, Finland",25.467266657141636,65.01000896795188
FIN,"seunalankuja 5 e 43, 36240 kangasala, Finland",23.94782349651112,61.477860762494544
FIN,"tasankotie 22, 99 helsingin kaupunki, Finland",24.952980000000025,60.167950000000076
FIN,"hokvagen 3, 66900 nykarleby, Finland",22.54420742511013,63.51480065542961
FIN,"tranubacktaget 18, 68500 kronoby, Finland",23.020981309479566,63.723531460260745
FIN,"nummenvahe 8, 26100 rauma, Finland",21.51168746012806,61.11763916961738
FIN,"heiniitty 6, 2940 espoo, Finland",24.722148992457505,60.23636528301816
FIN,"matinkartanontie 16 a, 2230 espoo, Finland",24.748946439823584,60.16119901564028
FIN,"kasarminlahdentie 6, 23500 uusikaupunki, Finland",21.42811200647992,60.7930545372856
FIN,"koronniityntie 21 a 6, 20780 kaarina, Finland",22.406850998479342,60.4144554121487
FIN,"hirventie 22, 25190 pertteli, Finland",23.274749127810225,60.43196386677769
FIN,"savipellonkatu 5, 32200 loimaa, Finland",23.064236120816417,60.854294691632646
FIN,"raviradantie 18, 50100 mikkeli, Finland",27.247692862175256,61.69962731269172
FIN,"kuparhanantie 25, 21230 lemu, Finland",21.984093953847918,60.574133056483305
FIN,"heikinkatu 7, 15100 lahti, Finland",25.6622513503126,60.97175931137602
FIN,"impilahdentie 3, 2140 espoo, Finland",24.8069459408554,60.209832200878225
FIN,"fazerintie 6, 1230 vantaa, Finland",25.103406312457935,60.25459537760102
FIN,"tarkkampujankuja 4, 50100 mikkeli, Finland",27.263274317264205,61.679956494681505
FIN,"paatie 15, 32740 sastamala, Finland",22.699036599462403,61.28656867485799
FIN,"pohjalaistenraitti 16 a, 60200 seinajoki, Finland",22.858096371804407,62.76954862883758
FIN,"ruohokatu 8, 28130 pori, Finland",21.80609398921374,61.475984259574965
FIN,"kelokuja 4 b 9, 70420 kuopio, Finland",27.64698116464865,62.9391802441977
FIN,"revonkatu 1b, 86300 oulainen, Finland",24.8324716887508,64.26791811841873
FIN,"rantatie 13, 84100 ylivieska, Finland",24.51259487518695,64.08111912388406
FIN,"pappilantie 15, 62150 tiistenjoki, Finland",23.24696219677429,62.906788882290385
FIN,"arinatie 10 d 46, 1520 vantaa, Finland",24.966068409833156,60.28231852235382
FIN,"bjorkenheimin puistotie 1, 60220 seinajoki, Finland",22.830077010593413,62.76861123869597
FIN,"isoharjankuja 3, 24240 salo, Finland",23.10313485707303,60.4019867025325
FIN,"kotipellontie 6, 23100 mynamaki, Finland",21.987506331835753,60.68169321300132
FIN,"vesimaankuja 3, 16730 kutajarvi, Finland",25.489809282817788,61.04746704969904
FIN,"pajantie 3, 37830 akaa, Finland",23.75629890305997,61.2138411825041
FIN,"tarharannankaari 29d  13, 67700 kokkola, Finland",23.125018162245397,63.82550393409352
FIN,"batviksvagen 30 bst. 2, 25950 rosala, Finland",22.415837670278762,59.84910755812557
FIN,"pohjoisentie 1, 2970 espoo, Finland",24.73776892048204,60.30269844937263
FIN,"kaivomestarinkatu 3, 2760 espoo, Finland",24.661863914067794,60.20878144549616
FIN,"rintalantie 88, 85900 reisjarvi, Finland",24.966197155865927,63.5803801629601
FIN,"alapellontie 7, 15880 hollola, Finland",25.4544412556358,60.992946709037255
FIN,"riihitarhankatu 5, 15170 lahti, Finland",25.71629056973211,60.98094960720323
FIN,"voudinkatu 17 b 11, 21200 raisio, Finland",22.166440245772918,60.49301190790396
FIN,"ojavainionkatu 10 d, 33710 tampere, Finland",23.893015488932377,61.462489190261095
FIN,"jumesniementie 411, 39170 jumesniemi, Finland",23.263027287676465,61.53846975953246
FIN,"huotarintie 15b, 74150 iisalmi, Finland",27.118500407298868,63.514458026935905
FIN,"ritasalontie 1, 62100 lapua, Finland",23.028634573811956,62.98955154278761
FIN,"kauppiaankatu 8-10 a, 99 helsingin kaupunki, Finland",24.952980000000025,60.167950000000076
FIN,"huvimaentie 3 c as. 2, 80330 reijola, Finland",29.848811994236343,62.530582916238615
FIN,"tyrnikuja 11, 23500 uusikaupunki, Finland",21.408635732442434,60.8213417841221
FIN,"vihuri 1 b 21, 20900 turku, Finland",22.226558691927494,60.3944131500993
FIN,"ylikauppilantie 5, 31640 humppila, Finland",23.36794457555186,60.935228630404566
FIN,"ruotsinkatu 58, 15210 lahti, Finland",25.672529072348283,61.00087272049899
FIN,"vanhankouluntie 14, 17410 viitaila, Finland",25.355299015229235,61.1417004704204
FIN,"pekankatu 1, 74120 iisalmi, Finland",27.178198754404775,63.57570930550605
FIN,"annikki veturintie 3, 71520 kaislastenlahti, Finland",27.42405682216588,62.89575825580198
FIN,"karhunputkentie 12, 80230 joensuu, Finland",29.814801583911674,62.56947327059203
FIN,"tavastantie 12, 7955 tesjoki, Finland",26.31617239970535,60.4739316787915
FIN,"nokaretie 4, 82110 heinavaara, Finland",30.08659569084952,62.575055450468824
FIN,"paalijarventie 93, 62950 paalijarvi, Finland",23.90742632742385,63.04217313092303
FIN,"maauuninpolku 1, 1450 vantaa, Finland",25.065761341278318,60.34552829821851
FIN,"unarintie 46, 99600 sodankyla, Finland",26.568378837112505,67.41926361220854
FIN,"meriraumantie 15 c 24, 26200 rauma, Finland",21.468910501091244,61.147499867317975
FIN,"lassakersvagen 1 b, 68570 larsmo, Finland",22.744802461352577,63.75200910202787
FIN,"haukiluomantie 57, 33340 tampere, Finland",23.60068379137698,61.515502967646114
FIN,"haapaniementie 62, 44500 viitasaari, Finland",25.847539606433145,63.08748016743337
FIN,"mussalontie 428 a, 48310 kotka, Finland",26.87915164366325,60.46411911047255
FIN,"kirkkotie 3c as. 25, 90440 kempele, Finland",25.501715776278502,64.91285604653547
FIN,"haikarapolku 3 b, 1450 vantaa, Finland",25.055558972552205,60.348558942949666
FIN,"konsantie 16, 21260 raisio, Finland",22.17350602251176,60.47238169725631
FIN,"haravatie 10, 82500 kitee, Finland",30.14498478274092,62.11429376719255
FIN,"veteraanipolku 1, 13600 hameenlinna, Finland",24.43711699529913,61.01086078736543
FIN,"rollinpolku 2, 50970 mikkeli, Finland",27.28230626661437,61.70535952863534
FIN,"soanlahdenkatu 21 as. 1, 80200 joensuu, Finland",29.789923508553727,62.596926769519655
FIN,"kaskenkatu 9 as. 7, 30300 forssa, Finland",23.62314662133491,60.80163492392825
FIN,"koulutie 4, 33470 ylojarvi, Finland",23.59168984163165,61.550529977097426
FIN,"viipurintie 120, 20780 kaarina, Finland",22.373787827032515,60.410754718077726
FIN,"sormulantie 1, 70870 hiltulanlahti, Finland",27.61088399570943,62.80661667362165
FIN,"haimoontie 360, 3400 vihti, Finland",24.495875241465797,60.4659479579264
FIN,"hoipolantie 32, 38300 sastamala, Finland",22.80125147793501,61.319883219581044
FIN,"apteekkarinkatu 10 c, 99 helsingin kaupunki, Finland",25.03780000000006,60.233400000000074
FIN,"hiidenhaudantie 2, 18130 heinola, Finland",26.040882200953035,61.19872796405048
FIN,"sarkonkuja 1, 33950 pirkkala, Finland",23.69100902401422,61.46625698146701
FIN,"linnustajantie 19 as 2, 63700 ahtari, Finland",24.07671269219216,62.560519051067786
FIN,"ollilankatu 33, 29200 harjavalta, Finland",22.153684916977625,61.326288292802076
FIN,"lanssitie 15 as. 1, 96500 rovaniemi, Finland",25.68509480249375,66.51100079366518
FIN,"mantyrinne 5 as. 9, 41310 leppavesi, Finland",25.836857038474108,62.32947846983069
FIN,"huovintie 3, 16900 lammi, Finland",25.014159411664195,61.08154166540203
FIN,"jarvensivuntie 17 a, 33100 tampere, Finland",23.79103848887189,61.49215546971752
FIN,"balkintie 7, 92210 arkkukari, Finland",24.43054978942058,64.59457200700163
FIN,"postipuuntie 7, 2650 espoo, Finland",24.824896624695924,60.222765896573094
FIN,"saturnuksenkatu 2, 11130 riihimaki, Finland",24.78842453322767,60.73458879288967
FIN,"hietamaentie 145, 12640 jokiniemi, Finland",24.526245616076547,60.71199018108394
FIN,"oppaanmaentie 89, 61230 luopa, Finland",22.54517863623107,62.585440796141256
FIN,"matinkartanontie 13, 2230 espoo, Finland",24.751077706344006,60.161396912374244
FIN,"paltiontie 6, 14500 iittala, Finland",24.149957198719477,61.0971881221501
FIN,"sandkullavagen 16, 99 helsingin kaupunki, Finland",25.015310000000056,60.24731000000003
FIN,"saviojantie 13, 5810 hyvinkaa, Finland",24.881729616262817,60.62273053481371
FIN,"makitie 8, 21380 aura, Finland",22.568779225726047,60.64602950152292
FIN,"karpijoentie 24, 21420 lieto, Finland",22.45515565502231,60.49791762628496
FIN,"hedelmatarhatie 11 h 56, 15860 hollola, Finland",25.526954105834932,60.98373713483278
FIN,"santtiontie 15-17, 23500 uusikaupunki, Finland",21.40977885639751,60.817969241560434
FIN,"pellonpera 22, 41330 vihtavuori, Finland",25.88037814287486,62.3473140282311
FIN,"emil halmeen tie 1, 2780 espoo, Finland",24.60279253525789,60.1926261653158
FIN,"sivupisto 2, 43100 saarijarvi, Finland",25.245894559307914,62.70670845299341
FIN,"paasitie 5, 99 helsingin kaupunki, Finland",24.952980000000025,60.167950000000076
FIN,"kalkkivuorentie 40 a, 760 helsinki, Finland",25.05961564605107,60.27506901429737
FIN,"laivalahdenkaari 25, 810 helsinki, Finland",25.033632835854604,60.18670275816075
FIN,"rannantie 73, 61720 koskue, Finland",22.832294694535562,62.352146363049826
FIN,"nuumaentie 2, 2710 espoo, Finland",24.743607754234034,60.23507920570444
FIN,"torkonkatu 14 as. 2, 15300 lahti, Finland",25.76392894879166,61.0000890544616
FIN,"matinmaki 4, 91900 liminka, Finland",25.302607019107143,64.81601141151788
FIN,"naattiantie 15, 40520 jyvaskyla, Finland",25.768465234790227,62.21058548996717
FIN,"vanhatie 2, 21290 rusko, Finland",22.22128345734501,60.54122453115005
FIN,"asmuksentie 19, 67700 kokkola, Finland",23.152686573170456,63.819270522249525
FIN,"liitukuja 4, 40520 jyvaskyla, Finland",25.777703936108253,62.225094019540165
FIN,"uramontie 63, 11120 riihimaki, Finland",24.760754362102944,60.749712973250865
FIN,"syrjasenkatu 41, 3600 karkkila, Finland",24.222216580166588,60.54076126336156
FIN,"mielikintie 7, 90550 oulu, Finland",25.48367272386497,65.04135472934757
FIN,"brahentie 54, 52300 ristiina, Finland",27.267127729611076,61.50251520867576
FIN,"pitkasentie 26 b, 1200 vantaa, Finland",25.095169919121616,60.27815246501851
FIN,"essinkuja 3, 66400 laihia, Finland",22.00256129820019,62.9750841264497
FIN,"timoteintie 8, 91500 muhos, Finland",26.02130123694488,64.79506792723902
FIN,"hovinrinne 13, 37470 vesilahti, Finland",23.620484445067348,61.30207846467479
FIN,"kortteisenmaentie 33, 73360 pajulahti, Finland",27.846722001138488,63.14013352298184
FIN,"ripikatu 7b as. 13, 21110 naantali, Finland",22.047030731126227,60.47973455417889
FIN,"kylanraitti 66, 29310 kaasmarkku, Finland",22.021108414843912,61.456780858191095
FIN,"pitkamaentie 50 a, 670 helsinki, Finland",24.924834642989936,60.2505044640277
FIN,"rauhantie 75, 85140 tynka, Finland",24.05369020255921,64.19288518102508
FIN,"stationsgatan 15 bsd. 2, 65100 vasa, Finland",21.62386833765723,63.09447163860057
FIN,"ruiskukkatie 5-7, 90580 oulu, Finland",25.42003890751863,65.06734256868592
FIN,"parantolantie 24 rak 1, 40930 muurame, Finland",25.763312795089234,62.158380272871995
FIN,"pulkkakatu 1, 33580 tampere, Finland",23.91647308315916,61.50837533246184
FIN,"tiilijarventie 7 c 4, 15870 hollola, Finland",25.508449881108675,60.98971162968766
FIN,"honkapurontie 62 b, 71210 tuusjarvi, Finland",28.31324347681982,62.88599128503631
FIN,"kehatie 15, 85100 kalajoki, Finland",23.96774669362594,64.25203698419594
FIN,"kaivohaka 3-5, 13210 hameenlinna, Finland",24.503562787782187,61.00948336581209
FIN,"keskustie 92, 95300 tervola, Finland",24.812204160174446,66.08905989494596
FIN,"kojonperantie 36, 32250 kojonkulma, Finland",22.984699235756267,60.94561217396782
FIN,"pahkinamaentie 195, 4300 tuusula, Finland",25.020659829033832,60.393256950375275
FIN,"kytolantie 107, 3810 ikkala, Finland",24.09653254044082,60.4703969883129
FIN,"husaarinkatu 2 a 2, 20780 kaarina, Finland",22.376219836238874,60.40017277486629
FIN,"rantatie 3, 23950 pyharanta, Finland",21.44171357221981,60.951910377923355
FIN,"voikukkapolku 9, 60510 hyllykallio, Finland",22.918357813227146,62.79039693660587
FIN,"putaantie 107, 6500 porvoo, Finland",25.60491787530711,60.46414081960177
FIN,"stormyrvagen 16 c, 99 helsingin kaupunki, Finland",24.89255000000003,60.21399000000008
FIN,"markkinakatu 10, 2230 espoo, Finland",24.735545955940864,60.162120396346836
FIN,"puskantie 53, 61600 jalasjarvi, Finland",22.784703002676707,62.497615298488
FIN,"nitinkaari 11, 20660 littoinen, Finland",22.41438180320634,60.45118390603511
FIN,"singontie 3 b 8, 68210 marinkainen, Finland",23.450004162010742,63.9444907493631
FIN,"koulutie 4, 90460 oulunsalo, Finland",25.41081797583533,64.93335570904117
FIN,"suovantie 63c, 20360 turku, Finland",22.27317857312862,60.48108426703088
FIN,"tottesund 355, 66640 maxmo, Finland",22.05060670247795,63.220228810431536
FIN,"santojentie 13 as. 2, 28840 pori, Finland",21.54117642042283,61.5756449669486
FIN,"salmelantie45, 4660 numminen, Finland",25.227998106380937,60.591995604611924
FIN,"alhontie 2, 4600 mantsala, Finland",25.318165591600433,60.648138472180875
FIN,"viljapellontie 2 a 1, 33820 tampere, Finland",23.775726176693894,61.47248519653104
FIN,"kinttupolku 11, 88900 kuhmo, Finland",29.512248658348,64.12068568827615
FIN,"vanha maantie 35, 86170 yppari, Finland",24.097187921450086,64.40552551504481
FIN,"takamaentie 8, 62100 lapua, Finland",23.027012675547525,62.98404119582105
FIN,"ylikulmantie 317 b, 25330 kuusjoki, Finland",23.2328308109347,60.52515537502484
FIN,"seppa-kallen raitti 3, 35300 orivesi, Finland",24.347149936643973,61.67794094033442
FIN,"ristimaentie 199 as. 2, 61350 huissi, Finland",22.425152967881957,62.74238904134481
FIN,"pehtoorintie 3, 1510 vantaa, Finland",24.961198021174027,60.28704009032205
FIN,"kuivasrannantie 6, 90540 oulu, Finland",25.45249020003365,65.07574102612014
FIN,"perttilantie 4, 8500 lohja, Finland",24.13507303415568,60.2748658788739
FIN,"myllypolku 4, 14700 hauho, Finland",24.568980776038472,61.17179921417116
FIN,"rakkaudenkuja 8, 83900 juuka, Finland",29.248148970887144,63.24086878599638
FIN,"luomala 3, 69600 kaustinen, Finland",23.664086518652766,63.56587180102517
FIN,"nivarinkatu 8a, 33610 tampere, Finland",23.948751305706605,61.52381911231565
FIN,"metsamiehenkatu 2 g, 28500 pori, Finland",21.77775236860745,61.4748208976699
FIN,"lampopera 20, 85560 nivala, Finland",24.979766116002452,63.86043564130571
FIN,"salmisenkatu 3, 30420 forssa, Finland",23.600890321471212,60.80512581896275
FIN,"poukamankatu 4, 70340 kuopio, Finland",27.67304083689723,62.92002990046518
FIN,"jyrkankatu 1, 15500 lahti, Finland",25.668701727720304,60.95667519651198
FIN,"tuhkimonkaarre 1, 90450 kempele, Finland",25.559321327861085,64.92595285406614
FIN,"siemenkuja 4, 99 helsingin kaupunki, Finland",25.01159000000007,60.255300000000034
FIN,"parasitentie 3, 280 helsinki, Finland",24.90376002383593,60.20052078655013
FIN,"marjataalintie 38, 12540 launonen, Finland",24.62201056285855,60.74868082569384
FIN,"limalahdentie 251 b, 49290 vastila, Finland",26.59101073005749,60.58272957828953
FIN,"koulukatu 14, 24130 salo, Finland",23.132896983592246,60.37247188406647
FIN,"krookintie 13, 66510 merikaarto, Finland",21.93955168218332,63.07324031976668
FIN,"torpparintie 9, 3300 otalampi, Finland",24.480773985609773,60.40093100182756
FIN,"toyrynummentie 6, 99 helsingin kaupunki, Finland",24.952980000000025,60.167950000000076
FIN,"riekonkatu 7 as. 5, 65370 vaasa, Finland",21.707774960299844,63.09300342253084
FIN,"neulamaentie 26, 70150 kuopio, Finland",27.607153881158297,62.8892548209472
FIN,"pitkakatu 31 a 9, 10900 hanko, Finland",22.961533415579026,59.82722409527153
FIN,"vallesmanninkatu 5, 15300 lahti, Finland",25.761223186627603,61.000719708856536
FIN,"museotie 3, 21570 sauvo, Finland",22.685573198412683,60.34606044397185
FIN,"salomaantie 49, 37500 lempaala, Finland",23.894223488818028,61.316625844369014
FIN,"distbybrinken 5 b, 2230 esbo, Finland",24.736207036644316,60.155655224880036
FIN,"aurinkomaentie 1, 6150 porvoo, Finland",25.70228633736366,60.37891723233224
FIN,"makitarhantie 22, 23930 pyhamaa, Finland",21.366676092784246,60.95298812303366
FIN,"kalervonakatu 12, 20520 turku, Finland",22.321649896460556,60.44556138974846
FIN,"kerhokatu 15, 39700 parkano, Finland",22.976558060840034,62.01520810463242
FIN,"tupatie 1, 36220 kangasala, Finland",24.001154109836165,61.47262165391473
FIN,"helakallionkatu 1, 33580 tampere, Finland",23.893186683334637,61.49064119067195
FIN,"valjastie 17, 90650 oulu, Finland",25.532672407819263,65.02644303023183
FIN,"sibeliuksenkatu 16, rak. 8, 99 helsingin kaupunki, Finland",24.916800000000023,60.180660000000046
FIN,"alexandersgatan 1, 99 helsingfors stad, Finland",24.958069811089928,60.16947363045509
FIN,"partiotie 5 a 9-10, 90440 kempele, Finland",25.501608823193976,64.91174209160346
FIN,"pajupillintie 26, 67400 kokkola, Finland",23.16725935003126,63.85567627095415
FIN,"salmirannantie 3, 40520 jyvaskyla, Finland",25.803509971966747,62.21707769307173
FIN,"harustie 1 g 2, 80160 joensuu, Finland",29.82419585335265,62.62310454278398
FIN,"pursitie 1 h 6, 80160 joensuu, Finland",29.81043679165208,62.61168684000694
FIN,"kiilletie 6, 99 helsingin kaupunki, Finland",24.952980000000025,60.167950000000076
FIN,"ahmantie 11, 70400 kuopio, Finland",27.684118108676813,62.923073285689156
FIN,"aartapolku 41, 48410 kotka, Finland",26.860714725619516,60.51474945178012
FIN,"oravapoluntie 4, 33470 ylojarvi, Finland",23.581285385219985,61.54991918781303
FIN,"perintotie 4, 1510 vantaa, Finland",24.968244814775407,60.29643487838053
FIN,"vanhatie 57 d 29, 15240 lahti, Finland",25.669041194798922,61.015725830111535
FIN,"kalevalankatu 38, 76100 pieksamaki, Finland",27.148185693751294,62.298327113491844
FIN,"paloheinantie 40b, 99 helsingin kaupunki, Finland",24.952980000000025,60.167950000000076
FIN,"hykkilantie 21, 31300 tammela, Finland",23.800812961440926,60.808126833666165
FIN,"kullervovagen 2, 6150 porvoo, Finland",25.703460725817564,60.39089891146443
FIN,"tulitie 8, 67100 kokkola, Finland",23.09763272437158,63.82417288786925
FIN,"mikkolantie 50, 33470 ylojarvi, Finland",23.61285565589222,61.539681154088896
FIN,"kirkkokiventie 2, 7510 askola, Finland",25.59308296329951,60.50269329943819
FIN,"uimalantie 19, 62660 itakyla, Finland",23.71987847784527,63.22412010898074
FIN,"metsatie 11 a, 4440 jarvenpaa, Finland",25.064638501528947,60.48335729655034
FIN,"kaitovayla 8, 90570 oulu, Finland",25.459440055051545,65.05928110566887
FIN,"liedontie 16, 4600 mantsala, Finland",25.320077671352806,60.640924293846325
FIN,"kenttalantie 8, 90480 hailuoto, Finland",24.711813602927975,65.00936913537299
FIN,"petsmovagen 504, 66540 petsmo, Finland",21.790299574746882,63.221686465303264
FIN,"pajutie 6, 91100 ii, Finland",25.37863683205967,65.31499268734595
FIN,"paloasemantie 8, 4200 kerava, Finland",25.115048356873473,60.403096215055825
FIN,"ronnkullavagen 62, 1190 box, Finland",25.403092524565963,60.320141105911425
FIN,"hakligranden 6, 920 helsingfors, Finland",25.080905428659605,60.22496539178536
FIN,"pomojentie 3, 86710 karsamaki, Finland",25.756231008915336,63.979530457397715
FIN,"hevosmiehentie 10, 4500 kellokoski, Finland",25.093349956485127,60.52564089676628
FIN,"santaojantie 7, 35300 orivesi, Finland",24.349905906408054,61.6815154029436
FIN,"kannaksentie 3 a 2-4, 66400 laihia, Finland",22.013345119549598,62.974566418200055
FIN,"pelimannintie 16, 99 helsingin kaupunki, Finland",24.87817000000007,60.23680000000007
FIN,"viitakuja 18, 30100 forssa, Finland",23.678167361616232,60.7683399509491
FIN,"valontie 10, 28600 pori, Finland",21.719989404883222,61.48383760428234
FIN,"rahkolantie 19, 61330 koskenkorva, Finland",22.433865201861522,62.68773949364561
FIN,"suopellontie 8, 40530 jyvaskyla, Finland",25.703207257065543,62.18769924817033
FIN,"kotipolku 15, 42300 jamsankoski, Finland",25.149849013029524,61.911961581517005
FIN,"varpulantie 231, 62200 kauhava, Finland",22.93277083101347,63.104060284376175
FIN,"koskitie 9, 90500 oulu, Finland",25.45615460046389,65.02679423197489
FIN,"koskirannantie 4, 31640 humppila, Finland",23.381282195160765,60.91310136994025
FIN,"niittylahdentie 297, 82200 niittylahti, Finland",29.822561717509558,62.50778916874333
FIN,"perustie 24, 330 helsinki, Finland",24.87869704369396,60.19856822220541
FIN,"saarenkatu 14, 99 helsingin kaupunki, Finland",24.963070000000073,60.19604000000004
FIN,"reunasentie 66, 61800 kauhajoki, Finland",22.144846032441052,62.396533150410534
FIN,"kaenpolku 12 c 11, 88300 paltamo, Finland",27.83338270514895,64.40475609824284
FIN,"haljastentie 5, 37500 lempaala, Finland",23.74761092651059,61.30744992350574
FIN,"sepontie 15, 37600 valkeakoski, Finland",24.05199789630808,61.250599497580254
FIN,"konnintie 91, 61410 ylistaro as, Finland",22.52462193487426,62.91535833054937
FIN,"merilinnuntie 18, 23500 uusikaupunki, Finland",21.41100294953725,60.810234756586254
FIN,"taipaleentie 31, 52100 anttola, Finland",27.646188655703412,61.58380345049491
FIN,"vihtapolku 1, 28360 pori, Finland",21.826060377911688,61.4703065722577
FIN,"heikantie 2b, 1450 vantaa, Finland",25.07328468611152,60.34487409067566
FIN,"koivukylantie 37-39, 1350 vantaa, Finland",25.03460035893815,60.31372597455686
FIN,"laajaniitynkuja 5, 1620 vantaa, Finland",24.848737271897846,60.27967927059143
FIN,"siikajoentie 193 g, 92350 revonlahti, Finland",24.943946974791572,64.7349173783953
FIN,"karrynpyorantie 1, 2940 espoo, Finland",24.72108993899127,60.25160840258542
FIN,"lorukatu 3, 15680 lahti, Finland",25.688609083038102,60.92839725358803
FIN,"mattilantie 24, 60800 ilmajoki, Finland",22.589248755289816,62.7312369191699
FIN,"opinkuja 1, 2100 espoo, Finland",24.79976332038629,60.179640334183176
FIN,"mahkontie 14 d 16, 81720 lieksa, Finland",30.054001822161496,63.31077419375572
FIN,"parkvagen 11, 64200 narpes, Finland",21.339501208318154,62.47972232405084
FIN,"paraistentie 3k, 280 helsinki, Finland",24.90312167747296,60.2005514400623
FIN,"yrjonkatu 2 b 10-12, 83500 outokumpu, Finland",29.028075565131417,62.71666485477084
FIN,"ranta-alpinkatu 2 b 1, 20780 kaarina, Finland",22.405474270882763,60.40566610656941
FIN,"petajapolku 3, 43100 saarijarvi, Finland",25.262668843037773,62.71372242957062
FIN,"tammipaantie 48, 4530 ohkola, Finland",25.166417353398373,60.574415861896426
FIN,"veitenmaentie 36, 20780 s:t karins, Finland",22.378278599296834,60.4066658999802
FIN,"ilmattarentie 32, 99 helsingin kaupunki, Finland",24.952980000000025,60.167950000000076
FIN,"kirkkokalliontie 27 a 1, 43500 karstula, Finland",24.80243664458507,62.87075931340027
FIN,"ilmarinkuja 6, 93600 kuusamo, Finland",29.18324873278999,65.99126877542179
FIN,"stoltinkatu12l147, 20360 turku, Finland",22.263086439232836,60.48780578211313
FIN,"riihiviidantie 643, 12310 ryttyla, Finland",24.75276288797741,60.808050977442434
FIN,"sarkatie 8, 4130 sipoo, Finland",25.279546391814733,60.39065759647204
FIN,"virontormankatu 7, 33310 tampere, Finland",23.602482044884226,61.50730781327343
FIN,"takaniitynpolku 1, 99 helsingin kaupunki, Finland",24.99881000000005,60.25542000000007
FIN,"taidonkaari 2, 90570 oulu, Finland",25.472638199791618,65.04931078993218
FIN,"poikolanrinne 1, 50170 mikkeli, Finland",27.320585664045325,61.71499750191114
FIN,"lilltelsarvagen 20, 66140 overmalax, Finland",21.650993182161358,62.916189773434866
FIN,"levontie 14, 32210 loimaa, Finland",23.023546926222537,60.883165654206266
FIN,"socklotvagen 108, 66910 socklot, Finland",22.554596375000955,63.56957295610084
FIN,"tiukutie 1, 65300 vaasa, Finland",21.667067241699925,63.102208554326666
FIN,"niementie 13, 37800 akaa, Finland",23.860816743160058,61.178605110002025
FIN,"kaskilankuja 27, 20540 turku, Finland",22.347969721233454,60.46282775255983
FIN,"tunturitie 23, 86800 pyhasalmi, Finland",25.969332934342958,63.675112642196524
FIN,"vasamatie 3, 2630 espoo, Finland",24.771581853167902,60.21203609658966
FIN,"kyyhkylantie 1, 50700 mikkeli, Finland",27.285290894697084,61.63333027233989
FIN,"madetojagranden 5 c, 720 helsingfors, Finland",24.991296848743815,60.24435059644483
FIN,"vierukatu 8, 15100 lahti, Finland",25.66115382391081,60.972376973821014
FIN,"pellasvagen, 1, 7320 borga, Finland",25.87175718782086,60.414413460723324
FIN,"luotolankatu 6 b, 80260 joensuu, Finland",29.81788997995568,62.60434236498753
FIN,"kerinkallionkatu 6, 15520 lahti, Finland",25.67884214339079,60.96841284239162
FIN,"innalantie 3, 37600 valkeakoski, Finland",24.06116593818234,61.269440213809474
FIN,"hinssinkuja 9, 64700 teuva, Finland",21.749526393483166,62.48904987354254
FIN,"paavinkatu 14 h, 20540 turku, Finland",22.317325650862102,60.47209612581511
FIN,"aisapolku 3, 92140 raahe, Finland",24.47330889500367,64.67212368020421
FIN,"ojankulmantie 24, 4660 numminen, Finland",25.289346093912314,60.56274578001478
FIN,"reservitie 8b 1, 25250 marynummi, Finland",23.046109417009205,60.44031647520154
FIN,"nerolantie 3, 90450 kempele, Finland",25.543662088710647,64.89957647160608
FIN,"ronninmaentie 7, 60800 ilmajoki, Finland",22.521697824132474,62.72865495771572
FIN,"ilvaninkatu 1, 26100 rauma, Finland",21.49212166736467,61.13071938097977
FIN,"koivukoskenkatu 9 a, 87100 kajaani, Finland",27.728322254367328,64.22382282755515
FIN,"rievagen 9, 99 helsingin kaupunki, Finland",24.952980000000025,60.167950000000076
FIN,"hiihtorinne 1, 90900 kiiminki, Finland",25.738108160783582,65.12243862036729
FIN,"vanhatie 48, 39580 riitiala, Finland",22.941942393287064,61.85117333747968
FIN,"tegelhagen 4, 2780 espoo, Finland",24.598322885389592,60.19305728850563
FIN,"sotavallantie 366, 37500 lempaala, Finland",23.84063882000774,61.287113708111974
FIN,"pihlajatie 2, 62100 lapua, Finland",23.042580635772367,62.978663324834145
FIN,"pitsikatu 6-8 d 41, 65230 vaasa, Finland",21.60929723717706,63.11786238714953
FIN,"mayratie 2, 800 helsinki, Finland",25.02968739021088,60.198967075068026
FIN,"jokilaaksontie 6, 67400 kokkola, Finland",23.19314015246607,63.84594551001021
FIN,"riihitie 4, 35100 orivesi, Finland",24.35947636345378,61.64960671293065
FIN,"osmonkatu 4, 26100 rauma, Finland",21.489202921040913,61.132724164581276
FIN,"hirventie 51, 48230 kotka, Finland",26.895928190506964,60.50038890470768
FIN,"haltilanpuisto 2, 2200 espoo, Finland",24.747854361658852,60.171887660479115
FIN,"kylanlahdentie 81, 81820 kylanlahti, Finland",29.76073906280135,63.363693842368065
FIN,"maksjoentie 105, 8700 lohja, Finland",24.005419911819246,60.20144338263265
FIN,"seilimaki 24, 2180 espoo, Finland",24.766914390384642,60.188827822072824
FIN,"porintie 4, 29250 nakkila, Finland",22.002904956230395,61.36605417885167
FIN,"nurminiitynkatu 3, 20760 piispanristi, Finland",22.325808472151778,60.404615141639766
FIN,"kaivokuja 6, 62200 kauhava, Finland",23.095388218339252,63.10850294451626
FIN,"melkonkatu 19 c, 99 helsingin kaupunki, Finland",24.952980000000025,60.167950000000076
FIN,"storbackavagen 5, 68930 purmo, Finland",22.96075021054631,63.52629203513558
FIN,"huvijarventie 7, 12100 oitti, Finland",25.00648779096383,60.78833820800685
FIN,"lamminpaantie 2 i 17, 2880 veikkola, Finland",24.437226645852093,60.27258046915409
FIN,"mullintie 16, 20300 turku, Finland",22.277799864428943,60.473397877287766
FIN,"muuvinkuja 3, 29100 luvia, Finland",21.644040309658294,61.35777382243322
FIN,"kyotikkalantie 8, 36220 kangasala, Finland",24.0022771172236,61.473248284996146
FIN,"jarvikylantie 199, 85430 sievi, Finland",24.585393296827277,63.9156608162055
FIN,"loydospolku 4, 1600 vantaa, Finland",24.859222110760953,60.261785751330564
FIN,"ruusukorttelinkuja 3, 20100 turku, Finland",22.25280662172139,60.44709018452423
FIN,"kalhunkatu 5, 37120 nokia, Finland",23.480805309247614,61.46229795714015
FIN,"kolamaentie 13 b6, 90900 kiiminki, Finland",25.778033847817227,65.12621533830009
FIN,"rinnetie 15, 35300 orivesi, Finland",24.34854309277077,61.68241419442111
FIN,"lapinkylantie 240, 63400 alavus as, Finland",23.656069060627402,62.6093158510557
FIN,"kuikankatu 15 as 6, 20760 piispanristi, Finland",22.32079818952866,60.410752706420965
FIN,"hyvinkaankatu 11, 5800 hyvinkaa, Finland",24.849001469485927,60.62504641275157
FIN,"jokikatu 1, 81700 lieksa, Finland",30.03049368505856,63.330696133585036
FIN,"mantymaentie 6 a 2, 65200 vaasa, Finland",21.5969255480901,63.112261054623986
FIN,"sahapiha 2, 8100 lohja, Finland",24.05994469488968,60.26579242677698
FIN,"raatinharjuntie 11, 90900 kiiminki, Finland",25.784105866115596,65.13043759629616
FIN,"ylikorvantie 17 b, 96300 rovaniemi, Finland",25.726656134113057,66.48274891846009
FIN,"hiirisuontie 3, 2970 espoo, Finland",24.733246213166638,60.307624577687875
FIN,"idrottsgatan 10, 65200 vasa, Finland",21.608070880923464,63.115799936054174
FIN,"karsikonkatu 9 a 3, 80260 joensuu, Finland",29.797832672390086,62.60476275934127
FIN,"leppamaentie 13, 44800 pihtipudas, Finland",25.57559781036136,63.390814956925254
FIN,"ritopohjantie 23, 40270 palokka, Finland",25.746785693684018,62.286412544681895
FIN,"laaleistentie 151, 21270 nousiainen, Finland",22.038512873481267,60.58689219904454
FIN,"kakaravaara 7a, 40800 vaajakoski, Finland",25.875243813320093,62.248941008419955
FIN,"sepankatu 15, 150 helsinki, Finland",24.937534902681392,60.158592788576414
FIN,"rasipolku 6, 86800 pyhasalmi, Finland",25.960854136366805,63.67482728030291
FIN,"rantatie 9, 94400 keminmaa, Finland",24.54813380937472,65.79836103403863
FIN,"roikolantie 20, 85800 haapajarvi, Finland",25.32316355282589,63.75359529338479
FIN,"palosentie 210, 74700 kiuruvesi, Finland",26.529658467755496,63.684872488344496
FIN,"alsilantie 48, 23600 kalanti, Finland",21.50850795279652,60.81709383559277
FIN,"ekmaninkatu 4, 20320 turku, Finland",22.243537494094824,60.485246870892695
FIN,"valtuustotie 5, 21230 lemu, Finland",21.965195155791243,60.56780989581581
FIN,"saimaankatu 3-5, 15140 lahti, Finland",25.666516107394216,60.98047699830257
FIN,"postitie 2 c, 35990 kolho, Finland",24.500689974287837,62.1399352662917
FIN,"nuutinkulmantie 19, 30100 forssa, Finland",23.686383973661066,60.76794118190554
FIN,"oravakuja 4, 4130 sipoo, Finland",25.250182321877304,60.37649817316631
FIN,"sammonkatu 1b a9, 32200 loimaa, Finland",23.05409812510669,60.84819903636733
FIN,"kallionkatu 2, 11100 riihimaki, Finland",24.78035636468806,60.7433115042482
FIN,"jarviniitunkatu 2, 53850 lappeenranta, Finland",28.065743058950517,61.05122142985985
FIN,"lietsalantie 51, 21250 masku, Finland",22.04787969588668,60.53697318964549
FIN,"itsenaisyydenkatu 5c, 26100 rauma, Finland",21.515902300139857,61.13502726011677
FIN,"torpantie 15  d 16, 4430 jarvenpaa, Finland",25.100405423483068,60.468028765389704
FIN,"hagelstamintie 1, 1520 vantaa, Finland",24.95829260207634,60.28489373637592
FIN,"juvantie 20, 51900 juva, Finland",27.852085497161426,61.898780577768946
FIN,"linjatie 160, 61300 kurikka, Finland",22.339902642341286,62.59931883895737
FIN,"niemenmaantie 103, 45330 harju, Finland",26.69555301158482,60.93474227047281
FIN,"rauvolantie 4, 20760 piispanristi, Finland",22.310857084724518,60.40932304710583
FIN,"saaristenkatu 13-15, 13100 hameenlinna, Finland",24.45764521344455,60.99733434198299
FIN,"tilkuntie 5, 1520 vantaa, Finland",24.957878368421405,60.28051322804788
FIN,"tavastilantie 1, 23120 mietoinen, Finland",21.928937510554192,60.62672882835693
FIN,"eerola-kortistotie 226, 4530 ohkola, Finland",25.095970726150995,60.572855863986945
FIN,"tapani lofvingin katu 2-4 a 4, 6100 porvoo, Finland",25.669624994355075,60.404115873577126
FIN,"miinanpolku 1, 35800 mantta, Finland",24.619747700458277,62.035746156254675
FIN,"tuuliviirinkatu 2 a 1, 20780 kaarina, Finland",22.372391150506388,60.399868595600054
FIN,"koivulehto 1, 91910 tupos, Finland",25.46665209408846,64.85971417192991
FIN,"kalliotie 1 b 15, 27100 eurajoki, Finland",21.73741722560368,61.20328981485372
FIN,"purontie 9, 28260 harjunpaa, Finland",21.92690213300608,61.49918847321496
FIN,"allinkuja 16, 52550 hirvensalmi, Finland",26.776979512896844,61.64992786555081
FIN,"tammenrinne 2 - tammistonkatu 1, 24280 salo, Finland",23.17781744672814,60.40087299905758
FIN,"riipintie 2, 91910 tupos, Finland",25.466611946684594,64.859313119603
FIN,"myllylanpera 22, 40270 palokka, Finland",25.669825489479024,62.31195643651856
FIN,"rannintie 9, 62500 evijarvi, Finland",23.5336677932803,63.35795634582544
FIN,"kielapolku 5, 99830 saariselka, Finland",27.41256934004491,68.41085650418458
FIN,"vierteentie 19 b, 63130 mayry, Finland",23.51484975009916,62.76691281365552
FIN,"laihokatu 10, 60320 seinajoki, Finland",22.79957073871026,62.78692150618272
FIN,"kymenlaaksonkuja 4, 20740 turku, Finland",22.298768536326833,60.41218793970168
FIN,"virtarannankatu 5 h 35, 920 helsinki, Finland",25.088367334142504,60.225504222431
FIN,"sisutie 4, 1900 nurmijarvi, Finland",24.847097184903504,60.490109464381874
FIN,"meijeritie 2 a 30, 21530 paimio, Finland",22.684904710708594,60.45514154734795
FIN,"plikikatu 7, 38700 kankaanpaa, Finland",22.420306802922994,61.79980371231204
FIN,"olavintie 3 a 9, 40270 palokka, Finland",25.74200004606601,62.286997685342556
FIN,"kinkoriutantie 27, 40930 kinkomaa, Finland",25.751987921889878,62.167238310057314
FIN,"pavinmaenkatu 9 b, 5810 hyvinkaa, Finland",24.887495276000124,60.62568683206368
FIN,"yrjolantie 10 b 7-8, 74200 vierema, Finland",27.01337223267805,63.74578629329139
FIN,"tohkankuja 3 a 4, 27100 eurajoki, Finland",21.728039133235825,61.200377815962014
FIN,"teeripolku 1, 35800 mantta, Finland",24.593192825370096,62.037818372267225
FIN,"mannisenmaentie 2, 40270 jyvaskyla, Finland",25.716221921945106,62.2821474970701
FIN,"asemantie 7 b 13, 33470 ylojarvi, Finland",23.59239249657486,61.55528310293113
FIN,"korvalantie 46, 90820 kello, Finland",25.414252209204363,65.11671512160297
FIN,"kukkomaentie 28, 74700 kiuruvesi, Finland",26.6227715213889,63.649122665472845
FIN,"valtaojantie 27, 20810 turku, Finland",22.25151153386176,60.4339119048947
FIN,"stenbergintie 28, 2700 kauniainen, Finland",24.706118686453493,60.214764364163756
FIN,"iisalmentie 770, 73120 nerkoo, Finland",27.331936481063305,63.420560608971314
FIN,"kuhilaskuja 6 b 7, 80140 joensuu, Finland",29.682049755790302,62.62896231963717
FIN,"tannerkatu 2 as 31, 21200 raisio, Finland",22.160165133960618,60.47520740445481
FIN,"jussintie 2, 42600 multia, Finland",24.789157698298425,62.41410027836176
FIN,"lahdepuistontie 13, 1230 vantaa, Finland",25.101400523028047,60.265200706322304
FIN,"kototie 14, 60100 seinajoki, Finland",22.869561725701004,62.77592717333508
FIN,"hollitie 30, 85100 kalajoki, Finland",23.93298560005286,64.2537903526117
FIN,"nelikuja 3 a 2, 4220 kerava, Finland",25.147315666613792,60.386691531346514
FIN,"kuusemantie 41, 36660 laitikkala, Finland",24.362753519957295,61.26833728108011
FIN,"eeronkatu 2 a, 15900 lahti, Finland",25.610630226140216,60.98955497191733
FIN,"haravakatu 2, 80260 joensuu, Finland",29.647724269725245,62.63101664028645
FIN,"opintie 2 a, 13720 parola, Finland",24.38323662820423,61.055439874089984
FIN,"lillbyvagen 205, 68940 lillby, Finland",23.013832384261235,63.47580376708686
FIN,"koulukuja 1, 83100 liperi, Finland",29.368879054379136,62.5314175023378
FIN,"riihikierto 11 as. 2, 29600 noormarkku, Finland",21.8957556513584,61.58414015154548
FIN,"lahdenperantie 11c, 73100 lapinlahti, Finland",27.425160658118568,63.38378038034343
FIN,"tenavakatu 2, 21200 raisio, Finland",22.15775694989337,60.49551033754199
FIN,"kuovinkatu 6, 20760 piispanristi, Finland",22.31807099797518,60.4088972937244
FIN,"kiirunatie 3, 1450 vantaa, Finland",25.06353335443343,60.34738685546376
FIN,"jaatilantie 157, 31400 somero, Finland",23.498373191570096,60.64573755983531
FIN,"forsnerintie 44 d 1, 65280 vaasa, Finland",21.583280731729815,63.140526759969305
FIN,"lempintie 1-3 c 12, 62100 lapua, Finland",22.98858994757225,62.968717148978584
FIN,"kaartusentie 177, 62900 alajarvi, Finland",23.795828578898607,63.03704805813592
FIN,"sippalankatu 9, 15830 lahti, Finland",25.584682871394165,60.982748154077086
FIN,"oklaholmankatu 20, 94700 kemi, Finland",24.62010007566778,65.73390256414837
FIN,"puusepankatu 5 c 33, 23500 uusikaupunki, Finland",21.423712010227007,60.807515290010485
FIN,"isannankatu 2, 20780 kaarina, Finland",22.36601486912278,60.40162506531999
FIN,"jarvitorppa 6, 2360 espoo, Finland",24.673420043975767,60.148324118996186
FIN,"patteristontie 12 a, 80400 ylamylly, Finland",29.552122461400984,62.62929784722127
FIN,"leppasillantie 2 c 27, 2620 espoo, Finland",24.782547310359092,60.2263402334537
FIN,"vuolenkoskentie 1296, 19160 huutotoyry, Finland",26.14775004151639,61.08467339588546
FIN,"kairankuja 4, 96900 saarenkyla, Finland",25.83271524003156,66.53227471612458
FIN,"kangastie 5, 58300 savonranta, Finland",29.199752783961486,62.18076121163591
FIN,"orpaanporras 14, 99 helsingin kaupunki, Finland",25.065030000000036,60.22358000000003
FIN,"aronkylantie 136, 66400 laihia, Finland",21.992321043271716,62.96470879715156
FIN,"jahtivoudintie 3, 99 helsingin kaupunki, Finland",24.952980000000025,60.167950000000076
FIN,"loylykatu 5-7, 40700 jyvaskyla, Finland",25.732745502950962,62.24210701987246
FIN,"sieppokuja 19, 61800 kauhajoki, Finland",22.144363234818144,62.41527885776725
FIN,"mikonpolku 2 c, 21380 aura, Finland",22.587071136844855,60.648064627613905
FIN,"suvannontie 2, 29200 harjavalta, Finland",22.16507240299373,61.31363446885425
FIN,"rommeikonmaentie 29, 73100 lapinlahti, Finland",27.4076945089771,63.37404356495199
FIN,"versotie 1, 13300 hameenlinna, Finland",24.55480027224627,60.960166384913094
FIN,"rastilanpolku 1, 99 helsingin kaupunki, Finland",25.124430000000075,60.20694000000003
FIN,"lahdehaankuja 6, 8700 lohja, Finland",24.000920841470787,60.18844782849237
FIN,"koppelintie 40, 11710 riihimaki, Finland",24.755678449177964,60.71991614565249
FIN,"haapatie 7 a, 62900 alajarvi, Finland",23.798560492600586,63.00026856036868
FIN,"harjunmutka 3 c 9, 74700 kiuruvesi, Finland",26.628912019836207,63.645871870054805
FIN,"katajistontie 2, 13210 hameenlinna, Finland",24.445692619516365,61.028682366492546
FIN,"marttilantie 3 b, 3850 pusula, Finland",23.981102250507604,60.475577130203874
FIN,"alihervontie 3, 1840 klaukkala, Finland",24.75156519783269,60.37531225959552
FIN,"rantalantie 43, 86100 pyhajoki, Finland",24.326256785693687,64.49154684994909
FIN,"opintie 4, 10470 fiskari, Finland",23.55193724089858,60.129591319770356
FIN,"paijanteenkatu 17, 15140 lahti, Finland",25.656764137398795,60.98708616615602
FIN,"huttukylankouluntie 66, 90900 kiiminki, Finland",25.8566461251381,65.08403923599238
FIN,"aittokorventie 2 c, 33960 pirkkala, Finland",23.662687830469878,61.46360691704956
FIN,"kortetie 1 as 4, 19700 sysma, Finland",25.679965832121667,61.510997946146404
FIN,"ludviginkatu 8, 49400 hamina, Finland",27.186030217998677,60.57416637454841
FIN,"susikuja 4, 61300 kurikka, Finland",22.405053750800448,62.6060086873388
FIN,"pollotie 5, 84100 ylivieska, Finland",24.534907333801925,64.06661168395848
FIN,"kurjenkatu 12-14, 8100 lohja, Finland",24.08077338900452,60.25368250452618
FIN,"hevoshaantie 17, 1200 vantaa, Finland",25.116950043065913,60.27868760762675
FIN,"naapurinkatu 31, 65370 vaasa, Finland",21.71605778937976,63.09593159849567
FIN,"rastaantie 12 b 9, 87400 kajaani, Finland",27.77171570238272,64.21668991177188
FIN,"keskuskatu 20, 31600 jokioinen, Finland",23.488075604423926,60.80532086584964
FIN,"tuomolantie 9, 26820 rauma, Finland",21.4996971476356,61.11032864130584
FIN,"ahokuja 2, 1690 vantaa, Finland",24.911780080251305,60.28153883772043
FIN,"tuohikotintie 1149, 54770 heituinlahti, Finland",27.512149953987517,61.12723074905912
FIN,"lammelantie 34, 29740 etelamaa, Finland",21.674443148856255,61.78061162670173
FIN,"kantokuja 12b, 1350 vantaa, Finland",25.037295811361304,60.319495992883816
FIN,"torpanmaentie 34 b 3, 90830 haukipudas, Finland",25.36652070720052,65.1678625006079
FIN,"sommerinkatu 7, 33180 tampere, Finland",23.774786481528906,61.511682496178736
FIN,"sepanrannantie 17, 52740 tuustaipale, Finland",26.744884870361943,61.535960552997864
FIN,"eriksoninkatu 3, 68300 kalvia, Finland",23.448513153851916,63.85898588583308
FIN,"iivisniementie 1, 2260 espoo, Finland",24.696528615754346,60.14944670728849
FIN,"nautsintie 4 as. 1, 99800 ivalo, Finland",27.603583274224576,68.66542056140742
FIN,"koivukatu 3, 37100 nokia, Finland",23.508163170659998,61.48716672858558
FIN,"koppelokuja 4, 66400 laihia, Finland",22.017645538792777,62.99801630107592
FIN,"tuomikuja 12, 52700 mantyharju, Finland",26.86885447561221,61.42565256982374
FIN,"aijalantie 31, 23800 laitila, Finland",21.69860281129303,60.9128623599712
FIN,"kuusvagen 19, 1150 soderkulla, Finland",25.292920625809163,60.301075857416954
FIN,"koulutie 3, 69150 eskola, Finland",24.172152645966122,63.910469274926214
FIN,"museotie 6, 36760 luopioinen, Finland",24.653830949521534,61.36223358165577
FIN,"turunlinnantie 1 a, 99 helsingin kaupunki, Finland",24.952980000000025,60.167950000000076
FIN,"uudennevantie 60, 85500 nivala, Finland",24.840448826942804,63.9597125788963
FIN,"harjutie 6 d 8, 6750 tolkkinen, Finland",25.591779828812832,60.33491370749422
FIN,"allisentie 4 b, 66450 jakkula, Finland",22.065576027177997,62.936772165324896
FIN,"puistotie 2-4 b 15, 2760 espoo, Finland",24.684161955809287,60.20459158355584
FIN,"ratapellontie 1, 91500 muhos, Finland",26.030956686488793,64.80458968542729
FIN,"pihlajakatu 9, 30420 forssa, Finland",23.615361258208452,60.80691145770572
FIN,"tupasvillanpolku 10, 99 helsingin kaupunki, Finland",25.086110000000076,60.20814000000007
FIN,"kankaankulmantie 17, 32300 mellila, Finland",22.912838246167098,60.78546438868412
FIN,"tammelantie 39, 31300 tammela, Finland",23.76864162449195,60.807589721310705
FIN,"manntaget 12, 66295 tojby, Finland",21.175139714579615,62.659456437760724
FIN,"pentinkatu 5, 30420 forssa, Finland",23.600975984521654,60.817142869726354
FIN,"forsamlingsvagen 2, 2400 kyrkslatt, Finland",24.43760181983822,60.126901692769906
FIN,"pekankuja 26, 62200 kauhava, Finland",23.100047885952534,63.093154925430724
FIN,"luovikuja 2 a, 2320 espoo, Finland",24.65284004092814,60.14586792799918
FIN,"virojarventie 42, 39310 viljakkala, Finland",23.38901215390723,61.70892996793097
FIN,"vanha tampereentie 1605, 21360 lieto as, Finland",22.4485542357194,60.558657129555314
FIN,"satakielentie 9, 80330 reijola, Finland",29.838461684919167,62.52664384084133
FIN,"vehkalukontie 1, 12240 hikia, Finland",24.900796937244394,60.760950423200114
FIN,"iskmovagen 24, 65760 iskmo, Finland",21.590842884774702,63.19322546161396
FIN,"vironkoskentie 57as2, 42870 kotala, Finland",24.028232602415727,62.266419149127984
FIN,"selkamerenkatu 10, 180 helsinki, Finland",24.916395491415813,60.16145956710048
FIN,"rintamaentanhua 4, 2770 espoo, Finland",24.628289446527276,60.21455393648452
FIN,"gronkullavagen 160, 1190 box, Finland",25.385564055939,60.31282148338519
FIN,"valssitie 2, 39200 kyroskoski, Finland",23.23822010472158,61.66611185090157
FIN,"tyynismaantie 171, 62470 purmojarvi, Finland",23.284735830167648,63.26064731146238
FIN,"heinatie 5, 1350 vantaa, Finland",25.04758250203338,60.30522324624715
FIN,"karviaisrinne 2, 99 helsingin kaupunki, Finland",25.007210000000043,60.24482000000006
FIN,"orelinkatu 55, 37120 nokia, Finland",23.48249241871875,61.4641568537169
FIN,"turvetie 1, 69300 toholampi, Finland",24.251810146612968,63.76792864118141
FIN,"ylipaantie 775, 92450 luohua, Finland",25.277076244948944,64.50991285709193
FIN,"kannuskuja 6, 1200 vantaa, Finland",25.11121941968389,60.279270862359226
FIN,"niittytie 6 a 2, 32210 loimaa, Finland",22.991763839028664,60.87055256630785
FIN,"kalhukatu 10, 24280 salo, Finland",23.182748771823356,60.39228636789707
FIN,"haavistontie 1, 86600 haapavesi, Finland",25.359059891365035,64.13803438383064
FIN,"mekaanikonkatu 6, 95450 tornio, Finland",24.177266193636342,65.81558043873662
FIN,"polvitie 12, 33430 vuorentausta, Finland",23.613262597291396,61.526275515335726
FIN,"sokinsuonkuja 4, 2760 espoo, Finland",24.67141383545072,60.201377039869016
FIN,"jokipellontie 15, 99 helsingin kaupunki, Finland",24.986260000000073,60.24624000000006
FIN,"antinkatu 19 a 29, 28100 pori, Finland",21.793842353762045,61.4849033213616
FIN,"sikstigen 4, 64100 kristinestad, Finland",21.344902590543455,62.277443153912884
FIN,"serlatie 6, 33450 siivikkala, Finland",23.680268956199427,61.542371912646274
FIN,"metsatahtikuja 1, 8700 lohja, Finland",24.001762216911544,60.2266719891814
FIN,"ullantorppa 6, 2750 espoo, Finland",24.707766652436817,60.204606587162516
FIN,"kirkkokatu 5 a 12, 80110 joensuu, Finland",29.75436177558933,62.596957698742386
FIN,"pyysalontie  3, 11120 riihimaki, Finland",24.748422067960917,60.74761133675818
FIN,"hillerikuja 1, 99 helsingin kaupunki, Finland",25.043240000000026,60.20791000000003
FIN,"bonasgatan 10, 68620 jakobstad, Finland",22.685255568489207,63.66882197135672
FIN,"vaskiniitynkuja 2, 99 helsingin kaupunki, Finland",25.00425000000007,60.27489000000003
FIN,"aminnenpuisto 3, 2780 espoo, Finland",24.595351668351952,60.18385869459428
FIN,"vaylatie 5-7 f 7, 94400 keminmaa, Finland",24.538980771107134,65.8039595167171
FIN,"lammaskallionkatu 7 e 45, 18150 heinola, Finland",26.02361095418391,61.18863862528869
FIN,"pjukalavagen 134, 21600 parainen, Finland",22.272269568532835,60.27303032589751
FIN,"kokkotie 20, 41800 korpilahti, Finland",25.559727850165103,62.01824063529179
FIN,"lopotinkatu 19, 69100 kannus, Finland",23.90758290137518,63.89499829332112
FIN,"hannikonkatu 45, 20610 turku, Finland",22.346877726887755,60.44567418771129
FIN,"kuusikuja 7, 91910 tupos, Finland",25.473247647971505,64.8557824105284
FIN,"haapatie 27 b 15, 1350 vantaa, Finland",25.050745748472735,60.32230753466595
FIN,"kirnukuja 1 c 12, 70780 kuopio, Finland",27.638978710229964,62.85494345838899
FIN,"hoijersvagen 3, 10600 ekenas, Finland",23.44708181146862,59.97359131927303
FIN,"keskitie 35, 71200 tuusniemi, Finland",28.485208207816616,62.8142643720183
FIN,"rahjekatu 5, 20210 turku, Finland",22.201466375124397,60.46234713423175
FIN,"hankitie 2, 47200 elimaki, Finland",26.450271115847983,60.71963334023934
FIN,"kuulaskuja 6, 4500 kellokoski, Finland",25.09261033734893,60.53945221963312
FIN,"lukkarinpolku 5 f, 7800 lapinjarvi, Finland",26.20134661262918,60.62380798655738
FIN,"runkokatu 5, 33340 tampere, Finland",23.60573564823983,61.516617299763766
FIN,"aleksintie 3, 86710 karsamaki, Finland",25.76131882414282,63.97952911629321
FIN,"renumvagen 185, 6200 borga, Finland",25.85977844235478,60.428786580650495
FIN,"venepellonmaki 5-7 d 1, 2780 espoo, Finland",24.59628507708959,60.19748490312952
FIN,"pikkupiiankatu 1, 65370 vaasa, Finland",21.719790921416035,63.09877038146311
FIN,"meriviitantie 16, 2330 espoo, Finland",24.609294377551095,60.16549826141704
FIN,"marja-ahontie 1, 45360 valkeala, Finland",26.767102090015335,60.91599118070683
FIN,"kulmatie 7, 94700 kemi, Finland",24.60229406347605,65.72733999496668
FIN,"kreetankuja 6 f 48, 33950 pirkkala, Finland",23.695515638075534,61.47299762418169
FIN,"nordvagen 3, 64230 narpes st, Finland",21.354889544357974,62.47375864185102
FIN,"koulukatu 8, 33200 tampere, Finland",23.74718873004764,61.49518594681061
FIN,"viikingintie 15, 99 helsingin kaupunki, Finland",25.11116000000004,60.21642000000003
FIN,"suezinkatu 7, 99 helsingin kaupunki, Finland",24.91918000000004,60.15845000000007
FIN,"vintilatie 1, 37130 nokia, Finland",23.474152005964044,61.4952052251879
FIN,"ahonkatu 2, 50100 mikkeli, Finland",27.256263231193877,61.6834782668495
FIN,"kauppatie 10, 91100 ii, Finland",25.37528901611236,65.3146335647044
FIN,"harjusenkatu 37 as. 5, 44200 suolahti, Finland",25.835627580916338,62.563966905029474
FIN,"nissintie 1, 2780 espoo, Finland",24.61692635184943,60.18282017679084
FIN,"lehtoniementie 107, 70840 kuopio, Finland",27.704737925764505,62.85269115718671
FIN,"wahreninkatu 11, 30100 forssa, Finland",23.620952909635832,60.815805076070035
FIN,"havumetsankatu 1, 33820 tampere, Finland",23.83877678021733,61.464053043846064
FIN,"kiurunkuja 2, 31400 somero, Finland",23.52681625798661,60.629601809489344
FIN,"tanhukuja 4 a 4, 1450 vantaa, Finland",25.077301042656075,60.35453331207603
FIN,"pyhallontie 380, 49660 pyhalto, Finland",27.335607710916378,60.75184520369015
FIN,"paavonniementie 18, 93350 jaurakkajarvi, Finland",27.80522847911587,65.14579412301342
FIN,"kankomaentie 10, 37800 akaa, Finland",23.85376328781888,61.1771205073116
FIN,"murrontie 18, 37560 lempaala, Finland",23.782799748602685,61.37445510894733
FIN,"vanamopolku 1, 61300 kurikka, Finland",22.376502809290088,62.59422184554592
FIN,"hippoksentie 1, 20720 turku, Finland",22.29048160011436,60.441269958597275
FIN,"riihitie 2 as 12, 44800 pihtipudas, Finland",25.575469399604685,63.367160681340465
FIN,"vaarantie 82, 84100 ylivieska, Finland",24.48643001005354,64.11620920715677
FIN,"muukkolantie 12, 54920 taipalsaari, Finland",28.059746903469435,61.163754874656846
FIN,"lehdokkikuja 6, 21260 raisio, Finland",22.160297568030785,60.46711656286712
FIN,"havumaentie 9, 61600 jalasjarvi, Finland",22.787949146138487,62.49569068779036
FIN,"kulpintorma 10 b, 96900 saarenkyla, Finland",25.761294181347495,66.51619820227668
FIN,"toivakankuja 12, 4430 jarvenpaa, Finland",25.12925836496487,60.49516438063941
FIN,"piinokankatu 1 d 37, 20610 turku, Finland",22.352760900907583,60.44781354276827
FIN,"tasankotie 4, 45150 kouvola, Finland",26.70628553568679,60.853226879077596
FIN,"tuohikuja 2, 38300 sastamala, Finland",22.781857849462824,61.31819359553893
FIN,"sorsantaival 8 a, 60200 seinajoki, Finland",22.848837134823583,62.75129648984935
FIN,"tuohirinne 3, 53850 lappeenranta, Finland",28.09859559317053,61.04845309678859
FIN,"talkootie 5, 28430 pori, Finland",21.860834128158558,61.44504820995269
FIN,"sairaalankatu 5-7 c+d, 33100 tampere, Finland",23.785230500523568,61.49415698437679
FIN,"vaasantie 830, 61350 huissi, Finland",22.397585223614044,62.73171213117041
FIN,"lahettilaantie 12, 1520 vantaa, Finland",24.9639301863331,60.28354320222678
FIN,"havukoskenkatu 3 i 39, 1360 vantaa, Finland",25.07585466144414,60.319395158588605
FIN,"siulatie 14, 99870 inari, Finland",27.02720958135427,68.90339004290448
FIN,"martinniementie 319, 90850 martinniemi, Finland",25.316107247637632,65.20948833097214
FIN,"orminkuja 4, 20610 turku, Finland",22.35116683056168,60.450554928020836
FIN,"hietasalmenkatu 9, 41160 tikkakoski, Finland",25.636984857561515,62.39127832576227
FIN,"kotikuja 4, 91100 ii, Finland",25.37125866688268,65.32222552368677
FIN,"tuurinkylantie 44, 63610 tuuri, Finland",23.74774503696139,62.60235794941073
FIN,"gardininkuja 1, 96800 rovaniemi, Finland",25.6757130220885,66.53181896849154
FIN,"skumgranden 13, 1600 vanda, Finland",24.841841899250568,60.271231946661715
FIN,"seuralankatu 1 a, 50170 mikkeli, Finland",27.30405386877436,61.69778128233634
FIN,"kiurutie 2, 84100 ylivieska, Finland",24.529317191117116,64.06420917905132
FIN,"pesakatu 5, 24280 salo, Finland",23.177247309674158,60.39195754583551
FIN,"porintie 608, 64300 lapvaartti, Finland",21.522308504917817,62.211297951737095
FIN,"uotilantie 5, 37830 akaa, Finland",23.74662311922137,61.21945071090917
FIN,"jyranmaankatu 14, 37140 nokia, Finland",23.47243053068985,61.47505781216316
FIN,"parkkitie 10, 95410 tornio, Finland",24.18308482700172,65.86002602514813
FIN,"neulatie 1, 59510 saari, Finland",29.68718040254302,61.694679265699676
FIN,"laajatie 28, 50500 mikkeli, Finland",27.268764434857534,61.65865689514486
FIN,"vakkosalmenkatu 11, 80200 joensuu, Finland",29.793333434403564,62.59422700041637
FIN,"nejlikstigen 3 a, 1300 vanda, Finland",25.03000741127414,60.29198545510508
FIN,"karstuntie 1175, 8480 karstu, Finland",23.92638711441606,60.30192454825246
FIN,"sahratie 7, 1630 vantaa, Finland",24.79773146323754,60.26647458796691
FIN,"vanha lahnuksentie 15, 2970 espoo, Finland",24.70719726975412,60.31042928821893
FIN,"peippotie 5, 84100 ylivieska, Finland",24.51513509476331,64.06896888467901
FIN,"niittynotko 6, 74700 kiuruvesi, Finland",26.61349099437402,63.655963597658996
FIN,"harkoniementie 16, 74200 vierema, Finland",27.010068086446296,63.74134426179404
FIN,"kustulantie 9, 91110 ii as, Finland",25.479139958265762,65.32378488468183
FIN,"kangaskontiontie 15 b, 90240 oulu, Finland",25.587750145042207,64.9781699315543
FIN,"menninkainen 2, 4620 mantsala, Finland",25.30346264378329,60.65016211506452
FIN,"hulikkalantie 3, 19650 joutsa, Finland",26.108907547830086,61.74537892534647
FIN,"nallenpolku 4, 37560 lempaala, Finland",23.780253158779942,61.36899476003322
FIN,"harjapaankatu 28 b 6, 90120 oulu, Finland",25.468757797716535,65.00323928194271
FIN,"kurviksenkuja 6, 36420 sahalahti, Finland",24.3317624387945,61.476524477580796
FIN,"junailijankuja 1 a 21, 520 helsinki, Finland",24.93902746817983,60.197480921725514
FIN,"monasvagen 31, 66970 hirvlax, Finland",22.34550004635211,63.418628260939926
FIN,"alakatu 6, 3600 karkkila, Finland",24.18919347421695,60.53439198086707
FIN,"revontie 9, 92350 revonlahti, Finland",24.964263366984312,64.71672374509123
FIN,"pyhan henrikintie 121, 27840 koylio, Finland",22.383655344776525,61.090409565944775
FIN,"tervakuja 8, 15870 hollola, Finland",25.50215641292843,60.988312899595286
FIN,"kauppakeskus grani, kauniaisten tie 7, 02700 kauniainen, 2700 kauniainen, Finland",24.72891947474747,60.21032421859462
FIN,"joutsenenkatu 8, 65320 vaasa, Finland",21.6878854584358,63.09785428135555
FIN,"lehtikaskentie 9 o 29, 2340 espoo, Finland",24.664935294848362,60.17929122791594
FIN,"hanuripolku 3, 420 helsinki, Finland",24.88408015337032,60.23880408156609
FIN,"yli-huikkaantie 56, 33560 tampere, Finland",23.83532653741321,61.50191539968452
FIN,"maalaamontie 14, 26510 rauma, Finland",21.568476279065237,61.13485937059619
FIN,"lundintie 3, 65520 helsingby, Finland",21.818203768608242,63.03347615200721
FIN,"tyrnitie 3, 69510 halsua, Finland",24.149207521299473,63.478519545625204
FIN,"lintukorpi 16, 2660 espoo, Finland",24.804439835624976,60.23030629857922
FIN,"linnajarventie 1, 37560 lempaala, Finland",23.78112001520634,61.384047317031786
FIN,"aurinkokatu 47, 80140 joensuu, Finland",29.656069963078977,62.63206207316
FIN,"rantalankatu 15  7, 39700 parkano, Finland",23.016481149483695,62.00831369590401
FIN,"vaylatie 33, 94400 keminmaa, Finland",24.543048760175253,65.81177233057645
FIN,"kartanontie 3, 67600 kokkola, Finland",23.16397423071973,63.81973278420966
FIN,"merilinnuntie 2, 23500 uusikaupunki, Finland",21.412446477818428,60.80941696826559
FIN,"martintorinkuja 2, 5810 hyvinkaa, Finland",24.892362395716987,60.62113809893893
FIN,"orastie 1, 15860 hollola, Finland",25.52934739064861,60.97954291430281
FIN,"majurinkatu 8, 2600 espoo, Finland",24.825456200551912,60.21459224178204
FIN,"mika waltarin katu 12, 6100 porvoo, Finland",25.628334398208352,60.39532757382622
FIN,"kaukopaantie 11 e 17, 950 helsinki, Finland",25.08861954560905,60.22210385195078
FIN,"lautelantie 1, 21530 paimio, Finland",22.687919932737913,60.46876285246981
FIN,"rounionkatu 94, 37100 nokia, Finland",23.515604121384968,61.491050651059965
FIN,"lustikullantie 3, 1510 vantaa, Finland",24.95635269440541,60.287279980390934
FIN,"rintalantie 3, 4200 kerava, Finland",25.11829417208867,60.40001987409396
FIN,"siilitie 18 e 123, 99 helsingin kaupunki, Finland",24.952980000000025,60.167950000000076
FIN,"rannantie 467, 62500 evijarvi, Finland",23.4803143811786,63.43072111412451
FIN,"singontie 3 b 7, 68210 marinkainen, Finland",23.450004162010742,63.9444907493631
FIN,"laurilantie 37, 4410 jarvenpaa, Finland",25.1190125779803,60.49320611660053
FIN,"dalgatan 11 / laaksokatu 11, 10300 karis / karjaa, Finland",23.661308420664312,60.072688423130984
FIN,"saajarventie 43, 13330 harviala, Finland",24.605342394022898,60.95752637877945
FIN,"varuskatu 2 a 16, 33330 tampere, Finland",23.594532312636517,61.5000374761876
FIN,"pertunpellonraitti 2 c 12, 740 helsinki, Finland",24.987701012281548,60.26555588946937
FIN,"alahaantie 6, 84100 ylivieska, Finland",24.51388409571436,64.06092012024527
FIN,"heinikonkatu 4, 20240 turku, Finland",22.157323920241254,60.45530566501213
FIN,"hyvattylantie 10 a, 21420 lieto, Finland",22.45789687263681,60.506716529143375
FIN,"halkiantie 716, 4480 haarajoki, Finland",25.19452204238368,60.506696915489954
FIN,"kirkkotie 448, 49240 purola, Finland",26.63117590632408,60.467126473495895
FIN,"hameen harkatie 753, 21450 tarvasjoki, Finland",22.75092602835545,60.57892721173303
FIN,"kanervakuja 4, 90450 kempele, Finland",25.558660498614728,64.89335927874473
FIN,"rientolantie 40, 41940 vesanka, Finland",25.570416369275392,62.27035424312126
FIN,"neulapadontie 8 k, 920 helsinki, Finland",25.063289601850926,60.22331721625446
FIN,"tilhenkatu 1 d 30, 20610 turku, Finland",22.332766843365036,60.44316627884464
FIN,"raamikatu 5, 33400 tampere, Finland",23.696622300751784,61.52137482609663
FIN,"selkamerenkatu 6, 99 helsingin kaupunki, Finland",24.915530000000047,60.16230000000007
FIN,"minkkitie 19, 11310 riihimaki, Finland",24.800711229816415,60.75903255993455
FIN,"patruunankuja 1 d 40, 8200 lohja, Finland",24.029817201211046,60.23503955930241
FIN,"rautialantie 60, 37470 vesilahti, Finland",23.631642015479343,61.299786014156325
FIN,"avaruuskatu 1 e-f, 2210 espoo, Finland",24.72602444920969,60.1692331955625
FIN,"siltavoudintie 3 liiketila 2, 640 helsinki, Finland",24.966092465895258,60.23008082538382
FIN,"karppapolku 4, 27100 eurajoki, Finland",21.744442517750173,61.209798823674106
FIN,"seunalantie 4, 76850 naarajarvi, Finland",27.079622292462574,62.28783977324508
FIN,"kinttalanharju 3, 98900 salla, Finland",28.668710016025557,66.82410402075578
FIN,"vanha kuninkaantie 12, 6100 porvoo, Finland",25.65916563647761,60.401110458374546
FIN,"paulapolku 9, 44120 aanekoski, Finland",25.73226496844191,62.6287715475209
FIN,"alastenkuja 5, 27310 kodisjoki, Finland",21.685504914114944,61.03143041535813
FIN,"kaustarintie 13, 67600 kokkola, Finland",23.17065987270096,63.8284172794801
FIN,"elisabetinkatu 5, 20400 turku, Finland",22.31174766193692,60.53914875282865
FIN,"kukkatie 13, 74130 iisalmi, Finland",27.26944591257231,63.54081724469589
FIN,"isoistentie 7, 2200 espoo, Finland",24.751817828394394,60.1761497744248
FIN,"koulukuja 1, 41270 lannevesi, Finland",25.39118898352197,62.608319871410885
FIN,"jokiniementie 5, 41120 puuppola, Finland",25.669886845010268,62.32759589437748
FIN,"hirsimaenkatu 33, 13500 hameenlinna, Finland",24.380073968498067,60.983551559496476
FIN,"keskuskuja 4, 88610 vuokatti, Finland",28.27060364571895,64.14796195186113
FIN,"liljantie 38, 70870 hiltulanlahti, Finland",27.557350037413357,62.76151101233509
FIN,"palosenkatu 5, 4230 kerava, Finland",25.104556644849737,60.42460099348082
FIN,"jyskyntie 4 b 10, 80140 joensuu, Finland",29.717475282828076,62.61979172128244
FIN,"huntutie 5 a, 950 helsinki, Finland",25.100689067086535,60.2269386175214
FIN,"tehtaantie 15, 42700 keuruu, Finland",24.698756190342237,62.261839863966145
FIN,"metsamaitikantie 9, 94450 keminmaa, Finland",24.489119762782536,65.7936241271876
FIN,"tuohikotintie 1156b, 54770 heituinlahti, Finland",27.511866561841146,61.12577736895801
FIN,"opotantie 5, 80230 joensuu, Finland",29.804217335676867,62.57884763301297
FIN,"sommarangsvagen 2, 6100 porvoo, Finland",25.5521360060631,60.42510596496684
FIN,"kustavintie 23, 62940 hoisko, Finland",23.849583567981426,63.02735895525075
FIN,"poyhosentie 17 b, 63700 ahtari, Finland",24.062100101291236,62.545076903209605
FIN,"timontie 3, 71750 maaninka, Finland",27.311438409290957,63.15390410979927
FIN,"haapaniementie 43, 44500 viitasaari, Finland",25.845755769799354,63.08401877669806
FIN,"telkankatu 2, 50190 mikkeli, Finland",27.30171037246552,61.688181027624836
FIN,"byhamnvagen 58, 65800 replot, Finland",21.41794056697654,63.23358302620872
FIN,"rossinkatu 3, 65380 vaasa, Finland",21.725222981406944,63.07783745838228
FIN,"ritvalantie 7 as. 2, 21350 ilmarinen, Finland",22.376242215920342,60.50470747077125
FIN,"lahteensivuntie 2, 37120 nokia, Finland",23.50265726610212,61.45970685941154
FIN,"kangasmoisionkatu 3, 38700 kankaanpaa, Finland",22.41002556048801,61.806294406674
FIN,"myllykankaankuja 4, 69950 perho, Finland",24.427440354799586,63.208429898698085
FIN,"rastaankuja 15, 78850 varkaus, Finland",27.84713061891827,62.307946743586996
FIN,"brobackantie 1-3, 2820 espoo, Finland",24.597459633181558,60.238657146803405
FIN,"lintulamminkatu 17a, 33400 tampere, Finland",23.665986360826537,61.5284375015313
FIN,"siemenkuja 4 e, 99 helsingin kaupunki, Finland",24.952980000000025,60.167950000000076
FIN,"asemakatu 10, 77600 suonenjoki, Finland",27.126174712146707,62.62459375552115
FIN,"kunnaankatu 9, 21200 raisio, Finland",22.165470040480358,60.47641666162593
FIN,"haukantie 3, 66900 uusikaarlepyy, Finland",22.54420742511013,63.51480065542961
FIN,"malminginkatu 8, 48600 kotka, Finland",26.93810005995357,60.52294234303895
FIN,"voravagen 9, 66600 vora, Finland",22.253678088194533,63.13007297605745
FIN,"koppanantie 47, 95440 tornio, Finland",24.302767172596788,65.81876874706651
FIN,"pilkotunmaenkatu 7 b 30, 15240 lahti, Finland",25.655869453053867,61.01264108019538
FIN,"harkkotie 2, 40250 jyvaskyla, Finland",25.75386672548663,62.28438450129906
FIN,"thorshagavagen 5, 66240 petalax, Finland",21.432001209553334,62.83752749806155
FIN,"virastokatu 2, 55100 imatra, Finland",28.778268363689193,61.192938876893805
FIN,"kirveskuja 3, 60550 nurmo, Finland",22.912248411640633,62.82521293164473
FIN,"pietaryrtintie 1 b 8, 80160 joensuu, Finland",29.823726131498688,62.62554816092623
FIN,"nummenniityntie 14, 5450 nukari, Finland",24.913592247717816,60.5287274068821
FIN,"tommilanraitti 1a2, 36270 kangasala, Finland",24.103252228397537,61.45182418238923
FIN,"harmalansaarenkatu 3 c 16, 33900 tampere, Finland",23.730731198438775,61.47163715747726
FIN,"pariisinkatu 4, 99 helsingin kaupunki, Finland",24.952980000000025,60.167950000000076
FIN,"ruotutie, 30, 33920 pirkkala, Finland",23.720906769726838,61.45592829746005
FIN,"neljaskatu 5, 57210 savonlinna, Finland",28.932051895620333,61.88293714629623
FIN,"suotorpankuja 3, 20460 turku, Finland",22.362443675455836,60.542739057234826
FIN,"einarsvagen 2, 25900 dalsbruk, Finland",22.497503225711974,60.02264096941874
FIN,"vesalantie 10, 84100 ylivieska, Finland",24.54302168662801,64.06109220071747
FIN,"kivistontie 551, 73100 lapinlahti, Finland",27.38006373279731,63.324676711729126
FIN,"voyrinkatu 2, 65100 vaasa, Finland",21.61574652493732,63.107210622684676
FIN,"niittykuja 4, 62100 lapua, Finland",23.041422927305774,62.96475351460501
FIN,"aakkulankatu 15, 33700 tampere, Finland",23.838049901573953,61.48399124456756
FIN,"jungarintie 27, 66850 jepua, Finland",22.6503778913293,63.402830415127255
FIN,"rysatie 30, 90810 kiviniemi, Finland",25.337304494035095,65.1169941970692
FIN,"pitkatie 13, 46810 ummeljoki, Finland",26.755507088618117,60.77021418640865
FIN,"sabravagen 4, 68500 kronoby, Finland",23.03784972198207,63.730189205952996
FIN,"liepeentie 29, 41400 lievestuore, Finland",26.203312504199943,62.26258048893072
FIN,"teekkarinkatu 19 a 3, 33720 tampere, Finland",23.842776959688763,61.44532288491973
FIN,"hietalantie 4 c 13, 85100 kalajoki, Finland",23.939567573340412,64.26820026909382
FIN,"bredviksvagen 23, 99 helsingin kaupunki, Finland",24.952980000000025,60.167950000000076
FIN,"sammalkalliontie 5, 2210 espoo, Finland",24.734259752898595,60.1758237603008
FIN,"kaartokuja 1, 45200 kouvola, Finland",26.74210048594611,60.876059937698784
FIN,"peltoistenkatu 9, 32200 loimaa, Finland",23.069403983219246,60.847937856264394
FIN,"ansapolku 20, 90450 kempele, Finland",25.57704360484007,64.8881063819342
FIN,"hiirijarven koulutie 213 as. 1, 29200 harjavalta, Finland",22.05686664304551,61.290300256242176
FIN,"toukolantie 11, 15880 hollola, Finland",25.492584530959192,60.99330662795961
FIN,"repolantie 160, 21270 nousiainen, Finland",22.084718785288146,60.62187775998464
FIN,"impantie 10, 73100 lapinlahti, Finland",27.396007369922472,63.36766833130628
FIN,"merikarhunkuja 9, 2320 espoo, Finland",24.651053183589095,60.14991088451664
FIN,"leikkikuja 4, 99 helsingin kaupunki, Finland",25.08367000000004,60.24203000000006
FIN,"aaronpolku 8, 29630 pomarkku, Finland",22.020556825222712,61.68978632972099
FIN,"antintie 4, 21530 paimio, Finland",22.671326111383422,60.46549977756362
FIN,"asteritie 12, 99 helsingin kaupunki, Finland",24.997870000000034,60.24673000000007
FIN,"iso-anttilankuja 2, 91500 muhos, Finland",26.01986474637866,64.80159143675192
FIN,"lukusvagen 56, 66930 kovjoki, Finland",22.701614952001858,63.53650162155632
FIN,"sillanpaankuja 4, 23800 laitila, Finland",21.69464781027969,60.89523119427972
FIN,"keskitie 4, 27500 kauttua, Finland",22.159460467360674,61.116329622974774
FIN,"aittatie 12, 86600 haapavesi, Finland",25.388108298828882,64.14000115550124
FIN,"kuninkaantie 21, 2400 kirkkonummi, Finland",24.436159629577844,60.12460991280369
FIN,"kaivotie 3, 54100 joutseno, Finland",28.490318892751958,61.12632952682969
FIN,"tehdas-mattilantie 13, 28760 pori, Finland",21.6776068143908,61.53198266938887
FIN,"lennostontie 8 as 20, 41160 tikkakoski, Finland",25.658571359542464,62.39000662341249
FIN,"sundomintie 5, 65410 sundom, Finland",21.55894094219383,63.041853067950285
FIN,"mortinmutka 4, 40800 vaajakoski, Finland",25.881752188262425,62.23243526752685
FIN,"ylistorma 1 f 36, 2210 espoo, Finland",24.737719383434268,60.17690691173863
FIN,"neuvoksenkatu 6 b 11, 38700 kankaanpaa, Finland",22.40679567791838,61.812256412493184
FIN,"paulankatui 2, 240 helsinki, Finland",24.929281242624512,60.19381710802847
FIN,"terveystie 31, 730 helsinki, Finland",25.02760599601436,60.26727740665305
FIN,"pihkarinne 7, 24280 salo, Finland",23.17108920923019,60.393506270085226
FIN,"ojakuja 3, 76940 nenonpelto, Finland",27.118957306779436,62.369844835423805
FIN,"seppalantie 6, 91800 tyrnava, Finland",25.63072625809849,64.76796370221672
FIN,"yliopettajankatu 6, 4400 jarvenpaa, Finland",25.09017296372454,60.459826444489806
FIN,"vanha alapaantie 22, 94430 tornio, Finland",24.441481718999086,65.8059959839126
FIN,"sudenpolku 5, 31700 urjala as, Finland",23.64803299477697,61.06034932241792
FIN,"peurankatu 3, 50190 mikkeli, Finland",27.31296198783116,61.69441280499771
FIN,"rusthollinkatu 1, 8200 lohja, Finland",24.033784355983983,60.23512836556654
FIN,"linnustajantie 29, 63700 ahtari, Finland",24.0740452353256,62.560526133775966
FIN,"halametsa 2, 91200 yli-ii, Finland",25.82452516342724,65.37003505293748
FIN,"isolukontie 6 c 28, 36220 kangasala, Finland",24.014259969822263,61.473843861126255
FIN,"myllytie 23 b 5, 62100 lapua, Finland",23.03650819837884,62.96284487143291
FIN,"hyrylantie 16, 4300 tuusula, Finland",25.02420042875417,60.40251555871336
FIN,"kuoppatie 43, 99 helsingin kaupunki, Finland",25.02099000000004,60.264320000000055
FIN,"rajalantie 9, 38460 sastamala, Finland",23.0022898330364,61.5098766151396
FIN,"tervakuja 7, 86600 haapavesi, Finland",25.358038388825037,64.14523967734783
FIN,"oikotie 12 as 32, 20300 turku, Finland",22.269842923744505,60.46448967441194
FIN,"ylakiventie 12 i 207, 920 helsinki, Finland",25.069054423397887,60.22353598392732
FIN,"hevossillantie 5, 36240 kangasala, Finland",23.943896155778276,61.48457378683824
FIN,"piikiventie 18a, 67100 kokkola, Finland",23.099117815339905,63.822339029322485
FIN,"satakunnankatu 36, 39700 parkano, Finland",23.02085524565581,62.013914190239234
FIN,"ruohotie 19, 700 helsinki, Finland",25.008950561754858,60.26098125626379
FIN,"makilantie 4, 21530 makilantie 4, Finland",22.699025535350216,60.44529415222132
FIN,"kustaantie 10, 1400 vantaa, Finland",25.076634178439463,60.32492101207606
FIN,"sakkijarvenkuja 14, 54530 luumaki, Finland",27.764026519655236,60.93825419246966
FIN,"harjunreuna 23, 1230 vantaa, Finland",25.094208682465478,60.26763041050529
FIN,"linnuntie 13, 2660 espoo, Finland",24.820527641484773,60.2339040209697
FIN,"kiulukankaantie 18, 90670 oulu, Finland",25.573661255451697,65.02938851482673
FIN,"runkotie 11, 2720 espoo, Finland",24.75698401441656,60.24154881957992
FIN,"kasamantie 6a, 83700 polvijarvi, Finland",29.43941385924788,62.73604482074083
FIN,"kalasaaksenkuja 4, 2710 espoo, Finland",24.77197110875136,60.230770949381764
FIN,"muurainpolku 9, 48710 kotka, Finland",26.881738634259307,60.52276066528762
FIN,"koivutie 7, 37600 valkeakoski, Finland",24.038130540418507,61.28259468883397
FIN,"palvaanniemenkatu 14 b 11, 33700 tampere, Finland",23.820265179416282,61.485176571405106
FIN,"tapaninkalliontie 28, 21310 vahto, Finland",22.3158416349049,60.61914190678817
FIN,"keskitie 38, 21280 raisio, Finland",22.19648358514368,60.487631941441265
FIN,"jussilankatu 9, 5880 hyvinkaa, Finland",24.831288831695588,60.64652315371043
FIN,"raharinnantie 32, 90230 oulu, Finland",25.53923560564371,65.00969778979649
FIN,"karpantie 5, 69100 kannus, Finland",23.89753568167683,63.90493311169786
FIN,"kukolantie 40, 20900 turku, Finland",22.20474495655148,60.411437466000876
FIN,"purjehtijankatu 35, 26200 rauma, Finland",21.47043382817435,61.144124265361626
FIN,"kangastie 12, 27100 eurajoki, Finland",21.730562672824874,61.213478479168145
FIN,"perhotie 2, 90810 kiviniemi, Finland",25.332719173902973,65.12012940604245
FIN,"latukuja 1, 1280 vantaa, Finland",25.10890810988326,60.25226684298937
FIN,"patanantie 774, 69850 patana, Finland",23.898033482906413,63.320903304648084
FIN,"opintie 35, 23100 mynamaki, Finland",21.95600552575476,60.65606649529937
FIN,"kenttatie 5, 17240 kalkkinen, Finland",25.690312369582387,61.30054864161673
FIN,"korkinporras 1, 4320 tuusula, Finland",25.02640797059351,60.37895398697768
FIN,"sinikellonkuja 4 b 1, 76150 pieksamaki, Finland",27.123926937172143,62.295490984011195
FIN,"emannankuja 10 a, 91500 muhos, Finland",25.969183401190293,64.81340803430109
FIN,"koetilankatu 2, 1520 vantaa, Finland",24.959171109348148,60.27253931400949
FIN,"tuulensuunkatu 24 as 2, 24130 salo, Finland",23.126024409721623,60.3728650372349
FIN,"katajatie 10 as. 2, 17200 vaaksy, Finland",25.576892311487768,61.170027740844546
FIN,"seulastentie 11, 99 helsingin kaupunki, Finland",24.996650000000045,60.27540000000005
FIN,"hirventie 38, 48230 kotka, Finland",26.89506007679509,60.49862841167425
FIN,"mariegatan 23, 7900 lovisa, Finland",26.229692365149816,60.45650783947505
FIN,"rantaraitti 2, 70820 kuopio, Finland",27.682404512391628,62.82652872280522
FIN,"punasillantie 1, 68230 lohtaja, Finland",23.498540272061476,64.02131752467923
FIN,"jurvalantie 7, 4250 kerava, Finland",25.12022543936979,60.40304366052291
FIN,"sarkan rantatie 4 as. 8, 21160 merimasku, Finland",21.913506426808198,60.459528593560464
FIN,"wareliuksenkatu 9 j 9, 20380 turku, Finland",22.29926784629899,60.47487736701726
FIN,"hukkasenkuja 5 a1, 90250 oulu, Finland",25.518277411124785,64.98318650060483
FIN,"kuusikuja 5, 90450 kempele, Finland",25.55468647068119,64.90047362861245
FIN,"haarajoenkatu 19, 4480 haarajoki, Finland",25.151137227728555,60.501639317023404
FIN,"hannilantie 3, 85100 kalajoki, Finland",23.961752710846127,64.25603498437258
FIN,"kehatie 1, 90940 jaali, Finland",25.685257914329526,65.08597998185363
FIN,"koetilantie 1c 13, 790 hki, Finland",25.017014318358257,60.22429566279227
FIN,"kaunismaenkatu 2, 48600 kotka, Finland",26.937608545151363,60.51328119380088
FIN,"huvilinnanpiha 4, 2600 espoo, Finland",24.805216670411284,60.216261874985065
FIN,"kuusikallionkuja 3 c-d, 2210 espoo, Finland",24.730483286422896,60.17593880192189
FIN,"sorilanraitti 14, 33680 tampere, Finland",23.932216392798438,61.555439509244366
FIN,"puukiipijantie 10, 65320 vaasa, Finland",21.6948365707392,63.0981782419133
FIN,"sisunaukio 1, 33900 tampere, Finland",23.72500233525642,61.47306296111694
FIN,"hoikankatu 38, 87100 kajaani, Finland",27.735861273359433,64.21356341997793
FIN,"hellanmaantie 650, 62130 hellanmaa, Finland",22.83617425842033,63.05780739200199
FIN,"peltotie 28, 28400 ulvila, Finland",21.862118151906003,61.43031466818894
FIN,"paimenkuja 1, 60800 ilmajoki, Finland",22.556720181627526,62.74163785518223
FIN,"makitie 11, 61300 kurikka, Finland",22.38185180462051,62.61388587421453
FIN,"isokarhuntie 12, 80230 joensuu, Finland",29.818973508579177,62.57240723007004
FIN,"myotainen 7 e 26, 20900 turku, Finland",22.224561200581746,60.393037134964516
FIN,"kahmankuja 13, 60800 ilmajoki, Finland",22.58302812584816,62.72893717639565
FIN,"kaupinkatu 29, 33540 tampere, Finland",23.79861639989477,61.49852429120733
FIN,"levalahdentie 20 a, 51200 kangasniemi, Finland",26.637094182258977,61.9758410295359
FIN,"tellervovagen 5, 6150 borga, Finland",25.708051494186776,60.38860876596934
FIN,"kukinkuja 10 a 9, 1620 vantaa, Finland",24.86020547564152,60.278562130536216
FIN,"ojapellontie 20 b 9, 91500 muhos, Finland",26.026512433787104,64.8069745883378
FIN,"kaivannonlahdenkatu 27, 70840 kuopio, Finland",27.698736818367024,62.8597311595733
FIN,"limingantie 82 b, 92430 paavola, Finland",25.218309883595595,64.60835424466447
FIN,"kodesjarventie 23, 64930 kodesjarvi, Finland",22.06690749249742,62.0512522999436
FIN,"kirkkotie 4, 62200 kauhava, Finland",23.066211949769848,63.09919942538409
FIN,"harkoilantie 4, 3100 nummela, Finland",24.338257575565137,60.337292491615415
FIN,"porosuontie 90b as. 2, 74150 iisalmi, Finland",27.162876048666845,63.51291414048194
FIN,"sarkantie 14, 40530 jyvaskyla, Finland",25.720289072822908,62.193576722496005
FIN,"kasarmintie 67, 99600 sodankyla, Finland",26.562711748556552,67.42795836992002
FIN,"aakkulantie 7 b, 36220 kangasala, Finland",24.00246755406374,61.46990147487722
FIN,"suurpellontie 2, 7700 koskenkylan saha, Finland",25.93135459553791,60.50220460856318
FIN,"rakuunatie 56, 20720 turku, Finland",22.302729488491423,60.43650438563736
FIN,"taivallahdentie 4, 74300 sonkajarvi, Finland",27.523862993122947,63.6708936950522
FIN,"peurankatu 22, 67800 kokkola, Finland",23.08377542676581,63.825792648748404
FIN,"kielonsaarenkatu 2 a, 70820 kuopio, Finland",27.64153192175624,62.828785298778115
FIN,"pappilantie 6, 46800 myllykoski, Finland",26.783856529176177,60.76923031861392
FIN,"sysikuja2, 8500 lohja, Finland",24.10518920240233,60.2693297994646
FIN,"huttulantie 12 a 3, 19650 joutsa, Finland",26.106762115893304,61.74688217777148
FIN,"rantapukkalantie 8, 41800 korpilahti, Finland",25.578420667712777,62.01769815851827
FIN,"kuninkaanmaentie 23, 1260 vantaa, Finland",25.116747201009076,60.30202722656634
FIN,"kala-maija 2, 2230 espoo, Finland",24.741059823306784,60.15898979742033
FIN,"petajatie 6, 61330 koskenkorva, Finland",22.437332711386176,62.695325032200344
FIN,"vesivehmaantie 283, 17130 vesivehmaa, Finland",25.65941199915004,61.129639984191876
FIN,"luokkikuja 1, 36240 kangasala, Finland",23.9397676493692,61.48968297591884
FIN,"leinikkitie 1 b, 80130 joensuu, Finland",29.761245665029264,62.61127373790893
FIN,"hommansbyvagen 29, 7870 skinnarby, Finland",26.176449107862236,60.54335132263292
FIN,"sjomansgatan 9, 99 helsingin kaupunki, Finland",24.934480000000065,60.159470000000056
FIN,"kauppakaari 6, 91910 tupos, Finland",25.482874179949448,64.86278264078442
FIN,"tallbergin puistotie 10 e, 200 helsinki, Finland",24.8786230314889,60.15750972095762
FIN,"torikatu 11, 24100 salo, Finland",23.13524064753915,60.38485526590833
FIN,"kannaksentie 4 g 19-21, 66400 laihia, Finland",22.015064666986035,62.97410545543494
FIN,"sahkottajankatu 6 b ja c, 520 helsinki, Finland",24.939940508892732,60.19730649432043
FIN,"vainamoisenkatu 30, 53300 lappeenranta, Finland",28.260262305038168,61.06551081457431
FIN,"louhenkatu 13a a 5, 74100 iisalmi, Finland",27.187041829892905,63.56060276905103
FIN,"erkylantie, 7, 11130 riihimaki, Finland",24.792092202600145,60.73059850406395
FIN,"kunnantie 3, 92500 rantsila, Finland",25.647933662288185,64.50700615042444
FIN,"kumpulantie 3, 81280 uimaharju, Finland",30.271111973687596,62.91568815843934
FIN,"vesantie 3, 48400 kotka, Finland",26.869924677009664,60.493362774370866
FIN,"kurkimaentie 398, 71480 kurkimaki, Finland",27.495204595613842,62.7785642038931
FIN,"venttivayla 2, 52830 suomenniemi, Finland",27.44829988453924,61.32816395318517
FIN,"vainiopohjantie 569, 21270 nousiainen, Finland",22.10416756668323,60.66497017194749
FIN,"liljalaaksonkatu 21, 23500 uusikaupunki, Finland",21.41434070720075,60.8038935115579
FIN,"martinkatu 5, 20810 turku, Finland",22.257561507754758,60.442582648453566
FIN,"oikotie 5, 21270 nousiainen, Finland",22.08688777037287,60.603444613797336
FIN,"juornaankylantie 59, 7580 askola, Finland",25.692970019622237,60.551095102238975
FIN,"jokiniementie 3, 99 helsingin kaupunki, Finland",24.972970000000032,60.22407000000004
FIN,"korttiontie 23, 11130 riihimaki, Finland",24.797013385592493,60.71498834095661
FIN,"byakersvagen 5 h 39, 66100 malax, Finland",21.55092759130099,62.94181417345155
FIN,"isomaentie 3, 33950 pirkkala, Finland",23.710980919986497,61.471529994845184
FIN,"trossitie 305, 39110 simuna, Finland",23.19637623563265,61.596857701886584
FIN,"kokonkatu 15, 83500 outokumpu, Finland",29.051175335911637,62.72962709084601
FIN,"perahuhdantie 1, 96300 rovaniemi, Finland",25.68422526385831,66.48743134294051
FIN,"mikkolantie 5, 4620 mantsala, Finland",25.298224541031857,60.65479236219767
FIN,"saarenkylantie 173, 82200 hammaslahti, Finland",29.98216438572024,62.45549577402673
FIN,"merventie 10, 13720 parola, Finland",24.36260314861434,61.054193904182966
FIN,"koulukuja 7, 91140 olhava, Finland",25.373890914662695,65.46211746775643
FIN,"urheilutie 8, 86600 haapavesi, Finland",25.34813324238553,64.14172581589861
FIN,"gardskulla  98, 2570 sjundea, Finland",24.170230199944037,60.17936909875878
FIN,"kirkkotie 13, 60800 ilmajoki, Finland",22.56513444444343,62.73141176782872
FIN,"muurikuja 1 a 4, 580 helsinki, Finland",24.972935032552556,60.19531813924914
FIN,"piskvagen 3, 64200 narpes, Finland",21.347952094556746,62.48049785964213
FIN,"nuhjalantie 32 b 8, 21110 naantali, Finland",22.043855414746275,60.488819196116566
FIN,"meteorikatu 1, 20900 turku, Finland",22.21810470438473,60.39392922091946
FIN,"pajuniityntie 6, 99 helsingin kaupunki, Finland",24.952980000000025,60.167950000000076
FIN,"leivosentie 7, 64100 krs, Finland",21.36516307544204,62.2805732499252
FIN,"oikokatu 7, 99 helsingin kaupunki, Finland",24.952980000000025,60.167950000000076
FIN,"laiduntie 13 a 3, 14500 iittala, Finland",24.15085414617829,61.09382018963518
FIN,"hakalantie 55, 38510 sastamala, Finland",22.744638008412267,61.58683547824009
FIN,"niemisentie 1, 5830 hyvinkaa, Finland",24.849924065568445,60.608445089593744
FIN,"mikaelintie 8, 29250 nakkila, Finland",22.008488561030703,61.362193599977616
FIN,"vahakinnontie 7, 26100 rauma, Finland",21.510385499107826,61.139986790316186
FIN,"harjannetie 8, 99 helsingin kaupunki, Finland",24.996000000000038,60.22975000000008
FIN,"hevostilantie 4c19, 2920 espoo, Finland",24.75524971483054,60.271898014597554
FIN,"ruoholahdenranta 7, 180 helsinki, Finland",24.92327225623805,60.16357951805162
FIN,"fatabuurinkatu 5, 20200 turku, Finland",22.228719127470953,60.44226166347147
FIN,"onkkaalantie 73, 36600 palkane, Finland",24.26602878806463,61.33721695343834
FIN,"kannaksenkatu 27, 32700 huittinen, Finland",22.716323855666587,61.19234103764981
FIN,"koskenkylanraitti 35 as 1, 27650 honkilahti, Finland",22.15655907157648,60.96650448672776
FIN,"isomaenkuja 3 d 19, 27230 lappi, Finland",21.841231455021187,61.09911860017996
FIN,"teijunmaki 7, 21420 lieto, Finland",22.460904467134213,60.51479597134272
FIN,"pohjois-kurolantie 93, 78610 varkaus, Finland",27.98247823863406,62.31502764966106
FIN,"sammontie 23, 21350 ilmarinen, Finland",22.37743923551284,60.50871523586508
FIN,"jarvenkorventie 6, 90550 oulu, Finland",25.4989950943268,65.04389658339502
FIN,"everstinkatu, 4 a 3, 8200 lohja, Finland",24.023105224605246,60.23234628617408
FIN,"kappalaisenkuja 5, 52200 puumala, Finland",28.174283005378328,61.52688395768723
FIN,"huvilinnanaukio 8, 2600 espoo, Finland",24.808878220994444,60.21495710602727
FIN,"kutalantie 3, 13210 hameenlinna, Finland",24.49435836844816,60.99996190099043
FIN,"koulukeskus, makitie 30, 52300 ristiina, Finland",27.258098743510487,61.512479447532655
FIN,"ahkiotie 4 a 16, 70200 kuopio, Finland",27.644229972569377,62.90723031522111
FIN,"torpantie 11, 85500 nivala, Finland",24.952985013347586,63.875527593249245
FIN,"tenholantie 10 b, 280 helsinki, Finland",24.90801308532619,60.202303533536536
FIN,"ahventie 6, 31700 urjala as, Finland",23.633117230438216,61.06112816886099
FIN,"peukaloisentie 2, 39160 julkujarvi, Finland",23.522763188706136,61.56880273556746
FIN,"jalkalantie 6, 77600 suonenjoki, Finland",27.136762396961814,62.625292890065026
FIN,"opintie 6, 82500 kitee, Finland",30.13103100942962,62.10137708676112
FIN,"pohjanniementie 9, 40250 jyvaskyla, Finland",25.751117964159278,62.27768958186624
FIN,"pajulahdentie 7, 37310 tottijarvi, Finland",23.3433936886241,61.40055955919011
FIN,"aittapolku 5, 21270 nousiainen, Finland",22.067059875497165,60.612257556343565
FIN,"socklotvagen 108, 66910 sokaluoto, Finland",22.554596375000955,63.56957295610084
FIN,"paavinkatu 15, 20540 turku, Finland",22.31701728064428,60.47132976840777
FIN,"seminaarinkatu 28, 40100 jyvaskyla, Finland",25.735887543175323,62.23647982917561
FIN,"maakarinaktu 17, 92130 raahe, Finland",24.499387929448574,64.69257120727215
FIN,"oxfotintie 3 a 4, 2330 espoo, Finland",24.66373752088461,60.166200120079424
FIN,"lindankuja 1, 2780 espoo, Finland",24.588064022636075,60.19124507912957
FIN,"vanha viipurintie 2, 7700 koskenkylan saha, Finland",25.93520366599837,60.49686271647045
FIN,"apteekkarinraitti 3, 99 helsingin kaupunki, Finland",25.039690000000064,60.23353000000003
FIN,"ytteressevagen 212, 68810 ytteresse, Finland",22.98863445547812,63.62392037810008
FIN,"kangaspolku 35, 21380 aura, Finland",22.55296601101429,60.65762599029469
FIN,"ruijalaisentie 7, 95460 tornio, Finland",24.229692567246815,65.85265120763921
FIN,"ahdinkatu 25, 45100 kouvola, Finland",26.70514853052103,60.87276086251845
FIN,"savikonkatu 22, 11100 riihimaki, Finland",24.75353444216472,60.73039800894
FIN,"kirkkotie 52 b 3, 27100 eurajoki, Finland",21.75232318311572,61.20494021158896
FIN,"kakelantie 44, 16300 orimattila, Finland",25.762304116861117,60.80692390483196
FIN,"lararvagen 6, 25870 dragsfjard, Finland",22.478184179625572,60.070277159134974
FIN,"holmvagen 7, 68870 edsevo, Finland",22.838655134122206,63.63202752248944
FIN,"kupparinperantie 6, 92140 pattijoki, Finland",24.557756653315266,64.69037661547324
FIN,"ralssimiehentie 11 d 24, 49400 hamina, Finland",27.165286097286867,60.57435526073647
FIN,"ollaksentie 19, 1690 vantaa, Finland",24.910752794198117,60.278361048679045
FIN,"oskarintie 3, 31300 tammela, Finland",23.71548661203846,60.810612528962366
FIN,"isonmannyntie 16, 1690 vantaa, Finland",24.91818008242089,60.27931302333218
FIN,"uotilan koulutie 52, 1860 perttula, Finland",24.706445077763135,60.44420953395041
FIN,"rapakuja 29 61400 ylistaro, 61400 ylistaro, Finland",22.516600034440216,62.93400341315848
FIN,"kortteentie 20, 33470 ylojarvi, Finland",23.568661321491344,61.56888509931795
FIN,"castreninkatu 28 b, 99 helsingin kaupunki, Finland",24.950740000000053,60.18559000000005
FIN,"lintukallionkuja 9 a, 1620 vantaa, Finland",24.860283511160077,60.281796958428714
FIN,"kamppatie 8, 37140 nokia, Finland",23.462001682939928,61.47192050771412
FIN,"pajuniityntie 6, 92120 raahe, Finland",24.505724648249213,64.67727989176163
FIN,"anttilankatu 4, 13210 hameenlinna, Finland",24.498876381897787,61.0060191252297
FIN,"sarakuja 4, 55800 imatra, Finland",28.848304780595157,61.23071452194392
FIN,"konttikatu 3 a, 20780 kaarina, Finland",22.354587736704673,60.403735418992
FIN,"poliisinkatu 8, 62100 lapua, Finland",23.02439500718583,62.978448873841415
FIN,"telkankatu 8, 50190 mikkeli, Finland",27.30323143643477,61.687181192304564
FIN,"mimerkinkuja 4, 2100 espoo, Finland",24.804177649693656,60.18401606482641
FIN,"kuhalammentie 29, 51900 juva, Finland",27.860942235151754,61.89837535465992
FIN,"lumitahdenkatu 2, 13270 hameenlinna, Finland",24.53444708349855,61.01089588413524
FIN,"urpasentie 33, 45700 kuusankoski, Finland",26.64530241240064,60.9138260692888
FIN,"mantymaenkatu 10, 53100 lappeenranta, Finland",28.21048058951763,61.05502077893121
FIN,"koskitie 4, 29340 kullaa, Finland",22.18205170807525,61.467822511432615
FIN,"mirjankuja 4, 2230 espoo, Finland",24.739711426542925,60.15605642467554
FIN,"akaantie 2 b, 37800 akaa, Finland",23.87468988256282,61.17512569817487
FIN,"saarentie 1, 62100 lapua, Finland",22.983434490386145,62.96786039274551
FIN,"hietaniemenkatu 9 a, 99 helsingin kaupunki, Finland",24.921970000000044,60.17009000000007
FIN,"vartiotie 9b, 1280 vantaa, Finland",25.117289845420657,60.25200880610012
FIN,"jouhtenisentie 40, 73500 juankoski, Finland",28.30535107267571,63.0718499717237
FIN,"utinkatu 43, 45200 kouvola, Finland",26.735366213477846,60.873048152249794
FIN,"saunalahdentie 2, 99 helsingin kaupunki, Finland",24.87710000000004,60.19328000000007
FIN,"marttilankatu 12 e, 4260 kerava, Finland",25.086968645959615,60.38444576802871
FIN,"aniskuja 1, 1300 vantaa, Finland",25.03548045877156,60.30058101299247
FIN,"kuusitie 44 a 1, 76120 pieksamaki, Finland",27.184014286465953,62.30081013976633
FIN,"pappankuja 10, 27510 eura, Finland",22.14745666000408,61.14072464925272
FIN,"tiituspohjantie 50 a, 41310 leppavesi, Finland",25.841733126827393,62.32766986467303
FIN,"ohjastie 1, 1900 nurmijarvi, Finland",24.83346460612185,60.47779007837073
FIN,"mikonkatu 18 c 14, 99 helsingin kaupunki, Finland",24.945140000000038,60.17214000000007
FIN,"hameentie 13, 30100 forssa, Finland",23.628876406526615,60.813946472859925
FIN,"puistolantori 1, 99 helsingin kaupunki, Finland",25.045750000000055,60.27440000000007
FIN,"valskarintie 5, 23500 uusikaupunki, Finland",21.420719167879184,60.79521283544378
FIN,"tusantie 119, 63300 alavus, Finland",23.632168985731965,62.57535518732638
FIN,"paloheinantie 5c, 99 helsingin kaupunki, Finland",24.952980000000025,60.167950000000076
FIN,"suulakuja 28 as 3, 23500 uusikaupunki, Finland",21.40204051574787,60.8231095275018
FIN,"vahakankaantie 599, 84540 ylivieska, Finland",24.66400557414815,64.06660594235481
FIN,"sturenkatu 21, 510 helsinki, Finland",24.953493375775167,60.19232487780616
FIN,"heikintie 5, 74700 kiuruvesi, Finland",26.6059886042988,63.64934692329231
FIN,"erapolku 2, 65370 vaasa, Finland",21.711544086752387,63.0951542357769
FIN,"kaarelankuja 4, 430 helsinki, Finland",24.898024036035878,60.23883710626458
FIN,"veturipolku 4, 1300 vantaa, Finland",25.042143736519904,60.29689817237522
FIN,"jakalakuja 1, 38200 sastamala, Finland",22.950397470477213,61.325343903771284
FIN,"tahtisumunkatu 6, 37140 nokia, Finland",23.469427881515315,61.48132450016277
FIN,"varustuksentie 1, lt 1, 940 helsinki, Finland",25.066106508051092,60.23924664605374
FIN,"ylikylantie 23, 96800 rovaniemi, Finland",25.68675383258926,66.5277396638541
FIN,"mikkelintie 39, 52100 anttola, Finland",27.645534280522497,61.582226521140996
FIN,"malminkatu 26, 100 helsinki, Finland",24.928323023453515,60.167233441102894
FIN,"hiivolantie 219, 32800 kokemaki, Finland",22.26430432976423,61.30174901397049
FIN,"kauppaneuvoksentie 9, 63400 alavus as, Finland",23.607277912578983,62.614551682264626
FIN,"vakkakuja 8, 21870 riihikoski, Finland",22.584873988565477,60.71711550034448
FIN,"orkdalsvagen 4, 10420 pohjankuru, Finland",23.52339149616816,60.097433058590354
FIN,"ansatie 16a, 2940 espoo, Finland",24.721018914137055,60.2312394191667
FIN,"riiontie 2-4, 21500 piikkio, Finland",22.487095902900734,60.43546825667633
FIN,"etelakatu 1 e 81, 26100 rauma, Finland",21.504950756907903,61.12502371013397
FIN,"ketjutie 15, 90560 oulu, Finland",25.445829855951388,65.04294972170283
FIN,"asemapaallikonkatu 5, 520 helsinki, Finland",24.940640816903027,60.19908681055489
FIN,"patotie 8, 1600 vantaa, Finland",24.85167102182828,60.27218178392954
FIN,"joutsenjoentie 14, 74160 iisalmi, Finland",27.04308799131596,63.60254527467281
FIN,"nauriskatu 1 b 10, 70820 kuopio, Finland",27.662570750183704,62.83477349804471
FIN,"virtatie 4, 1600 vantaa, Finland",24.851374134817803,60.26623084222257
FIN,"soderkulla skolvag 7, 1150 soderkulla, Finland",25.339878576500297,60.30019754092217
FIN,"lempintie 4, 62100 lapua, Finland",22.988782982802377,62.969324836958805
FIN,"rauhankatu 33, 6100 porvoo, Finland",25.664110121160803,60.39473048895351
FIN,"mustarastaantie 1, 39160 julkujarvi, Finland",23.52921415284706,61.574142971809096
FIN,"heinlammintie 80, 15230 lahti, Finland",25.705602218259884,61.00564776500951
FIN,"jarrumiehentie 32-34, 66400 laihia, Finland",22.011997477157053,62.989972775331694
FIN,"vallinkoskentie 16 b, 55100 imatra, Finland",28.762213247251793,61.154337362923826
FIN,"runnintie 462, 74595 runni, Finland",26.844791037423903,63.58867728318492
FIN,"soittokunnanraitti 1, 53900 lappeenranta, Finland",28.172771077683564,61.059636399643324
FIN,"vuorikatu 13, 50100 mikkeli, Finland",27.26868709887782,61.69185854573354
FIN,"hovitie 23 b 9, 2940 espoo, Finland",24.70330731230942,60.242561772578654
FIN,"koulukuja 14, 39700 parkano, Finland",23.020984662240835,62.016875181354976
FIN,"asemapolku 6, 71910 alapitka, Finland",27.536918310232892,63.19981233831487
FIN,"tahkatie 1, 33470 ylojarvi, Finland",23.589974233689702,61.56752428578562
FIN,"sturegatan 6, 99 helsingin kaupunki, Finland",24.952980000000025,60.167950000000076
FIN,"uotsolantie 30, 38460 sastamala, Finland",22.998717046807855,61.514392155927794
FIN,"kivelionkatu 8, 33580 tampere, Finland",23.93213181939541,61.48115589818039
FIN,"turuntie 39, 24240 salo, Finland",23.116990226841068,60.39093960560436
FIN,"varismaenkuja 8 b, 12400 tervakoski, Finland",24.636874862311828,60.81304055676472
FIN,"peltotie 3, 99300 muonio, Finland",23.674910154042266,67.96775280868997
FIN,"energiakatu 3, 180 helsinki, Finland",24.903858846474378,60.16587859027362
FIN,"esbogatan 7, 2770 esbo, Finland",24.656575771354397,60.20751133570798
FIN,"karjatie 6, 21420 lieto, Finland",22.45481819960048,60.505262520399526
FIN,"kehatie 3, 90940 jaali, Finland",25.69275215586449,65.0887158732585
FIN,"rajantie 4, 21530 paimio, Finland",22.73209398739604,60.46135664473351
FIN,"keksitie 1, 87250 kajaani, Finland",27.757797384521837,64.23668557043965
FIN,"hameentie 55, 99 helsingin kaupunki, Finland",24.96311000000003,60.187820000000045
FIN,"hokkosentie 25, 28220 pori, Finland",21.840331741534328,61.51364834584001
FIN,"silvolanrinne 2, 20540 kaarina, Finland",22.355915094891515,60.460380153013574
FIN,"jahtimestarintie  8, 80710 lehmo, Finland",29.81364437835927,62.687717868335426
FIN,"piipukatu 5, 40100 jyvaskyla, Finland",25.76049454778456,62.24038256902264
FIN,"kivivuorenkuja 4 h, 1620 vantaa, Finland",24.857891567450906,60.279926033820914
FIN,"mantytie 10, 4480 haarajoki, Finland",25.143635089110404,60.50004428275864
FIN,"reijolantie 43, 80330 reijola, Finland",29.827597984032508,62.54431653886303
FIN,"jamatie 3, 97700 ranua, Finland",26.532476547422107,65.92671680540158
FIN,"yrittajankatu 1, 6150 porvoo, Finland",25.69841783759111,60.39859039727534
FIN,"tuohitorventie 14, 80230 joensuu, Finland",29.810152477496388,62.58023747828801
FIN,"soinintie 2 c 14, 74700 kiuruvesi, Finland",26.61138386773476,63.65497071931836
FIN,"purolehto 22a, 2920 espoo, Finland",24.751212329774756,60.2817994089879
FIN,"supipolku 4, 21220 raisio, Finland",22.132892432684486,60.50173847493795
FIN,"kirkkotie 3, 41900 petajavesi, Finland",25.183247544422386,62.25606875599178
FIN,"pyhtaankuja 10, 4430 jarvenpaa, Finland",25.11307760379887,60.48224619146541
FIN,"koivurannansuora 21, 97220 sinetta, Finland",25.50394611689447,66.63614524837405
FIN,"myllykiventie 1 a a 6, 21100 naantali, Finland",22.029148192158516,60.466905087450016
FIN,"metsakeijunkuja 2, 1360 vantaa, Finland",25.041752050184527,60.32460933100646
FIN,"punamullantie 18, 1900 nurmijarvi, Finland",24.79774076715006,60.461162938951134
FIN,"onttolantie 72, 80510 onttola, Finland",29.666921510206038,62.653384209914776
FIN,"souvarintie 7b, 80710 lehmo, Finland",29.812438097630007,62.686696059290135
FIN,"kujastentie 1 a, 46400 kaipiainen, Finland",27.123264599183244,60.89911775705363
FIN,"reunalanrinne 8, 23500 uusikaupunki, Finland",21.43805344656019,60.83446499464776
FIN,"puistokatu 6, 99 helsingin kaupunki, Finland",24.952980000000025,60.167950000000076
FIN,"mannikonkatu 7 a 8, 33820 tampere, Finland",23.838586175739096,61.46482128718162
FIN,"koulutie 3 c, 42700 keuruu, Finland",24.70335383187205,62.2606677386261
FIN,"joutsenentie 10, 80160 joensuu, Finland",29.830509857195665,62.61158772400188
FIN,"nykasenkankaantie 4, 90650 oulu, Finland",25.564593377320364,65.01202565385589
FIN,"vilppulantie 637, 41360 valkola, Finland",25.83756312999762,62.47146640088013
FIN,"suitsikatu 10, 15830 lahti, Finland",25.58792733847534,60.978355324351384
FIN,"pelto-koskelantie 13, 41710 rutalahti, Finland",25.970651021974053,61.994896439903414
FIN,"neitsytkorventie 20, 90420 oulu, Finland",25.572189477073124,64.94408881987636
FIN,"lillhemtintie 1, 2250 espoo, Finland",24.73911002499011,60.19077271697614
FIN,"katajatie 12, 4130 sipoo, Finland",25.250811970443834,60.37659628334296
FIN,"keskuskatu 22, 18150 heinola, Finland",26.024555510852736,61.189372712368794
FIN,"seponkatu 4, 60510 hyllykallio, Finland",22.92527740957462,62.805366428943984
FIN,"tyovaentalontie 22, 33470 ylojarvi, Finland",23.587751688243713,61.54643281900624
FIN,"syyspuuntie 15, 90420 oulu, Finland",25.561113546398047,64.94814662493212
FIN,"metsanhoitajantie 5, 90420 oulu, Finland",25.54643783976624,64.94512344009482
FIN,"korventie 14, 42300 jamsankoski, Finland",25.17552739250266,61.920762663670246
FIN,"rukkilanrinne 8, 99 helsingin kaupunki, Finland",24.862460000000056,60.25183000000004
FIN,"kevolantie 100-2 as. 1, 21530 paimio, Finland",22.727484527382757,60.438550198654895
FIN,"kommunalhemsvagen 12 b, 21600 parainen, Finland",22.29032008084019,60.31101753018379
FIN,"epinkoskentie 9, 1390 vantaa, Finland",25.026149766398934,60.32807911176604
FIN,"ostra kungsvagen 463, 2400 kyrkslatt, Finland",24.34162710064166,60.1119369781166
FIN,"paloheimonkatu 28 a 6, 11100 riihimaki, Finland",24.770273773358326,60.73233913198689
FIN,"kemmolantie 16, 37600 valkeakoski, Finland",24.049201058774223,61.24697681239542
FIN,"karviaistie 2 c 19, 700 helsinki, Finland",25.009282568939625,60.246885032508004
FIN,"kitinojantie 51, 60560 halkosaari, Finland",22.757823580297554,62.86370782780634
FIN,"perhotie 27, 1490 vantaa, Finland",25.134597134373422,60.34542490744283
FIN,"niittypolku 2, 27100 eurajoki, Finland",21.73008113248744,61.21112018880021
FIN,"sihtuunantie 17, 95690 mellakoski, Finland",24.451322827698334,66.39835761226638
FIN,"kultatie 2, 90250 oulu, Finland",25.513951465519597,64.99729972791648
FIN,"riimukatu 1 a 6, 15830 lahti, Finland",25.59008207432464,60.97685140137415
FIN,"jollaksentie 67, 99 helsingin kaupunki, Finland",25.075330000000065,60.16504000000003
FIN,"latukankatu 5, 74130 iisalmi, Finland",27.230655135228602,63.55225573459279
FIN,"harustie 1 m 2, 80160 joensuu, Finland",29.82419585335265,62.62310454278398
FIN,"olkilyhteentie 17, 99 helsingin kaupunki, Finland",24.996700000000033,60.27050000000003
FIN,"savottatie 48, 90420 oulu, Finland",25.569697704897123,64.94675736639033
FIN,"ounasjoentie 84, 96190 rovaniemi, Finland",25.705173025484324,66.51567549163795
FIN,"poroelontie 1 a 3, 96100 rovaniemi, Finland",25.685918492118788,66.50561516941787
FIN,"uudentalontie 5, 43500 karstula, Finland",24.80709321089418,62.874235037190005
FIN,"koivistontie 17 b 7, 32740 sastamala, Finland",22.688340369001196,61.29084126618264
FIN,"hyvelanraitti 133, 28200 pori, Finland",21.814836422826545,61.52860467859014
FIN,"rusthollinkatu 7 c 22, 8200 lohja, Finland",24.03055271321469,60.236295964678874
FIN,"arolan kylatie 143, 4500 kellokoski, Finland",25.163297944312575,60.52486133786144
FIN,"savilankatu 5, 26100 rauma, Finland",21.506095808700707,61.12699634913682
FIN,"tiilentekijankatu 3b a 38, 20810 turku, Finland",22.25179433927488,60.44044304193949
FIN,"tahintie 36, 76100 pieksamaki, Finland",27.159827466662904,62.310507415007095
FIN,"maitokuja 1, 74700 kiuruvesi, Finland",26.63082803908307,63.65224878008115
FIN,"leivontie 12, 31400 somero, Finland",23.527681186575307,60.629893918815014
FIN,"myrskylankuja 2, 3400 vihti, Finland",24.332188490932907,60.41112486292195
FIN,"itakunnaantie 8 / ostanlidv. 8, 68660 jakobstad, Finland",22.73562613756086,63.684393385474515
FIN,"vuokkolantie 1, 47710 jaala, Finland",26.471387141603685,61.05367359754334
FIN,"saratie 7, 41340 laukaa, Finland",25.95380135157788,62.41196280923299
FIN,"kukkurantie 19, 73100 lapinlahti, Finland",27.40683578299678,63.37271771550772
FIN,"lipontie 5, 94700 kemi, Finland",24.608387371808476,65.72513744035976
FIN,"kaarinantie 8-10, 61800 kauhajoki, Finland",22.164922702203,62.43255379257377
FIN,"parinmaantie 15, 37500 lempaala, Finland",23.9001665096265,61.32703105515196
FIN,"kangastie 3, 87200 kajaani, Finland",27.74816967907742,64.23218524280571
FIN,"backvagen 4 bst 8, 64200 narpes, Finland",21.328728534899994,62.474693098326526
FIN,"turuntie 15, 27500 kauttua, Finland",22.147895201178216,61.11427714634419
FIN,"kuusitiaisenkatu 3, 15680 lahti, Finland",25.668811279194813,60.921782842335176
FIN,"sornaistenkatu 17, 99 helsingin kaupunki, Finland",24.97264000000007,60.194030000000055
FIN,"tapulikatu 9, 20810 turku, Finland",22.25124490552173,60.438723452593536
FIN,"byakersvagen 5 f 30, 66100 malax, Finland",21.55092759130099,62.94181417345155
FIN,"tervalankatu 4b37, 40500 jyvaskyla, Finland",25.71592268800174,62.21540575484531
FIN,"skolvagen 32, 68620 jakobstad, Finland",22.671531132735083,63.67642176974397
FIN,"famnhuggarvagen 4, 25710 vreta, Finland",22.689670884085277,60.16318295692453
FIN,"karhitie 1 a 8, 75530 nurmes, Finland",29.10979073918881,63.559935234282136
FIN,"ruohoniementie 4, 41340 laukaa, Finland",25.98469629231127,62.39758595935888
FIN,"sairaalakatu 4, 1400 vantaa, Finland",25.057900876299442,60.33386362266441
FIN,"nissilantie 3, 21900 ylane, Finland",22.412469974911062,60.88136995717946
FIN,"mantykuja 10, 61800 kauhajoki, Finland",22.152969605360624,62.416748373031965
FIN,"kopsantie 15, 54110 lampikangas, Finland",28.465093219869345,61.10360011044125
FIN,"osmalahdenkuja 2, 21570 sauvo, Finland",22.563782437967035,60.35195323655006
FIN,"niittykatu 1a as. 2, 29200 harjavalta, Finland",22.153565893952532,61.30879802690296
FIN,"painontie 19, 37630 valkeakoski, Finland",24.0167653206814,61.28425568867672
FIN,"metsatie 6, 72100 karttula, Finland",26.97546524320518,62.899947740556655
FIN,"purotie 7, 45610 koria, Finland",26.606792261175258,60.84114847278275
FIN,"vuorelankatu 5-7, 70300 kuopio, Finland",27.688710721064695,62.89894199599462
FIN,"iidesaukio 1, 33100 tampere, Finland",23.783893251690955,61.49108849535281
FIN,"kaisaniemenkatu 13, 100 helsinki, Finland",24.948587950760782,60.17236308202723
FIN,"frosteruksenkatu 25, 86710 karsamaki, Finland",25.768782911800187,63.978957334662866
FIN,"ampujantie 1, 99 helsingin kaupunki, Finland",25.019580000000076,60.24818000000005
FIN,"koulukatu 69 b, 55100 imatra, Finland",28.7565790157563,61.16865281535715
FIN,"lammasojantie 14, 86300 oulainen, Finland",24.82142718733354,64.2737889868551
FIN,"ohrakaski 2, 2340 espoo, Finland",24.66069640086467,60.17386696642247
FIN,"viljatie 2, 80400 ylamylly, Finland",29.548355801751995,62.61132381978041
FIN,"mantovaarantie 3, 99600 sodankyla, Finland",26.636584227269793,67.42297474174899
FIN,"sammonkatu 1, 94600 kemi, Finland",24.58959950347878,65.75002284988295
FIN,"kylaluudankaari 1, 50600 mikkeli, Finland",27.21536654383661,61.67032702903745
FIN,"sillantaantie 10, 23800 laitila, Finland",21.729692798913305,60.88926935609862
FIN,"jamerantaival 11 j, 2150 espoo, Finland",24.83902985455424,60.18937645954517
FIN,"hangovagen 2061, 10660 ekenas, Finland",23.345358801170278,59.94435347640486
FIN,"humppilantie 32, 31640 humppila, Finland",23.365208051803165,60.92165543740691
FIN,"myllytie 11 as. 6, 21530 paimio, Finland",22.690119260312116,60.47057845651665
FIN,"piilopolku 6, 2130 espoo, Finland",24.79259092583908,60.18897048206486
FIN,"fredrika runebergs gata 5 bsd 12, 6100 porvoo, Finland",25.63460146339358,60.39561649802869
FIN,"kalliomaentie 9, 35400 langelmaki, Finland",24.78682354404817,61.73004590881944
FIN,"haukisaarentie 2, 74130 iisalmi, Finland",27.21686564721952,63.54102306232835
FIN,"sahurinpolku 2, 40900 saynatsalo, Finland",25.767513888779803,62.141450127652604
FIN,"kehatie 37, 5200 rajamaki, Finland",24.759103630091573,60.520034577008346
FIN,"lampitie 42, 33100 tampere, Finland",23.783773977208767,61.48514660610127
FIN,"saunatie 1a, 5200 rajamaki, Finland",24.764983665983074,60.53015967519221
FIN,"satamakatu 7 b 13, 74100 iisalmi, Finland",27.185984704264428,63.555928391197654
FIN,"myllynotkontie 1, 41330 vihtavuori, Finland",25.88758121518771,62.366133915430936
FIN,"kellonsoittajankatu 6, 20500 turku, Finland",22.283906332349375,60.449194796592565
FIN,"mossin puistokatu 33, 36100 kangasala as, Finland",23.949327377578868,61.49511717329506
FIN,"kompankaari 2 b 3, 36220 kangasala, Finland",24.001561805606627,61.469360464936756
FIN,"riutantie 45, 81210 louhioja, Finland",30.108281350745017,62.8045125644675
FIN,"puotikatu 7 a, 15700 lahti, Finland",25.63161272817831,60.948689212533026
FIN,"rantapellontie 3, 46900 inkeroinen, Finland",26.8346913470117,60.69660536045981
FIN,"verkkotie 12, 4400 jarvenpaa, Finland",25.075867737213088,60.47321829501223
FIN,"pajutie 8, 31400 somero, Finland",23.499574234476114,60.63164125226049
FIN,"koulurinne 8, 12700 loppi, Finland",24.450240640179373,60.71725535239898
FIN,"hyttisillantie 18, 84880 ylivieska, Finland",24.76809732837981,63.9967206092536
FIN,"elisabethintie 34, 67700 kokkola, Finland",23.112694082368478,63.82619699175757
FIN,"riihitie 2, 31300 tammela, Finland",23.710559561713865,60.80341989211897
FIN,"leppiluodontie 22, 94450 keminmaa, Finland",24.479896316528283,65.79647091487257
FIN,"pietaryrtintie 13 b, 67700 kokkola, Finland",23.12687953148358,63.80723880315537
FIN,"jahtikatu 1, 15610 lahti, Finland",25.6552848991264,60.94947526741282
FIN,"simontie 6 d 118, 1350 vantaa, Finland",25.02529577586114,60.30560340746567
FIN,"honkatie 4, 13720 parola, Finland",24.381466873167767,61.05981610764741
FIN,"syvaojantie 280, 93140 kipina, Finland",26.55104553222377,65.27888638969519
FIN,"rauhankatu 5, 23500 uusikaupunki, Finland",21.408021841853866,60.802630735935
FIN,"soukankuja 1, 2360 espoo, Finland",24.6738326850691,60.13916894334329
FIN,"maininkitie 23, 2320 espoo, Finland",24.643423894719888,60.152330081980836
FIN,"kirkkotie 6, 27230 lappi, Finland",21.83909951794851,61.102725919849576
FIN,"pyhakoskentie 56, 43100 saarijarvi, Finland",25.339491500211636,62.69479311662482
FIN,"sydanpuunkatu 9, 33870 tampere, Finland",23.805590897708015,61.441723821424745
FIN,"ratatie 27 a 9, 91500 muhos, Finland",25.985903034911445,64.80676571131067
FIN,"koulukaari 1, 35700 vilppula, Finland",24.502800118412267,62.01665159408779
FIN,"tapiontie 3 c 7, 96460 rovaniemi, Finland",25.754989313778935,66.47717180963474
FIN,"punamullantie 12, 1900 nurmijarvi, Finland",24.802481160294477,60.46271198108655
FIN,"rautaniementie 1, 70840 kuopio, Finland",27.690428340663402,62.84060864375934
FIN,"raennontie 35, 40800 vaajakoski, Finland",25.885213159902577,62.26951207139973
FIN,"susitie 1-5 c 12, 6150 porvoo, Finland",25.70583330733041,60.3859830509806
FIN,"sommaronkatu 16, 21120 raisio, Finland",22.10239303396196,60.478122211284074
FIN,"kauppakatu 21, 62100 lapua, Finland",23.016479221645966,62.96797027949614
FIN,"kaskipiha 4, 2340 espoo, Finland",24.65437770106567,60.177128529258596
FIN,"koivukankaantie 6, 21800 kyro, Finland",22.795475927551962,60.666939458189034
FIN,"koulutie 7, 98500 pelkosenniemi, Finland",27.511900676187082,67.11111124004753
FIN,"kuuselantie 31, 37560 lempaala, Finland",23.751253617811614,61.392600504398615
FIN,"lampitie 2, 88300 paltamo, Finland",27.828694119969697,64.40613772925275
FIN,"lepomoisiontie 3, 33960 pirkkala, Finland",23.62648605537902,61.46319100701399
FIN,"kopparinkuja 25, 32200 loimaa, Finland",23.032911439907224,60.846702657102924
FIN,"paasikivenkatu 32, 38700 kankaanpaa, Finland",22.40154508613122,61.800992182363274
FIN,"tiilijarventie 10 b 6, 15870 hollola, Finland",25.508962769763997,60.99296787334279
FIN,"kanervatie 19, 66400 laihia, Finland",22.035005047002358,62.97390952844822
FIN,"nokkalantie 4, 21900 ylane, Finland",22.42323820592054,60.873706508834715
FIN,"myllytullinkatu 14, 90100 oulu, Finland",25.485903483576095,65.01625696430739
FIN,"kolkkapojantie 10, 99 helsingin kaupunki, Finland",24.952980000000025,60.167950000000076
FIN,"peipontie 3, 2660 espoo, Finland",24.82093893383167,60.23108611517166
FIN,"tappikatu 2 a 4, 20660 littoinen, Finland",22.380090180030123,60.44804593103382
FIN,"siilinkuja 4, 41330 vihtavuori, Finland",25.913150462281493,62.36826593632264
FIN,"toikantie 6 b 14, 36240 kangasala, Finland",23.93888109547035,61.47078719058575
FIN,"vanha hameenkylantie 16a, 390 helsinki, Finland",24.84159195089788,60.234401067828
FIN,"pataluodonkatu 4, 80160 joensuu, Finland",29.81903436119623,62.61373252729592
FIN,"kalervonkuja 8as 1, 55100 imatra, Finland",28.754126554706204,61.16399708723836
FIN,"vallmovagen 28, 1300 vantaa, Finland",25.028717939289635,60.29326868257172
FIN,"peltovainionkatu 13, 33400 tampere, Finland",23.670527005414726,61.52259108215691
FIN,"lahdepolku 7, 40950 muurame, Finland",25.653838937009596,62.13864990143975
FIN,"telakankatu 6, 26100 rauma, Finland",21.481176494379156,61.123494934813806
FIN,"oxfotintie 6, 2330 espoo, Finland",24.665295968142004,60.16684741255216
FIN,"lahdenkankaantie 483, 63230 lentila, Finland",23.53720403441099,62.70542325577952
FIN,"stationsvagen 20, 2700 kauniainen, Finland",24.717035277149193,60.213542492228356
FIN,"rantalantie 3, 66400 laihia, Finland",22.012773641391078,62.99237498687225
FIN,"yhdyskunnantie 2, 99 helsingin kaupunki, Finland",24.952980000000025,60.167950000000076
FIN,"korpovagen 142, 21710 korppoo, Finland",21.563310595957233,60.173137444152104
FIN,"hanniskylantie 210, 44330 hytola, Finland",26.16413632694824,62.56465472400404
FIN,"loimutie 11, 11120 riihimaki, Finland",24.752043888323016,60.74410631821681
FIN,"puistopolku 2, 2580 siuntio, Finland",24.22638691227249,60.137063409265636
FIN,"hyrsylantie 8 a 3, 80200 joensuu, Finland",29.801218290720698,62.59167114859059
FIN,"tuomaantie 13, 96900 saarenkyla, Finland",25.82355068336406,66.51859844407002
FIN,"antilantie 13, 60800 ilmajoki, Finland",22.58077364535106,62.72855144121152
FIN,"syotteentie 2b, 97700 ranua, Finland",26.713795218017793,65.89146273019327
FIN,"riilahdenkatu  rilaxgatan 13., 10900 hanko, Finland",22.973793038620528,59.83586252659367
FIN,"omenankukkakuja 11, 16600 jarvela, Finland",25.26516380033695,60.90010657017123
FIN,"kvarnvagen 29, 10300 karis, Finland",23.63873989490733,60.06579845681125
FIN,"impivaara 11, 71800 siilinjarvi, Finland",27.683206828163577,63.08586916564306
FIN,"trillakatu 4 c 45, 2610 espoo, Finland",24.785466391958977,60.21760423677861
FIN,"rajasaarentie 6, 99 helsingin kaupunki, Finland",24.911970000000053,60.18312000000003
FIN,"hyvattylantie 20b as. 4, 21420 lieto, Finland",22.455856549765855,60.509560718438394
FIN,"riihimaentie 13 a2, 63700 ahtari, Finland",24.079207146577176,62.56802672174203
FIN,"kipuksentie 33, 29100 luvia, Finland",21.60125002339541,61.34961538079642
FIN,"mestarinkuja 6, 27840 koylio, Finland",22.39111991991595,61.08293439680795
FIN,"revbackavagen 6, 10570 bromarv, Finland",23.034908093062654,59.98971587977826
FIN,"takaniityntie 26, 8680 lohja, Finland",24.190987620591642,60.288369543984714
FIN,"siuntionkuja 1, 2600 espoo, Finland",24.78407072126123,60.21126634451153
FIN,"jaakontie 3, 20540 turku, Finland",22.296139049481667,60.46014219078242
FIN,"vanhatie 58, 85160 rautio, Finland",24.216268278759088,64.07197752691431
FIN,"niinimaenkuja 4, 44120 aanekoski, Finland",25.7083804838864,62.61889406136186
FIN,"sairaalarinne 5, 90220 oulu, Finland",25.52377233538951,65.002312201542
FIN,"laivastokuja 4, 99 helsingin kaupunki, Finland",24.970590000000072,60.16746000000006
FIN,"sateritilankatu 8, 1520 vantaa, Finland",24.96265127554659,60.26891921193754
FIN,"kylatie 2 a 13, 13500 hameenlinna, Finland",24.41272164900448,60.984523608807706
FIN,"nilsiantie 935, 71840 kuuslahti, Finland",27.778380488873637,63.13060669374215
FIN,"pokontie 20, 41880 oittila, Finland",25.744763391904883,61.9837318789138
FIN,"kurrenkuja 4, 41330 vihtavuori, Finland",25.913929811638752,62.3670241992767
FIN,"mustalantie 7, 36600 palkane, Finland",24.266713338096963,61.34030287682094
FIN,"hameenpurontie 2, 43500 karstula, Finland",24.788767101610432,62.888827427704285
FIN,"pirkkalantie 38, 37550 lempaala, Finland",23.73275341639888,61.334022107224
FIN,"kajaanintie 157, 69100 kannus, Finland",23.945639172543594,63.902543221554964
FIN,"pillilankuja 23 as. 1, 61800 kauhajoki, Finland",22.17387977157435,62.43308964764378
FIN,"tuulimyllynkatu 1, 30100 forssa, Finland",23.632813805543265,60.82374152300122
FIN,"topeliuksenkatu 9, 99 helsingin kaupunki, Finland",24.91551000000004,60.18605000000008
FIN,"koulurinteentie 3, 15870 hollola, Finland",25.5119444641806,60.98456007008653
FIN,"rannipurontie 252, 71775 tuovilanlahti, Finland",27.134700914801382,63.25279007961119
FIN,"sarkisuontie 9 a 1, 93280 syote, Finland",27.71553733745381,65.64264953864861
FIN,"kymintie 33, 15140 lahti, Finland",25.67629221159791,60.9811016130173
FIN,"storstromsgranden 28, 68580 larsmo, Finland",22.75243339928736,63.718425866078874
FIN,"peuratie 1, 23500 uusikaupunki, Finland",21.422127662888784,60.81384873986889
FIN,"niitunniskantie 1, 20320 turku, Finland",22.248907025088045,60.46838495436515
FIN,"kiilamaki 1 e 15, 1840 klaukkala, Finland",24.735174637630195,60.36838734073956
FIN,"penttilantie 4, 54100 joutseno, Finland",28.509585200114913,61.113374080096094
FIN,"kuoppatie 19 e 2, 1390 vantaa, Finland",25.00215635867889,60.31874790802539
FIN,"pukkikuja 9, 38200 sastamala, Finland",22.940058812005475,61.32400108097306
FIN,"teinintie 13, 99 helsingin kaupunki, Finland",24.952980000000025,60.167950000000076
FIN,"sahkomiehentie 2, 21530 paimio, Finland",22.719326337203057,60.43100480941638
FIN,"pihtikatu 8 b 36, 15500 lahti, Finland",25.674079137702506,60.96146922603319
FIN,"laivurinkatu 1, 37120 nokia, Finland",23.476833795885,61.44343134083013
FIN,"hameenojankatu 23 a 5, 24260 salo, Finland",23.146466865738148,60.40340215452173
FIN,"havutie 2, 99100 kittila, Finland",24.908508120527728,67.65038189368806
FIN,"verkakatu 2 b 31, 20660 littoinen, Finland",22.401716160775038,60.446384889281546
FIN,"vallitie 13, 90800 oulu, Finland",25.416594699684794,65.08630607979666
FIN,"vainolantie 2, 1900 nurmijarvi, Finland",24.819416704037877,60.46449235662095
FIN,"lehvankatu 2, 33820 tampere, Finland",23.793190877788334,61.47107360021727
FIN,"pirkantie 15 b, 99300 muonio, Finland",23.683653401063594,67.96397810241393
FIN,"tallbergin puistotie 10 a, 200 helsinki, Finland",24.8786230314889,60.15750972095762
FIN,"pohjankulma 2, 33500 tampere, Finland",23.778991933809124,61.50576198078028
FIN,"muuttolinnuntie 15 c 7, 780 helsinki, Finland",24.99528504209374,60.2595001739727
FIN,"tapani lofvinginkatu 13, 6100 porvoo, Finland",25.668793844836216,60.40713381972495
FIN,"katajalaakso 10 a, 2330 espoo, Finland",24.62829447566918,60.16599250033778
FIN,"viertotie 2-4, 39310 viljakkala, Finland",23.27016028727877,61.706947522101444
FIN,"stalarminkatu 27, 20810 turku, Finland",22.250053501804388,60.437286752479764
FIN,"pikkutikankuja 2, 1800 klaukkala, Finland",24.7240205037985,60.3886588059313
FIN,"suokatu 10, 33230 tampere, Finland",23.74295729386759,61.50041306926889
FIN,"peippolankuja 2, 6400 porvoo, Finland",25.63951107935958,60.3845135776254
FIN,"akselinkuja 2d as. 13, 30100 forssa, Finland",23.583619577616275,60.835978305356576
FIN,"pihkaniityntie 122, 4230 kerava, Finland",25.100270642480012,60.42489021104987
FIN,"poolakuja 1, 90650 oulu, Finland",25.58394920340922,65.0011446862487
FIN,"tallbergs allen 12, 99 helsingin kaupunki, Finland",24.877920000000074,60.15808000000004
FIN,"gunnarlankatu 1, 8150 lohja, Finland",24.06808042156885,60.2375352709729
FIN,"taipaluksentie 23, 60760 pojanluoma, Finland",22.83411608209559,62.69962042230165
FIN,"ratapolkky 1, 2650 espoo, Finland",24.818708768495696,60.22920332394037
FIN,"manskensgatan 2ab, 2210 esbo, Finland",24.728145070713083,60.175593299872986
FIN,"paivionkatu 26 b 13, 74100 iisalmi, Finland",27.19233776777625,63.56089194471059
FIN,"hoylatie 20 a1, 1650 vantaa, Finland",24.8235925681999,60.2603979596218
FIN,"tiurantie 13, 66510 merikaarto, Finland",21.96737800816419,63.06330407646638
FIN,"koulunmaenkatu 6, 44100 aanekoski, Finland",25.719505281056968,62.6067963347802
FIN,"koivistontie 1, 7600 myrskyla, Finland",25.845526860023625,60.66649375048769
FIN,"tehtaankatu 23, 99 helsingin kaupunki, Finland",24.941950000000077,60.15812000000005
FIN,"luhtavillantie 1, 1800 klaukkala, Finland",24.72898795489641,60.379878091802766
FIN,"mesimaki 10 c 13, 2780 espoo, Finland",24.617907118339986,60.185712352481545
FIN,"puuskaniementie 21, 99 helsingin kaupunki, Finland",25.081480000000056,60.16649000000007
FIN,"pitkakoskentie 1, 91900 liminka, Finland",25.449124698270623,64.80795585774257
FIN,"kunnastie  12, 61400 ylistaro, Finland",22.556251465601974,62.965649623873475
FIN,"degernas 24, 23390 inio, Finland",21.39040769142582,60.395469144170846
FIN,"sairaalankatu 3, 33100 tampere, Finland",23.784938139740802,61.49498566123424
FIN,"kivisenojankatu 13, 38200 sastamala, Finland",22.931496530273705,61.32079592501782
FIN,"kaerlantie 16, 20360 turku, Finland",22.278825306463432,60.47937052812398
FIN,"nuhjalantie 8, 21110 naantali, Finland",22.051826101751914,60.48450083960057
FIN,"orivedenkatu 5, 33720 tampere, Finland",23.84563007571066,61.45404127959816
FIN,"poukantie 3, 23800 laitila, Finland",21.68736242767767,60.874012574029166
FIN,"napaturunkatu 4 e 3, 20610 turku, Finland",22.350145830935872,60.44764121083898
FIN,"tiondevagen 1, 10520 tenala, Finland",23.288614443356416,60.05471202179007
FIN,"leppakorventie 2, 28660 pori, Finland",21.705562808413788,61.482466827837044
FIN,"kapponkatu 15 a, 21210 raisio, Finland",22.10194284194239,60.49051053844883
FIN,"sinivuokonkatu 16, 55100 imatra, Finland",28.80160525851025,61.18420719689885
FIN,"alkiontie 10, 66400 laihia, Finland",22.01477373112681,62.98159728431216
FIN,"bulevardi 19, 10300 karjaa, Finland",23.658233016570193,60.073401513543644
FIN,"kraputie 5, 890 helsinki, Finland",25.174455598543602,60.25023871578753
FIN,"nurmelantie 4, 41390 aijala, Finland",26.05122169761509,62.52495819820322
FIN,"kellartie 63, 57710 savonlinna, Finland",28.803882956879164,61.881031646337846
FIN,"ojapolku 4, 14500 iittala, Finland",24.1203876883352,61.08848456344032
FIN,"aholantie 8, 18100 heinola, Finland",25.98942599755828,61.177563662508966
FIN,"vierustie 4, 99600 sodankyla, Finland",26.61435801843851,67.41032913206627
FIN,"koulutie 7, 4500 tuusula, Finland",25.09863441116113,60.53279334238394
FIN,"hammaslahdentie 1053b b 10, 82290 nieminen, Finland",29.85542397473725,62.330481783640806
FIN,"aaneniementie 24, 44100 aanekoski, Finland",25.73554782463961,62.61165507259389
FIN,"isoniityntie 51 as. 1, 21380 aura, Finland",22.64026755590004,60.64501809917624
FIN,"seijantie 1, 33470 ylojarvi, Finland",23.595246702244168,61.54780623575104
FIN,"hoytiaisentie 1 a 4, 81100 kontiolahti, Finland",29.849006789666134,62.75108203885662
FIN,"vanhankylantie 4, 37630 valkeakoski, Finland",23.989407291630926,61.28374103982176
FIN,"paivakoti kaerlantie 16, 20360 turku, Finland",22.279060000000072,60.479550000000074
FIN,"niittajankatu 19, 24100 salo, Finland",23.157955688963625,60.39674101415869
FIN,"koulutie 14, 41520 hankasalmi, Finland",26.430534835174,62.3857143765249
FIN,"peltopuhto 12, 85500 nivala, Finland",24.97446213149209,63.91912878673483
FIN,"kangaskatu 5, 87500 kajaani, Finland",27.745969597131932,64.2132698438192
FIN,"lehtisaarentie 13, 69700 veteli, Finland",23.799318887199888,63.475718858407674
FIN,"sarospinontie 49, 89600 suomussalmi, Finland",28.857847744998452,64.89218250144842
FIN,"vanhan-mankkaantie 17, 2180 espoo, Finland",24.776792463276905,60.19292816528721
FIN,"telkkatie 11, 84100 ylivieska, Finland",24.516130613403448,64.0676928656491
FIN,"metsapirtinpolku 19, 23500 uusikaupunki, Finland",21.43699321962754,60.837904173339666
FIN,"pussitie 1 a 1, 21530 paimio, Finland",22.689970816806863,60.456474605228976
FIN,"centralgatan 57 a 3, 10300 karis, Finland",23.666122818210226,60.072738085907304
FIN,"toukomiehentie 3, 45120 kouvola, Finland",26.722695709542705,60.860354472352356
FIN,"maskulantie 11, 21250 masku, Finland",22.102289517457734,60.56490734711517
FIN,"variskuja 2, 1450 vantaa, Finland",25.07335174133692,60.36892717721358
FIN,"juuttikatu 10, 20660 littoinen, Finland",22.39316125511806,60.44098954202653
FIN,"kilterinkaari 2 a 7, 1600 vantaa, Finland",24.853589471827064,60.25780552078868
FIN,"havupolku 10, 80400 ylamylly, Finland",29.535620589524342,62.613090808788826
FIN,"kannistonpolku 8, 37560 lempaala, Finland",23.7489157373779,61.39724386921023
FIN,"kirjastopolku 7, 8500 lohja, Finland",24.12756310036758,60.2720081947148
FIN,"kaivosvoudintie 6, 1610 vantaa, Finland",24.867816830458025,60.266388170545184
FIN,"keskivainiontie 5, 33480 ylojarvi, Finland",23.604457072729446,61.57466068005871
FIN,"munkkiniemen puistotie 13, 330 helsinki, Finland",24.879664315320383,60.19783815843883
FIN,"koskenmaenkatu 4 b 14, 37120 nokia, Finland",23.499664339935237,61.46980256841974
FIN,"lepistontie 18, 85100 kalajoki, Finland",23.933860084011144,64.27382892662371
FIN,"poikkikatu 7, 48900 kotka, Finland",26.95723695073147,60.50194898643622
FIN,"backstaet 54, 65630 karpero, Finland",21.687286906730066,63.16013425270103
FIN,"tervalepantie 7, 36340 tohkala, Finland",24.240568164445698,61.527470593376556
FIN,"ansaankatu 4 c 14, 65100 vaasa, Finland",21.639983636159428,63.08688597431728
FIN,"lauklahteenkatu 10, 20740 turku, Finland",22.28392276087959,60.42238326762913
FIN,"sarvimaentie 35, 4200 kerava, Finland",25.083019428459465,60.4043992657235
FIN,"kettumaentie 2, 13600 hameenlinna, Finland",24.44279222956058,61.00928781601101
FIN,"hameen harkatie 228, 31400 somero, Finland",23.557263185995282,60.63794737711453
FIN,"neulapadontie 6, 99 helsingin kaupunki, Finland",25.061210000000074,60.22237000000007
FIN,"halolanpaantie 572b3, 83950 ahmovaara, Finland",29.602901539580387,63.105256340049806
FIN,"gamla strandvagen 193 a, 66290 harrstrom, Finland",21.17788814063087,62.721320247613505
FIN,"rita-aukiontie 9, 90540 oulu, Finland",25.45654888518925,65.08095239060043
FIN,"kyminasemantie 44, 45610 koria, Finland",26.591805334478522,60.84203754125258
FIN,"pohjaantie 52, 38210 sastamala, Finland",22.809328028377763,61.34228553219805
FIN,"jokihaantie 45, 85500 nivala, Finland",24.87530019361307,63.92836493157239
FIN,"raikukuja 6 a, 1620 vantaa, Finland",24.85821661765604,60.27772171901432
FIN,"heikinpolku 11, 92120 raahe, Finland",24.51374378265521,64.67350925070863
FIN,"myllyvainiontie 2, 62900 alajarvi, Finland",23.81624178085837,62.99791254059843
FIN,"toritie 5, 65610 mustasaari, Finland",21.680441154949563,63.11235828470083
FIN,"himalantie  1, 31600 jokioinen, Finland",23.478789629171956,60.79508383795391
FIN,"matinkaari 7, 46910 anjala, Finland",26.82557921243159,60.688243951037634
FIN,"urttilantie 9 g, 5200 rajamaki, Finland",24.748027280321367,60.520782284681104
FIN,"kasarmintie 2, 85100 kalajoki, Finland",23.945722823937302,64.25812585011968
FIN,"heinisuontie 4, 87250 kajaani, Finland",27.7580779268211,64.2461788301571
FIN,"kotipellontie 1 a 7, 66530 kvevlax, Finland",21.825838676572715,63.16378788238566
FIN,"kurjenpolvi 14, 70870 hiltulanlahti, Finland",27.608145879399103,62.810793292154926
FIN,"pinsiontie 1358, 39150 pinsio, Finland",23.439876811318044,61.57012539988855
FIN,"tahtipolku 5, 65380 vaasa, Finland",21.737274817068737,63.07637925868684
FIN,"sauvontie 240, 21510 hevonpaa, Finland",22.67641610590573,60.39938646852943
FIN,"linnavoudintie 5 a 2, 90450 kempele, Finland",25.55760530082398,64.91970783328622
FIN,"pilliketie 7, 91500 muhos, Finland",26.020599504011045,64.79642730429603
FIN,"tukkitie 4, 11130 riihimaki, Finland",24.793717369806814,60.71145817670575
FIN,"nyyrikinkuja 10, 4200 kerava, Finland",25.095655650410635,60.40657441150702
FIN,"kolmenassantie 1 b 12, 15880 hollola, Finland",25.493678034047434,60.988173550454974
FIN,"aholahdentie 97, 57710 savonlinna, Finland",28.789446637402023,61.888241885177905
FIN,"vasavagen 764, 64220 yttermark, Finland",21.398335211630126,62.54472943141346
FIN,"ytternasvagen 2, 21660 nagu, Finland",21.905266429253516,60.19603315749953
FIN,"monasintie 31 b, 66970 hirvlax, Finland",22.34550004635211,63.418628260939926
FIN,"sipinkuja 1, 8680 lohja, Finland",24.19796169930973,60.28913682340138
FIN,"kuunsade 6, 2210 espoo, Finland",24.723560085857088,60.17462535769428
FIN,"pyynkuja 10, 25190 pertteli, Finland",23.269834734159446,60.43485533000663
FIN,"hietasaarenkatu 1, 65100 vaasa, Finland",21.60363010663965,63.096134568491124
FIN,"paivansade 20, 50970 mikkeli, Finland",27.273371074010328,61.708537569133824
FIN,"tyrvaankatu 2, 38200 sastamala, Finland",22.92973540859751,61.33349052692461
FIN,"siivostentie 6, 12920 topeno, Finland",24.322356350870024,60.78425605352234
FIN,"kartanonkatu 4, 8200 lohja, Finland",24.028013248009614,60.23082107316276
FIN,"kalervonkatu 12, 40200 jyvaskyla, Finland",25.748248838702324,62.2493219525783
FIN,"paloheimonkatu 28 a 2, 11100 riihimaki, Finland",24.770273773358326,60.73233913198689
FIN,"savelantie 6 d 40, 720 helsinki, Finland",24.992492946326962,60.23868325643181
FIN,"kaenkuja 3, 20610 turku, Finland",22.342468761998447,60.44468344675596
FIN,"niinipuuntie 5, 5460 hyvinkaa, Finland",24.869842149722302,60.61533845058426
FIN,"sykekatu 4, 15850 lahti, Finland",25.57359537369274,60.990955210752304
FIN,"isannankatu 29 d, 33820 tampere, Finland",23.808122567743112,61.46870194071377
FIN,"murtamontie 13, 26560 kolla, Finland",21.61768249311376,61.12594266008861
FIN,"kylanvanhimmantie 5-11 f 44, 640 helsinki, Finland",24.958271312042257,60.225748219632436
FIN,"katinalantie 17, 13800 katinala, Finland",24.40719252657479,61.035556281467706
FIN,"honkakoskentie 3, 91800 tyrnava, Finland",25.844503345826865,64.72821365796412
FIN,"toyrykatu 4, 77600 suonenjoki, Finland",27.108701293872997,62.622355452097196
FIN,"tasalantie 3, 29100 luvia, Finland",21.62342669517892,61.36253725800782
FIN,"kukinkuja 14, 1620 vantaa, Finland",24.862145467131455,60.27959939105418
FIN,"luhtikylantie 509 c, 16300 orimattila, Finland",25.63764560298884,60.81610665694629
FIN,"keharinne 9 b, 2420 jorvas, Finland",24.529553393148603,60.14041805646403
FIN,"kirvuntie 22, 2140 espoo, Finland",24.80498489628275,60.204076582666296
FIN,"pajulinnuntie 3, 65320 vaasa, Finland",21.69540712688837,63.097011900086414
FIN,"valimokuja 3, 4410 jarvenpaa, Finland",25.08854620395627,60.47759486384578
FIN,"kaura-ahontie 4, 78870 varkaus, Finland",27.837327815516545,62.314729714912716
FIN,"vehnakuja 6 d, 90460 oulunsalo, Finland",25.40666734120188,64.93306012122568
FIN,"leirikylantie 3, 70780 kuopio, Finland",27.641424633395587,62.85089323895559
FIN,"manttaalitie 8, 37500 lempaala, Finland",23.758154857791112,61.313911029749505
FIN,"sjovagen 49, 66210 molpe, Finland",21.281557949856648,62.86661421082292
FIN,"sauniokatu 2, 84100 ylivieska, Finland",24.51988176653157,64.08776241079335
FIN,"koulutie 10, 79700 heinavesi, Finland",28.637769813015012,62.42784932368801
FIN,"bredbergsgranden 4, 1620 vanda, Finland",24.84559883589185,60.280095432084096
FIN,"paraistentie 17 b 46, 20780 kaarina, Finland",22.37295743188494,60.404322236033295
FIN,"lukkarinpolku 2 a, 4600 mantsala, Finland",25.32251378769172,60.62888519867738
FIN,"timpurintie 7, 91100 ii, Finland",25.38721914654002,65.31469881782061
FIN,"nisuvuorentie 21, 21250 masku, Finland",22.08315824255493,60.529704820611386
FIN,"ollikkalankatu 28a5, 24260 salo, Finland",23.1405020519814,60.39792558662498
FIN,"stenbackinkatu 14, 99 helsingin kaupunki, Finland",24.952980000000025,60.167950000000076
FIN,"kuohunkoskentie 31, 41930 kuohu, Finland",25.45479539104494,62.262095051008316
FIN,"honkarannantie 3, 71850 siilinjarvi, Finland",27.68550489455717,63.06909169679
FIN,"rienilantie 27, 38420 sastamala, Finland",23.100412498740667,61.50042404956204
FIN,"muonamiehentie 6 b 6, 37120 nokia, Finland",23.495238695058617,61.45637082003819
FIN,"heinapolku 9, 85500 nivala, Finland",24.96007585197691,63.921772816182
FIN,"suolatie 5, 90440 kempele, Finland",25.491820017570546,64.91288186279726
FIN,"isotarhankatu 6, 15320 lahti, Finland",25.78540900060227,61.00559973670431
FIN,"apollogatan 12, 99 helsingfors stad, Finland",24.925414000137437,60.17591843389715
FIN,"tuikontie 28, 14300 renko, Finland",24.297596544165913,60.89615961578497
FIN,"saarnitie 2, 25500 pernio, Finland",23.132727669148125,60.20211079167299
FIN,"kohonkuja 8, 55910 imatra, Finland",28.881354373358818,61.23509121650602
FIN,"saikunkatu 8, 32200 loimaa, Finland",23.040478538274982,60.85670654236185
FIN,"jussinkuja 1, 51200 kangasniemi, Finland",26.643511534968155,61.98174645750865
FIN,"pihkatie 3, 40530 jyvaskyla, Finland",25.71071551447301,62.187796226790084
FIN,"topeliuksenkatu 8, 8100 lohja, Finland",24.081309998445818,60.255167819678405
FIN,"aapunkarintie 5, 68210 marinkainen, Finland",23.430730310934933,63.9416809677806
FIN,"vasunmaentie 614, 62160 karhunkyla, Finland",23.150189520395458,62.9399473559763
FIN,"pohjolankatu 29, 80220 joensuu, Finland",29.80372093512468,62.60190616675293
FIN,"koivikkotie 6, 90630 oulu, Finland",25.583217547081034,65.0357704959045
FIN,"tulvaniityntie 4 b 23, 99 helsingin kaupunki, Finland",24.952980000000025,60.167950000000076
FIN,"nortamonkatu 8, 26100 rauma, Finland",21.50651431712626,61.13057730772093
FIN,"rouskunkatu 15 a 1, 55510 imatra, Finland",28.80256716571867,61.20267529562241
FIN,"vuohikatu 4 c 19, 32700 huittinen, Finland",22.706308319562254,61.17369934971151
FIN,"akatemiantie 11-13, 2700 kauniainen, Finland",24.714096833352983,60.21970780110905
FIN,"kauskilantie 9, 54310 hytti, Finland",28.16203000404036,60.987386615475344
FIN,"kuusipuuntie 32, 25500 pernio, Finland",23.133478520034572,60.2027889295494
FIN,"maahisentie 2, 87700 kajaani, Finland",27.673170672577413,64.2213950512099
FIN,"anttikoskentie 44, 62540 vasikka-aho, Finland",23.339558589895972,63.43246698073693
FIN,"tapiontie 13, 63700 ahtari, Finland",24.06459153819111,62.55967218548045
FIN,"postimatintie 1 b, 99870 inari, Finland",27.030869707013892,68.9038916579
FIN,"haavistontie 21, 37910 akaa, Finland",23.67570048369268,61.149894660874224
FIN,"kekkolantie 11, 40520 jyvaskyla, Finland",25.7630807001903,62.2261135104234
FIN,"kauppapuistikko 1, 65100 vaasa, Finland",21.613460025570106,63.09908772031733
FIN,"taskisenperantie 10, 90800 oulu, Finland",25.396991020719042,65.097702115354
FIN,"sammakkokylantie 106, 73470 vastinniemi, Finland",28.26125748840218,62.96836883899215
FIN,"konkkalankatu 9, 8150 lohja, Finland",24.091446485412973,60.24220072209937
FIN,"rantasipinkatu 7, 55400 imatra, Finland",28.765762731789494,61.21052352302266
FIN,"kahisevankuja 2, 2710 espoo, Finland",24.749469051486557,60.23258282348169
FIN,"marmoritie 8, 99 helsingin kaupunki, Finland",25.01592000000005,60.239040000000045
FIN,"asuntotie 8, 33880 lempaala, Finland",23.75889162708023,61.413808102446524
FIN,"nitinkuja 3b as 1, 20660 littoinen, Finland",22.412876748672176,60.45036759248487
FIN,"parnunkatu 4 a 3, 65350 vaasa, Finland",21.65494298639473,63.07647447710693
FIN,"pollakantie 7 as 2, 70820 kuopio, Finland",27.68014030888682,62.839814961347656
FIN,"harjutie 3, 71200 tuusniemi, Finland",28.490442525823795,62.811926860740385
FIN,"ryydynkatu 5, 33400 tampere, Finland",23.65873333237076,61.528331847641766
FIN,"metsolantie 8 b 22, 1450 vantaa, Finland",25.083979407830157,60.3510101886238
FIN,"lampurinkatu 30, 64260 kaskinen, Finland",21.23366023471283,62.3806379606857
FIN,"kaskenpolttajantie 18 e, 2340 espoo, Finland",24.658025756784724,60.178315909662444
FIN,"kivikaudentie 10, 96400 rovaniemi, Finland",25.776744124375625,66.48828985937325
FIN,"vanha vihdintie 124, 3600 karkkila, Finland",24.219456754727048,60.51533299987918
FIN,"vanamontie 10 b 9, 62100 lapua, Finland",23.040856478289157,62.972871681197034
FIN,"narhinkuja 4, 95410 tornio, Finland",24.191611066549825,65.85866509743903
FIN,"aarintie 6, 71720 kaarmelahti, Finland",27.413098489592358,63.096903144892735
FIN,"kohokuja 4, 49200 heinlahti, Finland",26.762778138165714,60.48877988499066
FIN,"kaivomestarinkatu 8, 2770 espoo, Finland",24.662942329730356,60.20884535750787
FIN,"karjatie 6 a, 99100 kittila, Finland",24.913825180807066,67.64091985655992
FIN,"siskonpolku 11, 27510 eura, Finland",22.159806891418896,61.1304460471172
FIN,"oppipolku 7, 73460 muuruvesi, Finland",28.20713411467483,63.013275052892624
FIN,"kaunolantie 9, 8700 lohja, Finland",23.999818872660313,60.21039177673421
FIN,"kuivannontie 604, 16280 kuivanto, Finland",26.00432687718623,60.87492125615242
FIN,"lautsillantie 25, 16320 pennala, Finland",25.71256011990485,60.89769492898961
FIN,"sotilaankuja 1, 90130 oulu, Finland",25.502258169232988,65.01868339954814
FIN,"ilomaentie 4, 32700 huittinen, Finland",22.73472758137376,61.188643025787854
FIN,"kuusenkierto 5, 91910 tupos, Finland",25.4553698866886,64.86696022323656
FIN,"takarita 3, 62100 lapua, Finland",23.02864505119092,62.98308046207907
FIN,"vanhakylantie 350b, 27860 koylio, Finland",22.558388211766477,61.04318847186611
FIN,"degerbyvagen 106, 10160 degerby, Finland",24.18160231978706,60.09057452440754
FIN,"leskirouva freytagin kuja 9, 99 helsingin kaupunki, Finland",26.158834376000073,64.52251280100006
FIN,"valkamantie 1, 17500 padasjoki, Finland",25.25145377276999,61.35382162935744
FIN,"sarkijarventie 35, 38460 sastamala, Finland",23.04464191340125,61.50486549432617
FIN,"metsatie 12, 4130 sipoo, Finland",25.253932469177016,60.3755685362851
FIN,"rapakontie 10, 86600 haapavesi, Finland",25.33922361458616,64.14154380287115
FIN,"mesikammen 14 b 9, 40400 jyvaskyla, Finland",25.81484247269799,62.24294001341002
FIN,"seimentie 9, 45720 kuusankoski, Finland",26.649047292688298,60.89790176991562
FIN,"norsvagen 5 a, 2170 esbo, Finland",24.782060237965567,60.16405711889456
FIN,"kivistontie 20, 73100 lapinlahti, Finland",27.390894408985446,63.360726858191526
FIN,"myllarintie 32 d-talo, 70780 kuopio, Finland",27.63316091505493,62.85847026987861
FIN,"rantatie 13, 85900 reisjarvi, Finland",24.938342918147498,63.60384643245666
FIN,"kytokylantie 11, 86600 haapavesi, Finland",25.370410258665853,64.14135657795666
FIN,"koulutie 4 b, 7970 ruotsinpyhtaa, Finland",26.46266551989254,60.52160618385375
FIN,"tervamaentie 101, 41500 hankasalmi as, Finland",26.49700039368915,62.27591127728854
FIN,"inkivaarikuja 3, 99 helsingin kaupunki, Finland",25.15700000000004,60.207080000000076
FIN,"alakoskentie 14, 40800 vaajakoski, Finland",25.90621711961282,62.26510968630441
FIN,"mattisenlahdentie 18, 80400 ylamylly, Finland",29.560783314314108,62.61120479675532
FIN,"kolmantie 261, 79630 kolma, Finland",27.759085431582804,62.233931018148525
FIN,"villiruusunkuja 4, 99 helsingin kaupunki, Finland",25.147890000000075,60.20266000000004
FIN,"koskentie 810, 79130 sorsakoski, Finland",27.66323686002903,62.44795461764929
FIN,"mertamaentie 5, 40950 muurame, Finland",25.666012806204826,62.138096462916465
FIN,"pekkalankatu 7 b, 80260 joensuu, Finland",29.7878080838303,62.60553766628985
FIN,"messitytonkuja 4, 99 helsingin kaupunki, Finland",24.913460000000043,60.15931000000006
FIN,"alapappilantie 104, 54100 joutseno, Finland",28.50260156602721,61.09722605026198
FIN,"karilantie 12, 50600 mikkeli, Finland",27.216899677746426,61.6680803437103
FIN,"kalakukonkatu 7 e 1, 70820 kuopio, Finland",27.675183418986933,62.83001924065408
FIN,"talvitie 34, 96190 rovaniemi, Finland",25.66903122033412,66.53008445935794
FIN,"jasmiinikuja 3, 99 helsingin kaupunki, Finland",24.952980000000025,60.167950000000076
FIN,"ampujatie 1, 4500 kellokoski, Finland",25.097934606065024,60.5251494657831
FIN,"lupiinikuja 5, 15540 villahde, Finland",25.81103080222897,60.95544708005872
FIN,"taivaanpankontie 23 f 46, 70200 kuopio, Finland",27.637336779216923,62.90609477688841
FIN,"paivalaisenkatu 1, 20780 kaarina, Finland",22.363644383085727,60.403206269444524
FIN,"mantyharjuntie 28, 41140 kuikka, Finland",25.598613175376613,62.38326660934055
FIN,"korpilahdentie 7, 42440 koskenpaa, Finland",25.147798799512827,62.08136269453976
FIN,"lohitie 11, 89400 hyrynsalmi, Finland",28.492973106211508,64.67223612343531
FIN,"tilhenkatu 2 as. 1, 29200 harjavalta, Finland",22.17620181021104,61.294818353510834
FIN,"kirkkotie 98, 23120 mietoinen, Finland",21.921142843515213,60.62854669551763
FIN,"neulastie 3, 81280 uimaharju, Finland",30.25557033263871,62.917152896019246
FIN,"siionintie 30, 90800 oulu, Finland",25.420049887811786,65.08724904390388
FIN,"lokintie 9, 40400 jyvaskyla, Finland",25.795098815949217,62.241854347401244
FIN,"kokkotie 2, 82900 ilomantsi, Finland",30.921146921311106,62.664249126177396
FIN,"lahdentie 589, 42100 jamsa, Finland",25.191215549219038,61.80287459017842
FIN,"teirinkatu 1a a 18, 65350 vaasa, Finland",21.648165714763195,63.078791486601716
FIN,"werner wirens vag 3, 99 helsingin kaupunki, Finland",24.952980000000025,60.167950000000076
FIN,"vihtatie 10, 80140 joensuu, Finland",29.711078298143605,62.61466149362488
FIN,"karhumaenkatu 19, 55120 imatra, Finland",28.763911588473206,61.19706880822642
FIN,"alholmink.30 / alholmsg. 30, 68600 jakobstad, Finland",22.7026693207521,63.68141236036384
FIN,"hilmankatu 6, 62100 lapua, Finland",22.98392600518835,62.97146972407191
FIN,"mestarintie 5, 28400 ulvila, Finland",21.853940431891914,61.42773786160524
FIN,"kainuuntie 54, 88900 kuhmo, Finland",29.52727741074156,64.13209869718742
FIN,"kamnerinpolku 4 a 4, 20750 turku, Finland",22.353289882816966,60.434449142978735
FIN,"lapunmaentie 3, 44300 konnevesi, Finland",26.279175182003144,62.627095963166596
FIN,"koulumaentie 44 b, 37420 vesilahti, Finland",23.676651159150822,61.259526098733545
FIN,"lautamiehenkatu 1, 37140 nokia, Finland",23.451621282590366,61.47183911943429
FIN,"pikkutie 4, 35500 korkeakoski, Finland",24.37055849216198,61.7986649001932
FIN,"rantasalmentie 2961, 58850 hiltula, Finland",28.38420684839795,61.958355918507266
FIN,"lumitie 3, 95450 tornio, Finland",24.167969154272214,65.82227766319284
FIN,"isokaari 30, 99 helsingin kaupunki, Finland",24.952980000000025,60.167950000000076
FIN,"viskaalinkuja 7 b 12, 27840 koylio, Finland",22.38960505878288,61.08308264834401
FIN,"storbondsvagen 6, 4130 sibbo, Finland",25.26583116746778,60.379666700204666
FIN,"raiviontie 22, 21600 parainen, Finland",22.279749746564647,60.30738581917592
FIN,"isolahdentie 9 as. 5, 65230 vaasa, Finland",21.599695850908603,63.12310241773869
FIN,"salkokatu 4, 21100 naantali, Finland",22.007887243296892,60.44925007524401
FIN,"myllytie 2 a 1, 62100 lapua, Finland",23.037953154667264,62.96660650193999
FIN,"kyyhkysmaki 10, 2650 espoo, Finland",24.809966275845625,60.22814309700772
FIN,"sirkantie 2, 61800 kauhajoki, Finland",22.188189943408673,62.422558414946565
FIN,"koulutie 18, 77700 rautalampi, Finland",26.816788440019252,62.624880835704914
FIN,"palometsantie 36, 20610 turku, Finland",22.34614363980765,60.444191512858595
FIN,"huvilakatu 63, 32200 loimaa, Finland",23.04336702592829,60.85272849111479
FIN,"vesitornintie 4, 82730 tuupovaara, Finland",30.611004014784015,62.49167072702744
FIN,"otto brandtin tie 13, 99 helsingin kaupunki, Finland",24.978650000000073,60.232890000000054
FIN,"venepellonmaki 5-7 d 2, 2780 espoo, Finland",24.59628507708959,60.19748490312952
FIN,"tulijoentie 44, 34930 liedenpohja, Finland",23.655220476749918,62.38165875076393
FIN,"iltaruskontie 1, 67900 kokkola, Finland",23.053137475183775,63.83707280449434
FIN,"riskutie 42 b, 950 helsinki, Finland",25.102585975594167,60.22598676859681
FIN,"blaxnasvagen 5, 66295 tojby, Finland",21.175984023686482,62.65785310541179
FIN,"mantymaentie 9, 4600 mantsala, Finland",25.313468540698977,60.64281684376431
FIN,"jussilanvaarantie 12, 97130 hirvas, Finland",25.471863051724725,66.43297999342161
FIN,"kapytie 11 c 9, 9220 sammatti, Finland",23.814285781148016,60.322735556551606
FIN,"kalevankatu 30 b a 11, 80100 joensuu, Finland",29.757546982615054,62.60440376242829
FIN,"etukampantie 47, 27170 eurajoki, Finland",21.590270233149766,61.27301765199425
FIN,"nauhakuja 4, 2180 espoo, Finland",24.754582096242615,60.19903915943533
FIN,"linjatie 9, 54120 pulp, Finland",28.450686488510428,61.12484781589586
FIN,"nuolialantie 46, 33900 tampere, Finland",23.7453662528402,61.47072076400309
FIN,"talvitie 38, 20610 turku, Finland",22.34182855223392,60.44368968831546
FIN,"lakkolantie 26, 14810 tuulos, Finland",24.87189216034066,61.09988297615645
FIN,"lakkakuja 5, 51200 kangasniemi, Finland",26.649479030933918,61.97718364278654
FIN,"naissaarentie 13 b 5, 2480 kirkkonummi, Finland",24.436511920968314,60.11059327521855
FIN,"kympintie 4 as. 1, 96200 rovaniemi, Finland",25.71775782188297,66.50947721512497
FIN,"kyterintie 37, 14200 turenki, Finland",24.66352378235362,60.92867419166893
FIN,"lammastie 14 d 20, 1710 vantaa, Finland",24.803524867074344,60.25961827498844
FIN,"hoikantie 46, 71210 tuusjarvi, Finland",28.33713612920461,62.873812533944424
FIN,"johtokiventie 3, 99 helsingin kaupunki, Finland",25.01517000000007,60.23068000000006
FIN,"mellstenintie 4, 2170 espoo, Finland",24.78201137147005,60.15649307992146
FIN,"puistokatu 1, 18100 heinola, Finland",26.0356665617021,61.21109001394876
FIN,"maskinverkstadsgranden 5 c, 99 helsingin kaupunki, Finland",26.158834376000073,64.52251280100006
FIN,"lumikontie 4, 60510 hyllykallio, Finland",22.891729680305218,62.80509070623904
FIN,"kannelpolku 5, 99 helsingin kaupunki, Finland",24.878880000000038,60.23986000000008
FIN,"keikyantie 184, 32730 sastamala, Finland",22.716595345510456,61.2793565081802
FIN,"norrintie 2 a, 31300 tammela, Finland",23.75089135195637,60.80832028799148
FIN,"touvitie 25 b 10, 70460 kuopio, Finland",27.699523711437138,62.91593383202141
FIN,"haperontie 10, 40640 jyvaskyla, Finland",25.68777885552859,62.22934494364512
FIN,"paimelantie 51 as. 2, 17110 kalliola, Finland",25.665128805904672,61.06435137091998
FIN,"susitie 2 - 6 o, 99 helsingin kaupunki, Finland",24.952980000000025,60.167950000000076
FIN,"ylakylantie 121, 73360 pajulahti, Finland",27.96622011250176,63.11531504295547
FIN,"ayrapaantie 10 c, 72600 keitele, Finland",26.34944696275025,63.18150366338972
FIN,"kangaskontiontie 9a, 90240 oulu, Finland",25.57431145982262,64.98111912125745
FIN,"tervarannantie 7, 58175 enonkoski, Finland",28.92419838762106,62.0900768982666
FIN,"hiekkalaiturintie 10, 99 helsingin kaupunki, Finland",25.14405000000005,60.201670000000036
FIN,"kiurunkannuksentie 1a12, 2390 sarvvik, Finland",24.601903466788087,60.15189912642907
FIN,"ahvenpolku 3b3, 37550 lempaala, Finland",23.767661863829773,61.34661025896045
FIN,"koulutie 8, 73900 rautavaara, Finland",28.293497724595255,63.49803194566539
FIN,"tuohimaki 6, 2130 espoo, Finland",24.786951081515852,60.17985252318705
FIN,"lielahdenkatu 31 n 94, 33410 tampere, Finland",23.70732003995559,61.52820184432352
FIN,"valimaankuja 4, 38420 sastamala, Finland",23.097008104946923,61.498924317536364
FIN,"pietaryrtintie 13, 4300 tuusula, Finland",24.973189255675862,60.40711973812762
FIN,"vaarankallionkuja 1, 36220 kangasala, Finland",24.019835444176493,61.47250158315174
FIN,"vasavagen 40 b, 68910 bennas, Finland",22.78144203720643,63.59831607111724
FIN,"olkakirveenkatu 8, 24130 salo, Finland",23.091559616425798,60.362488953565475
FIN,"vehmasahontie 2, 41330 vihtavuori, Finland",25.9084588596171,62.3649346746341
FIN,"toritie 24, 40520 jyvaskyla, Finland",25.76322260581108,62.220297391628975
FIN,"niittymaenraitti 6, 5810 hyvinkaa, Finland",24.89423499670542,60.620170659674415
FIN,"einontie 7, 41450 leppalahti, Finland",25.973122057492446,62.234847118256084
FIN,"pappilantie 45, 27710 koylio, Finland",22.321269671582286,61.10999378427397
FIN,"sjoallen 7 b, 99 helsingin kaupunki, Finland",24.952980000000025,60.167950000000076
FIN,"karpijoentie 13, 21420 lieto, Finland",22.454440343405338,60.50223694671982
FIN,"sokinvuorenkuja 2, 2760 espoo, Finland",24.67174852484453,60.198436584416044
FIN,"spilkumvagen 10, 2710 esbo, Finland",24.605428727625593,60.178732238793145
FIN,"koulurinteentie 9 b, 15870 hollola, Finland",25.516575465685037,60.9843417215088
FIN,"ruukinmaentie 2, 53500 lappeenranta, Finland",28.231313558403087,61.040546950437374
FIN,"virmuntie 1, 20540 turku, Finland",22.32289173748478,60.458512958352685
FIN,"nummenpuistokatu 1, 20540 turku, Finland",22.29831490772699,60.45958051945064
FIN,"ojahaanpolku 10, 1600 vantaa, Finland",24.85625273774204,60.26683065121381
FIN,"pihlajapiha 5, 90830 haukipudas, Finland",25.364131529519398,65.16541326659052
FIN,"marttilantie 5, 92140 pattijoki, Finland",24.573127722634524,64.69534310265229
FIN,"karinantie 7, 21800 kyro, Finland",22.76995286474468,60.70136150377866
FIN,"sairaalankatu 3 c, 33100 tampere, Finland",23.784938139740802,61.49498566123424
FIN,"halikontie 7, 23600 kalanti, Finland",21.55576973294643,60.81690792498034
FIN,"tampereentie 1143b, 61720 koskue, Finland",22.803661526555032,62.38494252897098
FIN,"koulutie 8, 80510 onttola, Finland",29.6772295747312,62.649487295490445
FIN,"kopolanpolku 3, 77600 suonenjoki, Finland",27.136891059175554,62.62784191063972
FIN,"museokaari 6, 31500 koski tl, Finland",23.145572013755128,60.65737067752394
FIN,"vartiokuja 1, 1280 vantaa, Finland",25.114266744402357,60.250214492087366
FIN,"pihtikatu 8 a 24, 15500 lahti, Finland",25.674079137702506,60.96146922603319
FIN,"lakarvagen 10, 66600 vora, Finland",22.256296091832354,63.13569161721304
FIN,"kaituentie 27 d 49, 50160 mikkeli, Finland",27.261959615751152,61.667507817813885
FIN,"saunarinteentie 3, 71820 polja, Finland",27.588991051348387,63.145511729244845
FIN,"ratamonpolku 2, 87500 kajaani, Finland",27.741398107140043,64.20565605825075
FIN,"kaipialantie 3, 54260 lappeenranta, Finland",28.26042591978816,61.027653823153884
FIN,"homotiaisentie 26, 40530 jyvaskyla, Finland",25.696461569335767,62.1966572561073
FIN,"majavankaarre 9, 37100 nokia, Finland",23.505031272538474,61.49614466889582
FIN,"rautatienkatu 3 a 10, 15100 lahti, Finland",25.65782662744533,60.978988493317274
FIN,"uutelanperantie 8, 91780 neittava, Finland",26.664093130577413,64.50789529108809
FIN,"rinnomaentie 15, 27600 hinnerjoki, Finland",21.983999573618178,60.99504767497771
FIN,"puistotie 2 as 4, 93100 pudasjarvi, Finland",26.998065452556148,65.35955281246433
FIN,"siivikkalantie 56, 33450 siivikkala, Finland",23.66787840783033,61.55046225131977
FIN,"joukahaisentie 10, 15870 hollola, Finland",25.51452474925412,60.995803932191706
FIN,"huvilatie 4, 96300 rovaniemi, Finland",25.709493600628093,66.48407975513678
FIN,"leivolankuja 3 b, 88600 sotkamo, Finland",28.335055954910388,64.13097904256125
FIN,"mariankatu 41, 33200 tammerfors, Finland",23.746004450947993,61.49338760948433
FIN,"lehmustie 2, 60510 hyllykallio, Finland",22.908721893517622,62.79334359466719
FIN,"pakkalantie 3, 29250 nakkila, Finland",22.013576879172376,61.3690646651057
FIN,"lehtoniementie 15, 70820 kuopio, Finland",27.6724713703955,62.836755147593436
FIN,"tehtaankatu 1 a 14, 13220 hameenlinna, Finland",24.46201863906441,61.01252545184107
FIN,"paatsamatie 4, 21260 raisio, Finland",22.172212108118572,60.46344763620917
FIN,"virontormankatu 13, 33310 tampere, Finland",23.60539274458094,61.50976157351852
FIN,"suopolku 3, 1800 klaukkala, Finland",24.74404839088396,60.37881388346608
FIN,"tommilankatu 24, 20300 turku, Finland",22.247698103193045,60.46544554665007
FIN,"mannikkotie 5, 40950 muurame, Finland",25.634298541412818,62.09632543944582
FIN,"kujanen 4, 99 helsingin kaupunki, Finland",24.952980000000025,60.167950000000076
FIN,"lyorintie 26, 38210 sastamala, Finland",22.919920870531314,61.35884356282597
FIN,"mallastehtaankatu 14, 33270 tampere, Finland",23.688997618709237,61.50569006405104
FIN,"askbacksgranden 8, 2770 esbo, Finland",24.668539094118643,60.197895113470906
FIN,"lillbackavagen 110, 68820 esse, Finland",23.035853739378894,63.58755653891134
FIN,"keskitalontie 5, 84100 ylivieska, Finland",24.571539184344715,64.07403411067745
FIN,"maunumaantie 14, 62100 lapua, Finland",23.006535266994746,62.9407246936768
FIN,"mantyrinteenkatu 3, 15210 lahti, Finland",25.67583078782812,60.999297886620866
FIN,"merventie 617, 13720 parola, Finland",24.303497990734655,61.09526455919038
FIN,"purjekuja 1, 4300 tuusula, Finland",25.035685396304217,60.40714924242681
FIN,"upseeritie 1, 45100 kouvola, Finland",26.688623608410637,60.87149364448689
FIN,"rahkasammaleentie 1, 4300 tuusula, Finland",25.010491071739466,60.418612794214226
FIN,"puukilankatu 1, 42100 jamsa, Finland",25.193986349230357,61.86800063004777
FIN,"katriinankuja 4, 1760 vantaa, Finland",24.873914832656226,60.34596759376393
FIN,"katajakatu 10, 53810 lappeenranta, Finland",28.13178172713694,61.04792763527851
FIN,"koulutie 2 c, 19650 joutsa, Finland",26.121274626870303,61.74597043625357
FIN,"parkkitie 1, 95600 ylitornio, Finland",23.671011311780205,66.3172857911872
FIN,"rajakylantie 32 f, 1280 vantaa, Finland",25.09910371391993,60.24776182148966
FIN,"kalajoentie 299, 85100 kalajoki, Finland",23.9865176305112,64.24255470477163
FIN,"metsamiehenkatu 30, 53300 lappeenranta, Finland",28.278222041334118,61.06746107389566
FIN,"kytokatu 4, 85800 haapajarvi, Finland",25.350110030430415,63.74412156350172
FIN,"painiityntie 21 ja 21 b, 2680 espoo, Finland",24.832137164115977,60.2347948496392
FIN,"hedelmatarhantie 15, 15860 hollola, Finland",25.527068099718093,60.98247226373408
FIN,"pyhtaantie 13, 49270 pyhtaa, Finland",26.54431640475258,60.49264813330615
FIN,"stora robertsgatan 23, 99 helsingin kaupunki, Finland",24.93593000000004,60.161380000000065
FIN,"keskisentie 28, 84100 ylivieska, Finland",24.497819004812186,64.10378064685676
FIN,"torikatu 16, 54800 savitaipale, Finland",27.685690972807663,61.19768517147642
FIN,"kaarlonkatu 10, 75500 nurmes, Finland",29.13908155129249,63.54370854028673
FIN,"roopenkatu 1, 15300 lahti, Finland",25.753479481559935,61.00202217279096
FIN,"lunkinkuja 4, 90910 kontio, Finland",25.625540961337066,65.13525136519934
FIN,"huvilakatu 27, 76130 pieksamaki, Finland",27.13440792035982,62.30258140354536
FIN,"hillatie 1, 90800 oulu, Finland",25.40778280487646,65.10235851402504
FIN,"linnatie 10 a 5, 99100 kittila, Finland",24.898295609698778,67.65941276571687
FIN,"maistraatinkatu 1, 240 helsinki, Finland",24.92394943019559,60.197973190899006
FIN,"paimenpojantie 7, 13210 hameenlinna, Finland",24.509275809167548,61.02063733200572
FIN,"laajakoskentie 473, 48750 kotka, Finland",26.857075973812982,60.56353502001778
FIN,"poikkitie 7, 76100 pieksamaki, Finland",27.159687656517917,62.320525004677705
FIN,"puutarhakatu 9, 70300 kuopio, Finland",27.680636182278704,62.89776048292302
FIN,"puulinnankatu, 12 c 27, 90570 oulu, Finland",25.463723039936156,65.05467621379285
FIN,"koskikatu 44-46, 96200 rovaniemi, Finland",25.718346482942962,66.50590199814454
FIN,"laihontie 19, 48700 kotka, Finland",26.90527409636661,60.510353101655085
FIN,"ostoskatu 3, 15500 lahti, Finland",25.666902971298867,60.96303266052297
FIN,"soraharjuntie 23, 74510 iisalmi, Finland",27.243315580879937,63.51480153552947
FIN,"pannunkorva 21 a, 96900 saarenkyla, Finland",25.78893392616368,66.51440464263521
FIN,"konstapelsgatan 3, 2650 esbo, Finland",24.811431516339724,60.22214915613745
FIN,"kokintie 19, 90420 oulu, Finland",25.558387248571222,64.94412658035017
FIN,"ralssitie 5b8, 14200 turenki, Finland",24.666744696286855,60.90962543660291
FIN,"kullaanmaentie 80, 60800 ilmajoki, Finland",22.55610008843061,62.71022042851439
FIN,"kaskenkaatajantie 5, 2100 espoo, Finland",24.79257541931821,60.18060764771914
FIN,"lammintie 120, 31600 jokioinen, Finland",23.494443084809205,60.8217628071186
FIN,"hiirihaukantie 1e 53 70820 kuopio, 70100 kuopio, Finland",27.633013900328155,62.839310279348794
FIN,"pursitie 3, 33960 pirkkala, Finland",23.617782706216815,61.470532171181645
FIN,"palokankaantie 16, 69820 rayrinki, Finland",23.819027591412436,63.383893600378144
FIN,"kuntotie 1, 1801 klaukkala, Finland",24.74472221703269,60.38300407893467
FIN,"madesalmentie 2, 48310 kotka, Finland",26.904048745941395,60.45671399238367
FIN,"kirvesmiehentie 1, 45410 utti, Finland",26.92814336480953,60.88064228225528
FIN,"alajuoksu 9, 2920 espoo, Finland",24.753357584007716,60.28023758916194
FIN,"koivukeppi 2, 2130 espoo, Finland",24.783719519518172,60.18410667319972
FIN,"runosmaenkatu 2c19, 20360 turku, Finland",22.26980160096184,60.4857599690956
FIN,"kalevankatu 27, 65230 vaasa, Finland",21.631818405181093,63.11408462147884
FIN,"riissuontie 23, 31900 punkalaidun, Finland",23.113809546043086,61.11936458438606
FIN,"veteraanitie 6, 7560 pukkila, Finland",25.57484586982747,60.645495993385794
FIN,"huusharjunrinne 4, 50180 mikkeli, Finland",27.346811954330956,61.70513052424135
FIN,"kylatie 2 b 21, 13500 hameenlinna, Finland",24.41272164900448,60.984523608807706
FIN,"puhaltajantie 2, 90650 oulu, Finland",25.605363080893927,65.00565263394188
FIN,"alhojoentie 447, 61410 ylistaro as, Finland",22.48529622446992,62.90565103893431
FIN,"notkotie 3, 37130 nokia, Finland",23.49326541587336,61.494665262920634
FIN,"syrjatie 1, 35700 vilppula, Finland",24.518310997876483,62.022625544118995
FIN,"tenontorma 20, 99990 nuorgam, Finland",27.870394798468396,70.08222120049783
FIN,"puustellinkatu 4, 32710 sampu, Finland",22.706345351761193,61.20149083209272
FIN,"salmenhaantie 29 d 14, 67300 kokkola, Finland",23.12449630495371,63.85767162491459
FIN,"lippalantie 1, 62100 lapua, Finland",22.995014089622998,62.95974063359188
FIN,"kaivonkatsojantie 9, 99 helsingin kaupunki, Finland",25.136400000000037,60.20384000000007
FIN,"niittylantie 4, 63700 ahtari, Finland",24.07889961454967,62.54815084047064
FIN,"nekalantie 15 c, 33100 tampere, Finland",23.784440673787344,61.488882126979945
FIN,"harjantauksentie 4, 48310 kotka, Finland",26.8781635010979,60.45608233216035
FIN,"raastuvankatu 3, 53100 lappeenranta, Finland",28.182481596331343,61.05921952568889
FIN,"sarapistontie 3 c 23, 37550 lempaala, Finland",23.746533851952535,61.33314900627971
FIN,"rakkaudenkuja 1b, 83900 juuka, Finland",29.248253169581357,63.241614454368296
FIN,"omenaraitti, 2450 kirkkonummi, Finland",24.55133257307047,60.15645747780217
FIN,"kapponkatu 21 as. 8, 21210 raisio, Finland",22.106206967544836,60.49016361147639
FIN,"lohjanharjuntie 878, 8500 lohja, Finland",24.13928678452004,60.277364649939045
FIN,"lapiokuja 6, 21260 raisio, Finland",22.176346398040806,60.47019096113286
FIN,"pihkoonraitti 105, 48410 kotka, Finland",26.859255771552796,60.5236007834429
FIN,"koulukuja 4 skolstigen 4, 10820 lappohja  lappvik, Finland",23.251308800303974,59.90200253198947
FIN,"pauhapaatinkatu 15, 92100 raahe, Finland",24.482965853290153,64.6959201966859
FIN,"tuorilantie 16b, 3600 karkkila, Finland",24.211632900767857,60.543249089793534
FIN,"sepetlahdentie 7, 2330 espoo, Finland",24.74319268238878,60.15285512439573
FIN,"metsamiehentie 29 as 5, 73200 varpaisjarvi, Finland",27.75813944999041,63.36180686641569
FIN,"ylioppilaskyla 25b, 20540 turku, Finland",22.298105607631342,60.46412132790549
FIN,"kunnankuja 4a, 27400 kiukainen, Finland",22.085712879004745,61.208340498250124
FIN,"vanamopolku 4, 42300 jamsankoski, Finland",25.153682392627786,61.95069573910473
FIN,"satotalmantie 21, 4240 sipoo, Finland",25.1708115661381,60.40969365295473
FIN,"kuhakuja 4, 73100 lapinlahti, Finland",27.400241404492533,63.35007459081248
FIN,"kaurasmaentie 11, 33480 ylojarvi, Finland",23.60523181203996,61.57171465064013
FIN,"koulutie 8, 66300 jurva, Finland",21.97903371508187,62.684722385688076
FIN,"linnustontie 3, 16300 orimattila, Finland",25.720554779153588,60.825092979159706
FIN,"palomaentie 2 a, 20660 littoinen, Finland",22.411654080455975,60.45438147636801
FIN,"piiparinpolku 18, 20360 turku, Finland",22.26209737465814,60.4892097089855
FIN,"kitkantie 104, 93600 kuusamo, Finland",29.16822928430895,65.98929995018491
FIN,"haltiantie 8, 14200 turenki, Finland",24.65477408126685,60.922171762642535
FIN,"visakuja 4 d 12, 70420 kuopio, Finland",27.65141284449558,62.938235394162234
FIN,"hakatie 5, 26510 rauma, Finland",21.57394924274365,61.129986006361435
FIN,"keskustie 11, 97700 ranua, Finland",26.51589270053239,65.93000301436055
FIN,"kalkkihiekantie 3 a 15, 980 helsinki, Finland",25.141836081231872,60.201187986042896
FIN,"aartapolku 1, 48410 kotka, Finland",26.856303820674224,60.51168073620547
FIN,"pulmusentie 4, 30100 forssa, Finland",23.580713487966307,60.837845416198405
FIN,"urheilutie 1, 1370 vantaa, Finland",25.058907766314896,60.29638417510625
FIN,"honkatie 2, 93100 pudasjarvi, Finland",27.022076000935442,65.35999085072427
FIN,"karhuntie 18, 80230 joensuu, Finland",29.780481462264646,62.57952815973178
FIN,"pertunpellontie 10, 99 helsingin kaupunki, Finland",24.98947000000004,60.26719000000003
FIN,"jupiterinkatu 2 b 20, 11130 riihimaki, Finland",24.790711367871012,60.73627917130304
FIN,"kauppisentie 5, 69510 halsua, Finland",24.170988902529217,63.46259690516749
FIN,"ravalsintie 14, 2400 kirkkonummi, Finland",24.415198836668964,60.125792305975125
FIN,"savulahdentie 1, 40270 palokka, Finland",25.69633661103265,62.2784700627804
FIN,"atanvayla 7, 33580 tampere, Finland",23.905950609550786,61.5039411799535
FIN,"porttilantie 5, 12400 tervakoski, Finland",24.6302211399331,60.80926752686932
FIN,"leikkurinkuja 10, 5400 jokela, Finland",24.95724151141812,60.55623010758134
FIN,"junnantie, 95300 tervola, Finland",24.80621297680778,66.06767143742049
FIN,"kohmankaari 3, 33310 tampere, Finland",23.635737078094735,61.503621913261526
FIN,"asemantie 16, 57100 savonlinna, Finland",28.872991413284552,61.873490364231856
FIN,"osonojantie 7, 45720 kuusankoski, Finland",26.66069766634955,60.88438157545477
FIN,"maisalantie, 4360 tuusula, Finland",24.995543175341666,60.35947000158927
FIN,"asuntopolku 4, 74510 peltosalmi, Finland",27.244857064258113,63.518767910983875
FIN,"mettalantie 5, 92150 raahe, Finland",24.48560070455335,64.67181237632028
FIN,"konttilukinkatu 3, 33900 tampere, Finland",23.721583859865348,61.472522454090665
FIN,"lassinpolku 8, 97700 ranua, Finland",26.518752941171982,65.93331361465775
FIN,"kuukantie 18, 41230 uurainen, Finland",25.430202551852062,62.50233091530498
FIN,"konalantie 16, 99 helsingin kaupunki, Finland",24.952980000000025,60.167950000000076
FIN,"vesterangintie 24, 1120 01120, Finland",25.281392254532022,60.27466659912591
FIN,"testamenttitie 15, 2880 veikkola, Finland",24.435582870820355,60.26654776198163
FIN,"jarvitie 14, 31300 tammela, Finland",23.787862082844526,60.80612821076352
FIN,"mantyrinteentie 30, 71720 kaarmelahti, Finland",27.446625431741893,63.09891966315868
FIN,"kelotie 4, 7170 pornainen, Finland",25.385514937986386,60.474695312080286
FIN,"heinavedentie 21b as. 1, 83100 liperi, Finland",29.360478962473792,62.5156825746017
FIN,"kukkakatu 6, 4430 jarvenpaa, Finland",25.123435708285967,60.46234654749853
FIN,"pappilantie 6, 85500 nivala, Finland",24.94031459323145,63.92618848659387
FIN,"lepaantie 109a, 14610 lepaa, Finland",24.327955499156257,61.11584588531538
FIN,"ristonmaentie 4, 40820 haapaniemi, Finland",25.853499420537347,62.226099143546406
FIN,"pajutie 4, 35800 mantta, Finland",24.59531445270187,62.02935935558256
FIN,"valiaho 9 b, 91900 liminka, Finland",25.405274017437023,64.79769054092358
FIN,"viittakorpi 7, 2280 espoo, Finland",24.684483820891245,60.16597154557982
FIN,"pihlajatie 4, 62100 lapua, Finland",23.04277442537378,62.978399127246064
FIN,"salmirannantie 8, 40520 jyvaskyla, Finland",25.800156707782378,62.216770454410835
FIN,"riihitie 14, 79100 leppavirta, Finland",27.79063717824903,62.486392181593175
FIN,"vainamoisenkatu 1, 67900 kokkola, Finland",23.049620720992504,63.83920164408856
FIN,"kasarmintie 55, 99600 sodankyla, Finland",26.574622097692753,67.42250942039419
FIN,"ruunumaankatu 2, 48200 kotka, Finland",26.92292160676928,60.4709663709956
FIN,"isannantie 2, 21100 naantali, Finland",22.03694554140648,60.477388669027675
FIN,"hallatie 4, 66400 laihia, Finland",21.99541824031408,62.97523558744007
FIN,"liivuorentie 22, 13500 hameenlinna, Finland",24.426441003460518,60.98315897704141
FIN,"tahtimarssi 3, 90650 oulu, Finland",25.594417110827948,65.0106219365311
FIN,"torikatu 3 lt 9, 60100 seinajoki, Finland",22.844642495198485,62.788999463798945
FIN,"helkamaentie 159, 7230 askola, Finland",25.527211597900475,60.50497296755432
FIN,"taavetintie 28, 21420 lieto, Finland",22.449366525956123,60.488897608820764
FIN,"mantymaentie 3, 1150 soderkulla, Finland",25.335042721282235,60.30099021750547
FIN,"pummimiehentie 6 a 8, 90650 oulu, Finland",25.52624843340658,65.02473748057369
FIN,"franssintie 8, 63400 alavus as, Finland",23.636674091050708,62.61904858174688
FIN,"voitilantie 4, 62100 lapua, Finland",23.02507746174237,62.98490348411022
FIN,"satamakatu 7 a 1, 74100 iisalmi, Finland",27.185984704264428,63.555928391197654
FIN,"soinistentie 3, 21110 naantali, Finland",22.03913187703077,60.48311070095892
FIN,"malluntie 5 b 25, 90800 oulu, Finland",25.404815778790436,65.08009605346251
FIN,"olympiakatu 2, 65100 vaasa, Finland",21.6212867114792,63.103902997963075
FIN,"pyhajarventie 18, 37120 nokia, Finland",23.52211174719133,61.46527353276744
FIN,"kirvuntie 45, 2140 espoo, Finland",24.80583776943658,60.20615807744031
FIN,"koivikonkatu 2 b 6, 77600 suonenjoki, Finland",27.102703623055817,62.618329875459125
FIN,"joensuunraitti 59e, 1150 soderkulla, Finland",25.31449438877321,60.28811729599902
FIN,"simpeleentie 40, 56800 simpele, Finland",29.375129523396083,61.43518174599632
FIN,"kylaniementie 155 a 1, 97250 raanujarvi, Finland",24.719376426525116,66.65887671832874
FIN,"alpinkatu 10, 38700 kankaanpaa, Finland",22.402464580909566,61.80310035674046
FIN,"kurjentie 191, 62375 yliharma, Finland",22.757141293379078,63.15345500742711
FIN,"nuottakunnantie 9, 2230 espoo, Finland",24.74537122284312,60.1505118376345
FIN,"vaapukkatie 14, 80330 reijola, Finland",29.82994793440679,62.54099948450039
FIN,"salmisentie 318, 77630 lempyy, Finland",27.29518422265312,62.676515957655624
FIN,"hakkurintie 87, 43500 karstula, Finland",24.857911181104328,62.8574983462959
FIN,"mellantie 6, 97220 sinetta, Finland",25.50167252565811,66.6352442356922
FIN,"ankkuritie 6, 2320 espoo, Finland",24.640471536964384,60.14726506552998
FIN,"ahventie 10 as. 8, 20760 piispanristi, Finland",22.341148025515082,60.40313007794467
FIN,"herneahontie 22, 83500 outokumpu, Finland",28.975375941477438,62.67469532446688
FIN,"hiuknummentie 45, 26660 rauma, Finland",21.522962544822576,61.110555790881875
FIN,"jakalatie 2, 15550 nastola, Finland",25.988943726938754,60.933015541524156
FIN,"helsingintie 57 - 59, 24100 salo, Finland",23.15044298914748,60.386527874687005
FIN,"stora byvagen 3, 4130 sibbo, Finland",25.26210155583084,60.37135566602058
FIN,"inkoonkuja 15, 2600 espoo, Finland",24.78886542133469,60.21351110200095
FIN,"toritie 22 a, 40520 jyvaskyla, Finland",25.761462657601328,62.21912358990829
FIN,"ahjolankatu 3, 33250 tampere, Finland",23.710027310862216,61.5056422033839
FIN,"lehmusrinne 1, 13100 hameenlinna, Finland",24.477855947663983,60.98051713240521
FIN,"luukkaalantie 160, 36200 kangasala, Finland",24.0053794272269,61.45445019074458
FIN,"kartanontie 5, 82430 puhos, Finland",29.884540862350036,62.09036477473117
FIN,"pursimiehenkatu 14, 150 helsinki, Finland",24.938172933151094,60.159339238963724
FIN,"leppatie 11, 71820 polja, Finland",27.60113374684059,63.149320256500175
FIN,"nuotiokuja 4 f 22, 70820 kuopio, Finland",27.643160022629047,62.83322988675593
FIN,"paamajankatu 18, 50100 mikkeli, Finland",27.268914751368072,61.69412928712282
FIN,"malminkatu 1 a, 8150 lohja, Finland",24.068644272195485,60.23991975478825
FIN,"vaarankallionkuja 4 a 21, 36220 kangasala, Finland",24.019748104745418,61.471843855209585
FIN,"louetie 14, 98530 pyhatunturi, Finland",27.277909334242043,67.02737967794694
FIN,"retiisikatu, 70820 kuopio, Finland",27.66418096705634,62.835113458879334
FIN,"hevoshaantie 2, 1200 vantaa, Finland",25.10543691232121,60.271994406484055
FIN,"kujatie 24 a, 92130 raahe, Finland",24.515245065332977,64.6889326650132
FIN,"uotsolantie 49, 38460 sastamala, Finland",23.00911530061117,61.511380160931196
FIN,"lapakatu 2 d 51, 15240 lahti, Finland",25.655715645130584,61.01802708162833
FIN,"pasantie 27 as 2, 21280 raisio, Finland",22.194984146484643,60.48262161690863
FIN,"uittokuja 3, 90460 oulunsalo, Finland",25.36954908881782,64.96101137947338
FIN,"lemminkaisenkatu 11, 33540 tampere, Finland",23.809284550980323,61.49844206473716
FIN,"tampellan esplanadi 16, 33180 tampere, Finland",23.767203709002217,61.5064622887906
FIN,"aallontie 3a, 47400 kausala, Finland",26.357799110169424,60.88691316120648
FIN,"piiritanssikuja 8, 21330 paattinen, Finland",22.373492364945577,60.59453087886541
FIN,"savolanmaentie 36, 85900 reisjarvi, Finland",24.962339720205563,63.59712322410061
FIN,"sikoniementie 75, 71130 kortejoki, Finland",27.844244394378848,62.91124679749424
FIN,"koulukatu 8, 62100 lapua, Finland",23.011221756698205,62.96510731473802
FIN,"jokitie 1, 21310 vahto, Finland",22.311590333614305,60.60910822386347
FIN,"lypsajantie 12, 45150 kouvola, Finland",26.69952469258547,60.85783571044814
FIN,"koivutie 22, 42300 jamsankoski, Finland",25.1707411581514,61.92116612657958
FIN,"tiedonpolku 3, 9810 nummi, Finland",23.909047638955087,60.38476348406857
FIN,"asemantie 142, 36200 kangasala, Finland",24.038486016932183,61.47843337220999
FIN,"kaviokuja 5, 1200 vantaa, Finland",25.108776430184378,60.278355893808595
FIN,"messukatu 68 c 19, 28190 pori, Finland",21.785924556565448,61.50742683629852
FIN,"lummetie 27a, 1300 vantaa, Finland",25.029840359943847,60.29776712427744
FIN,"haanpaantie 4a1, 40270 palokka, Finland",25.725796905218516,62.31050565480743
FIN,"kokkolantie 4, 92930 pyhanta, Finland",26.333954858749166,64.09380559534478
FIN,"kappelitie 4, 58900 rantasalmi, Finland",28.299871807841427,62.06513708854573
FIN,"itakulman koulu, 23800 laitila, Finland",21.75544763700003,60.88988999900005
FIN,"samoilijankatu 20, 33580 tampere, Finland",23.909321559550847,61.499911831459
FIN,"koivukuja 6, 82300 raakkyla, Finland",29.63033282646458,62.31190337907145
FIN,"pikkukokko 2, 90450 kempele, Finland",25.55508905349072,64.91852569157189
FIN,"simonkalliontie 1 as 1, 1350 vantaa, Finland",25.02390203300115,60.30710058301088
FIN,"jaaskontie 4, 98100 kemijarvi, Finland",27.43152065548651,66.71143384962875
FIN,"knuutilankankaantie 10, 90240 oulu, Finland",25.556398977318963,64.9924448574858
FIN,"naulakalliontie 1, 970 helsinki, Finland",25.10920072212312,60.237164287938356
FIN,"aleksanterinkatu 1, 99 helsingin kaupunki, Finland",24.953400000000045,60.16903000000008
FIN,"karvetinkatu 1, 21100 naantali, Finland",22.050489523471555,60.48024103067826
FIN,"kalakuja 4, 77700 rautalampi, Finland",26.87403113901337,62.617422282983284
FIN,"tehtaankatu 27, 11910 riihimaki, Finland",24.734673735096436,60.7364667582961
FIN,"hakinkatu 16 a 10, 21210 raisio, Finland",22.11135655739872,60.489264358994205
FIN,"savikontie 154, 82220 niittylahti, Finland",29.91088074162178,62.52162308083922
FIN,"edelfeltinkuja 2, 2610 espoo, Finland",24.77412877826677,60.21600421528146
FIN,"toppelundinkuja 2, 2170 espoo, Finland",24.78706440179937,60.158796259276016
FIN,"arkeologinkatu 9, 20460 turku, Finland",22.35108795685278,60.538539095101186
FIN,"nyskogsvagen 1, 65280 vaasa, Finland",21.591223171721794,63.130904754219074
FIN,"kaskisavu 4, 2340 espoo, Finland",24.662866892601755,60.180736896666104
FIN,"kuorekuja 3, 70820 kuopio, Finland",27.682390095518144,62.818279966161725
FIN,"kiitajantie 3 f 23, 28200 pori, Finland",21.82085052217397,61.50204863003552
FIN,"takkapolku 2, 70820 kuopio, Finland",27.66206406413673,62.829704542099364
FIN,"lauttakatu 6, 45700 kuusankoski, Finland",26.6402778805421,60.909718727185265
FIN,"taipaleentie 65, 97670 kivitaipale, Finland",25.930521369879386,66.32529750760892
FIN,"kiskokatu 9, 88600 sotkamo, Finland",28.329728333433025,64.14201356663463
FIN,"suorannantie 14, 80710 lehmo, Finland",29.77391801298313,62.66261482269624
FIN,"storgatan 1, 68600 jakobstad, Finland",22.704206641160056,63.67216129026943
FIN,"niemenkatu 2 a 2, 57200 savonlinna, Finland",28.91564968457243,61.857934012942906
FIN,"pakarikatu 15, 20780 kaarina, Finland",22.360767462458824,60.40056060552624
FIN,"hanneksenrinne 3, 60220 seinajoki, Finland",22.82514526640304,62.773651570441984
FIN,"jaakonkuja 13, 60800 ilmajoki, Finland",22.56147538669692,62.73403244758278
FIN,"eemil halosentie 17, 73100 lapinlahti, Finland",27.385904662025126,63.3627867108969
FIN,"auneksentie 10, 60420 seinajoki, Finland",22.79105690437885,62.81366262715946
FIN,"kettulantie 4, 29200 harjavalta, Finland",22.161981660016806,61.32068402661042
FIN,"myllymaentie 2, 34300 kuru, Finland",23.725767854473446,61.87028483109097
FIN,"vikintie 4 d 14, 31900 punkalaidun, Finland",23.113383326266614,61.117239939569146
FIN,"muinaisranta 16, 91800 tyrnava, Finland",25.681956785582912,64.8380701080142
FIN,"lippajarventie 44 (aurora), 2940 espoo, Finland",24.715158988123363,60.23194240416956
FIN,"sampaanalantie 38, 26820 rauma, Finland",21.493905755455557,61.107383282439486
FIN,"menninkaisentie 7, 2110 espoo, Finland",24.81122825518773,60.18240812243076
FIN,"hilmankuja 4, 37830 akaa, Finland",23.769137818860035,61.20857776503134
FIN,"arkadiankatu 35, 100 helsinki, Finland",24.919702319856583,60.1718677953686
FIN,"gasorsvagen 11, 10940 hangoby, Finland",22.930815416821645,59.828856890010115
FIN,"tyynelantie 11, 57210 savonlinna, Finland",28.93007167099512,61.873545391426205
FIN,"leinikkitie 1, 80130 joensuu, Finland",29.760542866301325,62.6107228351815
FIN,"lallukankuja 5, 99 helsingin kaupunki, Finland",25.083470000000034,60.22299000000004
FIN,"torpparintie 1, 80710 lehmo, Finland",29.811173393303136,62.68269262401512
FIN,"skolhusvagen 31, 68600 jakobstad, Finland",22.72437157236243,63.65214953834757
FIN,"maalaamontie 16, 26510 rauma, Finland",21.569240289539664,61.13485413190668
FIN,"mantsalantie 195, 7170 pornainen, Finland",25.28281935736669,60.54099184951792
FIN,"skolvagen 13, 68570 larsmo, Finland",22.849826115579276,63.819541006264984
FIN,"asematie 24, 2700 kauniainen, Finland",24.711670188564653,60.21540822005616
FIN,"kaapinrinne 5, 25570 teijo, Finland",22.965716367235196,60.26233070295732
FIN,"sompiontori 3, 99 helsingin kaupunki, Finland",25.028230000000065,60.26339000000007
FIN,"kaarelan raitti 1, 99 helsingin kaupunki, Finland",24.89250000000004,60.24569000000008
FIN,"tuohipolku 10, 99 helsingin kaupunki, Finland",24.853570000000047,60.25183000000004
FIN,"kolmiperhehoito, 99 helsinki, Finland",24.932650000000024,60.17116000000004
FIN,"hannuntie 1, 21380 aura, Finland",22.576274826459723,60.645459574016485
FIN,"kontulankaari 5, 99 helsingin kaupunki, Finland",25.075090000000046,60.24241000000006
FIN,"lehtipojantie 1, 80140 joensuu, Finland",29.704458941567907,62.62162450823078
FIN,"teknikontie 1 b, 50600 mikkeli, Finland",27.195672759411707,61.68038392983394
FIN,"elsankuja 2, 2230 espoo, Finland",24.74307726358208,60.156113840712294
FIN,"menninkaisentie 6 c 34, 90550 oulu, Finland",25.483520424684286,65.0417929771551
FIN,"kotakuja 4, 41800 korpilahti, Finland",25.536451556503977,62.02070721984873
FIN,"suolijarventie 111, 89330 suolijarvi, Finland",28.052662847588152,65.14232384746072
FIN,"avagen 7-9, 64200 narpio, Finland",21.33982601877218,62.47762111858859
FIN,"snellmanintie 2, 90150 oulu, Finland",25.490227958881405,64.98403629985825
FIN,"nyyrikintie 3, 21530 paimio, Finland",22.70679840944092,60.43536662610032
FIN,"ylaneentie 10 b, 21870 riihikoski, Finland",22.59731072122105,60.720519642681126
FIN,"hallinmaentie 84, 35600 halli, Finland",24.86018527525485,61.85812139038839
FIN,"rutakontie 16, 74300 sonkajarvi, Finland",27.518373684733348,63.67239439099674
FIN,"mustikkatie 5, 13250 hameenlinna, Finland",24.50902787247162,60.98720925440415
FIN,"kuukiventie 9 a 4, 840 helsinki, Finland",25.042708509155887,60.184214464474564
FIN,"rajalantie 9, 36760 luopioinen, Finland",24.659990778975548,61.361674396140316
FIN,"kuopiontie 11, 77700 rautalampi, Finland",26.837490148300986,62.6212262840109
FIN,"tynninharjuntie 1, 8700 lohja, Finland",23.992896091189664,60.180511633018284
FIN,"keskikesantie 5, 20780 kaarina, Finland",22.40376754775818,60.41504134909019
FIN,"suomenlinna c 31, 99 helsingin kaupunki, Finland",24.952980000000025,60.167950000000076
FIN,"alatalontie 36, 62570 sarkila, Finland",23.61472767014743,63.37440432206466
FIN,"kaksosvuorentie 20, 2400 kirkkonummi, Finland",24.4621809965289,60.12245232710728
FIN,"norra larsmovagen 70, 68570 larsmo, Finland",22.745832178157684,63.7605345452952
FIN,"viertotie 6, 74300 sonkajarvi, Finland",27.527747083235425,63.66894096306942
FIN,"siirilantie 3, 62100 lapua, Finland",23.006044403842807,62.96489416654093
FIN,"tuureporinkatu 5 e 80, 20100 turku, Finland",22.270760742142215,60.45744367896461
FIN,"kaarikuja 7 z 384, 940 helsinki, Finland",25.07990462942044,60.23929433908282
FIN,"luolavuorentie 2, 20700 turku, Finland",22.278667475226655,60.43989767340938
FIN,"lintulantie 85, 13900 pekola, Finland",24.456266725648305,61.05176969014656
FIN,"muusantori 5 a 8, 99 helsingin kaupunki, Finland",24.85609000000005,60.20693000000006
FIN,"palolantie 3, 84100 ylivieska, Finland",24.602687593830126,64.06552714950664
FIN,"paul hallvarsgatan 8 / paul hallvarinkatu 8, 68600 jakobstad, Finland",22.699177080159615,63.66782160180986
FIN,"sudentie 29, 99800 ivalo, Finland",27.552059128671914,68.65055592667804
FIN,"virontormankatu 6 g 84, 33310 tampere, Finland",23.606030942688704,61.50736028398731
FIN,"oivankatu 1 a4, 84100 ylivieska, Finland",24.517914952951458,64.08887816783454
FIN,"medvastvagen 6, 2420 jorvas, Finland",24.567068444829005,60.1005087979606
FIN,"sjomansgatan 12, 99 helsingin kaupunki, Finland",24.934480000000065,60.159470000000056
FIN,"kemintie 17, 95420 tornio, Finland",24.173055376938095,65.84275419164578
FIN,"katajatie 45 as 1, 36200 kangasala, Finland",24.04654571974956,61.46911248633131
FIN,"himminpolku 8, 37500 lempaala, Finland",23.74908119614659,61.316883755529716
FIN,"rinnetie 23, 25500 pernio, Finland",23.113127762038772,60.20978035880708
FIN,"salmisenkatu 5, 37120 nokia, Finland",23.48689425899036,61.44726807318966
FIN,"stenbergsgranden 2, 1620 vanda, Finland",24.85624452347693,60.27966594336539
FIN,"peltokatu 21, 44100 aanekoski, Finland",25.704534279976286,62.603839827982625
FIN,"sammonkatu 6, 78870 varkaus, Finland",27.84679500751514,62.313846513775104
FIN,"harustie 4, 99 helsingin kaupunki, Finland",24.952980000000025,60.167950000000076
FIN,"kivimaentie 44, 60720 tuomikyla, Finland",22.71517469674123,62.7434841789042
FIN,"asema-alue 33, 81700 lieksa, Finland",30.011511691851325,63.32060721391841
FIN,"koulukuja 2, 83100 liperi, Finland",29.367972688844652,62.53198994060676
FIN,"tuomelankankaantie 1, 53830 lappeenranta, Finland",27.9753378080436,61.04531584031617
FIN,"yhdystie 18, 32500 oripaa, Finland",22.683509626744097,60.84841818122584
FIN,"pyhaniementie 63, 16730 kutajarvi, Finland",25.50830780784986,61.04556251365949
FIN,"metsasaarentie 30, 21240 askainen, Finland",21.859755544857933,60.57377875343607
FIN,"asematie 1, 21360 lieto as, Finland",22.446791353843537,60.5667627652021
FIN,"ruutanantie 750 b, 36110 ruutana, Finland",24.036469498666236,61.521745306216985
FIN,"koulutie, 72600 keitele, Finland",26.346699915455478,63.178475853510975
FIN,"puistotie 24 a, 2760 espoo, Finland",24.68790933708098,60.20186339980077
FIN,"kelvan kylatie 2, 81570 kelva, Finland",30.12793993117657,63.07061758035357
FIN,"sipulikatu 8, 70820 kuopio, Finland",27.66650068930653,62.835796174051154
FIN,"metsopolku 3, 40900 saynatsalo, Finland",25.75998040184379,62.11597626661694
FIN,"haravamiehenkuja 1, 91800 tyrnava, Finland",25.66313094723185,64.77133750206389
FIN,"kyyninkatu 3, 37100 nokia, Finland",23.503065129510617,61.48084434283936
FIN,"varblomsvagen 1, 6400 porvoo, Finland",25.624223242338843,60.36416026314913
FIN,"tilanhoitajankaari 34, 99 helsingin kaupunki, Finland",25.02350000000007,60.22554000000008
FIN,"livornogatan 2, 99 helsingin kaupunki, Finland",24.952980000000025,60.167950000000076
FIN,"vastra kyrkogatan 47, 67100 kokkola, Finland",23.126589098538545,63.84041022688169
FIN,"kourantie 684, 61160 koura, Finland",23.103693930014828,62.70999797280413
FIN,"jalkavalantie 2, 38510 sastamala, Finland",22.774989215086663,61.55323703845647
FIN,"punaportinkatu 4, 54710 lemi, Finland",27.809646580279633,61.06001161553897
FIN,"stromkarlsgrand 4, 10300 karjaa, Finland",23.67712951436505,60.07826356220909
FIN,"oksatie 3, 94500 lautiosaari, Finland",24.581934336843858,65.79923120131681
FIN,"urpontie 6, 21380 aura, Finland",22.59194756047424,60.649637366016236
FIN,"notkotie 21, 41310 leppavesi, Finland",25.849671208229694,62.324512946570536
FIN,"kaislakatu 8 f, 80130 joensuu, Finland",29.74340168281617,62.614813164162825
FIN,"putkinotkontie 6, 54100 joutseno, Finland",28.510230774297497,61.12145729415187
FIN,"sampokuja 4, 48600 kotka, Finland",26.929368799053776,60.51710195863484
FIN,"itainen vanhatie 45, 5820 hyvinkaa, Finland",24.885744380245796,60.63874533429683
FIN,"lehmisuontie 1, 93250 sarajarvi, Finland",27.348290871525307,65.80058374712272
FIN,"kulomaentie 1, 76850 naarajarvi, Finland",27.07700512701507,62.29701493973704
FIN,"syrjalantie 35, 1800 klaukkala, Finland",24.74657436122493,60.37008995673159
FIN,"puistokaarre 1 c 18, 13100 hameenlinna, Finland",24.44995431436689,60.98713754722249
FIN,"huhdintie 13, 3600 karkkila, Finland",24.212728925712717,60.53472880596913
FIN,"karjalankatu 6, 38210 sastamala, Finland",22.910790966316483,61.3526176108758
FIN,"veljestentie 6, 17200 vaaksy, Finland",25.566045039131325,61.15915624478794
FIN,"kiekkostenkatu 3, 15800 lahti, Finland",25.611940904339747,60.97857778006167
FIN,"stenbacksgatan 7 b, 250 helsinki, Finland",24.912960503675492,60.18918690280486
FIN,"satutie 2 a 7, 2400 kirkkonummi, Finland",24.474088663456058,60.122123169769594
FIN,"vikiontie 6, 91500 muhos, Finland",26.025654294540004,64.80158464741035
FIN,"kangasrouskuntie 36, 90650 oulu, Finland",25.54182603282007,65.02988908208437
FIN,"ajomiehenkuja 11, 1400 vantaa, Finland",25.084427755831,60.34089465641458
FIN,"rautilantie 6, 23500 uusikaupunki, Finland",21.401178353187248,60.805206997695024
FIN,"sodra funisbackvagen 12, 66530 kvevlax, Finland",21.83088854059236,63.160324502556925
FIN,"vattolantie 11, 3600 karkkila, Finland",24.187564367515762,60.53782554368388
FIN,"agnetankuja 4, 99 helsingin kaupunki, Finland",24.952980000000025,60.167950000000076
FIN,"karjalankylantie 114, 23100 mynamaki, Finland",22.06604197717553,60.787744517804924
FIN,"patteristontie 12 d, 80400 ylamylly, Finland",29.54604767707457,62.629884412805495
FIN,"sipulitie 2, 4410 jarvenpaa, Finland",25.087715054437382,60.49294975609189
FIN,"seulakuja 10, 16300 orimattila, Finland",25.72276089606936,60.809427076396275
FIN,"heinasuontie 481, 81200 eno, Finland",30.139730670554428,62.854444106507316
FIN,"taipaleentie 32, 16540 mertie, Finland",25.38163981651033,60.79636601768266
FIN,"paivolantie 16, 4220 kerava, Finland",25.13712461345696,60.41039421242215
FIN,"opintie 22, 15550 nastola, Finland",25.984433338461084,60.931580600754856
FIN,"martikkalantie 1 b 7, 80710 lehmo, Finland",29.80876552397794,62.66101354391361
FIN,"outokummuntie 57 i 67, 28330 pori, Finland",21.859625625358717,61.469105487442164
FIN,"palsintie 11, 34140 mutala, Finland",23.56612721624137,61.664459696814646
FIN,"ratsutie 11, 65230 vaasa, Finland",21.615650971241138,63.12881279882453
FIN,"tehokatu 4 b, 65320 vaasa, Finland",21.691760412273823,63.084808687253314
FIN,"vaahtotie 10 a 9, 80160 joensuu, Finland",29.829459437089724,62.62266591779081
FIN,"kotitie 11 b, 51900 juva, Finland",27.87661748373722,61.89552043652884
FIN,"rantakylankatu 24, 80160 joensuu, Finland",29.814190626989216,62.622291037171294
FIN,"klockarbacken 20, 25700 kemio, Finland",22.737387662165503,60.17062337611364
FIN,"kirkkotie 10, 21420 lieto, Finland",22.449520752974564,60.50675441534574
FIN,"klockarbacken 20, 25700 kimito, Finland",22.737387662165503,60.17062337611364
FIN,"kalervontie 1, 85500 nivala, Finland",24.957459021805533,63.92746366743347
FIN,"tamppilahdenkatu 6, 18150 heinola, Finland",26.028903120210828,61.1949794931314
FIN,"teerenpolku 18, 88900 kuhmo, Finland",29.53768890795189,64.11870910977885
FIN,"poronkatu 15, 53850 lappeenranta, Finland",28.10086918440689,61.04672860402928
FIN,"voimatie 6, 6400 porvoo, Finland",25.636860470118393,60.38455829507885
FIN,"akanapolku 2, 1370 vantaa, Finland",25.06118649852516,60.29893782469395
FIN,"lahelantie 45 b 4, 4330 lahela, Finland",24.984565258484594,60.39493379201505
FIN,"kotapolku 3 a 2, 31600 jokioinen, Finland",23.485670333488684,60.79924557860906
FIN,"niittyportti 3 d, 2200 espoo, Finland",24.767833298429764,60.17024958514153
FIN,"hameen harkatie 610, 21450 tarvasjoki, Finland",22.731583278035544,60.58300341506629
FIN,"kievarintie 10, 63700 ahtari, Finland",24.05675043540856,62.54723696156742
FIN,"kuninkaistenportti 20, 2610 espoo, Finland",24.77504072933226,60.22279221574905
FIN,"karinrinne 4, 96800 rovaniemi, Finland",25.65803835431953,66.54906649447469
FIN,"sannastinlaakso 2, 50200 mikkeli, Finland",27.21355781295037,61.69560919594747
FIN,"tervajarventie 67, 41160 tikkakoski, Finland",25.712708615183125,62.373589143112824
FIN,"hyrkoistentie 4, 20240 turku, Finland",22.171142577273372,60.455457167912016
FIN,"pyhamaentie 29, 14200 turenki, Finland",24.633782191497176,60.91785227456961
FIN,"heinapolku 7, 96910 rovaniemi, Finland",25.80423659915303,66.53201829014907
FIN,"etelainen suokuja 1, 2700 kauniainen, Finland",24.71820587371956,60.21516125631426
FIN,"ainonkatu 3, 29200 harjavalta, Finland",22.13633353921415,61.31460303967566
FIN,"kankaanlaita 1, 94500 lautiosaari, Finland",24.5966045114196,65.81103384299718
FIN,"lapiokatu 5, 37120 nokia, Finland",23.516303004471723,61.465484505270354
FIN,"brunnsgatan 42, 6100 borga, Finland",25.662922321661796,60.397143135963546
FIN,"pajakatu 3, 80260 joensuu, Finland",29.802433582862108,62.604149748852535
FIN,"kyrkbackavagen 16, 68410 nedervetil, Finland",23.335712637442953,63.70239661713242
FIN,"saveltajantie 27 a 4, 68230 lohtaja, Finland",27.671811425075557,64.20879617311984
FIN,"ahvenjuova 24, 94450 keminmaa, Finland",24.484146611990468,65.78318224557825
FIN,"mannikonkuja 2, 62300 harma, Finland",22.82884436791244,63.26487342513394
FIN,"roopenkatu 22, 18150 heinola, Finland",26.03555600439924,61.19035825654416
FIN,"kaulaintie 9, 90420 oulu, Finland",25.572385194512265,64.94955625149868
FIN,"hintsantie 1 b, 67400 kokkola, Finland",23.165063794313483,63.851762802271054
FIN,"poikkikatu 23 c 28, 38200 sastamala, Finland",22.931371137002202,61.3283884624617
FIN,"korvenpaantie 9, 47710 jaala, Finland",26.498381898970507,61.04601056829375
FIN,"rahikantie 3, 15560 nastola, Finland",25.925366741472676,60.94433697827841
FIN,"riihisarkankatu 4 a  1, 80160 joensuu, Finland",29.82092531855261,62.61762856162042
FIN,"pohjoiskaari 48, 200 helsinki, Finland",24.881987443604487,60.16347382225257
FIN,"rimpitie 7 a, 96910 rovaniemi, Finland",25.78207032092942,66.52691270528683
FIN,"paaskyskuja 11 c, 2620 espoo, Finland",24.78481771647222,60.22775245841021
FIN,"reisjarventie 2882, 44880 muurasjarvi, Finland",25.23704000061241,63.54443558656817
FIN,"pikbrinken 1, 1650 vanda, Finland",24.830565138175416,60.257745590180974
FIN,"kuikkakuja 1 c 18, 10320 karjaa, Finland",23.642368690110764,60.05244091622286
FIN,"aittaluodonkatu 4 a 7, 28100 pori, Finland",21.809652970083818,61.490069297836186
FIN,"simeonintie 8, 4200 kerava, Finland",25.09338096952689,60.40138664208416
FIN,"maentakusenkatu 29, 33580 tampere, Finland",23.90350745241321,61.493913029084865
FIN,"pohjoiskeha 14, 26200 rauma, Finland",21.500689481152534,61.15341577266969
FIN,"jukolankatu 2 b 28, 33560 tampere, Finland",23.84034327410177,61.495095631803906
FIN,"aminoffinkuja 10, 36110 ruutana, Finland",24.043137973194547,61.5267951514231
FIN,"porkkatie 1, 93600 kuusamo, Finland",29.189109191852197,65.96169038022015
FIN,"koirasaarentie 31, 99 helsingin kaupunki, Finland",24.952980000000025,60.167950000000076
FIN,"isannantie 22, 70840 kuopio, Finland",27.68581502497466,62.84150186127121
FIN,"lakolammentie 14, 36110 ruutana, Finland",24.025658603769557,61.524043372610606
FIN,"oikotie 6, 61600 jalasjarvi, Finland",22.753488795251343,62.48473822254908
FIN,"kanervaraitti 1, 90900 90900 kiiminki, Finland",25.76278301482152,65.1296988575503
FIN,"ruunantie 28, 32700 huittinen, Finland",22.710181680838673,61.191615877296584
FIN,"juurikkaperantie 137, 42660 sahrajarvi, Finland",25.18217927086269,62.55978379052121
FIN,"haapaniementie 16, 44500 viitasaari, Finland",25.859532936410773,63.079588354136604
FIN,"metsamiehenkatu 2 b, 28500 pori, Finland",21.77775236860745,61.4748208976699
FIN,"vilppulantie 585, 41360 valkola, Finland",25.848379724588426,62.46809092465233
FIN,"karholantie 3, 37370 vesilahti, Finland",23.508051607528728,61.29441401050167
FIN,"palokunnankatu 25, 92100 raahe, Finland",24.483147489131966,64.6860557443863
FIN,"panimonkatu 3  bryggaregatan 3, 10960 hanko, Finland",22.985755858470583,59.831751161176584
FIN,"tiikontie 8, 37560 lempaala, Finland",23.767777366455533,61.395339500808774
FIN,"lansitie 20  b, 87150 kajaani, Finland",27.691344231223383,64.22621007739855
FIN,"someronkylantie 1122, 85200 alavieska, Finland",24.529562194146934,64.18126404945798
FIN,"kytotie 57a, 4430 jarvenpaa, Finland",25.109159986073678,60.48451680712611
FIN,"krassitie 4, 1300 vantaa, Finland",25.035302678605206,60.29178546289532
FIN,"larvatie 2, 66510 merikaarto, Finland",21.947233361167463,63.06979087324336
FIN,"jollontie 29, 60640 isokoski, Finland",23.001230842205125,62.77480191807255
FIN,"nahkurinkuja 2, 29700 ahlainen, Finland",21.619060600112064,61.67533423449777
FIN,"pastorintie 3, 27800 sakyla, Finland",22.33921985250862,61.045995480868044
FIN,"hillakatu 1 a 1, 38700 kankaanpaa, Finland",22.383371611304284,61.791307354248744
FIN,"kirkkotaival 2, 2300 espoo, Finland",24.671651713862843,60.16364464543929
FIN,"lampistentie 428, 38420 sastamala, Finland",23.075385812239432,61.484999671338585
FIN,"kisapolku 3, 2880 veikkola, Finland",24.442118589961414,60.27035953740049
FIN,"vaakakuja 4, 23500 uusikaupunki, Finland",21.419047397290853,60.81882377658917
FIN,"vahdontie 1500, 21310 vahto, Finland",22.30604830305373,60.609848806918535
FIN,"valtakatu 11 rakennus 78, 53600 lappeenranta, Finland",28.175697709070114,61.05729583694405
FIN,"paljetie 2, 20520 turku, Finland",22.301943936525817,60.451119239652115
FIN,"finnberginkatu 26 b 7, 20320 turku, Finland",22.24150890588831,60.48913200874307
FIN,"hakuntie 16, 45610 koria, Finland",26.60754571045169,60.853226376163406
FIN,"maravagen 10, 65710 singsby, Finland",21.6524287507182,63.161584741045516
FIN,"ratsastajantie 5, 90540 oulu, Finland",25.479558969605506,65.0744119077336
FIN,"kostilantie 3 c 51, 21530 paimio, Finland",22.68506656525892,60.45625277816143
FIN,"kalliotorpantie 17, 84100 ylivieska, Finland",24.515530720593176,64.06568028687764
FIN,"venehojantie 12, 35100 orivesi as, Finland",24.382241696297314,61.65153526312278
FIN,"vasankatu 6, 55420 imatra, Finland",28.745024562228934,61.204156084546895
FIN,"alajuoksu 1, 2920 espoo, Finland",24.753413407482867,60.279160640332464
FIN,"eskonkatu 10, 20320 turku, Finland",22.24625373363787,60.48114346828365
FIN,"kekkolantie 25, 40520 jyvaskyla, Finland",25.765399553703787,62.221151675200616
FIN,"mussukkakuja  4, 81100 kontiolahti, Finland",29.849005700018722,62.76873177046363
FIN,"fredrika runebergs gata 5 bsd 1., 6100 borga, Finland",25.63460146339358,60.39561649802869
FIN,"renkomaen vayla 28, 15680 lahti, Finland",25.663751627161986,60.92411225704669
FIN,"karjankierto 29, 71850 leppakaarre, Finland",27.702727693925937,63.07178077896674
FIN,"aurinkokivenkuja 1, 1700 vantaa, Finland",24.85167236293279,60.319023337363745
FIN,"marttilankatu 22, 38200 sastamala, Finland",22.91405353789544,61.341571016638255
FIN,"kalliolantie 5, 51200 kangasniemi, Finland",26.64995369811075,61.99236444290372
FIN,"kivenkatu 2 c 28, 38710 kankaanpaa, Finland",22.373706103476565,61.80603582496104
FIN,"kvarnvagen 1, 66140 overmalax, Finland",21.632386111483157,62.91853184482014
FIN,"pohjolankatu 2 a 3, 610 helsinki, Finland",24.944175046376955,60.21440193067045
FIN,"gamla byvagen 17, 4130 sibbo, Finland",25.270783279682888,60.384464040577626
FIN,"halikontie 2, 24800 halikko, Finland",23.08155858101395,60.39676804579645
FIN,"matinmaentie 567 as 2, 41120 puuppola, Finland",25.712996314146096,62.33872052391001
FIN,"kelankaari 17, 38700 kankaanpaa, Finland",22.415502631298978,61.79774566171585
FIN,"toivojentie 3, 5200 rajamaki, Finland",24.754823411235037,60.53079505475742
FIN,"kanervakuja 3b, 80710 lehmo, Finland",29.817874138158686,62.64054929494884
FIN,"amurinkuja 21 b, 33230 tampere, Finland",23.745494747415876,61.49880244466419
FIN,"nattilantie 23, 85980 koyhanpera, Finland",25.094652252781515,63.62322384194621
FIN,"myllypellontie 1, 21490 marttila, Finland",22.900210657576196,60.585898105327914
FIN,"piispalantie 6 a 6, 21420 lieto, Finland",22.460377832157718,60.511135803773584
FIN,"kirkkopuistokatu 10, 94100 kemi, Finland",24.564559166262445,65.73265308129963
FIN,"kauppatie 1, 21620 kuusisto, Finland",22.386299326264435,60.38985653798554
FIN,"lyylikinsola 6, 60120 seinajoki, Finland",22.848411082685175,62.79721926096698
FIN,"vainolankatu 3, 53100 lappeenranta, Finland",28.193027287811532,61.05391906157783
FIN,"oravinharjuntie 5 b, 50170 mikkeli, Finland",27.310622933931,61.71370979012627
FIN,"puuskantie 2, 24280 salo, Finland",23.216314857460702,60.431214231267205
FIN,"tulliportinkatu 37 h, 70110 kuopio, Finland",27.666737058976082,62.89303380199382
FIN,"haarakuja 1, 28220 pori, Finland",21.857971456767046,61.50653353496759
FIN,"daghemsvagen 4, 64200 narpes, Finland",21.357753640672996,62.448968953662074
FIN,"valkiavuorentie 6, 60550 nurmo, Finland",22.909629988907653,62.826233428356346
FIN,"vilhelminkatu 1 a 5, 33400 tampere, Finland",23.659635895704668,61.525011356698826
FIN,"valokkiviita 4 as 10, 60150 seinajoki, Finland",22.89042688109467,62.76785602921987
FIN,"kaptensgatan 39, 65200 vaasa, Finland",21.59953833976832,63.10635973006573
FIN,"kursuntie 21, 90910 kontio, Finland",25.59869615621804,65.16972466612688
FIN,"pitkansillantie 9, 17110 kalliola, Finland",25.67112271382297,61.06711790853339
FIN,"taatontie 3 b 7, 74130 iisalmi, Finland",27.224824934836874,63.5529739798759
FIN,"pelttarinkatu 6, 20610 turku, Finland",22.35704019775477,60.44895226622418
FIN,"lammasrinne 3 c, 1710 vantaa, Finland",24.80828754827766,60.262194075743764
FIN,"kivalterintie 17-19 c a 8, 620 helsinki, Finland",24.952077253233682,60.229227505731046
FIN,"keskitie 4, 64350 karijoki, Finland",21.70598081392515,62.30580298803085
FIN,"kaskitie 5, 67600 kokkola, Finland",23.179781159004108,63.82797030910288
FIN,"kumpulankatu 12, 8150 lohja, Finland",24.074774460901864,60.235823183430284
FIN,"napanpolku 1, 38300 sastamala, Finland",22.763597789576096,61.318370621334
FIN,"hatanpaantie 73, 29570 soormarkku, Finland",21.813225337217204,61.56868052741916
FIN,"mieluskylantie 914, 86550 mieluskyla, Finland",25.19341093729875,64.15985411226742
FIN,"letkukaari 2 b 14, 70820 kuopio, Finland",27.650935998023925,62.83687425443756
FIN,"punakiventie 2, 1700 vantaa, Finland",24.844943203425487,60.319183850809566
FIN,"teollisuustie 13, 68660 jakobstad, Finland",22.729056453878897,63.68563812279227
FIN,"ruusutorpantie 2 a 3, 2600 espoo, Finland",24.80483529381678,60.214405199612685
FIN,"lauskeentie 30, 64760 peltola, Finland",21.827304503800036,62.49063778318961
FIN,"takkupolku 5, 90820 kello, Finland",25.36096811544195,65.14647745766979
FIN,"talvikkitie 117 a, 1360 vantaa, Finland",25.05206061762388,60.317261251768684
FIN,"linnoituskuja 1, 1280 vantaa, Finland",25.117560580893212,60.24414494645043
FIN,"kangaspellontie 6, 99 helsingin kaupunki, Finland",24.88271000000003,60.20949000000007
FIN,"storakersv. 2 / isopellontie 2, 68630 jakobstad, Finland",22.69497179551746,63.66299391894739
FIN,"kaarretie 26, 5400 jokela, Finland",24.96433335587585,60.544976857744615
FIN,"koivutie 17-19 a3, 93100 pudasjarvi, Finland",27.011691828729454,65.35590961824911
FIN,"juhanintie 10, 31400 somero, Finland",23.501813040814284,60.6290486876988
FIN,"koiralammentie 32, 43100 saarijarvi, Finland",25.204842763582633,62.71787004671893
FIN,"jarvenpaantie 640, 4400 jarvenpaa, Finland",25.07931303469431,60.45402122216953
FIN,"paivaperhosenkatu 1, 80710 lehmo, Finland",29.803193318565945,62.64050256583863
FIN,"mikolantie 20, 21420 lieto, Finland",22.495892961740452,60.52003017650918
FIN,"skolvagen 3, 2580 sjundea, Finland",24.230531009021462,60.13705133932504
FIN,"maenrinteenkatu 30, 33580 tampere, Finland",23.89773039328759,61.493790653298504
FIN,"joutsentie 5, 21420 lieto, Finland",22.437221064435874,60.491530699884294
FIN,"ojavainionkatu 15 d 17, 33710 tampere, Finland",23.89594622137767,61.46172044401138
FIN,"topeeka 47, 61800 kauhajoki, Finland",22.18077816170677,62.42882267219426
FIN,"saarikorventie 1 a, 33420 tampere, Finland",23.63983230834819,61.51968147210761
FIN,"ohjaajantie 13 m 109, 400 helsinki, Finland",24.889004270028778,60.22628969057757
FIN,"friisinniityntie 21-23, 2240 espoo, Finland",24.713243052695532,60.16767479021459
FIN,"kotikylantie 3, 3100 nummela, Finland",24.319665173217487,60.31606737538988
FIN,"kirkkotie 18, 29100 luvia, Finland",21.62744430900898,61.360977721102984
FIN,"varstatie 1 a 7, 20540 turku, Finland",22.33297801685194,60.45866027030101
FIN,"hikiantie 233, 12240 hikia, Finland",24.915721376041105,60.75896734366747
FIN,"kaijunpolku 4, 12400 tervakoski, Finland",24.650703326170657,60.814298177517145
FIN,"seulapolku 4 d 15, 80400 ylamylly, Finland",29.54317000207638,62.608589140050384
FIN,"amerikanraitti 10, 70820 kuopio, Finland",27.67045677996728,62.82674765811615
FIN,"ahulinjarventie 23, 36200 kangasala, Finland",24.024144748237063,61.449597068805986
FIN,"eerolantie 8, 35300 orivesi, Finland",24.365786260164242,61.673764824715334
FIN,"niementie 3, 68210 marinkainen, Finland",23.45195270304194,63.94378377773975
FIN,"pursikatu 4, 26100 rauma, Finland",21.486749789438562,61.13568394032106
FIN,"nauriskatu 5, 70820 kuopio, Finland",27.663160668529173,62.83394494691581
FIN,"kotitontuntie 19 a ja b, 2200 espoo, Finland",24.770614246265325,60.17709613320284
FIN,"heikkilantie 6, 4200 kerava, Finland",25.10988032683258,60.406121453459434
FIN,"isoharjantie 3, 71870 harjamaki, Finland",27.60916356886438,63.07680264846717
FIN,"jauhotie 10, 33450 siivikkala, Finland",23.652663577186246,61.550790654286175
FIN,"alipostinkuja 4 b, 4300 tuusula, Finland",25.01267472515474,60.39354214463083
FIN,"lehtimaentie 5, 33960 pirkkala, Finland",23.622207429084085,61.46541225326499
FIN,"meruksentie 1 d 15, 49410 poitsila, Finland",27.15676949692741,60.57895353090902
FIN,"klemelantie 167, 31630 minkio, Finland",23.432878508899762,60.83795350083986
FIN,"ylioppilaskyla 20 b, 20540 turku, Finland",22.296040739868847,60.463460591125994
FIN,"ahontie 47, 90900 kiiminki, Finland",25.755587530208572,65.11908485326873
FIN,"tuovintie 39, 1420 vantaa, Finland",25.097311243925844,60.327203488129754
FIN,"rastaanpolku 6, 37140 nokia, Finland",23.46569315691744,61.47399343618844
FIN,"tahvontie 28, 32210 loimaa, Finland",22.981210771473684,60.87866059079704
FIN,"kaltimonrinne 9 a 9, 81200 eno, Finland",30.15815443605477,62.79864809592623
FIN,"uudenmaankatu 169, 5840 hyvinkaa, Finland",24.815700419626978,60.600893581565884
FIN,"kalamiestenkatu 9 b 14, 37120 nokia, Finland",23.4915801619606,61.46919010275471
FIN,"pellisentie 15, 42560 pohjoisjarvi, Finland",24.776664303977356,62.20543933669359
FIN,"melakatu 2 c 15, 33410 tampere, Finland",23.71222722516964,61.52699941840348
FIN,"eisfosvagen 7, 68820 esse, Finland",23.03953473597744,63.59807477965862
FIN,"talvitie 32, 96190 rovaniemi, Finland",25.67047952938381,66.52951352602315
FIN,"kanoottimatka 9, 86300 oulainen, Finland",24.838426357525606,64.26271137979938
FIN,"alkiontie 12, 66400 laihia, Finland",22.014939357533564,62.98201692429464
FIN,"nuolikuja 1 a 19, 33950 pirkkala, Finland",23.69136274032823,61.468763505792595
FIN,"hauskamaantie 5, 63700 ahtari, Finland",24.10087369573344,62.54507837004266
FIN,"loukkutie 3, 90540 oulu, Finland",25.446240820664087,65.0869755843128
FIN,"oksojankuja 1 e 10, 80260 joensuu, Finland",29.82603693838513,62.59879777794649
FIN,"koskelantie 15, 71800 siilinjarvi, Finland",27.651274123998007,63.11716442607212
FIN,"kulolaakso 1, 2340 espoo, Finland",24.653321748903636,60.177774564445855
FIN,"urheilutie 7, 16300 orimattila, Finland",25.738760356669673,60.81157167014274
FIN,"tottoronperantie 23, 86600 haapavesi, Finland",25.3923103145288,64.14588198258815
FIN,"humalistonkatu 4, 99 helsingin kaupunki, Finland",24.952980000000025,60.167950000000076
FIN,"poromiehentie 6, 96200 rovaniemi, Finland",25.723785751370627,66.50154093583185
FIN,"viidentie 5, 31640 humppila, Finland",23.383674306508,60.915933866480344
FIN,"kuhasalontie 12 c, 80220 joensuu, Finland",29.765090192558745,62.58345298589367
FIN,"hietarannantie 50, 71200 tuusniemi, Finland",28.464555520780635,62.840180621873685
FIN,"aijalantie 12 a 2, 63350 sulkavankyla, Finland",23.544503247153244,62.451608498791046
FIN,"kurkihirrentie 2, 2330 espoo, Finland",24.65720357590226,60.16783639330782
FIN,"pieksupolku 5, 720 helsinki, Finland",24.9852304463206,60.2495758329749
FIN,"koivistonkylantie 143b, 44250 aanekoivisto, Finland",25.736208088010542,62.53183396596832
FIN,"trastvagen 20, 99 helsingin kaupunki, Finland",24.84615489663579,60.21819704424952
FIN,"ampujankatu 8, 38200 sastamala, Finland",22.93615250984959,61.3225356728409
FIN,"kesayonpolku 2, 2600 espoo, Finland",24.795044392717557,60.211817538464345
FIN,"siltalantie 19, 8700 lohja, Finland",23.991805270310408,60.20365989310838
FIN,"lintuparvenpuisto 5 b, 2660 espoo, Finland",24.80562981441878,60.23816751792941
FIN,"kukkastie 21 as. 2, 15560 nastola, Finland",25.92552994873663,60.948543697326386
FIN,"ahonlaidantie 4, 81100 kontiolahti as, Finland",29.849066887911903,62.77322157880906
FIN,"kakimaentie 6, 4200 kerava, Finland",25.11710309661791,60.424401713732806
FIN,"sokeripolku 5, 2460 kantvik, Finland",24.39572122152694,60.09292506151502
FIN,"alanurmontie 5, 62100 lapua, Finland",22.99424412799732,62.96694529846633
FIN,"tervatie 11, 38360 sastamala, Finland",22.578495946982173,61.47251717349167
FIN,"brannbackintie 40, 29600 noormarkku, Finland",21.888118815556226,61.58729078322057
FIN,"malmvagen 26, 66800 oravais, Finland",22.398894513637753,63.306620468390264
FIN,"linnikantie 10 d, 38950 honkajoki, Finland",22.278190544935967,61.9954247595721
FIN,"koskenpaantie 29, 42300 jamsankoski, Finland",25.164312825149068,61.92893740810871
FIN,"kolmenassantie 2, 15880 hollola, Finland",25.4937708217156,60.987384394271004
FIN,"jakomaenpolku 6, 99 helsingin kaupunki, Finland",25.07702000000006,60.26040000000006
FIN,"teuroontie 2-4e10, 40520 jyvaskyla, Finland",25.776139537699578,62.207197105608515
FIN,"niemistenkatu 42, 74700 kiuruvesi, Finland",26.602398132254564,63.65052168893186
FIN,"lukkarinkaari 7, 91800 tyrnava, Finland",25.64771184960739,64.77267860657196
FIN,"norrintie 1, 31300 tammela, Finland",23.752475196380402,60.80866415556923
FIN,"sarkantie 7 as 2, 80100 joensuu, Finland",29.781620898182325,62.61003497643864
FIN,"poutvaarantie 4, 36220 kangasala, Finland",23.944847669426736,61.47199925569444
FIN,"suksikatu 18, 78500 varkaus, Finland",27.94805585776831,62.289808179386796
FIN,"poskipuronkatu 3, 74120 iisalmi, Finland",27.212790449714646,63.5772147791354
FIN,"pohjoinen koulutie 3, 4130 sipoo, Finland",25.26556261129005,60.376528892841435
FIN,"tammitie 12, 23500 uusikaupunki, Finland",21.430941904630032,60.79932864326952
FIN,"neulamaentie 25, 70150 kuopio, Finland",27.602834351175858,62.89345599845677
FIN,"rinnetie 15, 81200 eno, Finland",30.14546280267902,62.79390279333754
FIN,"komentajankatu 10, 2600 espoo, Finland",24.821770258630522,60.21518744072654
FIN,"rakuunantie 15 b 22, 330 helsinki, Finland",24.885306593442948,60.20127863632575
FIN,"liesitie 1, 4200 kerava, Finland",25.079690471794322,60.41621556990603
FIN,"valkjarventie 460, 1860 perttula, Finland",24.71188686076175,60.42138016336662
FIN,"peltotie 41, 28400 ulvila, Finland",21.863679868105663,61.42950103684771
FIN,"kettukalliontie 1, 18300 heinola, Finland",26.067039187097464,61.244789455665654
FIN,"ylikylantie 5, 14200 turenki, Finland",24.653264919600105,60.92211853755737
FIN,"karkkaisenkatu 15, 39700 parkano, Finland",23.014180819976218,62.00309663172956
FIN,"joroisniementie 12, 79600 joroinen, Finland",27.830132957468805,62.17686236937385
FIN,"kourakuja 1, 2320 espoo, Finland",24.64149396151373,60.14531602158459
FIN,"kartanontie 8, 12540 launonen, Finland",24.581693524765626,60.7498461197828
FIN,"makelantie 1, 28400 ulvila, Finland",21.858112859473607,61.4180441067638
FIN,"voragatan 2, 65100 vasa, Finland",21.61574652493732,63.107210622684676
FIN,"puutarhakatu 24, 5800 hyvinkaa, Finland",24.868320918115018,60.627035270737025
FIN,"raatetie 25, 1350 vantaa, Finland",25.029522685813504,60.30634876820554
FIN,"akselintie 11, 20200 turku, Finland",22.23097788273867,60.448944764420844
FIN,"kallentie 1 d 9-10, 74700 kiuruvesi, Finland",26.598000734391633,63.65589419550071
FIN,"selvinkatu 2, 32700 huittinen, Finland",22.71914157180994,61.17884118183197
FIN,"bodangsvagen 11, 25840 nivelax, Finland",22.632832537909167,60.07768566538405
FIN,"oivantie 105, 15270 kukkila, Finland",25.666623518646986,61.05394412346834
FIN,"pyhan katariinantie 16 d 20, 20780 kaarina, Finland",22.359861881639745,60.405889316650985
FIN,"mayramaenkatu 2, 33720 tampere, Finland",23.832862844612862,61.43261269267305
FIN,"joonaantie 12, 64900 isojoki, Finland",21.961554764752066,62.10981091582673
FIN,"killingholmankuja 3, 550 helsinki, Finland",25.034981232618435,60.18586951316607
FIN,"tulliportinkatu 30 b 18, 70100 kuopio, Finland",27.68287465334072,62.89334254939732
FIN,"vapakuja 9, 49490 neuvoton, Finland",27.055122827671056,60.55480111881849
FIN,"ruiskukkatie 12, 90580 oulu, Finland",25.42117633177955,65.06860207536658
FIN,"haapanantie 8, 82500 kitee, Finland",30.123667507489984,62.10900038578967
FIN,"palojoentie 2, 11130 riihimaki, Finland",24.814799029759513,60.7397636122721
FIN,"pastellintie 1, 37630 valkeakoski, Finland",24.01578916423759,61.279005474075205
FIN,"varhelantie 3, aarteenetsijanpolku, 970 helsinki, Finland",25.106092209511473,60.23969763435409
FIN,"jussilanpuisto 5, 41660 toivakka, Finland",26.086619312915303,62.097062460192035
FIN,"pappilankatu 1, 49400 hamina, Finland",27.20929787829951,60.56360915795136
FIN,"risteentie 129, 32800 kokemaki, Finland",22.387483270087984,61.257757726711105
FIN,"paavo kolin katu 10 b 11, 33720 tampere, Finland",23.83295512936681,61.445939248169736
FIN,"kirkkotie 3, 77600 suonenjoki, Finland",27.12872096669335,62.62291297438691
FIN,"suvikuja 8, 15270 kukkila, Finland",25.660349747939193,61.05381022256512
FIN,"pysakkitie 47, 61500 isokyro, Finland",22.322066036202983,62.99018894461457
FIN,"rajamaentie 38, 4200 kerava, Finland",25.082768558097428,60.40064149089187
FIN,"rekontie 3, 29270 hormisto, Finland",21.949072686000306,61.32209252162002
FIN,"kaislapolku 3, 74700 kiuruvesi, Finland",26.64132536698193,63.63974679430936
FIN,"viittatie 8 a 4, 87250 kajaani, Finland",27.752682747204176,64.23665811970673
FIN,"laakarinkuja 11, 4410 jarvenpaa, Finland",25.09804692356755,60.477245715669
FIN,"saukontie 2-4, 88400 ristijarvi, Finland",28.215688517417618,64.50486745429453
FIN,"sauvakatu 1, 15340 lahti, Finland",25.788609881786925,61.00702025974496
FIN,"vapaudentie 6, 96100 rovaniemi, Finland",25.714225855522898,66.49468839470981
FIN,"kirkonsalmentie 29, 74120 iisalmi, Finland",27.180383188321425,63.5682259237732
FIN,"kyntajantie 34, 33340 tampere, Finland",23.600957041420486,61.50749443634763
FIN,"soukanahde 6 a 3, 2360 espoo, Finland",24.674806913675184,60.14067718300069
FIN,"paistanojantie 57, 21270 nousiainen, Finland",22.12717245431952,60.62708631652737
FIN,"saterinrinne 19, 2600 espoo, Finland",24.80777717419332,60.21279214425607
FIN,"rasavilliuksenkuja 2 a 3, 960 helsinki, Finland",25.14992369578681,60.22033254626223
FIN,"ututie 2, 48350 kotka, Finland",26.85670297912168,60.487028276774566
FIN,"kirkonkylantie 163, 32700 huittinen, Finland",22.729526694272437,61.162971268018225
FIN,"tammihaantie 6, 2940 espoo, Finland",24.724095270374846,60.23278767719529
FIN,"oravankatu  29, 67800 kokkola, Finland",23.08440155493301,63.8253872160918
FIN,"forsellesintie 14, 2700 kauniainen, Finland",24.734828716486135,60.21074867817143
FIN,"saapungintie 9, 93800 kuusamo, Finland",29.255373836148237,66.00398931931889
FIN,"sorkanmaatie 51, 26410 kaaro, Finland",21.53753892590177,61.167430775783686
FIN,"luolavuorenpolku 22, 21250 masku, Finland",22.06605916007703,60.53600838898495
FIN,"kirvesmiehenkatu 12, 5800 hyvinkaa, Finland",24.859123371941564,60.6245800855684
FIN,"iiksenjoentie 41 a, 80910 kulho, Finland",29.92731388189239,62.57691782553536
FIN,"marjamaenkatu 4, 6450 porvoo, Finland",25.613842171437028,60.35799994150082
FIN,"paattilantie 7, 42100 jamsa, Finland",25.187291309790368,61.861709054495066
FIN,"ravilankaari 1, 45160 kouvola, Finland",26.71362037151755,60.8891372992141
FIN,"kauppakartanonkatu 13, 99 helsingin kaupunki, Finland",25.079870000000028,60.20724000000007
FIN,"vanha kulloontie 35, 6830 kulloonkyla, Finland",25.477678741085185,60.340283950949214
FIN,"rintapellontie 14, 11710 riihimaki, Finland",24.739668343560623,60.71291964534339
FIN,"kivenhakkaajantie 9, 60800 ilmajoki, Finland",22.563000238762697,62.73272847883996
FIN,"polttolinja 39, 40520 jyvaskyla, Finland",25.77333034285033,62.22526186715126
FIN,"linnunradantie 6, 99 helsingin kaupunki, Finland",25.006070000000022,60.27994000000007
FIN,"tetrilantie 19, 90460 oulunsalo, Finland",25.431253642510285,64.94245745006131
FIN,"kyntajantie 11, 32440 alastaro, Finland",22.851644988568324,60.9509966666582
FIN,"ylaaitankatu 4 b 51, 40320 jyvaskyla, Finland",25.786518764582695,62.24941038165679
FIN,"ukonmaenkatu 5 as. 9, 53550 lappeenranta, Finland",28.22733617770828,61.03584231391355
FIN,"ojarinnankuja 21, 21410 vanhalinna, Finland",22.394097597521778,60.48853513341794
FIN,"yrityspuistontie 5a, 90940 jaali, Finland",25.651252784603855,65.07048410599609
FIN,"jussinkuja 1, 24800 halikko, Finland",23.06820755036,60.402765548975566
FIN,"syvarintie 33, 73300 nilsia, Finland",28.09601874467731,63.20263305828098
FIN,"liipolantie 3, 25360 pertteli, Finland",23.246621304772162,60.44845857212715
FIN,"parmankatu 14, 32800 kokemaki, Finland",22.38467918819967,61.26070187020147
FIN,"rantahaka 6, 40530 jyvaskyla, Finland",25.69957110364902,62.186022280802035
FIN,"karintie 1, 91900 liminka, Finland",25.412663335638427,64.81272243653086
FIN,"ostostie 5, 940 helsingin kaupunki, Finland",24.952980000000025,60.167950000000076
FIN,"karhunlukontie 8, 13100 hameenlinna, Finland",24.462597074202534,60.982336895997804
FIN,"kiskokatu 3 c 10, 76100 pieksamaki, Finland",27.166440536811223,62.3169445909173
FIN,"havutie 18, 62900 alajarvi, Finland",23.79775390205799,63.03699286330351
FIN,"kankunkuja 1, 78300 varkaus, Finland",27.88281925389674,62.333775284855534
FIN,"nybyntie 12, 21570 sauvo, Finland",22.65956504394279,60.36166455147867
FIN,"vastanlid 1, 66900 nykarleby, Finland",22.521741996762216,63.52683069814316
FIN,"koppelontie 19, 71800 siilinjarvi, Finland",27.6588291524252,63.08226867722453
FIN,"sopentie 68a, 45610 koria, Finland",26.567864188257545,60.83015627732041
FIN,"iiksenraitti 4, 80910 kulho, Finland",29.93632493072019,62.58711281818668
FIN,"peurankaari 1, 14200 turenki, Finland",24.641113171652478,60.937723461975224
FIN,"sammontie 6, 6150 porvoo, Finland",25.69710330371609,60.38834041933919
FIN,"voikukantie 20, 27100 eurajoki, Finland",21.736768131021762,61.21586178951705
FIN,"iltatie 1, 21230 lemu, Finland",21.967265690661634,60.568208978776
FIN,"isoahontie 18, 44500 viitasaari, Finland",25.843833631763147,63.06609545977139
FIN,"meritullinraitti 8 a 6, 90100 oulu, Finland",25.461101012984813,65.01169565832788
FIN,"suolakankareenkatu 15, 20360 turku, Finland",22.272895193785843,60.478170658684405
FIN,"luolatie 5, 70780 kuopio, Finland",27.656656395484077,62.85567000175624
FIN,"vadelmatie 8, 70280 kuopio, Finland",27.644704555927177,62.91987496098497
FIN,"hyyriantie 114, 66500 vahakyro, Finland",22.106335043025354,63.07134999105304
FIN,"lillbackankuja 15, 4360 tuusula, Finland",24.977361012705302,60.360092651266655
FIN,"takahuhdintie 1, 33530 tampere, Finland",23.82092466755813,61.49896564031903
FIN,"mariankatu 3, 170 helsinki, Finland",24.958069811089928,60.16947363045509
FIN,"eriksgatan 45, 99 helsingfors stad, Finland",24.924275242001116,60.163392376198814
FIN,"hansvagen 9b, 2360 esbo, Finland",24.671909205928415,60.1526182937215
FIN,"vanha turuntie 30, 10420 pohjankuru, Finland",23.542535511563784,60.09920235262214
FIN,"tortteentie 94, 71720 kaarmelahti, Finland",27.44606895719005,63.10914432774723
FIN,"vayla 2, 10210 inkoo, Finland",24.025767065596654,60.05102229306988
FIN,"pysakkitie 366, 16630 tennila, Finland",25.34602117042337,60.95456446565436
FIN,"ailakinkatu 8, 40100 jyvaskyla, Finland",25.762392462120573,62.25042731605956
FIN,"einarintie 16, 63300 alavus, Finland",23.63593941723738,62.591789249606336
FIN,"kuoppanummentie 18, 3100 nummela, Finland",24.323324125410664,60.33817845878107
FIN,"lepikonranta 3, 49400 hamina, Finland",27.190629259238136,60.56230382830293
FIN,"liinaharjankatu 4, 40200 jyvaskyla, Finland",25.726806673094075,62.270197124346254
FIN,"valtatie 69, 90500 oulu, Finland",25.486551823786726,65.02579473193074
FIN,"vaakamestarinpolku 2 e, 750 helsinki, Finland",25.022335539116682,60.27701592085745
FIN,"latvatie 13, 40320 jyvaskyla, Finland",25.785987100464297,62.25209896091934
FIN,"taoskuja 7, 20320 turku, Finland",22.236902798636294,60.4728399359029
FIN,"nasiankatu 2 as 1, 13500 hameenlinna, Finland",24.375097716401854,60.98022084263164
FIN,"opintotie 3, 21530 paimio, Finland",22.690441209213077,60.453342749017
FIN,"hartaantie 13 a 23, 90500 oulu, Finland",25.455332419581396,65.02926278627908
FIN,"valhallagrand 2, 25710 vreta, Finland",22.699876088187903,60.16370239327108
FIN,"opottatie 12c, 80400 ylamylly, Finland",29.55585374941856,62.614860312368194
FIN,"sockenvagen 12, 10520 tenhola, Finland",23.29473652897836,60.05993073579406
FIN,"lemmenpolku 15, 38200 sastamala, Finland",22.926970051101847,61.33489981821501
FIN,"alikylantie 44, 13430 hameenlinna, Finland",24.500993231544726,60.96073291774874
FIN,"toivojentie 6, 5200 rajamaki, Finland",24.75391799805402,60.53070796678341
FIN,"karkkulantie 7, 4600 mantsala, Finland",25.3272663267922,60.649357117083554
FIN,"tasangontie 9, 87970 jormua, Finland",27.985598485910145,64.29175882334437
FIN,"asemantie 12 a 1, 33470 ylojarvi, Finland",23.58349745328701,61.559257047045634
FIN,"matti kurjenkatu 1, 37120 nokia, Finland",23.50934082805614,61.46911638391629
FIN,"tuuralan kylatie 41, 61500 isokyro, Finland",22.269714093892702,63.014632041107234
FIN,"savontie 76, 78300 varkaus, Finland",27.883321084543734,62.33256218363414
FIN,"puistotie 13, 2760 espoo, Finland",24.683455864285804,60.20155209591684
FIN,"muihkontie 10, 27400 kiukainen, Finland",22.094990026244087,61.21206129931193
FIN,"alapappilantie 21, 81200 eno, Finland",30.151006593439263,62.78721172958018
FIN,"kaakonpojankuja 1, 90420 oulu, Finland",25.53496200849068,64.95641805462373
FIN,"finlandarvagen 4, 2270 esbo, Finland",24.700743874861274,60.16286827165766
FIN,"niskapietilantie 2a, 55910 imatra, Finland",28.872988982532632,61.237919061089826
FIN,"pietarikylliaisentie 43, 57710 savonlinna, Finland",28.81382028982688,61.889188830689136
FIN,"rauramaentie 1 f 231, 20360 turku, Finland",22.266857038376315,60.484953755738644
FIN,"mantytie 1, 11310 riihimaki, Finland",24.787591623509115,60.76640637161509
FIN,"rusthallsvagen 45, 10620 ekenas, Finland",23.428162850173265,60.00070933252607
FIN,"laivapojankuja 1.b., by the sea -daycare, 180 helsinki, Finland",24.91711926270705,60.16006287097807
FIN,"sukkulapolku 3, 70900 toivala, Finland",27.72386199223058,62.9919345597699
FIN,"matruusinkatu 3 b 12, 160 helsinki, Finland",24.97546410419767,60.167441186573086
FIN,"kukkilantie 50, 15270 kukkila, Finland",25.66144886690259,61.0352163114749
FIN,"tuulaakitie 3, 90560 oulu, Finland",25.447673204097754,65.04486255582648
FIN,"kuriirinkatu 1 b 5, 15700 lahti, Finland",25.608948732544178,60.958666652887445
FIN,"koliranta 7, 81200 eno, Finland",30.129444650434635,62.790325606609855
FIN,"siltavoudintie 1 d 27, 640 helsinki, Finland",24.965240948351692,60.22925043023622
FIN,"harjutie 21c, 1390 vantaa, Finland",25.00499851238339,60.31737478838539
FIN,"rekolanpolku 1 b 6, 21500 piikkio, Finland",22.5061297800886,60.426256461267485
FIN,"vanha-juvankatu 2 a 7, 33710 tampere, Finland",23.88383738877431,61.463950575079735
FIN,"ututie 1, 48350 kotka, Finland",26.855314349222596,60.488310749869925
FIN,"libeckinkatu 32, 67200 kokkola, Finland",23.114497700293782,63.84320378948152
FIN,"vuokaari 5 b, 41430 laukaa, Finland",25.94579587967405,62.41228848808086
FIN,"safiirikuja 2, 1700 vantaa, Finland",24.851176070445774,60.317757795712794
FIN,"vainionpaantie 51, 66300 jurva, Finland",21.99855768214843,62.67681263511852
FIN,"virkkalantie 4, 8700 lohja, Finland",23.99685738343347,60.188075487363704
FIN,"eerolantie 41, 41310 leppavesi, Finland",25.856173301979993,62.33116478302105
FIN,"hiiliruukinkatu 8 b 13, 80260 joensuu, Finland",29.800276248622822,62.606905509069065
FIN,"ellipsipolku 4a, 2210 espoo, Finland",24.728665434739924,60.171092680723945
FIN,"atomikatu 5, 33720 tampere, Finland",23.848947549168457,61.44443260107397
FIN,"vaunukalliontie 34, 1200 vantaa, Finland",25.110719187702387,60.28574827140466
FIN,"kuljunkatu 22, 8150 lohja, Finland",24.10010901470673,60.24642457265705
FIN,"hyvinkaankatu 44, 5830 hyvinkaa, Finland",24.84892284723415,60.623482349619024
FIN,"nasbyvagen 241, 21760 houtskar, Finland",21.376359789341848,60.225035045400745
FIN,"huhdanniementie 15a, 46910 anjala, Finland",26.812436136795412,60.68450017398433
FIN,"lahnaniementie 47, 52550 hietanen, Finland",26.9761296766699,61.56629725897977
FIN,"kiviahteentie 15, 37120 nokia, Finland",23.499911270802812,61.45756943219229
FIN,"albin stenroosintie 22, 23200 vinkkila, Finland",21.761545288265467,60.66898724095384
FIN,"hossintie 2, 32100 ypaja, Finland",23.26274817030074,60.80983892120878
FIN,"aaltosenkatu 37, 33500 tampere, Finland",23.781573140891993,61.50044098100645
FIN,"varpasaarentie 25, 71720 kaarmelahti, Finland",27.418028054487905,63.102229006170404
FIN,"kansitie 7, 40900 saynatsalo, Finland",25.73770448832667,62.14416217624404
FIN,"jyvaskylankatu 2, 65350 vaasa, Finland",21.65552611539863,63.0761096128617
FIN,"pitkaaro 3, 13210 hameenlinna, Finland",24.500777816633132,61.02065979550622
FIN,"uittotie 10, 21140 rymattyla, Finland",21.934438218332104,60.37807011528781
FIN,"matkajangantie 3, 96440 rovaniemi, Finland",25.800182356406083,66.48770874202611
FIN,"leikosaarentie 27 b 30, 990 helsinki, Finland",25.151487004548073,60.204430399557765
FIN,"kalkkihiekankuja 4, 99 helsingin kaupunki, Finland",25.14110000000005,60.20163000000008
FIN,"hakatie 16, 35100 orivesi as, Finland",24.36145281622254,61.652564099828055
FIN,"sahatie 201, 61270 luopajarvi, Finland",22.749151579453212,62.59681160217002
FIN,"lohkarekuja 3, 99 helsingin kaupunki, Finland",24.952980000000025,60.167950000000076
FIN,"ida aalbergin tie 4, 400 helsinki, Finland",24.90067305271546,60.229906020793095
FIN,"anna-maria makijarvi  puotikatu 1 i 68, 15700 lahti, Finland",25.62861259357473,60.94761708329787
FIN,"viides linja 4, 99 helsingin kaupunki, Finland",24.952980000000025,60.167950000000076
FIN,"keskustie 24, 61600 jalasjarvi, Finland",22.76384455280558,62.48844260465748
FIN,"vihannestie 10, 90460 oulunsalo, Finland",25.407207638680575,64.92930532196971
FIN,"asemapaallikonkatu 7, 520 helsinki, Finland",24.93913852839691,60.19887483222357
FIN,"mastotie 10, 68100 himanka, Finland",23.67551063358576,64.06292423329452
FIN,"kunniamarssi 1, 90650 oulu, Finland",25.58796543868926,65.00870852932711
FIN,"urhontie 6a, 7230 askola, Finland",25.532121549142573,60.498678116360054
FIN,"essevagen 166, 68820 esse, Finland",23.04227939017224,63.59706304203581
FIN,"ollinojankatu 6, 33400 tampere, Finland",23.67740402169406,61.523738229425504
FIN,"ratamonkatu 7, 50100 mikkeli, Finland",27.283167674803707,61.69824794479564
FIN,"santamaentie 18, 96100 rovaniemi, Finland",25.68323217597009,66.50156386033706
FIN,"paulankatu 2 c, 240 helsinki, Finland",24.929281242624512,60.19381710802847
FIN,"polariksenkatu 1, 99 helsingin kaupunki, Finland",24.952980000000025,60.167950000000076
FIN,"palomaentie 2, 58500 punkaharju, Finland",29.388053496083273,61.75569885026462
FIN,"karhumaentie 7, 33880 lempaala, Finland",23.75451496880815,61.41622948095562
FIN,"leinosenkuja 9, 90940 jaali, Finland",25.64760078939031,65.06617937007275
FIN,"mustikkakatu 2 a 3, 56800 simpele, Finland",29.369483389598088,61.43343893877855
FIN,"vastuutie 2-4c11, 94450 keminmaa, Finland",24.480324921160584,65.78647460186738
FIN,"petosenmutka 29 a 2, 70820 kuopio, Finland",27.626540049736633,62.84004563132302
FIN,"lyttylantie 523, 28190 pori, Finland",21.731951302723928,61.55304622443069
FIN,"pirttimaki 4, 33960 pirkkala, Finland",23.66178241728889,61.46311749772315
FIN,"aspdungevagen 5, 99 helsingin kaupunki, Finland",24.952980000000025,60.167950000000076
FIN,"kauppakatu 26, 44100 aanekoski, Finland",25.72582951082188,62.60697968891216
FIN,"vimpelintie 593, 62830 luoma-aho, Finland",23.85552851662763,63.08393269455243
FIN,"valhallantie 23, 25710 vreta, Finland",22.695673109356164,60.16435429927165
FIN,"pajukuja 2, 32200 loimaa, Finland",23.04089486740571,60.843531364036494
FIN,"ruorimiehenkatu 7, 2320 espoo, Finland",24.648717485670346,60.14708833310152
FIN,"leikosaarentie 24, 99 helsingin kaupunki, Finland",25.145480000000077,60.20386000000008
FIN,"hartmanintie 2, 21500 piikkio, Finland",22.462477079807996,60.418910603234025
FIN,"laivapojankatu 8, 99 helsingin kaupunki, Finland",24.952980000000025,60.167950000000076
FIN,"meerbuschintie 2, 69600 kaustinen, Finland",23.6955086810959,63.544993863229166
FIN,"eeronpuistikko 15, 80160 joensuu, Finland",29.80337344566516,62.618861413848975
FIN,"kuukanpaantie 365, 41120 puuppola, Finland",25.759747636392603,62.37750522437389
FIN,"korpikuusentie 2 c 17, 48400 kotka, Finland",26.860475422283855,60.49416131828639
FIN,"lukkosepankatu 2 b, 20320 turku, Finland",22.208108279019655,60.47151840313873
FIN,"elotie 6, 21360 lieto as, Finland",22.437898154574413,60.560775152668725
FIN,"ilmarinjarventie 252, 33450 siivikkala, Finland",23.65593293851984,61.5505114111819
FIN,"jaspantie 1, 27800 sakyla, Finland",22.359815026800987,61.0426591900376
FIN,"kukkaniityntie 19, 99 helsingin kaupunki, Finland",25.092390000000023,60.21912000000003
FIN,"mannistontie 8, 29250 nakkila, Finland",22.04149548990722,61.3726785645693
FIN,"vesikorventie 51, 32810 peipohja, Finland",22.288784935273583,61.24685798364081
FIN,"tiilenkantajantie 1, 21110 naantali, Finland",22.068266165261935,60.48608866610985
FIN,"knutersintie 924, 99 helsingin kaupunki, Finland",25.21037000000007,60.26172000000008
FIN,"salahmintie 172, 74700 kiuruvesi, Finland",26.61385116475347,63.6784996854507
FIN,"alamaentie 55, 28260 harjunpaa, Finland",21.925462960230874,61.49220752133624
FIN,"luumukuja 6, 30100 forssa, Finland",23.620026457877856,60.82057148722026
FIN,"valitie 7, 32740 sastamala, Finland",22.685434027894132,61.27528378333676
FIN,"karhutie 14, 31400 somero, Finland",23.53375680909201,60.618808893775025
FIN,"batsviksporten 3, 99 helsingin kaupunki, Finland",24.952980000000025,60.167950000000076
FIN,"lotankuja 2, 57230 savonlinna, Finland",28.957263989819808,61.85259771619579
FIN,"nuolikuja 4, 90410 oulu, Finland",25.53968898278646,64.96915460795591
FIN,"kakolanraitti 14, 21100 naantali, Finland",22.01242160145773,60.453279549467055
FIN,"mutkaton 7, 12400 tervakoski, Finland",24.6184240303088,60.80421738829659
FIN,"paasikivenkatu 14 a 38, 15110 lahti, Finland",25.643243792300694,60.98294605081108
FIN,"alppikatu 22-24, 530 helsinki, Finland",24.94722287400961,60.18614716370877
FIN,"porvarintie 41 a, 64700 teuva, Finland",21.74275146878452,62.4833506403879
FIN,"paretie 7, 80160 joensuu, Finland",29.856157642722195,62.62850114732444
FIN,"gyldenintie 7, 200 helsinki, Finland",24.878032442591177,60.159682938903416
FIN,"kauppalantie 44, 320 helsinki, Finland",24.895949514999955,60.2162593185046
FIN,"kuntoilijanlenkki 4, 21420 lieto, Finland",22.4566591169949,60.50617966824498
FIN,"kantokoskentie 11, 47710 jaala, Finland",26.518658560942242,61.05446979452597
FIN,"riepulantie 372, 93140 kipina, Finland",26.496462526962375,65.30485071023222
FIN,"pyhan katariinantie 7 a12, 20780 kaarina, Finland",22.36889371758741,60.40758036561664
FIN,"lamsanjarventie 15, 90230 oulu, Finland",25.545135124374696,64.99837547307757
FIN,"ruutonkatu 3, 15680 lahti, Finland",25.686003484616975,60.924465889541636
FIN,"koisportaantie 44, 38210 sastamala, Finland",22.89230258338725,61.36210110567609
FIN,"silkkiuikuntie 1, 71800 siilinjarvi, Finland",27.641360008922106,63.08197183212357
FIN,"rinneahontie 3, 93850 kayla, Finland",29.151752331290805,66.29535440199429
FIN,"nurmelantie 16, 46800 myllykoski, Finland",26.78760583828557,60.776849845786046
FIN,"sairaalakatu 1, 21200 raisio, Finland",22.14784599940657,60.50223925174319
FIN,"janispolku 5, 14200 turenki, Finland",24.649026694078486,60.92879904011673
FIN,"hiidentie 1 c, 90550 oulu, Finland",25.499622982693666,65.040663012788
FIN,"uitonrinne 15, 58700 sulkava, Finland",28.367543289609046,61.7865633646895
FIN,"keskikylantie 26, 66460 haapala, Finland",22.05497526659397,62.903955338012395
FIN,"kirkkotie 8, 4300 tuusula, Finland",25.024401426792338,60.40668593272878
FIN,"tilhinkatu 1, 77600 suonenjoki, Finland",27.104098790839373,62.6216139889423
FIN,"liitontie 2 b 3, 44800 pihtipudas, Finland",25.569194790706604,63.371891385583154
FIN,"kauppakaari 1, 91910 tupos, Finland",25.481453866456377,64.86327076091584
FIN,"juhannusvuorentie 14, 37600 valkeakoski, Finland",24.047171680278694,61.25592074881118
FIN,"mantykiitaja 2, 70900 toivala, Finland",27.70890909606075,63.00042056618278
FIN,"ollinoikoonen 11 a, 61980 pantane, Finland",22.0549600953492,62.35499063616385
FIN,"voimalaitoksentie  13, 81200 eno, Finland",30.151196527365215,62.78586890678196
FIN,"museotie 1, 21570 sauvo, Finland",22.686907734110434,60.34640592539051
FIN,"pappilanpuistikko 3 e 14, 28200 pori, Finland",21.82566030967314,61.497814008732234
FIN,"nikusillantie 26, 27150 eurajoki, Finland",21.640059240926092,61.18434499538705
FIN,"talpelankatu 2, 8100 lohja, Finland",24.083108964972418,60.2533332027029
FIN,"koulukatu 6, 83500 outokumpu, Finland",29.014753200586313,62.72496457338565
FIN,"kyntajantie 14, 45610 koria, Finland",26.613170470396597,60.84619475568002
FIN,"nysatie 7, 37500 lempaala, Finland",23.7489827926033,61.29980034721075
FIN,"kanavatie 42, 17200 vaaksy, Finland",25.523584832215477,61.17928023039329
FIN,"loukkukuja 2, 60550 nurmo, Finland",22.928138823680655,62.83578640913396
FIN,"aurinkokuja 5, 23500 uusikaupunki, Finland",21.42335980265557,60.818931358316405
FIN,"ahteentie 8, 79100 leppavirta, Finland",27.803826773447838,62.48405480407368
FIN,"harjulantie 12, 36200 kangasala, Finland",24.07280647385531,61.48664051270421
FIN,"kivipurontie 8-10, 78500 varkaus, Finland",27.93660693240193,62.29606191734601
FIN,"kirrinpelto 1, 40270 palokka, Finland",25.706988165949923,62.301058244100346
FIN,"laajametsankuja 6 d 49, 1620 vantaa, Finland",24.8418816294716,60.27611888957961
FIN,"kallkarrvagen 4, 66240 petalax, Finland",21.433033021834234,62.83831543886956
FIN,"kytolankatu 1, 38840 niinisalo, Finland",22.478921703285977,61.848464641649485
FIN,"juvanpuro 2, 2920 espoo, Finland",24.753280721955605,60.27766732046271
FIN,"norrintie 2b, 31300 tammela, Finland",23.74976021412283,60.80840972289835
FIN,"nummelantie 9, 4500 kellokoski, Finland",25.12386779539466,60.54337968609454
FIN,"rahkolankuja 10, 39500 ikaalinen, Finland",23.05994902879928,61.76875982515921
FIN,"hietamaentie 33, 86600 haapavesi, Finland",25.41413955642568,64.10628566243977
FIN,"karamalmintie 2, 2630 espoo, Finland",24.762508023885317,60.21274562469347
FIN,"karinkatu 3, 32200 loimaa, Finland",23.021195550924716,60.862375223479404
FIN,"palokunnankatu 6, 40700 jyvaskyla, Finland",25.719762689303508,62.24233798321444
FIN,"raappavuorenrinne 1 b 22, 1620 vantaa, Finland",24.837773742544357,60.27807304648593
FIN,"kapylankatu 30 c, 45200 kouvola, Finland",26.72955361508278,60.8722465070301
FIN,"puoninmaentie 34, 49400 hamina, Finland",27.207667346674782,60.58807815452482
FIN,"skinnarintie 4, 92140 pattijoki, Finland",24.579642640696676,64.69380678361924
FIN,"vaino auerin katu 3, 99 helsingin kaupunki, Finland",24.965540000000033,60.20789000000008
FIN,"koulukuja 3, 63700 ahtari, Finland",24.078546568787914,62.55294017612604
FIN,"alanurmontie 213, 62100 lapua, Finland",22.99891636846536,62.95055754620142
FIN,"pyorrekuja 1, 1600 vantaa, Finland",24.851770347380892,60.264324043069195
FIN,"maakuntakatu 15, 96100 rovaniemi, Finland",25.7282345303,66.49981853854834
FIN,"etelarinne 41, 96100 rovaniemi, Finland",25.68858645189954,66.50276628625707
FIN,"viljamaantie 17, 16300 orimattila, Finland",25.746934304827334,60.8009178940211
FIN,"nevantie 15, 11130 riihimaki, Finland",24.787354834744406,60.7186824133241
FIN,"vilppulanpolku 2 b 18, 33720 tampere, Finland",23.84453573443207,61.457250416957436
FIN,"sysitie 11 as.11, 97900 posio, Finland",28.16055143632019,66.10954509866869
FIN,"linjatie 145, 27710 koylio, Finland",22.272893433586177,61.1559134540874
FIN,"kukkulapolku 11, 29600 noormarkku, Finland",21.86144634236649,61.591020436767025
FIN,"hevossillantie 12, 36240 kangasala, Finland",23.94540724528275,61.48430221317537
FIN,"juhani ahontie 9, 73100 lapinlahti, Finland",27.383448177661478,63.36447164107324
FIN,"jarvijoentie 47, 21340 tortinmaki, Finland",22.432699111491758,60.68733023977248
FIN,"sarkan rantatie 4 as 8, 21160 merimasku, Finland",21.913506426808198,60.459528593560464
FIN,"kauppakartanonkatu 14, 930 helsinki, Finland",25.08508523231609,60.20841000145694
FIN,"mellakuja 6, 95450 tornio, Finland",24.167643265876762,65.81827593306932
FIN,"sirppitie 2 as 8, 92620 piippola, Finland",25.966383510253564,64.17903827697924
FIN,"lepokodinkatu, 67100 kokkola, Finland",23.151451038671194,63.8395568172121
FIN,"antinmutka 18, 40930 kinkomaa, Finland",25.751594391535775,62.15908313736276
FIN,"aalto 6, 2320 espoo, Finland",24.639390439092836,60.14952742501606
FIN,"lansipohjankatu 17, 95420 tornio, Finland",24.17416631438499,65.83643549393696
FIN,"kuppikiventie 4, 21290 rusko, Finland",22.220967459595272,60.545215867713665
FIN,"otontie 7 c 16, 61850 kauhajoki as, Finland",22.19320894321112,62.44189848305746
FIN,"aapelinsola 2, 89800 suomussalmi kk, Finland",28.99921457702257,64.89695788123504
FIN,"vehkatie 3, 38300 sastamala, Finland",22.762253919039978,61.32761611199362
FIN,"amerikanraitti 2 a 3, 70820 kuopio, Finland",27.665594940849388,62.8269951338074
FIN,"vastuutie 2-4 d 17, 94450 keminmaa, Finland",24.481132647246653,65.78650818475825
FIN,"hannikonkatu 24, 20610 turku, Finland",22.348066532215142,60.44156956972628
FIN,"rastilantie 2 b 72, 980 helsinki, Finland",25.133775791681273,60.21222066609758
FIN,"juhannuskoivuntie 3, 90630 oulu, Finland",25.575851698208538,65.03290945898411
FIN,"ojavainionkatu 8d, 33710 tampere, Finland",23.89385772940738,61.46298925419048
FIN,"lardomsvagen1, 1150 soderkulla, Finland",25.32781626345954,60.300396527303576
FIN,"viertolantie 8, 41160 tikkakoski, Finland",25.629835597067057,62.38559723942802
FIN,"vilppulantie 17, 99 helsingin kaupunki, Finland",24.952980000000025,60.167950000000076
FIN,"tanhuankatu 52a, 33560 tampere, Finland",23.86405710310865,61.49499647388933
FIN,"tahtaajantie 34, 90540 oulu, Finland",25.45805083841927,65.08992471503555
FIN,"annan tie 1, 6400 porvoo, Finland",25.61847451404597,60.346625405525145
FIN,"koskipirtintie 45, 49750 kalliokoski, Finland",27.58813249300613,60.671812151871535
FIN,"pekurintie 9, 90450 kempele, Finland",25.547647516032526,64.90051285591932
FIN,"merikulmantie 41, 20250 turku, Finland",22.22812309033617,60.45994182138702
FIN,"horsmatie 8, 65280 vaasa, Finland",21.577277193580414,63.13190081768292
FIN,"maininkitie 4, 2320 espoo, Finland",24.64487899311115,60.15188885859769
FIN,"saunaniitynkatu 3 j 2, 4440 jarvenpaa, Finland",25.056758590534685,60.48730223927987
FIN,"aninkuja 20, 61800 kauhajoki, Finland",22.16898013007315,62.42137987745059
FIN,"pikkuniityntie 1, 91430 leppiniemi, Finland",26.007784663703205,64.8387078870268
FIN,"ahvenanmaankatu 2, 20740 turku, Finland",22.309476249995384,60.41297093518682
FIN,"papinniementie 25, 3220 tervalampi, Finland",24.443830160630796,60.33648992438637
FIN,"simontaival 2-4, 91800 tyrnava, Finland",25.669346631350635,64.84154759200362
FIN,"gamla kustvagen 394, 2420 jorvas, Finland",24.502262335504525,60.135207655902576
FIN,"haavuorentie 13, 23100 mynamaki, Finland",21.98523799981234,60.68277073590215
FIN,"kylmankatu 10, 87500 kajaani, Finland",27.759348623342504,64.20903685698707
FIN,"santasillankatu 11, 5820 hyvinkaa, Finland",24.87739407684532,60.639187940694
FIN,"vaskomaentie 3, 1800 klaukkala, Finland",24.747143618374377,60.37928059714783
FIN,"kauttaranta 7-9, 91800 tyrnava, Finland",25.671941417116642,64.8406643489565
FIN,"vastuksenkatu 15, 85800 haapajarvi, Finland",25.32863240937172,63.75127094972473
FIN,"ylaaitankatu 6, 40320 jyvaskyla, Finland",25.787671024812227,62.24852269620101
FIN,"lammintauksentie 110, 74680 myllyniemi, Finland",26.567734101120266,63.50920472923164
FIN,"muonamiehenkuja 11, 41340 laukaa, Finland",25.94199544095528,62.39437766018992
FIN,"skidloparvagen 2, 10620 hogbacka, Finland",23.423852770160163,59.992595173459954
FIN,"torpparinmaentie 36, 99 helsingin kaupunki, Finland",24.952980000000025,60.167950000000076
FIN,"muuntajankuja 5, 29100 luvia, Finland",21.641965453346245,61.35599107544684
FIN,"juolukkatie 10, 85410 sievi, Finland",24.50123856985067,63.90563983186411
FIN,"kohnionkatu 62, 40630 jyvaskyla, Finland",25.68270772028839,62.23665853135131
FIN,"ystavyydenkatu 19 as 3, 21200 raisio, Finland",22.14515029552632,60.47775487437741
FIN,"ilveslinnantie 6, 14200 turenki, Finland",24.608816860527185,60.924039879312744
FIN,"kielokatu 17 a, 4430 jarvenpaa, Finland",25.122432813571038,60.45987158103841
FIN,"uotilantie 7, 12700 loppi, Finland",24.437560413236525,60.71439041789361
FIN,"kryssikuja 5 b 5, 29100 luvia, Finland",21.642345153560086,61.36755148012543
FIN,"ratakatu 1 a 7, 21100 naantali, Finland",22.03059901577913,60.46754403992907
FIN,"karistonkatu 201, 15160 lahti, Finland",25.753135152977478,60.97165185537733
FIN,"sariolankatu 2, 33580 tampere, Finland",23.92145503494956,61.49033064557722
FIN,"kappelinmaentie 6, 65370 vaasa, Finland",21.71786442479018,63.09025847496943
FIN,"pollentie 14, 92140 pattijoki, Finland",24.599417059030117,64.70502830795246
FIN,"purjehtijankatu 9 b, 26200 rauma, Finland",21.478932658899083,61.14301429183362
FIN,"vuorenpeikontie 1, 99 helsingin kaupunki, Finland",25.05866000000003,60.201100000000054
FIN,"junailijankuja, 2430 masala, Finland",24.53739110351607,60.15867740229895
FIN,"metsurinkatu 35, 11130 riihimaki, Finland",24.79150966032944,60.71371215428863
FIN,"paijanteentie 3-5, 99 helsingin kaupunki, Finland",24.952980000000025,60.167950000000076
FIN,"idrottsgranden 3, 65450 solf, Finland",21.65177898558406,63.01343816472843
FIN,"muuralanpiha 3, 2770 espoo, Finland",24.641659420282423,60.21340008369339
FIN,"vesilaitoksentie 15, 21230 lemu, Finland",21.97602058852837,60.570797310476564
FIN,"paavo tikkasen tie 6, 74700 kiuruvesi, Finland",26.633958093185896,63.64598351700511
FIN,"ilkanpolku 17, 62100 lapua, Finland",22.979176651211077,62.963065189757884
FIN,"salmelanti45, 4660 numminen, Finland",25.227998106380937,60.591995604611924
FIN,"ranta-mutalantie  57, 80160 joensuu, Finland",29.818048649382803,62.61053680098175
FIN,"koulutie 2, 44800 pihtipudas, Finland",25.583266665033648,63.36841419496034
FIN,"valtatie 2-4, 78880 kuvansi, Finland",27.883526267429602,62.26975728397713
FIN,"sopulantie 5, 34110 lakiala, Finland",23.529984952663057,61.60364613942971
FIN,"gamla fiskarsvagen 76, 10440 bollsta, Finland",23.53545045644765,60.11266871826382
FIN,"miehentie 10, 96100 rovaniemi, Finland",25.70027794954379,66.50704508019007
FIN,"sepelkyyhkyntie 3c36, 2660 espoo, Finland",24.812265264248595,60.23022901743195
FIN,"franssilantie 5, 36110 ruutana, Finland",24.041034115497496,61.524979715014325
FIN,"kirkkoharjuntie 23, 73600 kaavi, Finland",28.48964331135602,62.97917143580466
FIN,"harmankatu 24 as 1, 38210 sastamala, Finland",22.89578962274632,61.354079708156206
FIN,"pormestarinkuja 1, 16600 jarvela, Finland",25.27246863429767,60.871581768896455
FIN,"koskutkuja 40, 61720 koskue, Finland",22.839353262837676,62.36150936799194
FIN,"porvarinkatu 34, 65230 vaasa, Finland",21.642482449134093,63.11455191258088
FIN,"ankkuritie 9 a, 70460 kuopio, Finland",27.706013064694588,62.915632251145155
FIN,"hallasentie 37, 46900 inkeroinen, Finland",26.846299863814522,60.701063443301734
FIN,"vilintie 6, 84100 ylivieska, Finland",24.496463734887755,64.08574505433708
FIN,"iisakintie 13, 85410 sievi, Finland",24.527071511618374,63.9000673330855
FIN,"lauroselankuja 12 b 6, 60800 ilmajoki, Finland",22.560528918430464,62.73482617583815
FIN,"lehtikaskentie 11 a, 2340 espoo, Finland",24.668327031968317,60.1800336549897
FIN,"opintie 10, 27800 sakyla, Finland",22.404135345669516,61.03757707450427
FIN,"valokaarenkatu 12 b 1, 65320 vaasa, Finland",21.69323931527009,63.08214684626188
FIN,"mantymaantie 20 b 3, 65280 vaasa, Finland",21.58879149779156,63.132746551713325
FIN,"okkolantie 11, 75530 nurmes, Finland",29.115544412804553,63.56203221881856
FIN,"kylatorintie 5, 2770 espoo, Finland",24.670639515235393,60.21000482617413
FIN,"reporinne 22, 41310 leppavesi, Finland",25.83445931125175,62.31862289939011
FIN,"lammastie 11 c 27, 1710 vantaa, Finland",24.804061225058547,60.26024691772659
FIN,"vuorikuja 7, 42100 jamsa, Finland",25.211774681327768,61.87122427479886
FIN,"laaksokatu 6, 15140 lahti, Finland",25.67382877025466,60.983007909256514
FIN,"poleentie 29, 85310 sievi as, Finland",24.23718850325662,63.9566905256159
FIN,"teravankatu 2, 33850 tampere, Finland",23.750599074992635,61.4407095273215
FIN,"kirkkopuistonkatu 27, 74100 iisalmi, Finland",27.19374475404328,63.56057594696085
FIN,"osmonraitti 6, 33500 tampere, Finland",23.785529231552744,61.505098678872514
FIN,"opintie 6, 73500 juankoski, Finland",28.326682936552288,63.06669271228216
FIN,"kallentie 3 b 6, 74700 kiuruvesi, Finland",26.59884747425042,63.656004249889406
FIN,"laivalahdenportti 6, 810 helsinki, Finland",25.03472659039997,60.191335561774366
FIN,"kiltatie 1, 28450 vanha-ulvila, Finland",21.887499560549628,61.43521284285711
FIN,"pitkalammentie 30, 82600 tohmajarvi, Finland",30.480299298875167,62.252706816537625
FIN,"laivaniementie 1079, 94430 tornio, Finland",24.439868705552016,65.79954988127554
FIN,"rajakatu 2, 3600 karkkila, Finland",24.22461447502701,60.53171936913009
FIN,"kirvuntie 16, 2140 espoo, Finland",24.804393007593006,60.20194662513825
FIN,"haansuonpolku 1, 13500 hameenlinna, Finland",24.390133601264477,61.002050965538984
FIN,"tapiolantie 8, 95410 tornio, Finland",24.18087770425754,65.85635789477098
FIN,"keskuskatu 28, 38700 kankaanpaa, Finland",22.384786979474484,61.80780323306462
FIN,"vuorikatu 13, 23500 uusikaupunki, Finland",21.40820599226663,60.80199936907832
FIN,"joentaustantie 105, 64700 teuva, Finland",21.69590182681378,62.46280378776734
FIN,"ristimaentie 4, 21290 rusko, Finland",22.217101405706,60.540098678479495
FIN,"sauherrantie 23 e, 98800 savukoski, Finland",28.17035197660809,67.28772011924895
FIN,"hollonranta 3, 37500 lempaala, Finland",23.75784363772621,61.327408408432916
FIN,"tikankatu 3, 29200 harjavalta, Finland",22.17779277925277,61.29468608707873
FIN,"honkajoentie 980, 64930 kodesjarvi, Finland",22.06842612571475,62.054409972417346
FIN,"kultarikontie 2, 1300 vantaa, Finland",25.03032963687859,60.294083884825056
FIN,"kesayonkatu 4a1, 80140 joensuu, Finland",29.663150659605463,62.63378677546689
FIN,"kannaksenkatu 8, 32700 huittinen, Finland",22.713620188978325,61.19085274692199
FIN,"livornonkatu 6, 99 helsingin kaupunki, Finland",24.952980000000025,60.167950000000076
FIN,"kuninkaalantie 2, 1300 vantaa, Finland",25.047246639173125,60.290228147194824
FIN,"karppakuja 1, 31600 jokioinen, Finland",23.502558778739797,60.79498673360561
FIN,"niilonkatu 4, 87200 kajaani, Finland",27.7129873948698,64.24222370341525
FIN,"susiniitynkatu 4, 20880 turku, Finland",22.25600532361119,60.422082608762224
FIN,"korppumaentie 1 b, 40270 palokka, Finland",25.713031434320385,62.289614180237805
FIN,"joukahaisentie 5, 6150 porvoo, Finland",25.699506143899413,60.389962359513135
FIN,"lumikkopolku 6, 27100 eurajoki, Finland",21.746316543662147,61.20997065268921
FIN,"kirkkotie 10, 19600 hartola, Finland",26.01862615254643,61.582678557179264
FIN,"kapulantie 2, 5880 hyvinkaa, Finland",24.834904784725467,60.64852177661308
FIN,"saarankuja 5, 91800 tyrnava, Finland",25.66001598055476,64.77011575585703
FIN,"pietinkuja 1, 91980 lumijoki, Finland",25.195910337006637,64.83696026021474
FIN,"metsakulmankatu 19, 48910 kotka, Finland",26.970344068003044,60.50231167138662
FIN,"raikanmaantie 93, 32700 huittinen, Finland",22.716608086003276,61.18531897253604
FIN,"lumpperintie 6, 1900 nurmijarvi, Finland",24.814805148548828,60.46273718609601
FIN,"villentie 7, 91800 tyrnava, Finland",25.654408487330386,64.76743547467862
FIN,"vainolankatu 8, 60120 seinajoki, Finland",22.85949866420566,62.794337353107665
FIN,"siimeksentie 16, 99140 kongas, Finland",24.866581292783223,67.87568623512139
FIN,"ristihaantie 5, 2750 espoo, Finland",24.711270371783172,60.20482879141571
FIN,"nuoskapolku 12, 87500 kajaani, Finland",27.77875239391753,64.20311935907375
FIN,"vihertie 16, 1620 vantaa, Finland",24.864884170175003,60.275323069782615
FIN,"lamalantie 108, 14500 iittala, Finland",23.875231772603115,61.04314123328922
FIN,"kartanonkuja 1, 2450 sundsberg, Finland",24.54761287409235,60.15261163010848
FIN,"aittapellonkatu 5, 15170 lahti, Finland",25.71670555775833,60.97799041819664
FIN,"huikkolantie 10-12 b4, 40800 vaajakoski, Finland",25.843610421681603,62.25369508483155
FIN,"kaatykatu 6, 33710 tampere, Finland",23.87219920003423,61.47008076378614
FIN,"ojamutka 9, 37130 nokia, Finland",23.498040513833075,61.49260423681355
FIN,"kipparinkatu 10, 2320 espoo, Finland",24.652774829721437,60.14880419250056
FIN,"vilppulantie 3, 16540 mertie, Finland",25.388598221069486,60.77892960551145
FIN,"hannikaisenkatu 11 b 10, 75500 nurmes, Finland",29.16933896447034,63.54302051176458
FIN,"rastipolku 7, 49400 hamina, Finland",27.15825233941817,60.561273121536374
FIN,"rahjanmaentie 9, 85180 rahja, Finland",23.748537797363724,64.19801624687295
FIN,"maantiekatu 31, 28120 pori, Finland",21.767365346554385,61.48635255242061
FIN,"nervanderinkatu 11, 100 helsinki, Finland",24.929385178223896,60.17355540775395
FIN,"paraistentie 7-9, 99 helsingin kaupunki, Finland",24.952980000000025,60.167950000000076
FIN,"martantie 17, 6100 porvoo, Finland",25.67720114517826,60.396800860947366
FIN,"pikkulantie 5, 85100 kalajoki, Finland",23.935725728019946,64.26595517632828
FIN,"toejoenpuistikko 3, 28200 pori, Finland",21.80933118882092,61.5049566894327
FIN,"kuokkamiehentie 27, 65300 vaasa, Finland",21.68550969179975,63.102803920909196
FIN,"katajikonkatu 1, 33820 tampere, Finland",23.82026459268306,61.46493381423173
FIN,"kaartotie 1, 3400 vihti, Finland",24.32282154649627,60.40950841289455
FIN,"rovaniementie 3507, 97470 alakyla, Finland",24.89129780774532,67.352663646407
FIN,"retkeilijantie 8 a 4, 70200 kuopio, Finland",27.633877232500282,62.900814680802085
FIN,"untolankatu 29, 20300 turku, Finland",22.24635641195175,60.46154796167349
FIN,"aronkuja 3, 61850 kauhajoki as, Finland",22.222321556053288,62.45625693465408
FIN,"hakatie 3, 21270 nousiainen, Finland",22.083870788143884,60.60835305629686
FIN,"vanhakatu 1, 28200 pori, Finland",21.821297445251275,61.496091443810656
FIN,"lippajarventie 44 (lippajarvi a), 2940 espoo, Finland",24.715158988123363,60.23194240416956
FIN,"koivutie 10, 81100 kontiolahti as, Finland",29.842680212968332,62.77367424349006
FIN,"oksojankuja 7 b 3, 80260 joensuu, Finland",29.824580666527424,62.600084693450526
FIN,"aittapellonkatu 2 a 5, 15170 lahti, Finland",25.713970207476052,60.978916157492876
FIN,"tyrkonkatu 11, 37120 nokia, Finland",23.496213258940827,61.465409319598876
FIN,"pahajarventie 88, 90460 oulunsalo, Finland",25.3729000060693,64.95082527163942
FIN,"laakarinkatu 8 c, 99 helsingin kaupunki, Finland",24.917470000000037,60.19309000000004
FIN,"peltolamminkatu 12, 33840 tampere, Finland",23.757020031920177,61.45494237609904
FIN,"louhelantie 2 c 7, 80330 reijola, Finland",29.834414902066072,62.54010949402121
FIN,"palotie 14, 29250 nakkila, Finland",22.05958246349337,61.34127819507444
FIN,"kylavainionkuja 4, 2770 espoo, Finland",24.671863105460943,60.20955023365539
FIN,"puijonsarventie 54, 70260 kuopio, Finland",27.631540106437882,62.930283440710184
FIN,"urheilutie 2 d, 93400 taivalkoski, Finland",28.228284841509662,65.57267791385422
FIN,"sumiaisraitti 17, 44280 sumiainen, Finland",26.04684927782364,62.656874434397025
FIN,"jokijarventie 294 b 6, 93540 tyrovaara, Finland",28.75741108728451,65.48650759062102
FIN,"salmannontie 54, 54300 lappeenranta, Finland",28.063165623724075,60.988633255934644
FIN,"verajapellonkatu 2-4, 2600 espoo, Finland",24.809732858025438,60.225337700308174
FIN,"virastokuja 1, 79700 heinavesi, Finland",28.632198781069462,62.42655897160367
FIN,"ravitie 9, 60120 seinajoki, Finland",22.854913344073537,62.801384522021465
FIN,"eerolantie 7, 37630 valkeakoski, Finland",24.02221892216346,61.28955032736508
FIN,"iskontie 16, 90570 oulu, Finland",25.473127702937063,65.04446940265805
FIN,"harakantie 6 a, 2650 espoo, Finland",24.81373570152266,60.22442375320216
FIN,"lanssitie 5, 60200 seinajoki, Finland",22.863128028280613,62.763889964094346
FIN,"kestilantie 20, 92930 pyhanta, Finland",26.343297411847544,64.1160772760008
FIN,"takarautiontie 25, 93160 hetejarvi, Finland",26.7090693333694,65.2031505644336
FIN,"palometsankatu 22, 24100 salo, Finland",23.145236737628125,60.39061987790774
FIN,"asterintie 1 b c, 1350 vantaa, Finland",25.029632237287984,60.310841174940975
FIN,"tyomiehentie 9 b 9, 91500 muhos, Finland",25.9919639890976,64.80910430420613
FIN,"lossitie 20, 81200 eno, Finland",30.159503496326266,62.80205934904612
FIN,"huhtisentie 7, 6100 porvoo, Finland",25.66377727578569,60.409050174247966
FIN,"suopunkitie 18, 90650 oulu, Finland",25.54421847944343,65.0331343035368
FIN,"ojalantie 30, 14200 turenki, Finland",24.63805796794503,60.95528363294679
FIN,"huhtatie 2, 80140 joensuu, Finland",29.686557208041933,62.63436357613389
FIN,"hallikuja 7 b 5, 90440 kempele, Finland",25.49990696157323,64.9164726701176
FIN,"suvitaival 4, 37200 siuro, Finland",23.345740830221104,61.477513500246005
FIN,"sokerilinnantie 5, 2600 espoo, Finland",24.81362455748655,60.2155204956492
FIN,"karperovagen 780b, 65650 kosko, Finland",21.717021372968816,63.18346205315714
FIN,"elovainiontie 10, 40270 palokka, Finland",25.69113052715133,62.28386147054093
FIN,"sivukatu 1 a 1, 76120 pieksamaki, Finland",27.17911632134539,62.310501882951
FIN,"toikantie 1, 91300 ylikiiminki, Finland",26.025690923456892,65.03070204287334
FIN,"sipilankuja 3, 21280 raisio, Finland",22.18772194191553,60.4799490857642
FIN,"kaanaankatu 2, 29200 harjavalta, Finland",22.156613470128093,61.32538551992056
FIN,"bolesundsvagen 11 a, 65610 korsholm, Finland",21.687567335542823,63.11757656653486
FIN,"konkkalankuja 3, 36240 kangasala, Finland",23.94773540270876,61.47914357086603
FIN,"niittylantie 63, 31500 koski tl, Finland",23.12266997207081,60.67220568222561
FIN,"katinhannantie 3 as 8, 4600 mantsala, Finland",25.310442841290694,60.630394695620225
FIN,"tummelvagen 2 b, 21600 pargas, Finland",22.32335886094876,60.30261672581668
FIN,"nummenniityntie 4, 5450 nukari, Finland",24.914693965071194,60.52916674433703
FIN,"ylivieskantie 63, 85500 nivala, Finland",24.940835863789943,63.94076666978225
FIN,"auroranmaki 6, 2940 espoo, Finland",24.70516977119499,60.23763560235389
FIN,"nikulantie 218, 69600 kaustinen, Finland",23.623563201922707,63.583843481533165
FIN,"soderkullan koulutie 7, 1150 soderkulla, Finland",25.339878576500297,60.30019754092217
FIN,"esikkokatu 3, 37120 nokia, Finland",23.51004398591354,61.464012182068075
FIN,"kivitie 16 c 5, 90900 kiiminki, Finland",25.788376864878643,65.12417245894864
FIN,"tiedonpolku 7, 80330 reijola, Finland",29.83400812830496,62.54360286171715
FIN,"i linja 9, 30100 forssa, Finland",23.634731249713667,60.81600749903171
FIN,"hakunintie 42, 61360 mieto, Finland",22.29102457980207,62.56584361315046
FIN,"perttulinpolku 6, 31600 jokioinen, Finland",23.482095954698565,60.798801379650286
FIN,"pitkamaentie 38, 82220 niittylahti, Finland",29.87510501866933,62.51650773105979
FIN,"vanhatie  19, 29790 tuorila, Finland",21.63447731250639,61.87302483332951
FIN,"vehkataival 20 c 12, 80220 joensuu, Finland",29.77715870820785,62.577941507370184
FIN,"jeussbyvagen 3, 68500 kronoby, Finland",23.20454926379236,63.63835552411078
FIN,"tervasuontie 5, 37120 nokia, Finland",23.472503117971343,61.445044605734324
FIN,"joukontie 30a, 1400 vantaa, Finland",25.084037997333354,60.3333267198565
FIN,"keskuskatu 34 c 16, 38700 kankaanpaa, Finland",22.39204621053861,61.80477397134749
FIN,"gregorius ix:n tie 12, 20540 abo, Finland",22.30641576568894,60.470686499248586
FIN,"kuoviluodontie 6d as1, 20660 littoinen, Finland",22.40205671750104,60.450407783710574
FIN,"hohtarintie 2 a, 29250 nakkila, Finland",22.012607344432098,61.361985225864686
FIN,"winterinraitti 1, 33270 tampere, Finland",23.656402408916676,61.5052087751707
FIN,"koitelinkoskentie 169, 90900 kiiminki, Finland",25.800001391116524,65.12108020722917
FIN,"temmeksen koulutie 9, 91950 temmes, Finland",25.623299640427945,64.64826098859695
FIN,"gaddviksstranden 21 a 1, 2170 esbo, Finland",24.765453676118256,60.158837665877684
FIN,"andra linjen 12, 530 helsingfors, Finland",24.942413924700787,60.18373728272678
FIN,"livornogatan 6, 99 helsingfors stad, Finland",24.916375626305296,60.15807302676052
FIN,"jyrkkakallionkatu 56, 60320 seinajoki, Finland",22.76396491693518,62.777338602010786
FIN,"rykmentintie 8, 4300 tuusula, Finland",25.03410624574596,60.39961747378092
FIN,"lehtotie 9, 12310 ryttyla, Finland",24.766903913005677,60.8172506610012
FIN,"kekokuja 7, 45360 valkeala, Finland",26.76940327825463,60.920901149940164
FIN,"koulutie 3, 51600 haukivuori, Finland",27.211776658525594,62.01999764983543
FIN,"vehnapellontie 4, 1900 nurmijarvi, Finland",24.800861433521305,60.46557974091991
FIN,"karhijarventie 4, 38600 lavia, Finland",22.58180596054615,61.58900559488171
FIN,"karajavuorenkatu 2, 61300 kurikka, Finland",22.433676106125887,62.61417660052618
FIN,"vattuvuorenkatu 31, 78200 varkaus, Finland",27.869302010102814,62.320951853096915
FIN,"vernissaraitti 6, 33270 tampere, Finland",23.660586990257997,61.50564383785502
FIN,"kaarikatu 22 a, 15100 lahti, Finland",25.645516293889614,60.97297498070307
FIN,"koivuahonpolku 2, 70260 kuopio, Finland",27.628119993203793,62.925451680403405
FIN,"vehkatie 5, 65280 vaasa, Finland",21.570218290002174,63.134977772429096
FIN,"arpelantie 200, 95590 tornio, Finland",24.382394498392188,66.02095207014165
FIN,"kirkkotanhua 7, 69700 veteli, Finland",23.781719488921453,63.47823456091723
FIN,"varstatie 16 as 3, 13500 hameenlinna, Finland",24.433461159669548,60.97268572122448
FIN,"oravatie 9 a, 2770 espoo, Finland",24.693790667082084,60.16615184031713
FIN,"risulantie 1, 71800 siilinjarvi, Finland",27.671673245575136,63.06658194543169
FIN,"valtaimenkuja 12, 30100 forssa, Finland",23.667418828079207,60.781965824208214
FIN,"puustellinpolku 13, 99 helsingin kaupunki, Finland",24.952980000000025,60.167950000000076
FIN,"valtimotie 4, 1400 vantaa, Finland",25.058563633383528,60.33490616378137
FIN,"virtanotkontie 3, 58200 kerimaki, Finland",29.280507475733998,61.92185868132947
FIN,"maunontie 4, 86300 oulainen, Finland",24.811423385893647,64.25639331073333
FIN,"kaipolan koulutie 7, 42220 kaipola, Finland",25.229519840902412,61.81978772013437
FIN,"rajatie 14, 69600 kaustinen, Finland",23.718644242602693,63.55114915573557
FIN,"manttaalitie 6, 90650 oulu, Finland",25.553148559086566,65.02745032544595
FIN,"kansakoulunkatu 28, 4400 jarvenpaa, Finland",25.088206988334747,60.46727959088389
FIN,"kyparatie 37, 40630 jyvaskyla, Finland",25.69902267572425,62.23720746219027
FIN,"ratamestarinkatu 13, 99 helsingin kaupunki, Finland",24.952980000000025,60.167950000000076
FIN,"rouhialankatu 37, 20100 mikkeli, Finland",27.271579777482714,61.700542616518476
FIN,"kerttulantie 16 a 8, 21200 raisio, Finland",22.167794342230906,60.4884555472473
FIN,"viidankatu 27 b, 95420 tornio, Finland",24.17612516515709,65.8399465055391
FIN,"mantykatu 8, 38210 sastamala, Finland",22.89717464842701,61.353797908571465
FIN,"karjalantie 12, 27710 koylio, Finland",22.306445018531036,61.12620757013849
FIN,"sofiankatu 7, 20100 turku, Finland",22.24475999467296,60.446092193222654
FIN,"tellervonkatu 14-16, 40200 jyvaskyla, Finland",25.74637682444714,62.24943074968152
FIN,"ketolankatu 3, 37100 nokia, Finland",23.502097187331913,61.48494422504908
FIN,"peltovuorentie 2, 1690 vantaa, Finland",24.9182706069752,60.28443411471528
FIN,"taimikatu 3, 4260 kerava, Finland",25.095890930432773,60.39198323636873
FIN,"pehulankuja 1, 32740 sastamala, Finland",22.69357201768716,61.28758196313288
FIN,"axel mornentie 2, 65320 vaasa, Finland",21.67282342988665,63.08859533774137
FIN,"revonkatu 13, 55420 imatra, Finland",28.754553864130088,61.2024704838183
FIN,"tuomonkuja 8 b 8, 21200 raisio, Finland",22.175689759746035,60.48048448305599
FIN,"parkanonkatu 29, 33720 tampere, Finland",23.832755220976082,61.4525294357224
FIN,"alarannantie 259, 62410 rintala, Finland",23.086843622423174,63.23403816355113
FIN,"koulukatu 8, 41160 tikkakoski, Finland",25.636472220363316,62.3931945126472
FIN,"niinijoentie 845, 32410 loimaa, Finland",22.88033624313786,60.858855662336026
FIN,"pietarinpolku 6, 92140 pattijoki, Finland",24.564788483346234,64.69288971959281
FIN,"kaiterantie 31 a1, 93600 kuusamo, Finland",29.172472287515404,65.96690798921833
FIN,"lahjarannantie 51, 27150 eurajoki, Finland",21.589169856900895,61.21415498257343
FIN,"onkitie 4, 13300 hameenlinna, Finland",24.549842963251223,60.972489836147275
FIN,"ylipaantie 776, 92450 luohua, Finland",25.274254225787814,64.54933797686795
FIN,"laurinpolku 6, 27150 eurajoki, Finland",21.682315097042505,61.1798332683648
FIN,"kotitontunkuja 18, 2400 kirkkonummi, Finland",24.48983465530435,60.1300137676904
FIN,"grundvagen 39, 330 helsingfors, Finland",24.87280096154325,60.20073724919965
FIN,"opiskelijankatu 21 a 22, 33720 tampere, Finland",23.84144608110256,61.45160826456342
FIN,"suistamontie 12 a, 73100 lapinlahti, Finland",27.381678841720174,63.36220571927828
FIN,"thurevikinkatu 35, 95420 tornio, Finland",24.19346799337933,65.83424044113337
FIN,"hameenpuisto 2, 33210 tampere, Finland",23.74961193825567,61.502404902829966
FIN,"katajalaaksonkatu 6, 60320 seinajoki, Finland",22.7806295653715,62.78498725629643
FIN,"valkontie 151, 23800 laitila, Finland",21.714178315230726,60.920117148626645
FIN,"falanderinkatu 4, 67100 kokkola, Finland",23.125019922445063,63.84470876019668
FIN,"lahdekuja 2, 33960 pirkkala, Finland",23.647454894914972,61.45978221272108
FIN,"lounatuulenkuja 4, 90460 oulunsalo, Finland",25.400303884130125,64.94716367914674
FIN,"pyhtilankuja 1, 92140 pattijoki, Finland",24.534946980203955,64.69439783352166
FIN,"kansantalontie 9 d 7, 83700 polvijarvi, Finland",29.37068107974281,62.851627451764244
FIN,"kirstintie 18, 2760 espoo, Finland",24.66953318783527,60.20321242520734
FIN,"pihtakuja 4, 2880 veikkola, Finland",24.44176712280222,60.268634478686664
FIN,"linnankatu 13a, 57130 savonlinna, Finland",28.894320221142028,61.8648539318842
FIN,"koivukuja 2, 27100 eurajoki, Finland",21.74000153399072,61.20300353095075
FIN,"tupamaentie 1, 19110 vierumaki, Finland",25.93012322808155,61.10865498629904
FIN,"linnunradantei 8, 740 helsinki, Finland",25.006769674367632,60.28078899266234
FIN,"kristiinantie 17c, 64900 isojoki, Finland",21.956710276173766,62.118953895810506
FIN,"luhrikkatie 2, 66440 tervajoki, Finland",22.164138156065775,62.993399255440295
FIN,"parkettitie 1, 90800 oulu, Finland",25.405979522227312,65.0787801365735
FIN,"pereensaarentie 2, 33950 pirkkala, Finland",23.705683640998643,61.4772154816786
FIN,"jungsundvagen 64, 65630 karpero, Finland",21.686202539916252,63.15942770017284
FIN,"rudolfsgrand 3, 65610 korsholm, Finland",21.67726877223572,63.10842373553123
FIN,"soukankuja 12 j 73, 2360 espoo, Finland",24.67150335417665,60.13721461879891
FIN,"torpankatu 15 d 8, 33240 tampere, Finland",23.717943934592398,61.497979970415116
FIN,"rastaantie 6, 23100 mynamaki, Finland",21.97447940799151,60.676024142036226
FIN,"latvatie 119, 61300 kurikka, Finland",22.456941335674827,62.64414999291495
FIN,"majalahdentie 6 b, 80510 onttola, Finland",29.650909812027095,62.691786569865315
FIN,"muurikinkatu 5, 20540 turku, Finland",22.3714617650823,60.45531874078108
FIN,"kauppatie 2, 19410 kuortti, Finland",26.39708492271467,61.42039510487598
FIN,"urpukaarre 16, 14200 turenki, Finland",24.647286359522155,60.93487638092361
FIN,"purmojarventie 739, 62470 purmojarvi, Finland",23.286832227970848,63.27535855736366
FIN,"rossinkatu 1 a, 65380 vaasa, Finland",21.72442921517623,63.078383665102706
FIN,"oravanmarjakuja 2, 8700 lohja, Finland",24.001550825313444,60.22621794148637
FIN,"uusikuja 4, 57210 savonlinna, Finland",28.946669180387005,61.87793599994757
FIN,"taavantie 9, 76850 naarajarvi, Finland",27.074272794217933,62.299233545688566
FIN,"mustamaenkatu 7, 24100 salo, Finland",23.138567676366563,60.37838984298446
FIN,"reveln 8, 65610 korsholm, Finland",21.68941582631757,63.110113066206736
FIN,"kylmaojantie 53, 16800 hameenkoski, Finland",25.15325156280457,61.012983103754465
FIN,"tervajoentie 2, 12400 tervakoski, Finland",24.622912036545074,60.80964135975094
FIN,"jokiniementie 9, 12700 loppi, Finland",24.4490183072393,60.71717815507071
FIN,"tahkatie 1, 80260 joensuu, Finland",29.804690242654033,62.59625428942789
FIN,"topinkuja 10, 15340 lahti, Finland",25.800636655558208,61.01179677108851
FIN,"loimukatu 1, 15320 lahti, Finland",25.772855172759307,61.00693174684744
FIN,"pehtoorinkatu 2, 83500 outokumpu, Finland",29.024715343967415,62.73186971095012
FIN,"haaparinteentie 44 c 5, 51760 nuutilanmaki, Finland",27.589995790082014,61.77769711323907
FIN,"kaijalantie 2, 40950 muurame, Finland",25.688158723380496,62.137704506580576
FIN,"mallinkatu 1, 48600 kotka, Finland",26.95066637683226,60.513044237398105
FIN,"tervaskaarre 18, 14200 turenki, Finland",24.64468629315715,60.94008539847101
FIN,"ahjontie 3, 4220 kerava, Finland",25.136070756770692,60.40120077338125
FIN,"toreenintie 4, 1900 nurmijarvi, Finland",24.80889565535304,60.46810122694265
FIN,"punakukonkatu 8 d, 70820 kuopio, Finland",27.649084100336353,62.833023189023606
FIN,"unikontie 1, 84100 ylivieska, Finland",24.56669838380381,64.07051425616746
FIN,"kiventie 1, 16300 orimattila, Finland",25.753989604187183,60.8170295044859
FIN,"reppulenkki 8, 41290 kangashakki, Finland",25.669108836757545,62.52215583460506
FIN,"vuoreksen puistokatu 91, a-ovi, 33870 tampere, Finland",23.810643425123146,61.431949977498476
FIN,"piispankatu 12 b 21, 29200 harjavalta, Finland",22.162660007440792,61.30441865013188
FIN,"kasityolaskatu 20 a 1, 20100 turku, Finland",22.251736420323937,60.45266456923105
FIN,"patruunankatu 9, 5830 hyvinkaa, Finland",24.84935392851446,60.6142650640636
FIN,"silvontie 14, 33950 pirkkala, Finland",23.69210839443474,61.46297705893542
FIN,"ilveskuja 6, 30100 forssa, Finland",23.71255839416412,60.827308525716575
FIN,"lehtovaarankatu 55, 75500 nurmes, Finland",29.182457648768292,63.54850483292179
FIN,"hirvikoskentie 226, 32210 loimaa, Finland",22.984279302407174,60.86687693412736
FIN,"ikolantie 27, 75530 nurmes, Finland",29.10941598429784,63.564124593308264
FIN,"palokankaantie 1, 45200 kouvola, Finland",26.736383273609164,60.87700051296363
FIN,"opintie 3, 45410 utti, Finland",26.924194817861633,60.883432282546266
FIN,"makitie 29, 62100 lapua, Finland",23.033329277780524,62.98292455868
FIN,"vuoripirtintie 4, 2330 espoo, Finland",24.625707736530217,60.17111137051651
FIN,"vasaratie 9 a 5, 60550 nurmo, Finland",22.90988966026805,62.82309486662183
FIN,"sevettijarventi 9076 b 3, 99930 sevettijarvi, Finland",28.601326890569794,69.51045742701294
FIN,"hundholmsvagen 31, 99 helsingin kaupunki, Finland",24.952980000000025,60.167950000000076
FIN,"silvolantie 296, 58420 silvola, Finland",29.114491813403788,61.863362426805935
FIN,"kuormatie 10 b 9, 49420 hamina, Finland",27.123659386822794,60.55298652060003
FIN,"valtakatu 52, 69100 kannus, Finland",23.933770732923307,63.89414551849205
FIN,"salpausselankatu 52, 45100 kouvola, Finland",26.715101434953034,60.870271348550546
FIN,"halkiantie 124, 7190 halkia, Finland",25.28237603850772,60.52768587159352
FIN,"henrikintie 2a, 99800 ivalo, Finland",27.564262844419233,68.66796015234104
FIN,"suopurontie 10, 62900 alajarvi, Finland",23.851032212307217,62.984433301251585
FIN,"kippivaununkatu 2 b 7, 8100 lohja, Finland",24.0320708435178,60.2418827126929
FIN,"poytaalhonkuja 6 b 33, 4410 jarvenpaa, Finland",25.100140555342733,60.47598226949384
FIN,"kankaankatu 48, 56800 simpele, Finland",29.3825698035688,61.42871975965272
FIN,"rihmatie 5, 15870 hollola, Finland",25.50198969687429,60.984000871416185
FIN,"lauttakatu 6 e, 45700 kuusankoski, Finland",26.6402778805421,60.909718727185265
FIN,"lounaankatu 3, 15150 lahti, Finland",25.67994345244017,60.97817427524279
FIN,"ojalankatu 12 as. 1, 29200 harjavalta, Finland",22.14303822356419,61.3371239562226
FIN,"honkapuuntie 1  1, 25500 pernio, Finland",23.135928801789845,60.19900403926101
FIN,"itkonniemenkatu 4b c95, 70500 kuopio, Finland",27.696011861644678,62.89735337388578
FIN,"laajakaista 3, 2. krs., 96440 rovaniemi, Finland",25.740370481787114,66.47646791859741
FIN,"evakkotie 26, 96100 rovaniemi, Finland",25.700321367802246,66.50534958881576
FIN,"vesannontie  400, 44350 istunmaki, Finland",26.447788228489372,62.73387667384645
FIN,"tojalantie 111, 66400 laihia, Finland",22.02658123431104,62.9427049602115
FIN,"tavastilantie 227, 49300 tavastila, Finland",26.98038625855949,60.57411482584388
FIN,"pyhantie 49, 23140 hietamaki, Finland",21.86462886718317,60.651387549308765
FIN,"betonikatu 4, 8150 lohja, Finland",24.062915073737003,60.2328655869853
FIN,"selannekatu 20, 15160 lahti, Finland",25.7544650257353,60.966465259420914
FIN,"lyijypurontie 6 b, 61800 kauhajoki, Finland",22.18153898705799,62.416158161319856
FIN,"repsikantie 9 a 4, 90800 oulu, Finland",25.420037566414123,65.07418144730579
FIN,"kaskistontie 21, 27430 panelia, Finland",21.962191202660193,61.22714814787133
FIN,"ahventie 1 d 1, 84100 ylivieska, Finland",24.549545154231396,64.08134220823709
FIN,"rantatoyraankuja 8, 91100 ii, Finland",25.41583286850519,65.32394988244585
FIN,"niemenmaantie 450, 38360 sastamala, Finland",22.636590331157947,61.448191214095885
FIN,"hasthagsbron 2, 2410 kirkkonummi, Finland",24.449206397146554,60.136558609146874
FIN,"molskikatu 10, 20660 littoinen, Finland",22.400230133161045,60.44479563852997
FIN,"maitorpantie 4, 1700 vantaa, Finland",24.838474888744997,60.326902158710595
FIN,"honkakaarto 19, 88300 paltamo, Finland",27.813982874068415,64.40680333618391
FIN,"kronbergsgatan 15, 99 helsingfors stad, Finland",24.968419868950008,60.16592322390801
FIN,"parraskuja 2, 50170 mikkeli, Finland",27.286063957626965,61.69252356593148
FIN,"kalevankatu 66, 4230 kerava, Finland",25.087282799690627,60.419917311714926
FIN,"jungarintie 27 b, 66850 jepua, Finland",22.650782653433623,63.40320236208066
FIN,"haagankatu 3, 10900 hanko, Finland",22.959704903401303,59.831699151467404
FIN,"hellanmaantie 707, 62130 hellanmaa, Finland",22.84286427443979,63.06132125345121
FIN,"tiaisentie 8, 49410 poitsila, Finland",27.142063028710936,60.570988082592834
FIN,"saukkokuja 7, 21220 raisio, Finland",22.121322891731438,60.50977072702244
FIN,"kaarmesaarentie 3a, 2160 espoo, Finland",24.805571424614616,60.16746013745953
FIN,"jokiharjuntie 1, 70910 vuorela, Finland",27.70121325166022,62.9750756607275
FIN,"harkatie 9 b 13, 13600 hameenlinna, Finland",24.441103024613625,61.00659688981557
FIN,"lankilantie 88, 16320 pennala, Finland",25.713474836998387,60.89832327836115
FIN,"kristiinantie 12, 52300 ristiina, Finland",27.259193503884234,61.50853634882185
FIN,"sommelotie 21, 80260 joensuu, Finland",29.812941555777996,62.59654669212017
FIN,"elisabetvagen 1, 68700 terjarv, Finland",23.501503078034858,63.545482612003326
FIN,"punakiventie 5, 99 helsingin kaupunki, Finland",25.14372000000003,60.21087000000006
FIN,"karhunkierros 1 a a 4-5, 1640 vantaa, Finland",24.810058309142505,60.257067494214084
FIN,"vallintie 1, 36220 kangasala, Finland",23.97551294601314,61.476519825624536
FIN,"karkinkatu 11, 3600 karkkila, Finland",24.198922516870738,60.51824550168507
FIN,"narvantie 5, 38200 sastamala, Finland",22.928165645770804,61.32570323596042
FIN,"pohjantahdentie 1d 18, 90630 oulu, Finland",25.615159996137404,65.04145157852449
FIN,"sarkisuontie 9 a 4, 93280 syote, Finland",27.71553733745381,65.64264953864861
FIN,"huhtalantie 78, 60200 seinajoki, Finland",22.83604517711143,62.75872025767282
FIN,"puistotie 15, 5200 rajamaki, Finland",24.766794696807295,60.52848089510971
FIN,"yhdyspolku 3, 49700 miehikkala, Finland",27.695418339080845,60.66860452325483
FIN,"palstakuja 2-4, 54100 lappeenranta, Finland",28.496258225523064,61.12746716063816
FIN,"tanhuantie 2, 14700 hauho, Finland",24.576164150878867,61.16786822731041
FIN,"valtaalantie, 61550 orismala, Finland",22.408062267547777,62.963990742758355
FIN,"honkakaarre 2, 14200 turenki, Finland",24.637233691586744,60.94099676280328
FIN,"martikkalantie 5, 92230 mattilanpera, Finland",24.603013055277632,64.58590858201619
FIN,"parkvagen 3 b, 64200 narpes, Finland",21.34409063558286,62.47890982426651
FIN,"esterinkatu 38, 55100 imatra, Finland",28.76623136399604,61.17501975091875
FIN,"laajavuorenrinne 3 d 46, 1620 vantaa, Finland",24.842496861164676,60.27885943664185
FIN,"karhunkierros 22, 80230 joensuu, Finland",29.807452750302588,62.571857544859796
FIN,"klariksentie 2 d 1, 2250 espoo, Finland",24.74095194821291,60.184183996256536
FIN,"kiertokatu 16, 28130 pori, Finland",21.794037652106056,61.47856752457031
FIN,"levin ymparystie 1, 99130 sirkka, Finland",24.824943100165687,67.81819371518982
FIN,"koekatu 1, 28100 pori, Finland",21.760578100458048,61.49077907739709
FIN,"pundarsvagen 52, 65520 helsingby, Finland",21.875507068762317,63.0432326034844
FIN,"liisankatu 20, 28100 pori, Finland",21.786290426639056,61.4849379386217
FIN,"parikkalantie 45, 59100 parikkala, Finland",29.500841055764283,61.5509527602936
FIN,"taimikatu 6, 4260 kerava, Finland",25.0945516699434,60.3912994826172
FIN,"fiskargranden 10, 2230 esbo, Finland",24.734762247993956,60.154130430963875
FIN,"kourulantie 5, 26660 rauma, Finland",21.544609312687356,61.1183180618651
FIN,"aittolammentie 11, 70780 kuopio, Finland",27.65879311024156,62.85458291082389
FIN,"langinkuja 5, 45360 valkeala, Finland",26.76770669723288,60.92593490189219
FIN,"lehvatie 4, 45610 koria, Finland",26.602636848857003,60.84243807049583
FIN,"haaparannantie 16, 42700 keuruu, Finland",24.784459557749557,62.194321077407494
FIN,"kannistontie 3, 90460 oulunsalo, Finland",25.359769335649787,64.96368650578134
FIN,"svinhufvudinkatu 23, 15110 lahti, Finland",25.638084227982006,60.98345076711078
FIN,"kylatie 2, 90820 kello, Finland",25.35655864763845,65.1277701394296
FIN,"lyytilanpolku 12, 71130 kortejoki, Finland",27.87896047713187,62.890003995453014
FIN,"mantynummenkuja 15, 8500 lohja, Finland",24.120920693558134,60.26999544830528
FIN,"vanha moisiontie 28, 20360 turku, Finland",22.2967824443694,60.5099749520933
FIN,"urkurinpolku 3, 4600 mantsala, Finland",25.321515167747407,60.62699579197309
FIN,"haapatie 4, 27100 eurajoki, Finland",21.74329612485286,61.208287566531595
FIN,"iso kylatie 8, 4130 sipoo, Finland",25.264471056372155,60.37298379070468
FIN,"ahosenkuja 13, 31630 minkio, Finland",23.466968547304617,60.857736762081146
FIN,"mechelininkatu 38, 99 helsingin kaupunki, Finland",24.915580000000034,60.18359000000004
FIN,"kalliolantie 2, 60720 tuomikyla, Finland",22.677391927073415,62.76587999554624
FIN,"karhinkulma 62, 12240 hikia, Finland",24.874747574736716,60.767321298256206
FIN,"piilitie 9, 29600 noormarkku, Finland",21.878791768978715,61.59071940071448
FIN,"metelinkankaantie, 4, 90420 oulu, Finland",25.552496279381444,64.95954186420866
FIN,"heikkilankylantie 70, 61800 kauhajoki, Finland",22.172877715049708,62.38641942031049
FIN,"kummelitie 16, 90520 oulu, Finland",25.433537375849454,65.05547605690336
FIN,"nummentaustantie 5, 27500 kauttua, Finland",22.1610894902428,61.124870237486846
FIN,"koivukylantie 22, 1350 vantaa, Finland",25.025757534907086,60.30905021368946
FIN,"nenamaentie 2, 21410 vanhalinna, Finland",22.40138004645769,60.48422712855239
FIN,"praavantie 19, 91100 ii, Finland",25.356286738699424,65.2816874046259
FIN,"pajulantie 5, 19700 sysma, Finland",25.67899822521909,61.50722659263164
FIN,"nokkalanpuisto 3, 2230 espoo, Finland",24.749513643211458,60.14842650394348
FIN,"lohitie 1, 90810 kiviniemi, Finland",25.331859869484603,65.11514173390644
FIN,"liinakonkuja 3, 77600 suonenjoki, Finland",27.083795055320394,62.6442375418936
FIN,"laitainen 5 c 19, 20900 turku, Finland",22.22799191355145,60.39182917698838
FIN,"tallakatu 2, 20660 littoinen, Finland",22.39136031940177,60.444317744320415
FIN,"aijalanrannantie 5, 40520 jyvaskyla, Finland",25.80595447020883,62.23260269604279
FIN,"lillmaarsvagen 22, 66200 korsnas, Finland",21.181579195513194,62.77526445816051
FIN,"kyntajantie 4, 390 helsinki, Finland",24.845331201723468,60.232746270593594
FIN,"potilantie 15, 66400 laihia, Finland",21.97155512961166,62.99302559019674
FIN,"marjarinne 9, 41330 vihtavuori, Finland",25.912172126542856,62.37019733636183
FIN,"tanssikallionkatu 5, 5810 hyvinkaa, Finland",24.899251817213013,60.631557307500174
FIN,"matilda niemen katu 9, 33400 tampere, Finland",23.688607608754467,61.52242935333513
FIN,"hirvijarventie 290, 61600 jalasjarvi, Finland",22.808880602386267,62.46334701891212
FIN,"vienankatu 27, 57200 savonlinna, Finland",28.93401074639243,61.870562733090736
FIN,"noitarummuntie 2-4 f 32, 93600 kuusamo, Finland",29.237697156722504,65.94696111322705
FIN,"makasiininkatu 6, 90130 oulu, Finland",25.484844765386015,65.01658725320203
FIN,"suomaantie 8, 31340 porras, Finland",23.90015326621949,60.756610357554905
FIN,"kontiontie 1 b 13, 40400 jyvaskyla, Finland",25.80805413695427,62.24424645874848
FIN,"reippaantie 12, 29810 siikainen, Finland",21.8168480172177,61.87952279375656
FIN,"korpikontiontie 3, 1450 vantaa, Finland",25.085609939454883,60.356278759593266
FIN,"uotilan koulutie 81, 1860 perttula, Finland",24.709078671740883,60.446051331444664
FIN,"silkokuja 3 d 34, 700 helsinki, Finland",25.016750006478617,60.2569574817349
FIN,"urheilutie 62, 86600 haapavesi, Finland",25.378100306437403,64.13997990737667
FIN,"havukummuntie, 1, 50180 mikkeli, Finland",27.34299877049962,61.71086006694158
FIN,"kartanonkulma 1, 2360 espoo, Finland",24.66384807818747,60.141795747979444
FIN,"ilmolantie 3, 60320 seinajoki, Finland",22.80277424820017,62.78430114023454
FIN,"pyhaselankatu 19 a 3, 80220 joensuu, Finland",29.76586048946058,62.58461438239766
FIN,"puustellintie 36, 38100 sastamala, Finland",23.048385438997485,61.44977325641074
FIN,"kalevankatu 5-11, 11100 riihimaki, Finland",24.76431004924899,60.73896716383237
FIN,"haranajajanpolku 1 a 6, 20210 turku, Finland",22.1992047700096,60.46322803034599
FIN,"merimetsopolku 3, 23500 uusikaupunki, Finland",21.394174853989,60.81677708347178
FIN,"pampinkatu 16 d 19, 20900 turku, Finland",22.24742828972984,60.41293459963657
FIN,"hevoshaankatu 1 b 8, 49400 hamina, Finland",27.188613269100244,60.57909195803995
FIN,"hakatie 4, 44500 viitasaari, Finland",25.856678730741464,63.082698040214694
FIN,"kattaalankuja 10, 74160 iisalmi, Finland",27.142851430523592,63.623619006771406
FIN,"aihkinkatu 6 a 5, 33870 tampere, Finland",23.806187940671208,61.44029127035304
FIN,"peltolanmutka 23, 97130 hirvas, Finland",25.492674636418315,66.43342502249098
FIN,"luuniemenkatu 3a, 74100 iisalmi, Finland",27.189464959288536,63.554871494546845
FIN,"haikarantie 3 c 21, 48220 kotka, Finland",26.895423683754842,60.487468284781784
FIN,"itainen kasarmintori 7-9, 65100 vaasa, Finland",21.617685091503745,63.088513236999745
FIN,"joensuuntie 43, 81720 lieksa, Finland",30.075354049948686,63.29002307415476
FIN,"ojahaanpolku 6, 1600 vantaa, Finland",24.856244607295963,60.265573030461354
FIN,"storknutsvagen 125, 6200 porvoo, Finland",25.841192494072573,60.42272663229272
FIN,"jokimaentie 951, 61940 hyyppa, Finland",22.273545042739045,62.31329900785968
FIN,"naavakatu 9, 48770 kotka, Finland",26.94919082659726,60.536585441109054
FIN,"lukkarinkatu 38, 74120 iisalmi, Finland",27.179445227225983,63.58176556582646
FIN,"pikku-iikankatu 4, 90120 oulu, Finland",25.45268046923573,65.00283129280564
FIN,"saarenkatu 4, 99 helsingin kaupunki, Finland",24.963070000000073,60.19604000000004
FIN,"kaivolahdenkatu 6 b 32, 810 helsinki, Finland",25.038662732131144,60.18794491430182
FIN,"kehruukuja 16b, 1260 vantaa, Finland",25.107218485841173,60.29310804339735
FIN,"maivalantie 305, 51810 maivala, Finland",27.71799675548357,61.79874947844016
FIN,"keskipiirintie 27, 90470 varjakka, Finland",25.323856987675583,64.97531430096149
FIN,"makirinteentie 1-3 c 10, 62100 lapua, Finland",23.02648889041808,62.984260131131975
FIN,"poutamaentie 18, 99 helsingin kaupunki, Finland",24.85289000000006,60.218720000000076
FIN,"puistokuja 1,, 27500 kauttua, Finland",22.15992454890951,61.11990269717953
FIN,"krakankuja 5, 1510 vantaa, Finland",24.943590492449516,60.28769379495071
FIN,"sahrankatu 3, 24100 salo, Finland",23.153299625568707,60.39248040895558
FIN,"kuvastimentie 4 b 20, 2210 espoo, Finland",24.71495195511494,60.17836666208615
FIN,"koukkupellontie 1 as 3, 95900 kolari, Finland",23.78284794454595,67.33082711572331
FIN,"rovaniementie 1286, 95315 torma, Finland",24.633633999449017,65.89528433321755
FIN,"portangsvagen 12, 2180 esbo, Finland",24.76856361365344,60.198278166446045
FIN,"kangastie 10, 54800 savitaipale, Finland",27.707269763437694,61.197520383259985
FIN,"revontulentie 15b, 740 helsinki, Finland",25.001445908565756,60.28148142168368
FIN,"pietarintie 3, 41520 hankasalmi, Finland",26.42197146379482,62.401612080820655
FIN,"peltopyyntie 4, 62100 lapua, Finland",23.01797396643923,62.96424645137239
FIN,"vapaalanpolku 11, 1650 vantaa, Finland",24.824847087648152,60.25811007724056
FIN,"nissaksentie 15a14, 1200 vantaa, Finland",25.127245450917286,60.28366511700847
FIN,"haukkakaarto 13, 90450 kempele, Finland",25.55838465018124,64.91228431691988
FIN,"viskurikuja 2, 99 helsingin kaupunki, Finland",25.00242000000003,60.24942000000004
FIN,"hernemaentie 4a1, 21230 lemu, Finland",21.975497893046366,60.56898732230485
FIN,"toivolankatu 6, 94100 kemi, Finland",24.564995851630812,65.74954281828812
FIN,"dunckerinkatu 2 b 2-3, 260 helsinki, Finland",24.92865000149638,60.17835823827346
FIN,"aestajantie 17, 99 helsingin kaupunki, Finland",24.952980000000025,60.167950000000076
FIN,"karhitie 4, 6150 porvoo, Finland",25.70742142652506,60.382532221443256
FIN,"kauppalantie 2 c 15, 320 helsinki, Finland",24.894671442403762,60.2097270918124
FIN,"metsaniityntie 11, 21490 marttila, Finland",22.887977186072618,60.58867746060187
FIN,"riihiladonkatu 6, 39500 ikaalinen, Finland",23.090689155781035,61.7753027806875
FIN,"ralssitilantie 4, 13500 hameenlinna, Finland",24.387024158792116,61.005182485564234
FIN,"sompatie 8, 32440 alastaro, Finland",22.85250581002444,60.95602186906896
FIN,"opintie 3, 93400 taivalkoski, Finland",28.222589338301958,65.57232004849814
FIN,"tehtaantie 6, 31500 koski tl, Finland",23.140285547422366,60.651815780742
FIN,"limingankatu 30, 90120 oulu, Finland",25.470364105641067,65.00482631148995
FIN,"bernhardinkatu 4, 130 helsinki, Finland",24.95207222409178,60.163309285493256
FIN,"kiviahontie 14, 70820 kuopio, Finland",27.62832556275106,62.836303740197934
FIN,"jalavakatu 2 c 19, 37120 nokia, Finland",23.486497124417923,61.46362221402285
FIN,"malminkatu 9, 8150 lohja, Finland",24.071702661026137,60.23946616809789
FIN,"kuovitie 9, 90540 oulu, Finland",25.512983820174355,65.0673704804235
FIN,"kytkintie 5, 90500 oulu, Finland",25.472120533451488,65.02494790825293
FIN,"starrbolentie 92, 10300 karjaa, Finland",23.624868348066173,60.07134027782425
FIN,"satukatu 3, 32700 satukatu 3, Finland",22.696004948902868,61.187523915985366
FIN,"vuorenjuuri 3 b 18, 410 helsinki, Finland",24.849759528809102,60.247027860138104
FIN,"mehilaistie 6, 99 helsingin kaupunki, Finland",25.039960000000065,60.27344000000005
FIN,"nuolemontie 13b as 11, 21420 lieto, Finland",22.460974204568657,60.50948339538158
FIN,"nikkarintie 5 as. 2, 21110 naantali, Finland",22.06026634297345,60.484382570946764
FIN,"inhantehtaantie 97, 63920 inha, Finland",24.128292242124814,62.547225478360076
FIN,"kourupiha 7, 76850 naarajarvi, Finland",27.060105869108867,62.29211328657908
FIN,"kimalaisentie 23, 28200 pori, Finland",21.8123019867634,61.50385534926497
FIN,"hoyrykatu 5, 240 helsinki, Finland",24.928003086209287,60.200641402136824
FIN,"pysakkitie 13, 36110 ruutana, Finland",24.010973257949104,61.51417242433604
FIN,"gustavsrov. 31, 65230 vaasa, Finland",21.630292144431877,63.11127312160622
FIN,"vapakuja 2, 71800 siilinjarvi, Finland",27.62404039857165,63.0747700170962
FIN,"vanha turuntie 2, 21530 paimio, Finland",22.680768325310567,60.46132856535786
FIN,"nuijakuja 4, 61330 koskenkorva, Finland",22.46042384880616,62.67956588076407
FIN,"hansakallionkuja 1, 2780 espoo, Finland",24.592371315039856,60.18958068461603
FIN,"mikonkatu 20-22, 28100 bjorneborg, Finland",21.788624308280074,61.483778403917476
FIN,"parhalahdentie 68, 86110 parhalahti, Finland",24.328004663962872,64.48836390603722
FIN,"hakakatu 28 a, 86300 oulainen, Finland",24.83417597824436,64.27268550930205
FIN,"hollituvantie 10, 6450 porvoo, Finland",25.614107123396423,60.37994108180513
FIN,"villenkuja 1, 91410 jokirinne, Finland",25.876951201761585,64.88784356736011
FIN,"kangastie 29 c 8, 80710 lehmo, Finland",29.802362588142216,62.668686547628
FIN,"marsinrinne 4, 1480 vantaa, Finland",25.095313668761094,60.34158989337348
FIN,"elonpellontie 41, 31400 somero, Finland",23.502299275017492,60.627263970965174
FIN,"hulmintie 28 b, 66400 laihia, Finland",21.962264041398782,62.99149765306689
FIN,"runkokatu 12 l 99, 33340 tampere, Finland",23.601879218407845,61.51833634428601
FIN,"stenbacksgatan 14, 99 helsingfors stad, Finland",24.91265808460892,60.187700120819585
FIN,"kaanteenkuja 1, 21350 ilmarinen, Finland",22.377632941295218,60.50288507738284
FIN,"sairaalantie 4 c, 63700 ahtari, Finland",24.07272131371903,62.55261168934061
FIN,"puistokatu 75, 85800 haapajarvi, Finland",25.309845546870434,63.75867321796653
FIN,"kuntotie 3, 19430 pertunmaa, Finland",26.478211268073977,61.508404291937325
FIN,"tyrvaankylantie 9, 38250 sastamala, Finland",22.920657807458497,61.315696794221026
FIN,"kotipellonkatu 7 a 11, 37500 lempaala, Finland",23.760265672467767,61.316998461874675
FIN,"ivalontie 8765, 99690 vuotso, Finland",27.127262347902757,68.10524757863266
FIN,"lansiasemantie 11, 46800 myllykoski, Finland",26.787532161356665,60.76856282575454
FIN,"kievarinraitti 1-3, 2710 espoo, Finland",24.742242240289652,60.228969419046535
FIN,"backgardavagen 1, 7880 liljendal, Finland",26.053746189138916,60.575529789432046
FIN,"kelutie 14, 80710 lehmo, Finland",29.810070083388155,62.68610091539384
FIN,"pajbolentie 3, 25700 kemio, Finland",22.726994186046994,60.15826622962871
FIN,"putentie 3, 61800 kauhajoki, Finland",22.158374256528163,62.429969526096244
FIN,"moisionaukea 40, 37550 lempaala, Finland",23.762203903758063,61.34294011692654
FIN,"leipalantie 6, 20300 turku, Finland",22.27032890649062,60.468653342904815
FIN,"terrisuontie 29, 4390 janiksenlinna, Finland",24.95016953207096,60.47253969613115
FIN,"viialantie 25 b 10, 33710 tampere, Finland",23.849881293182193,61.472540349453936
FIN,"maurizintie 6 b 12, 21530 paimio, Finland",22.71629317790098,60.438558999653225
FIN,"makirinteentie 1-3 d 14, 62100 lapua, Finland",23.02648889041808,62.984260131131975
FIN,"vesalankuja 8 e30, 20360 turku, Finland",22.274230430961694,60.49063932639112
FIN,"simpsintie 8 b 13, 90530 oulu, Finland",25.46289842830174,65.04169013120313
FIN,"kivennavantie 21, 2130 espoo, Finland",24.795480754596866,60.19509966494289
FIN,"ellipsikuja 9, 2210 espoo, Finland",24.730098724705215,60.168710206713854
FIN,"kaariaisentie 2 as 2, 24800 halikko, Finland",23.09642816106623,60.40563748237008
FIN,"monasintie 23, 66970 hirvlax, Finland",22.347136140962647,63.417889971015
FIN,"autoilijantie 1, 82200 hammaslahti, Finland",29.961873223056017,62.42982414198565
FIN,"narvilankatu 41, 67100 kokkola, Finland",23.155088072249242,63.83728977005802
FIN,"metsolankatu 2, 50100 mikkeli, Finland",27.260938197030185,61.69418959491617
FIN,"varstakuja 3, 21360 lieto as, Finland",22.44591628315203,60.56182259719904
FIN,"happilantie 750, 49860 klamila, Finland",27.45679427285529,60.517264022732746
FIN,"taavinharju 14 a 1, 2810 espoo, Finland",24.761979880166223,60.19771804576632
FIN,"hiirakkotie 18, 1200 vantaa, Finland",25.097943826158513,60.273674558975586
FIN,"ellipsikuja 9c 1t 2, 2210 espoo, Finland",24.73066301866769,60.16913163115688
FIN,"kapponkatu 19, 21210 raisio, Finland",22.105440274861394,60.48992854100183
FIN,"siskontie 13, 37550 lempaala, Finland",23.75933863397657,61.34875707391126
FIN,"sirkkelitie 10 a 7, 90800 oulu, Finland",25.421461316487495,65.07779538867894
FIN,"muyllypellontie 1, 21490 marttila, Finland",22.900210657576196,60.585898105327914
FIN,"korkeamaki 36, 15460 makela, Finland",25.82156878235824,61.07386350681719
FIN,"kotatie 4, 45200 kouvola, Finland",26.76399418467841,60.87670165620591
FIN,"koivikontie 27, 4260 kerava, Finland",25.08566601438713,60.38005314785059
FIN,"peitsarinkuja 8, 50170 mikkeli, Finland",27.300679817470098,61.70075115826947
FIN,"suojastontie 25 c as 12, 32210 loimaa, Finland",22.969331603017338,60.871373531814385
FIN,"tuomikuja 8, 33900 tampere, Finland",23.758352586887014,61.47553206024483
FIN,"mesikukantie 13, 1300 vantaa, Finland",25.011645175987695,60.29611287186674
FIN,"pyhajarventie 21, 37120 nokia, Finland",23.52165032342154,61.46469564245302
FIN,"maijantie 1, 37910 akaa, Finland",23.675067650002916,61.15060695500608
FIN,"kammekka 4, 21530 paimio, Finland",22.685823534934713,60.435209591144314
FIN,"eramiehenkatu 6, 40630 jyvaskyla, Finland",25.695663125112503,62.23701434314111
FIN,"rivitie 5 b 5, 31600 jokioinen, Finland",23.492258425565552,60.79853726588121
FIN,"klokkarlantie 12, 32210 loimaa, Finland",22.960755407326275,60.864832001209635
FIN,"jakalakuja 4, 34800 virrat, Finland",23.74893937434487,62.24632911023048
FIN,"kehvontie 1288, 71800 siilinjarvi, Finland",27.552802435845507,63.00271444162479
FIN,"satulinnantie 2, 2400 kirkkonummi, Finland",24.433408018403412,60.13589388231554
FIN,"riilahdenkatu  rilaxgatan 11, 10900 hanko, Finland",22.97482644346303,59.834257895049745
FIN,"kuljunkatu 20, 8150 lohja, Finland",24.099705006973693,60.24649657320535
FIN,"nallepolku 6, 27100 eurajoki, Finland",21.74296344711584,61.2109470186806
FIN,"kasarmitie 12, 63300 alavus, Finland",23.6079726105593,62.58511176453209
FIN,"verhoilijantie 8, 66300 jurva, Finland",21.96185584271413,62.68236891491449
FIN,"harakkamaki 3, 13210 hameenlinna, Finland",24.504619578134566,61.01157783577759
FIN,"urjalantie 37, 31760 urjala, Finland",23.560384355280718,61.07950419237815
FIN,"jacobinkatu 3, 60200 seinajoki, Finland",22.876543851046137,62.741029831925886
FIN,"vavypojanpolku 1, 40530 jyvaskyla, Finland",25.69512140271027,62.19342291457272
FIN,"koirasaarentie 33 c 65, 590 helsinki, Finland",25.02126299078634,60.169282774519786
FIN,"haavistontie 9 a 7, 41330 vihtavuori, Finland",25.901681085071374,62.36901079414832
FIN,"hyrsylantie 248, 58940 tuusmaki, Finland",28.027970599023604,62.00719429273494
FIN,"varanpaantie 6, 23450 lokalahti, Finland",21.4646841778721,60.68074537472833
FIN,"poikkitie 29, 76100 pieksamaki, Finland",27.163478791324167,62.32222607001765
FIN,"takatalontie 80, 91500 muhos, Finland",25.923525917308183,64.8581696603718
FIN,"vehkaniementie 34, 73100 lapinlahti, Finland",27.28150487285177,63.33554058025382
FIN,"purotie 1, 95230 maksniemi, Finland",24.742128180685512,65.68218395844204
FIN,"jokivarrentie 2369, 95530 tornio, Finland",24.029094178243128,66.03366783635397
FIN,"kankaantaus 7, 91500 muhos, Finland",25.959475313294433,64.80737268682913
FIN,"venekuja 6, 21110 naantali, Finland",22.042628639397492,60.476458026318085
FIN,"amiraalintie 274, 86300 oulainen, Finland",24.806410923975704,64.23474453121179
FIN,"keskustie 1-3, 1260 vantaa, Finland",25.112833345697094,60.295912326504826
FIN,"takterstigen 2 b 9, 10210 inga, Finland",24.024809097882724,60.052680945979745
FIN,"kuusipiha 13, 45100 kouvola, Finland",26.67671845605443,60.859641298120664
FIN,"paraistentie 11 a 13, 20780 kaarina, Finland",22.372059310959685,60.40552311130125
FIN,"dalgrand 3, 2400 kirkkonummi, Finland",24.42618373987554,60.13130671816472
FIN,"raipellontie 32, 66900 uusikaarlepyy, Finland",22.53559770180638,63.51372303604788
FIN,"purolaaksontie 13, 2920 espoo, Finland",24.752323843889087,60.28554664472375
FIN,"runeberginkatu 62, 67100 kokkola, Finland",23.139676853613764,63.846359450298536
FIN,"muonamiehentie 5, 32700 huittinen, Finland",22.694666358965748,61.187778013380154
FIN,"gallen-kallelan katu 2 a 7, 38210 sastamala, Finland",22.896367554970254,61.34824473007967
FIN,"pakkaskaari 1, 36100 kangasala as, Finland",23.99121090955623,61.49487137398444
FIN,"linnaistenkatu 14 a 4, 8100 lohja, Finland",24.060880869655335,60.25274012715218
FIN,"syrjasenkatu 50, 3600 karkkila, Finland",24.222580438583435,60.54162233627477
FIN,"vanamokatu 24, 80130 joensuu, Finland",29.75124236650356,62.61209948110027
FIN,"multamaentie 15, 58200 kerimaki, Finland",29.2768102182433,61.91057735211709
FIN,"virastokatu 6 b 10, 62100 lapua, Finland",23.00441648951005,62.97227606315738
FIN,"suonsivunkatu5, 33420 tampere, Finland",23.644993800504608,61.52032075986281
FIN,"totintie 2, 21230 lemu, Finland",21.973079043427987,60.56362424537707
FIN,"mantykatu 17, 50170 mikkeli, Finland",27.31950909240149,61.70419163615637
FIN,"tuomikylantie 241, 60720 tuomikyla, Finland",22.70096410191664,62.7444159112612
FIN,"vahtarintie 13, 62100 lapua, Finland",22.99207137105617,62.95945929501181
FIN,"niittypuhto 4, 85500 nivala, Finland",24.969200559411746,63.918283052704425
FIN,"mutkapolku 4, 46900 inkeroinen, Finland",26.847018863468918,60.696242926966505
FIN,"ventajantie 4, 99870 inari, Finland",27.00965737319069,68.8996072900014
FIN,"rinnetie 5, 85410 sievi, Finland",24.533725820730325,63.89137219818838
FIN,"vihnuskatu 24 a, 37150 nokia, Finland",23.528609566171014,61.486359383671726
FIN,"soidintie 8 a 3, 40630 jyvaskyla, Finland",25.67993909385052,62.243643758000644
FIN,"matinkaari 2, 46910 anjala, Finland",26.823329928714458,60.68772024972725
FIN,"pyoramaentie 4, 20300 turku, Finland",22.26719105721787,60.465186881118086
FIN,"kalkunvuorenkatu 10, 33330 tampere, Finland",23.60032471064494,61.49899598280854
FIN,"haukilahdenkuja 3, 99 helsingin kaupunki, Finland",24.952980000000025,60.167950000000076
FIN,"ovre ringvagen 12, 25860 bjorkboda, Finland",22.56256546944499,60.09923726324888
FIN,"sauniementie 3, 21195 velkua, Finland",21.698372057498602,60.46675584766396
FIN,"myllystenpohjantie 29 b 5, 36200 kangasala, Finland",24.081949956753277,61.46164655753489
FIN,"ilvestie 2, 1450 vantaa, Finland",25.096170299265623,60.36015756910675
FIN,"keskustie 50, 51600 haukivuori, Finland",27.207053875181373,62.01943032071898
FIN,"vellikellontie 1, 28610 pori, Finland",21.736682216514225,61.483278950435704
FIN,"kaivotie 1, 25500 pernio, Finland",23.132517367197437,60.19654022073212
FIN,"kekkerikuja 3, 55610 imatra, Finland",28.81692117490661,61.15394617950261
FIN,"ylakivenrinne 6, 99 helsingin kaupunki, Finland",25.068400000000054,60.220980000000054
FIN,"linnaistenkatu 9, 8100 lohja, Finland",24.061801789357247,60.25275152654049
FIN,"sammonkatu 10, 75700 valtimo, Finland",28.81055553854003,63.67763014681526
FIN,"petaalammentie 3, 41350 laukaa as, Finland",25.927545794252097,62.4046355590246
FIN,"kuusistontie 10, 26410 kaaro, Finland",21.52596033249327,61.161471955087734
FIN,"merijarventie 107, 86220 merijarvi, Finland",24.44938040545648,64.29789844169184
FIN,"leinikinkatu 2 a 9, 95430 tornio, Finland",24.137027610157162,65.85670310345324
FIN,"jortintie 14, 94500 lautiosaari, Finland",24.6001711788588,65.80469817193443
FIN,"harkamaentie 32, 3810 ikkala, Finland",24.14189598715953,60.46902361347759
FIN,"takojankatu 5, 20660 littoinen, Finland",22.3744368377954,60.44415303992301
FIN,"rapakuja 16, 61400 ylistaro, Finland",22.517163046876504,62.93496544609542
FIN,"maalinauhantie 7 d 76, 1280 vantaa, Finland",25.108267061928416,60.243958910109455
FIN,"harmaalinnantie 3, 28430 pori, Finland",21.856074548259414,61.45224570829993
FIN,"lahteenmaentie 5, 21290 rusko, Finland",22.220012006452322,60.51918683132118
FIN,"halmstadinkatu/ halmstadsg. 7, 10900 hanko/hango, Finland",22.9653129833589,59.82992948024997
FIN,"voionmaankatu 18, 40700 jyvaskyla, Finland",25.728305273562825,62.24059408634929
FIN,"kortesmaentie 5, 63100 kuortane, Finland",23.508570950249464,62.80950876549329
FIN,"rauhankatu 10, 170 helsinki, Finland",24.956107439918497,60.17146433245924
FIN,"piilokivi 117, 14200 turenki, Finland",24.778538162251266,60.88813817635557
FIN,"heikkilankuja 6, 21360 lieto as, Finland",22.456145976882482,60.57209097341266
FIN,"umpikuja 5, 62800 vimpeli, Finland",23.81011268301407,63.16159320676775
FIN,"janiksenpolku 1-3, 89600 suomussalmi, Finland",28.90623177816451,64.87253251246761
FIN,"saanatunturintie 4, 99 helsingin kaupunki, Finland",25.125180000000057,60.23431000000005
FIN,"kukkumaenrinne 1 c 3, 2280 espoo, Finland",24.675848616601826,60.17873751939214
FIN,"mustamaenkatu 5 a 1, 15610 lahti, Finland",25.6534120466809,60.961901857965586
FIN,"lansirinteentie 10, 66510 merikaarto, Finland",21.94606685170254,63.06372191433968
FIN,"magistratsgatan 8, 99 helsingin kaupunki, Finland",24.952980000000025,60.167950000000076
FIN,"isohaarlantie 1, 20900 turku, Finland",22.213713509130145,60.39190021361779
FIN,"kortteentie 2, 85100 kalajoki, Finland",23.94482252371722,64.2660827488946
FIN,"metsatie 4a as. 8, 32700 huittinen, Finland",22.708948199967352,61.18863661363193
FIN,"kankarepolku 5e, 770 helsinki, Finland",25.074878505000328,60.258450885423656
FIN,"ylaniementie 27, 41340 laukaa, Finland",25.951944927662595,62.42187730149453
FIN,"peurantie 5, 97700 ranua, Finland",26.514444223844663,65.9241128414516
FIN,"viljatie 1, 80400 ylamylly, Finland",29.549667401960903,62.611614252725445
FIN,"metsaopistontie 100, 76100 pieksamaki, Finland",27.234108060241738,62.30046551781729
FIN,"puustellinkatu 4, 20780 kaarina, Finland",22.345004958261285,60.40831981711477
FIN,"tapalantie 200, 31500 koski tl, Finland",23.186145538085214,60.63703299529712
FIN,"venheenkatu 7, 21200 raisio, Finland",22.167126472185885,60.492200288219465
FIN,"kaukonkuja 8, 67410 kokkola, Finland",23.225458675634798,63.856364089928746
FIN,"sillanpaantie 10, 67700 kokkola, Finland",23.134850362616184,63.817910061788204
FIN,"pirttitie 4 b, 1800 klaukkala, Finland",24.73390972462198,60.395474508588876
FIN,"siltakatu 3, 69100 kannus, Finland",23.92299814332415,63.902413846879455
FIN,"metsastajantie 12 asunto 10, 36200 kangasala, Finland",24.098121916920945,61.455523954450854
FIN,"peikontie 4, 40270 palokka, Finland",25.734732097822587,62.299410361936054
FIN,"laitisentie 3 b, 62100 lapua, Finland",23.04616599485564,62.96778956566368
FIN,"hatanpaan puistokuja 20, 33900 tampere, Finland",23.75799711037334,61.482738611047495
FIN,"kappelintie 2 a 6, 2400 kirkkonummi, Finland",24.428931914469672,60.12724564416672
FIN,"stensvagen 10, 2750 esbo, Finland",24.738149375067167,60.205254131092346
FIN,"salvesenintie 9, 40420 jyska, Finland",25.818961172280353,62.23261526889755
FIN,"ahonperantie 32, 90910 kontio, Finland",25.64480928035678,65.15621102655129
FIN,"vanha maantie 39a, 86170 yppari, Finland",24.097224426294385,64.40514764690984
FIN,"valkamakatu 7, 48200 kotka, Finland",26.92546970533462,60.470159738543515
FIN,"sormulantie 21, 70870 kuopio, Finland",27.609221864309717,62.80401191339084
FIN,"idrottsvagen 4, 1370 vanda, Finland",25.058688272283746,60.295901522178156
FIN,"peltosalmentie 11, 74510 peltosalmi, Finland",27.23860206275591,63.51673000371793
FIN,"nuasrannantie, 56, 88490 pohjavaara, Finland",28.083518896290798,64.22170132595193
FIN,"itsehallintotie 4 c 49, 2600 espoo, Finland",24.822174182544558,60.21154730590598
FIN,"niinilahteentie 9, 40950 muurame, Finland",25.550133756152405,62.1972883130411
FIN,"karhiniementie 519, 32710 sampu, Finland",22.642215929293172,61.241863542814684
FIN,"mesipolku 2, 13100 hameenlinna, Finland",24.467383979106046,60.97631881524637
FIN,"alajarventie 49, 62100 lapua, Finland",22.989779507270924,62.986673532513294
FIN,"patterikuja 1 i 47, 940 helsinki, Finland",25.075922471040826,60.247131418551845
FIN,"liisankuja 1 lt 2, 2230 espoo, Finland",24.74462724511727,60.1534813782915
FIN,"tapani lofvingin katu 10-14 g 39, 6100 porvoo, Finland",25.66728962849234,60.406624870564144
FIN,"eetuntie 1, 99800 ivalo, Finland",27.529116369791936,68.65899566001515
FIN,"rantatie 1, 4310 tuusula, Finland",25.05051113900288,60.41973446049715
FIN,"otsontie 1, 41310 leppavesi, Finland",25.834397452806314,62.32221328761531
FIN,"ilkankuja 6, 39200 kyroskoski, Finland",23.164580661414448,61.663592253655
FIN,"lansitie 73 a ja d, 66400 laihia, Finland",22.010370717388753,62.97427225530811
FIN,"jyrinlenkki 8 a, 80400 ylamylly, Finland",29.540199623229086,62.6356305846179
FIN,"torniontie 148, 95645 turtola, Finland",23.88020123535776,66.64283488720787
FIN,"aarnontie 2 b, 38200 sastamala, Finland",22.932013023147363,61.33482635083368
FIN,"torikatu 17 as. 2, 76100 pieksamaki, Finland",27.15438627039751,62.29888041610778
FIN,"koulutie 1, 7230 askola, Finland",25.53367773328614,60.49727636878251
FIN,"varmantie 12 a 2, 37500 lempaala, Finland",23.74698421161017,61.299977079639206
FIN,"vanhansillantie 28, 41340 laukaa, Finland",25.955714437158633,62.42538860646329
FIN,"aleksis kiven tie 1, 2580 siuntio, Finland",24.227133739845414,60.1350395987439
FIN,"virontormankatu 9, 33310 tampere, Finland",23.6047274729259,61.50792987621759
FIN,"heijalantie 46, 2880 veikkola, Finland",24.397395339048188,60.28652062187274
FIN,"kerpputie 2 e 19, 80140 joensuu, Finland",29.711456992529094,62.61645949567503
FIN,"paasniituntie 21, 21290 rusko, Finland",22.242498389558165,60.54595913297774
FIN,"kopuntie 26, 3100 nummela, Finland",24.304122861616378,60.34662154984969
FIN,"kanervakatu 6, 40630 jyvaskyla, Finland",25.689776598331406,62.235630197560255
FIN,"valcokuja 3, 88610 vuokatti, Finland",28.31406448423587,64.14543162293054
FIN,"sippaantie 56, 20660 littoinen, Finland",22.410953940083715,60.4523787882423
FIN,"soutajantie 1, 80160 joensuu, Finland",29.818374202502127,62.620132026551346
FIN,"lovkullankuja 3 d 39, 10300 karjaa, Finland",23.678086308612535,60.083230342754746
FIN,"pikiruukintie 4, 67200 kokkola, Finland",23.12230502400655,63.84756556425597
FIN,"tuohimaentie 107, 99 helsingin kaupunki, Finland",24.952980000000025,60.167950000000076
FIN,"madetojankuja 2 f, 720 helsinki, Finland",24.9903243803374,60.24400354374387
FIN,"tapulikuja 3 a 5, 60100 seinajoki, Finland",22.842384745759148,62.7757902130372
FIN,"hutrosenpurontie 33, 79100 leppavirta, Finland",27.772149214414952,62.51655760338369
FIN,"vaarnatie 2 e, 37130 nokia, Finland",23.479976171385488,61.49540978553492
FIN,"vaunukankaantie 3-5, 4300 tuusula, Finland",24.996127674819974,60.40585025698218
FIN,"peltokorventie 371, 68300 kalvia, Finland",23.36827138595669,63.84372547913517
FIN,"yliopistokatu 34, 53850 lappeenranta, Finland",28.092967648102416,61.06518119623195
FIN,"kalliotie 3, 32740 sastamala, Finland",22.691769321771233,61.28315493524221
FIN,"juurakkotie 40, 96190 rovaniemi, Finland",25.690451341537027,66.51605239907096
FIN,"katternovagen 43, 68800 kallby, Finland",22.874400514585147,63.621104477728295
FIN,"ojantie 454, 68550 oja, Finland",22.903600299220358,63.83646578706637
FIN,"tiilitie 157, 61330 koskenkorva, Finland",22.49312374856933,62.6950450766343
FIN,"lankilantie 50, 85100 kalajoki, Finland",23.971027202890724,64.26242476062032
FIN,"sonkarintie 14, 72300 vesanto, Finland",26.419511878126997,62.9283035513611
FIN,"puunkaatajantie 16, 99 helsingin kaupunki, Finland",25.068740000000048,60.27234000000004
FIN,"lehesjarventie 41 as. 1, 41120 puuppola, Finland",25.715679361352556,62.34010093954396
FIN,"aarnivalkeantie 3, 2100 espoo, Finland",24.800749283656813,60.18161481720472
FIN,"saarijarventie 2 g 55, 70460 kuopio, Finland",27.690638894071157,62.90647225589794
FIN,"ajurinkatu 2 a 28, 26100 rauma, Finland",21.502842121526072,61.13167868979818
FIN,"parkkitie 2, 72210 tervo, Finland",26.76335338818066,62.95788517359546
FIN,"lehtikaskenkuja 2 a 2, 2340 espoo, Finland",24.668340526832424,60.180860278280846
FIN,"kelhankatu 3, 42100 jamsa, Finland",25.182590151756358,61.86308368661585
FIN,"tyovaentalontie 13, 44500 viitasaari, Finland",25.85785462793794,63.081998402756625
FIN,"elaintarhantie 18, 99 helsingin kaupunki, Finland",24.93974000000003,60.182540000000074
FIN,"kuusikuja 4b, 41340 laukaa, Finland",25.94607229287459,62.40424541758674
FIN,"arometsankatu 17, 15680 lahti, Finland",25.668507686661798,60.92640416274145
FIN,"mesipolku 1, 73300 nilsia, Finland",28.090814420995684,63.18902956470336
FIN,"selkamerenkatu 13 d, 99 helsingin kaupunki, Finland",24.916680000000042,60.16040000000004
FIN,"esplanaden 77, 10900 hanko, Finland",22.97031605754529,59.82902209732171
FIN,"bronkuja 1, 2400 kirkkonummi, Finland",24.442034505513504,60.11039470793233
FIN,"potiverajantie 14 c 13, 23800 laitila, Finland",21.70284321610947,60.88926503941849
FIN,"pahkinamaentie 240, 4300 tuusula, Finland",25.014672132681426,60.39680530335605
FIN,"talvitie 24, 33900 tampere, Finland",23.750702926772988,61.46835933042149
FIN,"suolahdentie 938, 41370 laukaa, Finland",25.921652729586526,62.482383997404185
FIN,"hiirisuontie 3 b, 2970 espoo, Finland",24.733246213166638,60.307624577687875
FIN,"hertsbolevagen 3, 25900 taalintehdas, Finland",22.509586560777194,60.02109579742938
FIN,"meteorinkatu 4 d, 2210 espoo, Finland",24.733451485975394,60.1684532175625
FIN,"hanneksenkatu 4, 5880 kerava, Finland",24.83258685322133,60.640544384084905
FIN,"storknutsintie 125, 6200 porvoo, Finland",25.841192494072573,60.42272663229272
FIN,"peralanpolku 7, 48810 kotka, Finland",26.975590720295713,60.5458856236869
FIN,"syrjanharjuntie 4, 36600 palkane, Finland",24.261612614738567,61.3421763998187
FIN,"neptunuksentie 3, 1480 vantaa, Finland",25.10822020708966,60.33806488399304
FIN,"kataraistentie 2b, 20740 turku, Finland",22.304370982852028,60.41637874675849
FIN,"joonaksentie 1, 6100 porvoo, Finland",25.673794823546785,60.38863110374129
FIN,"rajamaentie38, 4200 kerava, Finland",25.082768558097428,60.40064149089187
FIN,"pirtinkaari 13, 70820 kuopio, Finland",27.66567238963472,62.82955287156139
FIN,"kolmospesankatu 1, 40520 jyvaskyla, Finland",25.769509284649757,62.225560220994794
FIN,"alalinnake 4, 2160 espoo, Finland",24.794077624005297,60.16305414036057
FIN,"palmusentie 7 a 2, 23800 laitila, Finland",21.70685052019863,60.88537390850735
FIN,"tasankotie 6, 45150 kouvola, Finland",26.706791299724387,60.85226731880209
FIN,"halmekuja 4, 28450 vanha-ulvila, Finland",21.912110420834324,61.435785829758174
FIN,"lintumetsantie 13, 2660 espoo, Finland",24.817727918186108,60.23607661027279
FIN,"taipaleentie 1, 90140 oulu, Finland",25.491583144986805,65.00474588712899
FIN,"vanha turuntie 9, 3600 karkkila, Finland",24.191840479239744,60.53288445367147
FIN,"vehkapolku 6, 1300 vantaa, Finland",25.039729202168008,60.29136879087135
FIN,"sahurintie 2, 37830 akaa, Finland",23.767504954602344,61.20390303489003
FIN,"kuuskoskentie 8, 21380 aura, Finland",22.592691119104956,60.65009350918703
FIN,"janispolku 7, 26200 rauma, Finland",21.50367125938817,61.14657132008418
FIN,"sammalkuja 1, 23360 kustavi, Finland",21.359444102905428,60.547887096436654
FIN,"ojaniitunkatu 3, 8150 lohja, Finland",24.096627758860876,60.242466973253755
FIN,"lansikatu 2, 70820 kuopio, Finland",27.637813960964706,62.84018351363028
FIN,"iskostie 8 g, 1600 vantaa, Finland",24.84996647799852,60.261231958987764
FIN,"hirsimaenkatu 29, 13500 hameenlinna, Finland",24.384407077163644,60.98414772235981
FIN,"latokartano 5, 91800 tyrnava, Finland",25.648828654386477,64.7730567142242
FIN,"klaukkalantie 70, 1800 klaukkala, Finland",24.743993992332378,60.384058649830536
FIN,"kannaksentie 3 a 2, 66400 laihia, Finland",22.013345119549598,62.974566418200055
FIN,"tuulimyllyntie 40, 93100 pudasjarvi, Finland",26.97200779196433,65.36456577729646
FIN,"pohjoisentie 4 e 17, 2970 espoo, Finland",24.73864072223131,60.303440876446416
FIN,"palovainiontie 1, 85100 kalajoki, Finland",23.974553385737607,64.25908486557151
FIN,"tapiolantie 2, 77800 iisvesi, Finland",27.054019014841884,62.65971736640657
FIN,"kramertintie 27, 99 helsingin kaupunki, Finland",24.952980000000025,60.167950000000076
FIN,"nurmitie 48, 63300 alavus, Finland",23.573110179776847,62.599994504172344
FIN,"kujanpaantie 8, 60550 nurmo, Finland",22.920705668125635,62.836361994425005
FIN,"ollikkalankatu 3, 69100 kannus, Finland",23.941097103031865,63.89706707275337
FIN,"tiilikankaantie 1, 88600 sotkamo, Finland",28.416321775138528,64.13766155677737
FIN,"kettukalliontie 2 a, 12400 tervakoski, Finland",24.62482285901197,60.80668409858211
FIN,"meijeritie 6g25, 21530 paimio, Finland",22.685963428898702,60.4558052683509
FIN,"rantatie 9 b, 13300 hameenlinna, Finland",24.548003386961284,60.97093838777903
FIN,"pyoronkaari 18b, 70820 kuopio, Finland",27.641235610495993,62.839024045910705
FIN,"korppaanpolku 5, 300 helsinki, Finland",24.888349559571765,60.205872044994436
FIN,"suvituulentie 9, 40530 jyvaskyla, Finland",25.731176662133635,62.182320161807496
FIN,"lukkarinpolku 2a, 4600 mantsala, Finland",25.32251378769172,60.62888519867738
FIN,"korsutie 31, 13500 hameenlinna, Finland",24.404140843266674,60.98929915623242
FIN,"salpausselantie 1, 99 helsingin kaupunki, Finland",24.952980000000025,60.167950000000076
FIN,"kyllikinkatu 15, 80260 joensuu, Finland",29.80797192538529,62.59984413282939
FIN,"pojanpolku 1 b 14, 21200 raisio, Finland",22.155898409968188,60.4987634441344
FIN,"haavistontie 3, 37140 nokia, Finland",23.488943466678705,61.47525088930283
FIN,"vainamoisentie 2, 4200 kerava, Finland",25.10294866054457,60.40854663141471
FIN,"juntinpaantie 32, 95460 tornio, Finland",24.226516496495577,65.88958623161986
FIN,"kirkkoharjuntie 7 as. 1, 74700 kiuruvesi, Finland",26.62712600390759,63.64811989648646
FIN,"nevantie 47, 86710 karsamaki, Finland",25.730239313901507,63.97594857680423
FIN,"merisaapas 3, 2320 espoo, Finland",24.643132539765503,60.14733937110162
FIN,"havutie 8 a, 13100 hameenlinna, Finland",24.458061877851407,60.97870329906172
FIN,"messitytonkuja 4 a, 99 helsingin kaupunki, Finland",24.913460000000043,60.15931000000006
FIN,"rievagen 22, 99 helsingin kaupunki, Finland",24.952980000000025,60.167950000000076
FIN,"akkivaara 9, 80140 joensuu, Finland",29.696616665318885,62.62546719174156
FIN,"kauppalankatu 27, 45100 kouvola, Finland",26.703287245101905,60.87290042120634
FIN,"jattikivenkatu 5, 90240 oulu, Finland",25.571045598746764,64.98262390726367
FIN,"lahdemaentie 22a, 1260 vantaa, Finland",25.123967372404394,60.30678165159503
FIN,"isannankatu 9 a 11, 20780 kaarina, Finland",22.367640455424606,60.40042259749046
FIN,"hemskogsgrand 3, 65610 korsholm, Finland",21.6716014322227,63.129760959711746
FIN,"sarvikuja 1, 15950 lahti, Finland",25.59448961429041,60.99337452137533
FIN,"vallilantie 20, 32830 riste, Finland",22.40528131947167,61.26335407200426
FIN,"sahamaenkuja 14, 41340 laukaa, Finland",25.938954570302258,62.39721816144754
FIN,"kauppakatu 4, 55120 imatra, Finland",28.772852480771405,61.18894196636461
FIN,"harakankellontie 3, 80160 joensuu, Finland",29.832215490672837,62.627020400309476
FIN,"simonkalliontie 1 b 10, 1350 vantaa, Finland",25.02390203300115,60.30710058301088
FIN,"marielundinaukio 4, 99 helsingin kaupunki, Finland",24.952980000000025,60.167950000000076
FIN,"maneesintie 5 g, 62600 lappajarvi, Finland",23.626957202156518,63.217272974186244
FIN,"jyskeentie 15, 53650 lappeenranta, Finland",28.15943404480788,61.020639804667155
FIN,"aaronpolku 6, 29630 pomarkku, Finland",22.021178259524135,61.68992588840888
FIN,"toytarintie 20, 49510 husula, Finland",27.169937802092136,60.598510522674076
FIN,"sairaalantie 61 a, 62370 kangasto, Finland",22.83087287229992,63.15841139441281
FIN,"isokatu 1 c 4, 40520 jyvaskyla, Finland",25.7870411247886,62.224430801451405
FIN,"kuivaalantie 77, 85710 parkkila, Finland",25.36753005598092,63.8383397710688
FIN,"ruotsinrinne 9, 70820 kuopio, Finland",27.67511292718123,62.82180665192277
FIN,"kaskelantie 20 a, 2880 veikkola, Finland",24.426560254966176,60.28126776697172
FIN,"kenttakatu 11, 5800 hyvinkaa, Finland",24.86677646863589,60.63768083259356
FIN,"pupuhuhdantie 12 d 49, 40340 jyvaskyla, Finland",25.79202844099703,62.26519576845001
FIN,"koulutie 6, 71160 riistavesi, Finland",28.149178031901442,62.91434416217467
FIN,"suomenkulmantie 654, 25700 kemio, Finland",22.793222340314227,60.211870675253245
FIN,"laitakatu 30, 48600 kotka, Finland",26.952236558754095,60.510288351453056
FIN,"lahimetsantie 1, 90420 oulu, Finland",25.564584492503002,64.94776721808489
FIN,"vuorenpellontie 10 e, 13500 hameenlinna, Finland",24.39055863972314,61.006077337547254
FIN,"lisakuja 6, 85500 nivala, Finland",24.95662317842087,63.92549475837754
FIN,"tyyppalantie 20, 40250 jyvaskyla, Finland",25.758966526835678,62.267256333617155
FIN,"uudensillantie 64 rak.4, 4130 sipoo, Finland",25.27811124313727,60.37331731917335
FIN,"impolantie 77, 92140 pattijoki, Finland",24.626329003193575,64.72698260784475
FIN,"tuusulantie 60 a 1, 4200 kerava, Finland",25.085807081817563,60.408867113482614
FIN,"pellervonk. 17, 33450 tampere, Finland",23.808702595442867,61.49770064349178
FIN,"prastgardsgatan 7, 10300 karjaa, Finland",23.697451103337784,60.08188232317656
FIN,"tohmajarventie 83 a 7, 82140 kiihtelysvaara, Finland",30.257716770403874,62.48765508294463
FIN,"katinhannantie 17, 28260 harjunpaa, Finland",21.91009591422514,61.498470856574585
FIN,"pahkinatie 2, 1710 vantaa, Finland",24.805080715941756,60.26445848879612
FIN,"pekantie 18, 90900 kiiminki, Finland",25.771869712402975,65.1337210811366
FIN,"ljusdalantie 7, 2430 masala, Finland",24.53552449333273,60.16364322051575
FIN,"syrjalantie 9, 84100 ylivieska, Finland",24.52165688598606,64.08303371820739
FIN,"lahdesuonkatu 13, 15810 lahti, Finland",25.59022976345858,60.97226448868042
FIN,"vaanasenpolku 2, 50700 mikkeli, Finland",27.288055749278556,61.66285917240327
FIN,"hallainvuorentie 1 b 64, 920 helsinki, Finland",25.054544259353804,60.22891050215293
FIN,"mekaanikonkatu 2, 94600 kemi, Finland",24.58501770374599,65.73528172249686
FIN,"vuorenpeikontie 5 a 113, 820 helsinki, Finland",25.055871533721614,60.20162594048381
FIN,"ammattikoulunkatu 3, 35100 orivesi as, Finland",24.35034604014379,61.660065232617825
FIN,"takasenpuisto 18, 8150 lohja, Finland",24.087143970694,60.24343604698936
FIN,"kasityolaiskatu 20, 20100 turku, Finland",22.251736420323937,60.45266456923105
FIN,"onnelantie 8, 30300 forssa, Finland",23.61344775353254,60.798739479295335
FIN,"pirtti-kuusentie 2, 75700 valtimo, Finland",28.847558875031552,63.66805692374149
FIN,"hirsikankaantie 82, 31600 jokioinen, Finland",23.445950338358955,60.82902534903448
FIN,"radalsvagen 6, 2400 kirkkonummi, Finland",24.430783476881118,60.12844048446436
FIN,"vehkatie 2, 94450 keminmaa, Finland",24.512192543834544,65.78841720511596
FIN,"mannistonkatu 13, 70500 kuopio, Finland",27.709143789349667,62.90017820098447
FIN,"rajamaentie 4, 76850 naarajarvi, Finland",27.07862400779436,62.29677165499737
FIN,"kontiontie  34 a, 11120 riihimaki, Finland",24.766964597984668,60.74696932488445
FIN,"muurarinkuja 1, 2600 espoo, Finland",24.81233701333977,60.224005454324185
FIN,"punnuspolku 2 h, 99 helsingin kaupunki, Finland",24.952980000000025,60.167950000000076
FIN,"teerentie 4, 15880 hollola, Finland",25.477127295675274,60.99293543537749
FIN,"vanha turuntie 28, 3600 karkkila, Finland",24.194166373551894,60.52918702854271
FIN,"uutelantie 3, 90450 kempele, Finland",25.55546531712426,64.88991792075797
FIN,"tuomistonkatu 6a, 26200 rauma, Finland",21.48613858105901,61.14609899984026
FIN,"tammipaantie 55, 2730 espoo, Finland",24.770831002281426,60.25419581227666
FIN,"kaamostie 8 a 9, 99800 ivalo, Finland",27.532983341968134,68.65781029623832
FIN,"muukontie 77, 53400 lappeenranta, Finland",28.33533683248578,61.084678215479784
FIN,"ullakonvainio 6, 34240 kammenniemi, Finland",23.837132502271402,61.628191495141095
FIN,"suolakivenkatu 14, 99 helsingin kaupunki, Finland",25.026670000000024,60.18919000000005
FIN,"paperitehtaankatu 18, 37100 nokia, Finland",23.49455045698889,61.47685116225708
FIN,"vainiometsantie 1, 36200 kangasala, Finland",24.03685766460228,61.47738278446596
FIN,"pasantie 26, 21280 raisio, Finland",22.196281832734257,60.481121340059275
FIN,"tenavatie 3 b, 61600 jalasjarvi, Finland",22.76863766031741,62.49054797109707
FIN,"arhotie 17a, 99 helsingin kaupunki, Finland",24.952980000000025,60.167950000000076
FIN,"kyytipojantie 2, 90310 oulu, Finland",25.61056233272447,64.96738120679157
FIN,"riihontie 11, 42800 haapamaki, Finland",24.441861419212927,62.24503825523195
FIN,"taularuukintie 7, 67100 kokkola, Finland",23.09478488894868,63.824608118191634
FIN,"kontionkuja 2, 90830 haukipudas, Finland",25.33857929768905,65.17093048671771
FIN,"suutarinkatu 4, 5900 hyvinkaa, Finland",24.850138055556528,60.6304896206737
FIN,"etupellontie 11 a, 680 helsinki, Finland",24.962414822058008,60.24335340142406
FIN,"kiipunmaentie 96, 31600 jokioinen, Finland",23.444937217722156,60.83565803283622
FIN,"ukkolanperantie 42, 90860 halosenniemi, Finland",25.372164326427594,65.22930315007889
FIN,"pitkaniementie 6, 37100 nokia, Finland",23.581110183235275,61.48395843535774
FIN,"taivaanpankontie 14 b, 70200 kuopio, Finland",27.635279608720566,62.90197519720624
FIN,"latostentie 23, 40420 jyska, Finland",25.841412351392876,62.24524709034955
FIN,"tapparakuja 6, 1700 vantaa, Finland",24.850887816795563,60.32269326985008
FIN,"lodevagen 4, 68600 jakobstad, Finland",22.72905462548559,63.64227448294045
FIN,"stormintie 94, 38220 sastamala, Finland",23.040186596587375,61.3395182887742
FIN,"hiihtajankaari 2, 47400 kausala, Finland",26.361746818927003,60.88943691034311
FIN,"kyyninkatu 35, 37100 nokia, Finland",23.51376312017149,61.48314949194116
FIN,"raitatie 10, 13210 hameenlinna, Finland",24.504565598678113,61.01886158390849
FIN,"sirutie 3, 80160 joensuu, Finland",29.84554615330208,62.62709143693888
FIN,"pilkotunmaenkatu 9 a 20, 15240 lahti, Finland",25.657493446794092,61.01185812661976
FIN,"kesakodintie 18, 8500 lohja, Finland",24.137832524319094,60.296272756669794
FIN,"kauppaseurantie 10, 90520 oulu, Finland",25.432097113426806,65.03947668012208
FIN,"sorolavagen 2, 99 helsingin kaupunki, Finland",24.952980000000025,60.167950000000076
FIN,"marabacktaet 33, 65460 tolby, Finland",21.708386949596104,63.0120919605785
FIN,"taitoniekantie 9 q, 40740 jyvaskyla, Finland",25.707864996841124,62.24869154964048
FIN,"opintie 3 as. 2, 16300 orimattila, Finland",25.73499931289581,60.81464313474234
FIN,"hiekkalaiturintie 5a, 99 helsingin kaupunki, Finland",25.14405000000005,60.201670000000036
FIN,"jouttikoskentie 25, 61120 louko, Finland",22.875755533052484,62.66446382862725
FIN,"iso roobertinkatu 23, 99 helsingin kaupunki, Finland",24.93593000000004,60.161380000000065
FIN,"tammatie 9, 65230 vaasa, Finland",21.619393407189932,63.13028696604553
FIN,"vesitornintie 26, 90900 kiiminki, Finland",25.77483430773711,65.1327581680998
FIN,"markkuuntie 69 b, 90650 oulu, Finland",25.5943784702543,64.98674034373218
FIN,"kaulaintie 14 b 9, 90420 oulu, Finland",25.57238444014098,64.94877547721788
FIN,"alangontie 5, 90440 kempele, Finland",25.470934158876048,64.91469729920601
FIN,"vehkaviidantie 74, 61330 koskenkorva, Finland",22.438924602437254,62.70758825946021
FIN,"mettatie 46, 61800 kauhajoki, Finland",22.157194755113295,62.41868547276533
FIN,"kivimaentie 40b as. 2, 670 helsinki, Finland",24.916751722300774,60.246317996758194
FIN,"kauriinrinne 3, 1480 vantaa, Finland",25.09452644437484,60.34793519648619
FIN,"nakertajantie 67, 87830 nakertaja, Finland",27.684146523328565,64.25358809728809
FIN,"sudentie 4, 65350 vaasa, Finland",21.651750403294216,63.08141975807092
FIN,"latukuja 2, 1280 vantaa, Finland",25.107313788080262,60.25108553946535
FIN,"laivurinkatu 11 a 19, 150 helsinki, Finland",24.942461114815643,60.156181398851885
FIN,"aittatie 3-5, 5880 hyvinkaa, Finland",24.83161078059655,60.64880973689668
FIN,"satakielentie 10, 80330 reijola, Finland",29.838287425152146,62.52624318586953
FIN,"tuiskutie 1, 28220 pori, Finland",21.842834494003483,61.51048627286707
FIN,"pellinniementie 28 b 5, 54100 joutseno, Finland",28.497189371146817,61.143610748063594
FIN,"ullanmaki 2, 2750 espoo, Finland",24.7034682448504,60.205942452981105
FIN,"kylaraitti 63, 38420 sastamala, Finland",23.100412498740667,61.50042404956204
FIN,"aamutuulentie 5, 40530 jyvaskyla, Finland",25.73517600341475,62.18177320071578
FIN,"ounasjoentie 77, 96190 rovaniemi, Finland",25.70540289660235,66.51529744105196
FIN,"paajarventie 17, 43500 karstula, Finland",24.787865627923907,62.869714215802816
FIN,"autiokankaantie 8, 41160 tikkakoski, Finland",25.678362374044184,62.38334602787316
FIN,"kuusitie 52, 76120 pieksamaki, Finland",27.183777581520275,62.30309940516162
FIN,"ripikatu 10, 21110 naantali, Finland",22.04995953573379,60.48060815803734
FIN,"santakatu 2, 99 helsingin kaupunki, Finland",24.952980000000025,60.167950000000076
FIN,"blomangsvagen 19, 99 helsingfors stad, Finland",25.09215888804391,60.21991843833584
FIN,"rautiontie 233, 85140 tynka, Finland",24.05964730496501,64.18606298239251
FIN,"ketunkolo 2 b 5, 90450 kempele, Finland",25.574876463774075,64.89033831511173
FIN,"elokuja 1 b, 91100 ii, Finland",25.406594502463292,65.30877511729895
FIN,"lassintie 30, 82600 tohmajarvi, Finland",30.350218364200657,62.22096744096882
FIN,"osuuskunnantie 29, 660 helsinki, Finland",24.94383180744194,60.240057846643055
FIN,"luodikkotie 1, 90540 oulu, Finland",25.453224706208914,65.09203787664512
FIN,"herajoentie 16, 11710 riihimaki, Finland",24.753644748010515,60.72304368518434
FIN,"heinosentie 11, 39700 parkano, Finland",23.024696504243053,62.00236669369153
FIN,"ruununmyllyntie 34, 13270 hameenlinna, Finland",24.531690637573647,61.01392449970739
FIN,"raunilantie 6 a 1, 41340 laukaa, Finland",25.937863497965907,62.40563023947442
FIN,"peltoinlahdentie 3, 54800 savitaipale, Finland",27.693420093363812,61.19804085753768
FIN,"tasbyntie 22, 1150 sipoo, Finland",25.337938082096144,60.307762040899945
FIN,"kuunsade 2 c, 2210 espoo, Finland",24.72217899967086,60.174520751542644
FIN,"valontie 2 b 8, 8500 lohja, Finland",24.13531074492974,60.27173540567594
FIN,"lehdesmaantie 4b, 13720 parola, Finland",24.376252994116527,61.04554893497635
FIN,"muurintie 10, 41160 tikkakoski, Finland",25.648309479303805,62.39796021133566
FIN,"hepokuja 18, 46910 anjala, Finland",26.78566584679561,60.69887928697227
FIN,"niittajantie 2 b 16, 33340 tampere, Finland",23.604691933656426,61.51084036636672
FIN,"vapaudenkatu 5 as. 9, 38200 sastamala, Finland",22.911802242934613,61.340862410767414
FIN,"tornitie 2, 33430 vuorentausta, Finland",23.594165017639355,61.53935000604919
FIN,"italahdenkatu 2, 210 helsinki, Finland",24.881894572117318,60.14755595947969
FIN,"haahkalantie 20, 50500 mikkeli, Finland",27.253740321497304,61.644039243293946
FIN,"kangaspellontie 6 a, 99 helsingin kaupunki, Finland",24.88271000000003,60.20949000000007
FIN,"karhuntie 17, 96500 rovaniemi, Finland",25.652353663766917,66.51139528793814
FIN,"vuoreksen puistokatu 87, 33870 tampere, Finland",23.809355964795373,61.43243193693107
FIN,"nakinkuja 24, 76120 pieksamaki, Finland",27.18205870463609,62.299475279776146
FIN,"tuulentie 2, 60550 nurmo, Finland",22.890546490852984,62.81454846859657
FIN,"piianpolku 3-5, 99 helsingin kaupunki, Finland",24.858390000000043,60.243850000000066
FIN,"veikkolantie 9, 48600 kotka, Finland",26.90036397748645,60.53790471075936
FIN,"huhdantie 282, 27110 eurajoki, Finland",21.814333005721835,61.25823218434036
FIN,"nummitie 21, 3250 ojakkala, Finland",24.402766546422043,60.37157397268879
FIN,"viljelystie 32, 1800 klaukkala, Finland",24.7327770780459,60.36817582341291
FIN,"raivaajankuja 11-15, 90940 jaali, Finland",25.65519202763923,65.06658882604287
FIN,"siuruantie 1232, 93170 yli-kollaja, Finland",26.731821590443985,65.41886445852876
FIN,"varhelantie 9, 99 helsingin kaupunki, Finland",25.106460000000027,60.24195000000003
FIN,"hiirihaukantie 28, 70820 kuopio, Finland",27.62814216670958,62.841510536540994
FIN,"lakkitehtantie 3, 15680 lahti, Finland",25.651454453194248,60.931352670738164
FIN,"matruusintie 3 b, 6100 porvoo, Finland",25.630580580621285,60.389810018422935
FIN,"sammontie 20, 23800 laitila, Finland",21.62898548954584,60.91220115353923
FIN,"keinupallonkuja 2, 13500 hameenlinna, Finland",24.38168128225098,60.97211160276649
FIN,"vierulantie 3, 62100 lapua, Finland",23.00408685289258,62.943851005329265
FIN,"syrjatie 5, 21310 vahto, Finland",22.307989551829166,60.61801177478304
FIN,"itkonniemenkatu 4b c94, 70500 kuopio, Finland",27.696011861644678,62.89735337388578
FIN,"upalingontie 35, 21260 raisio, Finland",22.157217889166077,60.46260588358277
FIN,"lapinlahdenkatu 6, 99 helsingin kaupunki, Finland",24.92503000000005,60.16719000000006
FIN,"tyynylaavantie 19, 99 helsingin kaupunki, Finland",25.136600000000044,60.207080000000076
FIN,"vanhatie 21, 1690 vantaa, Finland",24.916173454800713,60.27986539075144
FIN,"pitkakatu 76-78, 65100 vaasa, Finland",21.62531228811727,63.088281519286454
FIN,"kyrontie 12, 95450 tornio, Finland",24.173211028880075,65.82519402067419
FIN,"suokylantie 111, 91500 muhos, Finland",26.09058303110794,64.78580768442984
FIN,"kirjosieponkuja 6, 90460 oulunsalo, Finland",25.366932845379665,64.94068987431967
FIN,"nyypakankuja 3, 61100 peraseinajoki, Finland",23.05923019678295,62.564326362947156
FIN,"kivirinne 6, 85160 rautio, Finland",24.19812229657458,64.07435010842715
FIN,"lallunniementie 2, 86600 haapavesi, Finland",25.37549294781661,64.13641428767536
FIN,"pyyvahe 5, 26100 rauma, Finland",21.51240863907728,61.139808088140484
FIN,"tampereentie 1566, 61720 koskue, Finland",22.844698404455507,62.354675917609256
FIN,"viljo sohkasen katu 10, 1370 vantaa, Finland",25.054304704561048,60.29749894528533
FIN,"jousenkaari 4 c 23, 90410 oulu, Finland",25.538715257094566,64.967197559293
FIN,"katariina saksilaisen katu 5, 560 helsinki, Finland",24.984061841379884,60.21714289682785
FIN,"uotilantie 2, 25130 muurla, Finland",23.27854168754004,60.349223502142934
FIN,"haavistontie 3, 61500 isokyro, Finland",22.318079100138533,62.98743075364615
FIN,"kiskottajankuja 2, 2660 espoo, Finland",24.814217241860092,60.23020726639322
FIN,"saarijarventie 14 b, 70460 kuopio, Finland",27.692278813427436,62.90924670775851
FIN,"rinnepolku 2, 86600 haapavesi, Finland",25.380829035016177,64.14359166945499
FIN,"onkkaalantie 98, 36600 palkane, Finland",24.26445776795245,61.34000594790095
FIN,"knaperstantie 22, 7130 anttila, Finland",25.39901592088816,60.380087094558434
FIN,"kutukuja 4, 85100 kalajoki, Finland",23.769255095985358,64.2223793800093
FIN,"jousenjanne 1, 2120 espoo, Finland",24.784701710932296,60.17541916583451
FIN,"lansituulentie 34, 40530 jyvaskyla, Finland",25.73334229445706,62.184736999769115
FIN,"nakinkuja 28, 76120 pieksamaki, Finland",27.181269380814058,62.29968273187973
FIN,"kilvakkalantie 25, 39500 ikaalinen, Finland",23.01020042179627,61.76114515949095
FIN,"aallonhuippu 2, 2320 espoo, Finland",24.638912922068926,60.15040823731124
FIN,"salpakankaantie 5 as 21, 15860 hollola, Finland",25.541817064183675,60.985694602590854
FIN,"ponkantie 1, 15550 nastola, Finland",25.980008362386453,60.93170419829481
FIN,"tilhitie 9, 84100 ylivieska, Finland",24.513794996083618,64.06927817690618
FIN,"karppalantie 2, 90540 oulu, Finland",25.49504084768475,65.06993739636147
FIN,"vaskitie 1, 90250 oulu, Finland",25.512680982012625,64.99158508376757
FIN,"tuhkimontie 10 i, 820 helsinki, Finland",25.05188392710494,60.19766938881841
FIN,"oskarintie 5, 61100 peraseinajoki, Finland",23.052379499679603,62.565454189928914
FIN,"postikuja 12, 73100 lapinlahti, Finland",27.398348519298423,63.36202555026952
FIN,"leppakaarteentie 29, 71850 leppakaarre, Finland",27.686825044307312,63.06968668618691
FIN,"virusmaentie 65, 20300 turku, Finland",22.280582847597433,60.46677082845931
FIN,"katinhannantie 13 as. 8, 4600 mantsala, Finland",25.314003054664482,60.63083474553696
FIN,"suopurontie 6, 2920 espoo, Finland",24.743194358769415,60.284924749417655
FIN,"tyovaentalontie 2, 44500 viitasaari, Finland",25.859723876165106,63.079769403245194
FIN,"lehmijarventie 136, 8500 lohja, Finland",24.12975345930539,60.282100383323666
FIN,"isopalontie 41, 95410 tornio, Finland",24.183257494207112,65.85825136669831
FIN,"ainonkuja 2-4 as 7b, 35300 orivesi, Finland",24.3455665113151,61.67238612737151
FIN,"pajulantie 5 b, 19700 sysma, Finland",25.680173116587184,61.50832432858101
FIN,"mannistontie 2, 21290 rusko, Finland",22.241155357212364,60.546522815966284
FIN,"huittulantie 125, 37700 saaksmaki, Finland",24.077528335190152,61.20041142739376
FIN,"sandgatan 2 c, 99 helsingfors stad, Finland",24.92030640361844,60.16259887728961
FIN,"heiskalantie 35, 76850 naarajarvi, Finland",27.061122007230807,62.2798603271506
FIN,"abraham wetterin tie 17 f 53, 99 helsingin kaupunki, Finland",25.049280000000067,60.19375000000008
FIN,"riilahdenkatu/ rilaxgatan 11, 10900 hanko/hango, Finland",22.97482644346303,59.834257895049745
FIN,"kyllikinkatu 10, 78870 varkaus, Finland",27.84593594625869,62.31348370309615
FIN,"lansituuli 3, 90830 haukipudas, Finland",25.33645834090956,65.17615739962838
FIN,"kotimaentie 11, 38800 jamijarvi, Finland",22.69719878337216,61.81815932589498
FIN,"soihtulantie 24, 82900 ilomantsi, Finland",30.92854839327211,62.6668549341461
FIN,"suvannonraitti 2, 18100 heinola, Finland",26.00777795818064,61.197035071066125
FIN,"verstaspihankatu 7-9, 4400 jarvenpaa, Finland",25.088667406276187,60.46192443485461
FIN,"joukontie 8, 21270 nousiainen, Finland",22.097271439664667,60.61710397275962
FIN,"pajumaankuja13, 90820 kello, Finland",25.34230966369728,65.13103279524066
FIN,"ankkarinraitti 8, 33560 tampere, Finland",23.852419584920824,61.488879193313835
FIN,"silkkiperantie 13, 43900 kinnula, Finland",24.96546440989033,63.36269606061404
FIN,"iharintie 20, 33960 pirkkala, Finland",23.621961001130728,61.44481070872621
FIN,"kyntajantie 25, 82500 kitee, Finland",30.146855036796467,62.11272392054681
FIN,"kaitilonkatu 12, 33580 tampere, Finland",23.92967734668855,61.48947397316317
FIN,"kalliosuonkuja 1, 21100 naantali, Finland",22.011818942619414,60.45909550062339
FIN,"luutnantintie 15, 5820 hyvinkaa, Finland",24.89944887575669,60.64285917237535
FIN,"jussintie 29, 85410 sievi, Finland",24.527758324764562,63.89967497619784
FIN,"tenhopelto 2, 5200 rajamaki, Finland",24.76417744754076,60.51965261368065
FIN,"kutomokatu 25 b, 5820 hyvinkaa, Finland",24.876826705819383,60.63752631220851
FIN,"sajatie 20, 12640 jokiniemi, Finland",24.480940593987462,60.71210382342656
FIN,"jakalatie 11, 99 helsingin kaupunki, Finland",25.03159000000005,60.263630000000035
FIN,"roihuvuorentie 3 h, 99 helsingin kaupunki, Finland",25.054680000000076,60.19735000000003
FIN,"kirstivagen  1 b, 2760 esbo, Finland",24.665934920621083,60.20051714042225
FIN,"harjannetie 36, 99 helsingin kaupunki, Finland",24.996000000000038,60.22975000000008
FIN,"savenvalajankatu 1, 4200 kerava, Finland",25.09131248346125,60.405398556220064
FIN,"harjannekatu 3 c 27, 53950 lappeenranta, Finland",28.14426338679357,61.093120300720045
FIN,"ketomaenkatu 17, 24260 salo, Finland",23.140527281509947,60.4001646025107
FIN,"laaksolahdentie 1 a, 2710 espoo, Finland",24.747143492450533,60.239882036223946
FIN,"palolammentie 6, 2780 espoo, Finland",24.605087416528306,60.195299657152646
FIN,"omenakummuntie 6, 12240 hikia, Finland",24.924304236157013,60.751149379998054
FIN,"tolsanpolku 4 f 32, 2400 kirkkonummi, Finland",24.4592763318025,60.122998491918196
FIN,"pajupellontie 32, 61300 kurikka, Finland",22.405443090202965,62.60374641167175
FIN,"rengonraitti 42, 14300 renko, Finland",24.296036420527855,60.89063045144576
FIN,"huvikatu 2, 15240 lahti, Finland",25.66606838519968,61.01690864237813
FIN,"teollisuustie 2, 90830 haukipudas, Finland",25.385079917211584,65.17471374253498
FIN,"lehmuskatu 20, 4260 kerava, Finland",25.089653118089615,60.38229287619808
FIN,"foglonkuja 1, 99 helsingin kaupunki, Finland",24.952980000000025,60.167950000000076
FIN,"kangasvuorentie 12, 40320 jyvaskyla, Finland",25.792170430436812,62.26165093586857
FIN,"leipurinkuja 3, 2650 espoo, Finland",24.812530300026992,60.22300264342829
FIN,"alakiventie 5 talo 5, 920 helsinki, Finland",25.077565826977406,60.22125254395476
FIN,"kallentie 2, 31600 jokioinen, Finland",23.508555359909565,60.8067809933828
FIN,"kiillekuja 0, 65300 vaasa, Finland",21.64910588686145,63.110284153461656
FIN,"niemenpaantie 43, 49490 neuvoton, Finland",27.045384397285716,60.553915906024116
FIN,"piispalantie 3 as. 6, 21420 lieto, Finland",22.462274489208255,60.5111374382447
FIN,"ansatie 16, 21110 naantali, Finland",22.046107715948523,60.490783201759115
FIN,"tapiolantie 21, 60150 seinajoki, Finland",22.873671289008882,62.77068148496127
FIN,"karjatie 7, 73200 varpaisjarvi, Finland",27.74264349031384,63.35937527630449
FIN,"norrhedsvagen 1, 68840 nederlappfors, Finland",23.199188282340373,63.5235999354737
FIN,"kuparivuorentie 2, 21100 naantali, Finland",22.022410734567046,60.46628432370085
FIN,"makiranta 3, 96200 rovaniemi, Finland",25.758477945699582,66.50906972890212
FIN,"telkankuja 7, 62200 kauhava, Finland",23.046327681767906,63.09455881039358
FIN,"muuraskalliontie 12, 49490 neuvoton, Finland",27.053229271924693,60.55650780003356
FIN,"sodra terjarvvagen 8, 68700 terjarv, Finland",23.511387269716437,63.544043481137635
FIN,"vanttauskuru 5, 97625 vanttauskoski, Finland",26.694666709143036,66.37535917869553
FIN,"tiesmaenkuja 6, 3100 nummela, Finland",24.29239666289297,60.34024723821332
FIN,"leikkitie 5, 1390 vantaa, Finland",25.02221551026321,60.33110115692537
FIN,"halmstadsgatan 7 halmstadink 7, 10900 hanko hango, Finland",22.9653129833589,59.82992948024997
FIN,"vapparvagen 11, 21600 parainen, Finland",22.29540437566834,60.30907527557997
FIN,"seminaarinkatu 16, 95400 tornio, Finland",24.14112879156187,65.8527569872573
FIN,"paistekatu 3, 20780 kaarina, Finland",22.408872126792033,60.42036201358789
FIN,"kauppilanmaentie 13 b 3, 79100 leppavirta, Finland",27.780859520556817,62.49610584345464
FIN,"dagsmarkvagen 393 b, 64320 dagsmark, Finland",21.644270811995625,62.231075094189066
FIN,"moisionkatu 22, 8100 lohja, Finland",24.079966463185826,60.254419441453365
FIN,"myyrmaenraitti 8, 1600 vantaa, Finland",24.850869879522776,60.267578987529305
FIN,"opinkuja 14, 21230 lemu, Finland",21.97909012529024,60.56704448096781
FIN,"pattijoentie 6 b 6, 92140 pattijoki, Finland",24.578390719638378,64.69255624557499
FIN,"ketunmaantie 80, 91900 liminka, Finland",25.419687202861383,64.79781773630427
FIN,"pikkusaarentie 60, 69950 perho, Finland",24.36215304041383,63.23230696526929
FIN,"onnelantie  32, 78710 varkaus, Finland",27.955281142124562,62.27448895213868
FIN,"oppilaantie 7, 2360 espoo, Finland",24.66975623027875,60.14434321790205
FIN,"huvilakuja 10, 90910 oulu, Finland",25.62737282627606,65.15715642141046
FIN,"farbrorsvagen 46, 4130 sipoo, Finland",25.289876919840395,60.378451114696674
FIN,"oravatie 4, 58900 rantasalmi, Finland",28.302137874207517,62.065812503949644
FIN,"ketarantie 4 d, 33680 tampere, Finland",23.937060294643544,61.534013227342626
FIN,"uudentalontie 3, 43500 karstula, Finland",24.806453001129654,62.87411731335993
FIN,"valotie 5, 41310 leppavesi, Finland",25.842597384863808,62.33581041094652
FIN,"kiikostentie 274 as. 1, 38360 sastamala, Finland",22.576146331884047,61.455580993301965
FIN,"ratakatu 1, 7900 loviisa, Finland",26.220694202814695,60.454875347514246
FIN,"urfjallsstigen 6, 99 helsingin kaupunki, Finland",24.952980000000025,60.167950000000076
FIN,"teeritie 13, 41400 lievestuore, Finland",26.20684287799841,62.25576042768347
FIN,"kruunuvuorenkatu 15, 99 helsingin kaupunki, Finland",24.952980000000025,60.167950000000076
FIN,"matinraitti 5, 2230 espoo, Finland",24.74837107001796,60.15818510559768
FIN,"lohkaretie 3 c, 70700 kuopio, Finland",27.638732617552733,62.87979848351321
FIN,"kiikostentie 175, 38360 sastamala, Finland",22.566095759424428,61.46309474085601
FIN,"hanhikkitie 1, 28450 vanha-ulvila, Finland",21.89271947457115,61.45104554549374
FIN,"maakotkanpolku 1, 1450 vantaa, Finland",25.07477838220489,60.34923554473504
FIN,"lakitie 2, 40800 vaajakoski, Finland",25.852231963468824,62.251791638439414
FIN,"ranssintie 275, 41370 kuusa, Finland",25.993800547902367,62.43645883744418
FIN,"pielavedentie 190, 74700 kiuruvesi, Finland",26.61939193802857,63.62706317269573
FIN,"keskustie 26, 35300 orivesi, Finland",24.356750400903053,61.67576432771784
FIN,"nokkalanpuisto 2, 2230 espoo, Finland",24.748898495337414,60.148990899393795
FIN,"iitintie 29, 47400 kausala, Finland",26.34318668690659,60.89687144891212
FIN,"kumpurantie 4 a 2, 5200 rajamaki, Finland",24.76392305677939,60.52572023147982
FIN,"mantysalontie 2, 37800 akaa, Finland",23.884560830837387,61.17427518645965
FIN,"nikkalankatu 10, 24280 salo, Finland",23.166951566546658,60.39023187960976
FIN,"pyokkikuja 9, 1360 vantaa, Finland",25.041487852596447,60.31964766342176
FIN,"karjatie 9, 21420 lieto, Finland",22.45368253553923,60.50607812148803
FIN,"suopursutie 3, 40530 jyvaskyla, Finland",25.704670737359976,62.184480974536626
FIN,"sammalkalliontie 6 d, 2210 espoo, Finland",24.73481195267979,60.176183511585094
FIN,"juhonkatu 7 b 12, 74120 iisalmi, Finland",27.18034670091251,63.577788688045814
FIN,"rauhankatu 12, 13100 hameenlinna, Finland",24.468148492494663,60.99807098554356
FIN,"lintumetsantie 13 k, 2660 espoo, Finland",24.817727918186108,60.23607661027279
FIN,"kitkantie 69, 58410 haapakallio, Finland",29.106669569903374,61.88346327835856
FIN,"martankuja 6, 79600 joroinen, Finland",27.82258890933477,62.18264357754151
FIN,"leinikkikatu 4 b 9, 20740 turku, Finland",22.285389342478197,60.41264944729053
FIN,"metsatie 14, 73900 rautavaara, Finland",28.287255888938546,63.50083481217774
FIN,"teollisuuskatu 9 ab, 26100 rauma, Finland",21.505879209179575,61.11846279132887
FIN,"orelinkatu 65a, 37120 nokia, Finland",23.4785671734617,61.4641542134174
FIN,"tapionranta 17, 44800 pihtipudas, Finland",25.62353324406945,63.31386355371859
FIN,"takalankuja 2 f 39, 40740 jyvaskyla, Finland",25.70104019981858,62.25383485306699
FIN,"kimovagen 713, 66810 kimo, Finland",22.446263461581566,63.24777036125201
FIN,"maistraatinpolku 2, 20750 turku, Finland",22.349718353873925,60.432957206123035
FIN,"maamiehentie 9 a, 45610 koria, Finland",26.605607060066234,60.844763210436696
FIN,"vanha turuntie 896, 25240 hajala, Finland",22.948152042435566,60.41657565646645
FIN,"raseborgsvagen 18 b 30, 10650 ekenas, Finland",23.46555803151845,59.97906068074725
FIN,"jarvelantie 32 d 18, 40420 jyska, Finland",25.843233236038714,62.24595351714919
FIN,"moisiontie 10, 37550 lempaala, Finland",23.774921849265183,61.357322415037686
FIN,"puolukkatie 10, 80330 reijola, Finland",29.83201013404505,62.53731991282538
FIN,"lemminkaisentie 1a5, 4200 kerava, Finland",25.101348471409324,60.407652617622006
FIN,"hirventie 31, 49210 huutjarvi, Finland",26.7448509236541,60.48680741362591
FIN,"kylatie 5, 99 helsingin kaupunki, Finland",24.952980000000025,60.167950000000076
FIN,"jalustinkatu 11 d 32, 20880 turku, Finland",22.26177986816586,60.4242763204613
FIN,"astalankuja 7, 23600 kalanti, Finland",21.5510440159361,60.81998261661269
FIN,"rihmakuja 4, 90540 oulu, Finland",25.455356978557717,65.08573263189092
FIN,"niipperintie 33, 2920 espoo, Finland",24.746827159424697,60.284186974300155
FIN,"hylsytie 1, 92400 ruukki, Finland",25.11311029322124,64.66375988193963
FIN,"hatalankuja 1, 90460 oulunsalo, Finland",25.409654232398452,64.9401374649909
FIN,"kastovuorenkatu 1, 21110 naantali, Finland",22.061964348918735,60.481135086380476
FIN,"kivikonkaari 38 c, 940 helsinki, Finland",25.05910434995735,60.23150109696738
FIN,"mustapuronpolku 1, 99 helsingin kaupunki, Finland",24.952980000000025,60.167950000000076
FIN,"hameenojankatu 19, 24260 salo, Finland",23.14432554093392,60.402917596699155
FIN,"jukolantie 47 b, 93100 pudasjarvi, Finland",26.98276780870873,65.34878500054998
FIN,"vaahteramaentie 13, 8350 lohja, Finland",24.05609036053349,60.276479898149375
FIN,"peramiehentie 8, 29900 merikarvia, Finland",21.497873832237843,61.853178246809705
FIN,"nahkiaisentie 3, 28300 pori, Finland",21.85939378191688,61.48485051537159
FIN,"palhokuja 4 a 5, 90540 oulu, Finland",25.44905948706392,65.07109246452856
FIN,"paloasemantie 10, 91100 ii, Finland",25.382551097023565,65.31941439272808
FIN,"pursimiehenkatu 5, 15140 lahti, Finland",25.643289222215913,61.00485588470701
FIN,"rinnetie 12, 83700 polvijarvi, Finland",29.37859661382558,62.857160346050364
FIN,"ratiojankatu 7, 3600 karkkila, Finland",24.175042893819068,60.54109184562279
FIN,"soukaistentie 17, 23800 laitila, Finland",21.69533764091102,60.90994390701408
FIN,"sippolantie 15 a, 46710 sippola, Finland",27.00616211956654,60.740305711859975
FIN,"yrjontie 4, 60560 halkosaari, Finland",22.756123395057443,62.870974309216706
FIN,"puutarhurintie 1 a 8, 42300 jamsankoski, Finland",24.96443980604616,61.94320805926958
FIN,"tuohitie 8, 18120 heinola, Finland",26.069393915156553,61.21303163990984
FIN,"lauhantie 149, 32700 huittinen, Finland",22.630149844395987,61.20086824111681
FIN,"ultramariinikuja 8, 99 helsingin kaupunki, Finland",24.952980000000025,60.167950000000076
FIN,"paivatie 5 as. 5, 41490 niemisjarvi, Finland",26.35152290870971,62.28263327026863
FIN,"patikkatie 6, 60800 ilmajoki, Finland",22.621456218241462,62.72191582374364
FIN,"kortelaaksontie 3, 65280 vaasa, Finland",21.592383813854497,63.134701630628996
FIN,"lehesmaentie 70, 40270 palokka, Finland",25.73981848812653,62.32901914153669
FIN,"suopellonkatu 13 a, 21110 naantali, Finland",22.05206029212664,60.48929537203597
FIN,"karhutie 28, 76850 naarajarvi, Finland",27.062651704560324,62.292722567120904
FIN,"takaniitynkuja 4, 8680 lohja, Finland",24.188944615511673,60.28771537835138
FIN,"tuhkimonkaarre 9, 90450 kempele, Finland",25.561994735878898,64.92500942895421
FIN,"metsotie 12, 7170 pornainen, Finland",25.389676888189115,60.47514973696096
FIN,"salavatie 1, 28610 pori, Finland",21.74966469488558,61.47415311144394
FIN,"riippilantie 101, 38100 sastamala, Finland",23.03243526398782,61.438315446226994
FIN,"harjurinne 7 as. 8, 41310 leppavesi, Finland",25.835801253950137,62.32932600301194
FIN,"palmusentie 7 d 5, 23800 laitila, Finland",21.70685052019863,60.88537390850735
FIN,"iltatahdentie 5-7 e 20, 740 helsinki, Finland",25.002116209362697,60.28294653644923
FIN,"kerintie 27, 15100 lahti, Finland",25.668391597302815,60.97116461534574
FIN,"piirukatu 19, 33400 tampere, Finland",23.683703943939747,61.52941763937912
FIN,"koulumestarintie 1b, 17200 vaaksy, Finland",25.552665677644626,61.172904703380965
FIN,"heinavedentie 160 d, 79100 leppavirta, Finland",27.78292674933695,62.50536688254465
FIN,"selkamerenkatu 1, 180 helsinki, Finland",24.914538313129242,60.16289442319558
FIN,"bengtsvagen 20, 65280 vasa, Finland",21.597900866343593,63.14158945956342
FIN,"jannenpolku 4, 4600 mantsala, Finland",25.3183426173955,60.64298594866088
FIN,"vindgranden 8, 2100 esbo, Finland",24.79888271763869,60.17070618931703
FIN,"nahkurintie 64, 28400 ulvila, Finland",21.844523363674313,61.42755174144523
FIN,"neulastie 8, 50600 mikkeli, Finland",27.181280864021403,61.6749367405078
FIN,"bjorknasgatan 41, 10600 ekenas, Finland",23.454362975998766,59.97841622695359
FIN,"rauhanlinnantie 31, 20780 kaarina, Finland",22.413202469429564,60.40862206854328
FIN,"koivutie 4, 21250 masku, Finland",22.124238033836832,60.55255158364426
FIN,"sturenkatu 8, 99 helsingin kaupunki, Finland",24.952980000000025,60.167950000000076
FIN,"lansiharju 3, 50190 mikkeli, Finland",27.298968400479737,61.68020640112471
FIN,"jaarasenharjuntie 34, 97220 sinetta, Finland",25.459352967077564,66.64737947129058
FIN,"kortejarventie 426, 38470 sastamala, Finland",22.947442430512723,61.5668674379433
FIN,"hillakatu1, 53500 lappeenranta, Finland",28.249377984669707,61.03709469597652
FIN,"lukkarinkatu 36, 74120 iisalmi, Finland",27.17962560578232,63.581612763731556
FIN,"sairaalatie 6 a, 31400 somero, Finland",23.49541932507205,60.630984194870564
FIN,"niemenkylantie 257, 66320 niemenkyla, Finland",21.914071283263183,62.723219796420636
FIN,"kuivaamonkuja 9, 41340 laukaa, Finland",25.940053856903717,62.394030733217505
FIN,"kasarminkatu 10, 50100 mikkeli, Finland",27.26501674729633,61.68484561689425
FIN,"aarrekuja 4, 62100 lapua, Finland",23.03847744271087,62.95865790124921
FIN,"munckinkatu 2, 29250 nakkila, Finland",22.001200999133857,61.3669809658858
FIN,"kurjenmaenkatu 8, rak. 34, 20700 turku, Finland",22.283507521396274,60.440159356426534
FIN,"mayrantie 18, 12400 tervakoski, Finland",24.635319013444388,60.80820771903183
FIN,"keipinkatu 8, 11130 riihimaki, Finland",24.79470542855313,60.73153966606202
FIN,"hakamaentie 6, 31600 jokioinen, Finland",23.483298087251967,60.82872381006774
FIN,"karaangensvagen 4, 2610 esbo, Finland",24.76111620886303,60.223096856019964
FIN,"rekipellontie 2, 940 helsinki, Finland",25.098801965405613,60.23831801500094
FIN,"riihontie 82, 63610 tuuri, Finland",23.780386850135585,62.61021929448947
FIN,"tomisevantie 11 a 2, 9430 saukkola, Finland",23.960694914665396,60.38473154901746
FIN,"kiteenkylantie 6, 82500 kitee, Finland",30.134775373216144,62.069875086690246
FIN,"salmelantie 222, 16200 artjarvi, Finland",26.071163645767307,60.760477059957154
FIN,"pitkamaentie 3 as 3, 54800 savitaipale, Finland",27.657704217200035,61.18856763056877
FIN,"ilmajoentie 329, 61330 koskenkorva, Finland",22.508508815666886,62.70650913133588
FIN,"soukankuja 5, 2360 espoo, Finland",24.67093539641749,60.138623951998824
FIN,"rantakoivistontie 3, 36200 kangasala, Finland",24.037969859334623,61.4573820547468
FIN,"saarentie 43, 31900 punkalaidun, Finland",23.16173441855318,61.11734638973948
FIN,"pakkamestarinkatu 4, 99 helsingin kaupunki, Finland",24.952980000000025,60.167950000000076
FIN,"karlasgrand 7 bo 1, 68600 jakobstad, Finland",22.731833896940486,63.67595120969972
FIN,"laivalahdenkaari 5, 810 helsinki, Finland",25.034513941516394,60.19066777554838
FIN,"koulukuja 4 skolstigen 4, 10820 lappohja lappvik, Finland",23.251308800303974,59.90200253198947
FIN,"puistotie 11, 71800 siilinjarvi, Finland",27.62746650149461,63.074853626580364
FIN,"halmstadinkatu halmstadsg 7, 10900 hanko, Finland",22.9653129833589,59.82992948024997
FIN,"aspeskogsvagen 10, 1120 vasterskog, Finland",25.2528773552053,60.26989381772927
FIN,"vakkomaentie 3, 36720 aitoo, Finland",24.49177498207044,61.337171733070704
FIN,"nyyrikinkatu 18, 48600 kotka, Finland",26.909002785994204,60.511882044613316
FIN,"virkkarantie 111, 69600 kaustinen, Finland",23.714286239684697,63.54352112093173
FIN,"kirkkolahdentie 2, 41800 korpilahti, Finland",25.552785371221972,62.015160327784315
FIN,"spinellikuja 4, 1700 vantaa, Finland",24.843993509579587,60.31612972938458
FIN,"urheilutie 8 b 12, 27800 sakyla, Finland",22.32691186588579,61.05335780934121
FIN,"hanstinvahe 6, 26100 rauma, Finland",21.51452859002842,61.14356619824821
FIN,"lanttikatu 7, 2770 espoo, Finland",24.63259648747396,60.20539653962729
FIN,"makarlantie 8, 21500 piikkio, Finland",22.52412824077723,60.427259146434835
FIN,"naakantie 13, 28300 pori, Finland",21.850037231040204,61.480672765281355
FIN,"valkoisenlahteentie 51, 1370 vantaa, Finland",25.051659124461764,60.299382233200305
FIN,"louhikontie 7, 62300 harma, Finland",22.851500149281463,63.24414254782914
FIN,"granviksvagen 1, 65280 vasa, Finland",21.569500571752265,63.12868912205345
FIN,"kuntokatu 17, 33520 tampere, Finland",23.80764295524341,61.508215028563626
FIN,"tikantie14 c11, 97700 ranua, Finland",26.510817877254823,65.91383750825833
FIN,"isokalliontie 4, 69600 kaustinen, Finland",23.732299201065814,63.53376378935471
FIN,"pankkatie 2, 61800 kauhajoki, Finland",22.177989753977386,62.438889547455545
FIN,"tasasentie 7, 94500 lautiosaari, Finland",24.593662090067937,65.8082127770286
FIN,"haapaniementie 17, 52550 hirvensalmi, Finland",26.79326789769962,61.641694531609176
FIN,"korpinkatu 8, 15610 lahti, Finland",25.640575581062848,60.9528116420623
FIN,"kahinpolku 68, 23800 laitila, Finland",21.713588313066197,60.915990695783876
FIN,"etanatie 1, 28200 pori, Finland",21.821020423351342,61.5000127076637
FIN,"skolvagen 44, 68910 bennas, Finland",22.79975916389364,63.61663784534514
FIN,"vanhainkodintie 12, 45740 kuusankoski, Finland",26.591909123010968,60.89549911207832
FIN,"suitsikuja 2, 1200 vantaa, Finland",25.113733822998455,60.28020473210151
FIN,"rekipellonkuja 1, 99 helsingin kaupunki, Finland",25.093530000000044,60.239100000000064
FIN,"kaarlonkatu 4, 49400 hamina, Finland",27.205476820098937,60.56794272762161
FIN,"hangobyvagen 45, 10940 hangonkyla, Finland",22.943672334283434,59.83502634793288
FIN,"petrumantie 123, 79885 etela-petruma, Finland",28.82075790726614,62.48113878186845
FIN,"yhdystie 5, 12700 loppi, Finland",24.441691601854615,60.719616576433
FIN,"alaanentie 53, 60800 ilmajoki, Finland",22.62806870165656,62.721843487919244
FIN,"fieandintie 5 a, 43500 karstula, Finland",24.7898091398132,62.89014577534522
FIN,"talaskatu 1 as7, 50190 mikkeli, Finland",27.30789982122738,61.68532154135653
FIN,"skolvagen 7, 68555 bosund, Finland",22.852153518633997,63.81962591494417
FIN,"aittamaentie 25, 95450 tornio, Finland",24.202480048035483,65.81563944733497
FIN,"vienolanrinne 2, 20210 turku, Finland",22.20329287564536,60.454551503273905
FIN,"kiiskenkuja 1, 70700 kuopio, Finland",27.632343858250767,62.86823674259181
FIN,"satamatie 23, 90520 oulu, Finland",25.436988205386797,65.03503146350153
FIN,"arielinkatu 2, 99 helsingin kaupunki, Finland",24.952980000000025,60.167950000000076
FIN,"nostinkuja 13, 90460 oulunsalo, Finland",25.36771831352624,64.96255306292443
FIN,"havumetsantie 4, 8350 lohja, Finland",24.058768797693205,60.275865420827586
FIN,"lepplaxvagen 97, 68530 lepplax, Finland",22.896885137491353,63.67061927154222
FIN,"lautakunnankatu 14 c 26, 20780 kaarina, Finland",22.36403439304047,60.40799556319044
FIN,"vanhatie 68, 86600 haapavesi, Finland",25.375639547303138,64.13707117742723
FIN,"pohjoinen munsalantie 32 b, 66950 munsala, Finland",22.434937666372832,63.45576758191723
FIN,"ketjutie 16, 90560 oulu, Finland",25.44548318043607,65.04343075912607
FIN,"ouluntie 785, 74160 iisalmi, Finland",27.105054411620387,63.647882688626595
FIN,"ristonmaantie 1, 40500 jyvaskyla, Finland",25.73095177567143,62.222043803065105
FIN,"ruokosuontie 5, 46910 anjala, Finland",26.797719275019006,60.68699270053162
FIN,"ruokojarvenkatu 4 as. 1, 38700 kankaanpaa, Finland",22.394523146745996,61.8015657979071
FIN,"lopotinkatu 5, 69100 kannus, Finland",23.916504263838988,63.897299502928405
FIN,"kiskottajankuja 4a, 2660 espoo, Finland",24.814389741884227,60.22988224636018
FIN,"tavastilantie 215, 49300 tavastila, Finland",26.978416176037115,60.57344113037615
FIN,"nurkkatie 2, 99 helsingin kaupunki, Finland",24.952980000000025,60.167950000000076
FIN,"mutkapolku 4, 5200 rajamaki, Finland",24.76882043516673,60.5300327206636
FIN,"lekapolku 10, 92930 pyhanta, Finland",26.345192392517447,64.10359364659692
FIN,"eurakoskentie 38, 27400 kiukainen, Finland",22.08392644398097,61.20807764176655
FIN,"kuovitie 2 b 4, 90440 kempele, Finland",25.47452429564416,64.90732977395288
FIN,"askelkatu 3, 15340 lahti, Finland",25.808046174146256,61.01250889758231
FIN,"ilolantie 12, 1390 vantaa, Finland",25.01977562206787,60.326223769377094
FIN,"raivaajantie 1, 91800 tyrnava, Finland",25.64053903596502,64.76266910543791
FIN,"kuusimaentie 5, 30100 forssa, Finland",23.62182261590931,60.76570099255335
FIN,"vapaudentie 27, 60100 seinajoki, Finland",22.84047828188187,62.7783137107167
FIN,"hakulintie 30, 8500 lohja, Finland",24.144164884530085,60.27578055405792
FIN,"rovastintie 6, 40270 jyvaskyla, Finland",25.73194653994028,62.288621008530555
FIN,"sammonkatu 1 b, 32200 loimaa, Finland",23.05409812510669,60.84819903636733
FIN,"ruotutie 25 as. 1, 33920 pirkkala, Finland",23.72194998139605,61.4558276308029
FIN,"pajalahdentie 10 c, 200 helsinki, Finland",24.88446370925962,60.158878611474705
FIN,"rikantilantie 351, 27150 eurajoki, Finland",21.70434760009141,61.16973005755327
FIN,"puhjonsalmentie 36, 45370 valkeala, Finland",26.80792021882158,60.928889187485396
FIN,"kuhamaenkatu 7, 41330 vihtavuori, Finland",25.9099360024137,62.37801677192468
FIN,"hyddavagen 2, 25840 nivelax, Finland",22.64621636022173,60.07185169964649
FIN,"hernepellontie 40, 99 helsingin kaupunki, Finland",25.000540000000058,60.22801000000004
FIN,"vuoksenniskantie 96 e, 55800 imatra, Finland",28.838521728234355,61.227612572261606
FIN,"makirinteentie 1-3 d 13, 62100 lapua, Finland",23.02648889041808,62.984260131131975
FIN,"sjokullavagen 285, 2540 kylmala, Finland",24.40035389941201,60.23422215610472
FIN,"kyyhkytie 2, 44500 viitasaari, Finland",25.81474574553536,63.10057546622147
FIN,"vanha turuntie 1228, 25240 hajala, Finland",22.891623397772946,60.41546191108202
FIN,"ruiskuja 7, 91500 muhos, Finland",25.960046707633893,64.81276107710448
FIN,"toukotie 3, 45100 kouvola, Finland",26.69468992701485,60.85909970144698
FIN,"tahtimonkatu 2, 20540 turku, Finland",22.327958095040145,60.45165760929308
FIN,"koydenpunojankatu 8 c, 180 helsinki, Finland",24.92327225623805,60.16357951805162
FIN,"kaskenkatu 7, 20700 turku, Finland",22.272642311767044,60.446276553183
FIN,"ojapolku 1, 14500 iittala, Finland",24.12059614626719,61.087824195198635
FIN,"werner wirenin tie 6, 570 helsinki, Finland",25.01052954467505,60.18461558045104
FIN,"tapolantie 6, 37470 vesilahti, Finland",23.626128734846645,61.303800484772665
FIN,"venlantie 9, 15540 villahde, Finland",25.826521732763638,60.95297894484969
FIN,"satakielentie 6, 48230 kotka, Finland",26.898249726229466,60.491501866137384
FIN,"kyostintie 11, 84100 ylivieska, Finland",24.52484125482144,64.07444105207662
FIN,"tuumakatu 1 as 1, 20660 littoinen, Finland",22.371898210780643,60.445872503540414
FIN,"vapaalankuja 3, 1650 vantaa, Finland",24.823969921480852,60.256892102890134
FIN,"pihlajatie 15, 31400 somero, Finland",23.506999091946994,60.63133221149042
FIN,"paraistentie 3, 280 helsinki, Finland",24.90376002383593,60.20052078655013
FIN,"kurkitie 13, 49410 poitsila, Finland",27.151918889559767,60.56801435098424
FIN,"toivalantie 5, 82110 heinavaara, Finland",30.183816463772132,62.54732518109833
FIN,"hippalankuja 14, 40270 palokka, Finland",25.720783018377034,62.27685692360478
FIN,"mantyniementie 8, 85500 nivala, Finland",24.852257828202514,63.92628451602299
FIN,"kiikkulankatu 8as13, 15950 lahti, Finland",25.59092453941281,60.999146970454206
FIN,"pastellintie 4, 37500 lempaala, Finland",23.756591465210818,61.308967718532756
FIN,"vaarakuja 16, 28600 pori, Finland",21.724547064734878,61.484482382184126
FIN,"koulutie 21, 69410 sykarainen, Finland",24.409841040340183,63.61856199503811
FIN,"makasiinitie 6 a 8, 37500 lempaala, Finland",23.7551082036249,61.31156497696023
FIN,"snettansvagen 41, 2940 esbo, Finland",24.692475295016777,60.29660178827896
FIN,"pajupolku 3, 58500 punkaharju, Finland",29.395792507285165,61.75433348014687
FIN,"hakamatka 7, 96190 rovaniemi, Finland",25.68708592359306,66.52314847638976
FIN,"vesisuontie 13, 90410 oulu, Finland",25.525596656615647,64.97191489440013
FIN,"salonaukio 1, 15170 lahti, Finland",25.708256934633596,60.980361071871755
FIN,"pyynikintori 4-6, 33230 tampere, Finland",23.742686390756944,61.497073090401045
FIN,"meskaasentie 382, 61220 myllysalo, Finland",22.493386688871965,62.611762235225996
FIN,"nyypakankuja 1, 61100 peraseinajoki, Finland",23.059813577243972,62.56433382284098
FIN,"kirkonkylantie 25, 99 helsingin kaupunki, Finland",25.002140000000054,60.254980000000046
FIN,"raahentie 294 c, 86400 vihanti, Finland",24.96832205213994,64.50178421312094
FIN,"kellonsoittajantie 8, 82500 kitee, Finland",30.133793936173333,62.09545690663879
FIN,"alkulantie 15 talo e, 88600 sotkamo, Finland",28.3359635473862,64.13276581286115
FIN,"martinkallio 2, 2300 espoo, Finland",24.677763965296435,60.156978936939026
FIN,"kultasepankuja 6, 3100 nummela, Finland",24.328392159346663,60.32540665954602
FIN,"ruokorannankatu 2, 21120 raisio, Finland",22.107847473634337,60.467339311944016
FIN,"vanha lagstadintie 8, 2770 espoo, Finland",24.653960282287528,60.20824655434501
FIN,"impilahdenkatu 9, 80200 joensuu, Finland",29.793244921506044,62.5912108563777
FIN,"kapalapolku 6, 37800 akaa, Finland",23.905076879963786,61.17187092135282
FIN,"pirttitie 4a, 1800 klaukkala, Finland",24.73373170965724,60.39612899626935
FIN,"ruotutorppa 6 c 20, 2610 espoo, Finland",24.776983403031238,60.21836954644806
FIN,"palokunnantie 3, 14200 turenki, Finland",24.65947272472991,60.91999908952042
FIN,"ullanmaentie 10, 2700 kauniainen, Finland",24.703409219557816,60.20616978263011
FIN,"etelakatu 12 b 30, 80110 joensuu, Finland",29.744081622801758,62.594312495828746
FIN,"kuoviluodontie 6 a 1, 20660 littoinen, Finland",22.404220549677348,60.450717948340916
FIN,"forsdalintie 7, 2520 lapinkyla, Finland",24.460540993353618,60.239673159196826
FIN,"lansantie 25, 2630 lansantie 25, Finland",24.76678765600863,60.21192851486239
FIN,"mantypellonpolku 11, 90460 oulunsalo, Finland",25.395032086127912,64.93515216043926
FIN,"puistotie 34, 4420 jarvenpaa, Finland",25.10522797737729,60.46199977255413
FIN,"kyntajantie 1, 61800 kauhajoki, Finland",22.177318028256906,62.41960056704451
FIN,"vainamoisenkatu 64 b 12, 53300 lappeenranta, Finland",28.268259227400762,61.069485471150585
FIN,"tuulastajantie 1, 57600 savonlinna, Finland",28.824028869103962,61.86455231092002
FIN,"isomaenkuja 4, 68100 himanka, Finland",23.67847455836761,64.06283928270585
FIN,"luhtimaki 2, 1660 vantaa, Finland",24.819758518049383,60.26830226195432
FIN,"nissaksentie 9, 1200 vantaa, Finland",25.123993775399413,60.283592320179366
FIN,"alihervontie 1, 1800 klaukkala, Finland",24.75324811635224,60.376427555632034
FIN,"kalteenpolku 3, 99 helsingin kaupunki, Finland",25.082080000000076,60.26329000000004
FIN,"kalevankatu 5, 81700 lieksa, Finland",30.023491024050628,63.33043168453986
FIN,"nissintie 3, 2780 espoo, Finland",24.616362901138025,60.182996728708744
FIN,"halla-ahontie 2, 81210 louhioja, Finland",30.1006966503806,62.809468071353365
FIN,"arotie 20, 91800 tyrnava, Finland",25.534620613574333,64.80573649741976
FIN,"gunillantie 10, 99 helsingin kaupunki, Finland",24.952980000000025,60.167950000000076
FIN,"pihlajatie 5, 37630 valkeakoski, Finland",24.007298966873122,61.289554392588116
FIN,"rapalantie8, 26100 rauma, Finland",21.51054768893428,61.14333230124009
FIN,"karjamaantie 41, 5430 nuppulinna, Finland",25.021183865620372,60.50893618283277
FIN,"repslagaregatan 1, 64100 krs, Finland",21.374254422902254,62.276496417949204
FIN,"sakakuja 2, 20210 turku, Finland",22.197315991948045,60.46331277138708
FIN,"bjorkhagsgatan 1, 21600 pargas, Finland",22.315637703200622,60.30438589411992
FIN,"maamiehentie 2, 33340 tampere, Finland",23.596139710208462,61.5114717332234
FIN,"pappilantie 52 b, 96300 rovaniemi, Finland",25.694824767156888,66.48408365272175
FIN,"ladjakoskenkatu 6 as 2, 20780 kaarina, Finland",22.38936425297956,60.411961418768385
FIN,"helsingiuksentie 56, 8700 lohja, Finland",23.999659951776096,60.19790768632569
FIN,"tuomontie 5, 31400 somero, Finland",23.528379818204968,60.62680254719538
FIN,"vistantie 18, 21531 pl 50 paimio, Finland",22.691628505797894,60.45578196666008
FIN,"rataniityntie 8 b 23, 36240 kangasala, Finland",23.936275245592128,61.480862824935855
FIN,"karjalahdentie 95, 85800 haapajarvi, Finland",25.315184567736082,63.73576430312161
FIN,"venevalkamantie 2, 79810 karvionkanava, Finland",28.662024358595744,62.50888619223093
FIN,"korvenkylantie 407, 38800 jamijarvi, Finland",22.654615027203505,61.86877671716212
FIN,"laaksolankuja 3, 24910 halikko, Finland",23.042490446494185,60.396824623642885
FIN,"janakantie 6, 40800 vaajakoski, Finland",25.89297765209014,62.258990058796
FIN,"tranbarsstigen 4, 99 helsingfors stad, Finland",25.072117673732407,60.229481393578226
FIN,"rahkakatu 2, 21110 naantali, Finland",22.05608042052765,60.48971463483278
FIN,"tikasmaentie 2, 2250 espoo, Finland",24.727830246429818,60.18667241567124
FIN,"kuljuntie 26, 37200 siuro, Finland",23.320646250304122,61.474069627688294
FIN,"punavuorenkatu 8-10, 99 helsingin kaupunki, Finland",24.952980000000025,60.167950000000076
FIN,"hiidenkiukaantie 2, 5460 hyvinkaa, Finland",24.8643253486903,60.611433279985306
FIN,"rihtaajantie 1, 28400 ulvila, Finland",21.849750569951595,61.42604056812172
FIN,"kackurvagen 2, 68570 larsmo, Finland",22.741784138019085,63.75358293007761
FIN,"skiffergranden 1 h, 99 helsingin kaupunki, Finland",24.952980000000025,60.167950000000076
FIN,"katriinankuja 3, 1760 vantaa, Finland",24.871641157600862,60.34553600956943
FIN,"nallentie 3 as. 11, 34800 virrat, Finland",23.778443589703386,62.237224687001316
FIN,"katontie 8 a 1, 31640 humppila, Finland",23.37079257861282,60.92239040458685
FIN,"lehdistontie 23, 35300 orivesi, Finland",24.338127823703985,61.69138304036642
FIN,"haljastentie 1, 37500 lempaala, Finland",23.74773816380079,61.306221974690544
FIN,"isonniitynkatu 7 d, 99 helsingin kaupunki, Finland",24.949850000000026,60.202420000000075
FIN,"karkimaentie 165, 61400 ylistaro, Finland",22.519016788582803,62.96589219615137
FIN,"nurmelanrinne 2, 43100 saarijarvi, Finland",25.267641574734654,62.68824136009823
FIN,"furuholmsvagen 34, 68580 larsmo, Finland",22.752812710941214,63.71318668299969
FIN,"lintukulma 2, 2660 espoo, Finland",24.81278083511293,60.23414479113842
FIN,"leilankuja 3, 2230 espoo, Finland",24.742768725726194,60.15483304399757
FIN,"paivakodintie 10, 95300 tervola, Finland",24.813891018188514,66.088994013187
FIN,"lintukallionrinne 3 d 56, 1620 vantaa, Finland",24.862884667172523,60.281021464746914
FIN,"taskisentie 7, 90800 oulu, Finland",25.39870185097618,65.09615875552228
FIN,"toolonkatu 2, 100 helsinki, Finland",24.931282002912496,60.17320776831974
FIN,"ikaliininkatu 3, 39500 ikaalinen, Finland",23.081709539068896,61.76075864339162
FIN,"salssinkuja 2, 36420 sahalahti, Finland",24.330629205485167,61.47572082070434
FIN,"vimparintie 13, 91110 ii as, Finland",25.41873946106935,65.318093027602
FIN,"ylistonmaentie 2 c 14, 40500 jyvaskyla, Finland",25.74342714890065,62.22038879628312
FIN,"mantymaentie 9 b, 4600 mantsala, Finland",25.31508901403987,60.64295401360977
FIN,"susikoskentie 12, 38600 lavia, Finland",22.577179066174295,61.60898830350908
FIN,"lipporannantie 18, 90500 oulu, Finland",25.451067204331537,65.02811475891068
FIN,"takkulantie 1, 84100 ylivieska, Finland",24.535104559983637,64.07829676944684
FIN,"kukkulatie 8, 34800 virrat, Finland",23.744515741124985,62.24483273096607
FIN,"karhunpolku 6 h, 88900 kuhmo, Finland",29.52613839391904,64.11978991428381
FIN,"tupasvillanpolku 10 d 36, 930 helsinki, Finland",25.08629415421109,60.20810410390055
FIN,"koskitie 23, 90500 oulu, Finland",25.46059499749009,65.02416549950101
FIN,"sodermalmsgatan 1a, 68600 jakobstad, Finland",22.70904245989077,63.67324335902727
FIN,"vakakuja 9, 49490 neuvoton, Finland",27.057673776083476,60.553731629882805
FIN,"sibeliuksenkatu 14, 99 helsingin kaupunki, Finland",24.91805000000005,60.181020000000046
FIN,"sallilantie 55, 32610 vampula, Finland",22.691513170810197,61.026013400883414
FIN,"purotie 9 b, 1800 klaukkala, Finland",24.74756116268577,60.39099949430255
FIN,"aliverstaankuja 3a1, 4500 kellokoski, Finland",25.104120031513332,60.5284436794596
FIN,"hirvenpiha 14, 24100 salo, Finland",23.15024199110934,60.3819285986861
FIN,"vainionpaantie 75, 66300 jurva, Finland",22.003297648394152,62.67632526935839
FIN,"mukaniityntie 10, 37130 nokia, Finland",23.49924524477649,61.49175456328865
FIN,"kotirinne 25, 14200 turenki, Finland",24.7109195891353,60.91219842942067
FIN,"hanhiniementie 15, 44640 kymonkoski, Finland",25.939217762061958,63.11393927927779
FIN,"peltolamminkatu 4a39, 33840 tampere, Finland",23.75753090891871,61.45616755888619
FIN,"joutenjarvi 378, 70800 kuopio, Finland",27.44838697251322,62.87869219802258
FIN,"aleksanterinkatu 24, 6100 porvoo, Finland",25.671453925627958,60.39264875948086
FIN,"brinkangsvagen 4, 2710 esbo, Finland",24.739578741015663,60.22670178684717
FIN,"kaivokatu 9, 21100 naantali, Finland",22.019385621892013,60.46818626135038
FIN,"kolistajantie 2, 90540 oulu, Finland",25.463465499755078,65.09275606833215
FIN,"vierikuja 3 as. 1, 80400 ylamylly, Finland",29.59782042987544,62.63769014395666
FIN,"viherkallionkuja 3 cc 187, 2710 espoo, Finland",24.746928245177003,60.22960242826008
FIN,"sjokortsgranden 6 k 79, 960 helsinki, Finland",25.12992078677283,60.21589365797857
FIN,"jukolantie 17, 76850 naarajarvi, Finland",27.078243217933107,62.2837743406574
FIN,"teerelantie 3, 86110 parhalahti, Finland",24.328631043587166,64.48727979068053
FIN,"kolunkatu 2, 33710 tampere, Finland",23.889122430183505,61.464808127593614
FIN,"aapiskuja 1, 39160 julkujarvi, Finland",23.508430285722525,61.57264401627952
FIN,"koulutie 6 as. 1, 41330 vihtavuori, Finland",25.89926106198655,62.37175662180957
FIN,"koulukatu 2, 55100 imatra, Finland",28.777099507291382,61.18374975453307
FIN,"paalasmaantie 347, 83900 juuka, Finland",29.2905073376794,63.277034812270216
FIN,"pystykorvankuja 17, 55420 imatra, Finland",28.762227496487185,61.20722901597955
FIN,"kalamajantie 5, 94400 keminmaa, Finland",24.545931464315373,65.79599159573951
FIN,"luhtatie 2, 2760 espoo, Finland",24.68750071930117,60.19818231938322
FIN,"vanhansillantie 16, 41340 laukaa, Finland",25.957042801173884,62.42338776235627
FIN,"lansankallionkuja 1, 2630 espoo, Finland",24.770588178546433,60.2128457884364
FIN,"vasavagen 758 b, 64220 yttermark, Finland",21.397739761228564,62.543958422049855
FIN,"haukantie 10, 81100 kontiolahti, Finland",29.85219308633924,62.756891661676065
FIN,"vuorikatu 7, 15110 lahti, Finland",25.6473776631278,60.98178436094048
FIN,"karajavuorentie 9, 61300 kurikka, Finland",22.43047857770253,62.611743124486765
FIN,"rajatie 16, 95980 yllasjarvi, Finland",24.340488586733358,67.52244458884115
FIN,"simontie 5, 95200 simo, Finland",25.066744035606632,65.66505134835143
FIN,"albertinkatu 2, 150 helsinki, Finland",24.93984495519652,60.15940118122819
FIN,"kyyhkysenpolku 4 as. 1, 40270 palokka, Finland",25.74459986097395,62.29029797589885
FIN,"gronbackagrand 3 d 26, 2710 esbo, Finland",24.746928245177003,60.22960242826008
FIN,"ankkapurontie 1, 4440 jarvenpaa, Finland",25.03240765306745,60.50106385746088
FIN,"kylanselantie 3, 82500 kitee, Finland",30.171216451642664,62.14412391285603
FIN,"kotiseututie 6, 16300 orimattila, Finland",25.737763832201153,60.81026929002732
FIN,"kierretie 54a, 1650 vantaa, Finland",24.823593909304407,60.26337106258765
FIN,"luumukuja 6, 13300 hameenlinna, Finland",24.556045152505874,60.960314744599316
FIN,"napaturunkatu 4 c 3, 20610 turku, Finland",22.350145830935872,60.44764121083898
FIN,"suvelantie 18 b 31, 2760 espoo, Finland",24.675691707374398,60.204676911330154
FIN,"pyoreasuontie 28, 90420 oulu, Finland",25.54689272565156,64.95079090583641
FIN,"jarvelantie 458, 69600 kaustinen, Finland",23.752804940451313,63.5182576875753
FIN,"lakeenjarventie 39, 82110 heinavaara, Finland",30.097250598528063,62.56627658035899
FIN,"kalliokatu 22, 65320 vaasa, Finland",21.662889952614393,63.095545234668776
FIN,"anttoninkatu 11 as. 13, 40250 jyvaskyla, Finland",25.746006092869692,62.26484167495036
FIN,"pasinanraitti 22, 16320 pennala, Finland",25.690521833342757,60.910116155124314
FIN,"kummelivuorentie 4, 2330 espoo, Finland",24.61689839887757,60.163477036380584
FIN,"sarkaojantie 1 c 15, 5810 hyvinkaa, Finland",24.890648883250833,60.619108211537394
FIN,"satamakatu 22 b 10, 26100 rauma, Finland",21.48612449946168,61.12818833958738
FIN,"naalitie 10, 26200 rauma, Finland",21.50359490025025,61.150960168405874
FIN,"valtasaarentie 2, 52300 ristiina, Finland",27.26760088804531,61.49854633561267
FIN,"suppaantie 49, 41330 vihtavuori, Finland",25.92280758820604,62.34204730128033
FIN,"rakuunatie 55 a 14, 20720 turku, Finland",22.301883754461016,60.43505343628817
FIN,"moreenitie 39, 1700 vantaa, Finland",24.836069031076534,60.32521031346414
FIN,"huusharjuntie 25, 50180 mikkeli, Finland",27.343111609734194,61.711325222491894
FIN,"martinhovi 4, 90850 martinniemi, Finland",25.284980463462404,65.21573305838544
FIN,"nummentie 5, 61300 kurikka, Finland",22.390479046101916,62.62331610202011
FIN,"kostulantie 168-22, 39230 osara, Finland",23.153494756274625,61.694164155840014
FIN,"puulinnankatu 11, 90570 oulu, Finland",25.464339948009865,65.05392863184863
FIN,"auertie 1 a, 4410 jarvenpaa, Finland",25.10293486649977,60.48255833609747
FIN,"naamangantie 3 a 7, 93100 pudasjarvi, Finland",26.991552965245944,65.35765942435603
FIN,"lampoperantie 130, 86210 petajaskoski, Finland",24.597877973969048,64.24521973088628
FIN,"itamerenkatu 16, 99 helsingin kaupunki, Finland",24.91154000000006,60.16327000000007
FIN,"makaraniementie 711, 44350 istunmaki, Finland",26.561321609914927,62.64162842307314
FIN,"hippiaiskuja 3, 90420 oulu, Finland",25.554600472354622,64.9641124321912
FIN,"virkatie 4, 31760 urjala, Finland",23.547119322953336,61.08239167420305
FIN,"pesolantie 4, 80140 joensuu, Finland",29.69218773053553,62.62406293446613
FIN,"luumupuuntie 4, 41290 kangashakki, Finland",25.67997630950063,62.505749684062664
FIN,"haavikontie 10, 36420 sahalahti, Finland",24.35355739870741,61.47311400690725
FIN,"paperimestarintie 4 b 4, 40250 jyvaskyla, Finland",25.75473173789436,62.2606469515062
FIN,"vierulankatu 12, 21210 raisio, Finland",22.086607730987765,60.4938854698529
FIN,"ranttilantie 29, 85820 oksava, Finland",25.29145112507578,63.82247848614233
FIN,"rauduskoivuntie 8, 13300 hameenlinna, Finland",24.54288774381527,60.96538395200176
FIN,"kirvesmiehenkatu 2 a 1, 80100 joensuu, Finland",29.7894036629188,62.61775722383416
FIN,"vagbrottet 5 b, 2320 esbo, Finland",24.638163831382144,60.15331432696121
FIN,"ahjolantie 3, 86600 haapavesi, Finland",25.35850232716581,64.13947326323924
FIN,"lehtokuja 5, 69100 kannus, Finland",23.929567627575977,63.88448147749736
FIN,"oskarintie 13, 36600 palkane, Finland",24.27408765269169,61.31808354115023
FIN,"lapuankatu 4 as. 3, 65350 vaasa, Finland",21.658035824847417,63.07314505943708
FIN,"kehakuja 4 as. 7, 73100 lapinlahti, Finland",27.37441097729578,63.362880127207774
FIN,"leppalinnunrinne 6 a 5, 2620 espoo, Finland",24.782164425022046,60.22933391399184
FIN,"kiertotie 1, 2300 espoo, Finland",24.677516447695666,60.16354997184294
FIN,"huhtavainiontie 4, 97110 rautiosaari, Finland",25.49990580593629,66.41995836355365
FIN,"apajakuja 2, 80140 joensuu, Finland",29.70831285682894,62.61918784706816
FIN,"ronkavuorentie 1, 42700 keuruu, Finland",24.71552385236859,62.25260669470421
FIN,"lantantie 1, 43800 kivijarvi, Finland",25.08236647820209,63.11953038588143
FIN,"pahkatie 1, 40530 jyvaskyla, Finland",25.721702848431505,62.18331044175815
FIN,"annalankatu 8, 33710 tampere, Finland",23.88610251428844,61.46420903106417
FIN,"kiilamaki 1 c 11, 1840 klaukkala, Finland",24.735174637630195,60.36838734073956
FIN,"karjalaiskuja 20, 27100 eurajoki, Finland",21.76925990812913,61.21726693176538
FIN,"humalistontie 7 f, 4130 sipoo, Finland",25.276663352398515,60.38580661191875
FIN,"erlandintie 13, 39310 viljakkala, Finland",23.26752468164429,61.70025189020683
FIN,"rysakatu 2, 40250 jyvaskyla, Finland",25.752500139992918,62.26617498428848
FIN,"suotie 3, 41500 hankasalmi, Finland",26.480936224796324,62.29914599670988
FIN,"mesikammen 16 a 1, 40400 jyvaskyla, Finland",25.81570203686863,62.24310895066853
FIN,"sammentie 8, 2260 espoo, Finland",24.685575228503694,60.143282194688595
FIN,"haankuja 1, 84100 ylivieska, Finland",24.511726174741852,64.06304719581411
FIN,"kekanahotie 18, 14200 turenki, Finland",24.661049779812373,60.92466118788565
FIN,"hiirisuontie 5 a, 2970 espoo, Finland",24.735369935974177,60.30519064064379
FIN,"kalasaaksentie 6, 2620 espoo, Finland",24.774318209278533,60.230783396507974
FIN,"molskikatu 12, 20660 littoinen, Finland",22.400723408162918,60.444911602160374
FIN,"vanha kakskerrantie 8, 20900 turku, Finland",22.22609274192996,60.420130337784116
FIN,"haapamaentie 55, 31650 venajankangas, Finland",23.29897014577824,60.96178648106837
FIN,"hakakatu 24, 67100 kokkola, Finland",23.15840009746998,63.8391213416304
FIN,"turkkilantie 691, 39200 kyroskoski, Finland",23.346327814900462,61.62506244686668
FIN,"iidesranta 28, 33100 tampere, Finland",23.78802720633709,61.49018869804692
FIN,"lansivayla 1, 68630 jakobstad, Finland",22.687820104271083,63.664910022013316
FIN,"pajapolku 6, 70900 toivala, Finland",27.724837310484077,62.98748661903082
FIN,"laitilantie 9, 73300 nilsia, Finland",28.09560090680401,63.20367748532615
FIN,"rummunlyojankatu 6, 2600 espoo, Finland",24.805302098537567,60.218188220086454
FIN,"dikesbrinken 5, 20810 abo, Finland",22.24633101478514,60.43523788006755
FIN,"tykkimaentie 1, 5200 rajamaki, Finland",24.75495509093392,60.529683488667786
FIN,"santavuorentie 147, 61330 koskenkorva, Finland",22.45537241103844,62.67640766346659
FIN,"elontie 1, 50600 mikkeli, Finland",27.190360979731366,61.67385614555042
FIN,"koulutie 11 b 5, 85200 alavieska, Finland",24.30111602149023,64.16461675156123
FIN,"vanrikintie 1, 25250 marynummi, Finland",23.047152628678447,60.44310727177333
FIN,"mehilaisentie 4, 36240 kangasala, Finland",23.954489875563638,61.477120556625124
FIN,"maaelantie 6, 93600 kuusamo, Finland",29.17852556220682,65.9671796197477
FIN,"kolmiperhehoito, 70100 kuopio, Finland",27.789570000000026,62.87864607700004
FIN,"paimentie 11, 79700 heinavesi, Finland",28.64730908938094,62.4181662138636
FIN,"framstugatan 3, 68910 bennas, Finland",22.791126138899074,63.597183909079604
FIN,"toimitie 2 b 5, 21230 lemu, Finland",21.96996851915958,60.56728541877459
FIN,"karajamaentie 1a, 27510 eura, Finland",22.1375756161772,61.129004695752904
FIN,"omenatarhantie 2, 6150 porvoo, Finland",25.7052747373028,60.40096507426395
FIN,"veikarsvagen 903, 66520 veikars, Finland",21.88650353899527,63.08576116482064
FIN,"kurittulantie 49, 21250 masku, Finland",22.109814706309606,60.57205610469546
FIN,"kalikkakuja 7, 90540 oulu, Finland",25.49302131193366,65.06879523632526
FIN,"kylasepankatu 18 a 3, 33270 tampere, Finland",23.69139257990355,61.50704210694275
FIN,"tampereentie 7as1, 20300 turku, Finland",22.267945679960746,60.46088738388423
FIN,"rantapuistonkatu 3, 70840 kuopio, Finland",27.70064412043459,62.84659001177485
FIN,"levypolku 2 a 2, 50190 mikkeli, Finland",27.294022574692036,61.682667872720714
FIN,"lahnaniementie67, 52510 hietanen, Finland",26.98025248338479,61.56617224289391
FIN,"opinkuja 4, 91300 ylikiiminki, Finland",26.151518964279205,65.02980890918047
FIN,"koulumaentie 6, 41490 niemisjarvi, Finland",26.342547556712958,62.28764568209974
FIN,"littoistentie 353, 20660 littoinen, Finland",22.44574545996531,60.44862792848079
FIN,"vahaheikkilantie 31, 20810 turku, Finland",22.26751183265239,60.43263844234525
FIN,"kannuksentie 1, 85160 rautio, Finland",24.20432146834412,64.07472088191412
FIN,"viistotie 1 c, 42100 jamsa, Finland",25.14537416638126,61.85882446442676
FIN,"pohjukantie 1, 58410 haapakallio, Finland",29.088284116745115,61.884497898577024
FIN,"laaksolahdentie 35, 2730 espoo, Finland",24.764835594578102,60.247492930035804
FIN,"malmogatan 1 a 15, 65100 vasa, Finland",21.62648349144797,63.08710226932871
FIN,"isokoivukuja 16, 29600 noormarkku, Finland",21.868775478503096,61.59612782373844
FIN,"linnasvagen 26, 1180 kalkstrand, Finland",25.39679278870895,60.261740740510504
FIN,"kuvansintie 6, 78880 kuvansi, Finland",27.879422655272947,62.2624761761457
FIN,"rinnetie 18 b 2, 88300 paltamo, Finland",27.822341224095936,64.40322992131266
FIN,"apulintie 9 a 5, 85100 kalajoki, Finland",23.931543912706672,64.25728992291599
FIN,"leskirouva freytagin kuja 3, 99 helsingin kaupunki, Finland",26.158834376000073,64.52251280100006
FIN,"tenavatie 2, 99 helsingin kaupunki, Finland",24.952980000000025,60.167950000000076
FIN,"kerrospolku 2, 49420 hamina, Finland",27.12730216194285,60.55661940507434
FIN,"sotilaspojankatu 7, 57100 savonlinna, Finland",28.877607075906184,61.86904548288743
FIN,"sarvvikintie 3, 2450 kirkkonummi, Finland",24.60338111249888,60.15288705944684
FIN,"alasentie 86, 41180 vehnia, Finland",25.66935325305414,62.425588808220624
FIN,"huttukylantie 691, 90900 kiiminki, Finland",25.92288243860142,65.06652001061781
FIN,"strandgatan 23, 65100 vasa, Finland",21.610852918406408,63.08788396561886
FIN,"olavinlinnantie 1b, 99 helsingin kaupunki, Finland",25.076310000000035,60.213130000000035
FIN,"mustikkatie 33, 88900 kuhmo, Finland",29.479773728866036,64.1140859872634
FIN,"satamatie 18 d 45, 90520 oulu, Finland",25.438190757035358,65.03516968108488
FIN,"alapitkantie 45, 71910 alapitka, Finland",27.53858362675578,63.20170878581783
FIN,"yrjonkatu 29, 80170 joensuu, Finland",29.876382253075207,62.62461098033219
FIN,"mesikammen 4, 60510 hyllykallio, Finland",22.925881261767305,62.785972621627046
FIN,"langgatan 2, 66530 kvevlax, Finland",21.83779956858504,63.161444260348304
FIN,"sokinsuontie 5, 2760 espoo, Finland",24.669317270009458,60.199642446916386
FIN,"linnavuorentie 22 b 1, 37240 linnavuori, Finland",23.348958139935945,61.49286906304437
FIN,"lepolankatu 1a, 53100 lappeenranta, Finland",28.208855003215774,61.05367954869459
FIN,"kuorevirrankatu 10, 74700 kiuruvesi, Finland",26.617330995675786,63.65877392406517
FIN,"katajamaentie 268, 62310 voltti, Finland",22.721784833223467,63.26513473096543
FIN,"vuorikatu 9, 70100 kuopio, Finland",27.683564735429172,62.88918340713212
FIN,"sipulitie 17, 1350 vantaa, Finland",25.04159899663256,60.31174558229361
FIN,"kuusiniementie 2, 2710 espoo, Finland",24.740525057884184,60.22607117436178
FIN,"vapaalanpolku 12, 1650 vantaa, Finland",24.823068866889486,60.25766776421
FIN,"hosmarinahde 5, 2760 espoo, Finland",24.675734622718636,60.19922515386679
FIN,"kenraalintie 6, 1700 vantaa, Finland",24.861288668988863,60.32732510954483
FIN,"kauppatie 4 b 7, 15550 nastola, Finland",25.985933845495698,60.931235138695804
FIN,"pekka halosentie 29, 73100 lapinlahti, Finland",27.37717222765889,63.36154459666534
FIN,"nuolikatu 2 as 17, 15100 lahti, Finland",25.649050607182573,60.97371983852875
FIN,"poutunkuja 4, 99 helsingin kaupunki, Finland",24.899440000000027,60.223280000000045
FIN,"kevatkatu 9 a, 15240 lahti, Finland",25.653733157391542,61.02115001111346
FIN,"neljas linja 3, 20100 turku, Finland",22.22504777006108,60.43504203689986
FIN,"sahkoyhtiontie 1, 21530 paimio, Finland",22.681660662722607,60.462148818402625
FIN,"tuulenpolku 6, 61300 kurikka, Finland",22.41826597713785,62.61776388744718
FIN,"honkaistentie 72, 20900 turku, Finland",22.236220511717818,60.412344471743495
FIN,"kalalammenkuja 8, 45100 kouvola, Finland",26.721157378852894,60.87000279727857
FIN,"svante olssonin puistokuja 1, 99 helsingin kaupunki, Finland",26.158834376000073,64.52251280100006
FIN,"koulukatu 12, 20100 turku, Finland",22.252715175157732,60.44846305644535
FIN,"villankuja 2, 78250 varkaus, Finland",27.893918989176825,62.31231275122255
FIN,"leenantie 2, 43900 kinnula, Finland",24.970253074993508,63.36200111702178
FIN,"seljapolku 11, 1360 vantaa, Finland",25.056732271358698,60.323050841839546
FIN,"kepontie 4, 21530 paimio, Finland",22.68286933316051,60.4627814844543
FIN,"naljangantie 1388, 93390 puhoskyla, Finland",27.844419827612313,65.27383222024599
FIN,"oskarintie 73, 36600 palkane, Finland",24.26649641444277,61.31491262526947
FIN,"torpantie 1 as 17-19, 50600 mikkeli, Finland",27.19200592822955,61.66800976808557
FIN,"viljatullinkatu 1, 2940 espoo, Finland",24.69564818064478,60.23019465162895
FIN,"kukkurantie 17, 45360 valkeala, Finland",26.764631938918985,60.91794359707919
FIN,"vipusentie 9, 5460 hyvinkaa, Finland",24.855720319252327,60.60397548163496
FIN,"jahtimestarintie 14, 80710 lehmo, Finland",29.8112939250708,62.68807937981936
FIN,"opinpolku 3, 97340 meltaus, Finland",25.371726849271415,66.90342918442234
FIN,"perttulantie 22, 32100 ypaja, Finland",23.271131079304553,60.80547924191015
FIN,"mikonkatu 19, 28100 pori, Finland",21.786281541821666,61.48454168414909
FIN,"mantytie 4, 83500 outokumpu, Finland",29.04586766336385,62.73465191607116
FIN,"yrjonkatu 1, 83500 outokumpu, Finland",29.026862619922895,62.71751742005233
FIN,"koulutie 4, 32500 oripaa, Finland",22.68859886689512,60.84662160409923
FIN,"kauppakatu 43, 80100 joensuu, Finland",29.765484225827038,62.606330887696856
FIN,"servin maijan tie 8, 2150 espoo, Finland",24.836858187260503,60.190580603755336
FIN,"salmentie 7, 63300 alavus, Finland",23.625913906668274,62.58515954138019
FIN,"loggbranten 2, 2320 esbo, Finland",24.657555029102383,60.14923016081994
FIN,"telestenkatu 3, 20660 littoinen, Finland",22.376536001626647,60.44334464727126
FIN,"rengastie 4, 7110 hinthaara, Finland",25.47786879883021,60.401095640296546
FIN,"tuomivirrantie 12, 62160 karhunkyla, Finland",23.129016246241065,62.96116212055142
FIN,"ratatie 11, 12540 launonen, Finland",24.58931252817459,60.75013827930556
FIN,"ahmatie 9, 21530 paimio, Finland",22.69672579257596,60.47391227468566
FIN,"pakkalantie 1, 29250 nakkila, Finland",22.01275696622031,61.36808753930822
FIN,"virenojantie 16, 16310 virenoja, Finland",25.71536042993671,60.85143361280274
FIN,"selkientie 33a, 81235 lehtoi, Finland",30.128873675190306,62.64811287291727
FIN,"valitie 5, 88600 sotkamo, Finland",28.417244455040077,64.1299605575064
FIN,"skrapbergsgranden 3 e, 1620 vanda, Finland",24.83810960540461,60.27682099969908
FIN,"kiuruntie 14 as. 1, 61800 kauhajoki, Finland",22.163859793061334,62.424610807758114
FIN,"makitie 5, 32740 sastamala, Finland",22.722777753473622,61.29718322367276
FIN,"soopelipolku 4, 1450 vantaa, Finland",25.081791395825235,60.34783516561046
FIN,"laajavuorenkuja 1 i 131, 1620 vantaa, Finland",24.84265125582118,60.28145778471671
FIN,"bergo nyvagen 43a, 66220 bergo, Finland",21.192457983825562,62.968540919464346
FIN,"koulukatu 28, 39200 hameenkyro, Finland",23.175189803901674,61.66754758994446
FIN,"tehtaantie 2, 91500 muhos, Finland",25.994142948647095,64.80375266857621
FIN,"puuhkalakintie 20, 2780 espoo, Finland",24.596139148155288,60.19553292551802
FIN,"lummetie 11 a 4, 93400 taivalkoski, Finland",28.259845221536153,65.57810880037869
FIN,"raikukuja 6 b, 1620 vantaa, Finland",24.85821661765604,60.27772171901432
FIN,"eramiehentie 23, 50190 mikkeli, Finland",27.316755385751264,61.69934144788391
FIN,"vilpunkatu 5, 35700 vilppula, Finland",24.50447205663866,62.019573818901364
FIN,"tietajantie 13, 2130 espoo, Finland",24.803003931791977,60.18673624386392
FIN,"kapellhamnsvagen 52, 10940 hangoby, Finland",22.94591675649673,59.833755986687606
FIN,"metsapirtinkatu 5, 56800 simpele, Finland",29.379236236856883,61.43394243970232
FIN,"vehmaantie 111, 23100 mynamaki, Finland",21.968563628368344,60.67984092546621
FIN,"neitojenpolku 23, 99 helsingin kaupunki, Finland",24.952980000000025,60.167950000000076
FIN,"lestitie 40, 69440 lestijarvi, Finland",24.669572415142113,63.52401605505682
FIN,"jokelantie 7b, 4250 kerava, Finland",25.1139429514827,60.39835645835771
FIN,"porkkanakuja 6, 33300 tampere, Finland",23.63131302577969,61.497240602736014
FIN,"viirinkankaantie 1, 96300 rovaniemi, Finland",25.702961248207345,66.48831462789715
FIN,"papinpoydankuja 10, 99 helsingin kaupunki, Finland",24.952980000000025,60.167950000000076
FIN,"kuusikuja 20, 60100 seinajoki, Finland",22.860856029605884,62.77811585589225
FIN,"kokkokankaantie 177, 90450 kempele, Finland",25.54304927181504,64.91897875095404
FIN,"puolikontie 2, 20300 turku, Finland",22.27272227512333,60.47148169040284
FIN,"toolontorinkatu 2b 16, 260 helsinki, Finland",24.92484276659079,60.17778707849486
FIN,"oikotie 7, 20300 turku, Finland",22.268159837586893,60.463665314234646
FIN,"ahdekuja, 3 b 13, 5400 jokela, Finland",24.955890180988177,60.54816206477031
FIN,"takamaantie 3, 33480 ylojarvi, Finland",23.59577459450614,61.56961904911773
FIN,"koivutie 1 b 12, 52550 hirvensalmi, Finland",26.776810785185916,61.647144696510935
FIN,"onnintie, 11, 16320 pennala, Finland",25.71367013534237,60.89256046847095
FIN,"hetbackavagen 3, 1200 vanda, Finland",25.140032211849473,60.255347150496846
FIN,"pullerikinahde 6 e 10, 33710 tampere, Finland",23.838172864093536,61.4794478339513
FIN,"tunnelikatu 43, 74130 iisalmi, Finland",27.22916139626372,63.54667590164891
FIN,"backlidvagen 25, 64250 pjelax, Finland",21.37812359322706,62.3936466325045
FIN,"korkeavuorenkatu 24, 48100 kotka, Finland",26.925853931776174,60.46119030586499
FIN,"prastangsgatan 7 b 18, 10600 ekenas, Finland",23.448256116103494,59.97835961635147
FIN,"tilkankatu 19, 99 helsingin kaupunki, Finland",24.895610000000033,60.20154000000008
FIN,"pastorintie 5, 73200 varpaisjarvi, Finland",27.781990490752264,63.35082707617005
FIN,"teininkalliontie 27, 46900 inkeroinen, Finland",26.854398291024552,60.696529462326566
FIN,"kiekerotie 8, 96440 rovaniemi, Finland",25.818572083120458,66.48424998712143
FIN,"pihlajapolku 2 a 2, 71800 siilinjarvi, Finland",27.702116401727352,63.045584020691734
FIN,"visalankuja 2f42, 40270 palokka, Finland",25.736326838720743,62.29035765504946
FIN,"porrassalmenkuja 4 b 16, 33410 tampere, Finland",23.70007572867911,61.53102784488863
FIN,"annantie 24, 32100 ypaja, Finland",23.269387140529886,60.80134113822194
FIN,"kuusitie 7, 88900 kuhmo, Finland",29.48761952551436,64.11637650994416
FIN,"koulunkulmantie 166, 1940 palojoki, Finland",24.884525567705055,60.43002743759661
FIN,"norra skolvagen 3 b, 4130 sibbo, Finland",25.266974626698982,60.376583207574015
FIN,"ruuhipolku 2, 48310 kotka, Finland",26.874237501469565,60.460612876555246
FIN,"kestilanraitti 1 b, 92700 kestila, Finland",26.28711980128992,64.35252472960974
FIN,"minkinkatu 1, 53850 lappeenranta, Finland",28.100305417599287,61.04114843580925
FIN,"peravainiontie 3, 33480 ylojarvi, Finland",23.629323664880047,61.56697426529925
FIN,"palokuja 4, 99 helsingin kaupunki, Finland",24.952980000000025,60.167950000000076
FIN,"saterinkulma 3 a 6, 42100 jamsa, Finland",25.188147940294897,61.86941554391265
FIN,"kimnaasipolku 7, 99 helsingin kaupunki, Finland",25.028880000000072,60.27433000000008
FIN,"kartanonmetsantie 13, 99 helsingin kaupunki, Finland",24.856820000000027,60.25061000000005
FIN,"svanstrominkuja 7 b 13, 870 helsinki, Finland",25.046114998425423,60.165735553095914
FIN,"myllyksenkatu 28, 55910 imatra, Finland",28.874127244983868,61.23262299747793
FIN,"pikku-piitu, varsitie 6, 93100 pudasjarvi, Finland",27.000150450971034,65.3600822134689
FIN,"salmentie 9, 63300 alavus, Finland",23.62653995101644,62.585309409808985
FIN,"koulutie 3 b 12, 79700 heinavesi, Finland",28.632513856809823,62.42843169832062
FIN,"keskuksenkuja 2, 79700 heinavesi, Finland",28.628874434451035,62.42561923452914
FIN,"itsehallintotie 4 c 51, 2600 espoo, Finland",24.822174182544558,60.21154730590598
FIN,"rekitie 2, 60550 nurmo, Finland",22.90639390372968,62.83380672933245
FIN,"patunankuja 2 a 3, 99800 ivalo, Finland",27.565306391364572,68.65757962626293
FIN,"koulutie 6, 65610 korsholm, Finland",21.682185596638448,63.1167159523427
FIN,"sampsykka 1, 33540 tampere, Finland",23.814796490508513,61.496019317533836
FIN,"lampomiehenkuja 2, 2150 espoo, Finland",24.832260378092656,60.182071128013575
FIN,"vasutie 8, 80710 lehmo, Finland",29.813674301753593,62.6800107502751
FIN,"valskarinkatu 15, 20740 turku, Finland",22.311669123504146,60.423112786572005
FIN,"laivalahdenkaari 11 b 31, 810 helsinki, Finland",25.036746461427185,60.18922789031137
FIN,"vanhankallionkatu 8 b 1, 70840 kuopio, Finland",27.69657411970971,62.846403765886265
FIN,"eerikinkartanontie 5, 2880 veikkola, Finland",24.438726838882417,60.269123814194046
FIN,"sirnasvagen 56, 25830 vastanfjard, Finland",22.65846517060811,60.04728383852509
FIN,"tervanpolttajankatu 6, 67100 kokkola, Finland",23.141733605014963,63.845021489004154
FIN,"lauluveikontie 10, 71800 siilinjarvi, Finland",27.63720593770836,63.09028391404556
FIN,"huokaustenpellontie 4 a 2, 74120 iisalmi, Finland",27.1762389816233,63.58773762992942
FIN,"keskuskatu, 81100 kontiolahti, Finland",29.84681240778767,62.75837295294415
FIN,"kissankello 1, 15860 hollola, Finland",25.51976695913811,60.97692377910806
FIN,"kihokkitie 3, 90150 oulu, Finland",25.494361662070446,64.9881795584169
FIN,"knutersvagen 924, 99 helsingin kaupunki, Finland",25.21037000000007,60.26172000000008
FIN,"heiluntie 136, 64700 teuva, Finland",21.725934521167517,62.500026520574465
FIN,"lintukallionkuja 9 b, 1620 vantaa, Finland",24.860283511160077,60.281796958428714
FIN,"harjutie 5, 40800 vaajakoski, Finland",25.863018969941436,62.24501277424628
FIN,"kiulukatu 4 b, 33820 tampere, Finland",23.814707642334838,61.472450034447235
FIN,"selkainmaentie 23, 31600 jokioinen, Finland",23.466888835405427,60.822622036013115
FIN,"galoppbrinken 5, 1200 vanda, Finland",25.10323138213866,60.27823192546063
FIN,"miehistonkatu 3, 13130 hameenlinna, Finland",24.43290895988835,60.992589849509585
FIN,"onkimaantie 195, 4660 numminen, Finland",25.31051551239122,60.55840814512149
FIN,"varalankatu 21 b 3, 33240 tampere, Finland",23.712309032544624,61.49650530027995
FIN,"piiloluolantie 4, 61500 isokyro, Finland",22.312421483133193,62.99483297997844
FIN,"jokirannantie 13, 88300 paltamo, Finland",27.844764742927993,64.41731767934621
FIN,"vaakakuja 3, 99 helsingin kaupunki, Finland",24.952980000000025,60.167950000000076
FIN,"vaapelinkuja 1 a 4, 63300 alavus, Finland",23.60694163646872,62.58577858683921
FIN,"nybackagatan 16, 66900 uusikaarlepyy, Finland",22.519416689183288,63.52919452056716
FIN,"korvatunturintie 7, 99 helsingin kaupunki, Finland",25.116900000000044,60.23849000000007
FIN,"suomalaistentie 4 b, 2270 espoo, Finland",24.700743874861274,60.16286827165766
FIN,"kruunantie 1 as. 6, 65230 vaasa, Finland",21.619753493750352,63.11485001496732
FIN,"pahkinatie 12, 1710 vantaa, Finland",24.80183960162188,60.26399170060827
FIN,"roosinkatu 9, 67100 kokkola, Finland",23.111858971791563,63.83846535413367
FIN,"hiitolankatu 15, 24100 salo, Finland",23.14858874452699,60.38531455229284
FIN,"husaaritie 1c, 1700 vantaa, Finland",24.85120180288851,60.32866240028696
FIN,"poikon rantatie 1, 21130 poikko, Finland",21.890744111449806,60.41839427799843
FIN,"mansikkatie 22, 80330 reijola, Finland",29.833679138605333,62.53503152752995
FIN,"gropvagen 1, 64300 lapvaartti, Finland",21.527174032073077,62.25413953524742
FIN,"skolvagen 4, 21660 nauvo, Finland",21.903370442755232,60.194628560074904
FIN,"pennintie 1, 38210 sastamala, Finland",22.911662013694496,61.361714574211135
FIN,"paanutie 10 f 48, 630 helsinki, Finland",24.935163746092087,60.22938747435313
FIN,"kinttulanmaentie 1, 74340 sukeva, Finland",27.41497729318914,63.86527648375616
FIN,"tuohikuja 3, 90460 oulunsalo, Finland",25.380999271469648,64.94292549553464
FIN,"lupsunmutka 8, 85500 nivala, Finland",24.971145915319738,63.91450382020068
FIN,"liesikuja 8, 1600 vantaa, Finland",24.852183407569385,60.262435516464734
FIN,"ilosentie 3, 17500 padasjoki, Finland",25.285616985189563,61.360075576864205
FIN,"loistokuja 1 c, 99 helsingin kaupunki, Finland",24.911050000000046,60.16289000000006
FIN,"sauvonrinne 5 d 19, 8500 lohja, Finland",24.154381167215462,60.27750039486099
FIN,"tesokatu 2, 80230 joensuu, Finland",29.82162001068778,62.55760520815738
FIN,"arokuja 6, 25410 suomusjarvi, Finland",23.59059197995373,60.37566865811854
FIN,"eramiehenkatu 5, 33250 tampere, Finland",23.70753134773463,61.50577065605009
FIN,"syvalahdentie 31, 20900 turku, Finland",22.22470914117281,60.421375888596
FIN,"idankurvi  5, 12380 leppakoski, Finland",24.70564142088668,60.87195070966703
FIN,"majavatie 25, 17500 padasjoki, Finland",25.270809012125625,61.345035676539425
FIN,"koulurinteentie 13, 97220 sinetta, Finland",25.47341570513015,66.64265325136606
FIN,"koivulankatu 9, 74120 iisalmi, Finland",27.223029531176678,63.57558382841552
FIN,"aallontie 7, 21380 aura, Finland",22.581041028062373,60.64956490446326
FIN,"blomangsvagen 2, 99 helsingin kaupunki, Finland",25.092390000000023,60.21912000000003
FIN,"mankkaansuo 8, 2180 espoo, Finland",24.777480868984696,60.19288583667617
FIN,"pirkankatu 16, 33230 tampere, Finland",23.739267580089745,61.49830317660155
FIN,"sahramikatu 14, 16510 luhtikyla, Finland",25.48357934946361,60.801551901177305
FIN,"peurankellonkatu 1, 48800 kotka, Finland",26.97395884756648,60.53497640906599
FIN,"koulumestarintie 1 a, 17200 vaaksy, Finland",25.555097267755826,61.17258946000254
FIN,"suunnistajanreitti 1, 60150 seinajoki, Finland",22.87460905633617,62.75487015617773
FIN,"alvettulantie 171 a 5, 14680 alvettula, Finland",24.486878525692447,61.2003812106328
FIN,"peipontie 1, 62900 alajarvi, Finland",23.807070722713632,63.02002713690513
FIN,"valkamantie 25 c 13, 80260 joensuu, Finland",29.842785992586414,62.60193457948134
FIN,"osterbrinksvagen 26, 25870 dragsfjard, Finland",22.492737091375858,60.06938989277435
FIN,"postitie 112 as. 2, 61300 kurikka, Finland",22.441230631638888,62.62573541264317
FIN,"pappilanniementie 9 a, 13880 hattula, Finland",24.405089674706147,61.06376654052352
FIN,"kyminasemantie 36, 45610 koria, Finland",26.592861370459588,60.84290263747931
FIN,"koivulanpera 2 as 4, 40800 vaajakoski, Finland",25.855810952305717,62.24473809927923
FIN,"mustanlammentie 46, 79130 sorsakoski, Finland",27.696425257109297,62.46850134454132
FIN,"valitie 30, 36110 kangasala, Finland",24.022511115308163,61.5242980986481
FIN,"petarinteentie 95, 1860 perttula, Finland",24.699333954928136,60.45812638497824
FIN,"kangashakintie 214, 44160 huutomaki, Finland",25.64620344231193,62.55424519654096
FIN,"kampelatie 4, 2170 espoo, Finland",24.767653925701808,60.16333007261312
FIN,"myllynkiventie 1a a 6, 21100 naantali, Finland",22.029148192158516,60.466905087450016
FIN,"haagantie 15, 3400 vihti, Finland",24.229486707704837,60.473227054101045
FIN,"koivulehdontie 8, 91500 muhos, Finland",25.997063287532455,64.80335063059039
FIN,"lehelantie 1, 61300 kurikka, Finland",22.37912241012307,62.59840385237204
FIN,"pajukuja 17, 28800 pori, Finland",21.623771359037505,61.5532011639109
FIN,"paavinkatu 14 f 21, 20540 turku, Finland",22.317325650862102,60.47209612581511
FIN,"oikopolku 4, 85200 alavieska, Finland",24.308773057679076,64.16566528573895
FIN,"sidoskuja 3 e 20, 33820 tampere, Finland",23.811761654825773,61.47443864097559
FIN,"sormuspolku 20 a, 950 helsinki, Finland",25.10448774560564,60.22525951276779
FIN,"rantahaantie 17, 28760 pori, Finland",21.6141998961634,61.53783072323438
FIN,"jyrantie 247, 61300 kurikka, Finland",22.34477671903781,62.61700855224254
FIN,"kukkamaariankatu 44, 20400 turku, Finland",22.320810678564385,60.543514550916626
FIN,"suviharjuntie 13b, 71730 kinnulanlahti, Finland",27.370543231894516,63.129026495446
FIN,"kympintie 12, 80710 lehmo, Finland",29.820127948103533,62.68785709174716
FIN,"savolanpellonkuja 4 b 8, 70820 kuopio, Finland",27.680393945276933,62.828701647384406
FIN,"askolantie 26, 7500 askola, Finland",25.600602871552383,60.53098733561626
FIN,"fjarrgrand 2, 66900 nykarleby, Finland",22.5208418641802,63.52499527089532
FIN,"valtatie 35, 90500 oulu, Finland",25.46521342613977,65.02765932820162
FIN,"neulastie 29, 54120 pulp, Finland",28.471118383328957,61.118278750739194
FIN,"tillihaankatu 8, 37830 akaa, Finland",23.74728109862062,61.21452454068444
FIN,"kyparakatu 1, 70820 kuopio, Finland",27.646350342615676,62.83547720072579
FIN,"aittatie 7, 86710 karsamaki, Finland",25.765717898386413,63.977538162831934
FIN,"runeberginkatu 1 as. 8, 8100 lohja, Finland",24.085726842324135,60.2569360659723
FIN,"oravatie 1, 81720 lieksa, Finland",30.06684038325531,63.29910847046372
FIN,"haukitie 9, 84100 ylivieska, Finland",24.560529135428624,64.0803146707268
FIN,"simeoninkatu 11, 38710 kankaanpaa, Finland",22.374188901099473,61.808633167207546
FIN,"lammassaarentie 4 b, 34130 ylinen, Finland",23.62355121580117,61.63057581131838
FIN,"kermatie 16, 70780 kuopio, Finland",27.646256800576225,62.85625660924998
FIN,"syrjankuja 2, 61400 ylistaro, Finland",22.52051706543216,62.93355250867714
FIN,"purjehtijantie 12, 90560 oulu, Finland",25.46106170185891,65.04185973901389
FIN,"palkkatilankatu 1-3, 240 helsinki, Finland",24.927192304715135,60.195760494189216
FIN,"kylalaaksontie 4, 99600 sodankyla, Finland",26.59163836696726,67.41018353840809
FIN,"juustomestarintie 2, 24910 halikko, Finland",23.037177744804495,60.391811952177335
FIN,"voravagen 307, 66600 vora, Finland",22.271168354093646,63.15368991026361
FIN,"saarnitie 5, 13210 hameenlinna, Finland",24.509899087487668,61.01953502791912
FIN,"kyntajantie 25, 60800 ilmajoki, Finland",22.55453443273646,62.74339382198798
FIN,"kinnarinkatu 1, 4430 jarvenpaa, Finland",25.109142384077018,60.472939890098274
FIN,"karviaistentie 136 b, 21380 aura, Finland",22.538922970434157,60.647904617082276
FIN,"ahventie 4, 2170 espoo, Finland",24.774618113774153,60.16695939477856
FIN,"kopuntie 28, 3100 nummela, Finland",24.30548357977787,60.346388616760436
FIN,"paiholantie 36, 80850 paihola, Finland",29.93032575116041,62.68829215443148
FIN,"kuokkamaantie 14, 33800 tampere, Finland",23.790421413160118,61.48209576098347
FIN,"heinjoenpolku 3 a 7, 2140 espoo, Finland",24.799926013126935,60.20361689394508
FIN,"peralantie 3, 82200 hammaslahti, Finland",29.96853348331922,62.43952766174428
FIN,"tulppaanitie 44, 1390 vantaa, Finland",25.00474558613233,60.315438437658365
FIN,"bassabolevagen 1, 10600 ekenas, Finland",23.475574060569333,59.96054286101253
FIN,"kyllikinsola 18 c 14, 60120 seinajoki, Finland",22.84678423909787,62.79747679494204
FIN,"rauhankalliontie 2 a, 31470 somerniemi, Finland",23.769403288033516,60.53909494101029
FIN,"hans westerlunds vagen 6, 2070 esbo, Finland",24.598943397681666,60.18333096997037
FIN,"lummetie 27 c, 1300 vantaa, Finland",25.028012015404187,60.29837766210474
FIN,"tuulimyllyntie 18, 27800 sakyla, Finland",22.334984560653083,61.045660079012464
FIN,"talonpojankatu 2, 5830 hyvinkaa, Finland",24.841999646668313,60.613014903205
FIN,"valkolammentie 29, 7910 valko, Finland",26.244498410376025,60.40530409217129
FIN,"kasoorinkatu 2, 99 helsingin kaupunki, Finland",24.952980000000025,60.167950000000076
FIN,"porarinkatu 9, 2650 espoo, Finland",24.816165196158067,60.22536198153409
FIN,"vasamakatu 11 d 34, 4230 kerava, Finland",25.098892573778926,60.414578039392154
FIN,"konepajankuja 5 c, 99 helsingin kaupunki, Finland",24.952980000000025,60.167950000000076
FIN,"kimalaisentie 2, 96190 rovaniemi, Finland",25.655358073141116,66.52573257522926
FIN,"vainolankatu 5, 99 helsingin kaupunki, Finland",24.952980000000025,60.167950000000076
FIN,"haga sportvag 5, 320 helsingfors, Finland",24.894100802435588,60.21637368957343
FIN,"ikkarmaentie 5, 31500 koski tl, Finland",23.13234044773894,60.65303721457566
FIN,"mestarinkatu 2, 20810 turku, Finland",22.259459002995612,60.43818902244706
FIN,"keskisenojankatu 13, 84100 ylivieska, Finland",24.54531044910908,64.09075265475118
FIN,"hermannintie 3, 36600 palkane, Finland",24.267808936661027,61.31743629058704
FIN,"siikatie 7, 95230 maksniemi, Finland",24.78148364684614,65.67544603984592
FIN,"nuaskatu 7, 87400 kajaani, Finland",27.77698389616654,64.22158884081134
FIN,"reiherintie 3, 99 helsingin kaupunki, Finland",24.952980000000025,60.167950000000076
FIN,"palokunnantie 39, 28370 pori, Finland",21.834070292224197,61.46783097715482
FIN,"arkkitehdinkatu 11, 33720 tampere, Finland",23.851089209248812,61.441436364055335
FIN,"onttolantie 52 as 1, 80510 onttola, Finland",29.67401762943436,62.648937861737295
FIN,"siuntiontie 3, 2600 espoo, Finland",24.789409155393685,60.21052907230822
FIN,"jamerantaival 11 l, 2150 espoo, Finland",24.83902985455424,60.18937645954517
FIN,"lehtikaskenkuja 2 a 1, 2340 espoo, Finland",24.668340526832424,60.180860278280846
FIN,"wilskmanintie 1, 63600 toysa, Finland",23.81535698837385,62.64507707331566
FIN,"poikkijoentie 2, 99600 sodankyla, Finland",26.608167312391174,67.42221760443516
FIN,"loukunvaarantie 47a, 82500 kitee, Finland",30.17920314808339,62.0390586843896
FIN,"maantilankuja 4, 29200 harjavalta, Finland",22.111867182940188,61.33002205348109
FIN,"selvinkatu 3 b, 32700 huittinen, Finland",22.71821338809943,61.178302816664
FIN,"kekkurinkuja 6, 13500 hameenlinna, Finland",24.433161354485673,60.978950895435595
FIN,"lasimestarintie 12, 67300 kokkola, Finland",23.124065223673398,63.85636597585696
FIN,"storbrovagen/isosillantie 56, 64140 tiukka, Finland",21.457982278140282,62.29892954999793
FIN,"uuttelantie 9, 24800 halikko, Finland",23.085521712473366,60.39644429478628
FIN,"epinkoskentie 5, 1390 vantaa, Finland",25.02578075277887,60.32695978429493
FIN,"lonnrotinkatu 42, 99 helsingin kaupunki, Finland",24.93643000000003,60.16563000000008
FIN,"koulukatu 1, 90100 oulu, Finland",25.48601580107865,65.01427464420641
FIN,"ohrapaankatu 3, 20610 turku, Finland",22.34942314324408,60.449001006991125
FIN,"ruotukuja 1, 90630 oulu, Finland",25.60045702643714,65.0500676338794
FIN,"tuupikkalantie 5, 25210 vartsala, Finland",23.001560523641103,60.33464812689212
FIN,"rinnekatu 12, 44120 aanekoski, Finland",25.726603831037238,62.61301034251835
FIN,"niemikylantie 23, 34260 teralahti, Finland",23.904490565836653,61.70839935155044
FIN,"kivikartiontie 1, 20720 turku, Finland",22.286978216044133,60.437566121312585
FIN,"ida aalbergin tie 8, 99 helsingin kaupunki, Finland",24.952980000000025,60.167950000000076
FIN,"karkullavagen 142, 21610 kirjala, Finland",22.38512837439083,60.34786927995637
FIN,"tapperinkatu 6, 20780 kaarina, Finland",22.426377480116855,60.414103330305835
FIN,"kievarinkaari 3 a 7, 4300 tuusula, Finland",25.023207089408857,60.39674369636771
FIN,"kuivajoentie 540, 95100 kuivaniemi, Finland",25.30012840651912,65.6143627109073
FIN,"riissuontie 11 a 1, 31900 punkalaidun, Finland",23.11040749918223,61.11665991186939
FIN,"hanhipolku 4, 96910 rovaniemi, Finland",25.820231952620787,66.52977986099654
FIN,"hyyppapolku 5, 10320 karjaa, Finland",23.640154674949017,60.05466327318569
FIN,"metsakuusentie 2, 5460 hyvinkaa, Finland",24.873980211500992,60.61299721738928
FIN,"aapelinpolku 1 c 11, 80400 ylamylly, Finland",29.56205836942516,62.61694723862081
FIN,"blabarsstigen 3, 25900 dalsbruk, Finland",22.481830978059122,60.03209981137519
FIN,"sarkitie 11, 84100 ylivieska, Finland",24.56217969980193,64.08020767573277
FIN,"polkkyruohonpolku 1, 28120 pori, Finland",21.77696304478542,61.48680245107357
FIN,"hedbergintie 11, 92150 raahe, Finland",24.47206082962083,64.66526950461105
FIN,"mannikontie 23, 32100 ypaja, Finland",23.23097011224877,60.800626706704776
FIN,"lemmetynperantie 19, 38510 sastamala, Finland",22.778912532506013,61.58839455414022
FIN,"hoviherrankatu 5 b 28, 20780 kaarina, Finland",22.362839971837985,60.40566049069429
FIN,"maaselantie 32, 93600 kuusamo, Finland",29.17581021281694,65.9644821407108
FIN,"kurkiaurankatu 5, 4420 jarvenpaa, Finland",25.098881258209644,60.455523217309036
FIN,"kuusirinne 4, 23800 laitila, Finland",21.710502599231205,60.87727548129729
FIN,"savottatie 14, 96200 rovaniemi, Finland",25.72128434000598,66.50736162276351
FIN,"kitelankuja 2, 80200 joensuu, Finland",29.792886346342094,62.597243259705344
FIN,"himangantie 600, 69100 kannus, Finland",23.856726458229474,63.94463496000722
FIN,"loitsutie 8, 48350 kotka, Finland",26.859925150340388,60.48248851228621
FIN,"hakametsantie 12 a as 1, 21410 vanhalinna, Finland",22.412194294115608,60.47928507462112
FIN,"lonnrotinkatu 22, 70500 kuopio, Finland",27.707829926026903,62.9011810956994
FIN,"alasintie 8, 16900 lammi, Finland",25.00442701624914,61.0723726596089
FIN,"mannikonkatu 13, 77600 suonenjoki, Finland",27.110923839318986,62.617291399565204
FIN,"kirkkotie 3, 84100 ylivieska, Finland",24.53111351678666,64.07379342432776
FIN,"aitiopaikka 3, 99 helsingin kaupunki, Finland",24.952980000000025,60.167950000000076
FIN,"varppikatu 8, 60200 seinajoki, Finland",22.839963297750785,62.75207646784935
FIN,"nahkurinpiha 1, 20100 turku, Finland",22.275697850750618,60.456305919427564
FIN,"skolvagen 39, 66800 oravais, Finland",22.389522000397335,63.307231414740556
FIN,"karppakuja 8, 21220 raisio, Finland",22.122966499125113,60.51000185800251
FIN,"vataraisentie 3, 37550 lempaala, Finland",23.754244448502675,61.35313699550608
FIN,"polvitie 5, 1900 nurmijarvi, Finland",24.79622506759884,60.45856903328493
FIN,"katiskatie 1, 21100 naantali, Finland",22.041366660055417,60.47434193104243
FIN,"makilantie 2 a 17, 21530 paimio, Finland",22.700411063945126,60.44527600540093
FIN,"ratakatu 6 a, 120 helsinki, Finland",24.944118719987614,60.16281785451008
FIN,"kummatinkatu 7, 92150 raahe, Finland",24.480695447177027,64.674296814331
FIN,"sylvaankatu 4 b 14, 38200 sastamala, Finland",22.916798443960403,61.340868990561404
FIN,"kanervatie 2 i-j, 63100 kuortane, Finland",23.521957771630014,62.81170947608152
FIN,"vasakuja 10, 26660 rauma, Finland",21.54214067456411,61.11710222489998
FIN,"kuusmiehentie 3e 28, 690 helsinki, Finland",24.941702688295806,60.25724029720525
FIN,"palotie 2, 44300 konnevesi, Finland",26.284797762653227,62.628381453747096
FIN,"sairaalankuja 3a, 45750 kuusankoski, Finland",26.623304694249896,60.9153464627058
FIN,"mantysaarentie 4 b, 80910 kulho, Finland",29.917203797920223,62.6392341743406
FIN,"opistontie 7c, 75970 kohtavaara, Finland",29.27771353594852,63.507408613109675
FIN,"kiitajankuja 8, 4230 kerava, Finland",25.106141327464087,60.42796452549658
FIN,"saakoskentie 110, 41820 saakoski, Finland",25.39630060335449,61.977220439341494
FIN,"hiilmaentie 8, 24910 halikko as, Finland",23.038420026674117,60.39802491217759
FIN,"tervaruukinkatu 36, 41160 tikkakoski, Finland",25.673324347321568,62.386197844700035
FIN,"etelainen koulutie 3, 4130 sipoo, Finland",25.26426447256997,60.37413598372164
FIN,"pihlajatie 25 as. 1, 65370 vaasa, Finland",21.716145380267932,63.08748590903704
FIN,"santatie 6, 45910 voikkaa, Finland",26.623383567958797,60.94304412647293
FIN,"rajasuontie 2, 26840 kortela, Finland",21.50421524490426,61.09666207390683
FIN,"karsikkotie 3, 5840 hyvinkaa, Finland",24.837249622138785,60.607809573694965
FIN,"kaartintie 6, 90630 oulu, Finland",25.602120498941332,65.05076521777119
FIN,"kukkulanraitti 40, 90910 kontio, Finland",25.688023690920346,65.14818627627017
FIN,"koulutie 2, 32800 kokemaki, Finland",22.350642374879982,61.25686626939887
FIN,"penttilantie 8, 54100 joutseno, Finland",28.508960413052222,61.11272553033788
FIN,"toukolantie 16, 28360 pori, Finland",21.83088865798553,61.47355498888349
FIN,"okkerintie 23, 31400 somero, Finland",23.49779903120259,60.6287818079017
FIN,"mustikkamaentie 3-7 c 9, 33480 ylojarvi, Finland",23.625607129012053,61.57567937466115
FIN,"uimarannantie 10 c 7, 45370 valkeala, Finland",26.793324894641216,60.935053448628196
FIN,"rautkallionkatu 5, 1360 vantaa, Finland",25.06573753667331,60.32267026152587
FIN,"pienmustalammintie 3, 55400 imatra, Finland",28.764155669493675,61.22072765194844
FIN,"fjardstraket 6, 99 helsingin kaupunki, Finland",24.952980000000025,60.167950000000076
FIN,"larin kyostin katu 19, 13100 hameenlinna, Finland",24.440064255353093,60.997899910899775
FIN,"pursimiehenkatu 9, 65200 vaasa, Finland",21.592889074977904,63.11003704234494
FIN,"gustav iii:s stig 2-4, 65380 vasa, Finland",21.72057840121937,63.08199194869118
FIN,"juhani ahontie 8, 73100 lapinlahti, Finland",27.38805026159997,63.36475536849571
FIN,"opintie 6 b 5, 16300 orimattila, Finland",25.734991433906828,60.81577444021394
FIN,"sarkilahdentie 224, 82350 tikkala, Finland",30.111730839177852,62.345552026455096
FIN,"janakantie 6 b, 40800 vaajakoski, Finland",25.89297765209014,62.258990058796
FIN,"vetehisenkuja 3, 99 helsingin kaupunki, Finland",24.95536000000004,60.18097000000006
FIN,"orioninkatu 1 a 12, 53850 lappeenranta, Finland",28.105962364052402,61.05259501424274
FIN,"puistokatu 1a, 140 helsinki, Finland",24.954418067333478,60.1592048770558
FIN,"korkeaojantie 56, 90900 kiiminki, Finland",25.7910084471996,65.11924905475195
FIN,"eskonpolku 2 b 43, 20320 turku, Finland",22.24460006796039,60.48036483138816
FIN,"kallentie 3, 91800 tyrnava, Finland",25.651206684136383,64.7671281521987
FIN,"ahopellontie 48, 62710 kurejoki, Finland",23.68842337452267,63.01584201074013
FIN,"sonnilan kylatie 53, 32800 kokemaki, Finland",22.37169075867706,61.24036519380303
FIN,"rinnetie 26, 90910 90910, Finland",25.629464027299292,65.14888327342871
FIN,"hopiarannantie 9 a 5-6, 91980 lumijoki, Finland",25.187539246486295,64.83853689620204
FIN,"viktoriankatu 3, 65380 vaasa, Finland",21.727565136611247,63.07641324730423
FIN,"kansanopistontie 3, 99600 sodankyla, Finland",26.619461004910733,67.41948179314821
FIN,"kievarinkaari 3 b, 4300 tuusula, Finland",25.023207089408857,60.39674369636771
FIN,"pohjoisviitta 1 b 16, 2330 espoo, Finland",24.61239794483987,60.16620100017926
FIN,"pyytivaarantie 38 c, 80770 kontiolahti as, Finland",29.892840958150487,62.769587646596875
FIN,"mertamaentie 2, 40950 muurame, Finland",25.665576116026187,62.138269740221205
FIN,"kulppilantie 33, 96900 rovaniemi, Finland",25.8046887190103,66.51885036216996
FIN,"vuorentie 22, 53500 lappeenranta, Finland",28.258706791446883,61.04825872045396
FIN,"nuottamiehentie 1, 90460 oulunsalo, Finland",25.369387234267492,64.95984285835169
FIN,"teknologiantie 8 c, 90590 oulu, Finland",25.45375284992798,65.06020969481216
FIN,"toivontie 3, 31600 jokioinen, Finland",23.472312010578946,60.796962725369696
FIN,"hyovaltintie 4, 61330 koskenkorva, Finland",22.449331992515056,62.699267250811346
FIN,"mantytie 1, 35600 halli, Finland",24.824948927771743,61.863064450148045
FIN,"haagankallio 6, 2580 siuntio, Finland",24.211346341395455,60.14364739420995
FIN,"fanriksgatan 3 a, 20500 abo, Finland",22.282437571455915,60.45654505512516
FIN,"luhtakuja 6, 62200 kauhava, Finland",23.029033720041184,63.09599815080688
FIN,"ruiskuja 9, 91500 muhos, Finland",25.96045121828115,64.81264725085936
FIN,"jokelantie 238, 4380 tuusula, Finland",25.030503787580187,60.501529765548895
FIN,"majavapolku 4, 27100 eurajoki, Finland",21.74339008598747,61.212412301084214
FIN,"takaniityntie 5 f, 780 helsinki, Finland",24.99712847405911,60.25684248202333
FIN,"honkatie 7 as 7, 23500 uusikaupunki, Finland",21.43382484271198,60.79649492976986
FIN,"virontormankatu 10 b 38, 33310 tampere, Finland",23.607625432129765,61.50929595879711
FIN,"kidekatu 5, 15340 lahti, Finland",25.794950037167837,61.007606783419675
FIN,"lauklahteenkatu 11 f 58, 20740 turku, Finland",22.284662715291915,60.42367772684605
FIN,"santapellonkuja 6 b 6, 2780 espoo, Finland",24.61000206163618,60.17287706032994
FIN,"metsakulmantie 200, 4630 saaksjarvi, Finland",25.376841931313663,60.62162571615616
FIN,"nakinkuja 2 a, 65230 vaasa, Finland",21.61440935992374,63.11559147812221
FIN,"karhunpolku 4 b 6, 60510 hyllykallio, Finland",22.907161769879593,62.80244885608667
FIN,"vanha rajamaentie 13 a 1, 5200 rajamaki, Finland",24.761523569357365,60.521934461091604
FIN,"alatie 5, 31600 jokioinen, Finland",23.475289933139123,60.80182213373567
FIN,"leikosaarenkuja 6, 99 helsingin kaupunki, Finland",25.145480000000077,60.20386000000008
FIN,"professorintie 5, 1820 klaukkala, Finland",24.748134736320054,60.39898543637199
FIN,"koulutie 11, 41330 vihtavuori, Finland",25.89783245040934,62.3711797373235
FIN,"ekintie 4, 24800 halikko, Finland",23.072741740882748,60.38265505823429
FIN,"isonkylantie 20, 66450 jakkula, Finland",22.05057585707428,62.93173040865534
FIN,"levasuontie 19, 90630 oulu, Finland",25.56993675677569,65.0402569933982
FIN,"kurckasstigen 46, 21600 pargas, Finland",22.232425940331268,60.296275564607356
FIN,"kurkisuontie 2, 99 helsingin kaupunki, Finland",25.068020000000047,60.23353000000003
FIN,"nekalantie 15, 33100 tampere, Finland",23.784440673787344,61.488882126979945
FIN,"koukkukankareentie 44 as. 3, 20320 turku, Finland",22.239662288799735,60.46583291630532
FIN,"vuorenpaankatu 11, 21210 raisio, Finland",22.091431683903295,60.48719977051354
FIN,"impoonkatu 1, 4430 jarvenpaa, Finland",25.117020534871614,60.47262028813017
FIN,"pelimannintie 16 c talo, 99 helsingin kaupunki, Finland",24.952980000000025,60.167950000000076
FIN,"varistaipaleentie 9, 42100 jamsa, Finland",25.18493364806517,61.860106560336476
FIN,"ritvalantie 9, 21350 ilmarinen, Finland",22.375996626157303,60.505022714149675
FIN,"kihokkitie 1, 90150 oulu, Finland",25.493991768683316,64.9887232924759
