iso3,lon,lat
IRL,-9.5252,51.6193
IRL,-9.4488,51.7429
IRL,-9.00476,52.21452
IRL,-8.68163,52.35505
IRL,-9.02078,51.93019
IRL,-8.70706,51.98582
IRL,-8.6728,51.8661
IRL,-8.96346,51.90853
IRL,-8.9645,51.91
IRL,-8.9763,51.9106
IRL,-8.859,52.0811
IRL,-8.4655,52.1717
IRL,-8.6041,52.2527
IRL,-8.6493,52.0388
IRL,-8.975,52.0956
IRL,-8.52031,51.98654
IRL,-8.27448,52.13693
IRL,-7.8745,51.96147
IRL,-8.1859,51.9291
IRL,-7.86075,51.95425
IRL,-8.25959,52.25851
IRL,-8.2579,51.9154
IRL,-8.35453,51.99804
IRL,-8.8017,52.3141
IRL,-8.6835,52.3561
IRL,-8.7481,51.9936
IRL,-8.9865,52.2098
IRL,-8.8834,52.2788
IRL,-8.7424,51.7406
IRL,-8.4633,51.8234
IRL,-8.4929,51.7734
IRL,-8.7407,51.7493
IRL,-8.2976,51.80015
IRL,-8.6352,51.8033
IRL,-8.3471,51.8672
IRL,-8.73202,51.74116
IRL,-8.6922,51.6738
IRL,-8.7371,51.754
IRL,-8.49546,51.7713
IRL,-8.3866,51.8147
IRL,-8.8946,51.6225
IRL,-9.025,51.584
IRL,-9.26008,51.5552
IRL,-9.5448,51.5274
IRL,-9.14552,51.55474
IRL,-9.7122,51.4951
IRL,-9.1443,52.28928
IRL,-8.95387,51.95154
IRL,-8.8921,52.1317
IRL,-8.90706,52.17716
IRL,-9.0346,52.2659
IRL,-8.8543,52.3393
IRL,-8.85554,51.88924
IRL,-8.7952,51.9086
IRL,-9.234,52.1791
IRL,-9.07484,52.15511
IRL,-8.75773,51.87252
IRL,-8.67787,52.35449
IRL,-8.6636,52.3085
IRL,-8.63861,51.93838
IRL,-8.4021,51.9985
IRL,-8.6412,52.1407
IRL,-8.6127,52.1455
IRL,-8.7436,52.1672
IRL,-8.562,52.0335
IRL,-8.4803,52.2192
IRL,-8.8068,52.259
IRL,-8.67636,52.23127
IRL,-8.64984,52.13762
IRL,-8.6462,52.1263
IRL,-8.69327,52.10976
IRL,-8.647,52.1303
IRL,-8.6959,51.9374
IRL,-8.4827,51.9965
IRL,-9.03,51.5775
IRL,-9.26361,51.65912
IRL,-9.3437,51.5423
IRL,-8.90359,51.61664
IRL,-9.14846,51.93843
IRL,-9.08475,51.89895
IRL,-9.2169,51.9285
IRL,-8.96,51.79425
IRL,-8.8842,51.706
IRL,-9.45104,51.57372
IRL,-9.43454,51.67684
IRL,-9.42815,51.68003
IRL,-9.11755,51.72704
IRL,-9.4371,51.6784
IRL,-9.4599,51.5598
IRL,-8.76488,51.64299
IRL,-9.71312,51.68509
IRL,-9.3012,51.6266
IRL,-9.26514,51.55042
IRL,-8.38814,52.18038
IRL,-8.2735,52.148
IRL,-7.8555,51.9549
IRL,-8.10543,52.09182
IRL,-7.8438,51.9479
IRL,-8.1784,51.9224
IRL,-8.0553,51.9163
IRL,-8.3104,51.8508
IRL,-7.8945,51.889
IRL,-7.9982,51.9425
IRL,-8.16619,51.90172
IRL,-8.0522,51.9141
IRL,-8.3331,51.8498
IRL,-8.59636,51.66689
IRL,-8.53573,51.70448
IRL,-8.742,51.7388
IRL,-8.5332,51.7006
IRL,-8.38144,51.76245
IRL,-8.3841,51.8187
IRL,-8.2949,51.79957
IRL,-8.3484,51.872
IRL,-8.32121,51.82933
IRL,-8.54571,51.82564
IRL,-8.57581,51.66661
IRL,-8.38715,51.8149
IRL,-8.3882,51.8252
IRL,-8.27698,51.90974
IRL,-8.20995,51.8377
IRL,-8.2601,52.2656
IRL,-7.8678,51.9631
IRL,-8.27255,52.14285
IRL,-8.96885,52.1921
IRL,-8.4573,51.8237
IRL,-8.339,51.79939
IRL,-8.344,51.8737
IRL,-9.9585,51.6935
IRL,-8.3596,51.9032
IRL,-8.73779,51.87587
IRL,-8.81848,51.67005
IRL,-8.2369,51.8669
IRL,-8.5317,52.916
IRL,-8.9431,52.8572
IRL,-9.4942,52.6313
IRL,-8.8888,52.7043
IRL,-8.4581,52.7906
IRL,-8.61309,52.71709
IRL,-9.4027,52.8531
IRL,-8.55882,52.71981
IRL,-8.8612,52.7135
IRL,-9.28815,52.68472
IRL,-8.91279,52.82104
IRL,-9.0011,52.8476
IRL,-8.86063,52.81729
IRL,-9.3463,52.9272
IRL,-8.864,52.7092
IRL,-8.872,52.7032
IRL,-8.9667,52.8528
IRL,-8.6452,52.9869
IRL,-9.4367,52.677
IRL,-8.96997,52.8175
IRL,-8.9101,52.7252
IRL,-8.872,52.7043
IRL,-8.7709,52.6939
IRL,-9.4398,52.7959
IRL,-8.98106,52.84252
IRL,-8.76032,52.87181
IRL,-8.4602,52.7889
IRL,-8.8941,52.9358
IRL,-9.39546,52.9357
IRL,-8.7589,52.7518
IRL,-8.5427,52.8972
IRL,-9.48694,52.63985
IRL,-8.77253,52.69912
IRL,-8.89754,52.76339
IRL,-8.77985,52.77575
IRL,-9.397,52.857
IRL,-8.50612,52.89472
IRL,-9.10993,52.81986
IRL,-8.86431,52.71311
IRL,-9.1761,52.876
IRL,-9.06835,52.93716
IRL,-8.5963,52.6854
IRL,-8.984,52.8534
IRL,-9.52921,52.73088
IRL,-8.9887,52.9337
IRL,-8.9417,52.8924
IRL,-8.9914,52.8378
IRL,-9.66855,52.66537
IRL,-9.49457,52.65152
IRL,-9.2701,52.994
IRL,-9.0005,52.8252
IRL,-9.01416,52.84859
IRL,-8.89728,52.76117
IRL,-8.989,52.8518
IRL,-8.67053,52.84037
IRL,-8.441,52.93271
IRL,-9.21705,52.98985
IRL,-8.88046,52.70751
IRL,-8.7257,52.6911
IRL,-9.0645,52.9495
IRL,-9.2917,53.0276
IRL,-8.45108,52.80874
IRL,-8.9636,52.8378
IRL,-8.7426,52.8049
IRL,-7.0193,54.0313
IRL,-7.45651,53.82347
IRL,-6.9643,53.9122
IRL,-7.3594,54.0141
IRL,-7.3165,54.0468
IRL,-7.3593,53.9743
IRL,-7.2369,53.9831
IRL,-7.1458,54.0489
IRL,-7.34498,53.84027
IRL,-7.583,54.1141
IRL,-7.44188,54.1
IRL,-7.3563,53.9947
IRL,-7.0892,54.075
IRL,-7.4093,53.9298
IRL,-6.89333,53.99317
IRL,-7.1982,53.8676
IRL,-7.15554,53.90847
IRL,-7.478,54.0683
IRL,-7.0281,53.8129
IRL,-7.00027,53.91928
IRL,-6.94483,53.81139
IRL,-7.3574,53.9679
IRL,-6.94598,53.81164
IRL,-7.57605,53.91994
IRL,-7.26535,53.91876
IRL,-7.2256,54.07
IRL,-6.9758,53.9141
IRL,-6.8057,53.9042
IRL,-6.9538,53.8967
IRL,-6.977,53.9198
IRL,-7.34582,54.00307
IRL,-7.0744,54.06798
IRL,-6.8159,53.9074
IRL,-7.0627,53.7727
IRL,-7.3552,53.9851
IRL,-7.06774,53.83305
IRL,-6.9825,52.737
IRL,-6.5638,52.8641
IRL,-6.693,52.7138
IRL,-7.0007,52.70463
IRL,-6.96517,52.69666
IRL,-6.8614,52.8438
IRL,-6.77079,52.7377
IRL,-6.69179,52.87936
IRL,-6.9399,52.8356
IRL,-6.9551,52.6997
IRL,-6.9109,52.8469
IRL,-6.7242,52.8055
IRL,-6.9135,52.8352
IRL,-6.9229,52.8401
IRL,-6.9019,52.8393
IRL,-6.80083,52.78681
IRL,-6.89943,52.49513
IRL,-6.8471,52.7141
IRL,-6.7335,52.8026
IRL,-6.93511,52.60542
IRL,-6.92866,52.82076
IRL,-6.7512,52.8062
IRL,-6.78178,52.68444
IRL,-8.5334,51.8772
IRL,-8.4806,51.8911
IRL,-8.4428,51.9114
IRL,-8.4639,51.8867
IRL,-8.4604,51.8917
IRL,-8.5225,51.8916
IRL,-8.42629,51.90874
IRL,-8.4646,51.8885
IRL,-8.4851,51.8898
IRL,-8.4812,51.8775
IRL,-8.5289,51.8786
IRL,-8.45994,51.91811
IRL,-8.4141,51.8962
IRL,-8.49546,51.90796
IRL,-8.44115,51.89202
IRL,-8.46683,51.88847
IRL,-8.5028,51.9067
IRL,-8.4418,51.8802
IRL,-8.46628,51.9106
IRL,-8.4579,51.9118
IRL,-8.419,51.9149
IRL,-8.4023,51.89225
IRL,-8.47562,51.88318
IRL,-8.44524,51.88362
IRL,-8.47324,51.90788
IRL,-8.4949,51.895
IRL,-8.4475,51.8839
IRL,-8.4187,51.8847
IRL,-8.4953,51.8788
IRL,-8.4964,51.8745
IRL,-8.48105,51.89528
IRL,-8.51612,51.88668
IRL,-8.4313,51.9138
IRL,-8.5002,51.8918
IRL,-8.5304,51.8776
IRL,-8.42842,51.88902
IRL,-8.4801,51.8835
IRL,-8.40879,51.88442
IRL,-8.4043,51.893
IRL,-8.4613,51.9052
IRL,-8.41914,51.91038
IRL,-8.19689,54.64651
IRL,-7.7267,54.9764
IRL,-7.65275,55.13309
IRL,-7.2762,55.081
IRL,-7.994,54.6937
IRL,-8.0933,54.6574
IRL,-7.4418,55.1507
IRL,-7.68654,55.18792
IRL,-7.41253,55.262
IRL,-8.27463,54.47652
IRL,-7.68901,55.1026
IRL,-7.4641,54.9329
IRL,-7.46128,55.1309
IRL,-7.74352,54.96298
IRL,-7.91029,55.12257
IRL,-7.69772,55.08621
IRL,-7.7117,54.9615
IRL,-7.77924,54.93563
IRL,-8.28767,55.0884
IRL,-8.49857,54.98882
IRL,-8.42302,54.98192
IRL,-7.95443,54.81494
IRL,-8.3574,54.9508
IRL,-8.3072,55.0214
IRL,-8.1324,55.1218
IRL,-8.28385,55.0642
IRL,-8.3166,55.0368
IRL,-7.82979,55.04836
IRL,-7.8368,55.1947
IRL,-8.2616,55.1251
IRL,-8.11511,54.86913
IRL,-8.25587,55.03772
IRL,-8.10739,55.14161
IRL,-7.73521,55.16806
IRL,-8.6423,54.63547
IRL,-8.7237,54.70658
IRL,-8.2897,54.99867
IRL,-7.69025,55.24653
IRL,-7.24958,55.24928
IRL,-7.15221,55.27373
IRL,-8.41,54.7627
IRL,-7.48465,54.83039
IRL,-7.2613,55.297
IRL,-7.7589,54.9659
IRL,-7.6738,54.9778
IRL,-7.64562,55.0354
IRL,-8.05458,55.14447
IRL,-7.2695,55.2324
IRL,-7.40303,55.27596
IRL,-7.7503,54.961
IRL,-7.7694,54.80258
IRL,-7.49148,54.83389
IRL,-7.8332,55.0501
IRL,-7.68395,54.79186
IRL,-7.7874,54.7976
IRL,-7.75555,54.86666
IRL,-7.83536,55.00011
IRL,-7.62277,54.95
IRL,-7.73354,55.03785
IRL,-8.3624,54.9452
IRL,-7.6608,54.86035
IRL,-7.43827,55.06805
IRL,-8.1097,54.65718
IRL,-7.83126,54.54848
IRL,-7.59889,54.87175
IRL,-6.99676,55.20378
IRL,-7.6618,55.0006
IRL,-8.27965,54.7945
IRL,-8.1918,54.499
IRL,-6.1761,53.301
IRL,-6.2053,53.2912
IRL,-6.12584,53.2266
IRL,-6.12,53.2387
IRL,-6.1489,53.2634
IRL,-6.1354,53.2581
IRL,-6.10285,53.27857
IRL,-6.16381,53.27386
IRL,-6.2105,53.2639
IRL,-6.2694,53.2937
IRL,-6.2615,53.2823
IRL,-6.1449,53.2182
IRL,-6.205,53.2819
IRL,-6.236,53.2858
IRL,-6.22179,53.28546
IRL,-6.22645,53.27704
IRL,-6.148,53.28537
IRL,-6.19983,53.28661
IRL,-6.1938,53.2771
IRL,-6.12493,53.2882
IRL,-6.1407,53.2676
IRL,-6.11917,53.28149
IRL,-6.12487,53.2774
IRL,-6.2304,53.2972
IRL,-6.1415,53.2516
IRL,-6.17347,53.27452
IRL,-6.2176,53.2676
IRL,-6.24324,53.26881
IRL,-6.21543,53.26401
IRL,-6.2508,53.2841
IRL,-6.2146,53.2868
IRL,-6.17178,53.29213
IRL,-6.20925,53.2957
IRL,-6.13831,53.29226
IRL,-6.1772,53.2812
IRL,-6.1349,53.2643
IRL,-6.1552,53.287
IRL,-6.1611,53.2866
IRL,-6.13578,53.29454
IRL,-6.24193,53.28085
IRL,-6.1314,53.2919
IRL,-6.16573,53.28991
IRL,-6.12738,53.22984
IRL,-6.21382,53.2659
IRL,-6.21084,53.26606
IRL,-6.251,53.3022
IRL,-6.1451,53.2759
IRL,-6.19724,53.26942
IRL,-6.22222,53.26119
IRL,-6.1386,53.2444
IRL,-6.2186,53.2566
IRL,-6.2653,53.2875
IRL,-6.2295,53.2646
IRL,-6.1213,53.2692
IRL,-6.24135,53.28861
IRL,-6.17424,53.24358
IRL,-6.2643,53.297
IRL,-6.16587,53.27762
IRL,-6.12979,53.24702
IRL,-6.2588,53.2602
IRL,-6.1834,53.2654
IRL,-6.1844,53.2979
IRL,-6.1279,53.2858
IRL,-6.2628,53.2925
IRL,-6.19023,53.28188
IRL,-6.2461,53.2763
IRL,-6.2695,53.2936
IRL,-6.2566,53.2902
IRL,-6.13511,53.29359
IRL,-6.1942,53.2641
IRL,-6.1276,53.2359
IRL,-6.23036,53.30554
IRL,-6.23609,53.30073
IRL,-6.1347,53.2636
IRL,-6.14242,53.26953
IRL,-6.4234,53.3386
IRL,-6.41084,53.3213
IRL,-6.3073,53.2804
IRL,-6.3454,53.2744
IRL,-6.2871,53.2991
IRL,-6.3179,53.2966
IRL,-6.3743,53.3507
IRL,-6.3296,53.2714
IRL,-6.3574,53.3035
IRL,-6.41559,53.34541
IRL,-6.4723,53.3577
IRL,-6.39889,53.32184
IRL,-6.3485,53.2883
IRL,-6.39932,53.32368
IRL,-6.32584,53.28366
IRL,-6.2987,53.2901
IRL,-6.47963,53.27986
IRL,-6.3983,53.3565
IRL,-6.41328,53.35259
IRL,-6.393,53.2834
IRL,-6.4323,53.3418
IRL,-6.3654,53.2764
IRL,-6.3587,53.3013
IRL,-6.45256,53.33712
IRL,-6.4671,53.3553
IRL,-6.3491,53.2849
IRL,-6.32366,53.30678
IRL,-6.3918,53.321
IRL,-6.3088,53.2998
IRL,-6.4603,53.3512
IRL,-6.493,53.3005
IRL,-6.40428,53.28777
IRL,-6.4128,53.2768
IRL,-6.42458,53.32277
IRL,-6.41433,53.33956
IRL,-6.51416,53.30767
IRL,-6.3475,53.2841
IRL,-6.45385,53.34911
IRL,-6.4185,53.3488
IRL,-6.3206,53.3116
IRL,-6.3439,53.2786
IRL,-6.4706,53.2814
IRL,-6.42436,53.32383
IRL,-6.37122,53.35606
IRL,-6.4492,53.3427
IRL,-6.3562,53.2885
IRL,-6.3221,53.2812
IRL,-6.2978,53.2876
IRL,-6.45174,53.23477
IRL,-6.3661,53.3045
IRL,-6.3305,53.2758
IRL,-6.3369,53.284
IRL,-6.39889,53.31572
IRL,-6.4139,53.3576
IRL,-6.31641,53.29798
IRL,-6.4241,53.3233
IRL,-6.4504,53.3393
IRL,-6.28081,53.28924
IRL,-6.29738,53.28629
IRL,-6.4171,53.3481
IRL,-6.2854,53.3011
IRL,-6.3451,53.2727
IRL,-6.358,53.3006
IRL,-6.3911,53.2907
IRL,-6.39291,53.31681
IRL,-6.392,53.2907
IRL,-6.3231,53.2964
IRL,-6.30171,53.30577
IRL,-6.2747,53.281
IRL,-6.3693,53.3533
IRL,-6.37091,53.33056
IRL,-6.45858,53.33675
IRL,-6.42326,53.34864
IRL,-6.3966,53.3548
IRL,-6.2796,53.2929
IRL,-6.4326,53.341
IRL,-6.3889,53.2803
IRL,-6.41713,53.34113
IRL,-6.37125,53.27198
IRL,-6.50236,53.30204
IRL,-6.41771,53.27748
IRL,-6.3926,53.3231
IRL,-6.47774,53.29328
IRL,-6.3025,53.2859
IRL,-6.38523,53.29813
IRL,-6.3882,53.285
IRL,-6.33076,53.27124
IRL,-6.4392,53.3366
IRL,-6.3499,53.2729
IRL,-6.4392,53.3504
IRL,-6.3212,53.30932
IRL,-6.4051,53.3307
IRL,-6.3133,53.2851
IRL,-6.2859,53.2888
IRL,-6.446,53.3424
IRL,-6.3233,53.287
IRL,-6.32014,53.29885
IRL,-6.2826,53.3508
IRL,-6.2575,53.3572
IRL,-6.28818,53.31064
IRL,-6.2964,53.3592
IRL,-6.27705,53.33996
IRL,-6.29287,53.33713
IRL,-6.31116,53.39042
IRL,-6.2855,53.3146
IRL,-6.2829,53.3609
IRL,-6.1839,53.39489
IRL,-6.2976,53.3691
IRL,-6.2526,53.3941
IRL,-6.2168,53.3848
IRL,-6.16062,53.39611
IRL,-6.34813,53.34378
IRL,-6.2863,53.3544
IRL,-6.24208,53.36334
IRL,-6.3088,53.399
IRL,-6.31685,53.33063
IRL,-6.23941,53.36623
IRL,-6.3169,53.321
IRL,-6.16083,53.38809
IRL,-6.20436,53.37558
IRL,-6.32057,53.33674
IRL,-6.3007,53.3828
IRL,-6.17554,53.39028
IRL,-6.1641,53.393
IRL,-6.2182,53.334
IRL,-6.22982,53.3395
IRL,-6.1987,53.3803
IRL,-6.2361,53.3923
IRL,-6.18294,53.36493
IRL,-6.2401,53.3622
IRL,-6.1668,53.3855
IRL,-6.206,53.3679
IRL,-6.26,53.3593
IRL,-6.2388,53.3214
IRL,-6.2741,53.3848
IRL,-6.26652,53.39018
IRL,-6.2924,53.3844
IRL,-6.28523,53.38421
IRL,-6.2855,53.3842
IRL,-6.15241,53.38509
IRL,-6.2718,53.3954
IRL,-6.183,53.36507
IRL,-6.3181,53.33516
IRL,-6.16041,53.39603
IRL,-6.244,53.3982
IRL,-6.26736,53.35188
IRL,-6.3035,53.3698
IRL,-6.2365,53.3299
IRL,-6.31937,53.36646
IRL,-6.26632,53.39276
IRL,-6.21906,53.33611
IRL,-6.2613,53.3871
IRL,-6.277,53.3176
IRL,-6.2714,53.3689
IRL,-6.2925,53.32
IRL,-6.2458,53.3857
IRL,-6.3477,53.3432
IRL,-6.28575,53.31736
IRL,-6.3231,53.3708
IRL,-6.3154,53.316
IRL,-6.3708,53.3381
IRL,-6.25357,53.34465
IRL,-6.28957,53.37207
IRL,-6.3177,53.3166
IRL,-6.2319,53.3349
IRL,-6.2366,53.3775
IRL,-6.29437,53.32126
IRL,-6.26002,53.35497
IRL,-6.2703,53.3168
IRL,-6.1637,53.3785
IRL,-6.24607,53.36213
IRL,-6.25189,53.34558
IRL,-6.3207,53.3207
IRL,-6.15272,53.38518
IRL,-6.26431,53.32177
IRL,-6.2473,53.3696
IRL,-6.24729,53.36963
IRL,-6.2339,53.35297
IRL,-6.37107,53.34315
IRL,-6.31964,53.33628
IRL,-6.24737,53.35762
IRL,-6.27511,53.40331
IRL,-6.2337,53.3936
IRL,-6.3109,53.3734
IRL,-6.319,53.36695
IRL,-6.20691,53.39384
IRL,-6.2306,53.396
IRL,-6.25887,53.32968
IRL,-6.2681,53.3882
IRL,-6.2681,53.3354
IRL,-6.3038,53.328
IRL,-6.22478,53.31502
IRL,-6.1647,53.3808
IRL,-6.22145,53.39402
IRL,-6.2186,53.3795
IRL,-6.2177,53.3764
IRL,-6.21207,53.38351
IRL,-6.2518,53.3187
IRL,-6.2289,53.3663
IRL,-6.176,53.399
IRL,-6.2749,53.336
IRL,-6.1736,53.3878
IRL,-6.3246,53.374
IRL,-6.29763,53.34362
IRL,-6.267,53.3237
IRL,-6.2712,53.3192
IRL,-6.27511,53.32636
IRL,-6.2164,53.3622
IRL,-6.2777,53.3117
IRL,-6.3071,53.3617
IRL,-6.24861,53.36295
IRL,-6.1967,53.3643
IRL,-6.2374,53.3683
IRL,-6.26214,53.37912
IRL,-6.2829,53.3139
IRL,-6.1537,53.4015
IRL,-6.25607,53.35082
IRL,-6.2433,53.3362
IRL,-6.22424,53.38714
IRL,-6.29823,53.31263
IRL,-6.27099,53.34406
IRL,-6.1621,53.3884
IRL,-6.2162,53.3623
IRL,-6.27277,53.3127
IRL,-6.2024,53.3845
IRL,-6.2623,53.3643
IRL,-6.24447,53.32599
IRL,-6.20581,53.39452
IRL,-6.2235,53.3664
IRL,-6.203,53.36392
IRL,-6.24651,53.31351
IRL,-6.23612,53.34044
IRL,-6.22577,53.38955
IRL,-6.2816,53.337
IRL,-6.18,53.3885
IRL,-6.15979,53.39519
IRL,-6.24878,53.31188
IRL,-6.24449,53.34909
IRL,-6.24228,53.34865
IRL,-6.26174,53.33177
IRL,-6.2141,53.3324
IRL,-6.3304,53.3254
IRL,-6.1727,53.4056
IRL,-6.25133,53.38909
IRL,-6.2765,53.3622
IRL,-6.17581,53.38193
IRL,-6.21155,53.32838
IRL,-6.24294,53.35063
IRL,-6.26511,53.31956
IRL,-6.2594,53.3084
IRL,-6.266,53.358
IRL,-6.31666,53.34027
IRL,-6.2516,53.3288
IRL,-6.2852,53.3535
IRL,-6.2151,53.3833
IRL,-6.2094,53.3637
IRL,-6.27178,53.3483
IRL,-6.2646,53.3929
IRL,-6.1787,53.3786
IRL,-6.2662,53.3392
IRL,-6.37067,53.37411
IRL,-6.16852,53.43226
IRL,-6.2402,53.4527
IRL,-6.1329,53.3964
IRL,-6.2429,53.4608
IRL,-6.30148,53.4023
IRL,-6.2487,53.4533
IRL,-6.0997,53.5472
IRL,-6.149,53.4465
IRL,-6.2507,53.4622
IRL,-6.2353,53.4518
IRL,-6.1099,53.5787
IRL,-6.4263,53.4046
IRL,-6.1417,53.5292
IRL,-6.2125,53.6063
IRL,-6.40652,53.40065
IRL,-6.2169,53.4583
IRL,-6.10548,53.52122
IRL,-6.1873,53.6091
IRL,-6.178,53.6049
IRL,-6.2414,53.4663
IRL,-6.2281,53.4585
IRL,-6.1155,53.391
IRL,-6.1697,53.424
IRL,-6.1815,53.5266
IRL,-6.4062,53.3955
IRL,-6.1919,53.6103
IRL,-6.1265,53.5837
IRL,-6.3625,53.3761
IRL,-6.36321,53.3748
IRL,-6.3938,53.3795
IRL,-6.09589,53.52241
IRL,-6.3824,53.389
IRL,-6.3968,53.3706
IRL,-6.11132,53.57814
IRL,-6.1651,53.5937
IRL,-6.19947,53.44694
IRL,-6.16666,53.43786
IRL,-6.1468,53.4949
IRL,-6.2342,53.4511
IRL,-6.2329,53.4606
IRL,-6.2234,53.44476
IRL,-6.15046,53.41952
IRL,-6.1084,53.52147
IRL,-6.3982,53.3731
IRL,-6.12368,53.38965
IRL,-6.3769,53.3801
IRL,-6.4067,53.3947
IRL,-6.2295,53.4706
IRL,-6.379,53.5771
IRL,-6.43071,53.39425
IRL,-6.4417,53.3963
IRL,-6.4166,53.3894
IRL,-6.1378,53.3966
IRL,-6.2925,53.4526
IRL,-6.19557,53.42548
IRL,-6.4071,53.4019
IRL,-6.4028,53.3864
IRL,-6.1047,53.5249
IRL,-6.37449,53.38166
IRL,-6.09656,53.52293
IRL,-6.40821,53.38962
IRL,-6.3564,53.3722
IRL,-6.1182,53.5804
IRL,-6.4165,53.401
IRL,-6.37276,53.37025
IRL,-6.4076,53.387
IRL,-6.1613,53.4494
IRL,-6.3897,53.4206
IRL,-6.4103,53.3847
IRL,-6.06995,53.38399
IRL,-6.4171,53.3917
IRL,-6.40805,53.40225
IRL,-6.3904,53.3741
IRL,-6.394,53.4052
IRL,-6.067,53.3782
IRL,-6.3792,53.3698
IRL,-6.3014,53.4901
IRL,-6.17488,53.41914
IRL,-6.17203,53.53038
IRL,-6.4113,53.404
IRL,-6.34789,53.39844
IRL,-6.34599,53.45845
IRL,-6.2132,53.4585
IRL,-6.1164,53.57394
IRL,-6.3832,53.3874
IRL,-6.39254,53.37624
IRL,-6.1995,53.6168
IRL,-6.13118,53.58034
IRL,-6.14791,53.4187
IRL,-6.152,53.419
IRL,-6.1759,53.4259
IRL,-6.18123,53.44681
IRL,-6.36898,53.40992
IRL,-6.3272,53.3782
IRL,-6.39652,53.37935
IRL,-6.18044,53.40448
IRL,-6.20947,53.4543
IRL,-6.436,53.3984
IRL,-6.19339,53.61718
IRL,-6.3048,53.4457
IRL,-6.18278,53.44896
IRL,-6.40516,53.38252
IRL,-6.41,53.4049
IRL,-6.42485,53.40312
IRL,-6.3812,53.3886
IRL,-6.37859,53.39867
IRL,-6.34578,53.5428
IRL,-6.19929,53.44382
IRL,-6.1805,53.6064
IRL,-6.4395,53.3954
IRL,-6.2022,53.4459
IRL,-6.14346,53.48991
IRL,-6.3965,53.3814
IRL,-6.3855,53.3881
IRL,-6.14687,53.48922
IRL,-6.24363,53.45997
IRL,-6.1667,53.5218
IRL,-6.2144,53.4702
IRL,-6.1641,53.5297
IRL,-9.1156,53.2623
IRL,-8.48601,53.16022
IRL,-8.74096,53.26346
IRL,-8.4047,53.33
IRL,-8.23831,53.09089
IRL,-8.8209,53.0638
IRL,-8.81568,53.05848
IRL,-8.9116,53.1844
IRL,-8.73108,53.226
IRL,-8.34964,53.01825
IRL,-9.01772,53.16638
IRL,-9.05386,53.27578
IRL,-9.0822,53.27
IRL,-9.00105,53.27274
IRL,-9.0737,53.2777
IRL,-9.0817,53.2891
IRL,-9.1191,53.2681
IRL,-9.37653,53.2466
IRL,-10.1128,53.5569
IRL,-8.7265,53.2359
IRL,-8.28239,53.16357
IRL,-8.5665,53.5533
IRL,-8.73867,53.62031
IRL,-8.49311,53.46674
IRL,-8.9506,53.2323
IRL,-8.8523,53.5265
IRL,-8.741,53.6154
IRL,-9.0953,53.4456
IRL,-8.85232,53.50951
IRL,-8.85117,53.43867
IRL,-8.83758,53.51065
IRL,-8.4542,53.6525
IRL,-8.7476,53.43561
IRL,-8.3192,53.304
IRL,-8.7542,53.3018
IRL,-8.9912,53.39877
IRL,-9.0027,53.2858
IRL,-9.1194,53.2726
IRL,-9.0785,53.2589
IRL,-9.0175,53.28277
IRL,-9.15332,53.24968
IRL,-9.0447,53.441
IRL,-8.73704,53.31083
IRL,-8.97476,53.4049
IRL,-8.95286,53.3382
IRL,-8.21716,53.31968
IRL,-8.20921,53.09521
IRL,-9.1782,53.3379
IRL,-10.0744,53.43101
IRL,-9.03752,53.29131
IRL,-8.39366,53.32804
IRL,-9.0703,53.2646
IRL,-9.1188,53.2713
IRL,-8.22181,53.09376
IRL,-8.83917,53.52377
IRL,-8.7846,53.5488
IRL,-8.8077,53.2208
IRL,-8.3272,53.5232
IRL,-8.1909,53.3317
IRL,-8.87124,53.52776
IRL,-8.2226,53.3208
IRL,-8.23813,53.3242
IRL,-8.2941,53.382
IRL,-9.0693,53.2729
IRL,-8.97665,53.2484
IRL,-9.0924,53.277
IRL,-9.0578,53.2674
IRL,-9.0842,53.2706
IRL,-9.53299,53.27544
IRL,-9.36435,53.54343
IRL,-8.9391,53.3375
IRL,-8.9067,53.307
IRL,-9.948,53.5532
IRL,-9.28107,53.24832
IRL,-9.47181,53.51002
IRL,-9.30673,53.41084
IRL,-9.6626,53.2751
IRL,-9.51604,53.06539
IRL,-9.80917,53.32128
IRL,-9.1767,53.3396
IRL,-9.717,53.4645
IRL,-10.01538,53.48797
IRL,-9.97656,53.59655
IRL,-8.93366,53.26254
IRL,-8.92443,53.26611
IRL,-8.7509,53.303
IRL,-9.0626,53.27432
IRL,-9.11602,53.26557
IRL,-8.9676,53.2772
IRL,-9.16431,53.45997
IRL,-8.71908,53.3376
IRL,-8.9394,53.525
IRL,-8.74054,53.29843
IRL,-9.32,53.4319
IRL,-9.06233,53.27061
IRL,-8.6411,53.275
IRL,-8.80954,53.39149
IRL,-8.3568,53.2627
IRL,-8.93401,53.2739
IRL,-8.99221,53.4228
IRL,-9.1005,53.2735
IRL,-8.8405,53.2525
IRL,-8.323,53.5208
IRL,-9.0651,53.2728
IRL,-10.21282,53.61426
IRL,-8.56565,53.48785
IRL,-9.153,53.307
IRL,-6.8426,52.9103
IRL,-6.97726,52.98799
IRL,-6.55141,53.34842
IRL,-6.48836,53.36993
IRL,-6.6757,53.2169
IRL,-6.8142,53.1672
IRL,-6.90585,53.03581
IRL,-6.52038,53.3396
IRL,-6.73689,53.27142
IRL,-6.80975,53.34847
IRL,-6.7298,53.16132
IRL,-6.8564,53.2038
IRL,-6.6802,53.299
IRL,-6.9058,53.1642
IRL,-6.658,53.227
IRL,-6.642,53.3906
IRL,-6.80909,53.17748
IRL,-6.5803,53.3796
IRL,-6.91762,53.09621
IRL,-6.7913,53.1693
IRL,-6.83935,53.25104
IRL,-6.6544,53.2103
IRL,-6.5874,53.3844
IRL,-6.5549,53.34688
IRL,-6.9117,53.1627
IRL,-6.59962,53.38517
IRL,-6.5724,53.2066
IRL,-6.81042,53.18021
IRL,-6.5914,53.247
IRL,-6.7136,53.0828
IRL,-6.6527,53.2314
IRL,-6.58184,53.36977
IRL,-6.6564,53.2206
IRL,-6.682,53.2947
IRL,-6.94095,53.34097
IRL,-6.5514,53.3314
IRL,-6.682,53.2188
IRL,-6.8076,53.1798
IRL,-6.7581,53.2873
IRL,-6.5144,53.3677
IRL,-6.5233,53.365
IRL,-6.4867,53.3694
IRL,-6.80678,53.06598
IRL,-6.84,53.2508
IRL,-6.864,53.2366
IRL,-6.7398,53.1344
IRL,-6.8826,53.2901
IRL,-6.66555,53.21304
IRL,-6.82468,53.04809
IRL,-6.6898,53.2894
IRL,-6.6632,53.253
IRL,-6.96481,53.35501
IRL,-6.5008,53.3658
IRL,-6.59006,53.24065
IRL,-6.6638,53.2487
IRL,-6.6986,53.2948
IRL,-6.53213,53.33639
IRL,-7.06038,53.14235
IRL,-6.8036,53.182
IRL,-6.9811,52.9937
IRL,-6.4926,53.366
IRL,-6.6507,53.2244
IRL,-6.8029,53.1692
IRL,-6.9499,53.10334
IRL,-6.6031,53.3881
IRL,-6.98241,53.18514
IRL,-6.53872,53.34186
IRL,-6.67192,53.24095
IRL,-6.6918,53.4079
IRL,-6.9472,53.0932
IRL,-6.99251,52.99574
IRL,-6.5487,53.3588
IRL,-6.67015,53.25115
IRL,-6.66799,53.2372
IRL,-6.5321,53.332
IRL,-6.79944,53.22172
IRL,-6.72822,53.23663
IRL,-6.51735,53.33993
IRL,-6.6635,53.2303
IRL,-6.5389,53.342
IRL,-6.61666,53.13225
IRL,-6.973,52.97894
IRL,-6.72968,53.11451
IRL,-6.9913,53.22614
IRL,-7.05969,53.15257
IRL,-6.6678,53.39518
IRL,-6.5601,53.2644
IRL,-6.812,53.1696
IRL,-7.0482,52.2887
IRL,-7.15197,52.85015
IRL,-7.33491,52.36315
IRL,-6.97138,52.62268
IRL,-7.2557,52.29204
IRL,-7.1744,52.32053
IRL,-7.2504,52.6346
IRL,-7.2878,52.7608
IRL,-7.25135,52.6378
IRL,-7.4079,52.7313
IRL,-7.13506,52.5203
IRL,-7.216,52.2706
IRL,-7.57759,52.72189
IRL,-7.26079,52.50928
IRL,-7.1376,52.5288
IRL,-7.2684,52.669
IRL,-7.39055,52.54348
IRL,-7.26424,52.64969
IRL,-6.9559,52.5426
IRL,-7.38572,52.40035
IRL,-7.10177,52.65748
IRL,-7.256,52.6703
IRL,-7.33192,52.78888
IRL,-7.2463,52.63888
IRL,-7.2733,52.5412
IRL,-7.2453,52.64007
IRL,-7.2389,52.6349
IRL,-7.2439,52.5837
IRL,-6.9626,52.597
IRL,-7.2628,52.6553
IRL,-7.23236,52.66183
IRL,-7.2402,52.6394
IRL,-7.2581,52.6477
IRL,-7.16221,52.52552
IRL,-7.2452,52.6627
IRL,-7.25252,52.64078
IRL,-7.3544,52.5039
IRL,-7.2377,52.6625
IRL,-7.2299,52.6642
IRL,-7.33114,52.78665
IRL,-6.95376,52.40188
IRL,-9.70301,52.27406
IRL,-9.4583,52.2336
IRL,-9.6994,52.2883
IRL,-9.5801,51.8875
IRL,-9.58119,52.26914
IRL,-9.5139,52.0627
IRL,-9.6337,52.3101
IRL,-9.638,52.1048
IRL,-9.70659,52.45059
IRL,-9.69973,52.26827
IRL,-9.43521,52.2575
IRL,-9.7293,52.2668
IRL,-9.4111,52.0382
IRL,-9.7145,52.2723
IRL,-9.5929,52.1698
IRL,-9.45012,52.01933
IRL,-9.9158,52.2256
IRL,-9.67343,52.51053
IRL,-9.83283,52.40193
IRL,-9.5633,52.4811
IRL,-9.4949,52.1859
IRL,-9.471,52.4504
IRL,-9.59427,52.17196
IRL,-9.45949,52.22945
IRL,-9.7676,52.1748
IRL,-9.4106,52.1816
IRL,-9.7657,52.3399
IRL,-9.58383,52.07135
IRL,-9.5307,52.07
IRL,-9.2419,52.0824
IRL,-9.47918,52.54514
IRL,-9.691,52.3451
IRL,-9.78821,52.10514
IRL,-9.9399,52.0555
IRL,-9.4643,51.9025
IRL,-9.69648,52.27835
IRL,-9.6887,52.2601
IRL,-9.70137,52.26813
IRL,-9.4907,52.2635
IRL,-9.78548,52.10156
IRL,-9.7182,52.14284
IRL,-10.33457,51.90792
IRL,-9.22038,52.08456
IRL,-9.825,52.29271
IRL,-9.4903,52.4471
IRL,-9.73746,52.41358
IRL,-10.17144,52.25672
IRL,-10.34399,52.21552
IRL,-10.41209,52.16609
IRL,-10.36485,52.13401
IRL,-10.2653,52.1471
IRL,-10.1432,52.1427
IRL,-10.06115,51.90635
IRL,-9.34608,52.52916
IRL,-9.4957,52.449
IRL,-9.68,52.053
IRL,-9.6924,52.2671
IRL,-9.674,52.2667
IRL,-9.70664,52.25092
IRL,-9.7197,52.2757
IRL,-9.4739,52.0603
IRL,-10.34681,51.84819
IRL,-9.39136,52.41554
IRL,-9.6861,52.2635
IRL,-9.6635,52.4511
IRL,-10.1714,51.8298
IRL,-9.4928,52.0557
IRL,-9.78205,52.32819
IRL,-9.4951,52.0583
IRL,-9.9007,51.8389
IRL,-7.8063,53.7263
IRL,-7.7887,53.7263
IRL,-7.60212,53.69889
IRL,-7.9874,53.6687
IRL,-7.99333,53.6439
IRL,-7.6056,53.8513
IRL,-7.73254,53.76348
IRL,-7.6777,53.7793
IRL,-7.80415,53.7488
IRL,-7.7947,53.7236
IRL,-7.7492,53.7724
IRL,-7.8357,53.765
IRL,-7.7911,53.7278
IRL,-7.7617,53.823
IRL,-7.76044,53.56858
IRL,-7.65927,53.89597
IRL,-7.77851,53.72907
IRL,-7.63068,53.62035
IRL,-7.8185,53.6262
IRL,-7.4991,53.7766
IRL,-7.78183,53.78512
IRL,-6.5474,53.9196
IRL,-6.5301,53.8514
IRL,-6.39851,53.83134
IRL,-6.38162,53.96826
IRL,-6.3303,54.0427
IRL,-6.4554,53.9796
IRL,-6.38548,53.99795
IRL,-6.2976,53.814
IRL,-6.3236,54.0165
IRL,-6.2521,54.0824
IRL,-6.36847,53.77139
IRL,-6.3899,54.0065
IRL,-6.5326,53.8541
IRL,-6.33415,53.71969
IRL,-6.3737,53.963
IRL,-6.48607,53.97256
IRL,-6.33078,53.72478
IRL,-6.3483,53.7165
IRL,-6.4056,54.0106
IRL,-6.3698,53.9639
IRL,-6.55032,53.91923
IRL,-6.5441,53.9501
IRL,-6.3361,53.7071
IRL,-6.3729,53.9602
IRL,-6.39972,54.00648
IRL,-6.1692,54.0092
IRL,-6.4512,53.7354
IRL,-6.39358,53.84052
IRL,-6.41596,54.01147
IRL,-6.22909,54.00088
IRL,-6.35513,53.72681
IRL,-6.4152,53.7363
IRL,-6.45957,53.92753
IRL,-6.43604,53.78554
IRL,-6.3736,53.99905
IRL,-6.3607,53.7121
IRL,-6.4893,53.9699
IRL,-6.3736,53.996
IRL,-6.424,54.0015
IRL,-6.35984,53.71294
IRL,-6.3864,53.99213
IRL,-6.40737,54.00153
IRL,-6.4851,53.7779
IRL,-6.36811,53.70191
IRL,-6.47029,54.00755
IRL,-6.42386,54.04256
IRL,-6.3413,53.7261
IRL,-6.282,53.8439
IRL,-6.403,54.0014
IRL,-6.6457,53.963
IRL,-6.4204,54.0153
IRL,-6.3743,54.0038
IRL,-6.3798,53.9909
IRL,-6.3878,53.7148
IRL,-6.3222,54.0163
IRL,-6.3986,53.9971
IRL,-6.40669,53.92137
IRL,-6.3559,53.7199
IRL,-8.5495,52.6569
IRL,-8.62495,52.61031
IRL,-8.28775,52.53868
IRL,-8.7134,52.6008
IRL,-8.9808,52.6007
IRL,-8.63552,52.59405
IRL,-8.43215,52.47245
IRL,-9.2992,52.3863
IRL,-9.3024,52.3879
IRL,-8.9868,52.5949
IRL,-8.6038,52.6015
IRL,-9.06177,52.49423
IRL,-8.6397,52.6329
IRL,-8.64583,52.45699
IRL,-9.1885,52.5955
IRL,-8.6483,52.6217
IRL,-8.7408,52.6381
IRL,-8.8674,52.6408
IRL,-8.38358,52.57761
IRL,-8.2954,52.3994
IRL,-8.7127,52.521
IRL,-8.2439,52.6055
IRL,-8.7083,52.4804
IRL,-8.65304,52.63784
IRL,-8.86996,52.53521
IRL,-9.0836,52.5327
IRL,-8.9057,52.33878
IRL,-8.7189,52.5084
IRL,-9.0602,52.4574
IRL,-8.5519,52.4739
IRL,-8.3519,52.6114
IRL,-8.6688,52.6365
IRL,-8.6481,52.6344
IRL,-9.2756,52.573
IRL,-8.6538,52.5322
IRL,-8.37209,52.33521
IRL,-8.5552,52.6729
IRL,-8.2198,52.2996
IRL,-8.4618,52.5983
IRL,-8.8338,52.6422
IRL,-8.6604,52.6299
IRL,-8.2452,52.6054
IRL,-8.6472,52.6252
IRL,-8.50171,52.71271
IRL,-8.9292,52.5536
IRL,-8.35073,52.43346
IRL,-8.5748,52.673
IRL,-8.50184,52.66209
IRL,-8.6521,52.63787
IRL,-8.46902,52.51651
IRL,-9.06211,52.46036
IRL,-8.405,52.6485
IRL,-8.652,52.6379
IRL,-8.6542,52.6386
IRL,-8.5623,52.6541
IRL,-9.0578,52.4483
IRL,-8.5481,52.5969
IRL,-8.5781,52.4034
IRL,-8.5469,52.6552
IRL,-8.6943,52.6346
IRL,-8.9759,52.3475
IRL,-8.9866,52.5651
IRL,-8.47,52.3633
IRL,-8.6626,52.6174
IRL,-9.3076,52.3761
IRL,-8.7941,52.5638
IRL,-8.6661,52.6338
IRL,-8.51105,52.68424
IRL,-8.497,52.7135
IRL,-8.5994,52.6523
IRL,-9.0572,52.4547
IRL,-8.5996,52.5366
IRL,-8.28556,54.4485
IRL,-8.33072,54.46874
IRL,-7.868,53.9202
IRL,-8.0416,54.0477
IRL,-8.0924,53.9559
IRL,-7.72793,54.01695
IRL,-7.6482,54.0144
IRL,-7.9744,54.0287
IRL,-8.0161,54.192
IRL,-7.8171,53.8784
IRL,-8.02876,53.92685
IRL,-8.0795,53.9442
IRL,-7.64675,53.97455
IRL,-7.9191,53.85557
IRL,-8.2848,54.4449
IRL,-7.64835,53.98143
IRL,-7.7859,53.9457
IRL,-8.3208,54.3237
IRL,-8.0949,53.9534
IRL,-8.1754,54.3063
IRL,-7.86352,54.02353
IRL,-8.2942,54.2291
IRL,-7.7073,52.8407
IRL,-7.507,53.0029
IRL,-7.1772,53.1546
IRL,-7.4823,52.9987
IRL,-7.5101,52.887
IRL,-7.3163,53.0436
IRL,-7.3118,53.1089
IRL,-7.30409,53.10172
IRL,-7.3522,53.1206
IRL,-7.30631,52.94984
IRL,-7.6342,52.9382
IRL,-7.2783,53.044
IRL,-6.94558,52.8376
IRL,-7.51906,53.14701
IRL,-6.99387,52.84926
IRL,-7.11278,52.86424
IRL,-6.94732,52.82463
IRL,-7.0606,52.9598
IRL,-7.0616,52.9443
IRL,-7.2872,53.0433
IRL,-7.3386,52.9227
IRL,-7.2022,52.9604
IRL,-7.09164,53.09414
IRL,-7.1845,53.1589
IRL,-7.3515,52.9129
IRL,-6.94411,52.83494
IRL,-7.3922,52.843
IRL,-7.41078,53.13524
IRL,-7.28134,53.03378
IRL,-7.31408,53.03815
IRL,-7.59264,53.00421
IRL,-8.6253,52.6626
IRL,-8.62295,52.66957
IRL,-8.62163,52.65967
IRL,-8.6139,52.6447
IRL,-8.6206,52.6617
IRL,-8.6177,52.647
IRL,-8.6008,52.6658
IRL,-8.6148,52.677
IRL,-8.6581,52.6712
IRL,-8.6089,52.6762
IRL,-8.60221,52.66077
IRL,-8.63512,52.65758
IRL,-8.61691,52.66831
IRL,-8.64444,52.68145
IRL,-8.64395,52.67921
IRL,-8.6214,52.6872
IRL,-8.5931,52.6583
IRL,-8.6357,52.6658
IRL,-8.5933,52.6574
IRL,-8.6471,52.68181
IRL,-8.6443,52.6474
IRL,-8.6041,52.6552
IRL,-8.63139,52.65202
IRL,-8.61603,52.66174
IRL,-8.6125,52.67065
IRL,-6.2591,53.6991
IRL,-6.6917,53.6277
IRL,-6.9236,53.617
IRL,-6.68698,53.65206
IRL,-6.6527,53.6395
IRL,-6.6657,53.6448
IRL,-6.64628,53.63501
IRL,-6.3996,53.51704
IRL,-6.6686,53.6519
IRL,-6.47319,53.42331
IRL,-6.3667,53.6988
IRL,-6.53933,53.46815
IRL,-6.42045,53.65451
IRL,-6.7997,53.5635
IRL,-6.8018,53.5527
IRL,-6.46283,53.50745
IRL,-6.8032,53.76345
IRL,-6.53997,53.51588
IRL,-6.54135,53.51785
IRL,-6.275,53.7101
IRL,-6.80256,53.44435
IRL,-6.8787,53.7183
IRL,-6.8805,53.729
IRL,-6.6369,53.5419
IRL,-6.85734,53.74458
IRL,-6.9241,53.621
IRL,-6.64583,53.63543
IRL,-6.7689,53.46
IRL,-6.80875,53.48824
IRL,-6.4375,53.5745
IRL,-6.41948,53.66685
IRL,-6.5479,53.7099
IRL,-6.4681,53.5012
IRL,-6.77753,53.63938
IRL,-6.57981,53.7437
IRL,-6.4547,53.5179
IRL,-6.3073,53.7015
IRL,-7.1239,53.3975
IRL,-6.4496,53.5041
IRL,-6.77529,53.60723
IRL,-6.6821,53.6442
IRL,-6.78967,53.6538
IRL,-6.5296,53.6273
IRL,-6.6889,53.6358
IRL,-6.6788,53.7071
IRL,-6.2578,53.7039
IRL,-6.9709,53.5335
IRL,-6.805,53.8472
IRL,-6.9933,53.6897
IRL,-6.7339,53.4791
IRL,-6.751,53.6349
IRL,-6.27808,53.66666
IRL,-6.6957,53.6437
IRL,-6.5673,53.6788
IRL,-6.681,53.6722
IRL,-6.7849,53.5495
IRL,-6.68493,53.65166
IRL,-6.24168,53.66145
IRL,-6.86186,53.61427
IRL,-6.8854,53.7888
IRL,-6.9143,53.6237
IRL,-6.76886,53.55457
IRL,-6.71816,53.74823
IRL,-6.8844,53.7223
IRL,-6.53205,53.51151
IRL,-6.48457,53.42317
IRL,-6.5771,53.5269
IRL,-6.67259,53.52558
IRL,-6.3445,53.7054
IRL,-6.28539,53.67325
IRL,-6.6637,53.6463
IRL,-6.45099,53.50686
IRL,-6.6208,53.711
IRL,-6.2435,53.6883
IRL,-6.3969,53.5182
IRL,-6.40307,53.51357
IRL,-6.58316,53.60479
IRL,-6.51933,53.54974
IRL,-6.7981,53.5604
IRL,-6.6937,53.6412
IRL,-6.69852,53.66984
IRL,-6.67295,53.454
IRL,-6.2392,53.6803
IRL,-6.92632,54.23977
IRL,-6.9945,54.3305
IRL,-6.85158,54.21555
IRL,-7.01609,54.29796
IRL,-7.23106,54.1793
IRL,-6.717,53.9768
IRL,-7.01526,54.11809
IRL,-6.7438,54.1236
IRL,-7.112,54.2162
IRL,-7.1449,54.10429
IRL,-6.74033,54.11946
IRL,-6.7424,54.1172
IRL,-6.8204,54.0105
IRL,-6.5781,54.0031
IRL,-7.1404,54.1637
IRL,-6.9856,54.2435
IRL,-6.9588,54.3383
IRL,-6.9438,54.2318
IRL,-6.6894,54.0127
IRL,-6.70529,53.93729
IRL,-6.6956,54.1453
IRL,-6.91356,54.32129
IRL,-6.7827,54.1595
IRL,-6.9657,54.2333
IRL,-6.7089,53.9801
IRL,-6.74369,54.12229
IRL,-6.8974,54.1296
IRL,-6.97489,54.25078
IRL,-6.965,54.3679
IRL,-7.0602,54.2821
IRL,-7.04326,54.21572
IRL,-7.2296,54.1849
IRL,-6.9482,54.0722
IRL,-9.2318,53.8565
IRL,-8.79025,53.96381
IRL,-9.55001,53.79901
IRL,-9.1499,53.6815
IRL,-9.12286,53.58276
IRL,-9.5206,53.7978
IRL,-9.15369,54.1181
IRL,-9.00185,53.84542
IRL,-9.54678,53.89249
IRL,-9.54694,53.8851
IRL,-9.76771,53.90721
IRL,-9.14019,54.1152
IRL,-9.5648,53.705
IRL,-9.178,53.7467
IRL,-9.3638,53.7606
IRL,-8.7624,53.763
IRL,-8.8707,53.7209
IRL,-8.8326,53.7684
IRL,-9.01181,53.73963
IRL,-9.09254,53.52447
IRL,-8.98716,53.72264
IRL,-9.3327,53.86645
IRL,-9.2388,53.8476
IRL,-8.85188,53.87223
IRL,-9.079,53.7017
IRL,-8.9914,53.7343
IRL,-9.33385,53.69676
IRL,-9.38679,53.81867
IRL,-9.74057,54.1437
IRL,-8.95268,53.94343
IRL,-9.13595,54.122
IRL,-9.22451,53.87579
IRL,-9.234,53.6307
IRL,-9.8829,53.7137
IRL,-8.97135,53.76734
IRL,-9.2905,53.8584
IRL,-9.31307,53.79398
IRL,-9.22466,53.57338
IRL,-9.17481,54.0247
IRL,-9.10544,53.63858
IRL,-8.70233,53.95597
IRL,-8.7639,53.8267
IRL,-9.1965,53.84468
IRL,-10.0802,53.98374
IRL,-9.3191,54.0973
IRL,-9.50227,53.80084
IRL,-9.346,54.165
IRL,-9.14049,54.11033
IRL,-9.1712,54.1175
IRL,-9.1602,54.102
IRL,-8.99372,53.85355
IRL,-9.3239,53.9857
IRL,-9.0048,53.91062
IRL,-9.10907,53.97881
IRL,-9.22296,53.62297
IRL,-9.5307,53.8037
IRL,-9.8117,53.7591
IRL,-9.8134,54.3131
IRL,-9.6518,54.2424
IRL,-9.3076,54.1028
IRL,-9.3686,54.2792
IRL,-9.53987,53.79677
IRL,-9.9842,54.21832
IRL,-9.9915,54.2305
IRL,-9.2199,54.2115
IRL,-7.19999,53.16075
IRL,-7.2876,53.2936
IRL,-7.90341,53.32337
IRL,-7.3367,53.265
IRL,-7.4882,53.2761
IRL,-7.7205,53.098
IRL,-7.4932,53.2712
IRL,-7.5172,53.244
IRL,-7.05168,53.34471
IRL,-7.48576,53.2772
IRL,-7.6039,53.3422
IRL,-7.7265,53.1778
IRL,-7.282,53.1872
IRL,-7.9105,53.0975
IRL,-7.7203,53.2827
IRL,-7.8816,53.2255
IRL,-7.8116,53.2722
IRL,-7.8934,53.0809
IRL,-7.4855,53.28
IRL,-7.5042,53.2751
IRL,-7.20201,53.34842
IRL,-7.9832,53.1901
IRL,-7.97855,53.19335
IRL,-7.50606,53.26943
IRL,-7.3615,53.1829
IRL,-7.5073,53.2845
IRL,-7.3678,53.3253
IRL,-7.93367,52.90325
IRL,-7.8455,53.2535
IRL,-8.1995,53.8519
IRL,-8.5569,53.8215
IRL,-8.61826,53.88783
IRL,-8.7545,53.6876
IRL,-8.1081,53.77821
IRL,-8.1193,53.7706
IRL,-7.9197,53.7386
IRL,-8.1995,54.068
IRL,-8.2413,53.7736
IRL,-8.2016,53.6215
IRL,-8.10827,53.93385
IRL,-8.20654,53.70367
IRL,-8.21858,53.90796
IRL,-8.2854,53.6153
IRL,-8.6372,53.859
IRL,-8.1055,53.4555
IRL,-8.0229,53.4304
IRL,-8.4098,53.8667
IRL,-8.1648,53.9898
IRL,-8.19252,53.62692
IRL,-8.2726,53.4701
IRL,-8.30124,53.97098
IRL,-8.0527,53.5445
IRL,-8.04104,53.54251
IRL,-8.0237,53.4523
IRL,-8.1776,53.6365
IRL,-8.15315,53.66099
IRL,-8.1916,53.84436
IRL,-8.4891,53.7641
IRL,-7.98781,53.42648
IRL,-8.003,53.3753
IRL,-8.0573,53.475
IRL,-8.6315,53.7421
IRL,-8.2647,53.5708
IRL,-8.57603,54.039
IRL,-8.48282,54.183
IRL,-8.4671,54.2725
IRL,-8.4492,54.2792
IRL,-8.4727,54.2682
IRL,-8.58529,54.27214
IRL,-8.4758,54.2592
IRL,-8.5131,54.0918
IRL,-8.5188,54.2119
IRL,-8.47492,54.26388
IRL,-8.3745,54.0873
IRL,-8.52381,54.23432
IRL,-8.4587,54.2827
IRL,-8.59617,54.2765
IRL,-9.0826,54.2169
IRL,-8.4632,54.2542
IRL,-8.4756,54.2428
IRL,-8.7975,53.96815
IRL,-8.4715,54.2764
IRL,-8.4728,54.2663
IRL,-8.6787,54.2398
IRL,-8.52638,53.99634
IRL,-8.24614,54.101
IRL,-8.39577,54.13064
IRL,-8.4645,54.2664
IRL,-8.5981,54.36772
IRL,-8.6032,54.1772
IRL,-8.3914,54.166
IRL,-8.4706,54.2689
IRL,-8.72839,54.05239
IRL,-8.6084,54.1694
IRL,-8.488,54.2681
IRL,-8.67168,54.0983
IRL,-8.4678,54.2818
IRL,-8.4678,54.25223
IRL,-8.1388,52.8898
IRL,-7.8316,52.7952
IRL,-8.41115,52.72679
IRL,-8.4045,52.7131
IRL,-7.8072,52.6821
IRL,-8.4441,52.8105
IRL,-7.81724,52.79986
IRL,-7.7996,52.9596
IRL,-7.798,52.6807
IRL,-7.9594,52.7525
IRL,-7.8962,52.7686
IRL,-8.155,52.9366
IRL,-8.1359,53.1109
IRL,-7.96488,53.09555
IRL,-8.0207,52.703
IRL,-8.0331,52.8475
IRL,-8.21324,52.84908
IRL,-8.2223,52.8655
IRL,-7.81455,52.95171
IRL,-7.70321,52.67117
IRL,-7.978,52.8177
IRL,-8.21192,52.86405
IRL,-8.3482,52.88336
IRL,-8.0455,52.9438
IRL,-7.8411,52.7951
IRL,-7.8673,52.6031
IRL,-7.9169,52.3792
IRL,-7.39976,52.35192
IRL,-7.6892,52.3647
IRL,-7.4088,52.3395
IRL,-7.7082,52.3595
IRL,-7.5634,52.5895
IRL,-7.50467,52.50891
IRL,-7.7157,52.3577
IRL,-8.1115,52.5661
IRL,-8.1497,52.4717
IRL,-7.7076,52.3656
IRL,-7.88498,52.51193
IRL,-7.7213,52.3522
IRL,-7.89609,52.52009
IRL,-7.699,52.46797
IRL,-7.7116,52.3688
IRL,-8.13885,52.49919
IRL,-7.7181,52.3484
IRL,-7.96476,52.3371
IRL,-7.88553,52.3077
IRL,-8.1572,52.4753
IRL,-8.22459,52.41174
IRL,-8.15029,52.47232
IRL,-7.8096,52.27246
IRL,-8.0373,52.5491
IRL,-7.5864,52.5167
IRL,-7.8866,52.5095
IRL,-7.6402,52.6145
IRL,-8.0942,52.2686
IRL,-8.1647,52.5841
IRL,-7.414,52.3478
IRL,-7.9375,52.4581
IRL,-7.69947,52.35673
IRL,-7.53706,52.40379
IRL,-7.72391,52.35755
IRL,-7.88,52.5173
IRL,-7.7007,52.372
IRL,-7.43075,52.2014
IRL,-8.00946,52.09346
IRL,-7.18878,52.21514
IRL,-7.18248,52.22438
IRL,-7.5951,52.1006
IRL,-7.8514,52.1464
IRL,-7.6113,52.0928
IRL,-7.24854,52.17568
IRL,-6.9747,52.2319
IRL,-7.99391,52.18245
IRL,-7.15332,52.16606
IRL,-7.1983,52.1404
IRL,-7.6279,52.0881
IRL,-7.6143,52.0922
IRL,-7.16278,52.16816
IRL,-7.26982,52.2316
IRL,-7.63789,52.00689
IRL,-7.51466,52.16262
IRL,-7.5905,52.0481
IRL,-7.7151,52.2035
IRL,-7.92905,52.13258
IRL,-7.15661,52.17193
IRL,-7.5662,52.1016
IRL,-7.93565,53.44702
IRL,-7.14875,53.58741
IRL,-7.9336,53.4334
IRL,-7.8647,53.4366
IRL,-7.32801,53.53272
IRL,-7.31622,53.52624
IRL,-7.14422,53.50779
IRL,-7.9423,53.4205
IRL,-7.363,53.5212
IRL,-7.10801,53.45909
IRL,-7.0946,53.4553
IRL,-7.29227,53.41698
IRL,-7.219,53.6494
IRL,-7.5209,53.6593
IRL,-7.4131,53.6179
IRL,-7.94276,53.4314
IRL,-7.08166,53.61359
IRL,-7.3911,53.6257
IRL,-7.8988,53.4233
IRL,-7.11029,53.46185
IRL,-7.946,53.4217
IRL,-7.9541,53.4236
IRL,-7.9279,53.4262
IRL,-7.9454,53.4333
IRL,-7.3291,53.5139
IRL,-7.3147,53.5279
IRL,-7.5185,53.6574
IRL,-7.921,53.4311
IRL,-7.22903,53.54762
IRL,-7.3712,53.521
IRL,-7.6649,53.4911
IRL,-7.51264,53.36614
IRL,-7.3257,53.5298
IRL,-7.7189,53.4016
IRL,-7.29261,53.67934
IRL,-7.9075,53.4298
IRL,-7.9129,53.4266
IRL,-7.36061,53.52405
IRL,-7.8937,53.4132
IRL,-7.3508,53.5226
IRL,-7.3799,53.5196
IRL,-7.91776,53.42745
IRL,-7.4979,53.3692
IRL,-7.356,53.4987
IRL,-6.1656,52.7975
IRL,-6.11897,53.20521
IRL,-6.14016,53.16871
IRL,-6.11116,53.18538
IRL,-6.0678,53.1325
IRL,-6.6188,53.0237
IRL,-6.52935,53.17429
IRL,-6.1401,53.1687
IRL,-6.15878,52.79636
IRL,-6.0608,52.9678
IRL,-6.17592,53.19455
IRL,-6.7022,52.937
IRL,-6.0613,53.1095
IRL,-6.1443,52.8005
IRL,-6.15253,52.79703
IRL,-6.52449,53.10633
IRL,-6.4594,52.79819
IRL,-6.1099,53.18786
IRL,-6.19835,53.0023
IRL,-6.64457,52.81664
IRL,-6.0182,52.968
IRL,-6.11203,53.09257
IRL,-6.60638,52.90519
IRL,-6.0628,52.9821
IRL,-6.7043,53.0568
IRL,-6.06465,53.14815
IRL,-6.4538,52.7952
IRL,-6.23473,52.93279
IRL,-6.22897,53.0692
IRL,-6.0708,53.1479
IRL,-6.2785,53.0226
IRL,-6.04979,52.97731
IRL,-6.0795,52.9906
IRL,-6.08528,52.92601
IRL,-6.17147,52.78527
IRL,-6.1168,53.0108
IRL,-6.1072,53.0141
IRL,-6.31729,52.85208
IRL,-6.145,52.8884
IRL,-6.1709,52.7932
IRL,-6.07626,53.13525
IRL,-6.065,53.1088
IRL,-6.17916,52.79475
IRL,-6.133,53.1953
IRL,-6.11761,53.20715
IRL,-6.13988,52.80893
IRL,-6.31413,52.83469
IRL,-6.0698,53.1257
IRL,-6.0475,52.9741
IRL,-6.5327,53.1735
IRL,-6.1011,52.9923
IRL,-6.08728,53.15151
IRL,-6.10375,53.14582
IRL,-6.1025,53.2002
IRL,-6.5009,52.7104
IRL,-6.6586,52.9273
IRL,-6.14955,52.80436
IRL,-6.1191,53.1987
IRL,-6.1088,53.1143
IRL,-6.49114,53.13891
IRL,-6.10021,53.19697
IRL,-6.1278,53.1828
IRL,-6.11006,53.18461
IRL,-6.46096,52.3352
IRL,-6.53807,52.51576
IRL,-6.23636,52.74202
IRL,-6.5852,52.3709
IRL,-6.54174,52.23446
IRL,-6.6504,52.6482
IRL,-6.5058,52.322
IRL,-6.4918,52.3947
IRL,-6.9388,52.3992
IRL,-6.7947,52.3917
IRL,-6.4681,52.3329
IRL,-6.7128,52.2785
IRL,-6.3523,52.7233
IRL,-6.50409,52.5885
IRL,-6.7423,52.5657
IRL,-6.5678,52.2204
IRL,-6.6534,52.6243
IRL,-6.55838,52.54588
IRL,-6.3878,52.3926
IRL,-6.7018,52.5144
IRL,-6.8567,52.3765
IRL,-6.64,52.3986
IRL,-6.9183,52.2459
IRL,-6.7249,52.4474
IRL,-6.3626,52.5478
IRL,-6.2898,52.516
IRL,-6.6581,52.323
IRL,-6.56235,52.5017
IRL,-6.4211,52.5549
IRL,-6.2235,52.6687
IRL,-6.47542,52.33654
IRL,-6.9585,52.3106
IRL,-6.2914,52.6744
IRL,-6.7908,52.45
IRL,-6.58625,52.19222
IRL,-6.80352,52.26171
IRL,-6.3096,52.673
IRL,-6.73062,52.23904
IRL,-6.457,52.3328
IRL,-6.393,52.6786
IRL,-6.5924,52.2765
IRL,-6.57075,52.50831
IRL,-6.502,52.58869
IRL,-6.3468,52.25
IRL,-6.4525,52.3893
IRL,-6.26384,52.66431
IRL,-6.4769,52.6737
IRL,-6.58381,52.50598
IRL,-6.399,52.4423
IRL,-6.9305,52.3867
IRL,-6.4832,52.3377
IRL,-6.28891,52.50833
IRL,-6.3936,52.2823
IRL,-6.2981,52.6691
IRL,-6.9373,52.39
IRL,-6.27227,52.67079
IRL,-6.48433,52.33456
IRL,-6.4909,52.3238
IRL,-6.27664,52.63311
IRL,-6.4774,52.5272
IRL,-6.6777,52.5619
IRL,-6.2885,52.67437
IRL,-6.38968,52.27767
IRL,-6.49871,52.28292
IRL,-6.6081,52.43335
IRL,-6.465,52.337
IRL,-6.5695,52.5037
IRL,-6.9363,52.3918
IRL,-6.8006,52.3413
IRL,-6.46348,52.6386
IRL,-6.8348,52.2743
IRL,-6.28535,52.6701
IRL,-7.06218,52.23287
IRL,-7.12495,52.26047
IRL,-7.1065,52.2542
IRL,-7.11432,52.25934
IRL,-7.0889,52.2428
IRL,-7.0701,52.2397
IRL,-7.0894,52.242
IRL,-7.0889,52.2397
IRL,-7.13398,52.24993
IRL,-7.12625,52.25436
IRL,-7.1167,52.2567
IRL,-7.1383,52.2315
IRL,-7.11329,52.25564
IRL,-7.09739,52.26997
IRL,-7.1138,52.23215
IRL,-7.12175,52.24365
IRL,-7.12004,52.25278
IRL,-7.1078,52.2581
IRL,-7.11918,52.25965
IRL,-7.1426,52.239
IRL,-7.05303,52.23437
IRL,-7.1469,52.2564
IRL,-7.0981,52.2517
IRL,-7.06384,52.23971
IRL,-7.0682,52.2375
IRL,-6.28604,53.35314
IRL,-9.45183,51.76203
IRL,-9.0455,51.8779
IRL,-8.8057,52.1739
IRL,-8.88134,51.83926
IRL,-8.6759,52.3514
IRL,-8.6466,52.1269
IRL,-8.3691,51.9161
IRL,-8.67125,51.79712
IRL,-8.16459,51.91018
IRL,-8.1237,51.8656
IRL,-8.1694,51.9154
IRL,-8.7344,52.0454
IRL,-8.3555,52.2744
IRL,-8.2775,52.1379
IRL,-8.2992,51.8527
IRL,-8.59462,52.01394
IRL,-8.2949,51.853
IRL,-8.99439,52.20994
IRL,-8.6976,51.9384
IRL,-8.7766,52.7431
IRL,-9.3191,52.9334
IRL,-9.4807,52.8059
IRL,-8.6022,52.6861
IRL,-9.00327,52.83087
IRL,-8.48771,52.85853
IRL,-9.29559,52.94074
IRL,-8.97886,52.85896
IRL,-7.3531,54.0174
IRL,-7.877,54.2921
IRL,-7.14897,54.03163
IRL,-6.9735,53.9151
IRL,-6.6852,52.68266
IRL,-6.94626,52.83874
IRL,-6.90969,52.82908
IRL,-6.91246,52.83568
IRL,-8.4736,51.9027
IRL,-8.45421,51.90812
IRL,-8.46803,51.89285
IRL,-8.5067,51.9052
IRL,-8.4033,51.8923
IRL,-8.47744,51.88293
IRL,-8.45467,51.90756
IRL,-8.4034,51.8933
IRL,-8.4141,51.896
IRL,-7.59345,54.8031
IRL,-8.09637,54.64303
IRL,-8.10266,54.53366
IRL,-7.4473,55.1305
IRL,-7.74401,54.94924
IRL,-7.7914,54.7994
IRL,-8.35684,54.9509
IRL,-6.1405,53.2543
IRL,-6.15143,53.29249
IRL,-6.1994,53.30496
IRL,-6.2602,53.2832
IRL,-6.13435,53.27939
IRL,-6.12864,53.24711
IRL,-6.14012,53.28891
IRL,-6.19074,53.30082
IRL,-6.1133,53.2753
IRL,-6.238,53.3058
IRL,-6.1553,53.2845
IRL,-6.21675,53.28377
IRL,-6.3541,53.285
IRL,-6.4011,53.2832
IRL,-6.40104,53.35047
IRL,-6.2874,53.2754
IRL,-6.4011,53.2829
IRL,-6.40086,53.33751
IRL,-6.39771,53.34394
IRL,-6.2811,53.2703
IRL,-6.4076,53.279
IRL,-6.40061,53.33776
IRL,-6.41256,53.32459
IRL,-6.4397,53.3565
IRL,-6.2856,53.299
IRL,-6.39635,53.34426
IRL,-6.3743,53.3066
IRL,-6.3551,53.2847
IRL,-6.401,53.27883
IRL,-6.3769,53.2701
IRL,-6.2608,53.3964
IRL,-6.206,53.3943
IRL,-6.2821,53.33804
IRL,-6.25949,53.33259
IRL,-6.25299,53.35201
IRL,-6.17077,53.3867
IRL,-6.2427,53.3514
IRL,-6.2627,53.3958
IRL,-6.2421,53.3582
IRL,-6.2806,53.3796
IRL,-6.30625,53.39018
IRL,-6.3547,53.3378
IRL,-6.2588,53.3572
IRL,-6.27729,53.38483
IRL,-6.2171,53.3637
IRL,-6.274,53.3443
IRL,-6.24848,53.32685
IRL,-6.2737,53.4049
IRL,-6.3463,53.3429
IRL,-6.29582,53.32942
IRL,-6.2955,53.3265
IRL,-6.2822,53.34161
IRL,-6.1943,53.4011
IRL,-6.30211,53.33827
IRL,-6.2354,53.3294
IRL,-6.2755,53.3949
IRL,-6.28011,53.34976
IRL,-6.24208,53.34267
IRL,-6.2899,53.3411
IRL,-6.2581,53.3555
IRL,-6.2707,53.3504
IRL,-6.27043,53.35327
IRL,-6.3588,53.3417
IRL,-6.2185,53.3299
IRL,-6.2283,53.3439
IRL,-6.2648,53.35285
IRL,-6.29984,53.38178
IRL,-6.31297,53.32331
IRL,-6.193,53.40083
IRL,-6.2938,53.3356
IRL,-6.275,53.36771
IRL,-6.27497,53.3389
IRL,-6.2285,53.3442
IRL,-6.38572,53.33937
IRL,-6.29318,53.33741
IRL,-6.3588,53.3451
IRL,-6.16242,53.38851
IRL,-6.28622,53.33991
IRL,-6.3112,53.3896
IRL,-6.22881,53.36337
IRL,-6.26633,53.34038
IRL,-6.40021,53.39655
IRL,-6.1425,53.489
IRL,-6.0864,53.3901
IRL,-6.12758,53.3995
IRL,-6.1096,53.5796
IRL,-6.41012,53.39833
IRL,-6.393,53.3752
IRL,-6.39856,53.39437
IRL,-6.1913,53.6125
IRL,-6.38128,53.39581
IRL,-6.39677,53.40374
IRL,-6.0993,53.535
IRL,-6.39972,53.40782
IRL,-6.0999,53.5297
IRL,-6.15482,53.39814
IRL,-6.15377,53.52203
IRL,-6.2362,53.6175
IRL,-6.2928,53.5869
IRL,-6.363,53.3743
IRL,-9.66195,53.27592
IRL,-8.93304,53.26695
IRL,-9.0003,53.286
IRL,-9.076,53.2682
IRL,-9.68541,53.12775
IRL,-9.60537,53.25953
IRL,-8.8509,53.5216
IRL,-9.0178,53.2764
IRL,-9.07109,53.28387
IRL,-9.04477,53.28126
IRL,-9.01342,53.28212
IRL,-6.5056,53.3675
IRL,-7.0161,52.97577
IRL,-6.66386,53.25
IRL,-6.93588,52.98014
IRL,-7.2451,52.6371
IRL,-7.2479,52.6441
IRL,-7.25034,52.66892
IRL,-7.17539,52.75588
IRL,-7.0738,52.4804
IRL,-7.24397,52.43354
IRL,-9.5055,52.1249
IRL,-9.5152,52.3966
IRL,-9.79551,52.36819
IRL,-9.6752,52.2872
IRL,-9.69628,52.316
IRL,-9.5598,52.5523
IRL,-9.69974,52.26808
IRL,-9.84238,52.3922
IRL,-9.53281,52.07095
IRL,-9.67618,52.26704
IRL,-10.17141,52.25669
IRL,-10.06159,51.90633
IRL,-7.8009,53.73856
IRL,-6.5383,53.8469
IRL,-6.4161,54.011
IRL,-6.3821,53.9892
IRL,-6.35396,53.72558
IRL,-8.73776,52.58866
IRL,-8.9871,52.5665
IRL,-8.9046,52.4635
IRL,-8.65,52.42257
IRL,-9.0478,52.4559
IRL,-8.0604,54.0138
IRL,-8.2883,54.4435
IRL,-8.0415,54.0478
IRL,-7.2807,53.0382
IRL,-7.32018,53.12116
IRL,-7.46153,52.81628
IRL,-7.3182,53.0376
IRL,-7.30577,53.04229
IRL,-7.32835,53.11556
IRL,-6.96647,52.9059
IRL,-7.6457,52.8933
IRL,-7.1847,53.1586
IRL,-8.62244,52.6488
IRL,-8.6029,52.6594
IRL,-8.6328,52.6484
IRL,-8.6082,52.64583
IRL,-6.4825,53.4242
IRL,-6.40293,53.5094
IRL,-6.25387,53.71898
IRL,-6.46984,53.41324
IRL,-6.8542,53.6847
IRL,-6.8829,53.733
IRL,-7.1685,53.7699
IRL,-6.65572,53.63845
IRL,-6.4702,53.4122
IRL,-6.68795,53.65049
IRL,-6.70418,53.64172
IRL,-6.8456,54.0784
IRL,-6.8306,54.1292
IRL,-9.49151,53.84938
IRL,-9.83325,54.06802
IRL,-7.9008,53.0926
IRL,-7.5659,53.2924
IRL,-7.4941,53.2816
IRL,-8.40957,54.28901
IRL,-8.4675,54.2699
IRL,-8.558,54.2733
IRL,-8.49869,54.26837
IRL,-8.4616,54.2647
IRL,-8.46565,54.26857
IRL,-8.4839,54.2811
IRL,-8.47048,54.2725
IRL,-7.86938,52.6407
IRL,-7.81359,52.67754
IRL,-7.7615,52.7144
IRL,-8.2113,52.5556
IRL,-8.2114,52.56904
IRL,-7.715,52.2672
IRL,-7.60185,52.10064
IRL,-7.25005,52.23854
IRL,-7.59048,52.04802
IRL,-7.7407,53.399
IRL,-7.70957,53.4022
IRL,-7.3438,53.527
IRL,-7.3644,53.5256
IRL,-7.9427,53.4217
IRL,-7.9418,53.4206
IRL,-7.9341,53.4258
IRL,-6.0987,53.194
IRL,-6.06086,52.96886
IRL,-6.17045,52.8232
IRL,-6.1262,53.2025
IRL,-6.0611,53.1012
IRL,-6.0469,52.9764
IRL,-6.14243,52.98035
IRL,-6.1195,53.1904
IRL,-6.11859,53.18437
IRL,-6.50434,52.38818
IRL,-6.52142,52.28698
IRL,-6.3515,52.2414
IRL,-6.47698,52.32097
IRL,-8.67077,52.18536
IRL,-8.64241,52.14366
IRL,-8.79902,52.26157
IRL,-8.73105,52.26882
IRL,-8.23959,52.17398
IRL,-8.1862,51.9266
IRL,-8.296,51.8542
IRL,-7.9217,51.9296
IRL,-9.22813,51.85221
IRL,-9.11592,51.71687
IRL,-9.1563,51.76756
IRL,-8.1621,51.8675
IRL,-9.48601,52.64024
IRL,-9.64591,52.67968
IRL,-9.7088,52.6027
IRL,-8.9585,52.81758
IRL,-8.984,52.8492
IRL,-7.11627,55.16362
IRL,-7.37371,55.04886
IRL,-7.73846,54.95968
IRL,-7.74552,54.95446
IRL,-7.1947,55.1275
IRL,-7.58783,54.87565
IRL,-6.13153,53.27692
IRL,-6.16784,53.26269
IRL,-6.185,53.2467
IRL,-6.19221,53.25599
IRL,-6.20521,53.28924
IRL,-6.27461,53.29184
IRL,-6.26517,53.26903
IRL,-6.2537,53.2957
IRL,-6.4539,53.3537
IRL,-6.3287,53.2719
IRL,-6.3307,53.2823
IRL,-6.32794,53.27451
IRL,-6.3473,53.2989
IRL,-6.38303,53.32017
IRL,-6.3109,53.3133
IRL,-6.3913,53.2756
IRL,-6.2433,53.4003
IRL,-6.2069,53.3184
IRL,-6.32427,53.36993
IRL,-6.2199,53.3337
IRL,-6.26345,53.36818
IRL,-6.2736,53.3527
IRL,-6.271,53.3195
IRL,-6.27921,53.3453
IRL,-6.2409,53.3318
IRL,-6.1788,53.3988
IRL,-6.279,53.3424
IRL,-6.3258,53.3361
IRL,-6.2375,53.3673
IRL,-6.22923,53.35289
IRL,-6.15068,53.45165
IRL,-6.20025,53.4523
IRL,-6.07872,53.38811
IRL,-6.1388,53.4934
IRL,-6.38259,53.42322
IRL,-6.4318,53.39853
IRL,-6.1423,53.4944
IRL,-6.3967,53.4011
IRL,-6.3746,53.3855
IRL,-6.09162,53.37722
IRL,-6.4202,53.4017
IRL,-9.81199,53.32152
IRL,-9.01316,53.28187
IRL,-8.3809,53.2235
IRL,-8.98295,53.28505
IRL,-9.01908,53.30139
IRL,-9.0253,53.2741
IRL,-7.01537,53.10462
IRL,-6.83809,52.90659
IRL,-6.7858,53.1523
IRL,-6.49451,53.36548
IRL,-6.5817,53.2509
IRL,-6.86513,53.28792
IRL,-6.96272,52.39383
IRL,-9.69935,52.28621
IRL,-6.39328,53.83267
IRL,-6.3997,54.0101
IRL,-8.7947,52.5571
IRL,-8.47,52.3184
IRL,-8.4703,52.4727
IRL,-7.29895,53.04015
IRL,-7.29882,53.03532
IRL,-6.25843,53.72063
IRL,-6.67593,53.64681
IRL,-6.89688,53.55495
IRL,-7.112,53.4024
IRL,-6.53755,53.71395
IRL,-6.6774,53.6632
IRL,-6.2439,53.6981
IRL,-6.9976,54.23963
IRL,-8.9586,53.6706
IRL,-9.2946,53.8524
IRL,-9.53221,53.80479
IRL,-9.10066,53.98441
IRL,-7.25172,53.30137
IRL,-7.4473,53.2172
IRL,-8.7767,54.2505
IRL,-8.4896,54.1818
IRL,-8.42486,52.79912
IRL,-8.23585,52.68563
IRL,-8.1982,52.8642
IRL,-7.81806,52.67812
IRL,-7.70918,52.52721
IRL,-7.9032,53.4127
IRL,-6.07212,53.12516
IRL,-6.1487,52.8011
IRL,-6.0773,52.9878
IRL,-6.65219,52.65568
IRL,-7.0654,52.2266
IRL,-8.64576,51.87212
IRL,-8.35978,52.19243
IRL,-8.29189,51.85741
IRL,-8.14829,51.96541
IRL,-8.5842,52.2178
IRL,-8.75298,51.74095
IRL,-8.49061,52.88944
IRL,-8.8532,52.7683
IRL,-8.93264,53.03163
IRL,-7.02866,53.95126
IRL,-6.8034,53.9144
IRL,-6.90741,52.83003
IRL,-8.51209,51.87812
IRL,-7.72501,54.97768
IRL,-8.17829,55.14089
IRL,-8.10585,54.6547
IRL,-8.2842,55.0644
IRL,-6.116,53.2361
IRL,-6.20249,53.27136
IRL,-6.2631,53.2748
IRL,-6.19834,53.2587
IRL,-6.19764,53.30885
IRL,-6.37717,53.32334
IRL,-6.30528,53.30782
IRL,-6.422,53.2959
IRL,-6.3452,53.2735
IRL,-6.24343,53.34462
IRL,-6.33598,53.33272
IRL,-6.20706,53.31337
IRL,-6.27973,53.31438
IRL,-6.3088,53.3425
IRL,-6.2498,53.3946
IRL,-6.29493,53.36906
IRL,-6.3075,53.3718
IRL,-6.24991,53.37678
IRL,-6.21991,53.35689
IRL,-6.37269,53.33686
IRL,-6.2968,53.33394
IRL,-6.29508,53.33446
IRL,-6.187,53.6135
IRL,-6.1291,53.4276
IRL,-6.44068,53.3934
IRL,-6.17174,53.45415
IRL,-6.4422,53.3948
IRL,-6.24663,53.47202
IRL,-6.17753,53.59981
IRL,-6.20863,53.44452
IRL,-6.17818,53.60084
IRL,-6.36129,53.37911
IRL,-8.55738,53.20508
IRL,-9.1093,53.2748
IRL,-8.67481,53.16631
IRL,-9.12943,53.2807
IRL,-9.121,53.2665
IRL,-6.60997,53.3451
IRL,-6.56833,53.25548
IRL,-6.9583,52.4549
IRL,-7.3886,52.5449
IRL,-7.5568,52.75017
IRL,-6.55842,53.8216
IRL,-6.5418,53.8639
IRL,-9.26278,52.34008
IRL,-9.0941,52.5677
IRL,-8.67826,52.63502
IRL,-7.40338,53.04963
IRL,-6.38898,53.50052
IRL,-6.245,53.6851
IRL,-6.47562,53.42633
IRL,-6.51769,53.68688
IRL,-6.4152,53.52146
IRL,-6.4669,53.5019
IRL,-6.79053,53.55546
IRL,-6.57738,54.0027
IRL,-6.97059,54.2432
IRL,-9.3239,53.8409
IRL,-10.10348,54.11826
IRL,-9.575,53.84335
IRL,-9.5629,53.75435
IRL,-7.96279,53.20038
IRL,-7.44952,53.21448
IRL,-8.47642,53.76703
IRL,-8.12597,52.99972
IRL,-7.4661,52.3743
IRL,-7.9235,52.3707
IRL,-8.0655,52.4475
IRL,-7.393,52.3491
IRL,-6.99485,52.26869
IRL,-6.23129,52.85959
IRL,-6.10931,53.19938
IRL,-6.09708,53.0684
IRL,-6.0261,52.9713
IRL,-6.1619,52.7967
IRL,-6.0559,52.9704
IRL,-6.12778,53.19326
IRL,-6.1693,53.19286
IRL,-6.2348,52.7954
IRL,-6.49807,52.59117
IRL,-9.0358,52.1237
IRL,-8.78954,51.84892
IRL,-8.59294,51.72769
IRL,-8.51702,52.14568
IRL,-8.58009,51.84759
IRL,-8.9105,51.5712
IRL,-8.9286,51.6649
IRL,-9.0585,52.8227
IRL,-7.35313,53.97538
IRL,-7.36206,53.98926
IRL,-6.9274,52.8197
IRL,-8.47748,51.91233
IRL,-8.4586,51.8847
IRL,-8.44353,51.87737
IRL,-8.5362,51.8797
IRL,-7.5874,54.8023
IRL,-6.16298,53.28896
IRL,-6.109,53.2826
IRL,-6.1481,53.2898
IRL,-6.1445,53.2908
IRL,-6.1119,53.2344
IRL,-6.1806,53.2485
IRL,-6.1583,53.26881
IRL,-6.3873,53.2871
IRL,-6.4252,53.2776
IRL,-6.39788,53.34365
IRL,-6.4126,53.3411
IRL,-6.44721,53.27841
IRL,-6.29028,53.28787
IRL,-6.3237,53.33567
IRL,-6.2211,53.3373
IRL,-6.26675,53.32526
IRL,-6.20082,53.3645
IRL,-6.1643,53.3886
IRL,-6.2582,53.3698
IRL,-6.26522,53.33317
IRL,-6.28676,53.37817
IRL,-6.2757,53.39
IRL,-6.21703,53.31953
IRL,-6.32119,53.34168
IRL,-6.3279,53.3181
IRL,-6.2876,53.3363
IRL,-6.31505,53.3369
IRL,-6.23102,53.38007
IRL,-6.22176,53.39412
IRL,-6.28497,53.31717
IRL,-6.1362,53.4277
IRL,-6.3897,53.4145
IRL,-6.43608,53.3973
IRL,-6.3887,53.3875
IRL,-6.23942,53.4597
IRL,-6.3967,53.4021
IRL,-6.1268,53.4433
IRL,-6.1343,53.5833
IRL,-6.182,53.60515
IRL,-6.18201,53.58509
IRL,-6.2429,53.45362
IRL,-6.36218,53.37509
IRL,-6.43586,53.39742
IRL,-8.9265,53.2677
IRL,-8.90027,53.61544
IRL,-9.6928,53.5986
IRL,-8.8825,53.0633
IRL,-8.8242,53.0684
IRL,-8.90861,53.27967
IRL,-9.00804,53.27968
IRL,-8.7256,53.4823
IRL,-9.02596,53.27501
IRL,-8.8063,53.2581
IRL,-8.86,53.5193
IRL,-6.60969,53.19505
IRL,-6.80465,53.11575
IRL,-7.33396,52.35235
IRL,-7.39093,52.78863
IRL,-7.0709,52.62832
IRL,-9.3757,52.57362
IRL,-6.4261,54.0183
IRL,-6.3229,53.725
IRL,-8.5455,52.6574
IRL,-8.8612,52.4713
IRL,-8.7842,52.405
IRL,-8.73205,52.64285
IRL,-7.3703,52.96525
IRL,-7.2721,53.0322
IRL,-7.58662,52.85468
IRL,-7.23337,53.75947
IRL,-6.4628,53.5082
IRL,-6.6605,53.6464
IRL,-6.9498,54.2626
IRL,-9.35313,53.88227
IRL,-7.88,53.0048
IRL,-7.61564,53.34474
IRL,-7.89133,53.09204
IRL,-7.5163,53.2894
IRL,-8.02813,53.89473
IRL,-8.453,54.4304
IRL,-8.49785,54.2745
IRL,-7.8109,52.6797
IRL,-7.83531,52.79369
IRL,-7.79075,52.94799
IRL,-8.3477,52.4653
IRL,-7.64577,52.14037
IRL,-6.23985,52.92325
IRL,-6.0523,52.9731
IRL,-6.1076,53.1931
IRL,-6.0804,52.9929
IRL,-6.12311,53.18879
IRL,-6.11735,53.20715
IRL,-6.59247,52.51007
IRL,-6.59232,52.50981
IRL,-8.24234,52.17578
IRL,-8.48296,51.73837
IRL,-8.63169,52.08215
IRL,-8.93776,51.73716
IRL,-8.2504,52.1753
IRL,-8.9028,51.62324
IRL,-8.39033,51.81663
IRL,-8.94759,52.84297
IRL,-7.3701,54.0345
IRL,-6.91178,52.83957
IRL,-6.93384,52.83012
IRL,-6.92347,52.83198
IRL,-6.64927,52.696
IRL,-8.44988,51.87824
IRL,-8.4909,51.90407
IRL,-8.51409,51.89979
IRL,-8.47319,51.90812
IRL,-7.45144,55.15797
IRL,-6.12921,53.25844
IRL,-6.10314,53.2815
IRL,-6.18862,53.25631
IRL,-6.21586,53.25959
IRL,-6.23823,53.2908
IRL,-6.1308,53.23316
IRL,-6.21547,53.2596
IRL,-6.4421,53.28145
IRL,-6.35693,53.28836
IRL,-6.44187,53.34952
IRL,-6.38042,53.33697
IRL,-6.31469,53.36752
IRL,-6.30784,53.37341
IRL,-6.23986,53.33274
IRL,-6.31613,53.37733
IRL,-6.27055,53.40086
IRL,-6.2503,53.396
IRL,-6.20607,53.40313
IRL,-6.259,53.36352
IRL,-6.26895,53.38202
IRL,-6.21706,53.38981
IRL,-6.28094,53.34371
IRL,-6.28469,53.34052
IRL,-6.28992,53.34014
IRL,-6.27927,53.3345
IRL,-6.28945,53.33991
IRL,-6.26598,53.33992
IRL,-6.27684,53.33562
IRL,-6.27557,53.34174
IRL,-6.28133,53.34292
IRL,-6.29075,53.34162
IRL,-6.2463,53.33612
IRL,-6.27786,53.33965
IRL,-6.26073,53.39629
IRL,-6.1816,53.61087
IRL,-6.34146,53.39978
IRL,-6.3753,53.385
IRL,-6.14949,53.44108
IRL,-6.15857,53.52159
IRL,-6.16594,53.52552
IRL,-6.1555,53.451
IRL,-6.2465,53.4488
IRL,-6.21323,53.44349
IRL,-6.44506,53.39168
IRL,-6.17096,53.52898
IRL,-6.36311,53.37948
IRL,-6.38349,53.38337
IRL,-6.21331,53.46631
IRL,-8.60127,53.23159
IRL,-9.32675,53.42888
IRL,-9.24709,53.38603
IRL,-8.87058,53.50965
IRL,-9.32583,53.43788
IRL,-8.74551,53.30056
IRL,-8.911,53.41034
IRL,-9.06878,53.30135
IRL,-8.56357,53.1638
IRL,-9.06642,53.38671
IRL,-8.82019,53.06844
IRL,-8.9455,53.3369
IRL,-9.06787,53.28631
IRL,-6.5407,53.3374
IRL,-6.6168,53.13488
IRL,-7.02238,53.05046
IRL,-7.32634,52.84239
IRL,-7.13702,52.53034
IRL,-9.69894,52.27251
IRL,-10.26555,52.14707
IRL,-7.80949,53.69613
IRL,-6.44121,53.86732
IRL,-6.38899,53.99324
IRL,-8.65982,52.63941
IRL,-8.80525,52.51344
IRL,-8.34665,52.37121
IRL,-8.4752,52.45869
IRL,-8.64699,52.64468
IRL,-6.43689,53.41044
IRL,-6.41808,53.66584
IRL,-6.60005,53.62395
IRL,-6.99002,54.19089
IRL,-9.21553,53.5405
IRL,-9.18681,53.83574
IRL,-7.21081,53.16203
IRL,-7.0568,53.3478
IRL,-8.20111,53.62124
IRL,-8.20121,53.62121
IRL,-8.19062,53.62768
IRL,-8.96293,54.28717
IRL,-8.23221,52.83487
IRL,-7.81304,52.89703
IRL,-7.924,52.37709
IRL,-8.2298,52.44375
IRL,-7.88324,52.47621
IRL,-7.88654,52.50681
IRL,-7.15782,52.17001
IRL,-7.32585,53.48158
IRL,-7.95395,53.42367
IRL,-7.35631,53.52737
IRL,-6.06316,53.10577
IRL,-6.04937,52.97605
IRL,-6.06458,53.13599
IRL,-6.11293,53.09118
IRL,-6.53099,53.17235
IRL,-6.06366,53.12585
IRL,-6.51774,52.24735
IRL,-6.66523,52.67033
IRL,-6.29813,52.67425
IRL,-8.37698,51.81563
IRL,-8.30625,51.79048
IRL,-8.6632,51.76568
IRL,-8.71787,51.74904
IRL,-8.8714,51.6433
IRL,-8.3181,51.8581
IRL,-9.11325,51.72474
IRL,-9.38957,51.73501
IRL,-8.17861,51.92077
IRL,-8.33209,52.05345
IRL,-9.05255,51.62695
IRL,-8.86601,51.93663
IRL,-8.90293,52.17345
IRL,-8.29511,51.85464
IRL,-8.59271,52.12581
IRL,-8.6241,52.1308
IRL,-8.62548,52.13054
IRL,-8.26597,52.26573
IRL,-8.2162,51.9744
IRL,-9.13767,51.58255
IRL,-8.28023,51.85944
IRL,-8.7451,51.9254
IRL,-9.00795,52.78581
IRL,-8.53925,52.72529
IRL,-9.33196,52.90148
IRL,-8.98074,52.85605
IRL,-8.49974,52.75284
IRL,-9.3192,52.7222
IRL,-9.1742,52.73885
IRL,-8.7629,52.86628
IRL,-9.64458,52.67833
IRL,-9.47702,52.63828
IRL,-7.20603,53.86062
IRL,-7.08076,53.83783
IRL,-7.57491,53.9185
IRL,-6.72072,52.80429
IRL,-6.91041,52.83307
IRL,-8.42442,51.91292
IRL,-8.4686,51.89206
IRL,-7.78134,54.80799
IRL,-7.75981,54.80826
IRL,-7.75717,54.86728
IRL,-6.11898,53.24653
IRL,-6.25237,53.27493
IRL,-6.1246,53.24839
IRL,-6.25694,53.28819
IRL,-6.12149,53.21143
IRL,-6.31395,53.30826
IRL,-6.3666,53.308
IRL,-6.37616,53.29025
IRL,-6.34291,53.30716
IRL,-6.32827,53.30888
IRL,-6.29415,53.30765
IRL,-6.24816,53.35364
IRL,-6.31129,53.34399
IRL,-6.24974,53.30956
IRL,-6.32755,53.3244
IRL,-6.26252,53.3217
IRL,-6.25376,53.31653
IRL,-6.31933,53.32016
IRL,-6.28041,53.33913
IRL,-6.17509,53.37928
IRL,-6.17846,53.38226
IRL,-6.2567,53.39873
IRL,-6.30731,53.37018
IRL,-6.27457,53.40283
IRL,-6.26901,53.39655
IRL,-6.36112,53.34344
IRL,-6.2563,53.3746
IRL,-6.2019,53.4025
IRL,-6.42046,53.39331
IRL,-6.14845,53.39928
IRL,-6.07706,53.52046
IRL,-6.24326,53.45349
IRL,-6.15494,53.45602
IRL,-6.18728,53.47376
IRL,-6.20825,53.44192
IRL,-6.19205,53.61042
IRL,-6.24432,53.4448
IRL,-6.14991,53.48708
IRL,-6.42769,53.39181
IRL,-6.1481,53.3877
IRL,-6.40686,53.3928
IRL,-6.19071,53.60956
IRL,-8.93175,53.26743
IRL,-8.90432,53.12731
IRL,-8.9318,53.2673
IRL,-8.56912,53.42099
IRL,-8.63502,53.40688
IRL,-8.18951,53.32246
IRL,-8.72496,53.43902
IRL,-8.9858,53.2878
IRL,-8.98623,53.28123
IRL,-8.8611,53.51824
IRL,-8.57181,53.6795
IRL,-9.03105,53.28814
IRL,-8.43084,53.43532
IRL,-6.6798,53.21805
IRL,-7.01482,53.3976
IRL,-6.89435,52.99304
IRL,-6.69349,53.29082
IRL,-6.64757,53.22005
IRL,-6.61811,53.23582
IRL,-6.9896,52.9834
IRL,-6.9721,52.9833
IRL,-6.98162,52.99029
IRL,-6.75178,53.12778
IRL,-6.53589,53.34158
IRL,-6.81688,53.29249
IRL,-6.8094,52.98413
IRL,-7.23817,52.73448
IRL,-9.44366,52.07419
IRL,-6.40574,54.01074
IRL,-6.3995,53.98366
IRL,-6.40531,53.96455
IRL,-8.64214,52.627
IRL,-8.5462,52.6669
IRL,-8.66261,52.67902
IRL,-8.91744,52.41568
IRL,-8.91743,52.41567
IRL,-8.50768,52.50525
IRL,-8.61404,52.64988
IRL,-8.65401,52.53135
IRL,-9.04971,52.44231
IRL,-7.31439,53.11922
IRL,-7.2721,53.0395
IRL,-7.14847,53.13302
IRL,-7.1699,53.1502
IRL,-6.7288,53.4519
IRL,-6.4736,53.41514
IRL,-6.49061,53.5978
IRL,-6.55652,53.58539
IRL,-6.40186,53.51125
IRL,-6.40913,53.50932
IRL,-6.83141,53.41262
IRL,-6.7684,53.5508
IRL,-9.46239,53.76143
IRL,-9.15392,53.54921
IRL,-9.21446,53.62206
IRL,-9.33482,53.82167
IRL,-9.16474,54.13138
IRL,-9.163,54.1209
IRL,-7.4993,53.26842
IRL,-7.61341,53.34655
IRL,-7.9201,53.7423
IRL,-8.51905,54.33969
IRL,-7.84992,52.63721
IRL,-7.72336,52.78762
IRL,-7.81851,52.69232
IRL,-7.41834,52.34488
IRL,-7.09131,52.26725
IRL,-7.13355,52.2411
IRL,-7.86791,53.4003
IRL,-7.3393,53.5135
IRL,-6.06861,53.14903
IRL,-6.0624,53.14642
IRL,-6.05436,52.98007
IRL,-6.52576,53.13287
IRL,-6.06125,52.96917
IRL,-6.12778,53.01622
IRL,-6.0575,52.9794
IRL,-6.06204,53.06773
IRL,-6.1137,53.0905
IRL,-6.0413,52.9798
IRL,-6.46442,53.21539
IRL,-6.84326,52.20492
IRL,-6.68425,52.62067
IRL,-6.7135,52.3922
IRL,-6.94848,52.39722
IRL,-8.72556,52.04434
IRL,-8.90846,52.17771
IRL,-8.19892,52.27278
IRL,-8.09065,51.93351
IRL,-8.95506,51.60007
IRL,-9.265,51.55066
IRL,-8.4259,52.0442
IRL,-8.7878,51.9094
IRL,-8.1064,51.9938
IRL,-8.76772,52.3456
IRL,-8.472,51.9848
IRL,-9.3672,51.4844
IRL,-8.17312,51.90966
IRL,-8.8901,51.6221
IRL,-8.39724,51.81962
IRL,-8.38299,51.80964
IRL,-8.52893,51.70509
IRL,-8.59612,51.66419
IRL,-8.46015,51.8237
IRL,-9.36555,52.87932
IRL,-8.96165,52.87836
IRL,-8.86406,52.7111
IRL,-8.8903,52.6994
IRL,-8.88615,52.70362
IRL,-9.10661,52.67246
IRL,-8.76065,52.86395
IRL,-8.97951,52.82705
IRL,-8.75556,52.6992
IRL,-6.9469,53.81133
IRL,-7.57742,54.11389
IRL,-7.21502,53.99236
IRL,-7.5787,54.1213
IRL,-6.5636,52.8651
IRL,-8.47484,51.91174
IRL,-8.4577,51.91272
IRL,-8.48005,51.90594
IRL,-8.428,51.88721
IRL,-8.47377,51.89003
IRL,-7.04233,55.19026
IRL,-7.24868,55.252
IRL,-7.2689,55.06761
IRL,-8.12258,54.58393
IRL,-8.22624,55.26538
IRL,-7.51442,54.99604
IRL,-7.2593,55.25258
IRL,-7.4124,55.2543
IRL,-6.11522,53.26797
IRL,-6.12694,53.24705
IRL,-6.19623,53.26197
IRL,-6.12992,53.2904
IRL,-6.20413,53.30027
IRL,-6.1455,53.24878
IRL,-6.16231,53.26258
IRL,-6.21855,53.27502
IRL,-6.21611,53.27658
IRL,-6.16482,53.29659
IRL,-6.11938,53.21975
IRL,-6.2055,53.2882
IRL,-6.19065,53.25666
IRL,-6.17306,53.2588
IRL,-6.2093,53.29581
IRL,-6.23169,53.29832
IRL,-6.166,53.2932
IRL,-6.12518,53.26992
IRL,-6.37784,53.28718
IRL,-6.37646,53.28341
IRL,-6.34413,53.27128
IRL,-6.3542,53.27243
IRL,-6.31875,53.27778
IRL,-6.28942,53.27956
IRL,-6.5006,53.29828
IRL,-6.39826,53.27375
IRL,-6.4573,53.31228
IRL,-6.35684,53.29099
IRL,-6.44211,53.28146
IRL,-6.32826,53.30499
IRL,-6.43364,53.34134
IRL,-6.44366,53.35956
IRL,-6.43919,53.35039
IRL,-6.19608,53.38408
IRL,-6.2619,53.3207
IRL,-6.29412,53.30821
IRL,-6.26803,53.3544
IRL,-6.29326,53.32619
IRL,-6.25009,53.33613
IRL,-6.30047,53.39047
IRL,-6.23777,53.3877
IRL,-6.17051,53.40668
IRL,-6.34761,53.34494
IRL,-6.22784,53.31505
IRL,-6.2073,53.38494
IRL,-6.20496,53.40427
IRL,-6.25126,53.36984
IRL,-6.21691,53.38493
IRL,-6.19703,53.38536
IRL,-6.2783,53.3245
IRL,-6.2297,53.3901
IRL,-6.26464,53.38546
IRL,-6.27349,53.34144
IRL,-6.26307,53.37442
IRL,-6.23193,53.44562
IRL,-6.169,53.52936
IRL,-6.18707,53.45827
IRL,-6.18076,53.60907
IRL,-6.2021,53.4427
IRL,-6.19897,53.44659
IRL,-6.33137,53.37733
IRL,-6.12773,53.58134
IRL,-6.3761,53.4313
IRL,-6.16179,53.49063
IRL,-6.13886,53.42107
IRL,-6.14083,53.38898
IRL,-6.1559,53.4904
IRL,-6.2376,53.4464
IRL,-6.13548,53.49274
IRL,-6.17604,53.42086
IRL,-6.11579,53.52685
IRL,-6.18102,53.60009
IRL,-8.5707,53.2049
IRL,-8.86138,53.23046
IRL,-8.75676,53.3033
IRL,-8.55902,53.60658
IRL,-8.74609,53.30011
IRL,-8.93126,53.26425
IRL,-8.91989,53.27041
IRL,-8.56831,53.19735
IRL,-8.8736,53.4494
IRL,-9.1319,53.2706
IRL,-9.17942,53.33631
IRL,-9.08289,53.29
IRL,-8.82076,53.06662
IRL,-8.78504,53.39973
IRL,-8.71088,53.19874
IRL,-6.67146,53.39499
IRL,-6.59159,53.38099
IRL,-6.90223,53.15928
IRL,-6.847,53.392
IRL,-6.67091,53.39277
IRL,-6.58904,53.37453
IRL,-7.20076,52.46739
IRL,-7.43772,52.63423
IRL,-7.17394,52.36837
IRL,-7.3921,52.542
IRL,-7.392,52.5418
IRL,-7.31616,52.33312
IRL,-7.27202,52.63906
IRL,-9.3721,52.5009
IRL,-9.55474,52.2319
IRL,-10.02242,52.25043
IRL,-9.7122,52.2726
IRL,-9.4676,52.2265
IRL,-7.72528,53.62445
IRL,-7.69042,53.66698
IRL,-7.79268,53.79619
IRL,-6.389,54.04443
IRL,-6.35601,53.72142
IRL,-6.38862,53.89728
IRL,-6.47415,53.82242
IRL,-6.55827,54.03905
IRL,-6.4078,54.0003
IRL,-6.53679,53.85944
IRL,-8.59803,52.66644
IRL,-8.79784,52.46913
IRL,-8.76176,52.45974
IRL,-8.47056,52.59445
IRL,-8.38768,52.3871
IRL,-9.199,52.55784
IRL,-8.28819,52.33855
IRL,-8.58128,52.64748
IRL,-8.62694,52.67292
IRL,-8.63253,52.66139
IRL,-8.4984,52.5506
IRL,-9.08789,52.41789
IRL,-8.57717,52.64866
IRL,-9.16355,52.36268
IRL,-9.00968,52.43089
IRL,-6.94639,52.84446
IRL,-7.1854,53.1529
IRL,-6.57065,53.66107
IRL,-6.41154,53.51087
IRL,-6.6478,53.6427
IRL,-6.97879,53.4551
IRL,-6.66349,53.5614
IRL,-6.77236,53.56
IRL,-6.4073,53.51816
IRL,-6.8808,53.7344
IRL,-7.06481,54.17202
IRL,-6.7564,53.9775
IRL,-7.01895,54.35529
IRL,-8.94621,53.70338
IRL,-9.17715,53.48318
IRL,-9.2687,53.54187
IRL,-9.30263,53.85775
IRL,-9.09578,54.11627
IRL,-9.53018,53.79654
IRL,-9.02817,53.63138
IRL,-8.89153,53.66392
IRL,-9.28464,53.85073
IRL,-7.08497,53.25872
IRL,-7.50849,53.33066
IRL,-8.2811,53.97555
IRL,-8.00954,53.42838
IRL,-8.20011,53.62863
IRL,-8.09129,53.57457
IRL,-8.36424,54.20125
IRL,-8.50102,54.26789
IRL,-8.6195,54.16732
IRL,-7.79499,52.84914
IRL,-7.89364,52.56676
IRL,-8.30446,52.82852
IRL,-7.83135,52.46753
IRL,-7.79983,52.94995
IRL,-7.79815,52.94893
IRL,-7.39472,52.34867
IRL,-8.09533,52.86834
IRL,-7.70446,52.35386
IRL,-8.22235,52.51105
IRL,-8.43817,52.81584
IRL,-7.2301,52.16151
IRL,-7.16862,52.1543
IRL,-7.33519,52.25532
IRL,-7.42908,52.20469
IRL,-7.14787,52.26079
IRL,-7.61063,52.08927
IRL,-7.72395,53.39821
IRL,-7.86338,53.47261
IRL,-7.37587,53.38921
IRL,-7.93025,53.43803
IRL,-7.3827,53.3956
IRL,-7.29788,53.41642
IRL,-6.60412,52.79077
IRL,-6.70262,52.93821
IRL,-6.10411,53.18258
IRL,-6.07749,53.12323
IRL,-6.127,53.18078
IRL,-6.07529,53.07278
IRL,-6.06429,53.14446
IRL,-6.17684,52.94441
IRL,-6.09683,53.10072
IRL,-6.12284,53.1887
IRL,-6.13418,53.2038
IRL,-6.3034,53.00972
IRL,-6.1113,53.09103
IRL,-6.27867,52.67759
IRL,-6.59425,52.2328
IRL,-6.30517,52.67874
IRL,-6.38903,52.22064
IRL,-6.92948,52.40188
IRL,-6.42366,52.48056
IRL,-6.52908,52.42359
IRL,-6.62955,52.49944
IRL,-6.71309,52.47081
IRL,-8.27437,52.14221
IRL,-8.27523,52.13546
IRL,-8.5778,51.82258
IRL,-8.89355,51.62243
IRL,-9.25893,51.55368
IRL,-8.28573,52.13067
IRL,-8.07326,51.86435
IRL,-9.2614,51.54145
IRL,-8.83636,52.71652
IRL,-9.03343,52.89079
IRL,-8.87639,52.70565
IRL,-8.75413,52.86695
IRL,-9.02998,52.78369
IRL,-8.77874,52.74058
IRL,-9.28948,52.90758
IRL,-9.18072,52.83061
IRL,-9.29485,52.93828
IRL,-6.91663,52.83021
IRL,-8.43391,51.91411
IRL,-8.501,51.90037
IRL,-8.44466,51.91087
IRL,-8.4911,51.9068
IRL,-7.26274,55.25202
IRL,-7.9722,55.18236
IRL,-8.35928,54.63243
IRL,-7.43236,55.14526
IRL,-8.19309,54.49898
IRL,-8.2942,54.6521
IRL,-7.2224,55.12032
IRL,-7.04777,55.18832
IRL,-7.45237,55.14236
IRL,-8.44092,54.63896
IRL,-7.44122,55.15054
IRL,-7.32622,55.35544
IRL,-6.19901,53.28459
IRL,-6.19523,53.28574
IRL,-6.19672,53.26035
IRL,-6.22949,53.26022
IRL,-6.47763,53.27779
IRL,-6.468,53.2825
IRL,-6.47302,53.27788
IRL,-6.39029,53.32126
IRL,-6.35994,53.28318
IRL,-6.3957,53.2929
IRL,-6.46708,53.35102
IRL,-6.43947,53.36043
IRL,-6.41295,53.32592
IRL,-6.3085,53.2942
IRL,-6.4218,53.3397
IRL,-6.43988,53.35898
IRL,-6.36936,53.3071
IRL,-6.38979,53.29187
IRL,-6.28614,53.39027
IRL,-6.24288,53.3607
IRL,-6.276,53.3387
IRL,-6.2683,53.34023
IRL,-6.2076,53.3754
IRL,-6.22819,53.37639
IRL,-6.2259,53.3441
IRL,-6.31842,53.38424
IRL,-6.25783,53.35805
IRL,-6.2785,53.3142
IRL,-6.33501,53.33203
IRL,-6.24424,53.33656
IRL,-6.21801,53.37444
IRL,-6.2173,53.38567
IRL,-6.21242,53.32584
IRL,-6.35904,53.34411
IRL,-6.28918,53.36488
IRL,-6.32,53.32963
IRL,-6.25695,53.35684
IRL,-6.29422,53.30765
IRL,-6.35517,53.41192
IRL,-6.39191,53.37341
IRL,-6.2416,53.4616
IRL,-6.42849,53.41009
IRL,-6.42306,53.39054
IRL,-6.20662,53.61201
IRL,-6.19579,53.60706
IRL,-6.21015,53.44481
IRL,-6.1718,53.4079
IRL,-6.3725,53.4079
IRL,-6.23692,53.45961
IRL,-6.13426,53.58108
IRL,-6.3676,53.3932
IRL,-6.37347,53.38468
IRL,-6.37247,53.38433
IRL,-6.40801,53.40233
IRL,-6.13474,53.43732
IRL,-6.36325,53.38397
IRL,-8.9279,53.2673
IRL,-8.68402,53.34229
IRL,-8.84405,53.29184
IRL,-9.0663,53.38676
IRL,-8.3153,53.23024
IRL,-9.05476,53.27258
IRL,-9.05427,53.27637
IRL,-8.24072,53.32757
IRL,-9.11022,53.47032
IRL,-6.61194,53.37772
IRL,-6.794,53.1502
IRL,-6.75802,53.28453
IRL,-6.80507,53.17624
IRL,-6.80844,53.19204
IRL,-6.8058,53.1838
IRL,-6.72049,53.23391
IRL,-6.65789,53.22158
IRL,-6.68967,53.33333
IRL,-6.75329,53.28856
IRL,-6.51306,53.34924
IRL,-6.9731,52.9942
IRL,-7.0542,53.1505
IRL,-6.91347,53.15463
IRL,-7.21189,52.79535
IRL,-7.1834,52.59383
IRL,-7.03131,52.35365
IRL,-7.0242,52.6793
IRL,-7.22969,52.66738
IRL,-9.53512,52.24366
IRL,-10.04626,52.15319
IRL,-9.4676,52.4584
IRL,-9.47837,52.44873
IRL,-6.38964,54.00673
IRL,-6.59751,53.96479
IRL,-6.37618,53.9685
IRL,-6.32895,53.73295
IRL,-8.53696,52.66307
IRL,-9.28497,52.46068
IRL,-9.01604,52.52663
IRL,-9.30074,52.41658
IRL,-8.50008,52.71325
IRL,-8.61326,52.67051
IRL,-8.64065,52.45147
IRL,-7.042,52.9469
IRL,-7.30826,52.87517
IRL,-6.68081,53.65947
IRL,-6.92817,53.62463
IRL,-6.4709,53.7589
IRL,-6.2788,53.7105
IRL,-6.38966,53.5041
IRL,-6.41316,53.51086
IRL,-6.78804,54.12714
IRL,-6.89504,54.21688
IRL,-9.3013,53.8589
IRL,-8.95094,53.9431
IRL,-9.99181,54.2242
IRL,-7.39352,53.31101
IRL,-7.92535,52.98376
IRL,-7.07172,53.33903
IRL,-7.50168,53.28701
IRL,-8.56275,54.1334
IRL,-8.46388,54.25493
IRL,-8.74382,54.1233
IRL,-7.71509,52.73536
IRL,-7.80783,52.68174
IRL,-8.04712,52.56047
IRL,-7.41015,52.34617
IRL,-7.7385,52.3551
IRL,-8.21848,52.86884
IRL,-7.79768,52.95033
IRL,-7.69459,52.35695
IRL,-7.92476,52.13808
IRL,-7.11294,52.24692
IRL,-7.46696,52.13947
IRL,-7.54325,52.10698
IRL,-8.0514,52.148
IRL,-7.49206,53.45035
IRL,-6.9724,53.6524
IRL,-7.93224,53.42735
IRL,-7.2734,53.57041
IRL,-7.93833,53.43004
IRL,-6.11195,53.20135
IRL,-6.17426,52.78995
IRL,-6.15084,52.80683
IRL,-6.06749,53.14717
IRL,-6.09705,53.14185
IRL,-6.0555,52.97818
IRL,-6.48671,52.34038
IRL,-6.57962,52.50646
IRL,-6.47873,52.33239
IRL,-6.61808,52.23561
IRL,-8.62816,52.13914
IRL,-9.20812,52.12265
IRL,-8.66784,52.12768
IRL,-8.94283,52.22881
IRL,-8.7476,51.6087
IRL,-9.0634,52.0609
IRL,-8.3522,51.903
IRL,-8.61552,51.86962
IRL,-8.50281,51.70333
IRL,-8.59382,51.72759
IRL,-8.88412,52.27761
IRL,-8.33476,51.91163
IRL,-8.35383,51.83141
IRL,-8.3397,51.9585
IRL,-8.83334,52.21083
IRL,-8.26118,51.91323
IRL,-8.16648,51.92327
IRL,-9.20534,51.63346
IRL,-8.64148,52.13825
IRL,-8.25723,51.90936
IRL,-8.2846,52.0757
IRL,-9.44514,51.67465
IRL,-8.86094,52.81738
IRL,-9.25286,52.62189
IRL,-8.98005,52.81827
IRL,-8.60646,52.68511
IRL,-7.14516,53.88943
IRL,-7.20767,53.8607
IRL,-7.21,53.864
IRL,-6.92793,52.85478
IRL,-6.95977,52.70044
IRL,-8.4751,51.89
IRL,-8.45232,51.8765
IRL,-8.49743,51.87437
IRL,-8.48316,51.90145
IRL,-8.505,51.9036
IRL,-7.63776,54.95081
IRL,-7.26563,55.24562
IRL,-8.2901,54.79565
IRL,-8.06768,54.61431
IRL,-7.8649,54.9358
IRL,-7.60673,55.07746
IRL,-7.7277,54.9757
IRL,-7.76033,54.94861
IRL,-8.22841,54.51979
IRL,-6.1824,53.2809
IRL,-6.2158,53.3096
IRL,-6.25237,53.29334
IRL,-6.20474,53.28839
IRL,-6.1995,53.2973
IRL,-6.141,53.2735
IRL,-6.175,53.3007
IRL,-6.19641,53.26184
IRL,-6.12969,53.24674
IRL,-6.30015,53.28635
IRL,-6.41283,53.32492
IRL,-6.42811,53.34228
IRL,-6.36516,53.27631
IRL,-6.38766,53.28729
IRL,-6.29926,53.26881
IRL,-6.44219,53.27941
IRL,-6.35951,53.31207
IRL,-6.37966,53.27577
IRL,-6.4035,53.3142
IRL,-6.41968,53.34025
IRL,-6.30611,53.39926
IRL,-6.29095,53.36173
IRL,-6.16958,53.38897
IRL,-6.25911,53.37187
IRL,-6.25524,53.35307
IRL,-6.17634,53.38186
IRL,-6.31251,53.37711
IRL,-6.25781,53.35507
IRL,-6.2579,53.3268
IRL,-6.213,53.3843
IRL,-6.24567,53.38499
IRL,-6.27146,53.31871
IRL,-6.29918,53.38254
IRL,-6.28418,53.30736
IRL,-6.3191,53.33669
IRL,-6.28286,53.35251
IRL,-6.33334,53.32317
IRL,-6.29074,53.34044
IRL,-6.2997,53.3283
IRL,-6.20815,53.38105
IRL,-6.19672,53.38218
IRL,-6.28653,53.33929
IRL,-6.31738,53.3841
IRL,-6.25244,53.35493
IRL,-6.24988,53.3556
IRL,-6.24266,53.35036
IRL,-6.24534,53.35049
IRL,-6.24465,53.35074
IRL,-6.22112,53.3374
IRL,-6.2326,53.44378
IRL,-6.39696,53.39824
IRL,-6.18334,53.61061
IRL,-6.40593,53.39011
IRL,-6.22186,53.46793
IRL,-6.38128,53.42297
IRL,-6.3845,53.4201
IRL,-6.2315,53.4664
IRL,-6.3563,53.37942
IRL,-6.17429,53.40748
IRL,-6.3872,53.36894
IRL,-6.15937,53.45029
IRL,-8.5855,53.2054
IRL,-8.89103,53.36955
IRL,-8.22168,53.09434
IRL,-8.87815,53.22523
IRL,-8.84935,53.51607
IRL,-8.94234,53.3767
IRL,-9.155,53.2509
IRL,-8.84468,53.51206
IRL,-8.82236,53.07311
IRL,-9.21111,53.24886
IRL,-8.5656,53.1978
IRL,-8.83517,53.36723
IRL,-9.0999,53.26856
IRL,-9.0919,53.2786
IRL,-8.9456,53.34132
IRL,-9.12567,53.26476
IRL,-9.09616,53.27324
IRL,-9.61853,53.3882
IRL,-8.82536,53.63283
IRL,-8.68254,53.63764
IRL,-6.9217,53.40014
IRL,-6.68338,53.28684
IRL,-6.76886,53.2873
IRL,-6.551,53.3487
IRL,-6.81122,53.15874
IRL,-6.78904,53.18428
IRL,-6.76457,53.30596
IRL,-6.56791,53.29734
IRL,-6.6745,53.28983
IRL,-7.27167,52.5388
IRL,-7.2099,52.8041
IRL,-7.12285,52.28622
IRL,-7.0898,52.2643
IRL,-10.04614,52.15319
IRL,-9.89899,52.10216
IRL,-9.61511,52.2733
IRL,-9.50067,52.05766
IRL,-9.71013,52.28238
IRL,-9.71221,52.27128
IRL,-7.64845,53.77558
IRL,-7.48863,53.77289
IRL,-7.61912,53.66912
IRL,-7.8187,53.755
IRL,-7.80647,53.73598
IRL,-6.34353,53.72989
IRL,-6.34985,53.7181
IRL,-6.38173,53.98815
IRL,-6.30784,53.76411
IRL,-6.4873,53.97317
IRL,-6.31993,53.80964
IRL,-6.37154,53.96425
IRL,-6.36267,53.7254
IRL,-8.60783,52.34788
IRL,-8.35682,52.54788
IRL,-8.6455,52.6258
IRL,-8.6401,52.6299
IRL,-9.11339,52.44313
IRL,-8.45448,52.56866
IRL,-8.63451,52.65829
IRL,-8.93977,52.52498
IRL,-8.60887,52.64695
IRL,-8.0873,53.96109
IRL,-7.87143,53.9221
IRL,-8.069,53.95281
IRL,-7.27685,53.02949
IRL,-7.6914,52.84175
IRL,-7.60215,53.022
IRL,-7.32794,53.03097
IRL,-6.94422,52.82767
IRL,-7.18352,53.1683
IRL,-7.3157,53.0478
IRL,-7.3237,53.036
IRL,-7.3229,53.0495
IRL,-7.26858,53.04381
IRL,-7.30694,53.03175
IRL,-6.41115,53.51324
IRL,-6.61798,53.79531
IRL,-6.31357,53.70379
IRL,-6.92817,53.45404
IRL,-6.6835,53.6609
IRL,-6.5746,53.65956
IRL,-6.73393,53.70692
IRL,-6.5089,53.6397
IRL,-6.86038,54.22891
IRL,-7.22795,54.18355
IRL,-6.7534,54.1279
IRL,-9.29504,53.85503
IRL,-9.28063,53.54319
IRL,-9.131,53.8049
IRL,-9.17137,53.51148
IRL,-9.12018,53.76396
IRL,-9.51646,53.80223
IRL,-9.64049,53.77994
IRL,-9.52205,53.80269
IRL,-9.13045,54.13173
IRL,-8.92796,53.88329
IRL,-8.9973,53.85064
IRL,-7.2096,53.1598
IRL,-7.62345,53.28248
IRL,-7.7213,53.17551
IRL,-7.0336,53.2186
IRL,-8.19286,53.62008
IRL,-8.5711,53.9049
IRL,-8.36533,53.68414
IRL,-8.0256,53.3702
IRL,-8.30337,53.95977
IRL,-8.46998,54.26953
IRL,-8.47458,54.25603
IRL,-8.5038,54.276
IRL,-8.72855,54.05537
IRL,-8.46663,54.28053
IRL,-7.97714,52.49948
IRL,-8.07573,52.77413
IRL,-8.23889,52.93073
IRL,-7.71321,52.35203
IRL,-8.40235,52.71271
IRL,-8.15182,52.47767
IRL,-8.2025,52.8694
IRL,-8.20064,52.86603
IRL,-8.19456,52.85998
IRL,-7.75535,52.41025
IRL,-7.69861,52.46896
IRL,-7.77957,52.6318
IRL,-7.959,52.6025
IRL,-7.0009,52.14425
IRL,-7.14586,52.16903
IRL,-7.60203,52.09686
IRL,-7.07755,52.23495
IRL,-7.93221,53.43726
IRL,-7.32438,53.51894
IRL,-6.06373,53.15046
IRL,-6.67608,52.99791
IRL,-6.07789,52.98639
IRL,-6.44936,52.79702
IRL,-6.125,53.18157
IRL,-6.14958,52.79942
IRL,-6.20664,52.85208
IRL,-6.06363,53.12704
IRL,-6.4549,52.4465
IRL,-6.2367,52.634
IRL,-6.60366,52.54784
IRL,-6.54878,52.49848
IRL,-6.47476,52.44103
IRL,-6.79982,52.33999
IRL,-8.23553,51.82346
IRL,-8.56707,51.70208
IRL,-8.33465,51.8004
IRL,-8.42485,51.97213
IRL,-8.20062,51.91092
IRL,-8.42528,52.24591
IRL,-8.59283,51.84402
IRL,-8.76336,52.1087
IRL,-8.011,51.8763
IRL,-9.03851,51.83458
IRL,-9.04084,51.9786
IRL,-9.22958,51.85144
IRL,-8.16686,51.9196
IRL,-8.27562,51.90975
IRL,-8.28086,52.07449
IRL,-8.59456,52.01397
IRL,-8.84182,52.71276
IRL,-8.91234,52.81985
IRL,-9.0265,52.7655
IRL,-8.97765,52.84841
IRL,-9.22421,52.69328
IRL,-7.01082,53.93378
IRL,-7.5297,54.01351
IRL,-6.9946,53.84212
IRL,-6.9821,52.78244
IRL,-8.44881,51.87683
IRL,-8.42875,51.88943
IRL,-8.49628,51.87424
IRL,-8.61629,51.9178
IRL,-8.4646,51.8968
IRL,-8.52753,51.87904
IRL,-7.93049,54.83747
IRL,-7.71203,54.9611
IRL,-7.72381,54.97801
IRL,-7.54132,55.09548
IRL,-7.58705,54.80259
IRL,-8.59042,54.63621
IRL,-7.0382,55.1891
IRL,-7.78918,54.7986
IRL,-8.42747,54.65666
IRL,-7.68214,54.785
IRL,-7.66361,55.13672
IRL,-7.45745,55.17991
IRL,-7.78066,55.03169
IRL,-6.24912,53.30415
IRL,-6.26845,53.2988
IRL,-6.2567,53.27538
IRL,-6.1663,53.261
IRL,-6.1648,53.29666
IRL,-6.18816,53.25632
IRL,-6.21663,53.2602
IRL,-6.1226,53.23379
IRL,-6.43686,53.34925
IRL,-6.4363,53.3416
IRL,-6.317,53.2833
IRL,-6.5022,53.29972
IRL,-6.34851,53.27632
IRL,-6.39504,53.32379
IRL,-6.3733,53.2885
IRL,-6.42635,53.3279
IRL,-6.2979,53.2927
IRL,-6.4205,53.3584
IRL,-6.44933,53.35688
IRL,-6.35883,53.29066
IRL,-6.44852,53.35609
IRL,-6.4491,53.3558
IRL,-6.39226,53.31714
IRL,-6.28599,53.29083
IRL,-6.33793,53.27662
IRL,-6.4044,53.3088
IRL,-6.46599,53.34791
IRL,-6.3653,53.2765
IRL,-6.2627,53.3262
IRL,-6.24891,53.38978
IRL,-6.18187,53.39934
IRL,-6.1577,53.3965
IRL,-6.34664,53.34728
IRL,-6.30016,53.35824
IRL,-6.16667,53.3884
IRL,-6.25398,53.32902
IRL,-6.27176,53.36656
IRL,-6.26288,53.35608
IRL,-6.27,53.3753
IRL,-6.28277,53.38741
IRL,-6.20533,53.37879
IRL,-6.2441,53.3357
IRL,-6.24014,53.33512
IRL,-6.24984,53.39506
IRL,-6.27766,53.32367
IRL,-6.31691,53.33912
IRL,-6.1049,53.522
IRL,-6.41054,53.31997
IRL,-6.41768,53.39236
IRL,-6.38734,53.36905
IRL,-6.38418,53.42004
IRL,-6.4002,53.3758
IRL,-6.24555,53.46072
IRL,-6.3794,53.3778
IRL,-6.11266,53.57992
IRL,-6.38612,53.3686
IRL,-6.4029,53.3987
IRL,-6.3754,53.385
IRL,-6.26779,53.52192
IRL,-6.2579,53.40551
IRL,-6.15656,53.5291
IRL,-6.3615,53.37533
IRL,-6.14168,53.44214
IRL,-6.39904,53.38213
IRL,-6.11119,53.57774
IRL,-8.9395,53.3389
IRL,-8.60782,53.32336
IRL,-8.9306,53.26757
IRL,-9.10845,53.27474
IRL,-9.10412,53.26671
IRL,-8.93821,53.33666
IRL,-8.94221,53.13932
IRL,-9.0834,53.2646
IRL,-9.10243,53.4405
IRL,-8.87789,53.33907
IRL,-8.27428,53.2357
IRL,-8.77818,53.47366
IRL,-9.0222,53.497
IRL,-8.81584,53.40979
IRL,-8.7802,53.47411
IRL,-8.70696,53.37501
IRL,-9.73228,53.24234
IRL,-8.56282,53.20034
IRL,-9.0439,53.2917
IRL,-8.58612,53.28309
IRL,-8.78579,53.19384
IRL,-9.07586,53.26825
IRL,-9.10832,53.26288
IRL,-8.75036,53.23651
IRL,-8.74292,53.30226
IRL,-6.6576,53.23304
IRL,-6.50079,53.33985
IRL,-6.66757,53.3951
IRL,-6.80243,53.0182
IRL,-6.98143,52.99362
IRL,-6.55804,53.33329
IRL,-6.5982,53.2454
IRL,-7.39271,52.54416
IRL,-7.23316,52.66042
IRL,-7.3311,52.79126
IRL,-7.25425,52.6512
IRL,-7.2336,52.6705
IRL,-7.0185,52.5971
IRL,-7.3083,52.6
IRL,-7.36869,52.62718
IRL,-7.31605,52.33305
IRL,-9.69305,52.28371
IRL,-9.6944,52.29821
IRL,-10.28948,52.16913
IRL,-9.6152,52.27337
IRL,-7.51967,53.83971
IRL,-6.1833,54.03718
IRL,-8.6298,52.65978
IRL,-8.52528,52.61118
IRL,-8.61382,52.64487
IRL,-8.61256,52.65029
IRL,-8.57797,52.40332
IRL,-8.43694,52.61382
IRL,-8.592,52.6646
IRL,-8.65894,52.67455
IRL,-8.09155,53.94657
IRL,-7.8687,53.92033
IRL,-7.31759,53.03736
IRL,-7.32981,53.03097
IRL,-7.28853,53.03488
IRL,-7.28883,53.04251
IRL,-7.2842,53.0441
IRL,-7.2755,53.0533
IRL,-7.31435,53.03752
IRL,-6.99301,52.95341
IRL,-6.44428,53.40962
IRL,-6.53646,53.51423
IRL,-6.42212,53.64967
IRL,-6.538,53.51085
IRL,-6.46737,53.49934
IRL,-6.83415,53.4189
IRL,-6.69107,53.65418
IRL,-6.6055,53.4903
IRL,-6.67827,53.66262
IRL,-6.68347,53.64392
IRL,-6.69517,53.6692
IRL,-6.9716,53.5329
IRL,-6.66594,53.62167
IRL,-6.79259,53.55125
IRL,-6.90686,53.5707
IRL,-6.73598,54.11795
IRL,-7.02411,54.39927
IRL,-6.7253,53.9786
IRL,-9.35495,53.66257
IRL,-9.54964,53.79766
IRL,-9.29874,53.85987
IRL,-9.98398,53.97155
IRL,-9.25706,53.92059
IRL,-9.52194,53.80264
IRL,-7.72049,53.09808
IRL,-7.0679,53.3418
IRL,-7.8533,53.34283
IRL,-7.07425,53.3392
IRL,-7.9999,53.4236
IRL,-7.92745,53.83268
IRL,-7.9822,53.42366
IRL,-8.47818,54.32049
IRL,-8.52762,54.39129
IRL,-8.46212,54.29798
IRL,-8.88448,54.24129
IRL,-8.49114,54.17713
IRL,-7.718,52.3484
IRL,-7.78297,52.37355
IRL,-7.71196,52.3525
IRL,-7.88069,52.30935
IRL,-7.81861,52.54526
IRL,-7.80999,52.27246
IRL,-8.2584,52.8551
IRL,-8.29826,52.87868
IRL,-7.84362,52.7077
IRL,-7.90674,52.68828
IRL,-7.8117,52.67626
IRL,-8.24576,52.89157
IRL,-8.2085,52.853
IRL,-8.06352,52.48749
IRL,-7.41057,52.34663
IRL,-8.00885,52.77155
IRL,-7.83268,52.79534
IRL,-7.7844,52.9388
IRL,-8.00362,52.61633
IRL,-7.1,52.2535
IRL,-6.99766,52.15363
IRL,-7.53692,53.58222
IRL,-7.94775,53.43253
IRL,-7.79316,53.53455
IRL,-7.8422,53.43388
IRL,-7.90608,53.43128
IRL,-6.13791,53.21767
IRL,-6.07647,52.98818
IRL,-6.10904,53.20934
IRL,-6.0453,52.97931
IRL,-6.21048,52.86004
IRL,-6.485,52.86772
IRL,-6.1048,53.191
IRL,-6.17442,52.79231
IRL,-6.10955,53.20893
IRL,-6.12546,53.20591
IRL,-6.42716,52.59547
IRL,-6.45224,52.37697
IRL,-6.286,52.6807
IRL,-6.492,52.3305
IRL,-6.51419,52.33756
IRL,-6.54687,52.20802
IRL,-6.48794,52.28667
IRL,-6.61639,52.23286
IRL,-6.30258,52.66956
IRL,-6.3034,52.611
IRL,-6.38743,52.24677
IRL,-6.9354,52.3899
IRL,-9.54572,51.5289
IRL,-8.79988,52.26122
IRL,-8.6394,52.1274
IRL,-8.6096,52.01221
IRL,-8.15879,51.90947
IRL,-7.8502,51.956
IRL,-8.53301,51.98124
IRL,-8.22877,52.07834
IRL,-8.65655,51.9547
IRL,-7.99025,51.94452
IRL,-8.86995,51.78264
IRL,-8.74316,51.74397
IRL,-8.8101,51.7313
IRL,-8.82829,51.61558
IRL,-8.451,51.80642
IRL,-8.01651,51.83052
IRL,-8.84121,52.71335
IRL,-8.89033,52.69937
IRL,-8.99283,52.84778
IRL,-8.94129,52.89584
IRL,-9.07872,53.14579
IRL,-7.44332,54.09945
IRL,-7.19804,53.85238
IRL,-7.58143,54.11475
IRL,-6.74678,52.80397
IRL,-8.49468,51.87878
IRL,-8.48123,51.87748
IRL,-8.4702,51.9023
IRL,-8.4458,51.8898
IRL,-8.52297,51.8914
IRL,-8.46867,51.89218
IRL,-8.48029,51.89126
IRL,-8.47587,51.90555
IRL,-8.56256,51.93334
IRL,-8.5004,51.90086
IRL,-8.4459,51.88319
IRL,-6.99412,55.204
IRL,-8.12492,54.57858
IRL,-8.25648,55.03838
IRL,-7.72818,54.937
IRL,-8.11141,54.63778
IRL,-7.7544,54.957
IRL,-7.19521,55.12343
IRL,-7.45468,55.11685
IRL,-6.14723,53.2873
IRL,-6.19912,53.25674
IRL,-6.1253,53.25346
IRL,-6.24245,53.28663
IRL,-6.23374,53.28829
IRL,-6.25982,53.29215
IRL,-6.1625,53.2795
IRL,-6.14925,53.26277
IRL,-6.22007,53.28914
IRL,-6.341,53.2763
IRL,-6.2266,53.282
IRL,-6.41343,53.28861
IRL,-6.38572,53.29839
IRL,-6.28547,53.29906
IRL,-6.35767,53.28607
IRL,-6.44908,53.35787
IRL,-6.39143,53.35269
IRL,-6.37613,53.2769
IRL,-6.33466,53.31604
IRL,-6.21627,53.37371
IRL,-6.2909,53.3366
IRL,-6.28011,53.38769
IRL,-6.16355,53.40586
IRL,-6.32776,53.36844
IRL,-6.23265,53.3167
IRL,-6.23244,53.37074
IRL,-6.27967,53.33117
IRL,-6.33286,53.31042
IRL,-6.3009,53.3148
IRL,-6.3179,53.32472
IRL,-6.27382,53.32375
IRL,-6.28596,53.3174
IRL,-6.21357,53.33291
IRL,-6.19396,53.37467
IRL,-6.2301,53.37405
IRL,-6.27747,53.32399
IRL,-6.24961,53.33597
IRL,-6.1838,53.391
IRL,-6.17705,53.44841
IRL,-6.20291,53.44165
IRL,-6.21477,53.45851
IRL,-6.16914,53.52727
IRL,-6.18388,53.59922
IRL,-6.14044,53.38823
IRL,-6.42774,53.40506
IRL,-6.1521,53.44904
IRL,-6.15501,53.48549
IRL,-6.14625,53.48895
IRL,-8.9391,53.4927
IRL,-8.9829,53.44957
IRL,-8.97674,53.57345
IRL,-8.75762,53.30515
IRL,-9.12006,53.26911
IRL,-9.0984,53.27364
IRL,-8.57,53.4887
IRL,-8.88117,53.36797
IRL,-8.89268,53.32981
IRL,-8.90075,53.31668
IRL,-8.22999,53.32861
IRL,-8.32845,53.52081
IRL,-9.0445,53.2888
IRL,-8.74711,53.30132
IRL,-8.7525,53.308
IRL,-8.87886,53.22613
IRL,-8.84028,53.17772
IRL,-8.85882,53.52284
IRL,-8.91884,53.27196
IRL,-9.09067,53.2764
IRL,-6.91047,53.15463
IRL,-6.57568,53.3827
IRL,-6.53003,53.33632
IRL,-6.64752,53.23048
IRL,-6.65402,53.21254
IRL,-6.67584,53.40466
IRL,-6.81275,53.18474
IRL,-6.5557,53.3437
IRL,-6.58211,53.36967
IRL,-6.8149,53.08738
IRL,-6.80844,53.15887
IRL,-7.22741,52.65891
IRL,-7.23048,52.64947
IRL,-7.07118,52.28657
IRL,-7.25877,52.64098
IRL,-9.55448,52.23402
IRL,-9.27655,52.31279
IRL,-9.51265,52.06291
IRL,-10.2261,51.947
IRL,-9.59948,51.88263
IRL,-9.6013,52.1689
IRL,-9.4896,52.0636
IRL,-9.67429,52.51745
IRL,-9.7213,52.27321
IRL,-9.72689,52.28285
IRL,-9.71628,52.27515
IRL,-7.7777,53.5707
IRL,-7.8197,53.6956
IRL,-6.3758,53.7113
IRL,-6.42696,54.02122
IRL,-6.54076,53.85022
IRL,-6.32593,53.70501
IRL,-8.634,52.6734
IRL,-8.9352,52.5223
IRL,-9.26322,52.33992
IRL,-8.58228,52.40246
IRL,-9.18007,52.39469
IRL,-8.89028,52.61464
IRL,-9.10518,52.60874
IRL,-8.3922,52.6177
IRL,-7.80868,54.05236
IRL,-8.03002,53.97303
IRL,-7.28405,53.02888
IRL,-7.13523,53.10974
IRL,-7.32869,53.11533
IRL,-6.2665,53.631
IRL,-6.27482,53.62876
IRL,-6.4676,53.4833
IRL,-6.40455,53.50795
IRL,-6.70133,53.6398
IRL,-6.66726,53.52305
IRL,-6.41564,53.65658
IRL,-6.6667,53.6445
IRL,-7.24863,54.12417
IRL,-6.7124,53.9724
IRL,-6.755,54.03028
IRL,-6.96295,54.31733
IRL,-9.1652,54.1018
IRL,-8.77725,53.76198
IRL,-8.19048,53.84656
IRL,-8.00558,53.4267
IRL,-8.0749,53.5615
IRL,-8.12142,53.5885
IRL,-8.51768,54.08504
IRL,-8.5275,54.3936
IRL,-8.51998,54.21242
IRL,-8.60395,54.27063
IRL,-8.49426,53.9438
IRL,-8.51498,54.08785
IRL,-7.67621,52.56818
IRL,-7.69403,52.36503
IRL,-8.03163,52.84671
IRL,-7.8144,52.6668
IRL,-7.7609,52.4099
IRL,-7.7041,52.4176
IRL,-8.22635,52.98805
IRL,-7.60173,52.67634
IRL,-8.13994,52.78816
IRL,-7.13199,52.24943
IRL,-7.14449,52.17476
IRL,-7.1077,52.23937
IRL,-7.46731,52.1358
IRL,-7.3152,52.29045
IRL,-7.44472,52.28078
IRL,-7.80342,53.36899
IRL,-7.28643,53.67266
IRL,-6.24804,52.93471
IRL,-6.1064,53.01556
IRL,-6.10637,53.20301
IRL,-6.1476,52.7991
IRL,-6.04715,52.98001
IRL,-6.08427,53.15138
IRL,-6.06824,53.12895
IRL,-6.07571,52.98858
IRL,-6.04503,52.97948
IRL,-6.5795,52.4981
IRL,-6.93064,52.4017
IRL,-6.3088,52.6092
IRL,-6.65145,52.65465
IRL,-6.488,52.3367
IRL,-6.5798,52.5086
IRL,-6.3675,52.5487
IRL,-6.48649,52.34036
IRL,-9.10326,51.72524
IRL,-8.53853,51.70782
IRL,-8.8804,51.62636
IRL,-8.89162,51.62081
IRL,-8.71977,51.91336
IRL,-8.16574,51.89829
IRL,-8.08719,51.82831
IRL,-7.84288,51.9475
IRL,-8.31564,51.84733
IRL,-8.2652,52.04723
IRL,-8.36665,51.80788
IRL,-9.2703,51.54894
IRL,-9.91239,51.64634
IRL,-8.38429,51.90686
IRL,-8.36265,51.90085
IRL,-8.57167,51.79257
IRL,-8.95757,51.90307
IRL,-8.38723,51.81604
IRL,-8.74437,52.22179
IRL,-8.94596,51.56201
IRL,-8.4919,51.74447
IRL,-8.68958,52.22267
IRL,-9.10098,52.76668
IRL,-9.43091,52.74703
IRL,-8.61586,52.69614
IRL,-8.63264,52.80336
IRL,-8.99192,52.83994
IRL,-7.3168,53.8555
IRL,-7.42437,53.95097
IRL,-6.86227,53.90281
IRL,-7.70522,54.19063
IRL,-7.53364,54.09808
IRL,-7.12667,53.84734
IRL,-6.90129,52.80339
IRL,-6.72379,52.8039
IRL,-6.9301,52.65009
IRL,-8.45453,51.9083
IRL,-8.48123,51.90766
IRL,-8.47881,51.89913
IRL,-8.59232,51.88875
IRL,-7.96722,54.96737
IRL,-7.45558,55.1384
IRL,-7.26445,55.24883
IRL,-7.45684,55.13656
IRL,-7.45891,55.13632
IRL,-7.45426,55.13286
IRL,-8.24258,54.6682
IRL,-7.72384,54.94167
IRL,-7.51574,55.18617
IRL,-8.18913,54.6926
IRL,-6.26876,53.27999
IRL,-6.20447,53.28896
IRL,-6.21914,53.26935
IRL,-6.20076,53.24356
IRL,-6.21551,53.22301
IRL,-6.1546,53.24489
IRL,-6.13979,53.25186
IRL,-6.29872,53.29011
IRL,-6.36934,53.35157
IRL,-6.37127,53.3561
IRL,-6.43251,53.33831
IRL,-6.39677,53.33505
IRL,-6.43186,53.34386
IRL,-6.42632,53.28566
IRL,-6.46802,53.28253
IRL,-6.39184,53.27581
IRL,-6.19482,53.38179
IRL,-6.3265,53.3376
IRL,-6.19328,53.3978
IRL,-6.24703,53.39639
IRL,-6.15578,53.40625
IRL,-6.209,53.31627
IRL,-6.29671,53.4015
IRL,-6.2568,53.32694
IRL,-6.29391,53.37081
IRL,-6.32393,53.31566
IRL,-6.30066,53.30734
IRL,-6.25679,53.32216
IRL,-6.3071,53.3468
IRL,-6.26523,53.31976
IRL,-6.2169,53.38487
IRL,-6.18059,53.38936
IRL,-6.19464,53.36649
IRL,-6.30387,53.40487
IRL,-6.32159,53.32362
IRL,-6.14158,53.40155
IRL,-6.17224,53.45368
IRL,-6.23687,53.45979
IRL,-6.2053,53.45
IRL,-6.17412,53.52446
IRL,-6.152,53.44902
IRL,-6.4385,53.39687
IRL,-6.31075,53.36367
IRL,-6.24652,53.472
IRL,-6.23373,53.47227
IRL,-6.4201,53.39315
IRL,-6.39027,53.41465
IRL,-6.40902,53.3752
IRL,-8.94461,53.33861
IRL,-8.85178,53.52648
IRL,-8.8481,53.5243
IRL,-8.56019,53.60507
IRL,-9.06373,53.2726
IRL,-8.94089,53.13975
IRL,-8.81456,53.05591
IRL,-8.74292,53.30225
IRL,-8.64817,53.55853
IRL,-8.82144,53.44839
IRL,-8.45666,53.20098
IRL,-8.71089,53.19874
IRL,-9.20561,53.24869
IRL,-9.1256,53.26494
IRL,-8.78276,53.06897
IRL,-8.85545,53.53032
IRL,-8.75248,53.05226
IRL,-8.45288,53.22968
IRL,-9.06349,53.27846
IRL,-6.6382,53.3194
IRL,-6.50417,53.36606
IRL,-6.99467,52.99579
IRL,-7.06073,53.1389
IRL,-6.51073,53.3366
IRL,-6.51387,53.37057
IRL,-7.04964,53.00861
IRL,-7.2369,52.6418
IRL,-7.06522,52.49011
IRL,-9.62785,52.35418
IRL,-9.38475,52.2289
IRL,-9.70282,52.16854
IRL,-9.61692,52.40559
IRL,-9.8355,52.11418
IRL,-9.47413,52.03921
IRL,-9.3412,52.05867
IRL,-9.70136,52.26832
IRL,-7.67841,53.59741
IRL,-6.3584,54.0055
IRL,-6.33036,53.70951
IRL,-6.27092,53.75802
IRL,-6.24356,53.79166
IRL,-6.34485,53.73219
IRL,-6.35247,53.72125
IRL,-6.32935,53.7312
IRL,-8.67046,52.57945
IRL,-9.05948,52.4479
IRL,-8.24756,52.60214
IRL,-8.63862,52.67222
IRL,-8.63956,52.66449
IRL,-7.59646,52.85636
IRL,-7.35368,52.91913
IRL,-6.94384,52.83092
IRL,-6.94759,52.83983
IRL,-7.39582,52.8454
IRL,-6.5437,53.5139
IRL,-6.92199,53.45375
IRL,-6.57076,53.42317
IRL,-6.76448,53.53427
IRL,-6.92326,53.57678
IRL,-6.67918,53.65552
IRL,-6.6719,53.66074
IRL,-6.2627,53.63036
IRL,-6.84801,53.73473
IRL,-6.25922,53.72225
IRL,-6.70001,54.05842
IRL,-7.1508,54.29651
IRL,-6.98272,54.2426
IRL,-9.0007,53.8478
IRL,-9.23824,53.84774
IRL,-9.29054,53.85842
IRL,-7.543,53.2509
IRL,-7.89542,53.0926
IRL,-7.80768,53.13879
IRL,-7.9232,52.98507
IRL,-7.59401,53.34651
IRL,-7.6978,53.32573
IRL,-8.07398,53.35804
IRL,-8.7223,54.0567
IRL,-8.73695,54.04912
IRL,-8.49295,54.17943
IRL,-8.54172,54.2453
IRL,-8.43663,52.81376
IRL,-7.89498,52.51126
IRL,-8.19435,52.86619
IRL,-8.14745,52.48622
IRL,-7.47026,52.44595
IRL,-7.82351,52.6774
IRL,-8.27784,52.51159
IRL,-8.15718,52.4786
IRL,-8.08623,52.52508
IRL,-7.56477,52.11407
IRL,-6.99448,52.14898
IRL,-7.10835,52.24114
IRL,-7.38343,52.15439
IRL,-7.6202,52.10462
IRL,-7.76785,53.42418
IRL,-7.31515,53.53394
IRL,-7.35312,53.51804
IRL,-7.36215,53.54097
IRL,-6.70092,52.93689
IRL,-6.70092,52.93617
IRL,-6.11061,53.20289
IRL,-6.08506,52.98886
IRL,-6.03963,52.97874
IRL,-6.17442,52.79228
IRL,-6.59917,53.0919
IRL,-6.12606,53.01781
IRL,-6.48814,52.32772
IRL,-6.55504,52.3374
IRL,-6.47901,52.31796
IRL,-6.5798,52.50858
IRL,-6.53525,52.44536
IRL,-6.91753,52.42409
IRL,-6.86506,52.42815
IRL,-6.30658,52.61047
IRL,-6.46466,52.33306
IRL,-8.12709,51.86185
IRL,-8.25846,51.90988
IRL,-8.20719,51.83789
IRL,-8.16415,51.90821
IRL,-7.97352,51.88808
IRL,-8.94221,52.31563
IRL,-9.06691,52.06013
IRL,-8.95047,52.13443
IRL,-9.06615,52.05989
IRL,-8.27753,52.13787
IRL,-8.73594,52.1669
IRL,-7.85157,51.94866
IRL,-8.76995,51.72716
IRL,-8.40025,51.8263
IRL,-8.68593,52.35462
IRL,-8.68544,51.80047
IRL,-8.85619,51.88929
IRL,-8.65648,51.95466
IRL,-8.26601,52.26556
IRL,-8.31341,51.91101
IRL,-9.00849,51.66146
IRL,-8.33902,51.79939
IRL,-9.1622,52.17659
IRL,-9.12612,52.11719
IRL,-8.47752,51.98967
IRL,-7.85057,51.94792
IRL,-8.56221,51.90853
IRL,-8.96251,52.85381
IRL,-8.87056,52.70616
IRL,-8.97258,52.85504
IRL,-8.9802,52.85109
IRL,-8.97735,52.84958
IRL,-9.07978,52.86757
IRL,-8.86151,52.87117
IRL,-9.06528,52.71893
IRL,-9.2255,52.92759
IRL,-7.17865,53.82286
IRL,-7.63556,54.09086
IRL,-7.31382,54.09117
IRL,-7.35558,53.9926
IRL,-7.35825,53.97489
IRL,-6.92724,52.84631
IRL,-6.69358,52.88076
IRL,-6.7058,52.75623
IRL,-6.75206,52.7918
IRL,-8.5799,51.88773
IRL,-8.39626,51.88592
IRL,-8.44124,51.95304
IRL,-8.45479,51.88986
IRL,-8.44568,51.87129
IRL,-8.40089,51.92351
IRL,-8.57418,51.88469
IRL,-8.60606,51.88416
IRL,-8.43749,51.86051
IRL,-8.4571,51.86514
IRL,-8.59297,51.93012
IRL,-8.40674,51.92055
IRL,-8.59273,51.88751
IRL,-8.54222,51.87328
IRL,-8.59606,51.93213
IRL,-8.6072,51.88995
IRL,-8.56241,51.89185
IRL,-8.39848,51.93584
IRL,-8.43743,51.87414
IRL,-8.39838,51.94235
IRL,-8.37701,51.93175
IRL,-8.4281,51.87143
IRL,-8.59126,51.88671
IRL,-8.40776,51.86526
IRL,-8.37647,51.92835
IRL,-8.39403,51.87631
IRL,-8.46154,51.86746
IRL,-8.47118,51.86759
IRL,-8.42202,51.87588
IRL,-8.57082,51.88948
IRL,-8.40755,51.87038
IRL,-8.40757,51.86941
IRL,-8.5648,51.89265
IRL,-8.59083,51.8804
IRL,-8.41297,51.91995
IRL,-8.42881,51.88943
IRL,-8.38203,51.93048
IRL,-8.56588,51.93672
IRL,-8.39619,51.86924
IRL,-8.38632,51.92282
IRL,-8.60399,51.88857
IRL,-8.4663,51.86988
IRL,-8.39277,51.93022
IRL,-8.57165,51.93443
IRL,-8.45246,51.94093
IRL,-8.4061,51.86292
IRL,-8.47975,51.86761
IRL,-8.54722,51.90731
IRL,-8.39643,51.86934
IRL,-8.44326,51.86818
IRL,-8.43911,51.86765
IRL,-8.44377,51.87357
IRL,-8.36981,51.867
IRL,-8.56,51.94032
IRL,-8.39631,51.92861
IRL,-8.59884,51.8839
IRL,-8.62844,51.8821
IRL,-8.49872,51.8869
IRL,-8.62397,51.8829
IRL,-8.44106,51.87365
IRL,-8.49892,51.93685
IRL,-8.45968,51.92158
IRL,-8.46478,51.91612
IRL,-8.48551,51.9147
IRL,-8.44825,51.89107
IRL,-8.62252,51.93157
IRL,-8.47925,51.87901
IRL,-8.4479,51.88819
IRL,-7.64959,55.03359
IRL,-7.44679,55.15521
IRL,-7.78252,55.18151
IRL,-8.10549,54.66906
IRL,-7.45854,55.13372
IRL,-7.74038,54.95212
IRL,-8.41885,54.9975
IRL,-7.19484,55.12759
IRL,-8.36474,53.00639
IRL,-7.7345,54.94719
IRL,-7.68446,54.79133
IRL,-8.44532,54.6293
IRL,-7.4439,54.9532
IRL,-6.18389,53.27908
IRL,-6.24614,53.2763
IRL,-6.14658,53.26926
IRL,-6.2338,53.28398
IRL,-6.21133,53.2784
IRL,-6.13864,53.2646
IRL,-6.10303,53.28158
IRL,-6.25206,53.29399
IRL,-6.12562,53.28606
IRL,-6.16755,53.27008
IRL,-6.39535,53.31522
IRL,-6.39214,53.28247
IRL,-6.30789,53.27923
IRL,-6.31693,53.27846
IRL,-6.34728,53.29886
IRL,-6.37479,53.28903
IRL,-6.32365,53.3068
IRL,-6.39245,53.31765
IRL,-6.37778,53.27686
IRL,-6.31992,53.29606
IRL,-6.44899,53.34866
IRL,-6.43665,53.34813
IRL,-6.3258,53.29626
IRL,-6.45278,53.36455
IRL,-6.3402,53.27622
IRL,-6.44643,53.34075
IRL,-6.44443,53.34803
IRL,-6.40898,53.28968
IRL,-6.3163,53.27312
IRL,-6.35144,53.27214
IRL,-6.34103,53.27626
IRL,-6.19541,53.37481
IRL,-6.2476,53.3724
IRL,-6.18271,53.36499
IRL,-6.30718,53.36816
IRL,-6.15258,53.38532
IRL,-6.24101,53.33428
IRL,-6.26432,53.38667
IRL,-6.29058,53.39867
IRL,-6.29856,53.32899
IRL,-6.28732,53.33003
IRL,-6.28502,53.35286
IRL,-6.26809,53.51826
IRL,-6.3827,53.41951
IRL,-6.19975,53.45222
IRL,-6.14764,53.48538
IRL,-6.19817,53.61305
IRL,-6.19944,53.61466
IRL,-6.3978,53.38737
IRL,-6.17484,53.42487
IRL,-6.11552,53.39097
IRL,-6.1426,53.43768
IRL,-6.15508,53.45602
IRL,-6.37456,53.42382
IRL,-6.24692,53.46148
IRL,-6.39944,53.40297
IRL,-6.14983,53.48584
IRL,-6.14896,53.48641
IRL,-6.34174,53.37862
IRL,-8.8126,53.01127
IRL,-8.24369,53.27597
IRL,-9.6531,53.24076
IRL,-8.29655,53.16757
IRL,-8.17496,53.23993
IRL,-8.93912,53.49265
IRL,-8.84986,53.54658
IRL,-8.8487,53.51333
IRL,-8.63576,53.22844
IRL,-9.11045,53.46918
IRL,-9.08195,53.48913
IRL,-9.04266,53.44226
IRL,-8.8907,53.36622
IRL,-8.20252,53.33824
IRL,-8.57146,53.2093
IRL,-9.0195,53.27458
IRL,-8.75771,53.16905
IRL,-8.74722,53.11432
IRL,-8.80624,53.14174
IRL,-8.80448,53.15973
IRL,-8.82316,53.0619
IRL,-8.7898,53.33247
IRL,-9.4926,53.23736
IRL,-8.78954,53.39683
IRL,-9.16444,53.45998
IRL,-8.97693,53.27347
IRL,-9.11402,53.26771
IRL,-8.35977,53.59208
IRL,-8.56986,53.55619
IRL,-9.73228,53.24232
IRL,-6.59448,53.37008
IRL,-6.99464,53.22158
IRL,-6.84129,53.13532
IRL,-6.67827,53.40004
IRL,-6.67728,53.40732
IRL,-6.54042,53.33767
IRL,-6.81149,53.1885
IRL,-6.90045,53.1588
IRL,-6.80154,53.18599
IRL,-6.48861,53.37034
IRL,-6.75236,53.12888
IRL,-6.66857,53.21602
IRL,-6.67804,53.19138
IRL,-6.66269,53.24643
IRL,-6.97395,52.98494
IRL,-6.81508,53.17262
IRL,-6.5289,53.33182
IRL,-6.76211,53.08976
IRL,-7.33623,52.7861
IRL,-7.17854,52.36619
IRL,-7.58521,52.71866
IRL,-7.21038,52.64984
IRL,-7.24452,52.64369
IRL,-9.71315,52.14275
IRL,-9.69412,52.26244
IRL,-9.52545,52.40753
IRL,-9.3775,52.12352
IRL,-9.46339,52.4494
IRL,-9.25478,52.15128
IRL,-9.47128,52.09747
IRL,-9.495,52.18584
IRL,-9.64241,52.10599
IRL,-9.68712,52.28017
IRL,-7.7963,53.74767
IRL,-7.49508,53.77817
IRL,-6.26542,54.0852
IRL,-6.24751,53.79136
IRL,-6.26405,54.00085
IRL,-6.3441,53.71797
IRL,-6.43604,53.78552
IRL,-6.54026,53.95066
IRL,-6.40481,54.01748
IRL,-6.40741,54.00666
IRL,-6.37463,53.71432
IRL,-8.52681,52.42262
IRL,-8.63777,52.64934
IRL,-8.41469,52.42668
IRL,-9.06175,52.3626
IRL,-8.62044,52.66088
IRL,-8.37506,52.59401
IRL,-8.93984,52.52476
IRL,-8.93878,52.46492
IRL,-8.88277,52.61531
IRL,-8.3358,52.61671
IRL,-9.05697,52.4538
IRL,-9.15176,52.36536
IRL,-8.56693,52.67247
IRL,-8.60101,52.38152
IRL,-8.64399,52.67932
IRL,-8.65914,52.6781
IRL,-7.86993,53.92062
IRL,-8.06528,53.99278
IRL,-7.86038,53.84749
IRL,-7.80692,54.05224
IRL,-7.14635,53.01411
IRL,-7.44997,52.8818
IRL,-7.14664,53.01361
IRL,-7.3047,52.94784
IRL,-7.60213,53.022
IRL,-7.23756,52.90223
IRL,-7.49226,52.97807
IRL,-6.7935,53.55199
IRL,-6.47616,53.42067
IRL,-6.7291,53.59485
IRL,-6.47756,53.41895
IRL,-6.45454,53.50029
IRL,-6.26383,53.63289
IRL,-6.63204,53.85043
IRL,-6.87894,53.72768
IRL,-6.68631,53.54895
IRL,-6.26587,53.70184
IRL,-6.68491,53.65938
IRL,-6.94353,53.72513
IRL,-6.21843,53.63379
IRL,-6.31379,53.70179
IRL,-6.74204,54.11485
IRL,-6.70312,54.08309
IRL,-7.02826,54.11325
IRL,-9.30441,53.75842
IRL,-8.99832,53.72227
IRL,-9.09139,53.52449
IRL,-9.31864,54.10192
IRL,-9.16908,53.5094
IRL,-9.27933,53.84828
IRL,-9.00435,53.7305
IRL,-9.33273,53.86642
IRL,-9.5912,53.8147
IRL,-9.02752,54.11009
IRL,-9.22734,53.76003
IRL,-8.92203,53.79284
IRL,-9.15066,53.89503
IRL,-7.47965,53.27837
IRL,-7.33689,53.26639
IRL,-8.01956,53.17271
IRL,-7.72659,53.32527
IRL,-8.48344,53.76334
IRL,-8.43852,53.77086
IRL,-8.48645,53.76632
IRL,-8.58454,53.90053
IRL,-8.47274,54.26625
IRL,-8.47724,54.27975
IRL,-8.51133,54.21009
IRL,-8.47642,54.28212
IRL,-8.60409,54.05377
IRL,-8.41066,52.71146
IRL,-8.41051,52.71184
IRL,-8.13906,52.99882
IRL,-8.13684,52.89403
IRL,-8.25026,52.47052
IRL,-7.69682,52.35814
IRL,-8.12877,52.99201
IRL,-7.82959,52.79962
IRL,-7.58039,52.36284
IRL,-8.13594,53.11089
IRL,-7.82332,52.33902
IRL,-8.07805,52.31208
IRL,-8.294,52.8796
IRL,-7.81815,52.68151
IRL,-7.54626,52.09442
IRL,-7.62577,52.08757
IRL,-7.28262,52.17373
IRL,-7.49742,52.30558
IRL,-7.74062,52.28193
IRL,-7.26318,52.17341
IRL,-7.16668,52.1609
IRL,-7.3152,52.29043
IRL,-7.85071,52.08838
IRL,-7.13439,52.26372
IRL,-7.81324,51.98056
IRL,-7.73828,51.94823
IRL,-7.29743,53.54729
IRL,-7.56924,53.41543
IRL,-7.49327,53.36741
IRL,-7.25409,53.4386
IRL,-7.50015,53.36877
IRL,-6.06425,53.10555
IRL,-6.17491,52.79057
IRL,-6.3379,52.8511
IRL,-6.1143,53.0157
IRL,-6.20664,52.85197
IRL,-6.0643,53.12533
IRL,-6.10102,53.18931
IRL,-6.11554,53.1844
IRL,-6.6744,52.98996
IRL,-6.08701,53.15174
IRL,-6.10483,53.19101
IRL,-6.06506,53.14887
IRL,-6.63662,52.47989
IRL,-6.64004,52.39859
IRL,-6.49458,52.59035
IRL,-6.54431,52.33754
IRL,-6.79298,52.48604
IRL,-6.31592,52.67452
IRL,-6.36619,52.51866
IRL,-6.52456,52.42462
IRL,-6.68524,52.35128
IRL,-6.4841,52.33625
IRL,-6.45411,52.33108
IRL,-6.23431,52.63771
IRL,-6.55666,52.50454
IRL,-6.23005,52.57391
IRL,-6.3528,52.24124
IRL,-8.39308,51.80675
IRL,-8.19324,51.9114
IRL,-8.65712,51.76686
IRL,-9.25286,52.62188
IRL,-7.35698,53.99176
IRL,-7.53947,53.87238
IRL,-7.4327,53.86092
IRL,-6.89664,52.82472
IRL,-8.48077,51.89502
IRL,-7.27702,55.24192
IRL,-8.11444,54.64874
IRL,-7.25406,55.29856
IRL,-7.43397,55.06588
IRL,-7.57122,54.7779
IRL,-7.66833,55.08206
IRL,-7.267,55.24966
IRL,-6.14476,53.24502
IRL,-6.23429,53.304
IRL,-6.27224,53.28293
IRL,-6.18214,53.25996
IRL,-6.26948,53.29364
IRL,-6.22949,53.26422
IRL,-6.25801,53.27524
IRL,-6.18304,53.2971
IRL,-6.32777,53.29667
IRL,-6.32712,53.28567
IRL,-6.43747,53.28368
IRL,-6.41264,53.34109
IRL,-6.32839,53.30506
IRL,-6.31672,53.28932
IRL,-6.34341,53.27401
IRL,-6.25944,53.40534
IRL,-6.26889,53.30898
IRL,-6.25534,53.34122
IRL,-6.14097,53.38893
IRL,-6.27486,53.30964
IRL,-6.26103,53.39578
IRL,-6.28227,53.31219
IRL,-6.4253,53.38636
IRL,-6.4407,53.38721
IRL,-6.10472,53.38972
IRL,-8.47483,53.43231
IRL,-8.94237,53.36101
IRL,-8.98294,53.44954
IRL,-8.58742,53.20089
IRL,-9.01199,53.27559
IRL,-9.08715,53.28156
IRL,-6.52272,53.3657
IRL,-6.51239,53.3623
IRL,-7.26234,52.65853
IRL,-9.45584,52.23538
IRL,-9.37482,52.57007
IRL,-9.36613,52.08743
IRL,-10.26531,52.14714
IRL,-9.6958,52.27371
IRL,-9.69877,52.27269
IRL,-7.48594,53.78072
IRL,-8.867,52.64236
IRL,-8.3968,52.52003
IRL,-8.68449,52.63256
IRL,-9.2842,52.56969
IRL,-8.03856,54.04678
IRL,-7.29906,53.03451
IRL,-7.18649,53.15795
IRL,-7.69396,52.95998
IRL,-7.19236,53.14814
IRL,-6.54177,53.5138
IRL,-6.25387,53.71895
IRL,-6.65548,53.63586
IRL,-6.70911,53.97607
IRL,-9.8002,53.76341
IRL,-8.81981,53.82559
IRL,-7.66154,53.37819
IRL,-8.62728,53.96408
IRL,-7.71136,52.3538
IRL,-7.92044,52.37518
IRL,-7.71072,52.67283
IRL,-8.23592,52.68562
IRL,-7.14495,52.26324
IRL,-7.14785,52.26077
IRL,-6.52943,53.17219
IRL,-6.05911,53.10655
IRL,-6.34218,52.55394
IRL,-6.23282,52.64298
IRL,-6.29786,52.67376
