iso3,address,lon,lat
NOR,"2 Etg. Helsehuset Sartorvegen 8, 5353 Straume, Norway",5.1228980185105115,60.359164104032885
NOR,"Aage Håkonsens vei 9, 3610 Kongsberg, Norway",9.662609700887742,59.641101714056504
NOR,"Aaslyveien 4, 3483 Kana, Norway",10.48512024361878,59.54854048301863
NOR,"Abc-veien 2, 6518 Kristiansund n, Norway",7.789307733899591,63.12243333231771
NOR,"Åbogenvegen 31, 2224 Austmarka, Norway",12.319775099083671,60.10291105141067
NOR,"Abraham Berges vei 7A, 4560 Vanse, Norway",6.69438927746117,58.097239848271585
NOR,"Åbyfaret 201, 1392 Vettre, Norway",10.45635791051032,59.82154837335531
NOR,"Ådalsveien 1231, 3524 Nes i Ådal, Norway",9.986816016019702,60.565725546593654
NOR,"Adjunkt Hauglands Gate 50, 4022 Stavanger, Norway",5.6907818492924775,58.959842877909466
NOR,"Ådlandsvegen 325, 5919 Frekhaug, Norway",5.2120859945249265,60.549547216179576
NOR,"Ådnavegen 42, 5260 Indre Arna, Norway",5.469680067836151,60.422132858271766
NOR,"Ådnavegen 5, 5260 Indre Arna, Norway",5.468408784581527,60.42597269193547
NOR,"Adolph Bergs vei 55, 5089 Bergen, Norway",5.359898761548067,60.35568372828686
NOR,"Ærfuglveien 13C, 4623 Kristiansand s, Norway",7.975591676298336,58.10689102304488
NOR,"Åfaret 33, 4331 Ålgård, Norway",5.87091875535944,58.7751680094633
NOR,"Ågheimveien 16, 8618 Mo i Rana, Norway",14.089758626227166,66.29117599515766
NOR,"Ågjerdet 9, 7257 Snillfjord, Norway",9.499818891985257,63.39944848483404
NOR,"Agmund Bolts vei 24, 0664 Oslo, Norway",10.812076661182601,59.91506656627871
NOR,"Agnes Allé 45, 3290 Stavern, Norway",10.032290858231619,59.01406402653737
NOR,"Agnesveien 14, 3292 Stavern, Norway",10.023810551512895,59.009974747435166
NOR,"Agneveien 1, 4319 Sandnes, Norway",5.719164160558882,58.850897194533424
NOR,"Åkebergveien 23, 0650 Oslo, Norway",10.778153087374818,59.9081905977373
NOR,"Åkerlykkja 12, 2430 Jordet, Norway",12.128754878476627,61.41577395210777
NOR,"Akermoveien 15, 8590 Kjøpsvik, Norway",16.37292828241965,68.09717530296052
NOR,"Åkerøveien 2 A, 0586 Oslo, Norway",10.794649091919268,59.935827827982536
NOR,"Akersbakken 27, 0172 Oslo, Norway",10.745784691882221,59.92368245028132
NOR,"Åkervegen 2, 2133 Gardvik, Norway",11.637874670158084,60.42746064738719
NOR,"Åkervegen 6, 7657 Verdal, Norway",11.49103973595939,63.77186293889389
NOR,"Akkarfjord, 9650 Akkarfjord, Norway",23.413663921206147,70.79446300710212
NOR,"Åkravegen 607, 5499 Åkra, Norway",6.095713938630979,59.79050054670802
NOR,"Aksdalsvegen 167, 5570 Aksdal, Norway",5.448246535588169,59.423486217587936
NOR,"Akselhagen 2, 4322 Sandnes, Norway",5.705836501766839,58.82009065189402
NOR,"Aktivitetsvegen 2, 2069 Jessheim, Norway",11.189932604874457,60.15299418016943
NOR,"Åkvågveien 495, 4957 Risør, Norway",9.146026973214958,58.68944863262095
NOR,"Albert Moeskaus vei 23, 1711 Sarpsborg, Norway",11.084969970902876,59.279098212383275
NOR,"Ålefjærvegen 501, 4708 Vennesla, Norway",7.986633492627476,58.251111264457506
NOR,"Alf Godagers veg 40, 7081 Sjetnemarka, Norway",10.402963091806953,63.374330980411884
NOR,"Alf Prøysens vei 2, 1658 Torp, Norway",11.008835216522613,59.236683225835066
NOR,"Alfarvegen 149, 3540 Nesbyen, Norway",9.095514188099429,60.57029950924698
NOR,"Alfred Offerdals vei 24, 5165 Laksevåg, Norway",5.27345384716682,60.38772237970852
NOR,"Alfred Skaiåsveg 5, 4735 Evje, Norway",7.80117432950118,58.589288451983265
NOR,"Ålhusvegen 543, 6847 Vassenden, Norway",6.238337134122077,61.53091209080577
NOR,"Alkevegen 14, 9015 Tromsø, Norway",18.93309970052951,69.67751726170474
NOR,"Alkeveien 8, 4049 Hafrsfjord, Norway",5.605273696410137,58.97070393849663
NOR,"Alleen, 4580 Lyngdal, Norway",7.062630597514526,58.13739621328977
NOR,"Allestadhaugen 1, 5142 Fyllingsdalen, Norway",5.263537468977063,60.34291486271792
NOR,"Almåvegen 67, 7580 Selbu, Norway",11.109387823652115,63.254944937583794
NOR,"Almemoen 20, 3516 Hønefoss, Norway",10.273456066042854,60.18941011288641
NOR,"Ålmenningsvegen 6, 2690 Skjåk, Norway",8.260592561336523,61.883773576414114
NOR,"Almveien 15, 3520 Jevnaker, Norway",10.375062083068798,60.20934026698086
NOR,"Alstadhaugvegen 150, 7607 Levanger, Norway",11.251539844671044,63.740621825559344
NOR,"Alsvågveien 692, 8432 Alsvåg, Norway",15.266554195092311,68.90622409009666
NOR,"Altagårdsveien 55, 9515 Alta, Norway",23.36367206804624,69.97222133445192
NOR,"Altaveien 214, 9515 Alta, Norway",23.347693478384855,69.97428030705746
NOR,"Altaveien 220C, 9515 Alta, Norway",23.355212799904507,69.97342179062471
NOR,"Altevannsveien 488, 9360 Bardu, Norway",18.42332921848788,68.82699880228705
NOR,"Aluvegen 91B, 2319 Hamar, Norway",11.056801160358276,60.81201884467714
NOR,"Alv Schiefloes veg 23, 7058 Jakobsli, Norway",10.489824670595027,63.41505764211297
NOR,"Alvamyrvegen 11, 5397 Bekkjarvik, Norway",5.200654168241044,60.00367702916435
NOR,"Alvermarka 41, 5911 Alversund, Norway",5.244206704778691,60.56485093690682
NOR,"Amboltveien 2, 4311 Hommersåk, Norway",5.8549362262035345,58.927766340285444
NOR,"Ammerudgrenda 327B, 0960 Oslo, Norway",10.877448548971415,59.96498842722036
NOR,"Ammerudhellinga 2-4, 0959 Oslo, Norway",10.866270136537034,59.96008308466315
NOR,"Ammerudhellinga 47 B, 0959 Oslo, Norway",10.877548796533404,59.9618856143029
NOR,"Ammerudhellinga 49, 0959 Oslo, Norway",10.878352285771797,59.96250558177127
NOR,"Ammerudveien 47, 0958 Oslo, Norway",10.874153874290243,59.96406520249511
NOR,"Åmotåsen 1, 1389 Heggedal, Norway",10.432138401284874,59.78290884745442
NOR,"Åmsosen, 5578 Nedre Vats, Norway",5.73724331568581,59.477364187692636
NOR,"Amtmand Bangs gate 8, 3019 Drammen, Norway",10.199451656173665,59.74768042086981
NOR,"Amunds vei 37, 1406 Ski, Norway",10.808258033733921,59.717169832306524
NOR,"Amunds vei 8, 1406 Ski, Norway",10.806726408566675,59.718707073348895
NOR,"Åndalsbakken 7, 6409 Molde, Norway",7.0242711468712855,62.788827006141105
NOR,"Anders Hovden-gata 7, 6153 Ørsta, Norway",6.131936919936891,62.19782861051979
NOR,"Anders Sandvigs gate 13, 2609 Lillehammer, Norway",10.472412188757403,61.111377510759695
NOR,"Anders Søyseths veg 26, 7056 Ranheim, Norway",10.505014271710536,63.430450504380474
NOR,"Anders Vasbunds veg 7, 3714 Skien, Norway",9.622828601683864,59.2024524552759
NOR,"Andersengja 17, 4200 Sauda, Norway",6.37996103911658,59.653498087848305
NOR,"Andersrødveien 1, 1642 Saltnes, Norway",10.768926372178328,59.29824637682094
NOR,"Andersrødveien 8B, 1642 Saltnes, Norway",10.776413171913674,59.299091230751515
NOR,"Anderssens vei 22, 8533 Bogen i Ofoten, Norway",17.002299575601853,68.5157387137952
NOR,"Andevegen 15, 2323 Ingeberg, Norway",11.133006071268113,60.82927793768667
NOR,"Andevegen 3, 7655 Verdal, Norway",11.546455180061258,63.81281247540042
NOR,"Andøyveien 101, 4623 Kristiansand s, Norway",7.978668756773089,58.11322145541814
NOR,"Andreas Gjellesviks veg 23B, 5260 Indre Arna, Norway",5.469095597727744,60.43019704540734
NOR,"Andreas Kjærs vei 76, 4615 Kristiansand s, Norway",7.988474912936084,58.15948754928982
NOR,"Andreas Kjærs vei 77, 4615 Kristiansand s, Norway",7.986852008843272,58.15918722569904
NOR,"Andreas Markussons vei 2, 8019 Bodø, Norway",14.49785379436699,67.27503260005034
NOR,"Ånebyhaugen 16, 1484 Hakadal, Norway",10.871449788506823,60.08678900547642
NOR,"Angvikvegen 65, 6636 Angvik, Norway",8.089472236153426,62.897532117971
NOR,"Ankenesveien 175, 8520 Ankenes, Norway",17.385081982885055,68.41912495830056
NOR,"Ankervegen 2, 2387 Brumunddal, Norway",10.952711333964345,60.889651989978574
NOR,"Anna Rogstads vei 43B, 0592 Oslo, Norway",10.830223481557425,59.94998792184052
NOR,"Anna Sethnes gate 5, 0474 Oslo, Norway",10.7675418494118,59.93261927735648
NOR,"Ånnerudtoppen 2, 1383 Asker, Norway",10.409449092303134,59.83204582698272
NOR,"Ånnerudvegen 35, 2385 Brumunddal, Norway",10.927345012746457,60.89768461924871
NOR,"Ånnerudveien 11, 1383 Asker, Norway",10.402739043535064,59.82860601964808
NOR,"Anton Iversens veg 1, 9009 Tromsø, Norway",18.957632714397107,69.65789233784093
NOR,"Anton Jakobsens veg 24, 9020 Tromsdalen, Norway",18.989192926785535,69.64346301725294
NOR,"Antonie Løchens vei 19, 7020 Trondheim, Norway",10.343832285303534,63.40762716876699
NOR,"Ånundskaret 96, 4330 Ålgård, Norway",5.834012816582799,58.764744651859985
NOR,"Ånundskaret 98, 4330 Ålgård, Norway",5.832918056209081,58.764874110354526
NOR,"Apalstøveien 28, 4308 Sandnes, Norway",6.014222309931284,58.89622440044593
NOR,"Apeltunlien 16, 5238 Rådal, Norway",5.340822723387191,60.29299761182301
NOR,"Årabrotsvegen 24, 5515 Haugesund, Norway",5.258321662088065,59.43636798739263
NOR,"Åråsveien 20D, 2007 Kjeller, Norway",11.055880827389615,59.96646967714955
NOR,"Årbrottet 1, 6570 Smøla, Norway",7.9556492846252524,63.51470204233877
NOR,"Årdalsvegen 10A, 6884 Øvre Årdal, Norway",7.812654435547387,61.30720429183319
NOR,"Arefjordvegen 290, 5355 Knarrevik, Norway",5.149723545252215,60.36695566976766
NOR,"Arendalsgata 4, 0463 Oslo, Norway",10.75103913934484,59.938377393380904
NOR,"Årengveien 1B, 1394 Nesbru, Norway",10.491074496177532,59.865247216012904
NOR,"Årfallvegen 34, 7670 Inderøy, Norway",11.290994971660439,63.87854864070124
NOR,"Årfuglveien 6, 3123 Tønsberg, Norway",10.415160688764956,59.29787296303448
NOR,"Årholtveien 11, 3160 Stokke, Norway",10.2129580873125,59.263305281877194
NOR,"Arkitekt Ebbells veg 16, 7053 Ranheim, Norway",10.481507978626297,63.43788169018825
NOR,"Arkitekt Ebbells veg 22, 7053 Ranheim, Norway",10.48350815218106,63.43895608253729
NOR,"Arkitekt Ebbells veg 34, 7053 Ranheim, Norway",10.486426395590627,63.44110708843968
NOR,"Årlivollvegen 19, 7327 Svorkmo, Norway",9.744295119188877,63.170947913625724
NOR,"Årlokkveien 12, 8011 Bodø, Norway",14.445113434663568,67.29364314921835
NOR,"Arne Garborgs vei 15, 3160 Stokke, Norway",10.310591920423605,59.222633479732394
NOR,"Arne Johnsen-veien 7, 8475 Straumsjøen, Norway",14.482825712525681,68.6895865940906
NOR,"Arne Vestrums veg 9, 7604 Levanger, Norway",11.31989384597162,63.74829851731113
NOR,"Arnebråtveien 110, 0771 Oslo, Norway",10.658427994073577,59.95303629429688
NOR,"Arnebråtveien 73, 0771 Oslo, Norway",10.66299629894226,59.952327688202416
NOR,"Arnebråtveien 80, 0771 Oslo, Norway",10.659505068631603,59.95158576404285
NOR,"Årnesvegen 15B, 2093 Feiring, Norway",11.162666106206672,60.47816726401362
NOR,"Årnesvegen 307, 7819 Fosslandsosen, Norway",11.266840841279759,64.53987384426401
NOR,"Årnesveien 17, 8012 Bodø, Norway",14.421030718097938,67.29686829601269
NOR,"Arnfinn Astads vei 5, 7160 Bjugn, Norway",9.822131567551821,63.76630963467355
NOR,"Arnljot Gellines vei 5A, 0657 Oslo, Norway",10.7938359634922,59.90506356111965
NOR,"Arnøyveien 86, 8135 Sørarnøy, Norway",13.9698389889532,67.14121509675925
NOR,"Årnsetflata 8, 7100 Rissa, Norway",9.95959570163842,63.585744455263836
NOR,"Arnstein Arnebergs vei 17, 0274 Oslo, Norway",10.693457643824388,59.927457156557324
NOR,"Arntrøvegen 19, 6687 Valsøyfjord, Norway",8.577104876086622,63.12085623532573
NOR,"Åroliljastien 2, 4021 Stavanger, Norway",5.698103776992355,58.94587443626759
NOR,"Årølivegen 47, 6421 Molde, Norway",7.291395779369111,62.75434109044929
NOR,"Arons vei 28, 8406 Sortland, Norway",15.453098227946612,68.69742551757835
NOR,"Årosveien 220, 4640 Søgne, Norway",7.835237797272981,58.07868369765518
NOR,"Årøyvegen 7, 6240 Ørskog, Norway",6.8161481194455815,62.48114930165562
NOR,"Arthur Nordlies vei 7, 0956 Oslo, Norway",10.863400814525505,59.957089656943964
NOR,"Arveliveien 5, 1719 Greåker, Norway",11.036114288045155,59.27725746262692
NOR,"Årvollveien 50G, 0590 Oslo, Norway",10.818826943085924,59.95323251465021
NOR,"Årvollveien 58V, 0590 Oslo, Norway",10.817811894611367,59.95222530325512
NOR,"Åsaheio 1, 5412 Stord, Norway",5.437316701485457,59.76537994098169
NOR,"Asakveien 31, 1785 Halden, Norway",11.403654707317997,59.14060243365384
NOR,"Asakveien 32, 1785 Halden, Norway",11.412374736467541,59.14165444632138
NOR,"Asalheimvegen 2, 4250 Kopervik, Norway",5.28472951859456,59.289035084326315
NOR,"Åsane Senter 44, 5116 Ulset, Norway",5.321886495371302,60.46698949321498
NOR,"Åsane Senter 48, 5116 Ulset, Norway",5.319961423668985,60.467430674688615
NOR,"Åsavegen 153, 6823 Sandane, Norway",6.226677320071815,61.76856800530504
NOR,"Asbjørn Øverås veg 13A, 7036 Trondheim, Norway",10.428580870120129,63.393546954446265
NOR,"Asbjørnsens vei 3, 0494 Oslo, Norway",10.785108642086897,59.965443564562804
NOR,"Åsbråtan 75, 1352 Kolsås, Norway",10.50123260845487,59.92957543112783
NOR,"Åsbygdsveien 517, 2450 Rena, Norway",11.307837064986984,61.13023327250511
NOR,"Åsdalsveien 13B, 1166 Oslo, Norway",10.7933130165531,59.858352849194006
NOR,"Åsdalsveien 55, 1167 Oslo, Norway",10.791691788840893,59.85078541555012
NOR,"Åsdalsveien 57, 1167 Oslo, Norway",10.791001706752468,59.85103192732251
NOR,"Åsebøvegen 24, 4250 Kopervik, Norway",5.308108490569566,59.27735586617018
NOR,"Åsen 75, 5440 Mosterhamn, Norway",5.358408040068298,59.700322123104854
NOR,"Åsengata 22, 0480 Oslo, Norway",10.771372965896205,59.938684254856156
NOR,"Åsengata 23A, 0480 Oslo, Norway",10.771901193434331,59.93815175254744
NOR,"Åsenhagen 36, 2020 Skedsmokorset, Norway",11.034252164435685,60.01195793040654
NOR,"Åsensvingen 1D, 0488 Oslo, Norway",10.784055204495814,59.94085747280198
NOR,"Åsenvegen 100, 4055 Sola, Norway",5.669761293413927,58.89229525760388
NOR,"Åsenvegen 90, 4055 Sola, Norway",5.66886275339354,58.89201500867122
NOR,"Åsenveien 7, 3118 Tønsberg, Norway",10.443399655839158,59.27470487974338
NOR,"Åserudveien 1, 1900 Fetsund, Norway",11.202926482634126,59.92501303550088
NOR,"Åses vei 75, 1336 Sandvika, Norway",10.489651332837354,59.901582179545244
NOR,"Åsgårdstrandsveien 114, 3153 Tolvsrød, Norway",10.487021510716062,59.29876991049329
NOR,"Åsgårdveien 32, 1671 Kråkerøy, Norway",10.928715118639502,59.21117214914932
NOR,"Åsheimveien 129, 1461 Lørenskog, Norway",10.945266108468758,59.91935692723811
NOR,"Åsheimveien 12B, 3490 Klokkarstua, Norway",10.4959497463405,59.63393724040776
NOR,"Åsheimveien 39, 2016 Frogner, Norway",11.061754362220768,60.02260646783867
NOR,"Asjers vei 3, 4595 Tingvatn, Norway",7.216059233628243,58.384172636263145
NOR,"Åskammen 5, 2016 Frogner, Norway",11.075441423373036,60.029005715637
NOR,"Askedalen 1, 6863 Leikanger, Norway",6.854775066885537,61.18047427441016
NOR,"Askehaugveien 87, 1407 Vinterbro, Norway",10.754605806784042,59.72433849690685
NOR,"Askeveien 7, 0276 Oslo, Norway",10.684406575950476,59.924412409476474
NOR,"Askjemveien 2, 3158 Andebu, Norway",10.180017291652035,59.30494351745813
NOR,"Askmyra 11, 8850 Herøy, Norway",12.271687114737773,65.97558770141359
NOR,"Askvegen 463, 5307 Ask, Norway",5.211339753685223,60.48489642352095
NOR,"Åslandhellinga 1, 1274 Oslo, Norway",10.840955083650044,59.82152574221675
NOR,"Åslandhellinga 106B, 1274 Oslo, Norway",10.839583217557333,59.82284731689043
NOR,"Åslandvegen 30, 9105 Kvaløya, Norway",18.76310391293984,69.67577760092718
NOR,"Åslandvegen 77, 9105 Kvaløya, Norway",18.770334729352186,69.67851471140912
NOR,"Åsleet 3, 6456 Skåla, Norway",7.423696158185464,62.698224122961165
NOR,"Åsleia 100, 2080 Eidsvoll, Norway",11.205328065531944,60.335542098775306
NOR,"Åslia 7, 5115 Ulset, Norway",5.331962548816563,60.46304295792385
NOR,"Åsligrenda 46, 5115 Ulset, Norway",5.3289353406657085,60.464541474573565
NOR,"Åsløkkveien 41, 1341 Slependen, Norway",10.4951967161592,59.878860516417234
NOR,"Åsmarkvegen 735, 2364 Næroset, Norway",10.776252826105917,60.97283630211504
NOR,"Asparhaugvegen 1, 5563 Førresfjorden, Norway",5.401023815107067,59.410711442777284
NOR,"Asperudåsen 57, 1258 Oslo, Norway",10.80142912957885,59.839039267897164
NOR,"Asperudveien 16, 1258 Oslo, Norway",10.799421663768328,59.840863044299596
NOR,"Asperudveien 51, 1258 Oslo, Norway",10.800139573775283,59.836640828213035
NOR,"Asperudveien 9A, 1258 Oslo, Norway",10.799065013788208,59.840867905803435
NOR,"Asphaugen 5, 9303 Silsand, Norway",17.958883437308884,69.25096531363715
NOR,"Asphaugjordet 1, 2484 Rendalen, Norway",11.074974132270995,61.89278127248062
NOR,"Åsringen 63, 5417 Stord, Norway",5.500579870073381,59.786863387463086
NOR,"Åsringen 87, 5417 Stord, Norway",5.500189776299607,59.787931535294234
NOR,"Åsta Kongsmors gate 22, 4044 Hafrsfjord, Norway",5.680784501918026,58.94231304942738
NOR,"Åsterudveien 27, 1344 Haslum, Norway",10.553380786698966,59.92462734222627
NOR,"Åstveitveien 73, 5106 Øvre Ervik, Norway",5.303777142103655,60.44968015069594
NOR,"Åsvangvegen 9, 7049 Trondheim, Norway",10.450225374871025,63.41113822227862
NOR,"Åsvegen 1, 5550 Sveio, Norway",5.356680781280943,59.546020505738454
NOR,"Åsvegen 1, 2860 Hov, Norway",10.36063288820938,60.69624699218954
NOR,"Åsvegen 11, 6080 Gurskøy, Norway",5.798152855503446,62.278712048325076
NOR,"Åsvegen 57, 9020 Tromsdalen, Norway",19.008596026808306,69.64372105414222
NOR,"Åsvegen 6, 7510 Skatval, Norway",10.826505101670733,63.50990084629035
NOR,"Åsvegen 814, 2032 Maura, Norway",11.008753576785665,60.23543996281708
NOR,"Åsvegen, 2740 Roa, Norway",10.62652208797861,60.27907904987166
NOR,"Åsveien 124, 4328 Sandnes, Norway",5.757764906509664,58.864088351309334
NOR,"Åsveien 30, 8982 Vega, Norway",11.950639855093613,65.67522685307787
NOR,"Åsveien 8, 8850 Herøy, Norway",12.296900550041755,65.98354418109335
NOR,"Asylplassen 2, 5018 Bergen, Norway",5.332133623460379,60.393012156893036
NOR,"Audenbyjordet 19, 2435 Braskereidfoss, Norway",11.82180489032612,60.72956317138372
NOR,"Augerødveien 1, 1591 Sperrebotn, Norway",10.784050175353912,59.46791868632096
NOR,"Auglendsdalen 62, 4017 Stavanger, Norway",5.725789538456951,58.94000957670622
NOR,"Aulerødveien 32, 3170 Sem, Norway",10.330174141717237,59.28403004039268
NOR,"Aunåsen 1, 7039 Trondheim, Norway",10.677196248749823,63.28369054630571
NOR,"Aurdalslia 12, 5253 Sandsli, Norway",5.281943541617096,60.30551791205329
NOR,"Aurskoggata 1, 0655 Oslo, Norway",10.781857385664182,59.91143946531761
NOR,"Aurveien 37, 1930 Aurskog, Norway",11.440478754900624,59.93024191815883
NOR,"Ausevegen 11, 6443 Tornes i Romsdal, Norway",7.056200162999431,62.841734375265304
NOR,"Austadroa 20, 2836 Biri, Norway",10.621345448597026,60.93963244042342
NOR,"Austbøgeilen 39, 4085 Hundvåg, Norway",5.739781197970643,58.99515017820298
NOR,"Austefjordsvegen 16, 5379 Steinsland, Norway",5.100662757223773,60.193237373695354
NOR,"Austre Skiftedalsveg 23, 5354 Straume, Norway",5.125356598349924,60.36779360862812
NOR,"Austre Skiftedalsveg 27, 5354 Straume, Norway",5.127809227038085,60.367469564251365
NOR,"Austreivegen 1, 4250 Kopervik, Norway",5.294803895659186,59.28902490031393
NOR,"Austrheimvegen 127, 5518 Haugesund, Norway",5.285861997532606,59.43755955874806
NOR,"Austvegen 46, 4341 Bryne, Norway",5.634394104422256,58.746727583346285
NOR,"Avlangruds vei 5, 1285 Oslo, Norway",10.83860898895125,59.85112655900937
NOR,"Baches vei 8, 3413 Lier, Norway",10.235356879530173,59.74899122479789
NOR,"Badebakken 28, 0467 Oslo, Norway",10.762983686645981,59.9462063843134
NOR,"Badelandvegen 65, 2833 Raufoss, Norway",10.593830007404932,60.720194341018896
NOR,"Badeveien 287, 3370 Vikersund, Norway",9.942822675194037,59.967712000928685
NOR,"Badstumyra 22, 8193 Rødøy, Norway",13.074777374544539,66.66160452489817
NOR,"Bæreiavegen 116, 2208 Kongsvinger, Norway",11.98280180431101,60.18603891142925
NOR,"Bærumsveien 126, 1358 Jar, Norway",10.612646960938662,59.9247430124901
NOR,"Baglerveien 10, 4371 Egersund, Norway",5.997015687635638,58.43318858110959
NOR,"Båhusveien 46, 0585 Oslo, Norway",10.785038234100227,59.934170935272306
NOR,"Bakarvegen 8, 6040 Vigra, Norway",6.120411719251621,62.58244485248926
NOR,"Bakåsveien 27, 3265 Larvik, Norway",9.993245354850416,59.036796250863375
NOR,"Bakhusvegen 1, 3660 Rjukan, Norway",8.689206753101598,59.88834905180723
NOR,"Bakkalykkja 2, 2632 Venabygd, Norway",10.049223895207604,61.594384513606485
NOR,"Bakkane 8, 3728 Skien, Norway",9.585255714871579,59.19367647692266
NOR,"Bakkavegen 30, 3520 Jevnaker, Norway",10.38025257661019,60.259262588927186
NOR,"Bakkehaugvegen 4, 2383 Brumunddal, Norway",10.936297052975874,60.88837777305784
NOR,"Bakkekroken 12, 3442 Hyggen, Norway",10.374030019330803,59.71707934966176
NOR,"Bakkelia 4, 8403 Sortland, Norway",15.393025211707226,68.68687609615125
NOR,"Bakkelidvegen 30, 6104 Volda, Norway",6.126378377027066,62.148930012317805
NOR,"Bakkelygata 15, 8800 Sandnessjøen, Norway",12.607848873644997,66.01670521125976
NOR,"Bakkerudvegen 70, 2835 Raufoss, Norway",10.611833078140307,60.709606991479916
NOR,"Bakkestien 6, 2040 Kløfta, Norway",11.136579611867944,60.06910457279025
NOR,"Bakkestølvegen 80, 3580 Geilo, Norway",8.198367072361691,60.52143028961561
NOR,"Bakketoppen 21A, 1165 Oslo, Norway",10.8107903743213,59.853021036765085
NOR,"Bakkevegen 1, 2040 Kløfta, Norway",11.135412683307862,60.06968032571939
NOR,"Bakkevegen 1, 3579 Torpo, Norway",8.730287844655237,60.66489486054746
NOR,"Bakkevegen 4, 2040 Kløfta, Norway",11.139154364885371,60.066125728220726
NOR,"Bakkevei 63, 4900 Tvedestrand, Norway",8.930514580072156,58.61561227991041
NOR,"Bakkeveien 11, 9513 Alta, Norway",23.244021489864224,69.96382057199432
NOR,"Baklivegen 1643, 2651 Østre Gausdal, Norway",10.18702498180187,61.23385773563473
NOR,"Baklivegen 181, 2625 Fåberg, Norway",10.359099335204377,61.15481957381351
NOR,"Baklivegen 2, 2625 Fåberg, Norway",10.389684732253528,61.15281181463638
NOR,"Baksidevegen 382, 2647 Sør-fron, Norway",9.982353406950068,61.53504386615708
NOR,"Balavegen 1, 6899 Balestrand, Norway",6.531882531257281,61.203589132616116
NOR,"Balchens vei 3, 4656 Hamresanden, Norway",8.086023585910908,58.19327847947986
NOR,"Balders vei 2, 1540 Vestby, Norway",10.758186136725442,59.6012067886075
NOR,"Baldershage 111, 7045 Trondheim, Norway",10.452147177631105,63.43250067598768
NOR,"Bålfjordnesveien 4, 7167 Vallersund, Norway",9.745355178483464,63.85144152392235
NOR,"Ballerud alle 1, 1363 Høvik, Norway",10.579551435345564,59.90689316294478
NOR,"Ballestadvegen 4, 3713 Skien, Norway",9.649789999076063,59.17956671639325
NOR,"Bålyveien 36, 4521 Lindesnes, Norway",7.147090671186845,58.04277218787129
NOR,"Bamse Brakars vei 1, 4638 Kristiansand s, Norway",8.07209235991914,58.15736546095337
NOR,"Baneveien 20, 1738 Borgenhaugen, Norway",11.144149031651882,59.26825950897266
NOR,"Bankgata 7, 6770 Nordfjordeid, Norway",5.993488163684248,61.90785708926052
NOR,"Banktjørnhaugen 2, 5210 Os, Norway",5.461160366172521,60.20343659920778
NOR,"Bankveien 28, 1580 Rygge, Norway",10.745695676070483,59.3832796529789
NOR,"Bånntjernveien 42, 3514 Hønefoss, Norway",10.344341569740493,60.164601272048714
NOR,"Bård Skolemesters vei 20B, 0590 Oslo, Norway",10.811882536305063,59.94562459641398
NOR,"Bård Skolemesters vei 30, 0590 Oslo, Norway",10.813515414862678,59.945691986915506
NOR,"Bardalsvegen 21, 7724 Steinkjer, Norway",11.37583047681295,64.03823424784383
NOR,"Bårdsgjerdevegen 8, 6240 Ørskog, Norway",6.8464254340373145,62.48414884902729
NOR,"Bårdshaugvegen 25, 6650 Surnadal, Norway",8.725337911734982,62.97731677208901
NOR,"Bårlibråten 8, 1467 Strømmen, Norway",11.010803957940453,59.94015519504444
NOR,"Barlinveien 1, 3084 Holmestrand, Norway",10.309292809250422,59.48621721914327
NOR,"Barnehagevegen 24, 5593 Skånevik, Norway",5.927735318396117,59.73246051917434
NOR,"Barnehagevegen 66, 6290 Haramsøy, Norway",6.268032456872987,62.63808048918753
NOR,"Barnehageveien 13, 7884 Sørli, Norway",13.831897421661722,64.22280161838177
NOR,"Barnehageveien 18, 9357 Tennevoll, Norway",17.798556237387743,68.74644682684283
NOR,"Barnehjemsveien 2, 1181 Oslo, Norway",10.786075326980125,59.898203727741816
NOR,"Barstadhuset Seljebakken 24, 6102 Volda, Norway",6.062309120810738,62.14850643284083
NOR,"Barstadvegen 19, 7820 Spillum, Norway",11.495377789947838,64.42186180242425
NOR,"Basaltveien 20, 1359 Eiksmarka, Norway",10.606999569855162,59.95597909668274
NOR,"Bashammervegen 54, 2270 Flisa, Norway",12.04655464368247,60.616013570975525
NOR,"Bassengvegen 23, 2390 Moelv, Norway",10.71566558010673,60.939604528685834
NOR,"Båstadveien 488, 1866 Båstad, Norway",11.294676890268306,59.690789133166334
NOR,"Basunvegen 11, 7560 Vikhammer, Norway",10.637102672195567,63.434461706054606
NOR,"Båtsmannsgata 4, 7042 Trondheim, Norway",10.415554135299999,63.439115129150025
NOR,"Batterigata 4D, 7012 Trondheim, Norway",10.38128802687532,63.43091248926153
NOR,"Bauneveien 47, 1182 Oslo, Norway",10.797014716452452,59.8912200517446
NOR,"Bedehusgata 29, 3055 Krokstadelva, Norway",9.988034828560444,59.7603689458968
NOR,"Bedehusvegen 5, 6052 Giske, Norway",6.049416328803375,62.505013417687735
NOR,"Beintegata 16, 3221 Sandefjord, Norway",10.190614028922568,59.14534495638
NOR,"Beisfjordveien 39, 8514 Narvik, Norway",17.43928540378775,68.41266221758568
NOR,"Bekkefaret 10, 1404 Siggerud, Norway",10.883004242034161,59.79415560131619
NOR,"Bekkefaret 1A, 2613 Lillehammer, Norway",10.467558731542681,61.1055577877469
NOR,"Bekkelagsveien 18E, 1177 Oslo, Norway",10.775053124304407,59.88294929260525
NOR,"Bekkelundsgata 3, 4024 Stavanger, Norway",5.712045228905993,58.969464590293114
NOR,"Bekkemoen 6, 3050 Mjøndalen, Norway",10.02538475674828,59.736078525770495
NOR,"Bekkevegen 12, 4104 Jørpeland, Norway",6.046307816191728,59.02969216882701
NOR,"Bekkevegen 54, 2383 Brumunddal, Norway",10.928813438363761,60.89141298592622
NOR,"Bekkeveien 1, 1396 Billingstad, Norway",10.485094762633139,59.8761664470081
NOR,"Bekkevollvegen 8B, 6412 Molde, Norway",7.143432892460112,62.73881881159676
NOR,"Bekkinga 2, 1481 Hagan, Norway",10.92162780040951,59.99595042317918
NOR,"Bekkjarvikveien 3, 5114 Tertnes, Norway",5.287255153659373,60.45748969561305
NOR,"Belsetveien 84, 1348 Rykkinn, Norway",10.48767898720115,59.9297487688855
NOR,"Bendixens vei 49, 5067 Bergen, Norway",5.352130162227951,60.360908503812226
NOR,"Benjaminsveien 4, 7020 Trondheim, Norway",10.351636842988256,63.410066931233786
NOR,"Bentnesveien 57, 6512 Kristiansund n, Norway",7.754298703630582,63.122722675615336
NOR,"Bentsegata 6A, 0465 Oslo, Norway",10.75801623554807,59.937937888287905
NOR,"Beredskapsveien 20, 9360 Bardu, Norway",18.51576166158344,69.00745095173244
NOR,"Berganveien 41, 3175 Ramnes, Norway",10.246951985287922,59.36640290048271
NOR,"Bergekrossen 1, 4110 Forsand, Norway",6.1068910388773645,58.901637391607096
NOR,"Bergemoveien 63, 4886 Grimstad, Norway",8.553734118376724,58.34651136228186
NOR,"Bergeråsveien 2, 3075 Berger, Norway",10.382437990225128,59.54838994403761
NOR,"Bergersletta 125, 1459 Nesodden, Norway",10.676027476171043,59.835504451690014
NOR,"Bergerveien 17, 1396 Billingstad, Norway",10.481248642542056,59.8693420271712
NOR,"Bergflødtveien 25, 3404 Lier, Norway",10.223600254498223,59.791013603001375
NOR,"Bergfotvegen 25, 2114 Disenå, Norway",11.640944206919954,60.1996631083077
NOR,"Bergheimsvegen 24, 7049 Trondheim, Norway",10.456029256086822,63.40947244475106
NOR,"Berghoffveien 43, 1340 Skui, Norway",10.448753428854388,59.93027192537221
NOR,"Berglyveien 2B, 1263 Oslo, Norway",10.805901461656163,59.836505292838666
NOR,"Bergsalléen 22, 0854 Oslo, Norway",10.738430577674137,59.94852431581754
NOR,"Bergsalléen 23, 0854 Oslo, Norway",10.739131723874777,59.948749495646325
NOR,"Bergsengveien 18, 9403 Harstad, Norway",16.50795202539672,68.81051252075028
NOR,"Bergsmeierivegen 6, 2353 Stavsjø, Norway",10.847024838834557,60.802308703215004
NOR,"Bergstien 13, 0172 Oslo, Norway",10.743050431247354,59.92561640680097
NOR,"Bergstø 6, 4790 Lillesand, Norway",8.383403368472784,58.252019276028506
NOR,"Bergsvingen 71, 1727 Sarpsborg, Norway",11.122513269596965,59.31032788441996
NOR,"Bergtoras vei 62, 4633 Kristiansand s, Norway",8.02305956744732,58.17124551542628
NOR,"Bergtoras vei 8, 4633 Kristiansand s, Norway",8.03644781375138,58.171535948371286
NOR,"Bergveien 13, 1890 Rakkestad, Norway",11.321770302635514,59.43920392051302
NOR,"Bergveien 19, 1890 Rakkestad, Norway",11.321212989893382,59.439564174711506
NOR,"Bergveien 6, 8520 Ankenes, Norway",17.40450000269547,68.41281598359944
NOR,"Berlandsvegen 44, 5314 Kjerrgarden, Norway",5.077042386437313,60.508814645236725
NOR,"Bernhard Hanssens gate 5, 4405 Flekkefjord, Norway",6.664925714333037,58.29512099190387
NOR,"Bernhard Herres vei 9, 0376 Oslo, Norway",10.68521932265034,59.941771100248104
NOR,"Bernhoffs gate 13, 8480 Andenes, Norway",16.115028856375744,69.31687594825257
NOR,"Bernt Ankers vei 9, 2010 Strømmen, Norway",11.013845750602826,59.95134537105977
NOR,"Bernt Knudsens vei 10B, 1176 Oslo, Norway",10.801978563332,59.878254630546195
NOR,"Bernt Knudsens vei 15, 1176 Oslo, Norway",10.801526829670767,59.87765404186381
NOR,"Berrvellene 36, 6817 Naustdal, Norway",5.715936527455199,61.51458041347311
NOR,"Berta Bråtens vei 6, 1362 Hosle, Norway",10.585854458895454,59.940402251640535
NOR,"Beryllvegen 3, 4735 Evje, Norway",7.826537968510081,58.590073962039355
NOR,"Bestumveien 26, 0281 Oslo, Norway",10.661023953306028,59.920783485249046
NOR,"Bestumveien 43, 0281 Oslo, Norway",10.655956506103252,59.92212257810036
NOR,"Bevervegen 8, 2211 Kongsvinger, Norway",12.014099327853927,60.17535680447489
NOR,"Beverveien 27, 0596 Oslo, Norway",10.849186112568333,59.94260103439103
NOR,"Billingstadveien 60, 1396 Billingstad, Norway",10.470990869435951,59.87431027454991
NOR,"Bingsveien, 3330 Skotselv, Norway",9.879289402878785,59.84829420148945
NOR,"Binneveien 4, 0774 Oslo, Norway",10.68217174647478,59.95016260070267
NOR,"Biørn Biørnstads vei 27, 1519 Moss, Norway",10.600208048988236,59.43152714494221
NOR,"Birch-Reichenwalds gate 2D, 0483 Oslo, Norway",10.772696300769553,59.9442277941593
NOR,"Birivegen 116-118, 2836 Biri, Norway",10.604459685554929,60.9620686997483
NOR,"Birkelandsbotn 55, 5226 Nesttun, Norway",5.3793685815201115,60.303501184239764
NOR,"Birkelundsbakken 54B, 5231 Paradis, Norway",5.360857902728412,60.34432214235156
NOR,"Birkelundsbakken 56B, 5231 Paradis, Norway",5.359948047138715,60.34467472710864
NOR,"Birkelundsbakken 7, 5231 Paradis, Norway",5.353590373580147,60.33778626953148
NOR,"Birkelundveien 32, 1481 Hagan, Norway",10.920285522434995,60.00527508091426
NOR,"Birkemoveien 65, 4463 Ualand, Norway",6.343603863540864,58.530350848348036
NOR,"Birkenesvegen 26E, 4647 Brennåsen, Norway",7.846992243010078,58.137080291349946
NOR,"Birkenesvegen 62, 4647 Brennåsen, Norway",7.846117675232762,58.12667851714727
NOR,"Birkeveien 25D, 5093 Bergen, Norway",5.362493547314074,60.36299911810224
NOR,"Biskop Heuchs vei 6, 0871 Oslo, Norway",10.751810358256023,59.944819388885435
NOR,"Bispegata 9C, 7012 Trondheim, Norway",10.390112376953539,63.42709405507293
NOR,"Bispegra 28, 4632 Kristiansand s, Norway",8.022798638801476,58.15844362515884
NOR,"Bitehagen 10B, 3440 Røyken, Norway",10.36646266950595,59.74208927235662
NOR,"Bjarne Erlingsøns gate 31, 9405 Harstad, Norway",16.53709405871905,68.80306557696454
NOR,"Bjarne Ness' veg 31, 7033 Trondheim, Norway",10.435061087103122,63.40266491444905
NOR,"Bjerga 14, 6963 Dale i Sunnfjord, Norway",5.393265106432722,61.362245986872466
NOR,"Bjergvegen 20, 6657 Rindal, Norway",9.173710303927635,63.048726186644615
NOR,"Bjerkealléen 21-23, 0487 Oslo, Norway",10.781960231616154,59.94651722719266
NOR,"Bjerkealleen 38, 1512 Moss, Norway",10.62882629718112,59.44262507811311
NOR,"Bjerkealléen 50A, 0487 Oslo, Norway",10.778894131434555,59.94977397376195
NOR,"Bjerkelundsveien 31, 1358 Jar, Norway",10.60970549965728,59.92791606575619
NOR,"Bjerkelundsveien 37C, 1358 Jar, Norway",10.60639087604656,59.92715897035188
NOR,"Bjerkengveien 9, 8009 Bodø, Norway",14.417241846405545,67.2893911773755
NOR,"Bjerkeveien 2, 1446 Drøbak, Norway",10.642393413298947,59.65747647437149
NOR,"Bjerkeveien 4, 1446 Drøbak, Norway",10.643505021298068,59.657705048871094
NOR,"Bjerkreimsgata 4, 4015 Stavanger, Norway",5.760715755522597,58.963945861423355
NOR,"Bjerkveien 13, 7391 Rennebu, Norway",10.003255610355751,62.82782179900809
NOR,"Bjoavegen 1331, 5584 Bjoa, Norway",5.677584207466623,59.661143473191714
NOR,"Bjølsengata 11, 0468 Oslo, Norway",10.75787785032665,59.941004198017055
NOR,"Bjølsengata 12, 0468 Oslo, Norway",10.75761365273857,59.94047601238847
NOR,"Bjølsengata 20, 0468 Oslo, Norway",10.757088861780744,59.941722443300165
NOR,"Bjønnaberget 7, 6260 Skodje, Norway",6.605292328915226,62.523971271013835
NOR,"Bjønndalsveien Bjønndalen, 1481 Hagan, Norway",10.900588898792062,59.998198988725086
NOR,"Bjønnvegen 2, 7227 Gimse, Norway",10.240387362539963,63.274603012611436
NOR,"Bjørbekkvegen 5, 3729 Skien, Norway",9.382179970565346,59.174261809873514
NOR,"Bjørgedalen 94, 5141 Fyllingsdalen, Norway",5.248710301354862,60.33432634562922
NOR,"Bjørgevegen 100, 4260 Torvastad, Norway",5.263439484528931,59.390318691446595
NOR,"Bjørgeveien 316, 5170 Bjørndalstræ, Norway",5.242397051883103,60.35483078581973
NOR,"Bjørgvingata 40, 5531 Haugesund, Norway",5.289419863973478,59.40864379490196
NOR,"Bjørkåshøgda 10, 8540 Ballangen, Norway",16.779810086255793,68.33015851598705
NOR,"Bjørkavågdalen 1, 6037 Eidsnes, Norway",6.302888517409059,62.42528538332567
NOR,"Bjørkekroken 39, 1405 Langhus, Norway",10.856548776317652,59.76292446244645
NOR,"Bjørkeli 2, 5560 Nedstrand, Norway",5.795973895953949,59.35077132161277
NOR,"Bjørkeveien 2, 3750 Drangedal, Norway",9.052358199400999,59.092839499513076
NOR,"Bjørkeveien 24, 9901 Kirkenes, Norway",30.08519205734376,69.72191981026992
NOR,"Bjørkhaugen 13, 3647 Hvittingfoss, Norway",10.011940100235847,59.48982131178016
NOR,"Bjørklymoen 13, 9152 Sørkjosen, Norway",20.948190466011027,69.78347935703746
NOR,"Bjørkvangveien 2, 8530 Bjerkvik, Norway",17.563188540545838,68.55680211845637
NOR,"Bjørn Bondes vei 159, 1253 Oslo, Norway",10.788167952926898,59.827696625063055
NOR,"Bjørnangvegen 49, 7620 Skogn, Norway",11.241439567525617,63.668115722792265
NOR,"Bjørnåsveien 75, 1596 Moss, Norway",10.696703284371978,59.43447317436079
NOR,"Bjørndalen 18, 3475 Sætre, Norway",10.517726601342531,59.67551277935297
NOR,"Bjørndalen 20, 3475 Sætre, Norway",10.517327790389459,59.676119126228684
NOR,"Bjørndalen allé 8, 4633 Kristiansand s, Norway",8.022622283558661,58.16301519896976
NOR,"Bjørndalslia 49, 8029 Bodø, Norway",14.588668697787767,67.29550984096505
NOR,"Bjørndalsskogen 41, 5170 Bjørndalstræ, Norway",5.239458356629797,60.345228645179986
NOR,"Bjørndalsveien 10, 8029 Bodø, Norway",14.58675586366408,67.29064305652429
NOR,"Bjørndalsveien 3, 3220 Sandefjord, Norway",10.175732965662945,59.17916991709694
NOR,"Bjørndalsveien 9, 1395 Hvalstad, Norway",10.468612839686045,59.850241891038706
NOR,"Bjørnebåsen 4, 9406 Harstad, Norway",16.50977601134673,68.79574834313047
NOR,"Bjørnebuveien 4, 3132 Husøysund, Norway",10.448521753050642,59.236637628281784
NOR,"Bjørnefaret 2, 1270 Oslo, Norway",10.833021779932551,59.83069013796313
NOR,"Bjørnefaret 7, 3320 Vestfossen, Norway",9.82353633147359,59.7553848344375
NOR,"Bjørnegårdsvingen 25, 1338 Sandvika, Norway",10.50905367848884,59.8939153784392
NOR,"Bjørnemyrsveien 67, 1344 Haslum, Norway",10.568188759762876,59.91407989054642
NOR,"Bjørnemyrsveien 89, 1344 Haslum, Norway",10.567014622766067,59.91466863542547
NOR,"Bjørnemyrveien 11, 1453 Bjørnemyr, Norway",10.639865263663182,59.83454987864687
NOR,"Bjørnenga 1, 1364 Fornebu, Norway",10.610307655581408,59.89311934909463
NOR,"Bjørnestien 26, 3188 Horten, Norway",10.451496071392427,59.4186609235679
NOR,"Bjørnsgårdlinna 143, 2849 Kapp, Norway",10.81413190384123,60.71957625947874
NOR,"Bjørnshovden 19, 5708 Voss, Norway",6.465353270278001,60.58769723893502
NOR,"Bjørnstadvegen 6, 2635 Tretten, Norway",10.268075890032605,61.2957959767877
NOR,"Bjørnstjerne Bjørnsons gate 6, 3722 Skien, Norway",9.595888326687685,59.209173610065676
NOR,"Bjørnstjerne Bjørnsons plass 1, 0340 Oslo, Norway",10.719662406816923,59.93472254832028
NOR,"Bjørnstjerne Bjørnsons veg 117, 6410 Molde, Norway",7.117933298981711,62.737633694306766
NOR,"Bjørnstjerne Bjørnsons veg 8, 6412 Molde, Norway",7.150372437737133,62.73564944636806
NOR,"Bjorøyvegen 163, 5177 Bjørøyhamn, Norway",5.173949592362135,60.32011323623365
NOR,"Blåbæråsen 3, 4790 Lillesand, Norway",8.346758609799082,58.24066904757203
NOR,"Blåbærlia 4, 6429 Molde, Norway",7.187283740931775,62.74969676171881
NOR,"Blåbærsvingen 4, 9060 Lyngseidet, Norway",20.212531779060384,69.57217597848373
NOR,"Blåbærveien 1, 7200 Kyrksæterøra, Norway",9.07196959423562,63.29861225920308
NOR,"Blådalen 35, 5106 Øvre Ervik, Norway",5.315539299191698,60.45249588342966
NOR,"Blakkens vei 123, 1281 Oslo, Norway",10.829809331721549,59.84172851771197
NOR,"Blåsmoen 17, 4640 Søgne, Norway",7.831549927513834,58.085683424997
NOR,"Blåtindveien 5, 8300 Svolvær, Norway",14.57695817322329,68.24461503338284
NOR,"Blåveisvegen 4, 7670 Inderøy, Norway",11.295532095849296,63.86704070673653
NOR,"Bleikenvegen 75, 2760 Brandbu, Norway",10.485802614356288,60.46506458915076
NOR,"Bleikerfaret 14, 1387 Asker, Norway",10.453618872190646,59.83048323068326
NOR,"Bleksliveien 208, 1458 Fjellstrand, Norway",10.625967313827005,59.8061087819776
NOR,"Blestervegen 3, 2618 Lillehammer, Norway",10.47057588140973,61.13536329061509
NOR,"Blikravegen 48, 5576 Øvre Vats, Norway",5.699839250044818,59.5489735759557
NOR,"Bliksåsen 70, 4820 Froland, Norway",8.613889528724314,58.50985034765202
NOR,"Bliksrudveien 8, 1484 Hakadal, Norway",10.868540346095585,60.088151316199514
NOR,"Blikssundveien 29, 4770 Høvåg, Norway",8.25002901640255,58.16865831528261
NOR,"Blindernveien 10, 0361 Oslo, Norway",10.724385022523052,59.934852174452914
NOR,"Blindernveien 12, 0361 Oslo, Norway",10.722635803149387,59.935288201056096
NOR,"Blindernveien 3B, 0361 Oslo, Norway",10.727321622300565,59.935568198531655
NOR,"Blisterhaugvegen 14, 7078 Saupstad, Norway",10.3532408039799,63.36508649558067
NOR,"Blokkaveien 14, 0280 Oslo, Norway",10.654100920378283,59.924416327813844
NOR,"Blokkebærvegen 1, 5533 Haugesund, Norway",5.318963306638864,59.41489262944782
NOR,"Blombakkane 4, 5354 Straume, Norway",5.1176633523393775,60.36243618948498
NOR,"Blommenholmveien 21, 1365 Blommenholm, Norway",10.557741890921136,59.900527400849626
NOR,"Blomsterbakken 78, 2611 Lillehammer, Norway",10.50962465373317,61.10252647246352
NOR,"Blomsterdalen 1, 6700 Måløy, Norway",5.078718012701131,61.92937645219703
NOR,"Blomsterveien 6, 1781 Halden, Norway",11.361460374370893,59.123525479400314
NOR,"Blørstadkollen 5, 4626 Kristiansand s, Norway",7.962593691406113,58.130814190083555
NOR,"Bøbakkan 4, 4380 Hauge i Dalane, Norway",6.295180016334712,58.34605220162592
NOR,"Bodinveien 64, 8010 Bodø, Norway",14.42914205343888,67.28872523516822
NOR,"Boen 28, 4658 Tveit, Norway",8.145342147045454,58.245570491182406
NOR,"Bogafjellbakken 90, 4324 Sandnes, Norway",5.743732846222684,58.81752080228995
NOR,"Bogane 3, 5260 Indre Arna, Norway",5.472237554133045,60.43039720525519
NOR,"Boganesveien 14A, 4020 Stavanger, Norway",5.725625588430859,58.92035309175046
NOR,"Bøgata 12, 0655 Oslo, Norway",10.781009472338951,59.912103898782334
NOR,"Bøgata 37, 6008 Ålesund, Norway",6.224805892549824,62.47396056189851
NOR,"Bogerudveien 25, 0692 Oslo, Norway",10.837990739773034,59.87681399093793
NOR,"Bogerudveien 27, 0692 Oslo, Norway",10.838145972619827,59.876713030914175
NOR,"Bøhlerveien 2, 1405 Langhus, Norway",10.838303720037601,59.74825667671311
NOR,"Bokfinkvegen 1, 3929 Porsgrunn, Norway",9.665022515535838,59.11788190208276
NOR,"Bokfinkvegen 36, 2209 Kongsvinger, Norway",12.02690695972504,60.17792208594173
NOR,"Bøkkerveien 16B og C, 0579 Oslo, Norway",10.795616531183754,59.92809858169784
NOR,"Boknatun, 5561 Bokn, Norway",5.4405877936681275,59.22870120204787
NOR,"Bølerlia 3A, 0691 Oslo, Norway",10.844006012586874,59.882805165780155
NOR,"Bølerlia 3B, 0691 Oslo, Norway",10.843335627970902,59.882638491635504
NOR,"Bølerlia 4, 0691 Oslo, Norway",10.844995831532856,59.88254432095334
NOR,"Bølerlia 73C, 0691 Oslo, Norway",10.846064356549675,59.87774295726686
NOR,"Boligveien 22, 3470 Slemmestad, Norway",10.488645420637283,59.779290547491655
NOR,"Bolleveien 150, 8370 Leknes, Norway",13.592755605277034,68.16230545666176
NOR,"Bolsethvegen 31, 6011 Ålesund, Norway",6.372624275448089,62.46051272026287
NOR,"Bolstadhagen 6, 3028 Drammen, Norway",10.130108925574518,59.75727547880135
NOR,"Bolstadvegen 9, 6876 Skjolden, Norway",7.602466562577746,61.49130621528781
NOR,"Bømarka 1, 6100 Volda, Norway",6.085418195503479,62.14179973683403
NOR,"Bonå, 8264 Engan, Norway",15.812334475032555,67.58377544563237
NOR,"Bondelivegen 12, 2816 Gjøvik, Norway",10.706544644528321,60.770111466185256
NOR,"Bøndernes Hus Løkenåsveien 41, 1473 Lørenskog, Norway",10.960948230214854,59.91923237215693
NOR,"Bønesskogen 331, 5154 Bønes, Norway",5.299403884121858,60.33608998187634
NOR,"Bønesstølen 11, 5154 Bønes, Norway",5.302900981764736,60.32890677467404
NOR,"Bonnevies gate 8, 3611 Kongsberg, Norway",9.641847726722176,59.67468691043308
NOR,"Bønsmovegen 19A, 2070 Råholt, Norway",11.177895689000337,60.28414938146443
NOR,"Bordalen 2, 4639 Kristiansand s, Norway",8.096437765330279,58.12541930383324
NOR,"Bordalen 3, 4540 Åseral, Norway",7.422342648460699,58.6184820340101
NOR,"Bordalsbakken 3, 4639 Kristiansand s, Norway",8.095379885330516,58.1269657649691
NOR,"Boremarkveien 2, 4032 Stavanger, Norway",5.72099492220255,58.91060003494405
NOR,"Børesvingen 1, 4085 Hundvåg, Norway",5.748324033687055,58.99597986088878
NOR,"Borgehaven 7, 3911 Porsgrunn, Norway",9.668887914004216,59.14863007569156
NOR,"Borgejordet 74, 3269 Larvik, Norway",10.040810056981087,59.05909722627098
NOR,"Borgensvingen 118 - 122, 9104 Kvaløya, Norway",18.810542635065758,69.68540564164772
NOR,"Borgenv 14, 0370 Oslo, Norway",10.697695785526975,59.93581098035713
NOR,"Borgenveien 7, 0370 Oslo, Norway",10.701142088836605,59.935306725062105
NOR,"Borger Withs gate 39, 0482 Oslo, Norway",10.77784589062344,59.941333816359446
NOR,"Borgevegen 43, 3712 Skien, Norway",9.662098740070178,59.16821585929404
NOR,"Borgeveien 2B, 4658 Tveit, Norway",8.103034742224509,58.21262927642681
NOR,"Borggata 4, 0650 Oslo, Norway",10.770119452276333,59.91217602505915
NOR,"Borgosveien 15, 8373 Ballstad, Norway",13.550986067182833,68.07728370562069
NOR,"Borgosveien 2, 7370 Brekkebygd, Norway",11.864237520780534,62.64935452614415
NOR,"Borgundfjordvegen 78, 6017 Ålesund, Norway",6.335597385808626,62.460598844317985
NOR,"Borgundgavlen 51, 6015 Ålesund, Norway",6.232470053356366,62.46496916863367
NOR,"Borgundvegen 234, 6008 Ålesund, Norway",6.211330893547881,62.47222785487409
NOR,"Børjavegen 51, 7540 Klæbu, Norway",10.492394478289583,63.29489631266097
NOR,"Borkenveien 41, 1339 Vøyenenga, Norway",10.474767252092619,59.906489658125906
NOR,"Borkenveien 45, 1339 Vøyenenga, Norway",10.473365714062652,59.90670021153366
NOR,"Børkesvevegen 71, 2386 Brumunddal, Norway",10.958324610701908,60.89925798629375
NOR,"Børsingveien 12, 8075 Bodø, Norway",14.446402236095821,67.27803009435442
NOR,"Bøstrand-FV819 70, 8540 Ballangen, Norway",16.892186262128973,68.38179254829035
NOR,"Botnhamnveien 592, 9373 Botnhamn, Norway",17.872340035565344,69.50110716256364
NOR,"Bottenveien 5, 3241 Sandefjord, Norway",10.216273716751601,59.16434530595521
NOR,"Brådalsfjellet 1, 2022 Gjerdrum, Norway",11.013881876605495,60.06873086563718
NOR,"Brådalsgutua 12, 2022 Gjerdrum, Norway",11.027952996561282,60.072003537822525
NOR,"Brageveien 9, 1517 Moss, Norway",10.630200258749625,59.42939571078372
NOR,"Brakabygda 49, 5640 Eikelandsosen, Norway",5.744060410998799,60.247012982259974
NOR,"Bråmyra 78, 7074 Spongdal, Norway",10.160347647108296,63.35765011299293
NOR,"Brånåsveien 10, 2019 Skedsmokorset, Norway",11.023245552099894,59.99566288199074
NOR,"Brandaneset 26, 5306 Erdal, Norway",5.226117468078684,60.45815299752081
NOR,"Branderudveien 91, 2015 Leirsund, Norway",11.108266632588709,59.99322777148021
NOR,"Branesvegen 2, 3570 Ål, Norway",8.52420006344289,60.62002829304899
NOR,"Brannåsvegen 8, 7549 Tanem, Norway",10.434364718587318,63.3075361388305
NOR,"Brårveien 187, 3175 Ramnes, Norway",10.251400428941196,59.358196430540744
NOR,"Bråtasvingen 11, 3425 Reistad, Norway",10.279009160715617,59.79505761982642
NOR,"Bråtåvegen 8, 2693 Nordberg, Norway",8.094204155772076,61.913787914399904
NOR,"Bråtebakken 2, 1970 Hemnes, Norway",11.459754198538036,59.720531687941644
NOR,"Bråtenalléen 10, 0487 Oslo, Norway",10.785261108905672,59.948637136234254
NOR,"Bråtenalléen 33, 0487 Oslo, Norway",10.777867264476555,59.95146108323311
NOR,"Bråtengata 79, 1517 Moss, Norway",10.630362867671238,59.428378734471465
NOR,"Bråtengata 80, 1517 Moss, Norway",10.636139926796858,59.42863882492699
NOR,"Bråteveien 59, 1465 Strømmen, Norway",11.000741064083172,59.95359486432449
NOR,"Bratnerenga 21, 1785 Halden, Norway",11.411510981345316,59.14316997823454
NOR,"Bratsberghavna 7, 3714 Skien, Norway",9.630394442766146,59.20286819767341
NOR,"Brattåsveien 64, 3140 Nøtterøy, Norway",10.391279054056525,59.19546194802757
NOR,"Brattebøveien 8, 4336 Sandnes, Norway",5.758788336887392,58.82423629929508
NOR,"Bratthaugmyra 57, 6030 Langevåg, Norway",6.210786237479567,62.4376538034704
NOR,"Brattkleiva 3, 7900 Rørvik, Norway",11.228982215388214,64.86920523218308
NOR,"Brattvoll platå 33, 4658 Tveit, Norway",8.101790029602967,58.23044216177914
NOR,"Brattvollveien 13, 1164 Oslo, Norway",10.813337215601166,59.85782713622686
NOR,"Brattvollveien 219, 1164 Oslo, Norway",10.8162968656124,59.85316076309101
NOR,"Bråvannsåsen 5, 4624 Kristiansand s, Norway",7.936649605602327,58.11304857866514
NOR,"Bredbuktnesveien 54, 9522 Kautokeino, Norway",23.069897174402087,69.02539258311754
NOR,"Bredbuktnesveien 6, 9522 Kautokeino, Norway",23.04332243420339,69.01179675898132
NOR,"Bredsandkroken 24, 1570 Dilling, Norway",10.691754022003977,59.40734346835285
NOR,"Bredtvetveien 14, 0950 Oslo, Norway",10.858604018976251,59.947103206043636
NOR,"Bredtvetveien 2, 0950 Oslo, Norway",10.861768355063049,59.94606162884554
NOR,"Bregnefaret 5, 1405 Langhus, Norway",10.85349089040119,59.7652580262
NOR,"Bregneveien 26, 2007 Kjeller, Norway",11.054261359877074,59.971273429678405
NOR,"Breidablikgata 63, 5528 Haugesund, Norway",5.277555028571527,59.410391086437926
NOR,"Breidablikk 3, 9610 Rypefjord, Norway",23.68026560343813,70.63571942068438
NOR,"Breidablikk 34, 9511 Alta, Norway",23.25964007678425,69.96977457309598
NOR,"Breidablikk 55, 9610 Rypefjord, Norway",23.68536892518651,70.63239851064625
NOR,"Breiens vei 2, 1166 Oslo, Norway",10.803041556292698,59.85852446866153
NOR,"Breigata 23, 0187 Oslo, Norway",10.763285435160299,59.91345585785501
NOR,"Breigata 3, 0187 Oslo, Norway",10.760647482592901,59.913967153948704
NOR,"Breimyra 90, 5134 Flaktveit, Norway",5.364949612582535,60.46055889709879
NOR,"Breimyrveien 100, 4628 Kristiansand s, Norway",7.927243685315943,58.15155885561907
NOR,"Breisetvegen 46, 3683 Notodden, Norway",9.333096551398313,59.50849334220797
NOR,"Breistølsveien 2A, 5034 Bergen, Norway",5.327770675219483,60.401583323442196
NOR,"Breivikstølen 3, 5179 Godvik, Norway",5.197836591488596,60.374606084253
NOR,"Breivikvegen 104, 5337 Rong, Norway",4.838355623576035,60.57015140101785
NOR,"Breivikvegen 5, 6018 Ålesund, Norway",6.344957708541756,62.46601062010322
NOR,"Brekka 47/49, 9310 Sørreisa, Norway",18.11774900095432,69.13833143615085
NOR,"Brekkeåsveien 20, 3178 Våle, Norway",10.281265066136257,59.41266476149329
NOR,"Brekkeåsveien 28, 3178 Våle, Norway",10.280548329595746,59.413282507757316
NOR,"Brekkegata 31, 3260 Larvik, Norway",10.078353188037113,59.03376489367045
NOR,"Brekkesletta 8, 1680 Skjærhalden, Norway",11.032667565640367,59.04220915820554
NOR,"Brendsrudtoppen 29B, 1385 Asker, Norway",10.390361151839784,59.8239505848959
NOR,"Brendsrudtoppen 60, 1385 Asker, Norway",10.38548120781104,59.82283453448807
NOR,"Brennastubben 16, 1279 Oslo, Norway",10.843278631029307,59.849049355764436
NOR,"Brennaveien 44, 9046 Oteren, Norway",19.974111644539107,69.2649239065428
NOR,"Brennbakkvegen 25, 2318 Hamar, Norway",11.077903607430812,60.8042754748856
NOR,"Brennerivegen 3, 2355 Gaupen, Norway",10.775954262714805,60.86872279684465
NOR,"Brennmovegen 15, 8660 Mosjøen, Norway",13.227279900213375,65.82183589498598
NOR,"Brensmork 4, 2074 Eidsvoll Verk, Norway",11.189788771415948,60.31806817758738
NOR,"Bretlandsgata 31, 4009 Stavanger, Norway",5.710715272329139,58.96391958415691
NOR,"Bringsdalsveien 2, 4519 Holum, Norway",7.536875068925724,58.101568053523806
NOR,"Bringsvorvegen 18, 6089 Sandshamn, Norway",5.468182724652905,62.24483562272266
NOR,"Brinken 9, 3536 Noresund, Norway",9.61718062386717,60.17903574750713
NOR,"Briskeveien 12, 1430 Ås, Norway",10.792764253352203,59.6524614978826
NOR,"Britvegen 6, 6410 Molde, Norway",7.104696010753827,62.73711456113361
NOR,"Brøholtveien 79, 3430 Spikkestad, Norway",10.326431370492287,59.727312940977185
NOR,"Brokskarvegen 222, 9057 Vikran, Norway",18.780716386987223,69.54245022942428
NOR,"Brøløsvegen 8, 3840 Seljord, Norway",8.621891061133653,59.48371086245575
NOR,"Brønndalsåsen 19, 5176 Loddefjord, Norway",5.22087257598568,60.37258436920706
NOR,"Brøsetekra 8, 7069 Trondheim, Norway",10.454379697541896,63.41881579413024
NOR,"Brovold, 2345 Ådalsbruk, Norway",11.375584773337376,60.780226685962724
NOR,"Brubakken 16, 2653 Vestre Gausdal, Norway",10.145430876941163,61.200443362444844
NOR,"Brubakken 9, 2686 Lom, Norway",8.55998752105981,61.837750138639365
NOR,"Brudalsvegen 17e, 7088 Heimdal, Norway",10.358903198670077,63.35877923916968
NOR,"Brudalsveien 51, 7125 Vanvikan, Norway",10.401114379242586,63.57534771020306
NOR,"Brugata 8, 3520 Jevnaker, Norway",10.38219734578496,60.23925092082436
NOR,"Bruhammaren 4, 4330 Ålgård, Norway",5.8526338850393245,58.767046783476616
NOR,"Brumundvegen 229, 2386 Brumunddal, Norway",10.978816184671047,60.942820623024744
NOR,"Brundalsgrenda 11, 7058 Jakobsli, Norway",10.479457010738287,63.41600014521555
NOR,"Brunesveien 73, 3370 Vikersund, Norway",9.96312314177078,59.95987148487936
NOR,"Brunskrubbveien 2, 1476 Rasta, Norway",10.936459410440392,59.913747128990366
NOR,"Brurbakkvegen 34, 2760 Brandbu, Norway",10.50686281663684,60.41285048723819
NOR,"Brusemyrtoppen 14, 1739 Borgenhaugen, Norway",11.17257033063683,59.272599052299086
NOR,"Brusletta 11, 2016 Frogner, Norway",11.099727065814534,60.02370596398771
NOR,"BRUVEGEN 8, 5914 Isdalstø, Norway",5.2878248248284425,60.54478559309231
NOR,"Bruveien 203, 4158 Bru, Norway",5.663766137167698,59.039832218103044
NOR,"Bryggebakken 2, 3788 Stabbestad, Norway",9.401961010602292,58.84979112951541
NOR,"Bryggetorget 19, 0250 Oslo, Norway",10.723798624576915,59.90975688207416
NOR,"Bryggevegen 242, 2350 Nes på Hedmarken, Norway",10.938860909519178,60.781774339630175
NOR,"Brynaskogen 38, 5705 Voss, Norway",6.4548270248131985,60.63354951824692
NOR,"Brynevegen 9, 4340 Bryne, Norway",5.644687249159773,58.73721705690829
NOR,"Buerløkka 2, 3711 Skien, Norway",9.66499804037855,59.16529132945709
NOR,"Bufjellvegen 3A, 8410 Lødingen, Norway",15.974288335368167,68.4074265354878
NOR,"Buggelandsbakken 145, 4324 Sandnes, Norway",5.753729690682945,58.81660445072529
NOR,"Buggelandsbakken 209, 4324 Sandnes, Norway",5.747527082333107,58.814012514806365
NOR,"Buggelandsbakken 276, 4324 Sandnes, Norway",5.737944303889719,58.81182018612131
NOR,"Buholen 15, 2005 Rælingen, Norway",11.029398791040023,59.94739736893558
NOR,"Bukkemyrveien 3, 1386 Asker, Norway",10.447781798638289,59.81091974294321
NOR,"Bukkespranget 19, 1535 Moss, Norway",10.693592927741634,59.45228320986604
NOR,"Bureisarvegen 4, 7900 Rørvik, Norway",11.215038584179723,64.85957354533465
NOR,"Bureiservegen 11, 2835 Raufoss, Norway",10.625433638051817,60.71401365134585
NOR,"Bursflata 27, 7624 Ekne, Norway",11.039317013248478,63.70324549437652
NOR,"Buskerudveien 142, 3027 Drammen, Norway",10.12495137291259,59.75211105297885
NOR,"Buskerudveien 172, 3027 Drammen, Norway",10.119738080594573,59.753745146912394
NOR,"Buskogen 64, 1675 Kråkerøy, Norway",10.938817826536877,59.17987848128186
NOR,"Buskvegen 9, 2420 Trysil, Norway",12.262773631262945,61.32339217761688
NOR,"Buveien 61, 8521 Ankenes, Norway",17.326036252698884,68.40602706112247
NOR,"Buvollvegen 54, 2625 Fåberg, Norway",10.308332243146538,61.1908583208876
NOR,"Byåsen 9, 3535 Krøderen, Norway",9.788759103877823,60.124407196475374
NOR,"Byfjordparken 13, 4007 Stavanger, Norway",5.713315925427395,58.98162568406278
NOR,"Bygdaveien 67, 4333 Oltedal, Norway",6.044277803061647,58.82974040174378
NOR,"Bygdeveien 10, 9802 Vestre Jakobselv, Norway",29.335278602938757,70.1122712018491
NOR,"Bygdøy allé 2, 0257 Oslo, Norway",10.715219830495869,59.91506002839424
NOR,"Bygg 47 Kirkeveien 166, 0450 Oslo, Norway",10.737057873391109,59.93693574794426
NOR,"Bygg 64 Kirkeveien 166, 0450 Oslo, Norway",10.737057873391109,59.93693574794426
NOR,"Bygg 67 Kirkeveien 166, 0450 Oslo, Norway",10.737057873391109,59.93693574794426
NOR,"Bygg 69 Kirkeveien 166, 0450 Oslo, Norway",10.737057873391109,59.93693574794426
NOR,"Byggveien 9, 0680 Oslo, Norway",10.808660281267322,59.89530899557067
NOR,"Bygstadvegen 762, 6977 Bygstad, Norway",5.673507501219177,61.38024847087462
NOR,"C. A. Torstensens vei 70, 0379 Oslo, Norway",10.677647195140679,59.938580486894864
NOR,"C. J. Hambros vei 74, 5148 Fyllingsdalen, Norway",5.304525646057215,60.34450185035564
NOR,"c/o Audun Emil Tvedten Rauanveien 64, 3261 Larvik, Norway",10.093384203544531,59.05821012754842
NOR,"c/o Beisfjord Idrettslag Fjordveien 144, 8522 Beisfjord, Norway",17.595618291569707,68.37249425164075
NOR,"c/o Brennelv Bygdehus, 9700 Lakselv, Norway",24.962593375987574,70.04811292730858
NOR,"c/o Filiz Göcücü Hans Aanruds vei 46, 0956 Oslo, Norway",10.848701722383822,59.95383488012192
NOR,"c/o Inger Lise Rysgård Kaptein Linges veg 23, 6006 Ålesund, Norway",6.120228658486269,62.4626382032701
NOR,"c/o Liv Ingunn Lunde Fossen 8, 6774 Nordfjordeid, Norway",6.085433702024375,61.91628949340259
NOR,"c/o Ole Døvik Undrumsdalveien 512, 3176 Undrumsdal, Norway",10.363114685920578,59.38568219979558
NOR,"C/o Torridal Kirke Hommeren 4, 4618 Kristiansand s, Norway",7.928360000000055,58.20459000000005
NOR,"Campingvegen 9, 8657 Mosjøen, Norway",13.22264990453732,65.83373647920496
NOR,"Carl Kjelsens vei 23A, 0860 Oslo, Norway",10.744315344255568,59.96095052918463
NOR,"Carl Kjelsens vei 63, 0880 Oslo, Norway",10.756708323376586,59.9584823939756
NOR,"Carl Lønseths veg 2, 7059 Jakobsli, Norway",10.490357759636993,63.41394259753355
NOR,"Carl Platous gate 5, 3511 Hønefoss, Norway",10.254925270683572,60.154208089296816
NOR,"Carsten Ankers veg 15, 2074 Eidsvoll Verk, Norway",11.172406489126155,60.300394668905334
NOR,"Caspersens vei 31, 4956 Risør, Norway",9.21425591652013,58.715137950477725
NOR,"Cecilie Thoresens vei 4, 1153 Oslo, Norway",10.808487111147713,59.879397712591754
NOR,"Cecilienfrydvegen 13, 6412 Molde, Norway",7.133211580632832,62.740243818955605
NOR,"Chr Tomters veg 1, 2005 Rælingen, Norway",11.035476844308647,59.94896004905411
NOR,"Christian Bloms veg 4, 7058 Jakobsli, Norway",10.482347258591261,63.41917395285293
NOR,"Christian Sindings vei 11, 3610 Kongsberg, Norway",9.661664641304725,59.651658008644205
NOR,"Christian Skredsvigs vei 23, 4023 Stavanger, Norway",5.690494014737425,58.964113667124934
NOR,"Christian Skredsvigs vei 25, 4023 Stavanger, Norway",5.690877486807693,58.96336315151461
NOR,"Christian Skredsvigs vei 27, 4023 Stavanger, Norway",5.690947559518236,58.96265131838743
NOR,"Christies gate 38, 0568 Oslo, Norway",10.764935161343288,59.930714196493255
NOR,"Christies gate 40 - 42, 0568 Oslo, Norway",10.76416218223244,59.93031136222663
NOR,"Christies vei 25, 3613 Kongsberg, Norway",9.650070038461166,59.68055977471198
NOR,"Christoffer Knudsens gate 35, 3023 Drammen, Norway",10.169554329556206,59.7491532888958
NOR,"Chrystiesgate 11, 3950 Brevik, Norway",9.692129841862311,59.05629130036397
NOR,"Claus Borchs vei 19, 0853 Oslo, Norway",10.747144152758239,59.94351160244247
NOR,"Colin Archers vei 8, 4077 Hundvåg, Norway",5.721706378144063,58.994270204098086
NOR,"Colletts gate 25, 3043 Drammen, Norway",10.212414101796412,59.72971699653647
NOR,"Conrad Holmboes veg 106, 9011 Tromsø, Norway",18.953071450327087,69.66512386671505
NOR,"Conrad Mohrs veg 17, 5072 Bergen, Norway",5.342861286058479,60.354602043682064
NOR,"Conrad Mohrsvei 40, 5072 Bergen, Norway",5.341556176489345,60.34972951281116
NOR,"Cort Adelers gate 14, 3717 Skien, Norway",9.600236774236066,59.210473768976726
NOR,"Dæhliveien 1, 1821 Spydeberg, Norway",11.067251046685158,59.583612545199514
NOR,"Dåfjordvegen 197, 5410 Sagvåg, Norway",5.340347134201011,59.81610977547993
NOR,"Dag Ringsons gate 10, 7654 Verdal, Norway",11.473569418989854,63.80360943908039
NOR,"Dalavegen 10, 6856 Sogndal, Norway",7.095132762144857,61.23312934824878
NOR,"Dalavegen 2S, 6856 Sogndal, Norway",7.092684156770218,61.23165987489358
NOR,"Dalbakken 57, 8630 Storforsheia, Norway",14.530863992185743,66.40273652803279
NOR,"Dalbakkveien 14, 0682 Oslo, Norway",10.831710263542703,59.907160797113164
NOR,"Dalbakkveien 39, 0682 Oslo, Norway",10.830216440758761,59.904388231180775
NOR,"Dalbakkveien 75, 0682 Oslo, Norway",10.834056693517624,59.90269118915438
NOR,"Dalegårdsveien 24, 3028 Drammen, Norway",10.13367701793726,59.75856490887634
NOR,"Dalegårdsveien 24B, 3028 Drammen, Norway",10.133980275194148,59.75911006785887
NOR,"Dalegårdsveien 74, 3028 Drammen, Norway",10.125492843857728,59.76185920637187
NOR,"Dalelia 2, 6518 Kristiansund n, Norway",7.789057869365934,63.11938822880359
NOR,"Dalen 26, 5416 Stord, Norway",5.520295950360747,59.79996991800144
NOR,"Dalenveien 565, 4849 Arendal, Norway",8.798271617292556,58.52490034817015
NOR,"Dalevegen 165, 6200 Stranda, Norway",6.9030160209643725,62.29724066438956
NOR,"Dalevegen 19, 6847 Vassenden, Norway",6.06358518175017,61.48240396356323
NOR,"Dalevegen 3, 6993 Høyanger, Norway",6.079084075092851,61.22420739905172
NOR,"Dalevegen 681, 6200 Stranda, Norway",6.894563458345175,62.25619251479216
NOR,"Dalevegen 7, 5337 Rong, Norway",4.874395879392694,60.53601429822669
NOR,"Daleveien 274, 4517 Mandal, Norway",7.494267424333032,58.047207807212686
NOR,"Dalgårdvegen 8, 7024 Trondheim, Norway",10.343824825409712,63.394629644879444
NOR,"Dalhaugveien 29B, 1940 Bjørkelangen, Norway",11.548705469606773,59.88258149469391
NOR,"Dalheimveien 9, 1903 Gan, Norway",11.220360589781933,59.87472534639514
NOR,"Dalkupvegen 5, 6854 Kaupanger, Norway",7.216727774225518,61.189622325445356
NOR,"Daløyvegen 19, 6924 Hardbakke, Norway",4.8395400703137454,61.07361255263612
NOR,"Dalsbygda 54, 5960 Dalsøyra, Norway",5.144470019798945,60.932137174965874
NOR,"Dalsetveien 7A, 4018 Stavanger, Norway",5.737770127941758,58.93322040277218
NOR,"Dalskroken 4, 0376 Oslo, Norway",10.687174653023106,59.940443825880266
NOR,"Dalsletta 2, 9407 Harstad, Norway",16.517398346456417,68.78216140381161
NOR,"Dalsletta 5, 9407 Harstad, Norway",16.5166666063092,68.78123499396315
NOR,"Dalstunet 2, 1405 Langhus, Norway",10.828631422868284,59.74863055150428
NOR,"Dalsvegen 7, 5685 Uggdal, Norway",5.509180121826546,60.01235079020836
NOR,"Dalsveien 16, 3619 Skollenborg, Norway",9.668125160815265,59.599998830631364
NOR,"Daltunvegen 19, 6776 Kjølsdalen, Norway",5.625728557643356,61.91747352104517
NOR,"Dalvegen 1, 6906 Florø, Norway",5.035069084276955,61.59290355704394
NOR,"Dalvegen 30A, 9620 Kvalsund, Norway",23.981196127823182,70.49699301388907
NOR,"Dálveluodda 8, 9840 Varangerbotn, Norway",28.55257179055016,70.17425650738844
NOR,"Damengveien 6, 1454 Fagerstrand, Norway",10.612299195775904,59.74817595898554
NOR,"Damgata 62, 3179 Åsgårdstrand, Norway",10.457663978663106,59.35776170313255
NOR,"Damlia 241, 7027 Trondheim, Norway",10.355389504858948,63.384543868426476
NOR,"Damsgårdsveien 180, 5160 Laksevåg, Norway",5.30063300640353,60.38522754813789
NOR,"Damstredet 1, 0177 Oslo, Norway",10.747057483879416,59.92015656080105
NOR,"Damveien 93, 1715 Yven, Norway",11.052431087499684,59.27597716882639
NOR,"Daniel Walstads vei 9, 0493 Oslo, Norway",10.780070699183312,59.963365062122875
NOR,"Danskerudbråten 15, 1435 Ås, Norway",10.830087778545021,59.65034443868805
NOR,"Darres gate 26, 0175 Oslo, Norway",10.753006455839142,59.927801652777845
NOR,"Dåsvannsdalen 22, 4737 Hornnes, Norway",7.764768874163167,58.56840246756022
NOR,"Deppeldiket 54, 8050 Tverlandet, Norway",14.736201760701931,67.29624124583614
NOR,"Disengrenda 8, 0587 Oslo, Norway",10.796598806416881,59.943085298846995
NOR,"Disetsvingen 1, 2836 Biri, Norway",10.625575962767726,60.95056386708774
NOR,"Djupdalsveien 227, 3033 Drammen, Norway",10.162660465651498,59.71974932109924
NOR,"Djupedalsfaret 1, 3280 Tjodalyng, Norway",10.193608882927151,59.07151706939169
NOR,"Doktor Brønns vei 12, 7882 Nordli, Norway",13.59350442803155,64.46269698956782
NOR,"Doktor Holms vei 3, 0787 Oslo, Norway",10.67672099483977,59.959901156816585
NOR,"Doktor Malthes veg 3, 2072 Dal, Norway",11.206053519251782,60.245617730657386
NOR,"Doktor Rustads vei 1, 0283 Oslo, Norway",10.643396308013877,59.91522049993054
NOR,"Doktorsvingen 1, 1816 Skiptvet, Norway",11.166995107739695,59.46940651604413
NOR,"Dommerens Vei 17, 1542 Vestby, Norway",10.709104729215198,59.59345654565536
NOR,"Donevikveien 27, 4048 Hafrsfjord, Norway",5.60523078106587,58.96282922428233
NOR,"Dønskiveien 43C, 1346 Gjettum, Norway",10.504353358645147,59.90136131639656
NOR,"Dønskiveien 8, 1346 Gjettum, Norway",10.507513000866169,59.89782264451395
NOR,"Dordigata 18, 7300 Orkanger, Norway",9.85854858991621,63.310625750250466
NOR,"Dr. Dedichens vei 22B, 0675 Oslo, Norway",10.863665263570681,59.92454876188401
NOR,"Dr. Dedichens vei 30, 0675 Oslo, Norway",10.866931523600101,59.9229415319501
NOR,"Dr. Sands veg 30, 7052 Trondheim, Norway",10.42934705988938,63.42544156286186
NOR,"Drafnkollen 70, 3042 Drammen, Norway",10.202458077204625,59.72402677392773
NOR,"Dragabergveien 2, 4085 Hundvåg, Norway",5.747601681271391,58.99222921067488
NOR,"Dragerveien 6, 1654 Sellebakk, Norway",10.999716292600937,59.22825404872572
NOR,"Dragonstien 95, 1062 Oslo, Norway",10.913579077885288,59.937613718182604
NOR,"Dragonvegen 15, 2335 Stange, Norway",11.184567935385076,60.71560420129242
NOR,"Dragvoll alle 42, 7049 Trondheim, Norway",10.46376994366932,63.40967164068002
NOR,"Drammensvegen 63, 7224 Melhus, Norway",10.261726933653335,63.28860426940423
NOR,"Drammensveien 180, 3300 Hokksund, Norway",9.932905542632994,59.76548634924251
NOR,"Drammensveien 256, 0277 Oslo, Norway",10.654659825682018,59.91512452713917
NOR,"Drammensveien 292, 3420 Lierskogen, Norway",10.346460598682256,59.818791858767526
NOR,"Drammensveien 33A, 0271 Oslo, Norway",10.714523545799096,59.913976038766094
NOR,"Drammensveien 33B, 0271 Oslo, Norway",10.713682757091561,59.914388428402304
NOR,"Dramsvegen 141, 9010 Tromsø, Norway",18.96328404497507,69.6686306873656
NOR,"Dramsvegen 208, 9010 Tromsø, Norway",18.960267146565144,69.67862598117378
NOR,"Dramsvegen 528, 9014 Tromsø, Norway",18.955360548084315,69.68543854061767
NOR,"Dramsvegen 87, 9010 Tromsø, Norway",18.961175828688397,69.66218299216692
NOR,"Drevjavegen 481, 8664 Mosjøen, Norway",13.215401737585381,65.97702163549934
NOR,"Dreyers gate 120, 8312 Henningsvær, Norway",14.199475224222738,68.15140822816241
NOR,"Drivenesvegen 55A, 4706 Vennesla, Norway",7.958849327619589,58.26777473942738
NOR,"Drøbakveien 80, 1542 Vestby, Norway",10.712489090260334,59.61924296786043
NOR,"Dromnesvegen 9, 6699 Kjørsvikbugen, Norway",8.698706090775659,63.38830935460902
NOR,"Dronningåsen 1, 4032 Stavanger, Norway",5.729625013531006,58.904478940602615
NOR,"Dronningens gate 36, 4608 Kristiansand s, Norway",7.999855358153525,58.14637305594346
NOR,"Dronningveien 19, 3531 Krokkleiva, Norway",10.313055110309762,60.058327834149054
NOR,"Dronningveien 4, 3531 Krokkleiva, Norway",10.31247675899067,60.06140483080475
NOR,"Dugnadsvegen 9, 2040 Kløfta, Norway",11.221641093130046,60.0986798247782
NOR,"Dunavegen 577, 7856 Jøa, Norway",11.264281343326104,64.65356120125091
NOR,"Dusavikhagen 2, 4028 Stavanger, Norway",5.674178975482562,58.990748337931336
NOR,"Dverbergveien 312, 8485 Dverberg, Norway",15.959939926844072,69.1058770842412
NOR,"Dvergsnesbakken 29, 4639 Kristiansand s, Norway",8.070426875758187,58.136514219519
NOR,"Dvergspettvegen 13, 2032 Maura, Norway",11.046040053966465,60.256956517816036
NOR,"Dynamitveien 18, 1400 Ski, Norway",10.86347147396927,59.71619216712014
NOR,"Dynekilgata 16, 0569 Oslo, Norway",10.775901540543828,59.931321381559286
NOR,"Dyre Halses gate 6, 7042 Trondheim, Norway",10.413353131345161,63.43635425597259
NOR,"Dyreholtvegen, 6907 Florø, Norway",5.065034265770925,61.59631087448845
NOR,"Dyrendalsveien 45, 1779 Halden, Norway",11.383330855231407,59.13597298280149
NOR,"Dyreveien 16B, 1532 Moss, Norway",10.669350787377624,59.42502090214987
NOR,"Dyrmyrgata 49, 3611 Kongsberg, Norway",9.641386805866546,59.67779173500733
NOR,"Dyvasvegen 77, 7517 Hell, Norway",10.945001659423582,63.43871707256824
NOR,"Dyvasvegen 78, 7517 Hell, Norway",10.941885435461018,63.43850060991872
NOR,"Ebbells gate 1, 0183 Oslo, Norway",10.754279331655368,59.915309473832735
NOR,"Ebeltoftvegen 5, 9007 Tromsø, Norway",18.933394345889525,69.64759894164632
NOR,"Edne 19, 5215 Lysekloster, Norway",5.391491747177895,60.213169665175116
NOR,"Edvard Griegs vei 29, 5053 Bergen, Norway",5.347259019197537,60.375560112472414
NOR,"Edvard Munchs veg 54, 2318 Hamar, Norway",11.089426125907067,60.80196810457946
NOR,"Edvard Munchs vei 57, 1063 Oslo, Norway",10.917653940114036,59.93409654588163
NOR,"Edvardsons vei 4, 8010 Bodø, Norway",14.41516916938832,67.28395656090413
NOR,"Edwin Ruuds vei 4, 1850 Mysen, Norway",11.286075800324824,59.57349789309012
NOR,"Eftelandsveien 15, 4376 Helleland, Norway",6.132253839695949,58.533278269941576
NOR,"Egersundsgata 13, 4015 Stavanger, Norway",5.751854826580654,58.95947880994504
NOR,"Eggaveien 91, 7530 Meråker, Norway",11.725403364619893,63.411314493702406
NOR,"Eggedalsveien 1414, 3359 Eggedal, Norway",9.358909963331598,60.24053720768566
NOR,"Egils veg 8, 5518 Haugesund, Norway",5.270343406717444,59.42656342379124
NOR,"Eidavegen 47, 6620 Ålvundeid, Norway",8.541957963510384,62.76075374929269
NOR,"Eidebakken 45, 4846 Arendal, Norway",8.749789180583235,58.47592036168831
NOR,"Eidesåsen 154, 5750 Odda, Norway",6.539234466170541,60.0525351008645
NOR,"Eidgata 19, 3264 Larvik, Norway",10.01092060935261,59.05372849155856
NOR,"Eidsbakkane 42, 5281 Valestrandsfossen, Norway",5.428200124496698,60.5056335872531
NOR,"Eidsbakkane 45, 4250 Kopervik, Norway",5.287380295473781,59.27817980725234
NOR,"Eidsfjordveien 156, 8415 Sortland, Norway",15.144367253009392,68.73232047014511
NOR,"Eidsfossveien 46, 3095 Eidsfoss, Norway",10.04139528146078,59.59301075413498
NOR,"Eidsgotene 53, 5281 Valestrandsfossen, Norway",5.4274207751394385,60.50733113219371
NOR,"Eidslandsvegen 850, 5727 Stamnes, Norway",5.772318153536105,60.66477847782187
NOR,"Eidsnesvegen 73, 5455 Halsnøy Kloster, Norway",5.68053959616395,59.79844848173185
NOR,"Eidsørvegen 30, 6460 Eidsvåg i Romsdal, Norway",8.170757250939857,62.801047401875735
NOR,"Eidssund, 4187 Ombo, Norway",5.943221234656974,59.23490540117737
NOR,"Eidsvågskogen 33, 5104 Eidsvåg i Åsane, Norway",5.302363869409248,60.43795613126733
NOR,"Eidsvollbakken 20, 2080 Eidsvoll, Norway",11.24223769234598,60.32367881402544
NOR,"Eiganesveien 175A, 4009 Stavanger, Norway",5.699693656386671,58.95780574016172
NOR,"Eikåsveien 1A, 1424 Ski, Norway",10.839282223414301,59.711395581118495
NOR,"Eikebergvegen 163, 4053 Ræge, Norway",5.5773781359090435,58.851314666146095
NOR,"Eikebergvegen 6, 4054 Tjelta, Norway",5.595290598271077,58.84400740677677
NOR,"Eikeliveien 14, 4839 Arendal, Norway",8.740104813473351,58.45226197897097
NOR,"Eikeliveien 40, 1424 Ski, Norway",10.837481371517043,59.707538816010356
NOR,"Eikelund 2, 3083 Holmestrand, Norway",10.321633569114681,59.47627628197719
NOR,"Eikelund 8, 3083 Holmestrand, Norway",10.321718813069964,59.47710914978623
NOR,"Eikenga 2, 0579 Oslo, Norway",10.797380335068965,59.92415321987315
NOR,"Eikenveien 467, 4596 Eiken, Norway",7.195714007688565,58.48750004474422
NOR,"Eikeveien 174, 4640 Søgne, Norway",7.7861720639216685,58.08048035860085
NOR,"Eikeveien 62, 1384 Asker, Norway",10.445879106617468,59.83943711493137
NOR,"Eikjevegen 255, 5541 Kolnes, Norway",5.366252160336018,59.39015143056872
NOR,"Eikliveien 15, 3511 Hønefoss, Norway",10.253718352041897,60.15740276950242
NOR,"Eiksveien 100, 1361 Østerås, Norway",10.610533212595868,59.940487621324365
NOR,"Eiksveien 104, 1361 Østerås, Norway",10.607614130995984,59.93912753180561
NOR,"Eikveien 19, 4462 Hovsherad, Norway",6.497488984138471,58.52693086421439
NOR,"Einangvegen 6, 6600 Sunndalsøra, Norway",8.637649290560574,62.658478730664825
NOR,"Einar Bergs vei 17, 8300 Svolvær, Norway",14.549147772858447,68.24252743657797
NOR,"Einar Høigårds vei 25, 0871 Oslo, Norway",10.755246770919882,59.94717177001161
NOR,"Einar Solstads veg 31, 7715 Steinkjer, Norway",11.501333718887224,64.02212016471759
NOR,"Einars vei 7, 0575 Oslo, Norway",10.785018285170679,59.923141859436015
NOR,"Einerhaugvegen 9, 4120 Tau, Norway",5.9196134218571785,59.05420387119716
NOR,"Einervegen 5, 2840 Reinsvoll, Norway",10.62597636628243,60.67469175470745
NOR,"Einerveien 2A, 9901 Kirkenes, Norway",30.08931972556249,69.72334800275198
NOR,"Einmoen 30A, 7054 Ranheim, Norway",10.552355931397699,63.41937432224833
NOR,"Einmoveien 41, 8009 Bodø, Norway",14.42540716120294,67.29251540605563
NOR,"Eitrheimsvegen 176, 5750 Odda, Norway",6.528906117439703,60.095507400154844
NOR,"Eivind Nielsens gate 25, 5532 Haugesund, Norway",5.304403521727949,59.40755020799466
NOR,"Eivindsholen 15, 4345 Bryne, Norway",5.663837886258875,58.72736710530117
NOR,"Eivindvikvegen 1013, 5966 Eivindvik, Norway",5.089837445453668,60.983922584440535
NOR,"Ekebergveien 101, 1178 Oslo, Norway",10.778322820914127,59.891635291227914
NOR,"Ekebergveien 287, 1166 Oslo, Norway",10.801374228113048,59.85387770917913
NOR,"Ekebergveien 5, 1356 Bekkestua, Norway",10.57224970803236,59.91001697252972
NOR,"Eketuftveien 3, 3174 Revetal, Norway",10.20899663223372,59.412797195563456
NOR,"Ekofiskvegen 24, 4056 Tananger, Norway",5.595898705346457,58.93183546091049
NOR,"Ekornlia 3, 6814 Førde, Norway",5.825808023021466,61.45162188515607
NOR,"Ekornveien 18, 2500 Tynset, Norway",10.788469198527025,62.270837878934486
NOR,"Ekornveien 50, 1430 Ås, Norway",10.787757994042607,59.65519835690745
NOR,"Ekrekroken 1, 1356 Bekkestua, Norway",10.571416965951869,59.924935460987
NOR,"Ekserplassen 1, 7336 Meldal, Norway",9.700015284912666,63.04306509114946
NOR,"Eksingedalsvegen 2240, 5728 Eidslandet, Norway",6.112852164596717,60.78934470694017
NOR,"Eldfiskbakken 9, 4028 Stavanger, Norway",5.683343832233618,58.99015674320523
NOR,"Eldsbakkane 60, 5253 Sandsli, Norway",5.277484033851636,60.30872767805528
NOR,"Eldshovden 11, 5252 Søreidgrend, Norway",5.276011333463714,60.30607069856771
NOR,"Elgfaret 6, 2630 Ringebu, Norway",10.132251842940349,61.533451975106004
NOR,"Elgtråkket 12, 2390 Moelv, Norway",10.708372234696697,60.939562535350944
NOR,"Elgveien 32, 4818 Færvik, Norway",8.82697242723171,58.46009666959759
NOR,"Elias Blix' vei 56, 8130 Sandhornøy, Norway",14.078959298356892,67.1359740184322
NOR,"Eljestraumvegen 19, 4480 Kvinesdal, Norway",6.967444441731772,58.312821182568
NOR,"Ellen Gleditsch' vei 58, 0987 Oslo, Norway",10.921894344930479,59.967159843057004
NOR,"Ellen Gleditsch' vei 88, 0987 Oslo, Norway",10.923212734480956,59.9670328572239
NOR,"Eltonveien 8B, 0586 Oslo, Norway",10.800446602888627,59.93976355061855
NOR,"Elvavegen, 6823 Sandane, Norway",6.213413394359787,61.7733479539985
NOR,"Elvdalsvegen 1786, 2427 Plassen, Norway",12.497079340972505,61.13512905833085
NOR,"Elvefaret 20, 2743 Harestua, Norway",10.715814191250047,60.20915687093938
NOR,"Elvegårdsveien 12, 8370 Leknes, Norway",13.605780915173597,68.14738001122484
NOR,"Elvegata 1B, 7012 Trondheim, Norway",10.386527520784426,63.42713780860748
NOR,"Elvenesveien 159, 9911 Jarfjord, Norway",30.089591634501517,69.67968604046837
NOR,"Elvengveien 14, 2007 Kjeller, Norway",11.034694980380436,59.976831092488396
NOR,"Elveringen 1, 9700 Lakselv, Norway",24.939986776998268,70.06088510624176
NOR,"Elveveien 20, 9311 Brøstadbotn, Norway",17.703483494791897,69.08811830407387
NOR,"Em Holevegen 22, 6906 Florø, Norway",5.03964719597235,61.59516683853937
NOR,"Emmavegen 14, 7300 Orkanger, Norway",9.84104088965853,63.28638591490983
NOR,"Emmenesveien 5, 8520 Ankenes, Norway",17.322970152517314,68.41984651443542
NOR,"Emsevegen 115, 2770 Jaren, Norway",10.589693705825937,60.41455482152037
NOR,"Enebakkveien 152B, 0680 Oslo, Norway",10.802252903022918,59.89783978550594
NOR,"Enebakkveien 20, 0657 Oslo, Norway",10.782586694915437,59.90711945369101
NOR,"Enebakkveien 71B, 0196 Oslo, Norway",10.791379060033421,59.90307164373951
NOR,"Enerhauggata 2, 0651 Oslo, Norway",10.769127370216466,59.913665028248744
NOR,"Enerhaugvegen 8A, 2321 Hamar, Norway",11.088606040500395,60.79474194012337
NOR,"Enerveien 14, 1812 Askim, Norway",11.190291517968433,59.59086477737449
NOR,"Engasvegen 200, 7900 Rørvik, Norway",11.264039190143365,64.8771639749767
NOR,"Engaveien 8, 2000 Lillestrøm, Norway",11.131486516041434,59.943122849773204
NOR,"Engebretvegen 2, 2320 Furnes, Norway",11.038523582293891,60.87140664033191
NOR,"Engehaget 3, 1950 Rømskog, Norway",11.810454452322062,59.750140635180344
NOR,"Engehaugen 15, 2818 Gjøvik, Norway",10.672830702118972,60.774271698097834
NOR,"Engehaven 15, 4842 Arendal, Norway",8.80463247597433,58.47403967216334
NOR,"Engelsåsvegen 343, 7039 Trondheim, Norway",10.53982096283687,63.37281297583729
NOR,"Engelsvikenveien 113, 1626 Manstad, Norway",10.771134333112798,59.265377078794586
NOR,"Engesetvegen 36, 6153 Ørsta, Norway",6.1422288073889035,62.20076118698378
NOR,"Engeslandsveien 961, 4768 Engesland, Norway",8.11938934406237,58.528587254010404
NOR,"Engevegen 4, 2849 Kapp, Norway",10.874458640289703,60.71294956873774
NOR,"Engfaret 8, 1518 Moss, Norway",10.617765453931753,59.4410829755669
NOR,"Enggata 76, 1636 Gamle Fredrikstad, Norway",10.973472218482499,59.21448891014535
NOR,"Engrappstubben 1, 4351 Kleppe, Norway",5.623473993327224,58.78426405078929
NOR,"Engstien 7, 9800 Vadsø, Norway",29.745032966966104,70.0771344441096
NOR,"Engvegen 18, 8700 Nesna, Norway",13.017761825126485,66.19553495952653
NOR,"Enhuusveien 29, 1679 Kråkerøy, Norway",10.911916594892654,59.194741346929625
NOR,"Enromvegen 8, 7026 Trondheim, Norway",10.33277756084351,63.38603513472995
NOR,"Eplehagan 1, 3050 Mjøndalen, Norway",10.039087408240448,59.75059086910943
NOR,"Erich Mogensøns vei 40, 0594 Oslo, Norway",10.835727374458571,59.94201660619211
NOR,"Erik Munks veg 18, 3714 Skien, Norway",9.627529508260778,59.20513617303462
NOR,"Erik Munks vei 6, 4823 Nedenes, Norway",8.702666120930871,58.41161121540313
NOR,"Erikaksla 16, 9064 Svensby, Norway",20.023096492524758,69.81304794541236
NOR,"Erkleivvegen 39, 4700 Vennesla, Norway",7.976838316757636,58.27056075831436
NOR,"Erlends vei 31, 0669 Oslo, Norway",10.84157081825731,59.91729841563725
NOR,"Erlevegen 2, 6723 Svelgen, Norway",5.260635989373839,61.763317874522556
NOR,"Erlevegen 3, 4353 Klepp Stasjon, Norway",5.715439312958836,58.789743887628305
NOR,"Erleveien 51, 5097 Bergen, Norway",5.369121621069098,60.35920768992938
NOR,"Ervik, 9402 Harstad, Norway",16.508493555402865,68.8195761654079
NOR,"Ervikveien 27, 5106 Øvre Ervik, Norway",5.323636552935284,60.44108002467132
NOR,"Ervikveien 81, 7160 Bjugn, Norway",9.718098821918517,63.749028120073035
NOR,"Eskelandssvingene 18, 4028 Stavanger, Norway",5.670907099578017,58.99014919949238
NOR,"Eskervegen 2, 4341 Bryne, Norway",5.635499593632062,58.74142825079218
NOR,"Esperantovegen 14, 4100 Jørpeland, Norway",6.039975288342674,59.02500505048084
NOR,"Espevikvegen 13, 5521 Haugesund, Norway",5.290687710647802,59.41800164497366
NOR,"Eternitveien 27, 3470 Slemmestad, Norway",10.493207103802462,59.787698979390655
NOR,"Etterstadgata 5, 0658 Oslo, Norway",10.791292055878472,59.9094227794136
NOR,"Etterstadsletta 45, 0660 Oslo, Norway",10.803259856557009,59.91038580706316
NOR,"Etterstadsletta 58, 0659 Oslo, Norway",10.804131874257763,59.90884887050319
NOR,"Etterstadsletta 94, 0659 Oslo, Norway",10.800173352845093,59.906652225138004
NOR,"Europaveien 135, 3962 Stathelle, Norway",9.672561953623102,59.03732095800214
NOR,"Evangjordet 2, 2150 Årnes, Norway",11.462192494171774,60.11383673647131
NOR,"Eventyrvegen 2, 2890 Etnedal, Norway",9.650783338421377,60.88911584154195
NOR,"Eventyrveien 6, 1718 Greåker, Norway",11.044032839613038,59.27319881938081
NOR,"Evjegata 15, 3050 Mjøndalen, Norway",10.003221579828875,59.75035764265357
NOR,"Evjegata 7, 6900 Florø, Norway",5.040505921952672,61.6003468547018
NOR,"Evjenvegen 11A, 9024 Tomasjord, Norway",19.01081982953977,69.65003103467171
NOR,"Evjusvingen 11, 3560 Hemsedal, Norway",8.483397210241947,60.87810214649798
NOR,"F. L. Suhrs veg 3, 2819 Gjøvik, Norway",10.672493213317356,60.799618230245564
NOR,"Fabakkveien 24, 4812 Kongshavn, Norway",8.855600817527431,58.479163697212556
NOR,"Fabrikkgaten 5, 5059 Bergen, Norway",5.343791342034848,60.371519029313475
NOR,"Færavågen 2, 5440 Mosterhamn, Norway",5.346571870775222,59.710347801312025
NOR,"Færders gate 33, 1707 Sarpsborg, Norway",11.111640432435848,59.28713943310413
NOR,"Fagerborggata 14, 0360 Oslo, Norway",10.726667163300647,59.92986460678739
NOR,"Fagerborggata 31, 0360 Oslo, Norway",10.729401843030672,59.932794417223334
NOR,"Fagerdalsveien 1, 4617 Kristiansand s, Norway",7.966436458735927,58.14822654619266
NOR,"Fagerhaugveien 26, 7510 Skatval, Norway",10.846458054541813,63.50865416392156
NOR,"Fagerhøyveien 34, 1369 Stabekk, Norway",10.622153212606037,59.91093910760756
NOR,"Fagerliåsen 12, 3410 Sylling, Norway",10.264188111882731,59.90451278626199
NOR,"Fagerlibakken 11, 6008 Ålesund, Norway",6.221768123200974,62.47490608248623
NOR,"Fagerlidal 393, 9325 Bardufoss, Norway",18.582575907270694,69.09215448381946
NOR,"Fagerliveien 24, 9406 Harstad, Norway",16.5183760116428,68.78868788890014
NOR,"Fagerlundvegen 39B, 2383 Brumunddal, Norway",10.93096071431924,60.892114132126835
NOR,"Fagertunveien 120, 1358 Jar, Norway",10.602530841996213,59.93200630877726
NOR,"Fagertunveien 3C, 0281 Oslo, Norway",10.66384555337197,59.92247231301036
NOR,"Fagertunveien 8F, 0281 Oslo, Norway",10.662135309848054,59.92368840143257
NOR,"Fagervollvegen 4, 4260 Torvastad, Norway",5.25475046842115,59.40262563033153
NOR,"Faldalsveien 20, 1900 Fetsund, Norway",11.166308294593506,59.93067702275266
NOR,"Falkåsveien 14, 3960 Stathelle, Norway",9.694142336814735,59.04203892175204
NOR,"Falkeveien 25, 3475 Sætre, Norway",10.532867503600585,59.67031625084127
NOR,"Falkeveien 25, 1555 Son, Norway",10.688743577659466,59.505618349418796
NOR,"Fanavegen 320, 5244 Fana, Norway",5.348370459558623,60.26334679697797
NOR,"Fanavollen 20, 5244 Fana, Norway",5.341082813842718,60.25652162276978
NOR,"Fånesvegen 65, 7633 Frosta, Norway",10.73928938747352,63.593209713508
NOR,"Fantoftvegen 14, 5075 Bergen, Norway",5.354714219157927,60.345744593229966
NOR,"Farexveien 6, 2016 Frogner, Norway",11.12624891620419,60.039279246721094
NOR,"Farmannvegen 36, 3925 Porsgrunn, Norway",9.640960250813947,59.12785154726723
NOR,"Farmen nedre 6, 3024 Drammen, Norway",10.134915527950454,59.75152247573786
NOR,"Farnesvegen 58A, 6884 Øvre Årdal, Norway",7.794082317405412,61.30849518874123
NOR,"Fartein Valens vei 39, 1410 Kolbotn, Norway",10.785290948480963,59.805272519497805
NOR,"Fasanveien 16, 1580 Rygge, Norway",10.761272940207874,59.37539953243706
NOR,"Fasanveien 19, 4042 Hafrsfjord, Norway",5.682121415474512,58.95473163526259
NOR,"Fåset, 2500 Tynset, Norway",10.65922470405898,62.26256423113102
NOR,"Fasterdamveien 33, 4790 Lillesand, Norway",8.397708511165206,58.26026639820088
NOR,"Faugliveien 151, 1852 Mysen, Norway",11.39665078902462,59.54204999820425
NOR,"Fauskevåg, 9419 Sørvik, Norway",16.574644958870355,68.66123907765954
NOR,"Feenveien 202, 3160 Stokke, Norway",10.309977275463751,59.18783814608486
NOR,"Feiosvegen 420, 6895 Feios, Norway",6.765835279024117,61.14925361291935
NOR,"Feldmakarvegen 16, 7653 Verdal, Norway",11.462924150499958,63.78987346952309
NOR,"Feltspatvegen 4, 7509 Stjørdal, Norway",10.960010881982754,63.48308215079973
NOR,"Feltspatvegen 8, 2611 Lillehammer, Norway",10.511241439036667,61.094417945060144
NOR,"Feltspatveien 1, 1487 Hakadal, Norway",10.864107325144175,60.11414619633655
NOR,"Feltspatveien 13, 1155 Oslo, Norway",10.81986131528176,59.87327119043357
NOR,"Feltspatveien 16, 1155 Oslo, Norway",10.819979370953519,59.874163004511104
NOR,"Feltspatveien 6B, 3221 Sandefjord, Norway",10.19409562004455,59.14105275140193
NOR,"Feltspatveien 81, 1435 Ås, Norway",10.805371809194497,59.65385226516699
NOR,"Fensfjordvegen 488, 5986 Hosteland, Norway",5.285440471621911,60.83135740404546
NOR,"Ferkingstadgata 18, 5529 Haugesund, Norway",5.290285211657306,59.4016901261181
NOR,"Fernanda Nissens gate 3, 0484 Oslo, Norway",10.767551585261009,59.946002896570135
NOR,"Fernanda Nissens gate 8, 0484 Oslo, Norway",10.768756890096114,59.94552103800024
NOR,"FESTAD GÅRD, 2850 Lena, Norway",10.800601255229251,60.67602953295524
NOR,"Festningsgata 18, 1767 Halden, Norway",11.390548260598706,59.118635560906796
NOR,"Festningsgata 2, 7014 Trondheim, Norway",10.413729478797762,63.42934895466516
NOR,"Festningsgata 36, 7015 Trondheim, Norway",10.414925660199913,63.42597096386643
NOR,"Festningsveien 20C, 1368 Stabekk, Norway",10.600545336772,59.913043468218774
NOR,"Figgjogata 11, 4015 Stavanger, Norway",5.750678929384179,58.96306043908143
NOR,"Fiksdalsvegen 25, 6394 Fiksdal, Norway",6.856852773044665,62.61744721914522
NOR,"Finkefaret 1, 1388 Borgen, Norway",10.418114639082035,59.82311557970155
NOR,"Finlandstubben 23, 1816 Skiptvet, Norway",11.161074634250753,59.47079196081998
NOR,"Finlandsveien 44, 1816 Skiptvet, Norway",11.164778513444958,59.47046410267728
NOR,"Finn Christiansens veg 4, 7804 Namsos, Norway",11.512498665374011,64.46785426906675
NOR,"Finnesveien 17, 8310 Kabelvåg, Norway",14.48653160337662,68.2129632067927
NOR,"Finneveien 70, 7374 Røros, Norway",11.288007242273551,62.554236353633115
NOR,"Finnmarksveien 10, 9801 Vadsø, Norway",29.718001163433314,70.08839145306888
NOR,"Finnøyveien 5, 8260 Innhavet, Norway",15.932695807857755,67.96429368106848
NOR,"Finstadrabben 148, 1475 Finstadjordet, Norway",10.965146893153502,59.912150418344964
NOR,"Finstadsletta 31, 1475 Finstadjordet, Norway",10.959991855062555,59.913632841740565
NOR,"Fintlandsmonan 28, 4440 Tonstad, Norway",6.724101699294579,58.67201331009716
NOR,"Fiolsvingen 5, 7050 Trondheim, Norway",10.42109977007894,63.41023691623016
NOR,"Fiolveien 1, 4331 Ålgård, Norway",5.853278872488659,58.77349351475644
NOR,"Fiolveien 4, 1911 Flateby, Norway",11.150679733208705,59.82691115691648
NOR,"Firdagaten 35, 5055 Bergen, Norway",5.330002273120925,60.37566006666779
NOR,"Fiskåvegen 987, 4121 Tau, Norway",6.000740940682931,59.113269382674844
NOR,"Fiskåveien 12, 4621 Kristiansand s, Norway",7.9673884752986055,58.125322576670584
NOR,"Fiskebekkveien 30, 4331 Ålgård, Norway",5.874977272877004,58.77061919251952
NOR,"Fitjarvegen 1255, 5419 Fitjar, Norway",5.352639530483941,59.87224941601616
NOR,"Fitjarvegen 24, 5410 Sagvåg, Norway",5.391813779897888,59.77948953387303
NOR,"Fitjavegen 18, 5710 Skulestadmo, Norway",6.433454764277428,60.65898540926119
NOR,"Fjæreidevegen 34, 5360 Kolltveit, Norway",5.052349802596666,60.375760984782005
NOR,"Fjellangersvingane 350, 5955 Lindås, Norway",5.1676694514079315,60.73331042692686
NOR,"Fjellavegen 259, 5357 Fjell, Norway",5.075872524211121,60.33170574360142
NOR,"Fjellboveien 77, 2016 Frogner, Norway",11.065921257746368,60.03102407792164
NOR,"Fjellbu 2, 6270 Brattvåg, Norway",6.440231365356709,62.59060304266893
NOR,"Fjelldalsveien 368, 9441 Fjelldal, Norway",16.509161701663004,68.54689248769864
NOR,"Fjellfaret 41, 4025 Stavanger, Norway",5.697578399301307,58.97427110885002
NOR,"Fjellfotvegen 58, 2150 Årnes, Norway",11.480508461352684,60.08847661786177
NOR,"Fjellgardsvegen 12, 6613 Gjøra, Norway",9.112745788466526,62.54787084299505
NOR,"Fjellgata 55, 6007 Ålesund, Norway",6.178255149246326,62.472029622864
NOR,"Fjellhamarveien 50, 1472 Fjellhamar, Norway",10.986782513087036,59.940492273280626
NOR,"Fjellhammerveien 13, 2010 Strømmen, Norway",10.999721070285744,59.94701892600722
NOR,"Fjellklangveien 1, 1423 Ski, Norway",10.826665698935585,59.72729001647201
NOR,"Fjellmyra 8, 8149 Neverdal, Norway",13.77220041759881,66.8371856989512
NOR,"Fjellnærvegen 1A, 2610 Mesnali, Norway",10.694361632081836,61.105769975625805
NOR,"Fjellprydveien 4, 4072 Randaberg, Norway",5.656623246919651,59.003148483579594
NOR,"Fjellsdalen 9, 5155 Bønes, Norway",5.296085991568901,60.334011060341254
NOR,"Fjellseterveien 24, 7020 Trondheim, Norway",10.338897439808989,63.416461233709214
NOR,"Fjellstuveien 62, 0982 Oslo, Norway",10.926244301221459,59.95877027044014
NOR,"Fjellsveien 5, 3035 Drammen, Norway",10.223496570355962,59.7167745836623
NOR,"Fjelltunvegen 55, 4103 Jørpeland, Norway",6.027722454642742,59.02886076785106
NOR,"Fjelltunvegen 65, 4103 Jørpeland, Norway",6.027689094668119,59.02724876023234
NOR,"Fjellvegen 4, 7730 Beitstad, Norway",11.385560944390278,64.11346480441907
NOR,"Fjellvegen 49, 2365 Åsmarka, Norway",10.791495568487562,61.01581157698101
NOR,"Fjellveien 1, 1532 Moss, Norway",10.668682665875508,59.43252786036234
NOR,"Fjellveien 12, 8515 Narvik, Norway",17.44122866421995,68.437503035384
NOR,"Fjellveien 30, 1458 Fjellstrand, Norway",10.621060715346147,59.79640576513316
NOR,"Fjellveien 31, 1458 Fjellstrand, Norway",10.61997240903787,59.79638325972314
NOR,"Fjellveien 56, 8011 Bodø, Norway",14.426456156385342,67.29427736592211
NOR,"Fjellveien 58, 8515 Narvik, Norway",17.437194286583548,68.43356806711927
NOR,"Fjellveien 8A, 1914 Ytre Enebakk, Norway",11.038688873424519,59.730860707224736
NOR,"Fjellyveien 2, 3159 Melsomvik, Norway",10.331981950594098,59.227873971326204
NOR,"Fjogstadvegen 9, 4350 Kleppe, Norway",5.636723938228897,58.773465225833206
NOR,"Fjonevegen 2238, 3855 Treungen, Norway",8.455802643883885,59.15890234949015
NOR,"Fjordavegen 4171, 5778 Utne, Norway",6.620235921172537,60.4233130721484
NOR,"Fjordgata 20, 3936 Porsgrunn, Norway",9.648066847421262,59.11438430152572
NOR,"Fjordvangveien 36, 1459 Nesodden, Norway",10.684936433418159,59.83065749045025
NOR,"Fjordvegen 1137, 6789 Loen, Norway",6.846484274997607,61.8681629523021
NOR,"Fjordvegen 4102, 6797 Utvik, Norway",6.5207557224299535,61.806344111359834
NOR,"Fjordveien 1, 1363 Høvik, Norway",10.57637067072855,59.897997784380806
NOR,"Fjordveien 144, 8522 Beisfjord, Norway",17.595618291569707,68.37249425164075
NOR,"Fjordveien 2, 0139 Oslo, Norway",10.774005721683608,59.87100893625572
NOR,"Fjordveien 97, 1363 Høvik, Norway",10.575871696032522,59.89565428807197
NOR,"Fjørhanavegen 4, 2280 Gjesåsen, Norway",12.041146136839473,60.64669531800163
NOR,"Fladebyveien 2, 1746 Skjeberg, Norway",11.192148780074035,59.206107719431685
NOR,"Fladefjell 70, 4878 Grimstad, Norway",8.591275070137925,58.348711486136864
NOR,"Flaggspettvegen 11B, 6425 Molde, Norway",7.240277988482404,62.753153626226435
NOR,"Flakkvegen 179, 7822 Bangsund, Norway",11.409868044503895,64.37151263205871
NOR,"Flakstadveien 341, 8380 Ramberg, Norway",13.236158179694854,68.09288494200115
NOR,"Flakstadveien 72, 8382 Napp, Norway",13.438932007848706,68.13192470377865
NOR,"Flaktveitsvingane 19, 5135 Flaktveit, Norway",5.35818902093834,60.46420309714239
NOR,"Flassabekkveien 2, 4331 Ålgård, Norway",5.86323020321467,58.77110043949034
NOR,"Flatbostad, 7760 Snåsa, Norway",12.362123036985254,64.24863912959728
NOR,"Flatdalsvegen 789, 3841 Flatdal, Norway",8.570348475394013,59.567172867044434
NOR,"Flåtestadveien 2, 1415 Oppegård, Norway",10.80237821247539,59.77437581856472
NOR,"Flatholmvegen 30, 7550 Hommelvik, Norway",10.82819137295158,63.43257007814597
NOR,"Flatsetbakken 8, 6523 Frei, Norway",7.7830234858128335,63.03662820860586
NOR,"Fleischers vei 9, 3615 Kongsberg, Norway",9.646525247789242,59.62798043136857
NOR,"Flekkefjordveien 36, 4580 Lyngdal, Norway",7.085158632642191,58.1572028939413
NOR,"Flesakervegen 2, 2385 Brumunddal, Norway",10.905527086418829,60.91940523168046
NOR,"Flessebergveien 43, 3302 Hokksund, Norway",9.926652559045067,59.73128013765964
NOR,"Flintegata 2A, 4016 Stavanger, Norway",5.748601893777305,58.94577024921111
NOR,"Flisnesvegen 60, 6013 Ålesund, Norway",6.4070262044701,62.42884165720494
NOR,"Fløanveien 87, 7510 Skatval, Norway",10.824100178519794,63.5332518278504
NOR,"Fløenbakken 39A, 5009 Bergen, Norway",5.354958886911618,60.37959138880464
NOR,"Floghaugane 61, 5918 Frekhaug, Norway",5.22307073009344,60.51072488097043
NOR,"Flomstadvegen 10, 9151 Storslett, Norway",20.99380360962533,69.77021554008601
NOR,"Flomstadveien, 9151 Storslett, Norway",20.993720000141167,69.77057001077131
NOR,"Floravegen 73, 5535 Haugesund, Norway",5.307541119543629,59.40173329291946
NOR,"Florvågvegen 77, 5305 Florvåg, Norway",5.239226261730863,60.41944138725262
NOR,"Floten 40, 6893 Vik i Sogn, Norway",6.584648371946372,61.084646322338216
NOR,"Flottaenget 38, 7657 Verdal, Norway",11.500474657630775,63.76773074444742
NOR,"Fløyfjellet 4, 5014 Bergen, Norway",5.3385397444193075,60.397583856432504
NOR,"Fløyveien 49, 8255 Røkland, Norway",15.314956584626316,66.99082447541451
NOR,"Flubergvegen 1041, 2862 Fluberg, Norway",10.250896592741327,60.76966416592228
NOR,"Flyvegen 7, 7652 Verdal, Norway",11.448371154930612,63.780800604159396
NOR,"Flyveien 11, 0770 Oslo, Norway",10.659241159959008,59.9487949645092
NOR,"Foged Heibergs gate 7A, 4514 Mandal, Norway",7.44237782780192,58.02954198235159
NOR,"Foldereidvegen 29, 7985 Foldereid, Norway",12.178031751968916,64.96119238667245
NOR,"Folke Bernadottes gate 8, 1511 Moss, Norway",10.639136373363044,59.43482563338932
NOR,"Folke Bernadottes vei 2, 0862 Oslo, Norway",10.737534300767607,59.96399844063632
NOR,"Folke Bernadottes vei 32, 5147 Fyllingsdalen, Norway",5.2916573292071405,60.35256540884848
NOR,"Folkehøgskoleveien 24, 7100 Rissa, Norway",9.968216237597261,63.58872858043236
NOR,"Folkeparken 17, 2072 Dal, Norway",11.207125145572775,60.248384429257555
NOR,"Folkestad, 6120 Folkestad, Norway",9.074960571695748,59.43995775845808
NOR,"Folkestadåsen 2, 1592 Våler i Østfold, Norway",10.851230374933806,59.495647488858395
NOR,"Folkestadveien 2, 1592 Våler i Østfold, Norway",10.85513868874645,59.49125457531366
NOR,"Folkestadveien 4, 3483 Kana, Norway",10.464843833104169,59.551732814662046
NOR,"Follesevegen 77, 5302 Strusshamn, Norway",5.1848061686310984,60.40889498331066
NOR,"Follesevegen 97, 5302 Strusshamn, Norway",5.178881839466698,60.40909434687771
NOR,"Follumsvei 27, 9510 Alta, Norway",23.283915325665816,69.96908067724158
NOR,"Forbregdsmyra 90D, 7656 Verdal, Norway",11.541840355629972,63.80456334157128
NOR,"Førdefjordvegen 3079, 6983 Kvammen, Norway",5.365222359711879,61.46203417864723
NOR,"Foren 51, 4318 Sandnes, Norway",5.706501521964782,58.849956043460395
NOR,"Forfangs veg 32, 7970 Kolvereid, Norway",11.414358062396929,64.78616236466269
NOR,"Førlandsvegen 133, 5570 Aksdal, Norway",5.47874090516882,59.39534925827539
NOR,"Formofossvegen 156, 7870 Grong, Norway",12.341035545031104,64.44317195305749
NOR,"Forneburingen 140, 1364 Fornebu, Norway",10.611352124536097,59.89442319604308
NOR,"Forneburingen 225, 1364 Fornebu, Norway",10.623801932960646,59.89537328476803
NOR,"Fornebuveien 39, 1366 Lysaker, Norway",10.62754587765204,59.907044875392245
NOR,"Forradalsvegen 1150, 7520 Hegra, Norway",11.35674982860533,63.49610071326424
NOR,"Forsetveien 2, 7387 Singsås, Norway",10.65179346625311,62.94202879208234
NOR,"Forshaugen 17, 8800 Sandnessjøen, Norway",12.606102504118383,66.01002173312474
NOR,"Forskerveien 3, 8076 Bodø, Norway",14.449556513898813,67.28661475576769
NOR,"Forsmoveien 10, 8613 Mo i Rana, Norway",14.174561693414375,66.32674736731067
NOR,"Forsølveien 38, 9601 Hammerfest, Norway",23.675693861989174,70.6771057800749
NOR,"Forstrøms vei 14, 1778 Halden, Norway",11.377850766935325,59.12854477256934
NOR,"Fortunalia 30, 7059 Jakobsli, Norway",10.50193761033097,63.407668826825756
NOR,"Forvalds veg 20, 3720 Skien, Norway",9.529338446226603,59.20901246797712
NOR,"Forvikveien 124, 8976 Vevelstad, Norway",12.440145096015243,65.70052004219056
NOR,"Fossbrennvegen 10, 7805 Namsos, Norway",11.53967086763106,64.48142339684136
NOR,"Fossbyåsen 63, 1798 Aremark, Norway",11.70078336806074,59.224766883638125
NOR,"Fossenvegen 5, 2848 Skreia, Norway",10.9247633865684,60.65141248547073
NOR,"Fossevegen 2, 6770 Nordfjordeid, Norway",5.996953913009236,61.913686451461956
NOR,"Fossevegen 56, 6770 Nordfjordeid, Norway",5.99374959524431,61.91915040459443
NOR,"Fosslivegen 28, 7507 Stjørdal, Norway",10.942877098425697,63.47976945502674
NOR,"Fossøyrgata 21, 6993 Høyanger, Norway",6.083856898399006,61.22196544949989
NOR,"Fossumbakken 11, 1359 Eiksmarka, Norway",10.626908517734563,59.9589844699758
NOR,"Fossumbakken 12, 1359 Eiksmarka, Norway",10.62653602595745,59.95894863733972
NOR,"Fossumberget 22, 0983 Oslo, Norway",10.931171183907963,59.961131410655156
NOR,"Fossveien 2, 3370 Vikersund, Norway",9.980915156184182,59.95818533932706
NOR,"Fossveien 24, 3403 Lier, Norway",10.261015896806953,59.79330949010017
NOR,"Frakkagjerdvegen 160, 5563 Førresfjorden, Norway",5.398890117834725,59.42099842681597
NOR,"Framnesveien 10, 4632 Kristiansand s, Norway",8.030740072965045,58.146377917447296
NOR,"Framnesveien 7, 3222 Sandefjord, Norway",10.231373547684115,59.12004237953576
NOR,"Framstredet 26, 9019 Tromsø, Norway",18.968946858760404,69.68467369195292
NOR,"Framveien 6A, 3188 Horten, Norway",10.466778041080943,59.40421383334521
NOR,"Frankendalsbakken 19, 3262 Larvik, Norway",10.048002903372037,59.051198623632644
NOR,"Frankendalsveien 97, 3274 Larvik, Norway",10.052778576525299,59.064958774980596
NOR,"Fredfossgata 41, 3320 Vestfossen, Norway",9.887227439269054,59.729459923566054
NOR,"Fredheimlia 45, 1362 Hosle, Norway",10.598341985884275,59.94372806509199
NOR,"Fredheimsvegen 18, 4350 Kleppe, Norway",5.632656368255908,58.771327672885405
NOR,"Fredheimvegen 3, 2380 Brumunddal, Norway",10.956190075239249,60.87464570108551
NOR,"Fredheimveien 21, 8250 Rognan, Norway",15.372780987700821,67.08618304090862
NOR,"Fredlundveien 45, 5073 Bergen, Norway",5.335840687777761,60.35590874047759
NOR,"Fredlyvegen 69, 7353 Børsa, Norway",10.058847074424307,63.336080542456386
NOR,"Fredlyveien 17, 9411 Harstad, Norway",16.570783861247264,68.77817677277056
NOR,"Fredrik Borgens veg 1, 2040 Kløfta, Norway",11.21930321269636,60.10088296611835
NOR,"Fredriks vei 2, 1665 Rolvsøy, Norway",10.996405524665676,59.266431647942596
NOR,"Fredriksbergsgaten 4, 5005 Bergen, Norway",5.311088927700695,60.396483773550244
NOR,"Fredriksborgveien 18, 0286 Oslo, Norway",10.687513114273315,59.90306829097824
NOR,"Fregattveien 19, 3150 Tolvsrød, Norway",10.49593323663206,59.28774603509744
NOR,"Freskoveien 1, 1605 Fredrikstad, Norway",10.940783885745702,59.218114586182935
NOR,"Freyasdalsveien 25, 4631 Kristiansand s, Norway",8.01903264970474,58.1514084423666
NOR,"Freyasdalsveien 58, 4631 Kristiansand s, Norway",8.019487787047154,58.151537691313564
NOR,"Fridtjof Nansens vei 18, 0369 Oslo, Norway",10.706838765510753,59.930535871503196
NOR,"Fridtjof Nansens vei 69, 1464 Fjellhamar, Norway",10.988603397732874,59.94728220158595
NOR,"Fridtjof Nansens vei 73, 1464 Fjellhamar, Norway",10.989537979936955,59.947339994808345
NOR,"Fridtjovs gate 1, 0658 Oslo, Norway",10.792060257304485,59.90708611435588
NOR,"Frierveien 18, 1179 Oslo, Norway",10.775074079062364,59.88873494318162
NOR,"Friggs veg 2B, 7602 Levanger, Norway",11.274030251090437,63.755927516033836
NOR,"Friggs vei 20, 1349 Rykkinn, Norway",10.471695292312194,59.927676476594606
NOR,"Fritzners gate 15, 0264 Oslo, Norway",10.705336057909449,59.91694859690821
NOR,"Frivågveien 21, 8430 Myre, Norway",15.07371753224811,68.89748407010802
NOR,"Frogneralleen 1, 2016 Frogner, Norway",11.11525990586506,60.02243417781892
NOR,"Frognerseterveien 21B, 0775 Oslo, Norway",10.693325042116129,59.94907685087486
NOR,"Frognerseterveien 44D, 0776 Oslo, Norway",10.690781218321433,59.953865054973335
NOR,"Frognerseterveien 66C, 0776 Oslo, Norway",10.68773305541265,59.956710753010924
NOR,"Frognerseterveien 67, 0782 Oslo, Norway",10.684141745178096,59.96146283110673
NOR,"Frognervegen 101, 2322 Ridabu, Norway",11.165551911650937,60.79691775645918
NOR,"Frognerveien 42, 2016 Frogner, Norway",11.10958368103465,60.02404295840489
NOR,"Frognerveien 47, 0266 Oslo, Norway",10.707449303338052,59.92082811888346
NOR,"Frognerveien 53, 0266 Oslo, Norway",10.705998731174503,59.921843837910245
NOR,"Frognerveien 67, 0266 Oslo, Norway",10.70707689537997,59.9249320244067
NOR,"Frogs vei 60, 3611 Kongsberg, Norway",9.64550651127729,59.68518901601675
NOR,"Frolandsveien 307, 4848 Arendal, Norway",8.705026800141212,58.47522353216783
NOR,"Frøstadvegen 291, 7633 Frosta, Norway",10.813547014637635,63.61896554176647
NOR,"Frostvedtveien 21, 3258 Larvik, Norway",10.056096552897287,59.05521586027706
NOR,"Frøyas gate 1, 8660 Mosjøen, Norway",13.231620971686965,65.82332200641898
NOR,"Fru Ingers vei 433, 7140 Opphaug, Norway",9.686924596171337,63.72522686781605
NOR,"Frydenbergvegen 23, 7050 Trondheim, Norway",10.430629993989413,63.41379528558525
NOR,"Frydenlundgata 73, 8517 Narvik, Norway",17.435176091936967,68.44293119778993
NOR,"Frydens gate 2B, 0564 Oslo, Norway",10.77663311305298,59.925257996621184
NOR,"Frydensborgbakken 3, 3770 Kragerø, Norway",9.405736638887674,58.87625514477318
NOR,"Fuglekongestien 2, 1920 Sørumsand, Norway",11.245721714219883,59.96775860431035
NOR,"Fugleleiken 1, 3742 Skien, Norway",9.55427854766802,59.22296699565973
NOR,"Fugleliveien 19C, 0667 Oslo, Norway",10.826702998404727,59.90162572353222
NOR,"Fuglestigen 11, 3540 Nesbyen, Norway",9.121204050779909,60.57411520302952
NOR,"Fuglevikvegen 21, 5912 Seim, Norway",5.267438490533948,60.61839826433845
NOR,"Fullriggerveien 50, 3138 Skallestad, Norway",10.442833039184478,59.199058538861124
NOR,"Fullshammarvegen 6, 4104 Jørpeland, Norway",6.0579727432029244,59.02769765305692
NOR,"Furehaugen 55, 5314 Kjerrgarden, Norway",5.033010907952217,60.52507717186822
NOR,"Furevegen 3, 6995 Kyrkjebø, Norway",5.936483929835475,61.16455356179017
NOR,"Furlivegen 60, 6260 Skodje, Norway",6.729306944985552,62.497837251284096
NOR,"Furnesvegen 217, 2319 Hamar, Norway",11.086786496959064,60.82156138998528
NOR,"Fürstveien 46, 1367 Snarøya, Norway",10.605537430665237,59.877087785805145
NOR,"Furukollen 1, 2960 Røn, Norway",9.061045455309113,61.0342401969406
NOR,"Furulia 3A, 3470 Slemmestad, Norway",10.493384548692688,59.77612038598215
NOR,"Furulunden, 4790 Lillesand, Norway",8.361914282531355,58.243217225961956
NOR,"Furulundsgutua 8A, 2074 Eidsvoll Verk, Norway",11.159725399296605,60.29445220730008
NOR,"Furulundsveien 23, 0282 Oslo, Norway",10.64912944596685,59.9248935095616
NOR,"Furuly 23, 9512 Alta, Norway",23.206452291089334,69.95265520641237
NOR,"Furumoen 18, 1168 Oslo, Norway",10.785191606787619,59.84556872642517
NOR,"Furumohaugen 7, 2743 Harestua, Norway",10.720732272938221,60.19355865204406
NOR,"Fururingen 12, 7340 Oppdal, Norway",9.884337945787394,62.65600309365243
NOR,"Furustadveien 61, 3232 Sandefjord, Norway",10.174652370705587,59.114028489735915
NOR,"Furustien 4, 6907 Florø, Norway",5.0689299614489585,61.601703088545094
NOR,"Furuvegen 25, 2668 Lesjaskog, Norway",8.36849481257073,62.23303557943228
NOR,"Furuveien 1, 1356 Bekkestua, Norway",10.57715446249449,59.92259473070624
NOR,"Furuveien 15, 6530 Averøy, Norway",7.647069435402329,63.0647999528166
NOR,"Furuveien 29, 3960 Stathelle, Norway",9.69683686722854,59.03912361200858
NOR,"Fuskegata 9, 3158 Andebu, Norway",10.246307333114686,59.29170342129268
NOR,"Fykenvegen 2, 7054 Ranheim, Norway",10.555761079562728,63.420100320791875
NOR,"Fykenvegen 9, 7054 Ranheim, Norway",10.55874755166414,63.420121652735446
NOR,"Fyllingvegen 81, 6030 Langevåg, Norway",6.197213589305619,62.442952255924666
NOR,"Fyrstikkalléen 19, 0661 Oslo, Norway",10.794469551553249,59.91461582943546
NOR,"Fyrstikkalléen 21, 0661 Oslo, Norway",10.79432521518055,59.91525549437631
NOR,"Fyrstikkbakken 22, 0667 Oslo, Norway",10.82764244211262,59.91058539129355
NOR,"Gabbrovegen 77, 9022 Krokelvdalen, Norway",19.078574440944266,69.69096581902866
NOR,"Gabbroveien 15, 1352 Kolsås, Norway",10.508754528364506,59.91439446337259
NOR,"Gabels gate 38, 0272 Oslo, Norway",10.709895645598834,59.91552434392065
NOR,"Gabriel Christiansens gate 3, 3127 Tønsberg, Norway",10.416231979809822,59.25899807329242
NOR,"Gagnumsvegen 20, 2750 Gran, Norway",10.536934738297447,60.33434147496445
NOR,"Gahkkorcorru 1, 9520 Kautokeino, Norway",22.75711443600005,69.37465300000008
NOR,"Gålåsvegen 68A, 2320 Furnes, Norway",11.0580914705331,60.84942090830273
NOR,"Galeasvegen 3, 5535 Haugesund, Norway",5.321546190102367,59.39938757540631
NOR,"Galgeberg 2, 0657 Oslo, Norway",10.778656588298588,59.907573061020855
NOR,"Galleberggata 8, 3073 Sande i Vestfold, Norway",10.22135206042853,59.62115622107925
NOR,"Galnåsmyra 51, 8022 Bodø, Norway",14.53919325700923,67.28340922262677
NOR,"Gamle Ådalsvei 105, 3525 Hallingby, Norway",10.189341739839563,60.28703866539851
NOR,"Gamle Asheimvei 15, 4318 Sandnes, Norway",5.716937410513367,58.84164228515775
NOR,"Gamle Bjørndalvei 5, 3243 Kodal, Norway",10.102570685605798,59.22697056980198
NOR,"Gamle Bygdevei 25, 1284 Oslo, Norway",10.82855246534038,59.85200313844345
NOR,"Gamle Dalavegen 38, 5600 Norheimsund, Norway",6.137849765893947,60.370411570356424
NOR,"Gamle Dalsveg 3, 2032 Maura, Norway",11.020627632281105,60.24787007376918
NOR,"Gamle Drammensvei 113, 1363 Høvik, Norway",10.573150008252412,59.90258696018839
NOR,"Gamle Drammensvei 142, 1363 Høvik, Norway",10.56187869541435,59.89995395294389
NOR,"Gamle Drammensvei 189, 1365 Blommenholm, Norway",10.54177361595027,59.893998030529694
NOR,"Gamle Drammensvei 189B, 1365 Blommenholm, Norway",10.540787480092035,59.8938337806118
NOR,"Gamle Drammensvei 252, 1383 Asker, Norway",10.42450642698654,59.83554971396717
NOR,"Gamle Drammensvei 308, 1383 Asker, Norway",10.40519837774579,59.83024124513858
NOR,"Gamle Drammensvei 70A, 1369 Stabekk, Norway",10.592910177350461,59.90669467947757
NOR,"Gamle Dusavikveien 6, 4029 Stavanger, Norway",5.68212569024513,58.9952125395626
NOR,"Gamle E6 1307, 7620 Skogn, Norway",11.193910991397644,63.70184676428411
NOR,"Gamle Eigerøyveien 34, 4373 Egersund, Norway",5.992069861847938,58.460661735600155
NOR,"Gamle Engesetvegen 9, 6102 Volda, Norway",6.062014077818958,62.14956913243495
NOR,"Gamle Gomsrudvei 35, 3616 Kongsberg, Norway",9.653765871028298,59.657875872057815
NOR,"Gamle Jonsvannsveien 1, 7049 Trondheim, Norway",10.448342547960749,63.4103404746439
NOR,"Gamle Kirkevei 50, 1617 Fredrikstad, Norway",10.96333162438279,59.229796486548054
NOR,"Gamle kirkevei 7, 1617 Fredrikstad, Norway",10.956441081820381,59.22574478184485
NOR,"Gamle Kongeveg Nord 272, 7609 Levanger, Norway",11.369020515759019,63.7606026482585
NOR,"Gamle Kongevei 107, 3040 Drammen, Norway",10.2412369522458,59.7275977580471
NOR,"Gamle Kongevei 116, 3040 Drammen, Norway",10.242818785013071,59.7266129263335
NOR,"Gamle Kongevei 3, 1789 Berg i Østfold, Norway",11.273975181986572,59.11190673667559
NOR,"Gamle Kragerøvei 36, 3770 Kragerø, Norway",9.40365708870985,58.87937803234877
NOR,"Gamle Kroervei 53, 1435 Ås, Norway",10.816940847233383,59.66210856552334
NOR,"Gamle Kyrkjevegen 14, 5378 Klokkarvik, Norway",5.146400791195418,60.22607926289834
NOR,"Gamle Leirvegen 111, 7038 Trondheim, Norway",10.40628500767346,63.389741360857045
NOR,"Gamle Myrvei 1, 4580 Lyngdal, Norway",7.047339653152676,58.12837434379773
NOR,"Gamle Nesnaveien 3, 8616 Mo i Rana, Norway",14.104106097530632,66.33146369658945
NOR,"Gamle Oslovei 21, 7020 Trondheim, Norway",10.353663251899945,63.41476067128346
NOR,"Gamle Oslovei 29, 7020 Trondheim, Norway",10.352879208676939,63.413906010526176
NOR,"Gamle Ravei 154, 3270 Larvik, Norway",10.098961605736491,59.09104719715708
NOR,"Gamle Ravei 314, 3270 Larvik, Norway",10.113479229674425,59.10316047216912
NOR,"Gamle Ridevei 8, 9403 Harstad, Norway",16.50806073868091,68.81576839313647
NOR,"Gamle Riksvei 137B, 3058 Solbergmoen, Norway",10.051673003496461,59.757903115711116
NOR,"Gamle Riksvei 24, 3057 Solbergelva, Norway",10.098601351538008,59.761604438424854
NOR,"Gamle Ringeriksvei 110, 1356 Bekkestua, Norway",10.56167711064299,59.92977248967148
NOR,"Gamle Ringeriksvei 125, 1356 Bekkestua, Norway",10.56226727551599,59.932438782017044
NOR,"Gamle Ringeriksvei 21A, 1356 Bekkestua, Norway",10.593218715206348,59.91626932747488
NOR,"Gamle Ringeriksvei 53, 1357 Bekkestua, Norway",10.583453714187925,59.91955729663351
NOR,"Gamle Siggerudvei 3, 1404 Siggerud, Norway",10.890199100081901,59.79027993501643
NOR,"Gamle skolevei 6, 4821 Rykene, Norway",8.63602823048646,58.41257995386263
NOR,"Gamle Solbergvei 5, 1337 Sandvika, Norway",10.528913652258817,59.89963993921834
NOR,"Gamle Somavei 26, 4313 Sandnes, Norway",5.721845853012923,58.871090299855496
NOR,"Gamle Stavernsveien 200, 3267 Larvik, Norway",10.013727038173812,59.01855211659267
NOR,"Gamle Strømmevei 55, 4638 Kristiansand s, Norway",8.088390803005723,58.15928839527038
NOR,"Gamle Strømsvei 13, 1467 Strømmen, Norway",11.014523846569716,59.94157148522399
NOR,"Gamle Tanumvei 44, 1341 Slependen, Norway",10.49461115640338,59.88468141289647
NOR,"Gamle Vektervei 10, 1718 Greåker, Norway",11.04652905419772,59.2659552205661
NOR,"Gamle Vevelstadvei 23, 1405 Langhus, Norway",10.840694406461296,59.75696794677384
NOR,"Gamle Vikerveien 3, 1684 Vesterøy, Norway",10.937699093920031,59.05429611404162
NOR,"Gamlebygget Stavangergata 42, 0467 Oslo, Norway",10.757972398194482,59.943533898304935
NOR,"Gamletufta 1, 6104 Volda, Norway",6.113244605303379,62.15033289145228
NOR,"Gamletufta 3, 6104 Volda, Norway",6.114389238001024,62.150410633604224
NOR,"Gamlevegen 119, 2615 Lillehammer, Norway",10.464781471744544,61.120924582295544
NOR,"Gamlevegen 22, 2420 Trysil, Norway",12.274223394819643,61.307176380095626
NOR,"Gamlevegen 93B, 2040 Kløfta, Norway",11.129719024118828,60.08171858269802
NOR,"Gamleveien 103, 2040 Kløfta, Norway",11.129122627190707,60.0823187250946
NOR,"Gamleveien 141, 1350 Lommedalen, Norway",10.474024783109314,59.962171940115354
NOR,"Gamleveien 37, 1406 Ski, Norway",10.817059367344285,59.71752438681085
NOR,"Gamleveien 44, 1461 Lørenskog, Norway",10.940548102809373,59.92311805483098
NOR,"Gamleveien 46, 1461 Lørenskog, Norway",10.939466250566511,59.92303603790842
NOR,"Gamleveien 69, 1476 Rasta, Norway",10.943654268488132,59.918716046921304
NOR,"Gamleveien 86, 1350 Lommedalen, Norway",10.481566484310463,59.95534198822236
NOR,"Gammalsrudvegen 6, 2340 Løten, Norway",11.312992773630185,60.8313321326074
NOR,"Gammelgata 17, 2640 Vinstra, Norway",9.785152370941432,61.588064684340765
NOR,"Gammelvegen 11, 6530 Averøy, Norway",7.658159447674706,63.08426981469816
NOR,"Gammelvegen 4, 7170 Åfjord, Norway",10.218392745693393,63.96781754399083
NOR,"Gammelveien 20, 9360 Bardu, Norway",18.340335049824944,68.86000103729776
NOR,"Gammelveien 235, 8252 Rognan, Norway",15.380793081308155,67.04992414314762
NOR,"Gammelveien 37, 9842 Tana, Norway",28.51063553640182,70.43674192411675
NOR,"Gamvikveien 1, 9770 Mehamn, Norway",27.85249327675089,71.03490236263485
NOR,"Gange-Rolvs gate 3, 0273 Oslo, Norway",10.699147363518904,59.915905846243675
NOR,"Gangsåsveien 8, 9408 Harstad, Norway",16.561520852410013,68.78584009538676
NOR,"Gardavegen 23, 6868 Gaupne, Norway",7.289226239772468,61.40954594331101
NOR,"Garderåsveien 202, 1900 Fetsund, Norway",11.152826925345153,59.94247626976227
NOR,"Gardermovegen 17C, 2050 Jessheim, Norway",11.165577895550797,60.14470158617232
NOR,"Garderveien 649, 1544 Vestby, Norway",10.80781622361755,59.581289165458315
NOR,"Garderveien 77, 1540 Vestby, Norway",10.747425365609786,59.595240424198664
NOR,"Gardeveien 4 - 6, 0363 Oslo, Norway",10.718325493260437,59.932578164121395
NOR,"Gardsstølsvegen 29, 6812 Førde, Norway",5.899890133133113,61.45387615610559
NOR,"Gårdsveien 10, 8743 Indre Kvarøy, Norway",12.960597832203177,66.4858794754771
NOR,"Gårdsveien 2, 0952 Oslo, Norway",10.871761930581073,59.95056371667914
NOR,"Gårdsveien 7, 0952 Oslo, Norway",10.874531059933133,59.950800170167724
NOR,"Garnesvegen 152, 5264 Garnes, Norway",5.467436986727364,60.449314238712816
NOR,"Garnlenka 23, 8373 Ballstad, Norway",13.554851549470271,68.07555020231547
NOR,"Garnveien 28, 8013 Bodø, Norway",14.456811051097134,67.27428908332917
NOR,"Garnveien 70, 8013 Bodø, Norway",14.462863455742081,67.27541280317837
NOR,"Garpagata 1, 7650 Verdal, Norway",11.488743848860622,63.79577898131487
NOR,"Gartaveien 38, 4810 Eydehavn, Norway",8.869877797025197,58.508862372724735
NOR,"Gartnarvegen 1, 3570 Ål, Norway",8.556054145356654,60.627917675593835
NOR,"Gartnerivegen 8, 6017 Ålesund, Norway",6.331229408425855,62.463130681991174
NOR,"Gartnerveien 25, 1526 Moss, Norway",10.68148191584342,59.41407790845915
NOR,"Gartnerveien 8, 1356 Bekkestua, Norway",10.591896386161409,59.913457157050004
NOR,"Gartnetluohkká 7, 9520 Kautokeino, Norway",23.05829980553048,69.00232835160676
NOR,"Gartnetmaras 1, 9520 Kautokeino, Norway",23.05992757112716,69.0007942956876
NOR,"Garver Ytteborgs vei 87, 0977 Oslo, Norway",10.908607184378724,59.95207287834589
NOR,"Garver Ytteborgs vei 97, 0977 Oslo, Norway",10.914369407535702,59.951631906419834
NOR,"Gåsbuvegen 172, 2323 Ingeberg, Norway",11.122788866573387,60.82812131886749
NOR,"Gåsungveien 3, 9912 Hesseng, Norway",30.002564261668624,69.69657356371013
NOR,"Gaupefaret 10, 1528 Moss, Norway",10.68938227868145,59.42091896637385
NOR,"Gaupevegen 12, 2406 Elverum, Norway",11.535244552202158,60.885841115790356
NOR,"Gaupevegen 38, 7082 Kattem, Norway",10.334675056084365,63.344152063757264
NOR,"Gauselbakken 107, 4032 Stavanger, Norway",5.73376475169033,58.89721111808774
NOR,"Gauselvågen 3, 4032 Stavanger, Norway",5.728958987504683,58.91096909014087
NOR,"Gauselveien 9, 1406 Ski, Norway",10.816265684932603,59.71839853549301
NOR,"Gaustadalléen 28, 0373 Oslo, Norway",10.715780160723142,59.94347962548187
NOR,"Gaustadalléen 5, 0373 Oslo, Norway",10.716004544271158,59.940755381221294
NOR,"Gaustadalléen 7, 0373 Oslo, Norway",10.715283700598064,59.941078210222116
NOR,"Gaustadveien 21B, 0372 Oslo, Norway",10.721010216847532,59.95503248644761
NOR,"Gaustadveien 21C, 0372 Oslo, Norway",10.721261925399887,59.954705885590386
NOR,"Gaustadveien 6G, 0372 Oslo, Norway",10.717667178585032,59.95479762552063
NOR,"Gaustavegen 10, 3697 Tuddal, Norway",8.787490897247324,59.75579523470057
NOR,"Gausvik, 9430 Sandtorg, Norway",16.510458759300743,68.61267057425349
NOR,"Geilneset 31, 6030 Langevåg, Norway",6.184567644346771,62.43901288716077
NOR,"Geilolie 4, 3580 Geilo, Norway",8.22930015075454,60.52651135741104
NOR,"Geitastova 11, 4031 Stavanger, Norway",5.739353972365791,58.889504377213086
NOR,"Geiteramsveien 1, 3268 Larvik, Norway",9.996415944467195,59.05312842991536
NOR,"Geiteramsveien 63, 3268 Larvik, Norway",9.993859161619952,59.05178300992202
NOR,"General Fleischers vei 1, 1359 Eiksmarka, Norway",10.612712758878587,59.93689907711786
NOR,"General Ruges vei 51, 0691 Oslo, Norway",10.84045141508824,59.88273450633639
NOR,"General Ruges Vei 67, 0692 Oslo, Norway",10.840011448990566,59.87739473109943
NOR,"General Ruges vei 94, 0694 Oslo, Norway",10.849508732021548,59.87188346212352
NOR,"General von Hovens vei 16, 7040 Trondheim, Norway",10.43325864264429,63.44918988340032
NOR,"Gerd-Ragna Bloch Thorsens gate 17, 4016 Stavanger, Norway",5.734421892899292,58.951164884004356
NOR,"Gillsveien 45, 4633 Kristiansand s, Norway",8.012036442762252,58.18008016710172
NOR,"Gimlevegen 37, 9019 Tromsø, Norway",18.98599305142929,69.68636281308082
NOR,"Gimlevegen 62A, 9019 Tromsø, Norway",18.98295578499463,69.68678119577783
NOR,"Gimleveien 1, 1413 Tårnåsen, Norway",10.818686965302874,59.81778464737246
NOR,"Gimsmarkvegen 70, 7227 Gimse, Norway",10.251896134694988,63.2723426228726
NOR,"Gina Krogs veg 20, 7046 Trondheim, Norway",10.438467492553627,63.42550266693601
NOR,"Gina Krogs vei 10, 1153 Oslo, Norway",10.814350252418933,59.87806683400555
NOR,"Giskehagen 58B, 0376 Oslo, Norway",10.690050316364534,59.94383786802359
NOR,"Gjærbrøndveien 284, 4886 Grimstad, Norway",8.530519934618155,58.350209667510455
NOR,"Gjallarveien 23, 1413 Tårnåsen, Norway",10.820300314026099,59.8120499587674
NOR,"Gjeddevannsveien 2, 1911 Flateby, Norway",11.12927930947825,59.83577468424838
NOR,"Gjekstadveien 75, 3218 Sandefjord, Norway",10.267662913663145,59.131360798669675
NOR,"Gjemblevegen 65, 7602 Levanger, Norway",11.272670957852455,63.752488588799025
NOR,"Gjennestadtunet 75, 3160 Stokke, Norway",10.275825965346684,59.23160333150608
NOR,"Gjennomfaret 4, 2818 Gjøvik, Norway",10.668613850450441,60.77407023905499
NOR,"Gjerdeveien 11, 8056 Saltstraumen, Norway",14.624064301431218,67.22027031575342
NOR,"Gjerdeveien 144, 4028 Stavanger, Norway",5.677165950498164,58.99294800078167
NOR,"Gjerdsvikvegen 373, 6083 Gjerdsvika, Norway",5.578280196328791,62.26125388511514
NOR,"Gjerivegen 80, 2022 Gjerdrum, Norway",11.07761292302871,60.079488996453335
NOR,"Gjerlovs veg 2, 7092 Tiller, Norway",10.379642625516112,63.353948455003064
NOR,"Gjermundnesvegen 75, 6392 Vikebukt, Norway",7.149019011831399,62.618554929559366
NOR,"Gjernesmoen 2, 5700 Voss, Norway",6.419638537997201,60.61579568340247
NOR,"Gjerstadveien 1335, 4980 Gjerstad, Norway",9.019016497311668,58.881333362721534
NOR,"Gjert Breidfjords veg 5, 4275 Sævelandsvik, Norway",5.198871672711732,59.271657471205884
NOR,"Gjettumtunet 10, 1346 Gjettum, Norway",10.530528365881423,59.905777699270175
NOR,"Gjettumveien 75, 1346 Gjettum, Norway",10.530462400303435,59.90885172035027
NOR,"Gjevingveien 123, 4912 Gjeving, Norway",9.118944122045747,58.649160260636904
NOR,"Gjønnesjordet 36, 1357 Bekkestua, Norway",10.572481132379039,59.916081824300846
NOR,"Gjønnesskogen 26, 1356 Bekkestua, Norway",10.574588510475394,59.91937335576833
NOR,"Gjørtlervegen 5, 7021 Trondheim, Norway",10.357118607665,63.40486260755213
NOR,"Glads vei 47, 0489 Oslo, Norway",10.776673765283391,59.95478861497472
NOR,"Glåmosveien 27, 7372 Glåmos, Norway",11.42754774141477,62.672267338574045
NOR,"Glansberget 2, 8725 Utskarpen, Norway",13.573653331759232,66.29336249841998
NOR,"Glassverket 40, 1515 Moss, Norway",10.64994022746103,59.43267538185822
NOR,"Glassverkveien 32, 1363 Høvik, Norway",10.569002055828008,59.892771583931875
NOR,"Glendeveien 22, 1820 Spydeberg, Norway",11.089535174467386,59.615336162790356
NOR,"Glendrange 20, 4406 Flekkefjord, Norway",6.67508508389588,58.312197862338365
NOR,"Glitneveien 20, 3151 Tolvsrød, Norway",10.455373204525273,59.27067792009129
NOR,"Glitneveien 26, 3151 Tolvsrød, Norway",10.454647331710277,59.269747570748336
NOR,"Glitneveien 28, 3151 Tolvsrød, Norway",10.454934328075012,59.26919273066761
NOR,"Glittreveien 33, 1487 Hakadal, Norway",10.881242114529584,60.11168262926475
NOR,"Glomboveien 18, 1678 Kråkerøy, Norway",10.913301720709228,59.20397171713597
NOR,"Glomnesvegen 26, 6798 Hjelledalen, Norway",7.1114779762511375,61.915966245306635
NOR,"Glomstuvegen 33, 6412 Molde, Norway",7.133730168982282,62.738230569631895
NOR,"Glostrupveien 13, 2013 Skjetten, Norway",10.996766114140286,59.96748527044778
NOR,"Gneisveien 31, 1454 Fagerstrand, Norway",10.60295924106751,59.7452725096351
NOR,"Gnoldenveien 2, 1715 Yven, Norway",11.05929947041875,59.27071685403152
NOR,"Godheimveien 26, 3440 Røyken, Norway",10.399140692501874,59.7495856693711
NOR,"Gokstadryggen 6, 3217 Sandefjord, Norway",10.243374756650695,59.132268349236
NOR,"Golivegen 40, 4708 Vennesla, Norway",7.966588338821481,58.2484536563272
NOR,"Golvsengane 1, 6770 Nordfjordeid, Norway",5.992873015810204,61.91483950797229
NOR,"Gonveien 75, 3260 Larvik, Norway",10.07572579666774,59.025624473125504
NOR,"Gorsetråket 1, 7340 Oppdal, Norway",9.730175216556603,62.60554596437399
NOR,"Gorsetvegen 15, 7340 Oppdal, Norway",9.697421672613103,62.599715009610975
NOR,"Gosenlund 14, 4041 Hafrsfjord, Norway",5.690154882934934,58.941527832737904
NOR,"Gotebergveien 12, 4055 Sola, Norway",5.616153909646044,58.89934515063621
NOR,"Goto 26, 5470 Rosendal, Norway",6.00903215166602,59.98841722960975
NOR,"Graabrødregaten 21, 3110 Tønsberg, Norway",10.410745102172143,59.26798531751521
NOR,"Grååsveien 6, 1820 Spydeberg, Norway",11.074647657142322,59.60592533909059
NOR,"Gråbeinstien 2, 1407 Vinterbro, Norway",10.7773097002773,59.74246645799954
NOR,"Grådalshaugen 55, 2630 Ringebu, Norway",10.068264310279972,61.55404974778838
NOR,"Grålumveien 125, 1712 Grålum, Norway",11.051035584440001,59.28429050803385
NOR,"Grålumveien 61, 1718 Greåker, Norway",11.042015566975806,59.27585353575455
NOR,"Gramsborgveien 3, 3032 Drammen, Norway",10.15316376935371,59.71710294471919
NOR,"Gramveien 65, 1832 Askim, Norway",11.127670570801797,59.59011849462527
NOR,"Granåsen 11, 1362 Hosle, Norway",10.586617966455691,59.9356654286085
NOR,"Granåsvegen 35, 7048 Trondheim, Norway",10.461950735404145,63.41642263504511
NOR,"Granatvegen 21, 3931 Porsgrunn, Norway",9.688384220790283,59.10703706047826
NOR,"Granbergstubben 11, 1275 Oslo, Norway",10.83813775835472,59.825750640512325
NOR,"Granittlia 2, 2611 Lillehammer, Norway",10.516131189892121,61.09350117440033
NOR,"Granittvegen 2, 2413 Elverum, Norway",11.583584580376538,60.89249496389763
NOR,"Granittvegen 33, 2008 Fjerdingby, Norway",11.054676599360391,59.93632617403583
NOR,"Granittveien 1, 1555 Son, Norway",10.691469288753098,59.511465313616895
NOR,"Granittveien 9, 1640 Råde, Norway",10.939186043543373,59.345984416709285
NOR,"Grannesbakken 19, 4044 Hafrsfjord, Norway",5.693264652832056,58.93198964601942
NOR,"Grannesbakken 25, 4044 Hafrsfjord, Norway",5.693178570686456,58.932670508014354
NOR,"Gransdalen 20, 1054 Oslo, Norway",10.899791014799746,59.94684248694537
NOR,"Gransdalen 22, 1054 Oslo, Norway",10.90078728781117,59.94635566600894
NOR,"Gransdalen 35, 1054 Oslo, Norway",10.900417729700166,59.94502990038367
NOR,"Granstangen 50, 1051 Oslo, Norway",10.897647678338757,59.94449048300484
NOR,"Granvegen 8, 6445 Malmefjorden, Norway",7.242998083700883,62.81736252494966
NOR,"Granveien 19, 1178 Oslo, Norway",10.793774058761034,59.88173708409604
NOR,"Grasåsliveien 22, 4985 Vegårshei, Norway",8.829088690145454,58.674342347622996
NOR,"Grasbakken 150, 5381 Glesvær, Norway",5.039708132408435,60.2400579723716
NOR,"Grasdalen 2, 4347 Lye, Norway",5.741807271606206,58.740744371312076
NOR,"Gråurvegen 2, 6230 Sykkylven, Norway",6.590129968985053,62.37823612633079
NOR,"Grav Gårdsvei 10, 1358 Jar, Norway",10.604323814904461,59.92940963708301
NOR,"Gravarstunet 2, 4327 Sandnes, Norway",5.743768636949255,58.84834026398525
NOR,"Gravdalspollen 25, 5164 Laksevåg, Norway",5.266363846727813,60.38323957025224
NOR,"Gravdalsveien 10B, 0756 Oslo, Norway",10.63306167285566,59.95460559611888
NOR,"Gravdalsveien 10C, 0756 Oslo, Norway",10.632789261002472,59.95452814733355
NOR,"Gravdalsveien 44, 3647 Hvittingfoss, Norway",10.007826345976355,59.4886586579907
NOR,"Grefsenkollveien 12A, 0490 Oslo, Norway",10.796099915539884,59.95408101470866
NOR,"Grefsenkollveien 16D, 0490 Oslo, Norway",10.796582964619887,59.95357684323264
NOR,"Grefsentunet 1, 0488 Oslo, Norway",10.788125121401691,59.946628706504896
NOR,"Grefstadveien 80, 4885 Grimstad, Norway",8.653338536924366,58.364828000015024
NOR,"Greftenenga 43, 2324 Vang på Hedmarken, Norway",11.198779536038074,60.85077391511331
NOR,"Gregorius Dagssons gate 244, 3712 Skien, Norway",9.651956637227897,59.167458889618274
NOR,"Greinveien 2, 3114 Tønsberg, Norway",10.475995368545881,59.29152136635571
NOR,"Greisdalsveien 20, 8028 Bodø, Norway",14.574105979210742,67.29059209455298
NOR,"Grendatunvegen 2, 5563 Førresfjorden, Norway",5.387741180783024,59.422667640923834
NOR,"Grendehuset Thomas Olsens vei 32, 1545 Hvitsten, Norway",10.665872465197879,59.60373070538219
NOR,"Grendehusvegen 1, 1929 Auli, Norway",11.36762132466194,60.03683282064125
NOR,"Grendehusvegen 2, 1929 Auli, Norway",11.36934103973644,60.0369762350046
NOR,"Grendeveien 1, 8209 Fauske, Norway",15.408440202199131,67.26665191225086
NOR,"Grendeveien 11, 2500 Tynset, Norway",10.775431315775705,62.26670442720257
NOR,"Grensedalen 65, 5306 Erdal, Norway",5.215247899859804,60.4486580195132
NOR,"Grensegata 36, 3715 Skien, Norway",9.615176091722759,59.20953281652626
NOR,"Grensen 3, 7300 Orkanger, Norway",9.854530976086181,63.311080719954845
NOR,"Grensevegen 2, 7716 Steinkjer, Norway",11.513948231709179,64.0173767618916
NOR,"Grenseveien 19, 0571 Oslo, Norway",10.781143163694594,59.92461334444798
NOR,"Grethes vei 2, 4905 Tvedestrand, Norway",8.931817546920769,58.61216870071934
NOR,"Grev Wedels gate 42, 3179 Åsgårdstrand, Norway",10.460993438242468,59.349064975673826
NOR,"Greverudveien 8C, 1395 Hvalstad, Norway",10.467181378261728,59.85271773759868
NOR,"Grevlingåsen 22, 1362 Hosle, Norway",10.587181565625201,59.938469720044395
NOR,"Grillstadfjæra 42, 7053 Ranheim, Norway",10.50297922943858,63.43582824963883
NOR,"Grimelundshaugen 12, 0374 Oslo, Norway",10.693123717919319,59.9429623492612
NOR,"Grimerudvegen 71, 2312 Ottestad, Norway",11.132557220353078,60.73935377911636
NOR,"Grimerudvegen 8, 2312 Ottestad, Norway",11.1369551211302,60.74645098799209
NOR,"Grimkells gate 11, 1721 Sarpsborg, Norway",11.118939896635226,59.27746273543568
NOR,"Grimseidvegen 149, 5239 Rådal, Norway",5.302834764729653,60.28385517666297
NOR,"Grimseidvegen 37, 5239 Rådal, Norway",5.320109280441017,60.29185859500052
NOR,"Grimsrødhøgda 115, 1791 Tistedal, Norway",11.43368924569046,59.13365500938784
NOR,"Grimstad misjonskirke Grooseveien 36, 4876 Grimstad, Norway",8.58078101118133,58.33753132649582
NOR,"Grimstadtunet 45, 1746 Skjeberg, Norway",11.19317447356562,59.21690922659678
NOR,"Grindaberget 1, 1354 Bærums Verk, Norway",10.494085862531364,59.9444112321103
NOR,"Grinderstubben 1, 2170 Fenstad, Norway",11.381350462968157,60.22599607250933
NOR,"Grindhaugveien 39, 6532 Averøy, Norway",7.464903354395602,63.013947449165386
NOR,"Grindstuveien 29, 3121 Nøtterøy, Norway",10.401499695331552,59.25134355167455
NOR,"Grindstuveien 8, 1349 Rykkinn, Norway",10.478312713316797,59.9216868867733
NOR,"Grindveien 58, 8050 Tverlandet, Norway",14.736672236927177,67.29705504481544
NOR,"Grinistubben 2, 1359 Eiksmarka, Norway",10.625658775971118,59.94930475482218
NOR,"Grinistubben 6, 1359 Eiksmarka, Norway",10.624645236239132,59.94963156522701
NOR,"Grømheia 176, 4877 Grimstad, Norway",8.579628750951798,58.34251235627687
NOR,"Grømjordet 5, 4877 Grimstad, Norway",8.580504743652654,58.341373297544834
NOR,"Grøne Bråden 41, 4373 Egersund, Norway",6.0055798523868065,58.468249345423445
NOR,"Grønebakkane 2, 5363 Ågotnes, Norway",4.986618414980654,60.40643242206724
NOR,"Grønfjelldalsveien 169, 8630 Storforsheia, Norway",14.709060487667585,66.34515356567928
NOR,"Grønland 30, 0188 Oslo, Norway",10.762644387205427,59.91283572274858
NOR,"Grønlandsleiret 71, 0190 Oslo, Norway",10.768233256707004,59.90947621915633
NOR,"Grønlandsvegen 10, 3715 Skien, Norway",9.615545314557636,59.21156069227101
NOR,"Grønnebakkan 20, 9408 Harstad, Norway",16.545924142257263,68.77853975108758
NOR,"Grønnes 11, 4407 Flekkefjord, Norway",6.663287471357393,58.288909373008124
NOR,"Grønnlundveien 16, 3403 Lier, Norway",10.241111642793328,59.785155826148184
NOR,"Grønskjeret 15, 5114 Tertnes, Norway",5.283212813214959,60.45623542762186
NOR,"Grønstensgate 16, 3919 Porsgrunn, Norway",9.634925196708622,59.14545815398239
NOR,"Grønsundveien 15, 0198 Oslo, Norway",10.767756593771168,59.87947637675305
NOR,"Grooseveien 61, 4879 Grimstad, Norway",8.579630259694369,58.32800692800805
NOR,"Grooseveien 95, 4879 Grimstad, Norway",8.57482684244161,58.321353582814965
NOR,"Grorudbakken 35, 0962 Oslo, Norway",10.88016153844357,59.955516543743705
NOR,"Grorudveien 7, 0962 Oslo, Norway",10.881982488037067,59.95807075871065
NOR,"Grostølveien 4B, 4634 Kristiansand s, Norway",8.032996984214066,58.20033423984438
NOR,"Grosvoldveien 144, 3619 Skollenborg, Norway",9.72017434878282,59.630686612627784
NOR,"Grosvoldveien 75, 3619 Skollenborg, Norway",9.711967962659884,59.62581932527283
NOR,"Grøtes Vei 58a, 7517 Hell, Norway",10.898688123979923,63.43851548779688
NOR,"Grova 40, 6060 Hareid, Norway",6.010680201468375,62.370891316035255
NOR,"Grovene 2, 4318 Sandnes, Norway",5.709224383211335,58.84685281144775
NOR,"Gruehagan 39, 2080 Eidsvoll, Norway",11.274589240213203,60.323973437922064
NOR,"Gruslinna 1, 1960 Løken, Norway",11.47175071363884,59.79700930407131
NOR,"Grusveien 33, 3150 Tolvsrød, Norway",10.49567624483987,59.28630300298627
NOR,"Grytafjordvegen 34, 6265 Vatne, Norway",6.503927626881705,62.53938718351506
NOR,"Grytesvegen 91, 7620 Skogn, Norway",11.18914118557663,63.67876857690456
NOR,"Grytolmarka 7, 6050 Valderøya, Norway",6.127711351089033,62.498160750837144
NOR,"Gudbrandsdalsvegen 471, 2670 Otta, Norway",9.549689036584311,61.71294779130861
NOR,"Gudevoldveien 8, 1632 Gamle Fredrikstad, Norway",10.965873185063657,59.20756147671844
NOR,"Gudmestadvegen 24, 4365 Nærbø, Norway",5.647856446750382,58.6684188147394
NOR,"Gudolf Blakstads vei 40, 1392 Vettre, Norway",10.46381453539422,59.812637320632405
NOR,"Gudrun Kolderups veg 22, 5265 Ytre Arna, Norway",5.435619282273393,60.45808305053882
NOR,"Gulbrandsvegen 15, 7088 Heimdal, Norway",10.345704551015842,63.358216687738064
NOR,"Gullbringvegen 31, 3800 Bø i Telemark, Norway",9.059295481564135,59.41076596705744
NOR,"Gulleråsveien 5, 0779 Oslo, Norway",10.699634855007588,59.95411504523554
NOR,"Gullestadvegen 7, 4480 Kvinesdal, Norway",6.957198235652044,58.31577634826107
NOR,"Gullfaksveien 25, 4028 Stavanger, Norway",5.680380158908832,58.9883820428459
NOR,"Gullhaugen alle 14, 9406 Harstad, Norway",16.52654493065856,68.79506282917924
NOR,"Gullhaugveien 133C, 1354 Bærums Verk, Norway",10.493026054693871,59.94098626074427
NOR,"Gulliksbakken 2, 1440 Drøbak, Norway",10.634197420735944,59.66262648332054
NOR,"Gullnesvegen 13, 3840 Seljord, Norway",8.618363621001293,59.482942702939255
NOR,"Gullstølsbotn 1, 5153 Bønes, Norway",5.309214817969689,60.33399002176429
NOR,"Gullvikvegen 71, 7802 Namsos, Norway",11.466933382426816,64.47650187857286
NOR,"Gulsetkåsa 43, 3743 Skien, Norway",9.56051107941218,59.217601990894224
NOR,"Gulsetringen 155, 3727 Skien, Norway",9.557835073004412,59.21140793208565
NOR,"Gulsetvegen 165, 3726 Skien, Norway",9.566903370230875,59.21752039306682
NOR,"Gunnar Reiss-Andersens gate 12, 3259 Larvik, Norway",10.062384321383377,59.05806365379041
NOR,"Gunnar Schjelderups veg 31, 6723 Svelgen, Norway",5.286437331366557,61.766322786810946
NOR,"Gunnar Schjelderups vei 11G, 0485 Oslo, Norway",10.774433282564587,59.94939393827198
NOR,"Gunnar Thoresens vei 2, 3256 Larvik, Norway",10.028404588824316,59.05936142385909
NOR,"Gunnar Warebergs Gate 15, 4021 Stavanger, Norway",5.699440858186904,58.954882802886374
NOR,"Gunnerødveien 1, 1593 Svinndal, Norway",11.013318780350176,59.423178643650914
NOR,"Gunnersbråtan 10, 3409 Tranby, Norway",10.280032591093345,59.81819452243772
NOR,"Gunnersbråteveien 11, 3406 Tranby, Norway",10.273251212329257,59.82195590148771
NOR,"Gunnerudberget 35, 2162 Brårud, Norway",11.332033691616743,60.21257182593112
NOR,"Gunnlaugs vei 15, 7040 Trondheim, Norway",10.440463475156804,63.44889312211839
NOR,"Gunnulvs vei 38, 0670 Oslo, Norway",10.844225869907177,59.918401977009324
NOR,"Gurannveien 25C, 3089 Holmestrand, Norway",10.256373244457109,59.49645743216223
NOR,"Gurannveien 3, 3089 Holmestrand, Norway",10.25667759136141,59.49941825563991
NOR,"Gustav Vigelands vei 24, 0274 Oslo, Norway",10.691477813723573,59.92665894318168
NOR,"Guttorms gate 4, 7030 Trondheim, Norway",10.384646370254757,63.42262302219058
NOR,"Gydas vei 14, 0363 Oslo, Norway",10.715676560399913,59.93360959921665
NOR,"Gylandsvegen 171A, 4436 Gyland, Norway",6.833380091392144,58.37872544693701
NOR,"Gyldalen 4, 5360 Kolltveit, Norway",5.129817531038924,60.296719512109036
NOR,"Gymnasgata 11, 7505 Stjørdal, Norway",10.934445993478619,63.47364048169629
NOR,"Gymnasvegen 21, 3550 Gol, Norway",8.94596175707224,60.70245152837711
NOR,"Gymnasvegen 3, 7804 Namsos, Norway",11.521432349235482,64.47189627423506
NOR,"Gymnasvegen 75, 5200 Os, Norway",5.457840294324711,60.19618646250859
NOR,"Haakon Tveters vei 61, 0686 Oslo, Norway",10.836147643083763,59.89441418549717
NOR,"Haakons gate 19, 2815 Gjøvik, Norway",10.688330601290033,60.7893081199328
NOR,"Haakons gate 21, 3188 Horten, Norway",10.468104058163277,59.4086494526866
NOR,"Haakonsvern 1, 5173 Loddefjord, Norway",5.234328380429332,60.36107421403801
NOR,"Håbafjellveien 39, 4325 Sandnes, Norway",5.753356193077451,58.82541186121546
NOR,"Håbafjellveien 45, 4325 Sandnes, Norway",5.751794644515854,58.82468950879979
NOR,"Hadelandsvegen 1691, 2742 Grua, Norway",10.670167520023028,60.26113083132594
NOR,"Hafrakveien 11, 4320 Sandnes, Norway",5.730949521870798,58.83239113671351
NOR,"Hafslovegen 43, 6869 Hafslo, Norway",7.224906667706051,61.316328161077735
NOR,"Hafstadreina 22, 6813 Førde, Norway",5.872072105236384,61.4521087060925
NOR,"Hagabergvegen 9, 2110 Slåstad, Norway",11.775525301590335,60.27568726347559
NOR,"Hagahaugvegen 30, 5705 Voss, Norway",6.421987231086007,60.638508084527444
NOR,"Haganjordet 2, 1351 Rud, Norway",10.492342342851856,59.91107149976821
NOR,"Hagaplassen 1, 1929 Auli, Norway",11.383229347658219,60.05592848412883
NOR,"Hagapynten 5, 0673 Oslo, Norway",10.852033528896072,59.92015174120672
NOR,"Hagarovegen 1, 2406 Elverum, Norway",11.606176826919523,60.82464056593582
NOR,"Hagatjernveien 17, 3050 Mjøndalen, Norway",10.016239262193551,59.74596506438496
NOR,"Hagatunvegen 2, 2616 Lismarka, Norway",10.628363616125824,61.071892376556946
NOR,"Hågåvegen 15, 2608 Lillehammer, Norway",10.427406816942351,61.100178114650845
NOR,"Hagavegen 23, 4160 Finnøy, Norway",5.8714040675533,59.1714123399795
NOR,"Hagaveien 21, 1467 Strømmen, Norway",11.0173689997836,59.94508488566851
NOR,"Hagebyveien 65, 9404 Harstad, Norway",16.545265743762855,68.81257228963662
NOR,"Hagegata 29, 0653 Oslo, Norway",10.775396363239452,59.913832205307585
NOR,"Hagehølveien 10, 4580 Lyngdal, Norway",7.104945707649421,58.155225435344136
NOR,"Hagnesvegen 122, 6390 Vestnes, Norway",7.084619257172847,62.63067030004723
NOR,"Håkavikveien 9, 1390 Vollen, Norway",10.499979378752482,59.80210913827416
NOR,"Hakkespettlia 8, 1459 Nesodden, Norway",10.68956768637969,59.83438559334465
NOR,"Håkon Herdebreis veg 741, 6418 Sekken, Norway",7.338724279468295,62.65202504240537
NOR,"Håkon V gate 1-3, 3116 Tønsberg, Norway",10.41641185545194,59.27073847934173
NOR,"Håkons gate 39, 3257 Larvik, Norway",10.041483961996391,59.053652761063375
NOR,"Håkonsetgutu 13, 3577 Hovet, Norway",8.156582614479845,60.62349110870784
NOR,"Håkonshellaveien 120, 5174 Mathopen, Norway",5.187939407857101,60.3439624748863
NOR,"Håkonshellaveien 125, 5174 Mathopen, Norway",5.188162031205451,60.34494416338623
NOR,"Hålandsdalsvegen 532, 5640 Eikelandsosen, Norway",5.834430822094163,60.23770324431254
NOR,"Haldensvingen 61, 1387 Asker, Norway",10.454397802452746,59.83468218698849
NOR,"Haldenveien 130, 1655 Sellebakk, Norway",11.068900605230084,59.21733532064471
NOR,"Haldenveien 165, 1655 Sellebakk, Norway",11.074857120902664,59.215300068825144
NOR,"Haldenveien 720, 1870 Ørje, Norway",11.667132709020336,59.418352259983465
NOR,"Haldenveien 76, 1655 Sellebakk, Norway",11.04150603108178,59.22423614152905
NOR,"Haldor Flatens veg 2, 7081 Sjetnemarka, Norway",10.400118692964384,63.37178267229896
NOR,"Haldor Flatens veg 52, 7081 Sjetnemarka, Norway",10.407418324801796,63.36891027789977
NOR,"Haldor Flatens veg 6, 7081 Sjetnemarka, Norway",10.403116899730236,63.37174428318244
NOR,"Hallagerbakken 36, 1256 Oslo, Norway",10.791551559600776,59.83921000726485
NOR,"Hallenåsen terrasse 41, 1389 Heggedal, Norway",10.413460503524846,59.7763932169305
NOR,"Halløkka 55, 1534 Moss, Norway",10.6739093692386,59.445584937671924
NOR,"Hallsetvegen 8, 7540 Klæbu, Norway",10.488964016776976,63.30031823054901
NOR,"Hallvegen 1, 7805 Namsos, Norway",11.526336097869233,64.47249453257419
NOR,"Hallveien 37, 9303 Silsand, Norway",17.946696485367937,69.24604794441072
NOR,"Hallveien 4, 3145 Tjøme, Norway",10.404383321480992,59.10803685388902
NOR,"Hals' gate 8, 1707 Sarpsborg, Norway",11.114709131007402,59.28735912278637
NOR,"Halssteinvegen 1, 7606 Levanger, Norway",11.289172326814935,63.72755762363204
NOR,"Halsvardtjørna 27, 5357 Fjell, Norway",5.030904954779373,60.32835461680236
NOR,"Halvardshaugen 10, 5515 Haugesund, Norway",5.257688744579298,59.431972936462586
NOR,"Halvorsrødveien 34, 1622 Gressvik, Norway",10.830495893410642,59.19910023882943
NOR,"Hamarvegen 114, 2406 Elverum, Norway",11.533092582380903,60.882414342315116
NOR,"Hammarveien 3, 8626 Mo i Rana, Norway",14.183534101668528,66.31782286163318
NOR,"Hammerdalen 10, 7350 Buvika, Norway",10.166301983486079,63.309286364032545
NOR,"Hammerfestgata 12, 0565 Oslo, Norway",10.772414165908657,59.92552676234652
NOR,"Hammerøyvegen 3, 7630 Åsen, Norway",11.04830551475672,63.61193719022532
NOR,"Hammerøyvegen 4, 7630 Åsen, Norway",11.0525800339191,63.612661763845324
NOR,"Hammerstien 6, 4623 Kristiansand s, Norway",7.96571150793028,58.11288345517258
NOR,"Hammervegen 10, 7350 Buvika, Norway",10.156319304442178,63.31296212194161
NOR,"Hamrabrekko 14, 5450 Sunde i Sunnhordland, Norway",5.714301553421791,59.83599504448287
NOR,"Hamramyra 4, 5363 Ågotnes, Norway",4.992607200980473,60.40694564599866
NOR,"Hamramyra 6, 5363 Ågotnes, Norway",4.993703134820663,60.406694566089044
NOR,"Hamrane 3, 5563 Førresfjorden, Norway",5.406316400229144,59.41419307580878
NOR,"Hanamyrveien 23, 4328 Sandnes, Norway",5.773708878910952,58.85571604541303
NOR,"Handelandsvegen 67, 5451 Valen, Norway",5.815358807246838,59.815978933971365
NOR,"Handelsbakken 11, 7105 Stadsbygd, Norway",10.019923611553338,63.508986632111004
NOR,"Handelsvegen 4, 2040 Kløfta, Norway",11.137659871549175,60.08246176414306
NOR,"Haneborgveien 28, 1463 Fjellhamar, Norway",10.957194311058714,59.94266821534498
NOR,"Haneborgveien 62, 1940 Bjørkelangen, Norway",11.58177350255744,59.88996356254907
NOR,"Haneborgveien 83, 1463 Fjellhamar, Norway",10.97683386457004,59.94056993161354
NOR,"Haneholmveien 126, 3209 Sandefjord, Norway",10.208283164635446,59.10912407054991
NOR,"Hånesveien 101, 4635 Kristiansand s, Norway",8.095760759010801,58.18208226849421
NOR,"Hanevoldveien 9B, 1384 Asker, Norway",10.418764739492332,59.84679110341091
NOR,"Hanøyvegen 377, 5310 Hauglandshella, Norway",5.091854466633805,60.45285224004317
NOR,"Hans Aanruds veg 17, 2618 Lillehammer, Norway",10.469586313920843,61.127422401275226
NOR,"Hans Breiens vei 8, 1283 Oslo, Norway",10.825372622732715,59.851641291683364
NOR,"Hans Egedes gate 12, 9405 Harstad, Norway",16.54044690380826,68.79886377081223
NOR,"Hans Hauges gate 3, 5033 Bergen, Norway",5.325090310222038,60.40118568595554
NOR,"Hans Holtas veg 4, 3747 Skien, Norway",9.590424415464724,59.21729001645804
NOR,"Hans Langbachs vei 1, 3039 Drammen, Norway",10.264901579481034,59.719891100991475
NOR,"Hans Nielsen Hauges gate 1, 0481 Oslo, Norway",10.772728319639668,59.93993244596754
NOR,"Hans Nielsen Hauges gate 39F, 0481 Oslo, Norway",10.780848120702814,59.93736661967699
NOR,"Hans Osnes' veg 2, 7030 Trondheim, Norway",10.401226864383204,63.413404311711616
NOR,"Hans Øverlands vei 10, 1363 Høvik, Norway",10.570491641342185,59.908154647824816
NOR,"Hans Petters vei 19, 3962 Stathelle, Norway",9.656063769783856,59.04533581763755
NOR,"Hans Rustads veg 8, 2008 Fjerdingby, Norway",11.063049198623304,59.93049174078297
NOR,"Hans Thornes vei 10, 4846 Arendal, Norway",8.762119798344628,58.49049368337285
NOR,"Hansemyrveien 18, 0880 Oslo, Norway",10.760777066816019,59.96404332572783
NOR,"Hansvikvegen 11, 7900 Rørvik, Norway",11.235151715220496,64.87230858992427
NOR,"Harabåsen 34, 5707 Evanger, Norway",6.104786175351961,60.65204401996547
NOR,"Harahaugane 2, 4320 Sandnes, Norway",5.731083716140631,58.828760808719665
NOR,"Harald Halvorsens vei 12B, 0666 Oslo, Norway",10.824528229806816,59.9167360318437
NOR,"Harald Hardrådes gate 16, 7030 Trondheim, Norway",10.390383782978347,63.41834988604222
NOR,"Harald Hardrådes gate 18, 7030 Trondheim, Norway",10.39090010821397,63.41811577948653
NOR,"Harald Hårfagres gate 2, 8803 Sandnessjøen, Norway",12.637900427280869,66.01602447499337
NOR,"Harald Sæveruds veg 5, 5237 Rådal, Norway",5.3090444138781265,60.29893074198577
NOR,"Harald Silsands vei 30, 9303 Silsand, Norway",17.94017645434485,69.24201184848417
NOR,"Harald Skjolds veg 42, 5236 Rådal, Norway",5.328358414270156,60.31111522126528
NOR,"Harald Sohlbergs vei 10, 1064 Oslo, Norway",10.923886220401101,59.935397962078184
NOR,"Harald Sohlbergs vei 19, 1064 Oslo, Norway",10.920433714483124,59.9360500322357
NOR,"Harald Torps veg 17, 7091 Tiller, Norway",10.401120749488996,63.35869512677132
NOR,"Haraldsgata 70, 5528 Haugesund, Norway",5.273599859920154,59.40931623308421
NOR,"Harbitzalléen 7, 0275 Oslo, Norway",10.673699654021163,59.92510217704117
NOR,"Harekasveien 15, 1769 Halden, Norway",11.418492352319191,59.11919589113407
NOR,"Hareveien 42, 1413 Tårnåsen, Norway",10.815669563978759,59.812413062812965
NOR,"Harhauggata 41, 6006 Ålesund, Norway",6.111436116831814,62.46540896261379
NOR,"Harry Borthens vei 3, 7040 Trondheim, Norway",10.443339809050485,63.45224823032146
NOR,"Harry Fetts vei 10, 0667 Oslo, Norway",10.824831906158863,59.90304381582095
NOR,"Harstadvegen 69, 4747 Valle, Norway",7.532093863716398,59.19981886129818
NOR,"Hårtveitshei 55, 4529 Byremo, Norway",7.407720334552096,58.423153850446994
NOR,"Hartvig Halvorsens vei 7, 0370 Oslo, Norway",10.704417066045295,59.9380935821394
NOR,"Hasetvegen 60, 7560 Vikhammer, Norway",10.690061045200594,63.42625100325154
NOR,"Haslerudveien 21, 1459 Nesodden, Norway",10.698233065520526,59.77187344328121
NOR,"Hasleveien 3, 0571 Oslo, Norway",10.778544773710223,59.92711115159426
NOR,"Hasleveien 36, 1734 Hafslundsøy, Norway",11.162220188957747,59.31805620869531
NOR,"Haslum terrasse 20, 1344 Haslum, Norway",10.558865485041792,59.922821209730046
NOR,"Hasselbakken 18, 3055 Krokstadelva, Norway",9.995012343858832,59.76154660329294
NOR,"Hasselhaugveien 24, 0851 Oslo, Norway",10.729022142816802,59.93763588831649
NOR,"Hatlaskaret 19, 6016 Ålesund, Norway",6.267032807753471,62.461349731935044
NOR,"Hatlehaugen 1A, 6812 Førde, Norway",5.890585130960943,61.45838981096557
NOR,"Hatlehaugen 1B, 6812 Førde, Norway",5.891513007642487,61.45816031445662
NOR,"Hatlehaugvegen 1, 6414 Molde, Norway",7.1579691242230865,62.74502385069849
NOR,"Hattelandsvegen 111, 4351 Kleppe, Norway",5.643817542886268,58.78556387442424
NOR,"Hattemakerlia 2, 2019 Skedsmokorset, Norway",11.01965767844564,59.9968136334777
NOR,"Hauanveien 37, 3031 Drammen, Norway",10.134839839364787,59.724096720909756
NOR,"Haugane 1, 6982 Holmedal, Norway",5.180872960566006,61.357748048080936
NOR,"Haugåsstubben 1D, 4016 Stavanger, Norway",5.728896877602153,58.94632471210619
NOR,"Haugastølveien 7, 1410 Kolbotn, Norway",10.800591358356456,59.817907819439625
NOR,"Haugavegen 14, 4134 Jøsenfjorden, Norway",6.451267062896534,59.330257242233614
NOR,"Haugbruvegen 35, 3620 Flesberg, Norway",9.429444935838433,59.86061835189378
NOR,"Haugedalsveien 406, 2450 Rena, Norway",11.425369955331718,61.154915630423886
NOR,"Haugelia 16, 6082 Gursken, Norway",5.585099796571342,62.236110354883635
NOR,"Haugeløkka 1, 1661 Rolvsøy, Norway",10.998979355673754,59.247407954767084
NOR,"Haugen 2, 4323 Sandnes, Norway",5.723661540878766,58.82639568710067
NOR,"Haugen 2, 6084 Larsnes, Norway",5.577725230519519,62.20535132671023
NOR,"Haugenstuveien 52, 1084 Oslo, Norway",10.908112987367502,59.95120157951078
NOR,"Haugenveien 4, 3442 Hyggen, Norway",10.366063271819655,59.720090255010916
NOR,"Haugeråsen 16, 1480 Slattum, Norway",10.912989494815918,60.01394507010184
NOR,"Haugereidveien 57, 4815 Saltrød, Norway",8.83342615740068,58.50151840061952
NOR,"Haugerudhagan 11D, 0673 Oslo, Norway",,
NOR,"Haugerudsenteret 45, 0673 Oslo, Norway",10.858048801709913,59.92182753510858
NOR,"Haugerudveien 7, 1434 Ås, Norway",10.81111768764029,59.68539835404857
NOR,"Haugerudveien 93, 0674 Oslo, Norway",10.859538852637428,59.921599966437356
NOR,"Haugesundsgata 27, 4014 Stavanger, Norway",5.754925033894807,58.96731027353894
NOR,"Haugevegen 48, 5523 Haugesund, Norway",5.261934932908957,59.42138755667088
NOR,"Haugeveien 1C, 5005 Bergen, Norway",5.311317418381265,60.396391237339174
NOR,"Haugeveien 40, 5005 Bergen, Norway",5.30474022277852,60.3986444605508
NOR,"Hauglandsmyra 54, 5310 Hauglandshella, Norway",5.15753757448752,60.45414208921332
NOR,"Hauglandsvegen 50, 6968 Flekke, Norway",5.357898671812336,61.31911598207387
NOR,"Hauglivegen 8, 6440 Elnesvågen, Norway",7.168860569209272,62.85562335646509
NOR,"Haugneset 12, 6230 Sykkylven, Norway",6.575798171840518,62.389940406377406
NOR,"Haugnessvingen 16, 7038 Trondheim, Norway",10.3898770969314,63.388309522247084
NOR,"Haugsetvegen 57, 6230 Sykkylven, Norway",6.595457087548198,62.39137668739602
NOR,"Haugsgutua 5, 2636 Øyer, Norway",10.429889452843867,61.258651866232356
NOR,"Haugsvikvegen 54, 5713 Vossestrand, Norway",6.653683738156076,60.80473941322637
NOR,"Haugvegen 19, 6015 Ålesund, Norway",6.248311012167619,62.467815537223515
NOR,"Haukedalsveien 135, 5113 Tertnes, Norway",5.293093987411396,60.46309928431319
NOR,"Haukelandsbakken 42, 5009 Bergen, Norway",5.362462366634276,60.3730379139879
NOR,"Haukelandsveien 38, 5096 Bergen, Norway",5.361667594575181,60.37023886124149
NOR,"Haukeliveien 11, 1415 Oppegård, Norway",10.796290352380026,59.78902751104394
NOR,"Haukeliveien 46, 1415 Oppegård, Norway",10.79709250051394,59.787839082902224
NOR,"Haukeveien 8, 1357 Bekkestua, Norway",10.58639190652704,59.92043982721884
NOR,"Haukeveien 8, 3212 Sandefjord, Norway",10.212495573895296,59.11588994279313
NOR,"Hauslandveien 55, 4870 Fevik, Norway",8.668519504679608,58.376611614775186
NOR,"Håvardhaugvegen 8, 5464 Dimmelsvik, Norway",5.986869226203709,59.94315973014719
NOR,"Havåsen 60, 4641 Søgne, Norway",7.773613877489055,58.08056132778552
NOR,"Håvasteinveien 76, 4150 Rennesøy, Norway",5.696724451005792,59.1034851032791
NOR,"Havdalsvegen 25, 7517 Hell, Norway",10.921982606370932,63.44152580641281
NOR,"Håvegen 61, 4365 Nærbø, Norway",5.589666676516487,58.653282941623246
NOR,"Havikvegen 52, 7803 Namsos, Norway",11.511281193937776,64.4830511205285
NOR,"Håvikvegen 60, 4265 Håvik, Norway",5.2902395302849925,59.31809011349367
NOR,"Havliveien 4, 4634 Kristiansand s, Norway",8.037663273530853,58.190102660185715
NOR,"Havnabakken 46, 0874 Oslo, Norway",10.752247977420808,59.96260578742371
NOR,"Havnealleen 99, 4056 Tananger, Norway",5.578600552668149,58.93814678254452
NOR,"Havnevegen 309, 7550 Hommelvik, Norway",10.804007402995609,63.41483351002208
NOR,"Havnevegen 47, 5918 Frekhaug, Norway",5.243091157285079,60.51720237383489
NOR,"Havneveien 20, 9595 Sørvær, Norway",21.98491990658684,70.62988264049864
NOR,"Havraskaret 2, 4364 Sirevåg, Norway",5.801238401700374,58.50272405357228
NOR,"Havrestien 12, 4042 Hafrsfjord, Norway",5.6584756475214135,58.953313794430954
NOR,"Havsteinekra 7, 7021 Trondheim, Norway",10.362760634330442,63.404342175183984
NOR,"Håvundvegen 9, 3715 Skien, Norway",9.610428749402246,59.222208852517525
NOR,"Hedalsvegen 2100, 3528 Hedalen, Norway",9.743191222540645,60.605117935037754
NOR,"Heddalsvegen 350, 3676 Notodden, Norway",9.1852959381348,59.57706497962451
NOR,"Heddalsvegen 447, 3676 Notodden, Norway",9.17028872723239,59.5815393652681
NOR,"Heddelandsveien 3, 4534 Marnardal, Norway",7.526489555615228,58.18505470090781
NOR,"Heddeveien 137, 4034 Stavanger, Norway",5.726069326384959,58.8983671501737
NOR,"Heddeveien 141, 4034 Stavanger, Norway",5.722518165466624,58.89863658645126
NOR,"Heddeveien 165, 4032 Stavanger, Norway",5.720350353848346,58.90226649534995
NOR,"Hedlot 7, 4208 Saudasjøen, Norway",6.30733528468167,59.64088550286408
NOR,"Heer alle 16, 1445 Drøbak, Norway",10.661189160617624,59.683663551548335
NOR,"Heggalleen 1, 3403 Lier, Norway",10.249069254030047,59.78195138265468
NOR,"Heggedalskogen 60, 1389 Heggedal, Norway",10.445957225955084,59.78114102025569
NOR,"Heggedalskogen 8, 1389 Heggedal, Norway",10.446435581169283,59.783138511601436
NOR,"Heggelund 26, 2670 Otta, Norway",9.501541876001994,61.77420387127168
NOR,"Heggeveien 7, 9700 Lakselv, Norway",24.940097082844062,70.05252193661991
NOR,"Hegglandsdalsvegen 120, 5211 Os, Norway",5.489746595495262,60.20177228851327
NOR,"Hegglandsdalsvegen 539, 5211 Os, Norway",5.539223461197338,60.22872186742197
NOR,"Heggumhøgda 3, 3440 Røyken, Norway",10.401802114398123,59.74726719304326
NOR,"Heggveien 2, 8622 Mo i Rana, Norway",14.154876458530708,66.32869628552751
NOR,"Heggveien 40, 3440 Røyken, Norway",10.396792837603385,59.75287468626763
NOR,"Hegrebergveien 60, 4152 Vestre Åmøy, Norway",5.686686283762896,59.04177778355859
NOR,"Hegreveien 10, 1448 Drøbak, Norway",10.6545427030395,59.66601265460496
NOR,"Heiasvingen 4, 1177 Oslo, Norway",10.778818778125014,59.8848654794902
NOR,"Heiaveien 2, 3420 Lierskogen, Norway",10.332027715785443,59.820144404573426
NOR,"Heibakken 10, 8610 Mo i Rana, Norway",14.19405104322081,66.31549122571735
NOR,"Heidalsvegen 1589, 2676 Heidal, Norway",9.32197778919803,61.75112048711213
NOR,"Heiderødveien 3, 1791 Tistedal, Norway",11.436082781961233,59.13757216610833
NOR,"Heigreveien 401, 4312 Sandnes, Norway",5.657802664515458,58.83194136378913
NOR,"Heimdalsåsen 5, 3158 Andebu, Norway",10.14193755115474,59.35784925211121
NOR,"Heimdalsgata 19-21, 0561 Oslo, Norway",10.764474743401848,59.91598174437692
NOR,"Heimliveien 4, 1782 Halden, Norway",11.375942291401287,59.14590109565569
NOR,"Helga Holms veg 9, 2052 Jessheim, Norway",11.213350971794398,60.141659793509945
NOR,"Helga Vaneks vei 3H, 1281 Oslo, Norway",10.830773334405734,59.84826460007963
NOR,"Helga Viks veg 1, 8657 Mosjøen, Norway",13.21489580590972,65.83597972795181
NOR,"Helga Viks veg 2, 8657 Mosjøen, Norway",13.21618938502678,65.8362730107439
NOR,"Helga Viks veg 4, 8657 Mosjøen, Norway",13.2171927826559,65.83601543485932
NOR,"Helgerødveien 210, 3233 Sandefjord, Norway",10.303778858065499,59.154101572536916
NOR,"Helgeroveien 884, 3267 Larvik, Norway",9.908197787547579,58.99010728997649
NOR,"Helgesens gate 63, 0558 Oslo, Norway",10.76896224672393,59.92232537824768
NOR,"Helgesens gate 92, 0563 Oslo, Norway",10.777747067985018,59.91939154449821
NOR,"Helgesens gate 94, 0563 Oslo, Norway",10.77724071721417,59.91922323588247
NOR,"Helgesjøvegen 8, 2233 Vestmarka, Norway",11.993394685906082,59.926235075074345
NOR,"Helgesvegen 87, 7716 Steinkjer, Norway",11.543936250518982,64.02935743519541
NOR,"Helgheimsvegen 7, 6856 Sogndal, Norway",7.115443287005377,61.23255921119477
NOR,"Hellandsjøveien 1411, 7206 Hellandsjøen, Norway",8.983568422954335,63.394425335989524
NOR,"Hellandsvegen 99, 4103 Jørpeland, Norway",6.037694823945742,59.03364172160329
NOR,"Hellåsen 2, 3804 Bø i Telemark, Norway",9.079849416892898,59.44498789470876
NOR,"Hellaveien 21B, 2013 Skjetten, Norway",10.992196803443221,59.95733277404557
NOR,"Hellaveien 3, 2013 Skjetten, Norway",10.994966687166595,59.959015483017566
NOR,"Hellaveien 71, 2013 Skjetten, Norway",10.984572456676773,59.95401815043485
NOR,"Hellebakken 31, 5039 Bergen, Norway",5.285177279862182,60.43237219119089
NOR,"Helledamsveien 31, 3430 Spikkestad, Norway",10.341657851981779,59.742479575678004
NOR,"Hellemyrtoppen 5, 4628 Kristiansand s, Norway",7.937775462836868,58.14708388324226
NOR,"Helleristningen 45, 3038 Drammen, Norway",10.263770190190428,59.71535146223164
NOR,"Hellerudgrenda 52, 0672 Oslo, Norway",10.859893155684631,59.91079711816775
NOR,"Hellerudveien 140, 0687 Oslo, Norway",10.85711321367748,59.89291952452294
NOR,"Hellerudveien 86, 0687 Oslo, Norway",10.853514695006197,59.89987717471081
NOR,"Helligvær, 8095 Helligvær, Norway",13.933330000000069,67.41667000000007
NOR,"Hellvik Skogsvei 2, 1450 Nesoddtangen, Norway",10.67416271168065,59.84172023996701
NOR,"Helneveien 1, 1639 Gamle Fredrikstad, Norway",10.995820332534933,59.21110087328472
NOR,"Helse- og sosialsenteret, 1592 Våler i Østfold, Norway",11.411340000000052,59.58296000000007
NOR,"Helsesenterveien 12, 9300 Finnsnes, Norway",17.99509187723671,69.23198653259603
NOR,"Helsetunveien 5, 9700 Lakselv, Norway",24.948210681298832,70.05205238240401
NOR,"Heltnevegen 13, 6103 Volda, Norway",6.094135877720134,62.15017547931063
NOR,"Hem kirkevei 130, 3275 Svarstad, Norway",10.014759437187934,59.42898491370909
NOR,"Hemmestveitbakken 11, 4021 Stavanger, Norway",5.694037045209683,58.948712171497164
NOR,"Hemnesveien 336, 8642 Finneidfjord, Norway",13.789700825600733,66.18563844644726
NOR,"Hemnskjelveien 191, 7256 Hemnskjela, Norway",9.132322477704065,63.49381165741656
NOR,"Hemsbakken 6, 3242 Sandefjord, Norway",10.184865719724854,59.15010964924008
NOR,"Hemsedalsvegen 2542, 3560 Hemsedal, Norway",8.618854465251246,60.848195180691874
NOR,"Hemsvingen 2, 3270 Larvik, Norway",10.103284153204072,59.09260380039578
NOR,"Henjahaugane 1, 6863 Leikanger, Norway",6.8426104946260295,61.18971108979997
NOR,"Hennummarka 6, 3409 Tranby, Norway",10.279795467052509,59.82162364284582
NOR,"Henrik Sørensens vei 34, 1065 Oslo, Norway",10.921559739355729,59.93756954555286
NOR,"Hensvegen 153, 6320 Isfjorden, Norway",7.786974044417491,62.577675172396795
NOR,"Heradsbygdveien 260, 3518 Hønefoss, Norway",10.128245209403445,60.20295883072677
NOR,"Herman Grans vei 6, 5162 Laksevåg, Norway",5.29871514313794,60.38228893670359
NOR,"Hermann Dahls gate 8, 9801 Vadsø, Norway",29.707342316260252,70.08506526243178
NOR,"Herregårdsvegen 27, 3830 Ulefoss, Norway",9.257216355417484,59.27184463910379
NOR,"Herregårdsvegen 87, 3830 Ulefoss, Norway",9.257885566567012,59.265215852886996
NOR,"Herregårdsveien 40, 1168 Oslo, Norway",10.781841962962346,59.841856635102005
NOR,"Herregårdsveien 67, 1168 Oslo, Norway",10.77755931335389,59.842875581161536
NOR,"Herstadveien 45, 3140 Nøtterøy, Norway",10.409579514716569,59.233822985195474
NOR,"Hessengveien 23, 9912 Hesseng, Norway",29.99307209159855,69.6955844991354
NOR,"Hestabakkvegen 1, 5700 Voss, Norway",6.420941756302938,60.62733090046203
NOR,"Hestaberg 15, 5570 Aksdal, Norway",5.476032544614753,59.42376168883581
NOR,"Hestehovstien 2, 2052 Jessheim, Norway",11.206441601368795,60.13504726818533
NOR,"Hesteskoen 6, 7540 Klæbu, Norway",10.478067542648915,63.299715320253625
NOR,"Hestvikveien 49, 7247 Hestvika, Norway",9.15284271778205,63.542325190986645
NOR,"Hevsdalsvegen 44, 6200 Stranda, Norway",6.916295386346206,62.30658162492634
NOR,"Heyerdahls gate 9, 3019 Drammen, Norway",10.192006011582919,59.749472429859196
NOR,"Hidlamyrvegen 21, 5382 Skogsvåg, Norway",5.076808698976777,60.26795764000525
NOR,"Hildredalsvegen 40, 6272 Hildre, Norway",6.352926048614506,62.603815562372944
NOR,"Hillevågsveien 70, 4016 Stavanger, Norway",5.744471124254375,58.94593952174574
NOR,"Hilmar Hansens vei 23, 8250 Rognan, Norway",15.429888151320569,67.10003224997783
NOR,"Hilton 144, 2040 Kløfta, Norway",11.120106657557244,60.065579228133686
NOR,"Hitterveien 381, 7250 Melandsjø, Norway",8.84997538703027,63.62196936440745
NOR,"Hjalmar Johansens gate 319, 9007 Tromsø, Norway",18.938952721161286,69.63961970509945
NOR,"Hjalmar Johansens gate 5, 4019 Stavanger, Norway",5.722452451345731,58.950637327018484
NOR,"Hjalmar Johansens gate 8, 4019 Stavanger, Norway",5.725640340580441,58.9504035138294
NOR,"Hjalmar Wessels vei 26, 1721 Sarpsborg, Norway",11.113704476092806,59.2776987698291
NOR,"Hjellbrekkevegen 36, 6847 Vassenden, Norway",6.0670238019122396,61.48805860274285
NOR,"Hjellestadvegen 9, 5258 Blomsterdalen, Norway",5.250641910941653,60.28276804382111
NOR,"Hjelmbybakken 10, 3237 Sandefjord, Norway",10.288549107633798,59.104386954151266
NOR,"Hjelms gate 3, 0355 Oslo, Norway",10.721726115197754,59.924989440443454
NOR,"Hjelsengvegen 282, 7509 Stjørdal, Norway",10.979186832429463,63.48054377524207
NOR,"Hjelteryggvegen 126, 5355 Knarrevik, Norway",5.151801754325533,60.382252433515276
NOR,"Hjeravegen 11, 2072 Dal, Norway",11.201121691242378,60.2554579592568
NOR,"Hjertvikvegen 10, 6480 Aukra, Norway",6.900102639058645,62.790992470826495
NOR,"Hjortevegen 48, 2636 Øyer, Norway",10.444388133680633,61.23976802511129
NOR,"Hjortlandsvegen 61, 5135 Flaktveit, Norway",5.358612558505797,60.45928924831529
NOR,"Hoff terrasse 18, 0275 Oslo, Norway",10.672480925299453,59.92626994379157
NOR,"Hoff terrasse 20, 0275 Oslo, Norway",10.672155875094319,59.926211186650306
NOR,"Hoffland, 6057 Ellingsøy, Norway",6.195372334701196,62.49427955793418
NOR,"Hoffsveien 41, 0377 Oslo, Norway",10.676603899652406,59.931741063451284
NOR,"Hofstadlia 61, 7194 Brandsfjord, Norway",10.421363883848016,64.18802229416931
NOR,"Hofvegen 390, 2266 Arneberg, Norway",12.004109440373298,60.55377467095562
NOR,"Høgåsmyra 20, 7100 Rissa, Norway",9.9601245997288,63.59491346105696
NOR,"Høgegga 3, 9151 Storslett, Norway",21.05198290248029,69.76512424636871
NOR,"Høgenhallveien 7, 3158 Andebu, Norway",10.198674067016071,59.30966152311751
NOR,"Høgeseta 1, 5337 Rong, Norway",4.877978640086013,60.53609522550184
NOR,"Høgholtet 37, 9414 Harstad, Norway",16.544729972511874,68.75847376825217
NOR,"Høgliveien 2, 8028 Bodø, Norway",14.567186801958456,67.2887660969462
NOR,"Hognesaunvegen 60, 7513 Stjørdal, Norway",10.965692974145384,63.458799944938534
NOR,"Høgsetebrotet 8, 5244 Fana, Norway",5.342862710982018,60.2635815321764
NOR,"Høgskolevegen 11, 7600 Levanger, Norway",11.30910591748966,63.75524078670668
NOR,"Høietun 6, 4619 Mosby, Norway",7.905262228057381,58.2238610266819
NOR,"Holand 45, 8409 Gullesfjord, Norway",15.915784899106143,68.67505778031193
NOR,"Holandsfjordveien 11, 8178 Halsa, Norway",13.578442583595603,66.74284901318273
NOR,"Hølbekken 1, 5262 Arnatveit, Norway",5.478713496345421,60.40836981516722
NOR,"Hølbekken 60, 7092 Tiller, Norway",10.384152173243535,63.35129264898194
NOR,"Holbekkveien 47, 4886 Grimstad, Norway",8.556886049246827,58.34582174119811
NOR,"Holbergs vei 35, 1412 Sofiemyr, Norway",10.815040083050292,59.79844252569529
NOR,"Holbergs vei 4A, 1605 Fredrikstad, Norway",10.955670900156576,59.22334548049761
NOR,"Holeveien 36, 3538 Sollihøgda, Norway",10.347885186945973,59.9631703086026
NOR,"Holgerslystveien 10C, 0280 Oslo, Norway",10.653176480277068,59.92248526305076
NOR,"Hølleveien 123, 4640 Søgne, Norway",7.813538810151414,58.086181729140776
NOR,"Hollundsvegen 43, 5427 Urangsvåg, Norway",5.185400613204308,59.800593531597684
NOR,"Holmboes gate 4, 0357 Oslo, Norway",10.721349701328622,59.92526663045484
NOR,"Holmebakken 45, 4355 Kvernaland, Norway",5.727491483896728,58.77593843209368
NOR,"Holmegata 54, 5523 Haugesund, Norway",5.257110560898241,59.41699724151613
NOR,"Holmen 46, 9518 Alta, Norway",23.287188710312904,69.94076463856769
NOR,"Holmenkollveien 127T, 0787 Oslo, Norway",10.671277451641515,59.9613838735788
NOR,"Holmenkollveien 199, 0712 Oslo, Norway",10.670390299939731,59.96197012654023
NOR,"Holmenkollveien 61E, 0784 Oslo, Norway",10.67367543032097,59.9538137577259
NOR,"Holmenvegen 6, 7820 Spillum, Norway",11.537904465355865,64.4594553925374
NOR,"Holmenveien 19, 0374 Oslo, Norway",10.697372914616665,59.9442018940785
NOR,"Holmenveien 47E, 0376 Oslo, Norway",10.685674376173722,59.94438780469093
NOR,"Holmenveien 52C, 0376 Oslo, Norway",10.686064805223623,59.942909907523045
NOR,"Holmenveien 61a, 0376 Oslo, Norway",10.684659495337229,59.942380003604285
NOR,"Holmevatnet 36, 6020 Ålesund, Norway",6.366566925480299,62.44009147046137
NOR,"Holmevegen 7, 6711 Bryggja, Norway",5.388819428807494,61.929823710550465
NOR,"Holmliveien 2, 1252 Oslo, Norway",10.793910646249486,59.832639223818035
NOR,"Holmlundvegen 70, 2312 Ottestad, Norway",11.137952483789036,60.77268621920268
NOR,"Holmsåsen 59, 1259 Oslo, Norway",10.801900611632448,59.826629105874616
NOR,"Hølondvegen 1928, 7212 Korsvegen, Norway",10.114361257345593,63.16951603310625
NOR,"Hølondvegen 3210, 7213 Gåsbakken, Norway",9.969168840893161,63.11695546522594
NOR,"Holsmyrvegen 48, 6011 Ålesund, Norway",6.378382391472513,62.46601518824045
NOR,"Holsøyveien 5, 8370 Leknes, Norway",13.648195021621973,68.14432258631305
NOR,"Holstsletta 10, 9514 Alta, Norway",23.313472179376276,69.9673454137367
NOR,"Holsundvegen 192, 5642 Holmefjord, Norway",5.656252431523171,60.28218751320716
NOR,"Holsvegen 45, 2315 Hamar, Norway",11.043219375909871,60.81615091339506
NOR,"Holtan 6, 8014 Bodø, Norway",14.437050295265891,67.30603105728795
NOR,"Holtavegen 7, 6460 Eidsvåg i Romsdal, Norway",8.07135114822134,62.77866813949248
NOR,"Holtbergvegen 7, 2211 Kongsvinger, Norway",12.011751389136435,60.18022903715271
NOR,"Holtenalleen 3, 9513 Alta, Norway",23.245434846377663,69.95781703384492
NOR,"Holtermandsvegen 2B, 5918 Frekhaug, Norway",5.23934059089018,60.51322704670636
NOR,"Holteveien 13, 4639 Kristiansand s, Norway",8.114932518505924,58.13204327045568
NOR,"Holteveien 19, 1580 Rygge, Norway",10.74776767978334,59.38279907035391
NOR,"Holteveien 301, 3330 Skotselv, Norway",9.839792947696727,59.85880337032937
NOR,"Holtvegen 70, 9016 Tromsø, Norway",18.912593982607405,69.65391269403227
NOR,"Honggardsvegen 41, 8658 Mosjøen, Norway",13.279995868578538,65.85146952692952
NOR,"Hopmoen 1, 8614 Mo i Rana, Norway",14.141347312434277,66.34312979706709
NOR,"Hordvikvegen 131, 5108 Hordvik, Norway",5.307365770129195,60.51782049728456
NOR,"Hørevegen 270, 2973 Ryfoss, Norway",8.815150674812088,61.15059245431357
NOR,"Hornebergvegen 3, 7038 Trondheim, Norway",10.401558955387003,63.392306558504856
NOR,"Horsfjordveien 516, 7982 Bindalseidet, Norway",11.998291226103106,65.10463260817556
NOR,"Hostvetveien 420, 3618 Skollenborg, Norway",9.755982928795731,59.60185626037506
NOR,"Hotvetveien 112, 3023 Drammen, Norway",10.169337824997172,59.75161585013922
NOR,"Hotvetveien 33, 3018 Drammen, Norway",10.178167573259287,59.750674897688754
NOR,"Hov alle 30, 3515 Hønefoss, Norway",10.279091806280945,60.18087259967851
NOR,"Hovden 41, 5960 Dalsøyra, Norway",5.1318802335913745,60.843083560859355
NOR,"Hovdeplassen 1, 3612 Kongsberg, Norway",9.67339310314199,59.66248482915688
NOR,"Høvdingveien 31, 8360 Bøstad, Norway",13.74397083825616,68.24167269200166
NOR,"Hovedveien 48, 9760 Nordvågen, Norway",26.031429090551768,70.9848802122217
NOR,"Hovetbakken 3, 3937 Porsgrunn, Norway",9.663112112164072,59.10578560042464
NOR,"Høvikskogen 2, 3477 Båtstø, Norway",10.512334858305906,59.72845640020839
NOR,"Høvikveien 60, 1356 Bekkestua, Norway",10.576694966562428,59.911589459474925
NOR,"Hovindvegen 10, 2160 Vormsund, Norway",11.417379067939407,60.158797893747135
NOR,"Hovinvegen 1916, 3652 Hovin i Telemark, Norway",9.030125033590082,59.85211641986487
NOR,"Hovinveien 37E, 0576 Oslo, Norway",10.7917807208336,59.92051287550504
NOR,"Hovseterveien 42C, 0768 Oslo, Norway",10.649843416479342,59.94889135935759
NOR,"Hovseterveien 50C, 0768 Oslo, Norway",10.649626828101276,59.94957662185169
NOR,"Hovseterveien 60-62, 0768 Oslo, Norway",10.651685926435363,59.94993704368824
NOR,"Hovseterveien 98, 0768 Oslo, Norway",10.655977879956367,59.95198486836253
NOR,"Hovsetråsa 85, 6065 Ulsteinvik, Norway",5.874651971214746,62.34180762075903
NOR,"Hovsmarkveien 20, 3515 Hønefoss, Norway",10.260647428343361,60.183619014072974
NOR,"Hovsmoen, 7288 Soknedal, Norway",10.187612201786672,62.95008851382938
NOR,"Hovsveien 78, 1769 Halden, Norway",11.401323197130722,59.10332249435751
NOR,"Høyåshei 6, 4812 Kongshavn, Norway",8.873774208535337,58.48477827314511
NOR,"Høyåsveien 22B, 3216 Sandefjord, Norway",10.237271809129624,59.13580454845717
NOR,"Høyboveien 11A, 0198 Oslo, Norway",10.756950057464167,59.87107590766209
NOR,"Høybråtenveien 12, 1055 Oslo, Norway",10.904739774253557,59.94702890047199
NOR,"Høybråtenveien 144, 1470 Lørenskog, Norway",10.94590128909141,59.944559843253614
NOR,"Høybråtenveien 27, 1055 Oslo, Norway",10.90594836087243,59.94313127358589
NOR,"Høyeggen 62, 7224 Melhus, Norway",10.288208467088737,63.287176118831695
NOR,"Høymyrmarka 58, 1391 Vollen, Norway",10.4811054796358,59.78841961351614
NOR,"Høymyrmarka 9, 1391 Vollen, Norway",10.483020241597217,59.792619114645106
NOR,"Høyvegen 1, 7089 Heimdal, Norway",10.330709410053998,63.349354082415516
NOR,"Huitfeldts gate 32, 0253 Oslo, Norway",10.721474958043817,59.91155131531215
NOR,"Huk aveny 55, 0287 Oslo, Norway",10.680789905917266,59.90054869088371
NOR,"Huk aveny 57, 0287 Oslo, Norway",10.680090184640193,59.90042920685394
NOR,"Hukenveien 12, 0963 Oslo, Norway",10.876483875734948,59.97010373509028
NOR,"Hulderhaugvegen 9, 6430 Bud, Norway",6.9225953085918945,62.906979947773266
NOR,"Huldervegen 79, 9016 Tromsø, Norway",18.92989054272411,69.66729771330361
NOR,"Hulderveien 2, 7506 Stjørdal, Norway",10.958278845510563,63.47689970092705
NOR,"Huldreveien 28, 0781 Oslo, Norway",10.693124379354117,59.96374585198413
NOR,"Humlegardsheia 27, 4766 Herefoss, Norway",8.349377200170125,58.528180815525445
NOR,"Hundebakken 6, 4622 Kristiansand s, Norway",7.955182244980335,58.11657924583022
NOR,"Hundvåg Ring 100, 4085 Hundvåg, Norway",5.7424149595864264,58.99953047698341
NOR,"Hundvinsvegen 5, 5956 Hundvin, Norway",5.224536138225602,60.68193296467976
NOR,"Hunnbakken 47, 1655 Sellebakk, Norway",11.060203374857167,59.214320350072484
NOR,"Hunnbakken 9C, 1655 Sellebakk, Norway",11.065741717380348,59.218122171805305
NOR,"Hunnsvegen 27, 2819 Gjøvik, Norway",10.678766021467466,60.79948845543965
NOR,"Hunsrødgrenda 1, 3241 Sandefjord, Norway",10.214857342753021,59.1718402361366
NOR,"Hurdalsgata 6, 0655 Oslo, Norway",10.780992037980354,59.90987670138006
NOR,"Hurrødstien 6, 1621 Gressvik, Norway",10.90180837125601,59.22346161176611
NOR,"Hurumveien 42, 3474 Åros, Norway",10.507240421374917,59.70931318109356
NOR,"Hus 4C Lørenvangen 24, 0585 Oslo, Norway",10.79663744699053,59.93175636042457
NOR,"Hus 8/9 Storgata 55, 0182 Oslo, Norway",10.758187813106076,59.91764555215727
NOR,"Husabergbakken 40A, 4032 Stavanger, Norway",5.732639229731944,58.899603019887394
NOR,"Husafjellet 7, 6009 Ålesund, Norway",6.237109939678163,62.47396228018866
NOR,"Husbyberga 21, 7506 Stjørdal, Norway",10.947172069431815,63.4779694413198
NOR,"Husbykleiva 2, 7506 Stjørdal, Norway",10.944662359983027,63.482231555265486
NOR,"Husebygrenda 21, 0378 Oslo, Norway",10.664258110646273,59.9434598860999
NOR,"Husevegen 74, 5780 Kinsarvik, Norway",6.7363959395961786,60.3689003551234
NOR,"Husjordveien 5, 1555 Son, Norway",10.702124364069732,59.521260992400926
NOR,"Husnummer 116 Borggata 8, 0650 Oslo, Norway",10.770676429742338,59.91255924567233
NOR,"Husøyna 46, 5947 Fedje, Norway",4.732811285524065,60.779368440052195
NOR,"Huvestads gate 6, 3675 Notodden, Norway",9.256245395753638,59.5625865410839
NOR,"Hvålagata 4, 3681 Notodden, Norway",9.275627373380416,59.56327456960608
NOR,"Hvalsbruveien 10, 3525 Hallingby, Norway",10.180878951298496,60.26944580500455
NOR,"Hvalstadlia 3, 1395 Hvalstad, Norway",10.4608731579319,59.858679366232224
NOR,"Hvalstadveien 21, 1395 Hvalstad, Norway",10.466964370788531,59.86117118031771
NOR,"Hvalsveien 35, 1394 Nesbru, Norway",10.486481464694492,59.84396036707048
NOR,"Hvamsmovegen 16, 2165 Hvam, Norway",11.36486200213659,60.09993937336836
NOR,"Hvelven 34, 3510 Hønefoss, Norway",10.241435854808174,60.16194135889501
NOR,"Hveteveien 46A, 4635 Kristiansand s, Norway",8.09646416832527,58.17734636747156
NOR,"Hvittingfossveien 101, 3085 Holmestrand, Norway",10.30063455472731,59.485858096501715
NOR,"Hvittingfossveien 350, 3089 Holmestrand, Norway",10.192035683520146,59.50968688331065
NOR,"Hvitveisbakken 1, 3050 Mjøndalen, Norway",10.031371698729401,59.742469643122746
NOR,"Hvitveisstien 15, 1346 Gjettum, Norway",10.525608021079393,59.90824252362748
NOR,"Hydros gate 9, 3674 Notodden, Norway",9.26134108997013,59.56023273503419
NOR,"Hydrovegen 12, 6885 Årdalstangen, Norway",7.701463460783231,61.23806461283846
NOR,"Hylkjeflaten 4, 5109 Hylkje, Norway",5.344489303112255,60.51037673862203
NOR,"Hyttveien 76, 2443 Drevsjø, Norway",12.029714226736559,61.887648362614044
NOR,"Iddeveien 100, 1765 Halden, Norway",11.431386233973967,59.0913101793692
NOR,"Idrettshuset på Borre Trimveien 9, 3188 Horten, Norway",10.462315851106467,59.4051577613713
NOR,"Idrettsparkveien 3, 1870 Ørje, Norway",11.656601937327821,59.47340874908184
NOR,"Idrettsvegen 1, 2830 Raufoss, Norway",10.608988427840643,60.723084463143294
NOR,"Idrettsvegen 11, 6521 Frei, Norway",7.821169694802336,63.096060093071344
NOR,"Idrettsvegen 110, 5430 Bremnes, Norway",5.190862009856318,59.78956114490961
NOR,"Idrettsvegen 17, 6700 Måløy, Norway",5.102878848604348,61.933988175324146
NOR,"Idrettsvegen 20, 3539 Flå, Norway",9.465602789756645,60.42395759859306
NOR,"Idrettsveien 10, 3617 Kongsberg, Norway",9.625715748232665,59.679452357664445
NOR,"Idrettsveien 14, 1860 Trøgstad, Norway",11.325162794126726,59.63795720117071
NOR,"Idrettsveien 14, 4525 Konsmo, Norway",7.361846429929983,58.29997491012327
NOR,"Idrettsveien 17, 8445 Melbu, Norway",14.804527850264918,68.50278356042821
NOR,"Idrettsveien 2, 8226 Straumen, Norway",15.595357145925675,67.34346358913157
NOR,"Idrettsveien 21, 7072 Heimdal, Norway",10.365159535019274,63.35024587500385
NOR,"Idrettsveien 21, 8300 Svolvær, Norway",14.545806578614645,68.24570694390951
NOR,"Idrettsveien 5, 8470 Bø i Vesterålen, Norway",14.464201123669824,68.61800627252924
NOR,"Idrettsveien 9, 8402 Sortland, Norway",15.396667735370187,68.69764801519813
NOR,"Idrottsvegen 24, 8660 Mosjøen, Norway",13.2240251233913,65.82015578440397
NOR,"Idunns vei 3, 1386 Asker, Norway",10.437604910897846,59.82259875155174
NOR,"Iduns vei 8, 1463 Fjellhamar, Norway",10.977047770739091,59.9420577194272
NOR,"Ievegen 2, 5917 Rossland, Norway",5.05061751466738,60.55763868640997
NOR,"Ilaveien 108, 1605 Fredrikstad, Norway",10.955361105015214,59.228649967922195
NOR,"Ilaveien 128, 1605 Fredrikstad, Norway",10.949835083889695,59.22856229321499
NOR,"Ilebråtan 26, 1900 Fetsund, Norway",11.152506485186763,59.93670574852112
NOR,"Ilebrekkveien 2, 1739 Borgenhaugen, Norway",11.159970821421581,59.26514598972403
NOR,"Ileflaen 2, 1940 Bjørkelangen, Norway",11.587012946413381,59.878486851173676
NOR,"Imsdalsvegen 18, 7760 Snåsa, Norway",12.259073523925196,64.20174493650055
NOR,"Indre Arna-vegen 115, 5261 Indre Arna, Norway",5.4713231723156355,60.41770964414707
NOR,"Indre Planterhaugen 33, 9440 Evenskjer, Norway",16.74642328952737,68.5355874796098
NOR,"Industrigata 10, 5537 Haugesund, Norway",5.308769571273018,59.38770014298507
NOR,"Industrivegen 10, 6475 Midsund, Norway",6.66594202009307,62.68255067648485
NOR,"Industrivegen 111, 5210 Os, Norway",5.446653973984837,60.19496019007403
NOR,"Industrivegen 34, 2069 Jessheim, Norway",11.18265962748913,60.15227442614375
NOR,"Industrivegen 50, 5210 Os, Norway",5.44868398711489,60.20009184265513
NOR,"Industrivegen 99, 5210 Os, Norway",5.446878441351885,60.196088813336615
NOR,"Industriveien 10A, 1481 Hagan, Norway",10.914520365611907,59.99071579891756
NOR,"Industriveien 123, 2480 Koppang, Norway",11.03694518610692,61.57646111286081
NOR,"Industriveien 50, 7072 Heimdal, Norway",10.359747843053071,63.34746098767383
NOR,"Industriveien 7 A, 1461 Lørenskog, Norway",10.92934267173024,59.93134824555895
NOR,"Inga Bjørnsons vei 74, 0969 Oslo, Norway",10.929884980865694,59.968704879269325
NOR,"Ingaveien 33, 1735 Varteig, Norway",11.183592533312549,59.35123442176322
NOR,"Inge Krokanns veg 3, 7071 Trondheim, Norway",10.329657062110329,63.39644076460806
NOR,"Ingeborg Ofstads veg 82, 7091 Tiller, Norway",10.394278015193663,63.35650812059478
NOR,"Inger Alver Gløersens vei 7, 3184 Borre, Norway",10.447196993253755,59.38028563716463
NOR,"Innbrektsflata 3, 7029 Trondheim, Norway",10.363487680611883,63.37832189788031
NOR,"Inndalsveien 88, 5063 Bergen, Norway",5.352892999235962,60.36430895811148
NOR,"Innherredsvegen 101, 7503 Stjørdal, Norway",10.909139854325502,63.47854096138781
NOR,"Innlandsvegen 252, 9021 Tromsdalen, Norway",18.956695198526916,69.55971565077067
NOR,"Innspurten 12E, 0663 Oslo, Norway",10.803277590686122,59.916475187016886
NOR,"Innspurten 16H, 0663 Oslo, Norway",10.805326714555406,59.917315640448265
NOR,"Isakveien 38, 2004 Lillestrøm, Norway",11.074711024330327,59.95043803004103
NOR,"Isbjørnveien 4, 9602 Hammerfest, Norway",23.698046721377438,70.68090982301203
NOR,"Isdamvegen 4, 6456 Skåla, Norway",7.423628516226842,62.71315044849791
NOR,"Isefossveien 20, 1730 Ise, Norway",11.215483830876394,59.29801755086427
NOR,"Ivar Aasens vei 10, 0373 Oslo, Norway",10.707208910354979,59.93982679207801
NOR,"Ivar Bergsmos gate 15, 8450 Stokmarknes, Norway",14.91021409393764,68.55745188359052
NOR,"Ivar Kleivens veg 2, 2618 Lillehammer, Norway",10.464708130091765,61.12816269096368
NOR,"Ivar Reitens veg 46, 7091 Tiller, Norway",10.396109963951687,63.358833092897584
NOR,"Ivarsveien 16, 2540 Tolga, Norway",10.998152145649385,62.41099310685462
NOR,"Iver Våles Gate 19, 2630 Ringebu, Norway",10.1273447415453,61.52872160613944
NOR,"J. M. Uglands vei 30, 4878 Grimstad, Norway",8.613562299224355,58.36508239077642
NOR,"Jacob Aalands veg 23, 6796 Hopland, Norway",6.325524433667539,61.86714522161853
NOR,"Jacob Aalls vei 26, 5063 Bergen, Norway",5.3479471734482615,60.36504497302931
NOR,"Jacob Aalls vei 84, 4934 Nes Verk, Norway",8.853823267321019,58.626320035488504
NOR,"Jacobine Ryes vei 114, 0987 Oslo, Norway",10.922133061532918,59.9638600554149
NOR,"Jaerveien 18, 1459 Nesodden, Norway",10.692469333620949,59.80401167171263
NOR,"Jakobsgrenda 33, 7059 Jakobsli, Norway",10.496372278079576,63.41692818953513
NOR,"Janaveien 157, 5179 Godvik, Norway",5.1809482300565435,60.36767684871688
NOR,"Jarlsbergveien 203, 3032 Drammen, Norway",10.157339717334764,59.70674756435059
NOR,"Jarlsbergveien 225, 3032 Drammen, Norway",10.159440473727614,59.7032535261024
NOR,"Jarlsbergveien 716, 3039 Drammen, Norway",10.21657940476041,59.68612586133466
NOR,"Jarnesvegen 6, 6222 Ikornnes, Norway",6.550711303274483,62.38724181074056
NOR,"Jarveien 46, 7072 Heimdal, Norway",10.369380493820358,63.359657536893934
NOR,"Jåsundtoppen 4, 4058 Tananger, Norway",5.597757727651754,58.955356045139666
NOR,"Jeagilvármádii 40, 9731 Karasjok, Norway",25.51455618748281,69.45920333687785
NOR,"Jean Heibergs veg 1, 2614 Lillehammer, Norway",10.482089431249591,61.09509159861835
NOR,"Jean Heibergs veg 27, 2614 Lillehammer, Norway",10.485185957739674,61.09465075242085
NOR,"Jegergata 14, 4616 Kristiansand s, Norway",7.974564306426117,58.152711493034246
NOR,"Jegersbergveien 6, 4630 Kristiansand s, Norway",8.012409018358397,58.16051039293433
NOR,"Jegersborggata 10, 3257 Larvik, Norway",10.030947825885818,59.052874752810624
NOR,"Jegerveien 4, 0777 Oslo, Norway",10.702181923639856,59.95030477335091
NOR,"Jektskipperveien 8A, 8907 Brønnøysund, Norway",12.221655031769387,65.48483498184237
NOR,"Jektvikøya 64, 8187 Jektvik, Norway",13.283078648747448,66.6258562526786
NOR,"Jens Risøens gate 155, 5527 Haugesund, Norway",5.262849063269272,59.411983983317384
NOR,"Jeppedalsvegen 7, 2090 Hurdal, Norway",11.00154480477866,60.34775939320576
NOR,"Jerikoveien 65, 1067 Oslo, Norway",10.88884139940555,59.93508720301793
NOR,"Jerikoveien 9, 1067 Oslo, Norway",10.882902988643792,59.93325902611636
NOR,"Jernbanegata 19, 2335 Stange, Norway",11.196507034449155,60.71486655190347
NOR,"Jernbanegata 41, 8250 Rognan, Norway",15.39220252791057,67.09803911722173
NOR,"Jernbaneveien 11, 1369 Stabekk, Norway",10.60328512946296,59.90814420390322
NOR,"Jernvinna 14, 2618 Lillehammer, Norway",10.46238449889347,61.137741823279185
NOR,"Jerstadmonen, 4480 Kvinesdal, Norway",7.032589482832943,58.35708610758179
NOR,"Jervvegen 128, 9017 Tromsø, Norway",19.00143369054487,69.71116721150986
NOR,"Jetthågen 1, 9415 Harstad, Norway",16.554585917179736,68.74620111135124
NOR,"Jevnakerveien 20, 3160 Stokke, Norway",10.29338001752896,59.220058056162685
NOR,"Joachim Lampes vei 5, 5089 Bergen, Norway",5.363875639328683,60.361670754087015
NOR,"Jobakkevegen 1, 6817 Naustdal, Norway",5.717357930595682,61.51567404228993
NOR,"Joelvavegen 9, 6065 Ulsteinvik, Norway",5.835338330750972,62.313551261235745
NOR,"Johan Bojers vei 36, 7100 Rissa, Norway",9.92320156186969,63.560399298351456
NOR,"Johan Falkbergets veg 16, 2407 Elverum, Norway",11.569234678321152,60.86109513922645
NOR,"Johan Nygaardsvolds gate 36, 8622 Mo i Rana, Norway",14.146654984982064,66.31396982647198
NOR,"Johan Øydegards vei 12, 4632 Kristiansand s, Norway",8.021039361143977,58.150103421951684
NOR,"Johan Scharffenbergs vei 93, 0694 Oslo, Norway",10.838965806569433,59.86577531782248
NOR,"Johan Selmers gate 3, 0475 Oslo, Norway",10.772994025970348,59.93418070018953
NOR,"Johannes' gate 34, 4014 Stavanger, Norway",5.755023185980974,58.9665074548528
NOR,"Johnny Svorkmos vei 52, 0983 Oslo, Norway",10.934042656297805,59.95888971256039
NOR,"Johnsrudveien 11, 1542 Vestby, Norway",10.710894181724115,59.59279814716092
NOR,"Jølleveien 141, 4560 Vanse, Norway",6.60657970542394,58.13884891482948
NOR,"Jølsengata 19, 2004 Lillestrøm, Norway",11.063805246289718,59.95792063882479
NOR,"Jomfrustien 1, 1179 Oslo, Norway",10.774674765195073,59.886241662263046
NOR,"Jon Alvssons gate 12B, 3746 Skien, Norway",9.630416403352484,59.19456101916478
NOR,"Jon Lilletuns vei 8, 4879 Grimstad, Norway",8.57423876811481,58.33477028568032
NOR,"Jonas Dahls vei 37, 0283 Oslo, Norway",10.640376056842683,59.92179643824781
NOR,"Jonas Lies gate 36, 9009 Tromsø, Norway",18.94147253460556,69.64673422057582
NOR,"Jonas Lies vei 59, 5021 Bergen, Norway",5.352032513055974,60.37475645559596
NOR,"Jondalsveien 470, 3614 Kongsberg, Norway",9.520224467627799,59.70461202305955
NOR,"Jongsåsveien 2, 1337 Sandvika, Norway",10.515984506586562,59.889229475468966
NOR,"Jongssvingen 1, 1337 Sandvika, Norway",10.508982013216695,59.886738625302314
NOR,"Jonsbakken 7, 7110 Fevåg, Norway",9.863883755106428,63.67730082183951
NOR,"Jønsbergvegen 55, 2344 Ilseng, Norway",11.215817933536982,60.76978109347158
NOR,"Jonsokveien 6, 1182 Oslo, Norway",10.792714381028304,59.89434134675858
NOR,"Jønsrudvegen 20, 2315 Hamar, Norway",11.04475502439064,60.805924949611494
NOR,"Jønsrudvegen 7, 2340 Løten, Norway",11.367291412952966,60.87035408284066
NOR,"Jonsrudveien 13, 0274 Oslo, Norway",10.692579807104806,59.92603143673671
NOR,"Jonsvannsveien 2, 7016 Trondheim, Norway",10.413662004477175,63.423505971871094
NOR,"Jordalgata 11, 0657 Oslo, Norway",10.785362865210203,59.908910435582015
NOR,"Jordalslyngen 2A, 1890 Rakkestad, Norway",11.340647354414983,59.43135653130307
NOR,"Jordbærsletta 1, 1410 Kolbotn, Norway",10.795791293864966,59.80626129070589
NOR,"Jordbærveien 1, 4635 Kristiansand s, Norway",8.09162361924146,58.17513828080851
NOR,"Jordet 1, 3480 Filtvet, Norway",10.581290847892546,59.5614251026704
NOR,"Jordstjerneveien 48, 1283 Oslo, Norway",10.818900452376766,59.84787052490185
NOR,"Jørgen Dales veg 2, 2208 Kongsvinger, Norway",11.975365547451815,60.1897911961143
NOR,"Jørgen Hegstads Veg 1, 7089 Heimdal, Norway",10.327564771439683,63.35201881516352
NOR,"Jørgen Moes gate 10, 4616 Kristiansand s, Norway",7.980186048885884,58.14685509919508
NOR,"Jørgen Moes gate 9, 4011 Stavanger, Norway",5.729584361300624,58.95762867245713
NOR,"Jorvardeveien 40, 4888 Homborsund, Norway",8.50599222281295,58.2689311906085
NOR,"Josefines gate 43, 0258 Oslo, Norway",10.722115622238306,59.92169987872322
NOR,"Josefinestien 16, 4380 Hauge i Dalane, Norway",6.3036455709038535,58.34800116175228
NOR,"Jotunvegen 7, 7033 Trondheim, Norway",10.42594291755276,63.40734314797788
NOR,"Jubergsvegen 15, 7633 Frosta, Norway",10.760981082339299,63.5857385460221
NOR,"Julius Smiths vei 3, 4817 His, Norway",8.746033082132243,58.433278057926
NOR,"Junkerveien 101, 8011 Bodø, Norway",14.454304778228646,67.29169213552572
NOR,"Jupiterveien 22, 4021 Stavanger, Norway",5.700859746756436,58.94669976036377
NOR,"Justermester Eriksens vei 1, 3610 Kongsberg, Norway",9.670489528062973,59.658222505663616
NOR,"Justnesskauen 41, 4634 Kristiansand s, Norway",8.034178497285666,58.184381550263794
NOR,"Jutulveien 1, 3614 Kongsberg, Norway",9.623686405654837,59.626322868106115
NOR,"Jutulveien 5, 3122 Tønsberg, Norway",10.422572973381051,59.29329246249668
NOR,"Juvelveien 6, 4318 Sandnes, Norway",5.714508670249273,58.83977031281208
NOR,"Juviknipa 1, 5918 Frekhaug, Norway",5.224967806239135,60.510308509930184
NOR,"Juvikvegen 42, 8640 Hemnesberget, Norway",13.6432529676907,66.23163849871216
NOR,"K.M. Nordangers vei 32, 2003 Lillestrøm, Norway",11.030369080151615,59.96003828475253
NOR,"K.O.Bjerklis veg 3, 2316 Hamar, Norway",11.035659737435935,60.806862465481686
NOR,"Kaggefossveien 64, 3370 Vikersund, Norway",9.932638411378775,59.98328469692882
NOR,"Kalamyrveien 2, 4310 Hommersåk, Norway",5.842443083339589,58.92353435928166
NOR,"Kalaveien 92, 1743 Klavestadhaugen, Norway",11.180786523586505,59.25589630811285
NOR,"Kalbakkveien 32B, 0953 Oslo, Norway",10.872671702351738,59.953739326425705
NOR,"Kalfarveien 43, 5022 Bergen, Norway",5.344733970865946,60.38722918852568
NOR,"Kalfarveien 59, 5022 Bergen, Norway",5.347971313329396,60.38588904793647
NOR,"Kalfarveien 79, 5022 Bergen, Norway",5.350061005610058,60.38474202639645
NOR,"Kalmargaten 2, 5011 Bergen, Norway",5.318826094883889,60.3929590156269
NOR,"Kalvdalen 13, 8286 Nordfold, Norway",15.233158513546528,67.76475950040145
NOR,"Kalvehagen 67, 4634 Kristiansand s, Norway",8.03456808814525,58.19572918033029
NOR,"Kalvehagen Justnes, 4634 Kristiansand s, Norway",8.035328459101295,58.194834624561594
NOR,"Kammen 75, 7083 Leinstrand, Norway",10.310702561545526,63.330649614022406
NOR,"Kampestadlia 16, 3611 Kongsberg, Norway",9.650828600698532,59.68542852889999
NOR,"Kamsvegen 1C, 6300 Åndalsnes, Norway",7.684543080481035,62.56515030402929
NOR,"Kanefarten 13, 1739 Borgenhaugen, Norway",11.184562403328982,59.26664899069195
NOR,"Kanndalsvegen 32, 6470 Eresfjord, Norway",8.13181383913934,62.67301810564149
NOR,"Kanonhaugen 25, 5097 Bergen, Norway",5.371831574184739,60.36453065945045
NOR,"Kantarellen 23, 1405 Langhus, Norway",10.860981797269062,59.76153692219478
NOR,"Kantarellstien 58, 1529 Moss, Norway",10.693063275279968,59.422631724468715
NOR,"Kantarellveien 20, 1476 Rasta, Norway",10.93816822904077,59.91360526527913
NOR,"Kantorivegen 1, 2435 Braskereidfoss, Norway",11.870168723105536,60.74797092040441
NOR,"Kapellvegen 3, 2640 Vinstra, Norway",9.767197579968354,61.59069559610947
NOR,"Kapellveien 2, 3135 Torød, Norway",10.440901261959652,59.18104465547066
NOR,"Kapellveien 2, 9409 Harstad, Norway",16.577476224199614,68.78012598435402
NOR,"Kapellveien 20, 1452 Nesoddtangen, Norway",10.667562173058997,59.84648751087789
NOR,"Kapellveien 25, 0487 Oslo, Norway",10.783154820456701,59.94775846132438
NOR,"Kapellveien 7B, 1410 Kolbotn, Norway",10.796975740602704,59.81365949372466
NOR,"Kåpeveien 703, 3176 Undrumsdal, Norway",10.365403113125552,59.37125484895486
NOR,"Kaptein Roosens vei 5, 7020 Trondheim, Norway",10.350049226707796,63.42707037619644
NOR,"Kapteinsvingen 21, 3214 Sandefjord, Norway",10.200354973878888,59.13282494951636
NOR,"Kåre B. Werners gate 111, 1475 Finstadjordet, Norway",10.95458443786697,59.91636731192301
NOR,"Kåre Vangens veg 3, 8661 Mosjøen, Norway",13.210524978679842,65.83144138838696
NOR,"Kåre Vangens veg 7, 8661 Mosjøen, Norway",13.21011736672844,65.83131993460995
NOR,"Karen Sogns vei 16, 3275 Svarstad, Norway",9.972527301857497,59.399541550967626
NOR,"Kårevikmarkjo 100, 5412 Stord, Norway",5.46698671088879,59.75391295261397
NOR,"Karl Fossums vei 1, 0984 Oslo, Norway",10.920235482473032,59.95954945215934
NOR,"Karl Toverudsvei 3, 1591 Sperrebotn, Norway",10.79954160880277,59.46012720440521
NOR,"Karolinavegen 11, 7725 Steinkjer, Norway",11.457316657275584,64.02155614645292
NOR,"Karolinerveien 5, 7021 Trondheim, Norway",10.356972846368791,63.40982787935522
NOR,"Karrestadveien 63, 1782 Halden, Norway",11.367467349100622,59.13637108129279
NOR,"Karsrudlia 3, 2835 Raufoss, Norway",10.632254579398904,60.722740344108416
NOR,"Kårstadvegen 22, 6103 Volda, Norway",6.084069154925498,62.14954702532047
NOR,"Kårstadvegen 8A, 6103 Volda, Norway",6.081436204761928,62.149261474678866
NOR,"Karterudgata 1, 2013 Skjetten, Norway",10.973744881792811,59.97261897659516
NOR,"Kårtorpvegen 21, 2320 Furnes, Norway",11.056750785120187,60.82134568170707
NOR,"Kartverksveien 13, 3511 Hønefoss, Norway",10.247509046572958,60.1450492256065
NOR,"Karussveien 4, 4620 Kristiansand s, Norway",7.948848040750647,58.12877935735918
NOR,"Kårvågveien 103, 6532 Averøy, Norway",7.448405254375388,63.0139829046158
NOR,"Karveslettveien 57, 9102 Kvaløysletta, Norway",18.897577483630183,69.70449000459689
NOR,"Kårvikveien 159, 9307 Finnsnes, Norway",18.182401134717452,69.39127066144314
NOR,"Kasaveien 2, 0890 Oslo, Norway",10.772381308848225,60.00450470019342
NOR,"Kasaveien 4, 1676 Kråkerøy, Norway",10.934449430058919,59.16142098566584
NOR,"Kaserneveien 4, 4630 Kristiansand s, Norway",7.999273821711199,58.16467473197946
NOR,"Kåsinvegen 16, 3801 Bø i Telemark, Norway",9.075382030138456,59.4042471095008
NOR,"Kastanjeveien 37, 3151 Tolvsrød, Norway",10.469450946184537,59.27492540761591
NOR,"Kastanjeveien 8B, 0487 Oslo, Norway",10.782544617905529,59.95169883591669
NOR,"Kastbrekkvegen 8, 7036 Trondheim, Norway",10.435060081274742,63.38994168834293
NOR,"Kathrineborggata 16, 3213 Sandefjord, Norway",10.213881940680494,59.12993130699263
NOR,"Kattanakkvegen 53, 5518 Haugesund, Norway",5.292730045175517,59.43366486552807
NOR,"Kattefossveien 21, 4724 Iveland, Norway",7.906348187432798,58.391534880917305
NOR,"Kattekleiv 6, 3683 Notodden, Norway",9.27029028035247,59.55972965320561
NOR,"Kattemskogen 2, 7082 Kattem, Norway",10.352091896511666,63.347838927688
NOR,"Kattmarkvegen 3, 7802 Namsos, Norway",11.462640758353587,64.4748229833668
NOR,"Kattuglebrotet 3, 5099 Bergen, Norway",5.364374446386648,60.338477315538796
NOR,"Kauserudvegen 1, 2365 Åsmarka, Norway",10.753892003909641,61.026776447439005
NOR,"Ketils vei 1, 1665 Rolvsøy, Norway",10.991229196540644,59.26756760537046
NOR,"Kildeveien 10, 0590 Oslo, Norway",10.805788389782322,59.94780087375446
NOR,"Kildeveien 42, 0591 Oslo, Norway",10.820793756666035,59.94932625440384
NOR,"Kiledalen 60, 4619 Mosby, Norway",7.924659963662123,58.22029808918958
NOR,"Kilkamveien 107, 9415 Harstad, Norway",16.49677425459808,68.7144215445567
NOR,"Kilsundveien 11, 4920 Staubø, Norway",8.955746623201179,58.55753646165019
NOR,"Kindsåsveien 26, 3533 Tyristrand, Norway",10.09168058172412,60.08407477759013
NOR,"Kirkåsveien 1, 8402 Sortland, Norway",15.41132030794924,68.6990569712124
NOR,"Kirkåsveien 1B, 1850 Mysen, Norway",11.344082342155303,59.55245227532109
NOR,"Kirkealleen 114, 3470 Slemmestad, Norway",10.490229767975507,59.77806913656093
NOR,"Kirkebakken 1, 3720 Skien, Norway",9.526456999371959,59.21408917718293
NOR,"Kirkebakken 12, 4836 Arendal, Norway",8.765306262655798,58.457923954565985
NOR,"Kirkebakken 3, 1914 Ytre Enebakk, Norway",11.052408926050527,59.72110885979692
NOR,"Kirkebakken 5, 8614 Mo i Rana, Norway",14.126270028821324,66.34572852232759
NOR,"Kirkebergg 58, 2450 Rena, Norway",11.365683596285834,61.14375722182157
NOR,"Kirkegårdsveien 33, 4847 Arendal, Norway",8.747918926527689,58.467246055820596
NOR,"Kirkegårdsveien 34B, 9180 Skjervøy, Norway",20.976027101732797,70.03685938661772
NOR,"Kirkegata 20, 8622 Mo i Rana, Norway",14.14163950557898,66.30907408255575
NOR,"Kirkegata 25, 3919 Porsgrunn, Norway",9.641623929907382,59.1434240756293
NOR,"Kirkegata 3, 2000 Lillestrøm, Norway",11.046121693703412,59.954720721559
NOR,"Kirkegaten 1A, 5036 Bergen, Norway",5.326580277330521,60.40537043493492
NOR,"Kirkegaten 41I, 3132 Husøysund, Norway",10.463831047743469,59.23572312073583
NOR,"Kirkehamnveien 12, 4432 Hidrasund, Norway",6.556101956663696,58.233729711842585
NOR,"Kirkehaugsveien 6B, 0283 Oslo, Norway",10.6400691115484,59.91557626981083
NOR,"Kirkengsletta 25, 1892 Degernes, Norway",11.422496806561242,59.35772201482101
NOR,"Kirkesvingen 3, 0962 Oslo, Norway",10.88596414350252,59.95722351593767
NOR,"Kirkevegen 9, 8640 Hemnesberget, Norway",13.615584622732916,66.22578273761223
NOR,"Kirkevegen 99, 2388 Brumunddal, Norway",10.954203480367653,60.882227425874305
NOR,"Kirkeveien 100, 1384 Asker, Norway",10.446846098940572,59.848924481819154
NOR,"Kirkeveien 166, 0450 Oslo, Norway",10.737057873391109,59.93693574794426
NOR,"Kirkeveien 173, 0455 Oslo, Norway",10.739497258672259,59.93532734454391
NOR,"Kirkeveien 8A, 1400 Ski, Norway",10.838242364506357,59.72209323650324
NOR,"Kirkeveien 93, 1900 Fetsund, Norway",11.164136040566547,59.92133958261522
NOR,"KIRKEVEIEN, 9700 Lakselv, Norway",24.9700442389234,70.04912259815316
NOR,"Kirkhornsbakkane 1, 6763 Hornindal, Norway",6.519690550174431,61.98102209343622
NOR,"Kirsebærveien 10A, 4635 Kristiansand s, Norway",8.089496208396497,58.17189850759314
NOR,"Kirsten Thodes gate 5, 8450 Stokmarknes, Norway",14.903061480681913,68.56203095920478
NOR,"Kisveien 3, 8616 Mo i Rana, Norway",14.104370259235209,66.3329543580119
NOR,"Kjærholen 1, 4316 Sandnes, Norway",5.719220724757406,58.862530239328066
NOR,"Kjærholen 3, 4316 Sandnes, Norway",5.721620463636526,58.863022634230106
NOR,"Kjærlighetsstien 26, 3112 Tønsberg, Norway",10.420555634491963,59.264236119062765
NOR,"Kjeldåsgata 6, 3074 Sande i Vestfold, Norway",10.236870567424631,59.651222065860054
NOR,"Kjeldevegen 1, 4344 Bryne, Norway",5.6590850957013,58.72896281011819
NOR,"Kjeldsrudenga 15, 2338 Espa, Norway",11.260846020309657,60.55674760628341
NOR,"Kjell Arholms gate 26, 4021 Stavanger, Norway",5.697645119250581,58.9390320791579
NOR,"Kjelsåsveien 156C, 0491 Oslo, Norway",10.779043077853999,59.96557935139424
NOR,"Kjelsåsveien 51A, 0488 Oslo, Norway",10.793090141747655,59.94938417335479
NOR,"Kjelsberg Ring 10, 4050 Sola, Norway",5.655921933080975,58.8837891765329
NOR,"Kjemperudveien 2, 3360 Geithus, Norway",9.97069376053787,59.94473762341997
NOR,"Kjenndalslia 27, 5225 Nesttun, Norway",5.37736941379373,60.32987132218196
NOR,"Kjenneveien 54, 1622 Gressvik, Norway",10.846767262949953,59.21894615479695
NOR,"Kjensliveien 7, 1911 Flateby, Norway",11.13735778775873,59.83359656288923
NOR,"Kjepperudveien 1, 1914 Ytre Enebakk, Norway",11.056267316945025,59.72968032571006
NOR,"Kjerkbakken 1, 7790 Malm, Norway",11.216367367290133,64.07010341718333
NOR,"Kjerkhenningvegen 146, 7711 Steinkjer, Norway",11.61396353115046,63.95752041784931
NOR,"Kjerlandssido 55, 5463 Uskedalen, Norway",5.869875795147323,59.929704135251086
NOR,"Kjerranveien 34, 8530 Bjerkvik, Norway",17.55225158182543,68.5545160800938
NOR,"Kjøkkelvikveien 26, 5178 Loddefjord, Norway",5.229640381983302,60.373525489295616
NOR,"Kjølsøyveien 1, 8908 Brønnøysund, Norway",12.311038473765848,65.49399908422214
NOR,"Kjølvikstølen 2, 4235 Hebnes, Norway",6.011345389304381,59.40966973985064
NOR,"Kjønås, 2630 Ringebu, Norway",10.089334814455182,61.548055077362434
NOR,"Kjønnåsvegen 9, 2630 Ringebu, Norway",10.136990300443472,61.53445403163062
NOR,"Kjørkevegen 43, 2730 Lunner, Norway",10.574100935167678,60.30150486636046
NOR,"Kjøtteinsvegen 188, 5411 Stord, Norway",5.500611050753207,59.76606901724173
NOR,"Kjøyafaret 54, 3474 Åros, Norway",10.511679896391769,59.71294220989242
NOR,"Kjuushagen 11, 2150 Årnes, Norway",11.47960707148519,60.12315602978839
NOR,"Klæbuveien 211, 7037 Trondheim, Norway",10.410335646202014,63.40148386238212
NOR,"Klattane 69, 4443 Tjørhom, Norway",6.836875596473391,58.88189976982861
NOR,"Klaus Hanssens vei 48, 5053 Bergen, Norway",5.350912774610748,60.376002006407816
NOR,"Klausjorda 5, 9990 Båtsfjord, Norway",29.69452538047662,70.62896075687789
NOR,"Kleivanveien 29, 3086 Holmestrand, Norway",10.286701652354878,59.501138012623954
NOR,"Kleivavegen 111, 2630 Ringebu, Norway",10.177618055687105,61.49923809408176
NOR,"Kleivavegen 13, 6729 Kalvåg, Norway",4.875525173207535,61.767489128637834
NOR,"Kleivbakken 30, 6453 Kleive, Norway",7.657261997301731,62.79252493418406
NOR,"Kleivene 2, 4827 Frolands Verk, Norway",8.599435858707608,58.49999561836012
NOR,"Kleiverudveien 195, 3086 Holmestrand, Norway",10.284593855163365,59.510750504914085
NOR,"Kleivveien 3, 8920 Sømna, Norway",12.165079280810943,65.31599574969894
NOR,"Klemmavegen 3A, 2743 Harestua, Norway",10.721412715838028,60.21825664221228
NOR,"Klemmets veg 270, 7227 Gimse, Norway",10.232996535595959,63.26769716258519
NOR,"Kleppeåsen 44, 6080 Gurskøy, Norway",5.788962266309625,62.236471447272436
NOR,"Kleppevegen 124, 5308 Kleppestø, Norway",5.199072419292804,60.42314530835634
NOR,"Klevarudstigen 15, 3540 Nesbyen, Norway",9.1179887527218,60.57800574720744
NOR,"Klingavegen 1317, 7822 Bangsund, Norway",11.401663921494816,64.39197092987223
NOR,"Klingenbergvegen 14, 5414 Stord, Norway",5.528394964303999,59.81675740322879
NOR,"Klipragata 5, 6007 Ålesund, Norway",6.180092630060443,62.472093702513774
NOR,"Kløftaveien 26, 1454 Fagerstrand, Norway",10.616037356954081,59.74708819750094
NOR,"Klokkerlia 12, 3531 Krokkleiva, Norway",10.289248158358618,60.05326009357967
NOR,"Klonesbakken 14, 2680 Vågå, Norway",9.086967664345622,61.861807667585936
NOR,"Kloppedalsvegen 18, 5232 Paradis, Norway",5.343365457534503,60.32417577706471
NOR,"Klosteret 2, 5005 Bergen, Norway",5.315595541762008,60.394703163949174
NOR,"Klostergata 82, 7030 Trondheim, Norway",10.381368627017991,63.42570668245932
NOR,"Kløvervegen 7 A, 9016 Tromsø, Norway",18.916247927793776,69.66438464490732
NOR,"Kløverveien 4, 8920 Sømna, Norway",12.19976376378898,65.36843817465399
NOR,"Kløverveien 48, 1475 Finstadjordet, Norway",10.967582841854352,59.915864062456365
NOR,"Kløvningsten 2, 1739 Borgenhaugen, Norway",11.192661417272262,59.27908056847707
NOR,"Kløvveien 2, 3175 Ramnes, Norway",10.31118066530263,59.34102962228516
NOR,"Klubben 8, 9750 Honningsvåg, Norway",25.966820207409,70.97780835860306
NOR,"Klungnesveien 1, 9436 Kongsvik, Norway",16.25513613980968,68.56574611205875
NOR,"Klyvevegen 48, 3740 Skien, Norway",9.623826215799824,59.148001139586796
NOR,"Klyvevegen 91, 3739 Skien, Norway",9.613537094375829,59.145481665220814
NOR,"Knappevegen 39, 5337 Rong, Norway",4.960870298073104,60.46084337889255
NOR,"Knapstadveien 17, 1823 Knapstad, Norway",11.032227348085598,59.62398943008108
NOR,"Knarrevikveien 19, 4638 Kristiansand s, Norway",8.063917405933097,58.141874027504514
NOR,"Knestanggata 23, 3514 Hønefoss, Norway",10.32632916689355,60.18202249002242
NOR,"Knettvegen 5, 2422 Nybergsund, Norway",12.323507812024786,61.261912384658075
NOR,"Kniksens plass 1, 5063 Bergen, Norway",5.358985050282911,60.36711844632734
NOR,"Kniveveien 55, 3036 Drammen, Norway",10.268104723779544,59.70163829145099
NOR,"Knivsfjellveien 4, 3490 Klokkarstua, Norway",10.450985278212926,59.60958265681265
NOR,"Knoffs gate 20, 3044 Drammen, Norway",10.204498902989798,59.73385082545403
NOR,"Knudsmyr 1, 4625 Flekkerøy, Norway",8.000481234863628,58.08583597563478
NOR,"Knut Hamsuns veg 12, 2685 Garmo, Norway",8.79737207144376,61.85066598088045
NOR,"Knut J. Rognes veg 12, 8657 Mosjøen, Norway",13.217398558378875,65.83336134712835
NOR,"Knut K. Hovdens veg 7, 3891 Høydalsmo, Norway",8.195141632200745,59.497912614372524
NOR,"Knuten 121, 7383 Haltdalen, Norway",11.170681468756243,62.920584866274424
NOR,"Knutvikveien 44, 8300 Svolvær, Norway",14.55682961948068,68.24681297794302
NOR,"Kobberveien 113, 4313 Sandnes, Norway",5.7320982617009975,58.87205128505457
NOR,"Kobbervikveien 10, 3040 Drammen, Norway",10.229767742673772,59.728612680793105
NOR,"Kodleberget 22, 4389 Vikeså, Norway",6.092755294448125,58.644118839243475
NOR,"Koefoedgeilan 2C, 7018 Trondheim, Norway",10.366314645095883,63.42980086497488
NOR,"Kokelvveien 39, 9715 Kokelv, Norway",24.641005799472794,70.6122669394185
NOR,"Kokstadvegen 36, 5257 Kokstad, Norway",5.261205707332692,60.29851755606873
NOR,"Kolbotn terrasse 2, 1410 Kolbotn, Norway",10.802850448900301,59.81169029130214
NOR,"Kolderups vei 5B, 0587 Oslo, Norway",10.79198272470012,59.94512402915635
NOR,"Kollenveien 90, 9310 Sørreisa, Norway",18.17997340028174,69.14586286952061
NOR,"Kollevågvegen 201, 5310 Hauglandshella, Norway",5.131285286103974,60.45314812122524
NOR,"Kollevågvegen 221, 5310 Hauglandshella, Norway",5.128542559746904,60.45279872159139
NOR,"Kolltveitvegen 140, 5360 Kolltveit, Norway",5.079613535236376,60.35761449968331
NOR,"Kolsås leir Rødskiferveien 20, 1352 Kolsås, Norway",10.505178221736656,59.91745201401295
NOR,"Kolsåslia 2, 7026 Trondheim, Norway",10.324460449779622,63.37620274321
NOR,"Kolsbergveien 24, 4616 Kristiansand s, Norway",7.968070929855145,58.14458389680115
NOR,"Kometvegen 36, 7506 Stjørdal, Norway",10.951974983770384,63.48097443742722
NOR,"Kommandovegen 15, 7045 Trondheim, Norway",10.442671603729337,63.4292373496244
NOR,"Kommandovegen 5, 7045 Trondheim, Norway",10.441008047406086,63.43003622881605
NOR,"Komsahøyden 5, 9511 Alta, Norway",23.289991032001552,69.97889974153549
NOR,"Konditorveien 6, 1619 Fredrikstad, Norway",10.975646735623314,59.23180181497327
NOR,"Kong Augvalds veg 31, 4262 Avaldsnes, Norway",5.2816878935702505,59.35423644229502
NOR,"Kong Oscars gate 55, 5017 Bergen, Norway",5.332342249030404,60.391966304924324
NOR,"Kong Oscars gate 62, 5017 Bergen, Norway",5.333181277538273,60.39177368878936
NOR,"Kong Øysteins vei 11D, 8400 Sortland, Norway",15.404280263653163,68.69032047162312
NOR,"Kong Rings gate 7, 3510 Hønefoss, Norway",10.25661942095337,60.165084949771455
NOR,"Kong Sverres vei 15, 1639 Gamle Fredrikstad, Norway",11.004490708468722,59.215171406611404
NOR,"Kongens gate 34, 7012 Trondheim, Norway",10.389910037810864,63.43077630895692
NOR,"Kongerødvegen 8, 3737 Skien, Norway",9.621889744709193,59.14821697359355
NOR,"Kongeveien 16B, 1412 Sofiemyr, Norway",10.821530274498059,59.80517985755819
NOR,"Kongletoppen 34, 2053 Jessheim, Norway",11.190523612867366,60.13566551736355
NOR,"Konglevegen 2, 7058 Jakobsli, Norway",10.490718935844825,63.42224755483784
NOR,"Kongleveien 1, 8027 Bodø, Norway",14.561361798346667,67.29316818867491
NOR,"Kongleveien 33, 1452 Nesoddtangen, Norway",10.664657173056469,59.85293784637608
NOR,"Kongleveien 42, 8515 Narvik, Norway",17.461504823277465,68.4460463740146
NOR,"Kongsbakken 4, 3612 Kongsberg, Norway",9.673399054293242,59.6705731142641
NOR,"Kongsberggata 19/21, 0468 Oslo, Norway",10.761329434235279,59.94101023298737
NOR,"Kongsgård Alle 33B, 4631 Kristiansand s, Norway",8.017994329620414,58.15648570835131
NOR,"Kongshaugveien 10C, 8480 Andenes, Norway",16.124076869396532,69.31570528974558
NOR,"Kongsmyrveien 45, 5174 Mathopen, Norway",5.203378957325299,60.33668769539179
NOR,"Kongsvegen 14, 6433 Hustad, Norway",7.0993393878915185,62.954426339340586
NOR,"Kongsvegen 204, 7026 Trondheim, Norway",10.309697487535743,63.37882531498505
NOR,"Kongsvegen 22, 2662 Dovre, Norway",9.245082712380707,61.98933710902432
NOR,"Kongsvegen 24, 7082 Kattem, Norway",10.335270841762082,63.34795246056652
NOR,"Kongsvegen 59, 7088 Heimdal, Norway",10.341549222516619,63.35360249194949
NOR,"Kongsvegen 80, 7088 Heimdal, Norway",10.34235304703114,63.35712263982609
NOR,"Kongsveien 18, 2500 Tynset, Norway",10.767072546653026,62.26990597893945
NOR,"Kongsveien 49, 1177 Oslo, Norway",10.773927853803116,59.885640973171974
NOR,"Kongsvingervegen 10, 2040 Kløfta, Norway",11.143676569286583,60.07737918760506
NOR,"Konows gate 20, 0196 Oslo, Norway",10.774411992530531,59.90289696487733
NOR,"Konsmoheiveien 1121, 4534 Marnardal, Norway",7.498243044828172,58.2474366381054
NOR,"Konsul Wilds vei 20A, 4621 Kristiansand s, Norway",7.974190557363528,58.129084542453796
NOR,"Kontorveien 9, 4033 Stavanger, Norway",5.703141636076907,58.9022149047359
NOR,"Konvallveien 26, 1475 Finstadjordet, Norway",10.971595510361539,59.91837297562435
NOR,"Konvallveien 3, 1658 Torp, Norway",11.013134713756443,59.24359653575513
NOR,"Konventveien 76, 0276 Oslo, Norway",10.67959581999088,59.926853072795495
NOR,"Kopparleden 6009, 2555 Tufsingdalen, Norway",11.741865003361312,62.28083405284249
NOR,"Køppenvegen 4, 7690 Mosvik, Norway",11.005764338656206,63.81873864858352
NOR,"Kornbergvegen 17, 4055 Sola, Norway",5.660074495552152,58.89292951621718
NOR,"Kornbergvegen 21, 4055 Sola, Norway",5.659930242998485,58.89390185889505
NOR,"Kornhaug 13, 2656 Follebu, Norway",10.288343101732833,61.21556564744632
NOR,"Kornhaug 2, 2656 Follebu, Norway",10.28946013668994,61.2162203673349
NOR,"Kornmoveien 18, 1413 Tårnåsen, Norway",10.812992216466455,59.814630746755114
NOR,"Korntrøvegen 9, 7550 Hommelvik, Norway",10.815252396657712,63.414490941639286
NOR,"Kornvegen 23, 4350 Kleppe, Norway",5.632661481216871,58.7671663094159
NOR,"Korpefaret 3, 1386 Asker, Norway",10.441571562756593,59.812856004486264
NOR,"Korshagen 6, 2020 Skedsmokorset, Norway",11.033924096745409,60.0060348166181
NOR,"Korsmokroken 1, 2100 Skarnes, Norway",11.668883018041441,60.25251436059014
NOR,"Korsmostubben 2, 1930 Aurskog, Norway",11.392666786626279,59.9323033634258
NOR,"Kortbølgen 15, 1519 Moss, Norway",10.604966623059,59.43736966673163
NOR,"Kottengsveien 50, 7160 Bjugn, Norway",9.78807505675968,63.771804726576335
NOR,"Krabbstuvegen 1, 7863 Overhalla, Norway",11.948461901372525,64.50474738353154
NOR,"Krabyskogvegen 643, 2848 Skreia, Norway",10.913917706773589,60.63573455467622
NOR,"Kragerøgata 5, 3730 Skien, Norway",9.606853700059872,59.193523591008756
NOR,"Kragerudveien 35, 2013 Skjetten, Norway",10.983081399920906,59.984107967458726
NOR,"Krags gate 19, 3616 Kongsberg, Norway",9.646127442664522,59.65839865135885
NOR,"Kråkevegen 40, 2209 Kongsvinger, Norway",12.030072301640217,60.17410282985031
NOR,"Kråkhaugveien 6, 1930 Aurskog, Norway",11.471699919305593,59.9281976977029
NOR,"Kramprudvegen 9, 2636 Øyer, Norway",10.394588480887279,61.27548184770879
NOR,"Kråmyrvegen 3, 6007 Ålesund, Norway",6.192767408766201,62.47607150230374
NOR,"Kranveien 4C, 4950 Risør, Norway",9.227555398469576,58.721455768086685
NOR,"Kregnesvegen 20, 7228 Kvål, Norway",10.273643150121728,63.22641201467553
NOR,"Krekane 78, 6871 Jostedal, Norway",7.293050953789162,61.60443655289916
NOR,"Kreklingvegen 1, 2409 Elverum, Norway",11.555098095701595,60.907518058506554
NOR,"Kreklingveien 20, 7260 Sistranda, Norway",8.831309726848872,63.723275644575835
NOR,"Kremleveien 5, 3271 Larvik, Norway",10.041196378898434,59.070190465576104
NOR,"Kringenveien 1, 1900 Fetsund, Norway",11.180585777005462,59.921611784920856
NOR,"Kringlavegen 343, 7711 Steinkjer, Norway",11.441281489767732,63.97453400491483
NOR,"Kringlavegen 759, 7710 Sparbu, Norway",11.430326007041288,63.93630653337402
NOR,"Kringsjågrenda 1, 0861 Oslo, Norway",10.742640304724972,59.96305811682859
NOR,"Kristian brenners vei 170, 3029 Drammen, Norway",10.116170994060184,59.762055426725226
NOR,"Kristianiaveien 5, 1823 Knapstad, Norway",11.023254939831446,59.62688592245192
NOR,"Kristofer Jansons vei 31, 5089 Bergen, Norway",5.363878405356729,60.35822843218139
NOR,"Kroerveien 300, 1544 Vestby, Norway",10.788346487464537,59.61630854737774
NOR,"Krogstadvegen 6, 7236 Hovin i Gauldal, Norway",10.225331201323002,63.105162798010355
NOR,"Krohnsvingen 10, 6421 Molde, Norway",7.263405671000214,62.75004226376771
NOR,"Krokåsdalen 1, 5302 Strusshamn, Norway",5.190664196941384,60.406140564198665
NOR,"Krokemoveien 126A, 3223 Sandefjord, Norway",10.171166923908117,59.131750724805414
NOR,"Kroken 16, 1466 Strømmen, Norway",11.023279917902897,59.95658129451638
NOR,"Krokenveien 101, 3232 Sandefjord, Norway",10.175528363406443,59.12991756067143
NOR,"Krokenveien 42, 3515 Hønefoss, Norway",10.25821634114638,60.17998579432256
NOR,"Krøkkebærveien 5, 8026 Bodø, Norway",14.549233938823107,67.28873914912751
NOR,"Krokliveien 9B, 0584 Oslo, Norway",10.817978359208439,59.93760998823569
NOR,"Krokmoen 9, 2280 Gjesåsen, Norway",12.074352555011558,60.66121017591152
NOR,"Kroksrudvegen 146, 2223 Galterud, Norway",11.859420776301732,60.19065499314604
NOR,"Krokstigen 9, 7345 Driva, Norway",9.61645391504422,62.53434857836913
NOR,"Kroksundveien 62, 1860 Trøgstad, Norway",11.411598907509642,59.61564302426561
NOR,"Kronborgvegen 14, 2318 Hamar, Norway",11.07619646521107,60.798068885131784
NOR,"Kroveien 16, 4335 Dirdal, Norway",6.251914643799836,58.80727786515246
NOR,"Krusesvingen 12, 2068 Jessheim, Norway",11.179676843425113,60.15865607194539
NOR,"Krydderveien 15, 1622 Gressvik, Norway",10.874367193726073,59.19536706488364
NOR,"Kryssveien 10b, 0583 Oslo, Norway",10.819594893054841,59.936078782163605
NOR,"Krystallveien 2, 4321 Sandnes, Norway",5.706920198028399,58.83222488166402
NOR,"Kulpeveien 1, 1538 Moss, Norway",10.693649589407102,59.4806885996278
NOR,"Kunnskapsveien 44, 3430 Spikkestad, Norway",10.337390373618064,59.75012085388886
NOR,"Kuopioveien 6, 8012 Bodø, Norway",14.416241885356726,67.29615126610554
NOR,"Kuvågvegen 126, 5209 Os, Norway",5.4533655314954785,60.17630991068498
NOR,"Kvalamarka 13, 5514 Haugesund, Norway",5.262674468226123,59.436791231593475
NOR,"Kvålevegen 2, 4345 Bryne, Norway",5.666133605719608,58.732426170600775
NOR,"Kvalslykkja 9, 2320 Furnes, Norway",11.017098096672953,60.85426615125232
NOR,"Kvålsvegen 65, 7519 Elvarli, Norway",11.065695952189003,63.38779835188194
NOR,"Kvalvågvegen 334, 5550 Sveio, Norway",5.4140450178711035,59.544999003198456
NOR,"Kvålveien 11, 4323 Sandnes, Norway",5.716199635395867,58.82008528747599
NOR,"Kvalvikveien 32B, 6522 Frei, Norway",7.883058063631438,63.08938843341983
NOR,"Kvamskjerkvegen 5, 7732 Steinkjer, Norway",11.734799729536661,64.13920613198505
NOR,"Kvamslia 1, 7715 Steinkjer, Norway",11.483208440003551,64.03328343482374
NOR,"Kvamsvegen 1444, 7732 Steinkjer, Norway",11.570270094820415,64.10992139676117
NOR,"Kvamsvegen 27, 6947 Lavik, Norway",5.514845617820896,61.10486464626382
NOR,"Kvartsvegen 223, 9022 Krokelvdalen, Norway",19.07590094910745,69.6821778964634
NOR,"Kvartsvegen 3, 4347 Lye, Norway",5.737623528455202,58.73281014558523
NOR,"Kvartsvegen 5, 2818 Gjøvik, Norway",10.666951048498476,60.77385096846794
NOR,"Kvartsveien 14, 1784 Halden, Norway",11.395915109382912,59.141437271210094
NOR,"Kvåstunet 19, 4588 Kvås, Norway",7.185654131316426,58.24270614341026
NOR,"Kvednadalen 2, 4353 Klepp Stasjon, Norway",5.682874110379657,58.7773218652128
NOR,"Kvednanesvegen 74, 4120 Tau, Norway",5.906300445043627,59.06574554232216
NOR,"Kveldeveien 241, 3282 Kvelde, Norway",9.966062256119244,59.191480921204885
NOR,"Kveldeveien 272, 3282 Kvelde, Norway",9.969404540010459,59.194101858508816
NOR,"Kveldrovegen 17, 9007 Tromsø, Norway",18.930710292854684,69.64243967069427
NOR,"Kveldrovegen 74, 9007 Tromsø, Norway",18.92074848474971,69.63795547822394
NOR,"Kvenildveien 3B, 7072 Heimdal, Norway",10.363700664771585,63.341050047120575
NOR,"Kvennbekkveien 24, 2450 Rena, Norway",11.462082775059201,61.30171984494743
NOR,"Kverndalsvegen 10, 2067 Jessheim, Norway",11.152663562052254,60.150672476808865
NOR,"Kvernesveien 1557, 6531 Averøy, Norway",7.622743224549453,62.97008662622892
NOR,"Kvernevik Ring 40, 4049 Hafrsfjord, Norway",5.6075863473152765,58.97263772737824
NOR,"Kvernhusbakken 1, 4336 Sandnes, Norway",5.770092842062041,58.833041781947514
NOR,"Kvernhusdalen 72B, 5308 Kleppestø, Norway",5.2009405778725295,60.42007053290496
NOR,"Kvernhuslia 48, 6456 Skåla, Norway",7.5175473222124936,62.75863308587978
NOR,"Kvernhusvegen 7, 7713 Steinkjer, Norway",11.502246675781095,63.99006902426018
NOR,"Kvernkallen 9, 4073 Randaberg, Norway",5.612592774262936,58.97851679426549
NOR,"Kvernkallveien 11, 0382 Oslo, Norway",10.6340122644948,59.92880890608245
NOR,"Kvernslåttvegen 41, 5237 Rådal, Norway",5.3113418935385255,60.29718797667752
NOR,"Kvernveien 111, 1358 Jar, Norway",10.627349070565458,59.9341120524025
NOR,"Kvia 14, 6140 Syvde, Norway",5.740476812115162,62.088136864867124
NOR,"Kvibyveien 64B, 9519 Kviby, Norway",23.3939323310712,70.12071416718919
NOR,"Kvinlog 10, 4473 Kvinlog, Norway",6.937190884229352,58.52133372264046
NOR,"Kvislakroken 2, 4515 Mandal, Norway",7.468463064855172,58.025043373007804
NOR,"Kvitbekkgata 29, 2316 Hamar, Norway",11.034470093918259,60.7990390485148
NOR,"Kvitblikveien 2, 8218 Fauske, Norway",15.496908088911738,67.3469999140813
NOR,"Kviteseidvegen 24, 3850 Kviteseid, Norway",8.484553326146937,59.43504134166756
NOR,"Kvithaugsmyra 14, 6092 Fosnavåg, Norway",5.634417070836946,62.3250729834312
NOR,"Kydnaveien 33, 4310 Hommersåk, Norway",5.84748085860511,58.923369738703286
NOR,"Kyllinggata 3, 4521 Lindesnes, Norway",7.141110937642452,58.04699737953348
NOR,"Kyrkjebakken 50, 6856 Sogndal, Norway",7.0943346373244935,61.22763027494196
NOR,"Kyrkjebygdvegen 184, 5636 Varaldsøy, Norway",5.975097849022177,60.096524334557586
NOR,"Kyrkjegata 12, 6065 Ulsteinvik, Norway",5.8467998289721095,62.34381810405469
NOR,"Kyrkjegata 3, 5722 Dalekvam, Norway",5.823627890005525,60.59063538936462
NOR,"Kyrkjehaugen 4B, 6014 Ålesund, Norway",6.306969246969999,62.467774884993105
NOR,"Kyrkjehølsvegen 12, 5583 Vikedal, Norway",5.904354670040476,59.49712157226034
NOR,"Kyrkjevegen 13, 2670 Otta, Norway",9.55136860234262,61.801441661921075
NOR,"Kyrkjevegen 2, 6884 Øvre Årdal, Norway",7.799840349610832,61.31027005673863
NOR,"Kyrkjevegen 20, 6809 Førde, Norway",5.868442573523367,61.455390011638116
NOR,"Kyrkjevegen 21, 5410 Sagvåg, Norway",5.397942878956883,59.78251338926262
NOR,"Kyrkjevegen 25, 3890 Vinje, Norway",8.183131957511932,59.5752684863169
NOR,"Kyrkjevegen 30, 5600 Norheimsund, Norway",6.1433623759743625,60.369112417273755
NOR,"Kyrkjevegen 30D, 6809 Førde, Norway",5.869383693611894,61.454355978152876
NOR,"Kyrkjevegen 6, 6856 Sogndal, Norway",7.097353966486338,61.22593771723376
NOR,"Kyrkjeveien 63, 4156 Mosterøy, Norway",5.6857180901270965,59.061994137736974
NOR,"Kyrkjevollveien 19, 4310 Hommersåk, Norway",5.837301204836592,58.923507495281996
NOR,"Kyrre Grepps gate 13, 0481 Oslo, Norway",10.776953217935272,59.939472321392714
NOR,"Kyrre Grepps gate 21, 2819 Gjøvik, Norway",10.678737932200875,60.80470370631883
NOR,"Kyrres vei 28F, 1369 Stabekk, Norway",10.610763463476104,59.91246188986696
NOR,"Kystad alle 25A, 7024 Trondheim, Norway",10.341722141179133,63.389678370854654
NOR,"Kystadhaugen 2A, 7024 Trondheim, Norway",10.336062093421845,63.391980586290344
NOR,"Kysthospitalveien 40, 3294 Stavern, Norway",10.028524450039725,58.98868668311681
NOR,"Kyvannsvegen 17, 7025 Trondheim, Norway",10.336022782295942,63.404621544016806
NOR,"Labakken 1, 3142 Vestskogen, Norway",10.395059627664779,59.23879362141656
NOR,"Labakken 4, 3142 Vestskogen, Norway",10.395272528005421,59.23928534576635
NOR,"Labråten 76, 1614 Fredrikstad, Norway",10.923251458873636,59.23751152550685
NOR,"Lachmanns vei 41, 0495 Oslo, Norway",10.796582210248602,59.96560219208038
NOR,"Lade alle 80A, 7041 Trondheim, Norway",10.465832981497897,63.44238780133537
NOR,"Lærerskolevegen 8, 9006 Tromsø, Norway",18.92414097624092,69.63565158640765
NOR,"Lærumveien 32, 3074 Sande i Vestfold, Norway",10.235461150405683,59.626062232826854
NOR,"Lågaskarvegen 8, 5724 Stanghelle, Norway",5.739534602379223,60.55236781041714
NOR,"Lageråvegen 113, 2324 Vang på Hedmarken, Norway",11.233410710111912,60.83547832483214
NOR,"Lagerveien 21, 4033 Stavanger, Norway",5.703527790356219,58.900660019787324
NOR,"Lahelldammen 8, 3427 Gullaug, Norway",10.316596632039449,59.7259570005005
NOR,"Lailafjellveien 29, 9180 Skjervøy, Norway",20.96114436209254,70.03420555034381
NOR,"Lakkegata 19, 0187 Oslo, Norway",10.760378814729668,59.91440105795786
NOR,"Lakselvbuktvegen 600, 9045 Lakselvbukt, Norway",19.645665343685863,69.43339265856585
NOR,"Lakslia 21, 5261 Indre Arna, Norway",5.468063701627813,60.418602819749424
NOR,"Lambertseterveien 18, 1160 Oslo, Norway",10.799528784490889,59.87193811213223
NOR,"Lambertsetveien 9, 1161 Oslo, Norway",10.799169871396941,59.87121278414094
NOR,"Lambhaug 144, 6873 Marifjøra, Norway",7.267051966519574,61.36327939171497
NOR,"Lambhusvegen 11, 5382 Skogsvåg, Norway",5.087313654407552,60.26468744048137
NOR,"Lammers gate 22, 3014 Drammen, Norway",10.225091814168309,59.74761449720134
NOR,"Landåsvegen 709, 2861 Landåsbygda, Norway",10.303580039322185,60.83157755473238
NOR,"Landeroveien 1, 0672 Oslo, Norway",10.855656187448488,59.91582550570175
NOR,"Landfallvegen 30, 7656 Verdal, Norway",11.637856649066265,63.77668810718538
NOR,"Landgangen 6, 0252 Oslo, Norway",10.720477965995883,59.90779379844096
NOR,"Landingsveien 108, 0767 Oslo, Norway",10.651573022199585,59.95198616755752
NOR,"Landingsveien 27, 0770 Oslo, Norway",10.656724288434134,59.95298407504009
NOR,"Landingsveien 62, 0767 Oslo, Norway",10.652761240793751,59.95247424577943
NOR,"Landmovegen 13, 2870 Dokka, Norway",10.069145751217917,60.841672760826384
NOR,"Landrovegen, 5363 Ågotnes, Norway",4.990919470354631,60.40619353875571
NOR,"Landskronaveien 154, 2013 Skjetten, Norway",10.996073768938004,59.97056758961202
NOR,"Landskronaveien 271, 2013 Skjetten, Norway",10.993924313687671,59.97266595716246
NOR,"Landskronaveien 336, 2013 Skjetten, Norway",10.997588462660815,59.97251173014405
NOR,"Landstadvegen 30, 3870 Fyresdal, Norway",8.084667645434223,59.185939435468015
NOR,"Langåkervegen 1, 5770 Tyssedal, Norway",6.560400867164333,60.117193604874046
NOR,"Langangsvegen 25, 3947 Langangen, Norway",9.748203433001521,59.10279342862907
NOR,"Langangsveien 871, 4810 Eydehavn, Norway",8.893107235847566,58.53120781412869
NOR,"Langåsveien 24, 0880 Oslo, Norway",10.75617665925816,59.96204160152098
NOR,"Langbølgen 67, 1150 Oslo, Norway",10.814127293794485,59.864139337960694
NOR,"Langbråten 50, 2063 Jessheim, Norway",11.161108161863467,60.14054843696792
NOR,"Langekjennveien 2, 3610 Kongsberg, Norway",9.676466830855446,59.65894615727427
NOR,"Langelandvegen 9, 7540 Klæbu, Norway",10.486559416394016,63.30360188302751
NOR,"Langerudhaugen 1, 1187 Oslo, Norway",10.82713072692377,59.879794302340514
NOR,"Langerudhaugen 10, 1187 Oslo, Norway",10.829159566587379,59.8786703729437
NOR,"Langfjordveien 6, 9910 Bjørnevatn, Norway",29.949954994930863,69.67152328215144
NOR,"Langgata 74, 4306 Sandnes, Norway",5.738563977991504,58.85536299965128
NOR,"Langhågen 40, 9309 Finnsnes, Norway",18.062170361197644,69.2038541143778
NOR,"Langkåsveien 16, 3675 Notodden, Norway",9.25900932832576,59.5722614366432
NOR,"Langkroken 13, 1394 Nesbru, Norway",10.489873117995387,59.85954890486764
NOR,"Langleiken 6, 1348 Rykkinn, Norway",10.49205090407844,59.92784842379757
NOR,"Langlia 19, 9475 Borkenes, Norway",16.182543577711357,68.77629063500851
NOR,"Langmyrveien 16, 0874 Oslo, Norway",10.750432038097841,59.962477209029004
NOR,"Langneset 31, 8624 Mo i Rana, Norway",14.118257348480768,66.30162215153763
NOR,"Langnesvegen 7, 9012 Tromsø, Norway",18.9336089226108,69.65516733920907
NOR,"Langnesveien 133, 1815 Askim, Norway",11.133224503664877,59.596158955058144
NOR,"Langodden 40, 3629 Nore, Norway",9.017531391707024,60.16453107360962
NOR,"Langøyåsen 9, 1679 Kråkerøy, Norway",10.899889250704973,59.189470605547285
NOR,"Langsjøveien 5, 2448 Sømådalen, Norway",11.650727648125383,62.096905970059765
NOR,"Langskogveien 9, 9056 Mortenhals, Norway",18.604063754251257,69.39782648319277
NOR,"Lars Jongs vei 52, 1341 Slependen, Norway",10.490538724926552,59.891462330655884
NOR,"Lars Onsagers veg 3, 7051 Trondheim, Norway",10.4147474609384,63.41463557137857
NOR,"Lars Onsagers veg 5, 7051 Trondheim, Norway",10.414158799878408,63.41488375953159
NOR,"Lars Thørings veg 29, 9006 Tromsø, Norway",18.915384150536454,69.6378238823441
NOR,"Larveveien 29, 3172 Vear, Norway",10.356253679076332,59.267603396097
NOR,"Laskestad, 8289 Engeløya, Norway",,
NOR,"Lassaveien 6, 4022 Stavanger, Norway",5.694746238037368,58.96095989223613
NOR,"Lassebakken 2, 3046 Drammen, Norway",10.185312475164096,59.73784924472582
NOR,"Lassvebergvegen 7, 7562 Saksvik, Norway",10.603161412572092,63.44012460365897
NOR,"Látevuovdi 2, 9731 Karasjok, Norway",25.514828582969134,69.45794437324531
NOR,"Lauglobuen 9B, 7562 Saksvik, Norway",10.59603151427396,63.433058785010616
NOR,"Laupstadveien 241, 8316 Laupstad, Norway",14.741142976442887,68.35635280160062
NOR,"Lauras vei 3, 3244 Sandefjord, Norway",10.183711280200498,59.13057968911275
NOR,"Laurits Grønlands vei 12, 3035 Drammen, Norway",10.220700786551788,59.72040813868884
NOR,"Laurits Grønlands vei 28, 3035 Drammen, Norway",10.222389404765522,59.71766411313678
NOR,"Laurits Grønlands vei 33, 3035 Drammen, Norway",10.224009710468351,59.71850934425299
NOR,"Lauritz Jenssens Gate 20, 7045 Trondheim, Norway",10.446632555893927,63.434432662760116
NOR,"Lauritz Johnsens vei 3, 1619 Fredrikstad, Norway",10.974736377119427,59.228788436962645
NOR,"Laustøheia 22, 4519 Holum, Norway",7.524677304329657,58.09822040521456
NOR,"Lauvåsbakken 4, 7540 Klæbu, Norway",10.463370713621089,63.301861590380724
NOR,"Lauvstadvegen 5, 8700 Nesna, Norway",13.023427824035025,66.19710463853417
NOR,"Lauvtjernveien 62, 3303 Hokksund, Norway",9.927684706602093,59.78310821102144
NOR,"Låveveien 26D, 0682 Oslo, Norway",10.835760818252226,59.90638501006475
NOR,"Legatveien 1, 4517 Mandal, Norway",7.464042030025297,58.03692907934865
NOR,"Legene 33, 6156 Ørsta, Norway",6.205715521334525,62.18089351997753
NOR,"Legene 9, 5781 Lofthus, Norway",6.6710672186087265,60.3194571846721
NOR,"Leiasundveien 10, 4180 Kvitsøy, Norway",5.411770923720553,59.064759201865996
NOR,"Leif Jenssons Plass 2, 8003 Bodø, Norway",14.370114344344529,67.27730954404794
NOR,"Leiknesveien 42A, 9307 Finnsnes, Norway",17.99285076465125,69.28761698738094
NOR,"Leiknyvegen 2, 2860 Hov, Norway",10.350011591962556,60.703436276271674
NOR,"Leikvangvegen 6, 5111 Breistein, Norway",5.384311808917829,60.49180638067975
NOR,"Leikvegen 13, 2100 Skarnes, Norway",11.683576494308,60.24477765441162
NOR,"Leilighet 1 Beverveien 25, 0596 Oslo, Norway",10.848714630514706,59.942814228098285
NOR,"Leinesveien 168, 8285 Leines, Norway",14.811208897648015,67.73658934875232
NOR,"Leinesveien 37, 8890 Leirfjord, Norway",12.724414408544277,66.04958062807543
NOR,"Leirdalen 50, 5430 Bremnes, Norway",5.184694521680797,59.79176072394091
NOR,"Leirvegen 23, 2150 Årnes, Norway",11.47942409453887,60.128787495255835
NOR,"Leirveien 12, 8643 Bjerka, Norway",13.844478239232899,66.14735682781196
NOR,"Leirvikveien 2, 5179 Godvik, Norway",5.204451757112736,60.376260336663705
NOR,"Leitebakken 11, 9402 Harstad, Norway",16.349670680402625,68.8328346185539
NOR,"Leitet 3, 5911 Alversund, Norway",5.221907741027849,60.572036574861045
NOR,"Leitevegen 1, 6155 Ørsta, Norway",6.109615408866489,62.18695191768322
NOR,"Leitevegen 6, 5357 Fjell, Norway",5.076656064519966,60.32918392230252
NOR,"Leiv Eirikssons gate 7, 2004 Lillestrøm, Norway",11.062982897769189,59.95389208661109
NOR,"Leiv Eriksons gate 7, 3048 Drammen, Norway",10.151039795089076,59.74325490172171
NOR,"Lekeparkvegen 9, 2319 Hamar, Norway",11.086775432846878,60.81292157564914
NOR,"Lekve, 5730 Ulvik, Norway",6.946442412897818,60.57391541709805
NOR,"Lensbygdavegen 211, 2850 Lena, Norway",10.830198252028879,60.64889866888939
NOR,"Lensmann Haaversens vei 205, 2019 Skedsmokorset, Norway",11.034626751688592,59.98477235901393
NOR,"Lepsøyvegen 23, 6292 Kjerstad, Norway",6.200048432778601,62.60756281791606
NOR,"Lerbern 35, 7130 Brekstad, Norway",9.668343928488127,63.713470871426864
NOR,"Lerdalveien 19, 1779 Halden, Norway",11.382908072035264,59.14835100022535
NOR,"Lerkelunden 26, 3691 Gransherad, Norway",9.026930187375712,59.692978360547215
NOR,"Lerkeveien 12C, 3142 Vestskogen, Norway",10.392813948166008,59.2426169008215
NOR,"Lerkeveien 18, 4846 Arendal, Norway",8.762604356167202,58.477408694325675
NOR,"Lerkeveien 20, 3142 Vestskogen, Norway",10.395191391182692,59.24287883529573
NOR,"Lersbrygga 22, 3077 Sande i Vestfold, Norway",10.254689236290147,59.56722915152423
NOR,"Lerums vei 22, 5178 Loddefjord, Norway",5.222759677666602,60.38712516910729
NOR,"Lervigbrygga 188, 4014 Stavanger, Norway",5.765854113626233,58.966322214792626
NOR,"Lettvintveien 29, 0487 Oslo, Norway",10.786591149301557,59.94440678970162
NOR,"Liagardsvegen 25, 3550 Gol, Norway",9.016172517564229,60.69780166759054
NOR,"Liagrendvegen 8, 6658 Rindalsskogen, Norway",9.272593543526057,63.09654838084083
NOR,"Liakroken 24A, 5132 Nyborg, Norway",5.348166108759187,60.46705646462135
NOR,"Liane 1, 4164 Fogn, Norway",5.902635206423071,59.13860599004599
NOR,"Liane ringvei 6, 4638 Kristiansand s, Norway",8.0745982975115,58.151167881745465
NOR,"Liaråket 3, 6393 Tomrefjord, Norway",6.932110193619565,62.597614588494224
NOR,"Liavegen 20, 2420 Trysil, Norway",12.264920019202322,61.31587976031125
NOR,"Liavegen 37, 6814 Førde, Norway",5.833579639826695,61.45014071904595
NOR,"Liavegen 373, 2580 Folldal, Norway",10.041802139040925,62.12946228782155
NOR,"Liavegen 39, 6823 Sandane, Norway",6.160113022737249,61.81179155214306
NOR,"Liavegen 51, 2387 Brumunddal, Norway",10.955590433886073,60.88501826435561
NOR,"Liaveien 20B, 1435 Ås, Norway",10.806349893476039,59.662963519647235
NOR,"Liaveien 28, 3058 Solbergmoen, Norway",10.05853945857777,59.762999145203736
NOR,"Lien 83, 5057 Bergen, Norway",5.317769388350541,60.380939450292345
NOR,"Lifjordvegen 5, 6957 Hyllestad, Norway",5.294614716104519,61.171676167832544
NOR,"Lilaasveien 11, 3189 Horten, Norway",10.460725049702802,59.41976150936435
NOR,"Lilaasveien 16, 3188 Horten, Norway",10.46138881261524,59.41921517691537
NOR,"Lilandsvegen 70B, 5258 Blomsterdalen, Norway",5.244815985320514,60.28526392312966
NOR,"Lilandsvegen 78, 5258 Blomsterdalen, Norway",5.244146438894859,60.28589214677265
NOR,"Lilandsveien 233, 8534 Liland, Norway",16.881972242557424,68.47522973011957
NOR,"Liljedahlvegen 21, 6010 Ålesund, Norway",6.361335109156244,62.461610833397884
NOR,"Lille Bislett 28, 0170 Oslo, Norway",10.732091009026448,59.923722054773805
NOR,"Lilleajervegen 6, 2319 Hamar, Norway",11.056947462998258,60.80700268933143
NOR,"Lilleakerveien 24C, 0283 Oslo, Norway",10.63471525471411,59.91920471187643
NOR,"Lilleakerveien 60B, 0284 Oslo, Norway",10.639364277310364,59.92511227723449
NOR,"Lillehagveien 52B, 1365 Blommenholm, Norway",10.542584392494803,59.90267341951963
NOR,"Lillehatten 3, 5148 Fyllingsdalen, Norway",5.296019020162532,60.343069466922
NOR,"Lillengveien 6, 1623 Gressvik, Norway",10.821143617304585,59.227220643883214
NOR,"Lillestrømveien 27, 1914 Ytre Enebakk, Norway",11.05935663499838,59.72423162764136
NOR,"Lillevannsveien 82, 0788 Oslo, Norway",10.652480792745962,59.97986648438175
NOR,"Lillevannsveien 87, 0788 Oslo, Norway",10.653183185799605,59.98143326024592
NOR,"Lillevinnes 14, 3057 Solbergelva, Norway",10.103460843723013,59.76045645296594
NOR,"Lillevollen 2 - 4, 8011 Bodø, Norway",14.440490815062304,67.29376166932926
NOR,"Lillogata 4, 0477 Oslo, Norway",10.767800934038974,59.94158917103968
NOR,"Lilloseterveien 43, 0957 Oslo, Norway",10.86966779589173,59.963293564488794
NOR,"Lilløyveien 8, 1366 Lysaker, Norway",10.630889754104828,59.907481321090586
NOR,"Limisvingen 6, 3721 Skien, Norway",9.588554412866273,59.2436764572019
NOR,"Lindbäckveien 55, 1163 Oslo, Norway",10.797391483000183,59.86510531039215
NOR,"Lindebergåsen 33, 1071 Oslo, Norway",10.874879160372018,59.92934949692773
NOR,"Lindebergåsen 58H, 1068 Oslo, Norway",10.88342836633484,59.93056235831722
NOR,"Lindebergveien 2B, 1358 Jar, Norway",10.621763035013231,59.93413774293575
NOR,"Lindebergveien 31, 1069 Oslo, Norway",10.878168722092255,59.93056013711288
NOR,"Lindebergveien 41, 1069 Oslo, Norway",10.876872628404243,59.93169232268431
NOR,"Lindebergveien 59, 1069 Oslo, Norway",10.879242108612914,59.93182027243628
NOR,"Lindebøskauen 31, 4625 Flekkerøy, Norway",7.998532777651462,58.08558623682967
NOR,"Lindeveien 1, 3092 Sundbyfoss, Norway",10.119939330089807,59.51093918155456
NOR,"Lindeveien 30, 4515 Mandal, Norway",7.489056311309838,58.03138025944651
NOR,"Lindeveien 75, 4025 Stavanger, Norway",5.696226649776207,58.97717107971067
NOR,"Lindeveien 79, 4314 Sandnes, Norway",5.7291241109972475,58.87836616899742
NOR,"Lindevika 8, 5392 Storebø, Norway",5.244457826597824,60.08758151442166
NOR,"Lindsetveien 1, 3090 Hof, Norway",10.07634077690372,59.5380722403238
NOR,"Lindvallveien 3, 9146 Olderdalen, Norway",20.526698166749753,69.60709947143081
NOR,"Linerlebakken 23, 4626 Kristiansand s, Norway",7.962899127957826,58.133744964438364
NOR,"Linevegen 1, 4340 Bryne, Norway",5.641348988582081,58.73060461540268
NOR,"Linevegen 19, 4340 Bryne, Norway",5.6419758711205645,58.72733131457463
NOR,"Lingelemveien 84, 3225 Sandefjord, Norway",10.221646684325123,59.15849578527664
NOR,"Linneflaten 7, 4640 Søgne, Norway",7.825245981954623,58.09017076068099
NOR,"Linnesstranda 32B, 3426 Gullaug, Norway",10.274198618845162,59.7478839334789
NOR,"Liøya 4, 7290 Støren, Norway",10.270171015909225,63.03184475880195
NOR,"Lisavegen 1, 6050 Valderøya, Norway",6.130378891774626,62.516147770227946
NOR,"Lisbeth Bardonsens vei 2, 9321 Moen, Norway",18.591074151262205,69.14836482570897
NOR,"Lisjebøvegen 37, 6091 Fosnavåg, Norway",5.652314361954268,62.333588158867144
NOR,"Lisjebøvegen 39, 6091 Fosnavåg, Norway",5.653374924163046,62.33332978670174
NOR,"Lislebyveien 68, 1604 Fredrikstad, Norway",10.95987031746651,59.215085324465804
NOR,"Litlabøvegen 139B, 5417 Stord, Norway",5.4639613029646705,59.79051553172243
NOR,"Litl-Amdalvegen 231, 7863 Overhalla, Norway",11.945620436196037,64.51881263615508
NOR,"Litlehagen 4, 5580 Ølen, Norway",5.816266567360742,59.60626551863098
NOR,"Livdekrona 56, 4550 Farsund, Norway",6.789111572685243,58.0890534110782
NOR,"Livegen 67, 4517 Mandal, Norway",7.459952834742126,58.037490541132854
NOR,"Liveien 15, 9325 Bardufoss, Norway",18.503589377973043,69.04174542475573
NOR,"Ljabruveien 31A, 1169 Oslo, Norway",10.785640725300482,59.85579854802032
NOR,"Ljabruveien 90, 1266 Oslo, Norway",10.803389992007709,59.8495568800017
NOR,"Ljøstadsaga 10, 4985 Vegårshei, Norway",8.880398845710033,58.75051109062065
NOR,"Løddingsvegen 9, 7810 Namsos, Norway",11.541216490576602,64.5307899147881
NOR,"Løding Vestre, 8050 Tverlandet, Norway",14.732529733657726,67.29679914769163
NOR,"Løehagen 8, 4360 Varhaug, Norway",5.641695328821299,58.61471558390869
NOR,"Lofsrudhøgda 201, 1281 Oslo, Norway",10.825363151182131,59.84625415869348
NOR,"Lofsrudhøgda 212, 1281 Oslo, Norway",10.827496932273505,59.845452136288145
NOR,"Lofstadveien 5, 3277 Steinsholt, Norway",9.87490604160115,59.31088297595778
NOR,"Løftet 66, 5304 Hetlevik, Norway",5.145207040545159,60.426878524211645
NOR,"Lofthus 22, 4790 Lillesand, Norway",8.37201931903698,58.253513224540995
NOR,"Loholt alle 21, 7049 Trondheim, Norway",10.456948080312912,63.40508254869147
NOR,"Løkenåsveien 43, 1473 Lørenskog, Norway",10.960516646020352,59.91919389922134
NOR,"Løkenåsveien 6, 1473 Lørenskog, Norway",10.955164046471538,59.92430329784952
NOR,"Løkenenga 2, 3530 Røyse, Norway",10.267513548148571,60.07593351885487
NOR,"Løkengutua 55, 2720 Grindvoll, Norway",10.491878488330116,60.30525526511727
NOR,"Løkenkollen 13, 1473 Lørenskog, Norway",10.961811314784825,59.91991113867607
NOR,"Løkenveien 1, 3440 Røyken, Norway",10.393235725533799,59.74582257203099
NOR,"Løkkavegen 1, 2052 Jessheim, Norway",11.199496859311836,60.14037711086701
NOR,"Løkkeåsveien 20, 3138 Skallestad, Norway",10.445659333116225,59.20710172932925
NOR,"Løkkebergveien 6, 3014 Drammen, Norway",10.215431335482492,59.746204451539654
NOR,"Løkkegangen 2, 0251 Oslo, Norway",10.722726076246573,59.911525840829825
NOR,"Lolandsvegen 37, 4715 Øvrebø, Norway",7.8764457478544045,58.28770066066073
NOR,"Lonarmyrvegen 18, 4345 Bryne, Norway",5.677644305712391,58.730047679846194
NOR,"Lonavegen 4, 5353 Straume, Norway",5.12668127432778,60.35570472495431
NOR,"Longebakke 31, 4042 Hafrsfjord, Norway",5.669289056989044,58.957045040539015
NOR,"Lønneveien 15 A, 3179 Åsgårdstrand, Norway",10.456483970703431,59.348448706740335
NOR,"Lonsvegen 140, 5916 Isdalstø, Norway",5.282105982900646,60.55307582977838
NOR,"Lonsvegen 76, 5914 Isdalstø, Norway",5.292307178160314,60.55092905673706
NOR,"Loppedåpan 59, 3748 Siljan, Norway",9.710666839829969,59.27156032494807
NOR,"Lørenvangen 3, 0585 Oslo, Norway",10.795255690252048,59.92923608977779
NOR,"Lørenveien 11, 0585 Oslo, Norway",10.787101774842995,59.93260712359688
NOR,"Lørenveien 13, 0585 Oslo, Norway",10.787624302686936,59.932007272696126
NOR,"Lørenveien 40, 0585 Oslo, Norway",10.791590451631492,59.93118551090882
NOR,"Losgata 2, 6002 Ålesund, Norway",6.1594932648164615,62.473822511953216
NOR,"Løshalla 15, 7712 Steinkjer, Norway",11.489321948722619,63.99851903039894
NOR,"Loshavnveien 45, 4550 Farsund, Norway",6.769386356123448,58.07738492175815
NOR,"Lossiusvegen 5B, 7045 Trondheim, Norway",10.444954666516253,63.436936085781525
NOR,"Løteigane 13, 6879 Solvorn, Norway",7.237643053400177,61.30141696487618
NOR,"Lotterudveien 25, 1912 Enebakk, Norway",11.153500578903362,59.76447402488648
NOR,"Lotterudveien 9A, 1912 Enebakk, Norway",11.147470553939911,59.76544133842245
NOR,"Louises vei 92, 4633 Kristiansand s, Norway",8.02849858441786,58.17689206831943
NOR,"Løvåsbakken 20, 5145 Fyllingsdalen, Norway",5.2866767185212495,60.35631828026675
NOR,"Løvåsveien 80, 5145 Fyllingsdalen, Norway",5.280454831794117,60.35694424079588
NOR,"Løvenbergvegen 2, 2054 Mogreina, Norway",11.166974236800797,60.2294362151201
NOR,"Løveskogen 53, 3280 Tjodalyng, Norway",10.13933714951358,59.05737264969264
NOR,"Lovisenberggata 15K, 0456 Oslo, Norway",10.748774516744902,59.93340834972142
NOR,"Lovisenberggata 7A, 0456 Oslo, Norway",10.744160530503905,59.9321761261356
NOR,"Løvsangerveien 15B, 4626 Kristiansand s, Norway",7.953623797722912,58.13442373095751
NOR,"Løvsangerveien 28, 1448 Drøbak, Norway",10.65678086628057,59.667052212016216
NOR,"Løvsetdalen 16, 1188 Oslo, Norway",10.832088706471069,59.87345620052585
NOR,"Løvsetvegen 242, 7224 Melhus, Norway",10.321871028431644,63.29025185820191
NOR,"Løvstadvegen 10, 2312 Ottestad, Norway",11.11125838528912,60.78710367939766
NOR,"Løvstien 3, 2006 Løvenstad, Norway",11.026640809619153,59.935951628692436
NOR,"Løvstien 5, 2006 Løvenstad, Norway",11.026413995319245,59.93546111971861
NOR,"Ludeflaten 36, 4707 Vennesla, Norway",7.976237250480921,58.28312221368921
NOR,"Luenbakken 10, 1538 Moss, Norway",10.693358066814653,59.466989636173
NOR,"Luksefjellvegen 252, 3721 Skien, Norway",9.588810899103436,59.241580729950954
NOR,"Luleåvegen 13, 9011 Tromsø, Norway",18.952881935496293,69.66369072891013
NOR,"Lundaåkeren 15, 5743 Flåm, Norway",7.111150411475052,60.852689682903076
NOR,"Lundadalsvegen 25, 7232 Lundamo, Norway",10.288051138766122,63.15123338399047
NOR,"Lundavegen 159, 5690 Lundegrend, Norway",5.64349576162337,60.05948642271548
NOR,"Lundborgveien 9, 1890 Rakkestad, Norway",11.350188893894739,59.41968594650723
NOR,"Lundebuen 4, 1676 Kråkerøy, Norway",10.931836204105906,59.16005854921417
NOR,"Lundemobakken 28, 7072 Heimdal, Norway",10.364720407111918,63.35287117089743
NOR,"Lunden 22, 0598 Oslo, Norway",10.831890055365818,59.93865692985182
NOR,"Lunden 51, 0598 Oslo, Norway",10.829348159408823,59.9375820764981
NOR,"Lundenesveien 31, 9420 Lundenes, Norway",16.56864119533853,68.87610787007776
NOR,"Lunderåsveien 15, 2016 Frogner, Norway",11.149899880937255,60.010102596138665
NOR,"Lundevegen 3, 9151 Storslett, Norway",21.03438065435475,69.76886697568412
NOR,"Lundevegen 63, 3800 Bø i Telemark, Norway",9.058353690923354,59.40806339001659
NOR,"Lundeveien 12, 8300 Svolvær, Norway",14.541010621255737,68.23625806636934
NOR,"Lundvegen 39, 7089 Heimdal, Norway",10.327062611620448,63.35413289878244
NOR,"Lupinveien 39, 7896 Brekkvasselv, Norway",13.005364403596786,64.8445057751818
NOR,"Lurudveien 4, 2020 Skedsmokorset, Norway",11.047254759374653,60.012179170740865
NOR,"Lusetjernveien 2, 1253 Oslo, Norway",10.785820265666501,59.83316238030474
NOR,"Lusetjernveien 40, 1253 Oslo, Norway",10.783612807646222,59.832590566870095
NOR,"Lustravegen 3300B, 6872 Luster, Norway",7.458954717712004,61.44393982898629
NOR,"Lutelvvegen 1, 7055 Ranheim, Norway",10.531077799634573,63.429001650507104
NOR,"Luvegen 5, 7340 Oppdal, Norway",9.691496086163198,62.59759103534631
NOR,"Lykkjeeidet 1132, 6640 Kvanne, Norway",8.597445408160553,62.90195453581492
NOR,"Lykkjvegen 23, 7234 Ler, Norway",10.316448691448414,63.19655722621667
NOR,"Lykkmarka 63, 7081 Sjetnemarka, Norway",10.397080336882311,63.36811416473617
NOR,"Lyngbakkvegen 122, 3735 Skien, Norway",9.614624813950911,59.16617696134662
NOR,"Lyngbøveien 83, 5164 Laksevåg, Norway",5.271212693895791,60.38017217087568
NOR,"Lyngby Allé 17, 1890 Rakkestad, Norway",11.341379262200263,59.42969938713577
NOR,"Lyngenfjordveien 411, 9060 Lyngseidet, Norway",20.216543609377254,69.524935739825
NOR,"Lynghaugvegen 8, 4280 Skudeneshavn, Norway",5.263763780362808,59.15297165007934
NOR,"Lyngholen 2, 4324 Sandnes, Norway",5.747936622122268,58.81981086396604
NOR,"Lyngholen 3, 4324 Sandnes, Norway",5.746707583659656,58.820518673779674
NOR,"Lyngstadvegen 202, 6493 Lyngstad, Norway",7.356252934483933,62.95991606682534
NOR,"Lyngvegen 12, 4365 Nærbø, Norway",5.636028240265347,58.66668543716273
NOR,"Lyngvegen 4, 3930 Porsgrunn, Norway",9.671810599822464,59.108641650112645
NOR,"Lyngvegen 9, 2827 Hunndalen, Norway",10.62906601961194,60.79369520805483
NOR,"Lyngveien 18, 8146 Reipå, Norway",13.626997859043541,66.9114186414105
NOR,"Lyngveien 24, 9845 Tana, Norway",28.16616010301101,70.19971033567549
NOR,"Lyngveien 34, 3300 Hokksund, Norway",9.9250221112394,59.76626045991026
NOR,"Lyngveien 4, 8209 Fauske, Norway",15.426419049234312,67.26788015443267
NOR,"Lysåsvegen 2, 2052 Jessheim, Norway",11.223764564480518,60.13772344223116
NOR,"Lysåsveien 23, 1747 Skjeberg, Norway",11.14306435507865,59.16496485432842
NOR,"Lyshaugveien 34, 9310 Sørreisa, Norway",18.05125159120712,69.12741513882179
NOR,"Lysnesveien 28, 9372 Gibostad, Norway",18.063949252508564,69.35437649924046
NOR,"M. Frederiksens alle 2, 8445 Melbu, Norway",14.80151665154915,68.50326799252224
NOR,"Madlamarkveien 135, 4041 Hafrsfjord, Norway",5.68135363314363,58.94259820177342
NOR,"Madlamarkveien 4, 4041 Hafrsfjord, Norway",5.684540516549987,58.95236697464827
NOR,"Madserud allé 49, 0274 Oslo, Norway",10.698098033060376,59.9254755070086
NOR,"Madshaven 3, 4824 Bjorbekk, Norway",8.696312638323889,58.43395133429857
NOR,"Mæbøveien 8, 4625 Flekkerøy, Norway",8.001006444916584,58.07432447936122
NOR,"Mælomsvegen 15, 2324 Vang på Hedmarken, Norway",11.201456296817156,60.847376394480165
NOR,"Mælumslykkja 22, 2372 Brøttum, Norway",10.5448528707702,61.032465119395624
NOR,"Mælumsvegen 7, 2372 Brøttum, Norway",10.554148820486915,61.02931432008245
NOR,"Magna Ottersens vei 7, 3070 Sande i Vestfold, Norway",10.212178737955242,59.58796753063237
NOR,"Magne Skredes veg 2, 2414 Elverum, Norway",11.585239084244364,60.872466029074246
NOR,"Magnefaret 13B, 0678 Oslo, Norway",10.804920611346574,59.9012072989257
NOR,"Magnhild Meltveit Kleppas veg 8, 5547 Utsira, Norway",4.887280960049139,59.30595651236641
NOR,"Magnus den Godes gate 24, 7030 Trondheim, Norway",10.392133756723325,63.41768243509236
NOR,"Magnus Karlsons gate 13, 4021 Stavanger, Norway",5.70607773294023,58.94997850942889
NOR,"Magnus Lagabøtes plass 5, 5010 Bergen, Norway",5.315118276195193,60.38944980613397
NOR,"Magnus Sørlis vei 2, 1920 Sørumsand, Norway",11.234484180451602,59.980740789315064
NOR,"Maihaugvegen 1, 2609 Lillehammer, Norway",10.47774626430018,61.11194785736126
NOR,"Mailandveien 7, 1473 Lørenskog, Norway",10.956387567062762,59.92879976539106
NOR,"Major Forbus gate 25, 1776 Halden, Norway",11.381677021915863,59.12658617325434
NOR,"Måkeveien 3, 4580 Lyngdal, Norway",7.061054039309283,58.14101773227611
NOR,"Makkhamn 43, 5384 Torangsvåg, Norway",5.1698210859530604,60.10079093282147
NOR,"Mallinggata 1, 3044 Drammen, Norway",10.205890969469152,59.73674597672036
NOR,"Malmsveien 13, 8920 Sømna, Norway",12.20828841077551,65.33102500500672
NOR,"Malmtunet 15, 7509 Stjørdal, Norway",10.969571364563677,63.48135288035559
NOR,"Malmtunet 23, 7509 Stjørdal, Norway",10.968383984159857,63.48073178133029
NOR,"Malmveien 120, 8516 Narvik, Norway",17.405415055065134,68.43614587953135
NOR,"Malthaugsvingen 11, 4046 Hafrsfjord, Norway",5.6243516624087135,58.96019299000511
NOR,"Måltrostveien 108, 0786 Oslo, Norway",10.64751936618589,59.96735874561935
NOR,"Måltrostveien 6, 0786 Oslo, Norway",10.659812265382982,59.957406241426895
NOR,"Månesvegen 1560, 7970 Kolvereid, Norway",11.493097409369938,64.93247627976001
NOR,"Manglebergveien 9, 0678 Oslo, Norway",10.809165374752666,59.9004539334683
NOR,"Mannhellervegen 845, 6854 Kaupanger, Norway",7.212127199029595,61.198577592707494
NOR,"Mannsverk 8, 5094 Bergen, Norway",5.366203377659531,60.35364520752506
NOR,"Måøyveien 74, 7284 Mausund, Norway",8.654962865940746,63.86471531533854
NOR,"Maråkvegen 54, 6216 Geiranger, Norway",7.204770151155429,62.09912939560559
NOR,"Marcus Pedersens vei 23, 9406 Harstad, Norway",16.526324989519225,68.78918619304392
NOR,"Maren F. Sverdrups veg 183, 7990 Naustbukta, Norway",11.730452036359566,64.98975275782391
NOR,"Maren Stagrims vei 2A, 1930 Aurskog, Norway",11.485867766424008,59.92236146234086
NOR,"Margarethas vei 13, 1473 Lørenskog, Norway",10.945930961028637,59.92796078320964
NOR,"Margit Haslunds veg 34, 2614 Lillehammer, Norway",10.484076277578282,61.10644601802642
NOR,"Margit Moes vei 2, 7900 Rørvik, Norway",11.241255836208012,64.87470032408586
NOR,"Maribakkane 6, 3728 Skien, Norway",9.587783026317027,59.19202163777874
NOR,"Mariboes gate 20, 0182 Oslo, Norway",10.753036043957366,59.91818840611643
NOR,"Maridalsveien 140, 0461 Oslo, Norway",10.755621609629884,59.93631720539943
NOR,"Maridalsveien 145, 0461 Oslo, Norway",10.7560798482765,59.93685896971115
NOR,"Maridalsveien 227E, 0467 Oslo, Norway",10.764191183617442,59.94534598195244
NOR,"Maridalsveien 254, 0872 Oslo, Norway",10.759986904803668,59.946075752352414
NOR,"Maridalsveien 292, 0872 Oslo, Norway",10.760379596967425,59.95280658824035
NOR,"Marie Hamsuns vei 36, 8294 Hamarøy, Norway",15.62110794504224,68.08022659182558
NOR,"Marielund 39, 9006 Tromsø, Norway",18.91527920910869,69.63095386495394
NOR,"Marikollen 7, 5136 Mjølkeråen, Norway",5.265196247615478,60.486615593771745
NOR,"Maristien 11, 3933 Porsgrunn, Norway",9.64221192041515,59.133511301657876
NOR,"Markaplassen 13, 7054 Ranheim, Norway",10.538263856683983,63.41399699608516
NOR,"Markaplassen 192, 7054 Ranheim, Norway",10.531029436053245,63.414685066516824
NOR,"Markaplassen 3, 7054 Ranheim, Norway",10.536568197671585,63.413377908716626
NOR,"Markastien 11, 6013 Ålesund, Norway",6.453278216744451,62.436574465798486
NOR,"Markatun 1, 2760 Brandbu, Norway",10.502894153121332,60.41144953594144
NOR,"Markavegen 10, 7715 Steinkjer, Norway",11.481073569264765,64.03373656050942
NOR,"Markblomstveien 9, 4823 Nedenes, Norway",8.688985094748887,58.4000985456631
NOR,"Markusmoveien 26, 8646 Korgen, Norway",13.810839314856963,66.07839480325504
NOR,"Markvegen 18, 4355 Kvernaland, Norway",5.735096217009755,58.772840354951484
NOR,"Markveien 34, 3060 Svelvik, Norway",10.396638359127877,59.62814429757566
NOR,"Markveien 7, 4876 Grimstad, Norway",8.586315665667087,58.34182457921179
NOR,"Marnarveien 4380, 4536 Bjelland, Norway",7.525185247662108,58.38323654531652
NOR,"Mårskrenten 87, 6425 Molde, Norway",7.219543590778272,62.75244355329892
NOR,"Mårstien 1, 4844 Arendal, Norway",8.772547053532918,58.48043548338134
NOR,"Marsvegen 9, 9024 Tomasjord, Norway",19.015203816357626,69.65389815143024
NOR,"Marta Steinsviks vei 18, 1283 Oslo, Norway",10.823462806094199,59.85393294592106
NOR,"Martensvegen 11, 7715 Steinkjer, Norway",11.497964026172639,64.02038230282272
NOR,"Martin Kregnes Veg 117, 7091 Tiller, Norway",10.397462467848072,63.35416198398647
NOR,"Martin Linges vei 2, 1364 Fornebu, Norway",10.629282021256756,59.893682738716564
NOR,"Martin Stokkens veg 8, 7027 Trondheim, Norway",10.373262907552203,63.39241082938034
NOR,"Martin Tranmæls veg 56, 7224 Melhus, Norway",10.265840101179606,63.285491607750515
NOR,"Mårvegen 30, 2406 Elverum, Norway",11.530495868777166,60.89011647314305
NOR,"Mårvegen 32, 7082 Kattem, Norway",10.330574151567355,63.34685298159624
NOR,"Marviksveien 5, 4631 Kristiansand s, Norway",8.01147175394533,58.1526345471631
NOR,"MÅSAV 1, 1406 Ski, Norway",10.818907347627837,59.721870347047414
NOR,"Måseveien 6, 8516 Narvik, Norway",17.410840828628665,68.44358867427502
NOR,"Maskevarreveien 17, 9845 Tana, Norway",28.173848990431907,70.19743385268256
NOR,"Maskevarreveien 31, 9845 Tana, Norway",28.175417983211645,70.19674030597437
NOR,"Maskinistvegen 20, 9014 Tromsø, Norway",18.942134323968617,69.6857809413624
NOR,"Maskinsvingen 9, 9511 Alta, Norway",23.267040626735906,69.96845241168907
NOR,"Mathias Topps veg 19, 2821 Gjøvik, Norway",10.66877369334398,60.79477907195445
NOR,"Matrandvegen 52, 2230 Skotterud, Norway",12.12480088329167,59.986684815951946
NOR,"Matrandvegen 559, 2235 Matrand, Norway",12.122871201542608,60.031361072338825
NOR,"Matre 9, 5984 Matredal, Norway",5.5834048919302575,60.87452495977027
NOR,"Maudlandsveien 61, 4311 Hommersåk, Norway",5.861945173638844,58.920160224158394
NOR,"Mausetvegen 10, 2382 Brumunddal, Norway",10.948925077097885,60.88761626623467
NOR,"Mebondvegen 60, 7580 Selbu, Norway",11.030619196142368,63.22080418617503
NOR,"Medåsveien 3, 8218 Fauske, Norway",15.431173097077362,67.29540674355599
NOR,"Medbyveien 105, 9395 Kaldfarnes, Norway",17.05062761765467,69.28137175705348
NOR,"Mehaugen 24, 5392 Storebø, Norway",5.2193134581760035,60.09793354202898
NOR,"Meheiavegen 70, 3679 Notodden, Norway",9.282914432363071,59.56917677054608
NOR,"Meistrekleiv 6, 6856 Sogndal, Norway",7.12700830173074,61.210613879938904
NOR,"Mekketvegen 4, 2820 Nordre Toten, Norway",10.749353287159153,60.74702837539232
NOR,"Mekvegen 11, 6411 Molde, Norway",7.096750134181576,62.73649530612701
NOR,"Melandsvegen 38, 5919 Frekhaug, Norway",5.15633301118217,60.5336511044454
NOR,"Melbyvegen 8, 7357 Skaun, Norway",10.051296572224828,63.25039636960736
NOR,"Melbyvegen 845, 7357 Skaun, Norway",9.972608103404099,63.25317903573307
NOR,"Melevegen 123, 4137 Årdal i Ryfylke, Norway",6.191869539298068,59.154834192783966
NOR,"Melkevegen 23, 2165 Hvam, Norway",11.338464371551964,60.12464260222606
NOR,"Melkøyveien 1, 9601 Hammerfest, Norway",23.680185137167655,70.67674175401999
NOR,"Mellombølgen 133, 1157 Oslo, Norway",10.817478797779188,59.86559845966548
NOR,"Mellombygdveien 1842, 9336 Rundhaug, Norway",18.853307021247844,69.0225010360696
NOR,"Mellomfossvegen 63, 7081 Sjetnemarka, Norway",10.403502048181139,63.37553751346448
NOR,"Mellomgjerdet 7, 9540 Talvik, Norway",22.94536732274358,70.04199082965124
NOR,"Mellomila 1B, 7018 Trondheim, Norway",10.37314530945065,63.430570239867336
NOR,"Mellomila 51, 7018 Trondheim, Norway",10.365936705081708,63.431068585920656
NOR,"Mellomila 90A, 7018 Trondheim, Norway",10.355502409094726,63.4321298605912
NOR,"Mellomvegen 7C, 7604 Levanger, Norway",11.33218272185519,63.74725890986028
NOR,"Mellomveien 13, 8516 Narvik, Norway",17.404805858342343,68.43776107227325
NOR,"Mellomveien 2, 9610 Rypefjord, Norway",23.672288127090923,70.64703377459526
NOR,"Mellomveien 5, 7067 Trondheim, Norway",10.430218191086425,63.43783957112481
NOR,"Meløysundveien 673, 8157 Meløy, Norway",13.411259573610153,66.8230252698171
NOR,"Melsomvikveien 583, 3173 Vear, Norway",10.360673288982667,59.26052479504631
NOR,"Melumveien 2, 3340 Åmot, Norway",9.937594882183532,59.89889242681622
NOR,"Melumveien 68D, 0760 Oslo, Norway",10.637700301891982,59.94772241914072
NOR,"Mercurs vei 4, 9602 Hammerfest, Norway",23.691837575143126,70.68969049523105
NOR,"Merengata 3, 3405 Lier, Norway",10.223139920375843,59.84315884757933
NOR,"Merkurvegen 30, 5099 Bergen, Norway",5.373107551305139,60.33669377227159
NOR,"Mestermannsveien 12, 9055 Meistervik, Norway",18.91544114747805,69.33089799216523
NOR,"Meyerbakken 23, 8300 Svolvær, Norway",14.556405830456129,68.23911172721495
NOR,"Micael Smiths Veg 18a, 7080 Heimdal, Norway",10.346110738043734,63.34813786826476
NOR,"Michelets vei 85, 1368 Stabekk, Norway",10.600040713736862,59.902740859217914
NOR,"Micheletveien 38P, 1053 Oslo, Norway",10.884434613811067,59.939120197640335
NOR,"Middelthuns gate 21A, 0368 Oslo, Norway",10.710728052403198,59.92822217286016
NOR,"Midnattsolvegen 11, 9024 Tomasjord, Norway",19.02563274792658,69.66307822133558
NOR,"Midnattsolveien 4387, 8317 Strønstad, Norway",14.75500295625767,68.4335354615159
NOR,"Midnattssolveien 1451, 8016 Bodø, Norway",14.636358206456691,67.38728216727603
NOR,"Midtåsveien 2, 3175 Ramnes, Norway",10.12289504060658,59.42549762289295
NOR,"Midtbergmyrå 6, 4313 Sandnes, Norway",5.7253204871552725,58.88793147117269
NOR,"Midtbygda 100B, 7629 Ytterøy, Norway",11.049176478315701,63.77016463958199
NOR,"Midtkleiva 56, 5119 Ulset, Norway",5.310622642427035,60.46326243805851
NOR,"Midtkleiva 80, 5119 Ulset, Norway",5.315221625061355,60.463317884348015
NOR,"Midtre Flatåsveg 18, 7099 Flatåsen, Norway",10.347319240843547,63.374813023663506
NOR,"Midtsandvegen 20, 7563 Malvik, Norway",10.731969555249435,63.432625985440154
NOR,"Midtstugrenda 60, 0787 Oslo, Norway",10.678922753165892,59.96168201787475
NOR,"Midtunhaugen 12, 5224 Nesttun, Norway",5.3623420025046755,60.318315401821536
NOR,"Midtunhaugen 179, 5224 Nesttun, Norway",5.3600513121858455,60.3211467668047
NOR,"Midtunheia 18, 5224 Nesttun, Norway",5.363000736275211,60.32164372984397
NOR,"Midtvegen 11, 6652 Surnadal, Norway",8.698547672805631,62.96493644964181
NOR,"Midtveien 10, 1526 Moss, Norway",10.673906603210554,59.414830980549965
NOR,"Midtveien 21, 1458 Fjellstrand, Norway",10.637284643313507,59.79288171967161
NOR,"Mikkel Blikks gate 9, 3714 Skien, Norway",9.621947998936264,59.20152583587986
NOR,"Mikrobølgen 25, 1150 Oslo, Norway",10.813072431279835,59.867529189152435
NOR,"Mildevegen 146, 5259 Hjellestad, Norway",5.263866793952815,60.25430561520827
NOR,"Mildred Didriksens vei 1, 6511 Kristiansund n, Norway",7.7379849216611944,63.124195082636646
NOR,"Mimes veg 5, 2817 Gjøvik, Norway",10.69086277423932,60.77251908405336
NOR,"Minkveien 1, 8515 Narvik, Norway",17.45607678660008,68.44190789314075
NOR,"Minnelundvegen 11, 9019 Tromsø, Norway",18.966319718848126,69.6805825269225
NOR,"Mjørudgata 9, 1890 Rakkestad, Norway",11.335466751519334,59.42834097399765
NOR,"Mjøsvegen 2A, 2390 Moelv, Norway",10.695017683643385,60.927378265618984
NOR,"Mo terrasse 14, 3215 Sandefjord, Norway",10.207213047057024,59.14149129257606
NOR,"Moanveien 2, 9050 Storsteinnes, Norway",19.211714099725583,69.23514245973675
NOR,"Moanveien 20, 9050 Storsteinnes, Norway",19.216786659889294,69.23858327289977
NOR,"Moåsen 8, 3650 Tinn Austbygd, Norway",8.819743706295156,59.994299146344105
NOR,"Mo-Byrtevegen 1644, 3880 Dalen, Norway",7.811278127045966,59.556615021804646
NOR,"Mogensvegen 41, 6010 Ålesund, Norway",6.365606694652513,62.458331120413874
NOR,"Møglestumoen 4, 4790 Lillesand, Norway",8.362230261956455,58.25789373286901
NOR,"MØGSTERVEIEN 1 A, 9593 Breivikbotn, Norway",22.283020868097907,70.5877621521185
NOR,"Moholt alle 9B, 7050 Trondheim, Norway",10.431037773578907,63.41034826981385
NOR,"Mokollveien 30, 3226 Sandefjord, Norway",10.212270603614058,59.14339612198219
NOR,"Moldengutua 4, 2750 Gran, Norway",10.596461757363954,60.3406808759741
NOR,"Moldmyro 7, 5212 Søfteland, Norway",5.450996051286808,60.23798303224052
NOR,"Møllefaret 36, 0750 Oslo, Norway",10.636015036439517,59.93931901638365
NOR,"Møllegata 66, 4008 Stavanger, Norway",5.724040570540382,58.96872463588079
NOR,"Møllenbakkveien 1, 8403 Sortland, Norway",15.387000132066674,68.68204686263672
NOR,"Møllevannsveien 40, 4616 Kristiansand s, Norway",7.971690235646292,58.14749648242608
NOR,"Mølleveien 4, 1613 Fredrikstad, Norway",10.921704662461622,59.22700476796692
NOR,"Mølnelva 10, 9392 Stonglandseidet, Norway",17.16301946768678,69.0852291039588
NOR,"Mølnholtet 13, 9414 Harstad, Norway",16.557469962424364,68.76164950372728
NOR,"Mølnholtet 29, 9414 Harstad, Norway",16.551221169788022,68.76038806920889
NOR,"Mølnvollen 4, 9442 Ramsund, Norway",16.52069059038567,68.4922175428328
NOR,"Moloveien 39, 9550 Øksfjord, Norway",22.348087822249198,70.24704696622075
NOR,"Moltebærveien 4, 8480 Andenes, Norway",16.07881408933494,69.30296995178935
NOR,"Moltke Moes vei 18-24, 0851 Oslo, Norway",10.726387878286829,59.94067286138454
NOR,"Moltmyra 164, 7091 Tiller, Norway",10.395922796053782,63.36329888709042
NOR,"Molværsvegen 62, 6030 Langevåg, Norway",6.185350011189172,62.43818085754205
NOR,"Molværsvegen 74, 6030 Langevåg, Norway",6.183684610847223,62.437890215049435
NOR,"Momyrvegen 51, 2334 Romedal, Norway",11.294787363752164,60.73465438128201
NOR,"Moneveien 102 - 106, 4640 Søgne, Norway",7.801266278979028,58.08800714001433
NOR,"Monsplassen 1, 6076 Moltustranda, Norway",5.626995063213172,62.29188198796095
NOR,"Monssvevegen 8, 2825 Gjøvik, Norway",10.664571426186967,60.822849311317725
NOR,"Monumentveien 10, 9901 Kirkenes, Norway",30.04399885891192,69.70728567787785
NOR,"Mor Kristins vei 2, 3174 Revetal, Norway",10.28885638820421,59.359266170933495
NOR,"Morellveien 52, 1387 Asker, Norway",10.451483163261543,59.82756557400691
NOR,"Morenevegen 10, 9027 Ramfjordbotn, Norway",19.183550653598985,69.56442137694191
NOR,"Moreneveien 19, 9603 Hammerfest, Norway",23.696626240246303,70.66605533038549
NOR,"Morkavegen 54, 6105 Volda, Norway",6.027375695308393,62.16854752142379
NOR,"Mørkvedbukta 33, 8020 Bodø, Norway",14.56414827823832,67.27996338032185
NOR,"Mørkvedtråkket 7, 8026 Bodø, Norway",14.556343972010694,67.2870725334096
NOR,"Morkvegen 27, 2080 Eidsvoll, Norway",11.224914813053289,60.32543406836942
NOR,"Mørtelverksbakken 29, 0580 Oslo, Norway",10.806042109991438,59.93660097473142
NOR,"Mortensarmen 1, 4052 Røyneberg, Norway",5.677132087609323,58.91240574834515
NOR,"Mortensarmen 3, 4052 Røyneberg, Norway",5.677410534432823,58.91276344606317
NOR,"Mortensnesvegen 6, 9014 Tromsø, Norway",18.940808725981412,69.68240588422978
NOR,"Mortensrudveien 200, 1283 Oslo, Norway",10.814245562448292,59.848931715753366
NOR,"Morteveien 30, 1481 Hagan, Norway",10.937213781726172,59.97976195066224
NOR,"Morvikbotn 172, 5122 Morvik, Norway",5.280527335256579,60.46887898373831
NOR,"Morvikbotn 174, 5122 Morvik, Norway",5.279399801641432,60.46950364507245
NOR,"Mosebakken 2A, 8250 Rognan, Norway",15.362357923464089,67.08566763768238
NOR,"Mosebyveien 4, 1954 Setskog, Norway",11.720724167172193,59.830923448238025
NOR,"Moseidvegen 1, 4706 Vennesla, Norway",7.958355156412737,58.265821676266924
NOR,"Mosjøvegen 52, 2340 Løten, Norway",11.393738245309208,60.83068739661513
NOR,"Moskenesveien 931, 8392 Sørvågen, Norway",13.015403576668064,67.89011786127935
NOR,"Mosletta 60, 7580 Selbu, Norway",11.13689058047575,63.19137792251604
NOR,"Mosserudveien 8 a, 1960 Løken, Norway",11.388884882308178,59.810590896782266
NOR,"Mosses Vei 12, 1459 Nesodden, Norway",10.678938175867756,59.84263451762621
NOR,"Mossingvegen 311, 7630 Åsen, Norway",11.108182310642746,63.60735488757834
NOR,"Mosvingen 5, 2072 Dal, Norway",11.19317558599943,60.25342460885952
NOR,"Motlandshagen 5, 4365 Nærbø, Norway",5.644227837046714,58.657265644826595
NOR,"Motorsportvegen 7, 5437 Finnås, Norway",5.2298703814064424,59.72193993149415
NOR,"Movegen 31, 2770 Jaren, Norway",10.564863826411255,60.39666352346384
NOR,"Møysalveien 2876, 8413 Kvitnes, Norway",15.21744110398808,68.55729945868129
NOR,"Mulesvingen 2, 5034 Bergen, Norway",5.330866195881214,60.405389839040765
NOR,"Munkebekken 292, 1061 Oslo, Norway",10.914349626244217,59.93116975293083
NOR,"Munkebyvegen 249, 7608 Levanger, Norway",11.383762774702063,63.723769967315604
NOR,"Munkedamsveien 35, 0250 Oslo, Norway",10.725924778136402,59.91178580555683
NOR,"Munkedamsveien 62A, 0270 Oslo, Norway",10.718535711392065,59.91069678678676
NOR,"Munkefaret 12, 1456 Nesoddtangen, Norway",10.671070670090188,59.85159921452944
NOR,"Munkegata 4, 7013 Trondheim, Norway",10.395969902349634,63.428042341688666
NOR,"Munkvollstien 2, 7022 Trondheim, Norway",10.360969002526701,63.40033784667045
NOR,"Museumsveien 27, 1807 Askim, Norway",11.176756588358785,59.590624216753355
NOR,"Musmyrveien 165, 3520 Jevnaker, Norway",10.352504705243035,60.23851842630586
NOR,"Musserongveien 12, 4824 Bjorbekk, Norway",8.71609392981793,58.44230452945564
NOR,"Mygglivegen 13, 2216 Roverud, Norway",12.056443948324983,60.25072675209992
NOR,"Mykingvegen 642, 5913 Eikangervåg, Norway",5.344956594214295,60.658070398801044
NOR,"Myklandvegen 60, 5545 Vormedal, Norway",5.328864848860007,59.35312072716334
NOR,"Mylingen 3, 9601 Hammerfest, Norway",23.654988968584206,70.67392857776673
NOR,"Myllarsbakken 1, 4372 Egersund, Norway",6.005661536942085,58.430254537812544
NOR,"Myntgata 15, 3616 Kongsberg, Norway",9.648238592617332,59.663883978344444
NOR,"Myra 1, 6390 Vestnes, Norway",7.0865207757272515,62.61841348494329
NOR,"Myra 5, 0473 Oslo, Norway",10.760105508733602,59.93669573214683
NOR,"Myragårdsveien 21, 7120 Leksvik, Norway",10.599305318016235,63.68635080460754
NOR,"Myrane 17, 6170 Vartdal, Norway",6.087246456224108,62.299190965620426
NOR,"Myrane 21, 6783 Stryn, Norway",6.721472296268445,61.90627412493632
NOR,"Myråsen 9, 4886 Grimstad, Norway",8.532522622743869,58.33708872009865
NOR,"Myrateigen 2, 5412 Stord, Norway",5.4504912092585585,59.75794406130814
NOR,"Myravegen 15, 2270 Flisa, Norway",12.008146416399683,60.61663182015374
NOR,"Myravegen 2, 6360 Åfarnes, Norway",7.5055838190251265,62.65899231129197
NOR,"Myraveien 13, 1870 Ørje, Norway",11.656419798571818,59.47916678128726
NOR,"Myrbekkane 15, 6036 Mauseidvåg, Norway",6.270722963973299,62.42338269130485
NOR,"Myrbekken 2, 4460 Moi, Norway",6.548526224935671,58.45432539398519
NOR,"Myrdalen 43, 6087 Kvamsøy, Norway",5.413546546089265,62.20101792467804
NOR,"Myrdalskogen 55, 5118 Ulset, Norway",5.314137006790446,60.46726064778272
NOR,"Myrdalsvegen 159, 5130 Nyborg, Norway",5.312407820165333,60.47110467239801
NOR,"Myrerskogveien 38, 0495 Oslo, Norway",10.793739990700857,59.96406013144369
NOR,"Myrerveien 14, 0494 Oslo, Norway",10.787463370145986,59.961935863812414
NOR,"Myrerveien 40, 0494 Oslo, Norway",10.78874781298859,59.965825402161954
NOR,"Myreskauen 20, 3218 Sandefjord, Norway",10.274266512260908,59.13214760792076
NOR,"Myrheimvegen 6, 2838 Snertingdal, Norway",10.402877596394575,60.87690617464338
NOR,"Myrholtet 133, 5142 Fyllingsdalen, Norway",5.271973267789917,60.34527319499537
NOR,"Myrlia 2, 1453 Bjørnemyr, Norway",10.632988582659976,59.82347164294845
NOR,"Myroldrinden 2, 6777 Stårheim, Norway",5.78603974812944,61.920808093585464
NOR,"Myrsetveien 160, 6531 Averøy, Norway",7.587345190154082,62.99890314834141
NOR,"Myrsnipeveien 5, 1555 Son, Norway",10.691942698644453,59.50468691042843
NOR,"Myrstien 4, 8370 Leknes, Norway",13.623179231594861,68.15158043436313
NOR,"Myrtunet 4, 7320 Fannrem, Norway",9.81348404186474,63.25945972151098
NOR,"Myrullvegen 1, 2022 Gjerdrum, Norway",10.996537623459716,60.087424772832264
NOR,"Myrullveien 2, 9516 Alta, Norway",23.373211009136043,69.95611890217108
NOR,"Myrvegen 18, 9020 Tromsdalen, Norway",19.000430292915752,69.64434785286167
NOR,"Myrvegen 26, 3728 Skien, Norway",9.584413417421473,59.18945040516064
NOR,"Myrvegen 44, 9020 Tromsdalen, Norway",18.990212920582962,69.64229881281139
NOR,"Myrvegen 8, 4715 Øvrebø, Norway",7.855573719300139,58.292833193341664
NOR,"Myrveien 12, 4025 Stavanger, Norway",5.693197681425687,58.97802389644926
NOR,"Myrveien 9, 1470 Lørenskog, Norway",10.960849491395464,59.937566067063045
NOR,"Myrvoldheimen 55, 2266 Arneberg, Norway",12.071309002149519,60.57506784823494
NOR,"N.Jul Andersens vei 6B, 1621 Gressvik, Norway",10.907337996599892,59.217667621196085
NOR,"Nadderudveien 104, 1362 Hosle, Norway",10.599755007121587,59.93497237094445
NOR,"Næskilds gate 2A, 3080 Holmestrand, Norway",10.322897979208676,59.48488105995807
NOR,"Nåkkves vei 7, 0670 Oslo, Norway",10.840698345955786,59.915110110265715
NOR,"Nannasvei 35, 1654 Sellebakk, Norway",11.01510379045041,59.2276392361278
NOR,"Narverødveien 47B, 3113 Tønsberg, Norway",10.453636055092147,59.26042693632675
NOR,"Nattlandsrinden 71, 5098 Bergen, Norway",5.3777693143942145,60.34750764274389
NOR,"Natveitåsen 70, 4760 Birkeland, Norway",8.245534639919896,58.31722201701123
NOR,"Naustveien 1, 8340 Stamsund, Norway",13.838669161237164,68.13744012179666
NOR,"Naustvikvegen 32, 5363 Ågotnes, Norway",5.018419774723441,60.40541951097799
NOR,"Naustvollhøgda 41, 6530 Averøy, Norway",7.630994202397289,63.05991745230739
NOR,"Nautåsvegen 15, 2008 Fjerdingby, Norway",11.084250300696226,59.902493627696515
NOR,"Navneberget 19, 2335 Stange, Norway",11.207778263468185,60.71367359753404
NOR,"Nebbeliveien 2, 4815 Saltrød, Norway",8.845214214569523,58.49756339960618
NOR,"Nebbestølen 85, 5144 Fyllingsdalen, Norway",5.293763533837051,60.350952311582375
NOR,"Nebbeveien 1, 5144 Fyllingsdalen, Norway",5.291727150460588,60.35354709734841
NOR,"Nebbeveien 20, 5144 Fyllingsdalen, Norway",5.296368796982051,60.3529305245508
NOR,"Nedalsveien 1, 3358 Nedre Eggedal, Norway",9.436267721204217,60.134587227429535
NOR,"Nedre allè 11, 7030 Trondheim, Norway",10.409423024584271,63.422461712463985
NOR,"Nedre Åsvei 39, 1341 Slependen, Norway",10.495025557696351,59.88762065297348
NOR,"Nedre Beiarveien 908, 8110 Moldjord, Norway",14.574164484894908,67.00700946944161
NOR,"Nedre Dalgate 68, 4013 Stavanger, Norway",5.745578206025812,58.96935822394181
NOR,"Nedre Fagerhei 19, 4823 Nedenes, Norway",8.723025009372748,58.42611438055806
NOR,"Nedre Flatåsveg 580, 7099 Flatåsen, Norway",10.34753323083163,63.37861153454455
NOR,"Nedre Frydendal 88, 1384 Asker, Norway",10.421173363188842,59.84174482051364
NOR,"Nedre gate 3, 0551 Oslo, Norway",10.754397432671112,59.92025668263446
NOR,"Nedre Grøthaugen 7, 6143 Fiskå, Norway",5.561183796059879,62.10213849884556
NOR,"Nedre Hillestveit 1, 5443 Bømlo, Norway",5.212162521300911,59.60507063642379
NOR,"Nedre Huldalsveg 5, 6090 Fosnavåg, Norway",5.629769137888104,62.33883942120656
NOR,"Nedre Kiøsterudsgate 11B, 3023 Drammen, Norway",10.167559771876569,59.750131918001046
NOR,"Nedre Kirkevei 7, 8430 Myre, Norway",15.0866003497907,68.92061636267258
NOR,"Nedre Lianvei 3, 3413 Lier, Norway",10.229356107408819,59.760368484892126
NOR,"Nedre Liedgardsveg 16, 6460 Eidsvåg i Romsdal, Norway",8.058774186325621,62.77604242450374
NOR,"Nedre Rælingsveg 430, 2008 Fjerdingby, Norway",11.091518919491904,59.90655436641842
NOR,"Nedre Silkestrå 20, 0375 Oslo, Norway",10.68375257341367,59.928236170638456
NOR,"Nedre Skistadvei 5, 3053 Steinberg, Norway",9.960584598575053,59.75847103156079
NOR,"Nedre Smebyveg 11, 2870 Dokka, Norway",10.076296939550105,60.840099603328895
NOR,"Nedre Solhellinga 2, 2067 Jessheim, Norway",11.126981578360756,60.15018112964472
NOR,"Nedre Solhellinga 22B, 2067 Jessheim, Norway",11.128321006488193,60.15117006849087
NOR,"Nedre Stokkavei 44, 4023 Stavanger, Norway",5.705576243673249,58.96908250123684
NOR,"Nedre Stølsvegen 34, 7340 Oppdal, Norway",9.738380680670218,62.61159061575847
NOR,"Nedre Tømte 27, 2312 Ottestad, Norway",11.096045733939889,60.7751265684027
NOR,"Nedre Toppenhaug 56, 1353 Bærums Verk, Norway",10.507677537625511,59.940569051513705
NOR,"Nedre Ullevål 8, 0850 Oslo, Norway",10.733382408848684,59.9392159608841
NOR,"Nedre Vik 6, 5610 Øystese, Norway",6.19749890928972,60.38492470997616
NOR,"Nedre Vikvegen 19, 6393 Tomrefjord, Norway",6.94235229256671,62.61336481320362
NOR,"Nedregata 72, 2640 Vinstra, Norway",9.742808672479725,61.59827807526955
NOR,"Nedreskodjevegen 12, 6260 Skodje, Norway",6.684267794100691,62.50340216444033
NOR,"Nedrevegen 6, 2822 Bybrua, Norway",10.595069942341695,60.80028376113637
NOR,"Nedstevegen 16, 6869 Hafslo, Norway",7.20017569474885,61.31461079293612
NOR,"Negardskleiva 41, 4865 Åmli, Norway",8.492479840522861,58.77028731106327
NOR,"Neptunveien 28, 0493 Oslo, Norway",10.7761022871249,59.96084085198157
NOR,"Nergårdveien 2, 9470 Gratangen, Norway",17.531880539623955,68.6927284666769
NOR,"Nerolsvegen 3, 3576 Hol, Norway",8.294821739334054,60.616416656699215
NOR,"Nersettunet 18, 2847 Kolbu, Norway",10.722634881140038,60.641928487756246
NOR,"Nesåsveien 20, 1475 Finstadjordet, Norway",10.9750369521673,59.9124651588092
NOR,"Nesbruveien 55A, 1396 Billingstad, Norway",10.48909435537135,59.87208613654229
NOR,"Nesbruveien 70, 1394 Nesbru, Norway",10.49214629013656,59.868681072196296
NOR,"Nesbukta 19, 1394 Nesbru, Norway",10.502450415167232,59.860887913899916
NOR,"Neset 25, 5647 Baldersheim, Norway",5.744231569461618,60.14497730887726
NOR,"Neset 57, 5267 Espeland, Norway",5.465064153757453,60.3734446458395
NOR,"Neseveien 8B, 4514 Mandal, Norway",7.445487849156137,58.02694782522832
NOR,"Nesjavegen 10, 5650 Tysse, Norway",5.76658442884991,60.39605068061317
NOR,"Nesmovegen 15, 7870 Grong, Norway",12.203517096211897,64.4722160438412
NOR,"Nesoddveien 207, 1455 Nordre Frogn, Norway",10.697665023942335,59.74490026931505
NOR,"Nesøyveien 180, 8198 Nordnesøy, Norway",12.645403655546431,66.59557671127635
NOR,"Nessaveien 18, 7270 Dyrvik, Norway",8.810557978605175,63.76727275725793
NOR,"Nesseveien 2, 9475 Borkenes, Norway",16.258455038191045,68.73687289130729
NOR,"Nesvangen 4, 1394 Nesbru, Norway",10.49528682161835,59.86201121465396
NOR,"Nidelvåsen 60, 4824 Bjorbekk, Norway",8.713655969460348,58.44235209675614
NOR,"Niels Carlsens gate 31, 1443 Drøbak, Norway",10.627752910660462,59.66707283149802
NOR,"Niels Leuchs vei 40, 1359 Eiksmarka, Norway",10.619250391898333,59.946727864419444
NOR,"Niels Leuchs vei 44, 1359 Eiksmarka, Norway",10.620501474766286,59.946684655708566
NOR,"Niels Leuchs vei 52, 1359 Eiksmarka, Norway",10.621341844378662,59.947431441372004
NOR,"NIF - Huset Bergersletta 125, 1459 Nesodden, Norway",10.676027476171043,59.835504451690014
NOR,"Niitonjárgeaidnu 1, 9730 Karasjok, Norway",25.523593238627154,69.47023112937273
NOR,"Niklamarka 2, 6050 Valderøya, Norway",6.119226434323565,62.52690032707849
NOR,"Nils Bays vei 50B, 0876 Oslo, Norway",10.738396379509197,59.95224755720807
NOR,"Nils Bays vei 90, 0855 Oslo, Norway",10.733178058049248,59.9507327796662
NOR,"Nils Lauritssøns vei 2A, 0854 Oslo, Norway",10.734893414534099,59.944153823863786
NOR,"Nils Slottos vei 5, 3440 Røyken, Norway",10.402786904202202,59.73764707322124
NOR,"Nils Stavnes veg 9, 7019 Trondheim, Norway",10.379086905335583,63.414921226638796
NOR,"Nils Uhlin Hansens veg 77, 7026 Trondheim, Norway",10.320651210062522,63.38603106950691
NOR,"Nilsesvoldveien 41, 4885 Grimstad, Norway",8.631810875903739,58.39027566760325
NOR,"Nisevegen 49, 9100 Kvaløysletta, Norway",18.8508365391059,69.6893161766647
NOR,"Nissedalsvegen 930, 3854 Nissedal, Norway",8.501456188271504,59.166284375435794
NOR,"Njårdsvei 17, 1654 Sellebakk, Norway",11.020802143505222,59.22797304542175
NOR,"Njárgga 31, 8270 Drag, Norway",16.083955381104715,68.04754408451149
NOR,"Njords veg 53, 7035 Trondheim, Norway",10.411739195888742,63.40234070243423
NOR,"Nobels gate 30, 0268 Oslo, Norway",10.701131695276644,59.92182590063746
NOR,"Nøisomhedvegen 30, 6419 Molde, Norway",7.223963703598798,62.745694067676396
NOR,"Nøkkeldalen 6, 3772 Kragerø, Norway",9.356441744303538,58.8910393551416
NOR,"Nøkkelstien 2, 9510 Alta, Norway",23.292337126700374,69.97182843274055
NOR,"Nøkkenveien 7, 1727 Sarpsborg, Norway",11.112692948017582,59.295054506182225
NOR,"Nonsfjellveien 55, 4371 Egersund, Norway",5.999632182530888,58.43755090070775
NOR,"Noras hage 17, 1550 Hølen, Norway",10.74241374188216,59.54213444587873
NOR,"Norbygata 1, 0187 Oslo, Norway",10.761987665091624,59.91495517078553
NOR,"Nordahl Griegs gate 6, 3679 Notodden, Norway",9.274006732401432,59.56678822150769
NOR,"Nordalveien 2, 3406 Tranby, Norway",10.25912823132427,59.831348378311525
NOR,"Nordalveien 34B, 0583 Oslo, Norway",10.8143070856176,59.934624773419756
NOR,"Nordåsgrenda 88, 5235 Rådal, Norway",5.3233863531255,60.30941365301115
NOR,"Nordåsvegen 179, 5235 Rådal, Norway",5.308971742777601,60.304546449475254
NOR,"Nordåsveien 19, 1415 Oppegård, Norway",10.794960228165138,59.775546141795616
NOR,"Nordåsveien 19, 1251 Oslo, Norway",10.790718649882223,59.831344429325014
NOR,"Nordåsveien 420, 1251 Oslo, Norway",10.78400214704871,59.8255257121406
NOR,"Nordate 14, 2542 Vingelen, Norway",10.867022048154382,62.414399302757545
NOR,"Nordavinden 2, 9015 Tromsø, Norway",18.93680863032901,69.6725597463886
NOR,"Nordbergveien 15, 0875 Oslo, Norway",10.751459659427155,59.95317048856671
NOR,"Nordbødalen 3, 4843 Arendal, Norway",8.788342447562266,58.47845030978576
NOR,"Nordbøvegen 67, 5937 Bøvågen, Norway",4.929203182112968,60.70195900678898
NOR,"Nordby Gård Bøklevene 44, 1765 Halden, Norway",11.444006949404269,59.085265444165685
NOR,"Nordbygata 34, 0187 Oslo, Norway",10.764200236072867,59.91428072094652
NOR,"Nordbygdvegen 948, 3570 Ål, Norway",8.487196475494272,60.7013809078845
NOR,"Nordbyhagaveien 27, 1474 Lørenskog, Norway",10.989186359098738,59.93221053384812
NOR,"Nordbyhagaveien 29, 1474 Lørenskog, Norway",10.989195411554164,59.93146487974164
NOR,"Nordbyhagaveien 31, 1474 Lørenskog, Norway",10.99035471258236,59.93199528657459
NOR,"Nordbyhagaveien 33, 1474 Lørenskog, Norway",10.990887633986262,59.93133156557164
NOR,"Nordbyhagaveien 35, 1474 Lørenskog, Norway",10.991113191000693,59.930914984983815
NOR,"Nordbyvegen 15, 2069 Jessheim, Norway",11.179024144624833,60.15396903741825
NOR,"Nordbyvegen 18, 2069 Jessheim, Norway",11.17668835966694,60.154070332718106
NOR,"Nordbyveien 29, 3271 Larvik, Norway",10.051646181406284,59.078116518947354
NOR,"Nordbyveien 57B, 3038 Drammen, Norway",10.259671104261486,59.7160257863421
NOR,"Nordbyveien 59, 3038 Drammen, Norway",10.261053196276094,59.71590475166025
NOR,"Nordengveien 9, 0755 Oslo, Norway",10.643697972709163,59.949926356761694
NOR,"Nordfjordvegen 9201, 6718 Deknepollen, Norway",5.15346455627747,61.918566353581184
NOR,"Nordfrøyveien 373, 7260 Sistranda, Norway",8.833906356633605,63.72824690943969
NOR,"Nord-Fugløyveien 840, 9135 Vannvåg, Norway",19.978692689900612,70.07301078647049
NOR,"Nordheimsvegen 24, 5243 Fana, Norway",5.358608116097088,60.265965177801434
NOR,"Nordheimvegen 207, 2372 Brøttum, Norway",10.67535952230699,60.992761510886595
NOR,"Nordlundvegen 12, 2330 Vallset, Norway",11.340812813183675,60.682246866953676
NOR,"Nordlysveien 11, 3055 Krokstadelva, Norway",10.030381041593103,59.762594257370836
NOR,"Nordmoveien 21, 3534 Sokna, Norway",9.96208152266317,60.23563350096143
NOR,"Nordmyrstubben 25, 1820 Spydeberg, Norway",11.065939530295282,59.61772332881472
NOR,"Nordnesparken 3, 5005 Bergen, Norway",5.308173534138206,60.39729987755291
NOR,"Nordøyvegen 101, 9018 Tromsø, Norway",18.99434301955361,69.69197676037064
NOR,"Nordøyvegen 119, 9018 Tromsø, Norway",18.99270846461539,69.69400840797184
NOR,"Nordraaks gate 17, 0260 Oslo, Norway",10.708707343185637,59.922679932752004
NOR,"Nordre Ålsvegen 86, 2750 Gran, Norway",10.576875345118765,60.382709833971546
NOR,"Nordre garden 24, 5970 Byrknesøy, Norway",4.837233035283731,60.90147210792708
NOR,"Nordre Gjekstadskog 1, 3236 Sandefjord, Norway",10.270947194784384,59.127515349130846
NOR,"Nordre Hovedgårds Vei 3, 4621 Kristiansand s, Norway",7.958860307912744,58.12258270016059
NOR,"Nordre Husebytun 2, 7097 Saupstad, Norway",10.34175960828631,63.36883329011911
NOR,"Nordre Øyavegen 96, 5357 Fjell, Norway",4.974352589330806,60.345432367336684
NOR,"Nordre Risvolltun 2, 7036 Trondheim, Norway",10.429229377968795,63.397732457796906
NOR,"Nordre Risvolltun 34, 7036 Trondheim, Norway",10.431834305837668,63.396979301887086
NOR,"Nordre Risvolltun 36, 7036 Trondheim, Norway",10.432283659666922,63.396355436833744
NOR,"Nordre Tangevei 28, 3766 Sannidal, Norway",9.288260745484507,58.89834912908188
NOR,"Nordre Toppe 3, 5136 Mjølkeråen, Norway",5.270669798027114,60.48590602375842
NOR,"Nordregata 14, 7504 Stjørdal, Norway",10.919647659603356,63.471123102806104
NOR,"Nordselveien 6-8, 9020 Tromsdalen, Norway",18.97359261241442,69.63745679689453
NOR,"Nordseter terrasse 33, 1163 Oslo, Norway",10.801750659384652,59.8671115189172
NOR,"Nordsida 1336, 6655 Vindøla, Norway",8.961858539358644,62.99879363877642
NOR,"Nordsiveien 1378, 9470 Gratangen, Norway",17.327281971148807,68.74081703775602
NOR,"Nordsjøvegen 1088, 6987 Bulandet, Norway",4.619030051221614,61.28485059425461
NOR,"Nordsjøvegen 230, 4352 Kleppe, Norway",5.5624341245565745,58.782497648514095
NOR,"Nordskogen 15, 3188 Horten, Norway",10.452369381884296,59.41765425699654
NOR,"Nordskogvegen 33, 9990 Båtsfjord, Norway",29.738315711607385,70.64218526270344
NOR,"Nordslettvegen 139, 7038 Trondheim, Norway",10.40214493423801,63.384626011077614
NOR,"Nordstjerneveien 4, 0494 Oslo, Norway",10.789443846228266,59.96112763879873
NOR,"Nordstrandveien 77, 1164 Oslo, Norway",10.813924200280525,59.86008241300476
NOR,"Nord-Torpvegen 16, 2881 Aust-torpa, Norway",10.106829195333091,60.96694826659137
NOR,"Nordvannslia 29, 1385 Asker, Norway",10.363557334227295,59.812699723901545
NOR,"Nordvegen 885, 7718 Steinkjer, Norway",11.873132983163515,64.00217182189328
NOR,"Norheim Lonarmyrvegen 1, 4345 Bryne, Norway",5.678209832719631,58.7307292543029
NOR,"Norheimvegen 21, 3825 Lunde, Norway",9.09591936929894,59.336011544492095
NOR,"Norigardsvegen 21, 3880 Dalen, Norway",8.00095539912627,59.44421793308305
NOR,"Norrønagata 1, 3920 Porsgrunn, Norway",9.636393119411736,59.14035147947277
NOR,"Norvald Frafjords gate 42, 4041 Hafrsfjord, Norway",5.6909293707883535,58.94424306645254
NOR,"Nørvegjerdet 7, 6009 Ålesund, Norway",6.237224185018448,62.47377595048107
NOR,"Norvikvegen 277, 6350 Eidsbygda, Norway",7.496712844584465,62.585975687292404
NOR,"Nøsteveien 28, 3413 Lier, Norway",10.229949881429746,59.74955381813905
NOR,"NOTSETE, 6856 Sogndal, Norway",7.024180000000058,61.253990000000044
NOR,"Notveien 2, 8013 Bodø, Norway",14.444187821095909,67.27246078069902
NOR,"Novarmen 10, 4044 Hafrsfjord, Norway",5.699854672746653,58.93137705462584
NOR,"Numedalsvegen 2020, 3623 Lampeland, Norway",9.572752262266704,59.83769698992265
NOR,"Nupveien 35, 8100 Misvær, Norway",15.007147954314547,67.12258086871475
NOR,"Ny Jord-vegen 32, 7039 Trondheim, Norway",10.477939886263556,63.34873813826067
NOR,"Nybrottsvegen 4, 7549 Tanem, Norway",10.426707011846219,63.30748463203548
NOR,"Nybrottsveien 1B, 9910 Bjørnevatn, Norway",29.984145113259615,69.66797505489922
NOR,"Nybuvegen 35, 2609 Lillehammer, Norway",10.483079417833636,61.117645246497176
NOR,"Nydalen allé 63, 0485 Oslo, Norway",10.772106047147929,59.94809419845609
NOR,"Nye Sædalsveien 188, 5099 Bergen, Norway",5.392242178969184,60.35095729881476
NOR,"Nyelvmyrvegen 11, 6019 Ålesund, Norway",6.377406486485796,62.480440736972014
NOR,"Nygård Terrasse 10 C, 0873 Oslo, Norway",10.758483694288174,59.951834916114734
NOR,"Nygårdsbakken 15, 8370 Leknes, Norway",13.642582415436664,68.14722813113929
NOR,"Nygårdsveien 2, 4580 Lyngdal, Norway",7.0911464966326605,58.1507612337129
NOR,"Nygårdsveien 24, 9300 Finnsnes, Norway",17.9756443938127,69.23434798104427
NOR,"Nygårdsveien 50, 3214 Sandefjord, Norway",10.189396725124396,59.136814693518374
NOR,"Nygårdveien 59, 8120 Nygårdsjøen, Norway",14.305328519225753,67.10169454901558
NOR,"Nyhavnsveien 4, 5042 Bergen, Norway",5.309322106330342,60.418159375161935
NOR,"Nyheim 3, 6888 Borgund, Norway",7.85498271130723,61.08360181147401
NOR,"Nyheimsvegen 37B, 7058 Jakobsli, Norway",10.493021025551968,63.41912659509998
NOR,"Nyheimvegen 8, 6905 Florø, Norway",5.009560643884672,61.59367100282295
NOR,"Nyjordeveien 15, 1275 Oslo, Norway",10.839428571443733,59.82974746722252
NOR,"Nyjordsveien 1385, 6570 Smøla, Norway",8.059426717487838,63.45564357165975
NOR,"Nylandveien 17, 1923 Sørum, Norway",11.215610565252433,60.022926949906605
NOR,"Nylendeveien 6, 1914 Ytre Enebakk, Norway",11.025466253527185,59.73777602880159
NOR,"Nyli terrasse 2, 4844 Arendal, Norway",8.776772622380776,58.47120101492442
NOR,"Nymansveien 67, 4014 Stavanger, Norway",5.748589069465453,58.96751064293437
NOR,"Nyorkgata 2, 3911 Porsgrunn, Norway",9.664187007427302,59.148717079846534
NOR,"Nystrandvegen 131, 3944 Porsgrunn, Norway",9.703306942108696,59.11003489005847
NOR,"Nyvegen 28, 2827 Hunndalen, Norway",10.64691561770016,60.785628799714914
NOR,"Nyveien 1, 1482 Nittedal, Norway",10.867496659078952,60.056711756392815
NOR,"Nyveien 12, 3322 Fiskum, Norway",9.79740201951816,59.69894682043184
NOR,"Nyveien 1894, 1970 Hemnes, Norway",11.505864137553544,59.72323518699184
NOR,"Nyveien 39, 3470 Slemmestad, Norway",10.490957149533074,59.77241181292217
NOR,"Nyveien 9, 3157 Barkåker, Norway",10.389647013689228,59.31727820044256
NOR,"Nyvoll 6, 6763 Hornindal, Norway",6.5539583687456116,61.99363316967788
NOR,"Nyvollveien 59, 4070 Randaberg, Norway",5.6114906378143985,58.999718566890664
NOR,"O.T. Olsens vei 3A, 8692 Hattfjelldal, Norway",13.989520284342348,65.59765682350735
NOR,"Oberst Eriksens vei 39, 1445 Drøbak, Norway",10.650319592398745,59.6865759695352
NOR,"Oberst Lemforts veg 1, 7653 Verdal, Norway",11.472617989160398,63.789510155929946
NOR,"Oberst Rodes vei 27B, 1152 Oslo, Norway",10.805380191097669,59.87343880807674
NOR,"Oberst Rodes vei 57, 1152 Oslo, Norway",10.808355489131682,59.867693906614065
NOR,"Oberst Rodes vei 83, 1165 Oslo, Norway",10.808535810005168,59.86279714380521
NOR,"Oberst Rodes vei 90E, 1165 Oslo, Norway",10.810267092106045,59.860806357982
NOR,"Observatorie terrasse 17, 0270 Oslo, Norway",10.713191242289355,59.912140485789706
NOR,"Observatoriegata 6, 0254 Oslo, Norway",10.721076601520679,59.91334819230872
NOR,"Odalsgata 11, 2003 Lillestrøm, Norway",11.05259671390644,59.962038709764386
NOR,"Odderhei terrasse 4, 4639 Kristiansand s, Norway",8.078756475857801,58.13621536276128
NOR,"Odderøyveien 5, 4610 Kristiansand s, Norway",7.99793430976473,58.14037567849289
NOR,"Ødegårds vei 49, 1470 Lørenskog, Norway",10.956799607238167,59.94538751428266
NOR,"Odins veg 41, 5221 Nesttun, Norway",5.346416889385523,60.31050786856119
NOR,"Odins vei 33, 1540 Vestby, Norway",10.756407580690649,59.59931482542274
NOR,"Odvar Solbergs vei 176C, 0973 Oslo, Norway",10.903121228750393,59.970324053415254
NOR,"Ofolskroken 35, 4034 Stavanger, Norway",5.721181503367234,58.90101134725893
NOR,"Øgardsvegen 2, 2100 Skarnes, Norway",11.682699998692925,60.2536041337315
NOR,"Ogndalsvegen 983, 7718 Steinkjer, Norway",11.66769655964697,64.02718736046327
NOR,"Økern torgvei 7B, 0580 Oslo, Norway",10.807129997204584,59.93333924092974
NOR,"Økernveien 153, 0580 Oslo, Norway",10.80850806590567,59.93199197572284
NOR,"Økernveien 207, 0584 Oslo, Norway",10.813861755101868,59.93892406110601
NOR,"Økernveien 228, 0584 Oslo, Norway",10.818391251758868,59.940900513874794
NOR,"Økernveien 4, 0653 Oslo, Norway",10.776018384274096,59.91543151434297
NOR,"Okkenhaugvegen 236, 7608 Levanger, Norway",11.342037073961478,63.73651301662275
NOR,"Øksendalsvegen 137, 6610 Øksendal, Norway",8.426956659381716,62.70697147711505
NOR,"Oksfjordhamn, 9151 Storslett, Norway",21.03286202572294,69.76895884565536
NOR,"Okstadvegen 5, 7075 Tiller, Norway",10.377309019853044,63.3816182070326
NOR,"Økstrafjordvegen 64, 4234 Jelsa, Norway",6.042029273715826,59.343235613472416
NOR,"Ola Setroms veg 9, 7024 Trondheim, Norway",10.331768798796361,63.393198602550285
NOR,"Ola Storengs Veg 2 A, 3684 Notodden, Norway",9.299886864283991,59.56312247997295
NOR,"Olaf Bulls vei 50, 0765 Oslo, Norway",10.643092799299893,59.96877009047603
NOR,"Olaf Grilstads veg 1, 7025 Trondheim, Norway",10.338021195651038,63.40337758576655
NOR,"Olaf Isaachsens gate 34, 4514 Mandal, Norway",7.435915548091714,58.02783672606006
NOR,"Olaf Molbergs vei 12, 7892 Trones, Norway",12.843369707857903,64.73895142075557
NOR,"Olarovegen 1, 2345 Ådalsbruk, Norway",11.329431110680758,60.78793155997428
NOR,"Olastien 11, 9012 Tromsø, Norway",18.927448391414913,69.65661703127279
NOR,"Olav Audunssons veg 1, 2624 Lillehammer, Norway",10.451201028400646,61.13647045620553
NOR,"Olav Aukrusts vei 18, 0785 Oslo, Norway",10.660629500942605,59.95369569861967
NOR,"Olav Bjordals veg 43, 5111 Breistein, Norway",5.381570507484298,60.49678313569015
NOR,"Olav Duuns gate 2D, 8800 Sandnessjøen, Norway",12.582147276300077,66.01094730478289
NOR,"Olav Kyrres gate 59, 5015 Bergen, Norway",5.321033888180295,60.38901139068838
NOR,"Olav Kyrres vei 4, 1639 Gamle Fredrikstad, Norway",11.007892922967613,59.21756418851092
NOR,"Olav Nilsens Vei 5, 2460 Osen, Norway",11.763655269408446,61.30252522011406
NOR,"Olav Nygards veg 59, 0688 Oslo, Norway",10.853338255944351,59.88515855273471
NOR,"Olav Nygards veg 65, 0688 Oslo, Norway",10.854855212781047,59.884993513061204
NOR,"Olava Skomakers veg 20C, 7082 Kattem, Norway",10.33724578578827,63.349297462659564
NOR,"Olavsgata 20, 6210 Valldal, Norway",7.260130693791496,62.29959086622091
NOR,"Oldervegen 3, 2332 Åsvang, Norway",11.366228168535145,60.74076981783881
NOR,"Oldtidsveien 709, 1747 Skjeberg, Norway",11.085649156517178,59.2147141737932
NOR,"Ole Brumms vei 11, 0979 Oslo, Norway",10.90946951457741,59.951747828140725
NOR,"Ole Brumms vei 5, 0979 Oslo, Norway",10.910923942416417,59.95181655974679
NOR,"Ole Bulls gate 31, 2318 Hamar, Norway",11.073780800715923,60.79879777543192
NOR,"Ole Deviks vei 19, 0666 Oslo, Norway",10.825526514475001,59.916021642236046
NOR,"Ole Dyrengsveg 1, 2340 Løten, Norway",11.339598023956455,60.81352167800699
NOR,"Ole Irgens' vei 90, 5019 Bergen, Norway",5.337606754776829,60.39381464030305
NOR,"Ole K. Løkens veg 4, 2407 Elverum, Norway",11.571201156625165,60.866537047953585
NOR,"Ole Pedersens vei 2, 4870 Fevik, Norway",8.679107524770814,58.37490962742592
NOR,"Ole Reistads gate 2, 4021 Stavanger, Norway",5.69092283290388,58.95147891200682
NOR,"Ole Reistads vei 2, 1473 Lørenskog, Norway",10.949930805223971,59.92446163200049
NOR,"Ole Reistads vei 37E, 1068 Oslo, Norway",10.878189257755025,59.92617673702824
NOR,"Oline Holtmons veg 96, 2316 Hamar, Norway",11.032588943388589,60.808444717344116
NOR,"Ølmedalsvegen 23, 5583 Vikedal, Norway",5.9830871438528845,59.487579739413974
NOR,"Olsens Enkes Vei 2, 0281 Oslo, Norway",10.667785550778632,59.92433556817673
NOR,"Olstadveien 10, 4985 Vegårshei, Norway",8.859843653095822,58.748254095552596
NOR,"Olsvikåsen 109, 5183 Olsvik, Norway",5.218898134873655,60.378649556254345
NOR,"Olsvikåsen 33A, 5183 Olsvik, Norway",5.216609959125805,60.38271930552213
NOR,"Olsvikåsen 36, 5183 Olsvik, Norway",5.21887885649636,60.38053665793527
NOR,"Olsvikskrenten 7, 5184 Olsvik, Norway",5.210526206162996,60.383193218327676
NOR,"Olsvollen 16, 6019 Ålesund, Norway",6.379067779695191,62.47795001253391
NOR,"Oluf Melvolds gate 45, 2318 Hamar, Norway",11.092068520883117,60.799645688757124
NOR,"Ølvesvegen 487, 5637 Ølve, Norway",5.811454265290621,60.01095000654968
NOR,"Olvikvegen 50a, 5416 Stord, Norway",5.508877244184791,59.794316227010945
NOR,"Ombergveien 64, 1661 Rolvsøy, Norway",11.010830863849634,59.253689562554314
NOR,"Omkjøringsvegen 41, 7900 Rørvik, Norway",11.242126632128901,64.87036331783531
NOR,"Onarheimsvegen 299, 5694 Onarheim, Norway",5.629268989725631,59.948998815356276
NOR,"Onglasætra 18, 6065 Ulsteinvik, Norway",5.855135966956226,62.34837308169733
NOR,"Onøyveien 107, 8766 Lurøy, Norway",12.86866310651817,66.39753937087838
NOR,"Onsøyveien 49A, 1613 Fredrikstad, Norway",10.922391643245874,59.226412754145656
NOR,"Operagata 37, 0194 Oslo, Norway",10.75625653879544,59.90689261812108
NOR,"Opheimsgata 31, 5750 Odda, Norway",6.545732285150194,60.0668705022274
NOR,"Opheimsgata 4, 5750 Odda, Norway",6.541387860915336,60.068502626413704
NOR,"Oppgang E Trygve Lies plass 1, 1051 Oslo, Norway",10.897746836253333,59.94215377603757
NOR,"Opplandsgate 5, 0657 Oslo, Norway",10.785064637095218,59.90735169495798
NOR,"Oppløpssiden 3, 2069 Jessheim, Norway",11.186615299054722,60.159745342172556
NOR,"Opplunderveien 30, 1960 Løken, Norway",11.41226568790725,59.80484705409262
NOR,"Oppsal terrasse 61, 0686 Oslo, Norway",10.836489624733332,59.89406721661521
NOR,"Oppsaltoppen 25, 0687 Oslo, Norway",10.847909297257615,59.89906668658324
NOR,"Oppsalveien 21, 0686 Oslo, Norway",10.838780063595067,59.89207190456432
NOR,"Oppsatavegen 145, 3570 Ål, Norway",8.627926953429323,60.65736627702478
NOR,"Opptunveien 1, 7242 Knarrlagsund, Norway",9.078021323810333,63.66509136448852
NOR,"Opsahlveien 41, 1850 Mysen, Norway",11.341005932232832,59.55522215904446
NOR,"Opsalmarka 12, 5641 Fusa, Norway",5.607794302333048,60.20100727221043
NOR,"Opstadvegen 587, 4360 Varhaug, Norway",5.66036249774524,58.62120108149071
NOR,"Øraveien 2F, 1630 Gamle Fredrikstad, Norway",10.952509665373952,59.19715408664064
NOR,"Øraveien 5, 1630 Gamle Fredrikstad, Norway",10.954554179196492,59.19677304532229
NOR,"Orderudveien 20, 1920 Sørumsand, Norway",11.246811193994631,59.97775582595625
NOR,"Øreåsveien 11, 1528 Moss, Norway",10.694990107181951,59.420980992457345
NOR,"Ørebekkbråten 16, 1624 Gressvik, Norway",10.898660296061394,59.231051215543914
NOR,"Orekåsgate 1, 3674 Notodden, Norway",9.262713794253159,59.55927812008153
NOR,"Ørekyteveien 1, 1481 Hagan, Norway",10.936900466185477,59.98332513961165
NOR,"Oreliveien 40, 0584 Oslo, Norway",10.814861297055558,59.93625178464515
NOR,"Oreveien 14, 4560 Vanse, Norway",6.68788324421638,58.096816436432675
NOR,"Orkdalsveien 1421, 7393 Rennebu, Norway",9.837760296574686,62.8764855362831
NOR,"Orkerødgata 43, 1511 Moss, Norway",10.634322227274225,59.43711615607009
NOR,"Ørnevegen 2, 9015 Tromsø, Norway",18.94120108286907,69.68076202537901
NOR,"Ørnevegen 3, 9015 Tromsø, Norway",18.935118335734643,69.67960486173612
NOR,"Ørnevegen 7, 9015 Tromsø, Norway",18.9351084450889,69.67899419818028
NOR,"Ørneveien 11, 1710 Sarpsborg, Norway",11.091634254479601,59.288154104393044
NOR,"Ørnnova 1, 5993 Ostereidet, Norway",5.485811794868596,60.627571251535585
NOR,"Ørnveien 1, 9180 Skjervøy, Norway",20.97664669201552,70.01629669220014
NOR,"Ørnveien 34, 8516 Narvik, Norway",17.399446972366178,68.44215993696923
NOR,"Ørnveien 37, 8300 Svolvær, Norway",14.53847836448739,68.23659191757281
NOR,"Orødgrenda 15, 1793 Tistedal, Norway",11.431942959982877,59.11566342185981
NOR,"Ørpetveitvegen 265, 5534 Haugesund, Norway",5.335505914564948,59.392877225481385
NOR,"Orrestien 2, 1407 Vinterbro, Norway",10.751389083802422,59.73244342009184
NOR,"Orrevegen 304, 4352 Kleppe, Norway",5.586900816106663,58.75529300829177
NOR,"Orreveien 8B, 5101 Eidsvågneset, Norway",5.283695778475931,60.44453705681698
NOR,"Ørsnesalleen 30, 3120 Nøtterøy, Norway",10.416917954765694,59.251164388494175
NOR,"Oscar Pedersens vei 16, 1721 Sarpsborg, Norway",11.116630933767482,59.279287978671164
NOR,"Oscars gate 84, 0256 Oslo, Norway",10.718039251266987,59.916281606963025
NOR,"Osebergstien 24, 3117 Tønsberg, Norway",10.429095854251216,59.279685783795856
NOR,"Oserødmyra 14, 3138 Skallestad, Norway",10.439368295687899,59.19869275260655
NOR,"Oskar Braatens gate 6, 0474 Oslo, Norway",10.761290709842598,59.932855605116515
NOR,"Oslo gate 17-21, 0192 Oslo, Norway",10.767293745077808,59.90541765461927
NOR,"Osloveien 120, 1815 Askim, Norway",11.127194059606268,59.58594024162085
NOR,"Osloveien 23, 1534 Moss, Norway",10.678728376831259,59.4435291082801
NOR,"Osloveien 251, 1449 Drøbak, Norway",10.69328212677189,59.68959525678753
NOR,"Osnesvegen 12, 4260 Torvastad, Norway",5.244699141590246,59.407084677092314
NOR,"Ospedalen 239, 5308 Kleppestø, Norway",5.18543590101666,60.42640456949658
NOR,"Ospedalen 268, 5308 Kleppestø, Norway",5.1892132895017085,60.42675547787303
NOR,"Ospedalssvingen 48, 6012 Ålesund, Norway",6.386359113448464,62.44074240906198
NOR,"Ospene 9, 6843 Skei i Jølster, Norway",6.48403753828444,61.568674618177425
NOR,"Østegårdsveien 3, 4915 Vestre Sandøya, Norway",9.051605504495853,58.59028832921305
NOR,"Østensbuveien 137, 4848 Arendal, Norway",8.72184995036659,58.47698553394386
NOR,"Østeråsbakken 13, 1361 Østerås, Norway",10.60667460346906,59.94664002207418
NOR,"Østerhusmonen 20, 4879 Grimstad, Norway",8.562037986033602,58.31878658305797
NOR,"Østerliveien 3, 3219 Sandefjord, Norway",10.243106116653934,59.1200103187561
NOR,"Osterøyvegen 2691, 5283 Fotlandsvåg, Norway",5.523886338585925,60.588535932166764
NOR,"Østersunds gate 3, 7067 Trondheim, Norway",10.421156431744407,63.43686936583225
NOR,"Østersvegen 23, 9100 Kvaløysletta, Norway",18.834094693341342,69.68700746525406
NOR,"Østhellinga 21, 1388 Borgen, Norway",10.428949170945657,59.815391572106336
NOR,"Østhusvikveien 570, 4150 Rennesøy, Norway",5.769854544554761,59.092877427624956
NOR,"Østkilen 1A, 1621 Gressvik, Norway",10.894082603461158,59.20895953625859
NOR,"Østlia nord 12, 2440 Engerdal, Norway",11.963572125864943,61.75854174036465
NOR,"Østmarkveien 26A, 0687 Oslo, Norway",10.849915002868471,59.892697445998294
NOR,"Østmarkveien 26G, 7040 Trondheim, Norway",10.444808989039075,63.45155119125337
NOR,"Østmoveien 43, 3510 Hønefoss, Norway",10.224841027625303,60.15855762649261
NOR,"Østre Aker vei 310, 0977 Oslo, Norway",10.916241924705105,59.954290268921426
NOR,"Østre Berg 15, 7050 Trondheim, Norway",10.435398374886915,63.41769819307035
NOR,"Østre Berg 17, 7050 Trondheim, Norway",10.433685952068174,63.41643063976264
NOR,"Østre Kaldvell 10, 4790 Lillesand, Norway",8.420078888731126,58.27856895433672
NOR,"Østre Moåsen 11, 4870 Fevik, Norway",8.65694250383271,58.373891142371065
NOR,"Østre Nattlandsfjellet 4, 5098 Bergen, Norway",5.372041205583173,60.34519423746747
NOR,"Østre Strandgate 15, 4610 Kristiansand s, Norway",7.998579464852156,58.14401862125101
NOR,"Østre Strandgate 6, 4610 Kristiansand s, Norway",7.996834268791986,58.14264855726745
NOR,"Østre Totenveg 10, 2816 Gjøvik, Norway",10.698435572301236,60.78862386326708
NOR,"Østre Tromøyvei 380, 4812 Kongshavn, Norway",8.863674937218263,58.484202101120815
NOR,"Østre Vatne vei 2, 4560 Vanse, Norway",6.698149985958878,58.08970640324509
NOR,"Østringsvegen 106B, 2651 Østre Gausdal, Norway",10.208959332764607,61.23349731379818
NOR,"Østsida 8, 3622 Svene, Norway",9.580917409426036,59.79211758346861
NOR,"Østskogveien 40, 3470 Slemmestad, Norway",10.477938796616144,59.76113488420896
NOR,"Osvegen 335, 5229 Kalandseidet, Norway",5.405342423080157,60.27928368667108
NOR,"Osvegen 72, 5227 Nesttun, Norway",5.3774576752341545,60.30044526807052
NOR,"Oterfaret 41, 9512 Alta, Norway",23.204535768928253,69.94983943176913
NOR,"Otervatnet 2, 8762 Sleneset, Norway",12.595530158186108,66.36272249573969
NOR,"Otervegen 35, 9017 Tromsø, Norway",18.9872722974919,69.70704197404302
NOR,"Ottarsletta 1, 8140 Inndyr, Norway",14.037282045016667,67.03709786154195
NOR,"Ottersboveien 50, 7140 Opphaug, Norway",9.764913762810124,63.70943104555337
NOR,"Otterveien 60, 9300 Finnsnes, Norway",18.041119965743803,69.23761415725463
NOR,"Otto Nielsens veg 6, 7052 Trondheim, Norway",10.433575897679475,63.42345132186239
NOR,"Otto Rykkinds vei 7, 1349 Rykkinn, Norway",10.470421151477098,59.93408158418447
NOR,"Ovenbakken 10, 1361 Østerås, Norway",10.606982470772692,59.940424924688614
NOR,"Ovenstadveien 7, 3420 Lierskogen, Norway",10.327059091221116,59.82076935927418
NOR,"Øverbøvegen 3, 6315 Innfjorden, Norway",7.560520501602696,62.49358121421821
NOR,"Øverbygdvegen 831, 7760 Snåsa, Norway",12.52470056178268,64.276250206994
NOR,"Øverbyvegen 40, 2834 Raufoss, Norway",10.628032614769438,60.73386421926966
NOR,"Øverlandsvegen 35, 6416 Molde, Norway",7.212433138495527,62.746005706836485
NOR,"Overlege Bratts veg 40, 7026 Trondheim, Norway",10.320161790736108,63.38801037212275
NOR,"Overlege Meyers veg 4, 9013 Tromsø, Norway",18.913494618103613,69.64171098994171
NOR,"Øverleitet 40, 6670 Øydegard, Norway",8.039334457385962,63.03713648721441
NOR,"Øvermarka 67, 8802 Sandnessjøen, Norway",12.552287081513697,65.99969589896486
NOR,"Øvermoan 1, 7334 Storås, Norway",9.599994956329454,63.09225936098596
NOR,"Øvre Askerhagen 8B, 1383 Asker, Norway",10.421427502493117,59.834853764546494
NOR,"Øvre Bergsvingen 19, 7052 Trondheim, Norway",10.427972846863781,63.41795995990651
NOR,"Øvre Bjørkåsen 80, 8074 Bodø, Norway",14.459050108892399,67.2778668567901
NOR,"Øvre Bogenvei 36, 3152 Tolvsrød, Norway",10.47818614657885,59.26632984972855
NOR,"Øvre Brattbakken 5, 4635 Kristiansand s, Norway",8.092294422952591,58.177505414084294
NOR,"Øvre Drognesveg 2, 2150 Årnes, Norway",11.477745283151847,60.11795811826269
NOR,"Øvre Eikervei 25, 3048 Drammen, Norway",10.1566363918393,59.74662736046437
NOR,"Øvre Eikervei 30, 3048 Drammen, Norway",10.157183646297625,59.74731203622525
NOR,"Øvre Fantoftåsen 54, 5072 Bergen, Norway",5.351901252452251,60.34786948950395
NOR,"Øvre Flatåsveg 55, 7079 Flatåsen, Norway",10.337093318969522,63.37514251627732
NOR,"Øvre Fyllingsveien 37, 5161 Laksevåg, Norway",5.303390149634055,60.377412513074205
NOR,"Øvre Fyllingsveien 85, 5146 Fyllingsdalen, Norway",5.3016331350904125,60.37065833358591
NOR,"Øvre gate 6C, 2635 Tretten, Norway",10.30724326628598,61.31537815617182
NOR,"Øvre Geilegrend 12, 6017 Ålesund, Norway",6.318185490704224,62.46388568191969
NOR,"Øvre Geilegrend 16, 6017 Ålesund, Norway",6.318824024088144,62.463880778506336
NOR,"Øvre Gjellum vei 4, 1389 Heggedal, Norway",10.449283668049276,59.79212403753405
NOR,"Øvre Grønliveien 25, 1464 Fjellhamar, Norway",10.987695889076065,59.94537284595211
NOR,"Øvre Hagavegen 5, 2090 Hurdal, Norway",11.06845133521989,60.43716353850306
NOR,"Øvre hageby 17, 5411 Stord, Norway",5.500749771250753,59.77102234483277
NOR,"Øvre Hamna 34, 9300 Finnsnes, Norway",18.001974801533834,69.23527879139189
NOR,"Øvre Heien 11, 5037 Bergen, Norway",5.329147486635094,60.409432011847116
NOR,"Øvre Huvikvei 11A, 3222 Sandefjord, Norway",10.2395359288154,59.11958854138831
NOR,"Øvre Ilenveg 2, 3713 Skien, Norway",9.645845810717844,59.176398231264386
NOR,"Øvre Kardemomme 17, 9130 Hansnes, Norway",19.616410406127756,69.96352142186998
NOR,"Øvre Keisemark 63, 3189 Horten, Norway",10.460488847671314,59.422871740266146
NOR,"Øvre Killingmo vei 35, 1930 Aurskog, Norway",11.403804827203885,59.94964451526741
NOR,"Øvre Kleivane 1, 6814 Førde, Norway",5.840727391578582,61.4503831655953
NOR,"Øvre Kråkenes 49, 5152 Bønes, Norway",5.320236769188313,60.338987731532654
NOR,"Øvre Kråkenes 64, 5152 Bønes, Norway",5.318831962216109,60.33729496427685
NOR,"Øvre Lundeveg 93, 3941 Porsgrunn, Norway",9.688220606040318,59.08093966966538
NOR,"Øvre Lyngvei 6, 8402 Sortland, Norway",15.405148377365038,68.70285665555991
NOR,"Øvre Møllenberg gate 36-40, 7014 Trondheim, Norway",10.411041039773798,63.430592522997195
NOR,"Øvre Myrhaugen 17, 0752 Oslo, Norway",10.644761468584079,59.93774627798132
NOR,"Øvre Nausthågen 6, 8276 Ulvsvåg, Norway",15.872068915456566,68.11985241627315
NOR,"Øvre Nordstranda 351, 6823 Sandane, Norway",6.153055963177735,61.809343952596805
NOR,"ØVRE NUSTADVEI 10, 3970 Langesund, Norway",9.727747585442952,59.01178682712246
NOR,"Øvre Nygård 10, 1482 Nittedal, Norway",10.87137384846406,60.0483695883529
NOR,"Øvre Prinsdals vei 34D, 1266 Oslo, Norway",10.811993512703111,59.84132828183533
NOR,"Øvre Prinsdals vei 8, 1266 Oslo, Norway",10.807735338251916,59.84673092134611
NOR,"Øvre Rælingsveg 36, 2005 Rælingen, Norway",11.035593185124725,59.94679894295837
NOR,"Øvre Ringveg 9, 7713 Steinkjer, Norway",11.511935233842564,64.01251785643981
NOR,"Øvre ringvei 91, 4620 Kristiansand s, Norway",7.935855085000327,58.12603973230628
NOR,"Øvre Sædalsvegen 247, 5099 Bergen, Norway",5.381190555813333,60.34822194853248
NOR,"Øvre Sædalsvegen 80, 5099 Bergen, Norway",5.3801824643184375,60.34602748246212
NOR,"Øvre Skjong 2, 6050 Valderøya, Norway",6.109707609801404,62.50375345000239
NOR,"Øvre Skurubergsveg 80, 2412 Sørskogbygda, Norway",11.785145211864801,60.950682135741545
NOR,"Øvre Smidsrødvei 46, 3120 Nøtterøy, Norway",10.423366739611765,59.23828944994057
NOR,"Øvre Sølen 2, 3914 Porsgrunn, Norway",9.676790372318038,59.15332280991288
NOR,"Øvre Storgate 18, 3018 Drammen, Norway",10.194520247259419,59.74562387901619
NOR,"Øvre Storvollen 66, 9104 Kvaløya, Norway",18.794478969087123,69.6879380660541
NOR,"Øvre Sverdstadvei 4, 3216 Sandefjord, Norway",10.230730739529577,59.14560856723489
NOR,"Øvre Toppenhaug 41, 1353 Bærums Verk, Norway",10.51325586182682,59.93835065510979
NOR,"Øvre Vågen 11, 4085 Hundvåg, Norway",5.737109214876369,58.99246746627264
NOR,"Øvre veg 9, 6387 Vågstranda, Norway",7.319117331560278,62.60506710624557
NOR,"Øvre vei 5B, 3183 Horten, Norway",10.491775390921049,59.426119602018105
NOR,"Øvregjerdet 18, 6050 Valderøya, Norway",6.126458675659478,62.50735900947237
NOR,"Øvrehjellen 1, 6270 Brattvåg, Norway",6.45031722562868,62.58195228994916
NOR,"Øvrehusvegen 26, 4054 Tjelta, Norway",5.599890419095715,58.84337997941458
NOR,"Øvreseterveien 30, 0791 Oslo, Norway",10.666928584997976,59.98166724107307
NOR,"Øvrevegen 148, 6710 Raudeberg, Norway",5.135626776672723,61.98561340662911
NOR,"Øvrevegen 15, 2900 Fagernes, Norway",9.24584906978805,60.98746900958358
NOR,"Øvstebøfeltet 28, 3692 Sauland, Norway",8.939126734127825,59.62894627807148
NOR,"Øvstedalsvegen 3, 5723 Bolstadøyri, Norway",5.968623750828499,60.6445893229193
NOR,"Øvsttunvegen 27, 5223 Nesttun, Norway",5.361105504148213,60.31353851329234
NOR,"Øvsttunvegen 58, 5223 Nesttun, Norway",5.363199974113712,60.31060916386107
NOR,"Øyangsvegen 11, 2952 Beito, Norway",8.882259712034028,61.234893445500575
NOR,"Øyangsveien 27, 7316 Lensvik, Norway",9.820975786922958,63.505494773157636
NOR,"Øyatrøvegen 25, 6650 Surnadal, Norway",8.720710179172784,62.981668320941594
NOR,"Øyaveien 1, 7374 Røros, Norway",11.375079206831316,62.57116683412863
NOR,"Øygarden 7, 4643 Søgne, Norway",7.857739235764766,58.07768412341955
NOR,"Øygardshaugen 47, 4280 Skudeneshavn, Norway",5.246515500008371,59.14966004395376
NOR,"Øygardssletta 13, 4051 Sola, Norway",5.666194625974725,58.879515914656
NOR,"Øygårdsveien 110, 7180 Roan, Norway",10.227032811486652,64.17792620797545
NOR,"Øygardsveien 162, 4325 Sandnes, Norway",5.7589108803118165,58.84423669373814
NOR,"Øygardsveien 191, 4325 Sandnes, Norway",5.75671532459404,58.84379505125983
NOR,"Øygardsveien 21, 4327 Sandnes, Norway",5.767990325469526,58.85398216492217
NOR,"Øygårdsveien 3, 8617 Dalsgrenda, Norway",13.98650422412274,66.25096955627714
NOR,"Øygardveien 45, 1357 Bekkestua, Norway",10.587609210325212,59.92420263119237
NOR,"Øygardveien 49, 1357 Bekkestua, Norway",10.587982197755261,59.92501432902047
NOR,"Øyjordsveien 1, 8616 Mo i Rana, Norway",14.092134057587089,66.3378083781981
NOR,"Øyjordsveien 11, 5038 Bergen, Norway",5.308946597068086,60.42275093981192
NOR,"Øyjordsveien 69, 5038 Bergen, Norway",5.300643399963462,60.42989978121122
NOR,"Øynoveien 18, 4380 Hauge i Dalane, Norway",6.289261554502531,58.33407429435013
NOR,"Øyro 49, 5200 Os, Norway",5.468368467627272,60.186453564179345
NOR,"Øystein Møylas veg 35, 7031 Trondheim, Norway",10.402057678625937,63.40539821116505
NOR,"Øyungsvegen 10, 2034 Holter, Norway",11.01436936809418,60.135165369201076
NOR,"P. A. Holms vei 18, 1164 Oslo, Norway",10.81363929939161,59.85862144728128
NOR,"P. Krohns veg 1, 4351 Kleppe, Norway",5.622003723691222,58.783182911008225
NOR,"Paal Bergs vei 165, 1188 Oslo, Norway",10.833731475674426,59.873442328476074
NOR,"Paal Bergs vei 2, 0692 Oslo, Norway",10.841419357266943,59.874844034144104
NOR,"Pålsebakken 3C, 1900 Fetsund, Norway",11.139130225004237,59.924466912599485
NOR,"Panoramavegen 664, 6795 Blaksæter, Norway",6.525426873250609,61.85441625390874
NOR,"Panoramavegen 89, 2918 Ulnes, Norway",9.10144488751024,60.99861937155882
NOR,"Papegøyevegen 1, 5532 Haugesund, Norway",5.29458588235758,59.41138857482531
NOR,"Paradisveien 15, 8072 Bodø, Norway",14.478360169789909,67.27645957715646
NOR,"Parallellvegen 73, 2770 Jaren, Norway",10.559361609890772,60.39812000486913
NOR,"Parkbakken 10, 1408 Kråkstad, Norway",10.885793990868052,59.67973503734905
NOR,"Parkvegen 10, 2240 Magnor, Norway",12.193161087200593,59.948618193133086
NOR,"Parkvegen 3B, 6600 Sunndalsøra, Norway",8.577494550765266,62.67011365046264
NOR,"Parkvegen 7, 4365 Nærbø, Norway",5.642399995421243,58.66358023540283
NOR,"Parkveien 1, 4370 Egersund, Norway",5.99815327953462,58.450330578931755
NOR,"Parkveien 10, 1920 Sørumsand, Norway",11.23377314360522,59.98455250169363
NOR,"Parkveien 30, 1738 Borgenhaugen, Norway",11.151717999555046,59.26839091780985
NOR,"Parkveien 4, 7982 Bindalseidet, Norway",12.23125566366653,65.1275827200746
NOR,"Parkveien 42B, 8005 Bodø, Norway",14.382704298190163,67.2794126473737
NOR,"Parkveien 51, 8005 Bodø, Norway",14.388204000139694,67.28120088450666
NOR,"Påskeveien 2, 4823 Nedenes, Norway",8.706085183055166,58.413731585449426
NOR,"Pastor Fangens vei 22B, 0877 Oslo, Norway",10.74277868994642,59.945675516475774
NOR,"Pearl Engens vei 1, 1161 Oslo, Norway",10.79596178177556,59.870388046777975
NOR,"Peder Ankers gate 18, 1771 Halden, Norway",11.372708804613296,59.120587328970714
NOR,"Peder Ankers vei 20, 0861 Oslo, Norway",10.749051873920962,59.964498337341695
NOR,"Peder Holts gate 4, 9950 Vardø, Norway",31.08571754353386,70.3773114645748
NOR,"Peder Østlunds veg 1, 7045 Trondheim, Norway",10.461166776000141,63.42896183646701
NOR,"Pedros Vei 34, 3038 Drammen, Norway",10.252710436588472,59.71292217714384
NOR,"Peer Gynts veg 6E, 5538 Haugesund, Norway",5.301517213369493,59.39360716351942
NOR,"Pelleveien 11, 9147 Birtavarre, Norway",20.834043696911095,69.49611779278894
NOR,"Per Gyntveien 20, 1709 Sarpsborg, Norway",11.11159349377806,59.29913272117224
NOR,"Per Sivles vei 41, 1462 Fjellhamar, Norway",10.97602811221779,59.9360550613776
NOR,"Perslia 9, 7088 Heimdal, Norway",10.340869282531031,63.356598016506354
NOR,"Persløkkvegen 2, 7026 Trondheim, Norway",10.31880761045906,63.38466578320816
NOR,"Petedalsheia 166, 5254 Sandsli, Norway",5.291959245359493,60.30122298295666
NOR,"Peter Aas' vei 17, 0667 Oslo, Norway",10.827573878144648,59.90761518008429
NOR,"Peter Jebsens veg 39, 5265 Ytre Arna, Norway",5.439615186974237,60.45782145134072
NOR,"Peter Loranges vei 15, 1369 Stabekk, Norway",10.58878385023624,59.90379152349374
NOR,"Petter Engens vei 4, 8071 Bodø, Norway",14.467295722322206,67.27618284862311
NOR,"Pettersvollen 31, 3032 Drammen, Norway",10.155997858455407,59.71576686935302
NOR,"Pevikveien 11, 7114 Råkvåg, Norway",10.07919942498171,63.758169046490536
NOR,"Piggsoppen 1, 6518 Kristiansund n, Norway",7.801347499620789,63.12550806585955
NOR,"Pilestredet Park 13, 0176 Oslo, Norway",10.73994803951085,59.92099283927102
NOR,"Pilestredet park 6, 0176 Oslo, Norway",10.738072335132443,59.920751340650384
NOR,"Pilevegen 5, 4360 Varhaug, Norway",5.653081641370932,58.61549748974642
NOR,"Pionvegen 1, 7340 Oppdal, Norway",9.669205839591655,62.59133792602984
NOR,"Planetringen 2, 7560 Vikhammer, Norway",10.637530819809768,63.43283197071071
NOR,"Plantefeltet 1, 8909 Brønnøysund, Norway",12.16397295341082,65.46881515321732
NOR,"Plassane 7, 6060 Hareid, Norway",6.034301829540311,62.3635654907504
NOR,"Plassen 19, 6280 Søvik, Norway",6.277529739903997,62.545344453558954
NOR,"Plassen 8, 3919 Porsgrunn, Norway",9.64895273076786,59.14846637712253
NOR,"Plogveien 24A, 0681 Oslo, Norway",10.822165706577778,59.8939678910626
NOR,"Plogveien 24B, 0681 Oslo, Norway",10.823336071718188,59.89366610063877
NOR,"Plogveien 31B, 0679 Oslo, Norway",10.813116939185704,59.895768701050315
NOR,"Podeveien 12, 3770 Kragerø, Norway",9.392849043660249,58.88380300667313
NOR,"Politimester Bendixens gate 51, 6508 Kristiansund n, Norway",7.71702052453395,63.112221408221984
NOR,"Pontoppidans gate 8, 0462 Oslo, Norway",10.752751645982613,59.93687627834123
NOR,"Porsevegen 8, 6153 Ørsta, Norway",6.143862105041677,62.20598684260901
NOR,"Porsgrunnsvegen 13, 3730 Skien, Norway",9.611619901662522,59.19086095373652
NOR,"Porsholen 2A, 4314 Sandnes, Norway",5.731418489353473,58.8796196407078
NOR,"Porsmyrveien 35, 4314 Sandnes, Norway",5.736500772524863,58.881500749327955
NOR,"Porsmyrveien 7, 4314 Sandnes, Norway",5.727580918803625,58.87945053581123
NOR,"Porsvegen 11, 6905 Florø, Norway",5.008192679382944,61.59878652151619
NOR,"Portveien 17, 3512 Hønefoss, Norway",10.229129376927915,60.11465003253642
NOR,"Postvegen 22, 6475 Midsund, Norway",6.674953236558906,62.6708011760706
NOR,"Postvegen 5, 3950 Brevik, Norway",9.729836336211235,59.05036579773312
NOR,"Postveien 13, 4563 Borhaug, Norway",6.587039309827162,58.0994479349346
NOR,"Postveien 136, 4317 Sandnes, Norway",5.735004183712874,58.865159390897105
NOR,"Postveien 63, 4307 Sandnes, Norway",5.732310910584545,58.85563624969481
NOR,"Postveien 7, 7240 Hitra, Norway",8.96976803847113,63.6021677048887
NOR,"Prestebakkeveien 242, 1796 Kornsjø, Norway",11.540347203398284,58.99087368929332
NOR,"Prestebråtveien 2, 3055 Krokstadelva, Norway",10.016482588842734,59.75807758502572
NOR,"Prestegårdsgata 2 - 4, 9980 Berlevåg, Norway",29.088411521673407,70.85934792685293
NOR,"Prestegårdsjordet 17, 8663 Mosjøen, Norway",13.201970659756086,65.84550509035844
NOR,"Prestegårdsstien 6, 7804 Namsos, Norway",11.520270868912462,64.47397234592307
NOR,"Prestegårdsveien 39, 9385 Skaland, Norway",17.292540575048207,69.44818583757066
NOR,"Prestegardsvikje 11, 3628 Veggli, Norway",9.152698716685506,60.04091740587768
NOR,"Presteheia 14, 4633 Kristiansand s, Norway",8.012449838226871,58.16578340631247
NOR,"Prestemarka 4, 6980 Askvoll, Norway",5.072600145392386,61.34904448937115
NOR,"Prestenggata 1, 1807 Askim, Norway",11.16069585604626,59.58657747580975
NOR,"Prestensrud, 3520 Jevnaker, Norway",10.511021343303716,60.276092222792315
NOR,"Presteveien 1610, 4985 Vegårshei, Norway",8.86616704467039,58.76650124730844
NOR,"Prestgårdsvegen 1, 7970 Kolvereid, Norway",11.595226121877886,64.867786217885
NOR,"Prestholt 22, 4790 Lillesand, Norway",8.359551740977707,58.26146413025515
NOR,"Presthusvegen 31, 7056 Ranheim, Norway",10.514998598590761,63.42390742045104
NOR,"Prestmosvegen 3, 2030 Nannestad, Norway",11.01710329345292,60.22317891485207
NOR,"Prestmosvegen 30, 2030 Nannestad, Norway",11.026705014997503,60.229256968120694
NOR,"Prestvannvegen 44, 9011 Tromsø, Norway",18.93731841768013,69.66124685931078
NOR,"Prinsengata 8, 7200 Kyrksæterøra, Norway",9.085212326182614,63.28796267662568
NOR,"Priorveien 17, 0377 Oslo, Norway",10.681345290821668,59.93349221066268
NOR,"Priorveien 25, 0377 Oslo, Norway",10.682246105318242,59.933415055341435
NOR,"Produksjonsveien 23, 1618 Fredrikstad, Norway",10.983244595575712,59.237372344004626
NOR,"Prof. Hans Strøms vei 12, 3300 Hokksund, Norway",9.90714451759456,59.763809549512246
NOR,"Prof. Olav Hanssens v. 12, 4021 Stavanger, Norway",5.703934145022146,58.935738619852685
NOR,"Professor Dahls gate 29A, 0353 Oslo, Norway",10.717345397322134,59.92400473445841
NOR,"Professor Dahls gate 30B, 0260 Oslo, Norway",10.71717683724927,59.923512968199105
NOR,"Professor Dahls gate 36, 0260 Oslo, Norway",10.714417179447793,59.92377339393076
NOR,"Professor Dahls gate 44, 0260 Oslo, Norway",10.712192524663449,59.9250394331967
NOR,"Prost Bangs vei 14, 1710 Sarpsborg, Norway",11.09669642108338,59.29349396344904
NOR,"Prost Fergstads gate 1, 7505 Stjørdal, Norway",10.936893090110686,63.471752625644086
NOR,"Prost Refsums veg 7, 2005 Rælingen, Norway",11.052928553453143,59.94134752077113
NOR,"Prost Stabels vei 438, 2019 Skedsmokorset, Norway",11.039462187811495,59.98732049948876
NOR,"Rabben 1, 5750 Odda, Norway",6.547507823699846,60.055554555754895
NOR,"RABBEN 3, 6490 Eide, Norway",7.440042712330197,62.916777203683615
NOR,"Rabbeveien 15, 0580 Oslo, Norway",10.813969378738648,59.93171935432204
NOR,"Radarveien 77B, 1152 Oslo, Norway",10.806189799125406,59.87650838674816
NOR,"Radarveien 92, 1151 Oslo, Norway",10.810683505055806,59.87119333812558
NOR,"Rådhusgaten 6, 4836 Arendal, Norway",8.766182422994717,58.45759324657618
NOR,"Rådhusvegen 39, 2770 Jaren, Norway",10.560421082452137,60.39295285492807
NOR,"Rådhusvegen 5, 2066 Jessheim, Norway",11.175029282898926,60.144715244706106
NOR,"Rådmann Hammers vei 11, 7020 Trondheim, Norway",10.354331708678188,63.42244662503825
NOR,"Radøyvegen 1625, 5936 Manger, Norway",5.052190129222447,60.64125731224984
NOR,"Rådyrvegen 17, 2640 Vinstra, Norway",9.719140692483222,61.602342124843204
NOR,"Rådyrvegen 4, 2827 Hunndalen, Norway",10.637387153989351,60.78789162020567
NOR,"Rådyrveien 16A, 3790 Helle, Norway",9.370248163757026,58.898679208428916
NOR,"Rådyrveien 6, 3370 Vikersund, Norway",9.992524092082192,59.966662293284514
NOR,"Rækøyveien 42, 8310 Kabelvåg, Norway",14.466259132356498,68.20774102965731
NOR,"Råengveien 3A, 1390 Vollen, Norway",10.486057005117686,59.79919488532431
NOR,"Rafsbotnveien 87, 9538 Alta, Norway",23.535964099474228,70.02341062297273
NOR,"Ragnarrud, 6740 Selje, Norway",5.351977113728012,62.04256414348366
NOR,"Ragnhild Schibbyes vei 10, 0968 Oslo, Norway",10.930022108801637,59.97506200800419
NOR,"Ragnhild Schibbyes vei 57, 0968 Oslo, Norway",10.927149630583415,59.972813604386914
NOR,"Ragnhilds Vei 2a, 1473 Lørenskog, Norway",10.952413441125486,59.926517670939916
NOR,"Ragnis veg 51, 8658 Mosjøen, Norway",13.247401664614387,65.83346255860917
NOR,"Råholtbråtan 2, 2070 Råholt, Norway",11.186753516638078,60.26590466046051
NOR,"Rahommen 30, 4480 Kvinesdal, Norway",6.972196897013191,58.36067409643934
NOR,"Råket 1A, 6516 Kristiansund n, Norway",7.761277224757379,63.10945923584953
NOR,"Råkollveien 107, 1664 Rolvsøy, Norway",11.005766266493936,59.2674072595627
NOR,"Rambergsvegen 213, 5282 Lonevåg, Norway",5.511110809403988,60.52377680340959
NOR,"Rambergvegen 21, 3731 Skien, Norway",9.53591614474351,59.19739162977663
NOR,"Ramsbu 35, 4130 Hjelmeland, Norway",6.169504023235987,59.22987594699015
NOR,"Ramsdalsveien 4, 4900 Tvedestrand, Norway",8.935561575431166,58.62789579137595
NOR,"Ramskiveien 4, 3175 Ramnes, Norway",10.256140646644013,59.3698443422885
NOR,"Ramsøyvegen 214, 5310 Hauglandshella, Norway",5.051245570672336,60.4366753345526
NOR,"Ramstadåsveien 17, 1363 Høvik, Norway",10.569301373590378,59.90597471590431
NOR,"Ramstaddammen 1, 2033 Åsgreina, Norway",10.993196177758847,60.16477004166916
NOR,"Ramstadlandveien 36, 7924 Austafjord, Norway",10.94246579843687,64.91897383002515
NOR,"Ramsvika 1, 6012 Ålesund, Norway",6.400474070757838,62.43380856347915
NOR,"Ranavegen 9, 5300 Kleppestø, Norway",5.218887825132754,60.41330989935125
NOR,"Randemfaret 15, 1543 Vestby, Norway",10.746447868061466,59.612938687025064
NOR,"Randsfjordlinna 296, 2730 Lunner, Norway",10.56471236542086,60.28871064553442
NOR,"Randvikveien 63, 4956 Risør, Norway",9.216011254683139,58.708668629968855
NOR,"Raneisvegen 365, 2900 Fagernes, Norway",9.24494876956797,60.99598766350931
NOR,"Ranheimslivegen 3, 7055 Ranheim, Norway",10.539157786657654,63.42812657981557
NOR,"Ranheimsvegen 177B, 7055 Ranheim, Norway",10.522899995801453,63.42682755246145
NOR,"Rasmus Lølands vei 1, 4009 Stavanger, Norway",5.721092822831622,58.95930911831525
NOR,"Råtun 1, 5239 Rådal, Norway",5.321342928950372,60.29151531415596
NOR,"Raulandsvegen 1747, 3864 Rauland, Norway",8.064604302898317,59.69280070610941
NOR,"Raundalsvegen 360, 5706 Voss, Norway",6.533690004858045,60.66499494047136
NOR,"Rauneveien 1, 4515 Mandal, Norway",7.491385558383257,58.02915306204426
NOR,"Ravnangervegen 396, 5310 Hauglandshella, Norway",5.153205387831292,60.45630021973341
NOR,"Ravnåsveien 38, 1254 Oslo, Norway",10.788171138050103,59.83640877522362
NOR,"Ravnkollbakken 24B, 0971 Oslo, Norway",10.890201782290916,59.964015958813945
NOR,"Ravnkollbakken 71, 0971 Oslo, Norway",10.892735044887644,59.96791362760956
NOR,"Refling Hagens veg 51, 2337 Tangen, Norway",11.260446957899461,60.615894212674306
NOR,"Refstadsvingen 16, 0589 Oslo, Norway",10.818314641163823,59.94276976210193
NOR,"Refstadveien 34, 0589 Oslo, Norway",10.808019149493447,59.94142035950972
NOR,"Refstadveien 71, 0589 Oslo, Norway",10.822599218610009,59.939782619448266
NOR,"Regimentsvegen 126, 5705 Voss, Norway",6.436591358214684,60.633587532894
NOR,"Regimentsvegen 235, 5705 Voss, Norway",6.437411776947528,60.632250448983285
NOR,"Regimentveien 30, 4045 Hafrsfjord, Norway",5.662786125048427,58.943295785665185
NOR,"Regine Normanns vei 63, 8475 Straumsjøen, Norway",14.596248536648346,68.73478860535417
NOR,"Regnbueveien 13, 1812 Askim, Norway",11.196236382795604,59.59101669936953
NOR,"Reiduns vei 1, 3961 Stathelle, Norway",9.707772065749282,59.02429975523813
NOR,"Reiduns vei 5, 3961 Stathelle, Norway",9.707573666101126,59.02396854433417
NOR,"Reier Søbstads veg 5, 7078 Saupstad, Norway",10.345182442267031,63.36547985829668
NOR,"Reiersølveien 203, 4820 Froland, Norway",8.617075154845168,58.485715076553504
NOR,"Reina 2, 6060 Hareid, Norway",6.022456356334715,62.37361597939096
NOR,"Reinlivegen 354, 2933 Reinli, Norway",9.495331472482235,60.83111646623868
NOR,"Reinsholm 27, 7654 Verdal, Norway",11.496743201975136,63.793458786696874
NOR,"Reinsnosvegen 24, 5763 Skare, Norway",6.595882888229511,59.9342252919144
NOR,"Reisadalen 362, 9154 Storslett, Norway",21.11145954630871,69.74545200343496
NOR,"Reisoppvegen 9, 2040 Kløfta, Norway",11.130958707598495,60.07126123647731
NOR,"Reistadliane 37, 5652 Årland, Norway",5.721885834691051,60.40638724360912
NOR,"Reiten 1, 6065 Ulsteinvik, Norway",5.836503582930419,62.345605544906846
NOR,"Reksundveien 49, 6533 Averøy, Norway",7.488911472022949,63.062040295015095
NOR,"Rekvesvegen 94, 5708 Voss, Norway",6.315981804540371,60.62778989347993
NOR,"Rellingsvegen 83, 6214 Norddal, Norway",7.2311687037493755,62.25028717063847
NOR,"Remebakken 2A, 6154 Ørsta, Norway",6.154059779902013,62.1975823502045
NOR,"Rennåkervegen 21, 7620 Skogn, Norway",11.239408548567155,63.70334339500562
NOR,"Rennekleiva 2, 6812 Førde, Norway",5.902569073207019,61.45515988648643
NOR,"Rennesveien 40, 4513 Mandal, Norway",7.407873639561188,58.02281697188636
NOR,"Reppevegen 128, 7054 Ranheim, Norway",10.564385890292186,63.408515943870185
NOR,"Reset 32, 5208 Os, Norway",5.436879585234863,60.15913195449818
NOR,"Reshjemvegen 155, 3677 Notodden, Norway",9.193137208555413,59.56141969634285
NOR,"Revebjelleveien 35, 1529 Moss, Norway",10.698204064135524,59.41054711556552
NOR,"Revelheigata 43, 8610 Mo i Rana, Norway",14.194639285185673,66.32011472541845
NOR,"Revestien 10, 6440 Elnesvågen, Norway",7.18633633441587,62.86202813631948
NOR,"Revyveien 2A, 1718 Greåker, Norway",11.036803029029073,59.26616170875084
NOR,"Ribstonveien 35, 0586 Oslo, Norway",10.800101603753916,59.93604089596124
NOR,"Ridabuvegen 9, 2322 Ridabu, Norway",11.125763939286486,60.803876580113496
NOR,"Ridderkleiva 49, 1386 Asker, Norway",10.44728139901872,59.82322915448958
NOR,"Rieber-Mohns veg 14, 5230 Paradis, Norway",5.342642266928522,60.34471173321117
NOR,"Riflegata 11, 0470 Oslo, Norway",10.763697070425224,59.94143666231139
NOR,"Rigel 1, 2316 Hamar, Norway",11.03636155418883,60.81125257108886
NOR,"Riiser-Larsens vei 18, 7020 Trondheim, Norway",10.36290932929279,63.41866123183567
NOR,"Rimestadvegen 287, 4346 Bryne, Norway",5.641427778471922,58.69386631468956
NOR,"Ringåsvegen 201, 2100 Skarnes, Norway",11.657768530611776,60.317234932592726
NOR,"Ringdalsvegen 21, 6218 Hellesylt, Norway",6.8567713009457805,62.08988109700843
NOR,"Ringduevegen 1, 7082 Kattem, Norway",10.337473438278522,63.347186815620944
NOR,"Ringeriksveien 11, 3303 Hokksund, Norway",9.916626210285642,59.77758038778677
NOR,"Ringeriksveien 188A, 1339 Vøyenenga, Norway",10.466053006456264,59.91518873251749
NOR,"Ringeriksveien 238, 1340 Skui, Norway",10.451366906264496,59.92599438872466
NOR,"Ringgata 77, 1723 Sarpsborg, Norway",11.097327326935414,59.27852241754462
NOR,"Ringshusveien 8, 1176 Oslo, Norway",10.798935345746088,59.8788081714319
NOR,"Ringvålvegen 345, 7089 Heimdal, Norway",10.251771076699612,63.35649165015505
NOR,"Ringvegen 17, 5412 Stord, Norway",5.463717684831352,59.763091597595746
NOR,"Ringvegen 522, 9017 Tromsø, Norway",18.95301294464292,69.69600242082774
NOR,"Ringveien 10, 9690 Havøysund, Norway",24.65219815478298,71.00128301000282
NOR,"Ringveien 116, 3517 Hønefoss, Norway",10.223365561209334,60.17273100566712
NOR,"Ringveien 20, 3409 Tranby, Norway",10.285304137638434,59.828511974694436
NOR,"Ringveien 28, 9040 Nordkjosbotn, Norway",19.57857768031701,69.21697279867576
NOR,"Ringveien 3, 4770 Høvåg, Norway",8.241538902857116,58.17094799977306
NOR,"Ringveien 44, 9195 Årviksand, Norway",20.529927630224222,70.19605021001587
NOR,"Ringveien 9, 8907 Brønnøysund, Norway",12.252442851780188,65.49174468754407
NOR,"Risabergvegen 60, 4056 Tananger, Norway",5.609421816472633,58.92513530278816
NOR,"Risavika Havnering 100, 4056 Tananger, Norway",5.603233960272377,58.93521026658601
NOR,"Risbakken 1, 0374 Oslo, Norway",10.7025939182856,59.948160918405364
NOR,"Risengveien 11, 1387 Asker, Norway",10.440409160424224,59.8284775250724
NOR,"Risevegen 4, 8404 Sortland, Norway",15.284725155348298,68.64567669511106
NOR,"Risgropa 18, 7716 Steinkjer, Norway",11.540560690472176,64.021223720173
NOR,"Risilveien 60, 1542 Vestby, Norway",10.710562845091602,59.5968757335082
NOR,"Rislandsveien 17, 4820 Froland, Norway",8.628104817414709,58.51314087329112
NOR,"Rislandsveien 33, 4820 Froland, Norway",8.62833339191431,58.51425524731832
NOR,"Risløkkveien 67B, 0583 Oslo, Norway",10.823907382238616,59.93312713686987
NOR,"Risnesvegen 28B, 4056 Tananger, Norway",5.572755851583906,58.93658976021064
NOR,"Risøyhamn 104, 8484 Risøyhamn, Norway",15.637520000000052,68.96856000000008
NOR,"Riukveien 336, 1816 Skiptvet, Norway",11.166189355387445,59.52986690193873
NOR,"Røahagan 23, 0754 Oslo, Norway",10.648216321434916,59.950016378401784
NOR,"Røahellinga 22, 0755 Oslo, Norway",10.640832200013477,59.95494028551269
NOR,"Roald Amundsens gate 1, 1831 Askim, Norway",11.158990138750056,59.58179970718072
NOR,"Roald Amundsens vei 100, 5067 Bergen, Norway",5.356172921767552,60.3628888960755
NOR,"Roald Amundsens vei 105, 1420 Svartskog, Norway",10.753067140818132,59.77895866603541
NOR,"Roald Amundsens vei 165, 1658 Torp, Norway",11.021981896377156,59.243014999312834
NOR,"Roald Amundsens vei 166, 1658 Torp, Norway",11.023713513754188,59.244276811016846
NOR,"Roald Amundsens vei 20, 3616 Kongsberg, Norway",9.637230303900878,59.65994180164296
NOR,"Roald Amundsens vei 8, 1654 Sellebakk, Norway",10.998272593598017,59.225446614076134
NOR,"Røatoppen 15, 0756 Oslo, Norway",10.635533999016303,59.95390139052361
NOR,"Robergrønningen 1, 3123 Tønsberg, Norway",10.426689326030527,59.30564198144975
NOR,"Robergveien 347, 3157 Barkåker, Norway",10.424319845821856,59.33172332091803
NOR,"Robølsvegen 630, 2940 Heggenes, Norway",9.050545026106079,61.16012443842371
NOR,"Rodamyrvegen 60, 4056 Tananger, Norway",5.594523821768604,58.939079646458424
NOR,"Rødbergsveien 33, 4520 Lindesnes, Norway",7.290166657087468,58.07308462824349
NOR,"Rødbergveien 68, 0593 Oslo, Norway",10.830468568406275,59.94534103662954
NOR,"Rødgata 24, 3048 Drammen, Norway",10.153734912236104,59.74546114436606
NOR,"Rødhettes vei 6, 4638 Kristiansand s, Norway",8.070514969560548,58.15920432478151
NOR,"Rødlandsvegen 28, 4120 Tau, Norway",5.9291183324200745,59.06110750001906
NOR,"Rødnesveien 37, 3145 Tjøme, Norway",10.385836768143747,59.15834503674802
NOR,"Rødsdalen 2, 1622 Gressvik, Norway",10.881763888002268,59.20473690107684
NOR,"Rødsveien 2, 3370 Vikersund, Norway",10.04770618399965,59.99733846634501
NOR,"Rødsveien 63, 1781 Halden, Norway",11.361954068467924,59.125618733989825
NOR,"Rødveien 30, 1684 Vesterøy, Norway",10.941779907300031,59.07091151879678
NOR,"Rogagaten 9, 5055 Bergen, Norway",5.333525270844575,60.37532588018817
NOR,"Rogalandsgata 15, 4011 Stavanger, Norway",5.736869660083613,58.957232166527405
NOR,"Rognahaugen 2, 6065 Ulsteinvik, Norway",5.869720227024374,62.342530350360335
NOR,"Rognbudalen 78, 7092 Tiller, Norway",10.381742040804454,63.355211775449675
NOR,"Rognebærlia 1, 1412 Sofiemyr, Norway",10.815987824842324,59.78863213667117
NOR,"Rognelia 17, 4622 Kristiansand s, Norway",7.947079459180628,58.116782045977544
NOR,"Rognstadvegen 6, 2090 Hurdal, Norway",11.04606771424696,60.448552910447376
NOR,"Rognveien 9, 3151 Tolvsrød, Norway",10.462119044019886,59.27459482535468
NOR,"Rogrendvegen 13, 3690 Hjartdal, Norway",8.63657917298218,59.605256086031574
NOR,"Røkebergveien 59, 3320 Vestfossen, Norway",9.890809780867215,59.73442867385896
NOR,"Rokkeveien 739, 1763 Halden, Norway",11.34004788069987,59.190536699812185
NOR,"Roknesmyra 64, 7609 Levanger, Norway",11.372693465730492,63.74806139327029
NOR,"Rolf Hofmos gate 20, 0655 Oslo, Norway",10.787555822537996,59.91367416452323
NOR,"Rolf Presthus vei 21, 1415 Oppegård, Norway",10.8192563479856,59.7712960977905
NOR,"Rollandslia 269, 5115 Ulset, Norway",5.329204902671847,60.45619892443352
NOR,"Romemyra 2, 6429 Molde, Norway",7.205180110039748,62.75292517745538
NOR,"Romemyra 66, 7091 Tiller, Norway",10.3854196008227,63.36018496815123
NOR,"Romemyra 70, 7091 Tiller, Norway",10.38684226124866,63.3602519395576
NOR,"Rondeveien 711, 2477 Sollia, Norway",10.239657131135317,61.84263662055258
NOR,"Rønholtveien 71, 3967 Stathelle, Norway",9.571437644572654,58.97389844943484
NOR,"Rønneldveien 440, 1746 Skjeberg, Norway",11.203356390447993,59.20198344588371
NOR,"Rønninglia 1, 3153 Tolvsrød, Norway",10.48717657592482,59.289849344310284
NOR,"Rønningsvegen 17, 7045 Trondheim, Norway",10.441553038750556,63.43506742428758
NOR,"Rønningsvegen 24, 6320 Isfjorden, Norway",7.788065703487064,62.58150792335229
NOR,"Rønningvegen 20, 7796 Follafoss, Norway",11.109153354125624,63.98912945482374
NOR,"Rønningvegen 51, 3925 Porsgrunn, Norway",9.64597086871322,59.12736296613113
NOR,"Rønningveien 14, 3153 Tolvsrød, Norway",10.485898335690564,59.285094667824495
NOR,"Rophusvegen 8, 5550 Sveio, Norway",5.308528843013818,59.48602372290847
NOR,"Ropnesvegen 30, 9107 Kvaløya, Norway",18.739509358415148,69.68513817511737
NOR,"Røråsveien 190, 3179 Åsgårdstrand, Norway",10.468744938480086,59.327790322400546
NOR,"Rørenveien 191, 3302 Hokksund, Norway",9.85398590092268,59.76890080132006
NOR,"Rørgata 6, 7980 Terråk, Norway",12.36737777123571,65.08688640086302
NOR,"Rørstadmarka 25, 6035 Fiskarstrand, Norway",6.270730256229058,62.43031678834478
NOR,"Rørsvegen 319, 2384 Brumunddal, Norway",10.870513446103075,60.86810530203772
NOR,"Rosebuen 2, 1617 Fredrikstad, Norway",10.973937917022937,59.23498974611749
NOR,"Roselundveien 2, 1820 Spydeberg, Norway",11.06341791854399,59.61517338623068
NOR,"Rosenberggata 51, 4007 Stavanger, Norway",5.718518237452258,58.97500180125934
NOR,"Rosendalsveien 31-35, 1166 Oslo, Norway",10.797745450771288,59.85564821858688
NOR,"Rosenfinkringen 8, 2032 Maura, Norway",11.02936970583599,60.26147608191775
NOR,"Rosenkrantz vei 39, 1397 Nesøya, Norway",10.518353483881043,59.870135583854335
NOR,"Rosenli 7, 4015 Stavanger, Norway",5.761124289483348,58.96207770284363
NOR,"Rosetvegen 72, 2833 Raufoss, Norway",10.581855955804627,60.70894042062989
NOR,"Rossabøskogen 5C, 5537 Haugesund, Norway",5.309202245114932,59.39209548728172
NOR,"Røsslandsvegen 19, 5460 Husnes, Norway",5.744234419308725,59.85399384044763
NOR,"Røsslyngvegen 2, 2256 Grue Finnskog, Norway",12.400277076475447,60.42158250250927
NOR,"Røsslyngveien 17, 6511 Kristiansund n, Norway",7.750227613258289,63.122408605703356
NOR,"Røsslyngveien 39, 3173 Vear, Norway",10.366061679258053,59.256797614161286
NOR,"Rossmovegen 20, 7353 Børsa, Norway",10.062865694082745,63.32564335471281
NOR,"Rostaliene 6, 5308 Kleppestø, Norway",5.189360559540489,60.428028060322646
NOR,"Røsvik 164, 8220 Røsvik, Norway",15.540836228922597,67.37140079507135
NOR,"Røtingavegen 404, 5216 Lepsøy, Norway",5.3659862025482425,60.13732249389278
NOR,"Rotsundveien 82, 9153 Rotsund, Norway",20.60884515371332,69.78178045514636
NOR,"Røyrvikveien 1, 4323 Sandnes, Norway",5.726451038255561,58.803997230159126
NOR,"Røyrvikveien 5, 7898 Limingen, Norway",13.563042848167498,64.88379108481286
NOR,"Røyseplassen 12B, 3033 Drammen, Norway",10.158144212401538,59.71768775010375
NOR,"Røysetmarka 11, 6057 Ellingsøy, Norway",6.3977034326632065,62.50476011657378
NOR,"Røyslandsdalen 45, 4387 Bjerkreim, Norway",6.069090583393859,58.58858998799164
NOR,"Røysumslinna 2, 2770 Jaren, Norway",10.534475571724812,60.40316335410026
NOR,"Røysumslinna 43, 2770 Jaren, Norway",10.528326523736268,60.39157398994621
NOR,"Røysveien 2, 1409 Skotbu, Norway",10.94861467878735,59.65863929579902
NOR,"Rubina Ranas gate 10, 0190 Oslo, Norway",10.764501062577835,59.91176007311407
NOR,"Rubinvegen 1, 9022 Krokelvdalen, Norway",19.058014722102342,69.67842347439304
NOR,"Rudolf Raschs veg 2, 2414 Elverum, Norway",11.574433218489617,60.871442724425094
NOR,"Rudolf Steiners veg 42, 2312 Ottestad, Norway",11.102530141874468,60.7767145618688
NOR,"Rugdevegen 89, 2069 Jessheim, Norway",11.189426840836859,60.16272594694175
NOR,"Rugdeveien 8, 1930 Aurskog, Norway",11.44604031529559,59.92584653195266
NOR,"Ruglandveien 1, 1358 Jar, Norway",10.622055898710187,59.92833411317707
NOR,"Rundveien 11, 4513 Mandal, Norway",7.423399103536923,58.032892731965006
NOR,"Runnane 4, 5760 Røldal, Norway",6.815949420824637,59.83165774486571
NOR,"Runnen 5, 6812 Førde, Norway",5.897189819206119,61.46016752881005
NOR,"Russerveien 11, 7203 Vinjeøra, Norway",9.002127716784429,63.20983709451269
NOR,"Rustå 27 A, 4200 Sauda, Norway",6.378148787831037,59.657837231484166
NOR,"Rustadgata 84, 3186 Horten, Norway",10.473285918344402,59.40302255535639
NOR,"Rustadgrenda 28, 0693 Oslo, Norway",10.846028984918263,59.87195022398231
NOR,"Rustenvegen 3, 2608 Lillehammer, Norway",10.310083390357931,61.113370936882376
NOR,"Rustvegen 221, 2640 Vinstra, Norway",9.728812151462222,61.58319484050534
NOR,"Rusvikvegen 3D, 4250 Kopervik, Norway",5.321093818788,59.277096404357394
NOR,"Ryggaveien 30, 7140 Opphaug, Norway",9.675539708545216,63.722817950752955
NOR,"Ryggeveien 368, 1580 Rygge, Norway",10.751398890629133,59.38230500527766
NOR,"Ryggjavegen 24, 6823 Sandane, Norway",6.126729746408159,61.77797447041513
NOR,"Ryggveien 65, 4072 Randaberg, Norway",5.657188187193668,59.00163513096126
NOR,"Rykeneveien 90, 4824 Bjorbekk, Norway",8.707444141017021,58.43809073718177
NOR,"Ryllikvegen 55, 9102 Kvaløysletta, Norway",18.89002520539333,69.69995096777564
NOR,"Ryllikvegen 71, 9102 Kvaløysletta, Norway",18.887156163755407,69.69841544502341
NOR,"Rypevegen 2, 3940 Porsgrunn, Norway",9.677475006169402,59.081553015430245
NOR,"Rypeveien 3, 9803 Vadsø, Norway",29.792444617390828,70.07554191168191
NOR,"Rystene 30, 6037 Eidsnes, Norway",6.328134306859283,62.421567464443655
NOR,"Rytterveien 19, 1615 Fredrikstad, Norway",10.921823350210587,59.246872770249325
NOR,"Sachnowitz vei 10, 3257 Larvik, Norway",10.038818768243686,59.05719210349824
NOR,"Sædalssvingene 6, 5099 Bergen, Norway",5.394275041946344,60.34618598425118
NOR,"Sæheimsveien 27, 3170 Sem, Norway",10.324804023990794,59.279540232047225
NOR,"Sælandsvegen 21, 4342 Undheim, Norway",5.768513607684753,58.68756337495873
NOR,"Sætravikvegen 2, 5410 Sagvåg, Norway",5.407976942473496,59.768454139164746
NOR,"Sætremarka 2, 5943 Austrheim, Norway",4.9320822325218785,60.78322688154094
NOR,"Sævarhagen 47, 5416 Stord, Norway",5.526373249258086,59.80121823484134
NOR,"Sævråsvegen 250, 5957 Myking, Norway",5.255178280759225,60.72697173837898
NOR,"Safirveien 16, 1784 Halden, Norway",11.39221869008253,59.14784825367286
NOR,"Saga 5, 9517 Alta, Norway",23.411274991655375,69.96233919633661
NOR,"Sagaveien 1A, 3243 Kodal, Norway",10.138745303330353,59.21668086164476
NOR,"Sagbakken 15, 8626 Mo i Rana, Norway",14.16173536989919,66.31914246655961
NOR,"Sagbråtan 42, 2740 Roa, Norway",10.61129895586393,60.29254949711149
NOR,"Sagene Ring 20, 2410 Hernes, Norway",11.628086702724971,60.92386256015109
NOR,"Sagplassvegen 57, 7054 Ranheim, Norway",10.536696859885325,63.410916898125265
NOR,"Sagvegen 15, 2022 Gjerdrum, Norway",10.995445880571111,60.07983537860207
NOR,"Sagvegen 27, 2742 Grua, Norway",10.662450888502633,60.26019486610787
NOR,"Sagvegen 9, 7870 Grong, Norway",12.333872370577353,64.4596074821705
NOR,"Sagveien 19, 3534 Sokna, Norway",9.925521756487683,60.243176333719475
NOR,"Saksarhaugen 124, 5253 Sandsli, Norway",5.294774726636149,60.30642500161491
NOR,"Saksumdalsvegen 40, 2608 Lillehammer, Norway",10.427932278452403,61.10812818217471
NOR,"Salemsveien 18, 4640 Søgne, Norway",7.802328601387472,58.09325408567361
NOR,"Salhusvegen 28, 5529 Haugesund, Norway",5.280920865967357,59.40350865461048
NOR,"Saltkjelen 3, 7600 Levanger, Norway",11.281402973123562,63.742554943888706
NOR,"Saltnesveien 309, 1642 Saltnes, Norway",10.766705586932005,59.29775197026214
NOR,"Saltnesveien 54, 1626 Manstad, Norway",10.776464301523049,59.27440355032422
NOR,"Salvøyvegen 6, 4276 Veavågen, Norway",5.217156962127035,59.294880539781815
NOR,"Sam Eydes gate 191, 3660 Rjukan, Norway",8.621110286852854,59.88000137725845
NOR,"Samnangervegen 404, 5652 Årland, Norway",5.710605888492722,60.40097768902825
NOR,"Samsmoveien 21, 3520 Jevnaker, Norway",10.362388394010424,60.22659638441476
NOR,"Samuel J. Sandvedsvei 2-4, 4319 Sandnes, Norway",5.728590016126901,58.84255570305629
NOR,"Sandakerveien 100, 0483 Oslo, Norway",10.770098078423217,59.94475308803132
NOR,"Sandakerveien 18, 0473 Oslo, Norway",10.759594464096978,59.93346920233847
NOR,"Sandåkerveien 4, 8813 Løkta, Norway",12.728993777525147,66.14922226227318
NOR,"Sandakerveien 63, 0477 Oslo, Norway",10.769803622164659,59.93980105963527
NOR,"Sandakerveien 74, 0484 Oslo, Norway",10.770566093899898,59.942803025268184
NOR,"Sandangersvingen 9, 4050 Sola, Norway",5.667917274715336,58.886037035326495
NOR,"Sandarveien 6, 3215 Sandefjord, Norway",10.223872917808535,59.13595932029932
NOR,"Sandåsveien 1, 0956 Oslo, Norway",10.857589054320755,59.95360228230879
NOR,"Sandåsveien 5, 0956 Oslo, Norway",10.855971095550785,59.95349034199188
NOR,"Sandbakkenfaret 20, 1743 Klavestadhaugen, Norway",11.182621238372576,59.246733002013855
NOR,"Sandbakkvegen 52, 7072 Heimdal, Norway",10.36375715879899,63.343930949151485
NOR,"Sandbekkveien 101, 1479 Kurland, Norway",11.018477590297579,59.932986991448786
NOR,"Sandberganveien 7, 9350 Sjøvegan, Norway",17.860884404676455,68.87400195881446
NOR,"Sandbukta 5, 1534 Moss, Norway",10.6701001295215,59.4452385136137
NOR,"Sanddalsbotn 54, 5221 Nesttun, Norway",5.36774690512928,60.330983684552365
NOR,"Sanddalsringen 260, 5225 Nesttun, Norway",5.386154486511913,60.336483093135286
NOR,"Sandetun 3, 4055 Sola, Norway",5.647739770658205,58.89101006038999
NOR,"Sandeveien 32, 3150 Tolvsrød, Norway",10.449960925825849,59.27879047080819
NOR,"Sandmælen, 9144 Samuelsberg, Norway",20.531191541023876,69.55060042243127
NOR,"Sandmelan 30, 8730 Bratland, Norway",13.11651313356893,66.38212794269535
NOR,"Sandmyrvegen 2, 6055 Godøya, Norway",6.036130509356099,62.47706211753052
NOR,"Sandnes 3B, 8230 Sulitjelma, Norway",16.06907808970152,67.13432760310096
NOR,"Sandnesstykket 1, 5981 Masfjordnes, Norway",5.297764635317861,60.79602717924678
NOR,"Sandnesveien 246, 4312 Sandnes, Norway",5.696026573747417,58.86741219501357
NOR,"Sandsgata 1, 4012 Stavanger, Norway",5.740436998075069,58.963982783706854
NOR,"Sandslihaugen 36, 5254 Sandsli, Norway",5.28091139406007,60.29480076874364
NOR,"Sandslimarka 183, 5254 Sandsli, Norway",5.278060373513995,60.293804914827376
NOR,"Sandslimarka 251, 5254 Sandsli, Norway",5.27703954152625,60.297362697449216
NOR,"Sandslimarka 262, 5254 Sandsli, Norway",5.280632863417566,60.29772680732316
NOR,"Sandstrand 144, 9445 Tovik, Norway",16.797391798718536,68.6825670854573
NOR,"Sandstuveien 18, 1178 Oslo, Norway",10.786564494849443,59.88634144882036
NOR,"Sandsvegen 13B, 2067 Jessheim, Norway",11.125720018113839,60.152490930702754
NOR,"Sandven 27, 3656 Atrå, Norway",8.73968739469521,59.98770053497873
NOR,"Sandvigveien 104, 4816 Kolbjørnsvik, Norway",8.772929938869993,58.44498644510517
NOR,"Sandvigveien 120, 4816 Kolbjørnsvik, Norway",8.774371374759056,58.444611774033234
NOR,"Sandvikbakken 21, 4329 Sandnes, Norway",5.766917106586931,58.87068821996016
NOR,"Sandvikbakken 23, 4329 Sandnes, Norway",5.765863333719722,58.870079442332525
NOR,"Sandviksleitet 1, 5036 Bergen, Norway",5.31397179947885,60.4185129657474
NOR,"Sandvikvågvegen 60, 5419 Fitjar, Norway",5.336094575624969,59.93721997828092
NOR,"Sandvikveien 13, 4016 Stavanger, Norway",5.749690283904641,58.943168757922564
NOR,"Sandvinvegen 25, 3802 Bø i Telemark, Norway",9.076810725534699,59.42073372631367
NOR,"Sandvollanvegen 330, 7670 Inderøy, Norway",11.300346160685674,63.89860550921052
NOR,"Sangenvegen 51, 2315 Hamar, Norway",11.060461621294024,60.79917349424176
NOR,"Sangereidlia 2, 4790 Lillesand, Norway",8.348416717885243,58.23848413687128
NOR,"Sankt Halvards gate 1K, 3015 Drammen, Norway",10.219095316817572,59.74137308063982
NOR,"Sara Berges gate 15, 4020 Stavanger, Norway",5.72240542886891,58.91870311411037
NOR,"Sarpsborgveien 75, 1640 Råde, Norway",10.893386234945325,59.34748138270689
NOR,"Saturnvegen 54, 3942 Porsgrunn, Norway",9.686006023402342,59.091126657599176
NOR,"Saudavegen 5787, 5585 Sandeid, Norway",5.863109755266038,59.545220117804234
NOR,"Sauesundet 102, 6985 Atløy, Norway",5.024370255425737,61.325985664187925
NOR,"Saupstadringen 14, 7078 Saupstad, Norway",10.350837544701449,63.368367801126254
NOR,"Saupstadringen 37C, 7078 Saupstad, Norway",10.357202761972871,63.365536645690696
NOR,"Saxe Viks veg 3B, 7562 Saksvik, Norway",10.604146956747456,63.43881908032989
NOR,"Schreiners gate 4, 3045 Drammen, Norway",10.196835496554542,59.73523023525962
NOR,"Schwensens gate 9B, 0170 Oslo, Norway",10.73891656042025,59.92389266841295
NOR,"Seehusens gate 4, 4024 Stavanger, Norway",5.719929582308936,58.97181135554416
NOR,"Seilduksgata 32, 0553 Oslo, Norway",10.763366739621091,59.925777381251464
NOR,"Seilmakergata 3, 7725 Steinkjer, Norway",11.478007636721259,64.0144199198179
NOR,"Seksevegen 12, 5773 Hovland, Norway",6.625014025077689,60.259571294421136
NOR,"Sekstanten 25, 2165 Hvam, Norway",11.341416645488437,60.116327083723775
NOR,"Selåsvatn 158, 4868 Selåsvatn, Norway",8.69665126721219,58.68889580419702
NOR,"Seljesvingen 33, 5145 Fyllingsdalen, Norway",5.286419980826992,60.35952896827811
NOR,"Seljeveien 9, 1890 Rakkestad, Norway",11.34690913900124,59.4257820208677
NOR,"Selma Ellefsens vei 5A, 0581 Oslo, Norway",10.81037060861027,59.925481709616946
NOR,"Selsbakklia 7, 7027 Trondheim, Norway",10.369632956743999,63.39267905028197
NOR,"Selsvegen 100, 2670 Otta, Norway",9.53656884354379,61.77978357848701
NOR,"Selvbyggerveien 102B, 0591 Oslo, Norway",10.825152346317253,59.945360817921056
NOR,"Selvbyggerveien 130, 0591 Oslo, Norway",10.82807645705904,59.944817377228674
NOR,"Selvbyggerveien 141, 0591 Oslo, Norway",10.82292418499614,59.94954833292846
NOR,"Selvbyggerveien 23B, 0591 Oslo, Norway",10.821096594827765,59.949754988751266
NOR,"Semsveien 137, 1384 Asker, Norway",10.42292518095249,59.851847318863435
NOR,"Semsveien 152, 1384 Asker, Norway",10.424962318700267,59.85506915480599
NOR,"Sendesvegen 151, 7656 Verdal, Norway",11.655089255261743,63.81289424086589
NOR,"Sentervegen 9, 7540 Klæbu, Norway",10.481691290848744,63.3012826942379
NOR,"Sentervollen 29, 4347 Lye, Norway",5.73418988181939,58.73366681799928
NOR,"Sentrum 34, 4745 Bygland, Norway",7.799925509747084,58.83177800049623
NOR,"Sentrum 7, 3185 Skoppum, Norway",10.404998385536004,59.386540213314134
NOR,"Sentrumsveien 31, 3748 Siljan, Norway",9.730653404132767,59.27777852363781
NOR,"Seppoveien 70, 1615 Fredrikstad, Norway",10.94682254406942,59.30054130000087
NOR,"Seterliveien 5, 1162 Oslo, Norway",10.792105938676798,59.86645274323712
NOR,"Setersbergveien 50, 3340 Åmot, Norway",9.889435316384521,59.8968511400264
NOR,"Seterstøavegen 2B, 2150 Årnes, Norway",11.467446438720202,60.12105213018182
NOR,"Seterveien 11, 7273 Norddyrøy, Norway",8.68617891738478,63.79678799481914
NOR,"Seterveien 20, 9360 Bardu, Norway",18.327365814860627,68.86168403963637
NOR,"Setesdalsvegen 2012, 4741 Byglandsfjord, Norway",7.813071016135183,58.66689955287933
NOR,"Setesdalsvegen 3411, 4748 Rysstad, Norway",7.506484467306393,59.11140692378925
NOR,"Setesdalsvegen 870, 4720 Hægeland, Norway",7.754140704755741,58.3780106382342
NOR,"Sigdalsveien 1488, 3350 Prestfoss, Norway",9.737493540038116,60.00218324828995
NOR,"Sigerfjordveien 134, 8406 Sortland, Norway",15.486089901759328,68.65868272663033
NOR,"Sigrid Saxedatters veg 14, 7562 Saksvik, Norway",10.599222001898681,63.433480981473565
NOR,"Sigrid Undsets veg 66, 2624 Lillehammer, Norway",10.45186655151278,61.13397604373003
NOR,"Sigrid Undsets vei 12, 1412 Sofiemyr, Norway",10.811229502228656,59.79647596357225
NOR,"Sigurd Einbus veg 2, 7036 Trondheim, Norway",10.42425111421582,63.39341963333703
NOR,"Sigurd Hoels veg 13, 2120 Sagstua, Norway",11.53732242599935,60.39035534504353
NOR,"Sigurd Hoels vei 21, 0655 Oslo, Norway",10.787299839215024,59.916698145641334
NOR,"Sigurd Iversens vei 37B, 0281 Oslo, Norway",10.666382839282221,59.921694849581314
NOR,"Sigurd Lies gate 13, 0479 Oslo, Norway",10.777646568965935,59.9365071812349
NOR,"Sigurd Slembes veg 12, 7052 Trondheim, Norway",10.426291520905806,63.41831246084456
NOR,"Sigurds gate 14, 3043 Drammen, Norway",10.202903659177423,59.73034325043221
NOR,"Sigurds gate 20C, 0650 Oslo, Norway",10.774880289460953,59.91321047763955
NOR,"Sigurds gate 6, 5015 Bergen, Norway",5.320444137472862,60.39085561893455
NOR,"Sildreveien 30, 3123 Tønsberg, Norway",10.417095483474952,59.300905619422394
NOR,"Sildreveien 35, 9414 Harstad, Norway",16.556654906159565,68.75175307446708
NOR,"Sildreveien 4, 2007 Kjeller, Norway",11.055299626223416,59.96807757763568
NOR,"Silurveien 13, 0380 Oslo, Norway",10.65651951853954,59.928393373232524
NOR,"Simen Workinns veg 7, 9016 Tromsø, Norway",18.918253192174376,69.66317406839838
NOR,"Simensbråtveien 25B, 1182 Oslo, Norway",10.795967230012621,59.898967486759176
NOR,"Simon Darres vei 49B, 0669 Oslo, Norway",10.833266447686242,59.912000927101815
NOR,"Sinaveien 7, 9590 Hasvik, Norway",22.16649078864907,70.48654865961828
NOR,"Singervegen 16, 6788 Olden, Norway",6.8097006281882955,61.83268411636013
NOR,"Sinsenveien 29, 0585 Oslo, Norway",10.787273939134224,59.93114980400128
NOR,"Siriusvegen 113, 3942 Porsgrunn, Norway",9.66960733275377,59.09863047259796
NOR,"Siriusvegen 52, 9024 Tomasjord, Norway",19.040952687636462,69.67068618148133
NOR,"Sirnesvegen 124, 4438 Sira, Norway",6.660254228236283,58.415685071803495
NOR,"Sivert Nielsens gate 57, 8007 Bodø, Norway",14.400864613429121,67.28247753217931
NOR,"Sivert Nielsens gate 58, 8007 Bodø, Norway",14.405500057342238,67.28270107753701
NOR,"Sivert Nielsens gate 70, 8007 Bodø, Norway",14.40742923617708,67.28257363069923
NOR,"Sivles vei 14, 3060 Svelvik, Norway",10.398332006483486,59.61130467691055
NOR,"Sjåheimvegen 5, 3540 Nesbyen, Norway",9.09577352418367,60.56914377052763
NOR,"Sjekteveien 1, 4624 Kristiansand s, Norway",7.957975849489657,58.10402650763467
NOR,"Sjernarøyvegen 898, 4170 Sjernarøy, Norway",5.8430487596630485,59.255057656790626
NOR,"Sjøforsgata 2, 8613 Mo i Rana, Norway",14.170983710405864,66.32898030631662
NOR,"Sjøgata 20, 8445 Melbu, Norway",14.791725163716706,68.49908563238526
NOR,"Sjølies Vei 7, 1459 Nesodden, Norway",10.684737111760654,59.82953737481941
NOR,"Sjølystvegen 43, 7562 Saksvik, Norway",10.59104713173167,63.43897548664313
NOR,"Sjømannsgata 16, 1608 Fredrikstad, Norway",10.93586194838204,59.216114286899625
NOR,"Sjømyra 1, 8860 Tjøtta, Norway",12.419519830690462,65.82339434224338
NOR,"Sjøsetervegen 27, 2618 Lillehammer, Norway",10.503117782298062,61.13595572353151
NOR,"Sjøskogenveien 25, 1407 Vinterbro, Norway",10.767256613246758,59.743425724908434
NOR,"Sjøtunvegen 332, 9108 Kvaløya, Norway",18.275209087075297,69.58180745578454
NOR,"Sjøveien 4, 8407 Sortland, Norway",15.523680558206365,68.72961709682346
NOR,"Sjøveien 9, 4315 Sandnes, Norway",5.746680007198222,58.88364500779829
NOR,"Sjukehusveien 1, 4373 Egersund, Norway",6.010837362152927,58.46275540928485
NOR,"Sjyskardet 15, 6694 Foldfjorden, Norway",8.361051431093841,63.258472249497885
NOR,"Sjyveien 20, 8764 Lovund, Norway",12.361526113171834,66.36772703675913
NOR,"Sjyveien 3, 8450 Stokmarknes, Norway",14.910789679228685,68.58540766806593
NOR,"Skåbuvegen 2693, 2643 Skåbu, Norway",9.410114758373282,61.52538472857577
NOR,"Skadberg alle 2, 4051 Sola, Norway",5.6700368903903495,58.87927351001616
NOR,"Skadbergveien 175, 4051 Sola, Norway",5.680552658476188,58.88184520363893
NOR,"Skagan 7, 6690 Aure, Norway",8.67110523799019,63.32382741538987
NOR,"Skageåsvegen 1, 7860 Skage i Namdalen, Norway",11.75168750423552,64.47036003902105
NOR,"Skagevegen 208, 7805 Namsos, Norway",11.580584361953925,64.47666167955691
NOR,"Skagevegen 82, 5258 Blomsterdalen, Norway",5.27994864866136,60.286756949632775
NOR,"Skalandsvegen 99, 8664 Mosjøen, Norway",13.181538597299493,65.9072777470142
NOR,"Skålivegen 12, 4865 Åmli, Norway",8.74652417783929,58.90344314691771
NOR,"Skåningsrudveien 30, 1925 Blaker, Norway",11.371704484974828,59.99078230931926
NOR,"Skarestrand 2, 4812 Kongshavn, Norway",8.897442691446031,58.48438620962406
NOR,"Skaret 3, 6422 Molde, Norway",7.331375278221145,62.80183991082097
NOR,"Skaret terrasse 1, 4326 Sandnes, Norway",5.772509428566565,58.84196213858294
NOR,"Skarpsnobakken 11, 9403 Harstad, Norway",16.50791740813662,68.81438814514055
NOR,"Skarvaveien 101-103, 1350 Lommedalen, Norway",10.49435869347974,59.945700494547225
NOR,"Skåthaugen 1, 6010 Ålesund, Norway",6.363008053211047,62.45020029714806
NOR,"Skattøra 151, 9018 Tromsø, Norway",19.00639954908118,69.69773948644183
NOR,"Skaugdalsveien 951, 7100 Rissa, Norway",10.14983883600209,63.65060433449719
NOR,"Skaugveien 10, 3178 Våle, Norway",10.280516478363666,59.41197157810069
NOR,"Skaugveien 18, 1911 Flateby, Norway",11.14379869361585,59.8360769775864
NOR,"Skaunvegen 14, 2312 Ottestad, Norway",11.123696459049228,60.77377662098678
NOR,"Skavlisletta 137, 3189 Horten, Norway",10.444635148367212,59.43590052865255
NOR,"Skedsmogata 16, 2000 Lillestrøm, Norway",11.046924009475362,59.95865070259137
NOR,"Skedsmogata 19B, 0655 Oslo, Norway",10.784590053737446,59.91283685430551
NOR,"Skedsmogata 21, 0655 Oslo, Norway",10.785124316245827,59.91246138695277
NOR,"Skeiehagen 37, 4083 Hundvåg, Norway",5.723985920531675,59.006087220742415
NOR,"Skeisbotnen 58, 5217 Hagavik, Norway",5.406383120178418,60.17328408554815
NOR,"Skeismyra 14, 5217 Hagavik, Norway",5.414493198233885,60.17729331747503
NOR,"Skeisvollsvegen 46, 5518 Haugesund, Norway",5.271322832103493,59.42984552561765
NOR,"Skibvig ringvei 31, 4815 Saltrød, Norway",8.849221853934807,58.48718572337515
NOR,"Skiensvegen 385, 3830 Ulefoss, Norway",9.359299386553147,59.25563500228134
NOR,"Skilsøveien 183, 4818 Færvik, Norway",8.81166832931882,58.453608489806584
NOR,"Skilsøveien 385, 4818 Færvik, Norway",8.78511881864867,58.45760841782092
NOR,"Skinsnesheia 33, 4515 Mandal, Norway",7.486825048684523,58.02807481401976
NOR,"Skiringssalveien 28, 3208 Sandefjord, Norway",10.210694973455134,59.1341659702054
NOR,"Skirstadgutua 11, 2750 Gran, Norway",10.46447453898053,60.35781441518185
NOR,"Skistua 18, 8515 Narvik, Norway",17.442964388729536,68.43595200611091
NOR,"Skjævelandveien 20, 4322 Sandnes, Norway",5.693432961447826,58.8124121999426
NOR,"Skjånesvegen 135, 7970 Kolvereid, Norway",11.483915956450574,64.81328230575346
NOR,"Skjelbreiavegen 6, 2843 Eina, Norway",10.593198095724546,60.62743730872285
NOR,"Skjelbreivegen 15, 7670 Inderøy, Norway",11.335548894170472,63.949603919847675
NOR,"Skjellbekkveien 18, 9322 Karlstad, Norway",18.461135960398764,69.21388888694992
NOR,"Skjellerudvegen 2A, 2615 Lillehammer, Norway",10.453124758998456,61.121346653029946
NOR,"Skjellvikaveien 6, 3237 Sandefjord, Norway",10.282525788192885,59.11795947659667
NOR,"Skjelstadmarkvegen 47, 7520 Hegra, Norway",11.108214497150954,63.46826709502761
NOR,"Skjelstadmarkvegen 798, 7520 Hegra, Norway",11.084398157468257,63.51712302934246
NOR,"Skjenet 6, 5354 Straume, Norway",5.121118205190214,60.36482037993372
NOR,"Skjenlien 125, 5183 Olsvik, Norway",5.225740952988048,60.37710020336186
NOR,"Skjeraberget 20, 4365 Nærbø, Norway",5.651381959045011,58.66508176953769
NOR,"Skjerjavegen 51, 5729 Modalen, Norway",5.857481055826639,60.8353934580625
NOR,"Skjermvegen 78B, 7023 Trondheim, Norway",10.364185557870286,63.39724626550321
NOR,"Skjerstad, 8102 Skjerstad, Norway",15.020330000000058,67.23417000000006
NOR,"Skjetnemarkvegen 6B, 7081 Sjetnemarka, Norway",10.38760350569504,63.37313463137164
NOR,"Skjettenveien 106B, 2013 Skjetten, Norway",10.98948341374728,59.95957430450227
NOR,"Skjoldastraumsvegen 1029, 5567 Skjoldastraumen, Norway",5.609020490948581,59.431488336730524
NOR,"Skjoldavegen 173, 5532 Haugesund, Norway",5.298873644926999,59.4179825342344
NOR,"Skjoldavegen 318, 5534 Haugesund, Norway",5.329638833799237,59.40962938098684
NOR,"Skjoldlia 53, 5236 Rådal, Norway",5.3324214580154035,60.30623008045657
NOR,"Skjoldstølen 20, 5236 Rådal, Norway",5.336940309655347,60.30567176188606
NOR,"Skjoldvegen 6, 5221 Nesttun, Norway",5.337139547493848,60.30906580402939
NOR,"Skjomenveien - Elvegård 210, 8523 Skjomen, Norway",17.411882112460148,68.24542036663993
NOR,"Skoganvegen 34, 6690 Aure, Norway",8.533194180826285,63.26964067447449
NOR,"Skogåsveien 75, 1454 Fagerstrand, Norway",10.604797224795817,59.73572983859839
NOR,"Skogblomstveien 2, 1470 Lørenskog, Norway",10.95470237124465,59.94309590195451
NOR,"Skogbrynet 33, 0283 Oslo, Norway",10.646544467027553,59.917390574662676
NOR,"Skogbrynet 52, 1513 Moss, Norway",10.639987890906639,59.44586254630511
NOR,"Skogduevegen 33, 2032 Maura, Norway",11.025887947075944,60.25112208456318
NOR,"Skogfaret 28, 0382 Oslo, Norway",10.641387920194006,59.93322587568929
NOR,"Skogfaret 59, 1825 Tomter, Norway",10.997793484012504,59.66493079423202
NOR,"Skogheimsvingen 4, 2423 Østby, Norway",12.51965197386204,61.25509114994438
NOR,"Skoghusveien 40, 1400 Ski, Norway",10.861963569588,59.725213525688844
NOR,"Skoghusveien 7, 1400 Ski, Norway",10.862987670517981,59.7263576554723
NOR,"Skogliveien 142, 3047 Drammen, Norway",10.148162790643113,59.74237304168864
NOR,"Skoglyvegen 3, 7805 Namsos, Norway",11.534978929690539,64.47301919780347
NOR,"Skogmovegen 10, 2053 Jessheim, Norway",11.195043721792786,60.137230837781544
NOR,"Skograndvegen 13, 2164 Skogbygda, Norway",11.51859172224934,60.23145596041877
NOR,"Skograndveien 36, 7200 Kyrksæterøra, Norway",9.081436530259168,63.304104755308515
NOR,"Skogstadvegen 16, 2917 Skrautvål, Norway",9.206652859787766,61.03275282822213
NOR,"Skogstuveien 20, 1363 Høvik, Norway",10.571468011742212,59.89453664510256
NOR,"Skogtunet 2, 1369 Stabekk, Norway",10.594545905755155,59.909035158301265
NOR,"Skogvegen 16, 4353 Klepp Stasjon, Norway",5.710810490749225,58.78735823034651
NOR,"Skogvegen 18, 6150 Ørsta, Norway",6.118639030549048,62.206039564779985
NOR,"Skogvegen 37, 7620 Skogn, Norway",11.1845632415193,63.70392551818114
NOR,"Skogvegen 4, 7670 Inderøy, Norway",11.152426438011418,63.86347362020214
NOR,"Skogvegen 5, 2022 Gjerdrum, Norway",11.000601673033373,60.07437553260215
NOR,"Skogvegen 7, 6060 Hareid, Norway",5.960677203703995,62.35616406069889
NOR,"Skogveien 16, 1433 Ås, Norway",10.780614265604243,59.668687479416235
NOR,"Skogveien 26A, 2500 Tynset, Norway",10.788562070014223,62.271429306022554
NOR,"Skogveien 30B, 1406 Ski, Norway",10.818152032242239,59.725601021072634
NOR,"Skogveien 4B, 4330 Ålgård, Norway",5.837444511094865,58.77329594788929
NOR,"Skogveien 64A, 1368 Stabekk, Norway",10.601946790982936,59.91221097759541
NOR,"Skoieveien 172, 4516 Mandal, Norway",7.554197277666162,58.06766551829301
NOR,"Skolbakkan 7, 7890 Namsskogan, Norway",13.163006125559576,64.92528984552496
NOR,"Skolbakken 6, 8752 Konsvikosen, Norway",13.09054096838949,66.49897205014665
NOR,"Skolealleen 4, 2166 Oppaker, Norway",11.515433169675731,60.18035564580018
NOR,"Skoleåsen 81, 9513 Alta, Norway",23.24802686611565,69.95810101272451
NOR,"Skolebakken 108, 8186 Tjongsfjorden, Norway",13.419900226136633,66.6973844388022
NOR,"Skolebakken 24, 9389 Husøy i Senja, Norway",17.65969701933659,69.54395163783056
NOR,"Skolebakken 6, 1628 Engelsviken, Norway",10.749852345674242,59.25374542793898
NOR,"Skolegata 15, 7130 Brekstad, Norway",9.652628195310314,63.684915571326826
NOR,"Skolegata 15, 1831 Askim, Norway",11.156571372950708,59.58330379779605
NOR,"Skolegata 19, 3046 Drammen, Norway",10.196886709982948,59.73367610468236
NOR,"Skolegata 24, 7504 Stjørdal, Norway",10.922744940464725,63.4726754731837
NOR,"Skolegata 42, 7900 Rørvik, Norway",11.236298024298776,64.86882611870246
NOR,"Skolegata 7, 2821 Gjøvik, Norway",10.685253101720122,60.796388606911705
NOR,"Skolemesterens vei 3, 1542 Vestby, Norway",10.708292438978475,59.603702751735085
NOR,"Skolemestervegen 50, 6006 Ålesund, Norway",6.150230591255337,62.457961101298196
NOR,"Skolestubben 4, 7940 Ottersøy, Norway",11.291375258607502,64.85784331097167
NOR,"Skolevegen 12, 2040 Kløfta, Norway",11.131473356453455,60.068234866516775
NOR,"Skolevegen 15, 7310 Gjølme, Norway",9.807229214258143,63.31829795768405
NOR,"Skolevegen 19, 6630 Tingvoll, Norway",8.200836464856224,62.9155466300042
NOR,"Skolevegen 1A, 4820 Froland, Norway",8.655586563356024,58.5042001905405
NOR,"Skolevegen 2, 2743 Harestua, Norway",10.710517415176383,60.212515038537106
NOR,"Skolevegen 22, 6494 Vevang, Norway",7.278525618500311,62.99993579881263
NOR,"Skolevegen 23, 2040 Kløfta, Norway",11.133471434532424,60.069257458704186
NOR,"Skolevegen 24, 2428 Søre Osen, Norway",11.989288642997536,61.10524698677716
NOR,"Skolevegen 30, 6521 Frei, Norway",7.816280446861072,63.09401763281505
NOR,"Skolevegen 54, 7604 Levanger, Norway",11.322155786362543,63.7449345242907
NOR,"Skolevegen 7, 2846 Bøverbru, Norway",10.678760395701403,60.66463808094366
NOR,"Skolevegen 7, 2383 Brumunddal, Norway",10.93865261922528,60.887409830879136
NOR,"Skolevegen 7, 2340 Løten, Norway",11.338236551423677,60.81761963237898
NOR,"Skolevegen 8, 3522 Bjoneroa, Norway",10.297412132051505,60.515826735885724
NOR,"Skoleveien - Furuflaten 4, 9062 Furuflaten, Norway",20.15143290169138,69.4410949151223
NOR,"Skoleveien 1, 9935 Bugøynes, Norway",29.640910452995882,69.97349412644911
NOR,"Skoleveien 1, 3174 Revetal, Norway",10.266454075587205,59.374612429819365
NOR,"Skoleveien 12, 4810 Eydehavn, Norway",8.87217259447658,58.50076348451003
NOR,"Skoleveien 14, 1480 Slattum, Norway",10.914186011494223,60.009288671430795
NOR,"Skoleveien 14, 1430 Ås, Norway",10.785279716730713,59.66269873532593
NOR,"Skoleveien 18, 8270 Drag, Norway",16.08124911602644,68.04227107113334
NOR,"Skoleveien 19, 8481 Bleik, Norway",15.965024892224477,69.27298587247404
NOR,"Skoleveien 20, 9612 Forsøl, Norway",23.79714579498261,70.72192515745849
NOR,"Skoleveien 21, 7266 Kverva, Norway",8.555162729953963,63.70618289043483
NOR,"Skoleveien 27, 8315 Laukvik, Norway",14.47152942161614,68.39043244644554
NOR,"Skoleveien 4, 8215 Valnesfjord, Norway",15.175717750180382,67.29427162431844
NOR,"Skoleveien 46, 9386 Senjahopen, Norway",17.486192629433333,69.49801071989256
NOR,"Skoleveien 50, 2480 Koppang, Norway",11.063639619882991,61.5672947892767
NOR,"Skoleveien 51, 9510 Alta, Norway",23.286733824427586,69.97223533223021
NOR,"Skoleveien 9, 9440 Evenskjer, Norway",16.584274869684265,68.57915397201626
NOR,"Skolevollen 19, 4017 Stavanger, Norway",5.734213099691175,58.93884667145966
NOR,"Skollerudveien 100A, 1350 Lommedalen, Norway",10.501797381090825,59.95370420625139
NOR,"Skollerudveien 41, 1353 Bærums Verk, Norway",10.513545288943476,59.94391548444699
NOR,"Skollerudveien 71, 1353 Bærums Verk, Norway",10.514638875850778,59.946933975418546
NOR,"Skolsegglia 3, 2019 Skedsmokorset, Norway",11.020683791032383,59.99893567990463
NOR,"Skomagergada 8, 4628 Kristiansand s, Norway",7.92275123667099,58.1478471393454
NOR,"Skonnertvegen 7, 5535 Haugesund, Norway",5.319971230495696,59.39879476530422
NOR,"Skonnertveien 12, 4876 Grimstad, Norway",8.586787147720713,58.33655387085702
NOR,"Skonsengheia 20, 8615 Skonseng, Norway",14.34428165403395,66.3567934308
NOR,"Skorafjellet 34, 5360 Kolltveit, Norway",5.089139735833328,60.348771759471276
NOR,"Skorkebergåsen 31, 1447 Drøbak, Norway",10.648686513542915,59.65971057786132
NOR,"Skovveien 9, 0257 Oslo, Norway",10.717288484199571,59.917017957156986
NOR,"Skøyen terrasse 21, 0276 Oslo, Norway",10.681824819502339,59.92705817796619
NOR,"Skøyenveien 36B, 0375 Oslo, Norway",10.688739721984007,59.92933189493107
NOR,"Skøyteveien 2, 4374 Egersund, Norway",5.976129493665013,58.447534962765644
NOR,"Skranevegen 8, 5252 Søreidgrend, Norway",5.271824405189534,60.30196226681673
NOR,"Skråtorpveien 2C, 1640 Råde, Norway",10.86929454974333,59.35183347638315
NOR,"Skredbakka 55, 4048 Hafrsfjord, Norway",5.615729198612144,58.960928418189724
NOR,"Skreddarstuguvegen, 2642 Kvam, Norway",9.690760747866323,61.66617195500086
NOR,"Skreddarvegen, 7327 Svorkmo, Norway",9.76964581317704,63.19867470701373
NOR,"Skredderveien 100, 1537 Moss, Norway",10.696655172247745,59.458827213132196
NOR,"Skredderveien 85, 1537 Moss, Norway",10.693662162261859,59.45719542422202
NOR,"Skredsvikmoen 55, 3360 Geithus, Norway",9.959123213756413,59.92237592112383
NOR,"Skrellenveien 1, 1613 Fredrikstad, Norway",10.927388095728759,59.22802551613563
NOR,"Skreppestadveien 143, 3261 Larvik, Norway",10.078320498614715,59.050081525486945
NOR,"Skrivarvegen 4, 3810 Gvarv, Norway",9.186809123115069,59.387077199941075
NOR,"Skrivervegen 13, 3946 Porsgrunn, Norway",9.697097712055353,59.1272287718613
NOR,"Skuiveien 137, 1339 Vøyenenga, Norway",10.47909021865533,59.90711930669244
NOR,"Skuldveien 2, 5043 Bergen, Norway",5.298463602223649,60.424607950460455
NOR,"Skulebakken 1, 6391 Tresfjord, Norway",7.126641509647783,62.52132669674293
NOR,"Skulebakken 10, 3760 Neslandsvatn, Norway",9.1600679183193,58.970607756157676
NOR,"Skulebrekka 31, 5337 Rong, Norway",4.947583556616479,60.481892810427524
NOR,"Skulegata 14, 4360 Varhaug, Norway",5.649739189841654,58.6167543980371
NOR,"Skulegata 2A, 6657 Rindal, Norway",9.211182775539896,63.05806622517204
NOR,"Skulehagen 5, 4362 Vigrestad, Norway",5.7038468894101015,58.56876527823917
NOR,"Skulehusbakken 30, 6773 Nordfjordeid, Norway",5.883449700606718,61.92436914514954
NOR,"Skuleplassen 7B, 6165 Sæbø, Norway",6.474351662432014,62.2069460256989
NOR,"Skuleskogen 5, 4182 Skartveit, Norway",5.956046453656654,59.199240342341
NOR,"Skulevegen 10, 4270 Åkrehamn, Norway",5.196526919117446,59.25647713209338
NOR,"Skulevegen 10, 6296 Harøy, Norway",6.461340769408906,62.77192661667797
NOR,"Skulevegen 10, 5783 Eidfjord, Norway",7.075047961936832,60.46340794789762
NOR,"Skulevegen 13, 3882 Åmdals Verk, Norway",8.036419231461565,59.37720998161342
NOR,"Skulevegen 16, 6160 Hovdebygda, Norway",6.079708610698447,62.18430344582737
NOR,"Skulevegen 16, 6887 Lærdal, Norway",7.497804252196943,61.101497593848734
NOR,"Skulevegen 28, 5745 Aurland, Norway",7.19940070398124,60.903056706722396
NOR,"Skulevegen 3, 2672 Sel, Norway",9.414346613648519,61.851223461260645
NOR,"Skulevegen 4, 2682 Lalm, Norway",9.279127153232281,61.81387948422409
NOR,"Skulevegen 4, 4270 Åkrehamn, Norway",5.195244571750635,59.25648455007769
NOR,"Skulevegen 41, 4755 Hovden i Setesdal, Norway",7.3570168611393285,59.56404788399303
NOR,"Skulevegen 8, 5462 Herøysundet, Norway",5.796136840151689,59.92220488838953
NOR,"Skulevegen 9, 3850 Kviteseid, Norway",8.473450405743648,59.41099286517641
NOR,"Skulevegen 9, 5745 Aurland, Norway",7.1977715972800524,60.902911867435506
NOR,"Skullerudveien 61, 1188 Oslo, Norway",10.837561334873357,59.86773944919358
NOR,"Skulstadvegen 8, 5263 Trengereid, Norway",5.628656691698666,60.42704557554194
NOR,"Skurdalsvegen 480, 3580 Geilo, Norway",8.298119934414558,60.47843783184814
NOR,"Skysetveien 5F, 1481 Hagan, Norway",10.929703931757103,59.99835024587733
NOR,"Skysetveien 8, 1481 Hagan, Norway",10.932273068899406,59.998309970832565
NOR,"Skytebaneveien 15, 4309 Sandnes, Norway",5.790158196254708,58.86352278239258
NOR,"Skytehusrabben 13, 4865 Åmli, Norway",8.493264135202992,58.772239330584284
NOR,"Skytjelvveien 2, 8050 Tverlandet, Norway",14.729155597616511,67.29333218061055
NOR,"Skyttamyrveien 2, 1481 Hagan, Norway",10.903955228116331,59.99389815609618
NOR,"Skyttelveien 2, 3057 Solbergelva, Norway",10.072613931294825,59.766100030283496
NOR,"Skytten 24, 1348 Rykkinn, Norway",10.481456681378859,59.928608201410896
NOR,"Skytterdalen 11, 1337 Sandvika, Norway",10.525226141570698,59.89710963792032
NOR,"Skytterhusveien 6, 9775 Gamvik, Norway",28.24304185260229,71.06373497800143
NOR,"Skyttervegen 8, 7088 Heimdal, Norway",10.344444750968563,63.3608191429455
NOR,"Skytterveien 16, 9750 Honningsvåg, Norway",25.98055730852323,70.99564714403621
NOR,"Skytterveien 23A, 5038 Bergen, Norway",5.313539460913063,60.42216818799366
NOR,"Skytterveien 50, 4642 Søgne, Norway",7.762821590417445,58.10595568646954
NOR,"Slalåmveien 10, 0380 Oslo, Norway",10.653047482787201,59.93373587258799
NOR,"Slåtthaugvegen 25, 5222 Nesttun, Norway",5.35387041296525,60.308492733309265
NOR,"Sleipnes Vei 8, 7040 Trondheim, Norway",10.431089657559568,63.44712009813969
NOR,"Sleiverudåsen 3, 1354 Bærums Verk, Norway",10.504275071669497,59.94519711935203
NOR,"Slemdalsgata 29, 3717 Skien, Norway",9.597998303174052,59.21366320886355
NOR,"Slemdalsgata 31, 3722 Skien, Norway",9.595804135654097,59.213289369461066
NOR,"Slemdalsveien 93, 0373 Oslo, Norway",10.708542629264844,59.94737531876148
NOR,"Slettåsen 25, 3014 Drammen, Norway",10.202738368046823,59.75530631828835
NOR,"Slettastien 10, 4276 Veavågen, Norway",5.2380113048656085,59.28722664680669
NOR,"Slettavegen 124, 4276 Veavågen, Norway",5.243871344832655,59.28744633648893
NOR,"Slettavegen 60, 9101 Kvaløysletta, Norway",18.867294741267017,69.69235905897449
NOR,"Slettebakksveien 41, 5093 Bergen, Norway",5.359701535366327,60.36476522701082
NOR,"Slettenveien 11, 7168 Lysøysundet, Norway",9.873475586005242,63.88512965006993
NOR,"Sletterødåsen 7, 3180 Nykirke, Norway",10.373530457901552,59.422736498258416
NOR,"Slettevegen 872, 5939 Sletta, Norway",5.032243460897462,60.691838739762005
NOR,"Slettevollsholten 11, 6908 Florø, Norway",5.1325181802420445,61.60211246069619
NOR,"Slettheiveien 71, 4626 Kristiansand s, Norway",7.933743131508271,58.13567729187729
NOR,"Slettmyrveien 10, 4034 Stavanger, Norway",5.712937650137093,58.90222190362505
NOR,"Slimeveien 10, 1275 Oslo, Norway",10.839337879251389,59.83166185199826
NOR,"Sliperigata 2, 2670 Otta, Norway",9.535815813362518,61.76693915006098
NOR,"Sliperiveien 5, 2450 Rena, Norway",11.372147887652801,61.12862725794716
NOR,"Sloraveien 14E, 1462 Fjellhamar, Norway",10.964566949272779,59.93414247871104
NOR,"Sloreåsen 6, 1257 Oslo, Norway",10.794679182951654,59.843936646284504
NOR,"Slottsberget 6, 1385 Asker, Norway",10.382582494235862,59.81959601855817
NOR,"Sluppenvegen 12E, 7037 Trondheim, Norway",10.396837177871191,63.39522526291907
NOR,"Sluppenvegen 12F, 7037 Trondheim, Norway",10.396301741896337,63.394916305968025
NOR,"Slusevegen 19, 3825 Lunde, Norway",9.092563674362651,59.29782116287288
NOR,"Smååsane 2, 4706 Vennesla, Norway",7.9497521966461875,58.264699293423774
NOR,"Smalgangen 22, 0188 Oslo, Norway",10.759877940062381,59.91294456176132
NOR,"Småmyrene 19, 4821 Rykene, Norway",8.641464649067018,58.414876595332686
NOR,"Smaragdveien 18, 1639 Gamle Fredrikstad, Norway",11.014892315033308,59.21186839193658
NOR,"Smeden 4, 3514 Hønefoss, Norway",10.342209548848786,60.17727605075447
NOR,"Smedhaugen 1, 7332 Løkken Verk, Norway",9.690596450941479,63.12561253712193
NOR,"Smedhusåsen 11, 1570 Dilling, Norway",10.684274179248263,59.389045145078114
NOR,"Smedsrudveien 23, 1405 Langhus, Norway",10.828697220808209,59.757324051930254
NOR,"Smellhauggata 36, 3320 Vestfossen, Norway",9.858293528602587,59.73013081109622
NOR,"Smestadenga 23, 2619 Lillehammer, Norway",10.452879755968638,61.13038997218496
NOR,"Smestadvegen 16, 2619 Lillehammer, Norway",10.448187147475863,61.134733809686594
NOR,"Smetten 29, 3302 Hokksund, Norway",9.87479062279445,59.77281854477377
NOR,"Smietunet 80, 4027 Stavanger, Norway",5.685209560061423,58.98245444473926
NOR,"Smievegen 18, 3721 Skien, Norway",9.571623722823148,59.246300286262425
NOR,"Smiuvegen 257, 0981 Oslo, Norway",10.918668401855342,59.95438075156622
NOR,"Smiuvegen 6, 2660 Dombås, Norway",9.12370613269681,62.07715045291798
NOR,"Smørbukkveien 11, 4314 Sandnes, Norway",5.734503700274274,58.88482061162816
NOR,"Snarøyveien 147, 1367 Snarøya, Norway",10.609456999126857,59.88058762144407
NOR,"Snarøyveien 81, 1364 Fornebu, Norway",10.621500681443848,59.890152113461
NOR,"Snarveien 2, 1711 Sarpsborg, Norway",11.087861978955516,59.27988728474821
NOR,"Snarveien 5B, 8480 Andenes, Norway",16.121689032819916,69.31564900526575
NOR,"Snauvollan 4, 7170 Åfjord, Norway",10.222423100016272,63.96677240448389
NOR,"Snekkaråsen 8, 8820 Dønna, Norway",12.493387028804705,66.10742988349284
NOR,"Snerthammerveien 15, 4407 Flekkefjord, Norway",6.67422987831489,58.28414027964888
NOR,"Snertingdalsvegen 150, 2836 Biri, Norway",10.653529190762669,60.8864845525876
NOR,"Sneveien 75, 8072 Bodø, Norway",14.491304259044739,67.27868987586288
NOR,"Snøklokkeveien 4, 1475 Finstadjordet, Norway",10.960489321016013,59.915394927335626
NOR,"Snømyr 16A, 4708 Vennesla, Norway",7.986820325249255,58.2571039480423
NOR,"Søebergs gate 4, 3211 Sandefjord, Norway",10.21970677665422,59.12994769361333
NOR,"Sofienberggata 37, 0558 Oslo, Norway",10.767735974289366,59.92147063367136
NOR,"Sofienberggata 3B, 0551 Oslo, Norway",10.756015139983987,59.92209428917715
NOR,"Sofienberggata 58, 0563 Oslo, Norway",10.776222064521278,59.920916506052436
NOR,"Sognefjordvegen 92, 6863 Leikanger, Norway",6.8327736606973986,61.186096310236536
NOR,"Sogneprest Munthe-Kaas vei 1, 1346 Gjettum, Norway",10.51356800390107,59.9023874289833
NOR,"Sognsvannsveien 21, 0372 Oslo, Norway",10.719320006072195,59.949369337386145
NOR,"Sognsveien 13, 0851 Oslo, Norway",10.730770691638241,59.9399328650627
NOR,"Sogstiveien 4, 1446 Drøbak, Norway",10.641546421983065,59.66592970754297
NOR,"Sokkabekkveien 1, 3478 Nærsnes, Norway",10.501831998350951,59.75442458398379
NOR,"Soknesøran 2, 7290 Støren, Norway",10.28850904213661,63.03435574892646
NOR,"Soknesøran 8, 7290 Støren, Norway",10.270751980259433,63.0307586132692
NOR,"Sola Prestegårdsveg 9, 4055 Sola, Norway",5.616142007343541,58.90053127375455
NOR,"Solåsen 2, 5223 Nesttun, Norway",5.364372339339342,60.31461429829386
NOR,"Solåsen 52, 5223 Nesttun, Norway",5.372573540253825,60.31233964968115
NOR,"Solåsveien 4, 1791 Tistedal, Norway",11.436817707231654,59.13659705740241
NOR,"Solåsveien 49, 4331 Ålgård, Norway",5.868956970921232,58.76964626310843
NOR,"Solbærvegen 88, 2409 Elverum, Norway",11.56561319323518,60.91051580426773
NOR,"Solbakken 16, 5038 Bergen, Norway",5.300210558483485,60.426831711282404
NOR,"Solbakken allé 4A, 1086 Oslo, Norway",10.920667234305597,59.94330670681936
NOR,"Solbergliveien 14, 0671 Oslo, Norway",10.8386925565259,59.908599425064665
NOR,"Solbergliveien 85, 0683 Oslo, Norway",10.842944025454557,59.899800857482376
NOR,"Solbergveien 104, 4934 Nes Verk, Norway",8.86648656281946,58.62451063405001
NOR,"Solbjørvegen 60, 4139 Fister, Norway",6.077802985011516,59.17557592465337
NOR,"Solborgveien 35, 4021 Stavanger, Norway",5.698307876334667,58.95163267802059
NOR,"Soleiestien 2, 4340 Bryne, Norway",5.642560005952873,58.72844309021181
NOR,"Soleievegen 2, 3929 Porsgrunn, Norway",9.665743443027964,59.11452838644129
NOR,"Soleievegen 7, 3734 Skien, Norway",9.61555134952792,59.18172706811768
NOR,"Soleivegen 30, 7340 Oppdal, Norway",9.670966206896566,62.58918687821793
NOR,"Solemskogveien 3, 0496 Oslo, Norway",10.814514621540212,59.97838011010475
NOR,"Solemsvegen 29, 7024 Trondheim, Norway",10.313985753019324,63.39911702247295
NOR,"Solerunden 11, 1540 Vestby, Norway",10.757983713763764,59.59512517303003
NOR,"Soleveien 65, 3209 Sandefjord, Norway",10.209774137572282,59.1062447610806
NOR,"Solfjellshøgda 28, 0677 Oslo, Norway",10.79963355828059,59.899321622168316
NOR,"Solhauglie 8, 2943 Rogne, Norway",9.129238691706774,61.08178612360814
NOR,"Solhaugveien 13, 5161 Laksevåg, Norway",5.302143844450882,60.378636187118786
NOR,"Solheimsdalen, 6800 Førde, Norway",5.690828327257241,61.43029141664087
NOR,"Solheimslien 12, 5056 Bergen, Norway",5.327032397187793,60.37585310189792
NOR,"Solielunden 32, 1523 Moss, Norway",10.679161469768331,59.42379928167156
NOR,"Sollerudveien 22, 0283 Oslo, Norway",10.641989992299102,59.91861496116903
NOR,"Sollia 14A, 4521 Lindesnes, Norway",7.202478287370155,58.04942381477423
NOR,"Sollia 30, 5420 Rubbestadneset, Norway",5.263032794586877,59.816356622528446
NOR,"Sollien 129, 5096 Bergen, Norway",5.375674006238427,60.365552287719
NOR,"Sollien 36C, 5096 Bergen, Norway",5.364169592673051,60.37081603909414
NOR,"Sollistrandsveien 12, 3187 Horten, Norway",10.48074639890379,59.406063677466506
NOR,"Solliveien 64, 9303 Silsand, Norway",17.773651339939647,69.19313885699637
NOR,"Sølndalsveien 47, 2560 Alvdal, Norway",10.566298556777781,62.13073185278603
NOR,"Solnesveien 6, 3159 Melsomvik, Norway",10.338347000227458,59.22302508224874
NOR,"Soløyvannsveien 100, 8073 Bodø, Norway",14.475832523068334,67.27959994100016
NOR,"Solplassvegen 22, 2319 Hamar, Norway",11.064512511279673,60.811846638476396
NOR,"Solsidavegen 14, 6631 Batnfjordsøra, Norway",7.667665447885014,62.90013926704421
NOR,"Solsidevegen 2, 6006 Ålesund, Norway",6.138985178498075,62.45780327006142
NOR,"Solsletta 16, 4658 Tveit, Norway",8.121490435731346,58.23359627194404
NOR,"Solstadveien 77, 1395 Hvalstad, Norway",10.460345098031837,59.85925998066517
NOR,"Solstadveien 79, 1395 Hvalstad, Norway",10.460622036112767,59.85905931790316
NOR,"Solstrandvegen 97, 9020 Tromsdalen, Norway",18.96185459520754,69.63455129397778
NOR,"Soltunveien 4, 9911 Jarfjord, Norway",30.13195427606439,69.73320533043389
NOR,"Soltveitvegen 53, 5911 Alversund, Norway",5.212887136830432,60.58120013241711
NOR,"Solvang 17, 6810 Førde, Norway",5.886370039492078,61.46117390201482
NOR,"Solvangen 181, 7027 Trondheim, Norway",10.362692657095693,63.39235944831387
NOR,"Solveien 16, 1177 Oslo, Norway",10.779417665106905,59.88035760814341
NOR,"Solveien 24B, 1177 Oslo, Norway",10.779935834361197,59.87935366569056
NOR,"Sølvhagen 12, 4373 Egersund, Norway",6.0237894142157415,58.47183699182787
NOR,"Sølvstråveien 44, 3261 Larvik, Norway",10.091402470176774,59.04421771366344
NOR,"Sommarfjøsbakken 19, 8450 Stokmarknes, Norway",14.899687094101523,68.56003791026774
NOR,"Sommarøyvegen 32, 9110 Sommarøy, Norway",18.021462055864504,69.63236361724901
NOR,"Sommerfjøshaugen 1G, 9407 Harstad, Norway",16.520583804939207,68.78818820174234
NOR,"Sommerlystvegen 26, 9012 Tromsø, Norway",18.926978753380013,69.65114754608419
NOR,"Sommerskaret 22, 8310 Kabelvåg, Norway",14.46983367878471,68.21015535304795
NOR,"Sommerslettveien 5, 8907 Brønnøysund, Norway",12.237605625874181,65.49098101234574
NOR,"Sømsveien 110, 4870 Fevik, Norway",8.6997927207033,58.38523470721452
NOR,"Sømsveien 167, 4870 Fevik, Norway",8.71487670983882,58.38946354500459
NOR,"Sømsveien 4, 4870 Fevik, Norway",8.677692072781582,58.38013335521339
NOR,"Søndersrødveien 49, 3295 Helgeroa, Norway",9.870872585974098,58.985343183849636
NOR,"Søndre Ånstadsjøveien 12, 8416 Sortland, Norway",15.40318516800329,68.71793599273914
NOR,"Søndre Borgen 16, 1388 Borgen, Norway",10.422270208542379,59.82707763878043
NOR,"Søndre Falkumveg 11, 3725 Skien, Norway",9.598048929869208,59.20354185123162
NOR,"Søndre vei 12, 1397 Nesøya, Norway",10.52552420204762,59.862556247907946
NOR,"Søndre Villavei 3, 3160 Stokke, Norway",10.308865248369443,59.217472406671135
NOR,"Songdalsvegen 788, 4646 Finsland, Norway",7.642410186884177,58.273345519915836
NOR,"Sonja Henies vei 14, 1363 Høvik, Norway",10.560696260333373,59.89170716604764
NOR,"Sønnaveien 59, 1476 Rasta, Norway",10.928803799175114,59.915287513246426
NOR,"Sons gate 2, 0654 Oslo, Norway",10.781616238309823,59.9157512001301
NOR,"Sonsveien 51, 1555 Son, Norway",10.69998873895966,59.516761922052495
NOR,"Sønvismoen 46, 9537 Tverrelvdalen, Norway",23.489414110542015,69.92508146908372
NOR,"Søråsen 20, 1356 Bekkestua, Norway",10.581403835947356,59.91110196798624
NOR,"Søråshøgda 311, 5235 Rådal, Norway",5.321251817662841,60.30166056021193
NOR,"Sørbøveien 59, 4320 Sandnes, Norway",5.73190463973765,58.826726101723835
NOR,"Sørbøveien 8, 4150 Rennesøy, Norway",5.698083408967619,59.10452362108256
NOR,"Sørbruvegen 25, 7088 Heimdal, Norway",10.34925051515421,63.356032489499086
NOR,"Søre Austmarka 2, 5938 Sæbøvågen, Norway",5.177846003872276,60.61860982357459
NOR,"Søre Ramsvigvei 46, 4015 Stavanger, Norway",5.759750998467098,58.959099906012
NOR,"Sørenga 2, 7032 Trondheim, Norway",10.417692107342958,63.406931554622446
NOR,"Sørengkaia 76, 0194 Oslo, Norway",10.755409044565369,59.90266105621245
NOR,"Sorenskrivervegen 7, 2005 Rælingen, Norway",11.037287922127774,59.94698833206061
NOR,"Sørestrandvegen 1235, 6222 Ikornnes, Norway",6.4650403738324655,62.397918846643506
NOR,"Sørfrøyveien 137, 7263 Hamarvik, Norway",8.790000271419984,63.698112752148006
NOR,"Sørgrenda 486, 7622 Markabygda, Norway",11.257423102509904,63.60397337638025
NOR,"Sørheia 1A, 4640 Søgne, Norway",7.817759936590562,58.08480525300129
NOR,"Sørkedalsveien 150C, 0754 Oslo, Norway",10.656078378975423,59.94168933478264
NOR,"Sørlandsvegen 13, 6639 Torvikbukt, Norway",7.860553240338589,62.94358744888734
NOR,"Sørlifjellet 3, 1788 Halden, Norway",11.308855550041812,59.11995487246659
NOR,"Sørligata 4, 0577 Oslo, Norway",10.768239391394076,59.91378472182609
NOR,"Sørliveien 111, 1788 Halden, Norway",11.298267781407702,59.124534115718916
NOR,"Sørliveien 8, 1482 Nittedal, Norway",10.864230120025695,60.05748624916072
NOR,"Sørmarkveien 22, 4019 Stavanger, Norway",5.720699124839484,58.9395227976793
NOR,"Sørsida 1801, 6730 Davik, Norway",5.538407650561254,61.88769341534362
NOR,"Sørsida 25, 6734 Rugsund, Norway",5.313904828072481,61.8707278565833
NOR,"Sørsidevegen 3011, 5962 Bjordal, Norway",5.799786907527505,61.06765092400258
NOR,"Sørsidevegen 982, 7520 Hegra, Norway",11.099250973714163,63.46012311217382
NOR,"Sørstrandvegen 18, 6906 Florø, Norway",5.030924316975728,61.58696636165817
NOR,"Sørstrandveien 30, 4076 Vassøy, Norway",5.788377293287027,58.99809092702256
NOR,"Sørveien 17b, 7260 Sistranda, Norway",8.827635519591922,63.72889378281724
NOR,"Sørvollvegen 6, 8700 Nesna, Norway",13.033174552504533,66.19607089841554
NOR,"Søster Borghilds veg 30, 2312 Ottestad, Norway",11.112866201956223,60.78727328720842
NOR,"Søstrene Ratviks veg 14, 6015 Ålesund, Norway",6.261810989241042,62.46278195290955
NOR,"Søylandsveien 124, 4404 Flekkefjord, Norway",6.636915405577469,58.30008718571631
NOR,"Spangereidveien 1051, 4521 Lindesnes, Norway",7.1944428082529726,58.05134318678236
NOR,"Spannavegen 28, 5531 Haugesund, Norway",5.289266726602449,59.41020354135438
NOR,"Spannavegen 320, 5542 Karmsund, Norway",5.31746696928397,59.385482291404855
NOR,"Speiderveien 2, 3121 Nøtterøy, Norway",10.409428053726174,59.25436556304544
NOR,"Speiderveien 7, 1605 Fredrikstad, Norway",10.94782694752692,59.213321604399624
NOR,"Spelhaugen 24, 5147 Fyllingsdalen, Norway",5.271496505137293,60.354841556565304
NOR,"Spillumvegen 17, 7820 Spillum, Norway",11.512470334541263,64.44225773887814
NOR,"Spireaveien 14D, 0580 Oslo, Norway",10.800930406339887,59.93234535676072
NOR,"Spireaveien 27, 9515 Alta, Norway",23.374434683180624,69.96521213555951
NOR,"Sponga 37, 8063 Værøy, Norway",12.695401288892782,67.66844246427922
NOR,"Spongdalsvegen 581, 7074 Spongdal, Norway",10.164584363887371,63.376230235852404
NOR,"Spongdalsvegen 67, 7070 Bosberg, Norway",10.146817495183456,63.419405712475736
NOR,"Sponhoggbakken 3, 0284 Oslo, Norway",10.63148377958288,59.92359523657876
NOR,"Sponhoggveien 1, 0284 Oslo, Norway",10.635023457293869,59.92135995063995
NOR,"Sponstugrenda 36, 1263 Oslo, Norway",10.811723531601814,59.82847915954352
NOR,"Spornesveien 16, 4818 Færvik, Norway",8.85976519848208,58.44834142757969
NOR,"Sportsalleen 11, 8613 Mo i Rana, Norway",14.183553463864854,66.32547595832753
NOR,"Sporveisgata 17, 0354 Oslo, Norway",10.726652914065227,59.9259749427093
NOR,"Springklev 6, 4838 Arendal, Norway",8.758634770642317,58.46616554468227
NOR,"St. Edmunds vei 37, 0280 Oslo, Norway",10.671278038374737,59.927255152690805
NOR,"St. Nikolas-gate 19, 1706 Sarpsborg, Norway",11.124227620253436,59.28119444254841
NOR,"St. Olavs gate 103, 2321 Hamar, Norway",11.087886202655682,60.793395135921145
NOR,"St. Olavs vei 20, 5052 Bergen, Norway",5.353851218406959,60.37148076592547
NOR,"St.jørgens vei 61 B, 0662 Oslo, Norway",10.79822942186064,59.92228874933082
NOR,"St.Knuts gate 31, 8900 Brønnøysund, Norway",12.220067834584086,65.47293091913355
NOR,"St.Olavs veg 1, 2260 Kirkenær, Norway",12.068995177777936,60.448824903205434
NOR,"Stabells veg 17, 7224 Melhus, Norway",10.254244576326698,63.292137828325906
NOR,"Stadionvegen 19, 6260 Skodje, Norway",6.676858778426833,62.5035568105539
NOR,"Stadionvegen 5, 5590 Etne, Norway",5.942784438814414,59.66917245633397
NOR,"Stadionveien 10, 3214 Sandefjord, Norway",10.199673692788764,59.13183429238006
NOR,"Stadionveien 14, 3214 Sandefjord, Norway",10.199968819599576,59.13151381031216
NOR,"Stadionveien 7, 3340 Åmot, Norway",9.923827019484634,59.89565374324826
NOR,"Stadsing Dahls gate 3, 7015 Trondheim, Norway",10.418813270711723,63.430025667618054
NOR,"Stakkevollan, 9018 Tromsø, Norway",18.983417282521113,69.67895314285089
NOR,"Stakmyrveien 23, 8160 Glomfjord, Norway",13.968773481421522,66.812632883346
NOR,"Stallerudveien 97, 0693 Oslo, Norway",10.842776357741334,59.87716095433089
NOR,"Stallmestervegen 24, 7046 Trondheim, Norway",10.444030394053101,63.42534785318438
NOR,"Stallvegen 16, 5517 Haugesund, Norway",5.278342005460672,59.44287360154226
NOR,"Stallvegen 17, 5517 Haugesund, Norway",5.277406249790175,59.44319747828095
NOR,"Stalsberggata 34, 2010 Strømmen, Norway",11.017274703372863,59.94942469985662
NOR,"Stålverkskroken 14C, 0661 Oslo, Norway",10.790203665751136,59.91780568841742
NOR,"Stampeleina 2, 3475 Sætre, Norway",10.53173712013836,59.666943498732024
NOR,"Stanga 14, 1346 Gjettum, Norway",10.514054489561374,59.89775663702645
NOR,"Stanga 16, 1346 Gjettum, Norway",10.51335812104557,59.89777361038037
NOR,"Stanga 18, 1346 Gjettum, Norway",10.512617579900024,59.89744893736088
NOR,"Stangelandsvegen 100, 4354 Voll, Norway",5.619165695095035,58.80878773928097
NOR,"Stangelandsvegen 51, 4354 Voll, Norway",5.612398062652176,58.805886678772936
NOR,"Stangevegen 52, 2317 Hamar, Norway",11.084500332867947,60.791797000352204
NOR,"Stangevegen 925, 2335 Stange, Norway",11.177825364832671,60.734072467654045
NOR,"Stardalen 527, 6843 Skei i Jølster, Norway",6.617103352498788,61.61018691566315
NOR,"Starefossveien 20, 5019 Bergen, Norway",5.353172870982974,60.38906076009806
NOR,"Starefossveien 20A, 5019 Bergen, Norway",5.35231699484973,60.38940580114229
NOR,"Starveien 64, 1088 Oslo, Norway",10.934802894915833,59.94274708905385
NOR,"Stasjonsgata 30, 4580 Lyngdal, Norway",7.0720040737986665,58.13676358113847
NOR,"Stasjonsvegen 10, 6727 Bremanger, Norway",4.962873070017849,61.84225914154308
NOR,"Stasjonsvegen 14, 7560 Vikhammer, Norway",10.623946856066567,63.43789723861866
NOR,"Stasjonsvegen 9, 7873 Harran, Norway",12.501268616179601,64.5654615315448
NOR,"Stasjonsveien 38, 1365 Blommenholm, Norway",10.559093724265267,59.90198249924089
NOR,"Stasjonsveien 5, 4730 Vatnestrøm, Norway",8.067495053665482,58.42003997341732
NOR,"Stasjonsveien 7, 1482 Nittedal, Norway",10.876503824664525,60.054647759559856
NOR,"Statframvegen 1, 2040 Kløfta, Norway",11.126329466293726,60.06873086563718
NOR,"Statsråd Krohgs veg 9, 7021 Trondheim, Norway",10.363752884028372,63.40752826230951
NOR,"Statsråd Mathiesens vei 16, 0598 Oslo, Norway",10.832520961217824,59.93906131477053
NOR,"Statsveien 654, 8314 Gimsøysand, Norway",14.1996989372185,68.32004960548136
NOR,"Staupslia 41, 7603 Levanger, Norway",11.279781982418168,63.746290380280755
NOR,"Stavangergata 40, 0467 Oslo, Norway",10.756664905118129,59.943014220308044
NOR,"Stavangvegen 47, 6944 Stavang, Norway",5.185048573270933,61.53586977698649
NOR,"Staverbråtan 5, 1341 Slependen, Norway",10.47510244440059,59.88405348262006
NOR,"Stavernsveien 232, 3267 Larvik, Norway",10.009498954755031,59.03307820625281
NOR,"Stavsengveien 194, 8820 Dønna, Norway",12.544311616823222,66.17599900633843
NOR,"Stegåsvegen 42, 4230 Sand, Norway",6.2584683700737,59.49413782427746
NOR,"Steiavegen 120, 6973 Sande i Sunnfjord, Norway",5.795109135003344,61.31876557661164
NOR,"Steinbakken 72, 8610 Mo i Rana, Norway",14.217851541106512,66.31616437636137
NOR,"Steinberget 35a, 7020 Trondheim, Norway",10.360924662258896,63.425597508170455
NOR,"Steinevegen 55, 2665 Lesja, Norway",8.848806698270522,62.11920103622563
NOR,"Steinfjordveien 288, 8360 Bøstad, Norway",13.689989956882783,68.23981178376815
NOR,"Steinhaugen 21, 6590 Tustna, Norway",8.032433133587432,63.20504268780584
NOR,"Steinhaugvegen 33, 5545 Vormedal, Norway",5.32300036648428,59.35688348922733
NOR,"Steinkjersannan 6, 7713 Steinkjer, Norway",11.503000711790747,64.01101996843286
NOR,"Steinliveien 8, 1185 Oslo, Norway",10.806966633911685,59.8839075955953
NOR,"Steinråsa 5, 5306 Erdal, Norway",5.203184161895507,60.448970664501644
NOR,"Steinslandsveien 14, 3753 Tørdal, Norway",8.813516455149994,59.154061842315855
NOR,"Steinsoppgrenda 50, 1352 Kolsås, Norway",10.499588498147006,59.92581673428688
NOR,"Steinspranget 6, 1156 Oslo, Norway",10.822086044308737,59.87052694353899
NOR,"Steinsvikkroken 2, 5237 Rådal, Norway",5.301668339083761,60.2987658699503
NOR,"Steinsvikvegen 29, 5251 Søreidgrend, Norway",5.282852223740349,60.31472958173359
NOR,"Steinsvikvegen 397A, 5239 Rådal, Norway",5.325713420904094,60.29790119281873
NOR,"Steinsvikvegen 4, 5251 Søreidgrend, Norway",5.272597300481323,60.31567350975968
NOR,"Steinsvikvegen 6, 5251 Søreidgrend, Norway",5.272923272695834,60.316294776423035
NOR,"Steinsvikvegen 89, 5251 Søreidgrend, Norway",5.293115277445452,60.3098751606
NOR,"Steinveien 2, 1487 Hakadal, Norway",10.861307853302606,60.11364671872633
NOR,"Stemlandveien 14, 8215 Valnesfjord, Norway",15.131981314687039,67.28610672861623
NOR,"Stemmemyr 71, 5542 Karmsund, Norway",5.330717333280802,59.383708554964386
NOR,"Stemvegen 32B, 4050 Sola, Norway",5.65817758704452,58.88793708704782
NOR,"Stenbråttveien 5, 7374 Røros, Norway",11.376205399341984,62.56464416280605
NOR,"Stenbråtveien 11, 1283 Oslo, Norway",10.824148613412007,59.849827783112346
NOR,"Stenmalveien 2, 3111 Tønsberg, Norway",10.4110810488514,59.272714974020005
NOR,"Stensbyvegen 28, 2092 Minnesund, Norway",11.192852524664659,60.381548353648526
NOR,"Stensgata 45B, 0451 Oslo, Norway",10.73528493323144,59.93486189746059
NOR,"Stensveien 5, 7335 Jerpstad, Norway",9.743562205575216,62.98556460672316
NOR,"Stensvevegen 15, 2320 Furnes, Norway",11.058156933196898,60.825110581156395
NOR,"Stinteveien 19, 4836 Arendal, Norway",8.755243368798517,58.4608690200657
NOR,"Stjerneblokkveien 8, 1083 Oslo, Norway",10.890252492805132,59.95075813492329
NOR,"Stjernemyrveien 50, 0673 Oslo, Norway",10.856403266478509,59.92023400958638
NOR,"Stjerneveien 19, 1482 Nittedal, Norway",10.864550392546022,60.06023278928373
NOR,"Stjerneveien 24, 3113 Tønsberg, Norway",10.447980449743568,59.26562748815195
NOR,"Stockholmgata 7, 0566 Oslo, Norway",10.767607731170756,59.92619031571141
NOR,"Stodvegen 1073, 7717 Steinkjer, Norway",11.714988514648269,64.0925397184177
NOR,"Stokkalandsbakken 2, 4362 Vigrestad, Norway",5.73862642317016,58.55850029669631
NOR,"Stokkalandsvegen 2, 4363 Brusand, Norway",5.744303486190887,58.54046935613289
NOR,"Stokkedalen 59, 5151 Straumsgrend, Norway",5.287624627951345,60.33443996232674
NOR,"Stokkelandsåsen 9, 4643 Søgne, Norway",7.847810484398082,58.08212161906161
NOR,"Stokkeveien 4, 3403 Lier, Norway",10.260724541852596,59.7912557142746
NOR,"Stokksundveien 1080, 7177 Revsnes, Norway",10.079532521813888,64.02717109957112
NOR,"Stølan 15, 7200 Kyrksæterøra, Norway",9.063793797541308,63.29199759908579
NOR,"Stølane 1, 5541 Kolnes, Norway",5.3699085979582435,59.39385782433388
NOR,"Stølane 33, 4233 Erfjord, Norway",6.205778972341562,59.34538297324693
NOR,"Stølane 40, 5541 Kolnes, Norway",5.365490245337355,59.39150548511719
NOR,"Stølen 13, 5911 Alversund, Norway",5.254530359643752,60.5592485985529
NOR,"Støleveien 21, 4639 Kristiansand s, Norway",8.120646964814824,58.12962161289977
NOR,"Stollen 5, 3030 Drammen, Norway",10.137880542379747,59.731946331324025
NOR,"Stolmakergata 12, 0551 Oslo, Norway",10.756622827964208,59.920730008706784
NOR,"Stolpstuvegen 8, 7026 Trondheim, Norway",10.328701525148318,63.38932612137373
NOR,"Stølsbrautene 3, 4027 Stavanger, Norway",5.694502743750121,58.98153461468476
NOR,"Stølshaugvegen 2, 5460 Husnes, Norway",5.747004303032071,59.85489812207172
NOR,"Stongafjellsvegen 40, 5301 Kleppestø, Norway",5.209751215395414,60.404366743939164
NOR,"Stongvegen 60, 4270 Åkrehamn, Norway",5.1904625283509915,59.25271533394823
NOR,"Stoppedalsmyra 2, 4760 Birkeland, Norway",8.238392084947975,58.32836579919251
NOR,"Stoppenveien 5, 3413 Lier, Norway",10.22758610091526,59.7530334814233
NOR,"Støps vei 31, 1456 Nesoddtangen, Norway",10.672877137862542,59.857001015849875
NOR,"Storåkerveien 10, 4046 Hafrsfjord, Norway",5.637971584516578,58.954252651405625
NOR,"Storasletto 65, 5411 Stord, Norway",5.498402838361642,59.775440236448986
NOR,"Storasundgata 142, 5532 Haugesund, Norway",5.305537760865661,59.40423034569446
NOR,"Storbruhaugen 14, 5955 Lindås, Norway",5.165829456022863,60.742555749948394
NOR,"Stordalsveien 1081, 7170 Åfjord, Norway",10.421111672381443,63.98574090282699
NOR,"Stordamveien 34C, 0671 Oslo, Norway",10.845314343853545,59.91126428354124
NOR,"Store Ring 53, 4365 Nærbø, Norway",5.656879816975845,58.65829494253654
NOR,"Store Ring 55, 4365 Nærbø, Norway",5.656589300211806,58.65908950504806
NOR,"Store Ringveg 8A, 9790 Kjøllefjord, Norway",27.32815066693729,70.94554930503739
NOR,"Store Solåsen 6B, 4843 Arendal, Norway",8.78411835468566,58.4726506231691
NOR,"Storegutvegen 76, 3895 Edland, Norway",7.593594988618776,59.73780595219591
NOR,"Storelvvegen 19, 6409 Molde, Norway",7.00737767247827,62.78762885499171
NOR,"Storengveien 22, 1358 Jar, Norway",10.620339809007008,59.91845234404875
NOR,"Storengveien 3, 1358 Jar, Norway",10.624732910946364,59.92054414000387
NOR,"Storengveien 56B, 1368 Stabekk, Norway",10.607471051908789,59.91242840416376
NOR,"Storestraumen 275, 5212 Søfteland, Norway",5.453738945281941,60.2250269987737
NOR,"Storetveitvegen 125B, 5231 Paradis, Norway",5.345442576960409,60.3462493933487
NOR,"Storevegen 67, 6896 Fresvik, Norway",6.9311761143296735,61.066207979370944
NOR,"Storg 63-65, 3674 Notodden, Norway",9.264766444719712,59.56243848320731
NOR,"Storgata 10, 1531 Moss, Norway",10.656760498255835,59.435025374141986
NOR,"Storgata 100A, 2390 Moelv, Norway",10.697638453309253,60.931343157278064
NOR,"Storgata 127, 8370 Leknes, Norway",13.594596857947579,68.14437438647465
NOR,"Storgata 17, 3770 Kragerø, Norway",9.411660800414012,58.868333198534486
NOR,"Storgata 171, 2390 Moelv, Norway",10.708545740092433,60.9169663493135
NOR,"Storgata 215, 3912 Porsgrunn, Norway",9.659159709540745,59.14910189302131
NOR,"Storgata 29, 1723 Sarpsborg, Norway",11.100056893704476,59.27952045075574
NOR,"Storgata 68, 2414 Elverum, Norway",11.56550649160775,60.87247571017244
NOR,"Storgata 76, 1890 Rakkestad, Norway",11.348426012018905,59.41790298997327
NOR,"Storgaten 46, 4876 Grimstad, Norway",8.589703295654488,58.34357945637012
NOR,"Storgaten 60E, 4876 Grimstad, Norway",8.586251041193606,58.3444290879855
NOR,"Storhammeren 21, 5145 Fyllingsdalen, Norway",5.2898603329853415,60.36102723347071
NOR,"Storhauggata 9, 6005 Ålesund, Norway",6.142497363566662,62.4719393916763
NOR,"Storhaugveien 20, 8540 Ballangen, Norway",16.824446570512123,68.34056485832696
NOR,"Storlomveien 11, 4049 Hafrsfjord, Norway",5.603390869499833,58.96916158449332
NOR,"Storløveien 2, 9360 Bardu, Norway",18.3434773415064,68.87158776115234
NOR,"Stormmusbrinken 9, 1684 Vesterøy, Norway",10.87334401480544,59.10341679076822
NOR,"Stormyra 5, 9143 Skibotn, Norway",20.279296822975994,69.38821348798842
NOR,"Stormyrveien 13, 9446 Grovfjord, Norway",17.13466809929099,68.67498301373561
NOR,"Storneset 1, 5915 Hjelmås, Norway",5.377065066889429,60.57290426947776
NOR,"Storrinden 117A, 5252 Søreidgrend, Norway",5.2652648115834495,60.30594857423844
NOR,"Storsandveien 5B, 3475 Sætre, Norway",10.579000660487907,59.65857110901669
NOR,"Storskarhaugen 6, 5305 Florvåg, Norway",5.234539855846464,60.431579263150496
NOR,"Stortingsmannsvegen 18, 8665 Mosjøen, Norway",13.203270692938588,65.86728223872711
NOR,"Storvannsveien 96, 9603 Hammerfest, Norway",23.718802969190207,70.66040087326287
NOR,"Storvegen 34, 2055 Nordkisa, Norway",11.263554883777886,60.18886784566047
NOR,"Støttumveien 9, 1543 Vestby, Norway",10.750964080368174,59.6062109659088
NOR,"Støtvigveien 45, 1560 Larkollen, Norway",10.670843185237999,59.33190474721226
NOR,"Støveien 8B, 8430 Myre, Norway",15.087357570923558,68.91679547211007
NOR,"Stovnerfaret 25, 0982 Oslo, Norway",10.925864098093399,59.955614190527996
NOR,"Straismoen 11, 4618 Kristiansand s, Norway",7.925416849518854,58.188488557091205
NOR,"Straismoen 20, 4618 Kristiansand s, Norway",7.920049916915616,58.19047330794413
NOR,"Stranda 1, 9300 Finnsnes, Norway",18.06689968242631,69.23363862057852
NOR,"Stranda 12, 6809 Førde, Norway",5.845745888466837,61.46384630420425
NOR,"Stranda 7, 1929 Auli, Norway",11.371816886296415,60.05381908270243
NOR,"Strandalleen 3, 1368 Stabekk, Norway",10.595720880942281,59.90199410817678
NOR,"Strandalleen 59, 1368 Stabekk, Norway",10.59283230946997,59.899917575484096
NOR,"Strandengveien 12, 1407 Vinterbro, Norway",10.72900244534435,59.745995993607664
NOR,"Strandeveien 5, 4580 Lyngdal, Norway",7.056132269583713,58.14451038751031
NOR,"Strandgata 37, 3340 Åmot, Norway",9.903709278397116,59.90251022386482
NOR,"Strandgata 43, 8400 Sortland, Norway",15.413716107333869,68.69122140048594
NOR,"Strandgata 54, 8800 Sandnessjøen, Norway",12.602759214398816,66.0184923587453
NOR,"Strandli 21, 2219 Brandval, Norway",12.000062238425045,60.327156549471965
NOR,"Strandliveien 1, 1410 Kolbotn, Norway",10.800687582604894,59.81020556288314
NOR,"Strandparken 75, 3187 Horten, Norway",10.483615272903648,59.40600416595396
NOR,"Strandsvingen 8, 4032 Stavanger, Norway",5.743451298095039,58.89913908154662
NOR,"Strandvegen 117A, 9006 Tromsø, Norway",18.927406062803897,69.63517419511228
NOR,"Strandvegen 22, 7224 Melhus, Norway",10.267389998895766,63.28945432011477
NOR,"Strandvegen 67, 2005 Rælingen, Norway",11.050601653312611,59.94715031233949
NOR,"Strandveien 33, 7067 Trondheim, Norway",10.422827028866323,63.43862109977687
NOR,"Strandveien 34, 8517 Narvik, Norway",17.434707208273323,68.44677744360956
NOR,"Strandveien 4, 8145 Storvik, Norway",13.80369080873379,66.96230961799728
NOR,"Strandveien 57, 1392 Vettre, Norway",10.468249651821452,59.819826604714535
NOR,"Strandveien 6B, 3965 Herre, Norway",9.547794223552472,59.114792248753275
NOR,"Strandveien 81, 7120 Leksvik, Norway",10.627672695847082,63.67461505051452
NOR,"Strandvikvegen 560, 5643 Strandvik, Norway",5.6645076841416255,60.159119549281485
NOR,"Straumsnesvegen 29, 3853 Vrådal, Norway",8.46833493023567,59.319193255770585
NOR,"Straumsvegen 2095, 9106 Straumsbukta, Norway",18.628832864867917,69.57628323676823
NOR,"Straumsvegen 3, 6829 Hyen, Norway",5.916975385470778,61.73744813619993
NOR,"Strengelvågveien 85, 8430 Myre, Norway",15.180167283481069,68.95918778561017
NOR,"Strengenvegen 60, 3825 Lunde, Norway",9.08825671723497,59.295749701231614
NOR,"Strengjarhaugen 11, 5704 Voss, Norway",6.422569102804431,60.629850626285105
NOR,"Strindvegen 18A, 7051 Trondheim, Norway",10.412221825873587,63.41785610812616
NOR,"Strømbråtenveien 20, 1555 Son, Norway",10.69787608026428,59.52571731504318
NOR,"Strømmeveien 103, 4638 Kristiansand s, Norway",8.080210233144555,58.151630646619765
NOR,"Strømmeveien 49, 4638 Kristiansand s, Norway",8.081893151664133,58.15621475137593
NOR,"Strømsborgveien 12, 0287 Oslo, Norway",10.67636442867871,59.90500681563515
NOR,"Strømsbuåsen 10, 4836 Arendal, Norway",8.753218887724557,58.45969668517807
NOR,"Strømshauggata 6, 3300 Hokksund, Norway",9.90469733714346,59.7717989700715
NOR,"Strømsveien 14 B, 1467 Strømmen, Norway",11.002575695050211,59.94026239958603
NOR,"Strømsveien 32, 3186 Horten, Norway",10.464375452354716,59.396144197972546
NOR,"Strosseveien 14, 8540 Ballangen, Norway",16.799919780716266,68.32862014338775
NOR,"Stuaveien 136, 1480 Slattum, Norway",10.871153069134408,60.0318385055437
NOR,"Stubbanvegen 82, 7036 Trondheim, Norway",10.427832952899792,63.388497654063855
NOR,"Stubben 1, 9803 Vadsø, Norway",29.723688284737847,70.08206403818079
NOR,"Studentbyen Nattland 148, 5082 Bergen, Norway",5.3597355658932315,60.34365322456864
NOR,"Stykkjevegen 6, 6018 Ålesund, Norway",6.359115497376365,62.46895157847038
NOR,"Styrmannsveien 10, 8070 Bodø, Norway",14.440933044273834,67.26979424584181
NOR,"Styrmannsveien 21, 4085 Hundvåg, Norway",5.734137398856954,58.98893006254532
NOR,"Suhms gate 36, 0363 Oslo, Norway",10.715515545226015,59.93492992356614
NOR,"Suldalsvegen 1497, 4237 Suldalsosen, Norway",6.49614838254459,59.48835120978222
NOR,"Sulkes gate 30, 4041 Hafrsfjord, Norway",5.67832919102085,58.94731821908957
NOR,"Sultindvikveien 67, 9302 Rossfjordstraumen, Norway",18.330392603916295,69.3646272315479
NOR,"Sundbykåsa 26, 3961 Stathelle, Norway",9.705018694375184,59.02581516142274
NOR,"Sundbyvegen 2, 2074 Eidsvoll Verk, Norway",11.167189316436264,60.29731269939677
NOR,"Sundbyveien 5, 3478 Nærsnes, Norway",10.497493022353154,59.76076000358944
NOR,"Sunde 16, 6819 Førde, Norway",5.9353660354089754,61.4284810849598
NOR,"Sundelia 26, 4048 Hafrsfjord, Norway",5.613209263241487,58.964512478078035
NOR,"Sundeveien 24, 4550 Farsund, Norway",6.794292007942829,58.09445328456093
NOR,"Sundeveien 25C, 4049 Hafrsfjord, Norway",5.619585796082191,58.96328348152491
NOR,"Sundmoen 9, 2550 Os i Østerdalen, Norway",11.239588591847365,62.49571218737202
NOR,"Sundsmoenvegen 16, 3820 Nordagutu, Norway",9.325501206016867,59.42367330166681
NOR,"Sundsveien 39, 8372 Gravdal, Norway",13.529409120571529,68.1222907538164
NOR,"Sundts veg 150, 5221 Nesttun, Norway",5.337717814993908,60.31434883378182
NOR,"Sundveien 3, 7374 Røros, Norway",11.372094830205697,62.57719832592514
NOR,"Sunndalsvegen 456, 7340 Oppdal, Norway",9.613059074437729,62.60989910578817
NOR,"Sunndalsvegen 712, 7343 Vognill, Norway",9.566861879810148,62.61633204883725
NOR,"Surgravvegen 30, 3890 Vinje, Norway",7.985052665688585,59.575275233748954
NOR,"Susebakkeveien 12, 1850 Mysen, Norway",11.357361036984884,59.54891582464282
NOR,"Susendalsveien 2414, 8696 Hattfjelldal, Norway",13.99259485024615,65.4061966368026
NOR,"Svalestien 2, 4846 Arendal, Norway",8.76031550986707,58.478625914304814
NOR,"Svalevegen 4a, 7022 Trondheim, Norway",10.37925160973299,63.40250536492212
NOR,"Svanholmen 8, 4313 Sandnes, Norway",5.709154478138856,58.890135953617346
NOR,"Svanvikvegen 40, 6490 Eide, Norway",7.440324680619085,62.89960416634548
NOR,"Svartåsveien 16, 3615 Kongsberg, Norway",9.635008512826175,59.648494091652566
NOR,"Svartbergveien 3, 9042 Laksvatn, Norway",19.366489462259466,69.37709258840283
NOR,"Svarthåggån 25, 7380 Ålen, Norway",11.313787294232185,62.83963378651052
NOR,"Svartkollveien 12, 9716 Børselv, Norway",25.56742503567014,70.31514800168347
NOR,"Svartkruttveien 183, 1482 Nittedal, Norway",10.859922659983823,60.05085297862573
NOR,"Svartmyrvegen 7, 5565 Tysværvåg, Norway",5.489007143997128,59.324243184795705
NOR,"Svebastadveien 68, 4325 Sandnes, Norway",5.756377952991215,58.83572474533494
NOR,"Svebergvegen 8, 7550 Hommelvik, Norway",10.762124290113405,63.42262495002831
NOR,"Svehaugen 10, 5550 Sveio, Norway",5.3164354084601655,59.4867557564223
NOR,"Sveinsvolljordet 1, 4250 Kopervik, Norway",5.304838374864687,59.28136748693947
NOR,"Svelvikveien 700, 3060 Svelvik, Norway",10.337499003083224,59.68945502754741
NOR,"Svend Foyns gate 3, 4019 Stavanger, Norway",5.727971012577399,58.95058833479442
NOR,"Sverdrups gate 18, 0559 Oslo, Norway",10.76573320234462,59.92081487547645
NOR,"Sverre Hjetlands vei 17, 5161 Laksevåg, Norway",5.305199383434456,60.37618645018719
NOR,"Sverre Iversens vei 19, 0972 Oslo, Norway",10.896628774188741,59.9702109396319
NOR,"Sverresbakken 10, 5704 Voss, Norway",6.427322312457164,60.63257327798408
NOR,"Sverresborg alle 10A, 7020 Trondheim, Norway",10.356958345676276,63.422233221783415
NOR,"Sverresborg Alle 13, 7020 Trondheim, Norway",10.356875029558722,63.42131842087085
NOR,"Svilandveien 215, 4337 Sandnes, Norway",5.820787933571637,58.82649727576714
NOR,"Svinndalveien 28, 1593 Svinndal, Norway",11.015189788777008,59.423518068820016
NOR,"Syftesokbakken 1, 4046 Hafrsfjord, Norway",5.625796367240042,58.96036548957247
NOR,"Sykehjemsveien 2, 3961 Stathelle, Norway",9.725330811797335,59.019370902804354
NOR,"Sykehusbakken 65, 8372 Gravdal, Norway",13.540906074243082,68.11823877418331
NOR,"Sylvsmedvegen 27, 2920 Leira i Valdres, Norway",9.30295053371367,60.96949963409895
NOR,"Symrevegen 1, 8683 Trofors, Norway",13.41093561305243,65.53729932547421
NOR,"Symreveien 5, 1825 Tomter, Norway",10.997695175907326,59.659785252009605
NOR,"Synnerdalsveien 18, 7298 Budalen, Norway",10.481690536477458,62.88285540551081
NOR,"Synnfjellvegen 115, 2880 Nord-torpa, Norway",10.013332418172297,61.008365890480746
NOR,"Syrevegen 32, 4280 Skudeneshavn, Norway",5.236629967222285,59.15493012366579
NOR,"Sysleveien 221, 3370 Vikersund, Norway",9.889857093752283,59.988364716986354
NOR,"Tæruddalen 6, 2020 Skedsmokorset, Norway",11.015885989654748,60.008206609640354
NOR,"Tæveveien 10, 7125 Vanvikan, Norway",10.210872250707297,63.553497681186315
NOR,"Tajbråtveien 15, 1454 Fagerstrand, Norway",10.593874180034675,59.74170965596181
NOR,"Takvassveien 46, 9334 Øverbygd, Norway",19.297077580959098,69.02799478686788
NOR,"Talgjevegen 171, 4163 Talgje, Norway",5.8337141693726835,59.10711459308263
NOR,"Tallaksrud Gård Oppegårdveien 50A, 1423 Ski, Norway",10.828240658542256,59.73300752217557
NOR,"Tanafjordveien 2102, 9841 Tana, Norway",28.17715506450142,70.37939868419403
NOR,"Tangen terrasse 41, 1450 Nesoddtangen, Norway",10.661396780359269,59.8595174308212
NOR,"Tangeråshagen 12, 5630 Strandebarm, Norway",6.013592912821849,60.261405925388175
NOR,"Tangevegen 4, 6996 Vadheim, Norway",5.834010721107006,61.21243803352698
NOR,"Tante Ulrikkes vei 8, 0984 Oslo, Norway",10.917449840771695,59.959078012015254
NOR,"Tareveien 2, 6515 Kristiansund n, Norway",7.709211524440548,63.12519680388513
NOR,"Tareveien 5, 8206 Fauske, Norway",15.35468898497274,67.2551609935496
NOR,"Tareveien 7, 8206 Fauske, Norway",15.352618738707434,67.2581820829111
NOR,"Tarjei Vesaas vei 13, 4026 Stavanger, Norway",5.703850325990402,58.980039408886825
NOR,"Tårnbyveien 201, 2013 Skjetten, Norway",11.000314257573478,59.97017104177277
NOR,"Tåsenveien 113, 0880 Oslo, Norway",10.760133671928259,59.95829753110107
NOR,"Tåsenveien 32, 0870 Oslo, Norway",10.747330482465827,59.94477282741329
NOR,"Tåsenveien 75A, 0873 Oslo, Norway",10.753869959504271,59.95330644303621
NOR,"Tastatunet 7, 4027 Stavanger, Norway",5.68927310672089,58.98443152615076
NOR,"Taubanen 10A, 2742 Grua, Norway",10.668683420246794,60.25928149011884
NOR,"Tednekleivo 7, 5419 Fitjar, Norway",5.334049139793052,59.92407132867913
NOR,"Tegane 24, 6200 Stranda, Norway",6.907039334488587,62.30845397445768
NOR,"Teglverket 98, 7069 Trondheim, Norway",10.447525731496285,63.41559102452155
NOR,"Teglverksvegen 1, 7713 Steinkjer, Norway",11.50489963195514,64.00341318175356
NOR,"Teglverksveien 54, 4632 Kristiansand s, Norway",8.028595227761485,58.149029406788316
NOR,"Teglverksveien 8, 3430 Spikkestad, Norway",10.33694889877782,59.745751703039616
NOR,"Teineveien 2, 4310 Hommersåk, Norway",5.848082427796015,58.92763533113879
NOR,"Teisenveien 5A, 0664 Oslo, Norway",10.817705947355222,59.918014062530375
NOR,"Teknologivegen 18, 2815 Gjøvik, Norway",10.680307024475326,60.78799886665681
NOR,"Teksleåsen 3, 3231 Sandefjord, Norway",10.21181370607195,59.08865558872404
NOR,"Teksleåsen 9, 3231 Sandefjord, Norway",10.21014101347427,59.087709984317286
NOR,"Tellusvegen 1, 3942 Porsgrunn, Norway",9.671284551579163,59.096915451389236
NOR,"Tellusvegen 2, 2165 Hvam, Norway",11.341343722930816,60.125588793366035
NOR,"Tellusveien 43, 4021 Stavanger, Norway",5.702245610627472,58.95041738587918
NOR,"Tempevegen 11B, 7031 Trondheim, Norway",10.394412712377687,63.40754657676794
NOR,"Temsengen 22, 3170 Sem, Norway",10.328915910901474,59.2836495150505
NOR,"Temseveien 72, 4885 Grimstad, Norway",8.632320076521637,58.37586168589809
NOR,"Tennisveien 19, 3244 Sandefjord, Norway",10.18212374773907,59.13217489101561
NOR,"Tennisveien 19C, 0777 Oslo, Norway",10.701928059897341,59.953088555463154
NOR,"Tennisveien 8, 8008 Bodø, Norway",14.410950054605934,67.27999414190649
NOR,"Terje Vigens vei 19, 4083 Hundvåg, Norway",5.723339424339741,59.00303038256385
NOR,"Ternholmvegen 59, 5337 Rong, Norway",4.91111565609981,60.517516695203966
NOR,"Tertnesveien 24, 5113 Tertnes, Norway",5.311314903810313,60.457007861909005
NOR,"Tesalaveien 68, 1643 Råde, Norway",10.805420508051952,59.33901046371972
NOR,"Tessemvegen 56, 7730 Beitstad, Norway",11.45275078315882,64.0915755061859
NOR,"Th Widdings veg 9, 9020 Tromsdalen, Norway",19.000938320067206,69.64841508755853
NOR,"Th. Kittelsens vei 11, 1415 Oppegård, Norway",10.80425743516733,59.76866816159742
NOR,"Thalleveien 27, 8076 Bodø, Norway",14.427300633130272,67.28515743617208
NOR,"Thalleveien 39, 8076 Bodø, Norway",14.436294666694607,67.28461512703663
NOR,"Theavegen 9, 4343 Orre, Norway",5.574685617151999,58.72022400550554
NOR,"Theodor Dahls veg 68, 4355 Kvernaland, Norway",5.719075298737295,58.78288623354533
NOR,"Thomasbakkveien 22B, 9513 Alta, Norway",23.237728021683978,69.95708697007834
NOR,"Thomasbakkveien 26, 9513 Alta, Norway",23.239553600195592,69.95614861601786
NOR,"Thor Bunkholts veg 23, 3733 Skien, Norway",9.601935786009733,59.19157970193382
NOR,"Thora Holms Gate 5, 3188 Horten, Norway",10.468840073081111,59.407338858306105
NOR,"Thormøhlens gate 25, 5006 Bergen, Norway",5.322573559974586,60.3830947728749
NOR,"Thormøhlens gate 53E, 5006 Bergen, Norway",5.33005826423414,60.381288221283484
NOR,"Thorshaugvegen 8, 9006 Tromsø, Norway",18.917394382375022,69.63179591094692
NOR,"Thorsheimveien 10, 1782 Halden, Norway",11.37502455682261,59.13831015077341
NOR,"Thorsheimveien 7, 2560 Alvdal, Norway",10.630941470447425,62.11309670569054
NOR,"Thorvald Meyers gate 46, 0552 Oslo, Norway",10.759378546271193,59.923109295742165
NOR,"Thrond Nergaards veg 1, 7044 Trondheim, Norway",10.447698147244608,63.43886522270685
NOR,"Thulstrups gate 3, 0451 Oslo, Norway",10.738153220498077,59.93426728524932
NOR,"Tiedemannsjordet 1, 3727 Skien, Norway",9.564156620560283,59.2113537011721
NOR,"Tillas vei 23, 3132 Husøysund, Norway",10.450438694306854,59.235547436045266
NOR,"Timenesveien 20, 4635 Kristiansand s, Norway",8.101373449015142,58.169440682125014
NOR,"Tingstuveien 19A, 0281 Oslo, Norway",10.67136143831135,59.92144322484799
NOR,"Tingvegen 29, 5555 Førde i Hordaland, Norway",5.476041094155988,59.611214110446724
NOR,"Tinngata 127, 3660 Rjukan, Norway",8.651503319224105,59.88107300357942
NOR,"Tinnheiveien 24, 4629 Kristiansand s, Norway",7.955510564127707,58.14770636528158
NOR,"Tislebakkveien 32, 3350 Prestfoss, Norway",9.63000426517334,60.04140988459875
NOR,"Tittelsnesvegen 332B, 5514 Haugesund, Norway",5.28452064156744,59.46906432484698
NOR,"Tittelsnesvegen 732, 5554 Valevåg, Norway",5.485799892566064,59.70269223195626
NOR,"Tiurkroken 2, 2069 Jessheim, Norway",11.186279352375436,60.15452584724619
NOR,"Tiurvegen 7, 2120 Sagstua, Norway",11.543790153946617,60.39307401533847
NOR,"Tiurveien 4, 8207 Fauske, Norway",15.371619758834896,67.26516261569463
NOR,"Tjemslandshagen 1, 4360 Varhaug, Norway",5.654589126657044,58.61492190445537
NOR,"Tjenngata 76, 4950 Risør, Norway",9.214328671439716,58.71855064235561
NOR,"Tjensvollveien 44, 4021 Stavanger, Norway",5.702674223831441,58.95229240058943
NOR,"Tjernagelvegen 47, 5550 Sveio, Norway",5.339845309657903,59.54227744114692
NOR,"Tjernagelvegen 713, 5550 Sveio, Norway",5.336645350482627,59.59463751390328
NOR,"Tjessheimveien 8, 4332 Figgjo, Norway",5.813983169297671,58.78743303883235
NOR,"Tjømsveien 39, 4520 Lindesnes, Norway",7.3024218377202885,58.07755800805873
NOR,"Tjørnateigen 13, 5709 Voss, Norway",6.543296420268376,60.61186117614241
NOR,"Tjørsvågveien 15, 4404 Flekkefjord, Norway",6.647474089007574,58.29657826958996
NOR,"Tjøttaveien 23, 8804 Sandnessjøen, Norway",12.448355170175603,65.92164462242351
NOR,"Tjuravegen 308, 2260 Kirkenær, Norway",12.110993122733674,60.43286286780278
NOR,"Tjyruhjellveien 21, 3512 Hønefoss, Norway",10.354650053360814,60.128278629914064
NOR,"Tøa, 8313 Kleppstad, Norway",14.321379484211278,68.28962732494495
NOR,"Tobbenesosen 5, 8370 Leknes, Norway",13.595275624466723,68.13708393282121
NOR,"Tobias Kupfers vei 2, 1336 Sandvika, Norway",10.490136225936055,59.89436774975357
NOR,"Tobias Kupfers vei 8, 1336 Sandvika, Norway",10.48868146282095,59.894013279068304
NOR,"Toftes gate 15C, 0556 Oslo, Norway",10.760557293314747,59.92978925347785
NOR,"Toftvegen 10, 9017 Tromsø, Norway",18.975375024124702,69.69771668766518
NOR,"Toftveien 15, 8909 Brønnøysund, Norway",12.145231856100821,65.46931957615041
NOR,"Tokerudberget 22, 0986 Oslo, Norway",10.927477614454688,59.96335093861603
NOR,"Tokerudberget 24, 0986 Oslo, Norway",10.928111370153772,59.963467447070144
NOR,"Tokerudberget 24B, 0986 Oslo, Norway",10.929297409453113,59.96383901683794
NOR,"Tokes vei 4, 1336 Sandvika, Norway",10.492659681706073,59.89698856132895
NOR,"Tolder Holmers vei 10, 8003 Bodø, Norway",14.36343027947629,67.27827891115018
NOR,"Tolfshusveien 14, 1825 Tomter, Norway",10.997953746001201,59.65777834861436
NOR,"Tolfshusveien 53, 1825 Tomter, Norway",10.996854459399742,59.65520187730678
NOR,"Tollmoveien 45, 7530 Meråker, Norway",11.744209421679471,63.41162982089986
NOR,"Tomasjordnes 62, 9024 Tomasjord, Norway",19.021965665287325,69.66703460536294
NOR,"Tomm Murstadbakken 1, 0791 Oslo, Norway",10.664544604096818,59.98033845796266
NOR,"Tomma, 8723 Husby, Norway",12.770816568347785,66.22438361242554
NOR,"Tømmerdalen 24, 5533 Haugesund, Norway",5.324228566756574,59.41212065024865
NOR,"Tømmerfaret 16, 1414 Trollåsen, Norway",10.785783888206709,59.81215477446659
NOR,"Tømmerfaret 2, 1414 Trollåsen, Norway",10.784810581609975,59.81462894464593
NOR,"Tømmerholsvegen 326, 2850 Lena, Norway",10.841621025857336,60.68385325869724
NOR,"Tømmerlia 10, 7584 Selbustrand, Norway",11.068565077645957,63.28545682285235
NOR,"Tømmervikveien 19, 8890 Leirfjord, Norway",12.930036323578122,66.0608412958965
NOR,"Tomteråsvegen 10, 2165 Hvam, Norway",11.370479888920897,60.10844273032083
NOR,"Tomtervegen 2, 2009 Nordby, Norway",11.094518299724228,59.86303192091316
NOR,"Tømteveien 21, 1412 Sofiemyr, Norway",10.815095655068347,59.79503855099671
NOR,"Tømteveien 25, 1412 Sofiemyr, Norway",10.814802875190423,59.79388126162527
NOR,"Tønderveien 11, 3961 Stathelle, Norway",9.702423321875955,59.02936716053139
NOR,"Tongavegen 16, 5635 Hatlestrand, Norway",5.916781428231303,60.05763515367062
NOR,"Tonlia 5, 2870 Dokka, Norway",10.09228039071536,60.83241038063187
NOR,"Tønsnesvegen 11 C, 9020 Tromsdalen, Norway",18.99873111350402,69.6469740707646
NOR,"Tonstadbrinken 253B, 7091 Tiller, Norway",10.38968582190094,63.3653138966138
NOR,"Tonstadgrenda 31, 7091 Tiller, Norway",10.387337044993103,63.362634830811345
NOR,"Tonsveien 217, 3370 Vikersund, Norway",10.004669302145345,60.022681569691144
NOR,"Toppåsveien 99, 1454 Fagerstrand, Norway",10.606179735905584,59.75898362684947
NOR,"Toppveien 18, 3514 Hønefoss, Norway",10.323749748209366,60.17324997120224
NOR,"Tor Jonssons veg 7, 0688 Oslo, Norway",10.851882570819868,59.88478832407145
NOR,"Torbjørns vei 23, 1473 Lørenskog, Norway",10.950146052497502,59.925994346815145
NOR,"Tordenskjolds gate 11, 8006 Bodø, Norway",14.389994793753146,67.28378221731808
NOR,"Tore Hunds gate 30, 8514 Narvik, Norway",17.433144067150153,68.4376477070328
NOR,"Toreidveien 23, 1925 Blaker, Norway",11.317174337486364,60.001026587561256
NOR,"Toresvei 2, 1634 Gamle Fredrikstad, Norway",11.04961183436663,59.18611013292619
NOR,"Torgeir Forseths veg 14, 2821 Gjøvik, Norway",10.669478527582015,60.791375809717636
NOR,"Torgny Segerstedts vei 176, 5143 Fyllingsdalen, Norway",5.294271393350442,60.34584308059226
NOR,"Torgny Segerstedts vei 4, 5143 Fyllingsdalen, Norway",5.282557432205664,60.34677422621604
NOR,"Tørkopp 2, 1679 Kråkerøy, Norway",10.9111588871624,59.199096047877845
NOR,"Torødveien 39, 3135 Torød, Norway",10.438812156412183,59.17963968086039
NOR,"Torpavegen 15, 2607 Vingrom, Norway",10.43105442780181,61.047410013947555
NOR,"Torpesvingen 1, 3295 Helgeroa, Norway",9.867180189987266,58.99696259712658
NOR,"Torpmarka 156, 1389 Heggedal, Norway",10.470990198883698,59.787320704100324
NOR,"Tors vei 182, 3472 Bødalen, Norway",10.453460621858682,59.76115638379062
NOR,"Tors vei 4, 3040 Drammen, Norway",10.23892681591164,59.72764654072358
NOR,"Tors vei 7A, 3216 Sandefjord, Norway",10.223923293046624,59.144918485146434
NOR,"Torsbergveien 15, 3032 Drammen, Norway",10.149960457417166,59.71441893359386
NOR,"Torsnes 17, 6899 Balestrand, Norway",6.539002538909671,61.27166783030688
NOR,"Torstadveien 1, 1396 Billingstad, Norway",10.484545664156116,59.865814922314996
NOR,"Torsveien 91, 4200 Sauda, Norway",6.366503306835199,59.651254545734844
NOR,"Torvastadvegen 275, 4260 Torvastad, Norway",5.2450256167189195,59.378516762228
NOR,"Torvet 2, 4836 Arendal, Norway",8.765780259280376,58.46137369445589
NOR,"Torvhaugan 50, 8370 Leknes, Norway",13.631188894450275,68.1509811282861
NOR,"Torvhaugan 61, 8370 Leknes, Norway",13.634036394597047,68.14906150482085
NOR,"Tørvikbygdvegen 343, 5620 Tørvikbygd, Norway",6.162336574011647,60.304071656569874
NOR,"Torvikvegen 17, 6095 Bølandet, Norway",5.708648043548976,62.33198147375694
NOR,"Torvmoen 2, 4640 Søgne, Norway",7.828181743541819,58.08702687643796
NOR,"Torvmyra 15, 7670 Inderøy, Norway",11.392212152198056,63.862266500416325
NOR,"Torvmyra 2, 6908 Florø, Norway",5.077921228985275,61.59933968521625
NOR,"Torvmyrvegen 13, 3734 Skien, Norway",9.61749955528299,59.179140370888234
NOR,"Torvmyrveien 6, 4070 Randaberg, Norway",5.6228244796501485,59.0008507524621
NOR,"Torvmyrveien 9, 4070 Randaberg, Norway",5.627575007093867,59.00099353818268
NOR,"Torvtaket 1, 7092 Tiller, Norway",10.38010782114236,63.348226003976635
NOR,"Torvteigen 25, 6009 Ålesund, Norway",6.247176353934776,62.47592175960352
NOR,"Tosletta 52, 1453 Bjørnemyr, Norway",10.64309556532794,59.82985727015409
NOR,"Tøssedalen 22, 5300 Kleppestø, Norway",5.2124578157497865,60.41186854728119
NOR,"Tostemvegen 35, 4270 Åkrehamn, Norway",5.2010805556555795,59.26177042967723
NOR,"Totengata 7, 0658 Oslo, Norway",10.787886907713442,59.90962168197595
NOR,"Totenvegen 1176, 2848 Skreia, Norway",11.005371478854386,60.64526238974429
NOR,"Tråkka 22, 0774 Oslo, Norway",10.681478311625057,59.94955172759924
NOR,"Traktorveien 30, 0678 Oslo, Norway",10.812122174916851,59.90047979163958
NOR,"Trålveien 2, 8013 Bodø, Norway",14.453692564020713,67.27269342042166
NOR,"Trampen 8, 1930 Aurskog, Norway",11.464531212795777,59.92613994047332
NOR,"Trånavegen 52, 5614 Ålvik, Norway",6.432672984168249,60.43458865975708
NOR,"Tranbylia 5, 3408 Tranby, Norway",10.267938929734726,59.81232672921024
NOR,"Traneveien 39, 1447 Drøbak, Norway",10.649300101515507,59.66041659454834
NOR,"Travparkveien 4, 4636 Kristiansand s, Norway",8.141988044670768,58.17987015851767
NOR,"Tredalsvegen 89, 6600 Sunndalsøra, Norway",8.533061914394182,62.66632859253619
NOR,"Tregdeveien 1280, 4516 Mandal, Norway",7.6000332122668794,58.043473836986095
NOR,"Trelastgata 23, 0191 Oslo, Norway",10.761928069760046,59.907992617184306
NOR,"Trelastveien 6A, 1415 Oppegård, Norway",10.802425402590274,59.78816576757848
NOR,"Treskeveien 2, 0681 Oslo, Norway",10.81849401389178,59.894392266820375
NOR,"Treskeveien 3, 4043 Hafrsfjord, Norway",5.654169444765046,58.95005486856684
NOR,"Trettestykket 39, 1388 Borgen, Norway",10.429098368822167,59.813045938412216
NOR,"Trettnesveien 8, 6570 Smøla, Norway",8.052458841378069,63.327635397821496
NOR,"Treungvegen 398, 3855 Treungen, Norway",8.521198755372865,59.01966397604889
NOR,"Trevassvegen 1300, 2840 Reinsvoll, Norway",10.510467454097437,60.62743554852318
NOR,"Tristilvegen 12, 2008 Fjerdingby, Norway",11.089196629398117,59.90264073009726
NOR,"Trøavegen 18, 6683 Vågland, Norway",8.3124770449067,63.11765954509269
NOR,"Trøavegen 31, 7224 Melhus, Norway",10.29714131275989,63.26886870119202
NOR,"Trøaveien 1, 7105 Stadsbygd, Norway",10.016065672978783,63.510386912855495
NOR,"Trøbakken 2, 6633 Gjemnes, Norway",7.603911686504205,62.93604092809187
NOR,"Trodlahaugen 4, 5412 Stord, Norway",5.4697679940004775,59.76249044750003
NOR,"Trøgstadveien 1200, 1860 Trøgstad, Norway",11.31206246619675,59.63727198058612
NOR,"Trokåsa 10, 3737 Skien, Norway",9.624718804668959,59.15297081188902
NOR,"Trollahaugen 14, 7018 Trondheim, Norway",10.300108338845945,63.45076693848276
NOR,"Trollåsveien 19, 1414 Trollåsen, Norway",10.77801864164789,59.81728428966238
NOR,"Trollbakken 11, 9009 Tromsø, Norway",18.94254637832873,69.65143600928198
NOR,"Trollbjørnveien 30, 8028 Bodø, Norway",14.57942496732781,67.29039977178462
NOR,"Trolldalssletta 18, 6264 Tennfjord, Norway",6.587289341998883,62.54391659635303
NOR,"Trollhaugmyra 11, 5353 Straume, Norway",5.133821733823908,60.34784132630929
NOR,"Trollstien 10, 6440 Elnesvågen, Norway",7.173321837174399,62.85890621266276
NOR,"Trollstien 11, 6440 Elnesvågen, Norway",7.172415837260161,62.858905248743895
NOR,"Trollstien 30, 1274 Oslo, Norway",10.840685186367807,59.81769969678376
NOR,"Trollveien 14, 1827 Hobøl, Norway",10.845828070699156,59.5571808421785
NOR,"Trømborg Menighetshus Trømborgveien 502, 1852 Mysen, Norway",11.35732465952509,59.50681930850578
NOR,"Trommestadveien 90, 4817 His, Norway",8.763701295835745,58.44221513645826
NOR,"Tromsøgata 2, 0565 Oslo, Norway",10.769860535287222,59.923067805321466
NOR,"Trondalsveien 30B, 1621 Gressvik, Norway",10.883007427157366,59.21555198692511
NOR,"Trondenesveien 110, 9404 Harstad, Norway",16.556057108825087,68.81864573285853
NOR,"Trondenesveien 69, 9404 Harstad, Norway",16.543256433933635,68.81256365627635
NOR,"Tronderudvegen 5B, 3550 Gol, Norway",8.94736689932057,60.70576506234042
NOR,"Trondheimsvegen 132, 2070 Råholt, Norway",11.183912973470939,60.26370587771001
NOR,"Trondheimsveien 132, 0570 Oslo, Norway",10.77680192458294,59.927411307546976
NOR,"Trondheimsveien 235, 0586 Oslo, Norway",10.790477251070769,59.938222411991205
NOR,"Trondjord, 9103 Kvaløya, Norway",18.86959936427224,69.83947058069174
NOR,"Trongmoen 45, 3530 Røyse, Norway",10.234839045552008,60.09078151550645
NOR,"Trudvangveien 15, 1358 Jar, Norway",10.611018273332633,59.91945415731493
NOR,"Trudvangveien 24, 3216 Sandefjord, Norway",10.221906188047456,59.141784994463336
NOR,"Trulserudvegen 2, 2770 Jaren, Norway",10.549805904994628,60.412824712885936
NOR,"Tryggheimvegen 20, 4365 Nærbø, Norway",5.635483668016036,58.67251354207866
NOR,"Trygstadveien 1, 3511 Hønefoss, Norway",10.267517035522655,60.145196760543996
NOR,"Trygve Haavelmos vei 10, 2007 Kjeller, Norway",11.041035219580408,59.97792224864378
NOR,"Trygve Lies plass 4, 1051 Oslo, Norway",10.895382469005597,59.94087641590315
NOR,"Trykkeriveien 5, 1653 Sellebakk, Norway",10.992231672160443,59.22824315225159
NOR,"Tryms vei 13, 4631 Kristiansand s, Norway",8.015232797719193,58.159184878766155
NOR,"Tryms vei 20, 3089 Holmestrand, Norway",10.251482906868432,59.50558410934431
NOR,"Tryvannsveien 59, 0791 Oslo, Norway",10.672453684114117,59.984360849477525
NOR,"Tueteigen 9, 5736 Granvin, Norway",6.7314431568288455,60.535022886719105
NOR,"Tueveien 2, 4375 Hellvik, Norway",5.889261963725687,58.48152186185192
NOR,"Tuftevegen 18, 3721 Skien, Norway",9.588016462320468,59.2483826024683
NOR,"Tulipanveien 13, 4316 Sandnes, Norway",5.72092401130169,58.85954829345437
NOR,"Tunballvegen 19, 4645 Nodeland, Norway",7.857360238142945,58.168495119627806
NOR,"Tunballvegen 4, 4645 Nodeland, Norway",7.858168421247115,58.16693306815202
NOR,"Tunbekkvegen 13, 2312 Ottestad, Norway",11.11981530260286,60.786196422197946
NOR,"Tuneveien 20, 1710 Sarpsborg, Norway",11.09572236011536,59.29210378289787
NOR,"Tuneveien 63, 1712 Grålum, Norway",11.077571181150887,59.29364332896361
NOR,"Tungenesveien 122, 4071 Randaberg, Norway",5.594475206730181,59.018003060025165
NOR,"Tungenesveien 83, 4071 Randaberg, Norway",5.610678431396678,59.011319707618696
NOR,"Tunhovdvegen 2164, 3544 Tunhovd, Norway",8.76037812268379,60.4611871626513
NOR,"Tunvegen 3, 3550 Gol, Norway",8.958032284378078,60.70328183970568
NOR,"Tunveien 13, 1430 Ås, Norway",10.792741957489739,59.65580126720286
NOR,"Tunveien 45, 4790 Lillesand, Norway",8.361400118265948,58.24558432132267
NOR,"Tunveien 5B, 1475 Finstadjordet, Norway",10.950365323084583,59.916654350197234
NOR,"Turbinveien 32, 0195 Oslo, Norway",10.788671956764858,59.903138028412656
NOR,"Turistveien 22, 7075 Tiller, Norway",10.379045247276792,63.38236084365397
NOR,"Turistveien 6, 9603 Hammerfest, Norway",23.697252955146723,70.65547225561713
NOR,"Tussestien 4, 1405 Langhus, Norway",10.828898554122503,59.755471022685754
NOR,"Tussestien 6, 1405 Langhus, Norway",10.828311401805053,59.75580252695633
NOR,"Tuverudveien 21, 3426 Gullaug, Norway",10.289898761683105,59.7550863352395
NOR,"Tveideveien 284, 4760 Birkeland, Norway",8.230320312190031,58.30268838363824
NOR,"Tveitane 12, 5725 Vaksdal, Norway",5.7493239947358745,60.48198367025796
NOR,"Tveitanvegen 52, 3946 Porsgrunn, Norway",9.685812904353156,59.11467536311349
NOR,"Tvetenveien 223, 0675 Oslo, Norway",10.86613054893266,59.92651863485878
NOR,"Tvetenveien 235, 0675 Oslo, Norway",10.863573565549956,59.92559373375289
NOR,"Tveterlia 6, 1344 Haslum, Norway",10.569251752723602,59.92000371679663
NOR,"Tvetermyra 23, 1344 Haslum, Norway",10.571166682323053,59.91888519372739
NOR,"Tveterveien 20, 1746 Skjeberg, Norway",11.211743406584361,59.246345338992
NOR,"Tveterveien 30J, 1344 Haslum, Norway",10.56860777110262,59.91878993339779
NOR,"Tveterveien 49, 1344 Haslum, Norway",10.564206349926167,59.917324441446596
NOR,"Tybassvegen 3, 2430 Jordet, Norway",12.139627296542585,61.421345528877026
NOR,"Tydalsvegen 125, 7590 Tydal, Norway",11.65051516687987,63.044848760145186
NOR,"Tyinvegen 5124, 2975 Vang i Valdres, Norway",8.57916741100101,61.12586910888825
NOR,"Tykkerisveien 30, 4821 Rykene, Norway",8.634108607021204,58.412843941903134
NOR,"Tylldalsveien 1886, 2510 Tylldalen, Norway",10.80071532670442,62.12772597657877
NOR,"Tymbrålen 44, 5709 Voss, Norway",6.535665954712613,60.620514862528324
NOR,"Tyras Vei 2, 7040 Trondheim, Norway",10.437465352209955,63.44909382678992
NOR,"Tyrifjordveien 32, 3530 Røyse, Norway",10.17165726524388,60.06844780876693
NOR,"Tyrihans 2, 3055 Krokstadelva, Norway",9.99950889963634,59.77024131909491
NOR,"Tyrihaugen 3, 6522 Frei, Norway",7.851882748236818,63.096868653361156
NOR,"Tysemarkjo 47, 5414 Stord, Norway",5.507107025714163,59.804144441058924
NOR,"Tyttebærlia 2, 1405 Langhus, Norway",10.862921202025802,59.762408556305985
NOR,"Tyttebærstien 2, 2450 Rena, Norway",11.357109579889624,61.132688667221316
NOR,"Tyttebærvegen 11, 9024 Tomasjord, Norway",19.007219634487853,69.6525660574681
NOR,"Ubåtsvingen 9, 7045 Trondheim, Norway",10.440714513156905,63.42949559606123
NOR,"Uelands gate 78, 0462 Oslo, Norway",10.749284136457959,59.94128281247862
NOR,"Uførfjellveien 35, 4374 Egersund, Norway",5.967022220588774,58.45355677346399
NOR,"Uførfjellveien 37, 4374 Egersund, Norway",5.966196100211789,58.4531957229847
NOR,"Uglevegen 2, 8665 Mosjøen, Norway",13.189309627371529,65.8734182528562
NOR,"Ulavegen 4, 7045 Trondheim, Norway",10.441505010445383,63.43092077105814
NOR,"Ulaveien 7, 4028 Stavanger, Norway",5.6766038600711966,58.9903432824604
NOR,"Ulbergvegen 1, 2630 Ringebu, Norway",10.136277587216483,61.533993110775015
NOR,"ULEFOSSVEIEN 35 B, 3710 Skien, Norway",9.593866453844829,59.19328134007431
NOR,"Ulevannsveien 60, 3055 Krokstadelva, Norway",10.000886968337426,59.77392529126905
NOR,"Ullaviklia 23, 6230 Sykkylven, Norway",6.582322058539063,62.4023842636507
NOR,"Ullensakergata 13, 0655 Oslo, Norway",10.781881106450157,59.911014335188554
NOR,"Ullern allé 3, 0381 Oslo, Norway",10.643684729302151,59.92647932373288
NOR,"Ullernchausseen 72, 0379 Oslo, Norway",10.658788499729155,59.929756941241095
NOR,"Ullernkammen 15, 0380 Oslo, Norway",10.652908259375437,59.93600988291951
NOR,"Ullernkollen 14, 0382 Oslo, Norway",10.648924424615188,59.93594027121361
NOR,"Ullernvegen 113, 2100 Skarnes, Norway",11.635901234874467,60.227206377418355
NOR,"Ullernveien 9, 0280 Oslo, Norway",10.660583065199006,59.9223428126063
NOR,"Ullerudveien 18, 1443 Drøbak, Norway",10.64182461734947,59.66762377399374
NOR,"Ullstindvegen 529, 9023 Krokelvdalen, Norway",19.33312110571802,69.77503387712642
NOR,"Ullveien 10, 0791 Oslo, Norway",10.665188669536803,59.977319841262556
NOR,"Ulriksdal 39, 5009 Bergen, Norway",5.362440573686001,60.376974055719074
NOR,"Ulsetskogen 7, 5119 Ulset, Norway",5.313770130888457,60.46006889103916
NOR,"Ulsholtveien 66, 1053 Oslo, Norway",10.890399762843913,59.94202574246657
NOR,"Ulsrudveien 38, 0690 Oslo, Norway",10.847795135736362,59.88928718487233
NOR,"Ulvedalen 2A, 1672 Kråkerøy, Norway",10.9374994369864,59.20234621465315
NOR,"Ulvefaret 32, 2014 Blystadlia, Norway",11.040691729188296,59.93128877595592
NOR,"Ulvefaret 68, 1488 Hakadal, Norway",10.849390379548709,60.10617953264443
NOR,"Ulvestadvegen 3, 6133 Lauvstad, Norway",5.93149049483776,62.16675190821604
NOR,"Ulvestadvegen 4, 6265 Vatne, Norway",6.620648897541997,62.5585990923264
NOR,"Ulvikveien 9, 3152 Tolvsrød, Norway",10.469528981703121,59.26899663604283
NOR,"Undelstvedtveien 66, 3160 Stokke, Norway",10.243369895146856,59.22029425819417
NOR,"Underbakken 27, 5590 Etne, Norway",5.992640501816112,59.66369404441849
NOR,"Underhaugsvegen 10, 7023 Trondheim, Norway",10.351796853519886,63.39644843404946
NOR,"Underhaugsveien 20, 0354 Oslo, Norway",10.72708173223171,59.924105694482165
NOR,"Ungdomsskoleveien 50, 8310 Kabelvåg, Norway",14.465918324173401,68.21688241707946
NOR,"Unn Løvlands vei 29, 4622 Kristiansand s, Norway",7.963376812619799,58.118469574543866
NOR,"Unnebergveien 17, 1613 Fredrikstad, Norway",10.924966731539456,59.226340250683165
NOR,"Unnelandsvegen 245, 5268 Haukeland, Norway",5.47879228623529,60.36093624791175
NOR,"Uranusvegen 18, 9024 Tomasjord, Norway",19.030767250354756,69.666311498576
NOR,"Uranusveien 7, 9602 Hammerfest, Norway",23.700786933163556,70.69089614818381
NOR,"Uravegen 1, 6884 Øvre Årdal, Norway",7.791608482502227,61.312127486482325
NOR,"Urskjellveien 2, 4310 Hommersåk, Norway",5.842791183778445,58.92524141768237
NOR,"Uskedalsvegen 552, 5463 Uskedalen, Norway",5.861271855356762,59.93321971499046
NOR,"Uståsen 4, 7082 Kattem, Norway",10.334846130728181,63.34577429729782
NOR,"Utmarkveien 6, 0689 Oslo, Norway",10.849696570471707,59.88307657180496
NOR,"Utsiktstoppen 1, 3770 Kragerø, Norway",9.400051193963748,58.867525434525476
NOR,"Utsiktsveien 15C, 1725 Sarpsborg, Norway",11.089703399264124,59.27298566758307
NOR,"Utslåtten 2A, 4332 Figgjo, Norway",5.8141294335081,58.783949519872635
NOR,"Utsynvegen 24, 4160 Finnøy, Norway",5.87104398099288,59.16273321451746
NOR,"Utveien 2, 1433 Ås, Norway",10.772923617983679,59.667765009062265
NOR,"Utveien 23, 1433 Ås, Norway",10.782229206889042,59.66716825946568
NOR,"Utvordvegen 906, 7777 Nord-statland, Norway",11.134191691472296,64.49706323188593
NOR,"Utvordveien 2388, 7777 Nord-statland, Norway",10.990622933483962,64.58435593386383
NOR,"Uvdalsvegen 1209, 3632 Uvdal, Norway",8.746563740422289,60.27067882487117
NOR,"v/Siv-Mariann Haug Håreks gate 34A, 8800 Sandnessjøen, Norway",12.623270737297503,66.0191477397546
NOR,"Vådanvegen 65, 7024 Trondheim, Norway",10.32278616462034,63.396942589151195
NOR,"Vadmyrveien 69, 5172 Loddefjord, Norway",5.228222918337309,60.36381341999575
NOR,"Vadmyrveien 79, 5172 Loddefjord, Norway",5.228362141749045,60.36480613069833
NOR,"Vækerøveien 141, 0383 Oslo, Norway",10.641990662851356,59.937816727877504
NOR,"Vækerøveien 184, 0751 Oslo, Norway",10.641490850528497,59.943469829854955
NOR,"Væretrøa 122, 7055 Ranheim, Norway",10.58621974223584,63.43323979220969
NOR,"Værnesveien 238, 7318 Agdenes, Norway",9.66980103853615,63.610301880915785
NOR,"Vågåvegen 57, 2680 Vågå, Norway",9.099113964056187,61.87249434267753
NOR,"Vågbøvegen 1305, 6628 Meisingset, Norway",8.293364880743127,62.86216015129452
NOR,"Vågedalen 12, 5163 Laksevåg, Norway",5.287634015682926,60.388388699101455
NOR,"Vågehamn, 8412 Vestbygd, Norway",15.507753697106057,68.34739073486308
NOR,"Vågeveien 6, 4580 Lyngdal, Norway",6.945563315854201,58.11266921372743
NOR,"Vågsbygd ringvei 100, 4621 Kristiansand s, Norway",7.961825322342037,58.129209055625466
NOR,"Vågshagen 22, 5582 Ølensvåg, Norway",5.747779293799681,59.59625132363115
NOR,"Vågsmarka 31, 5680 Tysnes, Norway",5.52079852927514,60.03876639997529
NOR,"Vågsvegen 915, 6967 Hellevik i Fjaler, Norway",5.033718675856335,61.283023381271875
NOR,"Vakker-Beret vegen 1, 7970 Kolvereid, Norway",11.610700875339433,64.8579397866772
NOR,"Våkleivbrotet 45, 5155 Bønes, Norway",5.291581808259508,60.32993045650886
NOR,"Våkleiven 68, 5155 Bønes, Norway",5.294852929792768,60.32698367271897
NOR,"Våkleivskogen 160, 5155 Bønes, Norway",5.284561964350075,60.327577027644764
NOR,"Valavegen 56, 5355 Knarrevik, Norway",5.158049708771529,60.363762793300566
NOR,"Valbeinet 1, 9017 Tromsø, Norway",18.97693514776273,69.70202959594411
NOR,"Vålbekkdalen 4, 2436 Våler i Solør, Norway",11.834723163319154,60.677380753065165
NOR,"Valbyveien 69, 3261 Larvik, Norway",10.098261381545228,59.046906292926025
NOR,"Valdresvegen 1131, 2936 Begnadalen, Norway",9.782603685642869,60.6482662962043
NOR,"Vålerenggata 10, 0657 Oslo, Norway",10.7842898139657,59.90791005543801
NOR,"Vålerenggata 27, 0658 Oslo, Norway",10.787470159487555,59.90819030437069
NOR,"Vålerveien 962, 1591 Sperrebotn, Norway",10.80965579990746,59.457544362851195
NOR,"Valevegen 36, 5451 Valen, Norway",5.785039451804494,59.82988002702123
NOR,"Valhallaveien 33B, 1412 Sofiemyr, Norway",10.81556344908455,59.8084957803639
NOR,"Valhallgata 2, 5531 Haugesund, Norway",5.29515979126802,59.40146289272303
NOR,"Valhallveien 13, 3518 Hønefoss, Norway",10.19791617533096,60.181604046459114
NOR,"Valhallveien 4, 1423 Ski, Norway",10.792798954431333,59.71949254149547
NOR,"Vall 133, 8170 Engavågen, Norway",13.5048068936471,66.79105208105923
NOR,"Vallalia 3, 5227 Nesttun, Norway",5.3843614297846045,60.29373253709346
NOR,"Vallavegen 251, 6220 Straumgjerde, Norway",6.645457486922595,62.291461761245245
NOR,"Vallefaret 14, 0663 Oslo, Norway",10.80180044788952,59.91918622977994
NOR,"Vallejordet 1, 2850 Lena, Norway",10.81559236665052,60.677931821289434
NOR,"Vallemyrane 3, 6260 Skodje, Norway",6.66158133496603,62.4779146409025
NOR,"Valleveien 8, 4513 Mandal, Norway",7.421838560803707,58.035254039818085
NOR,"Valsåmyra 22, 7105 Stadsbygd, Norway",10.020365002574579,63.50810699328227
NOR,"Valsolveien 25, 4823 Nedenes, Norway",8.716778647488354,58.42317543384766
NOR,"Valstadveien 8, 3410 Sylling, Norway",10.280880504418576,59.893538486162925
NOR,"Valsvigveien 11, 4639 Kristiansand s, Norway",8.070876900139666,58.13162212173063
NOR,"Valtjønnvegen 40, 4760 Birkeland, Norway",8.240069974325621,58.32067464865776
NOR,"Vammenveien 2, 3077 Sande i Vestfold, Norway",10.346084167410652,59.534192550710486
NOR,"Vanganveien 51, 7770 Flatanger, Norway",10.904634581368725,64.49842793145143
NOR,"Vangenspissen 2, 2212 Kongsvinger, Norway",11.97810852526598,60.203926060443706
NOR,"Vanglivegen 17, 2322 Ridabu, Norway",11.177609195549792,60.814515226899886
NOR,"Vangsfjellveien 1, 3440 Røyken, Norway",10.41412367970409,59.74533000949086
NOR,"Vangskroken 2, 3520 Jevnaker, Norway",10.423345617215773,60.23961557552201
NOR,"Vangslia 6, 4480 Kvinesdal, Norway",6.982843255150527,58.329604728300865
NOR,"Vangsmovegen 10, 7750 Namdalseid, Norway",11.225677482423208,64.21848493824643
NOR,"Vangsvegen 13, 6300 Åndalsnes, Norway",7.694675208858541,62.55993072528389
NOR,"Vanvikvegen 1665, 4209 Vanvik, Norway",6.362096688878779,59.54798572675696
NOR,"Varabergtunet 2, 4051 Sola, Norway",5.670166223156343,58.882440612131006
NOR,"Varatunhagen 54, 4317 Sandnes, Norway",5.729469100184064,58.86479452475895
NOR,"Vardåsveien 67, 4637 Kristiansand s, Norway",8.057704487842358,58.15265206534073
NOR,"Vardefaret 38, 1388 Borgen, Norway",10.413538539043401,59.82582314397479
NOR,"Vardenlia 32 H, 3227 Sandefjord, Norway",10.258948909799281,59.121522858204635
NOR,"Vardevegen 14, 5353 Straume, Norway",5.131699519758911,60.35931275708569
NOR,"Vardevegen 47, 5953 Fonnes, Norway",5.000420308206429,60.80086676441172
NOR,"Vardevegen 7, 5353 Straume, Norway",5.133230222916808,60.35910559834872
NOR,"Vardeveien 1, 5141 Fyllingsdalen, Norway",5.270447342316828,60.3421203002064
NOR,"Vardeveien 11, 9740 Lebesby, Norway",26.99908620072486,70.57377975460784
NOR,"Vardeveien 166, 2020 Skedsmokorset, Norway",,
NOR,"Vardeveien 50, 3227 Sandefjord, Norway",10.255149989507686,59.12213982507686
NOR,"Vardeveien 50B, 3227 Sandefjord, Norway",10.258005536281502,59.12193094804974
NOR,"Vardeveien 69, 5141 Fyllingsdalen, Norway",5.271762630563131,60.339973024250924
NOR,"Vardeveien 72, 1850 Mysen, Norway",11.336503928218264,59.5670009542103
NOR,"Vardholmvegen 3, 6457 Bolsøya, Norway",7.31479059314114,62.73204602428342
NOR,"Vargeia 93, 7877 Høylandet, Norway",12.290827945010193,64.62739185179927
NOR,"Vargveien 21, 3030 Drammen, Norway",10.148435034858267,59.72904359443535
NOR,"Varhaugsvegen 2, 5419 Fitjar, Norway",5.326827208198068,59.923591464722335
NOR,"Varleitevegen 1, 6065 Ulsteinvik, Norway",5.8870818307097466,62.341305838125436
NOR,"Varpevegen 46, 3728 Skien, Norway",9.570612027109888,59.197279940916815
NOR,"Varsjøveien 38, 1900 Fetsund, Norway",11.212798352918014,59.938734336727634
NOR,"Vårveien 1D, 1182 Oslo, Norway",10.788237103628092,59.895848203401954
NOR,"Vårveien 5, 3024 Drammen, Norway",10.14513130772167,59.75205355312306
NOR,"Vassteigen 51, 5141 Fyllingsdalen, Norway",5.266101912253589,60.3311221116833
NOR,"Våtemyrvegen 2, 5357 Fjell, Norway",5.038368704280998,60.32825386632618
NOR,"Vatnevegen 1, 6092 Fosnavåg, Norway",5.637714846822291,62.32788427375624
NOR,"Vavollen 137, 5610 Øystese, Norway",6.195262868979597,60.37801542336959
NOR,"Vedalen 41, 2500 Tynset, Norway",10.75153811404087,62.28734348075807
NOR,"Veelstoppen 4, 1634 Gamle Fredrikstad, Norway",11.05066175155838,59.18551866392863
NOR,"Veggumsvegen 178, 2670 Otta, Norway",9.498640815493957,61.768175522688864
NOR,"Vegsundvegen 44, 6020 Ålesund, Norway",6.351228210307312,62.43512146288302
NOR,"Vegsundvegen 62, 6020 Ålesund, Norway",6.350442574522674,62.434801148453175
NOR,"Veitastrondsvegen 2252, 6878 Veitastrond, Norway",7.0306298262582345,61.48349331760943
NOR,"Veitvetveien 32, 0596 Oslo, Norway",10.85352265781421,59.942998210872986
NOR,"Vejlevegen 20, 6415 Molde, Norway",7.1790623512021625,62.74266820063008
NOR,"Veksthusfløtten 11, 0594 Oslo, Norway",10.831474396787343,59.940207540029746
NOR,"Veldetunvegen 20, 4262 Avaldsnes, Norway",5.278266819789195,59.3478641842249
NOR,"Vellets vei 7, 1415 Oppegård, Norway",10.816526529759415,59.76661840908537
NOR,"Velleveien 79, 3118 Tønsberg, Norway",10.442523579319243,59.30460534957453
NOR,"Velliveien 30A, 1358 Jar, Norway",10.620483034579308,59.9357799673154
NOR,"Velveien 14, 1482 Nittedal, Norway",10.866733710685168,60.05232245198093
NOR,"Vemundvikvegen 93, 7810 Namsos, Norway",11.48082378855014,64.47823005936957
NOR,"Vennadalsveien 10, 7207 Ytre Snillfjord, Norway",9.276753984986215,63.35118594735451
NOR,"Vennavegen 1B, 7670 Inderøy, Norway",11.292045643223474,63.87424830527709
NOR,"Venneslavegen 167, 4708 Vennesla, Norway",7.938868043915761,58.237070319353165
NOR,"Venneslavegen 281, 4700 Vennesla, Norway",7.967589221879649,58.27497756028313
NOR,"Venneslavegen 294, 4700 Vennesla, Norway",7.970398752005025,58.278629094492004
NOR,"Veradammen 21, 3219 Sandefjord, Norway",10.23816842131231,59.111820738349024
NOR,"Veråsvegen 68, 5955 Lindås, Norway",5.1610224345517395,60.73392544907236
NOR,"Veritasveien 11, 1363 Høvik, Norway",10.56071579016779,59.88903778134335
NOR,"Verkensvegen 16, 2050 Jessheim, Norway",11.167970593631253,60.13825175358832
NOR,"Verkensveien 22, 1385 Asker, Norway",10.371699766429003,59.79997012754902
NOR,"Veslerunden 7, 3580 Geilo, Norway",8.233470315222377,60.53993552017022
NOR,"Veslevegen 5, 2050 Jessheim, Norway",11.167775546744366,60.137751940701975
NOR,"Vesleveien 11, 3517 Hønefoss, Norway",10.237588142155488,60.17749494415591
NOR,"Vestaveien 29, 1476 Rasta, Norway",10.930506750443243,59.92428041525383
NOR,"Vestbygata 57, 2003 Lillestrøm, Norway",11.045791614356347,59.96399508787505
NOR,"Vestbygata 57A, 2003 Lillestrøm, Norway",11.046851170736772,59.964067339880415
NOR,"Vestbyvegen 49, 2420 Trysil, Norway",12.249597195652115,61.30508446661062
NOR,"Vestbyveien 3, 1734 Hafslundsøy, Norway",11.1526560183394,59.29673382048344
NOR,"Vestengavegen 9, 2070 Råholt, Norway",11.177449268837194,60.272486172743356
NOR,"Vesterålsveien 723, 8416 Sortland, Norway",15.303583599302726,68.75041712482945
NOR,"Vesterhaugveien 23, 9513 Alta, Norway",23.230306097879208,69.95672612914663
NOR,"Vesterhusvegen 3, 3550 Gol, Norway",8.926829979255245,60.69780963039855
NOR,"Vesterlivegen 5, 9013 Tromsø, Norway",18.905503814530334,69.63908644841942
NOR,"Vesterøyveien 131, 3219 Sandefjord, Norway",10.254914206571385,59.11330429330155
NOR,"Vestersidaveien 8, 9046 Oteren, Norway",19.882373390664526,69.25626665784804
NOR,"Vesterveien 881, 4823 Nedenes, Norway",8.69639050620441,58.403019136005554
NOR,"Vestfjordveien 40, 3142 Vestskogen, Norway",10.396760064361985,59.24693965783666
NOR,"Vestheiveien 2, 4550 Farsund, Norway",6.77612481954327,58.09190916739959
NOR,"Vestlisvingen 186, 0969 Oslo, Norway",10.927536036319822,59.97206250204334
NOR,"Vestlisvingen 194, 0969 Oslo, Norway",10.930044153207007,59.97297788968913
NOR,"Vestlisvingen 86, 0969 Oslo, Norway",10.926010529941891,59.96862675993174
NOR,"Vestlivegen 29, 3580 Geilo, Norway",8.223860044136586,60.52795057209579
NOR,"Vestlivegen 40, 5414 Stord, Norway",5.5131488691610855,59.801281434391285
NOR,"Vestliveien 21, 1415 Oppegård, Norway",10.803162758612615,59.77782484599288
NOR,"Vestliveien 4, 1482 Nittedal, Norway",10.855430965710156,60.06036107431183
NOR,"Vestlundveien 21, 5145 Fyllingsdalen, Norway",5.292610721976402,60.36242999497099
NOR,"Vestlykkja 60, 2034 Holter, Norway",11.037092120869602,60.144614330560245
NOR,"Vestlyvegen 117, 4347 Lye, Norway",5.709307447871794,58.729131286372024
NOR,"Vestmarkavegen 66, 2230 Skotterud, Norway",12.107314584373484,59.98088929447431
NOR,"Vestre Andebu vei 65, 3158 Andebu, Norway",10.165817006568346,59.30830839057839
NOR,"Vestre Eikenga 17, 3404 Lier, Norway",10.23422322712571,59.788211197493695
NOR,"Vestre Einaren 5, 3744 Skien, Norway",9.557611276189618,59.20949601997131
NOR,"Vestre Haugen 48, 1054 Oslo, Norway",10.897527565666252,59.94959384666271
NOR,"Vestre Kaldvell 17, 4790 Lillesand, Norway",8.415595995455789,58.275270172522994
NOR,"Vestre Karmøyveg 673, 4272 Sandve, Norway",5.188172676222479,59.198670624382174
NOR,"Vestre Rosten 4, 7072 Heimdal, Norway",10.364490742964904,63.348869901778585
NOR,"Vestre Rosten 77, 7075 Tiller, Norway",10.371937058107903,63.36254133068144
NOR,"Vestre Solørveg 1157, 2266 Arneberg, Norway",12.00535029731941,60.53058366315932
NOR,"Vestre Strandvei 22, 3482 Tofte, Norway",10.55153844438098,59.540988974990796
NOR,"Vestre Strømsbuvei 26, 4839 Arendal, Norway",8.742608907047014,58.45004680959977
NOR,"Vestre Totenveg 511, 2817 Gjøvik, Norway",10.697087594632563,60.761403758433374
NOR,"Vestre Totenvei, 2846 Bøverbru, Norway",10.722455804191602,60.701698631268485
NOR,"Vestre Vadmyra 2C, 5172 Loddefjord, Norway",5.226866558765465,60.36141988372498
NOR,"Vestre Vadmyra 2D, 5172 Loddefjord, Norway",5.22557130326777,60.36198084259499
NOR,"Vestre Vallavegen 69, 5227 Nesttun, Norway",5.378983516888212,60.29258823967194
NOR,"Vestre vei 3, 1397 Nesøya, Norway",10.514771896654167,59.86953916953391
NOR,"Vestrikroken 1, 4085 Hundvåg, Norway",5.724538707046094,58.99554714513735
NOR,"Vestringslinna 630, 2910 Aurdal, Norway",9.32641483346299,60.9301865803684
NOR,"Vestsidevegen 988, 2634 Fåvang, Norway",10.181467277082362,61.4443796274459
NOR,"Vestsideveien 1520, 3536 Noresund, Norway",9.601549296454323,60.17658856705603
NOR,"Vestsideveien 2575, 6570 Smøla, Norway",7.851242706110355,63.42352709426709
NOR,"Vestvegen 116, 2847 Kolbu, Norway",10.723770629020294,60.63707083958997
NOR,"Vestveien 12, 0284 Oslo, Norway",10.630431766915336,59.921479686126816
NOR,"Vestvollveien 1, 4017 Stavanger, Norway",5.725169696717131,58.9373955544724
NOR,"Vestvollveien 31, 2019 Skedsmokorset, Norway",11.038368433266129,59.994020070877866
NOR,"Vetelsvegen 48, 5354 Straume, Norway",5.102449024609513,60.37462988885801
NOR,"Vetlandsveien 101, 0685 Oslo, Norway",10.84227590395244,59.89413016470806
NOR,"Vetlandsveien 17, 0671 Oslo, Norway",10.846978319271926,59.91030958476958
NOR,"Vetlandsveien 82, 0685 Oslo, Norway",10.84398444931473,59.89571051813948
NOR,"Vettaliveien 6, 0781 Oslo, Norway",10.6907022607935,59.963141935860335
NOR,"Veum allé 6, 1615 Fredrikstad, Norway",10.935972086589771,59.251700662659346
NOR,"Veum allé 8, 1615 Fredrikstad, Norway",10.94085714357945,59.249464706168254
NOR,"Veumlia 1, 1615 Fredrikstad, Norway",10.940601579351636,59.26020804292531
NOR,"Veumveien 88, 1613 Fredrikstad, Norway",10.930566513412884,59.23433817887414
NOR,"Vevelstadåsen 59, 1405 Langhus, Norway",10.84631980455779,59.7575647880511
NOR,"Veverbakken 42, 1536 Moss, Norway",10.69755320935397,59.4644202475736
NOR,"Vevlevegen 213, 5281 Valestrandsfossen, Norway",5.516350085621866,60.493327863744156
NOR,"Vevringskyrkjevegen 4, 6817 Naustdal, Norway",5.393680932649261,61.49048357340064
NOR,"Victoria terrasse 7.juni Plassen 1, 0251 Oslo, Norway",10.729192379270302,59.91477868981417
NOR,"Vidars vei 42, 1781 Halden, Norway",11.37304366164517,59.13484976586645
NOR,"Vidhaugen 119, 7550 Hommelvik, Norway",10.755663351507707,63.428967871437294
NOR,"Vierveien 29, 1344 Haslum, Norway",10.544623541899313,59.90508070211163
NOR,"Vigeland Brugs veg 15, 4708 Vennesla, Norway",7.963640088198531,58.2519867542442
NOR,"Vigernesveien 151, 1925 Blaker, Norway",11.34701517007639,59.93614478965111
NOR,"Viggjahåggån 8, 7354 Viggja, Norway",9.98997792135458,63.343109313092725
NOR,"Vigmostad, 4520 Lindesnes, Norway",7.3355777481991025,58.19942098945564
NOR,"Vigvollvegen 20, 6450 Hjelset, Norway",7.504266280450054,62.78203816748319
NOR,"Vik 1, 5627 Jondal, Norway",6.2513871706330235,60.27854721074857
NOR,"Vikalida 9, 6783 Stryn, Norway",6.697406678785285,61.90495762131408
NOR,"Vikanesvegen 18, 5574 Skjold, Norway",5.595259166134184,59.50431659794614
NOR,"Vikangrendvegen 1, 3630 Rødberg, Norway",8.939845063229939,60.269258259921
NOR,"Vikanvegen 15, 7512 Stjørdal, Norway",10.89739395812964,63.48261247085529
NOR,"Vikåsen 16, 7054 Ranheim, Norway",10.534660057413703,63.412904666463334
NOR,"Vikavegen 10, 5107 Salhus, Norway",5.2629270149687954,60.503782821122456
NOR,"Vikavegen 18, 6940 Eikefjord, Norway",5.455601068891411,61.58338997121126
NOR,"Vikavegen 2, 6783 Stryn, Norway",6.71348752766545,61.90584534867938
NOR,"Vikemarksvingen 7, 6065 Ulsteinvik, Norway",5.8639815570153075,62.34631524064872
NOR,"Viken, 2634 Fåvang, Norway",10.196492044012576,61.45722697806906
NOR,"Vikersundveien 152, 3533 Tyristrand, Norway",10.10926363529137,60.09165130559899
NOR,"Vikevegen 1264, 5568 Vikebygd, Norway",5.590460442747201,59.59804471563456
NOR,"Vikingjordet 5, 1389 Heggedal, Norway",10.433201561883664,59.78348279827438
NOR,"Vikingveien 5, 4371 Egersund, Norway",5.998631550929815,58.43177669142921
NOR,"Vilbergvegen 15, 2080 Eidsvoll, Norway",11.258607130152456,60.33252775684582
NOR,"Vilbergvegen 54, 2067 Jessheim, Norway",11.13526432362164,60.161301610135155
NOR,"Vilhelm Bjerknes' vei 15, 5081 Bergen, Norway",5.358255154154392,60.35626786311914
NOR,"Vilhelm Bjerknes' vei 31, 5081 Bergen, Norway",5.357185288033065,60.35281946433375
NOR,"Vilhelm Bjerknes' vei 54, 5081 Bergen, Norway",5.361515463032532,60.34816725661426
NOR,"Vilhelm Bjerknes' vei 83, 5081 Bergen, Norway",5.356193625068386,60.34987477601965
NOR,"Villandveien 2, 4623 Kristiansand s, Norway",7.973583372297497,58.10355133754368
NOR,"Villaveien 9, 9910 Bjørnevatn, Norway",29.99066221061659,69.66902526545758
NOR,"Villenga 17, 1423 Ski, Norway",10.823664809960718,59.7130092232083
NOR,"Villenga 19, 1423 Ski, Norway",10.822495283010653,59.71311437418365
NOR,"Villenga 21, 1423 Ski, Norway",10.821821880909539,59.71312103779667
NOR,"Vingsandveien 12, 7740 Steinsdalen, Norway",10.456907092806375,64.32276298027614
NOR,"Vinjehjellane 9, 6250 Stordal, Norway",7.01180775976357,62.387305806571305
NOR,"Vinjevegen 13, 7760 Snåsa, Norway",12.363653524016797,64.24461837124295
NOR,"Vinkelveien 28, 1807 Askim, Norway",11.178890117993063,59.59219217747085
NOR,"Vinnesvegen 582, 5641 Fusa, Norway",5.586446433135507,60.152822895978034
NOR,"Vintervegen 315, 2647 Sør-fron, Norway",9.8465042979673,61.56904287709344
NOR,"Viovegen 14, 2966 Slidre, Norway",8.989401054097982,61.08979218224519
NOR,"Vipevegen 10, 2008 Fjerdingby, Norway",11.069215848608508,59.9329550563977
NOR,"Vipevegen 8, 3917 Porsgrunn, Norway",9.67312496605939,59.13560409524274
NOR,"Vistdalsvegen 1097, 6364 Vistdal, Norway",7.928424192559163,62.720758576281725
NOR,"Vistestølen 1, 4070 Randaberg, Norway",5.60700279921619,58.99788427119975
NOR,"Visteveien 46, 4071 Randaberg, Norway",5.60974016115523,58.98688272991538
NOR,"Viulvegen 28, 2385 Brumunddal, Norway",10.94295647504876,60.89666081168534
NOR,"Vogts gate 32A, 0474 Oslo, Norway",10.76253592537833,59.932713196581574
NOR,"Vogts gate 32B, 0474 Oslo, Norway",10.762593341415084,59.93278431703001
NOR,"Vogts gate 32C, 0474 Oslo, Norway",10.762340124120158,59.93273377415386
NOR,"Voie ringvei 106, 4624 Kristiansand s, Norway",7.947367880468903,58.10239438344837
NOR,"Volladalsvegen 25, 6386 Måndalen, Norway",7.426516165689804,62.52475200338512
NOR,"Vollanveien 54, 2512 Kvikne, Norway",10.32449213337361,62.561378112324235
NOR,"Vollebergveien 4, 1621 Gressvik, Norway",10.88805174030739,59.2152093766328
NOR,"Vollenmarka 31, 1390 Vollen, Norway",10.475064977293385,59.803585493845674
NOR,"Vollenveien 34, 1390 Vollen, Norway",10.477129806392787,59.80601302326387
NOR,"Vollevegen 9, 6885 Årdalstangen, Norway",7.712603764474665,61.24319718742893
NOR,"Vollholen 24, 1435 Ås, Norway",10.850430238456653,59.63295173814191
NOR,"Vollskaret 4, 6409 Molde, Norway",6.992907238655221,62.773353174688935
NOR,"Vollsveien 168, 1359 Eiksmarka, Norway",10.625357195094864,59.94150028095652
NOR,"Vollveien 24, 8011 Bodø, Norway",14.433708430469835,67.29292159308349
NOR,"von Øtkens vei 60, 1434 Ås, Norway",10.807061014141453,59.66776534433839
NOR,"Vormeliveien 59, 4990 Søndeled, Norway",9.065135991696792,58.750039063743344
NOR,"Vossegata 29, 0475 Oslo, Norway",10.771806729385531,59.93272459596989
NOR,"Vossestrandvegen 710, 5713 Vossestrand, Norway",6.4844537835961376,60.78106430861217
NOR,"Votlavegen 31, 5286 Haus, Norway",5.4934849243115025,60.455592829014904
NOR,"Vøyensvingen 20 - 22, 0458 Oslo, Norway",10.754343201757564,59.93244522713704
NOR,"Vrågåvegen 33, 3626 Rollag, Norway",9.298514411458058,59.98540012165225
NOR,"Vukusletta 1, 7660 Vuku, Norway",11.737608170014624,63.77515266825219
NOR,"W.Faye Hansens veg 5, 2214 Kongsvinger, Norway",11.993496693667709,60.19688538750489
NOR,"Waldemar Aunes veg 17, 7027 Trondheim, Norway",10.379869272177984,63.3961504573916
NOR,"Wallemslien 4-8, 5165 Laksevåg, Norway",5.264367109753351,60.39173697605344
NOR,"Wedel Jarlsbergs vei 4A, 1358 Jar, Norway",10.623689950734246,59.920799494684104
NOR,"Weidemanns vei 40, 7043 Trondheim, Norway",10.422704736898993,63.434257983897936
NOR,"Welhavens gate 19, 0350 Oslo, Norway",10.731015443210964,59.92093398232058
NOR,"Welhavens vei 15, 3613 Kongsberg, Norway",9.660523109911253,59.66850131734671
NOR,"Wergelands gate 12, 3019 Drammen, Norway",10.194254289471672,59.74964061274642
NOR,"Wergelands gate 19, 5522 Haugesund, Norway",5.282923134641209,59.40951945232672
NOR,"Wergelands vei 7B, 3117 Tønsberg, Norway",10.419282070556335,59.27497900988672
NOR,"Wergelandsveien 25, 4616 Kristiansand s, Norway",7.979100927700813,58.15093343991364
NOR,"Wessels gate 35, 6507 Kristiansund n, Norway",7.733999913434502,63.10210365480842
NOR,"Westye Egebergs gate 11, 0172 Oslo, Norway",10.747779668657017,59.923003097028925
NOR,"Westye Egebergs gate 5, 0177 Oslo, Norway",10.74799256899766,59.921813788787375
NOR,"Wilhelm K. Størens veg 2, 7048 Trondheim, Norway",10.46912279467523,63.412911120528776
NOR,"Willem Stibolts vei 2, 3077 Sande i Vestfold, Norway",10.267186905381834,59.56581193933533
NOR,"Willy Moes veg 4, 2034 Holter, Norway",11.013358007657047,60.13205237227123
NOR,"Wollert Konows plass 1, 5224 Nesttun, Norway",5.35600008692407,60.31636187355795
NOR,"Yksnebjørvegen 21, 6963 Dale i Sunnfjord, Norway",5.409522142917638,61.36656719323554
NOR,"Ylvisåker, 6858 Fardal, Norway",7.018024560093082,61.180486438866936
NOR,"Yndesdalsvegen 2719, 5961 Brekke, Norway",5.453645738518645,61.01391290827371
NOR,"Yrkesskolevegen 21, 7058 Jakobsli, Norway",10.484841545338213,63.418129232441146
NOR,"Ysterhagaveien 25, 7374 Røros, Norway",11.398504782187985,62.572455342194274
NOR,"Ytre Arna-vegen 46, 5265 Ytre Arna, Norway",5.453675326636841,60.44288188239693
NOR,"Ytre Eiganesveien 21, 4022 Stavanger, Norway",5.69612011578684,58.957696523963335
NOR,"Ytre Eiganesveien 3, 4022 Stavanger, Norway",5.698527566016907,58.95893809337119
NOR,"Yttergårdvegen 8, 9107 Kvaløya, Norway",18.736921948723932,69.68585792914305
NOR,"Yttervikveien 10, 8340 Stamsund, Norway",13.84668234449191,68.13319028733912
NOR,"Zahlkasserer Schafts plass 2, 0267 Oslo, Norway",10.702969259909793,59.920992068909584
NOR,"Zinoberveien 479, 0758 Oslo, Norway",10.612977291742794,60.01774701756321
