title,location/lat,location/lng,searchString,categoryName,permanentlyClosed,temporarilyClosed,address,neighborhood,city,postalCode,countryCode,state,street
Päiväkoti Villasukka,60.434205,22.351394,päiväkoti,Päiväkoti,False,False,"Kämnerinpolku 5, 20750 Turku, Suomi",Kämnerinpolku 5,Turku,20750.0,FI,,Kämnerinpolku 5
Päiväkoti Mesikämmen,60.3865179,23.1504879,päiväkoti,Päiväkoti,False,False,"Helsingintie 57, 24100 Salo, Suomi",Helsingintie 57,Salo,24100.0,FI,,Helsingintie 57
Hanko Pohjoisen Päiväkoti,59.8316737,22.9859173,päiväkoti,Päiväkoti,False,False,"Panimokatu 3, 10960 Hanko, Suomi",Panimokatu 3,Hanko,10960.0,FI,,Panimokatu 3
Päiväkoti Poutapilvi,60.5826224,22.730565,päiväkoti,Päiväkoti,False,False,"Hämeen Härkätie 610, 21450 Tarvasjoki, Suomi",Hämeen Härkätie 610,Tarvasjoki,21450.0,FI,,Hämeen Härkätie 610
Keskustan Päiväkoti,61.3398993,22.9068495,päiväkoti,Päiväkoti,False,False,"Onkiniemenkatu 1, 38200 Sastamala, Suomi",Onkiniemenkatu 1,Sastamala,38200.0,FI,,Onkiniemenkatu 1
Kokemäen päiväkoti Villa Vilinä,61.2537762,22.346394,päiväkoti,Päiväkoti,False,False,"Teljänportti 6, 32800 Kokemäki, Suomi",Teljänportti 6,Kokemäki,32800.0,FI,,Teljänportti 6
Pilke päiväkoti Kielipolku,61.4762405,21.7795644,päiväkoti,Päiväkoti,False,False,"Maamiehenkatu 8, 28220 Pori, Suomi",Maamiehenkatu 8,Pori,28220.0,FI,,Maamiehenkatu 8
Hervannan päiväkoti,61.4553642,23.8397713,päiväkoti,Päiväkoti,False,False,"Virtainpolku 10, 33720 Tampere, Suomi",Virtainpolku 10,Tampere,33720.0,FI,,Virtainpolku 10
Villilän päiväkoti,61.4973399,23.6313511,päiväkoti,Päiväkoti,False,False,"Porkkanakuja 6, 33300 Tampere, Suomi",Porkkanakuja 6,Tampere,33300.0,FI,,Porkkanakuja 6
Lauttalan Päiväkoti,61.4755596,23.4878634,päiväkoti,Päiväkoti,False,False,"Haavistontie 3, 37140 Nokia, Suomi",Haavistontie 3,Nokia,37140.0,FI,,Haavistontie 3
Ainikin päiväkoti,61.4982453,23.8099302,päiväkoti,Päiväkoti,False,False,"Lemminkäisenkatu 11, 33540 Tampere, Suomi",Lemminkäisenkatu 11,Tampere,33540.0,FI,,Lemminkäisenkatu 11
Nahkatehtaan päiväkoti,61.5092335,23.6632455,päiväkoti,Päiväkoti,False,False,"Nahkatehtaankatu 7, 33270 Tampere, Suomi",Nahkatehtaankatu 7,Tampere,33270.0,FI,,Nahkatehtaankatu 7
Länsi-Tesoman päiväkoti,61.5081302,23.6049239,päiväkoti,Päiväkoti,False,False,"Virontörmänkatu 9, 33310 Tampere, Suomi",Virontörmänkatu 9,Tampere,33310.0,FI,,Virontörmänkatu 9
Alhoniityn päiväkoti,61.4874219,23.4880687,päiväkoti,Päiväkoti,False,False,"Laajanojankatu 37, 37130 Nokia, Suomi",Laajanojankatu 37,Nokia,37130.0,FI,,Laajanojankatu 37
Kanjonin päiväkoti,61.4557182,23.8383113,päiväkoti,Päiväkoti,False,False,"Vilppulanpolku 20, 33720 Tampere, Suomi",Vilppulanpolku 20,Tampere,33720.0,FI,,Vilppulanpolku 20
Myllypuron päiväkoti,61.5113812,23.5961916,päiväkoti,Päiväkoti,False,False,"Maamiehentie 2, 33340 Tampere, Suomi",Maamiehentie 2,Tampere,33340.0,FI,,Maamiehentie 2
Tiikon Päiväkoti,61.5669944,23.5947325,päiväkoti,Päiväkoti,False,False,"Tiikontie 8, 33470 Ylöjärvi, Suomi",Tiikontie 8,Ylöjärvi,33470.0,FI,,Tiikontie 8
Metsäniityn päiväkoti,61.4621087,23.904018,päiväkoti,Päiväkoti,False,False,"Ruskontie 2, 33710 Tampere, Suomi",Ruskontie 2,Tampere,33710.0,FI,,Ruskontie 2
Solvikin päiväkoti,60.9724757,24.5499613,päiväkoti,Päiväkoti,False,False,"Onkitie 4, 13300 Hämeenlinna, Suomi",Onkitie 4,Hämeenlinna,13300.0,FI,,Onkitie 4
Koivistonkylän päiväkoti,61.4711085,23.7931765,päiväkoti,Päiväkoti,False,False,"Lehvänkatu 2, 33820 Tampere, Suomi",Lehvänkatu 2,Tampere,33820.0,FI,,Lehvänkatu 2
Tohlopin päiväkoti,61.5150371,23.6275091,päiväkoti,Päiväkoti,False,False,"Suoniemenkatu 9, 33310 Tampere, Suomi",Suoniemenkatu 9,Tampere,33310.0,FI,,Suoniemenkatu 9
Tottijärven Päiväkoti,61.4003039,23.3467001,päiväkoti,Päiväkoti,False,False,"Pajulahdentie, 37310 Tottijärvi, Suomi",Pajulahdentie,Tottijärvi,37310.0,FI,,Pajulahdentie
Päiväkoti Laivuri,60.1633706,24.9188026,päiväkoti,Päiväkoti,False,False,"Itämerenkatu 8, 00180 Helsinki, Suomi",Itämerenkatu 8,Helsinki,180.0,FI,,Itämerenkatu 8
Muurahaisen päiväkoti,60.2144856,24.6276494,päiväkoti,Päiväkoti,False,False,"Rintamäentanhua 4, 02770 Espoo, Suomi",Rintamäentanhua 4,Espoo,2770.0,FI,,Rintamäentanhua 4
Vuorentaustan päiväkoti,61.5307998,23.6030752,päiväkoti,Päiväkoti,False,False,"Välimäenkuja 6, 33430 Ylöjärvi, Suomi",Välimäenkuja 6,Ylöjärvi,33430.0,FI,,Välimäenkuja 6
Valkean ruusun päiväkoti,61.7681835,23.0701964,päiväkoti,Päiväkoti,False,False,"Eino Salmelaisen katu 5, 39500 Ikaalinen, Suomi",Eino Salmelaisen katu 5,Ikaalinen,39500.0,FI,,Eino Salmelaisen katu 5
Päiväkoti Lapinmäki,60.2092939,24.883106,päiväkoti,Päiväkoti,False,False,"Kangaspellontie 6, 00300 Helsinki, Suomi",Kangaspellontie 6,Helsinki,300.0,FI,,Kangaspellontie 6
Päiväkoti Tuuli,60.2045076,24.8910647,päiväkoti,Päiväkoti,False,False,"Jasmiinikuja 3, 00300 Helsinki, Suomi",Jasmiinikuja 3,Helsinki,300.0,FI,,Jasmiinikuja 3
Lukonmäen päiväkoti,61.4649538,23.8560466,päiväkoti,Päiväkoti,False,False,"Turtolankatu 41, 33710 Tampere, Suomi",Turtolankatu 41,Tampere,33710.0,FI,,Turtolankatu 41
Päiväkoti Viskuri,60.2493577,25.0024019,päiväkoti,Päiväkoti,False,False,"Viskurikuja 2, 00700 Helsinki, Suomi",Viskurikuja 2,Helsinki,700.0,FI,,Viskurikuja 2
Päiväkoti Poutapilvi,60.2491784,25.0315032,päiväkoti,Päiväkoti,False,False,"Tullivuorentie 6, 00700 Helsinki, Suomi",Tullivuorentie 6,Helsinki,700.0,FI,,Tullivuorentie 6
Ankkarin päiväkoti,61.4885525,23.8517439,päiväkoti,Päiväkoti,False,False,"Ankkarinraitti 8, 33560 Tampere, Suomi",Ankkarinraitti 8,Tampere,33560.0,FI,,Ankkarinraitti 8
Vehmaisten Päiväkoti,61.4764391,23.9205994,päiväkoti,Päiväkoti,False,False,"Sarvannankatu 7, 33730 Tampere, Suomi",Sarvannankatu 7,Tampere,33730.0,FI,,Sarvannankatu 7
Rinteen Päiväkoti,61.5398066,23.6124737,päiväkoti,Päiväkoti,False,False,"Mikkolantie 50, 33470 Ylöjärvi, Suomi",Mikkolantie 50,Ylöjärvi,33470.0,FI,,Mikkolantie 50
Päiväkoti Meripirtti,60.1595293,24.9344597,päiväkoti,Päiväkoti,False,False,"Merimiehenkatu 43, 00150 Helsinki, Suomi",Merimiehenkatu 43,Helsinki,150.0,FI,,Merimiehenkatu 43
Vellamon päiväkoti,61.5005149,23.7813778,päiväkoti,Päiväkoti,False,False,"Aaltosenkatu 37, 33500 Tampere, Suomi",Aaltosenkatu 37,Tampere,33500.0,FI,,Aaltosenkatu 37
Päiväkoti Niitty,60.2335775,24.8803475,päiväkoti,Päiväkoti,False,False,"Laurinmäenpolku 4, 00440 Helsinki, Suomi",Laurinmäenpolku 4,Helsinki,440.0,FI,,Laurinmäenpolku 4
Päiväkoti Tammentupa,60.5629272,22.4470597,päiväkoti,Lastentarha,False,False,"Elotie 23, 21360 Lieto As, Suomi",Elotie 23,Lieto As,21360.0,FI,,Elotie 23
Kutalan päiväkoti,60.9994668,24.4954551,päiväkoti,Päiväkoti,False,False,"Kutalantie 3, 13210 Hämeenlinna, Suomi",Kutalantie 3,Hämeenlinna,13210.0,FI,,Kutalantie 3
Haukiluoman päiväkoti,61.5167651,23.6062954,päiväkoti,Päiväkoti,False,False,"Runkokatu 5, 33340 Tampere, Suomi",Runkokatu 5,Tampere,33340.0,FI,,Runkokatu 5
Varistonniityn päiväkoti,60.272243,24.8166249,päiväkoti,Päiväkoti,False,False,"Niittäjäntie 13, 01660 Vantaa, Suomi",Niittäjäntie 13,Vantaa,1660.0,FI,,Niittäjäntie 13
Juvan päiväkoti,61.4701674,23.8716422,päiväkoti,Päiväkoti,False,False,"Käätykatu 6, 33710 Tampere, Suomi",Käätykatu 6,Tampere,33710.0,FI,,Käätykatu 6
Päiväkoti Puimuri,60.252829,25.0095415,päiväkoti,Päiväkoti,False,False,"Kujanen 4, 00700 Helsinki, Suomi",Kujanen 4,Helsinki,700.0,FI,,Kujanen 4
Killon päiväkoti,61.4662612,23.6914671,päiväkoti,Päiväkoti,False,False,"Sarkonkuja 1, 33950 Pirkkala, Suomi",Sarkonkuja 1,Pirkkala,33950.0,FI,,Sarkonkuja 1
Lamminpään päiväkoti,61.5196892,23.6398477,päiväkoti,Päiväkoti,False,False,"Kivilevontie 1, 33420 Tampere, Suomi",Kivilevontie 1,Tampere,33420.0,FI,,Kivilevontie 1
Pohjolan päiväkoti,61.5056475,23.7787743,päiväkoti,Päiväkoti,False,False,"Pohjankulma 2, 33500 Tampere, Suomi",Pohjankulma 2,Tampere,33500.0,FI,,Pohjankulma 2
Päiväkoti Tapanila,60.2646932,25.021475,päiväkoti,Päiväkoti,False,False,"Kuoppatie 43, 00730 Helsinki, Suomi",Kuoppatie 43,Helsinki,730.0,FI,,Kuoppatie 43
Päiväkoti Pikkuprinssi,60.2755837,25.0263129,päiväkoti,Päiväkoti,False,False,"Maatullinkuja 12, 00750 Helsinki, Suomi",Maatullinkuja 12,Helsinki,750.0,FI,,Maatullinkuja 12
Kukkapellon päiväkoti,61.4825626,23.7581436,päiväkoti,Päiväkoti,False,False,"Hatanpään puistokuja 20, 33900 Tampere, Suomi",Hatanpään puistokuja 20,Tampere,33900.0,FI,,Hatanpään puistokuja 20
Kissanmaan päiväkoti,61.5017976,23.8083806,päiväkoti,Päiväkoti,False,False,"Hippoksenkatu 5, 33520 Tampere, Suomi",Hippoksenkatu 5,Tampere,33520.0,FI,,Hippoksenkatu 5
Päiväkoti Toivo,60.2331662,25.0396439,päiväkoti,Päiväkoti,False,False,"Apteekkarinraitti 3, 00790 Helsinki, Suomi",Apteekkarinraitti 3,Helsinki,790.0,FI,,Apteekkarinraitti 3
Ylpönpihan päiväkoti,61.1655605,23.8525599,päiväkoti,Päiväkoti,False,False,"Asemantie 27, 37800 Akaa, Suomi",Asemantie 27,Akaa,37800.0,FI,,Asemantie 27
Muotialan päiväkoti,61.4773859,23.822001,päiväkoti,Päiväkoti,False,False,"Muotialantie 64, 33800 Tampere, Suomi",Muotialantie 64,Tampere,33800.0,FI,,Muotialantie 64
Myllyhaan päiväkoti,61.4912807,23.5153155,päiväkoti,Päiväkoti,False,False,"Rounionkatu 94, 37100 Nokia, Suomi",Rounionkatu 94,Nokia,37100.0,FI,,Rounionkatu 94
Puropuiston päiväkoti,61.4779682,23.5000392,päiväkoti,Päiväkoti,False,False,"Souranderintie 16, 37100 Nokia, Suomi",Souranderintie 16,Nokia,37100.0,FI,,Souranderintie 16
Espoonlahden päiväkoti,60.1476545,24.6590243,päiväkoti,Päiväkoti,False,False,"Espoonlahdentie 6, 02360 Espoo, Suomi",Espoonlahdentie 6,Espoo,2360.0,FI,,Espoonlahdentie 6
Maijalanpuiston päiväkoti,61.4467851,23.8315867,päiväkoti,Päiväkoti,False,False,"Ylioppilaankatu 6, 33720 Tampere, Suomi",Ylioppilaankatu 6,Tampere,33720.0,FI,,Ylioppilaankatu 6
Sepänkannaksen päiväkoti,60.0863652,24.409961,päiväkoti,Päiväkoti,False,False,"Sepänrinteentie 2, 02480 Kirkkonummi, Suomi",Sepänrinteentie 2,Kirkkonummi,2480.0,FI,,Sepänrinteentie 2
Laajakallion päiväkoti,60.1222999,24.4719582,päiväkoti,Päiväkoti,False,False,"Sinipiiantie 3, 02400 Kirkkonummi, Suomi",Sinipiiantie 3,Kirkkonummi,2400.0,FI,,Sinipiiantie 3
Peltovainion päiväkoti,61.522493,23.6708543,päiväkoti,Päiväkoti,False,False,"Peltovainionkatu 13, 33400 Tampere, Suomi",Peltovainionkatu 13,Tampere,33400.0,FI,,Peltovainionkatu 13
Lehtisaaren Päiväkoti,60.1812993,24.8519914,päiväkoti,Päiväkoti,False,False,"Papinpöydänkuja 10, 00340 Helsinki, Suomi",Papinpöydänkuja 10,Helsinki,340.0,FI,,Papinpöydänkuja 10
Kalkun päiväkoti,61.4971684,23.5843361,päiväkoti,Päiväkoti,False,False,"Pitkäniemenkatu 19, 33330 Tampere, Suomi",Pitkäniemenkatu 19,Tampere,33330.0,FI,,Pitkäniemenkatu 19
Päiväkoti Susanna,60.1971615,24.9220006,päiväkoti,Päiväkoti,False,False,"Susannanpenger 1, 00240 Helsinki, Suomi",Susannanpenger 1,Helsinki,240.0,FI,,Susannanpenger 1
Harjuniityn päiväkoti,61.4719512,23.4521205,päiväkoti,Päiväkoti,False,False,"Lautamiehenkatu 1, 37140 Nokia, Suomi",Lautamiehenkatu 1,Nokia,37140.0,FI,,Lautamiehenkatu 1
Päiväkoti,60.463383,22.1976881,päiväkoti,Lastentarha,False,False,"Säkäkuja 2, 20210 Turku, Suomi",Säkäkuja 2,Turku,20210.0,FI,,Säkäkuja 2
Pappilan päiväkoti,61.4917472,23.8558589,päiväkoti,Päiväkoti,False,False,"Takahuhdinkatu 77, 33560 Tampere, Suomi",Takahuhdinkatu 77,Tampere,33560.0,FI,,Takahuhdinkatu 77
Orvokin päiväkoti,61.4617919,23.5156784,päiväkoti,Päiväkoti,False,False,"Räikäntie 12, 37120 Nokia, Suomi",Räikäntie 12,Nokia,37120.0,FI,,Räikäntie 12
Tesoman päiväkoti,61.5066909,23.6301479,päiväkoti,Päiväkoti,False,False,"Kohmankaari 11, 33310 Tampere, Suomi",Kohmankaari 11,Tampere,33310.0,FI,,Kohmankaari 11
Montessori-päiväkoti Aurinkoleijona Oy,60.3966828,23.0811224,päiväkoti,Päiväkoti,False,False,"Halikontie 2, 24800 Salo, Suomi",Halikontie 2,Salo,24800.0,FI,,Halikontie 2
Amurin päiväkoti,61.5004017,23.7432824,päiväkoti,Päiväkoti,False,False,"Suokatu 10, 33230 Tampere, Suomi",Suokatu 10,Tampere,33230.0,FI,,Suokatu 10
Koiramäen päiväkoti,61.3527744,22.9116376,päiväkoti,Päiväkoti,False,False,"Karjalankatu 6, 38200 Sastamala, Suomi",Karjalankatu 6,Sastamala,38200.0,FI,,Karjalankatu 6
Keskustan päiväkoti,61.0458261,22.3358522,päiväkoti,Päiväkoti,False,False,"Tuulimyllyntie 18, 27800 Säkylä, Suomi",Tuulimyllyntie 18,Säkylä,27800.0,FI,,Tuulimyllyntie 18
Pohjoisrannan Päiväkoti,61.3252982,22.156186,päiväkoti,Päiväkoti,False,False,"Kaanaankatu 2, 29200 Harjavalta, Suomi",Kaanaankatu 2,Harjavalta,29200.0,FI,,Kaanaankatu 2
Päiväkoti,60.3727806,23.1260159,päiväkoti,Päiväkoti,False,False,"24130 Salo, Suomi",,Salo,,FI,,
Päiväkoti Taikurinhattu,61.4677488,21.8343546,päiväkoti,Päiväkoti,False,False,"Palokunnantie 39, 28370 Pori, Suomi",Palokunnantie 39,Pori,28370.0,FI,,Palokunnantie 39
Päiväkoti Viikari,61.4845039,21.8031968,päiväkoti,Päiväkoti,False,False,"Varvinkatu 17, 28100 Pori, Suomi",Varvinkatu 17,Pori,28100.0,FI,,Varvinkatu 17
Pilke Vienola,60.4545503,22.2033311,päiväkoti,Päiväkoti,False,False,"Vienolanrinne 2, 20210 Turku, Suomi",Vienolanrinne 2,Turku,20210.0,FI,,Vienolanrinne 2
Veturitallin päiväkoti,61.4868983,21.7769676,päiväkoti,Päiväkoti,False,False,"Pölkkyruohonpolku 1, 28120 Pori, Suomi",Pölkkyruohonpolku 1,Pori,28120.0,FI,,Pölkkyruohonpolku 1
Koivulan päiväkoti,61.4736801,21.8307408,päiväkoti,Päiväkoti,False,False,"Toukolantie 16, 28360 Pori, Suomi",Toukolantie 16,Pori,28360.0,FI,,Toukolantie 16
Pilke päiväkoti Tähtimetsä,60.3918266,22.2138367,päiväkoti,Päiväkoti,False,False,"Isohaarlantie 1, 20900 Turku, Suomi",Isohaarlantie 1,Turku,20900.0,FI,,Isohaarlantie 1
Päiväkoti,60.4586586,22.3230813,päiväkoti,Päiväkoti,False,False,"Virmuntie 1, 20540 Turku, Suomi",Virmuntie 1,Turku,20540.0,FI,,Virmuntie 1
Ilmaristen Päiväkoti,60.5088166,22.3772365,päiväkoti,Päiväkoti,False,False,"Kirjokannentie 2, 21350 Lieto, Suomi",Kirjokannentie 2,Lieto,21350.0,FI,,Kirjokannentie 2
Kesämäen päiväkoti,60.4150823,22.4036822,päiväkoti,Päiväkoti,False,False,"Keskikesäntie 21, 20780 Kaarina, Suomi",Keskikesäntie 21,Kaarina,20780.0,FI,,Keskikesäntie 21
Pilke Pikku-Omppu,60.4123091,22.2360374,päiväkoti,Päiväkoti,False,False,"Pitkäpellonkatu 2, 20900 Turku, Suomi",Pitkäpellonkatu 2,Turku,20900.0,FI,,Pitkäpellonkatu 2
Päiväkoti Pääskynpesä,60.4398711,22.286751,päiväkoti,Päiväkoti,False,False,"Kurjenmäenkatu 8 Rakennus 34, 20700 Turku, Suomi",Kurjenmäenkatu 8 Rakennus 34,Turku,20700.0,FI,,Kurjenmäenkatu 8 Rakennus 34
Karvetin Päiväkoti,60.4802123,22.050678,päiväkoti,Lastenhoitotoimisto,False,False,"Karvetinkatu 1, 21110 Naantali, Suomi",Karvetinkatu 1,Naantali,21110.0,FI,,Karvetinkatu 1
Päiväkoti Hanhilinna,60.5052683,22.4551272,päiväkoti,Päiväkoti,False,False,"Karjatie 6, 21420 Lieto, Suomi",Karjatie 6,Lieto,21420.0,FI,,Karjatie 6
Leijapuiston päiväkoti,60.4856883,22.1843603,päiväkoti,Päiväkoti,False,False,"Haunistentie 9, 21280 Raisio, Suomi",Haunistentie 9,Raisio,21280.0,FI,,Haunistentie 9
"Päiväkoti Norlandia Ilo, Norlandia Päiväkodit Oy",60.4456773,22.3530889,päiväkoti,Päiväkoti,False,False,"Tavastilankatu, 20620 Turku, Suomi",Tavastilankatu,Turku,20620.0,FI,,Tavastilankatu
Koriston Päiväkoti,60.4029236,22.3555587,päiväkoti,Päiväkoti,False,False,"Konttikatu 3, 20780 Kaarina, Suomi",Konttikatu 3,Kaarina,20780.0,FI,,Konttikatu 3
Taimon päiväkoti,60.4830645,22.0390631,päiväkoti,Päiväkoti,False,False,"Soinistentie 3, 21110 Naantali, Suomi",Soinistentie 3,Naantali,21110.0,FI,,Soinistentie 3
Jokilaakson päiväkoti,60.5067416,22.4497978,päiväkoti,Päiväkoti,False,False,"Kirkkotie 10, 21420 Lieto, Suomi",Kirkkotie 10,Lieto,21420.0,FI,,Kirkkotie 10
Koukkarinkadun päiväkoti,60.4490258,22.3594429,päiväkoti,Päiväkoti,False,False,"Pelttarinkatu 6, 20610 Turku, Suomi",Pelttarinkatu 6,Turku,20610.0,FI,,Pelttarinkatu 6
Pilke musiikkipäiväkoti Sinikello,60.4571252,22.2709517,päiväkoti,Päiväkoti,False,False,"Tuureporinkatu 5 E 80, 20100 Turku, Suomi",Tuureporinkatu 5 E 80,Turku,20100.0,FI,,Tuureporinkatu 5 E 80
Varppeen päiväkoti,60.4834132,22.1565935,päiväkoti,Päiväkoti,False,False,"Lumparlankatu 19, 21200 Raisio, Suomi",Lumparlankatu 19,Raisio,21200.0,FI,,Lumparlankatu 19
"Päiväkoti Norlandia Apila, Norlandia Päiväkodit Oy",60.5422956,22.2475589,päiväkoti,Päiväkoti,False,False,"Päällistönmäentie 2, 21290 Rusko, Suomi",Päällistönmäentie 2,Rusko,21290.0,FI,,Päällistönmäentie 2
Kastun päiväkoti,60.4653357,22.2673035,päiväkoti,Päiväkoti,False,False,"Pyörämäentie 4, 20300 Turku, Suomi",Pyörämäentie 4,Turku,20300.0,FI,,Pyörämäentie 4
Päiväkoti Loukilinna,60.4839254,22.4018746,päiväkoti,Päiväkoti,False,False,"Nenämäentie 2, 21410 Lieto, Suomi",Nenämäentie 2,Lieto,21410.0,FI,,Nenämäentie 2
Myllymäen Päiväkoti,60.8038823,21.4143363,päiväkoti,Lastentarha,False,False,"Liljalaaksonkatu 21, 23500 Uusikaupunki, Suomi",Liljalaaksonkatu 21,Uusikaupunki,23500.0,FI,,Liljalaaksonkatu 21
Tallimäenkentän päiväkoti,60.4422497,22.2391426,päiväkoti,Päiväkoti,False,False,"Malminkatu 1, 20100 Turku, Suomi",Malminkatu 1,Turku,20100.0,FI,,Malminkatu 1
Stålarminkadun päiväkoti,60.4374825,22.2504445,päiväkoti,Päiväkoti,False,False,"Stålarminkatu 27, 20810 Turku, Suomi",Stålarminkatu 27,Turku,20810.0,FI,,Stålarminkatu 27
Lounatuulen päiväkoti,60.5677998,21.9665419,päiväkoti,Päiväkoti,False,False,"Valtuustotie 5, 21230 Lemu, Suomi",Valtuustotie 5,Lemu,21230.0,FI,,Valtuustotie 5
Wännin Päiväkoti,61.1305651,21.5064657,päiväkoti,Päiväkoti,False,False,"Nortamonkatu 8, 26100 Rauma, Suomi",Nortamonkatu 8,Rauma,26100.0,FI,,Nortamonkatu 8
Suikkilanseudun päivähoitoyksikkö,60.4643174,22.2196778,päiväkoti,Päiväkoti,False,False,"Talinkorventie 16, 21280 Turku, Suomi",Talinkorventie 16,Turku,21280.0,FI,,Talinkorventie 16
Keskustan päiväkoti,60.4684694,22.0191654,päiväkoti,Päiväkoti,False,False,"Kaivokatu 7, 21100 Naantali, Suomi",Kaivokatu 7,Naantali,21100.0,FI,,Kaivokatu 7
Nummen päiväkoti,61.1243,21.5129487,päiväkoti,Päiväkoti,False,False,"Meijerikatu 6, 26100 Rauma, Suomi",Meijerikatu 6,Rauma,26100.0,FI,,Meijerikatu 6
Päiväkoti,60.6864482,21.7146725,päiväkoti,Päiväkoti,False,False,"Vinkkiläntie 24, 23200 Vehmaa, Suomi",Vinkkiläntie 24,Vehmaa,23200.0,FI,,Vinkkiläntie 24
Lumparlands päiväkoti,60.1171654,20.2585322,päiväkoti,Päiväkoti,False,False,"33 Lumpovägen, Lumparland 22630, Ahvenanmaa",33 Lumpovägen,Lumparland,22630.0,AX,,33 Lumpovägen
Kaskenmäen päiväkoti,60.4460756,22.2728598,päiväkoti,Päiväkoti,False,False,"Kaskenkatu 7, 20700 Turku, Suomi",Kaskenkatu 7,Turku,20700.0,FI,,Kaskenkatu 7
Päiväkoti Karhukallio,60.5398545,22.2185446,päiväkoti,Päiväkoti,False,False,"Ristimäentie 2, 21290 Rusko, Suomi",Ristimäentie 2,Rusko,21290.0,FI,,Ristimäentie 2
Väentuvan avoin päiväkoti - Naantalin kaupunki,60.4806567,22.0491146,päiväkoti,Päiväkoti,False,False,"Ripikatu 8, 21110 Naantali, Suomi",Ripikatu 8,Naantali,21110.0,FI,,Ripikatu 8
Päiväkoti Pisara,60.810131,21.4109746,päiväkoti,Lastentarha,False,False,"Merilinnuntie 18, 23500 Uusikaupunki, Suomi",Merilinnuntie 18,Uusikaupunki,23500.0,FI,,Merilinnuntie 18
Järvilinnan päiväkoti,60.4546585,22.412152,päiväkoti,Päiväkoti,False,False,"Palomäentie 2, 20660 Lieto, Suomi",Palomäentie 2,Lieto,20660.0,FI,,Palomäentie 2
Metsäaron Päiväkoti,60.4650484,22.1570102,päiväkoti,Päiväkoti,False,False,"Rankionkatu 10, 21260 Raisio, Suomi",Rankionkatu 10,Raisio,21260.0,FI,,Rankionkatu 10
Hinnerjoen Päiväkoti,60.9984192,21.993831,päiväkoti,Päiväkoti,False,False,"Harttitie 2, 27600 Hinnerjoki, Suomi",Harttitie 2,Hinnerjoki,27600.0,FI,,Harttitie 2
Laukolan päiväkoti,60.6112612,22.3050118,päiväkoti,Päiväkoti,False,False,"Laukolan koulutie, 21310 Vahto, Suomi",Laukolan koulutie,Vahto,,FI,,Laukolan koulutie
Veitikanraitin Päiväkoti,60.5029003,22.1486697,päiväkoti,Päiväkoti,False,False,"Sairaalakatu 1, 21200 Raisio, Suomi",Sairaalakatu 1,Raisio,21200.0,FI,,Sairaalakatu 1
Kaivopuiston Päiväkoti,61.1368403,21.4935628,päiväkoti,Päiväkoti,False,False,"Kaivopuistontie 14, 26100 Rauma, Suomi",Kaivopuistontie 14,Rauma,26100.0,FI,,Kaivopuistontie 14
Päiväkoti Nuppula,60.5970501,22.0896834,päiväkoti,Päiväkoti,False,False,"Maskuntie 26, 21270 Nousiainen, Suomi",Maskuntie 26,Nousiainen,21270.0,FI,,Maskuntie 26
Päiväkoti Satumetsä,60.5447485,22.2384336,päiväkoti,Päiväkoti,False,False,"Levolantie 29, 21290 Rusko, Suomi",Levolantie 29,Rusko,21290.0,FI,,Levolantie 29
Hiidenvainion Päiväkoti,60.5455142,22.222458,päiväkoti,Päiväkoti,False,False,"Kuppikiventie 3, 21290 Rusko, Suomi",Kuppikiventie 3,Rusko,21290.0,FI,,Kuppikiventie 3
Otan Päiväkoti,61.1356862,21.4864179,päiväkoti,Päiväkoti,False,False,"Pursikatu 4, 26100 Rauma, Suomi",Pursikatu 4,Rauma,26100.0,FI,,Pursikatu 4
Kreivinniityn Päiväkoti,60.4694656,22.0303841,päiväkoti,Päiväkoti,False,False,"Kreivinkatu 4, 21100 Naantali, Suomi",Kreivinkatu 4,Naantali,21100.0,FI,,Kreivinkatu 4
Päiväkoti,60.5369477,22.0461186,päiväkoti,Päiväkoti,False,False,"Lietsalantie 53, 21250 Masku, Suomi",Lietsalantie 53,Masku,21250.0,FI,,Lietsalantie 53
Soinisten Päiväkoti,60.4972042,22.0321737,päiväkoti,Päiväkoti,False,False,"Immasentie 2, 21110 Naantali, Suomi",Immasentie 2,Naantali,21110.0,FI,,Immasentie 2
Satumetsän päiväkoti,60.572095,22.108777,päiväkoti,Päiväkoti,False,False,"Kurittulantie 49, 21250 Masku, Suomi",Kurittulantie 49,Masku,21250.0,FI,,Kurittulantie 49
Tammenahjon Päiväkoti,60.5559001,22.1281537,päiväkoti,Päiväkoti,False,False,"Tammialhontie 1, 21250 Masku, Suomi",Tammialhontie 1,Masku,21250.0,FI,,Tammialhontie 1
Vaisaaren päiväkoti,60.4764442,22.1652507,päiväkoti,Päiväkoti,False,False,"Kunnaankatu 9, 21200 Raisio, Suomi",Kunnaankatu 9,Raisio,21200.0,FI,,Kunnaankatu 9
Rymättylän päiväkoti,60.4181122,21.8904636,päiväkoti,Päiväkoti,False,False,"Poikon rantatie 1, 21130 Naantali, Suomi",Poikon rantatie 1,Naantali,21130.0,FI,,Poikon rantatie 1
Päiväkoti Big Ten,60.555344,22.128349,päiväkoti,Päiväkoti,False,False,"Oksatie 11, 21250 Masku, Suomi",Oksatie 11,Masku,21250.0,FI,,Oksatie 11
Kuloisten päiväkoti,60.4798958,22.1872106,päiväkoti,Päiväkoti,False,False,"Sipilänkuja 2, 21280 Raisio, Suomi",Sipilänkuja 2,Raisio,21280.0,FI,,Sipilänkuja 2
Viialan päiväkoti,60.4533882,22.0121021,päiväkoti,Koulu,False,False,"Käkölänraitti 14, 21100 Naantali, Suomi",Käkölänraitti 14,Naantali,21100.0,FI,,Käkölänraitti 14
Päiväkoti pikkunorssi,61.1306614,21.4920326,päiväkoti,Päiväkoti,False,False,"Ilvaninkatu 1, 26100 Rauma, Suomi",Ilvaninkatu 1,Rauma,26100.0,FI,,Ilvaninkatu 1
Hakinmäen päiväkoti,60.4905589,22.1018089,päiväkoti,Päiväkoti,False,False,"Kapponkatu 15, 21210 Raisio, Suomi",Kapponkatu 15,Raisio,21210.0,FI,,Kapponkatu 15
"Päiväkoti Norlandia Laine, Norlandia Päiväkodit Oy",60.6558957,21.956619,päiväkoti,Päiväkoti,False,False,"Opintie 29, 23100 Mynämäki, Suomi",Opintie 29,Mynämäki,23100.0,FI,,Opintie 29
Pikkulaurin päiväkoti,60.6807331,21.9866054,päiväkoti,Päiväkoti,False,False,"Kotipellontie 6, 23100 Mynämäki, Suomi",Kotipellontie 6,Mynämäki,23100.0,FI,,Kotipellontie 6
Lajon Päiväkoti,61.1291276,21.5354834,päiväkoti,Päiväkoti,False,False,"Vilkuntie 46, 26100 Rauma, Suomi",Vilkuntie 46,Rauma,26100.0,FI,,Vilkuntie 46
Suovuoren päiväkoti,60.4893684,22.0518798,päiväkoti,Päiväkoti,False,False,"Suopellonkatu 13, 21110 Naantali, Suomi",Suopellonkatu 13,Naantali,21110.0,FI,,Suopellonkatu 13
Petäsmäen Päiväkoti,60.5036105,22.1324108,päiväkoti,Päiväkoti,False,False,"Hietatie 4, 21200 Raisio, Suomi",Hietatie 4,Raisio,21200.0,FI,,Hietatie 4
Uudenlahden päiväkoti,61.1536599,21.4933872,päiväkoti,Päiväkoti,False,False,"Uudenlahdentie 100, 26200 Rauma, Suomi",Uudenlahdentie 100,Rauma,26200.0,FI,,Uudenlahdentie 100
TENAVAKADUN PÄIVÄKOTI,60.4956665,22.1562062,päiväkoti,Päiväkoti,False,False,"Tenavakatu 2, 21200 Raisio, Suomi",Tenavakatu 2,Raisio,21200.0,FI,,Tenavakatu 2
Sampaanalan päiväkoti,61.1075175,21.4939695,päiväkoti,Päiväkoti,False,False,"Sampaanalantie 38, 26820 Rauma, Suomi",Sampaanalantie 38,Rauma,26820.0,FI,,Sampaanalantie 38
Päiväkoti Vappula,60.6034681,22.0871571,päiväkoti,Päiväkoti,False,False,"Oikotie 5, 21270 Nousiainen, Suomi",Oikotie 5,Nousiainen,21270.0,FI,,Oikotie 5
Kourujärven Päiväkoti,61.1139819,21.538663,päiväkoti,Päiväkoti,False,False,"Taninpolku 2, 26660 Rauma, Suomi",Taninpolku 2,Rauma,26660.0,FI,,Taninpolku 2
Pähkinäpensaan päiväkoti,60.8763341,21.7152487,päiväkoti,Päiväkoti,False,False,"Kaaritie 6, 23800 Laitila, Suomi",Kaaritie 6,Laitila,23800.0,FI,,Kaaritie 6
Päiväkoti Kaunisranta,60.8165794,21.3962418,päiväkoti,Päiväkoti,False,False,"Merimetsopolku 3, 23500 Uusikaupunki, Suomi",Merimetsopolku 3,Uusikaupunki,23500.0,FI,,Merimetsopolku 3
Päiväkoti Tilkkutäkki,60.8019859,21.4082338,päiväkoti,Päiväkoti,False,False,"Vuorikatu 13, 23500 Uusikaupunki, Suomi",Vuorikatu 13,Uusikaupunki,23500.0,FI,,Vuorikatu 13
Uotilan päiväkoti,61.1301063,21.5710236,päiväkoti,Päiväkoti,False,False,"Siilotie 3, 26510 Rauma, Suomi",Siilotie 3,Rauma,26510.0,FI,,Siilotie 3
Pyynpään Päiväkoti,61.1397546,21.5123939,päiväkoti,Päiväkoti,False,False,"Pyyvahe 3, 26100 Rauma, Suomi",Pyyvahe 3,Rauma,26100.0,FI,,Pyyvahe 3
Hakametsän Päiväkoti,60.7993884,21.4309752,päiväkoti,Päiväkoti,False,False,"Lehmuskuja 1, 23500 Uusikaupunki, Suomi",Lehmuskuja 1,Uusikaupunki,23500.0,FI,,Lehmuskuja 1
Päiväkoti Lokki Joonatan,60.6807624,21.4647284,päiväkoti,Lastenhoitotoimisto,False,False,"Varanpääntie 6, 23450 Lokalahti, Suomi",Varanpääntie 6,Lokalahti,23450.0,FI,,Varanpääntie 6
Päiväkoti Satulinna,60.8181724,21.4101829,päiväkoti,Päiväkoti,False,False,"Santtiontie 15, 23500 Uusikaupunki, Suomi",Santtiontie 15,Uusikaupunki,23500.0,FI,,Santtiontie 15
Päiväkoti Päivänkakkara,60.681506,21.6690873,päiväkoti,Päiväkoti,False,False,"Kirkkotie 3, 23210 Vehmaa, Suomi",Kirkkotie 3,Vehmaa,23210.0,FI,,Kirkkotie 3
Päiväkoti Tiitiäinen,60.7953142,21.4203631,päiväkoti,Päiväkoti,False,False,"Välskärintie 5, 23500 Uusikaupunki, Suomi",Välskärintie 5,Uusikaupunki,23500.0,FI,,Välskärintie 5
Ruonan päiväkoti,60.4779858,22.037539,päiväkoti,Päiväkoti,False,False,"Kurkelankatu 2, 21110 Naantali, Suomi",Kurkelankatu 2,Naantali,21110.0,FI,,Kurkelankatu 2
Suomalais-venäläinen päiväkoti Miska-Talo,60.4511132,22.2552764,päiväkoti,Päiväkoti,False,False,"Käsityöläiskatu 12, 20100 Turku, Suomi",Käsityöläiskatu 12,Turku,20100.0,FI,,Käsityöläiskatu 12
"Tuomaansillan päiväkoti, Rehtorinpellonkadun päiväkoti",60.4551707,22.2878148,päiväkoti,Päiväkoti,False,False,"Rehtorinpellonkatu 4, 20500 Turku, Suomi",Rehtorinpellonkatu 4,Turku,20500.0,FI,,Rehtorinpellonkatu 4
Tervajoen päiväkoti,63.0057121,22.1345668,päiväkoti,Päiväkoti,False,False,"Malamontie 2, 66440 Vaasa, Suomi",Malamontie 2,Vaasa,66440.0,FI,,Malamontie 2
Pikkumetsän päiväkoti,62.9358359,22.5115617,päiväkoti,Päiväkoti,False,False,"Matinpalontie 8, 61400 Ylistaro, Suomi",Matinpalontie 8,Ylistaro,61400.0,FI,,Matinpalontie 8
Hulmin Päiväkoti,62.9913012,21.9619044,päiväkoti,Päiväkoti,False,False,"Hulmintie 28 b, 66400 Laihia, Suomi",Hulmintie 28 b,Laihia,66400.0,FI,,Hulmintie 28 b
Solbackenin päiväkoti,63.1189095,21.6824317,päiväkoti,Päiväkoti,False,False,"Bölesundintie 13, 65610 Mustasaari, Suomi             Bölesundsvägen 13, 65610 Korsholm",Bölesundintie 13,Mustasaari,65610.0,FI,,Bölesundintie 13
Villin lännen päiväkoti,63.052507,22.1041781,päiväkoti,Päiväkoti,False,False,"Porinmäenkuja 1, 66500 Vaasa, Suomi",Porinmäenkuja 1,Vaasa,66500.0,FI,,Porinmäenkuja 1
Pilke Pikkuponi,63.1287773,21.6154708,päiväkoti,Päiväkoti,False,False,"Ratsutie 11, 65230 Vaasa, Suomi",Ratsutie 11,Vaasa,65230.0,FI,,Ratsutie 11
Satamapuiston päiväkoti,63.0962062,21.6032792,päiväkoti,Päiväkoti,False,False,"Hietasaarenkatu 1, 65100 Vaasa, Suomi",Hietasaarenkatu 1,Vaasa,65100.0,FI,,Hietasaarenkatu 1
Pajuluoman päiväkoti,62.754738,22.8753286,päiväkoti,Päiväkoti,False,False,"Suunnistajanreitti 1, 60280 Seinäjoki, Suomi",Suunnistajanreitti 1,Seinäjoki,60280.0,FI,,Suunnistajanreitti 1
Keskuspuiston Päiväkoti,62.8263429,22.9097564,päiväkoti,Päiväkoti,False,False,"Valkiavuorentie 6, 60550 Nurmo, Suomi",Valkiavuorentie 6,Nurmo,60550.0,FI,,Valkiavuorentie 6
Päiväkoti TRIO,62.7888668,22.8468001,päiväkoti,Päiväkoti,False,False,"Torikatu 1, 60100 Seinäjoki, Suomi",Torikatu 1,Seinäjoki,60100.0,FI,,Torikatu 1
Kultavuoren Päiväkoti,62.7847463,22.8041474,päiväkoti,Päiväkoti,False,False,"Ilmolantie 3, 60320 Seinäjoki, Suomi",Ilmolantie 3,Seinäjoki,60320.0,FI,,Ilmolantie 3
Niemistön Päiväkoti,62.813719,22.7911433,päiväkoti,Päiväkoti,False,False,"Auneksentie 10, 60420 Seinäjoki, Suomi",Auneksentie 10,Seinäjoki,60420.0,FI,,Auneksentie 10
Metsäkulman päiväkoti,63.2444325,22.8509467,päiväkoti,Päiväkoti,False,False,"Louhikontie 7, 62300 Härmä, Suomi",Louhikontie 7,Härmä,62300.0,FI,,Louhikontie 7
Jokipiin Päiväkoti,62.5212529,22.6813205,päiväkoti,Päiväkoti,False,False,"Tokerotie 18, 61280 Jokipii, Suomi",Tokerotie 18,Jokipii,61280.0,FI,,Tokerotie 18
Katajalaakson Päiväkoti,62.7847368,22.7805476,päiväkoti,Päiväkoti,False,False,"Katajalaaksontie 6, 60320 Seinäjoki, Suomi",Katajalaaksontie 6,Seinäjoki,60320.0,FI,,Katajalaaksontie 6
Marttilan Päiväkoti,62.7903965,22.82699,päiväkoti,Päiväkoti,False,False,"Puskantie 38, 60150 Seinäjoki, Suomi",Puskantie 38,Seinäjoki,60150.0,FI,,Puskantie 38
Avoin päiväkoti Sinilintu,61.1245192,21.5129455,päiväkoti,Lastentarha,False,False,"Meijerikatu 4, 26100 Rauma, Suomi",Meijerikatu 4,Rauma,26100.0,FI,,Meijerikatu 4
"Päiväkoti Saima, Vapaudentie",62.7783407,22.8404403,päiväkoti,Päiväkoti,False,False,"Vapaudentie 27, 60100 Seinäjoki, Suomi",Vapaudentie 27,Seinäjoki,60100.0,FI,,Vapaudentie 27
Väinölän Päiväkoti,61.469552,21.8584112,päiväkoti,Lastentarha,False,False,"Joukahaisentie 10, 28330 Pori, Suomi",Joukahaisentie 10,Pori,28330.0,FI,,Joukahaisentie 10
Kyyninkadun päiväkoti,61.4809004,23.5029004,päiväkoti,Päiväkoti,False,False,"Kyyninkatu 3, 37100 Nokia, Suomi",Kyyninkatu 3,Nokia,37100.0,FI,,Kyyninkatu 3
Menkalan Päiväkoti,61.4597144,23.5023384,päiväkoti,Päiväkoti,False,False,"Lähteensivuntie 2, 37120 Nokia, Suomi",Lähteensivuntie 2,Nokia,37120.0,FI,,Lähteensivuntie 2
Siuron Päiväkoti,61.4742692,23.3208273,päiväkoti,Päiväkoti,False,False,"Kuljuntie 26, 37200 Siuro, Suomi",Kuljuntie 26,Siuro,37200.0,FI,,Kuljuntie 26
Takamaan päiväkoti,61.608519,23.5313765,päiväkoti,Päiväkoti,False,False,"Hakalantie 5, 34110 Ylöjärvi, Suomi",Hakalantie 5,Ylöjärvi,34110.0,FI,,Hakalantie 5
Daghem Guldvinge,63.5147937,22.5440549,päiväkoti,Päiväkoti,False,False,"GG7V+WJ, 66900 Brännan, Suomi",GG7V+WJ,Brännan,,FI,,GG7V+WJ
Päiväkoti,62.80813,23.5084579,päiväkoti,Päiväkoti,False,False,"Koulukuja 6, 63100 Kuortane, Suomi",Koulukuja 6,Kuortane,63100.0,FI,,Koulukuja 6
Englanninkielinen päiväkoti,63.8443626,23.1248922,päiväkoti,Päiväkoti,False,False,"Falanderinkatu 4, 67100 Kokkola, Suomi",Falanderinkatu 4,Kokkola,67100.0,FI,,Falanderinkatu 4
Niemenrannan päiväkoti,61.5224975,23.6889144,päiväkoti,Päiväkoti,False,False,"Matilda Niemen katu 9, 33400 Tampere, Suomi",Matilda Niemen katu 9,Tampere,33400.0,FI,,Matilda Niemen katu 9
Keski-Nurmon päiväkoti,62.7750473,23.0025444,päiväkoti,Koulu,False,False,"Jöllöntie 29, 60640 Isokoski, Suomi",Jöllöntie 29,Isokoski,60640.0,FI,,Jöllöntie 29
Rauvolan päiväkoti,60.4094756,22.3112827,päiväkoti,Koulu,False,False,"Kultarinnankatu 3, 20760 Kaarina, Suomi",Kultarinnankatu 3,Kaarina,20760.0,FI,,Kultarinnankatu 3
Päiväkoti Tassula,62.5485305,24.0767532,päiväkoti,Päiväkoti,False,False,"Niittyläntie 4, 63700 Ähtäri, Suomi",Niittyläntie 4,Ähtäri,63700.0,FI,,Niittyläntie 4
Heinijärven päiväkoti,61.5957934,23.1903263,päiväkoti,Päiväkoti,False,False,"Trossitie 305, 39100 Hämeenkyrö, Suomi",Trossitie 305,Hämeenkyrö,39100.0,FI,,Trossitie 305
Sammaliston päiväkoti,61.4445058,23.4722562,päiväkoti,Päiväkoti,False,False,"Tervasuontie 5, 37120 Nokia, Suomi",Tervasuontie 5,Nokia,37120.0,FI,,Tervasuontie 5
Ristikallion päiväkoti,60.4465182,22.3984957,päiväkoti,Lastentarha,False,False,"Nipsikatu 1, 20660 Kaarina, Suomi",Nipsikatu 1,Kaarina,20660.0,FI,,Nipsikatu 1
Veisun päiväkoti,61.4739699,23.8141034,päiväkoti,Päiväkoti,False,False,"Veisunkatu 80, 33820 Tampere, Suomi",Veisunkatu 80,Tampere,33820.0,FI,,Veisunkatu 80
Lähdekorven Päiväkoti,61.4906977,23.5040492,päiväkoti,Päiväkoti,False,False,"Mukaniityntie 25, 37130 Nokia, Suomi",Mukaniityntie 25,Nokia,37130.0,FI,,Mukaniityntie 25
Kirkonkylän päiväkoti,61.6424306,23.1967075,päiväkoti,Päiväkoti,False,False,"Koulutie 35, 39100 Hämeenkyrö, Suomi",Koulutie 35,Hämeenkyrö,39100.0,FI,,Koulutie 35
Raholan päiväkoti,61.4984635,23.6389109,päiväkoti,Päiväkoti,False,False,"Jurvalankatu 3, 33300 Tampere, Suomi",Jurvalankatu 3,Tampere,33300.0,FI,,Jurvalankatu 3
Kukkulan päiväkoti,63.1171751,21.6982794,päiväkoti,Lastentarha,False,False,"Soldattorpsvägen 4, 65610 Mustasaari, Suomi             Sotilastorpantie 4, 65610 Korsholm",Soldattorpsvägen 4,Mustasaari,65610.0,FI,,Soldattorpsvägen 4
Halkokarin Päiväkoti,63.8562507,23.1259154,päiväkoti,Päiväkoti,False,False,"Salmenhaantie 23, 67300 Kokkola, Suomi",Salmenhaantie 23,Kokkola,67300.0,FI,,Salmenhaantie 23
Pilke luontopäiväkoti Vihreä Willa,62.7530708,22.8377151,päiväkoti,Päiväkoti,False,False,"Laanikatu 33, 60200 Seinäjoki, Suomi",Laanikatu 33,Seinäjoki,60200.0,FI,,Laanikatu 33
Tervanpolttajan Päiväkoti,63.8448638,23.1411323,päiväkoti,Päiväkoti,False,False,"Tervanpolttajankatu 6, 67100 Kokkola, Suomi",Tervanpolttajankatu 6,Kokkola,67100.0,FI,,Tervanpolttajankatu 6
Peukalopotin päiväkoti,62.5640456,23.0597462,päiväkoti,Päiväkoti,False,False,"Nyypakankuja 3, 61100 Seinäjoki, Suomi",Nyypakankuja 3,Seinäjoki,61100.0,FI,,Nyypakankuja 3
Luopajärven päiväkoti,62.5973511,22.7485171,päiväkoti,Päiväkoti,False,False,"Sahatie 201, 61270 Kurikka, Suomi",Sahatie 201,Kurikka,61270.0,FI,,Sahatie 201
Onnimannin Päiväkoti,62.5644073,23.0597409,päiväkoti,Päiväkoti,False,False,"Nyypakankuja 1, 61100 Peräseinäjoki, Suomi",Nyypakankuja 1,Peräseinäjoki,61100.0,FI,,Nyypakankuja 1
Neiron päiväkoti,62.6970481,22.7585448,päiväkoti,Päiväkoti,False,False,"Alaanentie 919, 60760 Ilmajoki, Suomi",Alaanentie 919,Ilmajoki,60760.0,FI,,Alaanentie 919
Tyttölän Päiväkoti,61.4831919,23.5139116,päiväkoti,Päiväkoti,False,False,"Kyyninkatu 35, 37100 Nokia, Suomi",Kyyninkatu 35,Nokia,37100.0,FI,,Kyyninkatu 35
Päiväkoti JUMP,62.7938074,22.7921968,päiväkoti,Päiväkoti,False,False,"Ideapark, Seinäjoki, Suomi",Ideapark,Seinäjoki,,FI,,Ideapark
Peiponpesä Päiväkoti,62.7706874,22.8751897,päiväkoti,Päiväkoti,False,False,"Tapiolantie 21, 60150 Seinäjoki, Suomi",Tapiolantie 21,Seinäjoki,60150.0,FI,,Tapiolantie 21
Kissankellon päiväkoti,62.9673574,22.9944454,päiväkoti,Lastentarha,False,False,"Ilkanpellontie 1, 62100 Lapua, Suomi",Ilkanpellontie 1,Lapua,62100.0,FI,,Ilkanpellontie 1
Tenavatien Päiväkoti,62.4904114,22.7697313,päiväkoti,Päiväkoti,False,False,"Tenavatie 3, 61600 Jalasjärvi, Suomi",Tenavatie 3,Jalasjärvi,61600.0,FI,,Tenavatie 3
Väinölän päiväkoti,62.7937321,22.8576331,päiväkoti,Päiväkoti,False,False,"Väinölänkatu 6, 60120 Seinäjoki, Suomi",Väinölänkatu 6,Seinäjoki,60120.0,FI,,Väinölänkatu 6
Avoin Päiväkodissa SoPeVa,62.6181087,22.3969189,päiväkoti,Päiväkoti,False,False,"Laurintie 27, 61300 Kurikka, Suomi",Laurintie 27,Kurikka,61300.0,FI,,Laurintie 27
Päiväkoti Tähti,62.7333107,22.8637317,päiväkoti,Päiväkoti,False,False,"Eskoontie 3, 60280 Seinäjoki, Suomi",Eskoontie 3,Seinäjoki,60280.0,FI,,Eskoontie 3
Päiväkoti Taika,62.7940779,22.8594458,päiväkoti,Päiväkoti,False,False,"Väinölänkatu 8, 60120 Seinäjoki, Suomi",Väinölänkatu 8,Seinäjoki,60120.0,FI,,Väinölänkatu 8
Bölen Päiväkoti,63.1296,21.6718037,päiväkoti,Lastentarha,False,False,"Hemskogsgränd 3, 65610 Mustasaari, Suomi",Hemskogsgränd 3,Mustasaari,65610.0,FI,,Hemskogsgränd 3
Kertunlaakson päiväkoti,62.8099466,22.9072084,päiväkoti,Päiväkoti,False,False,"Hevoskorventie 2, 60550 Seinäjoki, Suomi",Hevoskorventie 2,Seinäjoki,60550.0,FI,,Hevoskorventie 2
Rekitien päiväkoti,62.8337127,22.9065424,päiväkoti,Päiväkoti,False,False,"Rekitie 2, 60550 Nurmo, Suomi",Rekitie 2,Nurmo,60550.0,FI,,Rekitie 2
Tanelinrannan päiväkoti,62.7930221,22.908886,päiväkoti,Päiväkoti,False,False,"Lehmustie 2, 60510 Seinäjoki, Suomi",Lehmustie 2,Seinäjoki,60510.0,FI,,Lehmustie 2
Päiväkoti Suvikello,62.777986,22.8424428,päiväkoti,Päiväkoti,False,False,"Koulukatu 47, 60100 Seinäjoki, Suomi",Koulukatu 47,Seinäjoki,60100.0,FI,,Koulukatu 47
Päiväkoti Jokilaakso,62.9650376,23.0060758,päiväkoti,Päiväkoti,False,False,"Siiriläntie 3, 62100 Lapua, Suomi",Siiriläntie 3,Lapua,62100.0,FI,,Siiriläntie 3
Hyllykallion päiväkoti,62.7995223,22.8856544,päiväkoti,Päiväkoti,False,False,"Opintie 5, 60510 Seinäjoki, Suomi",Opintie 5,Seinäjoki,60510.0,FI,,Opintie 5
Tikkuvuoren Päiväkoti,62.7588362,22.8360058,päiväkoti,Päiväkoti,False,False,"Huhtalantie 78, 60200 Seinäjoki, Suomi",Huhtalantie 78,Seinäjoki,60200.0,FI,,Huhtalantie 78
Huhtalan Päiväkoti,62.7773938,22.8283213,päiväkoti,Päiväkoti,False,False,"Koskenalantie 5, 60220 Seinäjoki, Suomi",Koskenalantie 5,Seinäjoki,60220.0,FI,,Koskenalantie 5
Kärjen päiväkoti,62.7477569,22.8592983,päiväkoti,Päiväkoti,False,False,"Toritaival 3, 60100 Seinäjoki, Suomi",Toritaival 3,Seinäjoki,60100.0,FI,,Toritaival 3
Satulinnan päiväkoti,62.8636311,22.7572986,päiväkoti,Päiväkoti,False,False,"Kitinojantie 51, 60560 Halkosaari, Suomi",Kitinojantie 51,Halkosaari,60560.0,FI,,Kitinojantie 51
Kapernaumin päiväkoti,62.7884943,22.8740761,päiväkoti,Päiväkoti,False,False,"Yrittäjäntie 8, 60100 Seinäjoki, Suomi",Yrittäjäntie 8,Seinäjoki,60100.0,FI,,Yrittäjäntie 8
Ruotsinkielinen päiväkoti,63.1310005,21.5912515,päiväkoti,Lastentarha,False,False,"65280 Vaasa, Suomi",,Vaasa,,FI,,
Pappilantien päiväkoti,62.7654685,22.8468569,päiväkoti,Päiväkoti,False,False,"Pappilantie 7, 60200 Seinäjoki, Suomi",Pappilantie 7,Seinäjoki,60200.0,FI,,Pappilantie 7
Veikkaalan Päiväkoti,63.0857591,21.8863144,päiväkoti,Lastentarha,False,False,"Veikarsvägen 903, 66520 Veikars, Suomi",Veikarsvägen 903,Veikkaala,66520.0,FI,,Veikarsvägen 903
Aron Päiväkoti,62.4558063,22.2218889,päiväkoti,Päiväkoti,False,False,"Aronkuja 3, 61850 Kauhajoki, Suomi",Aronkuja 3,Kauhajoki,61850.0,FI,,Aronkuja 3
Kankaan Päiväkoti,62.597496,22.377964,päiväkoti,Päiväkoti,False,False,"Kiskontie 20, 61300 Kurikka, Suomi",Kiskontie 20,Kurikka,61300.0,FI,,Kiskontie 20
Jyrän Päiväkoti,62.6137847,22.3819313,päiväkoti,Päiväkoti,False,False,"Mäkitie 11, 61300 Kurikka, Suomi",Mäkitie 11,Kurikka,61300.0,FI,,Mäkitie 11
Sundom daghem,63.0406427,21.5571994,päiväkoti,Päiväkoti,False,False,"Sundomintie 13, 65410 Vaasa, Suomi",Sundomintie 13,Vaasa,65410.0,FI,,Sundomintie 13
Ristinummen päiväkoti,63.088515,21.72249,päiväkoti,Päiväkoti,False,False,"Ostospolku 12, 65370 Vaasa, Suomi",Ostospolku 12,Vaasa,65370.0,FI,,Ostospolku 12
Päiväkoti Taikametsä,63.0886913,21.672861,päiväkoti,Päiväkoti,False,False,"Axel Mörnentie 2, 65320 Vaasa, Suomi",Axel Mörnentie 2,Vaasa,65320.0,FI,,Axel Mörnentie 2
Vaahteramäen avoin päiväkoti,63.091993,21.6268344,päiväkoti,Päiväkoti,False,False,"Korsholmanpuistikko 31, 65100 Vaasa, Suomi",Korsholmanpuistikko 31,Vaasa,65100.0,FI,,Korsholmanpuistikko 31
Päiväkoti Esikko,63.0914955,21.7179416,päiväkoti,Päiväkoti,False,False,"Kappelinmäentie 6, 65370 Vaasa, Suomi",Kappelinmäentie 6,Vaasa,65370.0,FI,,Kappelinmäentie 6
Klemettilän päiväkoti,63.0965142,21.6457068,päiväkoti,Päiväkoti,False,False,"Sepänkyläntie 16, 65100 Vaasa, Suomi",Sepänkyläntie 16,Vaasa,65100.0,FI,,Sepänkyläntie 16
Metsäkallion päiväkoti,63.1142654,21.6428718,päiväkoti,Päiväkoti,False,False,"Porvarinkatu 34, 65230 Vaasa, Suomi",Porvarinkatu 34,Vaasa,65230.0,FI,,Porvarinkatu 34
Isolahden Päiväkoti,63.1249084,21.5995807,päiväkoti,Päiväkoti,False,False,"Muurahaistie 2, 65230 Vaasa, Suomi",Muurahaistie 2,Vaasa,65230.0,FI,,Muurahaistie 2
Paakarin päiväkoti,63.1347256,21.5924943,päiväkoti,Päiväkoti,False,False,"Kortelaaksontie 3, 65280 Vaasa, Suomi",Kortelaaksontie 3,Vaasa,65280.0,FI,,Kortelaaksontie 3
Purolan päiväkoti,63.1019555,21.6665844,päiväkoti,Päiväkoti,False,False,"Tiukutie 1, 65300 Vaasa, Suomi",Tiukutie 1,Vaasa,65300.0,FI,,Tiukutie 1
Pukinkulman päiväkoti,63.115232,21.6140053,päiväkoti,Päiväkoti,False,False,"Näkinkuja 2, 65230 Vaasa, Suomi",Näkinkuja 2,Vaasa,65230.0,FI,,Näkinkuja 2
Pikku Kasarmin päiväkoti,63.0894319,21.6166046,päiväkoti,Päiväkoti,False,False,"Itäinen Kasarmintori 7-9, 65100 Vaasa, Suomi",Itäinen Kasarmintori 7-9,Vaasa,65100.0,FI,,Itäinen Kasarmintori 7-9
Länsimetsän Päiväkoti,63.1314502,21.5740323,päiväkoti,Päiväkoti,False,False,"Länsimetsäntie 10, 65280 Vaasa, Suomi",Länsimetsäntie 10,Vaasa,65280.0,FI,,Länsimetsäntie 10
Parolanpolun päivähoitoyksikkö,60.488875,22.2534791,päiväkoti,Päiväkoti,False,False,"Parolanpolku 9, 20360 Turku, Suomi",Parolanpolku 9,Turku,20360.0,FI,,Parolanpolku 9
Palosaaren päiväkoti,63.1096842,21.5923451,päiväkoti,Päiväkoti,False,False,"Perämiehenkatu 20, 65200 Vaasa, Suomi",Perämiehenkatu 20,Vaasa,65200.0,FI,,Perämiehenkatu 20
Omenalehdon päiväkoti,63.1284334,21.5706635,päiväkoti,Päiväkoti,False,False,"Kuusilahdentie 1, 65280 Vaasa, Suomi",Kuusilahdentie 1,Vaasa,65280.0,FI,,Kuusilahdentie 1
Alkulan päiväkoti,63.0780247,21.7239644,päiväkoti,Päiväkoti,False,False,"Rossinkatu 3, 65380 Vaasa, Suomi",Rossinkatu 3,Vaasa,65380.0,FI,,Rossinkatu 3
Päiväkoti Ankkuri,62.3909,21.229726,päiväkoti,Päiväkoti,False,False,"Sulkukatu 12, 64260 Kaskinen, Suomi",Sulkukatu 12,Kaskinen,64260.0,FI,,Sulkukatu 12
Kappelinmäen päiväkoti,63.0950306,21.7168195,päiväkoti,Päiväkoti,False,False,"Eräpolku 2, 65370 Vaasa, Suomi",Eräpolku 2,Vaasa,65370.0,FI,,Eräpolku 2
Raastuvankadun päiväkoti,63.0920197,21.6171211,päiväkoti,Päiväkoti,False,False,"Raastuvankatu 33, 65100 Vaasa, Suomi",Raastuvankatu 33,Vaasa,65100.0,FI,,Raastuvankatu 33
Pikkutervakon päiväkoti,63.0081559,22.1765416,päiväkoti,Päiväkoti,False,False,"Kylkkälänraitti 51, 66440 Isokyrö, Suomi",Kylkkälänraitti 51,Isokyrö,66440.0,FI,,Kylkkälänraitti 51
Oravametsän Päiväkoti,62.9817617,22.0155582,päiväkoti,Päiväkoti,False,False,"Alkiontie 12, 66400 Laihia, Suomi",Alkiontie 12,Laihia,66400.0,FI,,Alkiontie 12
Päiväkoti Touhula Kalliokatu,63.0955924,21.6626129,päiväkoti,Päiväkoti,False,False,"Kalliokatu 22, 65320 Vaasa, Suomi",Kalliokatu 22,Vaasa,65320.0,FI,,Kalliokatu 22
Pilke Kolibridalen,63.1157604,21.6203277,päiväkoti,Päiväkoti,False,False,"Gerbyntie 16, 65230 Vaasa, Suomi",Gerbyntie 16,Vaasa,65230.0,FI,,Gerbyntie 16
Tiitiäinen Daycare Centre,63.0991308,21.6133654,päiväkoti,Steiner-päiväkoti,False,False,"Kauppapuistikko 1, 65100 Vaasa, Suomi",Kauppapuistikko 1,Vaasa,65100.0,FI,,Kauppapuistikko 1
Ryhmäperhepäiväkoti Kapsäkki,63.092156,21.6274043,päiväkoti,Päiväkoti,False,False,"Korsholmanpuistikko 33, 65100 Vaasa, Suomi",Korsholmanpuistikko 33,Vaasa,65100.0,FI,,Korsholmanpuistikko 33
Kiillekujan päiväkoti - Provida Oy,63.1092651,21.648924,päiväkoti,Päiväkoti,False,False,"Kivihaantie 7, 65300 Vaasa, Suomi",Kivihaantie 7,Vaasa,65300.0,FI,,Kivihaantie 7
Päiväkoti Veturi,62.9900886,22.0116351,päiväkoti,Päiväkoti,False,False,"Jarrumiehentie 32, 66400 Laihia, Suomi",Jarrumiehentie 32,Laihia,66400.0,FI,,Jarrumiehentie 32
Kustaanlinnan avoin päiväkoti,63.0883096,21.6140119,päiväkoti,Päiväkoti,False,False,"Läntinen Kasarmintori 8, 65100 Vaasa, Suomi",Läntinen Kasarmintori 8,Vaasa,65100.0,FI,,Läntinen Kasarmintori 8
Vallgrund Daghem,63.1975401,21.3032403,päiväkoti,Päiväkoti,False,False,"Söderuddentie 21, 65920 Norra Vallgrund, Suomi",Söderuddentie 21,Norra Vallgrund,65920.0,FI,,Söderuddentie 21
Metsäkallion päiväkoti alatalo,63.1138879,21.6432269,päiväkoti,Päiväkoti,False,False,"Rihvelikatu, 65300 Vaasa, Suomi",Rihvelikatu,Vaasa,,FI,,Rihvelikatu
Hakolan Päiväkoti,63.1587597,22.8315564,päiväkoti,Päiväkoti,False,False,"Sairaalantie 61, 62375 Ylihärmä, Suomi",Sairaalantie 61,Ylihärmä,62375.0,FI,,Sairaalantie 61
Rantapääskyn päiväkoti,63.0878067,21.6106093,päiväkoti,Lastentarha,False,False,"Rantakatu 23, 65100 Vaasa, Suomi",Rantakatu 23,Vaasa,65100.0,FI,,Rantakatu 23
Päiväkoti Hyppis,63.1044998,23.036766,päiväkoti,Päiväkoti,False,False,"Kehätie 7, 62200 Kauhava, Suomi",Kehätie 7,Kauhava,62200.0,FI,,Kehätie 7
Pikkuonnin päiväkoti,63.0699105,21.9470773,päiväkoti,Päiväkoti,False,False,"Larvatie 2, 66510 Vaasa, Suomi",Larvatie 2,Vaasa,66510.0,FI,,Larvatie 2
Päiväkoti Touhula Kiillekuja,63.1092765,21.6488506,päiväkoti,Päiväkoti,False,False,"Kiillekuja 0, 65300 Vaasa, Suomi",Kiillekuja 0,Vaasa,65300.0,FI,,Kiillekuja 0
Kapteeninkadun päiväkoti,63.1065022,21.5996708,päiväkoti,Päiväkoti,False,False,"Kapteeninkatu 39, 65200 Vaasa, Suomi",Kapteeninkatu 39,Vaasa,65200.0,FI,,Kapteeninkatu 39
Koivikon Päiväkoti,63.1334244,21.5622925,päiväkoti,Päiväkoti,False,False,"Gerby, 65280 Vaasa, Suomi",Gerby,Vaasa,65280.0,FI,,Gerby
Pikku Äijän Päiväkoti,62.4100541,22.1639819,päiväkoti,Esikoulu,False,False,"Äijälänkuja 1, 61800 Kauhajoki, Suomi",Äijälänkuja 1,Kauhajoki,61800.0,FI,,Äijälänkuja 1
Tuulenpesän päiväkoti,63.0809622,21.7279958,päiväkoti,Lastentarha,False,False,"Alkulanpolku 6, 65380 Vaasa, Suomi",Alkulanpolku 6,Vaasa,65380.0,FI,,Alkulanpolku 6
Päiväkoti Smultronstället,62.8389631,21.4321341,päiväkoti,Lastentarha,False,False,"Kallkärrvägen 4, 66240 Petolahti, Suomi",Kallkärrvägen 4,Petolahti,66240.0,FI,,Kallkärrvägen 4
Malmöntalon päiväkoti,63.1053402,21.6154869,päiväkoti,Päiväkoti,False,False,"Vöyrinkatu 2, 65100 Vaasa, Suomi",Vöyrinkatu 2,Vaasa,65100.0,FI,,Vöyrinkatu 2
Päiväkoti Touhula Pursimiehenkatu,63.109958,21.5929103,päiväkoti,Päiväkoti,False,False,"Pursimiehenkatu 9, 65200 Vaasa, Suomi",Pursimiehenkatu 9,Vaasa,65200.0,FI,,Pursimiehenkatu 9
Punahilkan päiväkoti,63.0821098,21.6517067,päiväkoti,Päiväkoti,False,False,"Sudentie 4, 65350 Vaasa, Suomi",Sudentie 4,Vaasa,65350.0,FI,,Sudentie 4
Filppulan päiväkoti,62.438966,22.177872,päiväkoti,Koulu,False,False,"Pankkatie 2, 61800 Kauhajoki, Suomi",Pankkatie 2,Kauhajoki,61800.0,FI,,Pankkatie 2
Ullanlinnan Päiväkoti,63.2196443,23.6051284,päiväkoti,Päiväkoti,False,False,"Mynkelintie 3, 62600 Lappajärvi, Suomi",Mynkelintie 3,Lappajärvi,62600.0,FI,,Mynkelintie 3
Inkerinpuiston päiväkoti,63.0887834,21.625217,päiväkoti,Päiväkoti,False,False,"Pitkäkatu 76-78, 65100 Vaasa, Suomi",Pitkäkatu 76-78,Vaasa,65100.0,FI,,Pitkäkatu 76-78
Suvilahden päiväkoti,63.0759648,21.6559895,päiväkoti,Päiväkoti,False,False,"Jyväskylänkatu 2, 65350 Vaasa, Suomi",Jyväskylänkatu 2,Vaasa,65350.0,FI,,Jyväskylänkatu 2
Huutoniemen avoin päiväkoti,63.0933984,21.6830735,päiväkoti,Lastenhoitotoimisto,False,False,"Teininkuja 18, 65320 Vaasa, Suomi",Teininkuja 18,Vaasa,65320.0,FI,,Teininkuja 18
Lapijoen Päiväkoti,61.178667,21.68119,päiväkoti,Päiväkoti,False,False,"Laurinpolku 6, 27150 Eurajoki, Suomi",Laurinpolku 6,Eurajoki,27150.0,FI,,Laurinpolku 6
Nuhjalan päiväkoti,60.4845406,22.0510568,päiväkoti,Päiväkoti,False,False,"Nuhjalantie 8, 21110 Naantali, Suomi",Nuhjalantie 8,Naantali,21110.0,FI,,Nuhjalantie 8
Kahmon päiväkoti,61.1319777,21.5498651,päiväkoti,Päiväkoti,False,False,"Uotilan vanhatie 2, 26510 Rauma, Suomi",Uotilan vanhatie 2,Rauma,26510.0,FI,,Uotilan vanhatie 2
Päiväkoti Pihlajanmarja,61.5610107,21.6126422,päiväkoti,Päiväkoti,False,False,"Pihlavan kirkkotie, 28800 Pori, Suomi",Pihlavan kirkkotie,Pori,28800.0,FI,,Pihlavan kirkkotie
Päiväkoti Touhula Rauma,61.1460642,21.4860151,päiväkoti,Päiväkoti,False,False,"Tuomistonkatu 6 A, 26200 Rauma, Suomi",Tuomistonkatu 6 A,Rauma,26200.0,FI,,Tuomistonkatu 6 A
Päivärinteen päiväkoti,62.3058098,21.7061576,päiväkoti,Lastentarha,False,False,"Keskitie 4, 64350 Karijoki, Suomi",Keskitie 4,Karijoki,64350.0,FI,,Keskitie 4
Onnenkiven päiväkoti,61.557994,21.6121613,päiväkoti,Päiväkoti,False,False,"Päretie 4, 28800 Pori, Suomi",Päretie 4,Pori,28800.0,FI,,Päretie 4
Toiminimi Heli Anneli,60.8376109,21.4376219,päiväkoti,Perhepäivähoito,False,False,"Metsäpirtinpolku 19, 23500 Uusikaupunki, Suomi",Metsäpirtinpolku 19,Uusikaupunki,23500.0,FI,,Metsäpirtinpolku 19
Päiväkoti Metsätähti,61.1792895,21.6799579,päiväkoti,Koulu,False,False,"Jalmarintie 3, 27150 Eurajoki, Suomi",Jalmarintie 3,Eurajoki,27150.0,FI,,Jalmarintie 3
Satumetsän Päiväkoti,61.4280672,21.853861,päiväkoti,Päiväkoti,False,False,"Mestarintie 5, 28400 Ulvila, Suomi",Mestarintie 5,Ulvila,28400.0,FI,,Mestarintie 5
Päiväkoti Majakka,61.2050437,21.7409515,päiväkoti,Lastentarha,False,False,"Runkotie 6, 27100 Eurajoki, Suomi",Runkotie 6,Eurajoki,27100.0,FI,,Runkotie 6
Piilitien Päiväkoti,61.5902471,21.8787237,päiväkoti,Päiväkoti,False,False,"Piilitie 9, 29600 Noormarkku, Suomi",Piilitie 9,Noormarkku,29600.0,FI,,Piilitie 9
Päiväkoti Kuperkeikka,61.3669169,22.00142,päiväkoti,Lastentarha,False,False,"Porintie 8, 29250 Nakkila, Suomi",Porintie 8,Nakkila,29250.0,FI,,Porintie 8
Päiväkoti Käpylä,61.3615397,21.6275991,päiväkoti,Päiväkoti,False,False,"Pappilantie 6, 29100 Luvia, Suomi",Pappilantie 6,Luvia,29100.0,FI,,Pappilantie 6
Päiväkoti Petäjäinen,61.8058756,22.409605,päiväkoti,Päiväkoti,False,False,"Kangasmoisionkatu 3, 38700 Kankaanpää, Suomi",Kangasmoisionkatu 3,Kankaanpää,38700.0,FI,,Kangasmoisionkatu 3
Päiväkoti Myllytonttu,61.1008504,21.8390889,päiväkoti,Päiväkoti,False,False,"Myllykuja 5, 27230 Lappi, Suomi",Myllykuja 5,Lappi,27230.0,FI,,Myllykuja 5
Päiväkoti Tuulenpesä,61.4242134,21.871687,päiväkoti,Päiväkoti,False,False,"Kaarinantie 1, 28400 Ulvila, Suomi",Kaarinantie 1,Ulvila,28400.0,FI,,Kaarinantie 1
Päiväkoti Metsätähti,61.433393,21.9008096,päiväkoti,Päiväkoti,False,False,"Loukkurantie 4, 28450 Ulvila, Suomi",Loukkurantie 4,Ulvila,28450.0,FI,,Loukkurantie 4
"Päiväkoti Norlandia Kettula-Nahkuri, Norlandia Päiväkodit Oy",61.4300518,21.86243,päiväkoti,Päiväkoti,False,False,"Peltotie 28, 28400 Ulvila, Suomi",Peltotie 28,Ulvila,28400.0,FI,,Peltotie 28
Päiväkoti Skanssi,61.3558719,21.6420395,päiväkoti,Päiväkoti,False,False,"Muuntajakuja 5, 29100 Luvia, Suomi",Muuntajakuja 5,Luvia,29100.0,FI,,Muuntajakuja 5
Päiväkoti Kuunari,61.3625195,21.6232112,päiväkoti,Päiväkoti,False,False,"Tasalantie 3, 29100 Luvia, Suomi",Tasalantie 3,Luvia,29100.0,FI,,Tasalantie 3
Papinpellon Vuoropäiväkoti,61.1351591,21.5163833,päiväkoti,Päiväkoti,False,False,"Itsenäisyydenkatu 5 C, 26100 Rauma, Suomi",Itsenäisyydenkatu 5 C,Rauma,26100.0,FI,,Itsenäisyydenkatu 5 C
Lapiokujan Lastentarha,60.4701167,22.1763148,päiväkoti,Päiväkoti,False,False,"Lapiokuja 6, 21260 Raisio, Suomi",Lapiokuja 6,Raisio,21260.0,FI,,Lapiokuja 6
Kalevan Päiväkoti,61.3149218,22.1356891,päiväkoti,Päiväkoti,False,False,"Ainonkatu 3, 29200 Harjavalta, Suomi",Ainonkatu 3,Harjavalta,29200.0,FI,,Ainonkatu 3
Päiväkoti,61.8816266,21.8169475,päiväkoti,Lastenhoitotoimisto,False,False,"Kerttusentie 3, 29810 Siikainen, Suomi",Kerttusentie 3,Siikainen,29810.0,FI,,Kerttusentie 3
Päiväkoti Pikkusyreeni,62.4831961,21.7430672,päiväkoti,Lastentarha,False,False,"Porvarintie 41, 64700 Teuva, Suomi",Porvarintie 41,Teuva,64700.0,FI,,Porvarintie 41
Vinnarin päiväkoti,61.3208808,22.1619032,päiväkoti,Lastentarha,False,False,"Kettulantie 4, 29200 Harjavalta, Suomi",Kettulantie 4,Harjavalta,29200.0,FI,,Kettulantie 4
Päiväkoti Touhula Vekarakylä,66.5257306,25.691879,päiväkoti,Päiväkoti,False,False,"Pihkaporintie 2, 96800 Rovaniemi, Suomi",Pihkaporintie 2,Rovaniemi,96800.0,FI,,Pihkaporintie 2
Päiväkoti,65.6649343,25.0668809,päiväkoti,Päiväkoti,False,False,"Simontie 5, 95200 Simo, Suomi",Simontie 5,Simo,95200.0,FI,,Simontie 5
Päiväkoti Lorupussi Rovaniemi,66.5160432,25.6903329,päiväkoti,Päiväkoti,False,False,"Juurakkotie 40, 96190 Rovaniemi, Suomi",Juurakkotie 40,Rovaniemi,96190.0,FI,,Juurakkotie 40
Arpelan päiväkoti,66.0212965,24.3836465,päiväkoti,Päiväkoti,False,False,"Arpelantie 220, 95590 TORNIO, Suomi",Arpelantie 220,TORNIO,95590.0,FI,,Arpelantie 220
Kivirannan päiväkoti,65.8564114,24.1654911,päiväkoti,Päiväkoti,False,False,"Kivirannantie 1, 95410 Tornio, Suomi",Kivirannantie 1,Tornio,95410.0,FI,,Kivirannantie 1
Möylynlehdon Päiväkoti,65.7252671,24.607353,päiväkoti,Päiväkoti,False,False,"Lipontie 12, 94700 Kemi, Suomi",Lipontie 12,Kemi,94700.0,FI,,Lipontie 12
Kokkokankaan päiväkoti,65.8155136,24.1771468,päiväkoti,Päiväkoti,False,False,"Mekaanikonkatu 6, 95450 Tornio, Suomi",Mekaanikonkatu 6,Tornio,95450.0,FI,,Mekaanikonkatu 6
Kaakamon päiväkoti,65.8060607,24.4410113,päiväkoti,Päiväkoti,False,False,"Vanha Alapääntie 22, 94430 Tornio, Suomi",Vanha Alapääntie 22,Tornio,94430.0,FI,,Vanha Alapääntie 22
Haapalehdon päiväkoti,65.0278798,25.55424,päiväkoti,Päiväkoti,False,False,"Manttaalitie 6, 90650 Oulu, Suomi",Manttaalitie 6,Oulu,90650.0,FI,,Manttaalitie 6
Oulunlahden päiväkoti,64.9677276,25.4915408,päiväkoti,Päiväkoti,False,False,"Vesalankuja 1, 90420 Oulu, Suomi",Vesalankuja 1,Oulu,90420.0,FI,,Vesalankuja 1
Vaskitien päiväkoti,64.9914548,25.51265,päiväkoti,Päiväkoti,False,False,"Vaskitie 1, 90250 Oulu, Suomi",Vaskitie 1,Oulu,90250.0,FI,,Vaskitie 1
Sampolan päiväkoti,65.0644522,25.4890936,päiväkoti,Päiväkoti,False,False,"Kullervontie 5, 90570 Oulu, Suomi",Kullervontie 5,Oulu,90570.0,FI,,Kullervontie 5
Taskilan päiväkoti,65.055591,25.4332983,päiväkoti,Päiväkoti,False,False,"Kummelitie 16, 90520 Oulu, Suomi",Kummelitie 16,Oulu,90520.0,FI,,Kummelitie 16
Kastellin Päiväkoti,65.0097228,25.5393145,päiväkoti,Päiväkoti,False,False,"Raharinnantie 32, 90230 Oulu, Suomi",Raharinnantie 32,Oulu,90230.0,FI,,Raharinnantie 32
Syynimaan Päiväkoti,65.0494794,25.4730572,päiväkoti,Päiväkoti,False,False,"Taidonkaari 2, 90570 Oulu, Suomi",Taidonkaari 2,Oulu,90570.0,FI,,Taidonkaari 2
Saloilan päiväkoti,64.9332885,25.4132689,päiväkoti,Päiväkoti,False,False,"Koulutie 5, 90460 Oulu, Suomi",Koulutie 5,Oulu,90460.0,FI,,Koulutie 5
Laivakankaan Päiväkoti,65.0838356,25.7076994,päiväkoti,Päiväkoti,False,False,"Laivakankaantie 12, 90940 Jääli, Suomi",Laivakankaantie 12,Jääli,90940.0,FI,,Laivakankaantie 12
Kaakonpojan päiväkoti,64.9560639,25.5371619,päiväkoti,Päiväkoti,False,False,"Kaakonpojankuja 1, 90420 Oulu, Suomi",Kaakonpojankuja 1,Oulu,90420.0,FI,,Kaakonpojankuja 1
Värtön Päiväkoti,65.0174956,25.5131743,päiväkoti,Päiväkoti,False,False,"Kurkelantie 9, 90230 Oulu, Suomi",Kurkelantie 9,Oulu,90230.0,FI,,Kurkelantie 9
Merikosken Päiväkoti,65.0237394,25.4720129,päiväkoti,Päiväkoti,False,False,"Kytkintie 1, 90500 Oulu, Suomi",Kytkintie 1,Oulu,90500.0,FI,,Kytkintie 1
Savotta-aukion Päiväkoti,64.9440841,25.5722807,päiväkoti,Päiväkoti,False,False,"Palstatie 4, 90420 Oulu, Suomi",Palstatie 4,Oulu,90420.0,FI,,Palstatie 4
Herukan päiväkoti,65.0961685,25.3989275,päiväkoti,Lastentarha,False,False,"Taskisentie 7, 90800 Oulu, Suomi",Taskisentie 7,Oulu,90800.0,FI,,Taskisentie 7
Päiväkoti Väentupa,64.7673722,25.651421,päiväkoti,Päiväkoti,False,False,"Kallentie 3, 91800 Tyrnävä, Suomi",Kallentie 3,Tyrnävä,91800.0,FI,,Kallentie 3
Vaskikankaan päiväkoti,65.0053048,25.6048659,päiväkoti,Päiväkoti,False,False,"Puhaltajantie 2, 90650 Oulu, Suomi",Puhaltajantie 2,Oulu,90650.0,FI,,Puhaltajantie 2
Hönttämäen Päiväkoti,65.0496143,25.6003666,päiväkoti,Päiväkoti,False,False,"Ruotukuja 1, 90630 Oulu, Suomi",Ruotukuja 1,Oulu,90630.0,FI,,Ruotukuja 1
Pilke-päiväkoti Tasku,65.0279124,25.5263312,päiväkoti,Päiväkoti,False,False,"Hintankuja 2, 90650 Oulu, Suomi",Hintankuja 2,Oulu,90650.0,FI,,Hintankuja 2
Honkimaan Päiväkoti,65.1223117,25.7371813,päiväkoti,Päiväkoti,False,False,"Hiihtorinne 1, 90900 Kiiminki, Suomi",Hiihtorinne 1,Kiiminki,90900.0,FI,,Hiihtorinne 1
Tiilikankaan Päiväkoti,64.1373894,28.4157306,päiväkoti,Päiväkoti,False,False,"Tiilikankaantie 1, 88600 Sotkamo, Suomi",Tiilikankaantie 1,Sotkamo,88600.0,FI,,Tiilikankaantie 1
Touhula Varhaiskasvatus,65.0105817,25.5083688,päiväkoti,Päiväkoti,False,False,"Kiviharjunlenkki 1 E, 90220 Oulu, Suomi",Kiviharjunlenkki 1 E,Oulu,90220.0,FI,,Kiviharjunlenkki 1 E
Pikku-Ketun päiväkoti,64.215071,27.6798782,päiväkoti,Päiväkoti,False,False,"Lohenpyrstö 1, 87700 Kajaani, Suomi",Lohenpyrstö 1,Kajaani,87700.0,FI,,Lohenpyrstö 1
Pilke-päiväkoti Luonnossa kotonaan Taikaniitty,64.0606811,24.5430776,päiväkoti,Päiväkoti,False,False,"Vesalantie 10, 84100 Ylivieska, Suomi",Vesalantie 10,Ylivieska,84100.0,FI,,Vesalantie 10
Pilke päiväkoti Taikapuisto,64.1398791,25.3778893,päiväkoti,Päiväkoti,False,False,"Urheilutie 62, 86600 Haapavesi, Suomi",Urheilutie 62,Haapavesi,86600.0,FI,,Urheilutie 62
Tuulihatun päiväkoti,63.902016,24.5189256,päiväkoti,Päiväkoti,False,False,"Rajalantie 5, 85410 Sievi, Suomi",Rajalantie 5,Sievi,85410.0,FI,,Rajalantie 5
Tapiolan päiväkoti,64.2241066,27.7288396,päiväkoti,Päiväkoti,False,False,"Koivukoskenkatu 9, 87100 Kajaani, Suomi",Koivukoskenkatu 9,Kajaani,87100.0,FI,,Koivukoskenkatu 9
Kätönlahden päiväkoti,64.2331633,27.7688545,päiväkoti,Päiväkoti,False,False,"Kätönkuja 7, 87250 Kajaani, Suomi",Kätönkuja 7,Kajaani,87250.0,FI,,Kätönkuja 7
Äkäslompolon Päiväkoti,67.6122055,24.1364822,päiväkoti,Koulu,False,False,"Koulutie 2, 95970 Äkäslompolo, Suomi",Koulutie 2,Äkäslompolo,95970.0,FI,,Koulutie 2
Kuurnan päiväkoti,64.2364576,27.7568973,päiväkoti,Päiväkoti,False,False,"Keksitie 1, 87200 Kajaani, Suomi",Keksitie 1,Kajaani,87200.0,FI,,Keksitie 1
Purolan päiväkoti,64.2268939,27.7018493,päiväkoti,Päiväkoti,False,False,"Makkolankatu 18, 87150 Kajaani, Suomi",Makkolankatu 18,Kajaani,87150.0,FI,,Makkolankatu 18
Ratamon Päiväkoti,64.2056402,27.7410141,päiväkoti,Päiväkoti,False,False,"Ratamonpolku 2, 87500 Kajaani, Suomi",Ratamonpolku 2,Kajaani,87500.0,FI,,Ratamonpolku 2
Metsolan Päiväkoti,64.270923,24.8007203,päiväkoti,Päiväkoti,False,False,"Kaarikatu 50, 86300 Oulainen, Suomi",Kaarikatu 50,Oulainen,86300.0,FI,,Kaarikatu 50
Huuhkajavaaran päiväkoti,64.2120799,27.6804589,päiväkoti,Päiväkoti,False,False,"Samoojantie 4, 87700 Kajaani, Suomi",Samoojantie 4,Kajaani,87700.0,FI,,Samoojantie 4
Nakertajan päiväkoti,64.2483219,27.6981845,päiväkoti,Päiväkoti,False,False,"Jousitie 19, 87830 Kajaani, Suomi",Jousitie 19,Kajaani,87830.0,FI,,Jousitie 19
Päiväkoti Toukovakka,64.7674693,25.6544603,päiväkoti,Päiväkoti,False,False,"Villentie 7, 91800 Tyrnävä, Suomi",Villentie 7,Tyrnävä,91800.0,FI,,Villentie 7
Mäntylän päiväkoti,64.2123181,27.7448792,päiväkoti,Päiväkoti,False,False,"Mäntykatu 5, 87500 Kajaani, Suomi",Mäntykatu 5,Kajaani,87500.0,FI,,Mäntykatu 5
Linnukan päiväkoti,64.8126414,25.4123405,päiväkoti,Päiväkoti,False,False,"Karintie 1, 91900 Liminka, Suomi",Karintie 1,Liminka,91900.0,FI,,Karintie 1
Päiväkoti Käpytikka,64.8415127,25.6692592,päiväkoti,Päiväkoti,False,False,"Simontaival 2-4, 91800 Tyrnävä, Suomi",Simontaival 2-4,Tyrnävä,91800.0,FI,,Simontaival 2-4
Mäntylän päiväkoti,64.9840365,25.4903009,päiväkoti,Esikoulu,False,False,"Snellmanintie 2, 90150 Oulu, Suomi",Snellmanintie 2,Oulu,90150.0,FI,,Snellmanintie 2
Kokkokankaan Päiväkoti,64.912219,25.5581704,päiväkoti,Päiväkoti,False,False,"Haukkakaarto 13, 90450 Kempele, Suomi",Haukkakaarto 13,Kempele,90450.0,FI,,Haukkakaarto 13
Kiiminkijoen päiväkoti,65.1303474,25.7838478,päiväkoti,Päiväkoti,False,False,"Raatintie 11, 90900 Kiiminki, Suomi",Raatintie 11,Kiiminki,90900.0,FI,,Raatintie 11
Välkkylän päiväkoti,65.0103242,25.5040361,päiväkoti,Päiväkoti,False,False,"Ylioppilaantie 2, 90100 Oulu, Suomi",Ylioppilaantie 2,Oulu,90100.0,FI,,Ylioppilaantie 2
Päiväkoti Touhula StarBright,65.016151,25.4853957,päiväkoti,Päiväkoti,False,False,"Myllytullinkatu 14, 90100 Oulu, Suomi",Myllytullinkatu 14,Oulu,90100.0,FI,,Myllytullinkatu 14
Päiväkoti Jupiter,64.8628005,25.4827364,päiväkoti,Päiväkoti,False,False,"Kauppakaari 6, 91910 Tupos, Suomi",Kauppakaari 6,Tupos,91910.0,FI,,Kauppakaari 6
Vanamon päiväkoti,64.8632952,25.4816903,päiväkoti,Päiväkoti,False,False,"Kauppakaari 1, 91910 Tupos, Suomi",Kauppakaari 1,Tupos,91910.0,FI,,Kauppakaari 1
Kummatin Päiväkoti,64.6741405,24.4802121,päiväkoti,Päiväkoti,False,False,"Ravipolku 10, 92150 Raahe, Suomi",Ravipolku 10,Raahe,92150.0,FI,,Ravipolku 10
Välikylän Päiväkoti,65.0667204,25.6555067,päiväkoti,Päiväkoti,False,False,"Raivaajankuja 11-15, 90940 Oulu, Suomi",Raivaajankuja 11-15,Oulu,90940.0,FI,,Raivaajankuja 11-15
Heikkilänkankaan Päiväkoti,64.967833,25.609827,päiväkoti,Päiväkoti,False,False,"Kyytipojantie 2, 90310 Oulu, Suomi",Kyytipojantie 2,Oulu,90310.0,FI,,Kyytipojantie 2
Päiväkoti Oravanpesä,67.8187132,24.8243582,päiväkoti,Lastentarha,False,False,"Ounasjoentie 23, 99130 Kittilä, Suomi",Ounasjoentie 23,Kittilä,99130.0,FI,,Ounasjoentie 23
Saarelan Päiväkoti,65.0010823,25.5836305,päiväkoti,Päiväkoti,False,False,"Poolakuja 1, 90650 Oulu, Suomi",Poolakuja 1,Oulu,90650.0,FI,,Poolakuja 1
Otokylän päiväkoti,64.99635,25.5001453,päiväkoti,Päiväkoti,False,False,"Otokuja 3, 90150 Oulu, Suomi",Otokuja 3,Oulu,90150.0,FI,,Otokuja 3
Puolivälikankaan päiväkoti,65.0412103,25.4841083,päiväkoti,Päiväkoti,False,False,"Mielikintie 7, 90550 Oulu, Suomi",Mielikintie 7,Oulu,90550.0,FI,,Mielikintie 7
Myllyojan Päiväkoti,65.0185926,25.5525363,päiväkoti,Päiväkoti,False,False,"Karvarinaukio 16, 90650 Oulu, Suomi",Karvarinaukio 16,Oulu,90650.0,FI,,Karvarinaukio 16
Kangaspuiston Päiväkoti,65.0276555,25.4651077,päiväkoti,Päiväkoti,False,False,"Valtatie 35, 90500 Oulu, Suomi",Valtatie 35,Oulu,90500.0,FI,,Valtatie 35
Ainolan Päiväkoti,65.0142589,25.485635,päiväkoti,Päiväkoti,False,False,"Koulukatu 1, 90100 Oulu, Suomi",Koulukatu 1,Oulu,90100.0,FI,,Koulukatu 1
Korvensuoran Päiväkoti,65.0360947,25.5827768,päiväkoti,Päiväkoti,False,False,"Koivikkotie 6, 90630 Oulu, Suomi",Koivikkotie 6,Oulu,90630.0,FI,,Koivikkotie 6
Tuokkosen Päiväkoti,65.0883178,25.6937313,päiväkoti,Päiväkoti,False,False,"Kehätie 3, 90940 Oulu, Suomi",Kehätie 3,Oulu,90940.0,FI,,Kehätie 3
Pyykösjärven päiväkoti,65.0439358,25.4990892,päiväkoti,Päiväkoti,False,False,"Järvenkorventie 6, 90550 Oulu, Suomi",Järvenkorventie 6,Oulu,90550.0,FI,,Järvenkorventie 6
Kolistajantien päiväkoti,65.0927824,25.4640985,päiväkoti,Päiväkoti,False,False,"Kolistajantie, 90540 Oulu, Suomi",Kolistajantie,Oulu,90540.0,FI,,Kolistajantie
Kalliolan Päiväkoti,65.0257635,25.486475,päiväkoti,Päiväkoti,False,False,"Valtatie 69, 90500 Oulu, Suomi",Valtatie 69,Oulu,90500.0,FI,,Valtatie 69
Allinpuiston Päiväkoti,64.99615,25.4874167,päiväkoti,Päiväkoti,False,False,"Allitie 3, 90150 Oulu, Suomi",Allitie 3,Oulu,90150.0,FI,,Allitie 3
Hintan Päiväkoti,65.026159,25.5318373,päiväkoti,Päiväkoti,False,False,"Valjastie 17, 90650 Oulu, Suomi",Valjastie 17,Oulu,90650.0,FI,,Valjastie 17
Sarkkirannan Päiväkoti,64.9146798,25.4706443,päiväkoti,Päiväkoti,False,False,"Alangontie 3, 90440 Kempele, Suomi",Alangontie 3,Kempele,90440.0,FI,,Alangontie 3
Simpsin Päiväkoti,65.0418583,25.4609363,päiväkoti,Päiväkoti,False,False,"Purjehtijantie 12, 90560 Oulu, Suomi",Purjehtijantie 12,Oulu,90560.0,FI,,Purjehtijantie 12
Päiväkoti Jatulin tarha,65.1755728,25.368901,päiväkoti,Päiväkoti,False,False,"Jokelantie 18, 90830 Haukipudas, Suomi",Jokelantie 18,Haukipudas,90830.0,FI,,Jokelantie 18
Kisakentän Päiväkoti,65.0271249,25.4565933,päiväkoti,Päiväkoti,False,False,"Koskitie 9, 90500 Oulu, Suomi",Koskitie 9,Oulu,90500.0,FI,,Koskitie 9
Iin Päiväkoti Iitula,65.3151652,25.3751314,päiväkoti,Päiväkoti,False,False,"Kauppatie 8, 91100 II, Suomi",Kauppatie 8,II,91100.0,FI,,Kauppatie 8
Länsituulen päiväkoti,65.1766535,25.3356325,päiväkoti,Päiväkoti,False,False,"Länsituuli 3, 90830 Haukipudas, Suomi",Länsituuli 3,Haukipudas,90830.0,FI,,Länsituuli 3
Pirkkiön päiväkoti,65.8251984,24.1730287,päiväkoti,Lastentarha,False,False,"Kyröntie 12, 95450 Tornio, Suomi",Kyröntie 12,Tornio,95450.0,FI,,Kyröntie 12
Isopalon päiväkoti,65.8582992,24.1832047,päiväkoti,Lastenhoitotoimisto,False,False,"Isopalontie 41, 95410 Tornio, Suomi",Isopalontie 41,Tornio,95410.0,FI,,Isopalontie 41
Päiväkoti,66.1120139,28.1675861,päiväkoti,Päiväkoti,False,False,"97900 Posio, Suomi",,Posio,,FI,,
Suutarinmäen päiväkoti,66.3164414,23.6787832,päiväkoti,Lastentarha,False,False,"Suutarinmäentie, 95600 Ylitornio, Suomi",Suutarinmäentie,Ylitornio,95600.0,FI,,Suutarinmäentie
Karungin päiväkoti,66.0337823,24.0289933,päiväkoti,Päiväkoti,False,False,"Jokivarrentie 2369, 95530 Tornio, Suomi",Jokivarrentie 2369,Tornio,95530.0,FI,,Jokivarrentie 2369
Eetuntien päiväyksikkö | Ivalon päiväkoti (Avvila beaiveruoktu),68.6586364,27.5293617,päiväkoti,Päiväkoti,False,False,"Eetuntie 2, 99800 Inari, Suomi",Eetuntie 2,Inari,99800.0,FI,,Eetuntie 2
Päiväkoti Hiirilimppu,66.5162429,25.7612437,päiväkoti,Päiväkoti,False,False,"Kulpintörmä 10, 96900 Rovaniemi, Suomi",Kulpintörmä 10,Rovaniemi,96900.0,FI,,Kulpintörmä 10
Ounasmetsän Päiväkoti,66.4882796,25.7769251,päiväkoti,Päiväkoti,False,False,"Kivikaudentie 10, 96400 Rovaniemi, Suomi",Kivikaudentie 10,Rovaniemi,96400.0,FI,,Kivikaudentie 10
Saariselän päiväkoti,68.4109483,27.4128593,päiväkoti,Päiväkoti,False,False,"Kielapolku 5, 99830 Inari, Suomi",Kielapolku 5,Inari,99830.0,FI,,Kielapolku 5
Lapinrinteen Päiväkoti,66.5161748,25.6890933,päiväkoti,Päiväkoti,False,False,"Risutie 2, 96100 Rovaniemi, Suomi",Risutie 2,Rovaniemi,96100.0,FI,,Risutie 2
Päiväkoti Kotola Oy,66.5265198,25.7939013,päiväkoti,Päiväkoti,False,False,"Ritarinne 10, 96900 Rovaniemi, Suomi",Ritarinne 10,Rovaniemi,96900.0,FI,,Ritarinne 10
Orminkujan päiväkoti,60.4505358,22.3511694,päiväkoti,Päiväkoti,False,False,"Orminkuja 4, 20610 Turku, Suomi",Orminkuja 4,Turku,20610.0,FI,,Orminkuja 4
Voivalan päiväkoti,60.4084833,22.4129325,päiväkoti,Päiväkoti,False,False,"Rauhalinnantie 31, 20780 Kaarina, Suomi",Rauhalinnantie 31,Kaarina,20780.0,FI,,Rauhalinnantie 31
Susiniityn päiväkoti,60.422091,22.2560035,päiväkoti,Päiväkoti,False,False,"Susiniitynkatu 4, 20880 Turku, Suomi",Susiniitynkatu 4,Turku,20880.0,FI,,Susiniitynkatu 4
Kuovinkadun päiväkoti,60.4091372,22.3165312,päiväkoti,Päiväkoti,False,False,"Kuovinkatu 2, 20760 Piispanristi, Suomi",Kuovinkatu 2,Piispanristi,20760.0,FI,,Kuovinkatu 2
Ruiskadun Päiväkoti,60.4314676,22.2926978,päiväkoti,Päiväkoti,False,False,"20720 Turku, Suomi",,Turku,20720.0,FI,,
"Tuomaansillan päiväkoti, Nahkurinpihan päiväkoti",60.4562795,22.2755167,päiväkoti,Päiväkoti,False,False,"Nahkurinpiha 1, 20100 Turku, Suomi",Nahkurinpiha 1,Turku,20100.0,FI,,Nahkurinpiha 1
Hovirinnan päiväkoti,60.4014734,22.365852,päiväkoti,Päiväkoti,False,False,"Isännänkatu 2, 20780 Kaarina, Suomi",Isännänkatu 2,Kaarina,20780.0,FI,,Isännänkatu 2
Akselintien Päiväkoti,60.4490761,22.2336468,päiväkoti,Päiväkoti,False,False,"Akselintie 7, 20200 Turku, Suomi",Akselintie 7,Turku,20200.0,FI,,Akselintie 7
Päiväkoti Peikonpesä,60.4632126,22.1981086,päiväkoti,Päiväkoti,False,False,"Säkäkuja 1, 20210 Turku, Suomi",Säkäkuja 1,Turku,20210.0,FI,,Säkäkuja 1
SatuSeikelä,60.5370314,22.0461507,päiväkoti,Päiväkoti,False,False,"Lietsalantie 51, 21250 Masku, Suomi",Lietsalantie 51,Masku,21250.0,FI,,Lietsalantie 51
"Päiväkoti Norlandia Puisto, Norlandia Päiväkodit Oy",60.4712668,22.2082154,päiväkoti,Päiväkoti,False,False,"Lukkosepänkatu 2 B, 20320 Turku, Suomi",Lukkosepänkatu 2 B,Turku,20320.0,FI,,Lukkosepänkatu 2 B
Päiväkoti Pompula,60.473305,22.2784992,päiväkoti,Päiväkoti,False,False,"Mullintie 16, 20300 Turku, Suomi",Mullintie 16,Turku,20300.0,FI,,Mullintie 16
Koivuhaan päiväkoti,60.3042699,22.3156165,päiväkoti,Päiväkoti,False,False,"Koivuhaankatu 1, 21600 Parainen, Suomi             Björkhagsgatan 1, 21600 Pargas",Koivuhaankatu 1,Parainen,21600.0,FI,,Koivuhaankatu 1
Haarlan Päiväkoti,60.3935367,22.2174507,päiväkoti,Päiväkoti,False,False,"Meteorikatu, 20900 Turku, Suomi",Meteorikatu,Turku,20900.0,FI,,Meteorikatu
PÄIVÄKOTI NAPPULAMETSÄ,60.451126,22.4144725,päiväkoti,Päiväkoti,False,False,"Nitinkaari 11, 20660 Littoinen, Suomi",Nitinkaari 11,Littoinen,20660.0,FI,,Nitinkaari 11
Päiväkoti Ketunpesä,60.4686572,22.2708848,päiväkoti,Päiväkoti,False,False,"Leipäläntie 6, 20300 Turku, Suomi",Leipäläntie 6,Turku,20300.0,FI,,Leipäläntie 6
Päiväkoti Touhula Varissuo,60.4489827,22.3492255,päiväkoti,Päiväkoti,False,False,"Ohrapäänkatu 3, 20610 Turku, Suomi",Ohrapäänkatu 3,Turku,20610.0,FI,,Ohrapäänkatu 3
Tyksilän päiväkoti,60.4504524,22.3086024,päiväkoti,Päiväkoti,False,False,"Vanha Littoistentie 26, 20540 Turku, Suomi",Vanha Littoistentie 26,Turku,20540.0,FI,,Vanha Littoistentie 26
Päiväkoti Taikahattu,60.473128,22.2346561,päiväkoti,Päiväkoti,False,False,"Taoskuja 1, 21280 Turku, Suomi",Taoskuja 1,Turku,21280.0,FI,,Taoskuja 1
"Piinokankadun päiväkoti, Piinokankatu",60.4485019,22.3553874,päiväkoti,Päiväkoti,False,False,"Piinokankatu 4, 20610 Turku, Suomi",Piinokankatu 4,Turku,20610.0,FI,,Piinokankatu 4
Päiväkoti Touhula Nättinummi,60.4893116,22.2346259,päiväkoti,Päiväkoti,False,False,"Schalininkatu 4, 20320 Turku, Suomi",Schalininkatu 4,Turku,20320.0,FI,,Schalininkatu 4
Päiväkoti Satunummi,60.4811559,22.2463398,päiväkoti,Päiväkoti,False,False,"Eskonkatu 10, 20320 Turku, Suomi",Eskonkatu 10,Turku,20320.0,FI,,Eskonkatu 10
Kukonharjan päiväkoti,60.4921415,22.412045,päiväkoti,Päiväkoti,False,False,"Kukonharjantie 3, 21410 Lieto, Suomi",Kukonharjantie 3,Lieto,21410.0,FI,,Kukonharjantie 3
Päiväkoti Naperonummi,60.4603025,22.2965725,päiväkoti,Päiväkoti,False,False,"Jaakontie 3, 20540 Turku, Suomi",Jaakontie 3,Turku,20540.0,FI,,Jaakontie 3
Päiväkoti Nappulalinna,60.4221628,22.5283804,päiväkoti,Päiväkoti,False,False,"Toivonlinnantie 29, 21500 Piikkiö, Suomi",Toivonlinnantie 29,Piikkiö,21500.0,FI,,Toivonlinnantie 29
Päiväkoti Verkavekarat,60.4142173,22.3537526,päiväkoti,Lastenhoitotoimisto,False,False,"Rakentajantie 10, 20760 Piispanristi, Suomi",Rakentajantie 10,Piispanristi,20760.0,FI,,Rakentajantie 10
Päiväkoti Halikolo,60.4723157,22.3185586,päiväkoti,Päiväkoti,False,False,"Paavinkatu 14 H, 20540 Turku, Suomi",Paavinkatu 14 H,Turku,20540.0,FI,,Paavinkatu 14 H
Päiväkoti Ankkalampi – Ankdammen,60.4425857,22.2575905,päiväkoti,Päiväkoti,False,False,"Martinkatu 5, 20810 Turku, Suomi",Martinkatu 5,Turku,20810.0,FI,,Martinkatu 5
Päiväkoti ja esikoulu Silva,60.1708595,22.7305441,päiväkoti,Päiväkoti,False,False,"Edvin Widentie 6, 25700 Kemiönsaari, Suomi             Edvin Widesvägen 6, 25700 Kimitoön",Edvin Widentie 6,Kemiönsaari,25700.0,FI,,Edvin Widentie 6
Arkeologinkadun päiväkoti,60.5388044,22.3475863,päiväkoti,Päiväkoti,False,False,"Arkeologinkatu 9, 20460 Turku, Suomi",Arkeologinkatu 9,Turku,20460.0,FI,,Arkeologinkatu 9
Päiväkoti Nappulaniitty,60.5028541,22.3781031,päiväkoti,Lastenhoitotoimisto,False,False,"Käänteenkuja 1, 21350 Lieto, Suomi",Käänteenkuja 1,Lieto,21350.0,FI,,Käänteenkuja 1
Lempilän päiväkoti,60.4516384,22.6935105,päiväkoti,Päiväkoti,False,False,"Vistantie 28, 21530 Paimio, Suomi",Vistantie 28,Paimio,21530.0,FI,,Vistantie 28
"Päiväkoti Norlandia Soittorasia, Norlandia Päiväkodit Oy",60.5018098,22.4544961,päiväkoti,Päiväkoti,False,False,"Kärpijoentie 13, 21420 Lieto, Suomi",Kärpijoentie 13,Lieto,21420.0,FI,,Kärpijoentie 13
Päiväkoti Villa Solaris,60.4277527,22.2939978,päiväkoti,Lastentarha,False,False,"Kaurakatu 24 A, 20740 Turku, Suomi",Kaurakatu 24 A,Turku,20740.0,FI,,Kaurakatu 24 A
"Paattisten päivähoitoyksikkö, Seuravuorenkadun päiväkoti",60.594507,22.3818934,päiväkoti,Päiväkoti,False,False,"Seuravuorenkatu 7, 21330 Paattinen, Suomi",Seuravuorenkatu 7,Paattinen,21330.0,FI,,Seuravuorenkatu 7
Päiväkoti Touhula Yli-Maaria,60.5424645,22.321047,päiväkoti,Päiväkoti,False,False,"Vakiniituntie 2, 20400 Turku, Suomi",Vakiniituntie 2,Turku,20400.0,FI,,Vakiniituntie 2
Päiväkoti Nappulalaakso,60.4434343,22.3763128,päiväkoti,Lastenhoitotoimisto,False,False,"Seponkatu 3, 20660 Littoinen, Suomi",Seponkatu 3,Littoinen,20660.0,FI,,Seponkatu 3
Jokelan päiväkoti,60.4613612,22.6808586,päiväkoti,Päiväkoti,False,False,"Vanha Turuntie 2, 21530 Paimio, Suomi",Vanha Turuntie 2,Paimio,21530.0,FI,,Vanha Turuntie 2
Päiväkoti Hattu-maakari Oy,60.5003792,22.4613739,päiväkoti,Päiväkoti,False,False,"Taatilantie 2, 21420 Lieto, Suomi",Taatilantie 2,Lieto,21420.0,FI,,Taatilantie 2
Pilke Puolikko,60.4714598,22.2727465,päiväkoti,Päiväkoti,False,False,"Puolikontie 2, 20300 Turku, Suomi",Puolikontie 2,Turku,20300.0,FI,,Puolikontie 2
Pihlajanmarjan päiväkoti,60.4252904,22.5043343,päiväkoti,Päiväkoti,False,False,"Mattilantie 1, 21500 Piikkiö, Suomi",Mattilantie 1,Piikkiö,21500.0,FI,,Mattilantie 1
Kultanummen päiväkoti,60.4552774,22.3711835,päiväkoti,Päiväkoti,False,False,"Muurikinkatu 5, 20540 Turku, Suomi",Muurikinkatu 5,Turku,20540.0,FI,,Muurikinkatu 5
"Munterinkadun päiväkoti, Munterinkatu",60.4875432,22.2550812,päiväkoti,Päiväkoti,False,False,"Munterinkatu 3a, 20360 Turku, Suomi",Munterinkatu 3a,Turku,20360.0,FI,,Munterinkatu 3a
Hakametsän Päiväkoti,60.4356548,22.4870511,päiväkoti,Päiväkoti,False,False,"Riiontie 4, 21500 Piikkiö, Suomi",Riiontie 4,Piikkiö,21500.0,FI,,Riiontie 4
Kirjalan päiväkoti,60.3411396,22.3618462,päiväkoti,Lastenhoitotoimisto,False,False,"Ali-Kirjalantie, 21610 Kirjala, Suomi             Nederkirjalavägen, 21610 Kirjala",Ali-Kirjalantie,Kirjala,21610.0,FI,,Ali-Kirjalantie
Päiväkoti Touhula Vähäheikkilä,60.4320316,22.2567465,päiväkoti,Päiväkoti,False,False,"Uittamontie 31, 20810 Turku, Suomi",Uittamontie 31,Turku,20810.0,FI,,Uittamontie 31
Päiväkoti Touhula Jaani,60.4516602,22.3280956,päiväkoti,Päiväkoti,False,False,"Tähtimökatu 2, 20540 Turku, Suomi",Tähtimökatu 2,Turku,20540.0,FI,,Tähtimökatu 2
Moikoisten päivähoitoyksikkö,60.4125669,22.2362218,päiväkoti,Päiväkoti,False,False,"Honkaistentie 72, 20900 Turku, Suomi",Honkaistentie 72,Turku,20900.0,FI,,Honkaistentie 72
Lastentalo Musikatti Oy,61.1327381,21.4892266,päiväkoti,Päiväkoti,False,False,"Osmonkatu 4, 26100 Rauma, Suomi",Osmonkatu 4,Rauma,26100.0,FI,,Osmonkatu 4
Koivukujan Päiväkoti,61.5954978,21.8693367,päiväkoti,Päiväkoti,False,False,"Isokoivukuja 16, 29600 Pori, Suomi",Isokoivukuja 16,Pori,29600.0,FI,,Isokoivukuja 16
Söörmarkun päiväkoti,61.5687852,21.8133089,päiväkoti,Päiväkoti,False,False,"Hatanpääntie 73, 29570 Pori, Suomi",Hatanpääntie 73,Pori,29570.0,FI,,Hatanpääntie 73
Päiväkoti Pörriäinen,61.50481,21.8100385,päiväkoti,Päiväkoti,False,False,"Toejoenpuistikko 3, 28200 Pori, Suomi",Toejoenpuistikko 3,Pori,28200.0,FI,,Toejoenpuistikko 3
Leppäkerttu,61.482303,21.7046321,päiväkoti,Päiväkoti,False,False,"Leppäkorventie 2, 28660 Pori, Suomi",Leppäkorventie 2,Pori,28660.0,FI,,Leppäkorventie 2
Etanatien päiväkoti,61.5000403,21.821328,päiväkoti,Päiväkoti,False,False,"Etanatie, 28200 Pori, Suomi",Etanatie,Pori,28200.0,FI,,Etanatie
Päiväkoti Suvituuli,61.1347095,22.126461,päiväkoti,Päiväkoti,False,False,"Pappilanharjuntie 2 C, 27510 Eura, Suomi",Pappilanharjuntie 2 C,Eura,27510.0,FI,,Pappilanharjuntie 2 C
Päärnäisten päiväkoti,61.4869162,21.767462,päiväkoti,Lastentarha,False,False,"Maantiekatu 31, 28120 Pori, Suomi",Maantiekatu 31,Pori,28120.0,FI,,Maantiekatu 31
"Yläneen päiväkoti (Mehiläiset, Leppäkertut)",60.877819,22.4147186,päiväkoti,Päiväkoti,False,False,"Nissiläntie 3, 21900 Pöytyä, Suomi",Nissiläntie 3,Pöytyä,21900.0,FI,,Nissiläntie 3
Lastensuojelulaitos Eemeli Oy,61.3653769,21.992441,päiväkoti,Päiväkoti,False,False,"Suomisentie 8, 29250 Nakkila, Suomi",Suomisentie 8,Nakkila,29250.0,FI,,Suomisentie 8
Sampolan Päiväkoti,61.4649085,21.8441544,päiväkoti,Hoitopalvelut,False,False,"Kouvonraitti 2, 28370 Pori, Suomi",Kouvonraitti 2,Pori,28370.0,FI,,Kouvonraitti 2
Meijumäen Päiväkoti,61.5145756,21.8367336,päiväkoti,Koulu,False,False,"Alapilventie 1, 28220 Pori, Suomi",Alapilventie 1,Pori,28220.0,FI,,Alapilventie 1
Perheneuvola,61.4831766,21.7966591,päiväkoti,Päiväkoti,False,False,"Yrjönkatu 20, 28100 Pori, Suomi",Yrjönkatu 20,Pori,28100.0,FI,,Yrjönkatu 20
Päiväkoti Pikkureppu,61.4839335,21.7205704,päiväkoti,Lastentarha,False,False,"Valontie 10, 28600 Pori, Suomi",Valontie 10,Pori,28600.0,FI,,Valontie 10
Umpikujasta Rauno Lehtonen Oy,61.4802535,21.7409397,päiväkoti,Päiväkoti,False,False,"Umpikuja 5, 28610 Pori, Suomi",Umpikuja 5,Pori,28610.0,FI,,Umpikuja 5
Päiväkoti Satulinna,61.4971681,21.8014753,päiväkoti,Lastenhoitotoimisto,False,False,"Harjunpäänkatu 5, 28100 Pori, Suomi",Harjunpäänkatu 5,Pori,28100.0,FI,,Harjunpäänkatu 5
Porin Englanninkielinen Leikkikouluyhdistys Ry,61.486161,21.7916822,päiväkoti,Päiväkoti,False,False,"Länsipuisto 15, 28100 Pori, Suomi",Länsipuisto 15,Pori,28100.0,FI,,Länsipuisto 15
"Päiväkoti Norlandia Havu, Norlandia Päiväkodit Oy",61.8023112,22.3996752,päiväkoti,Päiväkoti,False,False,"Alpinkatu 10, 38700 Kankaanpää, Suomi",Alpinkatu 10,Kankaanpää,38700.0,FI,,Alpinkatu 10
Kiertokadun Päiväkoti,61.4792224,21.7946249,päiväkoti,Päiväkoti,False,False,"Kiertokatu 14, 28130 Pori, Suomi",Kiertokatu 14,Pori,28130.0,FI,,Kiertokatu 14
Pilke tiedepäiväkoti Välke,61.49089,21.7607996,päiväkoti,Päiväkoti,False,False,"Koekatu 1, 28100 Pori, Suomi",Koekatu 1,Pori,28100.0,FI,,Koekatu 1
Pilke musiikkipäiväkoti Rytmi,61.4976615,21.83428,päiväkoti,Päiväkoti,False,False,"Palokärjentie 2, 28220 Pori, Suomi",Palokärjentie 2,Pori,28220.0,FI,,Palokärjentie 2
Päiväkoti Touhula Väinölä,61.4806538,21.850125,päiväkoti,Päiväkoti,False,False,"Naakantie 13, 28300 Pori, Suomi",Naakantie 13,Pori,28300.0,FI,,Naakantie 13
Päiväkoti Touhula Vähärauma,61.4873722,21.7220311,päiväkoti,Päiväkoti,False,False,"Suntinkuja 28, 28600 Pori, Suomi",Suntinkuja 28,Pori,28600.0,FI,,Suntinkuja 28
Päiväkoti Piparminttu,61.4522679,21.8558676,päiväkoti,Päiväkoti,False,False,"Harmaalinnantie 3, 28430 Pori, Suomi",Harmaalinnantie 3,Pori,28430.0,FI,,Harmaalinnantie 3
Uudenkoiviston Päiväkoti,61.4760138,21.8060132,päiväkoti,Päiväkoti,False,False,"Ruohokatu 8, 28130 Pori, Suomi",Ruohokatu 8,Pori,28130.0,FI,,Ruohokatu 8
Lounatuulen päiväkoti,61.4996903,21.7868201,päiväkoti,Päiväkoti,False,False,"Jokisatamantie 3, 28190 Pori, Suomi",Jokisatamantie 3,Pori,28190.0,FI,,Jokisatamantie 3
Punakylän Avoin Pk,61.4975401,21.8397637,päiväkoti,Päiväkoti,False,False,"Kivitaskuntie 6, 28220 Pori, Suomi",Kivitaskuntie 6,Pori,28220.0,FI,,Kivitaskuntie 6
Ryhmis Kaalimaankakarat,61.5318366,21.6784067,päiväkoti,Päiväkoti,False,False,"Tehdas-Mattilantie 13, 28760 Pori, Suomi",Tehdas-Mattilantie 13,Pori,28760.0,FI,,Tehdas-Mattilantie 13
Pelastusarmeijan päiväkoti,61.4842102,21.7863803,päiväkoti,Päiväkoti,False,False,"Mikonkatu 19, 28100 Pori, Suomi",Mikonkatu 19,Pori,28100.0,FI,,Mikonkatu 19
Itätullin Päiväkoti,61.4822853,21.7988921,päiväkoti,Päiväkoti,False,False,"Itätullinkatu 29, 28100 Pori, Suomi",Itätullinkatu 29,Pori,28100.0,FI,,Itätullinkatu 29
Päiväkoti Lemmikki,61.4865072,21.7464039,päiväkoti,Päiväkoti,False,False,"Ojurintie 2, 28610 Pori, Suomi",Ojurintie 2,Pori,28610.0,FI,,Ojurintie 2
Riihikadun Päiväkoti,61.4835399,21.7794653,päiväkoti,Päiväkoti,False,False,"Riihikatu 5, 28120 Pori, Suomi",Riihikatu 5,Pori,28120.0,FI,,Riihikatu 5
Folkhälsan Välfärd,62.477538,21.3398689,päiväkoti,Lastentarha,False,False,"Åvägen 7-9, 64200 Närpes, Suomi",Åvägen 7-9,Närpiö,64200.0,FI,,Åvägen 7-9
Moikipään päiväkoti,62.866764,21.280911,päiväkoti,Lastentarha,False,False,"Flatgrundsvägen 12, 66210 Korsnäs, Suomi",Flatgrundsvägen 12,Korsnäs,66210.0,FI,,Flatgrundsvägen 12
Singsby Daghem,63.1612994,21.6519808,päiväkoti,Päiväkoti,False,False,"Maravägen 10, 65710 Korsholm, Suomi",Maravägen 10,Mustasaari,65710.0,FI,,Maravägen 10
Sulvan päiväkoti,63.0149257,21.6553147,päiväkoti,Päiväkoti,False,False,"Tackholmintie 8, 65450 Sulva, Suomi             Tackholmsvägen 8, 65450 Solf",Tackholmintie 8,Sulva,65450.0,FI,,Tackholmintie 8
"Sundom daghem,Barnholken",63.0562309,21.522501,päiväkoti,Päiväkoti,False,False,"Stråkantie 174, 65410 Vaasa, Suomi",Stråkantie 174,Vaasa,65410.0,FI,,Stråkantie 174
Gerby daghem,63.1304046,21.5908199,päiväkoti,Päiväkoti,False,False,"Uusmetsäntie, 65280 Vaasa, Suomi",Uusmetsäntie,Vaasa,65280.0,FI,,Uusmetsäntie
Koivulahden päiväkoti,63.164665,21.8254497,päiväkoti,Päiväkoti,False,False,"Kärråkersvägen 6, 66530 Kvevlax, Suomi",Kärråkersvägen 6,Koivulahti,66530.0,FI,,Kärråkersvägen 6
Etelärinteen Päiväkoti,66.5004789,25.7090378,päiväkoti,Päiväkoti,False,False,"Kaartokatu 8, 96100 Rovaniemi, Suomi",Kaartokatu 8,Rovaniemi,96100.0,FI,,Kaartokatu 8
Kuperkeikka Päiväkoti,63.1166537,21.6821807,päiväkoti,Lastentarha,False,False,"Koulutie 6, 65610 Mustasaari, Suomi             Skolvägen 6, 65610 Korsholm",Koulutie 6,Mustasaari,65610.0,FI,,Koulutie 6
Huvikummun päiväkoti,63.093551,21.6646599,päiväkoti,Päiväkoti,False,False,"Keskuskatu 17, 65320 Vaasa, Suomi",Keskuskatu 17,Vaasa,65320.0,FI,,Keskuskatu 17
Hiukkavaaran Päiväkoti Taikapolku,65.0101543,25.594208,päiväkoti,Päiväkoti,False,False,"Tahtimarssi 3, 90630, 90630 Oulu, Suomi","Tahtimarssi 3, 90630",Oulu,90630.0,FI,,"Tahtimarssi 3, 90630"
Karperö Daghem,63.1589142,21.6862305,päiväkoti,Päiväkoti,False,False,"Bäckinraitti 54, 65630 Mustasaari, Suomi             Bäckstået 54, 65630 Korsholm",Bäckinraitti 54,Mustasaari,65630.0,FI,,Bäckinraitti 54
Kuni Daghem,63.1585921,21.9587147,päiväkoti,Päiväkoti,False,False,"Kunintie 19, 66580 Kuni, Suomi",Kunintie 19,Kuni,66580.0,FI,,Kunintie 19
Haga daghem,63.081781,21.7201627,päiväkoti,Päiväkoti,False,False,"Kustaa III:n Polku 2, 65380 Vaasa, Suomi",Kustaa III:n Polku 2,Vaasa,65380.0,FI,,Kustaa III:n Polku 2
Pilke liikuntapäiväkoti Loikka,62.9948281,22.3123589,päiväkoti,Päiväkoti,False,False,"Piiloluolantie 4, 61500 Isokyrö, Suomi",Piiloluolantie 4,Isokyrö,61500.0,FI,,Piiloluolantie 4
Pilke Taikapursi,65.0056171,25.4689922,päiväkoti,Päiväkoti,False,False,"Kansankatu 60, 90120 Oulu, Suomi",Kansankatu 60,Oulu,90120.0,FI,,Kansankatu 60
Föreningen Folkhälsan i Vasa,63.0924938,21.6249143,päiväkoti,Lastentarha,False,False,"Asemakatu 28, 65100 Vaasa, Suomi",Asemakatu 28,Vaasa,65100.0,FI,,Asemakatu 28
Päiväkoti Peppiina,60.4447118,22.3424089,päiväkoti,Päiväkoti,False,False,"Käenkuja 3, 20610 Turku, Suomi",Käenkuja 3,Turku,20610.0,FI,,Käenkuja 3
"Arkeologinkadun päiväkoti, Päiväkoti Lampolankatu 6",60.5412743,22.3487673,päiväkoti,Päiväkoti,False,False,"Lampolankatu 6, 20460 Turku, Suomi",Lampolankatu 6,Turku,20460.0,FI,,Lampolankatu 6
Karhunaukion päiväkoti,60.4320029,22.3371974,päiväkoti,Päiväkoti,False,False,"Karhunaukio 1, 20750 Turku, Suomi",Karhunaukio 1,Turku,20750.0,FI,,Karhunaukio 1
Norlandia luontopäiväkoti Puisto,60.4705122,22.2065228,päiväkoti,Päiväkoti,False,False,"Lukkosepänkatu 25, 21280 Turku, Suomi",Lukkosepänkatu 25,Turku,21280.0,FI,,Lukkosepänkatu 25
Kriivarin päiväkoti,60.4380357,22.714439,päiväkoti,Päiväkoti,False,False,"Maurizintie 13, 21530 Paimio, Suomi",Maurizintie 13,Paimio,21530.0,FI,,Maurizintie 13
Pilke musiikkipäiväkoti Aurora,60.404615,22.3262619,päiväkoti,Päiväkoti,False,False,"Nurminiitynkatu 3, 20760 Piispanristi, Suomi",Nurminiitynkatu 3,Piispanristi,20760.0,FI,,Nurminiitynkatu 3
Turun Steiner-päiväkoti,60.4636585,22.2956334,päiväkoti,Päiväkoti,False,False,"Studentbyn 20B, 20540 Åbo, Suomi",Studentbyn 20B,Turku,20540.0,FI,,Studentbyn 20B
Piinokankadun päivähoitoyksikkö,60.4467609,22.3497992,päiväkoti,Päiväkoti,False,False,"Seikonkatu 4, 20610 Turku, Suomi",Seikonkatu 4,Turku,20610.0,FI,,Seikonkatu 4
Haritun päivähoitoyksikkö,60.4122736,22.2990505,päiväkoti,Päiväkoti,False,False,"Kymenlaaksonkuja 4, 20740 Turku, Suomi",Kymenlaaksonkuja 4,Turku,20740.0,FI,,Kymenlaaksonkuja 4
Pilke luontopäiväkoti Kanerva,60.4605684,22.3579455,päiväkoti,Päiväkoti,False,False,"Silvolankaari, 20540 Kaarina, Suomi",Silvolankaari,Kaarina,20540.0,FI,,Silvolankaari
Pilke tiedepäiväkoti Kipinä,60.4046864,22.3259598,päiväkoti,Päiväkoti,False,False,"Nurminiitynkatu 1, 20760 Piispanristi, Suomi",Nurminiitynkatu 1,Piispanristi,20760.0,FI,,Nurminiitynkatu 1
Pilke Auringonnousu,60.4128415,22.3108062,päiväkoti,Päiväkoti,False,False,"Ahvenanmaankatu 2, 20740 Turku, Suomi",Ahvenanmaankatu 2,Turku,20740.0,FI,,Ahvenanmaankatu 2
Kerttulin päivähoitoyksikkö,60.4491145,22.2834694,päiväkoti,Päiväkoti,False,False,"Kellonsoittajankatu 6, 20500 Turku, Suomi",Kellonsoittajankatu 6,Turku,20500.0,FI,,Kellonsoittajankatu 6
Asemanseudun päivähoitoyksikkö (Sairashuoneenkatu 1),60.4446845,22.252439,päiväkoti,Päiväkoti,False,False,"Sairashuoneenkatu 1, 20100 Turku, Suomi",Sairashuoneenkatu 1,Turku,20100.0,FI,,Sairashuoneenkatu 1
Mäntymäen päivähoitoyksikkö,60.4339561,22.2515954,päiväkoti,Päiväkoti,False,False,"Myllymäentie 42, 20810 Turku, Suomi",Myllymäentie 42,Turku,20810.0,FI,,Myllymäentie 42
Räntämäen päivähoitoyksikkö,60.4756275,22.3044334,päiväkoti,Päiväkoti,False,False,"Ritzinkuja 1, 20380 Turku, Suomi",Ritzinkuja 1,Turku,20380.0,FI,,Ritzinkuja 1
Rahjekadun päivähoitoyksikkö,60.4623208,22.2014975,päiväkoti,Päiväkoti,False,False,"Rahjekatu 5, 20210 Turku, Suomi",Rahjekatu 5,Turku,20210.0,FI,,Rahjekatu 5
Mäntymäen päivähoitoyksikkö,60.4375524,22.2646305,päiväkoti,Päiväkoti,False,False,"Kallelankatu 3, 20810 Turku, Suomi",Kallelankatu 3,Turku,20810.0,FI,,Kallelankatu 3
Kuutamon päiväkoti,60.1745425,24.7255598,päiväkoti,Päiväkoti,False,False,"Täysikuu 5, 02210 Espoo, Suomi",Täysikuu 5,Espoo,2210.0,FI,,Täysikuu 5
Tuohimäen päiväkoti,60.1807176,24.7879095,päiväkoti,Päiväkoti,False,False,"Tuohimäki 6, 02130 Espoo, Suomi",Tuohimäki 6,Espoo,2130.0,FI,,Tuohimäki 6
Päiväkoti,60.2304376,24.9562329,päiväkoti,Päiväkoti,False,False,"Kivalterintie 25, 00640 Helsinki, Suomi",Kivalterintie 25,Helsinki,640.0,FI,,Kivalterintie 25
Suvelan päiväkoti,60.2031626,24.6695762,päiväkoti,Päiväkoti,False,False,"Kirstintie 18, 02760 Espoo, Suomi",Kirstintie 18,Espoo,2760.0,FI,,Kirstintie 18
Kantvikin päiväkoti,60.092858,24.3953444,päiväkoti,Päiväkoti,False,False,"Sokeripolku 5, 02460 Kantvik, Suomi",Sokeripolku 5,Kantvik,2460.0,FI,,Sokeripolku 5
"Päiväkoti Norlandia Areena, Norlandia Päiväkodit Oy",60.1445607,24.6699213,päiväkoti,Päiväkoti,False,False,"Oppilaantie 7, 02360 Espoo, Suomi",Oppilaantie 7,Espoo,2360.0,FI,,Oppilaantie 7
Viinamäen päiväkoti,60.4541751,22.3024727,päiväkoti,Lastentarha,False,False,"Ruukinkatu 9, 20540 Turku, Suomi",Ruukinkatu 9,Turku,20540.0,FI,,Ruukinkatu 9
Jokirinteen päiväkoti,60.1278094,24.4507128,päiväkoti,Päiväkoti,False,False,"Jokiniityntie 5, 02400 Kirkkonummi, Suomi",Jokiniityntie 5,Kirkkonummi,2400.0,FI,,Jokiniityntie 5
Päiväkoti Viidakkovekarat Oy,60.4556622,22.6858126,päiväkoti,Päiväkoti,False,False,"Meijeritie 6, 21530 Paimio, Suomi",Meijeritie 6,Paimio,21530.0,FI,,Meijeritie 6
Hanhijoen päiväkoti,60.4613266,22.7319673,päiväkoti,Päiväkoti,False,False,"Rajantie 2, 21540 Paimio, Suomi",Rajantie 2,Paimio,21540.0,FI,,Rajantie 2
"Paattisten päivähoitoyksikkö, Toffinkujan päiväkoti",60.5917358,22.3798426,päiväkoti,Päiväkoti,False,False,"Toffinkuja 2, 21330 Paattinen, Suomi",Toffinkuja 2,Paattinen,21330.0,FI,,Toffinkuja 2
Asemanseudun päivähoitoyksikkö,60.4528266,22.2530919,päiväkoti,Päiväkoti,False,False,"Käsityöläiskatu 20, 20100 Turku, Suomi",Käsityöläiskatu 20,Turku,20100.0,FI,,Käsityöläiskatu 20
Impivaaran Päiväkoti,61.8041962,22.3709552,päiväkoti,Päiväkoti,False,False,"Joukasenkatu 37, 38710 Kankaanpää, Suomi",Joukasenkatu 37,Kankaanpää,38710.0,FI,,Joukasenkatu 37
Niinisalon Päiväkoti,61.842318,22.4819905,päiväkoti,Päiväkoti,False,False,"Kotikaari 3, 38840 Kankaanpää, Suomi",Kotikaari 3,Kankaanpää,38840.0,FI,,Kotikaari 3
Källbacksvägen 24,62.9978738,21.6825682,päiväkoti,Päiväkoti,False,False,"Källbacksvägen 24,, Korsholm, Suomi","Källbacksvägen 24,",Mustasaari,,FI,,"Källbacksvägen 24,"
Villa Kamomillan päiväkoti,60.3074426,22.2796606,päiväkoti,Päiväkoti,False,False,"Raiviontie 22, 21600 Parainen, Suomi             Rödjevägen 22, 21600 Pargas",Raiviontie 22,Parainen,21600.0,FI,,Raiviontie 22
Halmstadintalon päiväkoti,59.8299261,22.9653767,päiväkoti,Päiväkoti,False,False,"Halmstadinkatu 7, 10900 Hanko, Suomi",Halmstadinkatu 7,Hanko,10900.0,FI,,Halmstadinkatu 7
Ryhmis Vintiöt,61.4818184,21.7327597,päiväkoti,Päiväkoti,False,False,"Putimäentie 61, 28610 Pori, Suomi",Putimäentie 61,Pori,28610.0,FI,,Putimäentie 61
Kauhajoen Hoitopalvelut Oy,62.4308024,22.1817238,päiväkoti,Päiväkoti,False,False,"Topeeka 47, 61800 Kauhajoki, Suomi",Topeeka 47,Kauhajoki,61800.0,FI,,Topeeka 47
Vallinmäen päiväkoti,62.9815512,22.0151356,päiväkoti,Päiväkoti,False,False,"Alkiontie 10, 66400 Laihia, Suomi",Alkiontie 10,Laihia,66400.0,FI,,Alkiontie 10
Maxmo Daghem,63.2197922,22.0495886,päiväkoti,Päiväkoti,False,False,"Tottesund 355, 66640 Maxmo, Suomi",Tottesund 355,Maksamaa,66640.0,FI,,Tottesund 355
Hankmo Daghem,63.2037599,21.8579904,päiväkoti,Päiväkoti,False,False,"Eidisbackvägen 150, 66550 Västerhankmo, Suomi",Eidisbackvägen 150,Västerhankmo,66550.0,FI,,Eidisbackvägen 150
Päiväkoti Pikkumettä,67.6514668,24.9091592,päiväkoti,Päiväkoti,False,False,"Havutie 4, 99100 Kittilä, Suomi",Havutie 4,Kittilä,99100.0,FI,,Havutie 4
Satuniitty,60.3084666,22.2967324,päiväkoti,Päiväkoti,False,False,"Vapparintie 11, 21600 Parainen, Suomi             Vapparvägen 11, 21600 Pargas",Vapparintie 11,Parainen,21600.0,FI,,Vapparintie 11
Haarla-Pikisaaren päivähoitoyksikkö,60.393553,22.2173159,päiväkoti,Päiväkoti,False,False,"Meteorikatu 1, 20900 Turku, Suomi",Meteorikatu 1,Turku,20900.0,FI,,Meteorikatu 1
Tammiston päiväkoti,60.4810213,22.0612181,päiväkoti,Lastentarha,False,False,"Kastovuorenkatu 1, 21110 Naantali, Suomi",Kastovuorenkatu 1,Naantali,21110.0,FI,,Kastovuorenkatu 1
Pilke Satakieli,60.4510418,22.1514021,päiväkoti,Päiväkoti,False,False,"Ruotsinsalmenkatu 6, 20240 Turku, Suomi",Ruotsinsalmenkatu 6,Turku,20240.0,FI,,Ruotsinsalmenkatu 6
Tannilan Päiväkoti,60.4372028,22.2969187,päiväkoti,Päiväkoti,False,False,"Lehmustie 7, 20720 Turku, Suomi",Lehmustie 7,Turku,20720.0,FI,,Lehmustie 7
Pilke musiikkipäiväkoti Rumpali,60.5643779,22.1036866,päiväkoti,Päiväkoti,False,False,"Maskulantie 11, 21250 Masku, Suomi",Maskulantie 11,Masku,21250.0,FI,,Maskulantie 11
Kilinkolo Oy,60.9665861,22.1566629,päiväkoti,Perhepäivähoito,False,False,"Koskenkylänraitti 35, 27650 Honkilahti, Suomi",Koskenkylänraitti 35,Honkilahti,27650.0,FI,,Koskenkylänraitti 35
Päiväkoti Kulkunen Oy,61.1156734,22.1477374,päiväkoti,Päiväkoti,False,False,"Turuntie 15, 27500 Eura, Suomi",Turuntie 15,Eura,27500.0,FI,,Turuntie 15
Päiväkoti Pikku-Santra,61.879811,21.8184572,päiväkoti,Lastentarha,False,True,"Reippaantie 12, 29810 Siikainen, Suomi",Reippaantie 12,Siikainen,29810.0,FI,,Reippaantie 12
Kuninkaisten päiväkoti,61.1788973,22.7195693,päiväkoti,Päiväkoti,False,False,"Selvinkatu 2, 32700 Huittinen, Suomi",Selvinkatu 2,Huittinen,32700.0,FI,,Selvinkatu 2
Touhula Magneetti,62.6140556,22.4334354,päiväkoti,Päiväkoti,False,False,"Käräjävuorenkatu 2, 61300 Kurikka, Suomi",Käräjävuorenkatu 2,Kurikka,61300.0,FI,,Käräjävuorenkatu 2
Vampulan päiväkoti,61.0260353,22.6913452,päiväkoti,Päiväkoti,False,False,"Sallilantie 55, 32610 Vampula, Suomi",Sallilantie 55,Vampula,32610.0,FI,,Sallilantie 55
Kyrön päiväkoti,60.6968949,22.7537147,päiväkoti,Päiväkoti,False,False,"Harjuntie 1, 21800 Pöytyä, Suomi",Harjuntie 1,Pöytyä,,FI,,Harjuntie 1
Nappulanurmen päiväkoti,61.1874885,22.6959538,päiväkoti,Päiväkoti,False,False,"Satukatu 3, 32700 Huittinen, Suomi",Satukatu 3,Huittinen,,FI,,Satukatu 3
Huhkolan päiväkoti,61.1878452,22.6945457,päiväkoti,Päiväkoti,False,False,"Muonamiehentie 5, 32700 Huittinen, Suomi",Muonamiehentie 5,Huittinen,32700.0,FI,,Muonamiehentie 5
Päiväkoti Onnimanni,61.0850944,22.2777844,päiväkoti,Lastentarha,False,False,"Karhusuontie 295, 27820 Säkylä, Suomi",Karhusuontie 295,Säkylä,27820.0,FI,,Karhusuontie 295
Päiväkoti Tammikuhnala,62.7370967,22.5845297,päiväkoti,Päiväkoti,False,False,"Nikkolantie 12, 60800 Ilmajoki, Suomi",Nikkolantie 12,Ilmajoki,60800.0,FI,,Nikkolantie 12
Ulpun Päiväkoti,61.2831382,22.692131,päiväkoti,Päiväkoti,False,False,"Kalliotie 3, 32740 Sastamala, Suomi",Kalliotie 3,Sastamala,32740.0,FI,,Kalliotie 3
Niinijoen päiväkoti,60.8600724,22.8765336,päiväkoti,Päiväkoti,False,False,"Niinijoentie 845, 32410 Loimaa, Suomi",Niinijoentie 845,Loimaa,32410.0,FI,,Niinijoentie 845
Opetuspäiväkoti Pääskysaari,62.718501,22.535356,päiväkoti,Päiväkoti,False,False,"Ilmajoentie 527, 60800 Ilmajoki, Suomi",Ilmajoentie 527,Ilmajoki,60800.0,FI,,Ilmajoentie 527
Käpälämäen päiväkoti,62.754896,22.6988989,päiväkoti,Päiväkoti,False,False,"60720 Ilmajoki, Suomi",,Ilmajoki,,FI,,
Ryhmis Kultainen Hanhiemo,62.9714423,22.0285399,päiväkoti,Päiväkoti,False,False,"Ampujantie 1, 66400 Laihia, Suomi",Ampujantie 1,Laihia,66400.0,FI,,Ampujantie 1
Laihian Villivekara Avoin yhtiö,62.9711968,22.0249658,päiväkoti,Päiväkoti,False,False,"Pyykkärintie 2, 66400 Laihia, Suomi",Pyykkärintie 2,Laihia,66400.0,FI,,Pyykkärintie 2
Päiväkoti,62.7733883,22.8241352,päiväkoti,Päiväkoti,False,False,"Hanneksenrinne, 60220 Seinäjoki, Suomi",Hanneksenrinne,Seinäjoki,60220.0,FI,,Hanneksenrinne
Päiväkoti JUMP Ideapark,62.7942836,22.797579,päiväkoti,Päiväkoti,False,False,"Suupohjantie 57, 60320 Seinäjoki, Suomi",Suupohjantie 57,Seinäjoki,60320.0,FI,,Suupohjantie 57
Honkakylän varhaiskasvatuskeskus,62.6644897,22.8756809,päiväkoti,Päiväkoti,False,False,"Jouttikoskentie 25, 61120 LOUKO, Suomi",Jouttikoskentie 25,LOUKO,61120.0,FI,,Jouttikoskentie 25
Iloniemen päiväkoti,62.4931369,22.7470264,päiväkoti,Lastentarha,False,False,"Koskitie 5A, 61600 Jalasjärvi, Suomi",Koskitie 5A,Jalasjärvi,61600.0,FI,,Koskitie 5A
Yli-Maarian päiväkoti,60.5434208,22.3200185,päiväkoti,Päiväkoti,False,False,"Kukkamaariankatu 44, 20400 Turku, Suomi",Kukkamaariankatu 44,Turku,20400.0,FI,,Kukkamaariankatu 44
Moision päivähoitoyksikkö B-talo,60.5329543,22.2999549,päiväkoti,Päiväkoti,False,False,"Halikonkatu 8, 20400 Turku, Suomi",Halikonkatu 8,Turku,20400.0,FI,,Halikonkatu 8
"Arkeologinkadun päiväkoti, Päiväkoti Jäkärlän Puistokatu 18",60.5404445,22.3508802,päiväkoti,Päiväkoti,False,False,"Jäkärlän puistokatu 18, 20460 Turku, Suomi",Jäkärlän puistokatu 18,Turku,20460.0,FI,,Jäkärlän puistokatu 18
Daghem Bantis,60.2978516,22.2991713,päiväkoti,Päiväkoti,False,False,"Skräbbölentie 5, 21600 Parainen, Suomi             Skräbbölevägen 5, 21600 Pargas",Skräbbölentie 5,Parainen,21600.0,FI,,Skräbbölentie 5
Lastentarha l'Hexagone,60.4378097,22.2379749,päiväkoti,Päiväkoti,False,False,"Linnankatu 64, 20100 Turku, Suomi",Linnankatu 64,Turku,20100.0,FI,,Linnankatu 64
"Katariinan Vilske, Iso Vilsketalo",60.4137393,22.2703171,päiväkoti,Päiväkoti,False,False,"Sigridinpolku 5, 20740 Turku, Suomi",Sigridinpolku 5,Turku,20740.0,FI,,Sigridinpolku 5
Koivulan päivähoitoyksikkö,60.4182333,22.2996343,päiväkoti,Päiväkoti,False,False,"Sävelkuja 4, 20740 Turku, Suomi",Sävelkuja 4,Turku,20740.0,FI,,Sävelkuja 4
"Munterinkadun päiväkoti, Piiparinpolku",60.4890872,22.2619213,päiväkoti,Päiväkoti,False,False,"Piiparinpolku 18, 20360 Turku, Suomi",Piiparinpolku 18,Turku,20360.0,FI,,Piiparinpolku 18
Kukkulatie 2,60.5063084,22.1333083,päiväkoti,Päiväkoti,False,False,"Kustavintie 179, 21220 Raisio, Suomi",Kustavintie 179,Raisio,21220.0,FI,,Kustavintie 179
Päiväkoti: Verkanappulat-daghem Knatteskär,60.4385846,22.2510049,päiväkoti,Päiväkoti,False,False,"Tapulikatu 9, 20810 Turku, Suomi",Tapulikatu 9,Turku,20810.0,FI,,Tapulikatu 9
Päiväkoti Maaria-jäkärlä Ii,60.5428737,22.3621021,päiväkoti,Koulu,False,False,"Suotorpankuja 3, 20460 Turku, Suomi",Suotorpankuja 3,Turku,20460.0,FI,,Suotorpankuja 3
Mukulax Kähäri,60.4615568,22.2465346,päiväkoti,Päiväkoti,False,False,"Untolankatu 29, 20300 Turku, Suomi",Untolankatu 29,Turku,20300.0,FI,,Untolankatu 29
Kuttikallion päiväkoti,62.0152106,23.0229755,päiväkoti,Päiväkoti,False,False,"Koulukatu 5, 39700 Parkano, Suomi",Koulukatu 5,Parkano,39700.0,FI,,Koulukatu 5
Hongon koulu,61.9980824,22.2641942,päiväkoti,Koulu,False,False,"Katkontie 7, 38950 Honkajoki, Suomi",Katkontie 7,Honkajoki,38950.0,FI,,Katkontie 7
Daycare Daisy,60.4639337,22.2984818,päiväkoti,Päiväkoti,False,False,"Studentbyn 25, 20540 Åbo, Suomi",Studentbyn 25,Turku,20540.0,FI,,Studentbyn 25
Touhula Tuohikontti,61.8201195,22.6905291,päiväkoti,Päiväkoti,False,False,"Jämijärventie 25, 38800 Jämijärvi, Suomi",Jämijärventie 25,Jämijärvi,38800.0,FI,,Jämijärventie 25
Narvin Kartano,61.7842935,22.4278241,päiväkoti,Päiväkoti,False,False,"Laviantie 493, 38700 Kankaanpää, Suomi",Laviantie 493,Kankaanpää,38700.0,FI,,Laviantie 493
Kyläsepän Päiväkoti,61.5637368,23.5855097,päiväkoti,Päiväkoti,False,False,"Kyläsepäntie 2, 33470 Ylöjärvi, Suomi",Kyläsepäntie 2,Ylöjärvi,33470.0,FI,,Kyläsepäntie 2
Sandskutan,63.6424015,22.7289268,päiväkoti,Päiväkoti,False,False,"Lodentie 4, 68600 Pietarsaari, Suomi",Lodentie 4,Pietarsaari,68600.0,FI,,Lodentie 4
Daghem Liljekonvajen,63.1354605,22.2561608,päiväkoti,Päiväkoti,False,False,"Läkarvägen 10, 66600 Vörå, Suomi",Läkarvägen 10,Vöyri,66600.0,FI,,Läkarvägen 10
Mikkolan Päiväkoti,61.5483093,23.599203,päiväkoti,Päiväkoti,False,False,"Mikkolantie 5, 33470 Ylöjärvi, Suomi",Mikkolantie 5,Ylöjärvi,33470.0,FI,,Mikkolantie 5
Öja Daghem,63.8066897,22.9377422,päiväkoti,Päiväkoti,False,False,"Pyramidintie 17, 68550 Öja, Suomi",Pyramidintie 17,Öja,68550.0,FI,,Pyramidintie 17
Kaustarin päiväkoti,63.8279043,23.1797247,päiväkoti,Päiväkoti,False,False,"Kaskitie 5, 67600 Kokkola, Suomi",Kaskitie 5,Kokkola,67600.0,FI,,Kaskitie 5
Ulkometsän päiväkoti,63.8539922,23.1537785,päiväkoti,Päiväkoti,False,False,"Ulkometsäntie 1, 67400 Kokkola, Suomi",Ulkometsäntie 1,Kokkola,67400.0,FI,,Ulkometsäntie 1
Länsipuiston Päiväkoti,63.835671,23.1215738,päiväkoti,Päiväkoti,False,False,"Tehtaankatu 29, 67100 Kokkola, Suomi",Tehtaankatu 29,Kokkola,67100.0,FI,,Tehtaankatu 29
"Taide- ja kulttuuripäiväkoti Saima, Ylisentie",62.7800269,22.8466346,päiväkoti,Päiväkoti,False,False,"Ylisentie 15, 60100 Seinäjoki, Suomi",Ylisentie 15,Seinäjoki,60100.0,FI,,Ylisentie 15
Ylihärmän Päiväkoti,63.145008,22.8026313,päiväkoti,Päiväkoti,False,False,"Hietamäenkuja 6, 62375 Ylihärmä, Suomi",Hietamäenkuja 6,Ylihärmä,62375.0,FI,,Hietamäenkuja 6
Serlapuiston päiväkoti,61.5424252,23.6802672,päiväkoti,Päiväkoti,False,False,"Serlatie 6, 33450 Ylöjärvi, Suomi",Serlatie 6,Ylöjärvi,33450.0,FI,,Serlatie 6
Tähkätaskun Päiväkoti,61.5675157,23.5898318,päiväkoti,Päiväkoti,False,False,"Tähkätie 1, 33480 Ylöjärvi, Suomi",Tähkätie 1,Ylöjärvi,33480.0,FI,,Tähkätie 1
Kytömäen päiväkoti,63.6847353,22.735225,päiväkoti,Lastentarha,False,False,"Itäkunnaantie 8, 68660 Pietarsaari, Suomi             Östanlidvägen 8, 68660 Jakobstad",Itäkunnaantie 8,Pietarsaari,68660.0,FI,,Itäkunnaantie 8
Permon päiväkoti,63.6749093,22.7289955,päiväkoti,Lastentarha,False,False,"Permontie 26, 68600 Pietarsaari, Suomi",Permontie 26,Pietarsaari,68600.0,FI,,Permontie 26
Pispalan Päiväkoti,61.505447,23.7077916,päiväkoti,Päiväkoti,False,False,"Pispalan valtatie 6, 33250 Tampere, Suomi",Pispalan valtatie 6,Tampere,33250.0,FI,,Pispalan valtatie 6
"Gruppfamiljedaghemmet Regnbågen 1, 2",63.1302794,22.253782,päiväkoti,Päiväkoti,False,False,"Vöråvägen 9, 66600 Vörå, Suomi",Vöråvägen 9,Vöyri,66600.0,FI,,Vöråvägen 9
Tomtebo Daghem,63.6750691,22.7067518,päiväkoti,Päiväkoti,False,False,"Choraeuksenkatu 14, 68600 Pietarsaari, Suomi",Choraeuksenkatu 14,Pietarsaari,68600.0,FI,,Choraeuksenkatu 14
Veittijärven Päiväkoti,61.5741491,23.6056291,päiväkoti,Päiväkoti,False,False,"Keskivainiontie 5, 33480 Ylöjärvi, Suomi",Keskivainiontie 5,Ylöjärvi,33480.0,FI,,Keskivainiontie 5
Koivuhaan päiväkoti,63.8252424,23.0718564,päiväkoti,Päiväkoti,False,False,"Paarmanpolku 3, 67800 Kokkola, Suomi",Paarmanpolku 3,Kokkola,67800.0,FI,,Paarmanpolku 3
Kirkonmäen Päiväkoti,63.8279032,23.1325862,päiväkoti,Päiväkoti,False,False,"Ventuksentie 27, 67700 Kokkola, Suomi",Ventuksentie 27,Kokkola,67700.0,FI,,Ventuksentie 27
Tulliharjun Päiväkoti,63.8432293,23.1149865,päiväkoti,Päiväkoti,False,False,"Libeckinkatu 32, 67200 Kokkola, Suomi",Libeckinkatu 32,Kokkola,67200.0,FI,,Libeckinkatu 32
Peurankadun Päiväkoti,63.8261011,23.0840902,päiväkoti,Päiväkoti,False,False,"Peurankatu 22, 67800 Kokkola, Suomi",Peurankatu 22,Kokkola,67800.0,FI,,Peurankatu 22
Keltaviirin päiväkoti,63.8465683,23.117593,päiväkoti,Päiväkoti,False,False,"Mariankatu 8, 67200 Kokkola, Suomi",Mariankatu 8,Kokkola,67200.0,FI,,Mariankatu 8
Yksityinen päiväkoti Lastenkammari avoin yhtiö,63.814239,23.1410088,päiväkoti,Päiväkoti,False,False,"Kangastie 2, 67700 Kokkola, Suomi",Kangastie 2,Kokkola,67700.0,FI,,Kangastie 2
Kiviniityn Päiväkoti,63.8393238,23.1027145,päiväkoti,Päiväkoti,False,False,"Kuusitie 1, 67200 Kokkola, Suomi",Kuusitie 1,Kokkola,67200.0,FI,,Kuusitie 1
Hakalahden Päiväkoti,63.8416545,23.1439204,päiväkoti,Päiväkoti,False,False,"Runeberginkatu 25, 67100 Kokkola, Suomi",Runeberginkatu 25,Kokkola,67100.0,FI,,Runeberginkatu 25
Alma päiväkoti,63.6668634,22.7004056,päiväkoti,Koulu,False,False,"Almakuja 1, 68600 Pietarsaari, Suomi",Almakuja 1,Pietarsaari,68600.0,FI,,Almakuja 1
Nahkurin Päiväkoti,63.8360871,23.1483885,päiväkoti,Päiväkoti,False,False,"Vidnäsinkatu 10, 67100 Kokkola, Suomi",Vidnäsinkatu 10,Kokkola,67100.0,FI,,Vidnäsinkatu 10
Torkinmäen koulu ja päiväkoti,63.8391014,23.1582908,päiväkoti,Koulu,False,False,"Hakakatu 24, 67100 Kokkola, Suomi",Hakakatu 24,Kokkola,67100.0,FI,,Hakakatu 24
Ykspihlajan koulu ja päiväkoti,63.8331142,23.0465017,päiväkoti,Alakoulu,False,False,"Kermatie 8, 67900 Kokkola, Suomi",Kermatie 8,Kokkola,67900.0,FI,,Kermatie 8
Päiväkoti Touhula Villiina,64.066544,24.5349726,päiväkoti,Päiväkoti,False,False,"Pöllötie 5, 84100 Ylivieska, Suomi",Pöllötie 5,Ylivieska,84100.0,FI,,Pöllötie 5
Hulta päiväkoti,60.0213106,22.507956,päiväkoti,Lastentarha,False,False,"Hertsbölentie 3, 25900 Taalintehdas, Suomi             Hertsbölevägen 3, 25900 Dalsbruk",Hertsbölentie 3,Taalintehdas,25900.0,FI,,Hertsbölentie 3
KoKri- Kokkolan kristillinen kasvatus ry,63.8368091,23.0532864,päiväkoti,Yhdistys tai järjestö,False,False,"Iltaruskontie 1, 67900 Kokkola, Suomi",Iltaruskontie 1,Kokkola,67900.0,FI,,Iltaruskontie 1
VERKANAPPULAT KNATTEBY,60.4098135,22.3704825,päiväkoti,Päiväkoti,False,False,"Loimitie 1, 20780 Kaarina, Suomi",Loimitie 1,Kaarina,20780.0,FI,,Loimitie 1
Daghemmet Skogsgläntan,60.4067497,22.3784658,päiväkoti,Päiväkoti,False,False,"Veitenmäentie 36, 20780 Kaarina, Suomi",Veitenmäentie 36,Kaarina,20780.0,FI,,Veitenmäentie 36
Päiväkoti nallesaari,61.804356,22.3738112,päiväkoti,Päiväkoti,False,True,"Vuohiniityntie 8, 38710 Kankaanpää, Suomi",Vuohiniityntie 8,Kankaanpää,38710.0,FI,,Vuohiniityntie 8
Pilke musiikkipäiväkoti Veturi,60.4288293,22.3224697,päiväkoti,Päiväkoti,False,False,"Bastioninkatu 4, 20730 Turku, Suomi",Bastioninkatu 4,Turku,20730.0,FI,,Bastioninkatu 4
"Päiväkoti: Braheskolans daghem och förskola, Sagoön",60.4083148,22.2368594,päiväkoti,Lastentarha,False,False,"Riistakatu 10, 20900 Turku, Suomi",Riistakatu 10,Turku,20900.0,FI,,Riistakatu 10
Hovikummun päiväkoti,60.4046428,22.362177,päiväkoti,Lastentarha,False,False,"Hoviherrankatu 4, 20780 Kaarina, Suomi",Hoviherrankatu 4,Kaarina,20780.0,FI,,Hoviherrankatu 4
"Katariinan Vilske, Pikku Vilsketalo",60.4137421,22.2711147,päiväkoti,Lastentarha,False,False,"Jagellonicankatu 3, 20740 Turku, Suomi",Jagellonicankatu 3,Turku,20740.0,FI,,Jagellonicankatu 3
Kokkolan Päivähoitopalvelu Oy,63.8571034,23.1354763,päiväkoti,Päiväkoti,False,False,"Fregatti 60, 67300 Kokkola, Suomi",Fregatti 60,Kokkola,67300.0,FI,,Fregatti 60
Daghemmet TRIVSELVRÅN,63.8402161,23.1187502,päiväkoti,Päiväkoti,False,False,"Kansakoulukatu 9, 67100 Kokkola, Suomi",Kansakoulukatu 9,Kokkola,67100.0,FI,,Kansakoulukatu 9
Kirsikkapäiväkodit Oy,60.7194652,22.6031283,päiväkoti,Päiväkoti,False,False,"Myllykuja 1, 21870 Riihikoski, Suomi",Myllykuja 1,Riihikoski,21870.0,FI,,Myllykuja 1
Päiväkoti Pihka Oy,60.3728946,23.1258938,päiväkoti,Päiväkoti,False,False,"Tuulensuunkatu 24, 24130 Salo, Suomi",Tuulensuunkatu 24,Salo,24130.0,FI,,Tuulensuunkatu 24
"Päiväkoti Norlandia Konsti, Norlandia Päiväkodit Oy",61.315318,22.9214651,päiväkoti,Päiväkoti,False,False,"Tyrväänkyläntie 9, 38250 Sastamala, Suomi",Tyrväänkyläntie 9,Sastamala,38250.0,FI,,Tyrväänkyläntie 9
Punkalaitumen Päiväkoti,61.1183156,23.1129791,päiväkoti,Päiväkoti,False,False,"Riissuontie 23, 31900 Punkalaidun, Suomi",Riissuontie 23,Punkalaidun,31900.0,FI,,Riissuontie 23
Nappulan päiväkoti,60.8476584,23.054797,päiväkoti,Päiväkoti,False,False,"Sammonkatu 1b A9, 32200 Loimaa, Suomi",Sammonkatu 1b A9,Loimaa,32200.0,FI,,Sammonkatu 1b A9
Ojansuun päiväkoti,61.3334355,22.9296176,päiväkoti,Päiväkoti,False,False,"Tyrväänkatu 2, 38200 Sastamala, Suomi",Tyrväänkatu 2,Sastamala,38200.0,FI,,Tyrväänkatu 2
"Päiväkoti Norlandia Kieppi, Norlandia Päiväkodit Oy",61.3515787,22.8957927,päiväkoti,Päiväkoti,False,False,"Nuupalankatu 21, 38210 Sastamala, Suomi",Nuupalankatu 21,Sastamala,38210.0,FI,,Nuupalankatu 21
Päiväkoti Melli,60.7847357,22.9121685,päiväkoti,Päiväkoti,False,False,"Kankaankulmantie 17, 32300 Loimaa, Suomi",Kankaankulmantie 17,Loimaa,32300.0,FI,,Kankaankulmantie 17
Päiväkoti,60.6491999,22.5926977,päiväkoti,Koulu,False,False,"Urpontie 9, 21380 Aura, Suomi",Urpontie 9,Aura,21380.0,FI,,Urpontie 9
Päiväkoti Naavatassu,60.650534,23.1357704,päiväkoti,Päiväkoti,False,False,"Härkätie 12, 31500 Koski Tl, Suomi",Härkätie 12,Koski Tl,31500.0,FI,,Härkätie 12
Päiväkoti Touhula Sastamala,61.3420984,22.9124644,päiväkoti,Päiväkoti,False,False,"Marttilankatu 23, 38200 Sastamala, Suomi",Marttilankatu 23,Sastamala,38200.0,FI,,Marttilankatu 23
Toimintakeskus Hovipaja (Päiväkoti),61.2597637,22.3462886,päiväkoti,Steiner-päiväkoti,False,False,"Tulkkilantie 4, 32800 Kokemäki, Suomi",Tulkkilantie 4,Kokemäki,32800.0,FI,,Tulkkilantie 4
Päiväkoti,60.6482925,22.5869369,päiväkoti,Koulu,False,False,"Sillankorvantie 2, 21380 Aura, Suomi",Sillankorvantie 2,Aura,21380.0,FI,,Sillankorvantie 2
Kärävuoren päiväkoti,60.4047366,23.0785508,päiväkoti,Päiväkoti,False,False,"Hurtintie 1, 24800 Halikko, Suomi",Hurtintie 1,Halikko,24800.0,FI,,Hurtintie 1
Nappulanpellon Päiväkoti,60.8442514,23.0404938,päiväkoti,Päiväkoti,False,False,"Kaunismäenkatu, 32200 Loimaa, Suomi",Kaunismäenkatu,Loimaa,32200.0,FI,,Kaunismäenkatu
Kiikan Päiväkoti,61.3183572,22.7819065,päiväkoti,Päiväkoti,False,False,"Tuohikuja 2, 38300 Sastamala, Suomi",Tuohikuja 2,Sastamala,38300.0,FI,,Tuohikuja 2
Päiväkoti Touhula Alastaro,60.9527328,22.8612836,päiväkoti,Päiväkoti,False,False,"Vahvalantie 3, 32440 Alastaro, Suomi",Vahvalantie 3,Alastaro,32440.0,FI,,Vahvalantie 3
Pikku-Aino,61.1781921,22.7182006,päiväkoti,Päiväkoti,False,False,"Selvinkatu 3, 32700 Huittinen, Suomi",Selvinkatu 3,Huittinen,32700.0,FI,,Selvinkatu 3
Pilke luontopäiväkoti Kurki,60.6496467,22.5913581,päiväkoti,Päiväkoti,False,False,"Urpontie 6, 21380 Aura, Suomi",Urpontie 6,Aura,21380.0,FI,,Urpontie 6
Uotsolan Päiväkoti,61.5108751,23.0088456,päiväkoti,Päiväkoti,False,False,"Uotsolantie 49, 38460 Sastamala, Suomi",Uotsolantie 49,Sastamala,38460.0,FI,,Uotsolantie 49
Virttaan Päiväkoti,60.9403748,22.6747247,päiväkoti,Koulu,False,False,"Virttaanraitti 113B, 32560 Loimaa, Suomi",Virttaanraitti 113B,Loimaa,32560.0,FI,,Virttaanraitti 113B
Koivurinteen päiväkoti,62.2332916,23.7772598,päiväkoti,Päiväkoti,False,False,"Lastenkuja 3, 34800 Virrat, Suomi",Lastenkuja 3,Virrat,34800.0,FI,,Lastenkuja 3
Tummeliten Daghem,63.631626,22.8382231,päiväkoti,Päiväkoti,False,False,"Holmintie 7, 68870 Pedersöre, Suomi",Holmintie 7,Pedersöre,68870.0,FI,,Holmintie 7
Pohjan Päiväkoti,60.1011822,23.5252857,päiväkoti,Päiväkoti,False,False,"Fiskarsintie 8, 10420 Raasepori, Suomi             Fiskarsvägen 8, 10420 Raseborg",Fiskarsintie 8,Raasepori,10420.0,FI,,Fiskarsintie 8
Båssabodan päiväkoti,59.9600608,23.4734808,päiväkoti,Päiväkoti,False,False,"Båssabölentie 3, 10650 Tammisaari, Suomi             Båssabölevägen 3, 10650 Ekenäs",Båssabölentie 3,Tammisaari,10650.0,FI,,Båssabölentie 3
Lampolan päiväkoti,60.2106895,23.1216735,päiväkoti,Päiväkoti,False,False,"Lampolantie 7, 25500 Perniö, Suomi",Lampolantie 7,Perniö,25500.0,FI,,Lampolantie 7
Ollikkalan päiväkoti,60.3999243,23.1404427,päiväkoti,Päiväkoti,False,False,"Ketomäenkatu 17, 24260 Salo, Suomi",Ketomäenkatu 17,Salo,24260.0,FI,,Ketomäenkatu 17
Päiväkoti Mäntykoto,59.9837543,23.4764222,päiväkoti,Päiväkoti,False,False,"Raaseporintie 37, 10650 Raasepori, Suomi             Raseborgsvägen 37, 10650 Raseborg",Raaseporintie 37,Raasepori,10650.0,FI,,Raaseporintie 37
Torikadun päiväkoti,60.384882,23.13526,päiväkoti,Päiväkoti,False,False,"Torikatu 11, 24100 Salo, Suomi",Torikatu 11,Salo,24100.0,FI,,Torikatu 11
Päiväkoti Satumaa Paltta,60.4029563,23.1440834,päiväkoti,Päiväkoti,False,False,"Hämeenojankatu 19, 24260 Salo, Suomi",Hämeenojankatu 19,Salo,24260.0,FI,,Hämeenojankatu 19
Päiväkoti Sinilintu,60.3964657,23.0858692,päiväkoti,Päiväkoti,False,False,"Uuttelantie 9, 24800 Salo, Suomi",Uuttelantie 9,Salo,24800.0,FI,,Uuttelantie 9
Anisten Päiväkoti,60.3785346,23.1387842,päiväkoti,Päiväkoti,False,False,"Mustamäenkatu 7, 24100 Salo, Suomi",Mustamäenkatu 7,Salo,24100.0,FI,,Mustamäenkatu 7
Voudinpuiston päiväkoti,60.2350556,24.0338284,päiväkoti,Päiväkoti,False,False,"Rusthollinkatu 1, 08200 Lohja, Suomi",Rusthollinkatu 1,Lohja,8200.0,FI,,Rusthollinkatu 1
Tupurin päiväkoti,60.4004694,23.1774879,päiväkoti,Päiväkoti,False,False,"Tammenrinne 2, 24280 Salo, Suomi",Tammenrinne 2,Salo,24280.0,FI,,Tammenrinne 2
Lillgården AB,60.1599321,22.728739,päiväkoti,Päiväkoti,False,False,"Pajbölentie 3, 25700 Kemiönsaari, Suomi             Pajbölevägen 3, 25700 Kimitoön",Pajbölentie 3,Kemiönsaari,25700.0,FI,,Pajbölentie 3
Päiväkoti Satumaa,60.3725525,23.1328608,päiväkoti,Päiväkoti,False,False,"Koulukatu 14, 24130 Salo, Suomi",Koulukatu 14,Salo,24130.0,FI,,Koulukatu 14
Päiväkoti Touhula Salo,60.3905073,23.1448173,päiväkoti,Päiväkoti,False,False,"Palometsänkatu 22, 24100 Salo, Suomi",Palometsänkatu 22,Salo,24100.0,FI,,Palometsänkatu 22
Märynummen päiväkoti,60.4357684,23.0496481,päiväkoti,Päiväkoti,False,False,"Vanikkatie 1, 25250 Märynummi, Suomi",Vanikkatie 1,Märynummi,25250.0,FI,,Vanikkatie 1
Anjalan päiväkoti,60.4034907,23.1721234,päiväkoti,Päiväkoti,False,False,"Taimistokatu 1, 24280 Salo, Suomi",Taimistokatu 1,Salo,24280.0,FI,,Taimistokatu 1
Piritan lastentalo,60.3917917,23.1282862,päiväkoti,Päiväkoti,False,False,"Hämeentie 34, 24100 Salo, Suomi",Hämeentie 34,Salo,24100.0,FI,,Hämeentie 34
Hirvimetsän päiväkoti,60.8679524,22.9837694,päiväkoti,Lastentarha,False,False,"Hirvikoskentie 225b, 32210 Loimaa, Suomi",Hirvikoskentie 225b,Loimaa,32210.0,FI,,Hirvikoskentie 225b
Puistometsän päiväkoti,60.8452148,23.0446529,päiväkoti,Päiväkoti,False,False,"Puistokatu 20, 32200 Loimaa, Suomi",Puistokatu 20,Loimaa,32200.0,FI,,Puistokatu 20
Huittisten toimintakeskus,61.1803113,22.7018943,päiväkoti,Päiväkoti,False,False,"Pajatie 7, 32700 Huittinen, Suomi",Pajatie 7,Huittinen,32700.0,FI,,Pajatie 7
Ruotsalon päiväkoti,63.9044673,23.348628,päiväkoti,Päiväkoti,False,False,"Ruotsalontie 280, 68320 Ruotsalo, Suomi",Ruotsalontie 280,Ruotsalo,68320.0,FI,,Ruotsalontie 280
Päiväkoti Kinderi,63.1018085,23.0604997,päiväkoti,Päiväkoti,False,False,"Roihankuja 6 F 1, 62200 Kauhava, Suomi",Roihankuja 6 F 1,Kauhava,62200.0,FI,,Roihankuja 6 F 1
Kirkkorannan päiväkoti,63.0988828,23.0653474,päiväkoti,Päiväkoti,False,False,"Passinraitti 33, 62200 Kauhava, Suomi",Passinraitti 33,Kauhava,62200.0,FI,,Passinraitti 33
Lepplax Daghem,63.6705435,22.8964439,päiväkoti,Päiväkoti,False,False,"Lepplaksintie 97, 68530 Pedersöre, Suomi",Lepplaksintie 97,Pedersöre,68530.0,FI,,Lepplaksintie 97
Perhepäivähoito 4-kids,62.7869641,22.7997343,päiväkoti,Päiväkoti,False,False,"Laihokatu 10, 60320 Seinäjoki, Suomi",Laihokatu 10,Seinäjoki,60320.0,FI,,Laihokatu 10
Päiväkoti Marjapulla,62.963895,23.0224172,päiväkoti,Päiväkoti,False,False,"Yliturjantie 1, 62100 Lapua, Suomi",Yliturjantie 1,Lapua,62100.0,FI,,Yliturjantie 1
Daghemmet Sagoskogen,63.5981414,23.0396487,päiväkoti,Päiväkoti,False,False,"Eisfosintie 7, 68820 Pedersöre, Suomi",Eisfosintie 7,Pedersöre,68820.0,FI,,Eisfosintie 7
Rytimäen Esiopetus,63.8520322,23.1658979,päiväkoti,Esikoulu,False,False,"Hintsantie 1 B, 67400 Kokkola, Suomi",Hintsantie 1 B,Kokkola,67400.0,FI,,Hintsantie 1 B
Karleby dagklubb,63.8277686,23.1277783,päiväkoti,Päiväkoti,False,False,"Kirkkotie 24, 67700 Kokkola, Suomi",Kirkkotie 24,Kokkola,67700.0,FI,,Kirkkotie 24
Dressinen Förskola,63.5979126,22.7820441,päiväkoti,Esikoulu,False,False,"Vaasantie 40B, 68910 Pännäinen, Suomi             Vasavägen 40B, 68910 Bennäs",Vaasantie 40B,Pännäinen,68910.0,FI,,Vaasantie 40B
Tohinakodit,62.7761907,22.8688498,päiväkoti,Perhepäivähoito,False,False,"Kototie 14, 60100 Seinäjoki, Suomi",Kototie 14,Seinäjoki,60100.0,FI,,Kototie 14
Joupin päiväkoti,62.7887987,22.8065617,päiväkoti,Päiväkoti,False,True,"Manttaalikatu 5, 60100 Seinäjoki, Suomi",Manttaalikatu 5,Seinäjoki,60100.0,FI,,Manttaalikatu 5
Sissala Päivätoiminta Nurmon Sininauha Ry,62.8290374,22.9184575,päiväkoti,Päiväkoti,False,False,"Ojelmistontie 1, 60550 Nurmo, Suomi",Ojelmistontie 1,Nurmo,60550.0,FI,,Ojelmistontie 1
Ritavuoren päiväkoti,62.9889447,23.0273987,päiväkoti,Päiväkoti,False,False,"Ritalaaksontie 1, 62100 Lapua, Suomi",Ritalaaksontie 1,Lapua,62100.0,FI,,Ritalaaksontie 1
Munakan päiväkoti,62.8422829,22.7297867,päiväkoti,Lastentarha,False,False,"Halkonevantie 14, 60450 Ilmajoki, Suomi",Halkonevantie 14,Ilmajoki,60450.0,FI,,Halkonevantie 14
Tenavakoti,62.7733491,22.8240642,päiväkoti,Päiväkoti,False,False,"Hanneksenrinne 3, 60220 Seinäjoki, Suomi",Hanneksenrinne 3,Seinäjoki,60220.0,FI,,Hanneksenrinne 3
Tohinakodit,62.7632382,22.8512843,päiväkoti,Päiväkoti,False,False,"Ruukintie 152, 60200 Seinäjoki, Suomi",Ruukintie 152,Seinäjoki,60200.0,FI,,Ruukintie 152
Steinerpäiväkoti Pajulintu,62.7731207,22.8311377,päiväkoti,Steiner-päiväkoti,False,False,"Vuorenmaanrinne 28, 60220 Seinäjoki, Suomi",Vuorenmaanrinne 28,Seinäjoki,60220.0,FI,,Vuorenmaanrinne 28
Marjala Daghem,63.6814155,22.702053,päiväkoti,Koulu,False,False,"Alholminkatu 30, 68600 Pietarsaari, Suomi",Alholminkatu 30,Pietarsaari,68600.0,FI,,Alholminkatu 30
Päiväkoti Sydänkäpy,62.6435504,23.2974621,päiväkoti,Päiväkoti,False,False,"Saukkomäentie 21, 61170 Alavus, Suomi",Saukkomäentie 21,Alavus,61170.0,FI,,Saukkomäentie 21
Pilke Merihevonen,62.9587025,23.0400605,päiväkoti,Päiväkoti,False,False,"Aarrekuja 4, 62100 Lapua, Suomi",Aarrekuja 4,Lapua,62100.0,FI,,Aarrekuja 4
Sylipaikka Oy,62.978664,23.0424941,päiväkoti,Päiväkoti,False,False,"Pihlajatie 2, 62100 Lapua, Suomi",Pihlajatie 2,Lapua,62100.0,FI,,Pihlajatie 2
Mimilii päiväkodit,62.9678986,22.984047,päiväkoti,Lastentarha,False,False,"Saarentie 1, 62100 Lapua, Suomi",Saarentie 1,Lapua,62100.0,FI,,Saarentie 1
Päiväkoti Kuperkeikka,62.8072182,23.5094707,päiväkoti,Päiväkoti,False,False,"Koulutie 30, 63100 Kuortane, Suomi",Koulutie 30,Kuortane,63100.0,FI,,Koulutie 30
Pilke Omppula,60.4184832,22.4633629,päiväkoti,Päiväkoti,False,False,"Hartmanintie 2, 21500 Piikkiö, Suomi",Hartmanintie 2,Piikkiö,21500.0,FI,,Hartmanintie 2
Loimitie 1,60.4096841,22.3703879,päiväkoti,Päiväkoti,False,False,"Loimitie, 20780 Kaarina, Suomi",Loimitie,Kaarina,20780.0,FI,,Loimitie
Päiväkoti Nappulapelto,60.8434265,23.0406846,päiväkoti,Lastentarha,False,False,"Pajukuja, 32200 Loimaa, Suomi",Pajukuja,Loimaa,32200.0,FI,,Pajukuja
Metsämaan päiväkoti,60.9404045,23.1517244,päiväkoti,Päiväkoti,False,False,"Metsämaantie 614, 32270 Loimaa, Suomi",Metsämaantie 614,Loimaa,32270.0,FI,,Metsämaantie 614
Folkhälsan Daghemmet Solstrålen,60.5069064,22.4579681,päiväkoti,Päiväkoti,False,False,"Hyvättyläntie 10, 21420 Lieto, Suomi",Hyvättyläntie 10,Lieto,21420.0,FI,,Hyvättyläntie 10
Peltoisten vuoropäiväkoti,60.8479504,23.069465,päiväkoti,Päiväkoti,False,False,"Peltoistenkatu 9, 32200 Loimaa, Suomi",Peltoistenkatu 9,Loimaa,32200.0,FI,,Peltoistenkatu 9
Ryhmäperhepäiväkoti Taikaviitta,60.3627311,23.0957067,päiväkoti,Päiväkoti,False,False,"Kivikehänkatu 6, 24130 Salo, Suomi",Kivikehänkatu 6,Salo,24130.0,FI,,Kivikehänkatu 6
Laukeelan Päiväkoti,61.0821353,23.5483881,päiväkoti,Päiväkoti,False,False,"Virkatie 4, 31760 Urjala, Suomi",Virkatie 4,Urjala,31760.0,FI,,Virkatie 4
Montessori-päiväkoti Aurinkoleijona,60.3909612,23.1168745,päiväkoti,Esikoulu,False,False,"Turuntie 39, 24240 Salo, Suomi",Turuntie 39,Salo,24240.0,FI,,Turuntie 39
Kuusjoen päiväkoti,60.525245,23.2333676,päiväkoti,Päiväkoti,False,False,"Ylikulmantie 317, 25330 Kuusjoki, Suomi",Ylikulmantie 317,Kuusjoki,25330.0,FI,,Ylikulmantie 317
Hähkänän päiväkoti,60.4311294,23.2162818,päiväkoti,Päiväkoti,False,False,"Inkereentie 629, 24280 Salo, Suomi",Inkereentie 629,Salo,24280.0,FI,,Inkereentie 629
Suntionkuja,60.9566636,22.8610936,päiväkoti,Perhepäivähoito,False,False,"32440 Loimaa, Suomi",,Loimaa,32440.0,FI,,
Sarkolan ilo ry / Ryhmäperhepäiväkoti Pikkupeura,61.41801,23.257048,päiväkoti,Päiväkoti,False,False,"Sarkolantie 476, 37180 Sarkola, Suomi",Sarkolantie 476,Sarkola,37180.0,FI,,Sarkolantie 476
Sasin päiväkoti,61.5888674,23.3630779,päiväkoti,Päiväkoti,False,False,"Sasintie 81, 39130 Sasi, Suomi",Sasintie 81,Sasi,39130.0,FI,,Sasintie 81
Pajakadun päiväkoti,61.4889053,23.5293878,päiväkoti,Päiväkoti,False,False,"Pajakatu 28 A, 37150 Nokia, Suomi",Pajakatu 28 A,Nokia,37150.0,FI,,Pajakatu 28 A
Pitkäniemen päiväkoti,61.4836502,23.5812127,päiväkoti,Päiväkoti,False,False,"Pitkäniementie 6, 37100 Nokia, Suomi",Pitkäniementie 6,Nokia,37100.0,FI,,Pitkäniementie 6
Päiväkoti Touhula Ylöjärvi,61.5691337,23.5692214,päiväkoti,Päiväkoti,False,False,"Kortteentie 20, 33470 Ylöjärvi, Suomi",Kortteentie 20,Ylöjärvi,33470.0,FI,,Kortteentie 20
Päiväkoti Touhula SatuVekara,61.574182,23.5292906,päiväkoti,Päiväkoti,False,False,"Mustarastaantie 1, 39160 Julkujärvi, Suomi",Mustarastaantie 1,Julkujärvi,39160.0,FI,,Mustarastaantie 1
kangasniemen päiväkoti,61.5689083,23.5222554,päiväkoti,Päiväkoti,False,False,"39160 Ylöjärvi, Suomi",,Ylöjärvi,,FI,,
Kartanon päiväkoti,61.4688139,23.5092099,päiväkoti,Päiväkoti,False,False,"Matti Kurjen katu 1, 37120 Nokia, Suomi",Matti Kurjen katu 1,Nokia,37120.0,FI,,Matti Kurjen katu 1
Viholan päiväkoti,61.4649339,23.5220445,päiväkoti,Päiväkoti,False,False,"Pyhäjärventie 18, 37120 Nokia, Suomi",Pyhäjärventie 18,Nokia,37120.0,FI,,Pyhäjärventie 18
Kissankello,62.9640597,22.983508,päiväkoti,Päiväkoti,False,False,"Ilkanpolku 2, 62100 Lapua, Suomi",Ilkanpolku 2,Lapua,62100.0,FI,,Ilkanpolku 2
Soppeenharjun päiväkoti,61.5396949,23.5944693,päiväkoti,Päiväkoti,False,False,"Tornitie 2, 33430 Ylöjärvi, Suomi",Tornitie 2,Ylöjärvi,33430.0,FI,,Tornitie 2
Salorinteen Päiväkoti,61.5507774,23.6528263,päiväkoti,Päiväkoti,False,False,"Siivikkalantie 78, 33450 Ylöjärvi, Suomi",Siivikkalantie 78,Ylöjärvi,33450.0,FI,,Siivikkalantie 78
Päiväkoti Touhula TemppuVekara,61.4655575,23.6210396,päiväkoti,Päiväkoti,False,False,"Lehtimäentie 5, 33960 Pirkkala, Suomi",Lehtimäentie 5,Pirkkala,33960.0,FI,,Lehtimäentie 5
Päiväkoti Pakkalanlyhty,61.4686819,23.7092398,päiväkoti,Päiväkoti,False,False,"Kaartotie 5, 33950 Pirkkala, Suomi",Kaartotie 5,Pirkkala,33950.0,FI,,Kaartotie 5
"Päiväkoti Norlandia Kunto, Norlandia Päiväkodit Oy",61.4727141,23.7222383,päiväkoti,Päiväkoti,False,False,"Konttilukinkatu 3, 33900 Tampere, Suomi",Konttilukinkatu 3,Tampere,33900.0,FI,,Konttilukinkatu 3
Päiväkoti Sateenkaarentupa,63.2986342,23.1582536,päiväkoti,Lastentarha,False,False,"Purmojärventie 739, 62470 Purmojärvi, Suomi",Purmojärventie 739,Purmojärvi,62470.0,FI,,Purmojärventie 739
Koivurinteen Päiväkoti,64.0213286,23.4985595,päiväkoti,Päiväkoti,False,False,"Punasillantie 1, 68230 Lohtaja, Suomi",Punasillantie 1,Lohtaja,68230.0,FI,,Punasillantie 1
Päiväkoti Aurinkotuuli,68.140156,24.2218685,päiväkoti,Päiväkoti,False,False,"Ounasjoentie 5463, 99340 Kittilä, Suomi",Ounasjoentie 5463,Kittilä,99340.0,FI,,Ounasjoentie 5463
Gunnarlan päiväkoti,60.2328886,24.0630746,päiväkoti,Päiväkoti,False,False,"Betonikatu 4, 08150 Lohja, Suomi",Betonikatu 4,Lohja,8150.0,FI,,Betonikatu 4
Kiilan päiväkoti,60.0623586,23.6630894,päiväkoti,Päiväkoti,False,False,"Kilantie 9, 10300 Karjaa, Suomi             Kilavägen 9, 10300 Karis",Kilantie 9,Karjaa,10300.0,FI,,Kilantie 9
"Päiväkoti Norlandia Laakso, Norlandia Päiväkodit Oy",60.2401117,24.0686862,päiväkoti,Päiväkoti,False,False,"Malminkatu 1 A, 08150 Lohja, Suomi",Malminkatu 1 A,Lohja,8150.0,FI,,Malminkatu 1 A
Daghemmet Labyrinten - Päiväkoti Labyrintti,60.0725926,23.661339,päiväkoti,Päiväkoti,False,False,"Laaksokatu 11, 10300 Raasepori, Suomi             Dalgatan 11, 10300 Raseborg",Laaksokatu 11,Raasepori,10300.0,FI,,Laaksokatu 11
Ravalsin päiväkoti,60.1258531,24.4153675,päiväkoti,Päiväkoti,False,False,"Ravalsintie 14, 02400 Kirkkonummi, Suomi",Ravalsintie 14,Kirkkonummi,2400.0,FI,,Ravalsintie 14
Päiväkoti Touhula Vappula,60.2269031,24.0012946,päiväkoti,Päiväkoti,False,False,"Metsätähtikuja 1, 08700 Lohja, Suomi",Metsätähtikuja 1,Lohja,8700.0,FI,,Metsätähtikuja 1
Virkkalan päiväkoti,60.1884801,24.0013462,päiväkoti,Lastentarha,False,False,"Lähdehaankuja 6, 08700 Lohja, Suomi",Lähdehaankuja 6,Lohja,8700.0,FI,,Lähdehaankuja 6
Moision päiväkoti,60.253357,24.0816196,päiväkoti,Päiväkoti,False,False,"Talpelankatu 2, 08100 Lohja, Suomi",Talpelankatu 2,Lohja,8100.0,FI,,Talpelankatu 2
Kastevuoren päiväkoti,60.1367171,24.6687877,päiväkoti,Päiväkoti,False,False,"Alakartanonkuja 3, 02360 Espoo, Suomi",Alakartanonkuja 3,Espoo,2360.0,FI,,Alakartanonkuja 3
Kaskipihan päiväkoti,60.1770979,24.6545054,päiväkoti,Päiväkoti,False,False,"Kaskipiha 4, 02340 Espoo, Suomi",Kaskipiha 4,Espoo,2340.0,FI,,Kaskipiha 4
Kolsarin päiväkoti,60.110328,24.4418819,päiväkoti,Päiväkoti,False,False,"Bronkuja 1, 02400 Kirkkonummi, Suomi",Bronkuja 1,Kirkkonummi,2400.0,FI,,Bronkuja 1
Tillinmäen päiväkoti,60.1673347,24.6324193,päiväkoti,Päiväkoti,False,False,"Tillintie 23, 02330 Espoo, Suomi",Tillintie 23,Espoo,2330.0,FI,,Tillintie 23
Päiväkoti Niittyvilla,60.2013566,24.9495505,päiväkoti,Päiväkoti,False,False,"Isonniitynkatu 5, 00520 Helsinki, Suomi",Isonniitynkatu 5,Helsinki,520.0,FI,,Isonniitynkatu 5
Vieremän päiväkoti,60.2037453,23.9918328,päiväkoti,Lastentarha,False,False,"Siltalantie 19, 08700 Lohja, Suomi",Siltalantie 19,Lohja,8700.0,FI,,Siltalantie 19
Niittykummun päiväkoti,60.1686014,24.7632714,päiväkoti,Päiväkoti,False,False,"Kappelirinne 1, 02200 Espoo, Suomi",Kappelirinne 1,Espoo,2200.0,FI,,Kappelirinne 1
Tontunmäen päiväkoti,60.1774813,24.7704115,päiväkoti,Päiväkoti,False,False,"Kotitontuntie 19, 02200 Espoo, Suomi",Kotitontuntie 19,Espoo,2200.0,FI,,Kotitontuntie 19
Ryhmäperhepäiväkoti Hirvikallio,60.3978109,23.0850333,päiväkoti,Päiväkoti,False,False,"Toijalantie 6, 24800 Halikko, Suomi",Toijalantie 6,Halikko,24800.0,FI,,Toijalantie 6
Junailijan päiväkoti,60.1588628,24.5377046,päiväkoti,Päiväkoti,False,False,"Junailijankuja 4, 02430 Kirkkonummi, Suomi",Junailijankuja 4,Kirkkonummi,2430.0,FI,,Junailijankuja 4
Aamunkoiton päiväkoti,60.1686948,24.7393739,päiväkoti,Päiväkoti,False,False,"Päivätie 8, 02210 Espoo, Suomi",Päivätie 8,Espoo,2210.0,FI,,Päivätie 8
Merenkulkijan päiväkoti,60.1487554,24.6525345,päiväkoti,Päiväkoti,False,False,"Kipparinkatu 10, 02320 Espoo, Suomi",Kipparinkatu 10,Espoo,2320.0,FI,,Kipparinkatu 10
Sansinpellon päiväkoti,60.2104132,24.7351702,päiväkoti,Päiväkoti,False,False,"Forsellesintie 14, 02700 Kauniainen, Suomi",Forsellesintie 14,Kauniainen,2700.0,FI,,Forsellesintie 14
Eestinmetsän päiväkoti,60.1649001,24.6907767,päiväkoti,Päiväkoti,False,False,"Mäntytie 27, 02270 Espoo, Suomi",Mäntytie 27,Espoo,2270.0,FI,,Mäntytie 27
Koulumestarin päiväkoti,60.2130748,24.6414991,päiväkoti,Päiväkoti,False,False,"Muuralanpiha 3, 02770 Espoo, Suomi",Muuralanpiha 3,Espoo,2770.0,FI,,Muuralanpiha 3
Nuottakunnan päiväkoti,60.1504923,24.7451527,päiväkoti,Päiväkoti,False,False,"Nuottakunnantie 9, 02230 Espoo, Suomi",Nuottakunnantie 9,Espoo,2230.0,FI,,Nuottakunnantie 9
Isohärjänmäen Päiväkoti,60.4020692,23.1034384,päiväkoti,Koulu,False,False,"Isohärjänkuja 3, 24240 Salo, Suomi",Isohärjänkuja 3,Salo,24240.0,FI,,Isohärjänkuja 3
Päiväkoti Onnela,60.1581299,24.9413743,päiväkoti,Päiväkoti,False,False,"Tehtaankatu 21, 00150 Helsinki, Suomi",Tehtaankatu 21,Helsinki,150.0,FI,,Tehtaankatu 21
Päiväkoti Lokki,60.1603402,24.8620086,päiväkoti,Päiväkoti,False,False,"Puistokaari 4, 00200 Helsinki, Suomi",Puistokaari 4,Helsinki,200.0,FI,,Puistokaari 4
Siuntionkujan päiväkoti,60.2112458,24.784118,päiväkoti,Päiväkoti,False,False,"Siuntionkuja 1, 02140 Espoo, Suomi",Siuntionkuja 1,Espoo,2140.0,FI,,Siuntionkuja 1
Säterinmetsän päiväkoti,60.2098255,24.8065762,päiväkoti,Päiväkoti,False,False,"Impilahdentie 3, 02140 Espoo, Suomi",Impilahdentie 3,Espoo,2140.0,FI,,Impilahdentie 3
Jousenkaaren päiväkoti,60.1751213,24.7848026,päiväkoti,Päiväkoti,False,False,"Jousenjänne 1, 02120 Espoo, Suomi",Jousenjänne 1,Espoo,2120.0,FI,,Jousenjänne 1
Mankkaan päiväkoti,60.1930125,24.7691844,päiväkoti,Päiväkoti,False,False,"Vanhan-Mankkaan kuja 6, 02180 Espoo, Suomi",Vanhan-Mankkaan kuja 6,Espoo,2180.0,FI,,Vanhan-Mankkaan kuja 6
Pisan päiväkoti,60.1753862,24.680881,päiväkoti,Päiväkoti,False,False,"Vanha Pisantie 17, 02280 Espoo, Suomi",Vanha Pisantie 17,Espoo,2280.0,FI,,Vanha Pisantie 17
Matinkylän päiväkoti,60.1548298,24.7427588,päiväkoti,Päiväkoti,False,False,"Leilankuja 3, 02230 Espoo, Suomi",Leilankuja 3,Espoo,2230.0,FI,,Leilankuja 3
Toppelundin päiväkoti,60.156509,24.7820948,päiväkoti,Päiväkoti,False,False,"Mellstenintie 4, 02170 Espoo, Suomi",Mellstenintie 4,Espoo,2170.0,FI,,Mellstenintie 4
Roosaliinan päiväkoti,60.2161951,24.8045296,päiväkoti,Päiväkoti,False,False,"Huvilinnanpiha 4, 02600 Espoo, Suomi",Huvilinnanpiha 4,Espoo,2600.0,FI,,Huvilinnanpiha 4
Päiväkoti Pacius,60.1961285,24.8940099,päiväkoti,Päiväkoti,False,False,"Vesikuja 8, 00270 Helsinki, Suomi",Vesikuja 8,Helsinki,270.0,FI,,Vesikuja 8
Kuninkaisten päiväkoti,60.2226176,24.7739002,päiväkoti,Päiväkoti,False,False,"Kuninkaistenportti 20, 02610 Espoo, Suomi",Kuninkaistenportti 20,Espoo,2610.0,FI,,Kuninkaistenportti 20
Päiväkoti Esikko,60.1584709,24.7381547,päiväkoti,Päiväkoti,False,False,"Kala-Matti 3, 02230 Espoo, Suomi",Kala-Matti 3,Espoo,2230.0,FI,,Kala-Matti 3
Päiväkoti Karhi,60.2332233,24.8412782,päiväkoti,Päiväkoti,False,False,"Äestäjäntie 17, 00390 Helsinki, Suomi",Äestäjäntie 17,Helsinki,390.0,FI,,Äestäjäntie 17
Nissnikun päiväkoti,60.1562104,24.5232772,päiväkoti,Päiväkoti,False,False,"Nissenpolku 1, 02430 Masala, Suomi",Nissenpolku 1,Masala,2430.0,FI,,Nissenpolku 1
Päiväkoti Kytöniitty,60.2482392,24.9389092,päiväkoti,Päiväkoti,False,False,"Kytöniityntie 2, 00670 Helsinki, Suomi",Kytöniityntie 2,Helsinki,670.0,FI,,Kytöniityntie 2
Päiväkoti Topelius,60.1835596,24.9151294,päiväkoti,Lastentarha,False,False,"Rajasaarentie 3, 00250 Helsinki, Suomi",Rajasaarentie 3,Helsinki,250.0,FI,,Rajasaarentie 3
Päiväkoti Ratikka,60.1846308,24.9204493,päiväkoti,Päiväkoti,False,False,"Humalistonkatu 4, 00250 Helsinki, Suomi",Humalistonkatu 4,Helsinki,250.0,FI,,Humalistonkatu 4
Päiväkoti Virkkula,60.1747935,24.9551947,päiväkoti,Päiväkoti,False,False,"Oikokatu 7, 00170 Helsinki, Suomi",Oikokatu 7,Helsinki,170.0,FI,,Oikokatu 7
Päiväkoti Touhula Tikasmäki,60.186502,24.727149,päiväkoti,Päiväkoti,False,False,"Tikasmäentie 2, 02250 Espoo, Suomi",Tikasmäentie 2,Espoo,2250.0,FI,,Tikasmäentie 2
Neidonkallion päiväkoti,60.1354383,24.4331414,päiväkoti,Lastentarha,False,False,"Satulinnantie 2, 02400 Kirkkonummi, Suomi",Satulinnantie 2,Kirkkonummi,2400.0,FI,,Satulinnantie 2
Puutarhurin päiväkoti,60.2407032,24.7137347,päiväkoti,Päiväkoti,False,False,"Järvenperäntie 5, 02940 Espoo, Suomi",Järvenperäntie 5,Espoo,2940.0,FI,,Järvenperäntie 5
Ala-Vistan päiväkoti,60.4627778,22.6828809,päiväkoti,Päiväkoti,False,False,"Kepontie 4, 21530 Paimio, Suomi",Kepontie 4,Paimio,21530.0,FI,,Kepontie 4
Tienniityn päiväkoti,60.4267,22.5192523,päiväkoti,Lastentarha,False,False,"Makarlantie 8, 21500 Kaarina, Suomi",Makarlantie 8,Kaarina,21500.0,FI,,Makarlantie 8
Yläkartanon päiväkoti,60.1416813,24.6638794,päiväkoti,Päiväkoti,False,False,"Kartanonkulma 1, 02360 Espoo, Suomi",Kartanonkulma 1,Espoo,2360.0,FI,,Kartanonkulma 1
Olarin päiväkoti,60.1744069,24.7383585,päiväkoti,Päiväkoti,False,False,"Päivänkehräntie 2, 02210 Espoo, Suomi",Päivänkehräntie 2,Espoo,2210.0,FI,,Päivänkehräntie 2
Päiväkoti Pikku-duunari,60.1892139,24.9463385,päiväkoti,Päiväkoti,False,False,"Sturenkatu 8, 00510 Helsinki, Suomi",Sturenkatu 8,Helsinki,510.0,FI,,Sturenkatu 8
Päiväkoti Sateenkaari,60.3464127,24.3054918,päiväkoti,Päiväkoti,False,False,"Kopuntie 28, 03100 Nummela, Suomi",Kopuntie 28,Nummela,3100.0,FI,,Kopuntie 28
Soukankujan päiväkoti,60.1391633,24.6736729,päiväkoti,Päiväkoti,False,False,"Soukankuja 1, 02360 Espoo, Suomi",Soukankuja 1,Espoo,2360.0,FI,,Soukankuja 1
Preitilän Päiväkotiyhdistys,60.4628652,22.7363026,päiväkoti,Yhdistys tai järjestö,False,False,"Ruokolinnantie 28, 21540 Paimio, Suomi",Ruokolinnantie 28,Paimio,21540.0,FI,,Ruokolinnantie 28
Koivurinteen päiväkoti,62.2366627,23.7975138,päiväkoti,Päiväkoti,False,False,"Otsolankatu 1, 34800 Virrat, Suomi",Otsolankatu 1,Virrat,34800.0,FI,,Otsolankatu 1
Päiväkoti,63.2135911,23.6376918,päiväkoti,Päiväkoti,False,False,"Vanhalantie 8, 62600 Lappajärvi, Suomi",Vanhalantie 8,Lappajärvi,62600.0,FI,,Vanhalantie 8
Himangan Päiväkoti,64.0611811,23.646328,päiväkoti,Päiväkoti,False,False,"Peltotie 1, 68100 Himanka, Suomi",Peltotie 1,Himanka,68100.0,FI,,Peltotie 1
Österbo Daghem,59.9920685,23.4256045,päiväkoti,Päiväkoti,False,False,"Hiihtäjäntie 2, 10620 Tammisaari, Suomi             Skidlöparvägen 2, 10620 Ekenäs",Hiihtäjäntie 2,Tammisaari,10620.0,FI,,Hiihtäjäntie 2
Langansböle daghem,59.9967732,23.5122459,päiväkoti,Päiväkoti,False,False,"Lintukaari 1, 10640 Dragsvik, Suomi             Fågelsvängen 1, 10640 Dragsvik",Lintukaari 1,Dragsvik,10640.0,FI,,Lintukaari 1
Skogsgläntans daghem,59.9801219,23.4641297,päiväkoti,Päiväkoti,False,False,"Koivuniemenkatu 41, 10600 Tammisaari, Suomi             Björknäsgatan 41, 10600 Ekenäs",Koivuniemenkatu 41,Tammisaari,10600.0,FI,,Koivuniemenkatu 41
Björkebo Daghem,59.9790486,23.4687227,päiväkoti,Päiväkoti,False,False,"Kauriintie 3, 10650 Tammisaari, Suomi             Hjortvägen 3, 10650 Ekenäs",Kauriintie 3,Tammisaari,10650.0,FI,,Kauriintie 3
Rasebo Daghem,59.9737126,23.4469645,päiväkoti,Päiväkoti,False,False,"Höijerintie 3, 10600 Tammisaari, Suomi             Höijersvägen 3, 10600 Ekenäs",Höijerintie 3,Tammisaari,10600.0,FI,,Höijerintie 3
Pinjaisten Päiväkoti,60.0767789,23.6397439,päiväkoti,Päiväkoti,False,False,"Koskenkylän raitti 4, 10300 Karjaa, Suomi             Forsby promenaden 4, 10300 Karis",Koskenkylän raitti 4,Karjaa,10300.0,FI,,Koskenkylän raitti 4
Jukolan päiväkoti,60.1348006,24.2273674,päiväkoti,Päiväkoti,False,False,"Aleksis Kiven tie 1, 02580 Siuntio, Suomi",Aleksis Kiven tie 1,Siuntio,2580.0,FI,,Aleksis Kiven tie 1
Peuraniityn päiväkoti,61.2945937,23.5080086,päiväkoti,Päiväkoti,False,False,"Karholantie 3, 37370 Vesilahti, Suomi",Karholantie 3,Vesilahti,37370.0,FI,,Karholantie 3
Päiväkoti,61.1498159,23.6803263,päiväkoti,Päiväkoti,False,False,"Nummitie 2, 37910 Akaa, Suomi",Nummitie 2,Akaa,37910.0,FI,,Nummitie 2
Päiväkoti Siskonlinna,61.3484486,23.7590745,päiväkoti,Päiväkoti,False,False,"37550 Lempäälä, Suomi",,Lempäälä,37550.0,FI,,
Satumetsän päiväkoti,61.2595708,23.6765666,päiväkoti,Päiväkoti,False,False,"Koulumäentie 44b, 37420 Vesilahti, Suomi",Koulumäentie 44b,Vesilahti,37420.0,FI,,Koulumäentie 44b
Pajantien päiväkoti,61.2135627,23.7570381,päiväkoti,Päiväkoti,False,False,"Pajantie 3, 37830 Viiala, Suomi",Pajantie 3,Viiala,37830.0,FI,,Pajantie 3
"Päiväkoti Norlandia Onni, Norlandia Päiväkodit Oy",61.1656616,23.8610621,päiväkoti,Päiväkoti,False,False,"Sontulantie 8, 37800 Akaa, Suomi",Sontulantie 8,Akaa,37800.0,FI,,Sontulantie 8
Päiväkoti,60.8084004,23.7515367,päiväkoti,Päiväkoti,False,False,"Norrintie 2, 31300 Tammela, Suomi",Norrintie 2,Tammela,31300.0,FI,,Norrintie 2
Kurjenpesän päiväkoti,60.8043023,23.6282843,päiväkoti,Päiväkoti,False,False,"Opintie 5, 30300 Forssa, Suomi",Opintie 5,Forssa,30300.0,FI,,Opintie 5
Moision Päiväkoti,61.3486056,23.755438,päiväkoti,Päiväkoti,False,False,"Siskontie 6, 37550 Lempäälä, Suomi",Siskontie 6,Lempäälä,37550.0,FI,,Siskontie 6
"Päiväkoti Norlandia Ideapark, Norlandia Päiväkodit Oy",61.3615415,23.7951455,päiväkoti,Päiväkoti,False,False,"Ideaparkinkatu 4, 37570 Lempäälä, Suomi",Ideaparkinkatu 4,Lempäälä,37570.0,FI,,Ideaparkinkatu 4
"Päiväkoti Norlandia Hilla, Norlandia Päiväkodit Oy",61.3833847,23.7814648,päiväkoti,Päiväkoti,False,False,"Linnajärventie 2, 37560 Lempäälä, Suomi",Linnajärventie 2,Lempäälä,37560.0,FI,,Linnajärventie 2
Päiväkoti Kaisla,61.3259469,23.751222,päiväkoti,Päiväkoti,False,False,"Katepalintie 7a, 37500 Lempäälä, Suomi",Katepalintie 7a,Lempäälä,37500.0,FI,,Katepalintie 7a
Päiväkoti Vaahtera,61.3216614,23.7532211,päiväkoti,Päiväkoti,False,False,"Rypyntie 26, 37500 Lempäälä, Suomi",Rypyntie 26,Lempäälä,37500.0,FI,,Rypyntie 26
Päiväkoti Kivitasku,61.3488202,23.7428374,päiväkoti,Päiväkoti,False,False,"Leinikkitie, 37550 Lempäälä, Suomi",Leinikkitie,Lempäälä,37550.0,FI,,Leinikkitie
Päiväkoti Saturanta,61.3167248,23.7492057,päiväkoti,Päiväkoti,False,False,"Himminpolku 8, 37500 Lempäälä, Suomi",Himminpolku 8,Lempäälä,37500.0,FI,,Himminpolku 8
Humppilan kunta,60.9239616,23.368206,päiväkoti,Päiväkoti,False,False,"Asemantie, 31640 Humppila, Suomi",Asemantie,Humppila,31640.0,FI,,Asemantie
Tallinmäen Päiväkoti,61.2722185,24.0247949,päiväkoti,Päiväkoti,False,False,"Tallikatu 7, 37600 Valkeakoski, Suomi",Tallikatu 7,Valkeakoski,37600.0,FI,,Tallikatu 7
Multisillan päiväkoti,61.4409652,23.7498618,päiväkoti,Päiväkoti,False,False,"Terävänkatu 3, 33850 Tampere, Suomi",Terävänkatu 3,Tampere,33850.0,FI,,Terävänkatu 3
Päiväkoti Pihlajamäki,61.41428,23.7587599,päiväkoti,Päiväkoti,False,False,"Asuntotie 8, 33880 Lempäälä, Suomi",Asuntotie 8,Lempäälä,33880.0,FI,,Asuntotie 8
Otsonmäki Päiväkoti,61.4158697,23.755972,päiväkoti,Päiväkoti,False,False,"Karhumäentie 7a, 33880 Lempäälä, Suomi",Karhumäentie 7a,Lempäälä,33880.0,FI,,Karhumäentie 7a
"Päiväkoti Norlandia Woltti, Norlandia Päiväkodit Oy",61.2792924,24.0154224,päiväkoti,Päiväkoti,False,False,"Pastellintie 1, 37630 Valkeakoski, Suomi",Pastellintie 1,Valkeakoski,37630.0,FI,,Pastellintie 1
Kurikankulman Päiväkoti,61.4632245,23.6653153,päiväkoti,Päiväkoti,False,False,"Aittokorventie 2 B, 33960 Pirkkala, Suomi",Aittokorventie 2 B,Pirkkala,33960.0,FI,,Aittokorventie 2 B
Päiväkoti Kuokkalankulma,61.3337998,23.7350982,päiväkoti,Päiväkoti,False,False,"Kansakoulutie 1, 37550 Lempäälä, Suomi",Kansakoulutie 1,Lempäälä,37550.0,FI,,Kansakoulutie 1
Onnimanni,61.6659687,23.2386377,päiväkoti,Päiväkoti,False,False,"Valssitie 2, 39200 Ylöjärvi, Suomi",Valssitie 2,Ylöjärvi,39200.0,FI,,Valssitie 2
Nahkialan päiväkoti,61.1749228,23.8748788,päiväkoti,Lastentarha,False,False,"Akaantie 2, 37800 Toijala, Suomi",Akaantie 2,Toijala,37800.0,FI,,Akaantie 2
Päiväkoti Pikku-Trimmi,62.6019601,23.7465354,päiväkoti,Päiväkoti,False,False,"Tuurinkyläntie 44, 63610 Tuuri, Suomi",Tuurinkyläntie 44,Tuuri,63610.0,FI,,Tuurinkyläntie 44
Päiväkoti Touhula Hermion,61.4459623,23.8402122,päiväkoti,Päiväkoti,False,False,"Kemianraitti 3, 33720 Tampere, Suomi",Kemianraitti 3,Tampere,33720.0,FI,,Kemianraitti 3
Tervanalle,62.5909631,23.641184,päiväkoti,Päiväkoti,False,False,"Kellokorventie 4, 63300 Alavus, Suomi",Kellokorventie 4,Alavus,63300.0,FI,,Kellokorventie 4
Päiväkoti Pikku-iivari,62.6444774,23.8159171,päiväkoti,Päiväkoti,False,False,"Iivari, Wilskmanintie 1, 63600 Töysä, Suomi","Iivari, Wilskmanintie 1",Töysä,63600.0,FI,,"Iivari, Wilskmanintie 1"
Huvikumpu,62.5853943,23.6265968,päiväkoti,Päiväkoti,False,False,"Salmentie 9, 63300 Alavus, Suomi",Salmentie 9,Alavus,63300.0,FI,,Salmentie 9
Sateenkaaren päiväkoti,63.7677917,24.2519645,päiväkoti,Päiväkoti,False,False,"Turvetie 1, 69300 Toholampi, Suomi",Turvetie 1,Toholampi,69300.0,FI,,Turvetie 1
Päiväkoti Huvikumpu,64.0694309,24.514249,päiväkoti,Päiväkoti,False,False,"Tilhitie 9, 84100 Ylivieska, Suomi",Tilhitie 9,Ylivieska,84100.0,FI,,Tilhitie 9
Ahvenojan päiväkoti,65.0742604,25.4798597,päiväkoti,Päiväkoti,False,False,"Ratsastajantie 5, 90540 Oulu, Suomi",Ratsastajantie 5,Oulu,90540.0,FI,,Ratsastajantie 5
Oulaskankaan Päiväkoti,64.2690911,24.8390925,päiväkoti,Lastenhoitotoimisto,False,False,"Oulaistenkatu 5, 86300 Oulainen, Suomi",Oulaistenkatu 5,Oulainen,86300.0,FI,,Oulaistenkatu 5
Kaijonlinnan Päiväkoti,65.0615987,25.4841317,päiväkoti,Päiväkoti,False,False,"Kimmontie 7, 90570 Oulu, Suomi",Kimmontie 7,Oulu,90570.0,FI,,Kimmontie 7
Pöllönkankaan Päiväkoti,65.0674158,25.5129495,päiväkoti,Päiväkoti,False,False,"Kuovitie 9, 90540 Oulu, Suomi",Kuovitie 9,Oulu,90540.0,FI,,Kuovitie 9
Päiväkoti Saksanpähkinä,65.0072317,25.4525421,päiväkoti,Päiväkoti,False,False,"Puistokatu 9, 90120 Oulu, Suomi",Puistokatu 9,Oulu,90120.0,FI,,Puistokatu 9
Voikukan Päiväkoti,65.0623957,25.4242318,päiväkoti,Päiväkoti,False,False,"Voikukkatie 28, 90580 Oulu, Suomi",Voikukkatie 28,Oulu,90580.0,FI,,Voikukkatie 28
Päiväkoti Touhula TähtiVekara,64.9440792,25.5585358,päiväkoti,Päiväkoti,False,False,"Kokintie 19, 90420 Oulu, Suomi",Kokintie 19,Oulu,90420.0,FI,,Kokintie 19
Kakaravaaran Päiväkoti,63.906855,24.5098583,päiväkoti,Päiväkoti,False,False,"Paavontie 8, 85410 Sievi, Suomi",Paavontie 8,Sievi,85410.0,FI,,Paavontie 8
Hakalahden Päiväkoti,64.0781631,24.5351314,päiväkoti,Päiväkoti,False,False,"Takkulantie 1, 84100 Ylivieska, Suomi",Takkulantie 1,Ylivieska,84100.0,FI,,Takkulantie 1
Pirttirannan Päiväkoti,63.9149525,24.9734995,päiväkoti,Päiväkoti,False,False,"Lupsunmutka 8, 85500 Nivala, Suomi",Lupsunmutka 8,Nivala,85500.0,FI,,Lupsunmutka 8
Ryhmäperhepäiväkoti Ikiliikkujat oy,64.0915293,24.5451103,päiväkoti,Päiväkoti,False,False,"Keskisenojankatu 13, 84100 Ylivieska, Suomi",Keskisenojankatu 13,Ylivieska,84100.0,FI,,Keskisenojankatu 13
Simonpuiston Päiväkoti,64.0863142,24.5300925,päiväkoti,Päiväkoti,False,False,"Kantotie 5, 84100 Ylivieska, Suomi",Kantotie 5,Ylivieska,84100.0,FI,,Kantotie 5
Päivähoito sudenmarja,65.0967217,25.4186964,päiväkoti,Päiväkoti,False,False,"Holopaisenkuja 2, 90800 Oulu, Suomi",Holopaisenkuja 2,Oulu,90800.0,FI,,Holopaisenkuja 2
Koivukehdon päiväkoti,64.2232616,24.3040986,päiväkoti,Päiväkoti,False,False,"Merijärventie 102, 86220 Merijärvi, Suomi",Merijärventie 102,Merijärvi,86220.0,FI,,Merijärventie 102
Päiväkoti,64.2695439,25.8668264,päiväkoti,Lastenhoitotoimisto,False,False,"Pulkkilantie 13, 92600 Pulkkila, Suomi",Pulkkilantie 13,Pulkkila,92600.0,FI,,Pulkkilantie 13
Päiväkoti Touhula Helmiina,64.0596225,24.5558904,päiväkoti,Päiväkoti,False,False,"Savarinväylä 21, 84100 Ylivieska, Suomi",Savarinväylä 21,Ylivieska,84100.0,FI,,Savarinväylä 21
Pilke musiikkipäiväkoti Metsätuuli,64.0714227,24.5243109,päiväkoti,Päiväkoti,False,False,"Pistotie 1, 84100 Ylivieska, Suomi",Pistotie 1,Ylivieska,84100.0,FI,,Pistotie 1
Ilopirpana Päiväkoti,64.6917409,24.4993743,päiväkoti,Päiväkoti,False,False,"Maakarinkatu 7-15, 92130 Raahe, Suomi",Maakarinkatu 7-15,Raahe,92130.0,FI,,Maakarinkatu 7-15
Päiväkoti Touhula Kalajoki,64.2560886,23.962021,päiväkoti,Päiväkoti,False,False,"Hannilantie 3, 85100 Kalajoki, Suomi",Hannilantie 3,Kalajoki,85100.0,FI,,Hannilantie 3
Marttilantien päiväkoti,64.2547959,23.9537682,päiväkoti,Esikoulu,False,False,"Marttilantie 6, 85100 Kalajoki, Suomi",Marttilantie 6,Kalajoki,85100.0,FI,,Marttilantie 6
Päiväkoti Mäntylä,64.2622551,23.9711659,päiväkoti,Päiväkoti,False,False,"Lankilantie 50, 85100 Kalajoki, Suomi",Lankilantie 50,Kalajoki,85100.0,FI,,Lankilantie 50
Päiväkoti Arkki Oy,64.2578639,23.9466327,päiväkoti,Päiväkoti,False,False,"Kasarmintie 4, 85100 Kalajoki, Suomi",Kasarmintie 4,Kalajoki,85100.0,FI,,Kasarmintie 4
Dalin päiväkoti,60.051069,24.0255757,päiväkoti,Päiväkoti,False,False,"Väylä 2, 10210 Inkoo, Suomi             Farleden 2, 10210 Ingå",Väylä 2,Inkoo,10210.0,FI,,Väylä 2
Kuivasjärven päiväkoti,65.0699394,25.4952392,päiväkoti,Päiväkoti,False,False,"Karppalantie 2, 90540 Oulu, Suomi",Karppalantie 2,Oulu,90540.0,FI,,Karppalantie 2
Päiväkoti Sammatti,60.3181517,23.8205437,päiväkoti,Päiväkoti,False,False,"Kalevalantie 2c, 09220 Lohja, Suomi",Kalevalantie 2c,Lohja,9220.0,FI,,Kalevalantie 2c
"Suomusjärven päiväkoti, Salon kaupunki",60.375679,23.5906135,päiväkoti,Päiväkoti,False,False,"Aronkuja 6, 25410 Suomusjärvi, Suomi",Aronkuja 6,Suomusjärvi,25410.0,FI,,Aronkuja 6
Särkisalokoti,60.1153781,22.9533825,päiväkoti,Kulttuurikeskus,False,False,"Jennynkuja 2, 25630 Salo, Suomi",Jennynkuja 2,Salo,25630.0,FI,,Jennynkuja 2
Oinolan päiväkoti,60.38594,23.9107587,päiväkoti,Päiväkoti,False,False,"Tiedonpolku 2, 09810 Nummi-Pusula, Suomi",Tiedonpolku 2,Nummi-Pusula,9810.0,FI,,Tiedonpolku 2
Nilla Kosonen,60.3830573,23.0653146,päiväkoti,Päiväkoti,False,False,"Salontaantie 7, 24800 Halikko, Suomi",Salontaantie 7,Halikko,24800.0,FI,,Salontaantie 7
Peppi & Bobby,61.487552,23.5320781,päiväkoti,Päiväkoti,False,False,"Vikkulankatu 6, 37150 Nokia, Suomi",Vikkulankatu 6,Nokia,37150.0,FI,,Vikkulankatu 6
Pilke liikuntapäiväkoti Nokia,61.4432489,23.4772074,päiväkoti,Päiväkoti,False,False,"Laivurinkatu 1, 37120 Nokia, Suomi",Laivurinkatu 1,Nokia,37120.0,FI,,Laivurinkatu 1
Ryhmäperhepäiväkoti Revontulet,61.4885725,23.5000136,päiväkoti,Päiväkoti,False,False,"Kaarikatu 6, 37100 Nokia, Suomi",Kaarikatu 6,Nokia,37100.0,FI,,Kaarikatu 6
Päiväkoti Puuhkalakki,61.4596519,23.6479922,päiväkoti,Päiväkoti,False,False,"Lähdekuja 2, 33960 Pirkkala, Suomi",Lähdekuja 2,Pirkkala,33960.0,FI,,Lähdekuja 2
Pusulan päiväkoti,60.4756618,23.9812425,päiväkoti,Päiväkoti,False,False,"Marttilantie 3 B, 03850 Pusula, Suomi",Marttilantie 3 B,Pusula,3850.0,FI,,Marttilantie 3 B
Perttilän päiväkoti,60.2753669,24.1430074,päiväkoti,Päiväkoti,False,False,"Hakulintie 28, 08500 Lohja, Suomi",Hakulintie 28,Lohja,8500.0,FI,,Hakulintie 28
Vilman Viikot - Yksityistä perhepäivähoitoa,61.4821621,23.4732303,päiväkoti,Perhepäivähoito,False,False,"Valmuskakatu 13 B 8, 37130 Nokia, Suomi",Valmuskakatu 13 B 8,Nokia,37130.0,FI,,Valmuskakatu 13 B 8
Päiväkoti Touhula VekaraMetsä,61.5465833,23.5881091,päiväkoti,Päiväkoti,False,False,"Työväentalontie 22, 33470 Ylöjärvi, Suomi",Työväentalontie 22,Ylöjärvi,33470.0,FI,,Työväentalontie 22
Kurikanpirtin päiväkoti,61.4629752,23.6621766,päiväkoti,Päiväkoti,False,False,"Pirttimäki 4, 33960 Pirkkala, Suomi",Pirttimäki 4,Pirkkala,33960.0,FI,,Pirttimäki 4
Perhetalo Tuutikki,61.4796628,23.5203642,päiväkoti,Päiväkoti,False,False,"Alinenkatu 41, 37100 Nokia, Suomi",Alinenkatu 41,Nokia,37100.0,FI,,Alinenkatu 41
Hyhkyn päiväkoti,61.5077459,23.6820862,päiväkoti,Päiväkoti,False,False,"Kraatarinkatu 5, 33270 Tampere, Suomi",Kraatarinkatu 5,Tampere,33270.0,FI,,Kraatarinkatu 5
Lasten päivähoito Revontulet,61.4869093,23.5292203,päiväkoti,Päiväkoti,False,False,"Vihnuskatu 24a, 37100 Nokia, Suomi",Vihnuskatu 24a,Nokia,37100.0,FI,,Vihnuskatu 24a
Pilke musiikkipäiväkoti Melodia,61.4789275,23.5121595,päiväkoti,Päiväkoti,False,False,"Välikatu 22, 37100 Nokia, Suomi",Välikatu 22,Nokia,37100.0,FI,,Välikatu 22
Illon Pilke Ky,61.247001,23.0307065,päiväkoti,Lastenhoitotoimisto,False,False,"Suuniityntie 56, 38280 Sastamala, Suomi",Suuniityntie 56,Sastamala,38280.0,FI,,Suuniityntie 56
Päiväkoti Oravainen,60.2720054,24.1278836,päiväkoti,Päiväkoti,False,False,"Kirjastopolku 7, 08500 Lohja, Suomi",Kirjastopolku 7,Lohja,8500.0,FI,,Kirjastopolku 7
Huovarin päiväkoti,61.5054963,23.6881358,päiväkoti,Päiväkoti,False,False,"Mallastehtaankatu 14, 33270 Tampere, Suomi",Mallastehtaankatu 14,Tampere,33270.0,FI,,Mallastehtaankatu 14
Talvitien päiväkoti ja koulu,61.4686587,23.7503632,päiväkoti,Päiväkoti,False,False,"Talvitie 24, 33900 Tampere, Suomi",Talvitie 24,Tampere,33900.0,FI,,Talvitie 24
Rantaperkiön päiväkoti,61.4751013,23.7604196,päiväkoti,Päiväkoti,False,False,"Tuomikuja 6, 33900 Tampere, Suomi",Tuomikuja 6,Tampere,33900.0,FI,,Tuomikuja 6
Pereen päiväkoti,61.4716633,23.7111565,päiväkoti,Päiväkoti,False,False,"Isomäentie 3, 33950 Pirkkala, Suomi",Isomäentie 3,Pirkkala,33950.0,FI,,Isomäentie 3
Nuolialan päiväkoti,61.4697738,23.6896785,päiväkoti,Lastentarha,False,False,"Killonvainiontie 2, 33950 Pirkkala, Suomi",Killonvainiontie 2,Pirkkala,33950.0,FI,,Killonvainiontie 2
Koulukadun päiväkoti,61.4952027,23.7472581,päiväkoti,Päiväkoti,False,False,"Koulukatu 8, 33200 Tampere, Suomi",Koulukatu 8,Tampere,33200.0,FI,,Koulukatu 8
Päiväkoti Kiekkari,61.4968825,23.7424824,päiväkoti,Päiväkoti,False,False,"Pyynikintori 4, 33230 Tampere, Suomi",Pyynikintori 4,Tampere,33230.0,FI,,Pyynikintori 4
Lasten päivähoito Revontulet,61.5063861,23.6392165,päiväkoti,Päiväkoti,False,False,"Kohmankaari, 33310 Tampere, Suomi",Kohmankaari,Tampere,33310.0,FI,,Kohmankaari
Näsipuiston päiväkoti,61.5024484,23.749686,päiväkoti,Päiväkoti,False,False,"Hämeenpuisto 2, 33210 Tampere, Suomi",Hämeenpuisto 2,Tampere,33210.0,FI,,Hämeenpuisto 2
Pilke luontopäiväkoti Lamminranta,61.5060909,23.6757627,päiväkoti,Päiväkoti,False,False,"Vaakonkatu 20, 33270 Tampere, Suomi",Vaakonkatu 20,Tampere,33270.0,FI,,Vaakonkatu 20
Palotornin päiväkoti,61.5696479,23.5963229,päiväkoti,Lastentarha,False,False,"Takamaantie 3, 33480 Ylöjärvi, Suomi",Takamaantie 3,Ylöjärvi,33480.0,FI,,Takamaantie 3
Lielahden päiväkoti,61.5236965,23.6775732,päiväkoti,Lastentarha,False,False,"Ollinojankatu 6, 33400 Tampere, Suomi",Ollinojankatu 6,Tampere,33400.0,FI,,Ollinojankatu 6
Hyhkyn päiväkodin lisäryhmä,61.5069384,23.6801666,päiväkoti,Päiväkoti,False,False,"Haapalinnantori 2, 33270 Tampere, Suomi",Haapalinnantori 2,Tampere,33270.0,FI,,Haapalinnantori 2
Hippoksen päiväkoti,61.4983257,23.8211147,päiväkoti,Päiväkoti,False,False,"Takahuhdintie 1, 33530 Tampere, Suomi",Takahuhdintie 1,Tampere,33530.0,FI,,Takahuhdintie 1
Lentävänlaakson päiväkoti,61.5309515,23.7022927,päiväkoti,Päiväkoti,False,False,"Porrassalmenkuja 6, 33410 Tampere, Suomi",Porrassalmenkuja 6,Tampere,33410.0,FI,,Porrassalmenkuja 6
Päiväkoti Touhula VekaraPolku,61.5272312,23.7003359,päiväkoti,Päiväkoti,False,False,"Lentävänniemenkatu 2 F, 33410 Tampere, Suomi",Lentävänniemenkatu 2 F,Tampere,33410.0,FI,,Lentävänniemenkatu 2 F
Lapinniemen päiväkoti,61.5118861,23.7756338,päiväkoti,Päiväkoti,False,False,"Sommerinkatu 7, 33180 Tampere, Suomi",Sommerinkatu 7,Tampere,33180.0,FI,,Sommerinkatu 7
Päiväkoti Pihlaja,61.479007,23.7623246,päiväkoti,Päiväkoti,False,False,"Vihilahdenkatu 5, 33900 Tampere, Suomi",Vihilahdenkatu 5,Tampere,33900.0,FI,,Vihilahdenkatu 5
Päiväkoti Touhula Saukonmäki,61.5049732,23.7883453,päiväkoti,Päiväkoti,False,False,"Vainiokatu 2, 33500 Tampere, Suomi",Vainiokatu 2,Tampere,33500.0,FI,,Vainiokatu 2
Päiväkoti Oravametsä,61.4909905,23.7840193,päiväkoti,Päiväkoti,False,False,"Iidesaukio, 33100 Tampere, Suomi",Iidesaukio,Tampere,33100.0,FI,,Iidesaukio
Pallopuiston päiväkoti,61.4524485,23.8327889,päiväkoti,Päiväkoti,False,False,"Parkanonkatu 29, 33720 Tampere, Suomi",Parkanonkatu 29,Tampere,33720.0,FI,,Parkanonkatu 29
Pikku Tutkijan Päiväkoti Siivikkala,61.5503013,23.6558623,päiväkoti,Päiväkoti,False,False,"Ilmarinjärventie 252, 33450 Ylöjärvi, Suomi",Ilmarinjärventie 252,Ylöjärvi,33450.0,FI,,Ilmarinjärventie 252
Päiväkotiyhdistys Väripilkku Ry,61.5049465,23.6573217,päiväkoti,Päiväkoti,False,False,"Winterinraitti 1, 33270 Tampere, Suomi",Winterinraitti 1,Tampere,33270.0,FI,,Winterinraitti 1
Lamminpään siirtokelpoinen päiväkoti,61.5188423,23.6250264,päiväkoti,Päiväkoti,False,False,"Lannemäentie 43, 33420 Tampere, Suomi",Lannemäentie 43,Tampere,33420.0,FI,,Lannemäentie 43
Märynummen koulu ja päiväkoti,60.4352495,23.0486913,päiväkoti,Koulu,False,False,"Urheilutie 1, 25250 Märynummi, Suomi",Urheilutie 1,Märynummi,25250.0,FI,,Urheilutie 1
Axel Wahren,60.8153219,23.6217879,päiväkoti,Päiväkoti,False,False,"Wahreninkatu 11, 30100 Forssa, Suomi",Wahreninkatu 11,Forssa,30100.0,FI,,Wahreninkatu 11
Päiväkoti Metsäpolku,61.9821671,24.0644063,päiväkoti,Päiväkoti,False,False,"Mustikkapolku 2, 34600 Ruovesi, Suomi",Mustikkapolku 2,Ruovesi,,FI,,Mustikkapolku 2
Luhtaan Päiväkoti,61.4965182,23.8705758,päiväkoti,Päiväkoti,False,False,"Luhtaankatu 10, 33560 Tampere, Suomi",Luhtaankatu 10,Tampere,33560.0,FI,,Luhtaankatu 10
Turtolan päiväkoti,61.4749741,23.8452081,päiväkoti,Päiväkoti,False,False,"Turtolantanhua 3, 33710 Tampere, Suomi",Turtolantanhua 3,Tampere,33710.0,FI,,Turtolantanhua 3
Tasanteen päiväkoti,61.5167173,23.9310278,päiväkoti,Lastentarha,False,False,"Rusthollinkatu 8, 33610 Tampere, Suomi",Rusthollinkatu 8,Tampere,33610.0,FI,,Rusthollinkatu 8
Irjalan päiväkoti ja koulu,61.4969749,23.8505363,päiväkoti,Päiväkoti,False,False,"Irjalankuja 4, 33560 Tampere, Suomi",Irjalankuja 4,Tampere,33560.0,FI,,Irjalankuja 4
Paapuurin päiväkoti,60.1642556,24.6223351,päiväkoti,Päiväkoti,False,False,"Paapuuri 3, 02070 Espoo, Suomi",Paapuuri 3,Espoo,2070.0,FI,,Paapuuri 3
Takahuhdin päiväkoti,61.4909963,23.8572695,päiväkoti,Päiväkoti,False,False,"Hintsankatu 4, 33560 Tampere, Suomi",Hintsankatu 4,Tampere,33560.0,FI,,Hintsankatu 4
Itätuulen päiväkoti,61.4938545,23.90341,päiväkoti,Päiväkoti,False,False,"Mäentakusenkatu 29, 33580 Tampere, Suomi",Mäentakusenkatu 29,Tampere,33580.0,FI,,Mäentakusenkatu 29
Linnainmaan päiväkoti,61.4906958,23.8938439,päiväkoti,Päiväkoti,False,False,"Hannulankatu 8, 33580 Tampere, Suomi",Hannulankatu 8,Tampere,33580.0,FI,,Hannulankatu 8
Olkahisen Päiväkoti,61.5217781,23.9466171,päiväkoti,Päiväkoti,False,False,"Jenseninkatu 3, 33610 Tampere, Suomi",Jenseninkatu 3,Tampere,33610.0,FI,,Jenseninkatu 3
Annalan päiväkoti,61.4645725,23.8894824,päiväkoti,Päiväkoti,False,False,"Kolunkatu 2, 33710 Tampere, Suomi",Kolunkatu 2,Tampere,33710.0,FI,,Kolunkatu 2
Tuomarilan päiväkoti,60.20182,24.6857624,päiväkoti,Päiväkoti,False,False,"Puistotie 24, 02760 Espoo, Suomi",Puistotie 24,Espoo,2760.0,FI,,Puistotie 24
Ohrakasken päiväkoti,60.1745621,24.6595959,päiväkoti,Päiväkoti,False,False,"Ohrakaski 2, 02340 Espoo, Suomi",Ohrakaski 2,Espoo,2340.0,FI,,Ohrakaski 2
Lehtikasken päiväkoti,60.1805513,24.6678175,päiväkoti,Päiväkoti,False,False,"Lehtikaskentie 11, 02340 Espoo, Suomi",Lehtikaskentie 11,Espoo,2340.0,FI,,Lehtikaskentie 11
Järvitorpan päiväkoti,60.1484397,24.6728035,päiväkoti,Päiväkoti,False,False,"Järvitorppa 6, 02360 Espoo, Suomi",Järvitorppa 6,Espoo,2360.0,FI,,Järvitorppa 6
Suomenojan päiväkoti,60.1635045,24.7003078,päiväkoti,Päiväkoti,False,False,"Suomalaistentie 4, 02270 Espoo, Suomi",Suomalaistentie 4,Espoo,2270.0,FI,,Suomalaistentie 4
Norlandia Päiväkodit Oy,60.2112736,24.8175876,päiväkoti,Yrityksen toimisto,False,False,"Lars Sonckin kaari 12, 02600 Espoo, Suomi",Lars Sonckin kaari 12,Espoo,2600.0,FI,,Lars Sonckin kaari 12
Leppäviidan päiväkoti,60.2181511,24.8046401,päiväkoti,Päiväkoti,False,False,"Rummunlyöjänkatu 6, 02600 Espoo, Suomi",Rummunlyöjänkatu 6,Espoo,2600.0,FI,,Rummunlyöjänkatu 6
Aallonhuipun Päiväkoti,60.1504368,24.6389017,päiväkoti,Päiväkoti,False,False,"Aallonhuippu 2, 02320 Espoo, Suomi",Aallonhuippu 2,Espoo,2320.0,FI,,Aallonhuippu 2
Päiväkoti Mäntymäki,63.0202326,23.8070737,päiväkoti,Päiväkoti,False,False,"Vanhatie 277, 62900 Alajärvi, Suomi",Vanhatie 277,Alajärvi,62900.0,FI,,Vanhatie 277
Päiväkoti Tuutikki,62.9942124,23.7844928,päiväkoti,Päiväkoti,False,False,"Tulisalontie 3, 62900 Alajärvi, Suomi",Tulisalontie 3,Alajärvi,62900.0,FI,,Tulisalontie 3
Liinaharjan päiväkoti,60.1635385,24.5355938,päiväkoti,Päiväkoti,False,False,"Ljusdalantie 7, 02430 Kirkkonummi, Suomi",Ljusdalantie 7,Kirkkonummi,2430.0,FI,,Ljusdalantie 7
Koijärven koulu-päiväkoti,60.9358596,23.6393413,päiväkoti,Koulu,False,False,"Pukkilantie 131, 31130 Koijärvi, Suomi",Pukkilantie 131,Koijärvi,31130.0,FI,,Pukkilantie 131
Kylmäkosken päiväkoti,61.1500662,23.6813544,päiväkoti,Koulu,False,False,"Nummitie 1, 37910 Akaa, Suomi",Nummitie 1,Akaa,37910.0,FI,,Nummitie 1
Sahurin päiväkoti,61.2037959,23.7676394,päiväkoti,Koulu,False,False,"Sahurintie 9, 37830 Viiala, Suomi",Sahurintie 9,Viiala,37830.0,FI,,Sahurintie 9
Koskenkulman päivähoito,61.2644929,23.6694659,päiväkoti,Päiväkoti,False,False,"Koskenkyläntie 525, 37420 Vesilahti, Suomi",Koskenkyläntie 525,Vesilahti,37420.0,FI,,Koskenkyläntie 525
Solgården Aurinkotarha,60.0718869,23.676495,päiväkoti,Steiner-päiväkoti,False,False,"Keskuskatu 31, 10300 Raasepori, Suomi             Centralgatan 31, 10300 Raseborg",Keskuskatu 31,Raasepori,10300.0,FI,,Keskuskatu 31
Ryhmis Willa Karitsat,61.2999101,23.746798,päiväkoti,Päiväkoti,False,False,"Varmantie 12, 37500 Lempäälä, Suomi",Varmantie 12,Lempäälä,37500.0,FI,,Varmantie 12
Vallipuiston päiväkoti,60.2289698,24.8185883,päiväkoti,Päiväkoti,False,False,"Ratapölkky 1, 02600 Espoo, Suomi",Ratapölkky 1,Espoo,2600.0,FI,,Ratapölkky 1
Kirkkojärven päiväkoti & nuorisotila,60.2094957,24.669269,päiväkoti,Päiväkoti,False,False,"Kylätorintie 5, 02770 Espoo, Suomi",Kylätorintie 5,Espoo,2770.0,FI,,Kylätorintie 5
Otaniemen päiväkoti,60.1904787,24.8366816,päiväkoti,Päiväkoti,False,False,"Servin Maijan tie 8, 02150 Espoo, Suomi",Servin Maijan tie 8,Espoo,2150.0,FI,,Servin Maijan tie 8
Martinlaakson päiväkoti,60.276927,24.8464018,päiväkoti,Päiväkoti,False,False,"Martinlaaksonpolku 7, 01620 Vantaa, Suomi",Martinlaaksonpolku 7,Vantaa,1620.0,FI,,Martinlaaksonpolku 7
Pilke Sinipilvi,60.2326539,24.7494983,päiväkoti,Päiväkoti,False,False,"Kahisevankuja 2, 02710 Espoo, Suomi",Kahisevankuja 2,Espoo,2710.0,FI,,Kahisevankuja 2
Päiväkoti Vaapukka,60.205264,25.0829975,päiväkoti,Päiväkoti,False,False,"Sinivuokonpolku 9, 00930 Helsinki, Suomi",Sinivuokonpolku 9,Helsinki,930.0,FI,,Sinivuokonpolku 9
Päiväkoti Saana,60.2338589,25.1256967,päiväkoti,Päiväkoti,False,False,"Saanatunturintie 4, 00970 Helsinki, Suomi",Saanatunturintie 4,Helsinki,970.0,FI,,Saanatunturintie 4
Päiväkoti Valkea,60.2531996,24.9299261,päiväkoti,Päiväkoti,False,False,"Tuohimäentie 107, 00670 Helsinki, Suomi",Tuohimäentie 107,Helsinki,670.0,FI,,Tuohimäentie 107
Päiväkoti Helmi,60.2239162,24.8124597,päiväkoti,Päiväkoti,False,False,"Muurarinkuja 1, 02600 Espoo, Suomi",Muurarinkuja 1,Espoo,2600.0,FI,,Muurarinkuja 1
Päiväkoti Svahlohill,60.1914862,24.2877695,päiväkoti,Päiväkoti,False,False,"Raiviontie 34B, 02550 Evitskog, Suomi",Raiviontie 34B,Evitskog,2550.0,FI,,Raiviontie 34B
Helapuiston Päiväkoti,61.4417193,23.8512501,päiväkoti,Päiväkoti,False,False,"Arkkitehdinkatu 11, 33720 Tampere, Suomi",Arkkitehdinkatu 11,Tampere,33720.0,FI,,Arkkitehdinkatu 11
Leikkiniitty,61.3427383,23.7625919,päiväkoti,Päiväkoti,False,False,"Moisionaukea 40, 37550 Lempäälä, Suomi",Moisionaukea 40,Lempäälä,37550.0,FI,,Moisionaukea 40
Pikku Tutkijan Päiväkoti Annala,61.4640395,23.8862256,päiväkoti,Päiväkoti,False,False,"Annalankatu 8, 33710 Tampere, Suomi",Annalankatu 8,Tampere,33710.0,FI,,Annalankatu 8
Päiväkoti Eriparisukka Avoin yhtiö,64.6735351,24.4721714,päiväkoti,Päiväkoti,False,False,"Ratsukatu 11, 92150 Raahe, Suomi",Ratsukatu 11,Raahe,92150.0,FI,,Ratsukatu 11
Ollinsaaren Päiväkoti,64.677127,24.5053241,päiväkoti,Päiväkoti,False,False,"Pajuniityntie 6, 92120 Raahe, Suomi",Pajuniityntie 6,Raahe,92120.0,FI,,Pajuniityntie 6
Joukahaisen päiväkoti,64.0907908,24.5268637,päiväkoti,Päiväkoti,False,False,"Pakolankatu 23, 84100 Ylivieska, Suomi",Pakolankatu 23,Ylivieska,84100.0,FI,,Pakolankatu 23
Päiväkoti Lystilinna,64.6858268,24.4910861,päiväkoti,Päiväkoti,False,False,"Vihastenkarinkatu 8, 92130 Raahe, Suomi",Vihastenkarinkatu 8,Raahe,92130.0,FI,,Vihastenkarinkatu 8
Päiväkoti Ilopirpana,64.6693719,24.5198809,päiväkoti,Päiväkoti,False,False,"Savottatie 16, 92120 Raahe, Suomi",Savottatie 16,Raahe,92120.0,FI,,Savottatie 16
Ojaniitun päiväkoti,60.2424941,24.097084,päiväkoti,Lastentarha,False,False,"Ojaniitunkatu 3, 08150 Lohja, Suomi",Ojaniitunkatu 3,Lohja,8150.0,FI,,Ojaniitunkatu 3
Pilke-päiväkoti Luonnossa kotonaan Tuulentupa,63.941479,24.9413959,päiväkoti,Päiväkoti,False,False,"Ylivieskantie 63, 85500 Nivala, Suomi",Ylivieskantie 63,Nivala,85500.0,FI,,Ylivieskantie 63
"Päiväkoti Norlandia Talo, Norlandia Päiväkodit Oy",60.2812869,24.4267777,päiväkoti,Päiväkoti,False,False,"Kaskelantie 20 A, 02880 Veikkola, Suomi",Kaskelantie 20 A,Veikkola,2880.0,FI,,Kaskelantie 20 A
Metsäpolun päiväkoti,60.4169572,24.329438,päiväkoti,Päiväkoti,False,False,"Seimelänkuja 3, 03400 Vihti, Suomi",Seimelänkuja 3,Vihti,3400.0,FI,,Seimelänkuja 3
Pilke-päiväkoti Luonnossa kotonaan Tuulenpesä,63.9188818,24.9742813,päiväkoti,Päiväkoti,False,False,"Peltopuhto 12, 85500 Nivala, Suomi",Peltopuhto 12,Nivala,85500.0,FI,,Peltopuhto 12
Nokelan Päiväkoti,63.9273949,24.9576116,päiväkoti,Lastenhoitotoimisto,False,False,"Kalervontie 1, 85500 Nivala, Suomi",Kalervontie 1,Nivala,85500.0,FI,,Kalervontie 1
"Päiväkoti Norlandia Linna, Norlandia Päiväkodit Oy",60.1574455,24.551446,päiväkoti,Päiväkoti,False,False,"Sundetin puistotie 15, 02450 Sundsberg, Suomi",Sundetin puistotie 15,Sundsberg,2450.0,FI,,Sundetin puistotie 15
Veikkolan Päiväkoti,60.2709276,24.4437546,päiväkoti,Päiväkoti,False,False,"Kisapolku 3, 02880 Kirkkonummi, Suomi",Kisapolku 3,Kirkkonummi,2880.0,FI,,Kisapolku 3
Luhtaniityn päiväkoti,60.1982653,24.6879677,päiväkoti,Päiväkoti,False,False,"Luhtatie 2, 02760 Espoo, Suomi",Luhtatie 2,Espoo,2760.0,FI,,Luhtatie 2
Kaitaanniityn päiväkoti,60.1434248,24.6853127,päiväkoti,Päiväkoti,False,False,"Sammentie 8, 02260 Espoo, Suomi",Sammentie 8,Espoo,2260.0,FI,,Sammentie 8
Saunarannan päiväkoti,60.1638239,24.6164672,päiväkoti,Päiväkoti,False,False,"Kummelivuorentie 2, 02330 Espoo, Suomi",Kummelivuorentie 2,Espoo,2330.0,FI,,Kummelivuorentie 2
Saarniraivion päiväkoti,60.1978444,24.6647221,päiväkoti,Päiväkoti,False,False,"Saarniraiviontie 8, 02770 Espoo, Suomi",Saarniraiviontie 8,Espoo,2770.0,FI,,Saarniraiviontie 8
Päiväkoti Touhula Hervannan Wäiski,61.454489,23.8449342,päiväkoti,Päiväkoti,False,False,"Orivedenkatu 5, 33720 Tampere, Suomi",Orivedenkatu 5,Tampere,33720.0,FI,,Orivedenkatu 5
Nöykkiön päiväkoti,60.1669434,24.663922,päiväkoti,Päiväkoti,False,False,"Oxfotintie 9, 02340 Espoo, Suomi",Oxfotintie 9,Espoo,2340.0,FI,,Oxfotintie 9
Saapasaukion päiväkoti,60.1473023,24.6432919,päiväkoti,Päiväkoti,False,False,"Merisaapas 3, 02320 Espoo, Suomi",Merisaapas 3,Espoo,2320.0,FI,,Merisaapas 3
Päiväkoti Norlandia Kurkihirsi,60.1678162,24.6572675,päiväkoti,Päiväkoti,False,False,"Kurkihirrentie 2, 02330 Espoo, Suomi",Kurkihirrentie 2,Espoo,2330.0,FI,,Kurkihirrentie 2
Päiväkoti Touhula VekaraLahti,60.1657287,24.6092276,päiväkoti,Päiväkoti,False,False,"Meriviitantie 16, 02330 Espoo, Suomi",Meriviitantie 16,Espoo,2330.0,FI,,Meriviitantie 16
Nupurin päiväkoti,60.2387793,24.5977567,päiväkoti,Päiväkoti,False,False,"Brobackantie 1, 02820 Espoo, Suomi",Brobackantie 1,Espoo,2820.0,FI,,Brobackantie 1
Lasinpuhaltajan päiväkoti,60.1909372,24.5881303,päiväkoti,Päiväkoti,False,False,"Lindankuja 1, 02780 Espoo, Suomi",Lindankuja 1,Espoo,2780.0,FI,,Lindankuja 1
Kartanonpuiston päiväkoti,60.2308244,24.0279862,päiväkoti,Lastentarha,False,False,"Kartanonkatu 4, 08200 Lohja, Suomi",Kartanonkatu 4,Lohja,8200.0,FI,,Kartanonkatu 4
Päiväkoti Villivarsa,60.2048671,24.6729519,päiväkoti,Päiväkoti,False,False,"Kirstintie 28, 02760 Espoo, Suomi",Kirstintie 28,Espoo,2760.0,FI,,Kirstintie 28
Naperokujan Päiväkoti,64.6938101,24.5781316,päiväkoti,Päiväkoti,False,False,"Artturintie 7, 92140 Pattijoki, Suomi",Artturintie 7,Pattijoki,92140.0,FI,,Artturintie 7
Kalevanharjun päiväkoti,61.4946046,23.7847217,päiväkoti,Päiväkoti,False,False,"Sairaalankatu 3, 33100 Tampere, Suomi",Sairaalankatu 3,Tampere,33100.0,FI,,Sairaalankatu 3
Satulehdon Päiväkoti,64.6955171,24.5737999,päiväkoti,Päiväkoti,False,False,"Marttilantie 5, 92140 Pattijoki, Suomi",Marttilantie 5,Pattijoki,92140.0,FI,,Marttilantie 5
Päiväkoti Tonttula,60.2172405,24.9043057,päiväkoti,Päiväkoti,False,False,"Pajuniityntie 6, 00320 Helsinki, Suomi",Pajuniityntie 6,Helsinki,320.0,FI,,Pajuniityntie 6
"Päiväkoti Lintukoto, Espoo (Lintukoto ry)",60.1838862,24.5954371,päiväkoti,Päiväkoti,False,False,"Åminnenpuisto 3, 02780 Espoo, Suomi",Åminnenpuisto 3,Espoo,2780.0,FI,,Åminnenpuisto 3
Pilke tiedepäiväkoti Hokaus,61.4327711,23.8324557,päiväkoti,Päiväkoti,False,False,"Mäyränmäenkatu 2, 33870 Tampere, Suomi",Mäyränmäenkatu 2,Tampere,33870.0,FI,,Mäyränmäenkatu 2
Päiväkoti Mestari,60.2175275,24.8725951,päiväkoti,Päiväkoti,False,False,"Kornetintie 5, 00380 Helsinki, Suomi",Kornetintie 5,Helsinki,380.0,FI,,Kornetintie 5
Päiväkoti Touhula Hervannan Kampus,61.4484743,23.8590029,päiväkoti,Päiväkoti,False,False,"Konetalo, Hermiankatu 5, 33720 Tampere, Suomi","Konetalo, Hermiankatu 5",Tampere,33720.0,FI,,"Konetalo, Hermiankatu 5"
Päiväkoti Pääskylä,60.1899469,24.9650557,päiväkoti,Päiväkoti,False,False,"Hämeentie 55, 00580 Helsinki, Suomi",Hämeentie 55,Helsinki,580.0,FI,,Hämeentie 55
Päiväkoti Isoniitty,60.2053878,24.9548435,päiväkoti,Päiväkoti,False,False,"Jyrängöntie, 00550 Helsinki, Suomi",Jyrängöntie,Helsinki,550.0,FI,,Jyrängöntie
Päiväkoti Vaahteramäki,60.2064,24.8879182,päiväkoti,Päiväkoti,False,False,"Korppaanpolku 3, 00300 Helsinki, Suomi",Korppaanpolku 3,Helsinki,300.0,FI,,Korppaanpolku 3
Koskentorin päiväkoti,60.2686462,24.4413623,päiväkoti,Päiväkoti,False,False,"Pihtakuja 4, 02880 Veikkola, Suomi",Pihtakuja 4,Veikkola,2880.0,FI,,Pihtakuja 4
Päiväkoti Metsätähti,60.250881,24.8571037,päiväkoti,Päiväkoti,False,False,"Kartanonmetsäntie 13, 00410 Helsinki, Suomi",Kartanonmetsäntie 13,Helsinki,410.0,FI,,Kartanonmetsäntie 13
Kyyhkyspuiston päiväkoti,60.2285334,24.8100405,päiväkoti,Päiväkoti,False,False,"Kyyhkysmäki 10, 02600 Espoo, Suomi",Kyyhkysmäki 10,Espoo,2600.0,FI,,Kyyhkysmäki 10
Järvenperän päiväkoti,60.2401256,24.701673,päiväkoti,Päiväkoti,False,False,"Kylänportti 17, 02940 Espoo, Suomi",Kylänportti 17,Espoo,2940.0,FI,,Kylänportti 17
Solkikujan päiväkoti,60.2591624,24.8602267,päiväkoti,Päiväkoti,False,False,"Solkikuja 6, 01600 Vantaa, Suomi",Solkikuja 6,Vantaa,1600.0,FI,,Solkikuja 6
Eerolan Päiväkoti,61.2896444,24.021519,päiväkoti,Päiväkoti,False,False,"Eerolantie 7, 37630 Valkeakoski, Suomi",Eerolantie 7,Valkeakoski,37630.0,FI,,Eerolantie 7
Päiväkoti Ratamo,60.2023558,24.9396716,päiväkoti,Päiväkoti,False,False,"Ratamestarinkatu 13, 00520 Helsinki, Suomi",Ratamestarinkatu 13,Helsinki,520.0,FI,,Ratamestarinkatu 13
Sorrilan Päiväkoti,61.2625505,24.0389721,päiväkoti,Päiväkoti,False,False,"Roineenkatu 14-18, 37600 Valkeakoski, Suomi",Roineenkatu 14-18,Valkeakoski,37600.0,FI,,Roineenkatu 14-18
Westendinpuiston päiväkoti,60.1631821,24.7939405,päiväkoti,Päiväkoti,False,False,"Alalinnake 4, 02160 Espoo, Suomi",Alalinnake 4,Espoo,2160.0,FI,,Alalinnake 4
Servin-Maijan päiväkoti,60.1894814,24.8358588,päiväkoti,Päiväkoti,False,False,"Servin Maijan tie 3, 02150 Espoo, Suomi",Servin Maijan tie 3,Espoo,2150.0,FI,,Servin Maijan tie 3
Päiväkoti Eskimo,60.1522781,24.7573017,päiväkoti,Päiväkoti,False,False,"Rantaharju 6, 02330 Espoo, Suomi",Rantaharju 6,Espoo,2330.0,FI,,Rantaharju 6
Leppäsillan päiväkoti,60.227538,24.7835698,päiväkoti,Päiväkoti,False,False,"Pääskyskuja 11, 02620 Espoo, Suomi",Pääskyskuja 11,Espoo,2620.0,FI,,Pääskyskuja 11
Päiväkoti Pikkusuo,60.2471403,24.9194853,päiväkoti,Päiväkoti,False,False,"Pikkusuonkuja 3, 00670 Helsinki, Suomi",Pikkusuonkuja 3,Helsinki,670.0,FI,,Pikkusuonkuja 3
Vuorenmäen päiväkoti,60.2691813,24.4376385,päiväkoti,Päiväkoti,False,False,"Eerikinkartanontie 5, 02880 Veikkola, Suomi",Eerikinkartanontie 5,Veikkola,2880.0,FI,,Eerikinkartanontie 5
Pohjois-Tapiolan päiväkoti,60.1888668,24.792694,päiväkoti,Päiväkoti,False,False,"Piilopolku 6, 02130 Espoo, Suomi",Piilopolku 6,Espoo,2130.0,FI,,Piilopolku 6
Ajurinmäen päiväkoti,60.2253404,24.8157694,päiväkoti,Päiväkoti,False,False,"Porarinkatu 9, 02650 Espoo, Suomi",Porarinkatu 9,Espoo,2650.0,FI,,Porarinkatu 9
"Päiväkoti Norlandia Taapero, Norlandia Päiväkodit Oy",60.156897,24.5506153,päiväkoti,Päiväkoti,False,False,"Omenaraitti 2, 02450 Sundsberg, Suomi",Omenaraitti 2,Sundsberg,2450.0,FI,,Omenaraitti 2
Palmurinteen päiväkoti,61.2519609,24.0312443,päiväkoti,Päiväkoti,False,False,"Heikkilänkatu 5, 37600 Valkeakoski, Suomi",Heikkilänkatu 5,Valkeakoski,37600.0,FI,,Heikkilänkatu 5
Silkkiniityn päiväkoti,60.1797799,24.7994756,päiväkoti,Päiväkoti,False,False,"Opinkuja 1, 02100 Espoo, Suomi",Opinkuja 1,Espoo,2100.0,FI,,Opinkuja 1
Koivuhovin päiväkoti,60.2055188,24.7056004,päiväkoti,Päiväkoti,False,False,"Ullanmäentie 11, 02750 Espoo, Suomi",Ullanmäentie 11,Espoo,2750.0,FI,,Ullanmäentie 11
Masalan päiväkoti,60.1654887,24.5379381,päiväkoti,Päiväkoti,False,False,"Hommaksenkuja 2, 02430 Kirkkonummi, Suomi",Hommaksenkuja 2,Kirkkonummi,2430.0,FI,,Hommaksenkuja 2
Haapamäen Päiväkoti,62.2519112,24.452502,päiväkoti,Päiväkoti,False,False,"Pihlajavedentie 4, 42800 Keuruu Haapamäki, Suomi",Pihlajavedentie 4,Keuruu Haapamäki,42800.0,FI,,Pihlajavedentie 4
Aseman päiväkoti,61.6485525,24.3610484,päiväkoti,Päiväkoti,False,False,"Asematie 6, 35100 Orivesi, Suomi",Asematie 6,Orivesi,35100.0,FI,,Asematie 6
Vuokkokujan päiväkoti,61.6747823,24.3674647,päiväkoti,Päiväkoti,False,False,"Kielokuja 6, 35300 Orivesi, Suomi",Kielokuja 6,Orivesi,35300.0,FI,,Kielokuja 6
Lapin Päiväkoti,62.2526482,24.7158371,päiväkoti,Päiväkoti,False,False,"Ronkavuorentie 1, 42700 Keuruu, Suomi",Ronkavuorentie 1,Keuruu,42700.0,FI,,Ronkavuorentie 1
Keuruun päiväkoti,62.2616876,24.6973183,päiväkoti,Päiväkoti,False,False,"Tehtaantie 11-15, 42700 Keuruu, Suomi",Tehtaantie 11-15,Keuruu,42700.0,FI,,Tehtaantie 11-15
Miinanhelmen päiväkoti,62.0355224,24.619785,päiväkoti,Päiväkoti,False,False,"35800 Mänttä, Suomi",,Mänttä,,FI,,
Orivarsan päiväkoti,61.6757678,24.3570699,päiväkoti,Päiväkoti,False,False,"Keskustie 26, 35300 Orivesi, Suomi",Keskustie 26,Orivesi,35300.0,FI,,Keskustie 26
"Päiväkoti Norlandia Voitto, Norlandia Päiväkodit Oy",61.5078547,23.809211,päiväkoti,Päiväkoti,False,False,"Kuntokatu 17, 33520 Tampere, Suomi",Kuntokatu 17,Tampere,33520.0,FI,,Kuntokatu 17
"Päiväkoti Norlandia Tähtitarha, Tähtipäiväkodit Oy",62.26183,24.6983694,päiväkoti,Päiväkoti,False,False,"Tehtaantie 15, 42700 Keuruu, Suomi",Tehtaantie 15,Keuruu,42700.0,FI,,Tehtaantie 15
Vilppulan päiväkoti,62.0165116,24.5030656,päiväkoti,Päiväkoti,False,False,"35700 Mänttä-Vilppula, Suomi",,Mänttä-Vilppula,,FI,,
Ounasjoen päiväkoti,66.9159456,25.3833646,päiväkoti,Päiväkoti,False,False,"Koulurinteentie, 97220 Rovaniemi, Suomi",Koulurinteentie,Rovaniemi,97220.0,FI,,Koulurinteentie
Pilke musiikkipäiväkoti Majakka,64.6723804,24.4734572,päiväkoti,Päiväkoti,False,False,"Aisapolku 3, 92150 Raahe, Suomi",Aisapolku 3,Raahe,92150.0,FI,,Aisapolku 3
Svartå finskspråkiga daghem,60.1380977,23.8538747,päiväkoti,Päiväkoti,False,False,"Kaarnakuja 3, 10360 Mustio, Suomi",Kaarnakuja 3,Mustio,10360.0,FI,,Kaarnakuja 3
Knattebo daghem,60.0424076,23.9982658,päiväkoti,Päiväkoti,False,False,"Lilluddentie 5, 10210 Inkoo, Suomi             Lilluddsvägen 5, 10210 Ingå",Lilluddentie 5,Inkoo,10210.0,FI,,Lilluddentie 5
Pilke musiikkipäiväkoti Marakassi,60.2390571,24.0791723,päiväkoti,Päiväkoti,False,False,"Lehtolankaari 2, 08150 Lohja, Suomi",Lehtolankaari 2,Lohja,8150.0,FI,,Lehtolankaari 2
Pilke luontopäiväkoti Ulappa,60.2657027,24.0603117,päiväkoti,Päiväkoti,False,False,"Sahapiha 2, 08100 Lohja, Suomi",Sahapiha 2,Lohja,8100.0,FI,,Sahapiha 2
Svartbäckin Päiväkoti,60.1705294,24.1735843,päiväkoti,Päiväkoti,False,False,"Lappersintie 154, 02570 SIUNTIO KK, Suomi",Lappersintie 154,SIUNTIO KK,2570.0,FI,,Lappersintie 154
Päiväkoti Touhula Laajakallio,60.1300707,24.489736,päiväkoti,Päiväkoti,False,False,"Kotitontunkuja 18, 02400 Kirkkonummi, Suomi",Kotitontunkuja 18,Kirkkonummi,2400.0,FI,,Kotitontunkuja 18
Lapinkylän Päiväkoti,60.2256979,24.462185,päiväkoti,Päiväkoti,False,False,"Unnamed Road, 02520, 02520 Kirkkonummi, Suomi","Unnamed Road, 02520",Kirkkonummi,2520.0,FI,,"Unnamed Road, 02520"
Lankilan päiväkoti,60.3522412,24.3398452,päiväkoti,Päiväkoti,False,False,"Käppöstie 3, 03100 Nummela, Suomi",Käppöstie 3,Nummela,3100.0,FI,,Käppöstie 3
Rovaniemen Päiväkodit Oy,66.5051188,25.7118427,päiväkoti,Päiväkoti,False,False,"Maakuntakatu 15, 96100 Rovaniemi, Suomi",Maakuntakatu 15,Rovaniemi,96100.0,FI,,Maakuntakatu 15
Haapalan päiväkoti,60.5182272,24.1986664,päiväkoti,Päiväkoti,False,False,"Karkinkatu 9, 03600 Karkkila, Suomi",Karkinkatu 9,Karkkila,3600.0,FI,,Karkinkatu 9
Nummelan Eskari+Päiväkoti,60.3294947,24.320793,päiväkoti,Päiväkoti,False,False,"Huhdanpaju 13, 03100 Vihti, Suomi",Huhdanpaju 13,Vihti,3100.0,FI,,Huhdanpaju 13
Päiväkoti Pikkulyhty Pappilanpellon Päiväkoti,60.4094903,24.3227826,päiväkoti,Päiväkoti,False,False,"Kaartotie 1, 03400 Vihti, Suomi",Kaartotie 1,Vihti,3400.0,FI,,Kaartotie 1
Päiväkoti Vilperi Oy,60.5431466,24.2126885,päiväkoti,Päiväkoti,False,False,"Tuorilantie 16 B, 03600 Karkkila, Suomi",Tuorilantie 16 B,Karkkila,3600.0,FI,,Tuorilantie 16 B
Kylänaukion päiväkoti,60.209229,24.6722657,päiväkoti,Päiväkoti,False,False,"Kylävainionkuja 4, 02770 Espoo, Suomi",Kylävainionkuja 4,Espoo,2770.0,FI,,Kylävainionkuja 4
Lapin taikaa - Päiväkoti,67.6052437,24.1551405,päiväkoti,Päiväkoti,False,False,"Sannanrannantie 3, 95970 Äkäslompolo, Suomi",Sannanrannantie 3,Äkäslompolo,95970.0,FI,,Sannanrannantie 3
Ylläsjärven päiväkoti,67.5235595,24.2902603,päiväkoti,Lastentarha,False,False,"Kotamäentie 1, 95980 Kolari, Suomi",Kotamäentie 1,Kolari,95980.0,FI,,Kotamäentie 1
Tyyskylän päiväkoti,60.1752788,24.2026071,päiväkoti,Päiväkoti,False,False,"Tyyskyläntie 3, 02570 Siuntio, Suomi",Tyyskyläntie 3,Siuntio,2570.0,FI,,Tyyskyläntie 3
Pappilanniemen päiväkoti,61.0637788,24.4050906,päiväkoti,Päiväkoti,False,False,"Pappilanniementie 9, 13880 Hattula, Suomi",Pappilanniementie 9,Hattula,13880.0,FI,,Pappilanniementie 9
"Päiväkoti Norlandia Tuuli, Norlandia Päiväkodit Oy",61.0116444,24.437517,päiväkoti,Päiväkoti,False,False,"Veteraanipolku 1, 13600 Hämeenlinna, Suomi",Veteraanipolku 1,Hämeenlinna,13600.0,FI,,Veteraanipolku 1
Sairion päiväkoti,61.0131368,24.4630574,päiväkoti,Päiväkoti,False,False,"Salomaankatu 44, 13220 Hämeenlinna, Suomi",Salomaankatu 44,Hämeenlinna,13220.0,FI,,Salomaankatu 44
Päiväkoti Viiriäinen,61.0597112,24.3815536,päiväkoti,Päiväkoti,False,False,"Honkatie 4, 13720 Parola, Suomi",Honkatie 4,Parola,13720.0,FI,,Honkatie 4
Karhuryhmän päiväkoti,60.9924652,24.4464223,päiväkoti,Päiväkoti,False,False,"Turuntie 13, 13130 Hämeenlinna, Suomi",Turuntie 13,Hämeenlinna,13130.0,FI,,Turuntie 13
Hirsimäen Päiväkoti,61.0576381,24.3620869,päiväkoti,Päiväkoti,False,False,"Myllytie 29, 13500 Hämeenlinna, Suomi",Myllytie 29,Hämeenlinna,13500.0,FI,,Myllytie 29
Päiväkoti Tuulimylly,61.1149988,24.3280073,päiväkoti,Päiväkoti,False,False,"Lepaantie 109, 14610 Lepaa, Suomi",Lepaantie 109,Lepaa,14610.0,FI,,Lepaantie 109
Päiväkoti Sinitiuku,61.0114641,24.5047821,päiväkoti,Päiväkoti,False,False,"Harakkamäki 3, 13210 Hämeenlinna, Suomi",Harakkamäki 3,Hämeenlinna,13210.0,FI,,Harakkamäki 3
Pilke liikuntapäiväkoti Jukola,60.9793451,24.4336582,päiväkoti,Päiväkoti,False,False,"Kekkurinkuja 6, 13500 Hämeenlinna, Suomi",Kekkurinkuja 6,Hämeenlinna,13500.0,FI,,Kekkurinkuja 6
Vehkojan päiväkoti,60.607826,24.8369403,päiväkoti,Päiväkoti,False,False,"Karsikkotie 3, 05840 Hyvinkää, Suomi",Karsikkotie 3,Hyvinkää,5840.0,FI,,Karsikkotie 3
Hakalantalon päiväkoti,60.6154827,24.8710199,päiväkoti,Päiväkoti,False,False,"Niinipuuntie 5, 05460 Hyvinkää, Suomi",Niinipuuntie 5,Hyvinkää,5460.0,FI,,Niinipuuntie 5
Kirjauksen päiväkoti,60.7471661,24.7486921,päiväkoti,Päiväkoti,False,False,"Pyysalontie 3, 11120 Riihimäki, Suomi",Pyysalontie 3,Riihimäki,11120.0,FI,,Pyysalontie 3
Hiidenkiukaan päiväkoti,60.6113971,24.8641169,päiväkoti,Päiväkoti,False,False,"Hiidenkiukaantie 2, 05460 Hyvinkää, Suomi",Hiidenkiukaantie 2,Hyvinkää,5460.0,FI,,Hiidenkiukaantie 2
Nukarin päiväkoti,60.5291694,24.9145828,päiväkoti,Päiväkoti,False,False,"Nummenniityntie 4, 05450 Nukari, Suomi",Nummenniityntie 4,Nukari,5450.0,FI,,Nummenniityntie 4
Kenttäkadun päiväkoti,60.6376905,24.8666838,päiväkoti,Päiväkoti,False,False,"Kenttäkatu 11-13, 05800 Hyvinkää, Suomi",Kenttäkatu 11-13,Hyvinkää,5800.0,FI,,Kenttäkatu 11-13
Hangonsillan päiväkoti,60.6304824,24.850118,päiväkoti,Päiväkoti,False,False,"Suutarinkatu 4, 05800 Hyvinkää, Suomi",Suutarinkatu 4,Hyvinkää,5800.0,FI,,Suutarinkatu 4
Pilke Poutapilvi,60.7198628,24.7555701,päiväkoti,Päiväkoti,False,False,"Koppelintie 40, 11710 Riihimäki, Suomi",Koppelintie 40,Riihimäki,11710.0,FI,,Koppelintie 40
Päiväkoti Päiväpirtti,60.6353297,24.8573629,päiväkoti,Päiväkoti,False,False,"Parantolanpuisto, 05800 Hyvinkää, Suomi",Parantolanpuisto,Hyvinkää,5800.0,FI,,Parantolanpuisto
Päiväkoti Touhula Laidunalue,60.4776931,24.8335935,päiväkoti,Päiväkoti,False,False,"Ohjastie 1, 01900 Nurmijärvi, Suomi",Ohjastie 1,Nurmijärvi,1900.0,FI,,Ohjastie 1
Kaivokselan päiväkoti,60.266254,24.8681957,päiväkoti,Päiväkoti,False,False,"Kaivosvoudintie 6, 01610 Vantaa, Suomi",Kaivosvoudintie 6,Vantaa,1610.0,FI,,Kaivosvoudintie 6
Notkopuiston päiväkoti,60.5499382,24.9591847,päiväkoti,Päiväkoti,False,False,"Sivutie 4, 05400 Tuusula, Suomi",Sivutie 4,Tuusula,5400.0,FI,,Sivutie 4
Kanniston päiväkoti,60.3270306,24.8610655,päiväkoti,Päiväkoti,False,False,"Kenraalintie 6, 01700 Vantaa, Suomi",Kenraalintie 6,Vantaa,1700.0,FI,,Kenraalintie 6
Melukylän päiväkoti,61.0787897,25.0080589,päiväkoti,Päiväkoti,False,False,"Huovintie 3, 16900 Lammi, Suomi",Huovintie 3,Lammi,16900.0,FI,,Huovintie 3
Kirkonkylän päiväkoti,60.46756,24.80844,päiväkoti,Päiväkoti,False,False,"Toreenintie 2, 01900 Nurmijärvi, Suomi",Toreenintie 2,Nurmijärvi,1900.0,FI,,Toreenintie 2
Keskustan päiväkoti,60.4673238,25.0879277,päiväkoti,Päiväkoti,False,False,"Kansakoulunkatu 28, 04400 Järvenpää, Suomi",Kansakoulunkatu 28,Järvenpää,4400.0,FI,,Kansakoulunkatu 28
Lammin päiväkoti,61.0702718,25.0130942,päiväkoti,Lastentarha,False,False,"Mommilantie 21, 16900 Hämeenlinna, Suomi",Mommilantie 21,Hämeenlinna,16900.0,FI,,Mommilantie 21
STEP-päiväkoti,60.4552981,25.080307,päiväkoti,Päiväkoti,False,False,"Järvenpääntie 640, 04400 Järvenpää, Suomi",Järvenpääntie 640,Järvenpää,4400.0,FI,,Järvenpääntie 640
Jaarlin Päiväkodit Oy,61.0091231,24.4422422,päiväkoti,Päiväkoti,False,False,"Kettumäentie 2, 13600 Hämeenlinna, Suomi",Kettumäentie 2,Hämeenlinna,13600.0,FI,,Kettumäentie 2
Kimaran päiväkoti,60.2826998,24.7790998,päiväkoti,Päiväkoti,False,False,"Kimaratie 12, 01680 Vantaa, Suomi",Kimaratie 12,Vantaa,1680.0,FI,,Kimaratie 12
Harjun päiväkoti,61.3421437,24.261608,päiväkoti,Päiväkoti,False,False,"Syrjänharjuntie 4, 36600 Pälkäne, Suomi",Syrjänharjuntie 4,Pälkäne,36600.0,FI,,Syrjänharjuntie 4
Aitoon päiväkoti,61.3380052,24.4956455,päiväkoti,Päiväkoti,False,False,"Vakkomäentie 3, 36720 Pälkäne, Suomi",Vakkomäentie 3,Pälkäne,36720.0,FI,,Vakkomäentie 3
Jönsaksen päiväkoti,60.2618195,24.859104,päiväkoti,Päiväkoti,False,False,"Löydöspolku 4, 01600 Vantaa, Suomi",Löydöspolku 4,Vantaa,1600.0,FI,,Löydöspolku 4
Liuksialan päiväkoti,61.4495644,24.0239926,päiväkoti,Päiväkoti,False,False,"Ahulinjärventie 23, 36200 Kangasala, Suomi",Ahulinjärventie 23,Kangasala,36200.0,FI,,Ahulinjärventie 23
Omenatarhan päiväkoti,61.467448,24.0471997,päiväkoti,Päiväkoti,False,False,"Riihikuja 5, 36200 Kangasala, Suomi",Riihikuja 5,Kangasala,36200.0,FI,,Riihikuja 5
Pilke tiedepäiväkoti Planeetta,61.0031546,24.4748424,päiväkoti,Päiväkoti,False,False,"Varikonniementie 16, 13200 Hämeenlinna, Suomi",Varikonniementie 16,Hämeenlinna,13200.0,FI,,Varikonniementie 16
Viirikukon Päiväkoti,61.3402028,24.2668782,päiväkoti,Päiväkoti,False,False,"Mustalantie 7, 36600 Pälkäne, Suomi",Mustalantie 7,Pälkäne,36600.0,FI,,Mustalantie 7
Kalajärven päiväkoti,60.3059612,24.7354636,päiväkoti,Päiväkoti,False,False,"Hiirisuontie 3, 02970 Espoo, Suomi",Hiirisuontie 3,Espoo,2970.0,FI,,Hiirisuontie 3
Hirsimäen päiväkoti,60.9838346,24.3837306,päiväkoti,Koulu,False,False,"Hirsimäenkatu 26, 13500 Hämeenlinna, Suomi",Hirsimäenkatu 26,Hämeenlinna,13500.0,FI,,Hirsimäenkatu 26
Husaaritien päiväkoti,60.3287841,24.8509564,päiväkoti,Päiväkoti,False,False,"Husaaritie 1 c, 01700 Vantaa, Suomi",Husaaritie 1 c,Vantaa,1700.0,FI,,Husaaritie 1 c
Ura­mon päi­vä­ko­ti,60.7490579,24.75927,päiväkoti,Päiväkoti,False,False,"Uramontie 63, 11120 Riihimäki, Suomi",Uramontie 63,Riihimäki,11120.0,FI,,Uramontie 63
Uunilinnun päiväkoti,60.7434025,24.7799252,päiväkoti,Päiväkoti,False,False,"Kallionkatu 2, 11100 Riihimäki, Suomi",Kallionkatu 2,Riihimäki,11100.0,FI,,Kallionkatu 2
Haltian vuoropäiväkoti,60.9225091,24.6554366,päiväkoti,Päiväkoti,False,False,"Haltiantie 8, 14200 Turenki, Suomi",Haltiantie 8,Turenki,14200.0,FI,,Haltiantie 8
Piikinmäen päiväkoti,60.7315335,24.775009,päiväkoti,Päiväkoti,False,False,"Peltokuja 4, 11130 Riihimäki, Suomi",Peltokuja 4,Riihimäki,11130.0,FI,,Peltokuja 4
Jukolan päiväkoti,60.7402082,24.8137516,päiväkoti,Päiväkoti,False,False,"Palojoentie 2, 11130 Riihimäki, Suomi",Palojoentie 2,Riihimäki,11130.0,FI,,Palojoentie 2
Kontiontien päiväkoti,60.7469299,24.7668574,päiväkoti,Päiväkoti,False,False,"Kontiontie 34 A, 11120 Riihimäki, Suomi",Kontiontie 34 A,Riihimäki,11120.0,FI,,Kontiontie 34 A
Päiväkoti Myllytonttu,61.056764,24.3675351,päiväkoti,Päiväkoti,False,False,"Myllytie 13, 13720 Parola, Suomi",Myllytie 13,Parola,13720.0,FI,,Myllytie 13
Hirsimäen päiväkoti,60.7305343,24.753302,päiväkoti,Päiväkoti,False,False,"Savikonkatu 22, 11100 Riihimäki, Suomi",Savikonkatu 22,Riihimäki,11100.0,FI,,Savikonkatu 22
Päiväkoti Marjahattu,61.0538036,24.3628139,päiväkoti,Päiväkoti,False,False,"Merventie 10, 13720 Parola, Suomi",Merventie 10,Parola,13720.0,FI,,Merventie 10
Katuman päiväkoti,60.9870952,24.5097779,päiväkoti,Päiväkoti,False,False,"Mustikkatie 5, 13100 Hämeenlinna, Suomi",Mustikkatie 5,Hämeenlinna,13100.0,FI,,Mustikkatie 5
Jaarlin Päiväkodit Oy,60.9923402,24.4331371,päiväkoti,Päiväkoti,False,False,"Miehistönkatu 3, 13130 Hämeenlinna, Suomi",Miehistönkatu 3,Hämeenlinna,13130.0,FI,,Miehistönkatu 3
Karhumäen päiväkoti,60.9835701,24.3831222,päiväkoti,Esikoulu,False,False,"Hirsimäenkatu 33, 13500 Hämeenlinna, Suomi",Hirsimäenkatu 33,Hämeenlinna,13500.0,FI,,Hirsimäenkatu 33
Idänpään päiväkoti,61.0060078,24.4990816,päiväkoti,Päiväkoti,False,False,"Anttilankatu 4, 13210 Hämeenlinna, Suomi",Anttilankatu 4,Hämeenlinna,13210.0,FI,,Anttilankatu 4
Päiväkoti Pikku Karamelli,60.9783363,24.4168204,päiväkoti,Päiväkoti,False,False,"Pollentie 23, 13500 Hämeenlinna, Suomi",Pollentie 23,Hämeenlinna,13500.0,FI,,Pollentie 23
Kaivokadun päiväkoti,60.9966041,24.4574253,päiväkoti,Lastentarha,False,False,"Birger Jaarlin katu 24, 13100 Hämeenlinna, Suomi",Birger Jaarlin katu 24,Hämeenlinna,13100.0,FI,,Birger Jaarlin katu 24
Rengon päiväkoti Ketunhännät,60.8906378,24.2957048,päiväkoti,Päiväkoti,False,False,"Rengonraitti 42, 14300 Renko, Suomi",Rengonraitti 42,Renko,14300.0,FI,,Rengonraitti 42
Toivikkeen päiväkoti,60.5349154,24.2421321,päiväkoti,Päiväkoti,False,False,"Pajakatu 15, 03620 Karkkila, Suomi",Pajakatu 15,Karkkila,3620.0,FI,,Pajakatu 15
Ryhmäperhepäiväkoti,60.5432037,24.2119664,päiväkoti,Päiväkoti,False,False,"Tuorilantie 16, 03600 Karkkila, Suomi",Tuorilantie 16,Karkkila,3600.0,FI,,Tuorilantie 16
Liivuoren päiväkoti,60.9821944,24.426793,päiväkoti,Päiväkoti,False,False,"Liivuorentie 22, 13500 Hämeenlinna, Suomi",Liivuorentie 22,Hämeenlinna,13500.0,FI,,Liivuorentie 22
Kissaniemen päiväkoti,62.4141233,24.789408,päiväkoti,Päiväkoti,False,False,"Jussintie 2, 42600 Multia, Suomi",Jussintie 2,Multia,42600.0,FI,,Jussintie 2
Vilppulankosken päiväkoti,62.0166805,24.5033434,päiväkoti,Koulu,False,False,"Koulukaari 1, 35700 Mänttä-Vilppula, Suomi",Koulukaari 1,Mänttä-Vilppula,35700.0,FI,,Koulukaari 1
Ryhmäperhepäiväkoti Sinikello,62.5523013,24.0711561,päiväkoti,Perhepäivähoito,False,False,"Sairaalantie 4, 63700 Ähtäri, Suomi",Sairaalantie 4,Ähtäri,63700.0,FI,,Sairaalantie 4
Mäntymetsän päiväkoti,63.2087417,24.4269793,päiväkoti,Lastentarha,False,False,"Myllykankaankuja 4, 69950 Perho, Suomi",Myllykankaankuja 4,Perho,69950.0,FI,,Myllykankaankuja 4
Kirkkokadun Lastentalo,64.6872037,24.4786162,päiväkoti,Päiväkoti,False,False,"Kirkkokatu 14 B, 92100 Raahe, Suomi",Kirkkokatu 14 B,Raahe,92100.0,FI,,Kirkkokatu 14 B
PikkuPietari,64.692626,24.5030252,päiväkoti,Päiväkoti,False,False,"Länsi-Vilppu 2, 92130 Raahe, Suomi",Länsi-Vilppu 2,Raahe,92130.0,FI,,Länsi-Vilppu 2
Päiväkoti Pirpala,65.8057098,24.541376,päiväkoti,Päiväkoti,False,False,"Kullekuja 3, 94400 Keminmaa, Suomi",Kullekuja 3,Keminmaa,94400.0,FI,,Kullekuja 3
Päiväkoti Ninnikka,66.4840914,25.7094748,päiväkoti,Päiväkoti,False,False,"Huvilatie 4, Pappilantie 52, 96300 Rovaniemi, Suomi","Huvilatie 4, Pappilantie 52",Rovaniemi,96300.0,FI,,"Huvilatie 4, Pappilantie 52"
Päiväkoti Touhula Tornio,65.8495828,24.1699547,päiväkoti,Päiväkoti,False,False,"Torpin rinnakkaiskatu 1, 95420 Tornio, Suomi",Torpin rinnakkaiskatu 1,Tornio,95420.0,FI,,Torpin rinnakkaiskatu 1
Pilke Mäkiranta,66.5090189,25.7587409,päiväkoti,Päiväkoti,False,False,"Mäkiranta 3, 96200 Rovaniemi, Suomi",Mäkiranta 3,Rovaniemi,96200.0,FI,,Mäkiranta 3
Santamäkitalon päiväkoti,64.9082384,25.487901,päiväkoti,Lastentarha,False,False,"Peltomiehentie 5, 90440 Kempele, Suomi",Peltomiehentie 5,Kempele,90440.0,FI,,Peltomiehentie 5
Kellomäen päiväkoti,65.7883708,24.5124215,päiväkoti,Päiväkoti,False,False,"Vehkatie 2, 94450 Keminmaa, Suomi",Vehkatie 2,Keminmaa,94450.0,FI,,Vehkatie 2
Jokisuun Päiväkoti,65.7801604,24.4863296,päiväkoti,Päiväkoti,False,False,"Junttapolku 2, 94450 Keminmaa, Suomi",Junttapolku 2,Keminmaa,94450.0,FI,,Junttapolku 2
Pilke musiikkipäiväkoti Huvikumpu,65.852821,24.192297,päiväkoti,Päiväkoti,False,False,"Kirjohaudantie 1, 95410 Tornio, Suomi",Kirjohaudantie 1,Tornio,95410.0,FI,,Kirjohaudantie 1
Koskelan päiväkoti,65.0446351,25.4478764,päiväkoti,Päiväkoti,False,False,"Tuulaakitie 3, 90560 Oulu, Suomi",Tuulaakitie 3,Oulu,90560.0,FI,,Tuulaakitie 3
Takajärven Päiväkoti,65.7337328,24.6208201,päiväkoti,Lastentarha,False,False,"Oklaholmankatu 20, 94700 Kemi, Suomi",Oklaholmankatu 20,Kemi,94700.0,FI,,Oklaholmankatu 20
Pikku-Ainon päiväkoti,65.0168801,25.4848747,päiväkoti,Päiväkoti,False,False,"Makasiinikatu 6, 90130 Oulu, Suomi",Makasiinikatu 6,Oulu,90130.0,FI,,Makasiinikatu 6
Pikkukokon Päiväkoti,64.9185256,25.5553721,päiväkoti,Lastentarha,False,False,"Pikkukokko 2, 90450 Kempele, Suomi",Pikkukokko 2,Kempele,90450.0,FI,,Pikkukokko 2
Kallioputaan päiväkoti,65.8342341,24.1936025,päiväkoti,Päiväkoti,False,False,"Thurevikinkatu 35, 95420 Tornio, Suomi",Thurevikinkatu 35,Tornio,95420.0,FI,,Thurevikinkatu 35
Päiväkoti Pikkupursi,65.1221274,25.3430024,päiväkoti,Lastenhoitotoimisto,False,False,"Linkkitie 1, 90810 Oulu, Suomi",Linkkitie 1,Oulu,90810.0,FI,,Linkkitie 1
Salonpään päiväkoti,64.9744853,25.3281183,päiväkoti,Lastentarha,False,False,"Varjakantie 9, 90470 Oulu, Suomi",Varjakantie 9,Oulu,90470.0,FI,,Varjakantie 9
Puukoulun Päiväkoti,64.9006118,25.5483131,päiväkoti,Lastentarha,False,False,"Pekurintie 9, 90450 Kempele, Suomi",Pekurintie 9,Kempele,90450.0,FI,,Pekurintie 9
Pilke tiedepäiväkoti Kuukkeli,66.5317306,25.6753253,päiväkoti,Päiväkoti,False,False,"Kivikangas 1, 96800 Rovaniemi, Suomi",Kivikangas 1,Rovaniemi,96800.0,FI,,Kivikangas 1
Kuukkelin päiväkoti,64.9638072,25.5533505,päiväkoti,Lastentarha,False,False,"Hippiäiskuja 3, 90420 Oulu, Suomi",Hippiäiskuja 3,Oulu,90420.0,FI,,Hippiäiskuja 3
Soittajankankaan päiväkoti,65.0085167,25.5878985,päiväkoti,Koulu,False,False,"Kunniamarssi 1, 90650 Oulu, Suomi",Kunniamarssi 1,Oulu,,FI,,Kunniamarssi 1
Aapin päiväkoti,64.7980943,25.418061,päiväkoti,Lastentarha,False,False,"Selkäsentie 2, 91900 Liminka, Suomi",Selkäsentie 2,Liminka,91900.0,FI,,Selkäsentie 2
Kaijonharjun päiväkoti,65.060646,25.4857254,päiväkoti,Lastentarha,False,False,"Kalevalantie 9, 90570 Oulu, Suomi",Kalevalantie 9,Oulu,90570.0,FI,,Kalevalantie 9
Degerby daghem,60.090062,24.1833801,päiväkoti,Lastentarha,False,False,"Degerbyntie 106, 10160 Inkoo, Suomi",Degerbyntie 106,Inkoo,10160.0,FI,,Degerbyntie 106
Hiidenrannan päiväkoti,60.340261,24.2923935,päiväkoti,Lastentarha,False,False,"Tiesmäenkuja 6, 03100 Vihti, Suomi",Tiesmäenkuja 6,Vihti,3100.0,FI,,Tiesmäenkuja 6
Pilke liikuntapäiväkoti Linnanniittu,60.3160715,24.3197493,päiväkoti,Päiväkoti,False,False,"Kotikyläntie 3, 03100 Nummela, Suomi",Kotikyläntie 3,Nummela,3100.0,FI,,Kotikyläntie 3
Pappilanmäen päiväkoti,60.1284489,24.4306592,päiväkoti,Päiväkoti,False,False,"02400 Kirkkonummi, Suomi",,Kirkkonummi,,FI,,
Myrskylänmäen Perhekeskus,60.4116516,24.3310813,päiväkoti,Päiväkoti,False,False,"Nummelantie 9, 03400 Vihti, Suomi",Nummelantie 9,Vihti,3400.0,FI,,Nummelantie 9
Pilke luontopäiväkoti Kultaseppä,60.3250675,24.3276083,päiväkoti,Päiväkoti,False,False,"Kultasepänkuja 6, 03100 Nummela, Suomi",Kultasepänkuja 6,Nummela,3100.0,FI,,Kultasepänkuja 6
Päiväkoti Touhula Pikkutikka,60.3888787,24.7239564,päiväkoti,Päiväkoti,False,False,"Pikkutikankuja 2, 01800 Klaukkala, Suomi",Pikkutikankuja 2,Klaukkala,1800.0,FI,,Pikkutikankuja 2
Päiväkoti Norlandia Tilli,60.1666855,24.6443062,päiväkoti,Päiväkoti,False,False,"Suotie 4, 02330 Espoo, Suomi",Suotie 4,Espoo,2330.0,FI,,Suotie 4
Havumäen päiväkoti,60.4001801,24.7615907,päiväkoti,Päiväkoti,False,False,"Havumäentie 9, 01820 Nurmijärvi, Suomi",Havumäentie 9,Nurmijärvi,1820.0,FI,,Havumäentie 9
Nurmijärven kunta,60.4840355,24.6430153,päiväkoti,Päiväkoti,False,False,"Kangastie 1, 05100 Röykkä, Suomi",Kangastie 1,Röykkä,5100.0,FI,,Kangastie 1
Sassin koulu ja päiväkoti,61.2473526,24.0520553,päiväkoti,Koulu,False,False,"Sassintie, 37600 Valkeakoski, Suomi",Sassintie,Valkeakoski,37600.0,FI,,Sassintie
Hommas ruotsinkielinen päiväkoti ja esikoulu,60.1634644,24.5371856,päiväkoti,Päiväkoti,False,False,"Ljusdalantie 5, 02430 Kirkkonummi, Suomi",Ljusdalantie 5,Kirkkonummi,2430.0,FI,,Ljusdalantie 5
Lepsämän Päiväkoti,60.3828917,24.6807971,päiväkoti,Päiväkoti,False,False,"Mäntytie 18, 01830 Nurmijärvi, Suomi",Mäntytie 18,Nurmijärvi,1830.0,FI,,Mäntytie 18
Kiinteistö Oy Aitohelmi,60.3856351,24.7430786,päiväkoti,Päiväkoti,False,False,"Klaukkalantie 72, 01800 Klaukkala, Suomi",Klaukkalantie 72,Klaukkala,1800.0,FI,,Klaukkalantie 72
Ojakkalan päiväkoti,60.3702555,24.4023763,päiväkoti,Lastentarha,False,False,"Opintie 4, 03250 Vihti, Suomi",Opintie 4,Vihti,3250.0,FI,,Opintie 4
Pajuniityn päiväkoti,60.3291382,24.320368,päiväkoti,Lastentarha,False,False,"Huhdanpaju 12, 03100 Vihti, Suomi",Huhdanpaju 12,Vihti,3100.0,FI,,Huhdanpaju 12
Kuitinmäen päiväkoti,60.1745741,24.7236534,päiväkoti,Päiväkoti,False,False,"Kuunsäde 6 D, 02210 Espoo, Suomi",Kuunsäde 6 D,Espoo,2210.0,FI,,Kuunsäde 6 D
Suviniityn päiväkoti,60.2047196,24.6649664,päiväkoti,Päiväkoti,False,False,"Suviniitynkuja 2, 02770 Espoo, Suomi",Suviniitynkuja 2,Espoo,2770.0,FI,,Suviniitynkuja 2
Vanhankylän Päiväkoti,61.2836532,23.9882569,päiväkoti,Koulu,False,False,"Vanhankyläntie 6, 37630 Valkeakoski, Suomi",Vanhankyläntie 6,Valkeakoski,37630.0,FI,,Vanhankyläntie 6
Eestinlaakson Päiväkoti,60.1685052,24.6777721,päiväkoti,Päiväkoti,False,False,"Eestinlaakso 14, 02280 Espoo, Suomi",Eestinlaakso 14,Espoo,2280.0,FI,,Eestinlaakso 14
"Päiväkoti Norlandia Graniitti, Norlandia Päiväkodit Oy",60.206342,24.7056526,päiväkoti,Päiväkoti,False,False,"Ullanmäentie 10, 02700 Kauniainen, Suomi",Ullanmäentie 10,Kauniainen,2700.0,FI,,Ullanmäentie 10
Friisilän päiväkoti,60.1668596,24.7130785,päiväkoti,Päiväkoti,False,False,"Friisinniityntie 21, 02240 Espoo, Suomi",Friisinniityntie 21,Espoo,2240.0,FI,,Friisinniityntie 21
Jaarlin Päiväkodit Oy,61.0264746,24.4455188,päiväkoti,Päiväkoti,False,False,"Katajistontie 2, 13210 Hämeenlinna, Suomi",Katajistontie 2,Hämeenlinna,13210.0,FI,,Katajistontie 2
"Päiväkoti Norlandia Kartano, Norlandia Päiväkodit Oy",60.1576962,24.5509786,päiväkoti,Päiväkoti,False,False,"Sundetin puistotie 20, 02450 Sundsberg, Suomi",Sundetin puistotie 20,Sundsberg,2450.0,FI,,Sundetin puistotie 20
Taapero-Päiväkoti,60.1543198,24.5456354,päiväkoti,Päiväkoti,False,False,"Sundsberginkuja, 02450 Sundsberg, Suomi",Sundsberginkuja,Sundsberg,2450.0,FI,,Sundsberginkuja
Lystimäen päiväkoti,60.1718809,24.7478833,päiväkoti,Päiväkoti,False,False,"Haltilanpuisto 2, 02200 Espoo, Suomi",Haltilanpuisto 2,Espoo,2200.0,FI,,Haltilanpuisto 2
Opinmäen suomenkielinen päiväkoti,60.1908447,24.7386453,päiväkoti,Päiväkoti,False,False,"Lillhemtintie 1, Välimäki, 02250 Espoo, Suomi","Lillhemtintie 1, Välimäki",Espoo,2250.0,FI,,"Lillhemtintie 1, Välimäki"
Hösmärin päiväkoti,60.1985851,24.6719544,päiväkoti,Päiväkoti,False,False,"Sokinvuorenkuja 2, 02760 Espoo, Suomi",Sokinvuorenkuja 2,Espoo,2760.0,FI,,Sokinvuorenkuja 2
Kirstin päiväkoti,60.2018299,24.6707452,päiväkoti,Päiväkoti,False,False,"Kirstintie 11, 02760 Espoo, Suomi",Kirstintie 11,Espoo,2760.0,FI,,Kirstintie 11
"Professorintien päiväkoti, Nurmijärven kunta",60.3977016,24.7501403,päiväkoti,Päiväkoti,False,False,"Professorintie 5, 01800 Klaukkala, Suomi",Professorintie 5,Klaukkala,1800.0,FI,,Professorintie 5
Päiväkoti Pilke Planeetta,61.0033959,24.4742972,päiväkoti,Päiväkoti,False,False,"Varikonniementie 16, 13210 Hämeenlinna, Suomi",Varikonniementie 16,Hämeenlinna,13210.0,FI,,Varikonniementie 16
Päiväkoti Regnbågenin kannatusyhdistys ry.,60.1269324,24.4376664,päiväkoti,Yhdistys tai järjestö,False,False,"Seurakunnantie 2 B, 02400 Kirkkonummi, Suomi",Seurakunnantie 2 B,Kirkkonummi,2400.0,FI,,Seurakunnantie 2 B
Papinniityn Päiväkoti,60.1678703,24.7331321,päiväkoti,Päiväkoti,False,False,"Komeetankuja 3 A, 02210 Espoo, Suomi",Komeetankuja 3 A,Espoo,2210.0,FI,,Komeetankuja 3 A
Kalamiehen päiväkoti,60.1539069,24.732322,päiväkoti,Päiväkoti,False,False,"Kalastajankuja 8, 02230 Espoo, Suomi",Kalastajankuja 8,Espoo,2230.0,FI,,Kalastajankuja 8
Aallonkohinan päiväkoti,60.1491312,24.6396402,päiväkoti,Päiväkoti,False,False,"02320 Espoo, Suomi",,Espoo,,FI,,
Hermannin Päiväkoti,61.3170751,24.2685044,päiväkoti,Koulu,False,False,"Hermannintie 3, 36600 Pälkäne, Suomi",Hermannintie 3,Pälkäne,36600.0,FI,,Hermannintie 3
Ylitilantien päiväkoti,60.382609,24.7531965,päiväkoti,Lastentarha,False,False,"Ylitilantie 5, 01800 Klaukkala, Suomi",Ylitilantie 5,Klaukkala,1800.0,FI,,Ylitilantie 5
Huutijärven Päiväkoti,61.4551533,24.1014426,päiväkoti,Päiväkoti,False,False,"Mäyrävuorentie 6, 36200 Kangasala, Suomi",Mäyrävuorentie 6,Kangasala,36200.0,FI,,Mäyrävuorentie 6
Kruununpuiston päiväkoti,60.6180139,24.8519102,päiväkoti,Päiväkoti,False,False,"Juhaninkatu 10, 05830 Hyvinkää, Suomi",Juhaninkatu 10,Hyvinkää,5830.0,FI,,Juhaninkatu 10
Nuumäen päiväkoti,60.2352238,24.7434908,päiväkoti,Päiväkoti,False,False,"Nuumäentie 2, 02710 Espoo, Suomi",Nuumäentie 2,Espoo,2710.0,FI,,Nuumäentie 2
Anttilan päiväkoti,60.6084458,24.8497062,päiväkoti,Päiväkoti,False,False,"Niemisentie 1, 05830 Hyvinkää, Suomi",Niemisentie 1,Hyvinkää,5830.0,FI,,Niemisentie 1
Metsäkuusen päiväkoti,60.6128375,24.8735596,päiväkoti,Päiväkoti,False,False,"Metsäkuusentie 2, 05460 Hyvinkää, Suomi",Metsäkuusentie 2,Hyvinkää,5460.0,FI,,Metsäkuusentie 2
Seutulan päiväkoti,60.3455322,24.8716471,päiväkoti,Päiväkoti,False,False,"Katriinankuja 3, 01760 Vantaa, Suomi",Katriinankuja 3,Vantaa,1760.0,FI,,Katriinankuja 3
Paavolan päiväkoti,60.6487996,24.8316858,päiväkoti,Päiväkoti,False,False,"Aittatie 3, 05880 Hyvinkää, Suomi",Aittatie 3,Hyvinkää,5880.0,FI,,Aittatie 3
"Päiväkoti Norlandia Kärry, Norlandia Päiväkodit Oy",60.2503835,24.7212966,päiväkoti,Päiväkoti,False,False,"Kärrynpyöräntie 1, 02940 Espoo, Suomi",Kärrynpyöräntie 1,Espoo,2940.0,FI,,Kärrynpyöräntie 1
Niipperin päiväkoti,60.2790784,24.7533221,päiväkoti,Päiväkoti,False,False,"Alajuoksu 1, 02920 Espoo, Suomi",Alajuoksu 1,Espoo,2920.0,FI,,Alajuoksu 1
Kivistön päiväkoti,60.3254655,24.8353846,päiväkoti,Päiväkoti,False,False,"Moreenitie 39, 01700 Vantaa, Suomi",Moreenitie 39,Vantaa,1700.0,FI,,Moreenitie 39
Hansa Kindergarten/Päiväkoti Hansa,60.1927652,24.6023803,päiväkoti,Päiväkoti,False,False,"Emil Halmeen tie 1, 02780 Espoo, Suomi",Emil Halmeen tie 1,Espoo,2780.0,FI,,Emil Halmeen tie 1
Päiväkoti Pellava,60.2012085,24.6712502,päiväkoti,Päiväkoti,False,False,"Sokinsuonkuja 4, 02760 Espoo, Suomi",Sokinsuonkuja 4,Espoo,2760.0,FI,,Sokinsuonkuja 4
Mäntysalon päiväkoti,60.4003585,24.7580482,päiväkoti,Päiväkoti,False,False,"Eräpolku 2, 01800 Klaukkala, Suomi",Eräpolku 2,Klaukkala,1800.0,FI,,Eräpolku 2
Ymmerstan päiväkoti,60.2044607,24.7074621,päiväkoti,Päiväkoti,False,False,"Ullantorppa 6, 02750 Espoo, Suomi",Ullantorppa 6,Espoo,2750.0,FI,,Ullantorppa 6
Klaukkalan Avoin Päiväkoti,60.3789885,24.7476172,päiväkoti,Päiväkoti,False,False,"Vaskomäentie 5, 01800 Nurmijärvi, Suomi",Vaskomäentie 5,Nurmijärvi,1800.0,FI,,Vaskomäentie 5
Iivisniemen päiväkoti,60.1489236,24.6960387,päiväkoti,Päiväkoti,False,False,"Iivisniementie 1, 02260 Espoo, Suomi",Iivisniementie 1,Espoo,2260.0,FI,,Iivisniementie 1
Hyvinkäänkylän Päiväkoti,60.6040207,24.8197568,päiväkoti,Päiväkoti,False,False,"Nikinharjunpolku 4, 05840 Hyvinkää, Suomi",Nikinharjunpolku 4,Hyvinkää,5840.0,FI,,Nikinharjunpolku 4
Laitikkalan Ryhmäperhepäiväkoti,61.2684042,24.362692,päiväkoti,Päiväkoti,False,False,"Kuisemantie 41, 36660 Laitikkala, Suomi",Kuisemantie 41,Laitikkala,36660.0,FI,,Kuisemantie 41
Kristillinen Päiväkoti Pikkupursi,61.5350694,23.9396956,päiväkoti,Päiväkoti,False,False,"Ketarantie 4, 33680 Tampere, Suomi",Ketarantie 4,Tampere,33680.0,FI,,Ketarantie 4
Päiväkoti Muksula,63.0497162,24.5583277,päiväkoti,Päiväkoti,False,False,"Koulutie 5, 43700 Kyyjärvi, Suomi",Koulutie 5,Kyyjärvi,43700.0,FI,,Koulutie 5
Eskolan Kyläpalvelu Oy,63.9105578,24.1718882,päiväkoti,Päiväkoti,False,False,"Koulutie 3, 69150 Eskola, Suomi",Koulutie 3,Eskola,69150.0,FI,,Koulutie 3
Murunen Oy Ylivieska,64.0885441,24.5549589,päiväkoti,Päiväkoti,False,False,"Alpuumintie 11, 84100 Ylivieska, Suomi",Alpuumintie 11,Ylivieska,84100.0,FI,,Alpuumintie 11
Laukkalinnan päiväkoti,64.2726244,24.834638,päiväkoti,Päiväkoti,False,False,"Hakakatu 28 A, 86300 Oulainen, Suomi",Hakakatu 28 A,Oulainen,86300.0,FI,,Hakakatu 28 A
Onnelan päiväkoti Aurinkoinen,64.483218,24.9899666,päiväkoti,Päiväkoti,False,False,"Onnelantie 12, 86400 Vihanti, Suomi",Onnelantie 12,Vihanti,86400.0,FI,,Onnelantie 12
Ryhmäperhepäiväkoti Helmiportti avoin yhtiö,64.0664713,24.5066319,päiväkoti,Päiväkoti,False,False,"Aisakorventie 4, 84100 Ylivieska, Suomi",Aisakorventie 4,Ylivieska,84100.0,FI,,Aisakorventie 4
Päiväkoti Ensilumi,64.8369925,25.1962731,päiväkoti,Päiväkoti,False,False,"Pietinkuja 1, 91980 Lumijoki, Suomi",Pietinkuja 1,Lumijoki,91980.0,FI,,Pietinkuja 1
Hannulan koulun päiväkoti,65.8396625,24.1771578,päiväkoti,Päiväkoti,False,False,"Hannulankatu 2, 95420 Tornio, Suomi",Hannulankatu 2,Tornio,95420.0,FI,,Hannulankatu 2
Päiväkoti Taikametsäntarha,65.1747131,25.3848761,päiväkoti,Päiväkoti,False,False,"Teollisuustie 2, 90830 Haukipudas, Suomi",Teollisuustie 2,Haukipudas,90830.0,FI,,Teollisuustie 2
Päiväkoti Oravanpesä,65.1337022,25.3415875,päiväkoti,Päiväkoti,False,False,"Simunantie 15, 90820 Oulu, Suomi",Simunantie 15,Oulu,90820.0,FI,,Simunantie 15
Niemerannan päiväkoti,64.9595943,25.3679926,päiväkoti,Päiväkoti,False,False,"90460 Oulu, Suomi",,Oulu,,FI,,
Päiväkoti Touhula Ritaharju,65.0920249,25.4533586,päiväkoti,Päiväkoti,False,False,"Luodikkotie 1, 90540 Oulu, Suomi",Luodikkotie 1,Oulu,90540.0,FI,,Luodikkotie 1
Teknologiankylän Päiväkoti,65.059285,25.4591629,päiväkoti,Päiväkoti,False,False,"Kaitoväylä 8, 90570 Oulu, Suomi",Kaitoväylä 8,Oulu,90570.0,FI,,Kaitoväylä 8
kalevalan päiväkoti,65.0605383,25.4856959,päiväkoti,Päiväkoti,False,False,"90570 Oulu, Suomi",,Oulu,,FI,,
Päiväkoti Linnunrata,65.1200282,25.3324609,päiväkoti,Päiväkoti,False,False,"Perhotie 2, 90810 Oulu, Suomi",Perhotie 2,Oulu,90810.0,FI,,Perhotie 2
Lasten Päiväkoti Pallero,65.0093686,25.4662802,päiväkoti,Päiväkoti,False,False,"Kirkkokatu 28, 90100 Oulu, Suomi",Kirkkokatu 28,Oulu,90100.0,FI,,Kirkkokatu 28
Teerikallion Päiväkoti,66.5052722,25.7000541,päiväkoti,Päiväkoti,False,False,"Evakkotie 26, 96100 Rovaniemi, Suomi",Evakkotie 26,Rovaniemi,96100.0,FI,,Evakkotie 26
Päiväkoti Touhula Toppilansalmi,65.0349237,25.4357973,päiväkoti,Päiväkoti,False,False,"Satamatie 23, 90520 Oulu, Suomi",Satamatie 23,Oulu,90520.0,FI,,Satamatie 23
Sahanperän päiväkoti,66.5152612,25.7054124,päiväkoti,Päiväkoti,False,False,"Ounasjoentie 77, 96190 Rovaniemi, Suomi",Ounasjoentie 77,Rovaniemi,96190.0,FI,,Ounasjoentie 77
Päiväkoti Touhula Linnanmaa,65.0539868,25.4643462,päiväkoti,Päiväkoti,False,False,"Puulinnankatu 11, 90570 Oulu, Suomi",Puulinnankatu 11,Oulu,90570.0,FI,,Puulinnankatu 11
Anttonin Päiväkoti,65.0797278,25.4691414,päiväkoti,Päiväkoti,False,False,"Ketunlenkki 10, 90540 Oulu, Suomi",Ketunlenkki 10,Oulu,90540.0,FI,,Ketunlenkki 10
Tuulikellon Päiväkoti,65.0600523,25.4536873,päiväkoti,Päiväkoti,False,False,"Teknologiantie 8, 90570 Oulu, Suomi",Teknologiantie 8,Oulu,90570.0,FI,,Teknologiantie 8
Päiväkoti Vaahterapuun Lapset,65.1212358,25.3646065,päiväkoti,Päiväkoti,False,False,"90820, Kivarintie 29, Suomi","90820, Kivarintie 29",Oulu,,FI,,"90820, Kivarintie 29"
Päiväkoti Touhula TaikaVekara,65.073712,25.478457,päiväkoti,Päiväkoti,False,False,"Satulatie 1, 90540 Oulu, Suomi",Satulatie 1,Oulu,90540.0,FI,,Satulatie 1
Oulun Steiner-Päiväkodin Kannatusyhdistys Ry,65.0282499,25.4514241,päiväkoti,Päiväkoti,False,False,"Lipporannantie 18, 90500 Oulu, Suomi",Lipporannantie 18,Oulu,90500.0,FI,,Lipporannantie 18
Päiväkoti Viljami Oy,65.1803352,25.3395577,päiväkoti,Päiväkoti,False,False,"Santaholmantie 1, 90830 Haukipudas, Suomi",Santaholmantie 1,Haukipudas,90830.0,FI,,Santaholmantie 1
Hepolan Päiväkoti,65.6830787,24.6657562,päiväkoti,Päiväkoti,False,False,"Satamalehdontie 2, 94830 Kemi, Suomi",Satamalehdontie 2,Kemi,94830.0,FI,,Satamalehdontie 2
Koivuharjun Toivolan Päiväkoti,65.7494648,24.5646568,päiväkoti,Lastentarha,False,False,"Toivolankatu 6, 94100 Kemi, Suomi",Toivolankatu 6,Kemi,94100.0,FI,,Toivolankatu 6
Musiikkipäiväkoti Taikatahti ja Taikatahdin koulu,65.0110947,25.464126,päiväkoti,Päiväkoti,False,False,"Aleksanterinkatu 33, 90100 Oulu, Suomi",Aleksanterinkatu 33,Oulu,90100.0,FI,,Aleksanterinkatu 33
Päiväkoti Touhula Lipporanta,65.029282,25.4522415,päiväkoti,Päiväkoti,False,False,"Lipporannantie 9 B, 90500 Oulu, Suomi",Lipporannantie 9 B,Oulu,90500.0,FI,,Lipporannantie 9 B
Päiväkoti Touhula Tullipuomi,65.0049425,25.4700252,päiväkoti,Päiväkoti,False,False,"Limingankatu 30, 90120 Oulu, Suomi",Limingankatu 30,Oulu,90120.0,FI,,Limingankatu 30
Kuivasrannan päiväkoti,65.0758307,25.4527142,päiväkoti,Lastentarha,False,False,"Kuivasrannantie 6, 90540 Oulu, Suomi",Kuivasrannantie 6,Oulu,90540.0,FI,,Kuivasrannantie 6
Päiväkoti Tipitii Oy,65.1490216,25.6316163,päiväkoti,Päiväkoti,False,False,"Rinnetie 26, 90910 Kontio, Suomi",Rinnetie 26,Kontio,90910.0,FI,,Rinnetie 26
Päiväkoti Touhula LystiVekara,65.0848309,25.4522019,päiväkoti,Päiväkoti,False,False,"Paulareitti 1, 90540 Oulu, Suomi",Paulareitti 1,Oulu,90540.0,FI,,Paulareitti 1
Päiväkoti Villentarha,65.0444895,25.4730767,päiväkoti,Päiväkoti,False,False,"Iskontie 16, 90570 Oulu, Suomi",Iskontie 16,Oulu,90570.0,FI,,Iskontie 16
Hirvaan Päiväkoti,66.4330537,25.4722447,päiväkoti,Lastentarha,False,False,"Jussilanvaarantie 16, 97130 Rovaniemi, Suomi",Jussilanvaarantie 16,Rovaniemi,97130.0,FI,,Jussilanvaarantie 16
Arpelan päiväkoti,66.0200502,24.3819612,päiväkoti,Päiväkoti,False,False,"Jatkontie 15, 95590 TORNIO, Suomi",Jatkontie 15,TORNIO,95590.0,FI,,Jatkontie 15
Päiväkoti Touhula Vennivaara,66.5300793,25.6685229,päiväkoti,Päiväkoti,False,False,"Talvitie 34, 96190 Rovaniemi, Suomi",Talvitie 34,Rovaniemi,96190.0,FI,,Talvitie 34
Päiväkoti Asemapäällikkö,66.5015787,25.7237243,päiväkoti,Päiväkoti,False,False,"Poromiehentie 6, 96200 Rovaniemi, Suomi",Poromiehentie 6,Rovaniemi,96200.0,FI,,Poromiehentie 6
Ryttylän Päiväkoti,60.8149655,24.765763,päiväkoti,Päiväkoti,False,False,"Pajatie 3, 12310 Ryttylä, Suomi",Pajatie 3,Ryttylä,12310.0,FI,,Pajatie 3
Pilke liikuntapäiväkoti Bro,60.1096954,24.4416732,päiväkoti,Päiväkoti,False,False,"Bronpolku 2, 02480 Kirkkonummi, Suomi",Bronpolku 2,Kirkkonummi,2480.0,FI,,Bronpolku 2
Murut Solstugan,60.1227457,24.4568498,päiväkoti,Päiväkoti,False,False,"Heikkiläntori 2, 02400 Kirkkonummi, Suomi",Heikkiläntori 2,Kirkkonummi,2400.0,FI,,Heikkiläntori 2
Jussilan Päiväkoti,60.6466988,24.8317838,päiväkoti,Päiväkoti,False,False,"Jussilankatu 9, 05880 Hyvinkää, Suomi",Jussilankatu 9,Hyvinkää,5880.0,FI,,Jussilankatu 9
Metsolan päiväkoti,60.5277932,24.7433092,päiväkoti,Päiväkoti,False,False,"Metsolankaari 20, 05200 Nurmijärvi, Suomi",Metsolankaari 20,Nurmijärvi,5200.0,FI,,Metsolankaari 20
Punaojan päiväkoti,60.6227132,24.8816643,päiväkoti,Päiväkoti,False,False,"Saviojantie 13, 05810 Hyvinkää, Suomi",Saviojantie 13,Hyvinkää,5810.0,FI,,Saviojantie 13
Päiväkoti Helmiä,60.9177906,24.6338576,päiväkoti,Päiväkoti,False,False,"Pyhämäentie 29, 14200 Turenki, Suomi",Pyhämäentie 29,Turenki,14200.0,FI,,Pyhämäentie 29
Kaupunkisillan päiväkoti,60.6391765,24.8773952,päiväkoti,Päiväkoti,False,False,"Santasillankatu 11, 05820 Hyvinkää, Suomi",Santasillankatu 11,Hyvinkää,5820.0,FI,,Santasillankatu 11
Päiväkoti Onni,60.6740486,24.8650041,päiväkoti,Päiväkoti,False,False,"Monninlinja 202, 05800 Hyvinkää, Suomi",Monninlinja 202,Hyvinkää,5800.0,FI,,Monninlinja 202
Tanssikallion päiväkoti,60.6313554,24.8992206,päiväkoti,Päiväkoti,False,False,"Tanssikallionkatu 5, 05810 Hyvinkää, Suomi",Tanssikallionkatu 5,Hyvinkää,5810.0,FI,,Tanssikallionkatu 5
Martin päiväkoti,60.6201228,24.8942395,päiväkoti,Päiväkoti,False,False,"Niittymäenraitti 6, 05810 Hyvinkää, Suomi",Niittymäenraitti 6,Hyvinkää,5810.0,FI,,Niittymäenraitti 6
Päiväkoti Touhula Taikametsä,60.6432968,24.8657977,päiväkoti,Päiväkoti,False,False,"Karjalantie 2 as 6, 05820 Hyvinkää, Suomi",Karjalantie 2 as 6,Hyvinkää,5820.0,FI,,Karjalantie 2 as 6
Martinkaaren päiväkoti,60.6203243,24.8925444,päiväkoti,Päiväkoti,False,False,"Niittymäentie 4, 05810 Hyvinkää, Suomi",Niittymäentie 4,Hyvinkää,5810.0,FI,,Niittymäentie 4
Haa­pa­huh­dan päi­vä­ko­ti,60.7651574,24.7832171,päiväkoti,Päiväkoti,False,False,"Haapahuhdantie 12, 11310 Riihimäki, Suomi",Haapahuhdantie 12,Riihimäki,11310.0,FI,,Haapahuhdantie 12
Tornitien päiväkoti,60.5311425,24.7700267,päiväkoti,Päiväkoti,False,False,"Tornitie 1, 05200 Rajamäki, Suomi",Tornitie 1,Rajamäki,5200.0,FI,,Tornitie 1
Impilinnan Päiväkoti,60.6377056,24.849499,päiväkoti,Päiväkoti,False,False,"Impilinnankatu 3, 05800 Hyvinkää, Suomi",Impilinnankatu 3,Hyvinkää,5800.0,FI,,Impilinnankatu 3
Norlandia Päiväkoti,60.6247387,24.8591928,päiväkoti,Päiväkoti,False,False,"Kirvesmiehenkatu 12, 05800 Hyvinkää, Suomi",Kirvesmiehenkatu 12,Hyvinkää,5800.0,FI,,Kirvesmiehenkatu 12
Kievarin päiväkoti,60.3942479,25.024782,päiväkoti,Päiväkoti,False,False,"Kievarintie 13, 04300 Tuusula, Suomi",Kievarintie 13,Tuusula,4300.0,FI,,Kievarintie 13
Päiväkoti Seikkailuystävät Oy,60.7609063,24.9011428,päiväkoti,Päiväkoti,False,False,"Vehkalukontie 1, 12240 Hikiä, Suomi",Vehkalukontie 1,Hikiä,12240.0,FI,,Vehkalukontie 1
Junailijankadun päiväkoti,60.7380563,24.7705704,päiväkoti,Päiväkoti,False,False,"Junailijankatu 14, 11100 Riihimäki, Suomi",Junailijankatu 14,Riihimäki,11100.0,FI,,Junailijankatu 14
Lukkarin Päiväkoti,60.4597803,24.7984481,päiväkoti,Päiväkoti,False,False,"Sompionkuja 2, 01900 Nurmijärvi, Suomi",Sompionkuja 2,Nurmijärvi,1900.0,FI,,Sompionkuja 2
Pilke Sini-Emilia,60.7150595,24.7970831,päiväkoti,Päiväkoti,False,False,"Korttiontie 23, 11130 Riihimäki, Suomi",Korttiontie 23,Riihimäki,11130.0,FI,,Korttiontie 23
Kirkonkylän koulu,60.7167201,24.4510515,päiväkoti,Koulu,False,False,"Koulurinne 8, 12700 Loppi, Suomi",Koulurinne 8,Loppi,12700.0,FI,,Koulurinne 8
Oitin Päiväkoti,60.7887404,25.024239,päiväkoti,Päiväkoti,False,False,"Sykärintori 1, 12100 Oitti, Suomi",Sykärintori 1,Oitti,12100.0,FI,,Sykärintori 1
Nummenkylän päiväkoti,60.5052663,25.0951629,päiväkoti,Päiväkoti,False,False,"Yrittäjänkatu 43, 04440 Järvenpää, Suomi",Yrittäjänkatu 43,Järvenpää,4440.0,FI,,Yrittäjänkatu 43
Pikku-Eeron Päiväkoti,60.6276464,24.8616253,päiväkoti,Päiväkoti,False,False,"Seittemänmiehenkatu 1, 05800 Hyvinkää, Suomi",Seittemänmiehenkatu 1,Hyvinkää,5800.0,FI,,Seittemänmiehenkatu 1
Hikiän päiväkoti,60.7511418,24.9242864,päiväkoti,Päiväkoti,False,False,"Omenakummuntie 6, 12240 Hikiä, Suomi",Omenakummuntie 6,Hikiä,12240.0,FI,,Omenakummuntie 6
Pilke liikuntapäiväkoti Hippa,60.462799,24.8148346,päiväkoti,Päiväkoti,False,False,"Lumpperintie 6, 01900 Nurmijärvi, Suomi",Lumpperintie 6,Nurmijärvi,1900.0,FI,,Lumpperintie 6
Nurmijärven kunta,60.5300355,24.7559888,päiväkoti,Päiväkoti,False,False,"Toivojentie 1, 05200 Rajamäki, Suomi",Toivojentie 1,Rajamäki,5200.0,FI,,Toivojentie 1
Päivähoito Satumaa,60.6486729,24.8345503,päiväkoti,Päiväkoti,False,False,"Kapulantie 2, 05880 Hyvinkää, Suomi",Kapulantie 2,Hyvinkää,5880.0,FI,,Kapulantie 2
Päivähoito Satumaa Oy,60.6719587,24.868807,päiväkoti,Päiväkoti,False,False,"Kotiniityntie 5, 05800 Hyvinkää, Suomi",Kotiniityntie 5,Hyvinkää,5800.0,FI,,Kotiniityntie 5
Vihtijärven päiväkoti,60.525025,24.5400869,päiväkoti,Koulu,False,False,"Kouluntie 19, 03790 Vihti, Suomi",Kouluntie 19,Vihti,3790.0,FI,,Kouluntie 19
Creative Learning Bilingual Playschool,60.2502582,25.1744029,päiväkoti,Päiväkoti,False,False,"Kraputie 5, 00890 Helsinki, Suomi",Kraputie 5,Helsinki,890.0,FI,,Kraputie 5
"Norlandia Knatte-Hörnan, Norlandia Päiväkodit Oy",60.223112,24.8114584,päiväkoti,Päiväkoti,False,False,"Leipurinkuja 2, 02650 Espoo, Suomi",Leipurinkuja 2,Espoo,2650.0,FI,,Leipurinkuja 2
Kankaantaan päiväkoti,60.981632,24.4627996,päiväkoti,Koulu,False,False,"Karhunlukontie 8, 13100 Hämeenlinna, Suomi",Karhunlukontie 8,Hämeenlinna,13100.0,FI,,Karhunlukontie 8
Kivitaskun päiväkoti,60.9375073,24.6411904,päiväkoti,Koulu,False,False,"Peurankaari, 14200 Janakkala, Suomi",Peurankaari,Janakkala,14200.0,FI,,Peurankaari
Atalan päiväkoti,61.508361,23.9164689,päiväkoti,Päiväkoti,False,False,"Pulkkakatu 1, 33580 Tampere, Suomi",Pulkkakatu 1,Tampere,33580.0,FI,,Pulkkakatu 1
Kaurialan päiväkoti,60.998152,24.4436422,päiväkoti,Koulu,False,False,"Brahenkatu 16, 13130 Hämeenlinna, Suomi",Brahenkatu 16,Hämeenlinna,13130.0,FI,,Brahenkatu 16
Hallin Päiväkoti,61.8630569,24.8243966,päiväkoti,Päiväkoti,False,False,"Mäntytie 1, 35600 Jämsä, Suomi",Mäntytie 1,Jämsä,35600.0,FI,,Mäntytie 1
Ojoisten Lastentalo,61.0105715,24.4398633,päiväkoti,Koulu,False,False,"Mäyräntie 3, 13600 Hämeenlinna, Suomi",Mäyräntie 3,Hämeenlinna,13600.0,FI,,Mäyräntie 3
Kikunoora Oy,61.4690623,24.046168,päiväkoti,Päiväkoti,False,False,"Katajatie 45, 36200 Kangasala, Suomi",Katajatie 45,Kangasala,36200.0,FI,,Katajatie 45
Leinolan päiväkoti,61.4874859,23.9194181,päiväkoti,Lastentarha,False,False,"Ilmattarenkatu 16, 33730 Tampere, Suomi",Ilmattarenkatu 16,Tampere,33730.0,FI,,Ilmattarenkatu 16
Pilke musiikkipäiväkoti Kannel,61.4817158,23.9375253,päiväkoti,Päiväkoti,False,False,"Rataniityntie 4, 36240 Kangasala, Suomi",Rataniityntie 4,Kangasala,36240.0,FI,,Rataniityntie 4
Vatialan Päiväkoti,61.4787682,23.9478612,päiväkoti,Koulu,False,False,"Konkkalankuja 3, 36240 Kangasala, Suomi",Konkkalankuja 3,Kangasala,36240.0,FI,,Konkkalankuja 3
Messukylän päiväkoti,61.4846975,23.8482891,päiväkoti,Koulu,False,False,"Ristinarkuntie 1, 33700 Tampere, Suomi",Ristinarkuntie 1,Tampere,33700.0,FI,,Ristinarkuntie 1
Pellervon päiväkoti,61.4962192,23.8147165,päiväkoti,Lastentarha,False,False,"Sämpsykkä 1, 33540 Tampere, Suomi",Sämpsykkä 1,Tampere,33540.0,FI,,Sämpsykkä 1
Nekalan päiväkoti,61.4830082,23.7983488,päiväkoti,Lastentarha,False,False,"Jokipohjantie 13, 33800 Tampere, Suomi",Jokipohjantie 13,Tampere,33800.0,FI,,Jokipohjantie 13
Pellervon Pikkuväki Ay,61.4976026,23.809365,päiväkoti,Päiväkoti,False,False,"Pellervonkatu 17, 33540 Tampere, Suomi",Pellervonkatu 17,Tampere,33540.0,FI,,Pellervonkatu 17
Sumpula ryhmäperhepäiväkoti Oy,61.4742255,23.810957,päiväkoti,Perhepäivähoito,False,False,"Sidoskuja 3 E, 33820 Tampere, Suomi",Sidoskuja 3 E,Tampere,33820.0,FI,,Sidoskuja 3 E
Steinerpäiväkoti Teeri,61.4951625,23.8408681,päiväkoti,Päiväkoti,False,False,"Jukolankatu 2, 33530 Tampere, Suomi",Jukolankatu 2,Tampere,33530.0,FI,,Jukolankatu 2
Keskussairaalan Päiväkoti,61.5105508,23.8155085,päiväkoti,Sairaala,False,False,"Keskussairaalan alu, 33520 Tampere, Suomi",Keskussairaalan alu,Tampere,33520.0,FI,,Keskussairaalan alu
Yksityinen Perhepäivähoito Rytmiraiku,61.472487,23.878734,päiväkoti,Perhepäivähoito,False,False,"Keskisenkatu 22, 33710 Tampere, Suomi",Keskisenkatu 22,Tampere,33710.0,FI,,Keskisenkatu 22
Mustametsän päiväkoti ja neuvola,61.48209,23.790343,päiväkoti,Lastentarha,False,False,"Kuokkamaantie 14, 33800 Tampere, Suomi",Kuokkamaantie 14,Tampere,33800.0,FI,,Kuokkamaantie 14
Sammon uusi päiväkoti,61.4989209,23.7981968,päiväkoti,Päiväkoti,False,False,"Kaupinkatu 29, 33540 Tampere, Suomi",Kaupinkatu 29,Tampere,33540.0,FI,,Kaupinkatu 29
Kaukajärven päiväkoti,61.4749223,23.8823105,päiväkoti,Lastentarha,False,False,"Järvikatu 1, 33710 Tampere, Suomi",Järvikatu 1,Tampere,33710.0,FI,,Järvikatu 1
Harjunsalon Päiväkoti,61.4726406,24.0192269,päiväkoti,Päiväkoti,False,False,"Vääränkalliontie 7, 36220 Kangasala, Suomi",Vääränkalliontie 7,Kangasala,36220.0,FI,,Vääränkalliontie 7
Metsästäjän Päiväkoti,61.5042752,23.9060401,päiväkoti,Lastenhoitotoimisto,False,False,"Metsästäjänkatu 1, 33580 Tampere, Suomi",Metsästäjänkatu 1,Tampere,33580.0,FI,,Metsästäjänkatu 1
Päiväkoti Oravametsä,61.5015167,23.7813741,päiväkoti,Päiväkoti,False,False,"Aaltosenkatu 31, 33500 Tampere, Suomi",Aaltosenkatu 31,Tampere,33500.0,FI,,Aaltosenkatu 31
Päiväkoti Touhula VekaraMäki,61.4719266,24.0490584,päiväkoti,Päiväkoti,False,False,"Mäntyveräjäntie 2, 36200 Kangasala, Suomi",Mäntyveräjäntie 2,Kangasala,36200.0,FI,,Mäntyveräjäntie 2
Päiväkoti Touhula Kangasala,61.4727013,23.9612029,päiväkoti,Päiväkoti,False,False,"Ilkontie 3, 36240 Kangasala, Suomi",Ilkontie 3,Kangasala,36240.0,FI,,Ilkontie 3
Steinerpäiväkoti Sinilintu,61.4781955,23.8237937,päiväkoti,Päiväkoti,False,False,"Muotialantie 77, 33800 Tampere, Suomi",Muotialantie 77,Tampere,33800.0,FI,,Muotialantie 77
Pikku Tutkijan Päiväkoti Tammela,61.5049966,23.7850056,päiväkoti,Päiväkoti,False,False,"Osmonraitti 6, 33500 Tampere, Suomi",Osmonraitti 6,Tampere,33500.0,FI,,Osmonraitti 6
Viinikan päiväkoti,61.4850996,23.7838861,päiväkoti,Lastentarha,False,False,"Lampitie 42, 33100 Tampere, Suomi",Lampitie 42,Tampere,33100.0,FI,,Lampitie 42
Ryhmäperhepäiväkoti Omppula Oy,61.4687825,23.8086152,päiväkoti,Päiväkoti,False,False,"Isännänkatu 29, 33820 Tampere, Suomi",Isännänkatu 29,Tampere,33820.0,FI,,Isännänkatu 29
Pilke musiikkipäiväkoti Nuottisilta,61.461961,23.8879852,päiväkoti,Päiväkoti,False,False,"Annalankatu 13, 33710 Tampere, Suomi",Annalankatu 13,Tampere,33710.0,FI,,Annalankatu 13
"Isokuusen päiväkoti, eskari ja 1.-2. lk",61.4414021,23.8047685,päiväkoti,Lastentarha,False,False,"Sydänpuunkatu 9, 33870 Tampere, Suomi",Sydänpuunkatu 9,Tampere,33870.0,FI,,Sydänpuunkatu 9
Pilke luontopäiväkoti Kiuru,61.5300348,24.0093346,päiväkoti,Päiväkoti,False,False,"Kuusitie 8, 36110 Kangasala, Suomi",Kuusitie 8,Kangasala,36110.0,FI,,Kuusitie 8
Pilke liikuntapäiväkoti Huippu,61.6489251,24.3599275,päiväkoti,Päiväkoti,False,False,"Riihitie 4, 35100 Orivesi, Suomi",Riihitie 4,Orivesi,35100.0,FI,,Riihitie 4
Pikku Tutkijan Päiväkoti Ranta-Koivisto,61.4570245,24.0379872,päiväkoti,Päiväkoti,False,False,"Rantakoivistontie 3, 36200 Kangasala, Suomi",Rantakoivistontie 3,Kangasala,36200.0,FI,,Rantakoivistontie 3
Niittykukka,61.6737071,24.3656437,päiväkoti,Päiväkoti,False,False,"Eerolantie 8, 35300 Orivesi, Suomi",Eerolantie 8,Orivesi,35300.0,FI,,Eerolantie 8
Päiväkoti Touhula Freesia,61.4630019,24.0746431,päiväkoti,Päiväkoti,False,False,"Torikatu 2, 36200 Kangasala, Suomi",Torikatu 2,Kangasala,36200.0,FI,,Torikatu 2
Liutun Päiväkoti,61.472062,23.9450008,päiväkoti,Päiväkoti,False,False,"Poutvaarantie, 36240 Kangasala, Suomi",Poutvaarantie,Kangasala,36240.0,FI,,Poutvaarantie
Orimuksen Päiväkoti,61.4936827,23.9129178,päiväkoti,Päiväkoti,False,False,"Sammalladonkatu 1, 33580 Tampere, Suomi",Sammalladonkatu 1,Tampere,33580.0,FI,,Sammalladonkatu 1
Päiväkoti Oravametsä,61.5036787,23.9062187,päiväkoti,Päiväkoti,False,False,"Atanväylä 7, 33580 Tampere, Suomi",Atanväylä 7,Tampere,33580.0,FI,,Atanväylä 7
Rikun Päiväkoti,61.4866447,24.0728855,päiväkoti,Päiväkoti,False,False,"Harjulantie 12, 36200 Kangasala, Suomi",Harjulantie 12,Kangasala,36200.0,FI,,Harjulantie 12
Tippamäen Päiväkoti,62.8789108,24.7976585,päiväkoti,Päiväkoti,False,False,"Muhosentie 11, 43500 Karstula, Suomi",Muhosentie 11,Karstula,43500.0,FI,,Muhosentie 11
Aurinkolinna,62.2605804,24.7034257,päiväkoti,Päiväkoti,False,False,"Koulutie 3c, 42700 Keuruu, Suomi",Koulutie 3c,Keuruu,42700.0,FI,,Koulutie 3c
Päiväkoti Pikku-mäntylä UTC,62.7146453,25.2656935,päiväkoti,Päiväkoti,False,False,"Petäjäpolku 3, 43100 Saarijärvi, Suomi",Petäjäpolku 3,Saarijärvi,43100.0,FI,,Petäjäpolku 3
Kuohun päiväkoti,62.2620252,25.4557277,päiväkoti,Päiväkoti,False,False,"Kuohunkoskentie 31, 41930 Jyväskylä, Suomi",Kuohunkoskentie 31,Jyväskylä,41930.0,FI,,Kuohunkoskentie 31
Tikkalan päiväkoti,62.1513766,25.4733838,päiväkoti,Päiväkoti,False,False,"Saukkolahdentie 16, 41860 Tikkala, Suomi",Saukkolahdentie 16,Tikkala,41860.0,FI,,Saukkolahdentie 16
Sivulan Päiväkoti,62.7066755,25.2466947,päiväkoti,Päiväkoti,False,False,"Sivupisto 2, 43100 Saarijärvi, Suomi",Sivupisto 2,Saarijärvi,43100.0,FI,,Sivupisto 2
Pikkulan Päiväkoti,62.4951804,25.4406108,päiväkoti,Päiväkoti,False,False,"Kuukanpolku 5, 41230 Uurainen, Suomi",Kuukanpolku 5,Uurainen,41230.0,FI,,Kuukanpolku 5
Päiväkoti Koivulinna,61.9217224,25.1705575,päiväkoti,Päiväkoti,False,False,"Koivutie 24, 42300 Jämsänkoski, Suomi",Koivutie 24,Jämsänkoski,42300.0,FI,,Koivutie 24
Petäjäveden kunta Petäjäkallion päiväkoti,62.2590712,25.188146,päiväkoti,Päiväkoti,False,False,"Mäkitie 3, 41900 Petäjävesi, Suomi",Mäkitie 3,Petäjävesi,41900.0,FI,,Mäkitie 3
Jokelan päiväkoti,62.291671,25.7293575,päiväkoti,Esikoulu,False,False,"Rovastintie 11, 40270 Länsi-Palokka, Suomi",Rovastintie 11,Länsi-Palokka,40270.0,FI,,Rovastintie 11
"Päiväkoti Norlandia Myötätuuli, Norlandia Päiväkodit Oy",62.2774288,25.7569786,päiväkoti,Päiväkoti,False,False,"Revontie 8, 40250 Jyväskylä, Suomi",Revontie 8,Jyväskylä,40250.0,FI,,Revontie 8
Onnimannin päiväkoti,62.2177451,25.7988479,päiväkoti,Päiväkoti,False,False,"Salmirannantie 3, 40520 Jyväskylä, Suomi",Salmirannantie 3,Jyväskylä,40520.0,FI,,Salmirannantie 3
Katvelan Päiväkoti,62.5645267,25.8585925,päiväkoti,Päiväkoti,False,False,"Mukulakatu 1, 44200 Suolahti, Suomi",Mukulakatu 1,Suolahti,44200.0,FI,,Mukulakatu 1
Vesangan päiväkoti,62.2702331,25.5714283,päiväkoti,Päiväkoti,False,False,"Rientolantie 40, 41940 Jyväskylä, Suomi",Rientolantie 40,Jyväskylä,41940.0,FI,,Rientolantie 40
Karhunlähteen Päiväkoti,62.610887,25.7035751,päiväkoti,Päiväkoti,False,False,"Kyminkatu 5, 44150 Äänekoski, Suomi",Kyminkatu 5,Äänekoski,44150.0,FI,,Kyminkatu 5
"Päiväkoti Norlandia Sateenkaari, Tähtipäiväkodit Oy",62.2412111,25.7602411,päiväkoti,Päiväkoti,False,False,"Piippukatu 5, 40100 Jyväskylä, Suomi",Piippukatu 5,Jyväskylä,40100.0,FI,,Piippukatu 5
Mikonpuiston päiväkoti,62.6071855,25.7254992,päiväkoti,Päiväkoti,False,False,"Kauppakatu 26, 44100 Äänekoski, Suomi",Kauppakatu 26,Äänekoski,44100.0,FI,,Kauppakatu 26
Tapiolan päiväkoti,62.2493237,25.7485267,päiväkoti,Päiväkoti,False,False,"Kalervonkatu 12, 40200 Jyväskylä, Suomi",Kalervonkatu 12,Jyväskylä,40200.0,FI,,Kalervonkatu 12
Hirvasen Päiväkoti,62.5223366,25.6688636,päiväkoti,Päiväkoti,False,False,"Reppulenkki 8, 41290 Uurainen, Suomi",Reppulenkki 8,Uurainen,41290.0,FI,,Reppulenkki 8
"Päiväkoti Norlandia Kotipesä, Norlandia Päiväkodit Oy",62.2256392,25.768959,päiväkoti,Päiväkoti,False,False,"Kolmospesänkatu 1, 40520 Jyväskylä, Suomi",Kolmospesänkatu 1,Jyväskylä,40520.0,FI,,Kolmospesänkatu 1
Päiväkoti Sävelmaa,62.4120702,25.9547934,päiväkoti,Päiväkoti,False,False,"Saratie 7, 41340 Laukaa, Suomi",Saratie 7,Laukaa,41340.0,FI,,Saratie 7
Väinölän päiväkoti,62.232589,25.8190492,päiväkoti,Päiväkoti,False,False,"Salvesenintie 9, 40420 Jyväskylä, Suomi",Salvesenintie 9,Jyväskylä,40420.0,FI,,Salvesenintie 9
teken päiväkoti,62.6049932,25.7099921,päiväkoti,Päiväkoti,False,False,"Teollisuuskatu 1, 44150 Äänekoski, Suomi",Teollisuuskatu 1,Äänekoski,44150.0,FI,,Teollisuuskatu 1
Satumetsän päiväkoti,64.6574585,25.1094289,päiväkoti,Päiväkoti,False,False,"Vanhatie 7, 92400 Ruukki, Suomi",Vanhatie 7,Ruukki,92400.0,FI,,Vanhatie 7
Luontopäiväkoti Timotei,64.6964235,24.5668714,päiväkoti,Päiväkoti,False,False,"Tervaluodontie 24, 92140 Raahe, Suomi",Tervaluodontie 24,Raahe,92140.0,FI,,Tervaluodontie 24
Kivikon päiväkoti,65.7500806,24.5896384,päiväkoti,Päiväkoti,False,False,"Sammonkatu 1, 94600 Kemi, Suomi",Sammonkatu 1,Kemi,94600.0,FI,,Sammonkatu 1
Päiväkoti,65.7881362,24.510696,päiväkoti,Lastentarha,False,False,"Pörhöläntie 245, 94450 Keminmaa, Suomi",Pörhöläntie 245,Keminmaa,94450.0,FI,,Pörhöläntie 245
Karjalahden päiväkoti,65.7352583,24.584952,päiväkoti,Päiväkoti,False,False,"Mekaanikonkatu 2, 94600 Kemi, Suomi",Mekaanikonkatu 2,Kemi,94600.0,FI,,Mekaanikonkatu 2
Pilke Päiväkodit Oy,65.7953934,24.5444952,päiväkoti,Päiväkoti,False,False,"Kalamajantie 5, 94400 Keminmaa, Suomi",Kalamajantie 5,Keminmaa,94400.0,FI,,Kalamajantie 5
Pajarinrannan päiväkoti,65.7310681,24.5766079,päiväkoti,Lastentarha,False,False,"Valtaojankatu 1, 94100 Kemi, Suomi",Valtaojankatu 1,Kemi,94100.0,FI,,Valtaojankatu 1
Pilke Wilhelmiina,65.1646095,25.3681782,päiväkoti,Päiväkoti,False,False,"Haapakaarto 1, 90830 Haukipudas, Suomi",Haapakaarto 1,Haukipudas,90830.0,FI,,Haapakaarto 1
Päiväkoti Lauttasaari,60.1577949,24.8617552,päiväkoti,Päiväkoti,False,False,"Isokaari 30, 00200 Helsinki, Suomi",Isokaari 30,Helsinki,200.0,FI,,Isokaari 30
Päiväkoti Veijari,60.1531431,24.8875273,päiväkoti,Päiväkoti,False,False,"Köysikuja 8, 00210 Helsinki, Suomi",Köysikuja 8,Helsinki,210.0,FI,,Köysikuja 8
Nuottaniemen päiväkoti,60.1521397,24.7413443,päiväkoti,Päiväkoti,False,False,"Sepetlahdentie 14, 02230 Espoo, Suomi",Sepetlahdentie 14,Espoo,2230.0,FI,,Sepetlahdentie 14
Päiväkotiyhdistys Onnenmyyrä Ry,60.1514718,24.6454607,päiväkoti,Päiväkoti,False,False,"Maininkitie 4, 02320 Espoo, Suomi",Maininkitie 4,Espoo,2320.0,FI,,Maininkitie 4
Niittymaan päiväkoti,60.1703786,24.7771096,päiväkoti,Päiväkoti,False,False,"Niittymäentie 1, 02200 Espoo, Suomi",Niittymäentie 1,Espoo,2200.0,FI,,Niittymäentie 1
Martti Rekola Foundation,60.1589145,24.8840905,päiväkoti,Päiväkoti,False,False,"Pajalahdentie 10, 00200 Helsinki, Suomi",Pajalahdentie 10,Helsinki,200.0,FI,,Pajalahdentie 10
Päiväkoti Lunni,60.151599,24.8895716,päiväkoti,Päiväkoti,False,False,"Vattuniemen puistotie 3, 00210 Helsinki, Suomi",Vattuniemen puistotie 3,Helsinki,210.0,FI,,Vattuniemen puistotie 3
Päiväkoti Melkko,60.1521427,24.883452,päiväkoti,Päiväkoti,False,False,"Melkonkatu 19 C, 00210 Helsinki, Suomi",Melkonkatu 19 C,Helsinki,210.0,FI,,Melkonkatu 19 C
Juvanpuiston lastentalon päiväkoti,60.2766387,24.751847,päiväkoti,Päiväkoti,False,False,"Juvanpuistonkuja 3, 02920 Espoo, Suomi",Juvanpuistonkuja 3,Espoo,2920.0,FI,,Juvanpuistonkuja 3
Pilke Nallentupa,60.2842205,24.746745,päiväkoti,Päiväkoti,False,False,"Niipperintie 33, 02920 Espoo, Suomi",Niipperintie 33,Espoo,2920.0,FI,,Niipperintie 33
Vantinkulman päiväkoti,60.1828531,24.6167508,päiväkoti,Koulu,False,False,"Nissintie 3, 02780 Espoo, Suomi",Nissintie 3,Espoo,2780.0,FI,,Nissintie 3
Päiväkoti Troolari,60.1631436,24.9134954,päiväkoti,Päiväkoti,False,False,"Itämerenkatu 16, 00180 Helsinki, Suomi",Itämerenkatu 16,Helsinki,180.0,FI,,Itämerenkatu 16
Suomen Tenava päiväkodit Oy,60.1576996,24.5511384,päiväkoti,Päiväkoti,False,False,"Sundetin puistotie 20, 02430 Masala, Suomi",Sundetin puistotie 20,Masala,2430.0,FI,,Sundetin puistotie 20
Päiväkoti Pajamäki,60.2186945,24.8525891,päiväkoti,Päiväkoti,False,False,"Poutamäentie 18, 00360 Helsinki, Suomi",Poutamäentie 18,Helsinki,360.0,FI,,Poutamäentie 18
Päiväkoti Tapio,60.1874803,24.9514417,päiväkoti,Päiväkoti,False,False,"Kaarlenkuja 19a, 00510 Helsinki, Suomi",Kaarlenkuja 19a,Helsinki,510.0,FI,,Kaarlenkuja 19a
Kauklahden päiväkoti,60.1893363,24.5929058,päiväkoti,Koulu,False,False,"Hansakallionkuja 1, 02780 Espoo, Suomi",Hansakallionkuja 1,Espoo,2780.0,FI,,Hansakallionkuja 1
Pilke luontopäiväkoti Pihlajarinne,60.2356524,24.6952039,päiväkoti,Päiväkoti,False,False,"Ollaksentie 21, 02940 Espoo, Suomi",Ollaksentie 21,Espoo,2940.0,FI,,Ollaksentie 21
Raikupolun päiväkoti,60.2776388,24.8581333,päiväkoti,Päiväkoti,False,False,"Raikupolku 6 A, 01620 Vantaa, Suomi",Raikupolku 6 A,Vantaa,1620.0,FI,,Raikupolku 6 A
Kivimäen päiväkoti,60.2816788,24.8603764,päiväkoti,Päiväkoti,False,False,"Lintukallionkuja 9A, 01620 Vantaa, Suomi",Lintukallionkuja 9A,Vantaa,1620.0,FI,,Lintukallionkuja 9A
Lakelan päiväkoti,60.2081352,24.6546931,päiväkoti,Lastentarha,False,False,"Vanha Lagstadintie 8, 02770 Espoo, Suomi",Vanha Lagstadintie 8,Espoo,2770.0,FI,,Vanha Lagstadintie 8
Päiväkoti Touhula Fallåker,60.2199732,24.6714228,päiväkoti,Päiväkoti,False,False,"Fallåkerinrinne 2, 02740 Espoo, Suomi",Fallåkerinrinne 2,Espoo,2740.0,FI,,Fallåkerinrinne 2
Lansankallion päiväkoti,60.2118956,24.7719456,päiväkoti,Päiväkoti,False,False,"Vasamatie 3, 02630 Espoo, Suomi",Vasamatie 3,Espoo,2630.0,FI,,Vasamatie 3
Pajalanpihan päiväkoti,60.4842499,25.0885166,päiväkoti,Päiväkoti,False,False,"Valovirrankatu 2, 04410 Järvenpää, Suomi",Valovirrankatu 2,Järvenpää,4410.0,FI,,Valovirrankatu 2
Vaunukankaan päiväkoti,60.405899,24.9968376,päiväkoti,Päiväkoti,False,False,"Vaunukankaantie 1, 04300 Tuusula, Suomi",Vaunukankaantie 1,Tuusula,4300.0,FI,,Vaunukankaantie 1
Isokydön päiväkoti,60.4829049,25.1054658,päiväkoti,Päiväkoti,False,False,"Satakunnankatu 6, 04400 Järvenpää, Suomi",Satakunnankatu 6,Järvenpää,4400.0,FI,,Satakunnankatu 6
Kasavuoren Päiväkoti - Seimi,60.2147615,24.7060886,päiväkoti,Päiväkoti,False,False,"Stenbergintie 28, 02700 Kauniainen, Suomi",Stenbergintie 28,Kauniainen,2700.0,FI,,Stenbergintie 28
Kinnarin päiväkoti,60.4723835,25.1000015,päiväkoti,Päiväkoti,False,False,"Keskitalontie 1, 04400 Järvenpää, Suomi",Keskitalontie 1,Järvenpää,4400.0,FI,,Keskitalontie 1
Päiväkoti Touhula Vihtakatu,60.4807285,25.0661669,päiväkoti,Päiväkoti,False,False,"Vihtakatu 32, 04400 Järvenpää, Suomi",Vihtakatu 32,Järvenpää,4400.0,FI,,Vihtakatu 32
"Päiväkoti Norlandia Tiuku, Norlandia Päiväkodit Oy",60.5327983,25.0987219,päiväkoti,Päiväkoti,False,False,"Koulutie 7, 04500 Savikulma, Suomi",Koulutie 7,Savikulma,4500.0,FI,,Koulutie 7
Satusaunan päiväkoti,60.4811831,25.0723208,päiväkoti,Päiväkoti,False,False,"Siltakatu 70, 04400 Järvenpää, Suomi",Siltakatu 70,Järvenpää,4400.0,FI,,Siltakatu 70
Latokasken päiväkoti,60.1777815,24.6533604,päiväkoti,Lastentarha,False,False,"Kulolaakso 1, 02340 Espoo, Suomi",Kulolaakso 1,Espoo,2340.0,FI,,Kulolaakso 1
Kirstin päiväkoti,60.2062557,24.6899241,päiväkoti,Päiväkoti,False,False,"Tuomarilantie 19, 02760 Espoo, Suomi",Tuomarilantie 19,Espoo,2760.0,FI,,Tuomarilantie 19
Kaarnapolun päiväkoti,60.4913997,25.0706163,päiväkoti,Päiväkoti,False,False,"Kaarnapolku 1, 04400 Järvenpää, Suomi",Kaarnapolku 1,Järvenpää,4400.0,FI,,Kaarnapolku 1
"Päiväkoti Norlandia Metso, Norlandia Päiväkodit Oy",60.4899359,25.0687916,päiväkoti,Päiväkoti,False,False,"Maahisentie 2, 04440 Järvenpää, Suomi",Maahisentie 2,Järvenpää,4440.0,FI,,Maahisentie 2
Päiväkoti Kaunokki,60.2516967,24.8538764,päiväkoti,Päiväkoti,False,False,"Tuohipolku 10, 00410 Helsinki, Suomi",Tuohipolku 10,Helsinki,410.0,FI,,Tuohipolku 10
Päiväkoti ja Leikkipuisto Villikatti,60.2675344,24.8570371,päiväkoti,Päiväkoti,False,False,"Norotie 8, 01600 Vantaa, Suomi",Norotie 8,Vantaa,1600.0,FI,,Norotie 8
Tahvontuvan päiväkoti,60.4929643,25.0877096,päiväkoti,Päiväkoti,False,False,"Sipulitie 2, 04410 Järvenpää, Suomi",Sipulitie 2,Järvenpää,4410.0,FI,,Sipulitie 2
Päiväkoti Aurinkoinen Oy,60.1951408,24.6819685,päiväkoti,Päiväkoti,False,False,"Solisevantie 2, 02760 Espoo, Suomi",Solisevantie 2,Espoo,2760.0,FI,,Solisevantie 2
Pyörrekujan Päiväkoti,60.2642893,24.8510369,päiväkoti,Päiväkoti,False,False,"Pyörrekuja 3, 01600 Vantaa, Suomi",Pyörrekuja 3,Vantaa,1600.0,FI,,Pyörrekuja 3
Louhelan päiväkoti,60.2724414,24.8563443,päiväkoti,Päiväkoti,False,False,"Eräkuja 3, 01600 Vantaa, Suomi",Eräkuja 3,Vantaa,1600.0,FI,,Eräkuja 3
Ojahaan päiväkoti,60.2656593,24.8553983,päiväkoti,Päiväkoti,False,False,"Ojahaanpolku 6 F, 01600 Vantaa, Suomi",Ojahaanpolku 6 F,Vantaa,1600.0,FI,,Ojahaanpolku 6 F
Avoin päiväkoti Soittorasia,60.2817382,24.8487894,päiväkoti,Päiväkoti,False,False,"Raiviosuonmäki 2 F, 01620 Vantaa, Suomi",Raiviosuonmäki 2 F,Vantaa,1620.0,FI,,Raiviosuonmäki 2 F
Lansantien päiväkoti,60.2159672,24.7741786,päiväkoti,Päiväkoti,False,False,"Edelfeltinkuja 2, 02610 Espoo, Suomi",Edelfeltinkuja 2,Espoo,2610.0,FI,,Edelfeltinkuja 2
Matinniityn Päiväkoti,60.1608817,24.7478635,päiväkoti,Lastentarha,False,False,"Matinkartanontie 16 A, 02230 Espoo, Suomi",Matinkartanontie 16 A,Espoo,2230.0,FI,,Matinkartanontie 16 A
Päiväkoti Engel Viiskulma,60.1615558,24.9419922,päiväkoti,Päiväkoti,False,False,"Merimiehenkatu 6, 00120 Helsinki, Suomi",Merimiehenkatu 6,Helsinki,120.0,FI,,Merimiehenkatu 6
Karhunkolo päiväkoti,60.1556825,24.7436275,päiväkoti,Päiväkoti,False,False,"Elsankuja 2, 02230 Espoo, Suomi",Elsankuja 2,Espoo,2230.0,FI,,Elsankuja 2
Päiväkoti Haaga,60.2139622,24.8933208,päiväkoti,Päiväkoti,False,False,"Isonnevantie 27, 00320 Helsinki, Suomi",Isonnevantie 27,Helsinki,320.0,FI,,Isonnevantie 27
Päiväkoti Lumo,60.6250555,24.8489814,päiväkoti,Lastentarha,False,False,"Hyvinkäänkatu 11, 05800 Hyvinkää, Suomi",Hyvinkäänkatu 11,Hyvinkää,5800.0,FI,,Hyvinkäänkatu 11
Aamutuulen Päiväkoti,60.6019858,24.875263,päiväkoti,Koulu,False,False,"05840 Hyvinkää, Suomi",,Hyvinkää,5840.0,FI,,
Lintuvaaran päiväkoti,60.2381759,24.8069923,päiväkoti,Päiväkoti,False,False,"Lintuparvenpuisto 5, 02660 Espoo, Suomi",Lintuparvenpuisto 5,Espoo,2660.0,FI,,Lintuparvenpuisto 5
Jupperin päiväkoti,60.2413909,24.7637137,päiväkoti,Päiväkoti,False,False,"Kuusinevantie 16, 02620 Espoo, Suomi",Kuusinevantie 16,Espoo,2620.0,FI,,Kuusinevantie 16
Laajavuoren päiväkoti,60.2782075,24.8412953,päiväkoti,Päiväkoti,False,False,"Laajavuorenrinne 5, 01620 Vantaa, Suomi",Laajavuorenrinne 5,Vantaa,1620.0,FI,,Laajavuorenrinne 5
Jokiuoman päiväkoti,60.2753593,24.8649868,päiväkoti,Päiväkoti,False,False,"Vihertie 16, 01620 Vantaa, Suomi",Vihertie 16,Vantaa,1620.0,FI,,Vihertie 16
Vapaalan päiväkoti,60.2575079,24.823303,päiväkoti,Päiväkoti,False,False,"Vapaalanpolku 12, 01650 Vantaa, Suomi",Vapaalanpolku 12,Vantaa,1650.0,FI,,Vapaalanpolku 12
Lagstadin päiväkoti,60.2073914,24.656477,päiväkoti,Päiväkoti,False,False,"Espoonkatu 7, 02770 Espoo, Suomi",Espoonkatu 7,Espoo,2770.0,FI,,Espoonkatu 7
Nikkarin päiväkoti,60.2568809,24.8239026,päiväkoti,Päiväkoti,False,False,"Vapaalankuja 3, 01650 Vantaa, Suomi",Vapaalankuja 3,Vantaa,1650.0,FI,,Vapaalankuja 3
Karhunpesän päiväkoti,60.2575425,24.8116664,päiväkoti,Päiväkoti,False,False,"Karhunkierros 1 C, 01640 Vantaa, Suomi",Karhunkierros 1 C,Vantaa,1640.0,FI,,Karhunkierros 1 C
Koskikujan päiväkoti,60.268396,24.8463241,päiväkoti,Päiväkoti,False,False,"Koskikuja 7, 01600 Vantaa, Suomi",Koskikuja 7,Vantaa,1600.0,FI,,Koskikuja 7
Päiväkoti Kivelä,60.1806608,24.9179276,päiväkoti,Päiväkoti,False,False,"Sibeliuksenkatu 14, 00260 Helsinki, Suomi",Sibeliuksenkatu 14,Helsinki,260.0,FI,,Sibeliuksenkatu 14
Degerbyntien päiväkoti,60.212535,24.7862968,päiväkoti,Päiväkoti,False,False,"Degerbyntie 16, 02600 Espoo, Suomi",Degerbyntie 16,Espoo,2600.0,FI,,Degerbyntie 16
Päiväkoti Masto,60.1658524,24.9679074,päiväkoti,Päiväkoti,False,False,"Kruunuvuorenkatu 13, 00160 Helsinki, Suomi",Kruunuvuorenkatu 13,Helsinki,160.0,FI,,Kruunuvuorenkatu 13
Pähkinänsärkijän päiväkoti,60.2644468,24.8051262,päiväkoti,Päiväkoti,False,False,"Pähkinätie 2, 01710 Vantaa, Suomi",Pähkinätie 2,Vantaa,1710.0,FI,,Pähkinätie 2
Päiväkoti Tähtitorni,60.1608485,24.9499967,päiväkoti,Päiväkoti,False,False,"Tähtitorninkatu 3, 00140 Helsinki, Suomi",Tähtitorninkatu 3,Helsinki,140.0,FI,,Tähtitorninkatu 3
Laurinlahden päiväkoti,60.1453419,24.6412175,päiväkoti,Lastentarha,False,False,"Kourakuja 1, 02320 Espoo, Suomi",Kourakuja 1,Espoo,2320.0,FI,,Kourakuja 1
Loutin päiväkoti,60.474535,25.0826478,päiväkoti,Päiväkoti,False,False,"Mannilantie 50, 04400 Järvenpää, Suomi",Mannilantie 50,Järvenpää,4400.0,FI,,Mannilantie 50
Päiväkoti Muusa,60.2070129,24.8564403,päiväkoti,Päiväkoti,False,False,"Muusantori 4, 00350 Helsinki, Suomi",Muusantori 4,Helsinki,350.0,FI,,Muusantori 4
Planeetan päiväkoti,60.1687154,24.7301449,päiväkoti,Päiväkoti,False,False,"Ellipsikuja 9, 02210 Espoo, Suomi",Ellipsikuja 9,Espoo,2210.0,FI,,Ellipsikuja 9
Päiväkoti Kallio,60.1810896,24.9563777,päiväkoti,Päiväkoti,False,False,"Helmiäispolku 5, 00530 Helsinki, Suomi",Helmiäispolku 5,Helsinki,530.0,FI,,Helmiäispolku 5
Päiväkoti Taimitarha,60.2849321,24.7432458,päiväkoti,Päiväkoti,False,False,"Suopurontie 6, 02920 Espoo, Suomi",Suopurontie 6,Espoo,2920.0,FI,,Suopurontie 6
Ellipsin päiväkoti,60.1701168,24.7295091,päiväkoti,Päiväkoti,False,False,"Ellipsikuja 1, 02210 Espoo, Suomi",Ellipsikuja 1,Espoo,2210.0,FI,,Ellipsikuja 1
Pilke Päiväkodit Oy,60.6406722,24.832653,päiväkoti,Päiväkoti,False,False,"Hanneksenkatu 4, 05880 Hyvinkää, Suomi",Hanneksenkatu 4,Hyvinkää,5880.0,FI,,Hanneksenkatu 4
Päiväkoti Touhula VekaraVuori,60.1709451,24.6261901,päiväkoti,Päiväkoti,False,False,"4 Esbo Uusimaa FI 02330, Vuoripirtintie, 02330 Espoo, Suomi","4 Esbo Uusimaa FI 02330, Vuoripirtintie",Espoo,2330.0,FI,,"4 Esbo Uusimaa FI 02330, Vuoripirtintie"
Pilke liikuntapäiväkoti Sarvvik,60.1546863,24.6039204,päiväkoti,Päiväkoti,False,False,"Sarvvikintie 3, 02450 Kirkkonummi, Suomi",Sarvvikintie 3,Kirkkonummi,2450.0,FI,,Sarvvikintie 3
Lippajärven päiväkoti,60.2328367,24.7241405,päiväkoti,Päiväkoti,False,False,"Tammihaantie 6, 02720 Espoo, Suomi",Tammihaantie 6,Espoo,2720.0,FI,,Tammihaantie 6
Päiväkoti Touhula Palolampi,60.1952507,24.605022,päiväkoti,Päiväkoti,False,False,"Palolammentie 6, 02780 Espoo, Suomi",Palolammentie 6,Espoo,2780.0,FI,,Palolammentie 6
Laurinlahden Ankkalampi - Ankdammen,60.1471077,24.6402595,päiväkoti,Päiväkoti,False,False,"Ankkuritie 6, 02320 Espoo, Suomi",Ankkuritie 6,Espoo,2320.0,FI,,Ankkuritie 6
Kamukoti Pitäjänmäki,60.2168003,24.874417,päiväkoti,Päiväkoti,False,False,"Kornetintie 3, 00380 Helsinki, Suomi",Kornetintie 3,Helsinki,380.0,FI,,Kornetintie 3
Kruununmaan päiväkoti,60.6127229,24.8421892,päiväkoti,Päiväkoti,False,False,"Talonpojankatu 2, 05830 Hyvinkää, Suomi",Talonpojankatu 2,Hyvinkää,5830.0,FI,,Talonpojankatu 2
Haukilahden päiväkoti,60.1601873,24.782852,päiväkoti,Päiväkoti,False,False,"Toppelundintie 11, 02170 Espoo, Suomi",Toppelundintie 11,Espoo,2170.0,FI,,Toppelundintie 11
Pilke liikuntapäiväkoti Ilveslinna,60.9240484,24.6091393,päiväkoti,Päiväkoti,False,False,"Ilveslinnantie 6, 14200 Turenki, Suomi",Ilveslinnantie 6,Turenki,14200.0,FI,,Ilveslinnantie 6
Lähderannan päiväkoti,60.2443075,24.7435901,päiväkoti,Päiväkoti,False,False,"Lähdepurontie 3, 02720 Espoo, Suomi",Lähdepurontie 3,Espoo,2720.0,FI,,Lähdepurontie 3
Isokallion Päiväkoti,60.5285224,24.766516,päiväkoti,Päiväkoti,False,False,"Puistotie 15, 05200 Rajamäki, Suomi",Puistotie 15,Rajamäki,5200.0,FI,,Puistotie 15
Perhepäivähoito Helena Puolmatka,60.4793984,24.6420912,päiväkoti,Päiväkoti,False,False,"Kassakummuntie 17, 05100 Nurmijärvi, Suomi",Kassakummuntie 17,Nurmijärvi,5100.0,FI,,Kassakummuntie 17
Päiväkoti Jätkäsaari,60.1567612,24.9197244,päiväkoti,Päiväkoti,False,False,"Rionkatu 10, 00220 Helsinki, Suomi",Rionkatu 10,Helsinki,220.0,FI,,Rionkatu 10
Päiväkoti Sirkus,60.7498431,24.5890469,päiväkoti,Lastentarha,False,False,"Ratatie 11, 12540 Loppi, Suomi",Ratatie 11,Loppi,12540.0,FI,,Ratatie 11
Kuhmalahden päiväkoti,61.505549,24.5590561,päiväkoti,Päiväkoti,False,False,"Kivisalmentie 14, 36810 Kangasala, Suomi",Kivisalmentie 14,Kangasala,36810.0,FI,,Kivisalmentie 14
Auroranportin päiväkoti,60.237847,24.7047708,päiväkoti,Päiväkoti,False,False,"Auroranmäki 6, 02940 Espoo, Suomi",Auroranmäki 6,Espoo,2940.0,FI,,Auroranmäki 6
Pähkinärinteen päiväkoti,60.2637917,24.8018905,päiväkoti,Päiväkoti,False,False,"Pähkinätie 12, 01710 Vantaa, Suomi",Pähkinätie 12,Vantaa,1710.0,FI,,Pähkinätie 12
Lipunkantajan päiväkoti,60.3227233,24.8508716,päiväkoti,Päiväkoti,False,False,"Tapparakuja 15, 01700 Vantaa, Suomi",Tapparakuja 15,Vantaa,1700.0,FI,,Tapparakuja 15
Autioniityn päiväkoti,60.2629175,24.8083662,päiväkoti,Päiväkoti,False,False,"Lammaslammentie 3, 01710 Vantaa, Suomi",Lammaslammentie 3,Vantaa,1710.0,FI,,Lammaslammentie 3
Kala-Maijan päiväkoti,60.1618725,24.735917,päiväkoti,Päiväkoti,False,False,"Markkinakatu 10, 02230 Espoo, Suomi",Markkinakatu 10,Espoo,2230.0,FI,,Markkinakatu 10
Päiväkoti Itämeri,60.1624246,24.9158711,päiväkoti,Päiväkoti,False,False,"Selkämerenkatu 6, 00180 Helsinki, Suomi",Selkämerenkatu 6,Helsinki,180.0,FI,,Selkämerenkatu 6
Sirkan koulu,67.8182983,24.8223037,päiväkoti,Alakoulu,False,False,"Ounasjoentie 23, 99130 Sirkka, Suomi",Ounasjoentie 23,Sirkka,99130.0,FI,,Ounasjoentie 23
Päiväkoti Pikku-Iida,65.3246796,25.3767064,päiväkoti,Päiväkoti,False,False,"Haminantie 5, 91100 II, Suomi",Haminantie 5,II,91100.0,FI,,Haminantie 5
Touhula Metsätähti,65.3194326,25.3306865,päiväkoti,Päiväkoti,False,False,"Sortteeritie 14, 91100 Ii, Suomi",Sortteeritie 14,Ii,91100.0,FI,,Sortteeritie 14
Napapiirin päiväkoti,66.531179,25.8336615,päiväkoti,Päiväkoti,False,False,"Kairankuja 4, 96900 Rovaniemi, Suomi",Kairankuja 4,Rovaniemi,96900.0,FI,,Kairankuja 4
Touhula VekaraKumpu,66.5019964,25.6900758,päiväkoti,Päiväkoti,False,False,"Etelärinne 41, 96100 Rovaniemi, Suomi",Etelärinne 41,Rovaniemi,96100.0,FI,,Etelärinne 41
Riihitontun päiväkoti,65.0047661,25.4914426,päiväkoti,Päiväkoti,False,False,"Taipaleentie 1, 90130 Oulu, Suomi",Taipaleentie 1,Oulu,90130.0,FI,,Taipaleentie 1
Päiväkoti Kannel,60.2398849,24.879783,päiväkoti,Päiväkoti,False,False,"Kannelpolku 5, 00420 Helsinki, Suomi",Kannelpolku 5,Helsinki,420.0,FI,,Kannelpolku 5
Päiväkoti Lasten kartano,60.2438111,24.8589383,päiväkoti,Päiväkoti,False,False,"Piianpolku 3-5, 00410 Helsinki, Suomi",Piianpolku 3-5,Helsinki,410.0,FI,,Piianpolku 3-5
Päiväkoti Vuorilinna,60.2454943,24.8997812,päiväkoti,Päiväkoti,False,False,"Vuorilinnakkeentie 4, 00430 Helsinki, Suomi",Vuorilinnakkeentie 4,Helsinki,430.0,FI,,Vuorilinnakkeentie 4
Päiväkoti Vallesmanni,60.2575849,24.9422259,päiväkoti,Päiväkoti,False,False,"Kuusmiehentie 3, 00690 Helsinki, Suomi",Kuusmiehentie 3,Helsinki,690.0,FI,,Kuusmiehentie 3
Päiväkoti Pelimanni,60.2365342,24.8793129,päiväkoti,Päiväkoti,False,False,"Pelimannintie 16, 00420 Helsinki, Suomi",Pelimannintie 16,Helsinki,420.0,FI,,Pelimannintie 16
Majurinkulman päiväkoti,60.211445,24.8266471,päiväkoti,Päiväkoti,False,False,"Majurinkulma 1, 02600 Espoo, Suomi",Majurinkulma 1,Espoo,2600.0,FI,,Majurinkulma 1
Päiväkoti Miilu,60.2495251,24.9434487,päiväkoti,Päiväkoti,False,False,"Paloheinäntie 5, 00670 Helsinki, Suomi",Paloheinäntie 5,Helsinki,670.0,FI,,Paloheinäntie 5
Sorvankaaren päiväkoti,60.4729071,24.8162897,päiväkoti,Lastentarha,False,False,"Toreenintie 30, 01900 Nurmijärvi, Suomi",Toreenintie 30,Nurmijärvi,1900.0,FI,,Toreenintie 30
Jupperin Päiväkoti Oy,60.215008,24.808739,päiväkoti,Päiväkoti,False,False,"Huvilinnanaukio 8, 02600 Espoo, Suomi",Huvilinnanaukio 8,Espoo,2600.0,FI,,Huvilinnanaukio 8
Nurmijärven kunta,60.3793282,24.7468078,päiväkoti,Päiväkoti,False,False,"Vaskomäentie 3, 01800 Klaukkala, Suomi",Vaskomäentie 3,Klaukkala,1800.0,FI,,Vaskomäentie 3
Päiväkoti Tähkärinne,60.3751539,24.75176,päiväkoti,Koulu,False,False,"Alihervontie 3, 01800 Nurmijärvi, Suomi",Alihervontie 3,Nurmijärvi,1800.0,FI,,Alihervontie 3
Suopolun päiväkoti,60.3787856,24.7443721,päiväkoti,Lastentarha,False,False,"Suopolku 3, 01800 Klaukkala, Suomi",Suopolku 3,Klaukkala,1800.0,FI,,Suopolku 3
Tapiolan päiväkoti,60.1824748,24.8111659,päiväkoti,Päiväkoti,False,False,"Menninkäisentie 7, 02110 Espoo, Suomi",Menninkäisentie 7,Espoo,2110.0,FI,,Menninkäisentie 7
Päiväkoti Kanerva,60.2261211,24.8967943,päiväkoti,Päiväkoti,False,False,"Pietari Hannikaisen tie 3, 00400 Helsinki, Suomi",Pietari Hannikaisen tie 3,Helsinki,400.0,FI,,Pietari Hannikaisen tie 3
"Päiväkoti Norlandia Kaarna, Norlandia Päiväkodit Oy",60.3176986,24.8508083,päiväkoti,Päiväkoti,False,False,"Safiirikuja 2, 01700 Vantaa, Suomi",Safiirikuja 2,Vantaa,1700.0,FI,,Safiirikuja 2
Päiväkoti Lemmikki,60.2516761,24.8628103,päiväkoti,Päiväkoti,False,False,"Rukkilanrinne 8, 00410 Helsinki, Suomi",Rukkilanrinne 8,Helsinki,410.0,FI,,Rukkilanrinne 8
Päiväkoti Suopursu,60.2043877,24.8967581,päiväkoti,Päiväkoti,False,False,"Punamäenpolku 1, 00280 Helsinki, Suomi",Punamäenpolku 1,Helsinki,280.0,FI,,Punamäenpolku 1
Maitorpan päiväkoti,60.3269871,24.8388851,päiväkoti,Koulu,False,False,"Maitorpantie 6, 01700 Vantaa, Suomi",Maitorpantie 6,Vantaa,1700.0,FI,,Maitorpantie 6
Laakakiven päiväkoti,60.1970142,24.7975809,päiväkoti,Päiväkoti,False,False,"Suotorpantie, 02140 Espoo, Suomi",Suotorpantie,Espoo,2140.0,FI,,Suotorpantie
Lintukallion päiväkoti,60.2820875,24.8600992,päiväkoti,Päiväkoti,False,False,"Lintukallionkuja 9 B, 01620 Vantaa, Suomi",Lintukallionkuja 9 B,Vantaa,1620.0,FI,,Lintukallionkuja 9 B
Päiväkoti Kalinka,60.2388597,24.8981143,päiväkoti,Päiväkoti,False,False,"Kaarelankuja 4, 00430 Helsinki, Suomi",Kaarelankuja 4,Helsinki,430.0,FI,,Kaarelankuja 4
Metsikköpolun päiväkoti,60.2795486,24.8620211,päiväkoti,Päiväkoti,False,False,"Kukinkuja 14, 01620 Vantaa, Suomi",Kukinkuja 14,Vantaa,1620.0,FI,,Kukinkuja 14
Päiväkoti Satumetsä,60.1867561,24.8030781,päiväkoti,Päiväkoti,False,False,"Tietäjäntie 13, 02130 Espoo, Suomi",Tietäjäntie 13,Espoo,2130.0,FI,,Tietäjäntie 13
Päiväkoti Arla,60.1825485,24.9390194,päiväkoti,Päiväkoti,False,False,"Eläintarhantie 18, 00530 Helsinki, Suomi",Eläintarhantie 18,Helsinki,530.0,FI,,Eläintarhantie 18
Keimolanmäen päiväkoti,60.3180552,24.8297643,päiväkoti,Lastentarha,False,False,"Ajolenkki 8, 01700 Vantaa, Suomi",Ajolenkki 8,Vantaa,1700.0,FI,,Ajolenkki 8
Pakkalanrinteen päiväkoti,60.2917885,24.9460351,päiväkoti,Päiväkoti,False,False,"Pakkalanrinne 4, 01510 Vantaa, Suomi",Pakkalanrinne 4,Vantaa,1510.0,FI,,Pakkalanrinne 4
Päiväkoti Martta Wendelin,60.393266,25.0205652,päiväkoti,Päiväkoti,False,False,"04300 Hyrylä, Suomi",,Hyrylä,4300.0,FI,,
Ollaksen päiväkoti,60.2783925,24.9106072,päiväkoti,Päiväkoti,False,False,"Ollaksentie 19, 01690 Vantaa, Suomi",Ollaksentie 19,Vantaa,1690.0,FI,,Ollaksentie 19
Lahelan Tertun päiväkoti,60.4018141,24.9885201,päiväkoti,Päiväkoti,False,False,"Terttuseljankuja 1, 04300 Tuusula, Suomi",Terttuseljankuja 1,Tuusula,4300.0,FI,,Terttuseljankuja 1
Kukinpolun päiväkoti,60.2780122,24.8579758,päiväkoti,Esikoulu,False,False,"Raikukuja 6, 01620 Vantaa, Suomi",Raikukuja 6,Vantaa,1620.0,FI,,Raikukuja 6
"Päiväkoti Norlandia Sympaatti, Norlandia Päiväkodit Oy",60.4116541,25.0322648,päiväkoti,Päiväkoti,False,False,"Kirkkotie 23, 04310 Tuusula, Suomi",Kirkkotie 23,Tuusula,4310.0,FI,,Kirkkotie 23
Illenpihan päiväkoti,60.2832296,24.9616621,päiväkoti,Päiväkoti,False,False,"Illenpiha 6, 01520 Vantaa, Suomi",Illenpiha 6,Vantaa,1520.0,FI,,Illenpiha 6
Illenpuiston päiväkoti,60.2836338,24.9634444,päiväkoti,Päiväkoti,False,False,"Lähettilääntie 12, 01520 Vantaa, Suomi",Lähettilääntie 12,Vantaa,1520.0,FI,,Lähettilääntie 12
Päiväkoti Touhula Kaivoksela,60.2576118,24.8657442,päiväkoti,Päiväkoti,False,False,"Aapraminkaari 6, 01610 Vantaa, Suomi",Aapraminkaari 6,Vantaa,1610.0,FI,,Aapraminkaari 6
Päiväkoti Touhula Veromies,60.2969171,24.9649995,päiväkoti,Päiväkoti,False,False,"Perintökuja 14, 01510 Vantaa, Suomi",Perintökuja 14,Vantaa,1510.0,FI,,Perintökuja 14
Päiväkoti Kanin loikka,60.4187098,25.0107073,päiväkoti,Päiväkoti,False,False,"Rahkasammaleentie 1, 04300 Tuusula, Suomi",Rahkasammaleentie 1,Tuusula,4300.0,FI,,Rahkasammaleentie 1
Hyrylän päiväkoti,60.4053801,25.0277083,päiväkoti,Päiväkoti,False,False,"Väinöläntie 6, 04300 Tuusula, Suomi",Väinöläntie 6,Tuusula,4300.0,FI,,Väinöläntie 6
Hämevaaran päiväkoti,60.2542427,24.8065951,päiväkoti,Päiväkoti,False,False,"Vaijeritie 7, 01640 Vantaa, Suomi",Vaijeritie 7,Vantaa,1640.0,FI,,Vaijeritie 7
Mainingin päiväkoti,60.4066794,25.0355729,päiväkoti,Päiväkoti,False,False,"Purjekuja 1, 04300 Tuusula, Suomi",Purjekuja 1,Tuusula,4300.0,FI,,Purjekuja 1
Päiväkoti Venlantupa Oy,60.4229313,25.0294557,päiväkoti,Päiväkoti,False,False,"Anttilantie 20, 04300 Tuusula, Suomi",Anttilantie 20,Tuusula,4300.0,FI,,Anttilantie 20
Päiväkoti Pellava,60.3752344,25.0112778,päiväkoti,Päiväkoti,False,False,"Pellavamäentie, 04320 Tuusula, Suomi",Pellavamäentie,Tuusula,4320.0,FI,,Pellavamäentie
Mikkolan päiväkoti,60.3923764,25.0136787,päiväkoti,Päiväkoti,False,False,"Jussilantie 16, 04300 Tuusula, Suomi",Jussilantie 16,Tuusula,4300.0,FI,,Jussilantie 16
"Päiväkoti Norlandia Pikkukarhu, Norlandia Päiväkodit Oy",60.3960946,25.0485062,päiväkoti,Päiväkoti,False,False,"Isokarhunkierto 2, 04300 Tuusula, Suomi",Isokarhunkierto 2,Tuusula,4300.0,FI,,Isokarhunkierto 2
Pertun päiväkoti,60.5387838,24.9625626,päiväkoti,Päiväkoti,False,False,"Pertuntie 42, 05400 Tuusula, Suomi",Pertuntie 42,Tuusula,5400.0,FI,,Pertuntie 42
"Päiväkoti Norlandia Kumpu, Norlandia Päiväkodit Oy",60.3959982,25.0147678,päiväkoti,Päiväkoti,False,False,"Pähkinämäentie 240, 04300 Tuusula, Suomi",Pähkinämäentie 240,Tuusula,4300.0,FI,,Pähkinämäentie 240
Haminan päiväkoti ja perhepäivähoito,65.3208141,25.3689564,päiväkoti,Päiväkoti,False,False,"Valtarintie 11 A, 91100 II, Suomi",Valtarintie 11 A,II,91100.0,FI,,Valtarintie 11 A
Kallionkujan päiväkoti,60.2127889,24.7705284,päiväkoti,Päiväkoti,False,False,"Lansankallionkuja 1, 02630 Espoo, Suomi",Lansankallionkuja 1,Espoo,2630.0,FI,,Lansankallionkuja 1
Daghemmet Äppelgården,60.370274,24.76837,päiväkoti,Päiväkoti,False,False,"Piennarlenkki 6, 01840 Nurmijärvi, Suomi",Piennarlenkki 6,Nurmijärvi,1840.0,FI,,Piennarlenkki 6
Nurmijärven kunta,60.5259623,24.7287319,päiväkoti,Päiväkoti,False,False,"Kylänpääntie 2, 05200 Rajamäki, Suomi",Kylänpääntie 2,Rajamäki,5200.0,FI,,Kylänpääntie 2
Nurmijärven kunta,60.53003,24.76881,päiväkoti,Päiväkoti,False,False,"Mutkapolku 4, 05200 Rajamäki, Suomi",Mutkapolku 4,Rajamäki,5200.0,FI,,Mutkapolku 4
Kids World Playschool,60.4582156,24.6986576,päiväkoti,Päiväkoti,False,False,"Petärinteentie 95, 01860 Nurmijärvi, Suomi",Petärinteentie 95,Nurmijärvi,1860.0,FI,,Petärinteentie 95
Pilke musiikkipäiväkoti Helmitarha,60.4625815,24.802822,päiväkoti,Päiväkoti,False,False,"Punamullantie 12, 01900 Nurmijärvi, Suomi",Punamullantie 12,Nurmijärvi,1900.0,FI,,Punamullantie 12
Nurmijärven kunta,60.3698707,24.748126,päiväkoti,Päiväkoti,False,False,"Syrjäläntie 35, 01800 Klaukkala, Suomi",Syrjäläntie 35,Klaukkala,1800.0,FI,,Syrjäläntie 35
Pilke tiedepäiväkoti Hehku,60.3793121,24.72943,päiväkoti,Päiväkoti,False,False,"Luhtavillantie 1, 01800 Klaukkala, Suomi",Luhtavillantie 1,Klaukkala,1800.0,FI,,Luhtavillantie 1
Pilke musiikkipäiväkoti Tahti,65.3149059,25.3758303,päiväkoti,Päiväkoti,False,False,"Kauppatie 10, 91100 II, Suomi",Kauppatie 10,II,91100.0,FI,,Kauppatie 10
Nurmijärven kunta,60.36839,24.7325214,päiväkoti,Päiväkoti,False,False,"Viljelystie 32, 01800 Klaukkala, Suomi",Viljelystie 32,Klaukkala,1800.0,FI,,Viljelystie 32
Päiväkoti Lassi,60.2292406,24.8752562,päiväkoti,Päiväkoti,False,False,"Vaakakuja 3, 00440 Helsinki, Suomi",Vaakakuja 3,Helsinki,440.0,FI,,Vaakakuja 3
Lehdokki Daycare Centre,60.1982455,24.9444258,päiväkoti,Päiväkoti,False,False,"Pakkamestarinkatu 4, 00520 Helsinki, Suomi",Pakkamestarinkatu 4,Helsinki,520.0,FI,,Pakkamestarinkatu 4
Päiväkoti Korento,60.2340801,24.9340034,päiväkoti,Päiväkoti,False,False,"Suursuonlaita 6, 00630 Helsinki, Suomi",Suursuonlaita 6,Helsinki,630.0,FI,,Suursuonlaita 6
Päiväkoti Hakuninmaa,60.2531536,24.8977115,päiväkoti,Päiväkoti,False,False,"Perhekunnantie 1, 00430 Helsinki, Suomi",Perhekunnantie 1,Helsinki,430.0,FI,,Perhekunnantie 1
Viiskulman Päiväkoti,61.8601253,25.1850782,päiväkoti,Päiväkoti,False,False,"Varistaipaleentie 9, 42100 Jämsä, Suomi",Varistaipaleentie 9,Jämsä,42100.0,FI,,Varistaipaleentie 9
Jokivarren Päiväkoti,61.8640161,25.1808165,päiväkoti,Päiväkoti,False,False,"Seppolankuja 4, 42100 Jämsä, Suomi",Seppolankuja 4,Jämsä,,FI,,Seppolankuja 4
Peltotien Päiväkoti,61.8733603,25.1879938,päiväkoti,Päiväkoti,False,False,"Peltotie 35, 42100 Jämsä, Suomi",Peltotie 35,Jämsä,42100.0,FI,,Peltotie 35
Puukilan Päiväkoti,61.8680278,25.1937101,päiväkoti,Päiväkoti,False,False,"Puukilankatu 1, 42100 Jämsä, Suomi",Puukilankatu 1,Jämsä,42100.0,FI,,Puukilankatu 1
Rantavitikan päiväkoti,66.4825349,25.7157216,päiväkoti,Päiväkoti,False,False,"Heinämiehentie 6, 96300 Rovaniemi, Suomi",Heinämiehentie 6,Rovaniemi,96300.0,FI,,Heinämiehentie 6
Keskisuutarin Perhekoti Oy,66.5149245,25.7843649,päiväkoti,Päiväkoti,False,False,"Suutarintie 28, 96900 Rovaniemi, Suomi",Suutarintie 28,Rovaniemi,96900.0,FI,,Suutarintie 28
Päiväkoti Norppa,60.2301083,24.958902,päiväkoti,Päiväkoti,False,False,"Teinintie 13, 00640 Helsinki, Suomi",Teinintie 13,Helsinki,640.0,FI,,Teinintie 13
Päiväkoti Kesäheinä,60.2029238,24.9510362,päiväkoti,Päiväkoti,False,False,"Isonniitynkatu 7, 00520 Helsinki, Suomi",Isonniitynkatu 7,Helsinki,520.0,FI,,Isonniitynkatu 7
Päiväkoti Marjala,60.2095408,24.964622,päiväkoti,Päiväkoti,False,False,"Limingantie 78, 00530 Helsinki, Suomi",Limingantie 78,Helsinki,530.0,FI,,Limingantie 78
Päiväkoti Savela,60.238994,24.9912773,päiväkoti,Päiväkoti,False,False,"Savelantie 9, 00720 Helsinki, Suomi",Savelantie 9,Helsinki,720.0,FI,,Savelantie 9
Päiväkoti Kotinummi,60.2566454,25.0152529,päiväkoti,Päiväkoti,False,False,"Kotinummentie 1, 00700 Helsinki, Suomi",Kotinummentie 1,Helsinki,700.0,FI,,Kotinummentie 1
Päiväkoti Aapiskukko,60.2550349,25.00234,päiväkoti,Päiväkoti,False,False,"Kirkonkyläntie 25, 00700 Helsinki, Suomi",Kirkonkyläntie 25,Helsinki,700.0,FI,,Kirkonkyläntie 25
Päiväkoti Suvi,60.2494534,25.0184265,päiväkoti,Päiväkoti,False,False,"Vilppulantie 17, 00700 Helsinki, Suomi",Vilppulantie 17,Helsinki,700.0,FI,,Vilppulantie 17
Päiväkoti Karvikka,60.2448682,25.0079268,päiväkoti,Päiväkoti,False,False,"Karviaisrinne 2, 00700 Helsinki, Suomi",Karviaisrinne 2,Helsinki,700.0,FI,,Karviaisrinne 2
Päiväkoti Haltia,60.2495343,24.9585352,päiväkoti,Päiväkoti,False,False,"Lukupolku 2, 00680 Helsinki, Suomi",Lukupolku 2,Helsinki,680.0,FI,,Lukupolku 2
Päiväkoti Takatasku,60.2552826,24.9986069,päiväkoti,Päiväkoti,False,False,"Takaniitynpolku 1, 00780 Helsinki, Suomi",Takaniitynpolku 1,Helsinki,780.0,FI,,Takaniitynpolku 1
Päiväkoti Tilhi,60.2643962,25.0061642,päiväkoti,Päiväkoti,False,False,"Tilhipolku 6, 00730 Helsinki, Suomi",Tilhipolku 6,Helsinki,730.0,FI,,Tilhipolku 6
Päiväkoti Immola,60.2599959,24.985166,päiväkoti,Päiväkoti,False,False,"Immolantie 9, 00780 Helsinki, Suomi",Immolantie 9,Helsinki,780.0,FI,,Immolantie 9
roberto`´s pighouse,60.8579003,24.7657825,päiväkoti,Päiväkoti,False,False,"12380 Janakkala, Suomi",,Janakkala,12380.0,FI,,
Päiväkoti Sörkka,60.1807048,24.9548647,päiväkoti,Päiväkoti,False,False,"Vetehisenkuja 3, 00530 Helsinki, Suomi",Vetehisenkuja 3,Helsinki,530.0,FI,,Vetehisenkuja 3
Päiväkoti Hattula,60.196458,24.9545388,päiväkoti,Päiväkoti,False,False,"Rautalammintie 2, 00550 Helsinki, Suomi",Rautalammintie 2,Helsinki,550.0,FI,,Rautalammintie 2
Päiväkoti Nurmikko,60.2083483,24.9659971,päiväkoti,Päiväkoti,False,False,"Väinö Auerin katu 3, 00560 Helsinki, Suomi",Väinö Auerin katu 3,Helsinki,560.0,FI,,Väinö Auerin katu 3
Tammistonrannan päiväkoti,60.2689608,24.9631674,päiväkoti,Päiväkoti,False,False,"Säteritilankatu 8, 01520 Vantaa, Suomi",Säteritilankatu 8,Vantaa,1520.0,FI,,Säteritilankatu 8
Päiväkoti Ylä-Malmi,60.2551305,25.0049915,päiväkoti,Päiväkoti,False,False,"Notkotie 12, 00700 Helsinki, Suomi",Notkotie 12,Helsinki,700.0,FI,,Notkotie 12
Päiväkoti Pakilan lastenpaikka,60.2385207,24.9624067,päiväkoti,Päiväkoti,False,False,"Yhdyskunnantie 2, 00640 Helsinki, Suomi",Yhdyskunnantie 2,Helsinki,640.0,FI,,Yhdyskunnantie 2
Päiväkoti Tammi,60.242875,24.9630153,päiväkoti,Päiväkoti,False,False,"Solakalliontie 13, 00680 Helsinki, Suomi",Solakalliontie 13,Helsinki,680.0,FI,,Solakalliontie 13
Alkulan Päiväkoti,62.5647354,25.8270739,päiväkoti,Päiväkoti,False,False,"Harjusenkatu 15, 44200 Suolahti, Suomi",Harjusenkatu 15,Suolahti,44200.0,FI,,Harjusenkatu 15
Tikkakosken päiväkoti,62.3892617,25.6509632,päiväkoti,Päiväkoti,False,False,"Myllylammenkatu 8, 41160 Tikkakoski, Suomi",Myllylammenkatu 8,Tikkakoski,41160.0,FI,,Myllylammenkatu 8
Marjametsän päiväkoti,63.0840045,25.8468547,päiväkoti,Päiväkoti,False,False,"Haapaniementie 43, 44500 Viitasaari, Suomi",Haapaniementie 43,Viitasaari,44500.0,FI,,Haapaniementie 43
Pilke luontopäiväkoti Solmu,62.6709212,25.3097358,päiväkoti,Päiväkoti,False,False,"Uuraistentie 192B, 43130 Saarijärvi, Suomi",Uuraistentie 192B,Saarijärvi,43130.0,FI,,Uuraistentie 192B
Aittorinteen päiväkoti,62.2485274,25.787695,päiväkoti,Päiväkoti,False,False,"Yläaitankatu 6, 40320 Jyväskylä, Suomi",Yläaitankatu 6,Jyväskylä,40320.0,FI,,Yläaitankatu 6
Päiväkoti Esikko,62.9345616,26.4067662,päiväkoti,Päiväkoti,False,False,"Koulutie 16, 72300 Vesanto, Suomi",Koulutie 16,Vesanto,72300.0,FI,,Koulutie 16
Päiväkoti Muksuteekki,63.6751694,25.9697228,päiväkoti,Päiväkoti,False,False,"Tunturitie 23, 86800 Pyhäjärvi, Suomi",Tunturitie 23,Pyhäjärvi,86800.0,FI,,Tunturitie 23
Päiväkoti Satakieli,63.7538996,25.3225081,päiväkoti,Lastentarha,False,False,"Roikolantie 20, 85800 Haapajärvi, Suomi",Roikolantie 20,Haapajärvi,85800.0,FI,,Roikolantie 20
Ääneniemen päiväkoti,62.6116112,25.735591,päiväkoti,Lastentarha,False,False,"Ääneniementie 24, 44100 Äänekoski, Suomi",Ääneniementie 24,Äänekoski,44100.0,FI,,Ääneniementie 24
"Päiväkoti Norlandia Aurinkoinen, Norlandia Päiväkodit Oy",62.2886158,25.7082336,päiväkoti,Päiväkoti,False,False,"Korppumäentie 6, 40270 Jyväskylä, Suomi",Korppumäentie 6,Jyväskylä,40270.0,FI,,Korppumäentie 6
Kortesuon päiväkoti,62.2489509,25.7080916,päiväkoti,Päiväkoti,False,False,"Taitoniekantie 9 Q, 40740 Jyväskylä, Suomi",Taitoniekantie 9 Q,Jyväskylä,40740.0,FI,,Taitoniekantie 9 Q
Vastatuulen päiväkoti,62.2257116,25.7611805,päiväkoti,Päiväkoti,False,False,"Kekkolantie 11, 40520 Jyväskylä, Suomi",Kekkolantie 11,Jyväskylä,40520.0,FI,,Kekkolantie 11
Sivutaskun Päiväkoti,62.2107292,25.7710322,päiväkoti,Päiväkoti,False,False,"40520 Jyväskylä, Suomi",,Jyväskylä,40520.0,FI,,
"Päiväkoti Norlandia Vaahtera, Norlandia Päiväkodit Oy",62.2294502,25.687725,päiväkoti,Päiväkoti,False,False,"Haperontie 10, 40640 Jyväskylä, Suomi",Haperontie 10,Jyväskylä,40640.0,FI,,Haperontie 10
Pilke liikuntapäiväkoti Mannisenmäki,62.282239,25.7157532,päiväkoti,Päiväkoti,False,False,"Mannisenmäentie 2, 40270 Jyväskylä, Suomi",Mannisenmäentie 2,Jyväskylä,40270.0,FI,,Mannisenmäentie 2
Pilke luontopäiväkoti Verso,62.1850379,25.7059678,päiväkoti,Päiväkoti,False,False,"Suopursuntie 3, 40530 Jyväskylä, Suomi",Suopursuntie 3,Jyväskylä,40530.0,FI,,Suopursuntie 3
Fabriikin päiväkoti,62.2501762,25.7619619,päiväkoti,Päiväkoti,False,False,"Ailakinkatu 8, 40100 Jyväskylä, Suomi",Ailakinkatu 8,Jyväskylä,40100.0,FI,,Ailakinkatu 8
Päiväkoti Viilinki Oy,62.3306654,25.83823,päiväkoti,Päiväkoti,False,False,"Majajärventie 1, 41310 Leppävesi, Suomi",Majajärventie 1,Leppävesi,41310.0,FI,,Majajärventie 1
Lahjaharjun päiväkoti,62.2674389,25.7591406,päiväkoti,Päiväkoti,False,False,"Tyyppäläntie 20, 40250 Jyväskylä, Suomi",Tyyppäläntie 20,Jyväskylä,40250.0,FI,,Tyyppäläntie 20
"Päiväkoti Norlandia Kauratähti, Tähtipäiväkodit",62.1930067,25.6947619,päiväkoti,Päiväkoti,False,False,"Vävypojanpolku 1, 40530 Jyväskylä, Suomi",Vävypojanpolku 1,Jyväskylä,40530.0,FI,,Vävypojanpolku 1
Päiväkoti,62.4145732,25.9577535,päiväkoti,Lastenhoitotoimisto,False,False,"Engelintie 2, 41340 Laukaa, Suomi",Engelintie 2,Laukaa,41340.0,FI,,Engelintie 2
Päiväkoti,63.2354151,26.7553118,päiväkoti,Päiväkoti,False,False,"Laurinpurontie 23, 72400 Pielavesi, Suomi",Laurinpurontie 23,Pielavesi,72400.0,FI,,Laurinpurontie 23
Pienryhmäpäiväkoti Hiirenpolku Avoin yhtiö,62.4329923,25.9209624,päiväkoti,Päiväkoti,False,False,"Honkalantie 5, 41350 LAUKAA AS, Suomi",Honkalantie 5,LAUKAA AS,41350.0,FI,,Honkalantie 5
Päivärinteen Päiväkoti,62.2459312,25.7493017,päiväkoti,Päiväkoti,False,False,"Kansakoulukatu 2, 40100 Jyväskylä, Suomi",Kansakoulukatu 2,Jyväskylä,40100.0,FI,,Kansakoulukatu 2
Tammirinteen päiväkoti ja koulu,62.2452426,25.8251656,päiväkoti,Päiväkoti,False,False,"Jyskäntie 4, 40420 Jyväskylä, Suomi",Jyskäntie 4,Jyväskylä,40420.0,FI,,Jyskäntie 4
"Päiväkoti Norlandia Aurinkosaari, Norlandia Päiväkodit Oy",62.2656047,25.9109624,päiväkoti,Päiväkoti,False,False,"Koskenniskantie 10, 40800 Jyväskylä, Suomi",Koskenniskantie 10,Jyväskylä,40800.0,FI,,Koskenniskantie 10
Kuokkalan päiväkoti,62.2280226,25.7674126,päiväkoti,Päiväkoti,False,False,"Räpylä 3, 40520 Jyväskylä, Suomi",Räpylä 3,Jyväskylä,40520.0,FI,,Räpylä 3
Ristikiven päiväkoti,62.2106548,25.7560342,päiväkoti,Päiväkoti,False,False,"Valkovuokontie 9, 40520 Jyväskylä, Suomi",Valkovuokontie 9,Jyväskylä,40520.0,FI,,Valkovuokontie 9
Saunakylän päiväkoti,62.1369352,25.6647558,päiväkoti,Päiväkoti,False,False,"Mertamäentie 5, 40950 Muurame, Suomi",Mertamäentie 5,Muurame,40950.0,FI,,Mertamäentie 5
"Päiväkoti Norlandia Amiraali, Norlandia Päiväkodit Oy",62.2327134,25.8058556,päiväkoti,Päiväkoti,False,False,"Äijälänrannantie 5, 40520 Jyväskylä, Suomi",Äijälänrannantie 5,Jyväskylä,40520.0,FI,,Äijälänrannantie 5
Kivelän päiväkoti,62.2372981,25.8411378,päiväkoti,Päiväkoti,False,False,"Sievisenmäentie 18, 40420 Jyväskylä, Suomi",Sievisenmäentie 18,Jyväskylä,40420.0,FI,,Sievisenmäentie 18
Päiväkoti Arkki-Parkki,62.2500781,25.7328584,päiväkoti,Päiväkoti,False,False,"Viitaniementie 15 a, 40600 Jyväskylä, Suomi",Viitaniementie 15 a,Jyväskylä,40600.0,FI,,Viitaniementie 15 a
Mäki-Matin päiväkoti,62.2420834,25.7328071,päiväkoti,Päiväkoti,False,False,"Löylykatu 5, 40700 Jyväskylä, Suomi",Löylykatu 5,Jyväskylä,40700.0,FI,,Löylykatu 5
Päiväkoti Touhula Löytöretki,62.1380423,25.6891602,päiväkoti,Päiväkoti,False,False,"Kaijalantie 2, 40950 Muurame, Suomi",Kaijalantie 2,Muurame,40950.0,FI,,Kaijalantie 2
Päiväkoti Touhula Myrskylyhty,62.1590497,25.7513633,päiväkoti,Päiväkoti,False,False,"Antinmutka 18, 40930 Muurame, Suomi",Antinmutka 18,Muurame,40930.0,FI,,Antinmutka 18
Wessmanninmäen päiväkoti,62.246351,25.8663217,päiväkoti,Päiväkoti,False,False,"Kirkkotie 1, 40800 Jyväskylä, Suomi",Kirkkotie 1,Jyväskylä,40800.0,FI,,Kirkkotie 1
Päiväkoti Tenava-Satumetsä,62.1588836,25.764806,päiväkoti,Päiväkoti,False,False,"Parantolantie 24, 40930 Muurame, Suomi",Parantolantie 24,Muurame,40930.0,FI,,Parantolantie 24
Pilke Satulinna,62.2212325,25.7651724,päiväkoti,Päiväkoti,False,False,"Kekkolantie 25, 40520 Jyväskylä, Suomi",Kekkolantie 25,Jyväskylä,40520.0,FI,,Kekkolantie 25
"Päiväkoti Norlandia Asmalampi, Tähtipäiväkodit Oy",62.2521086,25.8316132,päiväkoti,Päiväkoti,False,False,"Nujulantie 1, 40420 Jyväskylä, Suomi",Nujulantie 1,Jyväskylä,40420.0,FI,,Nujulantie 1
Muksulan päiväkoti,63.3615887,27.398194,päiväkoti,Päiväkoti,False,False,"Postikuja 12, 73100 Lapinlahti, Suomi",Postikuja 12,Lapinlahti,73100.0,FI,,Postikuja 12
Päiväkoti Simpukka,63.5758188,27.1789361,päiväkoti,Päiväkoti,False,False,"Pekankatu 1, 74120 Iisalmi, Suomi",Pekankatu 1,Iisalmi,74120.0,FI,,Pekankatu 1
Haapaniemen Päiväkoti,62.2269301,25.8525686,päiväkoti,Päiväkoti,False,False,"Ristonmäentie 4, 40820 Jyväskylä, Suomi",Ristonmäentie 4,Jyväskylä,40820.0,FI,,Ristonmäentie 4
Päiväkoti Lumilinna,63.5685345,27.2115816,päiväkoti,Päiväkoti,False,False,"Vihtakannankatu 15, 74120 Iisalmi, Suomi",Vihtakannankatu 15,Iisalmi,74120.0,FI,,Vihtakannankatu 15
Taimirinteen Päiväkoti,62.2651566,26.2141085,päiväkoti,Päiväkoti,False,False,"Männikkötie 7, 41400 Lievestuore, Suomi",Männikkötie 7,Lievestuore,41400.0,FI,,Männikkötie 7
Sillankorvan Päiväkoti,62.3853596,26.4296191,päiväkoti,Päiväkoti,False,False,"Koulutie 14, 41520 Hankasalmi, Suomi",Koulutie 14,Hankasalmi,41520.0,FI,,Koulutie 14
Pilke Playschool Jyväskylä,62.2365055,25.7425689,päiväkoti,Päiväkoti,False,False,"Vaasankatu 2, 40100 Jyväskylä, Suomi",Vaasankatu 2,Jyväskylä,40100.0,FI,,Vaasankatu 2
"Päiväkoti Norlandia Kotikaari, Tähtipäiväkodit Oy",62.2248258,25.7732627,päiväkoti,Päiväkoti,False,False,"Polttolinja 39, 40520 Jyväskylä, Suomi",Polttolinja 39,Jyväskylä,40520.0,FI,,Polttolinja 39
"Leppäkerttu, ryhmäperhepäiväkoti",62.325549,25.8412763,päiväkoti,Päiväkoti,False,False,"Hevosvuorentie 6, 41310 Laukaa, Suomi",Hevosvuorentie 6,Laukaa,41310.0,FI,,Hevosvuorentie 6
Pappilan Päiväkoti,62.2908382,25.7298583,päiväkoti,Lastenhoitotoimisto,False,False,"Rovastintie 8, 40270 Jyväskylä, Suomi",Rovastintie 8,Jyväskylä,40270.0,FI,,Rovastintie 8
"Päiväkoti Norlandia Aurinkolahti, Norlandia Päiväkodit Oy",62.1270495,25.6760071,päiväkoti,Päiväkoti,False,False,"Manttaalintie 10, 40950 Muurame, Suomi",Manttaalintie 10,Muurame,40950.0,FI,,Manttaalintie 10
Huhtasuon Päiväkoti,62.2700779,25.8041205,päiväkoti,Päiväkoti,False,False,"40340 Jyväskylä, Suomi",,Jyväskylä,,FI,,
Kangasvuoren Päiväkoti,62.2615241,25.7924223,päiväkoti,Päiväkoti,False,False,"Kangasvuorentie 12, 40320 Jyväskylä, Suomi",Kangasvuorentie 12,Jyväskylä,40320.0,FI,,Kangasvuorentie 12
Leikarin päiväkoti,62.1386296,25.683654,päiväkoti,Päiväkoti,False,False,"Tervamäentie 3, 40950 Muurame, Suomi",Tervamäentie 3,Muurame,40950.0,FI,,Tervamäentie 3
Päiväkoti,62.0146443,25.5550379,päiväkoti,Päiväkoti,False,False,"Heikinpolku 5, 41800 Jyväskylä, Suomi",Heikinpolku 5,Jyväskylä,41800.0,FI,,Heikinpolku 5
"Päiväkoti Norlandia Sportti, Tähtipäiväkodit Oy",62.2901898,25.7331643,päiväkoti,Päiväkoti,False,False,"Rovastintie 6, 40270 Jyväskylä, Suomi",Rovastintie 6,Jyväskylä,40270.0,FI,,Rovastintie 6
Myllytuvan Päiväkoti,62.2191763,25.7027702,päiväkoti,Päiväkoti,False,False,"Myllyjärventie 2 B, 40640 Jyväskylä, Suomi",Myllyjärventie 2 B,Jyväskylä,40640.0,FI,,Myllyjärventie 2 B
Halssilan päiväkoti,62.2477527,25.8046844,päiväkoti,Päiväkoti,False,False,"Hukkaperä 1, 40400 Jyväskylä, Suomi",Hukkaperä 1,Jyväskylä,40400.0,FI,,Hukkaperä 1
Taikalampun päiväkoti,62.224041,25.7878137,päiväkoti,Päiväkoti,False,False,"Isokatu 3, 40520 Jyväskylä, Suomi",Isokatu 3,Jyväskylä,40520.0,FI,,Isokatu 3
Ristonmaan päiväkoti,62.2215532,25.7308909,päiväkoti,Päiväkoti,False,False,"Ristonmaantie 1, 40500 Jyväskylä, Suomi",Ristonmaantie 1,Jyväskylä,40500.0,FI,,Ristonmaantie 1
Kartanonkujan Päiväkoti,62.2500746,25.7118196,päiväkoti,Päiväkoti,False,False,"Kartanonkuja 4, 40740 Jyväskylä, Suomi",Kartanonkuja 4,Jyväskylä,40740.0,FI,,Kartanonkuja 4
Päiväkoti,64.0995202,26.3394097,päiväkoti,Lastenhoitotoimisto,False,False,"Vaarinväylä 5, 92930 Pyhäntä, Suomi",Vaarinväylä 5,Pyhäntä,92930.0,FI,,Vaarinväylä 5
Neulaskankaan päiväkoti,62.1878461,25.7105935,päiväkoti,Päiväkoti,False,False,"Pihkatie 3, 40530 Jyväskylä, Suomi",Pihkatie 3,Jyväskylä,40530.0,FI,,Pihkatie 3
Luhtisen päiväkoti,62.2867216,25.7470096,päiväkoti,Päiväkoti,False,False,"Ritopohjantie 23, 40270 Jyväskylä, Suomi",Ritopohjantie 23,Jyväskylä,40270.0,FI,,Ritopohjantie 23
Cygnaeuksen päiväkoti,62.2401447,25.7268398,päiväkoti,Päiväkoti,False,False,"Voionmaankatu 18, 40700 Jyväskylä, Suomi",Voionmaankatu 18,Jyväskylä,40700.0,FI,,Voionmaankatu 18
Mannilan Päiväkoti,62.2699034,25.7268453,päiväkoti,Päiväkoti,False,False,"4, Liinaharjankatu, 40200 Jyväskylä, Suomi","4, Liinaharjankatu",Jyväskylä,40200.0,FI,,"4, Liinaharjankatu"
Kypärämäen Päiväkoti,62.2371811,25.6955234,päiväkoti,Päiväkoti,False,False,"Erämiehenkatu 6, 40630 Jyväskylä, Suomi",Erämiehenkatu 6,Jyväskylä,40630.0,FI,,Erämiehenkatu 6
"Päiväkoti Norlandia Niittytähti, Tähtipäiväkodit Oy",62.2560962,25.7029982,päiväkoti,Päiväkoti,False,False,"Korteniityntie 30, 40740 Jyväskylä, Suomi",Korteniityntie 30,Jyväskylä,40740.0,FI,,Korteniityntie 30
Kotalammen Päiväkoti,62.2299275,25.6876463,päiväkoti,Päiväkoti,False,False,"Haperontie 12, 40640 Jyväskylä, Suomi",Haperontie 12,Jyväskylä,40640.0,FI,,Haperontie 12
Nisulan päiväkoti,62.2498844,25.7397573,päiväkoti,Päiväkoti,False,False,"Eeronkatu 5, 40720 Jyväskylä, Suomi",Eeronkatu 5,Jyväskylä,40720.0,FI,,Eeronkatu 5
Kaipolan Päiväkoti,61.8197961,25.2296507,päiväkoti,Lastentarha,False,False,"Koulutie 3, 42220 Kaipola, Suomi",Koulutie 3,Kaipola,42220.0,FI,,Koulutie 3
Ritoniityn päiväkoti,62.2801311,25.7549514,päiväkoti,Päiväkoti,False,False,"Näsintie 1, 40250 Jyväskylä, Suomi",Näsintie 1,Jyväskylä,40250.0,FI,,Näsintie 1
Haukkamäen päiväkoti,62.2895637,25.7113988,päiväkoti,Päiväkoti,False,False,"Korppumäentie 1, 40270 Länsi-Palokka, Suomi",Korppumäentie 1,Länsi-Palokka,40270.0,FI,,Korppumäentie 1
Keltinmäen Päiväkoti,62.2333159,25.6697273,päiväkoti,Päiväkoti,False,False,"Nääpikäntie 6, 40640 Jyväskylä, Suomi",Nääpikäntie 6,Jyväskylä,40640.0,FI,,Nääpikäntie 6
Kirrin päiväkoti,62.3010973,25.7067477,päiväkoti,Päiväkoti,False,False,"Kirrinpelto 1, 40270 Jyväskylä, Suomi",Kirrinpelto 1,Jyväskylä,40270.0,FI,,Kirrinpelto 1
"Päiväkoti Norlandia Tarina, Norlandia Päiväkodit Oy",62.3864349,25.6971063,päiväkoti,Päiväkoti,False,False,"Tikkakoskentie 50, 41160 Tikkakoski, Suomi",Tikkakoskentie 50,Tikkakoski,41160.0,FI,,Tikkakoskentie 50
Kotimäen päiväkoti,62.248698,25.8492635,päiväkoti,Päiväkoti,False,False,"Sulunperäntie 12, 40800 Jyväskylä, Suomi",Sulunperäntie 12,Jyväskylä,40800.0,FI,,Sulunperäntie 12
Kellosepän päiväkoti,62.5646127,25.8554372,päiväkoti,Koulu,False,False,"Kellosepänkatu 19, 44200 Suolahti, Suomi",Kellosepänkatu 19,Suolahti,44200.0,FI,,Kellosepänkatu 19
Puuppolan päiväkoti,62.3464736,25.700653,päiväkoti,Päiväkoti,False,False,"Takalantie 2, 41120 Puuppola, Suomi",Takalantie 2,Puuppola,41120.0,FI,,Takalantie 2
Päiväkoti,62.6079357,25.7100662,päiväkoti,Päiväkoti,False,False,"Rautatienkatu 49, 44150 Äänekoski, Suomi",Rautatienkatu 49,Äänekoski,44150.0,FI,,Rautatienkatu 49
Miekkarinteen Päiväkoti,63.0657855,25.8443946,päiväkoti,Päiväkoti,False,False,"Isoahontie 18, 44500 Viitasaari, Suomi",Isoahontie 18,Viitasaari,44500.0,FI,,Isoahontie 18
"Päiväkoti Norlandia Lammastarha, Norlandia Päiväkodit Oy",62.2494924,25.7464388,päiväkoti,Päiväkoti,False,False,"Tellervonkatu 14-16, 40200 Jyväskylä, Suomi",Tellervonkatu 14-16,Jyväskylä,40200.0,FI,,Tellervonkatu 14-16
Ojanperän päiväkoti,64.7965707,25.4114163,päiväkoti,Päiväkoti,False,False,"Kankaanlaita 2, 91900 Liminka, Suomi",Kankaanlaita 2,Liminka,91900.0,FI,,Kankaanlaita 2
Päiväkoti Touhula Oulunsalo,64.9424438,25.4315072,päiväkoti,Päiväkoti,False,False,"Tetriläntie 19, 90460 Oulu, Suomi",Tetriläntie 19,Oulu,90460.0,FI,,Tetriläntie 19
Tikkaskodit Oy,65.3051651,25.3604531,päiväkoti,Päiväkoti,False,False,"Harjunkuja 1, 91100 II, Suomi",Harjunkuja 1,II,91100.0,FI,,Harjunkuja 1
Lintulan Päiväkoti,64.9879838,25.4945815,päiväkoti,Päiväkoti,False,False,"Kihokkitie 3, 90150 Oulu, Suomi",Kihokkitie 3,Oulu,90150.0,FI,,Kihokkitie 3
Päiväkoti Kaarnalaiva Oy,64.988614,25.4938321,päiväkoti,Päiväkoti,False,False,"Kihokkitie 1, 90150 Oulu, Suomi",Kihokkitie 1,Oulu,90150.0,FI,,Kihokkitie 1
Päiväkoti Touhula Korkalovaara,66.506885,25.7004169,päiväkoti,Päiväkoti,False,False,"Miehentie 10, 96100 Rovaniemi, Suomi",Miehentie 10,Rovaniemi,96100.0,FI,,Miehentie 10
Koskikadun Päiväkoti,66.5060542,25.7176531,päiväkoti,Päiväkoti,False,False,"Koskikatu 46, 96200 Rovaniemi, Suomi",Koskikatu 46,Rovaniemi,96200.0,FI,,Koskikatu 46
Päiväkoti Santahamina,60.1524189,25.048575,päiväkoti,Päiväkoti,False,False,"Kadettikouluntie 5, 00860 Helsinki, Suomi",Kadettikouluntie 5,Helsinki,860.0,FI,,Kadettikouluntie 5
Päiväkoti Pärlan,60.1583666,24.9148337,päiväkoti,Päiväkoti,False,False,"Livornonkatu 2, 00220 Helsinki, Suomi",Livornonkatu 2,Helsinki,220.0,FI,,Livornonkatu 2
Pilke Kattimatti,60.1528026,24.743814,päiväkoti,Päiväkoti,False,False,"Sepetlahdentie 7, 02230 Espoo, Suomi",Sepetlahdentie 7,Espoo,2230.0,FI,,Sepetlahdentie 7
Päiväkoti Siima,60.1986639,25.1189636,päiväkoti,Päiväkoti,False,False,"Ramsinniementie 6, 00980 Helsinki, Suomi",Ramsinniementie 6,Helsinki,980.0,FI,,Ramsinniementie 6
Päiväkoti Vartiokylä,60.2183474,25.0992214,päiväkoti,Päiväkoti,False,False,"Sauramatie 3, 00950 Helsinki, Suomi",Sauramatie 3,Helsinki,950.0,FI,,Sauramatie 3
Päiväkoti Punatulkun Kannatusyhdistys Ry.,60.1533208,24.7444632,päiväkoti,Päiväkoti,False,False,"Liisankuja 1, 02230 Espoo, Suomi",Liisankuja 1,Espoo,2230.0,FI,,Liisankuja 1
Päiväkoti Jollas,60.162042,25.0658835,päiväkoti,Päiväkoti,False,False,"Laitatuulenkaari 2, 00850 Helsinki, Suomi",Laitatuulenkaari 2,Helsinki,850.0,FI,,Laitatuulenkaari 2
Päiväkoti Maarianmaa,60.2260636,24.9889173,päiväkoti,Päiväkoti,False,False,"Harjannetie 36, 00710 Helsinki, Suomi",Harjannetie 36,Helsinki,710.0,FI,,Harjannetie 36
Päiväkoti Herttoniemi,60.1992372,25.0355457,päiväkoti,Päiväkoti,False,False,"Susitie 2, 00800 Helsinki, Suomi",Susitie 2,Helsinki,800.0,FI,,Susitie 2
Päiväkoti Kamomilla,60.2252889,25.0248548,päiväkoti,Päiväkoti,False,False,"Tilanhoitajankaari 34, 00790 Helsinki, Suomi",Tilanhoitajankaari 34,Helsinki,790.0,FI,,Tilanhoitajankaari 34
"Kittilän Kunta, Kaukosen Koulu",67.4846136,24.9041751,päiväkoti,Koulu,False,False,"Kylätie 46, 99110 Kittilä, Suomi",Kylätie 46,Kittilä,99110.0,FI,,Kylätie 46
INTO SCHOOL -päiväkoti,60.1475523,24.8819758,päiväkoti,Päiväkoti,False,False,"Itälahdenkatu 2, 00210 Helsinki, Suomi",Itälahdenkatu 2,Helsinki,210.0,FI,,Itälahdenkatu 2
Päiväkoti Silkkiuikku,60.1554645,24.8759557,päiväkoti,Päiväkoti,False,False,"Särkiniementie 29, 00210 Helsinki, Suomi",Särkiniementie 29,Helsinki,210.0,FI,,Särkiniementie 29
Ryhmäperhepäiväkoti Jolla,60.160361,24.916541,päiväkoti,Päiväkoti,False,False,"Selkämerenkatu 13, 00180 Helsinki, Suomi",Selkämerenkatu 13,Helsinki,,FI,,Selkämerenkatu 13
Päiväkoti Neulanen,60.2232296,25.0613403,päiväkoti,Päiväkoti,False,False,"Neulapadontie 6, 00920 Helsinki, Suomi",Neulapadontie 6,Helsinki,920.0,FI,,Neulapadontie 6
Päiväkoti Puotinharju,60.2120716,25.0782945,päiväkoti,Päiväkoti,False,False,"Olavinlinnantie 1, 00900 Helsinki, Suomi",Olavinlinnantie 1,Helsinki,900.0,FI,,Olavinlinnantie 1
Lehtikalat päiväkoti,60.1559177,24.7401493,päiväkoti,Päiväkoti,False,False,"Mirjankuja 4, 02230 Espoo, Suomi",Mirjankuja 4,Espoo,2230.0,FI,,Mirjankuja 4
Päiväkoti Myllytupa,60.2192504,25.0488677,päiväkoti,Päiväkoti,False,False,"Myllärintie 2, 00920 Helsinki, Suomi",Myllärintie 2,Helsinki,920.0,FI,,Myllärintie 2
Päiväkoti Leipuri,60.2233578,25.0650915,päiväkoti,Päiväkoti,False,False,"Orpaanporras 14, 00920 Helsinki, Suomi",Orpaanporras 14,Helsinki,920.0,FI,,Orpaanporras 14
Päiväkoti Ahti,60.2040007,25.1455358,päiväkoti,Päiväkoti,False,False,"Leikosaarentie 24, 00980 Helsinki, Suomi",Leikosaarentie 24,Helsinki,980.0,FI,,Leikosaarentie 24
Päiväkoti Jousi,60.2364466,25.0744977,päiväkoti,Päiväkoti,False,False,"Kaarenjalka 7, 00940 Helsinki, Suomi",Kaarenjalka 7,Helsinki,940.0,FI,,Kaarenjalka 7
Päiväkoti Tahvonlahti,60.167554,25.0372929,päiväkoti,Päiväkoti,False,False,"Gunillantie 10, 00840 Helsinki, Suomi",Gunillantie 10,Helsinki,840.0,FI,,Gunillantie 10
Päiväkoti Kontula,60.2346183,25.0867006,päiväkoti,Päiväkoti,False,False,"Naapurintie 14, 00940 Helsinki, Suomi",Naapurintie 14,Helsinki,940.0,FI,,Naapurintie 14
Päiväkoti Engel Albert,60.1594626,24.9398828,päiväkoti,Päiväkoti,False,False,"Albertinkatu 2, 00150 Helsinki, Suomi",Albertinkatu 2,Helsinki,150.0,FI,,Albertinkatu 2
Päiväkoti Myllymetsä,60.2211206,25.0681625,päiväkoti,Päiväkoti,False,False,"Yläkivenrinne 6, 00920 Helsinki, Suomi",Yläkivenrinne 6,Helsinki,920.0,FI,,Yläkivenrinne 6
Päiväkoti Kurkimoisio,60.2242646,25.1353345,päiväkoti,Päiväkoti,False,False,"Aitiopaikka 3, 00960 Helsinki, Suomi",Aitiopaikka 3,Helsinki,960.0,FI,,Aitiopaikka 3
Päiväkoti Puro,60.2232113,25.0842743,päiväkoti,Päiväkoti,False,False,"Lallukankuja 5 A, 00920 Helsinki, Suomi",Lallukankuja 5 A,Helsinki,920.0,FI,,Lallukankuja 5 A
Päiväkoti Vellamo,60.2038699,25.1361577,päiväkoti,Päiväkoti,False,False,"Kaivonkatsojantie 9, 00980 Helsinki, Suomi",Kaivonkatsojantie 9,Helsinki,980.0,FI,,Kaivonkatsojantie 9
Päiväkoti Kissankello,60.2298846,25.0320073,päiväkoti,Päiväkoti,False,False,"Leskirouva Freytagin kuja 3, 00790 Helsinki, Suomi",Leskirouva Freytagin kuja 3,Helsinki,790.0,FI,,Leskirouva Freytagin kuja 3
Päiväkoti Herttua,60.2198382,24.9688662,päiväkoti,Päiväkoti,False,False,"Juhana-Herttuan tie 13, 00600 Helsinki, Suomi",Juhana-Herttuan tie 13,Helsinki,600.0,FI,,Juhana-Herttuan tie 13
Päiväkoti Humikkala,60.2286781,25.0954534,päiväkoti,Päiväkoti,False,False,"Humikkalantie 45, 00940 Helsinki, Suomi",Humikkalantie 45,Helsinki,940.0,FI,,Humikkalantie 45
Päiväkoti Meri,60.1536994,24.8864063,päiväkoti,Lastentarha,False,False,"Vattuniemenkuja 4, 00210 Helsinki, Suomi",Vattuniemenkuja 4,Helsinki,210.0,FI,,Vattuniemenkuja 4
Päiväkoti Meritähti,60.2208406,25.1400547,päiväkoti,Päiväkoti,False,False,"Kivisaarentie 1, 00960 Helsinki, Suomi",Kivisaarentie 1,Helsinki,960.0,FI,,Kivisaarentie 1
Päiväkoti Haukka,60.1614273,24.9359074,päiväkoti,Lastentarha,False,False,"Iso Roobertinkatu 43, 00120 Helsinki, Suomi",Iso Roobertinkatu 43,Helsinki,120.0,FI,,Iso Roobertinkatu 43
Päiväkoti Viikinki,60.2162429,25.1116094,päiväkoti,Päiväkoti,False,False,"Viikingintie 15, 00950 Helsinki, Suomi",Viikingintie 15,Helsinki,950.0,FI,,Viikingintie 15
Päiväkoti Katiska,60.2033285,25.1253788,päiväkoti,Päiväkoti,False,False,"Harustie 4, 00980 Helsinki, Suomi",Harustie 4,Helsinki,980.0,FI,,Harustie 4
Päiväkoti Kaivopuisto,60.1565642,24.9518883,päiväkoti,Lastentarha,False,False,"Puistokatu 6, 00140 Helsinki, Suomi",Puistokatu 6,Helsinki,140.0,FI,,Puistokatu 6
Päiväkoti Kanava,60.2049696,25.1576744,päiväkoti,Päiväkoti,False,False,"Aurinkotuulenkatu 11, 00990 Helsinki, Suomi",Aurinkotuulenkatu 11,Helsinki,990.0,FI,,Aurinkotuulenkatu 11
Päiväkoti Impivaara,60.2638582,25.0282859,päiväkoti,Päiväkoti,False,False,"Sompiontie, 00730 Helsinki, Suomi",Sompiontie,Helsinki,730.0,FI,,Sompiontie
Päiväkoti Vankkuri,60.2068473,25.124413,päiväkoti,Päiväkoti,False,False,"Rastilanpolku 1, 00980 Helsinki, Suomi",Rastilanpolku 1,Helsinki,980.0,FI,,Rastilanpolku 1
Päiväkoti Roba,60.162932,24.940184,päiväkoti,Päiväkoti,False,False,"Iso Roobertinkatu 23, 00120 Helsinki, Suomi",Iso Roobertinkatu 23,Helsinki,120.0,FI,,Iso Roobertinkatu 23
Päiväkoti Nalli,60.2350639,25.0609695,päiväkoti,Päiväkoti,False,False,"Nallitie 3, 00940 Helsinki, Suomi",Nallitie 3,Helsinki,940.0,FI,,Nallitie 3
Päiväkoti Veräjämäki,60.2242313,24.9736975,päiväkoti,Päiväkoti,False,False,"Jokiniementie 3, 00650 Helsinki, Suomi",Jokiniementie 3,Helsinki,650.0,FI,,Jokiniementie 3
Matinkallion ruotsinkielinen päiväkoti ja esikoulu,60.1641667,24.7495935,päiväkoti,Päiväkoti,False,False,"Matinsyrjä 5, 02230 Espoo, Suomi",Matinsyrjä 5,Espoo,2230.0,FI,,Matinsyrjä 5
Päiväkoti Pihlajamäki,60.2362622,25.0125429,päiväkoti,Päiväkoti,False,False,"Maasälväntie 3, 00710 Helsinki, Suomi",Maasälväntie 3,Helsinki,710.0,FI,,Maasälväntie 3
Päiväkoti Floora,60.2086325,24.9710509,päiväkoti,Päiväkoti,False,False,"Syyriankatu 1, 00560 Helsinki, Suomi",Syyriankatu 1,Helsinki,560.0,FI,,Syyriankatu 1
Päiväkoti Koskela,60.2160463,24.9613503,päiväkoti,Päiväkoti,False,False,"Käpyläntie 11, 00600 Helsinki, Suomi",Käpyläntie 11,Helsinki,600.0,FI,,Käpyläntie 11
Päiväkoti Aalto,60.2124407,24.9818303,päiväkoti,Päiväkoti,False,False,"Kaanaankuja 2, 00560 Helsinki, Suomi",Kaanaankuja 2,Helsinki,560.0,FI,,Kaanaankuja 2
Päiväkoti Murut,60.1666916,24.7752402,päiväkoti,Päiväkoti,False,False,"Ahventie 4b, 02170 Espoo, Suomi",Ahventie 4b,Espoo,2170.0,FI,,Ahventie 4b
Päiväkoti Hanna,60.2073876,25.1365371,päiväkoti,Päiväkoti,False,False,"Tyynylaavantie 19, 00980 Helsinki, Suomi",Tyynylaavantie 19,Helsinki,980.0,FI,,Tyynylaavantie 19
Päiväkoti Hippaheikki,60.2023125,25.1411612,päiväkoti,Päiväkoti,False,False,"Hiekkalaiturintie 5, 00980 Helsinki, Suomi",Hiekkalaiturintie 5,Helsinki,980.0,FI,,Hiekkalaiturintie 5
Päiväkoti Engel Huvila,60.1574122,24.942097,päiväkoti,Päiväkoti,False,False,"Huvilakuja 20, 00150 Helsinki, Suomi",Huvilakuja 20,Helsinki,150.0,FI,,Huvilakuja 20
Päiväkoti Mustikka,60.2079805,25.086661,päiväkoti,Päiväkoti,False,False,"Tupasvillanpolku 10, 00930 Helsinki, Suomi",Tupasvillanpolku 10,Helsinki,930.0,FI,,Tupasvillanpolku 10
Päiväkoti Elias,60.1655692,24.9366466,päiväkoti,Lastentarha,False,False,"Lönnrotinkatu 12, 00120 Helsinki, Suomi",Lönnrotinkatu 12,Helsinki,120.0,FI,,Lönnrotinkatu 12
Päiväkoti Kajuutta,60.2015011,25.1409396,päiväkoti,Päiväkoti,False,False,"Kalkkihiekankuja 4, 00980 Helsinki, Suomi",Kalkkihiekankuja 4,Helsinki,980.0,FI,,Kalkkihiekankuja 4
Päiväkoti Keula,60.2087745,25.1289635,päiväkoti,Päiväkoti,False,False,"Keulatie 4, 00980 Helsinki, Suomi",Keulatie 4,Helsinki,980.0,FI,,Keulatie 4
Päiväkoti Maria,60.1618487,24.9259332,päiväkoti,Lastentarha,False,False,"Lönnrotinkatu 42, 00180 Helsinki, Suomi",Lönnrotinkatu 42,Helsinki,180.0,FI,,Lönnrotinkatu 42
Päiväkoti Yliskylä,60.1771189,25.0424039,päiväkoti,Päiväkoti,False,False,"Köökarinpolku 1, 00840 Helsinki, Suomi",Köökarinpolku 1,Helsinki,840.0,FI,,Köökarinpolku 1
Päiväkoti Puotila,60.2126133,25.09074,päiväkoti,Päiväkoti,False,False,"Rusthollarinkuja 8 A, 00910 Helsinki, Suomi",Rusthollarinkuja 8 A,Helsinki,910.0,FI,,Rusthollarinkuja 8 A
Päiväkoti Myrskyluoto,60.2017734,25.1391038,päiväkoti,Päiväkoti,False,False,"Leikosaarenkuja 6, 00980 Helsinki, Suomi",Leikosaarenkuja 6,Helsinki,980.0,FI,,Leikosaarenkuja 6
Pilke Taikapirtti,60.226242,24.8527146,päiväkoti,Päiväkoti,False,False,"Konalantie 6, 00370 Helsinki, Suomi",Konalantie 6,Helsinki,370.0,FI,,Konalantie 6
Päiväkoti Kivikko,60.2307684,25.0145575,päiväkoti,Päiväkoti,False,False,"Johtokiventie 3, 00710 Helsinki, Suomi",Johtokiventie 3,Helsinki,710.0,FI,,Johtokiventie 3
Päiväkoti Haikara,60.2308676,25.0656244,päiväkoti,Päiväkoti,False,False,"Kurkimäentie 17, 00940 Helsinki, Suomi",Kurkimäentie 17,Helsinki,940.0,FI,,Kurkimäentie 17
Vuokkoharjun päiväkoti,60.8655747,25.2847413,päiväkoti,Päiväkoti,False,False,"Kouluntie 18, 16600 Järvelä, Suomi",Kouluntie 18,Järvelä,16600.0,FI,,Kouluntie 18
Riihipellon päiväkoti,60.287676,24.9437178,päiväkoti,Päiväkoti,False,False,"Krakankuja 5, 01510 Vantaa, Suomi",Krakankuja 5,Vantaa,1510.0,FI,,Krakankuja 5
Sompion päiväkoti,60.401387,25.0937079,päiväkoti,Päiväkoti,False,False,"Simeonintie 8, 04200 Kerava, Suomi",Simeonintie 8,Kerava,4200.0,FI,,Simeonintie 8
Metsälinnun päiväkoti,60.3495349,25.0735353,päiväkoti,Päiväkoti,False,False,"Maakotkanpolku 1, 01450 Vantaa, Suomi",Maakotkanpolku 1,Vantaa,1450.0,FI,,Maakotkanpolku 1
Satomäen päiväkoti,60.2991137,25.0611515,päiväkoti,Päiväkoti,False,False,"Akanapolku 2, 01370 Vantaa, Suomi",Akanapolku 2,Vantaa,1370.0,FI,,Akanapolku 2
Mustikkamäen päiväkoti,60.9723301,25.6352348,päiväkoti,Päiväkoti,False,False,"Kansakoulukatu 6, 15700 Lahti, Suomi",Kansakoulukatu 6,Lahti,15700.0,FI,,Kansakoulukatu 6
Renkomäen päiväkoti,60.9313485,25.6514495,päiväkoti,Päiväkoti,False,False,"15680 Lahti, Suomi",,Lahti,15680.0,FI,,
Kaarikadun vuoropäiväkoti,60.9684432,25.6789434,päiväkoti,Päiväkoti,False,False,"Kerinkallionkatu 6, 15520 Lahti, Suomi",Kerinkallionkatu 6,Lahti,15520.0,FI,,Kerinkallionkatu 6
Kanniston päiväkoti,60.3918233,25.0961901,päiväkoti,Päiväkoti,False,False,"Taimikatu 3, 04260 Kerava, Suomi",Taimikatu 3,Kerava,4260.0,FI,,Taimikatu 3
Päiväkoti Touhula Ilola,60.330884,25.0223029,päiväkoti,Päiväkoti,False,False,"Leikkitie 5, 01390 Vantaa, Suomi",Leikkitie 5,Vantaa,1390.0,FI,,Leikkitie 5
Malminiityn päiväkoti,60.3146333,25.0358504,päiväkoti,Päiväkoti,False,False,"Koivukyläntie 37, 01350 Vantaa, Suomi",Koivukyläntie 37,Vantaa,1350.0,FI,,Koivukyläntie 37
Lummepolun päiväkoti,60.2981957,25.0326811,päiväkoti,Päiväkoti,False,False,"Läntinen Valkoisenlähteentie 50, 01300 Vantaa, Suomi",Läntinen Valkoisenlähteentie 50,Vantaa,1300.0,FI,,Läntinen Valkoisenlähteentie 50
Maarukan päiväkoti,60.3382051,25.1079611,päiväkoti,Päiväkoti,False,False,"Uranuksentie 3, 01480 Vantaa, Suomi",Uranuksentie 3,Vantaa,1480.0,FI,,Uranuksentie 3
Mistelin päiväkoti,60.3158219,25.0046454,päiväkoti,Päiväkoti,False,False,"Tulppaanitie 44, 01390 Vantaa, Suomi",Tulppaanitie 44,Vantaa,1390.0,FI,,Tulppaanitie 44
"Päiväkoti Norlandia Karuselli, Norlandia Päiväkodit Oy",60.3019617,25.1167104,päiväkoti,Päiväkoti,False,False,"Kuninkaanmäentie 23, 01260 Vantaa, Suomi",Kuninkaanmäentie 23,Vantaa,1260.0,FI,,Kuninkaanmäentie 23
Pilke taidepäiväkoti Ihmekone,60.6354384,24.8649658,päiväkoti,Päiväkoti,False,False,"Parantolankatu 11, 05800 Hyvinkää, Suomi",Parantolankatu 11,Hyvinkää,5800.0,FI,,Parantolankatu 11
Urheilupuiston päiväkoti,60.2978479,25.0300028,päiväkoti,Päiväkoti,False,False,"Lummetie 27, 01300 Vantaa, Suomi",Lummetie 27,Vantaa,1300.0,FI,,Lummetie 27
Ilvespuiston päiväkoti,60.3600805,25.0962558,päiväkoti,Päiväkoti,False,False,"Ilvestie 2, 01450 Vantaa, Suomi",Ilvestie 2,Vantaa,1450.0,FI,,Ilvestie 2
Rautkallion päiväkoti,60.3227099,25.0658198,päiväkoti,Päiväkoti,False,False,"Rautkallionkatu 5, 01360 Vantaa, Suomi",Rautkallionkatu 5,Vantaa,1360.0,FI,,Rautkallionkatu 5
Vallinojan päiväkoti,60.3697503,25.0730728,päiväkoti,Päiväkoti,False,False,"Variskuja 2, 01450 Vantaa, Suomi",Variskuja 2,Vantaa,1450.0,FI,,Variskuja 2
Kiirunatien päiväkoti,60.34774,25.0633719,päiväkoti,Päiväkoti,False,False,"Kiirunatie 3, 01450 Vantaa, Suomi",Kiirunatie 3,Vantaa,1450.0,FI,,Kiirunatie 3
Leinelän päiväkoti,60.3244575,25.0420936,päiväkoti,Päiväkoti,False,False,"Metsäkeijunkuja 2, 01340 Vantaa, Suomi",Metsäkeijunkuja 2,Vantaa,1340.0,FI,,Metsäkeijunkuja 2
Kartanonkosken päiväkoti,60.2807746,24.9572619,päiväkoti,Päiväkoti,False,False,"Tilkuntie 5, 01520 Vantaa, Suomi",Tilkuntie 5,Vantaa,1520.0,FI,,Tilkuntie 5
Päiväkummun päiväkoti,60.3256561,25.1029723,päiväkoti,Päiväkoti,False,False,"Ilosjoentie 11, 01420 Vantaa, Suomi",Ilosjoentie 11,Vantaa,1420.0,FI,,Ilosjoentie 11
Päiväkoti Miili,60.3003973,25.3423587,päiväkoti,Päiväkoti,False,False,"Fröken Miilis väg 8, 01150 Söderkulla, Suomi",Fröken Miilis väg 8,Söderkulla,1150.0,FI,,Fröken Miilis väg 8
Päiväkoti Touhula Aarrekallio,60.3466696,25.1012878,päiväkoti,Päiväkoti,False,False,"Vuohirinne 13, 01480 Vantaa, Suomi",Vuohirinne 13,Vantaa,1480.0,FI,,Vuohirinne 13
Metsolan päiväkoti,60.3506906,25.0833552,päiväkoti,Päiväkoti,False,False,"Metsolantie 7, 01450 Vantaa, Suomi",Metsolantie 7,Vantaa,1450.0,FI,,Metsolantie 7
Päiväkoti Emilia Oy,60.297742,25.04091,päiväkoti,Päiväkoti,False,False,"Esikkotie 1, 01300 Vantaa, Suomi",Esikkotie 1,Vantaa,1300.0,FI,,Esikkotie 1
Leppäkorven päiväkoti,60.356016,25.0852504,päiväkoti,Päiväkoti,False,False,"Korpikontiontie 3, 01450 Vantaa, Suomi",Korpikontiontie 3,Vantaa,1450.0,FI,,Korpikontiontie 3
Notkopuiston Perhetupa,60.5499083,24.9592377,päiväkoti,Päiväkoti,False,False,"Keskustie 18, 05400 Jokela, Suomi",Keskustie 18,Jokela,5400.0,FI,,Keskustie 18
Tiedonjyvän päiväkoti,60.2997101,25.0507603,päiväkoti,Päiväkoti,False,False,"Valkoisenlähteentie 51, 01370 Vantaa, Suomi",Valkoisenlähteentie 51,Vantaa,1370.0,FI,,Valkoisenlähteentie 51
Päiväkoti,60.4747373,25.0947475,päiväkoti,Lastentarha,False,False,"Hallintokatu 2, 04400 Järvenpää, Suomi",Hallintokatu 2,Järvenpää,4400.0,FI,,Hallintokatu 2
Keravan Montessori-päiväkoti Mio,60.3850819,25.0883359,päiväkoti,Päiväkoti,False,False,"Marttilankatu 12e, 04260 Kerava, Suomi",Marttilankatu 12e,Kerava,4260.0,FI,,Marttilankatu 12e
Pilke liikuntapäiväkoti Kurkiaura,60.4553756,25.0988368,päiväkoti,Päiväkoti,False,False,"Kurkiaurankatu 5, 04420 Järvenpää, Suomi",Kurkiaurankatu 5,Järvenpää,4420.0,FI,,Kurkiaurankatu 5
Kartanon päiväkoti,60.3905735,25.2797741,päiväkoti,Päiväkoti,False,False,"Sarkatie 8, 04130 Sipoo, Suomi",Sarkatie 8,Sipoo,4130.0,FI,,Sarkatie 8
Siimapuiston päiväkoti,60.3513446,25.1285074,päiväkoti,Päiväkoti,False,False,"01490 Vantaa, Suomi",,Vantaa,1490.0,FI,,
Huvikummun päiväkoti,60.3853441,25.2747436,päiväkoti,Päiväkoti,False,False,"Humalistontie 1, 04130 Sipoo, Suomi",Humalistontie 1,Sipoo,4130.0,FI,,Humalistontie 1
Kristillinen Päiväkoti Sinapinsiemen,60.4022627,25.1084427,päiväkoti,Päiväkoti,False,False,"Kuparisepänkatu 6, 04250 Kerava, Suomi",Kuparisepänkatu 6,Kerava,4250.0,FI,,Kuparisepänkatu 6
Vehnätien päiväkoti,60.3012926,25.0578386,päiväkoti,Päiväkoti,False,False,"Vehnätie 7, 01370 Vantaa, Suomi",Vehnätie 7,Vantaa,1370.0,FI,,Vehnätie 7
Matarin päiväkoti,60.3409142,25.0843756,päiväkoti,Päiväkoti,False,False,"Ajomiehenkuja 11, 01400 Vantaa, Suomi",Ajomiehenkuja 11,Vantaa,1400.0,FI,,Ajomiehenkuja 11
Herrasmannin päiväkoti,61.001678,25.7524487,päiväkoti,Päiväkoti,False,False,"Roopenkatu 1, 15300 Lahti, Suomi",Roopenkatu 1,Lahti,15300.0,FI,,Roopenkatu 1
Pilke musiikkipäiväkoti Sonaatti,60.4960515,25.1239087,päiväkoti,Päiväkoti,False,False,"Laurilantie 45, 04410 Järvenpää, Suomi",Laurilantie 45,Järvenpää,4410.0,FI,,Laurilantie 45
Pilke-päiväkoti Jokilaiva,60.4019356,25.1364939,päiväkoti,Päiväkoti,False,False,"Ahjontie 3, 04220 Kerava, Suomi",Ahjontie 3,Kerava,4220.0,FI,,Ahjontie 3
"Folkhälsan Välfärd Ab, Svenska Daghemmet i Hyvinge",60.6236909,24.8485994,päiväkoti,Päiväkoti,False,False,"Hyvinkäänkatu 44, 05830 Hyvinkää, Suomi",Hyvinkäänkatu 44,Hyvinkää,5830.0,FI,,Hyvinkäänkatu 44
"Päiväkoti Norlandia Kaisla, Norlandia Päiväkodit Oy",60.3763366,25.2817856,päiväkoti,Päiväkoti,False,False,"Aarrepuistonkuja 4, 04130 Sipoo, Suomi",Aarrepuistonkuja 4,Sipoo,4130.0,FI,,Aarrepuistonkuja 4
"Päiväkoti Norlandia Talma, Norlandia Päiväkodit Oy",60.4097137,25.1709041,päiväkoti,Päiväkoti,False,False,"Satotalmantie 21, 04240 Sipoo, Suomi",Satotalmantie 21,Sipoo,4240.0,FI,,Satotalmantie 21
Päiväkoti Petra,60.4597905,25.0900493,päiväkoti,Päiväkoti,False,False,"Yliopettajankatu, 04400 Järvenpää, Suomi",Yliopettajankatu,Järvenpää,4400.0,FI,,Yliopettajankatu
Päiväkoti Aurinkolinna,60.4734714,25.3794352,päiväkoti,Päiväkoti,False,False,"Kirkkotie 119, 07170 Pornainen, Suomi",Kirkkotie 119,Pornainen,7170.0,FI,,Kirkkotie 119
Pikkupappilan Päiväkoti,60.6310466,25.3211275,päiväkoti,Päiväkoti,False,False,"Urheilutie 2, 04600 Mäntsälä, Suomi",Urheilutie 2,Mäntsälä,4600.0,FI,,Urheilutie 2
Päivölänkaaren päiväkoti,60.4103758,25.1372844,päiväkoti,Päiväkoti,False,False,"Päivöläntie 16, 04200 Kerava, Suomi",Päivöläntie 16,Kerava,4200.0,FI,,Päivöläntie 16
Mustamäen Päiväkoti,60.6319979,25.2990113,päiväkoti,Päiväkoti,False,False,"Pukkimäentie 4, 04600 Mäntsälä, Suomi",Pukkimäentie 4,Mäntsälä,4600.0,FI,,Pukkimäentie 4
Koskenrannan Päiväkoti Amanda,60.6280338,25.3120632,päiväkoti,Päiväkoti,False,False,"Haapajunttilantie 13, 04600 Mäntsälä, Suomi",Haapajunttilantie 13,Mäntsälä,4600.0,FI,,Haapajunttilantie 13
Päiväkoti Touhula Karisto,60.9717028,25.7531007,päiväkoti,Päiväkoti,False,False,"Karistonkatu 201, 15160 Lahti, Suomi",Karistonkatu 201,Lahti,15160.0,FI,,Karistonkatu 201
Pilke Hilma,60.47304,25.1091399,päiväkoti,Päiväkoti,False,False,"Kinnarinkatu 1, 04430 Järvenpää, Suomi",Kinnarinkatu 1,Järvenpää,4430.0,FI,,Kinnarinkatu 1
Tanhumäen päiväkoti,60.4637151,25.1044677,päiväkoti,Päiväkoti,False,False,"Puistotie 44, 04400 Järvenpää, Suomi",Puistotie 44,Järvenpää,4400.0,FI,,Puistotie 44
Kyrölän päiväkoti,60.4612047,25.1073399,päiväkoti,Päiväkoti,False,False,"Marssipolku 1, 04420 Järvenpää, Suomi",Marssipolku 1,Järvenpää,4420.0,FI,,Marssipolku 1
Nikkilän päiväkoti,60.3765378,25.2655001,päiväkoti,Päiväkoti,False,False,"Pohjoinen Koulutie 3, 04130 Sipoo, Suomi",Pohjoinen Koulutie 3,Sipoo,4130.0,FI,,Pohjoinen Koulutie 3
Kaarnan päiväkoti,60.3797071,25.0862428,päiväkoti,Päiväkoti,False,False,"Koivikontie 27, 04260 Kerava, Suomi",Koivikontie 27,Kerava,4260.0,FI,,Koivikontie 27
Keskustan päiväkoti,60.4081833,25.1032595,päiväkoti,Päiväkoti,False,False,"Väinämöisentie 2, 04200 Kerava, Suomi",Väinämöisentie 2,Kerava,4200.0,FI,,Väinämöisentie 2
Kurjenpuiston päiväkoti,60.4127405,25.1041662,päiväkoti,Päiväkoti,False,False,"Käenkatu 4, 04230 Kerava, Suomi",Käenkatu 4,Kerava,4230.0,FI,,Käenkatu 4
Päiväkoti,61.5067337,25.678774,päiväkoti,Päiväkoti,False,False,"Pajulantie 5, 19700 Sysmä, Suomi",Pajulantie 5,Sysmä,19700.0,FI,,Pajulantie 5
Keijupuiston Päiväkoti,60.9679021,25.6384325,päiväkoti,Päiväkoti,False,False,"Kivikatu 8, 15700 Lahti, Suomi",Kivikatu 8,Lahti,15700.0,FI,,Kivikatu 8
Kytölän päiväkoti,61.0056736,25.7057156,päiväkoti,Päiväkoti,False,False,"Heinlammintie 80, 15230 Lahti, Suomi",Heinlammintie 80,Lahti,15230.0,FI,,Heinlammintie 80
Metsolanmäen päiväkoti,60.3477845,25.0818039,päiväkoti,Päiväkoti,False,False,"Soopelipolku 4, 01450 Vantaa, Suomi",Soopelipolku 4,Vantaa,1450.0,FI,,Soopelipolku 4
Kil­piäis­ten päi­vä­ko­ti,61.0169902,25.6651737,päiväkoti,Päiväkoti,False,False,"Huvikatu 2, 15240 Lahti, Suomi",Huvikatu 2,Lahti,15240.0,FI,,Huvikatu 2
Päiväkoti Touhula Tonttila,60.9784238,25.7144722,päiväkoti,Päiväkoti,False,False,"Aittapellonkatu 5, 15170 Lahti, Suomi",Aittapellonkatu 5,Lahti,15170.0,FI,,Aittapellonkatu 5
Savion päiväkoti,60.3823294,25.0894837,päiväkoti,Päiväkoti,False,False,"Lehmuskatu 20, 04260 Kerava, Suomi",Lehmuskatu 20,Kerava,4260.0,FI,,Lehmuskatu 20
Lystilän päiväkoti,60.287507,24.9560156,päiväkoti,Päiväkoti,False,False,"Lustikullanpolku 4, 01510 Vantaa, Suomi",Lustikullanpolku 4,Vantaa,1510.0,FI,,Lustikullanpolku 4
Päiväkoti Kumina,60.2795478,25.0266787,päiväkoti,Päiväkoti,False,False,"Pikkaraistie 7, 00750 Helsinki, Suomi",Pikkaraistie 7,Helsinki,750.0,FI,,Pikkaraistie 7
Kurkelan päiväkoti,60.4140739,25.1056308,päiväkoti,Päiväkoti,False,False,"Käenkatu 10, 04230 Kerava, Suomi",Käenkatu 10,Kerava,4230.0,FI,,Käenkatu 10
Päiväkoti Aarre,60.3996988,25.1399334,päiväkoti,Päiväkoti,False,False,"Ketjutie 2, 04220 Kerava, Suomi",Ketjutie 2,Kerava,4220.0,FI,,Ketjutie 2
Torpparin päiväkoti,60.5251301,25.0979926,päiväkoti,Päiväkoti,False,False,"Ampujantie 1, 04500 Tuusula, Suomi",Ampujantie 1,Tuusula,4500.0,FI,,Ampujantie 1
Päiväkoti Polle,60.4619946,25.0896311,päiväkoti,Päiväkoti,False,False,"Verstaspihankatu 7-9, 04400 Järvenpää, Suomi",Verstaspihankatu 7-9,Järvenpää,4400.0,FI,,Verstaspihankatu 7-9
Y.E.S. päiväkoti,60.2843778,24.9585236,päiväkoti,Päiväkoti,False,False,"Hagelstamintie 1, 01520 Vantaa, Suomi",Hagelstamintie 1,Vantaa,1520.0,FI,,Hagelstamintie 1
Saviahon Päiväkoti,60.5409558,25.1170791,päiväkoti,Päiväkoti,False,False,"Tasalantie 4, 04500 Mäntsälä, Suomi",Tasalantie 4,Mäntsälä,4500.0,FI,,Tasalantie 4
Sinirikon päiväkoti,60.2948509,25.0291327,päiväkoti,Päiväkoti,False,False,"Sinirikontie, 01300 Vantaa, Suomi",Sinirikontie,Vantaa,1300.0,FI,,Sinirikontie
Seljapolun päiväkoti,60.3229766,25.0567193,päiväkoti,Päiväkoti,False,False,"Seljapolku 11, 01360 Vantaa, Suomi",Seljapolku 11,Vantaa,1360.0,FI,,Seljapolku 11
Päiväkoti Pikkuvanha,60.4697349,25.1113436,päiväkoti,Päiväkoti,False,False,"Oritkuja 1, 04430 Järvenpää, Suomi",Oritkuja 1,Järvenpää,4430.0,FI,,Oritkuja 1
Ristipuron päiväkoti,60.3158247,25.0143189,päiväkoti,Päiväkoti,False,False,"Laaksotie 1, 01390 Vantaa, Suomi",Laaksotie 1,Vantaa,1390.0,FI,,Laaksotie 1
Maauuninpolun päiväkoti,60.3455148,25.0657636,päiväkoti,Päiväkoti,False,False,"Maauuninpolku 1, 01450 Vantaa, Suomi",Maauuninpolku 1,Vantaa,1450.0,FI,,Maauuninpolku 1
Kalevan päiväkoti,60.4168814,25.0943283,päiväkoti,Päiväkoti,False,False,"Ritakatu 5, 04230 Kerava, Suomi",Ritakatu 5,Kerava,4230.0,FI,,Ritakatu 5
Hansin päiväkoti,60.3338711,25.0579115,päiväkoti,Päiväkoti,False,False,"Sairaalakatu 4, 01400 Vantaa, Suomi",Sairaalakatu 4,Vantaa,1400.0,FI,,Sairaalakatu 4
Pilke liikuntapäiväkoti Voltti,60.6408736,25.3201428,päiväkoti,Päiväkoti,False,False,"Liedontie 16, 04600 Mäntsälä, Suomi",Liedontie 16,Mäntsälä,4600.0,FI,,Liedontie 16
"Päiväkoti Norlandia Keinu, Norlandia Päiväkodit Oy",60.4827103,25.1032919,päiväkoti,Päiväkoti,False,False,"Auertie 1 a, 04410 Järvenpää, Suomi",Auertie 1 a,Järvenpää,4410.0,FI,,Auertie 1 a
Nummisten Päiväkoti,60.5623314,25.2874817,päiväkoti,Päiväkoti,False,False,"Ojankulmantie 24, 04660 Numminen, Suomi",Ojankulmantie 24,Numminen,4660.0,FI,,Ojankulmantie 24
Päiväkoti Touhula Hirsilinna,60.9493055,25.6558119,päiväkoti,Päiväkoti,False,False,"Jahtikatu 1, 15610 Lahti, Suomi",Jahtikatu 1,Lahti,15610.0,FI,,Jahtikatu 1
"Päiväkoti Norlandia Simpukka, Norlandia Päiväkodit Oy",60.920693,25.6814326,päiväkoti,Päiväkoti,False,False,"Piisamikatu 8, 15680 Lahti, Suomi",Piisamikatu 8,Lahti,15680.0,FI,,Piisamikatu 8
Päiväkoti Iso-Antti,60.4932254,25.1190829,päiväkoti,Päiväkoti,False,False,"Laurilantie 37, 04400 Järvenpää, Suomi",Laurilantie 37,Järvenpää,4400.0,FI,,Laurilantie 37
Mäntsälän Päiväkotiyhdistys Omenapuu Ry,60.6419504,25.3178208,päiväkoti,Päiväkoti,False,False,"Mäntymäentie 5, 04600 Mäntsälä, Suomi",Mäntymäentie 5,Mäntsälä,4600.0,FI,,Mäntymäentie 5
Möysän Päiväkoti,60.9833579,25.7195108,päiväkoti,Päiväkoti,False,False,"Ala-Tonttilankatu 17, 15170 Lahti, Suomi",Ala-Tonttilankatu 17,Lahti,15170.0,FI,,Ala-Tonttilankatu 17
Kaisan murut,60.7881406,25.0063776,päiväkoti,Perhepäivähoito,False,False,"Huvijärventie 7, 12100 Oitti, Suomi",Huvijärventie 7,Oitti,12100.0,FI,,Huvijärventie 7
Niemen Päiväkoti,61.0035641,25.652319,päiväkoti,Päiväkoti,False,False,"Tietotie 10, 15210 Lahti, Suomi",Tietotie 10,Lahti,15210.0,FI,,Tietotie 10
Päiväkoti Teemula,60.9772244,25.6037323,päiväkoti,Päiväkoti,False,False,"Kasakkamäentie 16, 15800 Lahti, Suomi",Kasakkamäentie 16,Lahti,15800.0,FI,,Kasakkamäentie 16
Päiväkoti Pääskynpesä,60.9805844,25.6473436,päiväkoti,Päiväkoti,False,False,"Humpulankatu 15, 15110 Lahti, Suomi",Humpulankatu 15,Lahti,15110.0,FI,,Humpulankatu 15
Päiväkoti Omenapuu,60.6428184,25.3151238,päiväkoti,Päiväkoti,False,False,"Mäntymäentie 9, 04600 Mäntsälä, Suomi",Mäntymäentie 9,Mäntsälä,4600.0,FI,,Mäntymäentie 9
Liipolan päiväkoti,60.9630895,25.6669395,päiväkoti,Päiväkoti,False,False,"Ostoskatu 3, 15500 Lahti, Suomi",Ostoskatu 3,Lahti,15500.0,FI,,Ostoskatu 3
Käpälämäen Päiväkodit Lahti,60.9833866,25.6391521,päiväkoti,Päiväkoti,False,False,"Svinhufvudinkatu 23, 15110 Lahti, Suomi",Svinhufvudinkatu 23,Lahti,15110.0,FI,,Svinhufvudinkatu 23
Lounaan Päiväkoti,60.9787579,25.679275,päiväkoti,Päiväkoti,False,False,"Lounaankatu 3, 15150 Lahti, Suomi",Lounaankatu 3,Lahti,15150.0,FI,,Lounaankatu 3
Päiväkoti Touhula Soltti,61.0225645,25.6793274,päiväkoti,Päiväkoti,False,False,"Soltintie 1 B, 15240 Lahti, Suomi",Soltintie 1 B,Lahti,15240.0,FI,,Soltintie 1 B
Hennalan Päiväkoti,60.9708899,25.6291389,päiväkoti,Päiväkoti,False,False,"Kasarmikatu 10, 15700 Lahti, Suomi",Kasarmikatu 10,Lahti,15700.0,FI,,Kasarmikatu 10
Päiväkoti Vehmis,61.1291188,25.660592,päiväkoti,Päiväkoti,False,False,"Vesivehmaantie 285, 17130 Asikkala, Suomi",Vesivehmaantie 285,Asikkala,17130.0,FI,,Vesivehmaantie 285
Palokunnantie päiväkoti,60.9760047,25.6118745,päiväkoti,Päiväkoti,False,False,"Palokunnantie 3, 15800 Lahti, Suomi",Palokunnantie 3,Lahti,15800.0,FI,,Palokunnantie 3
Päiväkoti Touhula Patoniitty,60.9485098,25.6315246,päiväkoti,Päiväkoti,False,False,"Puotikatu 7 A, 15700 Lahti, Suomi",Puotikatu 7 A,Lahti,15700.0,FI,,Puotikatu 7 A
Kukkilan Päiväkoti,61.0351753,25.6613502,päiväkoti,Päiväkoti,False,False,"Kukkilantie 50, 15270 Kukkila, Suomi",Kukkilantie 50,Kukkila,15270.0,FI,,Kukkilantie 50
Onnelantien päiväkoti,60.9799665,25.6680003,päiväkoti,Päiväkoti,False,False,"Onnelantie 6, 15100 Lahti, Suomi",Onnelantie 6,Lahti,15100.0,FI,,Onnelantie 6
The English Playschool of Asikkala -Kannatusyhdistys,61.1793203,25.5236817,päiväkoti,Päiväkoti,False,False,"Kanavatie 42, 17200 Vääksy, Suomi",Kanavatie 42,Vääksy,17200.0,FI,,Kanavatie 42
Koskimyllyn päiväkoti,60.3211067,25.0826678,päiväkoti,Päiväkoti,False,False,"Koskenniska 2, 01360 Vantaa, Suomi",Koskenniska 2,Vantaa,1360.0,FI,,Koskenniska 2
Launeen päiväkoti,60.967455,25.6517655,päiväkoti,Päiväkoti,False,False,"Tapparakatu 15, 15610 Lahti, Suomi",Tapparakatu 15,Lahti,15610.0,FI,,Tapparakatu 15
Sylvia-kodin päiväkoti,60.9407565,25.6204543,päiväkoti,Päiväkoti,False,False,"Kyläkatu, 15700 Lahti, Suomi",Kyläkatu,Lahti,,FI,,Kyläkatu
Länsi-Orimattilan päiväkoti,60.8015708,25.4831638,päiväkoti,Päiväkoti,False,False,"Sahramikatu 14, 16510 Orimattila, Suomi",Sahramikatu 14,Orimattila,16510.0,FI,,Sahramikatu 14
Rautpihan päiväkoti,60.3224347,25.0671461,päiväkoti,Päiväkoti,False,False,"Rautkallionkatu 7, 01360 Vantaa, Suomi",Rautkallionkatu 7,Vantaa,1360.0,FI,,Rautkallionkatu 7
Kanervan päiväkoti,60.990938,25.5736711,päiväkoti,Päiväkoti,False,False,"Sykekatu 4, 15850 Lahti, Suomi",Sykekatu 4,Lahti,15850.0,FI,,Sykekatu 4
Pesäpuun päiväkoti,60.4656328,25.1109188,päiväkoti,Päiväkoti,False,False,"Kulmakatu 1, 04420 Järvenpää, Suomi",Kulmakatu 1,Järvenpää,4420.0,FI,,Kulmakatu 1
Päiväkoti Touhula Hiekkaharju,60.3114848,25.0413192,päiväkoti,Päiväkoti,False,False,"Sipulitie 17, 01350 Vantaa, Suomi",Sipulitie 17,Vantaa,1350.0,FI,,Sipulitie 17
Paavolan päiväkoti,60.97778,25.6691936,päiväkoti,Päiväkoti,False,False,"Vuoksenkatu 9, 15100 Lahti, Suomi",Vuoksenkatu 9,Lahti,15100.0,FI,,Vuoksenkatu 9
Päiväkoti Cooper,60.4771391,25.0982417,päiväkoti,Päiväkoti,False,False,"Lääkärinkuja 11, 04410 Järvenpää, Suomi",Lääkärinkuja 11,Järvenpää,4410.0,FI,,Lääkärinkuja 11
Tikkurilan Päiväkoti,60.2902975,25.0389081,päiväkoti,Päiväkoti,False,False,"Neilikkatie 3, 01300 Vantaa, Suomi",Neilikkatie 3,Vantaa,1300.0,FI,,Neilikkatie 3
Nostavan päiväkoti,60.9408457,25.5441356,päiväkoti,Päiväkoti,False,False,"Nostavantie 382, 15820 Lahti, Suomi",Nostavantie 382,Lahti,15820.0,FI,,Nostavantie 382
Virrenkulman päiväkoti,60.424526,25.104571,päiväkoti,Päiväkoti,False,False,"Suorannankatu 2, 04230 Kerava, Suomi",Suorannankatu 2,Kerava,4230.0,FI,,Suorannankatu 2
Sorsakorven päiväkoti,60.3932772,25.1440278,päiväkoti,Päiväkoti,False,False,"Karhitie 9, 04220 Kerava, Suomi",Karhitie 9,Kerava,4220.0,FI,,Karhitie 9
Ravurin päiväkoti,60.2785496,25.109132,päiväkoti,Päiväkoti,False,False,"Kaviokuja, 01200 Vantaa, Suomi",Kaviokuja,Vantaa,1200.0,FI,,Kaviokuja
Lampaanpolskan päiväkoti,60.4678911,25.12561,päiväkoti,Päiväkoti,False,False,"Oinaskatu 8, 04430 Järvenpää, Suomi",Oinaskatu 8,Järvenpää,4430.0,FI,,Oinaskatu 8
Riihelän päiväkoti,60.9842392,25.5629925,päiväkoti,Päiväkoti,False,False,"Uotilankatu 6, 15840 Lahti, Suomi",Uotilankatu 6,Lahti,15840.0,FI,,Uotilankatu 6
Kalliolan päiväkoti,61.0538443,25.666828,päiväkoti,Päiväkoti,False,False,"Oivantie 105, 15270 Hollola, Suomi",Oivantie 105,Hollola,15270.0,FI,,Oivantie 105
Kaunismäen päiväkoti,60.6501031,25.3027823,päiväkoti,Päiväkoti,False,False,"Menninkäinen 2, 04620 Mäntsälä, Suomi",Menninkäinen 2,Mäntsälä,4620.0,FI,,Menninkäinen 2
Yrttitien päiväkoti,60.300613,25.0363598,päiväkoti,Päiväkoti,False,False,"Aniskuja 1, 01300 Vantaa, Suomi",Aniskuja 1,Vantaa,1300.0,FI,,Aniskuja 1
Eppilän päiväkoti,60.328663,25.02297,päiväkoti,Päiväkoti,False,False,"Eppiläntie 3, 01390 Vantaa, Suomi",Eppiläntie 3,Vantaa,1390.0,FI,,Eppiläntie 3
"Päiväkoti Norlandia Helmi, Norlandia Päiväkodit Oy",60.9893989,25.5021303,päiväkoti,Päiväkoti,False,False,"Tervakuja 8, 15870 Hollola, Suomi",Tervakuja 8,Hollola,15870.0,FI,,Tervakuja 8
Soramäen Päiväkoti,60.987566,25.4934428,päiväkoti,Päiväkoti,False,False,"Kolmenässäntie 2, 15880 Hollola, Suomi",Kolmenässäntie 2,Hollola,15880.0,FI,,Kolmenässäntie 2
Ruokopillin päiväkoti,60.2976215,25.0534259,päiväkoti,Päiväkoti,False,False,"Viljo Sohkasen katu 10, 01370 Vantaa, Suomi",Viljo Sohkasen katu 10,Vantaa,1370.0,FI,,Viljo Sohkasen katu 10
Veturin päiväkoti,60.297103,25.0422249,päiväkoti,Päiväkoti,False,False,"Veturipolku 4, 01300 Vantaa, Suomi",Veturipolku 4,Vantaa,1300.0,FI,,Veturipolku 4
Päiväkoti Pentinkulma,60.2804646,25.0071417,päiväkoti,Päiväkoti,False,False,"Linnunradantie 6, 00740 Helsinki, Suomi",Linnunradantie 6,Helsinki,740.0,FI,,Linnunradantie 6
Havukallion päiväkoti,60.3185782,25.0735878,päiväkoti,Päiväkoti,False,False,"Laurantie 4, 01360 Vantaa, Suomi",Laurantie 4,Vantaa,1360.0,FI,,Laurantie 4
Piilipuun päiväkoti,60.3219031,25.0520872,päiväkoti,Päiväkoti,False,False,"Piilipuunpolku 2, 01360 Vantaa, Suomi",Piilipuunpolku 2,Vantaa,1360.0,FI,,Piilipuunpolku 2
Suitsikujan päiväkoti,60.2801848,25.1138127,päiväkoti,Päiväkoti,False,False,"Suitsikuja 2, 01200 Vantaa, Suomi",Suitsikuja 2,Vantaa,1200.0,FI,,Suitsikuja 2
"Kirkonkulman koulu, Tarvasmäen yksikkö",60.9601713,24.5548194,päiväkoti,Ala-aste,False,False,"13330 Hämeenlinna, Suomi",,Hämeenlinna,,FI,,
Hiekkaharjun päiväkoti,60.3017619,25.0440013,päiväkoti,Päiväkoti,False,False,"Hiekkaharjuntie 12, 01300 Vantaa, Suomi",Hiekkaharjuntie 12,Vantaa,1300.0,FI,,Hiekkaharjuntie 12
Rekolanmäen päiväkoti,60.3321332,25.0557475,päiväkoti,Päiväkoti,False,False,"Hansinkatu 4, 01400 Vantaa, Suomi",Hansinkatu 4,Vantaa,1400.0,FI,,Hansinkatu 4
Itä-Hakkilan päiväkoti,60.2953694,25.1117619,päiväkoti,Päiväkoti,False,False,"Keskustie 3, 01260 Vantaa, Suomi",Keskustie 3,Vantaa,1260.0,FI,,Keskustie 3
Jokiniemen päiväkoti,60.2963395,25.0592339,päiväkoti,Päiväkoti,False,False,"Urheilutie 1, 01370 Vantaa, Suomi",Urheilutie 1,Vantaa,1370.0,FI,,Urheilutie 1
Anttilan päiväkoti,60.6548087,25.2982025,päiväkoti,Päiväkoti,False,False,"Mikkolantie 5, 04600 Mäntsälä, Suomi",Mikkolantie 5,Mäntsälä,4600.0,FI,,Mikkolantie 5
Nissaksen päiväkoti,60.2837135,25.1237498,päiväkoti,Päiväkoti,False,False,"Nissaksentie 9, 01200 Vantaa, Suomi",Nissaksentie 9,Vantaa,1200.0,FI,,Nissaksentie 9
Heikkilän päiväkoti,60.4060846,25.1095846,päiväkoti,Päiväkoti,False,False,"Heikkiläntie 6, 04200 Kerava, Suomi",Heikkiläntie 6,Kerava,4200.0,FI,,Heikkiläntie 6
Jaakkolan päiväkoti,60.3963908,25.1148392,päiväkoti,Päiväkoti,False,False,"Ollilantie 5, 04250 Kerava, Suomi",Ollilantie 5,Kerava,4250.0,FI,,Ollilantie 5
Niinipuun päiväkoti,60.3914985,25.0951717,päiväkoti,Päiväkoti,False,False,"Taimikatu 6, 04260 Kerava, Suomi",Taimikatu 6,Kerava,4260.0,FI,,Taimikatu 6
Keravanjoen päiväkoti,60.3999162,25.1182539,päiväkoti,Päiväkoti,False,False,"Keravanjoen päiväkoti on merkittynä vielä vanhaan osoitteeseen että uuteen, Rintalantie 3, 04250 Kerava, Suomi","Keravanjoen päiväkoti on merkittynä vielä vanhaan osoitteeseen että uuteen, Rintalantie 3",Kerava,4250.0,FI,,"Keravanjoen päiväkoti on merkittynä vielä vanhaan osoitteeseen että uuteen, Rintalantie 3"
"Päiväkoti Norlandia Kulma, Norlandia Päiväkodit Oy",60.47758,25.0885959,päiväkoti,Päiväkoti,False,False,"Valimokuja 3, 04410 Järvenpää, Suomi",Valimokuja 3,Järvenpää,4410.0,FI,,Valimokuja 3
Savenvalajan päiväkoti,60.4057563,25.0913334,päiväkoti,Päiväkoti,False,False,"Savenvalajankatu 1, 04200 Kerava, Suomi",Savenvalajankatu 1,Kerava,4200.0,FI,,Savenvalajankatu 1
Hulivili -Päiväkoti,61.172307,25.5555425,päiväkoti,Päiväkoti,False,False,"Koulumestarintie 1, 17200 Asikkala, Suomi",Koulumestarintie 1,Asikkala,17200.0,FI,,Koulumestarintie 1
Roinilan päiväkoti,60.5329083,25.1142539,päiväkoti,Päiväkoti,False,False,"Nystenintie 6, 04500 Tuusula, Suomi",Nystenintie 6,Tuusula,4500.0,FI,,Nystenintie 6
Pyhäniemen päiväkoti,61.0456719,25.50843,päiväkoti,Päiväkoti,False,False,"Pyhäniementie 63, 16730 Hollola, Suomi",Pyhäniementie 63,Hollola,16730.0,FI,,Pyhäniementie 63
Marttilan päiväkoti,60.3783369,25.0984355,päiväkoti,Päiväkoti,False,False,"Tiilitehtaankatu 10, 04260 Kerava, Suomi",Tiilitehtaankatu 10,Kerava,4260.0,FI,,Tiilitehtaankatu 10
Myllytontun päiväkoti,60.627877,25.3236968,päiväkoti,Päiväkoti,False,False,"Lukkarinpolku 4, 04600 Mäntsälä, Suomi",Lukkarinpolku 4,Mäntsälä,4600.0,FI,,Lukkarinpolku 4
Simonmetsän päiväkoti,60.3060832,25.0291343,päiväkoti,Päiväkoti,False,False,"Raatetie 25, 01350 Vantaa, Suomi",Raatetie 25,Vantaa,1350.0,FI,,Raatetie 25
"Päiväkoti Norlandia Saaga, Norlandia Päiväkodit Oy",60.6364436,25.3158242,päiväkoti,Päiväkoti,False,False,"Osuustie 1, 04600 Mäntsälä, Suomi",Osuustie 1,Mäntsälä,4600.0,FI,,Osuustie 1
Kannuskujan päiväkoti,60.2793077,25.1103139,päiväkoti,Päiväkoti,False,False,"Kannuskuja 5, 01200 Vantaa, Suomi",Kannuskuja 5,Vantaa,1200.0,FI,,Kannuskuja 5
Närekadun päiväkoti,60.5061487,25.146877,päiväkoti,Päiväkoti,False,False,"Närekatu 10, 04480 Järvenpää, Suomi",Närekatu 10,Järvenpää,4480.0,FI,,Närekatu 10
Liinalammin päiväkotikoulu,62.3858892,25.6739976,päiväkoti,Päiväkoti,False,False,"Tervaruukinkatu 36, 41160 Tikkakoski, Suomi",Tervaruukinkatu 36,Tikkakoski,41160.0,FI,,Tervaruukinkatu 36
Petäjäveden kunta Kintauden päiväkoti,62.2733114,25.3336313,päiväkoti,Päiväkoti,False,False,"Museotie 1, 41920 Petäjävesi, Suomi",Museotie 1,Petäjävesi,41920.0,FI,,Museotie 1
Tuulentuvan ryhmäperhepäivähoito,63.0796662,25.8593802,päiväkoti,Päiväkoti,False,False,"Työväentalontie 2, 44500 Viitasaari, Suomi",Työväentalontie 2,Viitasaari,44500.0,FI,,Työväentalontie 2
Päiväkoti Hoijakka,63.6746032,25.9785475,päiväkoti,Päiväkoti,False,False,"Marjoniementie 1, 86800 Pyhäjärvi, Suomi",Marjoniementie 1,Pyhäjärvi,86800.0,FI,,Marjoniementie 1
Konginkankaan Päiväkoti,62.7765833,25.8089942,päiväkoti,Päiväkoti,False,False,"Kirkkotie 8, 44400 Konginkangas, Suomi",Kirkkotie 8,Konginkangas,44400.0,FI,,Kirkkotie 8
Haapaniemen Päiväkoti,63.083356,25.8455712,päiväkoti,Päiväkoti,False,False,"Koulutie 4, 44500 Viitasaari, Suomi",Koulutie 4,Viitasaari,44500.0,FI,,Koulutie 4
Vaarintalon päiväkoti,64.1787719,25.9513282,päiväkoti,Päiväkoti,False,False,"Tenavatie 1, 92620 Piippola, Suomi",Tenavatie 1,Piippola,92620.0,FI,,Tenavatie 1
Päiväkoti Onnimanni,64.1342697,25.3722762,päiväkoti,Koulu,False,False,"Kirkkotie 15, 86600 Haapavesi, Suomi",Kirkkotie 15,Haapavesi,86600.0,FI,,Kirkkotie 15
Perhepäivähoitopaikka,61.863795,25.1843317,päiväkoti,Päiväkoti,False,False,"Kelhänkatu 4, 42100 Jämsä, Suomi",Kelhänkatu 4,Jämsä,42100.0,FI,,Kelhänkatu 4
Kauppiaantien päiväkoti Kuovit,64.9349225,25.4049319,päiväkoti,Päiväkoti,False,False,"Lummintie 15, 90460 Oulu, Suomi",Lummintie 15,Oulu,90460.0,FI,,Lummintie 15
Päiväkoti Muuratkoti,62.1249482,25.6467023,päiväkoti,Päiväkoti,False,False,"Lahnapolku 5, 40950 Muurame, Suomi",Lahnapolku 5,Muurame,40950.0,FI,,Lahnapolku 5
Saarenputaan Päiväkoti,66.5185123,25.8052115,päiväkoti,Päiväkoti,False,False,"Kulppilantie 33, 96900 Rovaniemi, Suomi",Kulppilantie 33,Rovaniemi,96900.0,FI,,Kulppilantie 33
Korpilahden päiväkoti,62.0147509,25.5543256,päiväkoti,Lastentarha,False,False,"Kirkkolahdentie 2, 41800 Korpilahti, Suomi",Kirkkolahdentie 2,Korpilahti,41800.0,FI,,Kirkkolahdentie 2
Kivalonpuiston Päiväkoti,66.5073081,25.7215965,päiväkoti,Päiväkoti,False,False,"Savottatie 14, 96200 Rovaniemi, Suomi",Savottatie 14,Rovaniemi,96200.0,FI,,Savottatie 14
Aallokon Päiväkoti,62.1248169,25.7805583,päiväkoti,Päiväkoti,False,False,"Saaritie 2, 40900 Säynätsalo, Suomi",Saaritie 2,Säynätsalo,40900.0,FI,,Saaritie 2
Päiväkoti Touhula Ounasvaara,66.4886737,25.7768624,päiväkoti,Päiväkoti,False,False,"Kivikaudentie 8, 96400 Rovaniemi, Suomi",Kivikaudentie 8,Rovaniemi,96400.0,FI,,Kivikaudentie 8
Ylikylän päiväkoti,66.5266263,25.6851823,päiväkoti,Koulu,False,False,"Pihkaporintie 12, 96800 Rovaniemi, Suomi",Pihkaporintie 12,Rovaniemi,96800.0,FI,,Pihkaporintie 12
Pehtoorin päiväkoti,60.486928,25.0945027,päiväkoti,Päiväkoti,False,False,"Uudenmaantie 1, 04400 Järvenpää, Suomi",Uudenmaantie 1,Järvenpää,4400.0,FI,,Uudenmaantie 1
Lapilan päiväkoti,60.40304,25.1150515,päiväkoti,Päiväkoti,False,False,"Paloasemantie 8, 04200 Kerava, Suomi",Paloasemantie 8,Kerava,4200.0,FI,,Paloasemantie 8
Päiväkoti Touhula Aarrelaiva,62.4124701,25.9467157,päiväkoti,Päiväkoti,False,False,"Vuokaari 5 B, 41430 Laukaa, Suomi",Vuokaari 5 B,Laukaa,41430.0,FI,,Vuokaari 5 B
Tiituspohjan päiväkoti,62.3264489,25.8399787,päiväkoti,Päiväkoti,False,False,"Tiituspohjantie 50c, 41310 Laukaa, Suomi",Tiituspohjantie 50c,Laukaa,41310.0,FI,,Tiituspohjantie 50c
Onnentuvan päiväkoti,62.3711919,25.8985625,päiväkoti,Päiväkoti,False,False,"Koulutie 11, 41330 Vihtavuori, Suomi",Koulutie 11,Vihtavuori,41330.0,FI,,Koulutie 11
Päiväkoti Vanttu,61.5826688,26.0183377,päiväkoti,Päiväkoti,False,False,"Kirkkotie 10, 19600 Hartola, Suomi",Kirkkotie 10,Hartola,19600.0,FI,,Kirkkotie 10
Päiväkoti Touhula Merikarhu,62.3219026,25.8341959,päiväkoti,Päiväkoti,False,False,"Otsontie 1, 41310 Leppävesi, Suomi",Otsontie 1,Leppävesi,41310.0,FI,,Otsontie 1
"Päiväkoti Norlandia Laukaan Aurinko, Norlandia Päiväkodit Oy",62.3290095,25.8710215,päiväkoti,Päiväkoti,False,False,"Seppäläntie 2, 41310 Leppävesi, Suomi",Seppäläntie 2,Leppävesi,41310.0,FI,,Seppäläntie 2
Palokunnanmäen päiväkoti,62.2423778,25.7195674,päiväkoti,Koulu,False,False,"Palokunnankatu 6, 40700 Jyväskylä, Suomi",Palokunnankatu 6,Jyväskylä,40700.0,FI,,Palokunnankatu 6
"Päiväkoti Norlandia Linnakangas, Norlandia Päiväkodit Oy",64.9257005,25.5595102,päiväkoti,Päiväkoti,False,False,"Tuhkimonkaarre 1, 90450 Kempele, Suomi",Tuhkimonkaarre 1,Kempele,90450.0,FI,,Tuhkimonkaarre 1
Päiväkoti Touhula TouhuVekara,64.8995132,25.5438042,päiväkoti,Päiväkoti,False,False,"Nerolantie 3, 90450 Kempele, Suomi",Nerolantie 3,Kempele,90450.0,FI,,Nerolantie 3
Päiväkoti Vekkuli,64.7677557,25.6305024,päiväkoti,Päiväkoti,False,False,"Seppäläntie, 91800 Tyrnävä, Suomi",Seppäläntie,Tyrnävä,91800.0,FI,,Seppäläntie
Vekaralinnan päiväkoti Ky,64.9596173,25.5526001,päiväkoti,Päiväkoti,False,False,"Metelinkankaantie 4, 90420 Oulu, Suomi",Metelinkankaantie 4,Oulu,90420.0,FI,,Metelinkankaantie 4
Päiväkoti Halinaperot,64.9259404,25.5593431,päiväkoti,Päiväkoti,False,False,"90450 Kempele, Suomi",,Kempele,,FI,,
Pilke luontopäiväkoti Viljami,64.9467696,25.5697078,päiväkoti,Päiväkoti,False,False,"Savottatie 48, 90420 Oulu, Suomi",Savottatie 48,Oulu,90420.0,FI,,Savottatie 48
Linnakangastalon päiväkoti,64.9224241,25.558032,päiväkoti,Lastentarha,False,False,"Linnakaarto 20, 90450 Kempele, Suomi",Linnakaarto 20,Kempele,90450.0,FI,,Linnakaarto 20
Päiväkoti Touhula Hiirulaisenkuja,64.9836576,25.5163857,päiväkoti,Päiväkoti,False,False,"Hiirulaisenkuja 6, 90250 Oulu, Suomi",Hiirulaisenkuja 6,Oulu,90250.0,FI,,Hiirulaisenkuja 6
"ICEC Kempele, päiväkoti",64.9190593,25.5429017,päiväkoti,Päiväkoti,False,False,"Kokkokankaantie 177, 90450 Kempele, Suomi",Kokkokankaantie 177,Kempele,90450.0,FI,,Kokkokankaantie 177
Päiväkoti Touhula Kempele,64.9249288,25.5617708,päiväkoti,Päiväkoti,False,False,"Tuhkimonkaarre 9, 90450 Kempele, Suomi",Tuhkimonkaarre 9,Kempele,90450.0,FI,,Tuhkimonkaarre 9
Päiväkoti Touhula Metsokangas,64.9508123,25.5422408,päiväkoti,Päiväkoti,False,False,"Metsänvartijantie 1, 90420 Oulu, Suomi",Metsänvartijantie 1,Oulu,90420.0,FI,,Metsänvartijantie 1
Päiväkoti Touhula Kivikkokangas,64.9985988,25.6148793,päiväkoti,Päiväkoti,False,False,"Rakkakiventie 35, 90650 Oulu, Suomi",Rakkakiventie 35,Oulu,90650.0,FI,,Rakkakiventie 35
Päiväkoti Runokerä,65.0118823,25.5647832,päiväkoti,Päiväkoti,False,False,"Nykäsenkankaantie 4, 90650 Oulu, Suomi",Nykäsenkankaantie 4,Oulu,90650.0,FI,,Nykäsenkankaantie 4
Luontopäiväkoti,62.3779186,25.909848,päiväkoti,Päiväkoti,False,False,"41330 Laukaa, Suomi",,Laukaa,,FI,,
Päiväkoti Huvikumpu,65.0168401,25.5719151,päiväkoti,Päiväkoti,False,False,"Hiukkavaara 1 A 1, 90670 Oulu, Suomi",Hiukkavaara 1 A 1,Oulu,90670.0,FI,,Hiukkavaara 1 A 1
Perhepäiväkoti Löytöretki,62.2521383,25.7859923,päiväkoti,Päiväkoti,False,False,"Latvatie 13, 40320 Jyväskylä, Suomi",Latvatie 13,Jyväskylä,40320.0,FI,,Latvatie 13
Päiväkoti Touhula Murto,64.8416803,25.670297,päiväkoti,Päiväkoti,False,False,"Simontaival 1, 91800 Tyrnävä, Suomi",Simontaival 1,Tyrnävä,91800.0,FI,,Simontaival 1
Päiväkoti Neptunus,64.9619224,25.3712178,päiväkoti,Lastentarha,False,False,"Uittokuja 13, 90460 Oulu, Suomi",Uittokuja 13,Oulu,90460.0,FI,,Uittokuja 13
Päiväkoti Villivadelma Oy,64.9390915,25.4143793,päiväkoti,Lastentarha,False,False,"Hektorintie 18, 90460 Oulu, Suomi",Hektorintie 18,Oulu,90460.0,FI,,Hektorintie 18
Päiväkoti Touhula ViksuVekara,64.9127958,25.4920028,päiväkoti,Päiväkoti,False,False,"Suolatie 5, 90440 Kempele, Suomi",Suolatie 5,Kempele,90440.0,FI,,Suolatie 5
Päiväkoti Tenavatalo,64.6554081,25.6158254,päiväkoti,Päiväkoti,False,False,"Temmeksentie 7, 91950 Temmes, Suomi",Temmeksentie 7,Temmes,91950.0,FI,,Temmeksentie 7
Päiväkoti Karuselli,64.7713105,25.6630217,päiväkoti,Päiväkoti,False,False,"Haravamiehenkuja 1, 91800 Tyrnävä, Suomi",Haravamiehenkuja 1,Tyrnävä,91800.0,FI,,Haravamiehenkuja 1
Pilke Jekku,64.8006679,25.4153247,päiväkoti,Päiväkoti,False,False,"Lithoviuksenlaita 2, 91900 Liminka, Suomi",Lithoviuksenlaita 2,Liminka,91900.0,FI,,Lithoviuksenlaita 2
Oulunsalon keskuspäiväkoti,64.935002,25.3952302,päiväkoti,Päiväkoti,False,False,"Mäntypellonpolku 16, 90460 Oulu, Suomi",Mäntypellonpolku 16,Oulu,90460.0,FI,,Mäntypellonpolku 16
Steinerpäiväkoti Punavarpunen,65.0298458,25.4500987,päiväkoti,Päiväkoti,False,False,"Lipporannantie, 90500 Oulu, Suomi",Lipporannantie,Oulu,90500.0,FI,,Lipporannantie
Heikinharjun Päiväkoti,65.0578005,25.6006254,päiväkoti,Päiväkoti,False,False,"Heikinharjuntie 50, 90630 Oulu, Suomi",Heikinharjuntie 50,Oulu,90630.0,FI,,Heikinharjuntie 50
Palokan Päiväkoti,65.0786975,25.4039981,päiväkoti,Lastentarha,False,False,"Parkettitie 1, 90800 Oulu, Suomi",Parkettitie 1,Oulu,90800.0,FI,,Parkettitie 1
Vekarat,65.3693193,25.8214551,päiväkoti,Päiväkoti,False,False,"Tulisijantie 2, 91200 Oulu, Suomi",Tulisijantie 2,Oulu,91200.0,FI,,Tulisijantie 2
Päiväkoti Touhula Hönttämäki,65.0508193,25.6026402,päiväkoti,Päiväkoti,False,False,"Kaartintie 6, 90630 Oulu, Suomi",Kaartintie 6,Oulu,90630.0,FI,,Kaartintie 6
Steinerpäiväkoti Taivonkaari,65.0406059,25.5002515,päiväkoti,Päiväkoti,False,False,"90550 Oulu, Suomi",,Oulu,,FI,,
Ilosana,65.0409809,25.4507925,päiväkoti,Päiväkoti,False,False,"Ketjutie 77, 90560 Oulu, Suomi",Ketjutie 77,Oulu,90560.0,FI,,Ketjutie 77
Avoin päiväkoti Kiiminkijoki,65.1299237,25.7733362,päiväkoti,Päiväkoti,False,False,"Lempiniementie 2, 90900 Oulu, Suomi",Lempiniementie 2,Oulu,90900.0,FI,,Lempiniementie 2
Päiväkoti,65.0449381,25.4481152,päiväkoti,Koulu,False,False,"Tullimiehentie 6, 90560 Oulu, Suomi",Tullimiehentie 6,Oulu,90560.0,FI,,Tullimiehentie 6
Päiväkoti Touhula Satumetsä,65.0863216,25.6856578,päiväkoti,Päiväkoti,False,False,"Kehätie 1, 90940 Jääli, Suomi",Kehätie 1,Jääli,90940.0,FI,,Kehätie 1
Päiväkoti Loikkeliini,65.1300125,25.7626018,päiväkoti,Päiväkoti,False,False,"Kanervatie 1, 90900 Kiiminki, Suomi",Kanervatie 1,Kiiminki,90900.0,FI,,Kanervatie 1
Varpulan päiväkoti ymp,65.0139864,25.4866731,päiväkoti,Lastentarha,False,False,"Tulliväylä, 90100 Oulu, Suomi",Tulliväylä,Oulu,,FI,,Tulliväylä
Riekonmarjan Päiväkoti,65.1020852,25.4080111,päiväkoti,Koulu,False,False,"Hillatie 1, 90800 Oulu, Suomi",Hillatie 1,Oulu,90800.0,FI,,Hillatie 1
Päiväkoti Saturnus,65.0847985,25.4658811,päiväkoti,Lastentarha,False,False,"Karhunkierros 20, 90530 Oulu, Suomi",Karhunkierros 20,Oulu,90530.0,FI,,Karhunkierros 20
Oulun Englanninkielinen Leikkikoulu / English Speaking Playschool,65.0207946,25.4990052,päiväkoti,Päiväkoti,False,False,"Wervinginkuja 2, 90130 Oulu, Suomi",Wervinginkuja 2,Oulu,90130.0,FI,,Wervinginkuja 2
Mustikan päiväkoti,65.0248324,26.1172972,päiväkoti,Päiväkoti,False,False,"Hillikkotie 8, 91300 Oulu, Suomi",Hillikkotie 8,Oulu,91300.0,FI,,Hillikkotie 8
Päiväkoti Piilometsä,65.0327308,25.9718915,päiväkoti,Päiväkoti,False,False,"Vanhalantörmä 20, 91300 Oulu, Suomi",Vanhalantörmä 20,Oulu,91300.0,FI,,Vanhalantörmä 20
Muurahaisen päiväkoti,65.3700057,25.8243389,päiväkoti,Päiväkoti,False,False,"Halametsä 2, 91200 Oulu, Suomi",Halametsä 2,Oulu,91200.0,FI,,Halametsä 2
Päiväkoti Ida Valpuri,65.3172183,25.3883832,päiväkoti,Yrityksen toimisto,False,False,"Lanssitie 3, 91100 II, Suomi",Lanssitie 3,II,91100.0,FI,,Lanssitie 3
Koppelontien vuoroyksikkö | Ivalon päiväkoti,68.6631591,27.5473981,päiväkoti,Päiväkoti,False,False,"Koppelontie 4, 99800 Inari, Suomi",Koppelontie 4,Inari,99800.0,FI,,Koppelontie 4
The ICEC Töölö,60.1784583,24.9286858,päiväkoti,Päiväkoti,False,False,"Dunckerinkatu 2B 2-3, 00260 Helsingfors, Suomi",Dunckerinkatu 2B 2-3,Helsinki,260.0,FI,,Dunckerinkatu 2B 2-3
Vartiokujan päiväkoti,60.2502628,25.1169126,päiväkoti,Päiväkoti,False,False,"Vartiokuja 8, 01280 Vantaa, Suomi",Vartiokuja 8,Vantaa,1280.0,FI,,Vartiokuja 8
Päiväkoti Nurkka,60.2714551,25.0588895,päiväkoti,Päiväkoti,False,False,"Nurkkatie 2, 00760 Helsinki, Suomi",Nurkkatie 2,Helsinki,760.0,FI,,Nurkkatie 2
Päiväkoti Kamppi,60.1687737,24.9270609,päiväkoti,Lastentarha,False,False,"Eteläinen Rautatiekatu 14, 00100 Helsinki, Suomi",Eteläinen Rautatiekatu 14,Helsinki,100.0,FI,,Eteläinen Rautatiekatu 14
Päiväkoti Kaskisavu,60.2712532,25.0034074,päiväkoti,Päiväkoti,False,False,"Töyrynummentie 6, 00740 Helsinki, Suomi",Töyrynummentie 6,Helsinki,740.0,FI,,Töyrynummentie 6
Harmotien päiväkoti,60.2765034,25.1025255,päiväkoti,Päiväkoti,False,False,"Harmotie 1, 01200 Vantaa, Suomi",Harmotie 1,Vantaa,1200.0,FI,,Harmotie 1
Päiväkoti Eira,60.1557802,24.9363741,päiväkoti,Lastentarha,False,False,"Ehrensvärdintie 14, 00150 Helsinki, Suomi",Ehrensvärdintie 14,Helsinki,150.0,FI,,Ehrensvärdintie 14
Päiväkoti Wilhola,60.1722064,24.9447456,päiväkoti,Lastentarha,False,False,"Mikonkatu 18, 00100 Helsinki, Suomi",Mikonkatu 18,Helsinki,100.0,FI,,Mikonkatu 18
Päiväkoti Maininki,60.1625769,24.9113405,päiväkoti,Lastentarha,False,False,"Loistokuja 1, 00180 Helsinki, Suomi",Loistokuja 1,Helsinki,180.0,FI,,Loistokuja 1
Päiväkoti Livornonkatu,60.1578498,24.9158379,päiväkoti,Lastentarha,False,False,"Livornonkatu 6, 00220 Helsinki, Suomi",Livornonkatu 6,Helsinki,220.0,FI,,Livornonkatu 6
Päiväkoti Pihapirtti,60.2392279,25.082962,päiväkoti,Päiväkoti,False,False,"Ostostie 5, 00940 Helsinki, Suomi",Ostostie 5,Helsinki,940.0,FI,,Ostostie 5
Päiväkoti Kaisaniemi,60.1741259,24.9480651,päiväkoti,Lastentarha,False,False,"Svante Olssonin puistokuja 1, 00100 Helsinki, Suomi",Svante Olssonin puistokuja 1,Helsinki,100.0,FI,,Svante Olssonin puistokuja 1
Päiväkoti Terhi,60.1825116,24.9548713,päiväkoti,Lastentarha,False,False,"Viides linja 4, 00530 Helsinki, Suomi",Viides linja 4,Helsinki,,FI,,Viides linja 4
Päiväkoti Saniainen,60.2584875,25.0302858,päiväkoti,Päiväkoti,False,False,"Saniaiskuja 1, 00730 Helsinki, Suomi",Saniaiskuja 1,Helsinki,730.0,FI,,Saniaiskuja 1
Päiväkoti Ruoholahden Lastentalo,60.1611497,24.9192981,päiväkoti,Lastentarha,False,False,"Laivapojankatu 8, 00180 Helsinki, Suomi",Laivapojankatu 8,Helsinki,180.0,FI,,Laivapojankatu 8
Päiväkoti Puuskakulma,60.1648901,25.0746899,päiväkoti,Lastentarha,False,False,"Jollaksentie 67, 00850 Helsinki, Suomi",Jollaksentie 67,Helsinki,850.0,FI,,Jollaksentie 67
Päiväkoti Minttu,60.2759094,25.0379773,päiväkoti,Päiväkoti,False,False,"Suuntimotie 28, 00750 Helsinki, Suomi",Suuntimotie 28,Helsinki,750.0,FI,,Suuntimotie 28
Päiväkoti Jaala,60.1585072,24.9193425,päiväkoti,Lastentarha,False,False,"Suezinkatu 7, 00220 Helsinki, Suomi",Suezinkatu 7,Helsinki,220.0,FI,,Suezinkatu 7
Päiväkoti Kivilinna,60.2414574,25.070654,päiväkoti,Päiväkoti,False,False,"Linnoituksentie 8, 00940 Helsinki, Suomi",Linnoituksentie 8,Helsinki,940.0,FI,,Linnoituksentie 8
Linnoituskujan päiväkoti,60.2447409,25.1176436,päiväkoti,Päiväkoti,False,False,"Linnoituskuja 1, 01280 Vantaa, Suomi",Linnoituskuja 1,Vantaa,1280.0,FI,,Linnoituskuja 1
Päiväkoti Savotta,60.2724763,25.0691224,päiväkoti,Päiväkoti,False,False,"Puunkaatajantie 16, 00760 Helsinki, Suomi",Puunkaatajantie 16,Helsinki,760.0,FI,,Puunkaatajantie 16
Päiväkoti Sakara,60.2424094,25.0759107,päiväkoti,Päiväkoti,False,False,"Sakara 1, 00940 Helsinki, Suomi",Sakara 1,Helsinki,940.0,FI,,Sakara 1
Päiväkoti Neilikka,60.2753884,25.0315666,päiväkoti,Päiväkoti,False,False,"Palokuja 4, 00750 Helsinki, Suomi",Palokuja 4,Helsinki,750.0,FI,,Palokuja 4
Vaaralan päiväkoti,60.2652122,25.1014626,päiväkoti,Päiväkoti,False,False,"Lähdepuistontie 13, 01230 Vantaa, Suomi",Lähdepuistontie 13,Vantaa,1230.0,FI,,Lähdepuistontie 13
Päiväkoti Ranta,60.185939,25.0310512,päiväkoti,Lastentarha,False,False,"Neitojenpolku 23, 00810 Helsinki, Suomi",Neitojenpolku 23,Helsinki,810.0,FI,,Neitojenpolku 23
Päiväkoti Aleksi,60.1692905,24.9577161,päiväkoti,Lastentarha,False,False,"Aleksanterinkatu 1, 00170 Helsinki, Suomi",Aleksanterinkatu 1,Helsinki,170.0,FI,,Aleksanterinkatu 1
Tammiston päiväkoti,60.2724637,24.9592619,päiväkoti,Päiväkoti,False,False,"Kaurapellonkatu 3, 01520 Vantaa, Suomi",Kaurapellonkatu 3,Vantaa,1520.0,FI,,Kaurapellonkatu 3
Pilke musiikkipäiväkoti Paahtimo,60.192697,24.9541249,päiväkoti,Päiväkoti,False,False,"Sturenkatu 21, 00510 Helsinki, Suomi",Sturenkatu 21,Helsinki,510.0,FI,,Sturenkatu 21
Päiväkoti Louhikko,60.2338641,25.0060132,päiväkoti,Päiväkoti,False,False,"Kiilletie 6, 00710 Helsinki, Suomi",Kiilletie 6,Helsinki,710.0,FI,,Kiilletie 6
Päiväkoti Riikka,60.1807326,24.9252973,päiväkoti,Lastentarha,False,False,"Runeberginkatu 63, 00260 Helsinki, Suomi",Runeberginkatu 63,Helsinki,260.0,FI,,Runeberginkatu 63
Päiväkoti Torpparinmäki,60.2648316,24.9544112,päiväkoti,Päiväkoti,False,False,"Torpparinmäentie 36, 00690 Helsinki, Suomi",Torpparinmäentie 36,Helsinki,690.0,FI,,Torpparinmäentie 36
Päiväkoti Lammikko,60.2417446,25.0836535,päiväkoti,Päiväkoti,False,False,"Leikkikuja 4, 00940 Helsinki, Suomi",Leikkikuja 4,Helsinki,940.0,FI,,Leikkikuja 4
Päiväkoti Nuotti,60.245987,24.9877464,päiväkoti,Päiväkoti,False,False,"Jokipellontie 15, 00720 Helsinki, Suomi",Jokipellontie 15,Helsinki,720.0,FI,,Jokipellontie 15
Päiväkoti Vihtori,60.2737888,25.041485,päiväkoti,Päiväkoti,False,False,"Mehiläistie 6, 00750 Helsinki, Suomi",Mehiläistie 6,Helsinki,750.0,FI,,Mehiläistie 6
Päiväkoti Jäkälä,60.2635576,25.0316573,päiväkoti,Päiväkoti,False,False,"Jäkälätie 11, 00730 Helsinki, Suomi",Jäkälätie 11,Helsinki,730.0,FI,,Jäkälätie 11
Päiväkoti Sinivuori,60.2447176,24.9859262,päiväkoti,Päiväkoti,False,False,"Säterintie 28, 00720 Helsinki, Suomi",Säterintie 28,Helsinki,720.0,FI,,Säterintie 28
Päiväkoti Satulinna,60.2733796,25.0283847,päiväkoti,Päiväkoti,False,False,"Kimnaasipolku 7, 00750 Helsinki, Suomi",Kimnaasipolku 7,Helsinki,750.0,FI,,Kimnaasipolku 7
Päiväkoti Fregatti,60.1591117,24.9132815,päiväkoti,Lastentarha,False,False,"Messitytönkuja 4, 00180 Helsinki, Suomi",Messitytönkuja 4,Helsinki,180.0,FI,,Messitytönkuja 4
Ravurinpuiston päiväkoti,60.2793181,25.1108468,päiväkoti,Päiväkoti,False,False,"Kannuskuja 6, 01200 Vantaa, Suomi",Kannuskuja 6,Vantaa,1200.0,FI,,Kannuskuja 6
Päiväkoti Touhula LoistoVekara,60.2724887,24.9614525,päiväkoti,Päiväkoti,False,False,"Koetilankatu 2, 01520 Vantaa, Suomi",Koetilankatu 2,Vantaa,1520.0,FI,,Koetilankatu 2
Päiväkoti Asteri,60.2464824,24.9973318,päiväkoti,Päiväkoti,False,False,"Asteritie 12, 00720 Helsinki, Suomi",Asteritie 12,Helsinki,720.0,FI,,Asteritie 12
Päiväkoti Vaskiniitty,60.2754294,25.0036496,päiväkoti,Päiväkoti,False,False,"Vaskiniitynkuja 2, 00740 Helsinki, Suomi",Vaskiniitynkuja 2,Helsinki,740.0,FI,,Vaskiniitynkuja 2
Koivikko Daycare Centre,60.2089428,24.9666388,päiväkoti,Päiväkoti,False,False,"Väinö Auerin katu 1, 00560 Helsinki, Suomi",Väinö Auerin katu 1,Helsinki,560.0,FI,,Väinö Auerin katu 1
Päiväkoti Himmeli,60.2707246,24.995647,päiväkoti,Päiväkoti,False,False,"Olkilyhteentie 17, 00740 Helsinki, Suomi",Olkilyhteentie 17,Helsinki,740.0,FI,,Olkilyhteentie 17
Päiväkoti Fredriksberg,60.1914167,24.9488359,päiväkoti,Päiväkoti,False,False,"Konepajankuja 5, 00510 Helsinki, Suomi",Konepajankuja 5,Helsinki,510.0,FI,,Konepajankuja 5
Päiväkoti Katajanokka,60.1669909,24.9669213,päiväkoti,Lastentarha,False,False,"Kauppiaankatu 8-10 A, 00160 Helsinki, Suomi",Kauppiaankatu 8-10 A,Helsinki,160.0,FI,,Kauppiaankatu 8-10 A
Päiväkoti Rööperi,60.1611604,24.9381672,päiväkoti,Lastentarha,False,False,"Punavuorenkatu 8, 00120 Helsinki, Suomi",Punavuorenkatu 8,Helsinki,120.0,FI,,Punavuorenkatu 8
Poikkijoen päiväkoti,67.4221954,26.6081104,päiväkoti,Koulu,False,False,"Jäähallintie 2, 99600 Sodankylä, Suomi",Jäähallintie 2,Sodankylä,99600.0,FI,,Jäähallintie 2
Päiväkoti Alppimaja,60.185738,24.9507486,päiväkoti,Lastentarha,False,False,"Castréninkatu 28, 00530 Helsinki, Suomi",Castréninkatu 28,Helsinki,530.0,FI,,Castréninkatu 28
Päiväkoti Tammisalo,60.1923349,25.0653456,päiväkoti,Päiväkoti,False,False,"Paasitie 5, 00830 Helsinki, Suomi",Paasitie 5,Helsinki,830.0,FI,,Paasitie 5
Tallbo Daghem,60.1863492,24.8955661,päiväkoti,Päiväkoti,False,False,"Tallbonkuja 3, 00250 Helsinki, Suomi",Tallbonkuja 3,Helsinki,250.0,FI,,Tallbonkuja 3
Päiväkoti Touhula Sodankylä,67.4105995,26.5919047,päiväkoti,Päiväkoti,False,False,"Kylälaaksontie 4, 99600 Sodankylä, Suomi",Kylälaaksontie 4,Sodankylä,99600.0,FI,,Kylälaaksontie 4
Paulaharjun Päiväkoti,67.4274747,26.5623949,päiväkoti,Päiväkoti,False,False,"Kasarmintie 67, 99600 Sodankylä, Suomi",Kasarmintie 67,Sodankylä,99600.0,FI,,Kasarmintie 67
Päiväkoti Saukko,60.1592391,24.9084165,päiväkoti,Lastentarha,False,False,"Saukonpaadenranta 4, 00180 Helsinki, Suomi",Saukonpaadenranta 4,Helsinki,180.0,FI,,Saukonpaadenranta 4
Kustaantien Päiväkoti,60.3249096,25.0771774,päiväkoti,Päiväkoti,False,False,"Kustaantie 10, 01400 Vantaa, Suomi",Kustaantie 10,Vantaa,1400.0,FI,,Kustaantie 10
Päiväkoti Porslahti,60.2192424,25.1480786,päiväkoti,Päiväkoti,False,False,"Marielundinaukio 4, 00960 Helsinki, Suomi",Marielundinaukio 4,Helsinki,960.0,FI,,Marielundinaukio 4
Päiväkoti Portti,60.2393297,25.0703222,päiväkoti,Päiväkoti,False,False,"Lohkarekuja 3, 00940 Helsinki, Suomi",Lohkarekuja 3,Helsinki,940.0,FI,,Lohkarekuja 3
Päiväkoti Koralli,60.2144544,25.1454845,päiväkoti,Päiväkoti,False,False,"00980 Helsinki, Suomi",,Helsinki,,FI,,
Päiväkoti Omenapuisto,60.210452,25.1517353,päiväkoti,Päiväkoti,False,False,"Punakanelinkuja 1, 00980 Helsinki, Suomi",Punakanelinkuja 1,Helsinki,980.0,FI,,Punakanelinkuja 1
Päiväkoti Kankarepuisto,60.2601051,25.0792752,päiväkoti,Päiväkoti,False,False,"Jakomäenpolku 6, 00770 Helsinki, Suomi",Jakomäenpolku 6,Helsinki,770.0,FI,,Jakomäenpolku 6
Päiväkoti Onnimanni R.Y.,60.1778922,24.9247346,päiväkoti,Päiväkoti,False,False,"Töölöntorinkatu 2, 00260 Helsinki, Suomi",Töölöntorinkatu 2,Helsinki,260.0,FI,,Töölöntorinkatu 2
Pilke liikuntapäiväkoti Taikapolku,60.203144,25.1391204,päiväkoti,Päiväkoti,False,False,"Vedenottamontie 9, 00980 Helsinki, Suomi",Vedenottamontie 9,Helsinki,980.0,FI,,Vedenottamontie 9
Hepokujan Päiväkoti,60.273348,25.1051686,päiväkoti,Päiväkoti,False,False,"Hepokuja 3, 01200 Vantaa, Suomi",Hepokuja 3,Vantaa,1200.0,FI,,Hepokuja 3
Päiväkoti Marmori,60.2389018,25.015832,päiväkoti,Päiväkoti,False,False,"Marmoritie 8, 00710 Helsinki, Suomi",Marmoritie 8,Helsinki,710.0,FI,,Marmoritie 8
Koulutuspalvelu Illusia,60.6374625,25.3188707,päiväkoti,Päiväkoti,False,False,"04600 Mäntsälä, Suomi",,Mäntsälä,4600.0,FI,,
Mäntsälän Englanninkielinen Montessorileikkikoulu,60.628798,25.3225002,päiväkoti,Päiväkoti,False,False,"Lukkarinpolku 2, 04600 Mäntsälä, Suomi",Lukkarinpolku 2,Mäntsälä,4600.0,FI,,Lukkarinpolku 2
Hyökännummen koulu,60.5436795,25.1234789,päiväkoti,Päiväkoti,False,False,"Nummelantie 9, 04500 Mäntsälä, Suomi",Nummelantie 9,Mäntsälä,4500.0,FI,,Nummelantie 9
Päiväkoti Vekara,60.6454541,25.5755515,päiväkoti,Päiväkoti,False,False,"Veteraanitie 6, 07560 Pukkila, Suomi",Veteraanitie 6,Pukkila,7560.0,FI,,Veteraanitie 6
Asemantaustan päiväkoti,60.9717803,25.6623292,päiväkoti,Päiväkoti,False,False,"Heikinkatu 7, 15100 Lahti, Suomi",Heikinkatu 7,Lahti,15100.0,FI,,Heikinkatu 7
Elämänkaaritalon päiväkoti,61.1970317,26.0077363,päiväkoti,Päiväkoti,False,False,"Suvannonraitti 2, 18100 Heinola, Suomi",Suvannonraitti 2,Heinola,18100.0,FI,,Suvannonraitti 2
Kettukallion päiväkoti,61.2447249,26.0665785,päiväkoti,Päiväkoti,False,False,"Kettukalliontie 1, 18300 Heinola, Suomi",Kettukalliontie 1,Heinola,18300.0,FI,,Kettukalliontie 1
Käpälämäen Päiväkodit,60.9484952,25.6282743,päiväkoti,Päiväkoti,False,False,"Puotikatu 7, 15700 Lahti, Suomi",Puotikatu 7,Lahti,15700.0,FI,,Puotikatu 7
Jalkarannan päiväkoti,60.993511,25.5932706,päiväkoti,Päiväkoti,False,False,"Sarvikuja 1, 15950 Lahti, Suomi",Sarvikuja 1,Lahti,15950.0,FI,,Sarvikuja 1
Lintulan Päiväkoti,60.8251859,25.7204384,päiväkoti,Päiväkoti,False,False,"Linnustontie 3, 16300 Orimattila, Suomi",Linnustontie 3,Orimattila,16300.0,FI,,Linnustontie 3
Päiväkoti Esikot,61.74683,26.1225738,päiväkoti,Päiväkoti,False,False,"Koulutie 2 C, 19650 Joutsa, Suomi",Koulutie 2 C,Joutsa,19650.0,FI,,Koulutie 2 C
Myllylän Päiväkoti,60.8081459,25.7254649,päiväkoti,Päiväkoti,False,False,"Myllykuja 3, 16300 Orimattila, Suomi",Myllykuja 3,Orimattila,16300.0,FI,,Myllykuja 3
Tenava-tonttilan Päiväkoti,60.9804865,25.7088942,päiväkoti,Päiväkoti,False,False,"Salonaukio 1, 15170 Lahti, Suomi",Salonaukio 1,Lahti,15170.0,FI,,Salonaukio 1
Peltolan Päiväkoti,60.8010414,25.7470246,päiväkoti,Päiväkoti,False,False,"Viljamaantie 11, 16300 Orimattila, Suomi",Viljamaantie 11,Orimattila,16300.0,FI,,Viljamaantie 11
Salpakankaan päiväkoti,60.9854801,25.5188164,päiväkoti,Koulu,False,False,"Koulurinteentie 9, 15870 Hollola, Suomi",Koulurinteentie 9,Hollola,15870.0,FI,,Koulurinteentie 9
Luonto- Ja Liikuntapäiväkoti Päivänsäde avoin yhtiö,60.9729455,25.6782733,päiväkoti,Päiväkoti,False,False,"Leppäkatu 1, 15520 Lahti, Suomi",Leppäkatu 1,Lahti,15520.0,FI,,Leppäkatu 1
Rainion Päiväkoti,61.2129427,26.069259,päiväkoti,Päiväkoti,False,False,"Tuohitie 8, 18120 Heinola, Suomi",Tuohitie 8,Heinola,18120.0,FI,,Tuohitie 8
Pilke liikuntapäiväkoti Hyppyri,60.9818605,25.6472726,päiväkoti,Päiväkoti,False,False,"Vuorikatu 7, 15110 Lahti, Suomi",Vuorikatu 7,Lahti,15110.0,FI,,Vuorikatu 7
Leikkituvan Päiväkoti,61.0011386,25.7680321,päiväkoti,Päiväkoti,False,False,"Kukonaronkatu 15, 15320 Lahti, Suomi",Kukonaronkatu 15,Lahti,15320.0,FI,,Kukonaronkatu 15
Päiväkoti Onnenkenkä,60.8978582,25.7124965,päiväkoti,Päiväkoti,False,False,"Lautsillantie 25, 16320 Pennala, Suomi",Lautsillantie 25,Pennala,16320.0,FI,,Lautsillantie 25
Taidepäiväkoti Launeen Satakieli Oy,60.9618527,25.6535483,päiväkoti,Lastentarha,False,False,"Mustamäenkatu 5, 15610 Lahti, Suomi",Mustamäenkatu 5,Lahti,15610.0,FI,,Mustamäenkatu 5
Hirsimetsän kerho,60.9861933,25.6838568,päiväkoti,Päiväkoti,False,False,"Hirsimetsän kerhotie 6, 15200 Lahti, Suomi",Hirsimetsän kerhotie 6,Lahti,15200.0,FI,,Hirsimetsän kerhotie 6
Avoin päiväkoti Kimppa,60.8093343,25.7456279,päiväkoti,Päiväkoti,False,False,"Kuismapolku 4, 16300 Orimattila, Suomi",Kuismapolku 4,Orimattila,16300.0,FI,,Kuismapolku 4
Päiväkoti Keinuhevonen Oy,60.811583,25.738935,päiväkoti,Päiväkoti,False,False,"Urheilutie 7, 16300 Orimattila, Suomi",Urheilutie 7,Orimattila,16300.0,FI,,Urheilutie 7
Metsäkankaan päiväkoti,60.9781406,25.5879618,päiväkoti,Lastentarha,False,False,"Suitsikatu 10, 15830 Lahti, Suomi",Suitsikatu 10,Lahti,15830.0,FI,,Suitsikatu 10
Kuvalinkki Oy,60.9896829,25.6567254,päiväkoti,Päiväkoti,False,False,"Kariniemenkatu 35, 15140 Lahti, Suomi",Kariniemenkatu 35,Lahti,15140.0,FI,,Kariniemenkatu 35
Pilke musiikkipäiväkoti Onnimanni,61.0007199,25.7612244,päiväkoti,Päiväkoti,False,False,"Vallesmanninkatu 5, 15300 Lahti, Suomi",Vallesmanninkatu 5,Lahti,15300.0,FI,,Vallesmanninkatu 5
Honkalanpuiston päiväkoti,60.994927,25.601586,päiväkoti,Lastenhoitotoimisto,False,False,"Monontie 6, 15950 Lahti, Suomi",Monontie 6,Lahti,15950.0,FI,,Monontie 6
Kunnaksen Päiväkoti,61.007124,25.783518,päiväkoti,Päiväkoti,False,False,"Ristimäenkatu 10, 15340 Lahti, Suomi",Ristimäenkatu 10,Lahti,15340.0,FI,,Ristimäenkatu 10
Satulinnan päiväkoti,60.9886713,25.5216607,päiväkoti,Lastentarha,False,False,"Keskuskuja 5, 15870 Hollola, Suomi",Keskuskuja 5,Hollola,15870.0,FI,,Keskuskuja 5
Hum­pu­lan päi­vä­ko­ti,60.9828508,25.6737086,päiväkoti,Lastentarha,False,False,"Laaksokatu 6, 15140 Lahti, Suomi",Laaksokatu 6,Lahti,15140.0,FI,,Laaksokatu 6
Jyrängön Päiväkoti,61.1894985,26.024522,päiväkoti,Päiväkoti,False,False,"Keskuskatu 22, 18150 Heinola, Suomi",Keskuskatu 22,Heinola,18150.0,FI,,Keskuskatu 22
Pilke luontopäiväkoti Kotimetsä,60.8001859,25.7347523,päiväkoti,Päiväkoti,False,False,"Kehräämöntie 3, 16300 Orimattila, Suomi",Kehräämöntie 3,Orimattila,16300.0,FI,,Kehräämöntie 3
Ruoriniemen päiväkoti,61.0047819,25.6434273,päiväkoti,Lastentarha,False,False,"Pursimiehenkatu 5, 15140 Lahti, Suomi",Pursimiehenkatu 5,Lahti,15140.0,FI,,Pursimiehenkatu 5
Ilona Päivähoito Oy,60.9808189,25.7169354,päiväkoti,Päiväkoti,False,False,"Riihitarhankatu 5, 15170 Lahti, Suomi",Riihitarhankatu 5,Lahti,15170.0,FI,,Riihitarhankatu 5
Rakokiven päiväkoti,60.9372565,25.9653174,päiväkoti,Päiväkoti,False,False,"Toritie 6, 15550 Lahti, Suomi",Toritie 6,Lahti,15550.0,FI,,Toritie 6
Aurinkorinteen päiväkoti,60.9448115,25.9251283,päiväkoti,Päiväkoti,False,False,"Rahikantie 3, 15560 Nastola, Suomi",Rahikantie 3,Nastola,15560.0,FI,,Rahikantie 3
Oy Päiväkoti Pikkutonttu,60.9731055,25.6459842,päiväkoti,Lastentarha,False,False,"Kaarikatu 22, 15100 Lahti, Suomi",Kaarikatu 22,Lahti,15100.0,FI,,Kaarikatu 22
Ainonpuiston päiväkoti,60.9819078,25.6697404,päiväkoti,Lastentarha,False,False,"Kymintie 5, 15140 Lahti, Suomi",Kymintie 5,Lahti,15140.0,FI,,Kymintie 5
Pilke tiedepäiväkoti Otava,61.0089936,25.7103999,päiväkoti,Päiväkoti,False,False,"Kytökatu 12, 15230 Lahti, Suomi",Kytökatu 12,Lahti,15230.0,FI,,Kytökatu 12
Pilke taidepäiväkoti Taikahattu,60.6361791,24.8650477,päiväkoti,Päiväkoti,False,False,"Sähkökatu 14, 05800 Hyvinkää, Suomi",Sähkökatu 14,Hyvinkää,5800.0,FI,,Sähkökatu 14
Saksalan päiväkoti,60.9698138,25.6809799,päiväkoti,Lastentarha,False,False,"Saarnikatu 6, 15520 Lahti, Suomi",Saarnikatu 6,Lahti,15520.0,FI,,Saarnikatu 6
Pilke musiikkipäiväkoti Tempo,63.6464435,26.6340481,päiväkoti,Päiväkoti,False,False,"Paavo Tikkasen tie 6, 74700 Kiuruvesi, Suomi",Paavo Tikkasen tie 6,Kiuruvesi,74700.0,FI,,Paavo Tikkasen tie 6
Pentinpellon päiväkoti,62.6247669,26.8175069,päiväkoti,Päiväkoti,False,False,"Koulutie 16, 77700 Rautalampi, Suomi",Koulutie 16,Rautalampi,77700.0,FI,,Koulutie 16
Päiväkoti Ankkurinappi,63.1812606,26.3492386,päiväkoti,Päiväkoti,False,False,"Äyräpääntie 10, 72600 Keitele, Suomi",Äyräpääntie 10,Keitele,72600.0,FI,,Äyräpääntie 10
Kulmalan ryhmäperhepäivähoito,63.0793354,25.8592318,päiväkoti,Päiväkoti,False,False,"Haapaniementie 16, 44500 Viitasaari, Suomi",Haapaniementie 16,Viitasaari,44500.0,FI,,Haapaniementie 16
Päiväkoti Rastis,60.2085272,25.1386881,päiväkoti,Päiväkoti,False,False,"Ulapparaitti 6, 00980 Helsinki, Suomi",Ulapparaitti 6,Helsinki,980.0,FI,,Ulapparaitti 6
Kaarenkylän Päiväkoti,60.4725135,25.5491986,päiväkoti,Päiväkoti,False,False,"Kaarenkyläntie 344, 07220 Kaarenkylä, Suomi",Kaarenkyläntie 344,Kaarenkylä,7220.0,FI,,Kaarenkyläntie 344
Steinerpäiväkoti Pikkukarhu,60.4623807,25.1234901,päiväkoti,Steiner-päiväkoti,False,False,"Kukkakatu 6, 04430 Järvenpää, Suomi",Kukkakatu 6,Järvenpää,4430.0,FI,,Kukkakatu 6
Hakunilanrinteen päiväkoti,60.2733521,25.0993367,päiväkoti,Päiväkoti,False,False,"Hiirakkotie 18, 01200 Vantaa, Suomi",Hiirakkotie 18,Vantaa,1200.0,FI,,Hiirakkotie 18
Satumäen päiväkoti,60.3970701,25.6635231,päiväkoti,Päiväkoti,False,False,"Kaivokatu 42, 06100 Porvoo, Suomi",Kaivokatu 42,Porvoo,6100.0,FI,,Kaivokatu 42
Päiväkoti Kurki,60.2312453,25.071695,päiväkoti,Päiväkoti,False,False,"Karpalokuja 7, 00940 Helsinki, Suomi",Karpalokuja 7,Helsinki,940.0,FI,,Karpalokuja 7
Luomupäiväkoti Kirsikka Laajasalo,60.1640203,25.0438689,päiväkoti,Päiväkoti,False,False,"Suomensuontie 8, 00870 Helsinki, Suomi",Suomensuontie 8,Helsinki,870.0,FI,,Suomensuontie 8
Päiväkoti Inari,60.2333401,25.0682376,päiväkoti,Päiväkoti,False,False,"Kurkisuontie 20, 00940 Helsinki, Suomi",Kurkisuontie 20,Helsinki,940.0,FI,,Kurkisuontie 20
Huvikummun päiväkoti,60.4011079,25.6612341,päiväkoti,Päiväkoti,False,False,"Vanha Kuninkaantie 29, 06100 Porvoo, Suomi",Vanha Kuninkaantie 29,Porvoo,6100.0,FI,,Vanha Kuninkaantie 29
Kuutamopolun Päiväkoti,60.4083917,25.6640683,päiväkoti,Esikoulu,False,False,"Huhtisentie 7, 06100 Porvoo, Suomi",Huhtisentie 7,Porvoo,6100.0,FI,,Huhtisentie 7
Taidepäiväkoti Konsti,60.4077548,25.0865314,päiväkoti,Päiväkoti,False,False,"Puusepänkatu 3, 04200 Kerava, Suomi",Puusepänkatu 3,Kerava,4200.0,FI,,Puusepänkatu 3
Huhtisen päiväkoti,60.4070385,25.6689258,päiväkoti,Päiväkoti,False,False,"Tapani Löfvinginkatu 13, 06100 Porvoo, Suomi",Tapani Löfvinginkatu 13,Porvoo,6100.0,FI,,Tapani Löfvinginkatu 13
Päiväkoti Touhula Porvoo,60.4010497,25.659265,päiväkoti,Päiväkoti,False,False,"Vanha Kuninkaantie 12, 06100 Porvoo, Suomi",Vanha Kuninkaantie 12,Porvoo,6100.0,FI,,Vanha Kuninkaantie 12
Päiväkoti Roihuvuori,60.2014356,25.0589806,päiväkoti,Lastentarha,False,False,"Vuorenpeikontie 1, 00820 Helsinki, Suomi",Vuorenpeikontie 1,Helsinki,820.0,FI,,Vuorenpeikontie 1
Kevättuulen päiväkoti,60.3883559,25.6974002,päiväkoti,Päiväkoti,False,False,"Sammontie 6, 06150 Porvoo, Suomi",Sammontie 6,Porvoo,6150.0,FI,,Sammontie 6
Päiväkoti Leskenlehti,60.2311448,25.0325145,päiväkoti,Päiväkoti,False,False,"Leskirouva Freytagin kuja 9, 00710 Helsinki, Suomi",Leskirouva Freytagin kuja 9,Helsinki,710.0,FI,,Leskirouva Freytagin kuja 9
Latukujan päiväkoti,60.2517689,25.1092801,päiväkoti,Päiväkoti,False,False,"Latukuja 1, 01280 Vantaa, Suomi",Latukuja 1,Vantaa,1280.0,FI,,Latukuja 1
Päiväkoti Pilten,60.1850901,25.0537108,päiväkoti,Lastentarha,False,False,"Umpiaidanpolku 6, 00840 Helsinki, Suomi",Umpiaidanpolku 6,Helsinki,840.0,FI,,Umpiaidanpolku 6
Keravan Saksalainen Päiväkoti Ry,60.4009586,25.1104462,päiväkoti,Lastentarha,False,False,"Kaupinkuja 5, 04250 Kerava, Suomi",Kaupinkuja 5,Kerava,4250.0,FI,,Kaupinkuja 5
Rajakylän päiväkoti,60.2493831,25.1072428,päiväkoti,Päiväkoti,False,False,"Säilätie 31, 01280 Vantaa, Suomi",Säilätie 31,Vantaa,1280.0,FI,,Säilätie 31
Vaahteramäen päiväkoti,60.396998,25.6640198,päiväkoti,Päiväkoti,False,False,"Kaivokatu 41, 06100 Porvoo, Suomi",Kaivokatu 41,Porvoo,6100.0,FI,,Kaivokatu 41
Norlandia-päiväkoti Tupa,60.3898442,25.6995167,päiväkoti,Päiväkoti,False,False,"Joukahaisentie 5, 06150 Porvoo, Suomi",Joukahaisentie 5,Porvoo,6150.0,FI,,Joukahaisentie 5
Päiväkoti Metsätähti,60.3858179,25.6564182,päiväkoti,Päiväkoti,False,False,"Kultalistankatu 12, 06100 Porvoo, Suomi",Kultalistankatu 12,Porvoo,6100.0,FI,,Kultalistankatu 12
Päiväkoti Piccolo,60.3946886,25.6642805,päiväkoti,Päiväkoti,False,False,"Rauhankatu 33, 06100 Porvoo, Suomi",Rauhankatu 33,Porvoo,6100.0,FI,,Rauhankatu 33
Päiväkoti Fallpakka,60.2293206,25.1291765,päiväkoti,Lastentarha,False,False,"Fallpakankuja 9, 00970 Helsinki, Suomi",Fallpakankuja 9,Helsinki,970.0,FI,,Fallpakankuja 9
Mäntykummun päiväkoti,60.3913727,25.6996326,päiväkoti,Päiväkoti,False,False,"Hansatie 11, 06150 Porvoo, Suomi",Hansatie 11,Porvoo,6150.0,FI,,Hansatie 11
Aisakellon päiväkoti,60.2745747,25.1066312,päiväkoti,Päiväkoti,False,False,"Hiirakkokuja 5, 01200 Vantaa, Suomi",Hiirakkokuja 5,Vantaa,1200.0,FI,,Hiirakkokuja 5
Päiväkoti Helmi,60.3800757,25.6342832,päiväkoti,Päiväkoti,False,False,"Tilanomistajantie, 06400 2, Suomi",Tilanomistajantie,2,6400.0,FI,,Tilanomistajantie
Päiväkoti Merirasti,60.2026795,25.1189307,päiväkoti,Lastentarha,False,False,"Jaluspolku 3, 00980 Helsinki, Suomi",Jaluspolku 3,Helsinki,980.0,FI,,Jaluspolku 3
Päiväkoti Viekko,60.2402243,25.1084273,päiväkoti,Lastentarha,False,False,"Laakavuorentie 1, 00970 Helsinki, Suomi",Laakavuorentie 1,Helsinki,970.0,FI,,Laakavuorentie 1
Päiväkoti Dino,60.2385012,25.0996201,päiväkoti,Päiväkoti,False,False,"Rekipellontie 3, 00940 Helsinki, Suomi",Rekipellontie 3,Helsinki,940.0,FI,,Rekipellontie 3
Päiväkoti Valona,60.4533946,25.0805914,päiväkoti,Koulu,False,False,"Suvirannankatu, 04400 Järvenpää, Suomi",Suvirannankatu,Järvenpää,4400.0,FI,,Suvirannankatu
Heporinteen päiväkoti,60.2733072,25.1034718,päiväkoti,Päiväkoti,False,False,"Heporinne 2, 01200 Vantaa, Suomi",Heporinne 2,Vantaa,1200.0,FI,,Heporinne 2
Hansaksen Päiväkoti,60.3024539,25.3093414,päiväkoti,Päiväkoti,False,False,"Hansaksentie 3, 01150 Söderkulla, Suomi",Hansaksentie 3,Söderkulla,1150.0,FI,,Hansaksentie 3
Harmokujan Päiväkoti,60.2769541,25.1009126,päiväkoti,Päiväkoti,False,False,"Harmokuja 4, 01200 Vantaa, Suomi",Harmokuja 4,Vantaa,1200.0,FI,,Harmokuja 4
Landbo Päiväkoti,60.2701038,25.2020665,päiväkoti,Päiväkoti,False,False,"Landbontie 2, 00890 Sipoo, Suomi",Landbontie 2,Sipoo,890.0,FI,,Landbontie 2
Metsärinteen kielikylpypäiväkoti,60.274486,25.2828301,päiväkoti,Päiväkoti,False,False,"Vesterängintie 20, 01120 Sipoo, Suomi",Vesterängintie 20,Sipoo,1120.0,FI,,Vesterängintie 20
Hepopuiston päiväkoti,60.2719729,25.1054546,päiväkoti,Päiväkoti,False,False,"Hevoshaantie 2, 01200 Vantaa, Suomi",Hevoshaantie 2,Vantaa,1200.0,FI,,Hevoshaantie 2
Lehmuslinnan päiväkoti,60.3717503,25.2791085,päiväkoti,Päiväkoti,False,False,"Uudensillantie 65 rakennus 4, 04130 Sipoo, Suomi",Uudensillantie 65 rakennus 4,Sipoo,4130.0,FI,,Uudensillantie 65 rakennus 4
Mäntymäen päiväkoti,60.3009767,25.3350203,päiväkoti,Päiväkoti,False,False,"Mäntymäentie 1, 01150 Söderkulla, Suomi",Mäntymäentie 1,Söderkulla,1150.0,FI,,Mäntymäentie 1
Latupuiston päiväkoti,60.2511345,25.1072534,päiväkoti,Päiväkoti,False,False,"Latukuja 2, 01280 Vantaa, Suomi",Latukuja 2,Vantaa,1280.0,FI,,Latukuja 2
Keihäspuiston päiväkoti,60.2428593,25.1077878,päiväkoti,Päiväkoti,False,False,"Keihästie 4, 01280 Vantaa, Suomi",Keihästie 4,Vantaa,1280.0,FI,,Keihästie 4
Musiikkipäiväkoti Poco,60.2881584,25.3144275,päiväkoti,Päiväkoti,False,False,"Joensuun raitti 59, 01150 Sipoo, Suomi",Joensuun raitti 59,Sipoo,1150.0,FI,,Joensuun raitti 59
Hevoshaan päiväkoti,60.278702,25.1168543,päiväkoti,Lastentarha,False,False,"Hevoshaantie 17, 01200 Vantaa, Suomi",Hevoshaantie 17,Vantaa,1200.0,FI,,Hevoshaantie 17
Päiväkoti Touhula Horisontti,60.3844845,25.6393332,päiväkoti,Päiväkoti,False,False,"Peippolankuja 2, 06400 Porvoo, Suomi",Peippolankuja 2,Porvoo,6400.0,FI,,Peippolankuja 2
Pilke tiedepäiväkoti Oivallus,60.3274063,25.0970517,päiväkoti,Päiväkoti,False,False,"Tuovintie 39, 01420 Vantaa, Suomi",Tuovintie 39,Vantaa,1420.0,FI,,Tuovintie 39
Eestinmäen päiväkoti,60.3794708,25.6134285,päiväkoti,Päiväkoti,False,False,"Hollituvantie 10, 06450 Porvoo, Suomi",Hollituvantie 10,Porvoo,6450.0,FI,,Hollituvantie 10
Gammelbackan päiväkoti,60.3715907,25.6369732,päiväkoti,Päiväkoti,False,False,"Viertotie 3, 06400 Porvoo, Suomi",Viertotie 3,Porvoo,6400.0,FI,,Viertotie 3
Kulloon päiväkoti,60.3395141,25.478113,päiväkoti,Päiväkoti,False,False,"Vanha Kulloontie 35, 06830 Porvoo, Suomi",Vanha Kulloontie 35,Porvoo,6830.0,FI,,Vanha Kulloontie 35
Päiväkoti Solhem,60.3885914,25.6739322,päiväkoti,Päiväkoti,False,False,"Joonaksentie 1, 06100 Porvoo, Suomi",Joonaksentie 1,Porvoo,6100.0,FI,,Joonaksentie 1
Päiväkoti Hiekkalinna,60.2018125,25.1454654,päiväkoti,Lastentarha,False,False,"Hiekkalaiturintie 10, 00980 Helsinki, Suomi",Hiekkalaiturintie 10,Helsinki,980.0,FI,,Hiekkalaiturintie 10
Päiväkoti Norlandia Kammari,60.3736737,25.6303938,päiväkoti,Päiväkoti,False,False,"Suolaketie 6, 06400 Porvoo, Suomi",Suolaketie 6,Porvoo,6400.0,FI,,Suolaketie 6
Päiväkoti Liinakko,60.2392436,25.0938677,päiväkoti,Koulu,False,False,"Rekipellonkuja 5, 00940 Helsinki, Suomi",Rekipellonkuja 5,Helsinki,940.0,FI,,Rekipellonkuja 5
Päiväkoti Loimi,60.239681,25.0925227,päiväkoti,Koulu,False,False,"Rekipellonkuja, 00940 Helsinki, Suomi",Rekipellonkuja,Helsinki,940.0,FI,,Rekipellonkuja
Koivukylän päiväkoti,60.326225,25.0759264,päiväkoti,Päiväkoti,False,False,"Kustaantie 21, 01400 Vantaa, Suomi",Kustaantie 21,Vantaa,1400.0,FI,,Kustaantie 21
Päiväkoti Kulosaari,60.1855016,25.0089975,päiväkoti,Lastentarha,False,False,"Kyösti Kallion tie 1, 00570 Helsinki, Suomi",Kyösti Kallion tie 1,Helsinki,570.0,FI,,Kyösti Kallion tie 1
Päiväkoti Hopealaakso Daghemmet Silverdalen,60.1688527,25.0225509,päiväkoti,Lastentarha,False,False,"Koirasaarentie 31, 00590 Helsinki, Suomi",Koirasaarentie 31,Helsinki,590.0,FI,,Koirasaarentie 31
Päiväkoti Viikinki Ryhmä Keltanot,60.2161828,25.0949948,päiväkoti,Päiväkoti,False,False,"Vanhanlinnantie 12, 00900 Helsinki, Suomi",Vanhanlinnantie 12,Helsinki,900.0,FI,,Vanhanlinnantie 12
Päiväkoti Tunturi,60.2388332,25.1168774,päiväkoti,Lastentarha,False,False,"Korvatunturintie 7, 00970 Helsinki, Suomi",Korvatunturintie 7,Helsinki,970.0,FI,,Korvatunturintie 7
Päiväkoti Pikku-veräjä,60.2327951,24.9793514,päiväkoti,Päiväkoti,False,False,"Otto Brandtin tie 13, 00650 Helsinki, Suomi",Otto Brandtin tie 13,Helsinki,650.0,FI,,Otto Brandtin tie 13
Kuusikkotien päiväkoti,60.2808418,25.0704467,päiväkoti,Päiväkoti,False,False,"Kuusikkotie 23a, 01380 Vantaa, Suomi",Kuusikkotie 23a,Vantaa,1380.0,FI,,Kuusikkotie 23a
Päiväkoti Rastila,60.2032891,25.1290712,päiväkoti,Lastentarha,False,False,"Halkaisijanpolku 1, 00980 Helsinki, Suomi",Halkaisijanpolku 1,Helsinki,980.0,FI,,Halkaisijanpolku 1
Päiväkoti Lekstugan,60.2295676,25.0722294,päiväkoti,Päiväkoti,False,False,"Karpalopolku 4, 00940 Helsinki, Suomi",Karpalopolku 4,Helsinki,940.0,FI,,Karpalopolku 4
Päiväkoti Tähdenlento,60.3417044,25.0960298,päiväkoti,Päiväkoti,False,False,"Marsinrinne 4, 01480 Vantaa, Suomi",Marsinrinne 4,Vantaa,1480.0,FI,,Marsinrinne 4
Päiväkoti Kallahti,60.2016147,25.1365105,päiväkoti,Lastentarha,False,False,"Havukuja 6, 00980 Helsinki, Suomi",Havukuja 6,Helsinki,980.0,FI,,Havukuja 6
Nikinmäen päiväkoti,60.3453045,25.1349472,päiväkoti,Lastentarha,False,False,"Perhotie 27, 01490 Vantaa, Suomi",Perhotie 27,Vantaa,1490.0,FI,,Perhotie 27
Norlandia päiväkoti kaisla,60.376754,25.268977,päiväkoti,Päiväkoti,False,False,"04130 Sipoo, Suomi",,Sipoo,4130.0,FI,,
Päiväkoti Kukkaniitty,60.2197332,25.0919744,päiväkoti,Lastentarha,False,False,"Kukkaniityntie 19, 00900 Helsinki, Suomi",Kukkaniityntie 19,Helsinki,900.0,FI,,Kukkaniityntie 19
Näätäpuiston päiväkoti,60.3479779,25.0889892,päiväkoti,Päiväkoti,False,False,"Siilitaival Igelkottsstråten 12, 01450 Vantaa, Suomi",Siilitaival Igelkottsstråten 12,Vantaa,1450.0,FI,,Siilitaival Igelkottsstråten 12
Päiväkoti Kiulukka Oy,60.3310286,25.110336,päiväkoti,Lastenhoitotoimisto,False,False,"Elsantie 11, 01420 Vantaa, Suomi",Elsantie 11,Vantaa,1420.0,FI,,Elsantie 11
Päiväkoti Kuovi,60.231854,25.0747712,päiväkoti,Päiväkoti,False,False,"Karpalopolku 14, 00940 Helsinki, Suomi",Karpalopolku 14,Helsinki,940.0,FI,,Karpalopolku 14
Toukovuoren päiväkoti,60.3789107,25.702241,päiväkoti,Päiväkoti,False,False,"Aurinkomäentie 1, 06150 Porvoo, Suomi",Aurinkomäentie 1,Porvoo,6150.0,FI,,Aurinkomäentie 1
Päiväkoti Alppikylä,60.2593133,25.0682502,päiväkoti,Lastentarha,False,False,"Alppikylänkatu 5, 00770 Helsinki, Suomi",Alppikylänkatu 5,Helsinki,770.0,FI,,Alppikylänkatu 5
Ylä-Haikkoon Päiväkoti,60.3581383,25.6142284,päiväkoti,Lastentarha,False,False,"Marjamäenkatu 4, 06400 Porvoo, Suomi",Marjamäenkatu 4,Porvoo,6400.0,FI,,Marjamäenkatu 4
Ryhmäperhepäiväkoti Säde,60.2392392,25.0666489,päiväkoti,Päiväkoti,False,False,"Varustuksentie 1, 00940 Helsinki, Suomi",Varustuksentie 1,Helsinki,940.0,FI,,Varustuksentie 1
Päivähoito Satumaa Oy,60.49118,25.1017753,päiväkoti,Päiväkoti,False,False,"Ohratie, 04400 Järvenpää, Suomi",Ohratie,Järvenpää,4400.0,FI,,Ohratie
Päiväkoti Karpalo,60.5308803,25.599743,päiväkoti,Päiväkoti,False,False,"Askolantie 26, 07500 Askola, Suomi",Askolantie 26,Askola,7500.0,FI,,Askolantie 26
Kimokujan Päiväkoti,60.2773004,25.1031489,päiväkoti,Koulu,False,False,"Kimokuja 5, 01200 Vantaa, Suomi",Kimokuja 5,Vantaa,1200.0,FI,,Kimokuja 5
Spurttis,60.3731845,25.6327344,päiväkoti,Päiväkoti,False,False,"Keskusaukio 2, 06400 Porvoo, Suomi",Keskusaukio 2,Porvoo,6400.0,FI,,Keskusaukio 2
Nikkilän sydämen päiväkoti Pikkusydän,60.3739989,25.2626509,päiväkoti,Päiväkoti,False,False,"Suursuonkuja 1, 04130 Sipoo, Suomi",Suursuonkuja 1,Sipoo,4130.0,FI,,Suursuonkuja 1
Kurpanharjun Päiväkoti,61.1877814,25.9847686,päiväkoti,Päiväkoti,False,False,"Lähteenpolku 3, 18100 Heinola, Suomi",Lähteenpolku 3,Heinola,18100.0,FI,,Lähteenpolku 3
Omenatarhan päiväkoti,60.4007599,25.7051152,päiväkoti,Lastentarha,False,False,"Omenatarhantie 2, 06150 Porvoo, Suomi",Omenatarhantie 2,Porvoo,6150.0,FI,,Omenatarhantie 2
Bjurbölen päiväkoti,60.3335228,25.7129695,päiväkoti,Päiväkoti,False,False,"Kråköntie 24, 06200 Porvoo, Suomi",Kråköntie 24,Porvoo,6200.0,FI,,Kråköntie 24
Haikkoontörmän päiväkoti,60.3641973,25.6238471,päiväkoti,Päiväkoti,False,False,"Kevätkukantie 1, 06400 Porvoo, Suomi",Kevätkukantie 1,Porvoo,6400.0,FI,,Kevätkukantie 1
Päiväkoti Ilomäki,60.181058,25.0585623,päiväkoti,Lastentarha,False,False,"Ilomäentie 4, 00840 Helsinki, Suomi",Ilomäentie 4,Helsinki,840.0,FI,,Ilomäentie 4
Tellus-taaperot avoin yhtiö,62.1860624,25.6993912,päiväkoti,Päiväkoti,False,False,"Rantahaka 6, 40530 Jyväskylä, Suomi",Rantahaka 6,Jyväskylä,40530.0,FI,,Rantahaka 6
Päiväkoti Tuorinniemi,60.1869294,25.0378037,päiväkoti,Lastentarha,False,False,"Agnetankuja 4, 00810 Helsinki, Suomi",Agnetankuja 4,Helsinki,810.0,FI,,Agnetankuja 4
Päiväkoti Poiju,60.2099591,25.1458493,päiväkoti,Päiväkoti,False,False,"Vuosaarentie 10, 00980 Helsinki, Suomi",Vuosaarentie 10,Helsinki,980.0,FI,,Vuosaarentie 10
Päiväkoti,62.4133712,25.9587253,päiväkoti,Päiväkoti,False,False,"Laukaantie 14, 41340 Laukaa, Suomi",Laukaantie 14,Laukaa,41340.0,FI,,Laukaantie 14
Päiväkoti Sateenkaari,60.4973333,25.5339323,päiväkoti,Lastentarha,False,False,"Koulutie 1, 07230 Monninkylä, Suomi",Koulutie 1,Monninkylä,7230.0,FI,,Koulutie 1
Ryhmäperhepäiväkoti Kupperiskeikka Oy,62.4044323,25.9455447,päiväkoti,Päiväkoti,False,False,"Kuusikuja 4b, 41340 Laukaa, Suomi",Kuusikuja 4b,Laukaa,41340.0,FI,,Kuusikuja 4b
Päiväkoti Puolukka,60.5303309,25.5999738,päiväkoti,Päiväkoti,False,False,"Lääkärintie 1, Askola, Suomi",Lääkärintie 1,Askola,,FI,,Lääkärintie 1
The Fox Nest,62.2326423,25.6809987,päiväkoti,Päiväkoti,False,False,"Keltinmäentie 17-19 E, 40640 Jyväskylä, Suomi",Keltinmäentie 17-19 E,Jyväskylä,40640.0,FI,,Keltinmäentie 17-19 E
Kotirannan Päiväkotiyhdistys R.y.,60.5016424,25.1513028,päiväkoti,Päiväkoti,False,False,"Haarajoenkatu 19, 04480 Järvenpää, Suomi",Haarajoenkatu 19,Järvenpää,4480.0,FI,,Haarajoenkatu 19
Päiväkoti Tammenterho,60.5516558,25.6926615,päiväkoti,Päiväkoti,False,False,"Juornaankyläntie 59, 07580 Tiilää, Suomi",Juornaankyläntie 59,Tiilää,7580.0,FI,,Juornaankyläntie 59
Steinerpäiväkoti Pikku-Otava,62.2889804,25.7107068,päiväkoti,Päiväkoti,False,False,"Korppumäentie 1 A, 40270 Jyväskylä, Suomi",Korppumäentie 1 A,Jyväskylä,40270.0,FI,,Korppumäentie 1 A
Päiväkoti Nuppula,61.0845885,26.147714,päiväkoti,Päiväkoti,False,False,"Vuolenkoskentie 1296, 19160 HUUTOTÖYRY, Suomi",Vuolenkoskentie 1296,HUUTOTÖYRY,19160.0,FI,,Vuolenkoskentie 1296
Pilke Meritähti,62.2203503,25.76298,päiväkoti,Päiväkoti,False,False,"Toritie 24, 40520 Jyväskylä, Suomi",Toritie 24,Jyväskylä,40520.0,FI,,Toritie 24
Kultalakin päiväkoti,62.2296087,25.6770328,päiväkoti,Koulu,False,False,"Keltinmäentie 11 B, 40640 Jyväskylä, Suomi",Keltinmäentie 11 B,Jyväskylä,40640.0,FI,,Keltinmäentie 11 B
Säynätsalon päiväkoti-koulu,62.1416076,25.7677942,päiväkoti,Koulu,False,False,"Sahurinpolku 2, 40900 Säynätsalo, Suomi",Sahurinpolku 2,Säynätsalo,40900.0,FI,,Sahurinpolku 2
Steinerpäiväkoti Tähtitarha,62.2369496,25.6983451,päiväkoti,Päiväkoti,False,False,"Kypärätie 37, 40630 Jyväskylä, Suomi",Kypärätie 37,Jyväskylä,40630.0,FI,,Kypärätie 37
Pikkutikka,62.3926221,25.6362132,päiväkoti,Päiväkoti,False,False,"Koulukatu 8, 41160 Jyväskylä, Suomi",Koulukatu 8,Jyväskylä,41160.0,FI,,Koulukatu 8
musiikkipäiväkoti priimi,62.244991,25.8620137,päiväkoti,Päiväkoti,False,False,"Harjutie 5, 40800 Jyväskylä, Suomi",Harjutie 5,Jyväskylä,40800.0,FI,,Harjutie 5
Pappilanvuoren päiväkoti,62.2918209,25.7468146,päiväkoti,Lastentarha,False,False,"Koppelonpolku 2, 40270 Jyväskylä, Suomi",Koppelonpolku 2,Jyväskylä,40270.0,FI,,Koppelonpolku 2
Äijälän Päiväkoti,62.5247869,26.0512429,päiväkoti,Päiväkoti,False,False,"Nurmelantie 4, 41390 Laukaa, Suomi",Nurmelantie 4,Laukaa,41390.0,FI,,Nurmelantie 4
Linnan päiväkoti,62.2515223,25.8785395,päiväkoti,Lastentarha,False,False,"Linnantie 1, 40800 Jyväskylä, Suomi",Linnantie 1,Jyväskylä,40800.0,FI,,Linnantie 1
Päiväkoti Tarulinna,63.2430393,26.7463484,päiväkoti,Päiväkoti,False,False,"Kontiotie 7, 72400 Pielavesi, Suomi",Kontiotie 7,Pielavesi,72400.0,FI,,Kontiotie 7
Muksumäki perhepäivähoito,63.0819521,25.858174,päiväkoti,Perhepäivähoito,False,False,"Työväentalontie 13, 44500 Viitasaari, Suomi",Työväentalontie 13,Viitasaari,44500.0,FI,,Työväentalontie 13
Puijonlaakson päiväkoti,62.9037654,27.638992,päiväkoti,Päiväkoti,False,False,"Sammakkolammentie 16, 70200 Kuopio, Suomi",Sammakkolammentie 16,Kuopio,70200.0,FI,,Sammakkolammentie 16
Rauhalahden päiväkoti,62.8682876,27.6331153,päiväkoti,Päiväkoti,False,False,"Katiskaniementie 2, 70700 Kuopio, Suomi",Katiskaniementie 2,Kuopio,70700.0,FI,,Katiskaniementie 2
Pölläkänlahden päiväkoti,62.8368767,27.6721027,päiväkoti,Päiväkoti,False,False,"Lehtoniementie 15, 70840 Kuopio, Suomi",Lehtoniementie 15,Kuopio,70840.0,FI,,Lehtoniementie 15
Leppäkaarteen Päiväkoti,63.0695806,27.6872415,päiväkoti,Päiväkoti,False,False,"Leppäkaarteentie 29, 71850 Siilinjärvi, Suomi",Leppäkaarteentie 29,Siilinjärvi,71850.0,FI,,Leppäkaarteentie 29
Lehtoniemen päiväkoti,62.8525499,27.7042503,päiväkoti,Päiväkoti,False,False,"Lehtoniementie 107, 70840 Kuopio, Suomi",Lehtoniementie 107,Kuopio,70840.0,FI,,Lehtoniementie 107
Päiväkoti Pikkusiili,62.9749333,27.7011256,päiväkoti,Päiväkoti,False,False,"Jokiharjuntie, 70910 Vuorela, Suomi",Jokiharjuntie,Vuorela,70910.0,FI,,Jokiharjuntie
Paimenpojan päiväkoti,62.8511348,27.642796,päiväkoti,Päiväkoti,False,False,"Leirikyläntie 3, 70780 Kuopio, Suomi",Leirikyläntie 3,Kuopio,70780.0,FI,,Leirikyläntie 3
Kuoppamäen päiväkoti,62.8338775,27.6637211,päiväkoti,Päiväkoti,False,False,"Nauriskatu 5, 70820 Kuopio, Suomi",Nauriskatu 5,Kuopio,70820.0,FI,,Nauriskatu 5
Uppo-Nallen Päiväkoti,62.8414293,27.6849361,päiväkoti,Päiväkoti,False,False,"Isännäntie 22, 70840 Kuopio, Suomi",Isännäntie 22,Kuopio,70840.0,FI,,Isännäntie 22
Haapaniemen Päiväkoti,62.8822715,27.6727527,päiväkoti,Päiväkoti,False,False,"Tasavallankatu 8, 70620 Kuopio, Suomi",Tasavallankatu 8,Kuopio,70620.0,FI,,Tasavallankatu 8
Kasarminpuiston Päiväkoti,62.8929853,27.6706667,päiväkoti,Päiväkoti,False,False,"Tulliportinkatu 37, 70110 Kuopio, Suomi",Tulliportinkatu 37,Kuopio,70110.0,FI,,Tulliportinkatu 37
Männistön Päiväkoti,62.9012593,27.7076079,päiväkoti,Päiväkoti,False,False,"Lönnrotinkatu 22, 70500 Kuopio, Suomi",Lönnrotinkatu 22,Kuopio,70500.0,FI,,Lönnrotinkatu 22
Toivalan Päiväkoti,62.9874672,27.7244031,päiväkoti,Päiväkoti,False,False,"Pajapolku 6, 70900 Toivala, Suomi",Pajapolku 6,Toivala,70900.0,FI,,Pajapolku 6
Vuorelan Päiväkoti,62.9803853,27.6978566,päiväkoti,Päiväkoti,False,False,"Rinnepolku 1, 70910 Vuorela, Suomi",Rinnepolku 1,Vuorela,70910.0,FI,,Rinnepolku 1
Kelloniemen päiväkoti,62.9155826,27.70599,päiväkoti,Päiväkoti,False,False,"Ankkuritie 9, 70460 Kuopio, Suomi",Ankkuritie 9,Kuopio,70460.0,FI,,Ankkuritie 9
Kaarenhovin päiväkoti,62.8401015,27.6376522,päiväkoti,Päiväkoti,False,False,"Länsikatu 2, 70820 Kuopio, Suomi",Länsikatu 2,Kuopio,70820.0,FI,,Länsikatu 2
Sinikellon päiväkoti,62.8999229,27.6482927,päiväkoti,Päiväkoti,False,False,"Taivaanpankontie 4, 70200 Kuopio, Suomi",Taivaanpankontie 4,Kuopio,70200.0,FI,,Taivaanpankontie 4
Päiväkoti Satelliitti,64.8124665,25.9727377,päiväkoti,Päiväkoti,False,False,"Sammontie 4, 91500 Muhos, Suomi",Sammontie 4,Muhos,91500.0,FI,,Sammontie 4
Jynkänvuoren Päiväkoti,62.8415,27.6856273,päiväkoti,Päiväkoti,False,False,"Isännäntie 22, 70820 Kuopio, Suomi",Isännäntie 22,Kuopio,70820.0,FI,,Isännäntie 22
Valkeisenmäen Päiväkoti,62.6225866,27.1095193,päiväkoti,Päiväkoti,False,False,"Töyrykatu 1, 77600 Suonenjoki, Suomi",Töyrykatu 1,Suonenjoki,77600.0,FI,,Töyrykatu 1
Pilke Päiväkodit Oy,62.8350789,27.6643753,päiväkoti,Päiväkoti,False,False,"Retiisikatu 1, 70820 Kuopio, Suomi",Retiisikatu 1,Kuopio,70820.0,FI,,Retiisikatu 1
Tukkipojan Päiväkoti,62.8838214,27.6106394,päiväkoti,Päiväkoti,False,False,"Juontotie 8, 70150 Kuopio, Suomi",Juontotie 8,Kuopio,70150.0,FI,,Juontotie 8
Länsi-Puijon päiväkoti,62.9153751,27.6338486,päiväkoti,Päiväkoti,False,False,"Suurmäentie 228, 70280 Kuopio, Suomi",Suurmäentie 228,Kuopio,70280.0,FI,,Suurmäentie 228
"Päiväkoti Norlandia Pouta, Norlandia Päiväkodit Oy",62.9254541,27.6281312,päiväkoti,Päiväkoti,False,False,"Koivuahonpolku 2, 70260 Kuopio, Suomi",Koivuahonpolku 2,Kuopio,70260.0,FI,,Koivuahonpolku 2
Maunolanmäen päiväkoti,62.8344203,27.6229407,päiväkoti,Päiväkoti,False,False,"Huuhkajankuja 3, 70820 Kuopio, Suomi",Huuhkajankuja 3,Kuopio,70820.0,FI,,Huuhkajankuja 3
Päiväkoti Kätzlein,62.2987614,27.1477467,päiväkoti,Päiväkoti,False,False,"Kalevalankatu 38, 76100 Pieksämäki, Suomi",Kalevalankatu 38,Pieksämäki,76100.0,FI,,Kalevalankatu 38
Niiralan päiväkoti,62.8910325,27.6532572,päiväkoti,Päiväkoti,False,False,"Huuhankatu 25, 70600 Kuopio, Suomi",Huuhankatu 25,Kuopio,70600.0,FI,,Huuhankatu 25
Pilke Loimu,64.8433394,25.4730329,päiväkoti,Päiväkoti,False,False,"Saunarannantie 2, 91910 Liminka, Suomi",Saunarannantie 2,Liminka,91910.0,FI,,Saunarannantie 2
Honkasen päiväkoti,64.9026947,25.5455304,päiväkoti,Lastentarha,False,False,"Honkasentie 11, 90450 Kempele, Suomi",Honkasentie 11,Kempele,90450.0,FI,,Honkasentie 11
Utsjoen päiväkoti,69.8932052,27.0133938,päiväkoti,Päiväkoti,False,False,"99980 Utsjoki, Suomi",,Utsjoki,99980.0,FI,,
Pilke liikuntapäiväkoti Taikapomppu,60.190844,25.0346084,päiväkoti,Päiväkoti,False,False,"Laivalahdenkaari 5, 00810 Helsinki, Suomi",Laivalahdenkaari 5,Helsinki,810.0,FI,,Laivalahdenkaari 5
Kultapalat Oy,60.2828115,25.6157764,päiväkoti,Perhepäivähoito,False,False,"Orrbynlahdentie 18, 06950 Emäsalo, Suomi",Orrbynlahdentie 18,Emäsalo,6950.0,FI,,Orrbynlahdentie 18
Pilke liikuntapäiväkoti Söderkulla,60.307789,25.3385526,päiväkoti,Päiväkoti,False,False,"Tasbyntie 22, 01150 Sipoo, Suomi",Tasbyntie 22,Sipoo,1150.0,FI,,Tasbyntie 22
Garantiföreningen för Kuus daghem rf,60.3009442,25.2932887,päiväkoti,Päiväkoti,False,False,"Kuusintie 17, 01150 Söderkulla, Suomi",Kuusintie 17,Söderkulla,1150.0,FI,,Kuusintie 17
Koskenkylän päiväkoti,60.4967975,25.9381363,päiväkoti,Päiväkoti,False,False,"Koskenkylän Saha, Vanha Viipurintie 2, 07700 Loviisa, Suomi","Koskenkylän Saha, Vanha Viipurintie 2",Loviisa,7700.0,FI,,"Koskenkylän Saha, Vanha Viipurintie 2"
Päiväkoti Bambi,60.5021717,25.9323563,päiväkoti,Päiväkoti,False,False,"Suurpellontie, 07700 Loviisa, Suomi",Suurpellontie,Loviisa,7700.0,FI,,Suurpellontie
Västerskogin Päiväkoti,60.2746896,25.28241,päiväkoti,Päiväkoti,False,True,"Vesterängintie 24, 01120 Sipoo, Suomi",Vesterängintie 24,Sipoo,1120.0,FI,,Vesterängintie 24
Myrskylän kunta päiväkoti Helmitarha,60.6657032,25.8460572,päiväkoti,Päiväkoti,False,False,"Koivistontie 1, 07600 Myrskylä, Suomi",Koivistontie 1,Myrskylä,7600.0,FI,,Koivistontie 1
Päiväkoti Keinula,61.5086658,26.4771207,päiväkoti,Päiväkoti,False,False,"Kuntotie 3, 19430 Pertunmaa, Suomi",Kuntotie 3,Pertunmaa,19430.0,FI,,Kuntotie 3
"Hartolan kunta, Ryhmäperhepäiväkoti Onnimanni",61.5829376,26.0191425,päiväkoti,Päiväkoti,False,False,"Tornitie 14, 19600 Hartola, Suomi",Tornitie 14,Hartola,19600.0,FI,,Tornitie 14
Vuojalahden päiväkoti,61.9655283,26.7981085,päiväkoti,Päiväkoti,False,False,"Vuojalahdentie 16, 51440 Kangasniemi, Suomi",Vuojalahdentie 16,Kangasniemi,51440.0,FI,,Vuojalahdentie 16
Kalliolan päiväkoti,61.9922046,26.6492523,päiväkoti,Päiväkoti,False,False,"Kalliolantie 5, 51200 Kangasniemi, Suomi",Kalliolantie 5,Kangasniemi,51200.0,FI,,Kalliolantie 5
Vehniän Koulu,62.439841,25.6808147,päiväkoti,Alakoulu,False,False,"Vehniän kylätie 166, 41180 Vehniä, Suomi",Vehniän kylätie 166,Vehniä,41180.0,FI,,Vehniän kylätie 166
Otavan päiväkoti,61.6347908,27.0754047,päiväkoti,Päiväkoti,False,False,"Vanha Otavantie 112B, 50670 Mikkeli, Suomi",Vanha Otavantie 112B,Mikkeli,50670.0,FI,,Vanha Otavantie 112B
Päiväkoti Tuike Oy,63.5597129,27.1984281,päiväkoti,Päiväkoti,False,False,"Eteläinen puistoraitti 2, 74100 Iisalmi, Suomi",Eteläinen puistoraitti 2,Iisalmi,74100.0,FI,,Eteläinen puistoraitti 2
Keisarintien päiväkoti,64.7637913,26.4168204,päiväkoti,Päiväkoti,False,False,"Kirkkotie 36, 91600 Utajärvi, Suomi",Kirkkotie 36,Utajärvi,91600.0,FI,,Kirkkotie 36
Päivärinteen päiväkoti,64.8820645,25.8710852,päiväkoti,Lastentarha,False,False,"Koulutie 2, 91410 Muhos, Suomi",Koulutie 2,Muhos,91410.0,FI,,Koulutie 2
Ylikylän Päiväkoti Ja Koulu,64.8999379,25.5486012,päiväkoti,Koulu,False,False,"Pekurintie 13, 90450 Kempele, Suomi",Pekurintie 13,Kempele,90450.0,FI,,Pekurintie 13
Pilke Soittajankangas,65.0029821,25.5926232,päiväkoti,Päiväkoti,False,False,"Soittajanlenkki 17, 90670 Oulu, Suomi",Soittajanlenkki 17,Oulu,90670.0,FI,,Soittajanlenkki 17
Pilke musiikkipäiväkoti Taikakuu,60.2315378,25.0586323,päiväkoti,Päiväkoti,False,False,"Kivikonkaari 38 C, 00940 Helsinki, Suomi",Kivikonkaari 38 C,Helsinki,940.0,FI,,Kivikonkaari 38 C
PEP - Porvoon Englanninkielinen Päiväkoti,60.3925484,25.6714028,päiväkoti,Lastentarha,False,False,"Aleksanterinkatu 24, 06100 Porvoo, Suomi",Aleksanterinkatu 24,Porvoo,6100.0,FI,,Aleksanterinkatu 24
Villähteen Päiväkoti,60.9506625,25.8408075,päiväkoti,Koulu,False,False,"Kalevantie 1, 15540 Villähde, Suomi",Kalevantie 1,Villähde,15540.0,FI,,Kalevantie 1
Pennalan päiväkoti,60.8983605,25.7136541,päiväkoti,Koulu,False,False,"Lankilantie 88, 16320 Pennala, Suomi",Lankilantie 88,Pennala,16320.0,FI,,Lankilantie 88
"Kultapalat perhepäivähoitaja, Jenni-Mari Bergman",60.3825517,25.7074167,päiväkoti,Perhepäivähoito,False,False,"Karhitie 4, 06150 Porvoo, Suomi",Karhitie 4,Porvoo,6150.0,FI,,Karhitie 4
Vieremän kunta Päiväkoti Nuppula,63.7413515,27.0096044,päiväkoti,Päiväkoti,False,False,"Härköniementie 16, 74200 Vieremä, Suomi",Härköniementie 16,Vieremä,74200.0,FI,,Härköniementie 16
Koivulehdon päiväkoti,64.8037881,25.9943218,päiväkoti,Lastentarha,False,False,"Tehtaantie 2, 91500 Muhos, Suomi",Tehtaantie 2,Muhos,91500.0,FI,,Tehtaantie 2
Vanamon päiväkoti,64.2369617,27.7452334,päiväkoti,Päiväkoti,False,False,"Kaplaskuja 3, 87250 Kajaani, Suomi",Kaplaskuja 3,Kajaani,87250.0,FI,,Kaplaskuja 3
Pilke Lounatuuli,66.7114715,27.4314326,päiväkoti,Päiväkoti,False,False,"Jääsköntie 4, 98100 Kemijärvi, Suomi",Jääsköntie 4,Kemijärvi,98100.0,FI,,Jääsköntie 4
Valkon päiväkoti,60.4054408,26.2445203,päiväkoti,Päiväkoti,False,False,"Valkolammentie 29, 07910 Valko, Suomi",Valkolammentie 29,Valko,7910.0,FI,,Valkolammentie 29
Päiväkoti Pikku-Vieteri,60.8894747,26.3611902,päiväkoti,Päiväkoti,False,False,"Hiihtäjänkaari 2, 47400 Iitti, Suomi",Hiihtäjänkaari 2,Iitti,47400.0,FI,,Hiihtäjänkaari 2
Seurakunnan perhekerho Pönttö,60.4584779,26.2233521,päiväkoti,Päiväkoti,False,False,"Aleksanterinkatu 11, 07900 Loviisa, Suomi",Aleksanterinkatu 11,Loviisa,7900.0,FI,,Aleksanterinkatu 11
Killingin Päiväkoti,60.9070449,26.6143849,päiväkoti,Päiväkoti,False,False,"Killingintie 6, 45700 Kouvola, Suomi",Killingintie 6,Kouvola,45700.0,FI,,Killingintie 6
Rauhalan päiväkoti,60.4470324,26.2179199,päiväkoti,Päiväkoti,False,False,"Rauhalantie 46, 07900 Loviisa, Suomi",Rauhalantie 46,Loviisa,7900.0,FI,,Rauhalantie 46
Ruukin päiväkoti,60.5219178,26.4624758,päiväkoti,Päiväkoti,False,False,"Koulutie 4, 07970 Loviisa, Suomi",Koulutie 4,Loviisa,7970.0,FI,,Koulutie 4
Lehvätien päiväkoti,60.842428,26.6019606,päiväkoti,Päiväkoti,False,False,"Lehvätie 4, 45610 Kouvola, Suomi",Lehvätie 4,Kouvola,45610.0,FI,,Lehvätie 4
"Kultapalat perhepäivähoitaja, Heidi-Mari Kristén",60.4058747,25.668612,päiväkoti,Perhepäivähoito,False,False,"Tapani Löfvingin katu 10-14, 06100 Porvoo, Suomi",Tapani Löfvingin katu 10-14,Porvoo,6100.0,FI,,Tapani Löfvingin katu 10-14
Määrlahden päiväkoti,60.4604361,26.2434361,päiväkoti,Päiväkoti,False,False,"Nordenskiöldintie 1, 07900 Loviisa, Suomi",Nordenskiöldintie 1,Loviisa,7900.0,FI,,Nordenskiöldintie 1
Peltohiiren Päiväkoti,60.8909197,26.3404368,päiväkoti,Päiväkoti,False,False,"Kausansaarentie 5, 47400 Kausala, Suomi",Kausansaarentie 5,Kausala,47400.0,FI,,Kausansaarentie 5
Peippolan päiväkoti,60.7212171,26.4677611,päiväkoti,Lastentarha,False,False,"Meijeritie 4, 47200 Elimäki, Suomi",Meijeritie 4,Elimäki,47200.0,FI,,Meijeritie 4
Hembackan päiväkoti,60.5757101,26.0533058,päiväkoti,Lastentarha,False,False,"Backgärdantie 1, 07880 Liljendal, Suomi",Backgärdantie 1,Liljendal,7880.0,FI,,Backgärdantie 1
"Kultapalat perhepäivähoitaja, Pirjo Hienonen",60.4101935,25.6491348,päiväkoti,Perhepäivähoito,False,False,"Mesimarjapolku 10, 06100 Porvoo, Suomi",Mesimarjapolku 10,Porvoo,6100.0,FI,,Mesimarjapolku 10
Tesjoen päiväkoti,60.4737721,26.3159556,päiväkoti,Päiväkoti,False,False,"Tavastantie 12, 07955 Tesjoki, Suomi",Tavastantie 12,Tesjoki,7955.0,FI,,Tavastantie 12
Päiväkoti Kanttarelli,60.8965816,26.3419694,päiväkoti,Lastentarha,False,False,"Iitintie 29, 47400 Kausala, Suomi",Iitintie 29,Kausala,47400.0,FI,,Iitintie 29
Ekholmin Päiväkoti,60.9093378,26.6368522,päiväkoti,Päiväkoti,False,False,"Mustanojankuja 3, 45700 Kouvola, Suomi",Mustanojankuja 3,Kouvola,45700.0,FI,,Mustanojankuja 3
Maunukselan päiväkoti,60.9048237,26.6095367,päiväkoti,Päiväkoti,False,False,"Kuntalantie 9, 45700 Kouvola, Suomi",Kuntalantie 9,Kouvola,45700.0,FI,,Kuntalantie 9
Niskalan päiväkoti,60.8999749,26.6236545,päiväkoti,Päiväkoti,False,False,"Varppitie 1, 45700 Kouvola, Suomi",Varppitie 1,Kouvola,45700.0,FI,,Varppitie 1
Nurmilinnun päiväkoti,60.8672686,26.6862356,päiväkoti,Päiväkoti,False,False,"Pajaraitti 10, 45100 Kouvola, Suomi",Pajaraitti 10,Kouvola,45100.0,FI,,Pajaraitti 10
Mäkikylän Päiväkotiyhdistys ry - Mäkikylän päiväkoti,60.895474,26.5919119,päiväkoti,Päiväkoti,False,False,"Vanhainkodintie 12, 45740 Kouvola, Suomi",Vanhainkodintie 12,Kouvola,45740.0,FI,,Vanhainkodintie 12
Päiväkoti Touhula Merivirta,60.8605339,26.7224937,päiväkoti,Päiväkoti,False,False,"Toukomiehentie 3, 45120 Kouvola, Suomi",Toukomiehentie 3,Kouvola,45120.0,FI,,Toukomiehentie 3
Keskustan päiväkoti,60.8705409,26.7154817,päiväkoti,Päiväkoti,False,False,"Salpausselänkatu 52, 45100 Kouvola, Suomi",Salpausselänkatu 52,Kouvola,45100.0,FI,,Salpausselänkatu 52
Käpylän päiväkoti,60.8722568,26.7295288,päiväkoti,Päiväkoti,False,False,"Käpylänkatu 30 C, 45200 Kouvola, Suomi",Käpylänkatu 30 C,Kouvola,45200.0,FI,,Käpylänkatu 30 C
"Päiväkoti Norlandia Aurinkopoika, Norlandia Päiväkodit Oy",60.8760341,26.7264801,päiväkoti,Päiväkoti,False,False,"Suutarinpolku 1, 45200 Kouvola, Suomi",Suutarinpolku 1,Kouvola,45200.0,FI,,Suutarinpolku 1
Päiväkoti Touhula Merituuli,60.8607788,26.7233027,päiväkoti,Päiväkoti,False,False,"Toukomiehentie 5, 45120 Kouvola, Suomi",Toukomiehentie 5,Kouvola,45120.0,FI,,Toukomiehentie 5
Mäkikylän päiväkotiyhdistys ry - Sairaalamäen päiväkoti,60.9153678,26.6232201,päiväkoti,Päiväkoti,False,False,"Sairaalankuja 3A, 45750 Kouvola, Suomi",Sairaalankuja 3A,Kouvola,45750.0,FI,,Sairaalankuja 3A
Jaakonpuiston päiväkoti,60.8697836,26.7135476,päiväkoti,Päiväkoti,False,False,"Kalevankatu 7, 45100 Kouvola, Suomi",Kalevankatu 7,Kouvola,45100.0,FI,,Kalevankatu 7
Ryhmäperhepäivähoito Kuuttila,61.4203354,26.3971184,päiväkoti,Päiväkoti,False,False,"Kauppatie 2, 19410 Kuortti, Suomi",Kauppatie 2,Kuortti,19410.0,FI,,Kauppatie 2
Mielakan Päiväkoti,60.8599837,26.7471694,päiväkoti,Päiväkoti,False,False,"Mielakanrinteentie 3, 45120 Kouvola, Suomi",Mielakanrinteentie 3,Kouvola,45120.0,FI,,Mielakanrinteentie 3
Haanojan päiväkoti,60.8513832,26.7061195,päiväkoti,Päiväkoti,False,False,"Tasankotie 6, 45150 Kouvola, Suomi",Tasankotie 6,Kouvola,45150.0,FI,,Tasankotie 6
Voikkaan päiväkoti,60.9431597,26.6227385,päiväkoti,Päiväkoti,False,False,"Santatie 6, 45910 Kouvola, Suomi",Santatie 6,Kouvola,45910.0,FI,,Santatie 6
Päiväkoti Smile,60.873075,26.7353794,päiväkoti,Päiväkoti,False,False,"Utinkatu 43, 45200 Kouvola, Suomi",Utinkatu 43,Kouvola,45200.0,FI,,Utinkatu 43
Haanojan uusi päiväkoti,60.8516683,26.7066679,päiväkoti,Päiväkoti,False,False,"Tasankotie 9, 45150 Kouvola, Suomi",Tasankotie 9,Kouvola,45150.0,FI,,Tasankotie 9
"Päiväkoti Norlandia Pihlaja, Norlandia Päiväkodit Oy",60.7689747,26.7848902,päiväkoti,Päiväkoti,False,False,"Pappilantie 10, 46800 Kouvola, Suomi",Pappilantie 10,Kouvola,46800.0,FI,,Pappilantie 10
"Päiväkoti Norlandia Palokangas, Norlandia Päiväkodit Oy",60.8771884,26.7362616,päiväkoti,Päiväkoti,False,False,"Palokankaantie 1, 45200 Kouvola, Suomi",Palokankaantie 1,Kouvola,45200.0,FI,,Palokankaantie 1
Kymintehtaan päiväkoti,60.8980693,26.6494654,päiväkoti,Päiväkoti,False,False,"Seimentie 9, 45720 Kouvola, Suomi",Seimentie 9,Kouvola,45720.0,FI,,Seimentie 9
Pilke musiikkipäiväkoti Vipinä,63.5582186,27.2271503,päiväkoti,Päiväkoti,False,False,"Pöllösenlahdenkatu 23, 74130 Iisalmi, Suomi",Pöllösenlahdenkatu 23,Iisalmi,74130.0,FI,,Pöllösenlahdenkatu 23
Vuolijoen päiväkoti,64.1836847,26.9945233,päiväkoti,Päiväkoti,False,False,"Kumparetie 6, 88270 Kajaani, Suomi",Kumparetie 6,Kajaani,88270.0,FI,,Kumparetie 6
Lehtikankaan päiväkoti,64.2069825,27.7365757,päiväkoti,Päiväkoti,False,False,"Rinnekatu 2 A, 87500 Kajaani, Suomi",Rinnekatu 2 A,Kajaani,87500.0,FI,,Rinnekatu 2 A
Teppanan päiväkoti,64.2289308,27.7424932,päiväkoti,Päiväkoti,False,False,"Eliaksentie 1A, 87200 Kajaani, Suomi",Eliaksentie 1A,Kajaani,87200.0,FI,,Eliaksentie 1A
Päiväkoti Karuselli,64.2420494,27.7133944,päiväkoti,Päiväkoti,False,False,"Niilonkatu 4, 87100 Kajaani, Suomi",Niilonkatu 4,Kajaani,87100.0,FI,,Niilonkatu 4
Päiväkoti Pikku-Vesainen,65.0352585,26.0350952,päiväkoti,Päiväkoti,False,False,"Aittokoskentie 14, 91300 Oulu, Suomi",Aittokoskentie 14,Oulu,91300.0,FI,,Aittokoskentie 14
Pikku-Paavalin päiväkoti,65.3600083,27.0005349,päiväkoti,Päiväkoti,False,False,"Puistotie 1, 93100 Pudasjärvi, Suomi",Puistotie 1,Pudasjärvi,93100.0,FI,,Puistotie 1
mustikka ja puolukka,65.924441,26.5147053,päiväkoti,Päiväkoti,False,False,"97700 Ranua, Suomi",,Ranua,,FI,,
Pilke Pikkukiulu,65.0292587,25.5731983,päiväkoti,Päiväkoti,False,False,"Kiulukankaantie 18, 90630 Oulu, Suomi",Kiulukankaantie 18,Oulu,90630.0,FI,,Kiulukankaantie 18
Pilke Kanttarelli,65.0296039,25.5414575,päiväkoti,Päiväkoti,False,False,"Kangasrouskuntie 36, 90650 Oulu, Suomi",Kangasrouskuntie 36,Oulu,90650.0,FI,,Kangasrouskuntie 36
Päiväkoti Menninkäinen,64.2193461,27.6679955,päiväkoti,Päiväkoti,False,False,"Kotipolku 3, 87700 Kajaani, Suomi",Kotipolku 3,Kajaani,87700.0,FI,,Kotipolku 3
Jyvälänpuiston päiväkoti,66.7096377,27.4262692,päiväkoti,Päiväkoti,False,False,"Värjärintie 4, 98100 Kemijärvi, Suomi",Värjärintie 4,Kemijärvi,98100.0,FI,,Värjärintie 4
Silvastin päiväkoti,61.6439937,27.2536848,päiväkoti,Päiväkoti,False,False,"Haahkalantie 20, 50500 Mikkeli, Suomi",Haahkalantie 20,Mikkeli,50500.0,FI,,Haahkalantie 20
Päiväkoti Orikon Helmi,61.668196,27.2160025,päiväkoti,Päiväkoti,False,False,"Karilantie 12, 50600 Mikkeli, Suomi",Karilantie 12,Mikkeli,50600.0,FI,,Karilantie 12
Päiväkoti Naavametsä,61.6981404,27.2826642,päiväkoti,Päiväkoti,False,False,"Ratamonkatu 7, 50100 Mikkeli, Suomi",Ratamonkatu 7,Mikkeli,50100.0,FI,,Ratamonkatu 7
Lehmuskylän Päiväkoti,61.6877563,27.2327215,päiväkoti,Lastentarha,False,False,"Poppelitie 31, 50130 Mikkeli, Suomi",Poppelitie 31,Mikkeli,50130.0,FI,,Poppelitie 31
Päiväkoti enkku,61.6939295,27.2693216,päiväkoti,Lastentarha,False,False,"Päämajankatu 18, 50100 Mikkeli, Suomi",Päämajankatu 18,Mikkeli,50100.0,FI,,Päämajankatu 18
Nuorgamin perhepäiväkoti,70.0820739,27.8689103,päiväkoti,Päiväkoti,False,False,"Herrankuru 10, 99990 Nuorgam, Suomi",Herrankuru 10,Nuorgam,99990.0,FI,,Herrankuru 10
Peitsarin Päiväkoti,61.7005927,27.300673,päiväkoti,Lastentarha,False,False,"Peitsarinkuja 8, 50170 Mikkeli, Suomi",Peitsarinkuja 8,Mikkeli,50170.0,FI,,Peitsarinkuja 8
Päiväkoti Kilikello,61.3282227,27.4487202,päiväkoti,Päiväkoti,False,False,"Venttiväylä 2, 52830 Mikkeli, Suomi",Venttiväylä 2,Mikkeli,52830.0,FI,,Venttiväylä 2
Norpanhovin päiväkoti,61.5833714,27.6471987,päiväkoti,Päiväkoti,False,False,"Mikkelintie 39, 52100 Mikkeli, Suomi",Mikkelintie 39,Mikkeli,52100.0,FI,,Mikkelintie 39
Oravanpesän päiväkoti,61.7138499,27.3088641,päiväkoti,Päiväkoti,False,False,"Oravinharjuntie 5B, 50170 Mikkeli, Suomi",Oravinharjuntie 5B,Mikkeli,50170.0,FI,,Oravinharjuntie 5B
Launialan päiväkoti,61.6941563,27.3133865,päiväkoti,Päiväkoti,False,False,"Peurankatu 3, 50190 Mikkeli, Suomi",Peurankatu 3,Mikkeli,50190.0,FI,,Peurankatu 3
Saksalan päiväkoti,61.6925118,27.2860786,päiväkoti,Päiväkoti,False,False,"Parraskuja 2, 50170 Mikkeli, Suomi",Parraskuja 2,Mikkeli,50170.0,FI,,Parraskuja 2
Utsjoen päiväkoti,69.897563,27.0143428,päiväkoti,Päiväkoti,False,False,"Utsjoentie, 99980 Utsjoki, Suomi",Utsjoentie,Utsjoki,99980.0,FI,,Utsjoentie
Päiväkoti Touhula Huusharju,61.7047882,27.3467464,päiväkoti,Päiväkoti,False,False,"Huusharjunrinne 3, 50180 Mikkeli, Suomi",Huusharjunrinne 3,Mikkeli,50180.0,FI,,Huusharjunrinne 3
Rantakylän päiväkoti,61.6779008,27.2014717,päiväkoti,Päiväkoti,False,False,"Vanhamäentie 2a, 50600 Mikkeli, Suomi",Vanhamäentie 2a,Mikkeli,50600.0,FI,,Vanhamäentie 2a
Emolan Päiväkoti,61.7005168,27.2719209,päiväkoti,Päiväkoti,False,False,"Rouhialankatu 37, 50100 Mikkeli, Suomi",Rouhialankatu 37,Mikkeli,50100.0,FI,,Rouhialankatu 37
Lähemäen päiväkoti,61.6981492,27.2914049,päiväkoti,Päiväkoti,False,False,"Lähemäenkatu 4A, 50170 Mikkeli, Suomi",Lähemäenkatu 4A,Mikkeli,50170.0,FI,,Lähemäenkatu 4A
Kyyhkylän päiväkoti,61.6331128,27.2854712,päiväkoti,Päiväkoti,False,False,"Kyyhkyläntie 3, 50100 Mikkeli, Suomi",Kyyhkyläntie 3,Mikkeli,50100.0,FI,,Kyyhkyläntie 3
Kalevankankaan päiväkoti,61.6993557,27.2492626,päiväkoti,Päiväkoti,False,False,"Raviradantie 18, 50100 Mikkeli, Suomi",Raviradantie 18,Mikkeli,50100.0,FI,,Raviradantie 18
Ristiinan päiväkoti,61.5022361,27.2654267,päiväkoti,Päiväkoti,False,False,"Brahentie 54, 52300 Mikkeli, Suomi",Brahentie 54,Mikkeli,52300.0,FI,,Brahentie 54
Päiväkoti Touhula Lippulaiva,61.6821632,27.1803989,päiväkoti,Päiväkoti,False,False,"Ylännetie 10, 50600 Mikkeli, Suomi",Ylännetie 10,Mikkeli,50600.0,FI,,Ylännetie 10
Naisvuoren päiväkoti,61.6931574,27.2690135,päiväkoti,Päiväkoti,False,False,"Päämajankatu 14, 50100 Mikkeli, Suomi",Päämajankatu 14,Mikkeli,50100.0,FI,,Päämajankatu 14
Kaarisillan päiväkoti,61.7076771,27.2862832,päiväkoti,Päiväkoti,False,False,"Maahisentaival 3, 50100 Mikkeli, Suomi",Maahisentaival 3,Mikkeli,50100.0,FI,,Maahisentaival 3
Päiväkoti Vilijonkka,61.680717,27.1944449,päiväkoti,Päiväkoti,False,False,"Teknikontie 1, 50600 Mikkeli, Suomi",Teknikontie 1,Mikkeli,50600.0,FI,,Teknikontie 1
Vuoropäiväkoti Omppu,61.6421254,26.7937616,päiväkoti,Päiväkoti,False,False,"Haapaniementie 17, 52550 Hirvensalmi, Suomi",Haapaniementie 17,Hirvensalmi,52550.0,FI,,Haapaniementie 17
Tuukkalan päiväkoti,61.6590822,27.2671026,päiväkoti,Koulu,False,False,"Laajatie 26, 50500 Mikkeli, Suomi",Laajatie 26,Mikkeli,50500.0,FI,,Laajatie 26
Päiväkoti Rölli,61.7054691,27.282313,päiväkoti,Päiväkoti,False,False,"Röllinpolku 2, 50970 Mikkeli, Suomi",Röllinpolku 2,Mikkeli,50970.0,FI,,Röllinpolku 2
Nuppulan päiväkoti,62.0195155,27.2086631,päiväkoti,Päiväkoti,False,False,"Keskustie 50, 51600 Mikkeli, Suomi",Keskustie 50,Mikkeli,51600.0,FI,,Keskustie 50
Päiväkoti Muksula,61.6942238,27.2611166,päiväkoti,Päiväkoti,False,False,"Metsolankatu 2, 50100 Mikkeli, Suomi",Metsolankatu 2,Mikkeli,50100.0,FI,,Metsolankatu 2
Sinisiiven päiväkoti,62.2870581,26.3380221,päiväkoti,Päiväkoti,False,False,"Koulumäentie 6, 41490 Hankasalmi, Suomi",Koulumäentie 6,Hankasalmi,41490.0,FI,,Koulumäentie 6
Janakan päiväkoti-koulu,62.2591211,25.8931652,päiväkoti,Alakoulu,False,False,"Janakantie 6, 40800 Jyväskylä, Suomi",Janakantie 6,Jyväskylä,40800.0,FI,,Janakantie 6
Liisantalo,62.2659062,26.2096573,päiväkoti,Päiväkoti,False,False,"Tervatie 3, 41400 Lievestuore, Suomi",Tervatie 3,Lievestuore,41400.0,FI,,Tervatie 3
Päiväkoti Riihikoto,62.6272787,26.8220043,päiväkoti,Päiväkoti,False,False,"Noukkalammintie 1, 77700 Rautalampi, Suomi",Noukkalammintie 1,Rautalampi,77700.0,FI,,Noukkalammintie 1
Ryhmäperhepäivähoito Satakieli,62.7556423,26.6932474,päiväkoti,Päiväkoti,False,False,"Vesannontie 1250, 77930 Rautalampi, Suomi",Vesannontie 1250,Rautalampi,77930.0,FI,,Vesannontie 1250
Metsätähden päiväkoti,62.2990685,26.4819564,päiväkoti,Lastentarha,False,False,"Suotie 3, 41500 Hankasalmi, Suomi",Suotie 3,Hankasalmi,41500.0,FI,,Suotie 3
Päiväkoti Touhula Kangaslampi,63.5461295,27.2240374,päiväkoti,Päiväkoti,False,False,"Petter Kumpulaisentie 28, 74130 Iisalmi, Suomi",Petter Kumpulaisentie 28,Iisalmi,74130.0,FI,,Petter Kumpulaisentie 28
PikkuKengurun Koti Oy,63.5542776,27.1910625,päiväkoti,Päiväkoti,False,False,"Eteläinen puistoraitti 3, 74100 Iisalmi, Suomi",Eteläinen puistoraitti 3,Iisalmi,74100.0,FI,,Eteläinen puistoraitti 3
Katariinan päiväkoti,60.4550631,26.9371492,päiväkoti,Päiväkoti,False,False,"Puistotie 15, 48100 Kotka, Suomi",Puistotie 15,Kotka,48100.0,FI,,Puistotie 15
Metsäkulman päiväkoti,60.5022856,26.9703482,päiväkoti,Päiväkoti,False,False,"Metsäkulmankatu 19, 48910 Kotka, Suomi",Metsäkulmankatu 19,Kotka,48910.0,FI,,Metsäkulmankatu 19
Marja-ahon päiväkoti,60.9158845,26.7669395,päiväkoti,Päiväkoti,False,False,"Marja-ahontie 1, 45360 Valkeala, Suomi",Marja-ahontie 1,Valkeala,45360.0,FI,,Marja-ahontie 1
Korkeakosken Päiväkoti,60.5371055,26.9008083,päiväkoti,Päiväkoti,False,False,"Veikkolantie 9, 48720 Kotka, Suomi",Veikkolantie 9,Kotka,48720.0,FI,,Veikkolantie 9
Päiväkoti Touhula Mukava,60.4886165,26.7636242,päiväkoti,Päiväkoti,False,False,"Kohokuja 4, 49200 Heinlahti, Suomi",Kohokuja 4,Heinlahti,49200.0,FI,,Kohokuja 4
Päiväkoti: Daghemmet Måsarna,60.4665231,26.6319885,päiväkoti,Lastentarha,False,False,"Kirkkotie 448, 49240 Purola, Suomi",Kirkkotie 448,Purola,49240.0,FI,,Kirkkotie 448
Päiväkoti Touhula Ki-Kiva,60.5185915,26.8679941,päiväkoti,Päiväkoti,False,False,"Jokipolku 1, 48710 Kotka, Suomi",Jokipolku 1,Kotka,48710.0,FI,,Jokipolku 1
Ryhmäperhepäiväkoti Untuvikot,60.4855064,26.7411545,päiväkoti,Perhepäivähoito,False,False,"Peurankuja 2, 49210 Pyhtää, Suomi",Peurankuja 2,Pyhtää,49210.0,FI,,Peurankuja 2
Päiväkoti Touhula,60.4924068,26.5444037,päiväkoti,Lastentarha,False,False,"Pyhtääntie 13, 49270 Pyhtään kirkonkylä, Suomi",Pyhtääntie 13,Pyhtään kirkonkylä,49270.0,FI,,Pyhtääntie 13
Entinen Svenska Lekskolan,60.9096548,26.640318,päiväkoti,Päiväkoti,False,False,"Lauttakatu 6, 45700 Kouvola, Suomi",Lauttakatu 6,Kouvola,45700.0,FI,,Lauttakatu 6
Neuvottoman Päiväkoti,60.556484,27.0532538,päiväkoti,Päiväkoti,False,False,"Muuraskalliontie 12, 49490 Neuvoton, Suomi",Muuraskalliontie 12,Neuvoton,49490.0,FI,,Muuraskalliontie 12
eKouvola,60.8691236,26.7007909,päiväkoti,Päiväkoti,False,False,"Torikatu, 45100 Kouvola, Suomi",Torikatu,Kouvola,45100.0,FI,,Torikatu
Utumetsän päiväkoti,60.4882354,26.8552026,päiväkoti,Koulu,False,False,"48400 Kotka, Suomi",,Kotka,,FI,,
Linnoituksen päiväkoti,60.5677757,27.2061348,päiväkoti,Päiväkoti,False,False,"Kaarlonkatu 4, 49400 Hamina, Suomi",Kaarlonkatu 4,Hamina,49400.0,FI,,Kaarlonkatu 4
Kurkitien päiväkoti,60.5676141,27.1511055,päiväkoti,Päiväkoti,False,False,"Kurkitie 13, 49410 Hamina, Suomi",Kurkitie 13,Hamina,49410.0,FI,,Kurkitie 13
Norlandia päiväkoti,60.563784,27.195492,päiväkoti,Päiväkoti,False,False,"49400 Hamina, Suomi",,Hamina,,FI,,
Uuden Summan päiväkoti,60.556644,27.1264995,päiväkoti,Päiväkoti,False,False,"Kerrospolku 2, 49420 Hamina, Suomi",Kerrospolku 2,Hamina,49420.0,FI,,Kerrospolku 2
Marinkujan Päiväkoti,60.599352,27.1748806,päiväkoti,Päiväkoti,False,False,"Marinkuja 4, 49510 Hamina, Suomi",Marinkuja 4,Hamina,49510.0,FI,,Marinkuja 4
Ruissalon Päiväkoti,60.5759696,27.1525268,päiväkoti,Päiväkoti,False,False,"Ruissalontie 6, 49410 Hamina, Suomi",Ruissalontie 6,Hamina,49410.0,FI,,Ruissalontie 6
Päiväkoti Majakka,60.4864711,26.7449524,päiväkoti,Lastentarha,False,False,"Hirventie 31, 49210 Pyhtää, Suomi",Hirventie 31,Pyhtää,49210.0,FI,,Hirventie 31
Pilke musiikkipäiväkoti Sointu,60.8758071,26.7414117,päiväkoti,Päiväkoti,False,False,"Kaartokuja 1, 45200 Kouvola, Suomi",Kaartokuja 1,Kouvola,45200.0,FI,,Kaartokuja 1
Päiväkoti Touhula Vekkuli,60.4872501,26.8953487,päiväkoti,Päiväkoti,False,False,"Haikarantie 3 C 21, 48220 Kotka, Suomi",Haikarantie 3 C 21,Kotka,48220.0,FI,,Haikarantie 3 C 21
Päiväkoti,60.5678188,27.1887961,päiväkoti,Päiväkoti,False,False,"Sibeliuskatu 36, 49400 Hamina, Suomi",Sibeliuskatu 36,Hamina,49400.0,FI,,Sibeliuskatu 36
"Päiväkoti Norlandia Aalto, Norlandia Päiväkodit Oy",60.5635109,27.1953134,päiväkoti,Päiväkoti,False,False,"Lepikönranta 3, 49400 Hamina, Suomi",Lepikönranta 3,Hamina,49400.0,FI,,Lepikönranta 3
Tavastilan Päiväkoti,60.5737182,26.9784068,päiväkoti,Päiväkoti,False,False,"Tavastilantie 223, 49300 Kotka, Suomi",Tavastilantie 223,Kotka,49300.0,FI,,Tavastilantie 223
Mäyränkorven Päiväkoti,60.8841055,26.6605974,päiväkoti,Lastentarha,False,False,"Osonojantie 7, 45720 Kouvola, Suomi",Osonojantie 7,Kouvola,45720.0,FI,,Osonojantie 7
Helilän Päiväkoti,60.5171087,26.929341,päiväkoti,Päiväkoti,False,False,"Sampokuja 4, 48600 Kotka, Suomi",Sampokuja 4,Kotka,48600.0,FI,,Sampokuja 4
Otsonkallion päiväkoti,60.5343565,26.9589191,päiväkoti,Päiväkoti,False,False,"Ristinkalliontie 14, 48770 Kotka, Suomi",Ristinkalliontie 14,Kotka,48770.0,FI,,Ristinkalliontie 14
Raitin päiväkoti,60.5103037,26.9051156,päiväkoti,Päiväkoti,False,False,"Laihontie 19, 48700 Kotka, Suomi",Laihontie 19,Kotka,48700.0,FI,,Laihontie 19
Pilke liikuntapäiväkoti Kuperkeikka,60.8728676,26.7030789,päiväkoti,Päiväkoti,False,False,"Kauppalankatu 27, 45100 Kouvola, Suomi",Kauppalankatu 27,Kouvola,45100.0,FI,,Kauppalankatu 27
Pikkutaimet - Ryhmäperhepäiväkoti,60.8729972,26.7052134,päiväkoti,Päiväkoti,False,False,"Ahdinkatu 25, 45100 Kouvola, Suomi",Ahdinkatu 25,Kouvola,45100.0,FI,,Ahdinkatu 25
Steinerpäiväkoti Päivänkehrä,60.9042874,26.6105443,päiväkoti,Steiner-päiväkoti,False,False,"Valtakatu 72, 45700 Kouvola, Suomi",Valtakatu 72,Kouvola,45700.0,FI,,Valtakatu 72
Velhon Päiväkoti,60.4870416,26.8567208,päiväkoti,Päiväkoti,False,False,"Ututie 2, 48350 Kotka, Suomi",Ututie 2,Kotka,48350.0,FI,,Ututie 2
Hovinpuiston Päiväkoti,60.5136516,26.9302163,päiväkoti,Päiväkoti,False,False,"Kartanonkatu 5, 48600 Kotka, Suomi",Kartanonkatu 5,Kotka,48600.0,FI,,Kartanonkatu 5
Lankilan Päiväkoti,60.4948072,26.8701292,päiväkoti,Päiväkoti,False,False,"Aittakorventie 1, 48400 Kotka, Suomi",Aittakorventie 1,Kotka,48400.0,FI,,Aittakorventie 1
Metsolan Päiväkoti,60.4913356,26.8979763,päiväkoti,Päiväkoti,False,False,"Satakielentie 6, 48230 Kotka, Suomi",Satakielentie 6,Kotka,48230.0,FI,,Satakielentie 6
Päiväkoti Merimaja,60.4611597,26.9265916,päiväkoti,Päiväkoti,False,False,"Korkeavuorenkatu 24, 48100 Kotka, Suomi",Korkeavuorenkatu 24,Kotka,48100.0,FI,,Korkeavuorenkatu 24
Päiväkoti Touhula Karhuvuori,60.482392,26.8596614,päiväkoti,Päiväkoti,False,False,"Loitsutie 8, 48350 Kotka, Suomi",Loitsutie 8,Kotka,48350.0,FI,,Loitsutie 8
Kotilon Päiväkoti,60.4567009,26.904132,päiväkoti,Päiväkoti,False,False,"Madesalmentie 2, 48310 Kotka, Suomi",Madesalmentie 2,Kotka,48310.0,FI,,Madesalmentie 2
Hovinsaaren Päiväkoti,60.4700843,26.9259603,päiväkoti,Päiväkoti,False,False,"Valkamakatu 7, 48200 Kotka, Suomi",Valkamakatu 7,Kotka,48200.0,FI,,Valkamakatu 7
Rauhalan Päiväkoti,60.5138682,26.9477297,päiväkoti,Päiväkoti,False,False,"Mällinkatu 1, 48600 Kotka, Suomi",Mällinkatu 1,Kotka,48600.0,FI,,Mällinkatu 1
Kanervan Päiväkoti,60.4520441,26.8814787,päiväkoti,Päiväkoti,False,False,"Kallionsivu 4, 48310 Kotka, Suomi",Kallionsivu 4,Kotka,48310.0,FI,,Kallionsivu 4
Päiväkoti Sateenkaari,60.4556964,26.8808876,päiväkoti,Päiväkoti,False,False,"Rajakalliontie 12, 48310 Kotka, Suomi",Rajakalliontie 12,Kotka,48310.0,FI,,Rajakalliontie 12
Iisveden Päiväkoti,62.6637286,27.0299087,päiväkoti,Päiväkoti,False,False,"Tervontie 4, 77800 Iisvesi, Suomi",Tervontie 4,Iisvesi,77800.0,FI,,Tervontie 4
"Päiväkoti Norlandia Mustikka, Norlandia Päiväkodit Oy",62.6244261,27.1264732,päiväkoti,Päiväkoti,False,False,"Asemakatu 10, 77600 Suonenjoki, Suomi",Asemakatu 10,Suonenjoki,77600.0,FI,,Asemakatu 10
Petosenmutkan päiväkoti,62.8389389,27.6301227,päiväkoti,Päiväkoti,False,False,"Teerentie 1, 70820 Kuopio, Suomi",Teerentie 1,Kuopio,70820.0,FI,,Teerentie 1
Päiväkoti Pikkutassu,64.2135885,27.7347477,päiväkoti,Päiväkoti,False,False,"Hoikankatu 38, 87100 Kajaani, Suomi",Hoikankatu 38,Kajaani,87100.0,FI,,Hoikankatu 38
Päiväkoti Touhula Pudasjärvi,65.3601889,26.9986272,päiväkoti,Päiväkoti,False,False,"Varsitie 6, 93100 Pudasjärvi, Suomi",Varsitie 6,Pudasjärvi,93100.0,FI,,Varsitie 6
Timontien eskari Ranua,65.9303891,26.5028004,päiväkoti,Esikoulu,False,False,"Timontie 5, 97700 Ranua, Suomi",Timontie 5,Ranua,97700.0,FI,,Timontie 5
Äijänvuoren päiväkoti,60.5172744,26.9023837,päiväkoti,Päiväkoti,False,False,"Taatonkatu 5, 48700 Kotka, Suomi",Taatonkatu 5,Kotka,48700.0,FI,,Taatonkatu 5
Myllykosken-Ummeljoen päiväkoti,60.7688272,26.7873891,päiväkoti,Lastentarha,False,False,"Länsiasemantie 11, 46800 Myllykoski, Suomi",Länsiasemantie 11,Myllykoski,46800.0,FI,,Länsiasemantie 11
Nenonpellon päiväkoti,62.3696912,27.1193797,päiväkoti,Päiväkoti,False,False,"Ojakuja 3, 76940 Nenonpelto, Suomi",Ojakuja 3,Nenonpelto,76940.0,FI,,Ojakuja 3
Villa Viikari,62.2753578,27.1744837,päiväkoti,Päiväkoti,False,False,"Pyhityntie 45, 76100 Pieksämäki, Suomi",Pyhityntie 45,Pieksämäki,76100.0,FI,,Pyhityntie 45
Pilke musiikkipäiväkoti Sävelpolku,61.7146952,27.3178496,päiväkoti,Päiväkoti,False,False,"Poikolanrinne 1, 50170 Mikkeli, Suomi",Poikolanrinne 1,Mikkeli,50170.0,FI,,Poikolanrinne 1
Harjun Päiväkoti,62.2951699,27.1281062,päiväkoti,Lastentarha,False,False,"Niilontie 7, 76150 Pieksämäki, Suomi",Niilontie 7,Pieksämäki,76150.0,FI,,Niilontie 7
Paloaukionpolku,61.698025,27.2121648,päiväkoti,Päiväkoti,False,False,"Karjalanharjuntie, 50100 Mikkeli, Suomi",Karjalanharjuntie,Mikkeli,50100.0,FI,,Karjalanharjuntie
Pikkuväki ry,61.9009466,26.695133,päiväkoti,Lastenhoitotoimisto,False,False,"Hokan koulutie, 51200 Kangasniemi, Suomi",Hokan koulutie,Kangasniemi,51200.0,FI,,Hokan koulutie
Päiväkoti Männynkolo,62.2966823,27.2415664,päiväkoti,Päiväkoti,False,False,"Metsäopistontie 103, 76620 Pieksämäki, Suomi",Metsäopistontie 103,Pieksämäki,76620.0,FI,,Metsäopistontie 103
Tahiniemen päiväkoti,62.3107659,27.1601701,päiväkoti,Päiväkoti,False,False,"Tahintie 36, 76100 Pieksämäki, Suomi",Tahintie 36,Pieksämäki,76100.0,FI,,Tahintie 36
Kontiopuiston päiväkoti,62.3004356,27.1724758,päiväkoti,Päiväkoti,False,False,"Harjukatu 14, 76100 Pieksämäki, Suomi",Harjukatu 14,Pieksämäki,76100.0,FI,,Harjukatu 14
Pilke tiedepäiväkoti Sirius,61.6630334,27.2884796,päiväkoti,Päiväkoti,False,False,"Väänäsenpolku 2, 50700 Mikkeli, Suomi",Väänäsenpolku 2,Mikkeli,50700.0,FI,,Väänäsenpolku 2
Päiväkotiyhdistys Pirtti Ry,61.6883269,27.3015419,päiväkoti,Esikoulu,False,False,"Telkänkatu 2, 50190 Mikkeli, Suomi",Telkänkatu 2,Mikkeli,50190.0,FI,,Telkänkatu 2
Sylvin Syli,62.3041801,27.1222895,päiväkoti,Päiväkoti,False,False,"Sylvinkuja 1, 76130 Pieksämäki, Suomi",Sylvinkuja 1,Pieksämäki,76130.0,FI,,Sylvinkuja 1
Nuijan Päiväkoti,61.6848533,27.2621284,päiväkoti,Lastentarha,False,False,"Nuijamiestenkatu 12, 50100 Mikkeli, Suomi",Nuijamiestenkatu 12,Mikkeli,50100.0,FI,,Nuijamiestenkatu 12
Vuoropäiväkoti Vilttihattu,61.6831884,27.2562445,päiväkoti,Päiväkoti,False,False,"Ahonkatu 2, 50100 Mikkeli, Suomi",Ahonkatu 2,Mikkeli,50100.0,FI,,Ahonkatu 2
Neulasen päiväkoti,62.8933704,27.6029516,päiväkoti,Päiväkoti,False,False,"Neulamäentie 25, 70150 Kuopio, Suomi",Neulamäentie 25,Kuopio,70150.0,FI,,Neulamäentie 25
Valkosenmäen Päiväkoti,61.6736396,27.1903041,päiväkoti,Terveydenhuolto-oppilaitos,False,False,"Elontie 1, 50600 Mikkeli, Suomi",Elontie 1,Mikkeli,50600.0,FI,,Elontie 1
Päiväkoti Timantti,62.8893174,27.6072955,päiväkoti,Päiväkoti,False,False,"Neulamäentie 26, 70150 Kuopio, Suomi",Neulamäentie 26,Kuopio,70150.0,FI,,Neulamäentie 26
Pitkälammen Päiväkoti,62.909637,27.6917654,päiväkoti,Päiväkoti,False,False,"Saarijärventie 14, 70460 Kuopio, Suomi",Saarijärventie 14,Kuopio,70460.0,FI,,Saarijärventie 14
Pilke musiikkipäiväkoti Ketunpoika,62.9231539,27.6839416,päiväkoti,Päiväkoti,False,False,"Ahmantie 11, 70400 Kuopio, Suomi",Ahmantie 11,Kuopio,70400.0,FI,,Ahmantie 11
Päiväkoti Touhula Pihlajalaakso,62.9197301,27.6745286,päiväkoti,Päiväkoti,False,False,"Poukamankatu 4, 70340 Kuopio, Suomi",Poukamankatu 4,Kuopio,70340.0,FI,,Poukamankatu 4
Päiväkoti Satuvakka,64.1480954,28.2713464,päiväkoti,Päiväkoti,False,False,"Keskuskuja 4, 88610 Vuokatti, Suomi",Keskuskuja 4,Vuokatti,88610.0,FI,,Keskuskuja 4
Päiväkoti Tuohikontti,62.8907104,27.6071887,päiväkoti,Päiväkoti,False,False,"Loimutie 22, 70150 Kuopio, Suomi",Loimutie 22,Kuopio,70150.0,FI,,Loimutie 22
Päiväkoti Touhula Pyöreenlahti,63.0082659,27.72565,päiväkoti,Päiväkoti,False,False,"Pyöreälahdentie 1-3, 70900 Toivala, Suomi",Pyöreälahdentie 1-3,Toivala,70900.0,FI,,Pyöreälahdentie 1-3
Melalahden Päiväkoti,62.9145533,28.1498472,päiväkoti,Päiväkoti,False,False,"Koulutie 6, 71160 Kuopio Riistavesi, Suomi",Koulutie 6,Kuopio Riistavesi,71160.0,FI,,Koulutie 6
Kielonsaaren Pienpäiväkoti,62.828821,27.6405002,päiväkoti,Päiväkoti,False,False,"Kielonsaarenkatu 2, 70820 Kuopio, Suomi",Kielonsaarenkatu 2,Kuopio,70820.0,FI,,Kielonsaarenkatu 2
Kuikkalammen päiväkoti,62.8596704,27.6987111,päiväkoti,Koulu,False,False,"Kaivannonlahdenkatu 27, 70840 Kuopio, Suomi",Kaivannonlahdenkatu 27,Kuopio,70840.0,FI,,Kaivannonlahdenkatu 27
Lohtajan päiväkoti,64.2215731,27.6727195,päiväkoti,Lastentarha,False,False,"Maahisentie 2, 87700 Kajaani, Suomi",Maahisentie 2,Kajaani,87700.0,FI,,Maahisentie 2
Pikku Leijona päiväkoti,62.9016092,27.6357193,päiväkoti,Lastenhoitotoimisto,False,False,"Taivaanpankontie 14 B, 70200 Kuopio, Suomi",Taivaanpankontie 14 B,Kuopio,70200.0,FI,,Taivaanpankontie 14 B
Takkapolun päiväkoti,62.8296294,27.6620298,päiväkoti,Lastentarha,False,False,"Takkapolku 2, 70820 Kuopio, Suomi",Takkapolku 2,Kuopio,70820.0,FI,,Takkapolku 2
Päiväkoti Touhula Vehmasmäki,62.7615585,27.5571842,päiväkoti,Päiväkoti,False,False,"Liljantie 38, 70780 Kuopio, Suomi",Liljantie 38,Kuopio,70780.0,FI,,Liljantie 38
Päiväkoti Touhula Märssykori,62.8358242,27.6667911,päiväkoti,Päiväkoti,False,False,"Sipulikatu 8, 70820 Kuopio, Suomi",Sipulikatu 8,Kuopio,70820.0,FI,,Sipulikatu 8
Kuopion Saksalaisen Päiväkodin Kannatusyhdistys Ry,62.8913838,27.6720819,päiväkoti,Päiväkoti,False,False,"Kauppakatu 61, 70110 Kuopio, Suomi",Kauppakatu 61,Kuopio,70110.0,FI,,Kauppakatu 61
Mölymäen päiväkoti,62.8861494,27.6678138,päiväkoti,Päiväkoti,False,False,"Kaartokatu 4, 70620 Kuopio, Suomi",Kaartokatu 4,Kuopio,70620.0,FI,,Kaartokatu 4
"Päiväkoti Norlandia Ketunkolo, Norlandia Päiväkodit Oy",62.9015691,27.6357971,päiväkoti,Päiväkoti,False,False,"Taivaanpankontie 14b, 70200 Kuopio, Suomi",Taivaanpankontie 14b,Kuopio,70200.0,FI,,Taivaanpankontie 14b
Pikku Leijona Päiväkoti Aamutähti,62.8914799,27.6729698,päiväkoti,Päiväkoti,False,False,"Kauppakatu 59, 70110 Kuopio, Suomi",Kauppakatu 59,Kuopio,70110.0,FI,,Kauppakatu 59
Pikkulinnan päiväkoti,62.9007687,27.6912036,päiväkoti,Päiväkoti,False,False,"70300 Kuopio, Suomi",,Kuopio,,FI,,
Kirkkopuiston Montersori Päiväkoti,63.5606551,27.193993,päiväkoti,Koulu,False,False,"Kirkkopuistonkatu 27, 74100 Iisalmi, Suomi",Kirkkopuistonkatu 27,Iisalmi,74100.0,FI,,Kirkkopuistonkatu 27
Päiväkoti,63.6720378,27.5181768,päiväkoti,Päiväkoti,False,False,"Rutakontie 16, 74300 Sonkajärvi, Suomi",Rutakontie 16,Sonkajärvi,74300.0,FI,,Rutakontie 16
Mansikkapolun päiväkoti,64.2019995,27.7527175,päiväkoti,Päiväkoti,False,False,"Mansikkapolku 12, 87500 Kajaani, Suomi",Mansikkapolku 12,Kajaani,87500.0,FI,,Mansikkapolku 12
Kontiomäen vuoropäiväkoti Mesikämmen,64.3372249,28.1052574,päiväkoti,Päiväkoti,False,False,"Pihlajatie 5, 88470 Kontiomäki, Suomi",Pihlajatie 5,Kontiomäki,88470.0,FI,,Pihlajatie 5
Montessoripäiväkoti Kiva Paikka avoin yhtiö,64.208496,27.7596817,päiväkoti,Päiväkoti,False,False,"Kanervatie 4, 87400 Kajaani, Suomi",Kanervatie 4,Kajaani,87400.0,FI,,Kanervatie 4
Päiväkoti Pillipiipari,62.9871947,27.7047319,päiväkoti,Päiväkoti,False,False,"Pajaharjuntie 7, 70910 Vuorela, Suomi",Pajaharjuntie 7,Vuorela,70910.0,FI,,Pajaharjuntie 7
Svenska lekskolan Villekulla,60.9169044,26.768795,päiväkoti,Esikoulu,False,False,"Ahomutka 1 ja 3, 45360 Valkeala, Suomi",Ahomutka 1 ja 3,Valkeala,45360.0,FI,,Ahomutka 1 ja 3
Inkilänmäen päiväkoti,62.9140427,27.6765082,päiväkoti,Päiväkoti,False,False,"Inkiläntie 9, 70340 Kuopio, Suomi",Inkiläntie 9,Kuopio,70340.0,FI,,Inkiläntie 9
Päiväkoti Lammenkukka,62.3806291,27.4314345,päiväkoti,Päiväkoti,False,False,"Kirkkotie 16, 77570 Jäppilä, Suomi",Kirkkotie 16,Jäppilä,77570.0,FI,,Kirkkotie 16
Valonkadun päiväkoti,64.2380981,27.7420806,päiväkoti,Päiväkoti,False,False,"Valonkatu 1, 87250 Kajaani, Suomi",Valonkatu 1,Kajaani,87250.0,FI,,Valonkatu 1
Pilke Onni ja Ilona,64.2356398,27.7621831,päiväkoti,Päiväkoti,False,False,"Kisatie 20, 87250 Kajaani, Suomi",Kisatie 20,Kajaani,87250.0,FI,,Kisatie 20
"Norlandia Poukama, Norlandia Päiväkodit Oy",63.0692569,27.6854527,päiväkoti,Päiväkoti,False,False,"Honkarannantie 3, 71850 Siilinjärvi, Suomi",Honkarannantie 3,Siilinjärvi,71850.0,FI,,Honkarannantie 3
Päiväkoti Touhula Rautaniemi,62.8405061,27.6904806,päiväkoti,Päiväkoti,False,False,"Rautaniementie 1, 70840 Kuopio, Suomi",Rautaniementie 1,Kuopio,70840.0,FI,,Rautaniementie 1
Musiikkipäiväkoti Priimi Oy,62.8264755,27.6705827,päiväkoti,Päiväkoti,False,False,"Amerikanraitti 10, 70820 Kuopio, Suomi",Amerikanraitti 10,Kuopio,70820.0,FI,,Amerikanraitti 10
Pumpputorin Päiväkoti,62.889706,27.6791535,päiväkoti,Päiväkoti,False,False,"Koljonniemenkatu 39, 70100 Kuopio, Suomi",Koljonniemenkatu 39,Kuopio,70100.0,FI,,Koljonniemenkatu 39
Päiväkoti Touhula Siilinjärvi,63.0665855,27.6712931,päiväkoti,Päiväkoti,False,False,"Risulantie 1, 71800 Siilinjärvi, Suomi",Risulantie 1,Siilinjärvi,71800.0,FI,,Risulantie 1
Puistolan Päiväkoti Oy,64.2217513,27.7029199,päiväkoti,Lastentarha,False,False,"Lohtajankatu 27, 87150 Kajaani, Suomi",Lohtajankatu 27,Kajaani,87150.0,FI,,Lohtajankatu 27
"Päiväkoti Norlandia Lintukoto, Norlandia Päiväkodit Oy",62.807291,27.6106628,päiväkoti,Päiväkoti,False,False,"Sormulantie 1, 70870 Kuopio, Suomi",Sormulantie 1,Kuopio,70870.0,FI,,Sormulantie 1
"Päiväkoti Norlandia Poutapilvi, Norlandia Päiväkodit Oy",62.8976371,27.70068,päiväkoti,Päiväkoti,False,False,"Itkonniemenkatu 4b, 70500 Kuopio, Suomi",Itkonniemenkatu 4b,Kuopio,70500.0,FI,,Itkonniemenkatu 4b
PMP Group KY,62.8077921,27.5356472,päiväkoti,Päiväkoti,False,False,"Jukkalantie 8, 70870 Hiltulanlahti, Suomi",Jukkalantie 8,Hiltulanlahti,70870.0,FI,,Jukkalantie 8
Pilke taidepäiväkoti Valo,62.8500521,27.6938731,päiväkoti,Päiväkoti,False,False,"Paloniementie 4, 70840 Kuopio, Suomi",Paloniementie 4,Kuopio,70840.0,FI,,Paloniementie 4
Pikku Leijona päiväkoti,62.8973398,27.6974957,päiväkoti,Päiväkoti,False,False,"Itkonniemenkatu 4, 70500 Kuopio, Suomi",Itkonniemenkatu 4,Kuopio,70500.0,FI,,Itkonniemenkatu 4
Päiväkoti Kukkuruu,62.9734857,27.6974465,päiväkoti,Päiväkoti,False,False,"Jokiharjuntie 3, 70910 Vuorela, Suomi",Jokiharjuntie 3,Vuorela,70910.0,FI,,Jokiharjuntie 3
Päiväkoti Mukulakoti,62.9844574,27.6943554,päiväkoti,Päiväkoti,False,False,"Mukulakuja 11, 70910 Vuorela, Suomi",Mukulakuja 11,Vuorela,70910.0,FI,,Mukulakuja 11
Karpalon pienpäiväkoti,62.8374077,27.6366781,päiväkoti,Päiväkoti,False,False,"Kulmakatu 1, 70820 Kuopio, Suomi",Kulmakatu 1,Kuopio,70820.0,FI,,Kulmakatu 1
Päiväkoti Touhula Puolanka,64.8684086,27.6636731,päiväkoti,Päiväkoti,False,False,"Ouluntie 15, 89200 Puolanka, Suomi",Ouluntie 15,Puolanka,89200.0,FI,,Ouluntie 15
Pikku Leijona päiväkoti,62.8025389,27.6053492,päiväkoti,Päiväkoti,False,False,"Vitostie 2101, 70870 Kuopio, Suomi",Vitostie 2101,Kuopio,70870.0,FI,,Vitostie 2101
Pikku Leijona -Päiväkoti,62.807291,27.610663,päiväkoti,Lastenhoitotoimisto,False,False,"Sormulantie 1, 70870 Hiltulanlahti, Suomi",Sormulantie 1,Hiltulanlahti,70870.0,FI,,Sormulantie 1
"Päiväkoti Norlandia Pyrstötähti, Norlandia Päiväkodit Oy",62.8397654,27.6417114,päiväkoti,Päiväkoti,False,False,"Jalkasenkatu 6, 70820 Kuopio, Suomi",Jalkasenkatu 6,Kuopio,70820.0,FI,,Jalkasenkatu 6
Linnanpellon päiväkoti,62.8989856,27.6927595,päiväkoti,Päiväkoti,False,False,"Gottlundinkatu 3, 70500 Kuopio, Suomi",Gottlundinkatu 3,Kuopio,70500.0,FI,,Gottlundinkatu 3
Vuorelan Päiväkoti,62.9789818,27.7009045,päiväkoti,Päiväkoti,False,False,"Sandelsintie 14, 70910 Vuorela, Suomi",Sandelsintie 14,Vuorela,70910.0,FI,,Sandelsintie 14
Suopursun päiväkoti,62.8362442,27.6353466,päiväkoti,Päiväkoti,False,False,"Litmasenkuja 3, 70820 Kuopio, Suomi",Litmasenkuja 3,Kuopio,70820.0,FI,,Litmasenkuja 3
Päiväkoti Touhula Hiltulanlahti,62.8065524,27.6114802,päiväkoti,Päiväkoti,False,False,"Sormulantie 8, 70870 Kuopio, Suomi",Sormulantie 8,Kuopio,70870.0,FI,,Sormulantie 8
Päiväkoti Touhula Saaristokaupunki,62.8294839,27.665785,päiväkoti,Päiväkoti,False,False,"Pirtinkaari 13, 70820 Kuopio, Suomi",Pirtinkaari 13,Kuopio,70820.0,FI,,Pirtinkaari 13
"Päiväkoti Norlandia Louna, Norlandia Päiväkodit Oy",62.8264846,27.6820335,päiväkoti,Päiväkoti,False,False,"Rantaraitti 2, 70820 Kuopio, Suomi",Rantaraitti 2,Kuopio,70820.0,FI,,Rantaraitti 2
Kaarnapurren päiväkoti,64.2197268,27.6607598,päiväkoti,Päiväkoti,False,False,"Pirtapolku 9, 87700 Kajaani, Suomi",Pirtapolku 9,Kajaani,87700.0,FI,,Pirtapolku 9
Päiväkoti Lilliputti avoin yhtiö,64.2338009,27.7395884,päiväkoti,Päiväkoti,False,False,"Pitkäahontie 3, 87200 Kajaani, Suomi",Pitkäahontie 3,Kajaani,87200.0,FI,,Pitkäahontie 3
Pilke musiikkipäiväkoti Nuotti,63.0819185,27.641498,päiväkoti,Päiväkoti,False,False,"Silkkiuikuntie, 71800 Siilinjärvi, Suomi",Silkkiuikuntie,Siilinjärvi,71800.0,FI,,Silkkiuikuntie
Minnan Päiväkoti,62.8905093,27.6843492,päiväkoti,Päiväkoti,False,False,"Sorvarinkatu 6, 70100 Kuopio, Suomi",Sorvarinkatu 6,Kuopio,70100.0,FI,,Sorvarinkatu 6
Päiväkoti Sinilintu Oy,64.2086955,27.7583015,päiväkoti,Päiväkoti,False,False,"Kylmänkatu 10, 87500 Kajaani, Suomi",Kylmänkatu 10,Kajaani,87500.0,FI,,Kylmänkatu 10
"Norlandia Sudenmarja, Norlandia Päiväkodit Oy",62.8078393,27.610539,päiväkoti,Päiväkoti,False,False,"Sudenmarja 1, 70870 Kuopio, Suomi",Sudenmarja 1,Kuopio,70870.0,FI,,Sudenmarja 1
Kindertagesstätte,62.8914468,27.6731565,päiväkoti,Päiväkoti,False,False,"Hatsalankatu 20, 70110 Kuopio, Suomi",Hatsalankatu 20,Kuopio,70110.0,FI,,Hatsalankatu 20
Päiväkoti Maitohammas,64.2215804,27.7768731,päiväkoti,Lastentarha,False,False,"Nuaskatu 7, 87400 Kajaani, Suomi",Nuaskatu 7,Kajaani,87400.0,FI,,Nuaskatu 7
Tuuliviirin päiväkoti,62.8354752,27.6463426,päiväkoti,Päiväkoti,False,False,"Kypäräkatu 1, 70820 Kuopio, Suomi",Kypäräkatu 1,Kuopio,70820.0,FI,,Kypäräkatu 1
Kirkonkylän vuoropäiväkoti Männynkäpy,64.4059075,27.829359,päiväkoti,Päiväkoti,False,False,"Lampitie 2, 88300 Paltamo, Suomi",Lampitie 2,Paltamo,88300.0,FI,,Lampitie 2
Kannusjärven Koulu,60.689434,27.1855622,päiväkoti,Koulu,False,False,"Keskikyläntie 233, 49570 Kannusjärvi, Suomi",Keskikyläntie 233,Kannusjärvi,49570.0,FI,,Keskikyläntie 233
Pyhällön Päiväkoti,60.7513222,27.3373822,päiväkoti,Päiväkoti,False,False,"Pyhällöntie 380, 49660 Pyhältö, Suomi",Pyhällöntie 380,Pyhältö,49660.0,FI,,Pyhällöntie 380
Marian Tarha Oy,60.599608,27.1648556,päiväkoti,Lastenhoitotoimisto,False,False,"Leiritie 56, 49510 Hamina, Suomi",Leiritie 56,Hamina,49510.0,FI,,Leiritie 56
Päiväkoti Lilliputti,60.581062,27.7029173,päiväkoti,Päiväkoti,False,False,"Yhdystie 10, 49900 Virolahti, Suomi",Yhdystie 10,Virolahti,49900.0,FI,,Yhdystie 10
Päiväkoti,60.7985413,28.0073381,päiväkoti,Päiväkoti,False,False,"Koskentie 4, 54410 Lappeenranta, Suomi",Koskentie 4,Lappeenranta,54410.0,FI,,Koskentie 4
Sorsakosken päiväkoti,62.4473955,27.6623989,päiväkoti,Päiväkoti,False,False,"Koskentie 810, 79130 Leppävirta, Suomi",Koskentie 810,Leppävirta,79130.0,FI,,Koskentie 810
Timolan päiväkoti,62.3778539,27.8629158,päiväkoti,Päiväkoti,False,False,"Timolantie 350, 78480 Leppävirta, Suomi",Timolantie 350,Leppävirta,78480.0,FI,,Timolantie 350
Taulumäen Päiväkoti,62.3210238,27.8689939,päiväkoti,Päiväkoti,False,False,"78210, Vattuvuorenkatu 31, Varkaus, Suomi","78210, Vattuvuorenkatu 31",Varkaus,,FI,,"78210, Vattuvuorenkatu 31"
Päiväkoti Touhula Aarrearkku,62.3147513,27.8373324,päiväkoti,Päiväkoti,False,False,"Kaura-ahontie 4 A, 78870 Varkaus, Suomi",Kaura-ahontie 4 A,Varkaus,78870.0,FI,,Kaura-ahontie 4 A
Könönpellon Päiväkoti,62.3018117,27.9392724,päiväkoti,Päiväkoti,False,False,"Pitkälänniementie 1, 78500 Varkaus, Suomi",Pitkälänniementie 1,Varkaus,78500.0,FI,,Pitkälänniementie 1
Repokankaan Päiväkoti,62.3134686,27.8462758,päiväkoti,Päiväkoti,False,False,"Kyllikinkatu 10, 78870 Varkaus, Suomi",Kyllikinkatu 10,Varkaus,78870.0,FI,,Kyllikinkatu 10
Kirkonkylän päiväkoti,62.4941475,27.7886388,päiväkoti,Päiväkoti,False,False,"Koulutie 6, 79100 Leppävirta, Suomi",Koulutie 6,Leppävirta,79100.0,FI,,Koulutie 6
Pilke Nappula,62.3321914,27.8830623,päiväkoti,Päiväkoti,False,False,"Savontie 76, 78300 Varkaus, Suomi",Savontie 76,Varkaus,78300.0,FI,,Savontie 76
Päiväkoti Touhula Taikapolku,62.3145103,27.8363113,päiväkoti,Päiväkoti,False,False,"Kaura-ahontie 4 B, 78870 Varkaus, Suomi",Kaura-ahontie 4 B,Varkaus,78870.0,FI,,Kaura-ahontie 4 B
Päiväkoti Nappula OY,62.324779,27.8944547,päiväkoti,Päiväkoti,False,False,"Saksalankuja, 78300 Varkaus, Suomi",Saksalankuja,Varkaus,78300.0,FI,,Saksalankuja
Särkelän päiväkoti ja esiopetus,66.7188309,27.4001719,päiväkoti,Päiväkoti,False,False,"Heikinkatu 8, 98120 Kemijärvi, Suomi",Heikinkatu 8,Kemijärvi,98120.0,FI,,Heikinkatu 8
Sallan kunta Kinttalanharjun varhaiskasvatuskeskus,66.8239974,28.6688842,päiväkoti,Päiväkoti,False,False,"Kinttalanharju 3, 98900 Salla, Suomi",Kinttalanharju 3,Salla,98900.0,FI,,Kinttalanharju 3
Päiväkoti Kissankello,61.1980228,27.6935325,päiväkoti,Lastentarha,False,False,"Peltoinlahdentie 3, 54800 Savitaipale, Suomi",Peltoinlahdentie 3,Savitaipale,54800.0,FI,,Peltoinlahdentie 3
Päiväkoti Esikko,61.899898,27.8505721,päiväkoti,Päiväkoti,False,False,"Juvantie 30, 51900 Juva, Suomi",Juvantie 30,Juva,51900.0,FI,,Juvantie 30
Kummunmäen Päiväkoti,61.9018343,27.8312213,päiväkoti,Päiväkoti,False,False,"Kummunmäentie 12, 51900 Juva, Suomi",Kummunmäentie 12,Juva,51900.0,FI,,Kummunmäentie 12
Särkelän Koulu,66.7191085,27.395771,päiväkoti,Koulu,False,False,"Lepistöntie 1, 98120 Kemijärvi, Suomi",Lepistöntie 1,Kemijärvi,98120.0,FI,,Lepistöntie 1
Jurvalan päiväkoti,60.938282,27.7641085,päiväkoti,Päiväkoti,False,False,"Säkkijärvenkuja 14, 54530 Luumäki, Suomi",Säkkijärvenkuja 14,Luumäki,54530.0,FI,,Säkkijärvenkuja 14
Peltolan Päiväkoti,61.053905,28.1926953,päiväkoti,Päiväkoti,False,False,"Väinölänkatu 3, 53100 Lappeenranta, Suomi",Väinölänkatu 3,Lappeenranta,53100.0,FI,,Väinölänkatu 3
Kesämäen päiväkoti,61.0476741,28.1798588,päiväkoti,Päiväkoti,False,False,"Opintie 7, 53600 Lappeenranta, Suomi",Opintie 7,Lappeenranta,53600.0,FI,,Opintie 7
Sammonlahden Päiväkoti,61.0499961,28.1080999,päiväkoti,Päiväkoti,False,False,"Ruskonlahdenkatu 5, 53850 Lappeenranta, Suomi",Ruskonlahdenkatu 5,Lappeenranta,53850.0,FI,,Ruskonlahdenkatu 5
Uus-Lavolan päiväkoti,61.0464754,28.100354,päiväkoti,Päiväkoti,False,False,"Poronkatu 15, 53850 Lappeenranta, Suomi",Poronkatu 15,Lappeenranta,53850.0,FI,,Poronkatu 15
Saimaanharjun päiväkoti Satulaiva,61.1347377,28.0979097,päiväkoti,Päiväkoti,False,False,"Kuhatie 1, 54915 Taipalsaari, Suomi",Kuhatie 1,Taipalsaari,54915.0,FI,,Kuhatie 1
Skinnarilan Päiväkoti,61.0574924,28.102459,päiväkoti,Päiväkoti,False,False,"Linnunrata 4, 53850 Lappeenranta, Suomi",Linnunrata 4,Lappeenranta,53850.0,FI,,Linnunrata 4
Päiväkoti Touhula Lappeenrannan Kampus,61.0643056,28.0918988,päiväkoti,Päiväkoti,False,False,"Yliopistonkatu 34 rakennus 4, 53850 Lappeenranta, Suomi",Yliopistonkatu 34 rakennus 4,Lappeenranta,53850.0,FI,,Yliopistonkatu 34 rakennus 4
Pontuksen päiväkoti,61.0784531,28.3080901,päiväkoti,Päiväkoti,False,False,"Muukontie 12, 53400 Lappeenranta, Suomi",Muukontie 12,Lappeenranta,53400.0,FI,,Muukontie 12
Leirin Päiväkoti,61.0524763,28.1742392,päiväkoti,Päiväkoti,False,False,"Lentäjäntie 1, 53600 Lappeenranta, Suomi",Lentäjäntie 1,Lappeenranta,53600.0,FI,,Lentäjäntie 1
Päiväkoti,61.5266897,28.1742909,päiväkoti,Päiväkoti,False,False,"Kappalaisenkuja 5, 52200 Puumala, Suomi",Kappalaisenkuja 5,Puumala,52200.0,FI,,Kappalaisenkuja 5
Joutsenon päiväkoti,61.1134942,28.5108715,päiväkoti,Päiväkoti,False,False,"Penttiläntie 4, 54100 Lappeenranta, Suomi",Penttiläntie 4,Lappeenranta,54100.0,FI,,Penttiläntie 4
Heituinlahden ryhmäperhepäivähoitokoti,61.1273356,27.5129132,päiväkoti,Lastentarha,False,False,"Tuohikotintie 1149, 54770 Heituinlahti, Suomi",Tuohikotintie 1149,Heituinlahti,54770.0,FI,,Tuohikotintie 1149
Hovinpellon Päiväkoti,61.0735846,28.2928908,päiväkoti,Päiväkoti,False,False,"Isopällinkatu 2, 53300 Lappeenranta, Suomi",Isopällinkatu 2,Lappeenranta,53300.0,FI,,Isopällinkatu 2
Pilke Päiväkodit Oy,61.0579023,28.2045438,päiväkoti,Päiväkoti,False,False,"Armilankatu 33, 53100 Lappeenranta, Suomi",Armilankatu 33,Lappeenranta,53100.0,FI,,Armilankatu 33
Lauritsalan päiväkoti,61.0737157,28.2589898,päiväkoti,Päiväkoti,False,False,"Tietokatu 2, 53300 Lappeenranta, Suomi",Tietokatu 2,Lappeenranta,53300.0,FI,,Tietokatu 2
Mäntylän Päiväkoti,61.0292587,28.1594028,päiväkoti,Päiväkoti,False,False,"Kaarnepolku 3, 53650 Lappeenranta, Suomi",Kaarnepolku 3,Lappeenranta,53650.0,FI,,Kaarnepolku 3
Kourulan Päiväkoti,61.0480562,28.1322572,päiväkoti,Päiväkoti,False,False,"Katajakatu 10, 53810 Lappeenranta, Suomi",Katajakatu 10,Lappeenranta,53810.0,FI,,Katajakatu 10
Keltun päiväkoti,61.0538243,28.2095847,päiväkoti,Lastentarha,False,False,"Lepolankatu 1a, 53100 Lappeenranta, Suomi",Lepolankatu 1a,Lappeenranta,53100.0,FI,,Lepolankatu 1a
Vuoksenniskan päiväkoti,61.227938,28.8370654,päiväkoti,Päiväkoti,False,False,"Vuoksenniskantie 96D, 55800 Imatra, Suomi",Vuoksenniskantie 96D,Imatra,55800.0,FI,,Vuoksenniskantie 96D
Rajapatsaan päiväkoti,61.1647286,28.7942609,päiväkoti,Päiväkoti,False,False,"Rasikatu 6, 55610 Imatra, Suomi",Rasikatu 6,Imatra,55610.0,FI,,Rasikatu 6
Imatrankosken päiväkoti,61.1694793,28.7569541,päiväkoti,Päiväkoti,False,False,"Koulukatu 69b, 55100 Imatra, Suomi",Koulukatu 69b,Imatra,55100.0,FI,,Koulukatu 69b
Raution päiväkoti,61.2379226,28.8733272,päiväkoti,Päiväkoti,False,False,"Niskapietiläntie 2 A, 55910 Imatra, Suomi",Niskapietiläntie 2 A,Imatra,55910.0,FI,,Niskapietiläntie 2 A
Päiväkoti Mesikämmen,61.8960397,27.8729976,päiväkoti,Päiväkoti,False,False,"Kotitie 9, 51900 Juva, Suomi",Kotitie 9,Juva,51900.0,FI,,Kotitie 9
Voisalmen Päiväkoti,61.0776709,28.1494319,päiväkoti,Lastentarha,False,False,"Niittyvillantie 2, 53920 Lappeenranta, Suomi",Niittyvillantie 2,Lappeenranta,53920.0,FI,,Niittyvillantie 2
Nojanmaan Päiväkoti,61.8776166,28.9336122,päiväkoti,Päiväkoti,False,False,"Nojanmaanlahdentie 65, 57210 Savonlinna, Suomi",Nojanmaanlahdentie 65,Savonlinna,57210.0,FI,,Nojanmaanlahdentie 65
Asemantien päiväkoti,61.8735017,28.8733092,päiväkoti,Päiväkoti,False,False,"Asemantie 16, 57100 Savonlinna, Suomi",Asemantie 16,Savonlinna,57100.0,FI,,Asemantie 16
Pihlajaniemen Päiväkoti,61.8641429,28.8247746,päiväkoti,Päiväkoti,False,False,"Tuulastajantie 1, 57600 Savonlinna, Suomi",Tuulastajantie 1,Savonlinna,57600.0,FI,,Tuulastajantie 1
Moision Päiväkoti,61.6598605,27.2799798,päiväkoti,Yhdistys tai järjestö,False,False,"Moisiontie 5, 50520 Mikkeli, Suomi",Moisiontie 5,Mikkeli,50520.0,FI,,Moisiontie 5
Ivalon koltansaamen kielipesä Pe'sser (Nuõrttsää´m ǩiõllpie´ss Pe'sser),68.6571213,27.53452,päiväkoti,Perhepäivähoito,False,False,"Kinttupolku 2, 99800 Inari, Suomi",Kinttupolku 2,Inari,99800.0,FI,,Kinttupolku 2
Virojoen Päiväkoti,60.5814297,27.7084415,päiväkoti,Lastentarha,False,False,"Rantatie 5b, 49900 Virolahti, Suomi",Rantatie 5b,Virolahti,49900.0,FI,,Rantatie 5b
Päiväkoti Touhula Tirilä,61.0560464,28.2389892,päiväkoti,Päiväkoti,False,False,"Onninkatu 14 B, 53500 Lappeenranta, Suomi",Onninkatu 14 B,Lappeenranta,53500.0,FI,,Onninkatu 14 B
Pilke musiikkipäiväkoti Norppa,61.0407863,28.1004627,päiväkoti,Päiväkoti,False,False,"Minkinkatu 1, 53850 Lappeenranta, Suomi",Minkinkatu 1,Lappeenranta,53850.0,FI,,Minkinkatu 1
Kartanon Päiväkoti,61.0759996,28.277978,päiväkoti,Päiväkoti,False,False,"Kartanontie 15, 53300 Lappeenranta, Suomi",Kartanontie 15,Lappeenranta,53300.0,FI,,Kartanontie 15
Kanavansuun Päiväkoti,61.0816036,28.2907097,päiväkoti,Päiväkoti,False,False,"Telakanmäenkatu 2, 53300 Lappeenranta, Suomi",Telakanmäenkatu 2,Lappeenranta,53300.0,FI,,Telakanmäenkatu 2
Karhuvuoren Päiväkoti,61.0421954,28.2458178,päiväkoti,Päiväkoti,False,False,"Karhuvuorenkatu 19, 53500 Lappeenranta, Suomi",Karhuvuorenkatu 19,Lappeenranta,53500.0,FI,,Karhuvuorenkatu 19
Taimitarhan Päiväkoti,61.1098549,28.4749756,päiväkoti,Päiväkoti,False,False,"Taimitie 2, 54100 Joutseno, Suomi",Taimitie 2,Joutseno,54100.0,FI,,Taimitie 2
Perhepäivähoito Pikku-Pirpanat,62.98211,27.6977361,päiväkoti,Päiväkoti,False,False,"Simpantie 4, 70910 Siilinjärvi, Suomi",Simpantie 4,Siilinjärvi,70910.0,FI,,Simpantie 4
Nilsiän päiväkoti,63.2022919,28.0956845,päiväkoti,Päiväkoti,False,False,"Syvärintie 33, 73300 Nilsiä, Suomi",Syvärintie 33,Nilsiä,73300.0,FI,,Syvärintie 33
Leppäkaarteen Päiväkoti,63.0787223,27.6800337,päiväkoti,Koulu,False,False,"71800 Siilinjärvi, Suomi",,Siilinjärvi,71800.0,FI,,
Iitiän Päiväkoti,61.0450192,27.9753257,päiväkoti,Koulu,False,False,"Tuomelankankaantie 1, 53830 Lemi, Suomi",Tuomelankankaantie 1,Lemi,53830.0,FI,,Tuomelankankaantie 1
Lappeen koulu ja päiväkoti,61.0506401,28.0651664,päiväkoti,Koulu,False,False,"Järviniitunkatu 2, 53830 Lappeenranta, Suomi",Järviniitunkatu 2,Lappeenranta,53830.0,FI,,Järviniitunkatu 2
Petäjäkankaan päiväkoti,65.9893417,29.1681557,päiväkoti,Päiväkoti,False,False,"Kitkantie 104, 93600 Kuusamo, Suomi",Kitkantie 104,Kuusamo,93600.0,FI,,Kitkantie 104
Päiväkoti Kirsikka Ky,65.989628,29.1913406,päiväkoti,Päiväkoti,False,False,"Maikuntie 5, 93600 Kuusamo, Suomi",Maikuntie 5,Kuusamo,93600.0,FI,,Maikuntie 5
Niksulan Päiväkoti,63.6782244,28.8176842,päiväkoti,Päiväkoti,False,False,"Kunnantie 1, 75700 Valtimo, Suomi",Kunnantie 1,Valtimo,75700.0,FI,,Kunnantie 1
Pilke Pajupilli,64.1333708,28.4089106,päiväkoti,Päiväkoti,False,False,"Kirkkotie 13, 88600 Sotkamo, Suomi",Kirkkotie 13,Sotkamo,88600.0,FI,,Kirkkotie 13
Kajaanin Montessori-leikkikoulu,64.2135238,27.7464217,päiväkoti,Päiväkoti,False,False,"Kangaskatu 5, 87500 Kajaani, Suomi",Kangaskatu 5,Kajaani,87500.0,FI,,Kangaskatu 5
Kasper & Kaapo avoin yhtiö,64.132745,28.3360563,päiväkoti,Lastentarha,False,False,"Alkulantie 15, 88600 Sotkamo, Suomi",Alkulantie 15,Sotkamo,88600.0,FI,,Alkulantie 15
Toiminimi Pirjo Sonninen,64.2221094,27.7063127,päiväkoti,Päiväkoti,False,False,"Lohtajankatu 22, 87150 Kajaani, Suomi",Lohtajankatu 22,Kajaani,87150.0,FI,,Lohtajankatu 22
Kirkonkylän Päiväkoti,64.9035505,29.0048849,päiväkoti,Päiväkoti,False,False,"89800 Suomussalmi KK, Suomi",,Suomussalmi KK,89800.0,FI,,
Päiväkoti Taivalkehto,64.8723526,28.9067307,päiväkoti,Päiväkoti,False,False,"Jäniksenpolku 1-3, 89600 Suomussalmi, Suomi",Jäniksenpolku 1-3,Suomussalmi,89600.0,FI,,Jäniksenpolku 1-3
Porkkatörmän päiväkoti,65.9613037,29.189989,päiväkoti,Päiväkoti,False,False,"Porkkatie 1, 93600 Kuusamo, Suomi",Porkkatie 1,Kuusamo,93600.0,FI,,Porkkatie 1
Maaseläntien päiväkoti,65.9643602,29.1762591,päiväkoti,Päiväkoti,False,False,"Maaseläntie 32, 93600 Kuusamo, Suomi",Maaseläntie 32,Kuusamo,93600.0,FI,,Maaseläntie 32
Tolpanniemen esiopetuspäiväkoti,65.9464627,29.2383662,päiväkoti,Päiväkoti,False,False,"F 31,, Noitarummuntie 2-4, Kuusamo, Suomi","F 31,, Noitarummuntie 2-4",Kuusamo,,FI,,"F 31,, Noitarummuntie 2-4"
"Päiväkoti Norlandia Otso, Norlandia Päiväkodit Oy",65.9670132,29.1782588,päiväkoti,Päiväkoti,False,False,"Maaseläntie 8 B, 93600 Kuusamo, Suomi",Maaseläntie 8 B,Kuusamo,93600.0,FI,,Maaseläntie 8 B
Rukan päiväkoti,66.163002,29.1294536,päiväkoti,Päiväkoti,False,False,"Uunikulmantie 3 A, 93830 Kuusamo, Suomi",Uunikulmantie 3 A,Kuusamo,93830.0,FI,,Uunikulmantie 3 A
Vuoropäiväkoti Käenkello,62.0640205,28.3083304,päiväkoti,Päiväkoti,False,False,"Ohitustie 7, 58900 Rantasalmi, Suomi",Ohitustie 7,Rantasalmi,58900.0,FI,,Ohitustie 7
Ryhmäperhepäiväkoti Leppis,61.6074649,28.7015603,päiväkoti,Päiväkoti,False,False,"Lohirannantie 6, 58620 Lohilahti, Suomi",Lohirannantie 6,Lohilahti,58620.0,FI,,Lohirannantie 6
Savonrannan päiväkoti,62.1795088,29.1995066,päiväkoti,Päiväkoti,False,False,"Kangastie 5, 58300 Savonlinna, Suomi",Kangastie 5,Savonlinna,58300.0,FI,,Kangastie 5
Päiväkoti Touhula Mertala,61.863991,28.9554411,päiväkoti,Päiväkoti,False,False,"Mertajärventie 20, 57220 Savonlinna, Suomi",Mertajärventie 20,Savonlinna,57220.0,FI,,Mertajärventie 20
Punkaharjun Päiväkoti,61.7553894,29.3870037,päiväkoti,Päiväkoti,False,False,"Palomäentie 2, 58500 Punkaharju, Suomi",Palomäentie 2,Punkaharju,58500.0,FI,,Palomäentie 2
Kellarpellon Koulu ja Päiväkoti,61.8808779,28.8033896,päiväkoti,Koulu,False,False,"Kellartie 63 B, 57710 Savonlinna, Suomi",Kellartie 63 B,Savonlinna,57710.0,FI,,Kellartie 63 B
Pilke luontopäiväkoti Kuutti,61.1279917,28.4961284,päiväkoti,Päiväkoti,False,False,"Palstakuja 2-4, 54100 Lappeenranta, Suomi",Palstakuja 2-4,Lappeenranta,54100.0,FI,,Palstakuja 2-4
Liperin Päiväkoti,62.5272701,29.3964104,päiväkoti,Päiväkoti,False,False,"Opintie 4, 83100 Liperi, Suomi",Opintie 4,Liperi,83100.0,FI,,Opintie 4
Päiväkoti Touhula Nätki,61.85223,28.95816,päiväkoti,Päiväkoti,False,False,"Lotankuja 2, 57230 Savonlinna, Suomi",Lotankuja 2,Savonlinna,57230.0,FI,,Lotankuja 2
Anttolan päiväkoti,61.8841824,29.0888548,päiväkoti,Päiväkoti,False,False,"Pohjukantie 1, 58410 Haapakallio, Suomi",Pohjukantie 1,Haapakallio,58410.0,FI,,Pohjukantie 1
Montessori-leikkikoulu,61.6826715,27.2623022,päiväkoti,Päiväkoti,False,False,"Jääkärinkatu 8, 50100 Mikkeli, Suomi",Jääkärinkatu 8,Mikkeli,50100.0,FI,,Jääkärinkatu 8
Tainionkosken päiväkoti,61.2021625,28.7701142,päiväkoti,Lastentarha,False,False,"Alapelto 3, 55120 Imatra, Suomi",Alapelto 3,Imatra,55120.0,FI,,Alapelto 3
Pulpin Päiväkoti,61.1245934,28.4512226,päiväkoti,Lastentarha,False,False,"Linjatie 9, 54120 Lappeenranta, Suomi",Linjatie 9,Lappeenranta,54120.0,FI,,Linjatie 9
Päivi Virkki,61.1901408,28.7022088,päiväkoti,Päiväkoti,False,False,"Pirttiläntie, 55320 Lappeenranta, Suomi",Pirttiläntie,Lappeenranta,55320.0,FI,,Pirttiläntie
Juankosken Päiväkoti,63.0668039,28.3257263,päiväkoti,Koulu,False,False,"Opintie 6, 73500 Juankoski, Suomi",Opintie 6,Juankoski,73500.0,FI,,Opintie 6
Lapinharjun Päiväkoti,63.0668888,28.3335305,päiväkoti,Päiväkoti,False,False,"Juankoskentie 13, 73500 Juankoski, Suomi",Juankoskentie 13,Juankoski,73500.0,FI,,Juankoskentie 13
Enonkosken päiväkoti,62.0900836,28.9243284,päiväkoti,Päiväkoti,False,False,"Tervarannantie 7, 58175 Enonkoski, Suomi",Tervarannantie 7,Enonkoski,58175.0,FI,,Tervarannantie 7
Familar Lehtosara Joutseno,61.121109,28.5106428,päiväkoti,Päiväkoti,False,False,"Putkinotkontie 11, 54100 Lappeenranta, Suomi",Putkinotkontie 11,Lappeenranta,54100.0,FI,,Putkinotkontie 11
Perhekoti Päiväpirtti Oy,61.8965385,28.9386134,päiväkoti,Päiväkoti,False,False,"Haaraojantie 83, 57210 Savonlinna, Suomi",Haaraojantie 83,Savonlinna,57210.0,FI,,Haaraojantie 83
Rekulan Päiväkoti,63.5640756,29.1093586,päiväkoti,Päiväkoti,False,False,"Ikolantie 27, 75530 Nurmes, Suomi",Ikolantie 27,Nurmes,75530.0,FI,,Ikolantie 27
Hannilan Päiväkoti,63.542438,29.1678929,päiväkoti,Päiväkoti,False,False,"Sukkatie 5, 75500 Nurmes, Suomi",Sukkatie 5,Nurmes,75500.0,FI,,Sukkatie 5
Päiväkoti,63.239456,29.2551059,päiväkoti,Päiväkoti,False,False,"Poikolantie 1, 83900 Juuka, Suomi",Poikolantie 1,Juuka,83900.0,FI,,Poikolantie 1
Pikku-Kaarlen päiväkoti - Avoin päiväkoti - Kondiet,63.5436477,29.1393032,päiväkoti,Koulu,False,False,"Kaarlonkatu 10, 75500 Nurmes, Suomi",Kaarlonkatu 10,Nurmes,75500.0,FI,,Kaarlonkatu 10
Partalanmäen Päiväkoti,63.3305854,30.0303574,päiväkoti,Päiväkoti,False,False,"Jokikatu 1, 81700 Lieksa, Suomi",Jokikatu 1,Lieksa,81700.0,FI,,Jokikatu 1
Sevettijärven koltansaamen kielipesä Kuusköözz (Nuõrttsää´m ǩiõllpie´ss Kuusköözz),69.5109622,28.6011765,päiväkoti,Perhepäivähoito,False,False,"Sevettijärventie 9076, 99930 Inari, Suomi",Sevettijärventie 9076,Inari,99930.0,FI,,Sevettijärventie 9076
Simpeleen Päiväkoti,61.4342867,29.3519744,päiväkoti,Päiväkoti,False,False,"Lehmuskatu 1, 56800 Simpele, Suomi",Lehmuskatu 1,Simpele,56800.0,FI,,Lehmuskatu 1
Mustolan Päiväkoti,62.7171708,29.0267331,päiväkoti,Päiväkoti,False,False,"Yrjönkatu 1, 83500 Outokumpu, Suomi",Yrjönkatu 1,Outokumpu,83500.0,FI,,Yrjönkatu 1
Pohjoisahon Päiväkoti,62.7317701,29.0246737,päiväkoti,Päiväkoti,False,False,"Pehtoorinkatu, 83500 Outokumpu, Suomi",Pehtoorinkatu,Outokumpu,83500.0,FI,,Pehtoorinkatu
Kalattoman Päiväkoti,62.7296998,29.0512956,päiväkoti,Päiväkoti,False,False,"Kokonkatu 15, 83500 Outokumpu, Suomi",Kokonkatu 15,Outokumpu,83500.0,FI,,Kokonkatu 15
Marjalan Päiväkoti,62.632179,29.656125,päiväkoti,Päiväkoti,False,False,"Aurinkokatu 47, 80140 Joensuu, Suomi",Aurinkokatu 47,Joensuu,80140.0,FI,,Aurinkokatu 47
Onttolan päiväkoti,62.6494177,29.6764201,päiväkoti,Päiväkoti,False,False,"Koulutie 8, 80510 Kontiolahti, Suomi",Koulutie 8,Kontiolahti,80510.0,FI,,Koulutie 8
Päiväkoti Hulivili Oy,62.6178012,29.7893359,päiväkoti,Päiväkoti,False,False,"Kirvesmiehenkatu 2, 80100 Joensuu, Suomi",Kirvesmiehenkatu 2,Joensuu,80100.0,FI,,Kirvesmiehenkatu 2
Kanervalan Päiväkoti,62.6121384,29.7511844,päiväkoti,Päiväkoti,False,False,"Vanamokatu 24, 80130 Joensuu, Suomi",Vanamokatu 24,Joensuu,80130.0,FI,,Vanamokatu 24
Sinkkolan päiväkoti,62.6237949,29.6918721,päiväkoti,Päiväkoti,False,False,"Pesolantie 4, 80140 Joensuu, Suomi",Pesolantie 4,Joensuu,80140.0,FI,,Pesolantie 4
Päiväkoti Pikkutähti,62.6364433,29.5403205,päiväkoti,Päiväkoti,False,False,"Jyrinlenkki 8, 80400 Ylämylly, Suomi",Jyrinlenkki 8,Ylämylly,80400.0,FI,,Jyrinlenkki 8
Mutalan päiväkoti,62.6121938,29.7893966,päiväkoti,Päiväkoti,False,False,"Lastenkatu 3, 80100 Joensuu, Suomi",Lastenkatu 3,Joensuu,80100.0,FI,,Lastenkatu 3
Paloaukean Päiväkoti,62.6278018,29.5479812,päiväkoti,Päiväkoti,False,False,"Patteristontie 12, 80400 Ylämylly, Suomi",Patteristontie 12,Ylämylly,80400.0,FI,,Patteristontie 12
Päiväkoti Hukanhäntä,62.582173,29.766715,päiväkoti,Päiväkoti,False,False,"Ukonkuja 3 C 45, 80220 Joensuu, Suomi",Ukonkuja 3 C 45,Joensuu,80220.0,FI,,Ukonkuja 3 C 45
Puolivälin Päiväkoti,62.6111053,29.5483993,päiväkoti,Päiväkoti,False,False,"Viljatie 2, 80400 Ylämylly, Suomi",Viljatie 2,Ylämylly,80400.0,FI,,Viljatie 2
Lautasuon päiväkoti,62.625519,29.5867292,päiväkoti,Päiväkoti,False,False,"Ylämyllyntie 52, 80400 Ylämylly, Suomi",Ylämyllyntie 52,Ylämylly,80400.0,FI,,Ylämyllyntie 52
Ylämyllyn Päiväkoti,62.6128747,29.5390287,päiväkoti,Päiväkoti,False,False,"Katajakuja, 80400 Ylämylly, Suomi",Katajakuja,Ylämylly,80400.0,FI,,Katajakuja
Kissamäen Päiväkoti,62.6004524,29.8300049,päiväkoti,Päiväkoti,False,False,"Innantie 6, 80260 Joensuu, Suomi",Innantie 6,Joensuu,80260.0,FI,,Innantie 6
Petäikkölän Päiväkoti,62.580157,29.7889566,päiväkoti,Päiväkoti,False,False,"Hukantaival 8, 80230 Joensuu, Suomi",Hukantaival 8,Joensuu,80230.0,FI,,Hukantaival 8
Päiväkoti Peltosirkku,62.6484384,29.8054522,päiväkoti,Päiväkoti,False,False,"Ellintie 12a, 80710 Kontiolahti, Suomi",Ellintie 12a,Kontiolahti,80710.0,FI,,Ellintie 12a
Päiväkoti Apila,62.6100451,29.781596,päiväkoti,Päiväkoti,False,False,"Särkäntie 7, 80100 Joensuu, Suomi",Särkäntie 7,Joensuu,80100.0,FI,,Särkäntie 7
Päiväkoti Touhula Merikartta,62.5697268,29.8159818,päiväkoti,Päiväkoti,False,False,"Karhunputkentie 10, 80230 Joensuu, Suomi",Karhunputkentie 10,Joensuu,80230.0,FI,,Karhunputkentie 10
Pilke liikuntapäiväkoti Marjala,62.6318365,29.6498422,päiväkoti,Päiväkoti,False,False,"Aurinkotuulentie 15, 80140 Joensuu, Suomi",Aurinkotuulentie 15,Joensuu,80140.0,FI,,Aurinkotuulentie 15
Päiväkoti Harakankello Ky,62.6270068,29.8322833,päiväkoti,Päiväkoti,False,False,"Harakankellontie 3, 80160 Joensuu, Suomi",Harakankellontie 3,Joensuu,80160.0,FI,,Harakankellontie 3
Päiväkoti Pääsky,62.605904,29.7653762,päiväkoti,Päiväkoti,False,False,"Kauppakatu 43, 80100 Joensuu, Suomi",Kauppakatu 43,Joensuu,80100.0,FI,,Kauppakatu 43
Päiväkoti Tilkkutäkki,62.6265742,29.8485747,päiväkoti,Päiväkoti,False,False,"Kiikarikatu 36, 80160 Joensuu, Suomi",Kiikarikatu 36,Joensuu,80160.0,FI,,Kiikarikatu 36
Tuulikanteleen Päiväkoti,62.5997941,29.8072401,päiväkoti,Päiväkoti,False,False,"Kyllikinkatu 15, 80260 Joensuu, Suomi",Kyllikinkatu 15,Joensuu,80260.0,FI,,Kyllikinkatu 15
Päiväkoti,62.7686695,29.8493478,päiväkoti,Päiväkoti,False,False,"Keskuskatu 8, 81100 Kontiolahti, Suomi",Keskuskatu 8,Kontiolahti,81100.0,FI,,Keskuskatu 8
Joensuun Steinerpäiväkoti,62.6055464,29.7877666,päiväkoti,Päiväkoti,False,False,"Pekkalankatu 7, 80260 Joensuu, Suomi",Pekkalankatu 7,Joensuu,80260.0,FI,,Pekkalankatu 7
Päiväkoti Oskari,62.6057278,29.799148,päiväkoti,Päiväkoti,False,False,"Petrankatu 22, 80130 Joensuu, Suomi",Petrankatu 22,Joensuu,80130.0,FI,,Petrankatu 22
Päiväkoti Väkkärä,62.597755,29.7929891,päiväkoti,Päiväkoti,False,False,"Kitelänkuja 2, 80200 Joensuu, Suomi",Kitelänkuja 2,Joensuu,80200.0,FI,,Kitelänkuja 2
Päiväkoti Touhutupa,62.91875,30.2514269,päiväkoti,Päiväkoti,False,False,"Sahatie 20, 81280 Uimaharju, Suomi",Sahatie 20,Uimaharju,81280.0,FI,,Sahatie 20
Pilke tiedepäiväkoti Loiste,62.614326,29.8298083,päiväkoti,Päiväkoti,False,False,"Aallontie 1, 80160 Joensuu, Suomi",Aallontie 1,Joensuu,80160.0,FI,,Aallontie 1
Pilke musiikkipäiväkoti Hepokatti,62.6214483,29.7050817,päiväkoti,Päiväkoti,False,False,"Lehtipojantie 1, 80140 Joensuu, Suomi",Lehtipojantie 1,Joensuu,80140.0,FI,,Lehtipojantie 1
Pilke luontopäiväkoti Pihlaja,62.5786628,29.8037205,päiväkoti,Päiväkoti,False,False,"Opotantie 5, 80230 Joensuu, Suomi",Opotantie 5,Joensuu,80230.0,FI,,Opotantie 5
Päiväkoti Kuura,62.6405334,29.803043,päiväkoti,Päiväkoti,False,False,"Päiväperhosenkatu 1, 80710 Kontiolahti, Suomi",Päiväperhosenkatu 1,Kontiolahti,80710.0,FI,,Päiväperhosenkatu 1
Tarpojan päiväkoti,62.6188843,29.7081068,päiväkoti,Esikoulu,False,False,"Apajakuja 2, 80140 Joensuu, Suomi",Apajakuja 2,Joensuu,80140.0,FI,,Apajakuja 2
Vesikkopuiston Päiväkoti,62.6185531,29.8322772,päiväkoti,Päiväkoti,False,False,"Vesikkotie 3, 80160 Joensuu, Suomi",Vesikkotie 3,Joensuu,80160.0,FI,,Vesikkotie 3
Kulhon Päiväkoti,62.6208293,29.9272458,päiväkoti,Päiväkoti,False,False,"Pönkäniementie 4, 80910 Kulho, Suomi",Pönkäniementie 4,Kulho,80910.0,FI,,Pönkäniementie 4
Reijolan Päiväkoti,62.5437691,29.8338773,päiväkoti,Päiväkoti,False,False,"Koulutie 1, 80330 Reijola, Suomi",Koulutie 1,Reijola,80330.0,FI,,Koulutie 1
Penttilän Päiväkoti,62.5837941,29.772738,päiväkoti,Päiväkoti,False,False,"Vehkakuja 4, 80220 Joensuu, Suomi",Vehkakuja 4,Joensuu,80220.0,FI,,Vehkakuja 4
Linnunlahden päiväkoti,62.6038666,29.7238072,päiväkoti,Päiväkoti,False,False,"Heinäpurontie 66, 80110 Joensuu, Suomi",Heinäpurontie 66,Joensuu,80110.0,FI,,Heinäpurontie 66
Äkkiväärän Päiväkoti,62.6254272,29.6969397,päiväkoti,Päiväkoti,False,False,"Äkkiväärä 9, 80140 Joensuu, Suomi",Äkkiväärä 9,Joensuu,80140.0,FI,,Äkkiväärä 9
Päiväkoti Peikonmarja,62.6330337,29.6627398,päiväkoti,Päiväkoti,False,False,"Kesäyönkatu 4, 80140 Joensuu, Suomi",Kesäyönkatu 4,Joensuu,80140.0,FI,,Kesäyönkatu 4
Avoin päiväkoti Tikantanssi,61.8692937,28.8814891,päiväkoti,Lastentarha,False,False,"Olavinkatu 42b, 57100 Savonlinna, Suomi",Olavinkatu 42b,Savonlinna,57100.0,FI,,Olavinkatu 42b
Linnalan Leikkikoulu,61.868929,28.8773272,päiväkoti,Päiväkoti,False,False,"Sotilaspojankatu 7, 57100 Savonlinna, Suomi",Sotilaspojankatu 7,Savonlinna,57100.0,FI,,Sotilaspojankatu 7
Päiväkoti Satakieli,61.5519657,29.5005957,päiväkoti,Päiväkoti,False,False,"Pietarinkuja 1, 59100 Parikkala, Suomi",Pietarinkuja 1,Parikkala,59100.0,FI,,Pietarinkuja 1
Mertalan Martat,61.8703059,28.9202895,päiväkoti,Päiväkoti,False,False,"Ilokallionkatu 6, 57200 Savonlinna, Suomi",Ilokallionkatu 6,Savonlinna,57200.0,FI,,Ilokallionkatu 6
Meltolan Päiväkoti,61.1527837,28.7610221,päiväkoti,Koulu,False,False,"Vaarinkuja 6, 55100 Imatra, Suomi",Vaarinkuja 6,Imatra,55100.0,FI,,Vaarinkuja 6
Vuoropäiväkoti Kuusenkuiske,64.1165606,29.4877782,päiväkoti,Päiväkoti,False,False,"Kuusitie 7, 88900 Kuhmo, Suomi",Kuusitie 7,Kuhmo,88900.0,FI,,Kuusitie 7
Rosa & Rudolf Kids'Club,66.1723073,29.167795,päiväkoti,Päiväkoti,False,False,"Ahon Jussintie 7, 93830 Kuusamo, Suomi",Ahon Jussintie 7,Kuusamo,93830.0,FI,,Ahon Jussintie 7
Huvikummun päiväkoti,62.5285797,29.8404026,päiväkoti,Päiväkoti,False,False,"Hömötiaisentie 8, 80330 Joensuu, Suomi",Hömötiaisentie 8,Joensuu,80330.0,FI,,Hömötiaisentie 8
Karsikon Päiväkoti,62.6028785,29.8022185,päiväkoti,Päiväkoti,False,False,"Kettuvaarantie 28, 80260 Joensuu, Suomi",Kettuvaarantie 28,Joensuu,80260.0,FI,,Kettuvaarantie 28
Päiväkoti Hilla,62.5824151,29.7639818,päiväkoti,Päiväkoti,False,False,"Kuhasalontie 12, 80220 Joensuu, Suomi",Kuhasalontie 12,Joensuu,80220.0,FI,,Kuhasalontie 12
Soutajanpuiston Päiväkoti,62.6201997,29.8190489,päiväkoti,Päiväkoti,False,False,"Soutajantie 1, 80160 Joensuu, Suomi",Soutajantie 1,Joensuu,80160.0,FI,,Soutajantie 1
Hammaslahden päiväkoti Hippula,62.4395103,29.968151,päiväkoti,Päiväkoti,False,False,"Peräläntie 3, 82200 Joensuu, Suomi",Peräläntie 3,Joensuu,82200.0,FI,,Peräläntie 3
Utran Päiväkoti,62.6198189,29.8566114,päiväkoti,Päiväkoti,False,False,"Utrantori 1, 80160 Joensuu, Suomi",Utrantori 1,Joensuu,80160.0,FI,,Utrantori 1
Ollilan Päiväkoti,62.6168971,29.7994248,päiväkoti,Päiväkoti,False,False,"Rakentajankatu 25, 80160 Joensuu, Suomi",Rakentajankatu 25,Joensuu,80160.0,FI,,Rakentajankatu 25
Pataluodon Päiväkoti,62.6136958,29.8195182,päiväkoti,Päiväkoti,False,False,"Pataluodonkatu 4, 80160 Joensuu, Suomi",Pataluodonkatu 4,Joensuu,,FI,,Pataluodonkatu 4
Päiväkoti Touhula Multimäki,62.6037772,29.8613184,päiväkoti,Päiväkoti,False,False,"Haravakatu 4, 80260 Joensuu, Suomi",Haravakatu 4,Joensuu,80260.0,FI,,Haravakatu 4
Pilke Niittylahdenranta,62.5084465,29.8237004,päiväkoti,Päiväkoti,False,False,"Niittylahdentie 297, 82220 Niittylahti, Suomi",Niittylahdentie 297,Niittylahti,82220.0,FI,,Niittylahdentie 297
Päiväkoti Vekkula Ky,62.6064147,29.7977502,päiväkoti,Päiväkoti,False,False,"Karsikonkatu 16, 80260 Joensuu, Suomi",Karsikonkatu 16,Joensuu,80260.0,FI,,Karsikonkatu 16
Päiväkoti Hukanpesä,62.5833761,29.7970146,päiväkoti,Lastentarha,False,False,"Jakokunnantie 3, 80230 Joensuu, Suomi",Jakokunnantie 3,Joensuu,80230.0,FI,,Jakokunnantie 3
Päiväkoti Siilinpiilo,62.1441133,30.1702815,päiväkoti,Päiväkoti,False,False,"Kylänseläntie 3, 82500 Kitee, Suomi",Kylänseläntie 3,Kitee,82500.0,FI,,Kylänseläntie 3
Jukolan päiväkoti,62.6179644,29.8091805,päiväkoti,Lastentarha,False,False,"Jukolankatu 1, 80160 Joensuu, Suomi",Jukolankatu 1,Joensuu,80160.0,FI,,Jukolankatu 1
Luonto- Ja Liikuntapäiväkoti peikonpolku,65.9679933,29.162484,päiväkoti,Lastenhoitotoimisto,False,False,"Nuottatie 28, 93600 Kuusamo, Suomi",Nuottatie 28,Kuusamo,93600.0,FI,,Nuottatie 28
Päiväkoti Päivänpaiste,62.6825853,29.8180868,päiväkoti,Päiväkoti,False,False,"Pohjatuulentie 6, 80710 Kontiolahti, Suomi",Pohjatuulentie 6,Kontiolahti,80710.0,FI,,Pohjatuulentie 6
Päiväkoti Touhula Kontiolahti,62.7678425,29.840817,päiväkoti,Päiväkoti,False,False,"Puutarhatie 7, 81100 Kontiolahti, Suomi",Puutarhatie 7,Kontiolahti,81100.0,FI,,Puutarhatie 7
Päiväkoti Metsätähti,62.7939259,30.1447791,päiväkoti,Perhepäivähoito,False,False,"Rinnetie (Eno) 15, 81200 Eno, Suomi",Rinnetie (Eno) 15,Eno,81200.0,FI,,Rinnetie (Eno) 15
Ylämyllyn Monitoimitalo,62.611724,29.5491676,päiväkoti,Päiväkoti,False,False,"Viljatie 1, 80400 Ylämylly, Suomi",Viljatie 1,Ylämylly,80400.0,FI,,Viljatie 1
Päiväkoti Kieppi,62.1013896,30.1310779,päiväkoti,Koulu,False,False,"Opintie 6, 82500 Kitee, Suomi",Opintie 6,Kitee,82500.0,FI,,Opintie 6
Päiväkoti Touhula Aarrekartta,62.5693969,29.8149129,päiväkoti,Päiväkoti,False,False,"Karhunputkentie 12, 80230 Joensuu, Suomi",Karhunputkentie 12,Joensuu,80230.0,FI,,Karhunputkentie 12
Avoin varhaiskasvatus Punaposki,62.66942,29.7984076,päiväkoti,Päiväkoti,False,False,"Sammalkatu 7, 80710 Lehmo, Suomi",Sammalkatu 7,Lehmo,80710.0,FI,,Sammalkatu 7
Päiväkoti Kuperkeikka,61.6947495,29.6872616,päiväkoti,Lastentarha,False,True,"Neulatie 1, 59510 Parikkala, Suomi",Neulatie 1,Parikkala,59510.0,FI,,Neulatie 1
Kontiolahden päiväkoti,62.7678625,29.8518471,päiväkoti,Lastentarha,False,False,"Keskuskatu 11, 81100 Kontiolahti, Suomi",Keskuskatu 11,Kontiolahti,81100.0,FI,,Keskuskatu 11
Päiväkoti Vunukka,62.6669299,30.9288342,päiväkoti,Päiväkoti,False,False,"Soihtulantie 24, 82900 Ilomantsi, Suomi",Soihtulantie 24,Ilomantsi,82900.0,FI,,Soihtulantie 24
Maisemakylien Vellikello ry,62.6478873,30.1282417,päiväkoti,Yhdistys tai järjestö,False,False,"Selkientie 33a, 81235 Lehtoi, Suomi",Selkientie 33a,Lehtoi,81235.0,FI,,Selkientie 33a
Daghemmet Skutan,60.0822632,19.936425,day care,Päiväkoti,False,False,"7 Segelmakargatan, Mariehamn 22100, Ahvenanmaa",7 Segelmakargatan,Mariehamn,22100.0,AX,,7 Segelmakargatan
Daghemmet Neptunus,60.0999902,19.930522,day care,Päiväkoti,False,False,"23 Neptunigatan, Mariehamn 22100, Ahvenanmaa",23 Neptunigatan,Mariehamn,22100.0,AX,,23 Neptunigatan
Daghemmet Nyängen,60.1050467,19.9375522,day care,Päiväkoti,False,False,"2 Algotsgränd, Mariehamn 22100, Ahvenanmaa",2 Algotsgränd,Mariehamn,22100.0,AX,,2 Algotsgränd
Daghemmet Vinkelboda,60.0864586,19.9442416,day care,Päiväkoti,False,False,"2 Svedgränden, Mariehamn 22100, Ahvenanmaa",2 Svedgränden,Mariehamn,22100.0,AX,,2 Svedgränden
Daghemmet Wäktars,60.093583,19.9370328,day care,Päiväkoti,False,False,"9 Väktargränd, Mariehamn 22100, Ahvenanmaa",9 Väktargränd,Mariehamn,22100.0,AX,,9 Väktargränd
Sviby Daghem,60.122322,19.9172025,day care,Päiväkoti,False,False,"331 Norra Svibyvägen, 22130, Ahvenanmaa",331 Norra Svibyvägen,,22130.0,AX,,331 Norra Svibyvägen
Daghemmet Storstugan,60.1027577,19.938991,day care,Päiväkoti,False,False,"11 Skeppargatan, Mariehamn 22100, Ahvenanmaa",11 Skeppargatan,Mariehamn,22100.0,AX,,11 Skeppargatan
Skogsgläntan Daghem,60.3092949,19.9639768,day care,Päiväkoti,False,False,"82 Saltviksvägen, Ödkarby 22320, Ahvenanmaa",82 Saltviksvägen,Ödkarby,22320.0,AX,,82 Saltviksvägen
Daghemmet Skogskullen,60.104036,19.92734,day care,Päiväkoti,False,False,"4 Neptunigatan, Mariehamn 22100, Ahvenanmaa",4 Neptunigatan,Mariehamn,22100.0,AX,,4 Neptunigatan
Barnängen,59.9475473,20.9446684,day care,Päiväkoti,False,False,"Sommarön 22730, Ahvenanmaa",,Sommarön,,AX,,
Daghemmet Strandbacken,60.0872179,19.9589433,day care,Päiväkoti,False,False,"10 Skolstigen, Mariehamn 22100, Ahvenanmaa",10 Skolstigen,Mariehamn,22100.0,AX,,10 Skolstigen
Daghemmet Klaralund,60.2009182,19.771133,day care,Esikoulu,False,False,"19 Krokgränd, 22240, Åland, 19 Krokgränd, 22240, Ahvenanmaa","19 Krokgränd, 22240, Åland, 19 Krokgränd",,22240.0,AX,,"19 Krokgränd, 22240, Åland, 19 Krokgränd"
Gruppfamiljedaghemmet Mästerkatten,60.0929763,19.9406718,day care,Päiväkoti,False,False,"20 Mästargränd, Mariehamn 22100, Ahvenanmaa",20 Mästargränd,Mariehamn,22100.0,AX,,20 Mästargränd
Daghemmet Blåklockan,60.1007167,19.9352832,day care,Päiväkoti,False,False,"4 Östra Skolgatan, Mariehamn 22100, Ahvenanmaa",4 Östra Skolgatan,Mariehamn,22100.0,AX,,4 Östra Skolgatan
Gruppfamiljedaghemmet Tummelisa,60.0932245,19.9404997,day care,Päiväkoti,False,False,"21 Skillnadsgatan, Mariehamn 22100, Ahvenanmaa",21 Skillnadsgatan,Mariehamn,22100.0,AX,,21 Skillnadsgatan
Ryhmis Piiparit,62.9707388,22.0277696,day care,Perhepäivähoito,False,False,"Hakolantie 4, 66400 Laihia, Suomi",Hakolantie 4,Laihia,66400.0,FI,,Hakolantie 4
Päiväkoti Merilintu,60.8131622,21.4007111,day care,Päiväkoti,False,False,"Kihukuja 4, 23500 Uusikaupunki, Suomi",Kihukuja 4,Uusikaupunki,23500.0,FI,,Kihukuja 4
Perhepäivähoito Aurinkotuuli,61.4943242,21.7954676,day care,Perhepäivähoito,False,False,"Luotsinmäenpuistokatu 8, 28100 Pori, Suomi",Luotsinmäenpuistokatu 8,Pori,28100.0,FI,,Luotsinmäenpuistokatu 8
Yksityinen perhepäivähoito Murula,61.4355555,21.9118873,day care,Perhepäivähoito,False,False,"Halmekuja, 28450 Ulvila, Suomi",Halmekuja,Ulvila,28450.0,FI,,Halmekuja
Daycare Daisy Oy,60.4449731,22.3608597,day care,Lastenhoitotoimisto,False,False,"Koukkarinkatu 6, 20610 Turku, Suomi",Koukkarinkatu 6,Turku,20610.0,FI,,Koukkarinkatu 6
Preschool,60.4448576,22.3601771,day care,Esikoulu,False,False,"Koukkarinkatu 6 E, 20610 Turku, Suomi",Koukkarinkatu 6 E,Turku,20610.0,FI,,Koukkarinkatu 6 E
Läntisen keskustan päivähoitoyksikkö,60.4486334,22.2526208,day care,Päiväkoti,False,False,"Koulukatu 12, 20100 Turku, Suomi",Koulukatu 12,Turku,20100.0,FI,,Koulukatu 12
Littoisten esiopetus,60.4525378,22.4104973,day care,Päiväkoti,False,False,"Sippaantie 56, 20660 Lieto, Suomi",Sippaantie 56,Lieto,20660.0,FI,,Sippaantie 56
Sateenkaari Koto Oy,60.4665654,22.2815177,day care,Päiväkoti,False,False,"Virusmäentie 65, 20300 Turku, Suomi",Virusmäentie 65,Turku,20300.0,FI,,Virusmäentie 65
Lastentalo Mukulax,60.4525731,22.2533396,day care,Päiväkoti,False,False,"Käsityöläiskatu 20 a 1, 20100 Turku, Suomi",Käsityöläiskatu 20 a 1,Turku,20100.0,FI,,Käsityöläiskatu 20 a 1
Lastentalo Mukulax,60.4466905,22.2742932,day care,Päiväkoti,False,False,"Luostarinkatu 5, 20700 Turku, Suomi",Luostarinkatu 5,Turku,20700.0,FI,,Luostarinkatu 5
Loukilinnan Eskari,60.4835523,22.4025893,day care,Päiväkoti,False,False,"21410 Lieto, Suomi",,Lieto,,FI,,
Solgränd,60.3006555,22.2944135,day care,Päiväkoti,False,False,"Koulumestarinkuja 1, 21600 Parainen, Suomi             Skolmästargränd 1, 21600 Pargas",Koulumestarinkuja 1,Parainen,21600.0,FI,,Koulumestarinkuja 1
Mukulax Hirvensalo,60.4114265,22.2049126,day care,Päiväkoti,False,False,"Kukolantie 40, 20900 Turku, Suomi",Kukolantie 40,Turku,20900.0,FI,,Kukolantie 40
Mukulax Linnanrinne,60.442627,22.2468699,day care,Päiväkoti,False,False,"Linnankatu 53, 20100 Turku, Suomi",Linnankatu 53,Turku,20100.0,FI,,Linnankatu 53
Perhepäivähoitaja Anne Näse,60.475047,22.2972045,day care,Perhepäivähoito,False,False,"Wareliuksenkatu 9 J 9, 20380 Turku, Suomi",Wareliuksenkatu 9 J 9,Turku,20380.0,FI,,Wareliuksenkatu 9 J 9
Sirkkala daghem,60.4462377,22.2800743,day care,Päiväkoti,False,False,"Tähtitorninkatu 4, 20700 Turku, Suomi",Tähtitorninkatu 4,Turku,20700.0,FI,,Tähtitorninkatu 4
Nummi-Varissuon perhepäivähoitoyksikkö,60.4512045,22.2628794,day care,Perhepäivähoito,False,False,"Yliopistonkatu 27 a, 20100 Turku, Suomi",Yliopistonkatu 27 a,Turku,20100.0,FI,,Yliopistonkatu 27 a
Pilke päiväkodit Oy,60.2587624,24.8523457,day care,Päiväkoti,False,False,"Rajatorpantie 8 A, 01600 Vantaa, Suomi",Rajatorpantie 8 A,Vantaa,1600.0,FI,,Rajatorpantie 8 A
Vaahteramäki,60.4393985,22.2756692,day care,Päiväkoti,False,False,"Luolavuorentie 2, 20810 Turku, Suomi",Luolavuorentie 2,Turku,20810.0,FI,,Luolavuorentie 2
Päiväkoti: Daghemmet Kastanjen,60.4563258,22.2824332,day care,Päiväkoti,False,False,"Vänrikinkatu 3, 20500 Turku, Suomi",Vänrikinkatu 3,Turku,20500.0,FI,,Vänrikinkatu 3
Aurala,60.4609378,22.2644823,day care,Päiväkoti,False,False,"Satakunnantie 10, 20100 Turku, Suomi",Satakunnantie 10,Turku,20100.0,FI,,Satakunnantie 10
Peppiina Raunistula,60.4638012,22.2682067,day care,Päiväkoti,False,False,"Oikotie 7, 20300 Turku, Suomi",Oikotie 7,Turku,20300.0,FI,,Oikotie 7
Satuportsa,60.4445959,22.2383097,day care,Päiväkoti,False,False,"Puutarhakatu 46, 20100 Turku, Suomi",Puutarhakatu 46,Turku,20100.0,FI,,Puutarhakatu 46
Alma daycare,63.6668558,22.700413,day care,Lastentarha,False,False,"Paul Hallvarin katu 8, 68600 Pietarsaari, Suomi",Paul Hallvarin katu 8,Pietarsaari,68600.0,FI,,Paul Hallvarin katu 8
"Sunshine Early Learning Centre Oy, Tampere",61.4981039,23.7805995,day care,Englanninkielinen koulu,False,False,"Lähteenkatu 2, 33500 Tampere, Suomi",Lähteenkatu 2,Tampere,33500.0,FI,,Lähteenkatu 2
Enkku daycare,61.4968449,23.7424275,day care,Päiväkoti,False,False,"Pyynikintori 2-8, 33230 Tampere, Suomi",Pyynikintori 2-8,Tampere,33230.0,FI,,Pyynikintori 2-8
Päiväkoti Touhula Star Academy Tampere,61.4982391,23.7396558,day care,Päiväkoti,False,False,"Pirkankatu 16, 33230 Tampere, Suomi",Pirkankatu 16,Tampere,33230.0,FI,,Pirkankatu 16
Sunshine daycare,61.4457205,23.8470446,day care,Lastentarha,False,False,"Sähkökatu 4, 33720 Tampere, Suomi",Sähkökatu 4,Tampere,33720.0,FI,,Sähkökatu 4
Kurikan Helmi,61.4633092,23.6628493,day care,Päiväkoti,False,False,"33960 Pirkkala, Suomi",,Pirkkala,33960.0,FI,,
Ipanala Oy,61.5022504,23.7597286,day care,Päiväkoti,False,False,"Finlaysoninkuja 9, 33210 Tampere, Suomi",Finlaysoninkuja 9,Tampere,33210.0,FI,,Finlaysoninkuja 9
"Multisillan Sinikello, perhepäivähoito",61.4386397,23.7427211,day care,Päiväkoti,False,False,"B 11, Multisillankatu 9, 33850, Suomi","B 11, Multisillankatu 9",Tampere,33850.0,FI,,"B 11, Multisillankatu 9"
Sunshine Early Learning Centre,61.4981231,23.7376685,day care,Lastentarha,False,False,"Pirkankatu 9, 33230 Tampere, Suomi",Pirkankatu 9,Tampere,33230.0,FI,,Pirkankatu 9
Tampereen Englantilaisen Koulun Ystävät Ry / The English School of Tampere (ENKKU),61.4986502,23.7453735,day care,Englanninkielinen koulu,False,False,"Amurinkuja 21b, 33230 Tampere, Suomi",Amurinkuja 21b,Tampere,33230.0,FI,,Amurinkuja 21b
Pilke luontopäiväkoti Haikara,61.4775443,23.7047615,day care,Päiväkoti,False,False,"Pereensaarentie 2, 33950 Pirkkala, Suomi",Pereensaarentie 2,Pirkkala,33950.0,FI,,Pereensaarentie 2
Lastenhoitopalvelu Peikkolampi Ky,61.5080365,23.6752349,day care,Päiväkoti,False,False,"Rannilankatu 4, 33270 Tampere, Suomi",Rannilankatu 4,Tampere,33270.0,FI,,Rannilankatu 4
Pilke liikuntapäiväkoti Pispala,61.5055818,23.7096768,day care,Päiväkoti,False,False,"Ahjolankatu 3, 33250 Tampere, Suomi",Ahjolankatu 3,Tampere,33250.0,FI,,Ahjolankatu 3
Albatross Daycare (Office),60.2291078,24.8155878,day care,Päiväkoti,False,False,"Vallikatu 17, 02650 Espoo, Suomi",Vallikatu 17,Espoo,2650.0,FI,,Vallikatu 17
H & S International School Oy,60.1760013,24.7516178,day care,Päiväkoti,False,False,"Isoistentie 7, 02200 Espoo, Suomi",Isoistentie 7,Espoo,2200.0,FI,,Isoistentie 7
Ruusulinnan päiväkoti,60.2151866,24.8066852,day care,Päiväkoti,False,False,"Huvilinnantie 4, 02600 Espoo, Suomi",Huvilinnantie 4,Espoo,2600.0,FI,,Huvilinnantie 4
Pilke Merikatti,60.1546044,24.6308275,day care,Päiväkoti,False,False,"Kivenlahdenkatu 5 D, 02320 Espoo, Suomi",Kivenlahdenkatu 5 D,Espoo,2320.0,FI,,Kivenlahdenkatu 5 D
Kartanonpuiston päiväkoti,60.2152301,24.8134414,day care,Päiväkoti,False,False,"Sokerilinnantie 5, 02600 Espoo, Suomi",Sokerilinnantie 5,Espoo,2600.0,FI,,Sokerilinnantie 5
The ICEC Kilo,60.2104911,24.7885074,day care,Päiväkoti,False,False,"Siuntiontie 3, 02600 Espoo, Suomi",Siuntiontie 3,Espoo,2600.0,FI,,Siuntiontie 3
Englanninkielinen kielikylpypäiväkoti Espoossa | EEL päiväkoti ja esikoulu - Kilonpuiston toimipiste,60.2173985,24.7834515,day care,Päiväkoti,False,False,"Vanharaide 3a, 02610 Espoo, Suomi",Vanharaide 3a,Espoo,2610.0,FI,,Vanharaide 3a
Tuomarilan Helmi,60.2011964,24.681855,day care,Päiväkoti,False,False,"Joupinpuisto 2, 02760 Espoo, Suomi",Joupinpuisto 2,Espoo,2760.0,FI,,Joupinpuisto 2
Sokinvuoren päiväkoti,60.2000235,24.6694581,day care,Koulu,False,False,"Sokinsuontie 5, 02760 Espoo, Suomi",Sokinsuontie 5,Espoo,2760.0,FI,,Sokinsuontie 5
Veturin päiväkoti,60.2168921,24.7844666,day care,Päiväkoti,False,False,"Kilonpuistonkatu 3, 02610 Espoo, Suomi",Kilonpuistonkatu 3,Espoo,2610.0,FI,,Kilonpuistonkatu 3
Kangasalan Enkku,61.4775962,23.9758812,day care,Päiväkoti,False,False,"Vällintie 1, 36240 Kangasala, Suomi",Vällintie 1,Kangasala,36240.0,FI,,Vällintie 1
Manna ja Muksut,61.3276599,23.7580585,day care,Perhepäivähoito,False,False,"Hollonranta 3, 37500 Lempäälä, Suomi",Hollonranta 3,Lempäälä,37500.0,FI,,Hollonranta 3
Verkanappulat Nappulaniemi,61.5216319,23.6964283,day care,Päiväkoti,False,False,"Raamikatu 5, 33400 Tampere, Suomi",Raamikatu 5,Tampere,33400.0,FI,,Raamikatu 5
Albatross Daycare (Preschool),60.2168695,24.8085926,day care,Esikoulu,False,False,"Numersinkatu 1, 02600 Espoo, Suomi",Numersinkatu 1,Espoo,2600.0,FI,,Numersinkatu 1
Virpilä,60.9988086,24.5007285,day care,Perhepäivähoito,False,False,"Mertapolku 2 A 23, 13210 Hämeenlinna, Suomi",Mertapolku 2 A 23,Hämeenlinna,13210.0,FI,,Mertapolku 2 A 23
Tmi Jonna Lomma,60.1232848,24.4774364,day care,Perhepäivähoito,False,False,"Jättiläisenkaari 3, 02400 Kirkkonummi, Suomi",Jättiläisenkaari 3,Kirkkonummi,2400.0,FI,,Jättiläisenkaari 3
Pilke tiedepäiväkoti Kaste,60.1599904,24.5607977,day care,Päiväkoti,False,False,"Vapaaherrantie 1, 02450 Sundsberg, Suomi",Vapaaherrantie 1,Sundsberg,2450.0,FI,,Vapaaherrantie 1
"Kultapalat perhepäivähoitaja, Saga Sipilä",60.1518786,24.6017754,day care,Perhepäivähoito,False,False,"Kiurunkannuksentie 1, 02390 Sarvvik, Suomi",Kiurunkannuksentie 1,Sarvvik,2390.0,FI,,Kiurunkannuksentie 1
Jokipajun päiväkeskus,66.3187486,23.6761807,day care,Sosiaalipalveluja tarjoava järjestö,False,False,"Mellantie 7, 95600 Ylitornio, Suomi",Mellantie 7,Ylitornio,95600.0,FI,,Mellantie 7
The Little English Kindergarten Eläintarha,60.1933039,24.9291173,day care,Päiväkoti,False,False,"Paulankatu 2, 00240 Helsinki, Suomi",Paulankatu 2,Helsinki,240.0,FI,,Paulankatu 2
Laugh&Learn Playschool / Päiväkoti,60.2299418,24.8993783,day care,Päiväkoti,False,False,"Ida Aalbergin tie 4, 00400 Helsinki, Suomi",Ida Aalbergin tie 4,Helsinki,400.0,FI,,Ida Aalbergin tie 4
Pilke Playschool Tapiola,60.1801014,24.792435,day care,Päiväkoti,False,False,"Kaskenkaatajantie 5, 02100 Espoo, Suomi",Kaskenkaatajantie 5,Espoo,2100.0,FI,,Kaskenkaatajantie 5
Pilke Playschool Espoonlahti,60.1496965,24.6544254,day care,Päiväkoti,False,False,"Merikarhunkuja 9, 02320 Espoo, Suomi",Merikarhunkuja 9,Espoo,2320.0,FI,,Merikarhunkuja 9
The ICEC Westend,60.1668624,24.7893369,day care,Päiväkoti,False,False,"Kanervatie 6, 02160 Espoo, Suomi",Kanervatie 6,Espoo,2160.0,FI,,Kanervatie 6
Pilke Pupuna,60.2061801,24.8059273,day care,Päiväkoti,False,False,"Kirvuntie 45, 02140 Espoo, Suomi",Kirvuntie 45,Espoo,2140.0,FI,,Kirvuntie 45
Pilke Playschool Laajalahti,60.194722,24.7947163,day care,Päiväkoti,False,False,"Kivennavantie 21, 02130 Espoo, Suomi",Kivennavantie 21,Espoo,2130.0,FI,,Kivennavantie 21
Niittypolku,60.3173269,24.314844,day care,Päiväkoti,False,False,"Pillistöntaival 14, 03100 Nummela, Suomi",Pillistöntaival 14,Nummela,3100.0,FI,,Pillistöntaival 14
Arcenciel Matinkylä - French Daycare,60.1562329,24.7425119,day care,Päiväkoti,False,False,"Elsankuja 5, 02230 Espoo, Suomi",Elsankuja 5,Espoo,2230.0,FI,,Elsankuja 5
Pilke Maria Montessori,60.1748,24.7226346,day care,Päiväkoti,False,False,"Kuunsäde 2 C, 02210 Espoo, Suomi",Kuunsäde 2 C,Espoo,2210.0,FI,,Kuunsäde 2 C
Englanninkielinen kielikylpypäiväkoti - Honey Monsters,60.1687368,24.7259935,day care,Päiväkoti,False,False,"Avaruuskatu 1 E-F, 02210 Espoo, Suomi",Avaruuskatu 1 E-F,Espoo,2210.0,FI,,Avaruuskatu 1 E-F
Jafar-Salafi Päiväopetus,60.1674588,24.728232,day care,Perhepäivähoito,False,False,"Hiukkaspolku, 02210 Espoo, Suomi",Hiukkaspolku,Espoo,2210.0,FI,,Hiukkaspolku
Pilke Aftonstjärnan,60.2219938,24.8115989,day care,Päiväkoti,False,False,"Konstaapelinkatu 3, 02650 Espoo, Suomi",Konstaapelinkatu 3,Espoo,2650.0,FI,,Konstaapelinkatu 3
Auroran Päiväkoti,60.2318259,24.714509,day care,Päiväkoti,False,False,"Lippajärventie 44, 02940 Espoo, Suomi",Lippajärventie 44,Espoo,2940.0,FI,,Lippajärventie 44
Pilke Playschool Lehtisaari,60.1812509,24.8520079,day care,Päiväkoti,False,False,"Papinpöydänkuja 4, 00340 Helsinki, Suomi",Papinpöydänkuja 4,Helsinki,340.0,FI,,Papinpöydänkuja 4
Pilke Playschool Haukilahti,60.1635454,24.7680234,day care,Päiväkoti,False,False,"Kampelatie 4, 02170 Espoo, Suomi",Kampelatie 4,Espoo,2170.0,FI,,Kampelatie 4
Pilke Playschool Mäntyviita,60.1791926,24.8123197,day care,Päiväkoti,False,False,"Mäntyviita 6, 02110 Espoo, Suomi",Mäntyviita 6,Espoo,2110.0,FI,,Mäntyviita 6
"Kultapalat perhepäivähoitaja, Elise Krohns",60.1767453,24.656213,day care,Perhepäivähoito,False,False,"Kaskipiha 1, 02340 Espoo, Suomi",Kaskipiha 1,Espoo,2340.0,FI,,Kaskipiha 1
KiVa hoitaja,60.201132,24.6052404,day care,Perhepäivähoito,False,False,"Hämäläistentie 18A, 02780 Espoo, Suomi",Hämäläistentie 18A,Espoo,2780.0,FI,,Hämäläistentie 18A
Murut Omena,60.1619604,24.7426286,day care,Päiväkoti,False,False,"Nelikkokuja 2, 02230 Espoo, Suomi",Nelikkokuja 2,Espoo,2230.0,FI,,Nelikkokuja 2
Pilke Peippo,60.2029323,24.6668054,day care,Päiväkoti,False,False,"Kirstinpiha 3, 02760 Espoo, Suomi",Kirstinpiha 3,Espoo,2760.0,FI,,Kirstinpiha 3
Happy Children Kindergarten,60.2026907,24.9066043,day care,Päiväkoti,False,False,"Tenholantie 10, 00280 Helsinki, Suomi",Tenholantie 10,Helsinki,280.0,FI,,Tenholantie 10
LTI Daycare Pukinmäki,60.2435992,24.9901724,day care,Päiväkoti,False,False,"Madetojankuja 2 F, 00720 Helsinki, Suomi",Madetojankuja 2 F,Helsinki,720.0,FI,,Madetojankuja 2 F
Carousel Nursery School,60.1705111,24.727884,day care,Päiväkoti,False,False,"Ellipsipolku 4, 02210 Espoo, Suomi",Ellipsipolku 4,Espoo,2210.0,FI,,Ellipsipolku 4
Päiväkoti Touhula Innopoli International,60.183899,24.8143942,day care,Päiväkoti,False,False,"Tekniikantie 12 A, 02150 Espoo, Suomi",Tekniikantie 12 A,Espoo,2150.0,FI,,Tekniikantie 12 A
Stepping Stones - Onnentupa Oy,60.2089147,24.6623273,day care,Päiväkoti,False,False,"Kaivomestarinkatu 8, 02770 Espoo, Suomi",Kaivomestarinkatu 8,Espoo,2770.0,FI,,Kaivomestarinkatu 8
Merituuli Daycare Centre,60.1892693,25.0308508,day care,Päiväkoti,False,False,"Suolakivenkuja 6, 00810 Helsinki, Suomi",Suolakivenkuja 6,Helsinki,810.0,FI,,Suolakivenkuja 6
Bright Beginners,60.2068199,24.9769599,day care,Lastentarha,False,False,"Arabiankatu 4, 00560 Helsinki, Suomi",Arabiankatu 4,Helsinki,560.0,FI,,Arabiankatu 4
Skepparbackens Daghem,60.1480585,24.6539062,day care,Päiväkoti,False,False,"Merenkulkijankatu 5, 02320 Espoo, Suomi",Merenkulkijankatu 5,Espoo,2320.0,FI,,Merenkulkijankatu 5
Pirkamo,61.494062,23.9135727,day care,Päiväkoti,False,False,"Sammalladonkatu, 33580 Tampere, Suomi",Sammalladonkatu,Tampere,33580.0,FI,,Sammalladonkatu
Albatross Daycare (1-5 year olds),60.229912,24.8141197,day care,Päiväkoti,False,False,"Kiskottajankuja 2-4, 02660 Espoo, Suomi",Kiskottajankuja 2-4,Espoo,2660.0,FI,,Kiskottajankuja 2-4
Distby daghem,60.1559922,24.7374371,day care,Päiväkoti,False,False,"Tiistiläntörmä 4, 02230 Espoo, Suomi",Tiistiläntörmä 4,Espoo,2230.0,FI,,Tiistiläntörmä 4
Auringonkukka Daycare Centre,60.2275098,25.0330032,day care,Päiväkoti,False,False,"Kevätkatu 6, 00710 Helsinki, Suomi",Kevätkatu 6,Helsinki,710.0,FI,,Kevätkatu 6
Pilke Playschool Taikavuori,60.1858521,24.9472503,day care,Päiväkoti,False,False,"Alppikatu 24, 00530 Helsinki, Suomi",Alppikatu 24,Helsinki,530.0,FI,,Alppikatu 24
The Little English Kindergarten Haaga,60.2161359,24.8964954,day care,Päiväkoti,False,False,"Kauppalantie 44, 00320 Helsinki, Suomi",Kauppalantie 44,Helsinki,320.0,FI,,Kauppalantie 44
Kongsbergs Daghem,60.1490734,24.658146,day care,Päiväkoti,False,False,"Lokirinne 2, 02320 Espoo, Suomi",Lokirinne 2,Espoo,2320.0,FI,,Lokirinne 2
Olars daghem,60.1759967,24.728162,day care,Päiväkoti,False,False,"Kuutamokatu 2 AB, 02210 Espoo, Suomi",Kuutamokatu 2 AB,Espoo,2210.0,FI,,Kuutamokatu 2 AB
Hiidenkiven Päiväkotiyhdistys Ry,61.5241549,23.9500497,day care,Päiväkoti,False,False,"Nivarinkatu 8, 33610 Tampere, Suomi",Nivarinkatu 8,Tampere,33610.0,FI,,Nivarinkatu 8
The Lauttasaari English Playschool,60.1597079,24.877694,day care,Päiväkoti,False,False,"Gyldenintie 7, 00200 Helsinki, Suomi",Gyldenintie 7,Helsinki,200.0,FI,,Gyldenintie 7
Pilke Emilia,64.9885359,25.5264649,day care,Päiväkoti,False,False,"Maakotkantie 14, 90250 Oulu, Suomi",Maakotkantie 14,Oulu,90250.0,FI,,Maakotkantie 14
Bumblebees Kindergarten Herttoniemi,60.1893039,25.0367364,day care,Päiväkoti,False,False,"Laivalahdenkaari 11, 00810 Helsinki, Suomi",Laivalahdenkaari 11,Helsinki,810.0,FI,,Laivalahdenkaari 11
The Little English Kindergarten Kallio,60.1854055,24.9593659,day care,Päiväkoti,False,False,"Pengerkatu 19 A, 00500 Helsinki, Suomi",Pengerkatu 19 A,Helsinki,500.0,FI,,Pengerkatu 19 A
LTI Daycare Tapaninvainio,60.2570943,24.9962454,day care,Päiväkoti,False,False,"Takaniityntie 5 F, 00780 Helsinki, Suomi",Takaniityntie 5 F,Helsinki,780.0,FI,,Takaniityntie 5 F
Pilke Playschool Vuosaari,60.2010567,25.1362449,day care,Päiväkoti,False,False,"Havukuja 8, 00980 Helsinki, Suomi",Havukuja 8,Helsinki,980.0,FI,,Havukuja 8
Päiväkoti Touhula Seaside International,60.1763724,24.8332556,day care,Päiväkoti,False,False,"Keilaranta 5, 02150 Espoo, Suomi",Keilaranta 5,Espoo,2150.0,FI,,Keilaranta 5
Ryhmäperhepäiväkoti Rullavuori,60.1449049,24.7078609,day care,Päiväkoti,False,False,"Rullaniementie 4 A 2, 02260 Espoo, Suomi",Rullaniementie 4 A 2,Espoo,2260.0,FI,,Rullaniementie 4 A 2
New Nordic School - By The Sea,60.1612173,24.920883,day care,Päiväkoti,False,False,"Laivapojankuja 1, 00180 Helsinki, Suomi",Laivapojankuja 1,Helsinki,180.0,FI,,Laivapojankuja 1
Leppäsuo Daycare,60.1701842,24.9221449,day care,Lastentarha,False,False,"Hietaniemenkatu 9 a, 00100 Helsinki, Suomi",Hietaniemenkatu 9 a,Helsinki,100.0,FI,,Hietaniemenkatu 9 a
Club des Cinq Oy,60.1638024,24.9239742,day care,Päiväkoti,False,False,"Köydenpunojankatu 8, 00180 Helsinki, Suomi",Köydenpunojankatu 8,Helsinki,180.0,FI,,Köydenpunojankatu 8
Lahnalahden Ankkalampi – Duckies,60.1601843,24.8777253,day care,Päiväkoti,False,False,"Gyldenintie 9, 00200 Helsinki, Suomi",Gyldenintie 9,Helsinki,200.0,FI,,Gyldenintie 9
Pilke-päiväkoti Luonnossa kotonaan Kesäkumpu,60.2021712,24.9517124,day care,Päiväkoti,False,False,"Kumpulanportti 3, 00520 Helsinki, Suomi",Kumpulanportti 3,Helsinki,520.0,FI,,Kumpulanportti 3
Töölön Ankkalampi-Duckies,60.1732598,24.9313089,day care,Päiväkoti,False,False,"Töölönkatu 2, 00100 Helsinki, Suomi",Töölönkatu 2,Helsinki,100.0,FI,,Töölönkatu 2
Nurmijärven kunta,60.3659039,24.7380897,day care,Päiväkoti,False,False,"Kyntäjäntie 5, 01800 Klaukkala, Suomi",Kyntäjäntie 5,Klaukkala,1800.0,FI,,Kyntäjäntie 5
Kvis Daghem,60.167456,24.7295879,day care,Päiväkoti,False,False,"Kuitinkatu 6, 02210 Espoo, Suomi",Kuitinkatu 6,Espoo,2210.0,FI,,Kuitinkatu 6
ICEC Kauniainen,60.2146493,24.7041967,day care,Päiväkoti,False,False,"Kasavuorentie 6, 02700 Kauniainen, Suomi",Kasavuorentie 6,Kauniainen,2700.0,FI,,Kasavuorentie 6
Länsiväylän Kielikylpy Olari,60.1762685,24.7348104,day care,Päiväkoti,False,False,"Sammalkalliontie 6, 02210 Espoo, Suomi",Sammalkalliontie 6,Espoo,2210.0,FI,,Sammalkalliontie 6
ANKKALAMPI,60.2084802,24.728064,day care,Päiväkoti,False,False,"Thurmanin puistotie 1, 02700 Kauniainen, Suomi",Thurmanin puistotie 1,Kauniainen,2700.0,FI,,Thurmanin puistotie 1
Föreningen Ekebo RF,60.2138019,24.7189594,day care,Päiväkoti,False,False,"Asematie 17, 02700 Kauniainen, Suomi",Asematie 17,Kauniainen,,FI,,Asematie 17
Laaksolahden Montessori-leikkikoulu,60.2313248,24.721439,day care,Päiväkoti,False,False,"Ansatie 16, 02940 Espoo, Suomi",Ansatie 16,Espoo,2940.0,FI,,Ansatie 16
KiddiFeet Oy,60.1909974,24.7406883,day care,Lastentarha,False,False,"Likusterikatu 1, 02250 Espoo, Suomi",Likusterikatu 1,Espoo,2250.0,FI,,Likusterikatu 1
Murut Olari,60.172159,24.7258261,day care,Päiväkoti,False,False,"Maapallonkuja 2, 02210 Espoo, Suomi",Maapallonkuja 2,Espoo,2210.0,FI,,Maapallonkuja 2
Fågelsångens daghem,60.2276622,24.712371,day care,Päiväkoti,False,False,"Kolkerannankuja 2, 02940 Espoo, Suomi",Kolkerannankuja 2,Espoo,2940.0,FI,,Kolkerannankuja 2
Laaksolahden päiväkoti,60.2398864,24.7472039,day care,Päiväkoti,False,False,"Laaksolahdentie 1, 02720 Espoo, Suomi",Laaksolahdentie 1,Espoo,2720.0,FI,,Laaksolahdentie 1
Daghemmet Lyan,60.2075531,24.7343275,day care,Päiväkoti,False,False,"Gresantie 3-5, 02700 Kauniainen, Suomi",Gresantie 3-5,Kauniainen,2700.0,FI,,Gresantie 3-5
Päiväkoti Pikku Akatemia,60.2197017,24.7142135,day care,Päiväkoti,False,False,"Akatemiantie 11, 02700 Kauniainen, Suomi",Akatemiantie 11,Kauniainen,2700.0,FI,,Akatemiantie 11
Kiltakallion lastentalo,60.1992303,24.6595512,day care,Päiväkoti,False,False,"Lippurinne 3, 02770 Espoo, Suomi",Lippurinne 3,Espoo,2770.0,FI,,Lippurinne 3
Smedsbyn päiväkoti,60.205542,24.7384258,day care,Lastenhoitotoimisto,False,False,"Stensinmäki 4, 02750 Espoo, Suomi",Stensinmäki 4,Espoo,2750.0,FI,,Stensinmäki 4
Ryhmäperhepäiväkoti Suvituuli,60.2047115,24.6758942,day care,Päiväkoti,False,False,"Suvelantie 18 B 31, 02760 Espoo, Suomi",Suvelantie 18 B 31,Espoo,2760.0,FI,,Suvelantie 18 B 31
Askbackens daghem,60.1981379,24.6680291,day care,Päiväkoti,False,False,"Saarnimäenkuja 8, 02760 Espoo, Suomi",Saarnimäenkuja 8,Espoo,2760.0,FI,,Saarnimäenkuja 8
Carousel Nursery School,60.1701781,24.7265955,day care,Lastentarha,False,False,"Maapallonkatu 3, 02210 Espoo, Suomi",Maapallonkatu 3,Espoo,2210.0,FI,,Maapallonkatu 3
Espoon Steinerpäiväkoti Mesimarja,60.1756224,24.7323483,day care,Päiväkoti,False,False,"Sammalkallionkuja 2d, 02210 Espoo, Suomi",Sammalkallionkuja 2d,Espoo,2210.0,FI,,Sammalkallionkuja 2d
Stiftelsen Bensow,60.2069165,24.7341703,day care,Päiväkoti,False,False,"Gresantie 1, 02700 Kauniainen, Suomi",Gresantie 1,Kauniainen,2700.0,FI,,Gresantie 1
Suurpellon päiväkoti,60.189169,24.7401795,day care,Lastentarha,False,False,"Poppelikuja 4, 02200 Espoo, Suomi",Poppelikuja 4,Espoo,2200.0,FI,,Poppelikuja 4
Päiväkoti Grankotten,60.212218,24.717896,day care,Päiväkoti,False,False,"Palokunnantie 3, 02700 Kauniainen, Suomi",Palokunnantie 3,Kauniainen,2700.0,FI,,Palokunnantie 3
Kilo lekskola,60.2264905,24.7383495,day care,Päiväkoti,False,False,"Törmäniityntie 4, 02710 Espoo, Suomi",Törmäniityntie 4,Espoo,2710.0,FI,,Törmäniityntie 4
Metsämajan päiväkoti,60.2154522,24.7115897,day care,Päiväkoti,False,False,"Asematie 24, 02700 Kauniainen, Suomi",Asematie 24,Kauniainen,2700.0,FI,,Asematie 24
Hoivatie,65.0113372,25.4662952,day care,Sosiaalipalveluja tarjoava järjestö,False,False,"Kauppurienkatu 8 A, 90100 Oulu, Suomi",Kauppurienkatu 8 A,Oulu,90100.0,FI,,Kauppurienkatu 8 A
Svenska Barnträdgården i Uleåborg,65.0099465,25.4653334,day care,Lastentarha,False,False,"Albertinkatu 8, 90100 Oulu, Suomi",Albertinkatu 8,Oulu,90100.0,FI,,Albertinkatu 8
Muksun Maailma Oy,65.0160341,25.4851455,day care,Päiväkoti,False,False,"Myllytullinkatu 14, 90130 Oulu, Suomi",Myllytullinkatu 14,Oulu,90130.0,FI,,Myllytullinkatu 14
Rainbow Children's Nursery,60.2438751,24.9904615,day care,Päiväkoti,False,False,"Madetojankuja 2 C ja 5 G, 00720 Helsinki, Suomi",Madetojankuja 2 C ja 5 G,Helsinki,720.0,FI,,Madetojankuja 2 C ja 5 G
Vattuniemen Mini-Ankka,60.1502699,24.8832162,day care,Päiväkoti,False,False,"Melkonkatu 11, 00210 Helsinki, Suomi",Melkonkatu 11,Helsinki,210.0,FI,,Melkonkatu 11
Nurmijärven kunta,60.3762382,24.7535672,day care,Päiväkoti,False,False,"Alihervontie 1, 01800 Klaukkala, Suomi",Alihervontie 1,Klaukkala,1800.0,FI,,Alihervontie 1
Carousel Nursery School,60.1658841,24.9036988,day care,Päiväkoti,False,False,"Energiakatu 3, 00180 Helsinki, Suomi",Energiakatu 3,Helsinki,180.0,FI,,Energiakatu 3
Bumblebees Kindergarten Pihlajamäki,60.2350746,25.0169678,day care,Päiväkoti,False,False,"Liusketie 9, 00710 Helsinki, Suomi",Liusketie 9,Helsinki,710.0,FI,,Liusketie 9
Vekara Vartti Oy,60.3884299,24.9913322,day care,Päiväkoti,False,False,"Tasaniityntie 1, 04330 Tuusula, Suomi",Tasaniityntie 1,Tuusula,4330.0,FI,,Tasaniityntie 1
Töölön Montessori-Leikkikoulu,60.1735523,24.9291093,day care,Päiväkoti,False,False,"Nervanderinkatu 11, 00100 Helsinki, Suomi",Nervanderinkatu 11,Helsinki,100.0,FI,,Nervanderinkatu 11
Tuusulan Montessorileikkikoulu Pikkulukkari,60.4101096,25.034064,day care,Päiväkoti,False,False,"Lukkarintie 4, 04310 Tuusula, Suomi",Lukkarintie 4,Tuusula,4310.0,FI,,Lukkarintie 4
Pilke Pohjantähti,60.2960138,25.0113696,day care,Päiväkoti,False,False,"Mesikukantie 13, 01300 Vantaa, Suomi",Mesikukantie 13,Vantaa,1300.0,FI,,Mesikukantie 13
"Päiväkoti Norlandia Pikkupakari, Norlandia Päiväkodit Oy",60.243599,24.8630907,day care,Päiväkoti,False,False,"Pakarituvantie 4 B, 00410 Helsinki, Suomi",Pakarituvantie 4 B,Helsinki,410.0,FI,,Pakarituvantie 4 B
Punavuoren Mini-Ankka,60.1593191,24.9383476,day care,Päiväkoti,False,False,"Pursimiehenkatu 14, 00140 Helsinki, Suomi",Pursimiehenkatu 14,Helsinki,140.0,FI,,Pursimiehenkatu 14
Pilke tiedepäiväkoti Pikkukarhu,60.2670259,24.8563125,day care,Päiväkoti,False,False,"Ojahaanpolku 10, 01600 Vantaa, Suomi",Ojahaanpolku 10,Vantaa,1600.0,FI,,Ojahaanpolku 10
Steinerpäiväkoti Pohjantähti,60.4066914,25.0244393,day care,Päiväkoti,False,False,"Kirkkotie 8, 04300 Tuusula, Suomi",Kirkkotie 8,Tuusula,4300.0,FI,,Kirkkotie 8
Pilke ilmaisupäiväkoti Illusia,60.3194245,25.0622396,day care,Päiväkoti,False,False,"Kytökuja 2, 01360 Vantaa, Suomi",Kytökuja 2,Vantaa,1360.0,FI,,Kytökuja 2
Happy Toddlers English Kindergarten,60.1490301,24.7486678,day care,Lastentarha,False,False,"Nokkalanpuisto 2, 02230 Espoo, Suomi",Nokkalanpuisto 2,Espoo,2230.0,FI,,Nokkalanpuisto 2
Daghemmet Barnabo,60.2473593,24.9981983,day care,Päiväkoti,False,False,"Asteritie 7, 00720 Helsinki, Suomi",Asteritie 7,Helsinki,720.0,FI,,Asteritie 7
Pilke Playschool Pasila,60.2010391,24.9271821,day care,Päiväkoti,False,False,"Pasilankatu 17 A-C, 00520 Helsinki, Suomi",Pasilankatu 17 A-C,Helsinki,520.0,FI,,Pasilankatu 17 A-C
Pilke tiedepäiväkoti Hohto,60.3164836,24.8441385,day care,Päiväkoti,False,False,"Spinellikuja 4, 01700 Vantaa, Suomi",Spinellikuja 4,Vantaa,1700.0,FI,,Spinellikuja 4
Ankkalammen päiväkoti,60.3512002,25.0714142,day care,Päiväkoti,False,False,"Metsotie 27, 01450 Vantaa, Suomi",Metsotie 27,Vantaa,1450.0,FI,,Metsotie 27
Pilke tiedepäiväkoti Tähtisumu,60.3250648,25.0375381,day care,Päiväkoti,False,False,"Leinelänkaari 10, 01340 Vantaa, Suomi",Leinelänkaari 10,Vantaa,1340.0,FI,,Leinelänkaari 10
Ryhmäperhepäiväkoti Ankkuri,60.1623885,24.9211315,day care,Päiväkoti,False,False,"Santakatu 2, 00180 Helsinki, Suomi",Santakatu 2,Helsinki,180.0,FI,,Santakatu 2
Pilke luontopäiväkoti Kielo,60.3137245,25.0263423,day care,Päiväkoti,False,False,"Sananjalantie 6, 01350 Vantaa, Suomi",Sananjalantie 6,Vantaa,1350.0,FI,,Sananjalantie 6
Ryhmäperhepäiväkoti puistonpesä,60.3031658,25.0436361,day care,Päiväkoti,False,False,"Kyläkaivontie 6, 01350 Vantaa, Suomi",Kyläkaivontie 6,Vantaa,1350.0,FI,,Kyläkaivontie 6
Korson päiväkoti,60.3527595,25.0757002,day care,Päiväkoti,False,False,"Merikotkantie 8, 01450 Vantaa, Suomi",Merikotkantie 8,Vantaa,1450.0,FI,,Merikotkantie 8
Pilke tiedepäiväkoti Siru,60.2304812,24.8042681,day care,Päiväkoti,False,False,"Lintukorpi 16, 02660 Espoo, Suomi",Lintukorpi 16,Espoo,2660.0,FI,,Lintukorpi 16
Touhula Varhaiskasvatus,62.2387606,25.7270241,day care,Päiväkoti,False,False,"Välikatu 4 A 28 a, 40700 Jyväskylä, Suomi",Välikatu 4 A 28 a,Jyväskylä,40700.0,FI,,Välikatu 4 A 28 a
Mannerheimin Lastensuojeluliiton Jyväskylän Yhdistys Ry,62.2485049,25.7513425,day care,Päiväkoti,False,False,"Tourukatu 25, 40100 Jyväskylä, Suomi",Tourukatu 25,Jyväskylä,40100.0,FI,,Tourukatu 25
Kannatusyhdistys Taivonkaari ry,65.0406778,25.4996425,day care,Päiväkoti,False,False,"Hiidentie 1, 90550 Oulu, Suomi",Hiidentie 1,Oulu,90550.0,FI,,Hiidentie 1
Päiväkoti Touhula Korso,60.3459582,25.0673178,day care,Päiväkoti,False,False,"Kulotie 5, 01450 Vantaa, Suomi",Kulotie 5,Vantaa,1450.0,FI,,Kulotie 5
Musiikkipäiväkoti Taikatahti,60.1722013,24.9486719,day care,Päiväkoti,False,False,"Kaisaniemenkatu 13, 00100 Helsinki, Suomi",Kaisaniemenkatu 13,Helsinki,100.0,FI,,Kaisaniemenkatu 13
Perhekoti Amicus Oy,60.4153758,25.0877014,day care,Perhepäivähoito,False,False,"Pohjolantie 9, 04230 Kerava, Suomi",Pohjolantie 9,Kerava,4230.0,FI,,Pohjolantie 9
Saturnuksen päiväkoti,60.3401494,25.0942155,day care,Perhepäivähoito,False,False,"Kaakkoisväylä 8, 01480 Vantaa, Suomi",Kaakkoisväylä 8,Vantaa,1480.0,FI,,Kaakkoisväylä 8
English Playschool,62.2451455,25.7527803,day care,Päiväkoti,False,False,"Kalevankatu, 40100 Jyväskylä, Suomi",Kalevankatu,Jyväskylä,40100.0,FI,,Kalevankatu
Torppis ry,62.2499849,25.7113289,day care,Päiväkoti,False,False,"Kartanonkuja, 40740 Jyväskylä, Suomi",Kartanonkuja,Jyväskylä,40740.0,FI,,Kartanonkuja
Luomukoto Oy,60.33119,25.0831147,day care,Perhepäivähoito,False,False,"Katrintie 54, 01400 Vantaa, Suomi",Katrintie 54,Vantaa,1400.0,FI,,Katrintie 54
Lystilän päiväkoti,63.8936664,24.5352774,day care,Päiväkoti,False,False,"B 4-6, Jussintie 41, 85410 Sievi, Suomi","B 4-6, Jussintie 41",Sievi,85410.0,FI,,"B 4-6, Jussintie 41"
Creative Learning Playschool,60.1670486,24.9735871,day care,Päiväkoti,False,False,"Merikasarminkatu 8, 00160 Helsinki, Suomi",Merikasarminkatu 8,Helsinki,160.0,FI,,Merikasarminkatu 8
OctoberCare,60.202232,24.9389688,day care,Perhepäivähoito,False,False,"Ratamestarinkatu 13 B 79, 00520 Helsinki, Suomi",Ratamestarinkatu 13 B 79,Helsinki,520.0,FI,,Ratamestarinkatu 13 B 79
ANKKALAMPI,60.1595916,24.9386893,day care,Päiväkoti,False,False,"Pursimiehenkatu 12, 00150 Helsinki, Suomi",Pursimiehenkatu 12,Helsinki,150.0,FI,,Pursimiehenkatu 12
Bumblebees Kindergarten Myllypuro,60.2226541,25.0639159,day care,Päiväkoti,False,False,"Neulapadontie 8K, 00920 Helsinki, Suomi",Neulapadontie 8K,Helsinki,920.0,FI,,Neulapadontie 8K
Neitojenrannan Mini-Ankka,60.1855196,25.0319157,day care,Päiväkoti,False,False,"Neitojenranta 1, 00810 Helsinki, Suomi",Neitojenranta 1,Helsinki,810.0,FI,,Neitojenranta 1
Pilke Taikamaa,60.1954747,24.904581,day care,Päiväkoti,False,False,"Mannerheimintie 93, 00270 Helsinki, Suomi",Mannerheimintie 93,Helsinki,270.0,FI,,Mannerheimintie 93
Vallilan Ankkalampi - Duckies,60.1952926,24.9524887,day care,Päiväkoti,False,False,"Lemunkuja 3, 00510 Helsinki, Suomi",Lemunkuja 3,Helsinki,510.0,FI,,Lemunkuja 3
Sedmigradskys Småbarnsskola och Marias Asyl,60.1679505,24.9502687,day care,Päiväkoti,False,False,"Pohjoisesplanadi 21, 00100 Helsinki, Suomi",Pohjoisesplanadi 21,Helsinki,100.0,FI,,Pohjoisesplanadi 21
Luontopäiväkoti Kaisla Keittiö,60.3765871,25.2820728,day care,Päiväkoti,False,False,"Laaksosuontie 24, 04130 Sipoo, Suomi",Laaksosuontie 24,Sipoo,4130.0,FI,,Laaksosuontie 24
Päiväkoti Siilitie,60.2071697,25.0429307,day care,Lastentarha,False,False,"Hillerikuja 1, 00800 Helsinki, Suomi",Hillerikuja 1,Helsinki,800.0,FI,,Hillerikuja 1
Päiväkoti Kalasatama,60.1839761,24.9797372,day care,Päiväkoti,False,False,"Polariksenkatu 1, 00099 Helsinki, Suomi",Polariksenkatu 1,Helsinki,99.0,FI,,Polariksenkatu 1
Luomupäiväkoti Kirsikka Itäkeskus,60.2083269,25.084936,day care,Päiväkoti,False,False,"Kauppakartanonkatu 14, 00930 Helsinki, Suomi",Kauppakartanonkatu 14,Helsinki,930.0,FI,,Kauppakartanonkatu 14
Päiväkoti Kotikallio,60.1963709,24.9639526,day care,Lastentarha,False,False,"Saarenkatu 4, 00550 Helsinki, Suomi",Saarenkatu 4,Helsinki,550.0,FI,,Saarenkatu 4
Pihapiirin Lapset ry,60.3717441,25.2791025,day care,Päiväkoti,False,False,"Uudensillantie, 04130 Sipoo, Suomi",Uudensillantie,Sipoo,4130.0,FI,,Uudensillantie
Daghemmet Anna,60.1838615,24.9422943,day care,Päiväkoti,False,False,"Toinen linja 12, 00530 Helsinki, Suomi",Toinen linja 12,Helsinki,530.0,FI,,Toinen linja 12
Stjärnan,60.1910227,25.0387072,day care,Päiväkoti,False,False,"Margareetankuja 1, 00810 Helsinki, Suomi",Margareetankuja 1,Helsinki,810.0,FI,,Margareetankuja 1
Keravan Liikunta ja Urheilu ry,60.4071677,25.0918654,day care,Päiväkoti,False,False,"Tuusulantie 45, 04200 Kerava, Suomi",Tuusulantie 45,Kerava,4200.0,FI,,Tuusulantie 45
Ruskea Ruuna (ent. Valkea Varsa),60.1824467,24.8010812,day care,Perhepäivähoito,False,False,"Luonnottarenpolku 6, 02100 Espoo, Suomi",Luonnottarenpolku 6,Espoo,2100.0,FI,,Luonnottarenpolku 6
Anni Lastentarha,60.199095,24.941161,day care,Päiväkoti,False,False,"Asemapäällikönkatu 5, 00520 Helsinki, Suomi",Asemapäällikönkatu 5,Helsinki,520.0,FI,,Asemapäällikönkatu 5
Daghemmet Arken,60.3815834,25.270677,day care,Päiväkoti,False,False,"Iso Kylätie 36, 04130 Sipoo, Suomi",Iso Kylätie 36,Sipoo,4130.0,FI,,Iso Kylätie 36
Pilke Liikuntapäiväkoti Kurkela,60.4151941,25.1082697,day care,Päiväkoti,False,False,"Leivonkatu 2, 04230 Kerava, Suomi",Leivonkatu 2,Kerava,4230.0,FI,,Leivonkatu 2
Korson Asukaspuisto,60.3529891,25.0692043,day care,Päiväkoti,False,False,"Korsontie 11, 01450 Vantaa, Suomi",Korsontie 11,Vantaa,1450.0,FI,,Korsontie 11
Pilke Aarteiden Talo,60.3792613,25.026343,day care,Päiväkoti,False,False,"Korkinporras 1, 04320 Tuusula, Suomi",Korkinporras 1,Tuusula,4320.0,FI,,Korkinporras 1
Trollebo,60.3911494,25.0952599,day care,Päiväkoti,False,False,"Kannistonkatu 5, 04260 Kerava, Suomi",Kannistonkatu 5,Kerava,4260.0,FI,,Kannistonkatu 5
Hoiva- ja kotipalvelu tyyni,62.2478352,25.7646604,day care,Päiväkoti,False,False,"Asekatu 3, 40100 Jyväskylä, Suomi",Asekatu 3,Jyväskylä,40100.0,FI,,Asekatu 3
Minimutka,62.8815417,27.6347641,day care,Päiväkoti,False,False,"Leväsentie 3, 70700 Kuopio, Suomi",Leväsentie 3,Kuopio,70700.0,FI,,Leväsentie 3
Jyväskylän taide- Ja kulttuuripäiväkoti Oy,62.2379011,25.7392611,day care,Päiväkoti,False,False,"Vaasankatu 8, 40100 Jyväskylä, Suomi",Vaasankatu 8,Jyväskylä,40100.0,FI,,Vaasankatu 8
Yksityinen perhepäivähoitaja Hanne Palovaara,66.5092666,25.7165286,day care,Perhepäivähoito,False,False,"Kympintie 4 a 1, 96200 Rovaniemi, Suomi",Kympintie 4 a 1,Rovaniemi,96200.0,FI,,Kympintie 4 a 1
Creative Learning Playschool,60.1668364,24.9735114,day care,Lastentarha,False,False,"Amiraalinkatu 3, 00160 Helsinki, Suomi",Amiraalinkatu 3,Helsinki,160.0,FI,,Amiraalinkatu 3
Daghemmet Strandboden,60.2005925,25.1209179,day care,Päiväkoti,False,False,"Prammikuja 3, 00980 Helsinki, Suomi",Prammikuja 3,Helsinki,980.0,FI,,Prammikuja 3
Hannelandia,60.2651104,25.0972361,day care,Päiväkoti,False,False,"Vaaralankuja 15 B 4, 01230 Vantaa, Suomi",Vaaralankuja 15 B 4,Vantaa,1230.0,FI,,Vaaralankuja 15 B 4
Kindergarten Umka,60.2383287,25.1002834,day care,Päiväkoti,False,False,"Rekipellontie 2, 00940 Helsinki, Suomi",Rekipellontie 2,Helsinki,940.0,FI,,Rekipellontie 2
Poikkilaakso Daycare Centre,60.1667684,25.08161,day care,Lastentarha,False,False,"Puuskaniementie 21, 00850 Helsinki, Suomi",Puuskaniementie 21,Helsinki,850.0,FI,,Puuskaniementie 21
.,60.2154028,25.1305379,day care,Päiväkoti,False,False,"Merikorttikuja 6 K 79, 00960 Helsinki, Suomi",Merikorttikuja 6 K 79,Helsinki,960.0,FI,,Merikorttikuja 6 K 79
Constantiam Central Server,60.2915527,25.1137235,day care,Päiväkoti,False,False,"Koulutie 24, 01260 Vantaa, Suomi",Koulutie 24,Vantaa,1260.0,FI,,Koulutie 24
Hakunilan Päivätoimintakeskus,60.2785269,25.1051532,day care,Päiväkoti,False,False,"Laukkarinne 4, 01200 Vantaa, Suomi",Laukkarinne 4,Vantaa,1200.0,FI,,Laukkarinne 4
Päiväkoti Myllytonttu,60.2171415,25.0810763,day care,Lastentarha,False,False,"Mustapuronpolku 4, 00900 Helsinki, Suomi",Mustapuronpolku 4,Helsinki,900.0,FI,,Mustapuronpolku 4
Kuopion Englantilainen Leikkikoulu,62.8891874,27.6835621,day care,Päiväkoti,False,False,"Vuorikatu 9, 70110 Kuopio, Suomi",Vuorikatu 9,Kuopio,70110.0,FI,,Vuorikatu 9
Päiväkoti Touhula VauhtiVekara,64.8054892,25.9816558,day care,Päiväkoti,False,False,"Tikkalantie 1, 91500 Muhos, Suomi",Tikkalantie 1,Muhos,91500.0,FI,,Tikkalantie 1
Rannankylän koulu,63.2297241,26.7677435,day care,Alakoulu,False,False,"Puistotie 7, 72400 Pielavesi, Suomi",Puistotie 7,Pielavesi,72400.0,FI,,Puistotie 7
Pudasjärven hirsikampus,65.3662994,26.9858335,day care,Koulu,False,False,"Nyynäjäntie 5, 93100 Pudasjärvi, Suomi",Nyynäjäntie 5,Pudasjärvi,93100.0,FI,,Nyynäjäntie 5
Kotkan Suomi-Amerikka Yhdistys Ry,60.4640948,26.8790235,day care,Yhdistys tai järjestö,False,False,"Mussalontie 428, 48310 Kotka, Suomi",Mussalontie 428,Kotka,48310.0,FI,,Mussalontie 428
Yksityinen perhepäivähoitaja Mirka Siitonen,62.8267698,27.6658898,day care,Perhepäivähoito,False,False,"Amerikanraitti 2 A, 70820 Kuopio, Suomi",Amerikanraitti 2 A,Kuopio,70820.0,FI,,Amerikanraitti 2 A
Kallaan Päiväkoti,66.7111872,27.5141169,day care,Päiväkoti,False,False,"Kallaantie 20, 98440 Kallaanvaara, Suomi",Kallaantie 20,Kallaanvaara,98440.0,FI,,Kallaantie 20
"Alvari, Kianta-Opisto",64.8808889,28.9088904,day care,Koulu,False,False,"Ervinkatu 1, 89600 Suomussalmi, Suomi",Ervinkatu 1,Suomussalmi,89600.0,FI,,Ervinkatu 1
Ryhmäperhepäivähoito Untuvainen,60.2002666,25.0628561,ryhmäperhepäivähoito,Päiväkoti,False,False,"Untuvaisenkuja 1 C 51, 00820 Helsinki, Suomi",Untuvaisenkuja 1 C 51,Helsinki,820.0,FI,,Untuvaisenkuja 1 C 51
Ryhmäperhepäivähoitokoti Pikku Arola,60.4256839,22.2072774,ryhmäperhepäivähoito,Perhepäivähoitaja,False,False,"Arolankaari 7 B 14, 20900 Turku, Suomi",Arolankaari 7 B 14,Turku,20900.0,FI,,Arolankaari 7 B 14
Ryhmäperhepäiväkoti Satumetsä,60.4437054,22.3418338,ryhmäperhepäivähoito,Perhepäivähoito,False,False,"Talvitie 38, 20610 Turku, Suomi",Talvitie 38,Turku,20610.0,FI,,Talvitie 38
Perhepäivähoitoryhmis Napsula,60.4491403,22.3243392,ryhmäperhepäivähoito,Lastenhoitotoimisto,False,False,"Vanha Littoistentie, 20540 Turku, Suomi",Vanha Littoistentie,Turku,20540.0,FI,,Vanha Littoistentie
Ryhmis-kotipesä Leppävaara,60.2226093,24.8097187,ryhmäperhepäivähoito,Lastenhoitotoimisto,False,False,"Kivenhakkaajankuja 2, 02650 Espoo, Suomi",Kivenhakkaajankuja 2,Espoo,2650.0,FI,,Kivenhakkaajankuja 2
Huvikumpu yksityinen ryhmäperhepäivähoito,61.001357,25.6742443,ryhmäperhepäivähoito,Yrityksen toimisto,False,False,"Norjankatu 6, 15210 Lahti, Suomi",Norjankatu 6,Lahti,15210.0,FI,,Norjankatu 6
Ryhmäperhepäiväkoti Nuppu,61.5062456,23.6785006,ryhmäperhepäivähoito,Päiväkoti,False,False,"Vaakonraitti 6 A 4, 33270 Tampere, Suomi",Vaakonraitti 6 A 4,Tampere,33270.0,FI,,Vaakonraitti 6 A 4
Ryhmäperhepäiväkoti Simpukka,60.2549776,25.0700362,ryhmäperhepäivähoito,Päiväkoti,False,False,"Jakomäentie 10, 00770 Helsinki, Suomi",Jakomäentie 10,Helsinki,770.0,FI,,Jakomäentie 10
Ryhmäperhepäiväkoti Pirtti,60.2311514,24.87819,ryhmäperhepäivähoito,Päiväkoti,False,False,"Punnuspolku 2, 00440 Helsinki, Suomi",Punnuspolku 2,Helsinki,440.0,FI,,Punnuspolku 2
Ryhmäperhepäivähoitokoti Wipatukset & Wipeltäjät,60.4858266,22.2705914,ryhmäperhepäivähoito,Lastenhoitotoimisto,False,False,"Runosmäenkatu 2 C 19, 20360 Turku, Suomi",Runosmäenkatu 2 C 19,Turku,20360.0,FI,,Runosmäenkatu 2 C 19
Ryhmäperhepäiväkoti Omppu,60.2553151,25.0120698,ryhmäperhepäivähoito,Päiväkoti,False,False,"Siemenkuja 4, 00700 Helsinki, Suomi",Siemenkuja 4,Helsinki,700.0,FI,,Siemenkuja 4
Ryhmäperhepäivähoitokoti Saarinen,60.4631356,22.1992892,ryhmäperhepäivähoito,Perhepäivähoitaja,False,False,"Häränajajanpolku 1 A 6, 20210 Turku, Suomi",Häränajajanpolku 1 A 6,Turku,20210.0,FI,,Häränajajanpolku 1 A 6
Ryhmäperhepäivähoitokoti Veitikat,60.4721124,22.317568,ryhmäperhepäivähoito,Lastentarha,False,False,"Paavinkatu 14F, 20540 Turku, Suomi",Paavinkatu 14F,Turku,20540.0,FI,,Paavinkatu 14F
Ryhmäperhepäivähoitokoti Toivolan Tenavat,60.4339203,22.2670821,ryhmäperhepäivähoito,Perhepäivähoitaja,False,False,"Toivolankatu 27, 20810 Turku, Suomi",Toivolankatu 27,Turku,20810.0,FI,,Toivolankatu 27
Ryhmäperhepäivähoito,63.4972371,28.2966895,ryhmäperhepäivähoito,Koulu,False,False,"Koulutie 8, 73900 Rautavaara, Suomi",Koulutie 8,Rautavaara,73900.0,FI,,Koulutie 8
Ryhmäperhepäivähoito Lastenlandia,62.27063,25.8016807,ryhmäperhepäivähoito,Lastentarha,False,False,"Nevakatu 1 C 8, 40340 Jyväskylä, Suomi",Nevakatu 1 C 8,Jyväskylä,40340.0,FI,,Nevakatu 1 C 8
Ryhmäperhepäiväkodit,60.4377374,22.2869901,ryhmäperhepäivähoito,Koulu,False,False,"Kivikartiontie 1, 20720 Turku, Suomi",Kivikartiontie 1,Turku,20720.0,FI,,Kivikartiontie 1
Folkhälsan Välfärd Ab,60.4447874,22.2747266,group family day care,Lastentarha,False,False,"Kaskenkatu 13, 20700 Turku, Suomi",Kaskenkatu 13,Turku,20700.0,FI,,Kaskenkatu 13
"Päiväkoti Päivänpaisteiden Mummola Oy, Espoo",60.224408,24.8137219,group family day care,Päiväkoti,False,False,"Harakantie 6 A, 02650 Espoo, Suomi",Harakantie 6 A,Espoo,2650.0,FI,,Harakantie 6 A
Perhekoti Makarios Oy,60.2819888,24.7543317,group family day care,Lastenhoitotoimisto,False,False,"Puronporras 4, 02920 Espoo, Suomi",Puronporras 4,Espoo,2920.0,FI,,Puronporras 4
Yksityinen perhepäivähoito KäenSyli,60.4879547,22.1423682,perhepäivähoito,Perhepäivähoito,False,False,"Piriläntie 5 a, 21200 Raisio, Suomi",Piriläntie 5 a,Raisio,21200.0,FI,,Piriläntie 5 a
Pajamäen Seurakuntakoti,60.2181584,24.8540528,perhepäivähoito,Perhepäivähoito,False,False,"Pajamäentie 14, 00360 Helsinki, Suomi",Pajamäentie 14,Helsinki,360.0,FI,,Pajamäentie 14
Niemen Nassikat,61.5242784,23.6904344,perhepäivähoito,Perhepäivähoito,False,False,"Kivikallionkatu 28, 33400 Tampere, Suomi",Kivikallionkatu 28,Tampere,33400.0,FI,,Kivikallionkatu 28
Perhepäivähoito Pilvi,62.116072,25.7599925,perhepäivähoito,Perhepäivähoitaja,False,False,"Metsopolku 3, 40900 Jyväskylä, Suomi",Metsopolku 3,Jyväskylä,40900.0,FI,,Metsopolku 3
RPPK Jänöjussi,60.2574266,24.9417909,perhepäivähoito,Perhepäivähoito,False,False,"Kuusmiehentie 3 J 55, 00690 Helsinki, Suomi",Kuusmiehentie 3 J 55,Helsinki,690.0,FI,,Kuusmiehentie 3 J 55
"Kultapalat perhepäivähoitaja, Daniela Torkkel",60.3551728,25.5287148,perhepäivähoito,Perhepäivähoito,False,False,"Jutaksentie 56, 06830 Porvoo, Suomi",Jutaksentie 56,Porvoo,6830.0,FI,,Jutaksentie 56
Pesosen perhepäivähoito,61.4700422,24.3382169,perhepäivähoito,Perhepäivähoitaja,False,False,"Marjanraitti 5, 36420 Sahalahti, Suomi",Marjanraitti 5,Sahalahti,36420.0,FI,,Marjanraitti 5
Yksityinen Perhepäivähoito,62.144038,25.7383562,perhepäivähoito,Lastentarha,False,False,"Kansitie, 40900 Jyväskylä, Suomi",Kansitie,Jyväskylä,40900.0,FI,,Kansitie
"Kultapalat perhepäivähoitaja, Karoliina Peuranheimo",60.2391903,24.8693249,perhepäivähoito,Perhepäivähoito,False,False,"Trumpettitie, 00420 Helsinki, Suomi",Trumpettitie,Helsinki,420.0,FI,,Trumpettitie
Yksityinen perhepäivähoitopaikka Tupun tupa,61.4978162,23.6380096,perhepäivähoito,Perhepäivähoitaja,False,False,"Voionmaankatu 69, 33300 Tampere, Suomi",Voionmaankatu 69,Tampere,33300.0,FI,,Voionmaankatu 69
Ryhmäperhepäiväkoti Onnelit avoin yhtiö,61.5222818,23.6368427,perhepäivähoito,Perhepäivähoito,False,False,"Ylöjärventie 41, 33420 Tampere, Suomi",Ylöjärventie 41,Tampere,33420.0,FI,,Ylöjärventie 41
Ryhmis Sportti Vekarat Päivi Vaajakari,61.47081,21.8051297,perhepäivähoito,Perhepäivähoitaja,False,False,"Sahalaistenkatu 5, 28130 Pori, Suomi",Sahalaistenkatu 5,Pori,28130.0,FI,,Sahalaistenkatu 5
Pörriäisenpesä,62.7395091,22.88404,perhepäivähoito,Perhepäivähoitaja,False,False,"Collininkatu 1, 60280 Seinäjoki, Suomi",Collininkatu 1,Seinäjoki,,FI,,Collininkatu 1
Virpi Nihti yksityinen perhepäivähoitaja,61.4994786,23.8592947,perhepäivähoito,Lastentarha,False,False,"Irjalankatu 62, 33560 Tampere, Suomi",Irjalankatu 62,Tampere,33560.0,FI,,Irjalankatu 62
Yksityinen perhepäivähoitaja Hanna Riihimäki,61.5248291,23.9468657,perhepäivähoito,Perhepäivähoitaja,False,False,"Tähkäniitynkatu 15, 33610 Tampere, Suomi",Tähkäniitynkatu 15,Tampere,33610.0,FI,,Tähkäniitynkatu 15
Hoivanet Oy,60.2077463,24.7675388,perhepäivähoito,Lastenhoitotoimisto,False,False,"Vitikka 4, 02630 Esbo, Suomi",Vitikka 4,Espoo,2630.0,FI,,Vitikka 4
Kielikylpypäiväkoti Sälen - Språkbaddaghemmet Sälen,60.1580972,24.8833033,perhepäivähoito,Päiväkoti,False,False,"Pajalahdentie 10 C 00200, 00200 Helsinki, Suomi",Pajalahdentie 10 C 00200,Helsinki,200.0,FI,,Pajalahdentie 10 C 00200
Ryhmäperhepäiväkoti Taimi,60.2316489,25.0311743,perhepäivähoito,Päiväkoti,False,False,"Tilanhoitajankaari 8, 00790 Helsinki, Suomi",Tilanhoitajankaari 8,Helsinki,790.0,FI,,Tilanhoitajankaari 8
Ryhmäperhepäiväkoti Pikku-Mylly,60.2320111,25.075359,perhepäivähoito,Päiväkoti,False,False,"Karpalopolku 13, 00940 Helsinki, Suomi",Karpalopolku 13,Helsinki,940.0,FI,,Karpalopolku 13
Kansalaisopisto,63.8997948,23.9151862,perhepäivähoito,Koulu,False,False,"Asematie 1, 69100 Kannus, Suomi",Asematie 1,Kannus,69100.0,FI,,Asematie 1
Ryhmäperhepäiväkoti Pikkusiili,60.2134913,25.0396066,perhepäivähoito,Päiväkoti,False,False,"Siilitie 18, 00800 Helsinki, Suomi",Siilitie 18,Helsinki,800.0,FI,,Siilitie 18
Ryhmäperhepäiväkoti Luhti,60.2321441,25.0039252,perhepäivähoito,Päiväkoti,False,False,"Salpausseläntie 1, 00710 Helsinki, Suomi",Salpausseläntie 1,Helsinki,710.0,FI,,Salpausseläntie 1
Taikametsän Maahiset Oy,60.8203562,24.7583848,perhepäivähoito,Lastentarha,False,False,"Kulmatie 4, 12310 Ryttylä, Suomi",Kulmatie 4,Ryttylä,12310.0,FI,,Kulmatie 4
Simppulankartanon avoin päiväkoti,65.1726298,25.3569007,perhepäivähoito,Lastentarha,False,True,"Simpuntie 11, 90830 Oulu, Suomi",Simpuntie 11,Oulu,90830.0,FI,,Simpuntie 11
Perhehoitoliitto ry,62.2466961,25.7556601,perhepäivähoito,Yhdistys tai järjestö,False,False,"Ilmarisenkatu 17, 40100 Jyväskylä, Suomi",Ilmarisenkatu 17,Jyväskylä,40100.0,FI,,Ilmarisenkatu 17
Perhepäiväkoti Leikin Idea,65.0760961,25.458432,perhepäivähoito,Perhepäivähoito,False,False,"Kuivasrannantie, 90540 Oulu, Suomi",Kuivasrannantie,Oulu,,FI,,Kuivasrannantie
Siikalatvan lukio,64.1711819,25.9650343,perhepäivähoito,Julkinen koulu,False,False,"Keskustie 29, 92620 Piippola, Suomi",Keskustie 29,Piippola,92620.0,FI,,Keskustie 29
Lentuan koulu,64.2080383,29.7339916,perhepäivähoito,Koulu,False,False,"Ohtolantie 27, 88900 Kuhmo, Suomi",Ohtolantie 27,Kuhmo,88900.0,FI,,Ohtolantie 27
Tmi Minnikki,61.0941019,21.8545315,family day care,Perhepäivähoito,False,True,"Hinnerjoentie 22, 27230 Lappi, Suomi",Hinnerjoentie 22,Lappi,27230.0,FI,,Hinnerjoentie 22
Ylöjärven lastensuojeluyksikkö,61.5396103,23.5934937,family day care,Lastenhoitotoimisto,False,False,"Tornitie 4, 33430 Ylöjärvi, Suomi",Tornitie 4,Ylöjärvi,33430.0,FI,,Tornitie 4
Pesäpuu,63.3645875,23.4757555,family day care,Lastenhoitotoimisto,False,False,"Viskarinaukio 14, 62500 Evijärvi, Suomi",Viskarinaukio 14,Evijärvi,62500.0,FI,,Viskarinaukio 14
TAMK,61.5046262,23.8094148,family day care,Koulu,False,False,"Kuntokatu 3, 33520 Tampere, Suomi",Kuntokatu 3,Tampere,33520.0,FI,,Kuntokatu 3
Pelastakaa Lapset ry,60.2095158,24.947632,family day care,Yhdistys tai järjestö,False,False,"Koskelantie 38, 00610 Helsinki, Suomi",Koskelantie 38,Helsinki,610.0,FI,,Koskelantie 38
Ranskalainen Jules Verne -koulu ja leikkikoulu,60.1632866,24.9292194,family day care,Yksityinen koulu,False,False,"Lönnrotinkatu 37, 00180 Helsinki, Suomi",Lönnrotinkatu 37,Helsinki,180.0,FI,,Lönnrotinkatu 37
Tmi Tiina Rönkkö,64.2199298,27.7050436,family day care,Perhepäivähoito,False,False,"Suksikatu 28, 87150 Kajaani, Suomi",Suksikatu 28,Kajaani,87150.0,FI,,Suksikatu 28
Daghemmet Ängsbacken,60.1195708,19.9552284,kindergarten,Lastentarha,False,False,"Hindersbölevägen, Mariehamn 22100, Ahvenanmaa",Hindersbölevägen,Mariehamn,22100.0,AX,,Hindersbölevägen
Päiväkoti Arabia,60.2038042,24.9755142,kindergarten,Lastentarha,False,False,"Berliininkatu 4 B, 00560 Helsinki, Suomi",Berliininkatu 4 B,Helsinki,560.0,FI,,Berliininkatu 4 B
Gottby daghem,60.1313725,19.8443308,kindergarten,Lastentarha,False,True,"764 Södersundavägen, 22130, Ahvenanmaa",764 Södersundavägen,,22130.0,AX,,764 Södersundavägen
Godby Daghem,60.2294883,19.9814948,kindergarten,Lastentarha,False,False,"1 Källbovägen, 22410, Ahvenanmaa",1 Källbovägen,,22410.0,AX,,1 Källbovägen
Waldorf Åland r.f,60.1820341,19.9511496,kindergarten,Steiner-päiväkoti,False,False,"782 Godbyvägen, Jomala 22150, Ahvenanmaa",782 Godbyvägen,Jomala,22150.0,AX,,782 Godbyvägen
Daghemmet Solkatten,60.0681113,20.1042786,kindergarten,Lastentarha,False,False,"Lelöksgränd, 22610, Ahvenanmaa",Lelöksgränd,,22610.0,AX,,Lelöksgränd
Päiväkoti Satusaari,60.4741974,22.1373865,kindergarten,Lastentarha,False,False,"Kaislatie 12, 21200 Raisio, Suomi",Kaislatie 12,Raisio,21200.0,FI,,Kaislatie 12
Rauma-Repolan Tarhan Kannatusyhdistys Ry,61.1217074,21.4860691,kindergarten,Lastentarha,False,False,"Talolantie 9, 26100 Rauma, Suomi",Talolantie 9,Rauma,26100.0,FI,,Talolantie 9
Rauman englanninkielinen lastentarhayhdistys ry,61.1313572,21.4919308,kindergarten,Koulu,False,False,"Karjalankatu 16, 26100 Rauma, Suomi",Karjalankatu 16,Rauma,26100.0,FI,,Karjalankatu 16
"Ammatillinen Oppilaitos Winnova, ei virallinen sijaintisivu",61.1304708,21.5292272,kindergarten,Lastentarha,False,True,"Steniuksenkatu 8, 26100 Rauma, Suomi",Steniuksenkatu 8,Rauma,26100.0,FI,,Steniuksenkatu 8
Kristiinankaupungin ruotsinkielinen lukio,62.2737238,21.3688185,kindergarten,Koulu,False,False,"Koulurinne 4, 64100 Kristiinankaupunki, Suomi             Skolbrinken 4, 64100 Kristinestad",Koulurinne 4,Kristiinankaupunki,64100.0,FI,,Koulurinne 4
Kantakaupungin koulu,62.2790451,21.3721828,kindergarten,Koulu,False,False,"Köydenpunojankatu 16, 64100 Kristiinankaupunki, Suomi             Repslagaregatan 16, 64100 Kristinestad",Köydenpunojankatu 16,Kristiinankaupunki,64100.0,FI,,Köydenpunojankatu 16
Vaasa English Playschool,63.077938,21.6543107,kindergarten,Lastentarha,False,False,"Teirinkatu 5, 65350 Vaasa, Suomi",Teirinkatu 5,Vaasa,65350.0,FI,,Teirinkatu 5
Rullebo Daghem,63.1087618,21.6771678,kindergarten,Lastentarha,False,True,"Rudolfinkuja 3, 65610 Mustasaari, Suomi             Rudolfsgränd 3, 65610 Korsholm",Rudolfinkuja 3,Mustasaari,65610.0,FI,,Rudolfinkuja 3
Manna Daycare Centre,63.1027696,21.6211804,kindergarten,Lastentarha,False,False,"Laivakatu 11, 65100 Vaasa, Suomi",Laivakatu 11,Vaasa,65100.0,FI,,Laivakatu 11
Pohjoiskehän koulu,61.1519759,21.5006113,kindergarten,Koulu,False,False,"Pohjoiskehä 14, 26200 Rauma, Suomi",Pohjoiskehä 14,Rauma,26200.0,FI,,Pohjoiskehä 14
Käppärän Päiväkoti,61.4829261,21.7612998,kindergarten,Lastentarha,False,True,"Kalevanpuisto 56 B, 28120 Pori, Suomi",Kalevanpuisto 56 B,Pori,28120.0,FI,,Kalevanpuisto 56 B
Vasaramäen päivähoitoyksikkö,60.4362811,22.3020888,kindergarten,Lastentarha,False,False,"Rakuunatie 56, 20720 Turku, Suomi",Rakuunatie 56,Turku,20720.0,FI,,Rakuunatie 56
"Turun Kaupungin Päiväkoti, Pormestarin Toimintakeskus",60.4306559,22.3405019,kindergarten,Steiner-päiväkoti,False,False,"Pormestarinkatu 12, 20750 Turku, Suomi",Pormestarinkatu 12,Turku,20750.0,FI,,Pormestarinkatu 12
Päiväkoti: Braheskolans daghem och förskola,60.4329567,22.2547593,kindergarten,Lastentarha,False,False,"Valtaojantie 27, 20810 Turku, Suomi",Valtaojantie 27,Turku,20810.0,FI,,Valtaojantie 27
Tommilankadun päiväkoti,60.4655298,22.2473343,kindergarten,Lastentarha,False,False,"Tommilankatu 24, 20300 Turku, Suomi",Tommilankatu 24,Turku,20300.0,FI,,Tommilankatu 24
Päiväkoti Karusellimaa Oy,60.485559,22.243709,kindergarten,Lastentarha,False,False,"Ekmaninkatu 4, 21320 Turku, Suomi",Ekmaninkatu 4,Turku,21320.0,FI,,Ekmaninkatu 4
Pilke Äppelbo,60.4352286,22.2461203,kindergarten,Lastentarha,False,False,"Ojarinne 5, 20810 Turku, Suomi",Ojarinne 5,Turku,20810.0,FI,,Ojarinne 5
Muksulanmäki Oy,60.4231146,22.3116518,kindergarten,Lastentarha,False,False,"Välskärinkatu 15, 20740 Turku, Suomi",Välskärinkatu 15,Turku,20740.0,FI,,Välskärinkatu 15
Päiväkoti: Daghemmet Port Arthur,60.4460086,22.2445927,kindergarten,Lastentarha,False,False,"Sofiankatu 7, 20100 Turku, Suomi",Sofiankatu 7,Turku,20100.0,FI,,Sofiankatu 7
Wendy House,60.4350474,22.2249933,kindergarten,Lastentarha,False,False,"Neljäs linja 3, 20100 Turku, Suomi",Neljäs linja 3,Turku,20100.0,FI,,Neljäs linja 3
"Päiväkoti: Cygnaeus daghem och förskola, Gregorius daghem",60.4707752,22.3066977,kindergarten,Lastentarha,False,False,"Gregorius IX:n tie 12, 20540 Turku, Suomi",Gregorius IX:n tie 12,Turku,20540.0,FI,,Gregorius IX:n tie 12
Halisten päiväkoti,60.4713999,22.3168769,kindergarten,Lastentarha,False,False,"Paavinkatu 15, 20540 Turku, Suomi",Paavinkatu 15,Turku,20540.0,FI,,Paavinkatu 15
"Puolalan koulu, Kauppiaskadun yksikkö",60.4542726,22.2646577,kindergarten,Alakoulu,False,False,"Kauppiaskatu 14, 20100 Turku, Suomi",Kauppiaskatu 14,Turku,20100.0,FI,,Kauppiaskatu 14
Merituulen päiväkoti,60.3017173,22.3139717,kindergarten,Lastentarha,False,False,"Tennbyntie 17, 21600 Parainen, Suomi             Tennbyvägen 17, 21600 Pargas",Tennbyntie 17,Parainen,21600.0,FI,,Tennbyntie 17
Isojoen Koulukolmio,62.1193118,21.9581491,kindergarten,Ala-aste,False,False,"Kristiinantie 17, 64900 Isojoki, Suomi",Kristiinantie 17,Isojoki,64900.0,FI,,Kristiinantie 17
Kindergarten der Deutschen Gemeinde,60.1633079,24.952007,kindergarten,Lastentarha,False,False,"Bernhardinkatu 4, 00130 Helsinki, Suomi",Bernhardinkatu 4,Helsinki,130.0,FI,,Bernhardinkatu 4
Yttermark daghem,62.5450212,21.3966233,kindergarten,Lastentarha,False,False,"Vasavägen 764, 64220 Närpes, Suomi",Vasavägen 764,Närpiö,64220.0,FI,,Vasavägen 764
Karijoen koulu,62.3069152,21.7099723,kindergarten,Alakoulu,False,False,"Pappilankuja 2, 64350 Karijoki, Suomi",Pappilankuja 2,Karijoki,64350.0,FI,,Pappilankuja 2
Teuvan yhtenäiskoulu,62.4809608,21.7394657,kindergarten,Alakoulu,False,False,"Porvarintie 49, 64700 Teuva, Suomi",Porvarintie 49,Teuva,64700.0,FI,,Porvarintie 49
Daghemmet Skogsstjärnan,63.5250562,22.5209605,kindergarten,Lastentarha,False,False,"Fjärrgränd 2, 66900 Nykarleby, Suomi",Fjärrgränd 2,Uusikaarlepyy,,FI,,Fjärrgränd 2
Östensö Förskola,63.6167015,22.8002084,kindergarten,Lastentarha,False,True,"Koulutie 44, 68910 Pedersören kunta, Suomi             Skolvägen 44, 68910 Pedersöre",Koulutie 44,Pedersören kunta,68910.0,FI,,Koulutie 44
Daghem,63.2922114,22.0197443,kindergarten,Lastentarha,False,True,"Särkimovägen 861, 66640 Maksamaa, Suomi",Särkimovägen 861,Maksamaa,66640.0,FI,,Särkimovägen 861
Vestersundsby Daghem,63.6770601,22.6716468,kindergarten,Lastentarha,False,True,"Koulutie 34, 68620 Pietarsaari, Suomi",Koulutie 34,Pietarsaari,68620.0,FI,,Koulutie 34
Kirsikkapäiväkodit Oy,60.7045933,22.7560898,kindergarten,Lastentarha,False,False,"Huitinperäntie 6, 21800 Pöytyä, Suomi",Huitinperäntie 6,Pöytyä,21800.0,FI,,Huitinperäntie 6
Ajovarma,61.4649776,21.8428794,kindergarten,Lastentarha,False,True,"Trakinkatu, 38200 Sastamala, Suomi",Trakinkatu,Sastamala,38200.0,FI,,Trakinkatu
Seinajoki English Play School,62.768615,22.8301649,kindergarten,Lastentarha,False,False,"Simunantie 6, 60220 Seinäjoki, Suomi",Simunantie 6,Seinäjoki,60220.0,FI,,Simunantie 6
Tmi Metsäalm,60.1937756,23.1411748,kindergarten,Lastentarha,False,False,"Mäntyniementie 7, 25500 Perniö, Suomi",Mäntyniementie 7,Perniö,25500.0,FI,,Mäntyniementie 7
VERKANAPPULAT NAPPULAKOSKI,60.8570512,23.0314697,kindergarten,Lastentarha,False,False,"Juvantie 3, 32200 Loimaa, Suomi",Juvantie 3,Loimaa,32200.0,FI,,Juvantie 3
Daghemmet Bamse,63.5265199,22.9611229,kindergarten,Lastentarha,False,False,"Isomäentie 5, 68930 Pedersöre, Suomi             Storbackavägen 5, 68930 Pedersöre",Isomäentie 5,Pedersöre,68930.0,FI,,Isomäentie 5
Helsingin kansainvälinen koulu,60.1606746,24.9160896,kindergarten,Kansainvälinen koulu,False,False,"Selkämerenkatu 11, 00180 Helsinki, Suomi",Selkämerenkatu 11,Helsinki,180.0,FI,,Selkämerenkatu 11
Barnträdgården Rosengården,59.9846539,23.41387,kindergarten,Lastentarha,False,False,"Hangövägen 2061, 10620 Ekenäs, Suomi",Hangövägen 2061,Tammisaari,10620.0,FI,,Hangövägen 2061
Metsäkulman koulu,63.52689,22.5215263,kindergarten,Koulu,False,False,"Läntelä 1, 66900 Uusikaarlepyy, Suomi             Västanlid 1, 66900 Nykarleby",Läntelä 1,Uusikaarlepyy,66900.0,FI,,Läntelä 1
Museigrändens Förskola,63.5969556,23.0425736,kindergarten,Lastentarha,False,True,"Ähtäväntie 166, 68820 Pedersöre, Suomi             Essevägen 166, 68820 Pedersöre",Ähtäväntie 166,Pedersöre,68820.0,FI,,Ähtäväntie 166
Nordmans Skola,63.6714841,22.7013107,kindergarten,Koulu,False,True,"Puutarhakatu 27, 68600 Pietarsaari, Suomi             Trädgårdsgatan 27, 68600 Pietarsaari",Puutarhakatu 27,Pietarsaari,68600.0,FI,,Puutarhakatu 27
Sjöglimtens daghem,63.5454219,23.5022681,kindergarten,Lastentarha,False,True,"68700 Kruunupyy, Suomi             68700 Kronoby",,Kruunupyy,68700.0,FI,,
"Laihian yhtenäiskoulu, Kylänpään yksikkö",62.9078903,22.0683821,kindergarten,Alakoulu,False,False,"Iippomäentie 2, 66460 HAAPALA, Suomi",Iippomäentie 2,HAAPALA,66460.0,FI,,Iippomäentie 2
Zachariasskolan,63.5267583,22.5247589,kindergarten,Koulu,False,False,"Seminaarikatu 28, 66900 Uusikaarlepyy, Suomi             Seminariegatan 28, 66900 Nykarleby",Seminaarikatu 28,Uusikaarlepyy,66900.0,FI,,Seminaarikatu 28
Peltolammin Päiväkoti,61.454939,23.7569375,kindergarten,Lastentarha,False,False,"Peltolamminkatu 12, 33840 Tampere, Suomi",Peltolamminkatu 12,Tampere,33840.0,FI,,Peltolamminkatu 12
Marttilan koulu,61.3419082,22.913849,kindergarten,Koulu,False,False,"Marttilankatu 22, 38200 Sastamala, Suomi",Marttilankatu 22,Sastamala,38200.0,FI,,Marttilankatu 22
lastenhoitaja Maria,60.8051467,23.6238116,kindergarten,Lastentarha,False,False,"Kurkelankatu, 30300 Forssa, Suomi",Kurkelankatu,Forssa,30300.0,FI,,Kurkelankatu
Solbacka daghem,60.0657163,23.6389494,kindergarten,Lastentarha,False,False,"Myllykuja 1, 10300 Raasepori, Suomi             Kvarngränd 1, 10300 Raseborg",Myllykuja 1,Raasepori,10300.0,FI,,Myllykuja 1
Daghemmet Karusellen,60.0814298,23.6964576,kindergarten,Lastentarha,False,False,"Pappilankatu 7, 10300 Raasepori, Suomi             Prästgårdsgatan 7, 10300 Raseborg",Pappilankatu 7,Raasepori,10300.0,FI,,Pappilankatu 7
Daghemmet Petter,60.1886433,23.9960361,kindergarten,Lastentarha,False,False,"Petter Forsströmin tie 1, 08700 Lohja, Suomi",Petter Forsströmin tie 1,Lohja,8700.0,FI,,Petter Forsströmin tie 1
"Sunshine Early Learning Centre, Ranta-Tampella",61.5066095,23.7665327,kindergarten,Lastentarha,False,False,"33100 Tampere, Suomi",,Tampere,33100.0,FI,,
Päiväkoti Soukanpuisto,61.5066109,23.766539,kindergarten,Lastentarha,False,False,"Tampellan esplanadi, 33100 Tampere, Suomi",Tampellan esplanadi,Tampere,33100.0,FI,,Tampellan esplanadi
Soilikin Lastentarha,61.5020808,23.7895094,kindergarten,Lastentarha,False,False,"Väinölänkatu 26, 33500 Tampere, Suomi",Väinölänkatu 26,Tampere,33500.0,FI,,Väinölänkatu 26
Impisen Kyösti,65.0018225,25.4872456,kindergarten,Lastentarha,False,False,"Kivikuja 8, 90140 Oulu, Suomi",Kivikuja 8,Oulu,90140.0,FI,,Kivikuja 8
Päiväkoti Lilliputti,64.9852233,25.5703355,kindergarten,Lastentarha,False,False,"Kajaanintie 212 A, 90240 Oulu, Suomi",Kajaanintie 212 A,Oulu,90240.0,FI,,Kajaanintie 212 A
Tonttu Päiväkodit Oy,65.00468,25.4915156,kindergarten,Lastentarha,False,False,"Taipaleentie 1, 90140 Oulu, Suomi",Taipaleentie 1,Oulu,90140.0,FI,,Taipaleentie 1
"Viisiokuntien Mielenterveysyhdistys ry, Töysä-Alavus",62.5842156,23.6166194,kindergarten,Lastentarha,False,False,"Järviluomantie 12, 63300 Alavus, Suomi",Järviluomantie 12,Alavus,63300.0,FI,,Järviluomantie 12
Naperovakka kommandiittiyhtiö,65.2159063,25.285368,kindergarten,Lastentarha,False,False,"Martinhovi 4, 90850 Oulu, Suomi",Martinhovi 4,Oulu,90850.0,FI,,Martinhovi 4
Furuholmens Daghem,63.7140274,22.7477564,kindergarten,Lastentarha,False,False,"Backvägen 7, 68580 Larsmo, Suomi",Backvägen 7,Luoto,68580.0,FI,,Backvägen 7
Kindergarten,61.2836567,23.9880815,kindergarten,Lastentarha,False,False,"13953 6, 37630 Valkeakoski, Suomi",13953 6,Valkeakoski,37630.0,FI,,13953 6
Steinerpäiväkoti Pääskynpesä,60.3182822,23.8195865,kindergarten,Lastentarha,False,False,"Kalevalantie 2a, 09220 Lohja, Suomi",Kalevalantie 2a,Lohja,9220.0,FI,,Kalevalantie 2a
Akonpuiston päiväkoti,61.4981466,23.7804461,kindergarten,Lastentarha,False,True,"Lähteenkatu 4, 33500 Tampere, Suomi",Lähteenkatu 4,Tampere,33500.0,FI,,Lähteenkatu 4
Alvarin koulu,62.8096331,23.5086113,kindergarten,Koulu,False,False,"Kortesmäentie 5, 63100 Kuortane, Suomi",Kortesmäentie 5,Kuortane,63100.0,FI,,Kortesmäentie 5
Garantiföreningen för Jorvas Barnträdgård r.f.,60.1352719,24.5035294,kindergarten,Lastentarha,False,False,"Vanha Rantatie 394, 02420 Kirkkonummi, Suomi",Vanha Rantatie 394,Kirkkonummi,2420.0,FI,,Vanha Rantatie 394
Saksankielisen Kasvatuksen Tuki ry,61.5014703,23.7671133,kindergarten,Koulu,False,True,"Aleksanterinkatu 12, 33100 Tampere, Suomi",Aleksanterinkatu 12,Tampere,33100.0,FI,,Aleksanterinkatu 12
Otsonpesä Oy,60.1246655,24.4361018,kindergarten,Lastentarha,False,False,"Kuninkaantie 21, 02400 Kirkkonummi, Suomi",Kuninkaantie 21,Kirkkonummi,2400.0,FI,,Kuninkaantie 21
Rampen päikky,61.5102132,23.6051611,kindergarten,Lastentarha,False,True,"Virontörmänkatu 13, 33310 Tampere, Suomi",Virontörmänkatu 13,Tampere,33310.0,FI,,Virontörmänkatu 13
Oulaisten ammattiopisto,64.2671631,24.8480575,kindergarten,Lastentarha,False,False,"Kuntotie 2, 86300 Oulainen, Suomi",Kuntotie 2,Oulainen,86300.0,FI,,Kuntotie 2
Päiväkoti (kindergarten) Sirius,60.1721103,24.7264606,kindergarten,Lastentarha,False,False,"Maapallonkuja 2 B, 02210 Espoo, Suomi",Maapallonkuja 2 B,Espoo,2210.0,FI,,Maapallonkuja 2 B
Päiväkoti Kolkka,60.2265915,24.8556793,kindergarten,Lastentarha,False,False,"Kolkkapojantie 10, 00370 Helsinki, Suomi",Kolkkapojantie 10,Helsinki,370.0,FI,,Kolkkapojantie 10
Spielhaus Kerava,60.4066871,25.0960014,kindergarten,Lastentarha,False,False,"Nyyrikinkuja 10, 04200 Kerava, Suomi",Nyyrikinkuja 10,Kerava,4200.0,FI,,Nyyrikinkuja 10
Postilla - Sjundeå församlingar,60.1385568,24.2258785,kindergarten,Lastentarha,False,False,"Åke Tottin tie 3, 02580 Siuntio, Suomi",Åke Tottin tie 3,Siuntio,2580.0,FI,,Åke Tottin tie 3
Kalajoen Kristillinen Opisto,64.2575025,23.9460355,kindergarten,Koulu,False,False,"Kasarmintie 2, 85100 Kalajoki, Suomi",Kasarmintie 2,Kalajoki,85100.0,FI,,Kasarmintie 2
Tiistilänraitin päiväkoti,60.1548981,24.7350924,kindergarten,Lastentarha,False,False,"Tiistilänkuja 7, 02230 Espoo, Suomi",Tiistilänkuja 7,Espoo,2230.0,FI,,Tiistilänkuja 7
Pikku-Talvikangas,65.0455548,25.5866107,kindergarten,Lastentarha,False,False,"Tuiskutie 5, 90630 Oulu, Suomi",Tuiskutie 5,Oulu,90630.0,FI,,Tuiskutie 5
Keran päiväkoti,60.2126522,24.7625235,kindergarten,Lastentarha,False,False,"Nihtikuja, 02630 Espoo, Suomi",Nihtikuja,Espoo,2630.0,FI,,Nihtikuja
Malminkartanon Paviljonki päiväkoti,60.2460632,24.8610976,kindergarten,Lastentarha,False,False,"Puustellinpolku 11, 00410 Helsinki, Suomi",Puustellinpolku 11,Helsinki,410.0,FI,,Puustellinpolku 11
Daghemmet Sockenstugan,60.2289261,24.8501066,kindergarten,Lastentarha,False,False,"Kånalavägen 13 A, 00370 Helsingfors, Suomi",Kånalavägen 13 A,Helsinki,370.0,FI,,Kånalavägen 13 A
Vermon Päiväkoti,60.2194778,24.8425595,kindergarten,Lastentarha,False,False,"00370 Espoo, Suomi",,Espoo,,FI,,
Metsolan päiväkoti,60.175018,24.7908853,kindergarten,Lastentarha,False,False,"Kelohongantie 6, 02120 Espoo, Suomi",Kelohongantie 6,Espoo,2120.0,FI,,Kelohongantie 6
Lekskolan Sockan,60.2004482,24.6658882,kindergarten,Lastentarha,False,False,"Unnamed Road, 02760, 02760 Espoo, Suomi","Unnamed Road, 02760",Espoo,2760.0,FI,,"Unnamed Road, 02760"
Lugnet - Siuntion seurakunnat,60.1757396,24.2066658,kindergarten,Lastentarha,False,True,"Kalansinkuja 13, 02570 Siuntio, Suomi",Kalansinkuja 13,Siuntio,2570.0,FI,,Kalansinkuja 13
Gruppfamiljedaghemmet Lyckostugan,60.2443792,24.9004419,kindergarten,Lastentarha,False,False,"Mörssäriaukio 1, 00430 Helsinki, Suomi",Mörssäriaukio 1,Helsinki,430.0,FI,,Mörssäriaukio 1
Matinraitin päiväkoti,60.1581357,24.7490825,kindergarten,Lastentarha,False,False,"Matinraitti 2, 02230 Espoo, Suomi",Matinraitti 2,Espoo,2230.0,FI,,Matinraitti 2
Päiväkoti Ruusu,60.2002243,24.8725966,kindergarten,Lastentarha,False,False,"Perustie 40, 00330 Helsinki, Suomi",Perustie 40,Helsinki,330.0,FI,,Perustie 40
Alberga daghem och förskola,60.225049,24.8097263,kindergarten,Lastentarha,False,False,"Veräjäpellonkatu 2, 02650 Espoo, Suomi",Veräjäpellonkatu 2,Espoo,2650.0,FI,,Veräjäpellonkatu 2
Lipunkantajanpolun päiväkoti,60.2152162,24.8218107,kindergarten,Lastentarha,False,False,"Komentajankatu 10, 02600 Espoo, Suomi",Komentajankatu 10,Espoo,2600.0,FI,,Komentajankatu 10
Päiväkoti Kuninkaantammi,60.2600898,24.8909797,kindergarten,Lastentarha,False,False,"Ultramariinikuja 4, 00430 Helsinki, Suomi",Ultramariinikuja 4,Helsinki,430.0,FI,,Ultramariinikuja 4
Vaskivuoren päiväkoti,60.2659749,24.8501413,kindergarten,Lastentarha,False,False,"Virtatie 4, 01600 Vantaa, Suomi",Virtatie 4,Vantaa,1600.0,FI,,Virtatie 4
Hösmärinpuiston päiväkoti,60.1994637,24.6757979,kindergarten,Lastentarha,False,False,"Hösmärinahde 5, 02760 Espoo, Suomi",Hösmärinahde 5,Espoo,2760.0,FI,,Hösmärinahde 5
Maakirjan päiväkoti,60.1837939,24.7418014,kindergarten,Lastentarha,False,False,"Klariksentie 2 D, 02200 Espoo, Suomi",Klariksentie 2 D,Espoo,2200.0,FI,,Klariksentie 2 D
Daghemmet Timotej,60.2704211,24.8433605,kindergarten,Lastentarha,False,False,"Vaahtokuja 4, 01600 Vantaa, Suomi",Vaahtokuja 4,Vantaa,1600.0,FI,,Vaahtokuja 4
Lintulan päiväkoti,60.2305633,24.8208194,kindergarten,Lastentarha,False,False,"Peipontie 3, 02660 Espoo, Suomi",Peipontie 3,Espoo,2660.0,FI,,Peipontie 3
Helsingin Kaupunki Päiväkoti Munkkivuori,60.2061116,24.874201,kindergarten,Lastentarha,False,False,"Raumantie 5, 00350 Helsinki, Suomi",Raumantie 5,Helsinki,350.0,FI,,Raumantie 5
Päiväkoti Leijonanmieli Ky,60.2617809,24.8090803,kindergarten,Lastentarha,False,False,"Lammasrinne 3, 01710 Vantaa, Suomi",Lammasrinne 3,Vantaa,1710.0,FI,,Lammasrinne 3
Rinkelin päiväkoti,60.2229783,24.8125471,kindergarten,Lastentarha,False,False,"Leipurinkuja 3, 02650 Espoo, Suomi",Leipurinkuja 3,Espoo,2650.0,FI,,Leipurinkuja 3
Espoon kielikylpypäiväkoti,60.1588417,24.7870549,kindergarten,Lastentarha,False,False,"Toppelundinkuja 2, 02170 Espoo, Suomi",Toppelundinkuja 2,Espoo,2170.0,FI,,Toppelundinkuja 2
Åbergin lastentalo,60.2256475,24.8132816,kindergarten,Lastentarha,False,False,"Ajurinkuja 4, 02600 Espoo, Suomi",Ajurinkuja 4,Espoo,2600.0,FI,,Ajurinkuja 4
Jupperin Ankkalampi - duckies,60.2542108,24.7709033,kindergarten,Lastentarha,False,False,"Tammipääntie 55, 02730 Espoo, Suomi",Tammipääntie 55,Espoo,2730.0,FI,,Tammipääntie 55
Kaarnapurren päiväkoti,60.1730604,24.7107601,kindergarten,Lastentarha,False,False,"Holmankorpi 3, 02210 Espoo, Suomi",Holmankorpi 3,Espoo,2210.0,FI,,Holmankorpi 3
Ylästön Koulun Hammashoitola,60.2825465,24.9084333,kindergarten,Lastentarha,False,False,"Ollaksentie 29, 01690 Vantaa, Suomi",Ollaksentie 29,Vantaa,1690.0,FI,,Ollaksentie 29
"Mäenrannankoulu, Koski Tl",60.6557914,23.1300982,kindergarten,Lastentarha,False,True,"31500 Koski Tl, Suomi",,Koski Tl,31500.0,FI,,
Pihlaja ryhmäpäiväkoti,60.1808356,24.6683936,kindergarten,Lastentarha,False,True,"Lehtikaskentie 22, 02340 Espoo, Suomi",Lehtikaskentie 22,Espoo,2340.0,FI,,Lehtikaskentie 22
Meriveden Päiväkoti,60.1535631,24.639308,kindergarten,Lastentarha,False,True,"Aallontaite 3, 02320 Espoo, Suomi",Aallontaite 3,Espoo,2320.0,FI,,Aallontaite 3
"Päiväkoti Pirtti, Suomen Tenava päiväkodit",60.1620551,24.6954712,kindergarten,Lastentarha,False,True,"Martinniitty 7, 02270 Espoo, Suomi",Martinniitty 7,Espoo,2270.0,FI,,Martinniitty 7
Kerho,60.4592569,24.8093863,kindergarten,Lastentarha,False,True,"Malakiaksentie, 01900 Nurmijärvi, Suomi",Malakiaksentie,Nurmijärvi,1900.0,FI,,Malakiaksentie
Päiväkoti Lintukoto,60.1544737,24.6332165,kindergarten,Lastentarha,False,True,"Kivenlahdenkatu 8, 02320 Espoo, Suomi",Kivenlahdenkatu 8,Espoo,2320.0,FI,,Kivenlahdenkatu 8
Finnish International School of Tampere,61.4994913,23.7399599,kindergarten,Koulu,False,False,"Satakunnankatu 60, 33230 Tampere, Suomi",Satakunnankatu 60,Tampere,33230.0,FI,,Satakunnankatu 60
Rannankylä,62.7843718,24.0154335,kindergarten,Lastentarha,False,False,"Eino Uusitalontie 476, 63550 Lehtimäki, Suomi",Eino Uusitalontie 476,Lehtimäki,63550.0,FI,,Eino Uusitalontie 476
Päiväkoti Tiny Hands English Kindergarten,60.2010447,24.9410537,kindergarten,Koulu,False,False,"Kellosilta 2, 00520 Helsinki, Suomi",Kellosilta 2,Helsinki,520.0,FI,,Kellosilta 2
Finnish-American Kindergarten Ruoholahti,60.1633568,24.9201886,kindergarten,Lastentarha,False,False,"Itämerenkatu 2b, 00180 Helsinki, Suomi",Itämerenkatu 2b,Helsinki,180.0,FI,,Itämerenkatu 2b
Finnish American Kindergarten Oy,60.1716787,24.9196276,kindergarten,Lastentarha,False,False,"Arkadiankatu 35, 00100 Helsinki, Suomi",Arkadiankatu 35,Helsinki,100.0,FI,,Arkadiankatu 35
The International Childcare and Education Centre (ICEC) Herttoniemi,60.185896,25.0349482,kindergarten,Lastentarha,False,False,"Killingholmankuja 3, 00810 Helsinki, Suomi",Killingholmankuja 3,Helsinki,810.0,FI,,Killingholmankuja 3
Duckies/Ankkalampi Daycare Kulosaari,60.1848104,25.0104139,kindergarten,Lastentarha,False,False,"Werner Wirénin tie 6, 00570 Helsinki, Suomi",Werner Wirénin tie 6,Helsinki,570.0,FI,,Werner Wirénin tie 6
Helsinki English Montessori Preschool,60.1665269,24.9311466,kindergarten,Esikoulu,False,False,"Lapinlahdenkatu 3A, 00180 Helsinki, Suomi",Lapinlahdenkatu 3A,Helsinki,180.0,FI,,Lapinlahdenkatu 3A
Päiväkoti Lapinlahti,60.170183,24.9220259,kindergarten,Lastentarha,False,False,"Hietaniemenkatu 9, 00100 Helsinki, Suomi",Hietaniemenkatu 9,Helsinki,100.0,FI,,Hietaniemenkatu 9
Laajasuon päiväkoti,60.2229763,24.8998203,kindergarten,Lastentarha,False,False,"Poutunkuja 4, 00400 Helsinki, Suomi",Poutunkuja 4,Helsinki,400.0,FI,,Poutunkuja 4
Päiväkoti Perttu,60.2671029,24.9898196,kindergarten,Lastentarha,False,False,"Pertunpellontie 10, 00740 Helsinki, Suomi",Pertunpellontie 10,Helsinki,740.0,FI,,Pertunpellontie 10
Steinerpäiväkoti Siriuksen Kannatusyhdistys Ry,60.2005637,24.9034432,kindergarten,Steiner-päiväkoti,False,False,"Paraistentie 3, 00280 Helsinki, Suomi",Paraistentie 3,Helsinki,280.0,FI,,Paraistentie 3
Oulunkylän englanninkielisen päiväkodin kannatusyhdistys ry,60.2293889,24.9646344,kindergarten,Päiväkoti,False,False,"Siltavoudintie 1, 00640 Helsinki, Suomi",Siltavoudintie 1,Helsinki,640.0,FI,,Siltavoudintie 1
Ruoveden 4H-yhdistys,61.9813416,24.069707,kindergarten,Yhdistys tai järjestö,False,False,"Honkalantie 10, 34600 Ruovesi, Suomi",Honkalantie 10,Ruovesi,34600.0,FI,,Honkalantie 10
Kalasataman päiväkoti,60.1834948,24.9787031,kindergarten,Lastentarha,False,False,"Arcturuksenkatu 5d, 00540 Helsinki, Suomi",Arcturuksenkatu 5d,Helsinki,540.0,FI,,Arcturuksenkatu 5d
Päiväkoti Satama,60.1916851,25.0368738,kindergarten,Lastentarha,False,False,"Sisselenkuja 3, 00810 Helsinki, Suomi",Sisselenkuja 3,Helsinki,810.0,FI,,Sisselenkuja 3
Päiväkoti Pihlaja,60.1943893,24.9002098,kindergarten,Lastentarha,False,False,"Pihlajatie 32, 00270 Helsinki, Suomi",Pihlajatie 32,Helsinki,270.0,FI,,Pihlajatie 32
Daghemmet Elka,60.1960351,24.8817708,kindergarten,Lastentarha,False,False,"Riihitie 9, 00330 Helsinki, Suomi",Riihitie 9,Helsinki,330.0,FI,,Riihitie 9
Päiväkoti Purje,60.2017557,24.8943452,kindergarten,Lastentarha,False,False,"Hiittistenkuja 2, 00300 Helsinki, Suomi",Hiittistenkuja 2,Helsinki,300.0,FI,,Hiittistenkuja 2
Steinerpäiväkoti Pikku-Marjatta,60.2351868,24.9205992,kindergarten,Steiner-päiväkoti,False,False,"Papinmäentie 31, 00630 Helsinki, Suomi",Papinmäentie 31,Helsinki,630.0,FI,,Papinmäentie 31
Päiväkoti Ebeneser,60.1877376,24.9585797,kindergarten,Lastentarha,False,False,"Helsinginkatu 3-5, 00530 Helsinki, Suomi",Helsinginkatu 3-5,Helsinki,530.0,FI,,Helsinginkatu 3-5
Päiväkoti Engel Seppä,60.1585755,24.9377183,kindergarten,Lastentarha,False,False,"Sepänkatu 15, 00150 Helsinki, Suomi",Sepänkatu 15,Helsinki,150.0,FI,,Sepänkatu 15
Daghemmet Domus,60.1849434,25.0085866,kindergarten,Lastentarha,False,False,"Werner Wirénin tie 3, 00570 Helsinki, Suomi",Werner Wirénin tie 3,Helsinki,570.0,FI,,Werner Wirénin tie 3
Päiväkoti Arabianhelmi,60.211562,24.9719667,kindergarten,Lastentarha,False,False,"Koreankatu 2, 00560 Helsinki, Suomi",Koreankatu 2,Helsinki,560.0,FI,,Koreankatu 2
Tallen Daghem,60.158186,24.8843304,kindergarten,Lastentarha,False,False,"Meripuistotie 2a, 00200 Helsinki, Suomi",Meripuistotie 2a,Helsinki,200.0,FI,,Meripuistotie 2a
Finnish-American Kindergarten Kamppi,60.1630502,24.9229885,kindergarten,Lastentarha,False,False,"Ruoholahdenranta 7, 00180 Helsinki, Suomi",Ruoholahdenranta 7,Helsinki,180.0,FI,,Ruoholahdenranta 7
Päiväkoti Kangaspelto,60.2088632,24.8830284,kindergarten,Lastentarha,False,False,"Kangaspellontie 6 a, 00350 Helsinki, Suomi",Kangaspellontie 6 a,Helsinki,350.0,FI,,Kangaspellontie 6 a
Little Heroes International Kindergarten,60.157583,24.87834,kindergarten,Koulu,False,False,"Tallbergin puistotie 10, 00200 Helsinki, Suomi",Tallbergin puistotie 10,Helsinki,200.0,FI,,Tallbergin puistotie 10
Päiväkoti,60.8944973,24.2810425,kindergarten,Lastentarha,False,True,"Rengonraitti 9, 14300 Renko, Suomi",Rengonraitti 9,Renko,14300.0,FI,,Rengonraitti 9
Päiväkoti Runo,60.1923652,24.9629816,kindergarten,Lastentarha,False,False,"Päijänteentie 3-5, 00550 Helsinki, Suomi",Päijänteentie 3-5,Helsinki,550.0,FI,,Päijänteentie 3-5
Päiväkoti Viola,60.1977031,24.9668213,kindergarten,Lastentarha,False,False,"Violankuja 5, 00550 Helsinki, Suomi",Violankuja 5,Helsinki,550.0,FI,,Violankuja 5
Päiväkoti Porolahti,60.1972079,25.0551251,kindergarten,Lastentarha,False,False,"Roihuvuorentie 3, 00820 Helsinki, Suomi",Roihuvuorentie 3,Helsinki,820.0,FI,,Roihuvuorentie 3
Steinerpäiväkoti Mansikkala,60.2009686,25.0562401,kindergarten,Steiner-päiväkoti,False,False,"Vuorenpeikontie 5, 00820 Helsinki, Suomi",Vuorenpeikontie 5,Helsinki,820.0,FI,,Vuorenpeikontie 5
Kirkonkylän Päiväkoti,60.2834106,24.9797632,kindergarten,Lastentarha,False,False,"Kyläraitti 12, 01510 Vantaa, Suomi",Kyläraitti 12,Vantaa,1510.0,FI,,Kyläraitti 12
Steinerpäiväkoti Aurinkoinen,60.205887,24.8883408,kindergarten,Steiner-päiväkoti,False,False,"Korppaanpolku 5, 00300 Helsinki, Suomi",Korppaanpolku 5,Helsinki,300.0,FI,,Korppaanpolku 5
Gruppfamiljedaghemmet Bystugan,60.2494413,25.0117046,kindergarten,Lastentarha,False,False,"Hietakummuntie 16, 00700 Helsinki, Suomi",Hietakummuntie 16,Helsinki,700.0,FI,,Hietakummuntie 16
Kepelin päiväkoti,60.2128287,24.8078724,kindergarten,Lastentarha,False,False,"Säterinrinne 19, 02600 Espoo, Suomi",Säterinrinne 19,Espoo,2600.0,FI,,Säterinrinne 19
Montessori Infant Community Oy,60.1613834,24.9159367,kindergarten,Lastentarha,False,False,"Selkämerenkatu 10, 00180 Helsinki, Suomi",Selkämerenkatu 10,Helsinki,180.0,FI,,Selkämerenkatu 10
Päiväkoti Majava,60.2314675,24.9493085,kindergarten,Lastentarha,False,False,"Maapadontie 1, 00640 Helsinki, Suomi",Maapadontie 1,Helsinki,640.0,FI,,Maapadontie 1
Päiväkoti,60.2754845,24.9974223,kindergarten,Lastentarha,False,False,"Seulastentie 11, 00740 Helsinki, Suomi",Seulastentie 11,Helsinki,740.0,FI,,Seulastentie 11
Päiväkoti Gan Jeladim,60.1673862,24.9285055,kindergarten,Lastentarha,False,False,"Malminkatu 26, 00100 Helsinki, Suomi",Malminkatu 26,Helsinki,100.0,FI,,Malminkatu 26
Satumaa ppk,60.2122936,24.7564385,kindergarten,Lastentarha,False,False,"Nihtimäki 4, 02630 Espoo, Suomi",Nihtimäki 4,Espoo,2630.0,FI,,Nihtimäki 4
Daghemmet Tomtebo,60.2172546,24.9037589,kindergarten,Lastentarha,False,False,"Laajasuontie 5-7, 00320 Helsinki, Suomi",Laajasuontie 5-7,Helsinki,320.0,FI,,Laajasuontie 5-7
Lahden Englanninkielinen leikkikoulu,60.9807684,25.666668,kindergarten,Lastentarha,False,False,"Saimaankatu 3-5, 15110 Lahti, Suomi",Saimaankatu 3-5,Lahti,15110.0,FI,,Saimaankatu 3-5
Päiväkoti Ruskeasuo,60.2015317,24.9044016,kindergarten,Lastentarha,False,False,"Paraistentie 9, 00280 Helsinki, Suomi",Paraistentie 9,Helsinki,280.0,FI,,Paraistentie 9
Päiväkoti Postipuisto,60.2170369,24.9215848,kindergarten,Lastentarha,False,False,"Kustinpolku 20, 00620 Helsinki, Suomi",Kustinpolku 20,Helsinki,620.0,FI,,Kustinpolku 20
Päiväkoti Axel,60.1609325,24.9402355,kindergarten,Lastentarha,False,False,"Merimiehenkatu 12 B, 00150 Helsinki, Suomi",Merimiehenkatu 12 B,Helsinki,150.0,FI,,Merimiehenkatu 12 B
Päiväkoti Taneli,60.2268866,24.8500554,kindergarten,Lastentarha,False,False,"Konalantie 16, 00370 Helsinki, Suomi",Konalantie 16,Helsinki,370.0,FI,,Konalantie 16
Päiväkoti Maunula,60.2284001,24.9236902,kindergarten,Lastentarha,False,False,"Metsäpurontie 27, 00630 Helsinki, Suomi",Metsäpurontie 27,Helsinki,630.0,FI,,Metsäpurontie 27
Daghemmet Tärnan,60.1603768,24.8898104,kindergarten,Lastentarha,False,False,"Meripuistotie 7, 00200 Helsinki, Suomi",Meripuistotie 7,Helsinki,200.0,FI,,Meripuistotie 7
MRT.Turunen TMI,60.9824003,25.6795095,kindergarten,Lastentarha,False,False,"Töyrykatu 14, 15140 Lahti, Suomi",Töyrykatu 14,Lahti,15140.0,FI,,Töyrykatu 14
"Päiväkoti Melkko, sivutoimipiste",60.1488921,24.8833086,kindergarten,Lastentarha,False,False,"Melkonkuja 5, 00210 Helsinki, Suomi",Melkonkuja 5,Helsinki,210.0,FI,,Melkonkuja 5
Elonkaari Oy,60.2673189,24.9895172,kindergarten,Lastentarha,False,False,"Pertunpellontie 5, 00740 Helsinki, Suomi",Pertunpellontie 5,Helsinki,740.0,FI,,Pertunpellontie 5
Kindermaa Oy,60.2775184,25.100994,kindergarten,Lastentarha,False,False,"Harmokuja 4 A, 01200 Vantaa, Suomi",Harmokuja 4 A,Vantaa,1200.0,FI,,Harmokuja 4 A
Virrenkulman päiväkoti - Esikoulu,60.4199992,25.0876183,kindergarten,Lastentarha,False,False,"Kalevankatu 66, 04230 Kerava, Suomi",Kalevankatu 66,Kerava,4230.0,FI,,Kalevankatu 66
Launeen päiväkodin väistötilat,60.95588,25.6586891,kindergarten,Lastentarha,False,False,"Orvokkitie 23, 15610 Lahti, Suomi",Orvokkitie 23,Lahti,15610.0,FI,,Orvokkitie 23
Folkhälsans daghem Lyckoslanten,60.2931936,25.0284056,kindergarten,Lastentarha,False,False,"Unikkotie 28, 01300 Vantaa, Suomi",Unikkotie 28,Vantaa,1300.0,FI,,Unikkotie 28
Kuusikon päiväkoti,60.2833047,25.0648387,kindergarten,Lastentarha,False,False,"01380 Vantaa, Suomi",,Vantaa,,FI,,
Päiväkoti Alku,60.2108205,24.9471181,kindergarten,Lastentarha,False,False,"Väinölänkatu 5, 00610 Helsinki, Suomi",Väinölänkatu 5,Helsinki,610.0,FI,,Väinölänkatu 5
Päiväkoti Norlandia luonnossa kotonaan Peiponpesä,60.2592179,24.9429867,kindergarten,Lastentarha,False,False,"Näsinojankuja, 00690 Helsinki, Suomi",Näsinojankuja,Helsinki,690.0,FI,,Näsinojankuja
Lindals Privat Barnträdgård,60.1305907,24.4303398,kindergarten,Esikoulu,False,False,"Lindalintie 4, 02400 Kirkkonummi, Suomi",Lindalintie 4,Kirkkonummi,2400.0,FI,,Lindalintie 4
Kungsgårds daghem och förskola,60.1832497,24.5994181,kindergarten,Lastentarha,False,False,"Hans Westerlundintie, 02780 Espoo, Suomi",Hans Westerlundintie,Espoo,2780.0,FI,,Hans Westerlundintie
Saunalahden koulu,60.1690378,24.6150344,kindergarten,Koulu,False,False,"Brinkinmäentie 1, 02330 Espoo, Suomi",Brinkinmäentie 1,Espoo,2330.0,FI,,Brinkinmäentie 1
Panssarihuoltokomppania,61.0356005,24.3649302,kindergarten,Lastentarha,False,True,"Unnamed Road, 13700, 13700, Hattula, Suomi","Unnamed Road, 13700, 13700",Hattula,,FI,,"Unnamed Road, 13700, 13700"
Folkhälsanin Lahden päiväkoti / Svenska daghemmet i Lahtis,60.9723312,25.6634656,kindergarten,Lastentarha,False,False,"Leantie 2A, 15100 Lahti, Suomi",Leantie 2A,Lahti,15100.0,FI,,Leantie 2A
Westends Daghem,60.1631622,24.7996693,kindergarten,Lastentarha,False,False,"Hiiralantie 1, 02160 Espoo, Suomi",Hiiralantie 1,Espoo,2160.0,FI,,Hiiralantie 1
Joonas-Koulu,61.6485515,24.3610308,kindergarten,Erityiskoulu,False,False,"as FI, Asematie 6, 35100 Orivesi, Suomi","as FI, Asematie 6",Orivesi,35100.0,FI,,"as FI, Asematie 6"
Päiväkoti Päiväpirtti,60.1828938,24.9122401,kindergarten,Lastentarha,False,False,"Rajasaarentie 6, 00250 Helsinki, Suomi",Rajasaarentie 6,Helsinki,250.0,FI,,Rajasaarentie 6
Päiväkoti Franzenia,60.1866066,24.9556066,kindergarten,Lastentarha,False,False,"Franzéninkatu 13, 00101 Helsinki, Suomi",Franzéninkatu 13,Helsinki,101.0,FI,,Franzéninkatu 13
Päiväkoti Vaahtera,60.1786798,24.9176823,kindergarten,Lastentarha,False,False,"Sibeliuksenkatu 16, 00260 Helsinki, Suomi",Sibeliuksenkatu 16,Helsinki,260.0,FI,,Sibeliuksenkatu 16
Päiväkoti Ariel,60.1857709,24.9804026,kindergarten,Lastentarha,False,False,"Arielinkatu 6, 00540 Helsinki, Suomi",Arielinkatu 6,Helsinki,540.0,FI,,Arielinkatu 6
Päiväkoti Laivakello,60.1892716,25.0268379,kindergarten,Lastentarha,False,False,"Suolakivenkatu 14, 00800 Helsinki, Suomi",Suolakivenkatu 14,Helsinki,800.0,FI,,Suolakivenkatu 14
Päiväkoti Kaisla,60.1799951,24.9619181,kindergarten,Lastentarha,False,False,"Hakaniemenranta 28, 00530 Helsinki, Suomi",Hakaniemenranta 28,Helsinki,530.0,FI,,Hakaniemenranta 28
Päiväkoti Louhi,60.1938718,24.97358,kindergarten,Lastentarha,False,False,"Sörnäistenkatu 17, 00580 Helsinki, Suomi",Sörnäistenkatu 17,Helsinki,580.0,FI,,Sörnäistenkatu 17
Päiväkoti Lintukoto,60.1659638,24.6282948,kindergarten,Lastentarha,False,True,"Katajalaakso 10, 02330 Espoo, Suomi",Katajalaakso 10,Espoo,2330.0,FI,,Katajalaakso 10
Anni Lastentarha Espoo,60.175491,24.736939,kindergarten,Lastentarha,False,True,"Itäportti 4, 02210 Espoo, Suomi",Itäportti 4,Espoo,2210.0,FI,,Itäportti 4
Satusiipi Päiväkodit Oy,65.0217229,25.5601457,kindergarten,Lastentarha,False,False,"Kaplastie 4, 90650 Oulu, Suomi",Kaplastie 4,Oulu,90650.0,FI,,Kaplastie 4
Jussinpekan koulu,63.8989096,24.5282382,kindergarten,Koulu,False,False,"Jussinmäentie 2, 85410 Sievi, Suomi",Jussinmäentie 2,Sievi,85410.0,FI,,Jussinmäentie 2
Luhtalan kotihoito,66.5029037,25.7104386,kindergarten,Lastentarha,False,False,"Evakkotie 9, 96100 Rovaniemi, Suomi",Evakkotie 9,Rovaniemi,96100.0,FI,,Evakkotie 9
Saarenputaan Päiväkoti,66.5164578,25.7835514,kindergarten,Lastentarha,False,True,"Napapiirintie 6, 96900 Rovaniemi, Suomi",Napapiirintie 6,Rovaniemi,96900.0,FI,,Napapiirintie 6
Hinthaaran päiväkoti,60.4009431,25.4781944,kindergarten,Lastentarha,False,False,"Rengastie 4, 07110 Porvoo, Suomi",Rengastie 4,Porvoo,7110.0,FI,,Rengastie 4
Puistopäiväkoti,60.3927969,25.667985,kindergarten,Lastentarha,False,False,"Kaivokatu 25, 06100 Porvoo, Suomi",Kaivokatu 25,Porvoo,6100.0,FI,,Kaivokatu 25
Vekara Päiväkodit,65.0113372,25.472585,kindergarten,Yrityksen toimisto,False,False,"Isokatu 25 4 krs, 90500 Oulu, Suomi",Isokatu 25 4 krs,Oulu,90500.0,FI,,Isokatu 25 4 krs
Hailuodon peruskoulu,65.0098661,24.7182436,kindergarten,Koulu,False,False,"Luovontie 61 A, 90480 Hailuoto, Suomi",Luovontie 61 A,Hailuoto,90480.0,FI,,Luovontie 61 A
Ulrikan päiväkoti,60.3327205,25.0663672,kindergarten,Lastentarha,False,False,"Ulrikankuja 5, 01400 Vantaa, Suomi",Ulrikankuja 5,Vantaa,1400.0,FI,,Ulrikankuja 5
Kukkopillin päiväkoti,60.2912935,25.0221878,kindergarten,Lastentarha,False,False,"Liljatie 2b, 01300 Vantaa, Suomi",Liljatie 2b,Vantaa,1300.0,FI,,Liljatie 2b
Tik Tak päiväkoti Helsinki(Pukinmäki),60.243263,24.9913544,kindergarten,Lastentarha,False,False,"Madetojankuja 2, 00720 Helsinki, Suomi",Madetojankuja 2,Helsinki,720.0,FI,,Madetojankuja 2
Krassitien Päiväkoti,60.2918647,25.035282,kindergarten,Lastentarha,False,False,"Krassitie 4, 01300 Vantaa, Suomi",Krassitie 4,Vantaa,1300.0,FI,,Krassitie 4
Simpukan Päiväkoti,60.2580103,24.8465851,kindergarten,Lastentarha,False,False,"Apajakuja 1, 01600 Vantaa, Suomi",Apajakuja 1,Vantaa,1600.0,FI,,Apajakuja 1
Helsingin Kristillinen päiväkoti Samuel,60.2652398,25.0819506,kindergarten,Lastentarha,False,False,"Mätästie 5, 00770 Helsinki, Suomi",Mätästie 5,Helsinki,770.0,FI,,Mätästie 5
Dickursby Ungdomsförening RF,60.2900782,25.0471588,kindergarten,Lastentarha,False,False,"Kuninkaalantie 2, 01300 Vantaa, Suomi",Kuninkaalantie 2,Vantaa,1300.0,FI,,Kuninkaalantie 2
Päiväkoti Tuulimylly,60.2245439,25.0716589,kindergarten,Lastentarha,False,False,"Kiviparintie 9, 00920 Helsinki, Suomi",Kiviparintie 9,Helsinki,920.0,FI,,Kiviparintie 9
Kauriinrinteen paviljonki,60.3477004,25.0937645,kindergarten,Lastentarha,False,False,"Kauriinrinne 3, 01480 Vantaa, Suomi",Kauriinrinne 3,Vantaa,,FI,,Kauriinrinne 3
Kotimetsä Oy,62.2426103,25.6766139,kindergarten,Lastentarha,False,False,"Vekarokatu 2, 40630 Jyväskylä, Suomi",Vekarokatu 2,Jyväskylä,40630.0,FI,,Vekarokatu 2
Lastenlandia-Keltinmäki,62.2316974,25.6828916,kindergarten,Lastentarha,False,False,"Keltinmäentie 17 19, 40640 Jyväskylä, Suomi",Keltinmäentie 17 19,Jyväskylä,40640.0,FI,,Keltinmäentie 17 19
Koillis-Mäntsälän koulu ja päiväkoti,60.7312367,25.4171705,kindergarten,Koulu,False,True,"1, 04920 Saari, Suomi",1,Saari,4920.0,FI,,1
Peikkolaakso,60.6237075,26.2011547,kindergarten,Lastentarha,False,False,"Mosankuja 4, 07800 Lapinjärvi, Suomi",Mosankuja 4,Lapinjärvi,7800.0,FI,,Mosankuja 4
Box Barnträdgård,60.3127504,25.3854927,kindergarten,Lastentarha,False,False,"Grönkullantie 160, 01190 Box, Suomi",Grönkullantie 160,Box,1190.0,FI,,Grönkullantie 160
Satavuon koulu,62.3163076,25.9869484,kindergarten,Alakoulu,False,False,"Tarvaalantie 18, 41330 Vihtavuori, Suomi",Tarvaalantie 18,Vihtavuori,41330.0,FI,,Tarvaalantie 18
Päivärannan päiväkoti ja neuvola,62.9371312,27.6524535,kindergarten,Lastentarha,False,False,"Tuomikuja 4, 70420 Kuopio, Suomi",Tuomikuja 4,Kuopio,70420.0,FI,,Tuomikuja 4
Päiväkoti kasarmipuisto,62.8836984,27.6647593,kindergarten,Lastentarha,False,True,"70620 Kuopio, Suomi",,Kuopio,,FI,,
Männistön päiväkoti,62.9002789,27.7090158,kindergarten,Lastentarha,False,False,"70500 Kuopio, Suomi",,Kuopio,,FI,,
Päiväkoti Nappulaportti,62.8978022,27.681319,kindergarten,Lastentarha,False,False,"Puutarhakatu 9, 70300 Kuopio, Suomi",Puutarhakatu 9,Kuopio,70300.0,FI,,Puutarhakatu 9
The English Kindergarten / Englanninkielinen Päiväkoti-Kotka,60.4639519,26.8788601,kindergarten,Englanninkielinen koulu,False,False,"Mussalontie 428, 48300 Kotka, Suomi",Mussalontie 428,Kotka,48300.0,FI,,Mussalontie 428
SubiGang Kouvola,60.8696128,26.7030976,kindergarten,Lastentarha,False,True,"Kauppalankatu 12, 45100 Kouvola, Suomi",Kauppalankatu 12,Kouvola,45100.0,FI,,Kauppalankatu 12
Oulujoki-Opisto,64.8066253,25.9939918,kindergarten,Koulu,False,False,"Muhostie 5, 91500 Muhos, Suomi",Muhostie 5,Muhos,91500.0,FI,,Muhostie 5
Säviän Koulu,63.1977387,26.6735231,kindergarten,Alakoulu,False,False,"Virranniskantie 18, 72550 Säviä, Suomi",Virranniskantie 18,Säviä,72550.0,FI,,Virranniskantie 18
Kyrkoby daghem,60.4518104,26.0310538,kindergarten,Lastentarha,False,True,"Leikkikuja 3, 07930 Pernaja, Suomi",Leikkikuja 3,Pernaja,7930.0,FI,,Leikkikuja 3
Haminan Englanninkielinen Leikkikoulu Ry,60.5780164,27.1749613,kindergarten,Lastentarha,False,True,"Kokkokallionkatu 4 as. 24, 49400 Hamina, Suomi",Kokkokallionkatu 4 as. 24,Hamina,49400.0,FI,,Kokkokallionkatu 4 as. 24
Jyrki Pakkanen Voutila,60.622301,26.7317318,kindergarten,Steiner-päiväkoti,False,True,"Unnamed Road, 46950 Kouvola, Suomi",Unnamed Road,Kouvola,46950.0,FI,,Unnamed Road
Rakuunamaen Paivakoti,61.0595978,28.172772,kindergarten,Lastentarha,False,False,"Mannerheiminkatu 13, 53900 Lappeenranta, Suomi",Mannerheiminkatu 13,Lappeenranta,53900.0,FI,,Mannerheiminkatu 13
Savitaipaleen Koulu,61.1956314,27.6947776,kindergarten,Koulu,False,False,"Koulutie 7, 54800 Savitaipale, Suomi",Koulutie 7,Savitaipale,54800.0,FI,,Koulutie 7
"Itä-Suomen suomalais-venäläinen koulu, Lappeenrannan yksikkö",61.0467471,28.1762785,kindergarten,Kielikoulu,False,False,"Opintie 1, 53600 Lappeenranta, Suomi",Opintie 1,Lappeenranta,53600.0,FI,,Opintie 1
Rantasalmen yhtenäiskoulu,62.0709114,28.2992535,kindergarten,Koulu,False,False,"Koulutie 6, 58900 Rantasalmi, Suomi",Koulutie 6,Rantasalmi,58900.0,FI,,Koulutie 6
Sulkavan yhtenäiskoulu,61.784403,28.3717325,kindergarten,Koulu,False,False,"Koulutie 8, 58700 Sulkava, Suomi",Koulutie 8,Sulkava,58700.0,FI,,Koulutie 8
Joensuun englanninkielinen leikkikoulu,62.5981351,29.722097,kindergarten,Englanninkielinen koulu,False,False,"Linnunniementie 4, 80110 Joensuu, Suomi",Linnunniementie 4,Joensuu,80110.0,FI,,Linnunniementie 4
Joensuun Steinerkoulu,62.6153251,29.7441416,kindergarten,Koulu,False,False,"Kaislakatu 8d, 80130 Joensuu, Suomi",Kaislakatu 8d,Joensuu,80130.0,FI,,Kaislakatu 8d
"Varhaiskasvatus, Moisionkatu",63.3185096,30.0346428,kindergarten,Lastentarha,False,False,"Moisionkatu 15, 81700 Lieksa, Suomi",Moisionkatu 15,Lieksa,81700.0,FI,,Moisionkatu 15
Kirkonkylän Koulu,62.8548469,29.3681919,kindergarten,Koulu,False,False,"Polvijärventie 6, 83700 Polvijärvi, Suomi",Polvijärventie 6,Polvijärvi,83700.0,FI,,Polvijärventie 6
Sotkuman Koulu,62.735897,29.4402256,kindergarten,Alakoulu,False,False,"Käsämäntie 6a, 83750 Sotkuma, Suomi",Käsämäntie 6a,Sotkuma,83750.0,FI,,Käsämäntie 6a
Rääkkylän Koulu,62.3150711,29.6269073,kindergarten,Koulu,False,False,"Paksuniementie 7, 82300 Rääkkylä, Suomi",Paksuniementie 7,Rääkkylä,82300.0,FI,,Paksuniementie 7
Kämmenniemen päiväkoti,61.6289321,23.8350541,päiväkoti,Päiväkoti,False,False,"Ullakonvainio 6, 34240 Tampere, Suomi",Ullakonvainio 6,Tampere,34240.0,FI,,Ullakonvainio 6
Sorilan päiväkoti,61.5555637,23.931739,päiväkoti,Päiväkoti,False,False,"Sorilanraitti 14, 33680 Tampere, Suomi",Sorilanraitti 14,Tampere,33680.0,FI,,Sorilanraitti 14
Saloisten Päiväkoti,64.6553783,24.4680256,päiväkoti,Päiväkoti,False,False,"Kisatie 2, 92160 Raahe, Suomi",Kisatie 2,Raahe,92160.0,FI,,Kisatie 2
R.M Creative Learning Playschool Oy,60.1390484,24.453697,päiväkoti,Päiväkoti,False,False,"Hopeakuja 3, 02410 Kirkkonummi, Suomi",Hopeakuja 3,Kirkkonummi,2410.0,FI,,Hopeakuja 3
Lassin päiväkoti,65.0249164,25.4646176,päiväkoti,Lastentarha,False,False,"Koskitie 23, 90500 Oulu, Suomi",Koskitie 23,Oulu,90500.0,FI,,Koskitie 23
Pilke Playschool Lempäälä,61.3138505,23.7567538,päiväkoti,Päiväkoti,False,False,"Manttaalitie 8, 37500 Lempäälä, Suomi",Manttaalitie 8,Lempäälä,37500.0,FI,,Manttaalitie 8
Kotipehkun Päiväkotiyhdistys Ry,61.4648361,23.8203333,päiväkoti,Päiväkoti,False,False,"Katajikonkatu 1, 33820 Tampere, Suomi",Katajikonkatu 1,Tampere,33820.0,FI,,Katajikonkatu 1
Putaan vuoropäiväkoti,65.8364119,24.1743215,päiväkoti,Päiväkoti,False,False,"Länsipohjankatu 17, 95420 Tornio, Suomi",Länsipohjankatu 17,Tornio,95420.0,FI,,Länsipohjankatu 17
Pikku-Iikan Päiväkoti,65.0027308,25.4526799,päiväkoti,Lastentarha,False,False,"Pikku-Iikankatu 4, 90120 Oulu, Suomi",Pikku-Iikankatu 4,Oulu,90120.0,FI,,Pikku-Iikankatu 4
Vanttilan päiväkoti,60.1826307,24.6156503,päiväkoti,Lastentarha,False,False,"Nissintie 1, 02780 Espoo, Suomi",Nissintie 1,Espoo,2780.0,FI,,Nissintie 1
Päiväkoti Pensseli,60.1996548,24.8953337,päiväkoti,Päiväkoti,False,False,"Taavetinkuja 11, 00280 Helsinki, Suomi",Taavetinkuja 11,Helsinki,280.0,FI,,Taavetinkuja 11
Koivumankkaan päiväkoti,60.1840109,24.78417,päiväkoti,Päiväkoti,False,False,"Koivukeppi 2, 02130 Espoo, Suomi",Koivukeppi 2,Espoo,2130.0,FI,,Koivukeppi 2
"Päiväkoti Ninnikka, Pappilantie",66.4841022,25.6946064,päiväkoti,Lastentarha,False,False,"Viirinkankaantie 25, 96300 Rovaniemi, Suomi",Viirinkankaantie 25,Rovaniemi,96300.0,FI,,Viirinkankaantie 25
Talvisillan päiväkoti ja koulu,60.6259555,24.8143655,päiväkoti,Alakoulu,False,False,"Heleniuksenkatu 25, 05860 Hyvinkää, Suomi",Heleniuksenkatu 25,Hyvinkää,5860.0,FI,,Heleniuksenkatu 25
Maarinniityn päiväkoti,60.1839339,24.8034939,päiväkoti,Päiväkoti,False,False,"Mimerkinkuja 4, 02100 Espoo, Suomi",Mimerkinkuja 4,Espoo,2100.0,FI,,Mimerkinkuja 4
Päiväkoti Touhula Jalokivi,60.318952,24.8444426,päiväkoti,Päiväkoti,False,False,"Punakiventie 2, 01700 Vantaa, Suomi",Punakiventie 2,Vantaa,1700.0,FI,,Punakiventie 2
Kipparin päiväkoti,60.1470507,24.6487227,päiväkoti,Lastentarha,False,False,"Ruorimiehenkatu 7, 02320 Espoo, Suomi",Ruorimiehenkatu 7,Espoo,2320.0,FI,,Ruorimiehenkatu 7
Riiakan päiväkoti,60.7434146,24.9314013,päiväkoti,Päiväkoti,False,False,"Selänojantie 31, 12240 Hikiä, Suomi",Selänojantie 31,Hikiä,12240.0,FI,,Selänojantie 31
Nurmijärven kunta,60.3958857,24.7341477,päiväkoti,Päiväkoti,False,False,"Pirttitie 4, 01800 Klaukkala, Suomi",Pirttitie 4,Klaukkala,1800.0,FI,,Pirttitie 4
Postipuun päiväkoti,60.222796,24.8248403,päiväkoti,Päiväkoti,False,False,"Postipuuntie 7, 02650 Espoo, Suomi",Postipuuntie 7,Espoo,2650.0,FI,,Postipuuntie 7
Nurmijärven kunta,60.5260386,24.761642,päiväkoti,Päiväkoti,False,False,"Puistotie 2, 05200 Rajamäki, Suomi",Puistotie 2,Rajamäki,5200.0,FI,,Puistotie 2
Nurmijärven kunta,60.44392,24.70612,päiväkoti,Päiväkoti,False,False,"Uotilan koulutie 50, 01860 Perttula, Suomi",Uotilan koulutie 50,Perttula,1860.0,FI,,Uotilan koulutie 50
Päiväkoti Kylätie,60.2126027,24.8956027,päiväkoti,Päiväkoti,False,False,"Kylätie 5, 00320 Helsinki, Suomi",Kylätie 5,Helsinki,320.0,FI,,Kylätie 5
Kilterin päiväkoti,60.2608038,24.8497045,päiväkoti,Päiväkoti,False,False,"Iskospolku 8, 01600 Vantaa, Suomi",Iskospolku 8,Vantaa,1600.0,FI,,Iskospolku 8
Tarhapuiston päiväkoti,60.3177705,25.050882,päiväkoti,Päiväkoti,False,False,"Talvikkitie 117, 01340 Vantaa, Suomi",Talvikkitie 117,Vantaa,1340.0,FI,,Talvikkitie 117
Päiväkoti Linnunlaulu,60.4709665,25.3834839,päiväkoti,Päiväkoti,False,False,"Paalantie 2, 07170 Pornainen, Suomi",Paalantie 2,Pornainen,7170.0,FI,,Paalantie 2
Erstan Päiväkoti,60.950352,25.8156276,päiväkoti,Päiväkoti,False,False,"Rekitie 2, 15540 Villähde, Suomi",Rekitie 2,Villähde,15540.0,FI,,Rekitie 2
Seikkailupäiväkoti Touhula Myötätuuli,60.4655307,24.8008589,päiväkoti,Päiväkoti,False,False,"Vehnäpellontie 4, 01900 Nurmijärvi, Suomi",Vehnäpellontie 4,Nurmijärvi,1900.0,FI,,Vehnäpellontie 4
Nurmijärven kunta,60.3792332,24.7428344,päiväkoti,Päiväkoti,False,False,"Isosuo 2, 01800 Klaukkala, Suomi",Isosuo 2,Klaukkala,1800.0,FI,,Isosuo 2
Päiväkoti Perhonen,60.238967,24.9613244,päiväkoti,Päiväkoti,False,False,"Jahtivoudintie 3, 00640 Helsinki, Suomi",Jahtivoudintie 3,Helsinki,640.0,FI,,Jahtivoudintie 3
Ahtialan Päiväkoti,60.9954853,25.7642991,päiväkoti,Päiväkoti,False,False,"Kivisillankatu 2, 15300 Lahti, Suomi",Kivisillankatu 2,Lahti,15300.0,FI,,Kivisillankatu 2
Päiväkoti Luotsi,60.1672629,24.9705252,päiväkoti,Lastentarha,False,False,"Laivastokuja 4, 00160 Helsinki, Suomi",Laivastokuja 4,Helsinki,160.0,FI,,Laivastokuja 4
Vaaralanpuiston päiväkoti,60.2676528,25.0940308,päiväkoti,Päiväkoti,False,False,"Harjunreuna 23, 01230 Vantaa, Suomi",Harjunreuna 23,Vantaa,1230.0,FI,,Harjunreuna 23
Päiväkoti Inkivääri,60.207126,25.1568361,päiväkoti,Päiväkoti,False,False,"Inkiväärikuja 3, 00990 Helsinki, Suomi",Inkiväärikuja 3,Helsinki,990.0,FI,,Inkiväärikuja 3
Vartiokujan päiväkoti,60.2491673,25.1161104,päiväkoti,Päiväkoti,False,False,"Pallastunturintie 27 B, 01280 Vantaa, Suomi",Pallastunturintie 27 B,Vantaa,1280.0,FI,,Pallastunturintie 27 B
Pilke liikuntapäiväkoti Liminka,64.8080001,25.4498132,päiväkoti,Päiväkoti,False,False,"Pitkäkoskentie 1, 91900 Liminka, Suomi",Pitkäkoskentie 1,Liminka,91900.0,FI,,Pitkäkoskentie 1
Kellon Päiväkoti,65.1276178,25.3560344,päiväkoti,Lastentarha,False,False,"Kylätie 2, 90820 Oulu, Suomi",Kylätie 2,Oulu,90820.0,FI,,Kylätie 2
Päiväkoti Laakavuori,60.2394637,25.1092117,päiväkoti,Päiväkoti,False,False,"Jänkäpolku 1, 00970 Helsinki, Suomi",Jänkäpolku 1,Helsinki,970.0,FI,,Jänkäpolku 1
Meripirtin viikkopäiväkoti,60.4584726,26.9269126,päiväkoti,Päiväkoti,False,False,"Haukkavuorenkatu 5, 48100 Kotka, Suomi",Haukkavuorenkatu 5,Kotka,48100.0,FI,,Haukkavuorenkatu 5
Tuupalan päiväkoti,64.12429,29.5056834,päiväkoti,Päiväkoti,False,False,"Peuranpolku 1, 88900 Kuhmo, Suomi",Peuranpolku 1,Kuhmo,88900.0,FI,,Peuranpolku 1
Vehmersalmen päiväkoti,62.7663429,28.0189431,päiväkoti,Päiväkoti,False,False,"Vehmersalmenkatu 27, 71310 Vehmersalmi, Suomi",Vehmersalmenkatu 27,Vehmersalmi,71310.0,FI,,Vehmersalmenkatu 27
Steinerpäiväkoti Tontuntupa,61.0572006,28.1754939,päiväkoti,Steiner-päiväkoti,False,False,"Valtakatu 11, 53600 Lappeenranta, Suomi",Valtakatu 11,Lappeenranta,53600.0,FI,,Valtakatu 11
Perhepäivähoito Mäkelä,64.2103357,27.7627244,päiväkoti,Perhepäivähoito,False,False,"Honkirämeentie 19, 87400 Kajaani, Suomi",Honkirämeentie 19,Kajaani,87400.0,FI,,Honkirämeentie 19
Meriläinen Tuula Anitta,64.1889561,28.2326944,päiväkoti,Päiväkoti,False,False,"Naapurinvaarantie 23, 88610 Vuokatti, Suomi",Naapurinvaarantie 23,Vuokatti,88610.0,FI,,Naapurinvaarantie 23
Päiväkoti Lehdokki,62.6672688,29.7964597,päiväkoti,Päiväkoti,False,False,"Ruottisenahonkatu 17, 80710 Kontiolahti, Suomi",Ruottisenahonkatu 17,Kontiolahti,80710.0,FI,,Ruottisenahonkatu 17
Pikkutylli Daycare,60.1860315,24.9821535,day care,Lastentarha,False,False,"Arielinkatu 2, 00540 Helsinki, Suomi",Arielinkatu 2,Helsinki,540.0,FI,,Arielinkatu 2
Päiväkoti Lappi,60.1668511,24.9265584,day care,Lastentarha,False,False,"Lapinlahdenkatu 6, 00180 Helsinki, Suomi",Lapinlahdenkatu 6,Helsinki,180.0,FI,,Lapinlahdenkatu 6
Touhula Star Academy,61.4982888,23.7405503,day care,Koulu,False,False,"Sotkankatu 20, 33230 Tampere, Suomi",Sotkankatu 20,Tampere,33230.0,FI,,Sotkankatu 20
Svenska Barndaghemmet I Tammerfors,61.4935045,23.7459672,day care,Päiväkoti,False,False,"Mariankatu 41, 33200 Tampere, Suomi",Mariankatu 41,Tampere,33200.0,FI,,Mariankatu 41
Rovastinkankaan Koulu,61.6600811,24.3503102,kindergarten,Ala-aste,False,False,"Ammattikouluntie 3, 35100 Orivesi, Suomi",Ammattikouluntie 3,Orivesi,35100.0,FI,,Ammattikouluntie 3
Villekulla nursery,60.456194,26.2300862,kindergarten,Lastentarha,False,False,"Karlskronabulevardi 10, 07900 Loviisa, Suomi",Karlskronabulevardi 10,Loviisa,7900.0,FI,,Karlskronabulevardi 10
Myllylän koulu,60.8095959,25.7237633,kindergarten,Alakoulu,False,False,"Seulakuja 10, 16300 Orimattila, Suomi",Seulakuja 10,Orimattila,16300.0,FI,,Seulakuja 10
