iso3,address,lon,lat
BEL,,4.344767541988153,50.850198857732714
BEL,,4.347932352991403,50.85457733106922
BEL,,4.348475060582049,50.8813210700315
BEL,,4.390882915810979,50.86398883660147
BEL,,4.4076454409540915,50.83159516721242
BEL,,4.407746358627276,50.8334379910511
BEL,,4.368609819176542,50.8333008643135
BEL,,4.363102965179505,50.82462583571007
BEL,,4.355224391093447,50.830621273662466
BEL,,4.296002519555917,50.8507543538756
BEL,,4.318387802912391,50.8727092925594
BEL,,4.308693107285267,50.86572896483057
BEL,,4.298051275968644,50.86721534709428
BEL,,2.3066892917310384,49.29333480390865
BEL,,4.379938861378211,50.89437473292863
BEL,,4.40502930260435,50.880328057500414
BEL,,4.462000527537067,50.83322729654552
BEL,,4.421555141234444,50.81806933471262
BEL,,4.417411415471394,50.80449685104497
BEL,,4.337921394874397,50.8083688828014
BEL,,4.4323207822112005,50.845509039749146
BEL,,4.235071611396837,50.73902261905414
BEL,,4.245636293890685,50.729594872436365
BEL,,4.07102529031147,50.71544637798667
BEL,,4.279963671800936,50.80114793248068
BEL,,4.151395626067061,50.80811848241411
BEL,,4.191399218208521,50.90789727736046
BEL,,4.255696556260402,50.8467942378445
BEL,,4.181783521246792,50.86959641071121
BEL,,4.092240978781081,50.8744452158702
BEL,,4.431420828488887,50.93633846534428
BEL,,4.431252755194915,50.92773580060887
BEL,,4.4374430694029074,50.910472794662624
BEL,,4.368141487692852,50.93053047456609
BEL,,4.309249829104061,50.954310330608685
BEL,,4.18940929174104,50.971250830459674
BEL,,4.540977658565588,50.77382377098779
BEL,,4.475487893140276,50.88375465289498
BEL,,4.500848393433034,50.821530264203304
BEL,,4.477969121336405,50.76593496600196
BEL,,4.418539110182328,51.22107566353193
BEL,,4.388797923277605,51.225426002524905
BEL,,4.43637107388026,51.24871485234237
BEL,,4.418575415711499,51.28103648369785
BEL,,4.422462596805638,51.320654309192825
BEL,,4.371484970429546,51.3323151885232
BEL,,4.49964121675413,51.257532855505026
BEL,,4.515620602884414,51.250853690197744
BEL,,4.573251746147253,51.29578086738852
BEL,,4.490238373499151,51.29351372866921
BEL,,4.737797413864456,51.29661289071031
BEL,,4.635562678172215,51.26671443085221
BEL,,4.594645955971091,51.390933540057084
BEL,,4.471416652623512,51.37790175824132
BEL,,4.4582478203744955,51.36351398282659
BEL,,4.468402871648254,51.46538097750114
BEL,,4.4315492068700095,51.21002263898142
BEL,,4.519374183619593,51.202662210388645
BEL,,4.5768037453395,51.23106809513486
BEL,,4.654613844480929,51.21243390399166
BEL,,4.6693756556993495,51.16262744450828
BEL,,4.758945127493915,51.137933508945586
BEL,,4.742056552484286,51.19503045517213
BEL,,4.92176391607465,51.32521558612754
BEL,,4.963368659922737,51.325364442791575
BEL,,4.9469418775121845,51.31608001505939
BEL,,4.8521841222929725,51.31803306535775
BEL,,4.990577953885052,51.36788282501374
BEL,,5.119767636581797,51.19032800061218
BEL,,4.842738314391441,51.178066824557
BEL,,4.828628872140123,51.236548630946224
BEL,,4.834570548481651,51.16353760475713
BEL,,4.85539878892112,51.14289607256123
BEL,,4.986398068917325,51.163775080331455
BEL,,5.006268327208907,51.16679750944143
BEL,,5.119074738884188,51.23792848084855
BEL,,5.163262011322453,51.17317985398738
BEL,,4.567989729135768,51.138735007856994
BEL,,4.573471304034928,51.127831266219765
BEL,,4.628364213889118,51.14254537794013
BEL,,4.453646251341342,51.16457178503022
BEL,,4.434849919738801,51.15662899685196
BEL,,4.4734253002300175,51.155288543778475
BEL,,4.4428682785034255,51.12964023638197
BEL,,4.495376307526844,51.09639077606561
BEL,,4.607720724004352,51.096099129244514
BEL,,4.396350579467951,51.169147617859885
BEL,,4.293170007546842,51.13108733539416
BEL,,4.295074214127759,51.146683876400765
BEL,,4.3862696966440815,51.129356916380765
BEL,,4.369112194324631,51.087084136605775
BEL,,4.366599744902797,51.10347073180752
BEL,,4.3753651229027515,51.09768173377688
BEL,,4.393149338161356,51.09183656695488
BEL,,4.288469480079741,51.0727020440793
BEL,,4.244649171506559,51.09563082716929
BEL,,4.224302456543282,51.087940294251396
BEL,,4.20601074655265,51.05744418890998
BEL,,4.206299496470162,51.13069459751715
BEL,,4.224181025008139,51.12740092090097
BEL,,4.142707917514972,51.17338532229909
BEL,,4.154065742622495,51.17861982522034
BEL,,4.149087677336783,51.157613307956744
BEL,,4.331662089502878,51.21474399771776
BEL,,4.2496293544274355,51.2146543122131
BEL,,4.306158628430937,51.17204706198645
BEL,,4.080830873994593,51.251055386754466
BEL,,4.177645524573147,51.291140622961414
BEL,,4.12853235486943,51.21902810307665
BEL,,4.488727499123366,51.02579872637258
BEL,,4.488552160661516,51.03521041135139
BEL,,4.47143125573892,51.00991353873171
BEL,,4.658019407815595,51.00288690554237
BEL,,4.625796132419584,51.052626504038315
BEL,,4.665961045466421,51.059875809072345
BEL,,4.494381617832493,50.99238935317847
BEL,,4.7205071636570795,50.927296128201874
BEL,,4.70030493452665,50.90458477814612
BEL,,4.7081228138657245,50.882789859904584
BEL,,4.689328141726416,50.86284109473846
BEL,,4.6895527113885,50.87698102577746
BEL,,4.537182391422013,50.88948916387889
BEL,,4.557293743868713,50.93910675374422
BEL,,4.615612435389974,50.93924109935955
BEL,,4.72775899245952,51.073591381480576
BEL,,4.704255273585063,50.98968461820498
BEL,,4.878692447707589,51.052835566272584
BEL,,4.9067561402986115,51.08714792519126
BEL,,4.727721121452377,50.87564769148875
BEL,,4.882258288046372,50.90747093517072
BEL,,4.836564110302401,50.98751518628749
BEL,,4.836719794719684,51.003084020234596
BEL,,4.899179979618789,50.97176044721204
BEL,,5.055323541513631,50.98624282346538
BEL,,5.051360433804176,50.99086854047664
BEL,,4.9359817747019425,50.80936104330793
BEL,,4.7343489731376875,50.865585851406834
BEL,,5.081947519631938,50.7500192967162
BEL,,5.076411026744374,50.74559381796414
BEL,,5.134254504595998,50.74841194939248
BEL,,5.32090588756815,50.92472496531298
BEL,,5.34627271269004,50.930431954080724
BEL,,5.341274983193367,50.92884625519307
BEL,,5.331726210830473,50.92659653909276
BEL,,5.332144169553281,50.93378515282235
BEL,,5.375101805931671,50.989765385032314
BEL,,5.402930241366934,51.02697599779405
BEL,,5.474359142454831,51.02071670686195
BEL,,5.31278285798284,51.020056591562614
BEL,,5.333396479437341,50.93380184118291
BEL,,5.212946044499583,51.06931405222856
BEL,,5.425436480622954,51.219369781416184
BEL,,5.45808519882928,51.13232449124094
BEL,,5.523715820784844,51.09679246287683
BEL,,5.426095751332406,51.22066733247769
BEL,,5.545552379605975,51.254650812239355
BEL,,5.583871142567903,51.17552324057331
BEL,,5.5222052943619,50.9760345885123
BEL,,5.539475438514553,50.96792540133254
BEL,,5.501739255247651,50.950009090161544
BEL,,5.477661573406338,50.95556107577597
BEL,,5.511184051155902,51.00175530054828
BEL,,5.448877826335835,50.973962379964085
BEL,,5.681236273785601,50.97020367843882
BEL,,5.6961010855689045,50.98525781989843
BEL,,5.695834809327725,50.983903248308636
BEL,,5.741550333933454,51.01774050373939
BEL,,5.586992608812928,51.04479487954227
BEL,,5.58336622259831,51.00509554181045
BEL,,5.701422143873837,51.0891720211999
BEL,,5.790630225987324,51.097650189684906
BEL,,5.6048618426060335,51.140307814683226
BEL,,5.469901590314016,50.78097668677933
BEL,,5.466278607360285,50.78493963145149
BEL,,5.454506587195529,50.77384708807048
BEL,,5.511659176794755,50.87121090741233
BEL,,5.177340694597744,50.82145497704282
BEL,,5.182411640364606,50.81759905600778
BEL,,5.191391306212316,50.81415602924784
BEL,,5.341259353694109,50.84372732222926
BEL,,5.301668998026079,50.750684470545835
BEL,,5.164092065144753,50.9392779919505
BEL,,5.1687875611519605,51.04349002319269
BEL,,5.1488484148203195,51.103097589893714
BEL,,5.2544520005305735,51.12130979004527
BEL,,5.081726749609622,51.06374538263055
BEL,,4.986869378269963,51.06774254171597
BEL,,5.083508279421479,51.13173801314404
BEL,,2.3066892917310384,49.29333480390865
BEL,,3.228063486908412,51.21248872705139
BEL,,3.2162937354592365,51.20515605199519
BEL,,3.220073099030803,51.21439807390329
BEL,,3.238498597366009,51.150390093951565
BEL,,3.3290094576832803,51.13468970668535
BEL,,3.2665209054560482,51.2009693336318
BEL,,3.137317712440435,51.03097943802026
BEL,,3.104604128396307,51.05872752274304
BEL,,3.012686302807824,50.97706964546622
BEL,,2.872516551274959,51.03882834757798
BEL,,3.197245868435205,51.19664454054027
BEL,,3.159310660654001,51.128389718214756
BEL,,3.0961232266269,51.18387657533614
BEL,,2.9996962616327365,51.183958663667276
BEL,,2.9662673075155666,51.15442056593018
BEL,,2.980149995239378,51.09280332590769
BEL,,2.9427176550877037,51.08715121647076
BEL,,3.2895014466393198,51.34449530711135
BEL,,3.240475239752315,51.338438990110696
BEL,,3.2750913886156097,51.21198003672057
BEL,,3.2491347859446034,51.211746171537555
BEL,,3.2412145829227357,51.19717089761711
BEL,,3.1259577224820276,51.310820860264755
BEL,,3.141516401968504,51.314758476313905
BEL,,3.1382713821565553,51.30402756792979
BEL,,2.9164047750634157,51.22935368655306
BEL,,2.8955820990267926,51.20951564128075
BEL,,2.9161322885654246,51.219254462124255
BEL,,3.030948212748003,51.268919798582
BEL,,2.7540665897628975,51.1294038273964
BEL,,2.7198221586108695,51.148683371345705
BEL,,2.640688883212009,51.1126661900477
BEL,,2.593310896727716,51.097558604405265
BEL,,2.3066892917310384,49.29333480390865
BEL,,2.6798532420482095,51.074769206991284
BEL,,3.285611961300546,50.822225996818446
BEL,,3.2840905816129293,50.821726448012846
BEL,,3.2334398043109127,50.80208799619024
BEL,,3.1890615106633744,50.79074400261095
BEL,,3.3446875999546792,50.812966083739596
BEL,,3.354797440996171,50.850885490853614
BEL,,3.445299397027752,50.77886507172425
BEL,,3.1870679925539087,50.81818168745169
BEL,,3.1804878664396803,50.803361369384284
BEL,,3.052584134332377,50.78395001243771
BEL,,3.0427865140604458,50.78285052684291
BEL,,2.9190249467201146,50.911523532998515
BEL,,3.126949292562596,50.85954745362657
BEL,,3.203520571289011,50.91834838322364
BEL,,3.231936190835674,50.83850346918047
BEL,,3.2405882419251024,50.83355226156091
BEL,,3.2829442533172695,50.85356917539502
BEL,,3.3190532455848154,50.85396960417884
BEL,,3.260358034815595,50.92422043765551
BEL,,3.421909714536491,50.881500318202534
BEL,,3.1377430331091762,50.952947576686974
BEL,,2.3066892917310384,49.29333480390865
BEL,,3.1455663529021898,50.93403232102728
BEL,,3.317571937429237,51.004110634250075
BEL,,2.88024712641524,50.85349475483698
BEL,,2.897996938144524,50.85593941990716
BEL,,2.883495689216832,50.784832784453016
BEL,,2.826701812667021,50.854205928850305
BEL,,2.728269803022818,50.85276308417429
BEL,,3.707058027166462,51.033218959344616
BEL,,3.723972451275503,51.036908429227914
BEL,,3.7658187559360154,51.077878024452616
BEL,,3.701668942395129,51.10433853779108
BEL,,3.8145519580200573,51.199548241036695
BEL,,2.3066892917310384,49.29333480390865
BEL,,3.8447699644238997,51.1649893491571
BEL,,4.033433554277947,51.21166929978757
BEL,,3.991285416877399,51.10226655998324
BEL,,3.9905828390455835,51.11147792458965
BEL,,3.901323033883989,51.106735928993054
BEL,,3.756226863979111,51.055157846388134
BEL,,3.972073125420124,51.10676098802392
BEL,,4.144564788370104,51.09018914712386
BEL,,4.083082835822123,51.112348925540246
BEL,,3.8759201201181774,51.00243062536927
BEL,,3.800900200810079,51.03385218359281
BEL,,3.7682452151248786,51.0355511533928
BEL,,3.7444469642772433,50.99832840597643
BEL,,3.758497032613413,51.019940579846065
BEL,,3.8101034772972904,50.94587211644374
BEL,,3.8804397402448747,51.01305678156753
BEL,,3.9975995944522573,51.01893129285085
BEL,,4.054557316080842,50.94962803779747
BEL,,4.040433635362871,50.94042937521561
BEL,,4.038242751726096,50.93230584641553
BEL,,3.9772588126331256,50.97153717860684
BEL,,4.10014576603288,51.02548374495436
BEL,,4.113665735487854,51.018852822701064
BEL,,4.194103824620562,51.014450712730294
BEL,,4.13462478443972,51.00271585075488
BEL,,4.101995479319474,50.950805735875385
BEL,,4.02593296422077,50.83737735505615
BEL,,4.045247895588198,50.82595235755346
BEL,,4.063801740469264,50.9197627100155
BEL,,3.9971191824395915,50.90325518089394
BEL,,4.078231334652118,50.89068242978081
BEL,,4.0159790664732204,50.873665846387084
BEL,,3.8830190052076787,50.76949460337442
BEL,,3.879368372944377,50.770198614073124
BEL,,3.8595076905998895,50.771444538935626
BEL,,3.8557134356147946,50.92208682072176
BEL,,3.8887836395037434,50.891158529224974
BEL,,3.959144500236103,50.80555561666803
BEL,,3.5949400875774984,50.74339442816847
BEL,,3.62458884915806,50.749214428575314
BEL,,3.5956993143657368,50.75412478969207
BEL,,3.808315909302156,50.86433675791079
BEL,,3.8159296011946298,50.86919132252092
BEL,,3.7358017757717956,50.87677881417761
BEL,,3.7623168612793148,50.801754689473974
BEL,,3.674415532112575,50.80195049272159
BEL,,3.615918431673383,50.84493051753079
BEL,,3.5934625958691697,50.85134704265396
BEL,,3.6563851086582733,50.99230015315966
BEL,,3.6000888721807813,50.9620825177165
BEL,,3.5230520169503743,50.90659000061433
BEL,,3.4365731164143374,50.891650590730755
BEL,,3.533629632780037,50.97542888877338
BEL,,3.6524382859529467,51.05393484620351
BEL,,3.4497089559822687,51.08923327998639
BEL,,3.4180021141906556,51.13650047152021
BEL,,3.5619708490858,51.18957369133488
BEL,,3.5435731842104756,51.1913074730219
BEL,,3.686616016606364,51.08206718366682
BEL,,3.6717047650939927,51.07424028459725
BEL,,3.565462338747617,51.116326922063685
BEL,,3.6032734873932504,51.153451651830714
BEL,,3.452457569622953,51.209100235226614
BEL,,4.376456685471517,50.89546274914928
BEL,,4.152371605174285,50.80876753758365
BEL,,4.310880415433045,50.9009596038304
BEL,,4.452966091261576,51.380181319585496
BEL,,4.454922241535046,51.38171681705425
BEL,,4.55922526244536,51.26650280047711
BEL,,4.595565209652329,51.24714963637565
BEL,,4.963564745905865,51.23421144309478
BEL,,4.898436679900613,51.24333020426188
BEL,,5.089353738909063,51.32342421387232
BEL,,4.827139007230808,51.17250153763536
BEL,,4.385246437099342,51.10483578720438
BEL,,4.379123417809038,51.11387022789751
BEL,,4.392030838509558,51.109661575350444
BEL,,4.32143203030802,51.11200983609438
BEL,,4.181812160017931,51.17410962935285
BEL,,4.689258764920026,50.8547686526807
BEL,,4.972832938442016,50.97740971869682
BEL,,4.708231289990721,50.8683343727035
BEL,,5.172957595161979,50.81413124368379
BEL,,5.251179165988648,50.999525904087186
BEL,,5.522093028615151,50.9720530053258
BEL,,5.6793337198755625,50.97090819469305
BEL,,5.389610347195976,50.86141368028087
BEL,,5.302191534886679,51.246493987770634
BEL,,2.6606974770363436,51.1115819024417
BEL,,2.872516551274959,51.03882834757798
BEL,,2.9234142472265447,50.832680248404465
BEL,,3.2130332470303933,51.17501811311476
BEL,,3.217813669350812,51.18530393107551
BEL,,3.3382283213226183,51.16760913735431
BEL,,2.910428531062116,51.21121001588572
BEL,,3.023758659780014,51.13223632769604
BEL,,3.2551674477466475,50.8162048854579
BEL,,3.078586611062503,50.80858681462328
BEL,,3.1289832321368953,50.929480208113745
BEL,,3.1099448883522536,50.94446293777973
BEL,,3.7041649153879135,51.02913049942487
BEL,,3.702972499645521,51.104040265664125
BEL,,4.001332365124577,51.12099507616581
BEL,,4.02249529143606,50.936161977495274
BEL,,3.9773044363706798,50.93531920916875
BEL,,4.021187148631416,50.941839405527396
BEL,,3.887911336337809,50.76378820673658
BEL,,3.61435451517566,50.86984961221833
BEL,,4.355314486127912,50.8647364819574
BEL,,4.34365830401902,50.8532910207884
BEL,,4.349541432121116,50.843718269981586
BEL,,4.342870808890398,50.838790763705816
BEL,,4.386448581385458,50.89391543622163
BEL,,4.385723970631669,50.894670656323875
BEL,,4.34904758459888,50.871127139336686
BEL,,4.336138364589679,50.86422941702279
BEL,,4.35753701715156,50.898680773555874
BEL,,4.338380511899028,50.89015554497315
BEL,,4.41667787513381,50.89094930412658
BEL,,4.342730028349603,50.86290957430722
BEL,,4.371379421247338,50.85501051205848
BEL,,4.387108290197002,50.87334753644844
BEL,,4.387102363181516,50.85870369717506
BEL,,4.374164444915489,50.86631017651158
BEL,,4.38750617520795,50.87353624967072
BEL,,4.379927496564282,50.84930162756474
BEL,,2.3066892917310384,49.29333480390865
BEL,,4.381751402571817,50.8220900860079
BEL,,4.337183936065437,50.82950320143205
BEL,,4.326348290575892,50.83571162417439
BEL,,4.271110874700174,50.836038532728764
BEL,,4.3026999167505515,50.834127650655795
BEL,,4.305528727673136,50.83119859994299
BEL,,4.278108885503335,50.836394703917044
BEL,,4.290088869557018,50.82882509048481
BEL,,4.314466050105529,50.83585961469956
BEL,,4.2792124627066945,50.815836394910846
BEL,,4.298019653563318,50.82173732675418
BEL,,4.293137437529976,50.83969544499502
BEL,,4.302600848468387,50.8339118461787
BEL,,4.299308267552619,50.82367983867563
BEL,,4.2777309298660535,50.82622722167978
BEL,,4.291949190254706,50.86332809404393
BEL,,4.293171667769986,50.86276254387874
BEL,,4.318899369685536,50.85903652695591
BEL,,4.289374804054628,50.84839484119097
BEL,,4.326946968247011,50.84914218844896
BEL,,4.326532559463742,50.852090600391655
BEL,,4.330649121052057,50.854249466404575
BEL,,4.290244120696172,50.84650762265998
BEL,,4.296339379659421,50.86264766058349
BEL,,4.331907003197108,50.862124651557735
BEL,,4.331750932992734,50.861899866396534
BEL,,4.314919995793603,50.87381347496538
BEL,,4.3141450222150155,50.86820370106026
BEL,,4.336058884025255,50.855797261288316
BEL,,4.3354047999756595,50.87735381859558
BEL,,4.310615169005994,50.88538084690238
BEL,,4.328896930104334,50.877747361138965
BEL,,4.338985529494928,50.87709406741411
BEL,,4.3320682527266285,50.87412563233258
BEL,,4.3297451098673125,50.88306938393906
BEL,,4.390869704604861,50.8953349854841
BEL,,4.418842909956379,50.895299256585574
BEL,,4.396286518811698,50.87376819384332
BEL,,4.396429098347975,50.87460417793297
BEL,,4.403109002428955,50.87762282671341
BEL,,4.411903419343667,50.86157368996043
BEL,,4.401313570769422,50.87035987614408
BEL,,4.461848145310259,50.842234941454734
BEL,,4.433328598743193,50.83505365553485
BEL,,4.4598559205240695,50.83265366315178
BEL,,4.429488077853266,50.81832614557386
BEL,,4.408586356326567,50.819827502027245
BEL,,4.413445788566226,50.79665050769617
BEL,,4.407766801525387,50.80719739848705
BEL,,4.321545497641837,50.797270328134495
BEL,,4.361659551383182,50.793611623806825
BEL,,4.330872696545936,50.787115360405515
BEL,,4.313745087594047,50.808665812212446
BEL,,4.32604145287401,50.81371403640526
BEL,,4.338497518564442,50.817232773567895
BEL,,4.42603625470667,50.85006999720245
BEL,,4.411566816903769,50.85085834053032
BEL,,4.436768765794875,50.83832388463538
BEL,,4.451165977346581,50.847286118968526
BEL,,4.237986244787906,50.73525018621815
BEL,,4.228613553648926,50.74311443855794
BEL,,4.2687770801205,50.7513271050498
BEL,,4.300579236313522,50.72922594919778
BEL,,4.2175236191007635,50.715349160508794
BEL,,4.099112854493528,50.746223656471216
BEL,,4.030528589438385,50.72721215994797
BEL,,3.9702048632667917,50.734079620362856
BEL,,3.912426771300478,50.75422205611616
BEL,,3.9218545608863176,50.743371599004284
BEL,,3.9672467542671366,50.75210324175379
BEL,,3.937993386619881,50.71532947679331
BEL,,3.9057135599244464,50.72059131357253
BEL,,4.240651571992923,50.77635422514698
BEL,,4.276804709271906,50.79155356435339
BEL,,4.283532478038018,50.80446773474836
BEL,,4.244307277087667,50.77721216729073
BEL,,4.242254033901677,50.776230102256925
BEL,,4.292218128485953,50.78473241894361
BEL,,4.2961156462327885,50.78614625637748
BEL,,4.319728040447973,50.7852684085805
BEL,,4.3158257043368735,50.78762202386112
BEL,,4.333421694308326,50.7728135681931
BEL,,4.3444367090697895,50.74570330782398
BEL,,4.384453214824941,50.75588993061774
BEL,,4.353037657670892,50.74436525665764
BEL,,4.389916988304087,50.7416402917692
BEL,,4.334662658281599,50.74219491896093
BEL,,4.310776208804174,50.76504656065283
BEL,,4.27989330801294,50.763004683119206
BEL,,4.164631325967849,50.759247231608924
BEL,,4.2577569025816855,50.71913380353423
BEL,,4.151848457951469,50.8052875789978
BEL,,4.141755971844816,50.82709534469385
BEL,,4.151816200139976,50.806132546830156
BEL,,4.167483389113554,50.81504217533085
BEL,,4.1370552688940405,50.83341485290971
BEL,,4.117541532691934,50.763219293131556
BEL,,2.3066892917310384,49.29333480390865
BEL,,4.064097297307513,50.77312531015544
BEL,,4.11870904126317,50.79435321550117
BEL,,4.113941164872801,50.79475649503176
BEL,,4.197853849544896,50.91189809363716
BEL,,4.186508734200725,50.92247955602192
BEL,,4.218788562416917,50.90163373328561
BEL,,4.193579605173441,50.91036362723565
BEL,,4.224480303472553,50.932420363724454
BEL,,4.2792205151228275,50.841618474501566
BEL,,4.264305889590086,50.844752560146716
BEL,,4.229120772626067,50.84014046995109
BEL,,4.263354674367648,50.84470676690367
BEL,,4.232344968747474,50.80523767373327
BEL,,4.245414565537195,50.8691857644807
BEL,,4.256848213715083,50.87015903357238
BEL,,4.277706695896589,50.88314872270178
BEL,,4.127829310584461,50.88043855241106
BEL,,4.152879218787673,50.874590062112574
BEL,,4.216641506740513,50.86210439943053
BEL,,4.218121544652301,50.87902448817304
BEL,,4.191429009632359,50.83574778760992
BEL,,4.084574252268444,50.842927560584826
BEL,,4.073570959115766,50.84286448511071
BEL,,4.073184622565161,50.84333996275862
BEL,,4.122288942796438,50.850303209220776
BEL,,4.085074287384189,50.87071548172872
BEL,,4.08680479314006,50.864049413523475
BEL,,4.095326301621639,50.878956166739485
BEL,,4.0996880642385705,50.891470582886434
BEL,,4.137434533550395,50.900791948169854
BEL,,4.0990491578905655,50.893833347445536
BEL,,4.107335669973112,50.90664400698566
BEL,,4.425808922106168,50.9309118248227
BEL,,4.411662923133272,50.923888285640295
BEL,,4.462743406805936,50.9483989885384
BEL,,4.373288752349677,50.91177863536685
BEL,,4.365753153940001,50.90203426182933
BEL,,4.431782246870264,50.93009970154545
BEL,,4.441096989667464,50.92858407966686
BEL,,4.43500497361309,50.935689250459326
BEL,,4.300861606034549,50.90858626947789
BEL,,4.309407228834797,50.90813239295048
BEL,,4.311213720879865,50.907459079703436
BEL,,4.282519377816548,50.90129294743208
BEL,,4.350951745317154,50.90882000433845
BEL,,4.356354238487435,50.910402794310556
BEL,,4.435724986348643,50.91211884800181
BEL,,4.408068564749702,50.928564004473614
BEL,,4.373148610514261,50.93077307649666
BEL,,4.388329328068588,50.97041399337375
BEL,,4.411500073459898,50.94771893472121
BEL,,4.363629769803751,50.95670711477135
BEL,,4.366675552859816,50.95681506144435
BEL,,4.32967512552947,50.93389518070299
BEL,,4.327354693685669,50.93578214920753
BEL,,4.323902835280281,50.99075888855729
BEL,,4.311627251464687,50.953736185493504
BEL,,4.230921242776013,50.96268592304772
BEL,,4.223752794086664,50.98394577446817
BEL,,4.2347183226402425,50.95391679926703
BEL,,4.227846861024531,50.95783710147191
BEL,,4.155046679315767,50.96998005565956
BEL,,4.183864017624599,50.954926815648264
BEL,,4.171187357356397,50.94375956477459
BEL,,4.182542489094324,50.96879513048373
BEL,,4.183616876947226,50.970720512745935
BEL,,4.533315593575591,50.77203689020183
BEL,,4.548213066552444,50.797347868283055
BEL,,4.486288655657976,50.793696003844644
BEL,,4.515499478716606,50.74620618220984
BEL,,4.485987269982901,50.79228493158999
BEL,,4.438090084015915,50.896215265594606
BEL,,4.464568786144757,50.88804310103015
BEL,,4.448330761585803,50.866669441839036
BEL,,4.459616901854707,50.85571198799555
BEL,,4.4595308676812495,50.86258901493891
BEL,,4.512364128132239,50.86056724068262
BEL,,4.474008235527981,50.84516416548794
BEL,,4.48291646666712,50.841613905525556
BEL,,4.503778858057675,50.82886240784143
BEL,,4.488636606138086,50.840996876263674
BEL,,4.486531015719268,50.844909469654894
BEL,,4.5112286371047245,50.82352272684354
BEL,,4.5111355813698095,50.8209248485455
BEL,,4.561208178695857,50.83588364167052
BEL,,4.475915129872411,50.76653918663808
BEL,,4.410052046509878,51.22190591233721
BEL,,4.432992210058388,51.21865073411868
BEL,,4.407242657270301,51.21723291087105
BEL,,2.3066892917310384,49.29333480390865
BEL,,4.425965250891541,51.2075446972785
BEL,,4.422155267632763,51.20431965028869
BEL,,4.420592536945487,51.226953170005764
BEL,,4.43599339790075,51.225417304973384
BEL,,4.403904596665436,51.21290155557951
BEL,,4.398774629974353,51.20273707824813
BEL,,4.412234518881477,51.213977348020585
BEL,,4.427954998201296,51.21929156851255
BEL,,4.414472733261278,51.205293667479765
BEL,,4.416573163736954,51.21624971606835
BEL,,4.405177252226987,51.211633795840534
BEL,,4.433955280135872,51.22157142988749
BEL,,4.396407578886674,51.21595964971705
BEL,,4.384762709730946,51.22968712584236
BEL,,4.418594104455393,51.20577735411479
BEL,,4.429697441604439,51.20564624951649
BEL,,4.394210777657353,51.2032864708307
BEL,,4.428977161220962,51.212891299471245
BEL,,4.421292501511068,51.225658531549335
BEL,,4.395632449505579,51.21207683819418
BEL,,4.437751469096843,51.22365455979019
BEL,,4.437651015418884,51.22348383965006
BEL,,4.418577197760721,51.2033774457137
BEL,,4.427653240589031,51.207157355767634
BEL,,4.403774347744317,51.21100503808585
BEL,,4.414089506952658,51.20843977116398
BEL,,2.3066892917310384,49.29333480390865
BEL,,4.42058072912822,51.20375408776481
BEL,,4.423995163623645,51.247175361636955
BEL,,4.4312434860379515,51.22730749570104
BEL,,4.412526832540862,51.22036799340378
BEL,,4.410708179116063,51.21939791648805
BEL,,4.428713883939401,51.23053564219228
BEL,,4.425766342839626,51.22026340326529
BEL,,4.428234199530807,51.22491815737511
BEL,,4.404225581563034,51.202367010449535
BEL,,4.414990849076453,51.20828661353365
BEL,,4.387691983222484,51.1825692705427
BEL,,4.374692950210681,51.19002218706443
BEL,,4.391598311008967,51.18655945846784
BEL,,4.391455760746248,51.1875122684972
BEL,,4.381429592959949,51.18843964231197
BEL,,4.388237987864295,51.18846564259797
BEL,,4.4101724515243665,51.276006386954585
BEL,,4.424734250242216,51.25432968489162
BEL,,4.321327426816084,51.34504195073125
BEL,,4.324961146074409,51.35750955572593
BEL,,4.308719680544671,51.361870646131
BEL,,4.314855285222726,51.34470666831622
BEL,,4.380007005830828,51.21874884588456
BEL,,4.391320231066611,51.23129493474282
BEL,,4.463547954924948,51.25279470473654
BEL,,4.452086629057503,51.25121247079547
BEL,,4.435719247016566,51.24365481244471
BEL,,4.434630688571237,51.243502628518904
BEL,,4.45121728336386,51.245613376156896
BEL,,4.47169463481701,51.24493207890717
BEL,,4.465051647461863,51.245800588245146
BEL,,4.445022744775857,51.24081780722658
BEL,,4.416810388962962,51.27891601334292
BEL,,4.420363889131262,51.27836621824709
BEL,,4.410450257250183,51.297838508042936
BEL,,4.4501602214669,51.279661585078486
BEL,,4.4388441827572995,51.29286350340269
BEL,,4.427421927736768,51.284025440661885
BEL,,4.435766435522301,51.30572728470161
BEL,,4.398658302345668,51.352677966935715
BEL,,4.454299700465972,51.30939136976601
BEL,,4.36640591180841,51.332863492222494
BEL,,4.403002250019481,51.30744022107792
BEL,,4.402483861063924,51.30452823483488
BEL,,4.454621393960641,51.2047587498884
BEL,,4.473126838964313,51.194164320129474
BEL,,4.468275095867033,51.226392069547764
BEL,,4.455482980964655,51.22931444802967
BEL,,4.4744452781239294,51.20775370390968
BEL,,4.447056786852755,51.232771904657376
BEL,,4.4781411759628345,51.22768661340947
BEL,,4.48100427981206,51.22178753317432
BEL,,4.450827359653307,51.22764596074465
BEL,,4.472649988901791,51.2239434418377
BEL,,4.456414179218247,51.21455481738004
BEL,,4.466403930060243,51.194394817249446
BEL,,4.460452592773839,51.22309970233578
BEL,,4.465092331297341,51.22406673265565
BEL,,4.477962512116155,51.23084169708106
BEL,,4.481617026237499,51.220663396644916
BEL,,4.449241970706981,51.22972337211476
BEL,,4.536808856322217,51.22461533675595
BEL,,4.523609534298309,51.22848945249532
BEL,,4.520917674203296,51.22833117117097
BEL,,4.483513838616239,51.252588157070974
BEL,,4.495559847635811,51.25271061638552
BEL,,4.465051647461863,51.245800588245146
BEL,,4.47169463481701,51.24493207890717
BEL,,4.511323699745721,51.25080504052552
BEL,,4.53238000092956,51.26768461739895
BEL,,4.505136495119689,51.26058262945538
BEL,,4.57102720262709,51.29851709648174
BEL,,4.521479351586014,51.32507050408724
BEL,,4.479408253246783,51.302692285584925
BEL,,4.449223795805119,51.29330625306392
BEL,,4.509670950008106,51.30079045004683
BEL,,4.521827706664303,51.32196019363626
BEL,,4.506383698792792,51.313961884758406
BEL,,4.480979505807831,51.3002280572813
BEL,,4.466391486670608,51.28353211239657
BEL,,4.466703527878068,51.28198588706119
BEL,,4.477733099834746,51.29155756505777
BEL,,4.459579872639009,51.27437861029458
BEL,,4.693466910319593,51.298468713761324
BEL,,4.68935318375697,51.29862375489384
BEL,,4.689713304485335,51.30301799872948
BEL,,4.737854244969459,51.30376732995843
BEL,,4.778974702865355,51.29522782195664
BEL,,4.783560013149187,51.266053734933664
BEL,,4.710643344680105,51.267347863793965
BEL,,4.7130059194430975,51.26521076979845
BEL,,4.641066033103124,51.264544676288715
BEL,,4.645013904251418,51.35023737361426
BEL,,4.600192927795446,51.34241518242825
BEL,,4.681910147747251,51.34724233818967
BEL,,4.638605719474357,51.34909271859227
BEL,,4.6041841315543985,51.34274884445645
BEL,,4.635465106046982,51.26469228691357
BEL,,4.679631805260662,51.345648482143254
BEL,,4.5925138541430055,51.3896972757264
BEL,,4.564927248567824,51.39526473297681
BEL,,4.61486660502128,51.41408161765839
BEL,,4.613685281744019,51.4135627800216
BEL,,4.5393236932714185,51.35979353131873
BEL,,4.597571053334128,51.39272547766705
BEL,,4.642336109764421,51.39996451325497
BEL,,4.459458647593072,51.365966741999486
BEL,,4.456644284942835,51.365861022451156
BEL,,4.4697022529209525,51.39515078050426
BEL,,4.497591643184831,51.3962470934406
BEL,,4.5019820233591386,51.39415706440246
BEL,,4.476449336310822,51.355886012765666
BEL,,4.4799980982888155,51.381030717964975
BEL,,4.513751099188029,51.431684735763376
BEL,,4.460972508169631,51.46968301365691
BEL,,4.412124681593902,51.44619091776963
BEL,,4.445528249348005,51.458846220724496
BEL,,4.4448187216782085,51.45607853627105
BEL,,4.502256787043532,51.469382951783366
BEL,,4.502313228213141,51.468996428005624
BEL,,4.4310865910923125,51.439576532984525
BEL,,4.472719842090126,51.427270115980555
BEL,,4.437264685881024,51.21393838509711
BEL,,4.431915160797285,51.216017717940666
BEL,,4.448712460816512,51.20499662812597
BEL,,4.45154548057841,51.21296740456782
BEL,,4.4532568348224615,51.201874446629894
BEL,,4.452815410473805,51.20303427514944
BEL,,4.438571415117315,51.21685884715011
BEL,,4.442023936661274,51.21895103640945
BEL,,2.3066892917310384,49.29333480390865
BEL,,4.486757620965305,51.193387395258874
BEL,,4.486518180929992,51.194861748421594
BEL,,4.487226709639341,51.203427054115984
BEL,,4.525334167789987,51.20502738677225
BEL,,4.561379156765226,51.19169792492038
BEL,,4.559855108096838,51.189803829694505
BEL,,4.555248297049145,51.23591295230117
BEL,,4.596896340847608,51.211993434911356
BEL,,4.598731460859664,51.21267299181256
BEL,,4.554177294269667,51.26531540716472
BEL,,4.552990465986279,51.26228822275756
BEL,,4.662315217441937,51.217313708550826
BEL,,4.6621668816769875,51.216487138084595
BEL,,4.715064398991041,51.20688780206736
BEL,,4.596224786162288,51.182952848117004
BEL,,4.601863478690683,51.18371484118075
BEL,,4.635178873962186,51.199778663979714
BEL,,4.65159501523527,51.186662082301666
BEL,,4.60346188885176,51.163190698612816
BEL,,4.66865169178007,51.15897988981311
BEL,,4.671202185920619,51.16211940491783
BEL,,4.689551748511915,51.16336524655024
BEL,,4.756218453564565,51.14165487679071
BEL,,4.757654589994725,51.13738047040609
BEL,,4.737196006173234,51.193643516820565
BEL,,4.734546733292495,51.19328323011974
BEL,,4.742562944326248,51.16900674551986
BEL,,4.772414732430125,51.201842715775896
BEL,,4.770462587467108,51.20442910126256
BEL,,4.941229509414372,51.326246575400496
BEL,,4.95266109277737,51.32606490163672
BEL,,4.948140676574464,51.3178987793542
BEL,,4.930664309635793,51.32215360943554
BEL,,4.950490011422427,51.321096079411625
BEL,,4.921261913616861,51.32160464913904
BEL,,4.950030981219088,51.29242549318034
BEL,,4.960293358223533,51.33058406547503
BEL,,4.7833774647628235,51.32914290393409
BEL,,4.758496871898286,51.35097861205326
BEL,,4.759108698207177,51.352046171497726
BEL,,4.767074565259797,51.402163318662446
BEL,,4.759109838966495,51.398262137142055
BEL,,4.75491177148711,51.40140365943988
BEL,,4.772741611803901,51.491849907295965
BEL,,4.764787024204927,51.41697389644611
BEL,,4.807051385682746,51.47374418815936
BEL,,4.860737149022337,51.35772545746005
BEL,,4.864965998422875,51.35849876564031
BEL,,4.926118816448282,51.440700376146715
BEL,,4.858211575968206,51.31969807258468
BEL,,4.85749663661499,51.32264017444259
BEL,,4.886260491432468,51.31125560211001
BEL,,4.885404791131411,51.31297610200502
BEL,,4.983114250794501,51.320364975331
BEL,,4.975236630358621,51.3366564361011
BEL,,5.001443389484593,51.30960821318272
BEL,,4.98396873365175,51.31881454329934
BEL,,5.089711739263943,51.3206086518905
BEL,,5.085878998145204,51.316712966960694
BEL,,5.101170675534443,51.337751153398315
BEL,,5.081635354338601,51.32152045184084
BEL,,4.9957951566460155,51.37143261638697
BEL,,4.996755029793132,51.371265746654814
BEL,,5.007259755158841,51.411485198676196
BEL,,5.01605639684729,51.38990214339514
BEL,,5.038779970790745,51.44539368862902
BEL,,5.042366674577518,51.44674853664732
BEL,,5.135209757749613,51.19947839064404
BEL,,5.087780640487402,51.178149397271724
BEL,,5.109403076395302,51.186222610305194
BEL,,5.121395250420993,51.18747712287658
BEL,,5.107573710472669,51.18631497527691
BEL,,5.218775160208096,51.191355585470205
BEL,,5.0977421847798725,51.20062353720766
BEL,,5.078844713528919,51.18579915275473
BEL,,5.1509081165218475,51.191986509042735
BEL,,5.114299366498721,51.17219593439527
BEL,,5.132937324273541,51.21097197022676
BEL,,4.838222504532648,51.189734234837054
BEL,,4.826629084041833,51.24140119988051
BEL,,4.824149292919867,51.2411501205458
BEL,,4.822330487376137,51.241130153492904
BEL,,4.836530585096112,51.2277987280687
BEL,,4.8404207501133385,51.14124009073872
BEL,,4.837901807414449,51.13799618192723
BEL,,4.833445866231726,51.12528559784423
BEL,,4.822328528958551,51.12044795453183
BEL,,4.818920914869973,51.11810593407456
BEL,,4.793121691497543,51.10647118798924
BEL,,4.900955769275307,51.16806571796112
BEL,,4.9030583858197785,51.184361852509035
BEL,,4.861521250178508,51.143508845688096
BEL,,4.899957784904841,51.16580503776883
BEL,,4.981368662860691,51.20425999819957
BEL,,4.981903133408186,51.20464374010157
BEL,,4.944720577855164,51.14261935325453
BEL,,4.940867502706158,51.14187405517305
BEL,,4.984212005220991,51.175786653355004
BEL,,5.003467815848896,51.16377435867366
BEL,,4.948643417800501,51.09838321947236
BEL,,4.973098194412187,51.10717745749278
BEL,,5.010836436363831,51.127868444564626
BEL,,4.89932425521837,51.24079145246883
BEL,,4.920024239514436,51.2233217176854
BEL,,4.921558038437171,51.22350330942524
BEL,,4.864299035701411,51.26642588503873
BEL,,4.964567629259155,51.23873665549427
BEL,,4.963351032898607,51.23877873882365
BEL,,5.082791616773365,51.268858646137446
BEL,,5.051741195215587,51.288367474899324
BEL,,5.089412928212962,51.26802747798318
BEL,,5.110135703078551,51.238587147632565
BEL,,5.118276997643344,51.23907511888871
BEL,,5.147616012662491,51.24067417420712
BEL,,5.1471438462997785,51.23984132523468
BEL,,5.182068783364623,51.19220743031797
BEL,,5.184223936700467,51.164119670292976
BEL,,5.202282484226484,51.180218850436525
BEL,,5.138507930357462,51.1730742432387
BEL,,5.170818442416731,51.17105226119956
BEL,,5.151106943430501,51.141610419631604
BEL,,4.587661343356663,51.12893829560725
BEL,,4.565315848579775,51.13149460413043
BEL,,4.57508969253311,51.1481249368674
BEL,,4.550584283846381,51.12347339001848
BEL,,4.563778872936922,51.13631511467712
BEL,,4.627914737135825,51.13880706176387
BEL,,4.6164202183741425,51.15096654983149
BEL,,4.680599691393694,51.137304040818854
BEL,,4.4537041372701776,51.18054441744709
BEL,,4.477855717480705,51.16724833946984
BEL,,4.443757730334579,51.158421346027886
BEL,,4.459082235259298,51.15169603009764
BEL,,4.439337868494553,51.1658396869797
BEL,,4.423091885318157,51.16137205450697
BEL,,4.445637567367563,51.15421345426135
BEL,,4.491126736285751,51.15774329480327
BEL,,4.488354034420013,51.16341796325511
BEL,,4.4932279159230095,51.157732097925
BEL,,4.522330377945788,51.17503666882079
BEL,,4.472169906705191,51.15636829168518
BEL,,4.472891006115198,51.15286208997387
BEL,,4.496608458973061,51.12918046116252
BEL,,4.496056217722382,51.12574737059459
BEL,,4.4430214977784175,51.136103009328444
BEL,,4.448857583125494,51.14007215436956
BEL,,4.441447509672784,51.13458491055702
BEL,,4.456414965579777,51.08652070928786
BEL,,4.431444976379863,51.08063109909148
BEL,,4.427147931854386,51.079311967925534
BEL,,4.45876562723711,51.06961085908131
BEL,,4.499484694325011,51.09537053268092
BEL,,4.554756905690934,51.09533194096308
BEL,,4.514186333830966,51.09489480315687
BEL,,4.511248088598606,51.09566245740177
BEL,,4.451913677392888,51.10730612487859
BEL,,4.609060900517662,51.09854136537071
BEL,,4.481742026208264,51.06054809155558
BEL,,4.527548271646003,51.0658254385504
BEL,,4.484452159747201,51.060518479374245
BEL,,4.507681877954992,51.04391760577426
BEL,,4.530997692845659,51.069083697682686
BEL,,4.6619126758796305,51.11935651910841
BEL,,4.659728416544192,51.119505759718
BEL,,4.635873843370705,51.11149037210714
BEL,,4.6667525727426105,51.11907470165761
BEL,,4.406810540006787,51.196685482002245
BEL,,4.446734189799041,51.19431067255003
BEL,,4.4295072237080175,51.18072127018341
BEL,,4.441163979282876,51.18165842995026
BEL,,4.4272857022549825,51.19942747061515
BEL,,4.430953485034797,51.182104742819874
BEL,,4.41754049091904,51.19721179857231
BEL,,4.418670977828058,51.19749895119526
BEL,,4.4256163218546405,51.179878307130544
BEL,,4.432820482390891,51.18773953478321
BEL,,4.3909665030124065,51.15232213162774
BEL,,4.381627467840005,51.18026905883131
BEL,,4.4234927963859745,51.17396486055842
BEL,,2.3066892917310384,49.29333480390865
BEL,,4.400412227830482,51.170854403344066
BEL,,4.392108730118123,51.17785846497351
BEL,,4.3760639821470795,51.177546039761836
BEL,,4.377594251223347,51.17838186046523
BEL,,4.348078467590333,51.145203654532985
BEL,,4.344348636641767,51.14543666835379
BEL,,4.33931906087003,51.14452769636899
BEL,,4.351653701934129,51.13749193544624
BEL,,4.337244875781601,51.12614532005906
BEL,,4.333307104442145,51.11985212006937
BEL,,4.338087439132748,51.12646913084057
BEL,,4.293886950784586,51.129415889870344
BEL,,4.391716068534362,51.108421189104995
BEL,,4.411257255765148,51.10133249606708
BEL,,4.410745682540159,51.10394841945605
BEL,,4.329785674460493,51.11215666421144
BEL,,4.324247925725392,51.10908057957394
BEL,,4.329287859852394,51.10976549115753
BEL,,4.269289261158204,51.12868775200865
BEL,,4.368484314769987,51.09909319945116
BEL,,4.367656439078478,51.08468412018091
BEL,,4.330861284654162,51.088435578950204
BEL,,4.336192310530089,51.077740411121795
BEL,,4.3258338607608104,51.044828726352655
BEL,,2.3066892917310384,49.29333480390865
BEL,,4.360224190305325,51.065339803042875
BEL,,4.350144002406688,51.050587870962026
BEL,,4.359311983215328,51.0610879841211
BEL,,4.371792658705423,51.05262068050708
BEL,,4.373446924201593,51.05170374451969
BEL,,4.354712762676539,51.03246670128023
BEL,,4.364119374124328,51.05767245360672
BEL,,4.298004740452781,51.06984963277394
BEL,,4.300905383065093,51.10650779427552
BEL,,4.266699644425075,51.104209188567914
BEL,,4.279518354249704,51.06033591123764
BEL,,4.2616129538647805,51.04322410016381
BEL,,4.24228794580792,51.06597405515511
BEL,,4.202676399319654,51.08072983213038
BEL,,4.222539205673066,51.08583473892962
BEL,,4.204499882035962,51.05306447897092
BEL,,4.197252214730156,51.06158470783544
BEL,,4.173878707608912,51.11165245134686
BEL,,4.23035903059485,51.129862213387845
BEL,,4.207371137043668,51.15970249602613
BEL,,4.139852422102144,51.166665349689445
BEL,,4.1235498029887205,51.16749562695317
BEL,,4.139785389327697,51.16867866993168
BEL,,4.149905182465532,51.16314283252757
BEL,,4.144790120178068,51.16555121140569
BEL,,4.153947525862254,51.17321747312392
BEL,,4.159449332442072,51.16113763914358
BEL,,4.146684978333238,51.154876277296616
BEL,,4.340710500778828,51.18421262596417
BEL,,4.362851278669519,51.173213714134846
BEL,,4.363536597918039,51.18364943281433
BEL,,4.368113185253259,51.172207111791366
BEL,,4.351811518797856,51.17663734607268
BEL,,4.354285737899526,51.175388253308334
BEL,,4.3683563253888735,51.18384726736908
BEL,,4.366554608601498,51.17392391576558
BEL,,4.341814391394585,51.204940314186125
BEL,,4.342229299706795,51.20500332478344
BEL,,4.3304715109397875,51.21813225391151
BEL,,4.3304715109397875,51.21813225391151
BEL,,4.289088924350485,51.221275763636925
BEL,,4.278985045610436,51.22054951014429
BEL,,4.253775579406125,51.21047877437139
BEL,,4.248399233551597,51.21997421395118
BEL,,4.257479137773825,51.21164180547654
BEL,,4.23562299046459,51.213075462422225
BEL,,4.259572899670134,51.21588628182999
BEL,,4.238410867744467,51.18318286179815
BEL,,4.310265201919746,51.169658185430116
BEL,,2.3066892917310384,49.29333480390865
BEL,,4.172101870945261,51.19144182390807
BEL,,4.095381496807726,51.14846785880157
BEL,,4.124534435707199,51.21991877968816
BEL,,4.144319662800065,51.20703247908422
BEL,,4.100071498918007,51.23519112256845
BEL,,4.151006465953919,51.26141565844045
BEL,,4.1490077617168355,51.25994688479073
BEL,,4.0936994168274605,51.19395537676402
BEL,,4.074736462888074,51.206709492649146
BEL,,4.087014448155619,51.25643627448948
BEL,,4.091885282275736,51.25633988389635
BEL,,4.195623550638123,51.220933693565016
BEL,,4.23497197962106,51.18043753282946
BEL,,4.183479722520198,51.255017180667636
BEL,,4.171631875042032,51.28947697639122
BEL,,4.178704653910487,51.28802342653669
BEL,,4.4869936011564,51.02778706639952
BEL,,4.4861102465414735,51.02794975770164
BEL,,4.46937987360939,51.04306686432536
BEL,,4.493293009154663,51.03275146591857
BEL,,4.48641727564958,51.02535161912524
BEL,,4.444308970969747,51.0407755896325
BEL,,4.481430515164144,51.01438988227123
BEL,,4.484217171531858,51.01181629123733
BEL,,4.475621558717077,51.02282706567342
BEL,,4.4839620763751356,51.0296598062846
BEL,,4.474594664552586,51.02878772800289
BEL,,4.473809690540126,51.02835696227376
BEL,,4.502297688925291,51.03101565523331
BEL,,4.478750852415036,51.03824932319706
BEL,,4.482656142226585,51.00278378647829
BEL,,4.472143424951312,51.01620526049614
BEL,,4.4678815784876384,51.04254678247828
BEL,,4.4916795363492605,51.0209775372818
BEL,,4.459958968447599,51.030696740397936
BEL,,4.479284124932465,51.022661860505316
BEL,,4.547821019436742,51.021507477994334
BEL,,4.5322540316545945,51.03680258649069
BEL,,4.589359425815335,51.038057489058595
BEL,,4.58350649927152,51.00237271218617
BEL,,4.610397813247465,51.02320211530489
BEL,,4.634556295207864,50.97306229895842
BEL,,4.634969198303624,50.95805829359524
BEL,,4.640928259708206,50.97438708465704
BEL,,4.635079945166798,51.00500869067199
BEL,,4.69120076662882,51.01123231249263
BEL,,4.6335454211967635,51.00574927167414
BEL,,4.58035321820733,51.06105890995509
BEL,,4.574641832111795,51.06301966243638
BEL,,4.544528386117457,51.055463952586585
BEL,,4.6557051325588485,51.027387943639205
BEL,,4.627262801925719,51.057360484172115
BEL,,4.671901156976122,51.05863813833802
BEL,,4.694951025631413,51.0259101992611
BEL,,4.693546681218929,51.024835396312284
BEL,,4.708812025426724,51.013061382035005
BEL,,4.299823431583303,51.00654124372076
BEL,,4.247668653458907,51.02067520319856
BEL,,4.295777488944976,51.024723692449555
BEL,,4.303037233107498,51.000745099044245
BEL,,4.261636846033754,50.99509673388332
BEL,,4.241489282970904,51.018439434610805
BEL,,4.354404716502689,51.01337396082087
BEL,,4.368839813939328,51.01238595656434
BEL,,4.35859445910785,51.01198106846553
BEL,,4.352433552353216,50.98474342281532
BEL,,4.441541631393423,51.01272260043652
BEL,,4.4174095979993915,51.03281669033801
BEL,,4.416553999977316,51.03257434247892
BEL,,4.41658070784711,50.98954365729012
BEL,,4.467332297947346,50.98523295709606
BEL,,4.495572664008409,50.99040146909948
BEL,,4.502634001266724,50.959542717022515
BEL,,4.512687969832655,51.00735313620486
BEL,,4.55600086407733,50.99283743086545
BEL,,4.570666747198756,50.981774391900686
BEL,,4.568751826668617,50.97355255904747
BEL,,4.606712687519035,50.96291930686545
BEL,,4.648720088086838,50.94406588575699
BEL,,4.694957399788853,50.87571655288912
BEL,,4.698617512400843,50.87693786671205
BEL,,4.68473320004817,50.88289124778747
BEL,,4.619104425984168,50.90318631037485
BEL,,4.625181831191788,50.90186070562671
BEL,,4.7001552653896095,50.89347421677554
BEL,,4.72420784785765,50.92574778003665
BEL,,4.707591447650989,50.868255319787046
BEL,,4.7228148824838305,50.87130269272349
BEL,,4.7200714603960305,50.87300098944353
BEL,,4.693221925449379,50.86310005542454
BEL,,4.657758246147733,50.86156586688747
BEL,,4.699108772421087,50.85793257085034
BEL,,4.68328914942608,50.875227079936
BEL,,4.6623218184769595,50.83499928865681
BEL,,4.764960650717048,50.86215115814599
BEL,,4.790301393753876,50.8384828457318
BEL,,4.760102854017987,50.82980478246564
BEL,,4.728153914208509,50.832010837156595
BEL,,4.70375111158345,50.82583543303631
BEL,,4.649144949641204,50.80361280200493
BEL,,4.618814723692268,50.75309642083603
BEL,,4.585203913937814,50.78762124683037
BEL,,4.606180996344067,50.807744337142154
BEL,,4.629418367443808,50.86612718009907
BEL,,4.631703996023704,50.860809255623316
BEL,,4.587877090052781,50.84683092554044
BEL,,4.54148900458398,50.88571630837154
BEL,,4.5665620452831535,50.90360150229822
BEL,,4.5585504973663635,50.90172699610677
BEL,,4.505202175702619,50.87888738326186
BEL,,4.571330588737026,50.87871059136523
BEL,,4.586496934798839,50.88289940714854
BEL,,4.511441709425287,50.91205083649301
BEL,,4.513168741150438,50.909558661430154
BEL,,4.479520789628204,50.91248099219485
BEL,,4.5511351404179505,50.943224615230484
BEL,,4.536701608842897,50.92975326604705
BEL,,4.560305518522476,50.92066475543969
BEL,,4.702103280153996,51.07342418080297
BEL,,4.7312212450424616,51.076628029169726
BEL,,4.7115795898994435,51.07760378051637
BEL,,4.723410071565544,51.045801523236605
BEL,,4.732183937151943,51.08664775026196
BEL,,4.710726521556225,50.95335825858867
BEL,,4.739343339239475,50.963725955123145
BEL,,4.759190727497311,50.947121204835206
BEL,,4.678549791997722,50.95570395886482
BEL,,4.680205395446616,50.95640074064922
BEL,,4.70584908551758,50.991468907897136
BEL,,4.685512539075568,50.99400655468559
BEL,,4.752254183654363,50.99496717263829
BEL,,4.745480917687849,51.01353381931733
BEL,,4.783178329898396,51.022234297212506
BEL,,4.8290170957879335,51.029650633378225
BEL,,4.807680003132656,51.04057314461031
BEL,,4.778084420436839,51.05414555621274
BEL,,4.7584415255316905,51.03321375664079
BEL,,4.833362690779616,51.060987665555764
BEL,,4.812662470925911,51.071261184707545
BEL,,4.796691540380965,51.07223723098369
BEL,,4.927687687970134,51.0448553281226
BEL,,4.91865121108471,51.07673753327187
BEL,,4.895135367450893,51.031180078024725
BEL,,4.882892215956673,51.05603540495781
BEL,,4.866570569180936,51.12657055154388
BEL,,4.921231330391188,51.090991146319396
BEL,,4.874006731980159,51.08774246503858
BEL,,4.914079454117503,51.10560470969296
BEL,,4.914736959181729,51.10566458713811
BEL,,4.8614432043758,51.11718069997337
BEL,,4.908344978603236,51.13942960487758
BEL,,4.837616049921523,51.08682331866912
BEL,,4.836909965242856,51.08615195245346
BEL,,4.735130091914192,50.89102381924763
BEL,,4.754785533360788,50.87708985767243
BEL,,4.723783025649847,50.88471215261614
BEL,,4.722557991047501,50.88432930910573
BEL,,4.720995603209907,50.9109159243651
BEL,,4.768675909949737,50.89474368112503
BEL,,4.876482914484636,50.90720841346759
BEL,,4.876577177924809,50.90672256859094
BEL,,4.904941983811898,50.93906658069707
BEL,,4.844321928041405,50.87917888645587
BEL,,4.8591886414552405,50.9338909856569
BEL,,4.844911371682782,50.98624112200319
BEL,,4.829579006295259,50.98397403809549
BEL,,4.8346101279439475,51.00583412815946
BEL,,4.834904036161756,51.00530259630516
BEL,,4.802313506842731,50.96467887980613
BEL,,4.782537403057546,50.986854961175624
BEL,,4.782685060122091,50.98905681314196
BEL,,4.919448882943736,51.02940572758748
BEL,,4.87022548590958,51.009418106449004
BEL,,4.871469295423415,50.995218689704565
BEL,,5.015120320558532,50.95134873327842
BEL,,4.976375844122007,50.94537979809517
BEL,,5.0052004804879555,50.91779074861099
BEL,,4.948821661354186,50.96561970081596
BEL,,4.977952730021999,50.98239041156468
BEL,,5.012909685137931,51.02656678407709
BEL,,4.976357277665435,51.030635694905946
BEL,,4.950416341682219,51.01034312034121
BEL,,4.987544080578198,51.000175334919064
BEL,,4.954919494886058,50.985348238511044
BEL,,5.049237794050202,50.98594560776968
BEL,,5.057373192337439,50.97938080454223
BEL,,5.078524633756626,51.0013062842009
BEL,,5.096974051294963,51.03974929568836
BEL,,5.113487812519586,51.01840382381915
BEL,,4.941591205844622,50.80860554562776
BEL,,4.938971325827102,50.81018257555775
BEL,,4.942635908680722,50.788427092402365
BEL,,4.941082245454204,50.79011581799435
BEL,,4.917340818124478,50.837543073771364
BEL,,4.9524432630642385,50.8027354726895
BEL,,4.934760454396248,50.80573504749961
BEL,,4.949922768598092,50.844415955409765
BEL,,4.983111951031262,50.79602484203605
BEL,,4.886674322285746,50.82071001130381
BEL,,4.897009666692021,50.779391404066324
BEL,,4.89193629496718,50.77455066885212
BEL,,4.900869557825848,50.77841198751396
BEL,,4.988077195364096,50.82945012697561
BEL,,5.048116374802992,50.84485858524524
BEL,,5.021325931731015,50.83899664536028
BEL,,5.016089361765016,50.81341345616094
BEL,,4.838751773134177,50.84371917872942
BEL,,4.861914343116248,50.834679148466726
BEL,,4.9517423525973925,50.8720324546187
BEL,,4.98711640204793,50.86860587171655
BEL,,4.963624397214067,50.92171262164906
BEL,,5.091473287330294,50.721605715365506
BEL,,5.126852851615682,50.7199700806336
BEL,,5.103131040568617,50.82981007986571
BEL,,5.095184686968324,50.863958490328244
BEL,,5.081105122188672,50.8825370458678
BEL,,5.116130190012681,50.89116507416697
BEL,,5.060589086304875,50.907894199568375
BEL,,4.955536387226952,50.88685553718705
BEL,,5.161042864662496,50.89272221112765
BEL,,5.1042898574214,50.979078513532365
BEL,,5.341448351658029,50.930346160629504
BEL,,5.331911642240185,50.928006457503585
BEL,,5.331403553750168,50.925430477002564
BEL,,5.352969124637775,50.963450369574865
BEL,,5.338437509719622,50.91545651804337
BEL,,5.326558778249957,50.92153245711857
BEL,,5.357675384784837,50.90044426856083
BEL,,5.331292129900725,50.935940760075475
BEL,,5.249725347533217,50.94725207666054
BEL,,5.2565484373991245,50.946094940104764
BEL,,5.304856013594114,50.94299586883874
BEL,,5.305576614092259,50.942028194964195
BEL,,5.354481846654045,50.97851387725143
BEL,,5.3412841439450744,50.99238738182245
BEL,,5.41208847635935,50.9876179812918
BEL,,5.410721176095817,50.98762111819125
BEL,,5.368936743465217,51.03123439597503
BEL,,5.3699757057263175,51.03248413529045
BEL,,5.483536593021396,51.02422612041028
BEL,,5.386402421502655,51.04178254461863
BEL,,5.343093878727918,51.0417085497164
BEL,,5.385513490079528,51.05402534532185
BEL,,5.315116452437846,51.02409222515079
BEL,,5.277394982013675,50.989347564303934
BEL,,5.247348609910633,50.998862381066395
BEL,,5.282080072845152,51.011201369667695
BEL,,5.323414774919934,51.02700079198094
BEL,,5.244674816518478,51.026516632574904
BEL,,5.284397254456991,51.034223995852685
BEL,,5.312062188188739,51.04440656178623
BEL,,5.25120302492723,51.073348535705556
BEL,,5.271767596251204,51.060193734758165
BEL,,5.301134361455116,51.061358223310116
BEL,,5.272251252858369,51.05643237512754
BEL,,5.3646538672971715,51.12673201545055
BEL,,5.444353125642078,51.096285006286905
BEL,,5.4674906055143815,51.08453761413034
BEL,,5.506797143893361,51.15304424045869
BEL,,5.495743354271896,51.12267523547234
BEL,,5.414557493671395,51.13708746186042
BEL,,5.560554338696632,51.10589207115353
BEL,,5.52588223873477,51.129503232717404
BEL,,5.517716627061143,51.09609595765194
BEL,,5.517744639016313,51.09549336226339
BEL,,5.5256052919701935,51.072195446842315
BEL,,5.439401510199628,51.24715577569031
BEL,,5.4434298721413406,51.22434938523757
BEL,,5.433362450455883,51.23109258938115
BEL,,5.480846519918673,51.25592428207115
BEL,,5.473304600634197,51.27255312867687
BEL,,5.405096212697902,51.19428098168723
BEL,,5.40465911312329,51.193925242626
BEL,,5.426738118996405,51.21176215756541
BEL,,5.426745749031068,51.210206934047335
BEL,,5.3942871351647526,51.155559097431706
BEL,,5.3873553334709,51.154953924774524
BEL,,5.541814647012937,51.23422801462082
BEL,,5.560926004197051,51.20270819140912
BEL,,5.560448725972917,51.15549015881074
BEL,,5.519471721039519,51.18764829767313
BEL,,5.496399921708709,50.961747808900455
BEL,,5.519726252005748,50.93193444411701
BEL,,5.421665113674272,50.95363097493842
BEL,,5.492523696136984,51.00372413279788
BEL,,5.533193084254091,50.98955547068758
BEL,,5.480009340117481,50.972934946549216
BEL,,5.450520019909023,50.969847774259215
BEL,,5.497532087510196,50.97328938603089
BEL,,5.50429939927779,50.96168971054331
BEL,,5.5894467564894565,50.93608521792695
BEL,,5.570898144045143,50.929623612773256
BEL,,5.561583597339456,50.95269813780669
BEL,,5.570898144045143,50.929623612773256
BEL,,5.571697143688726,50.9297143250363
BEL,,5.419533195656167,50.90615485019782
BEL,,5.425371782176057,50.90718125812782
BEL,,5.418722608256062,50.93410371810318
BEL,,5.419641947401875,50.93703528365865
BEL,,5.470521596356099,50.90311597890694
BEL,,5.472335913674485,50.89139345802803
BEL,,5.698168383286831,50.922596448731625
BEL,,5.675643282534514,50.94172079356535
BEL,,5.712795507535129,50.98628187937496
BEL,,5.718956023369331,50.94156352443725
BEL,,5.741000327821817,50.98877013331971
BEL,,5.726909519091693,51.03534306155233
BEL,,5.73564997755642,51.05192822905667
BEL,,5.726909519091693,51.03534306155233
BEL,,5.721034491674703,51.0121432442351
BEL,,5.754835893647083,51.0673563568294
BEL,,5.745422546152435,51.02242430450555
BEL,,5.745693950554807,51.020020642846745
BEL,,3.080234042538023,50.97906045058104
BEL,,5.5363229486478005,51.031679385082725
BEL,,5.58320500886569,51.04502281129223
BEL,,5.585028495169834,51.006552770504015
BEL,,5.605671188477699,51.017143844752155
BEL,,5.701247272947746,51.09205088602891
BEL,,5.6987243307968285,51.09269072626862
BEL,,5.695750760746086,51.106623147816585
BEL,,5.622524533868035,51.0434508383858
BEL,,5.65064294648509,51.06878823652249
BEL,,5.739235020349977,51.14263498319888
BEL,,5.799108406689477,51.126002291759406
BEL,,5.7382328850387125,51.17083070512868
BEL,,5.816703063262435,51.15066394950386
BEL,,5.8092157688268315,51.133161479858
BEL,,5.598922075078051,51.139416980512316
BEL,,5.591302866881374,51.122406371368626
BEL,,5.604330496744517,51.15478709591769
BEL,,5.588427164269028,51.14575594623715
BEL,,5.644318264994807,51.1172957970464
BEL,,5.660277032619071,51.12880017227641
BEL,,5.588565758121304,51.09254302281006
BEL,,5.588901883065813,51.0884670552131
BEL,,5.614712741491721,51.09229641990944
BEL,,5.471250979998215,50.80345855841853
BEL,,5.4223686905310675,50.784857636483544
BEL,,5.459213049464693,50.781760050001765
BEL,,5.476555070646734,50.7822894716605
BEL,,5.392326238352473,50.85958294262509
BEL,,5.424837104609216,50.865111358041304
BEL,,5.459852379008061,50.86007075560421
BEL,,5.482633702413051,50.85034456792998
BEL,,5.48307658861421,50.848659131098096
BEL,,5.49085279666856,50.828778737822695
BEL,,5.481733903932713,50.870509794028045
BEL,,5.478390759835979,50.83125295714955
BEL,,5.5210532483105945,50.87188317096448
BEL,,5.500127007669665,50.86847274590018
BEL,,5.519130695771638,50.87170425463114
BEL,,5.548119000830337,50.8638911771746
BEL,,5.550042924611472,50.84267189008091
BEL,,5.517586860053616,50.83880491520289
BEL,,5.554237064108092,50.83105852868113
BEL,,5.552590689041239,50.83276542525727
BEL,,5.574722540412445,50.84544141161797
BEL,,5.5769295214480525,50.87493505485836
BEL,,5.4755758626542566,50.891956301941114
BEL,,5.5227100473106,50.89188874726398
BEL,,5.501909654887053,50.895831518043614
BEL,,5.5234823217791105,50.89207893938475
BEL,,5.556755966267638,50.8717337043565
BEL,,5.530006189731754,50.85183577830073
BEL,,5.586812475220378,50.83468034359906
BEL,,5.617601516713582,50.829123590842315
BEL,,5.586427393515846,50.835160855750885
BEL,,5.602268338003549,50.80959612067622
BEL,,5.574526724445642,50.807934020106245
BEL,,5.671657714191633,50.88279488228416
BEL,,5.684789679954026,50.90914417774896
BEL,,5.607519516840854,50.88502714790589
BEL,,5.628694153370863,50.86533668515582
BEL,,5.535108564767715,50.81423114310763
BEL,,5.5949936580742845,50.78529829314589
BEL,,5.596019478918966,50.78656424862522
BEL,,5.639731214368264,50.82590065236475
BEL,,5.521403496484279,50.768657941863175
BEL,,5.489930789754061,50.75264554419819
BEL,,5.441534798440046,50.76708889062752
BEL,,5.558377673624707,50.78488495710358
BEL,,5.5329638529075,50.79983137163247
BEL,,5.5744409183746715,50.807907931151526
BEL,,5.610776732353762,50.794878034523286
BEL,,5.633796123871972,50.797364818932024
BEL,,5.8455354570203815,50.751286008122015
BEL,,5.75493648572065,50.75356357809378
BEL,,5.2014993275901436,50.83282902069478
BEL,,5.175772838798085,50.81610768297646
BEL,,5.144304873801035,50.82086030390748
BEL,,5.240556478333811,50.8337945139187
BEL,,5.220246047019071,50.799583427617556
BEL,,5.208969255806701,50.78138777701803
BEL,,5.195093325220944,50.86652419052814
BEL,,5.30766170884487,50.874918623802316
BEL,,5.309389410889729,50.84200961267933
BEL,,5.269944440119303,50.87160951775813
BEL,,5.2785515122046425,50.900050624520524
BEL,,5.307799462711746,50.8739915339467
BEL,,5.303812727782386,50.89996889195577
BEL,,5.338939062163831,50.84069884505892
BEL,,5.346426101705589,50.80269731828282
BEL,,5.388231067509922,50.806386494047075
BEL,,5.389310947059674,50.788809683613984
BEL,,5.282897659142757,50.81300997222142
BEL,,5.285486213501483,50.814041600145764
BEL,,5.30079505643696,50.75378415217653
BEL,,5.2556473704373925,50.73828515799939
BEL,,5.215343957295745,50.7566005698458
BEL,,5.210112303604562,50.73113274460286
BEL,,5.3059786810554375,51.20836829429643
BEL,,5.335735609909537,51.24517264135913
BEL,,5.328368261333807,51.2434977886976
BEL,,5.3393211958833176,51.23236076598578
BEL,,5.316218772793396,51.22706489484243
BEL,,5.313804073777501,51.23012254393167
BEL,,5.264261067910833,51.163557360804674
BEL,,5.2659206309834214,51.163616668322945
BEL,,5.286505779515294,51.22818033063992
BEL,,5.261111836982124,51.224635397488285
BEL,,5.374901299944607,51.23632407293501
BEL,,5.385494966918771,51.25194645014942
BEL,,5.19865512356565,50.90728654048573
BEL,,5.160790595754096,50.9417724983262
BEL,,5.133857890425032,50.93844507885469
BEL,,5.179100705171456,50.95726281141741
BEL,,5.207719341221116,50.94901601563353
BEL,,5.208429948853398,50.94975709221663
BEL,,5.246231897690066,50.91647876434657
BEL,,5.246537579261167,50.915334753149914
BEL,,5.205435631893304,51.0124098753507
BEL,,5.228823933448645,51.00870821800695
BEL,,5.136640588868206,50.965872518328474
BEL,,5.173253855327773,51.03785911230952
BEL,,5.169243063502532,51.038443815751236
BEL,,5.219002603873891,51.05244211848611
BEL,,5.227676289755747,51.04866646180513
BEL,,5.227676289755747,51.04866646180513
BEL,,5.219002603873891,51.05244211848611
BEL,,5.223025391901632,51.07043696087731
BEL,,5.223025391901632,51.07043696087731
BEL,,5.217243681292972,51.08755871448298
BEL,,5.249125625474169,51.08729779167702
BEL,,5.144998748995773,51.09998575453817
BEL,,5.101956125967908,51.082867256246615
BEL,,5.176005640475822,51.10312142326966
BEL,,5.253780526045852,51.11527397325971
BEL,,5.256433187497058,51.1331068937701
BEL,,5.256511918959227,51.115460189370694
BEL,,5.256511918959227,51.115460189370694
BEL,,5.248722732523035,51.11744232186583
BEL,,5.253780526045852,51.11527397325971
BEL,,5.228927992194367,51.10741247714044
BEL,,5.22703865466181,51.10794763553504
BEL,,5.090053044946117,51.068045494539156
BEL,,5.045823225073064,51.030508051998616
BEL,,5.126298003711896,51.06754818256183
BEL,,5.090053044946117,51.068045494539156
BEL,,4.98090761019622,51.06896925926646
BEL,,4.9858886653109495,51.07018376127853
BEL,,5.0770818587435445,51.1300239237041
BEL,,5.09545323385101,51.113470946202796
BEL,,5.025435130573565,51.07906690716693
BEL,,5.066962710197657,51.08578567644367
BEL,,4.995360801160187,51.10092159969094
BEL,,3.20772015842134,51.21500561486467
BEL,,3.205810190919038,51.21640719421745
BEL,,3.216158431840234,51.21758721894699
BEL,,3.2285637104344116,51.2740167889687
BEL,,3.233352026232671,51.225718139727874
BEL,,3.2274331709340873,51.2107566657404
BEL,,3.2160323214182363,51.211104564213805
BEL,,3.205729987433446,51.228811895433296
BEL,,3.2052463425781332,51.22294600288684
BEL,,3.2060464795666253,51.2230078063858
BEL,,3.2070911123327024,51.231072631108304
BEL,,3.2274331709340873,51.2107566657404
BEL,,3.2275666100442484,51.20588564732894
BEL,,3.2359825372446864,51.15276623398275
BEL,,3.2361519362831075,51.15226443687199
BEL,,3.261556234712393,51.158123794612834
BEL,,3.258159142707009,51.15730082280329
BEL,,3.191160530789248,51.156562066383955
BEL,,3.322601289810733,51.12798081550407
BEL,,3.322324876521332,51.12692658295648
BEL,,3.3406703459297273,51.168394509807335
BEL,,3.370473079922867,51.128035692910714
BEL,,3.176099375985385,51.07848653714355
BEL,,3.2065570054187744,51.09333634992761
BEL,,3.222136552194032,51.11179215522774
BEL,,3.2792360526716515,51.06021019231305
BEL,,3.3169320760380403,51.063105646019274
BEL,,3.3029834882242923,51.08298269926498
BEL,,3.215835353105261,51.03545094944372
BEL,,3.2273763327521614,51.04866179842791
BEL,,3.141812440741637,51.024850038361784
BEL,,3.138311580359011,51.02625196139125
BEL,,3.392871635428811,51.04121242445622
BEL,,3.3568840261366097,51.07074596407629
BEL,,3.392871635428811,51.04121242445622
BEL,,3.1152423447420525,51.056746414534885
BEL,,3.0863751089629936,51.06696346913081
BEL,,3.094437932273919,51.027089086822436
BEL,,3.067588053357505,51.09298214124716
BEL,,3.1042294765962035,51.06890042390746
BEL,,3.1037182976666124,51.06564048700487
BEL,,3.128451617860415,51.08313736868477
BEL,,3.039666233337128,51.02907305203743
BEL,,3.06055850452319,51.022734933099045
BEL,,3.0032214445196486,51.021382842728016
BEL,,3.0169207096711013,51.05396953713979
BEL,,3.0448152342240107,51.03050657396875
BEL,,3.0177120482662265,50.976129498935165
BEL,,2.9812183097067986,50.95042272035741
BEL,,3.0181355115938784,50.97527125767208
BEL,,2.92926460880191,50.976006645626626
BEL,,2.951787716129279,50.9795167503357
BEL,,2.851108638956039,50.95179144556267
BEL,,2.903773986381695,51.02747926340157
BEL,,2.890049935566329,51.10182258274721
BEL,,2.8855728670895653,51.057936953748424
BEL,,2.912773249122316,51.048934809543184
BEL,,2.8830307746639567,51.058021814889344
BEL,,2.7938278083374124,51.07397325524073
BEL,,2.8691365208341923,50.996087672763615
BEL,,2.912900360185896,50.96824393251903
BEL,,2.7172541797578003,51.01066137191628
BEL,,2.674101120123885,50.938439673516804
BEL,,2.7142478137967347,51.01346040960907
BEL,,2.672130125820671,50.94060519512668
BEL,,3.185644880782572,51.19880339614909
BEL,,3.183274183790511,51.19862682767788
BEL,,3.195058304886473,51.19317083788473
BEL,,3.2013259787704214,51.20226742292871
BEL,,3.2087866844502626,51.188802545317984
BEL,,3.22271127226842,51.18274453536921
BEL,,3.195395533244132,51.19569127421017
BEL,,3.1397828097453284,51.18970547011376
BEL,,3.13804533843949,51.141115426237654
BEL,,3.1348326469187797,51.143176546247695
BEL,,3.156328409095232,51.12714549147544
BEL,,3.15911831815091,51.12643693951008
BEL,,3.1590558525399435,51.105112169266455
BEL,,3.162224716557831,51.103499449783705
BEL,,3.0936468332140823,51.18132373839966
BEL,,3.069793519884141,51.1657361520121
BEL,,3.1234318743112555,51.16823751677189
BEL,,3.0729477806681635,51.213354152179825
BEL,,3.0059494893127043,51.182412727254444
BEL,,3.033145245263677,51.17876759969263
BEL,,2.970203767230567,51.160931197306695
BEL,,2.97008993784564,51.16043538909916
BEL,,2.955806712872571,51.121688075540376
BEL,,2.9204290803718447,51.13573380812737
BEL,,2.936901832433388,51.1740895152656
BEL,,3.0268631114003544,51.12911610776565
BEL,,3.046616105526806,51.159653522331766
BEL,,3.026642268061601,51.13282653446742
BEL,,3.0942459381766954,51.120603073370646
BEL,,3.0925770873542673,51.120513120841
BEL,,3.0077290423795326,51.09340347302638
BEL,,3.0343234948227367,51.103012239093154
BEL,,2.9807561821303707,51.090176275765536
BEL,,2.9804703654091838,51.08970541123095
BEL,,3.303838500348445,51.313828854969344
BEL,,3.262550796158458,51.341909922730764
BEL,,3.3025001164738303,51.315902266155206
BEL,,3.2960288936287223,51.3365364282156
BEL,,3.283611241340958,51.34288649283008
BEL,,3.2859753687884043,51.34429238555596
BEL,,3.3016166432442304,51.339427322670595
BEL,,3.291773882062036,51.35049355578905
BEL,,3.281582097244355,51.21105104143449
BEL,,3.25487625202115,51.20805178491101
BEL,,3.2525350873614824,51.20421818275517
BEL,,3.2682499561588183,51.19257130288139
BEL,,3.236867805540749,51.197057450382935
BEL,,3.235719153897865,51.18189906623922
BEL,,3.335300449231004,51.16939943518181
BEL,,3.39179558149436,51.16185247577826
BEL,,3.3226770395541276,51.20248623073553
BEL,,3.3209443736847617,51.2025428064037
BEL,,3.281694877726256,51.252286060117235
BEL,,3.3077792160985218,51.23090359618416
BEL,,3.3562984575844723,51.27724501447219
BEL,,2.3066892917310384,49.29333480390865
BEL,,3.1311842558651493,51.30952715093393
BEL,,3.143699241849179,51.303760186179055
BEL,,2.3066892917310384,49.29333480390865
BEL,,3.2322897923896683,51.275194235627765
BEL,,3.1953532102600244,51.29412505395015
BEL,,3.1912309260569383,51.29385043774336
BEL,,3.208451528717315,51.330633142330846
BEL,,3.2450677942810353,51.337242109233436
BEL,,3.238840518483653,51.33779419813558
BEL,,3.250903020208262,51.3147707624935
BEL,,2.914512812697136,51.227118882908094
BEL,,2.9038837443917243,51.217709920882946
BEL,,2.907788446181099,51.21324516503423
BEL,,2.879231566456649,51.212825990899496
BEL,,2.9461904476485103,51.23019207386572
BEL,,2.977214117650237,51.200606414539536
BEL,,2.9737623559677835,51.202147985422044
BEL,,2.933219272889589,51.21478824190333
BEL,,2.3066892917310384,49.29333480390865
BEL,,2.9093551695550577,51.21578175118554
BEL,,2.8844456998290386,51.21405128887531
BEL,,2.8877887619163074,51.208842918698004
BEL,,2.9103022308728757,51.21250304051926
BEL,,2.885785042795395,51.21559642624452
BEL,,2.8844456998290386,51.21405128887531
BEL,,2.909220223471156,51.20316688374802
BEL,,2.921066659688115,51.23093014821405
BEL,,2.9445043234047414,51.23148432800596
BEL,,2.9617647365036652,51.24600283931577
BEL,,2.959064863659559,51.22397228118121
BEL,,2.9602171237567276,51.22374327747923
BEL,,2.9465993918901687,51.22335558775437
BEL,,3.082508499222963,51.299552005271536
BEL,,3.099974778774167,51.27321240540519
BEL,,3.083644905600218,51.29734394053126
BEL,,3.1576290110198286,51.266076166230214
BEL,,3.036816904749685,51.271161455087515
BEL,,3.055688588191885,51.25395028521317
BEL,,3.004236107355051,51.25913978849434
BEL,,2.8191911328246633,51.186359852084706
BEL,,2.8207426348576776,51.18659595533565
BEL,,2.753007691655441,51.148872392033226
BEL,,2.879146954204787,51.176027668691205
BEL,,2.848772696520027,51.155691008411964
BEL,,2.7676250750995353,51.1607234498916
BEL,,2.7553840965578416,51.147529298192005
BEL,,2.766387231132577,51.15804541836149
BEL,,2.754027472789166,51.12846824628513
BEL,,2.7781752110886786,51.1309718886912
BEL,,2.6838413913452914,51.11739923350876
BEL,,2.6855978990728753,51.11741531046386
BEL,,2.6454164533328126,51.10609085095846
BEL,,2.6367042565343977,51.108408868488425
BEL,,2.590412821961324,51.094161156213666
BEL,,2.6046078450967096,51.074800110789695
BEL,,2.5859726591614,51.09639591818143
BEL,,2.5936544984861483,51.09941599813311
BEL,,2.6011643140785288,51.074523743130335
BEL,,2.6645087303100348,51.072075787937614
BEL,,2.6645087303100348,51.072075787937614
BEL,,2.6495228088251013,51.04335564155863
BEL,,2.674694634321525,51.07652040740725
BEL,,2.6593186706554817,51.01686568322218
BEL,,2.605351004519866,51.012670941187665
BEL,,3.2532689967104935,50.81427184312855
BEL,,3.287562839098717,50.82009526036134
BEL,,3.2843159571429785,50.81687364022127
BEL,,3.2997042517198034,50.81293323050367
BEL,,3.2632268867176064,50.83318340353199
BEL,,3.2709771350862824,50.830801768971874
BEL,,3.2776062055027206,50.82715052943314
BEL,,3.26138678215565,50.819077832970464
BEL,,3.2494979471534218,50.79143564024773
BEL,,3.254331308611882,50.82214871604341
BEL,,3.2696853861186415,50.84112877813193
BEL,,3.236582802344492,50.80590346155672
BEL,,3.2453117849583584,50.80161797570276
BEL,,3.228790275242768,50.77848721483483
BEL,,3.1871351848555545,50.79515705282399
BEL,,3.186981564684253,50.79279991947813
BEL,,3.1628932036639927,50.78680042094546
BEL,,3.177302390365617,50.762169038141934
BEL,,3.165504654503349,50.78118101264417
BEL,,3.2808622940485628,50.777184117233446
BEL,,3.330548474098977,50.739865370886
BEL,,3.335163972259044,50.81498629806937
BEL,,3.333799402157106,50.8137965121161
BEL,,3.333248589709837,50.81432208726133
BEL,,3.353060007829324,50.81822637786251
BEL,,3.333799402157106,50.8137965121161
BEL,,3.335163972259044,50.81498629806937
BEL,,3.42299981409953,50.80754632738824
BEL,,3.421786740203184,50.80789615083354
BEL,,3.4011899627756605,50.83593969039365
BEL,,3.3993138825416027,50.837416595038555
BEL,,3.4360312867575797,50.81797157838344
BEL,,3.4291718346878146,50.8189237426975
BEL,,3.473003617759289,50.83795732298384
BEL,,3.4468253866005503,50.847976442449095
BEL,,3.49241985926843,50.812373997496316
BEL,,3.476243500080536,50.80861994715585
BEL,,2.3066892917310384,49.29333480390865
BEL,,3.359188796524622,50.72173001913529
BEL,,3.3992592104248422,50.768414924780174
BEL,,3.364436566887551,50.74997866880399
BEL,,3.4126218136255138,50.78059888806909
BEL,,3.128226258469805,50.79984399282057
BEL,,3.130255961413687,50.79064080302526
BEL,,3.1238281093753364,50.79448374309393
BEL,,3.1111207156950287,50.802341005726944
BEL,,3.109959056796677,50.79856134201393
BEL,,3.0935546276674124,50.79086757135713
BEL,,2.3066892917310384,49.29333480390865
BEL,,3.1744360865022796,50.81932141220519
BEL,,3.1827200520141994,50.80768155807959
BEL,,3.152456085332895,50.80320874104672
BEL,,3.1835540051590656,50.81006355010254
BEL,,3.191328328069263,50.807300806380724
BEL,,3.1771507018142855,50.81693051773819
BEL,,3.2274355249212228,50.82152144898482
BEL,,3.2270087470184894,50.82214663964947
BEL,,3.2046952643195206,50.84514115262317
BEL,,3.2052668745203667,50.84212597171976
BEL,,3.2052668745203667,50.84212597171976
BEL,,3.2046952643195206,50.84514115262317
BEL,,2.3066892917310384,49.29333480390865
BEL,,3.16541349261445,50.840806942196984
BEL,,3.16541349261445,50.840806942196984
BEL,,2.3066892917310384,49.29333480390865
BEL,,3.1250567447542306,50.85752247807029
BEL,,3.1439201740592755,50.86680146223452
BEL,,3.1765388066446136,50.876937035724296
BEL,,3.100256907066466,50.85325614251154
BEL,,3.094752325600163,50.851973759669036
BEL,,3.088039717374577,50.86794031069127
BEL,,3.100256907066466,50.85325614251154
BEL,,2.994638110280419,50.833365464951136
BEL,,3.02360075923985,50.8487791012274
BEL,,2.9858797774586026,50.870494513421065
BEL,,2.9864097345819065,50.8727664897364
BEL,,3.055665526983875,50.89164211114275
BEL,,3.064359727668228,50.89286284247379
BEL,,3.0639842652478935,50.8925619760506
BEL,,3.199088772520504,50.92211630460669
BEL,,3.2219978284069204,50.91302800112215
BEL,,3.192401531827401,50.90232446495493
BEL,,3.2297507585928837,50.92230956140074
BEL,,3.1884330366858014,50.93803971811798
BEL,,3.2301546012989637,50.8458225080667
BEL,,3.2347304888818997,50.84097594954457
BEL,,3.256613443024242,50.84269582278616
BEL,,3.2347304888818997,50.84097594954457
BEL,,3.2301546012989637,50.8458225080667
BEL,,3.2800692249500156,50.85137583917067
BEL,,3.2856270753008685,50.85610230076162
BEL,,3.268915581575329,50.863121286445086
BEL,,3.2846309978025396,50.84940420413055
BEL,,3.2736797202144516,50.86411881388529
BEL,,3.2958008422944123,50.885810094593374
BEL,,3.3144767816372456,50.83383497905265
BEL,,3.3116795551627467,50.85407424257723
BEL,,3.3168797196749673,50.85145081323487
BEL,,3.357636409083497,50.85425438746704
BEL,,3.355522239444307,50.85547682139636
BEL,,3.3808138170755613,50.84689990836078
BEL,,3.3759682764395347,50.82215354037323
BEL,,3.37363828342631,50.82293393977542
BEL,,3.355522239444307,50.85547682139636
BEL,,3.357636409083497,50.85425438746704
BEL,,3.350688941974053,50.88650546870425
BEL,,3.4029117330309915,50.904216581401435
BEL,,3.3421602256743888,50.8728918570625
BEL,,3.3432549523556574,50.87351276389807
BEL,,3.3363448687794226,50.89183735763401
BEL,,3.313447027237254,50.875945752430454
BEL,,3.2399838438843194,50.88596117970764
BEL,,3.1765388066446136,50.876937035724296
BEL,,3.2558014979021426,50.92201970390703
BEL,,3.2776992010241135,50.91802654466934
BEL,,3.255766985566148,50.92107539245753
BEL,,3.338455098501618,50.92136180520633
BEL,,3.3351403968646602,50.919453753085335
BEL,,3.3549115235301925,50.94573328697979
BEL,,3.3693373381508667,50.909833363421974
BEL,,3.3666560238134586,50.908875551454315
BEL,,3.3979753179232524,50.9332498720661
BEL,,3.399486887365991,50.94617203500493
BEL,,3.431170804482772,50.93444523146953
BEL,,3.4348556671407433,50.88795100265489
BEL,,3.4190401278861335,50.89692221169975
BEL,,3.4045830789081473,50.90452698150873
BEL,,3.421562323969496,50.8846350806051
BEL,,3.4208287747578043,50.88718236457669
BEL,,3.4290929879885916,50.88898386092244
BEL,,3.4006608941343353,50.86303200446368
BEL,,3.402167503987199,50.863682725180325
BEL,,3.4260739177742545,50.87439562864734
BEL,,3.450492806971102,50.892892970504136
BEL,,3.4370374782162623,50.8861523245415
BEL,,3.440776124570367,50.894030282567634
BEL,,3.3897475593322,50.912324623456236
BEL,,3.1216268754679675,50.95309244703451
BEL,,3.113760526824514,50.95770181304111
BEL,,3.105177014541155,50.94131005288107
BEL,,3.133434541531476,50.94846110035082
BEL,,3.1346034597510157,50.95217745293699
BEL,,3.1157022730934907,50.96014995013598
BEL,,3.1420466357036614,50.96908542896195
BEL,,3.141547143627355,50.969673587133954
BEL,,3.121302192267484,50.9460314515852
BEL,,3.135227216425519,50.94036149881936
BEL,,3.1409139875072576,50.939468031100056
BEL,,2.3066892917310384,49.29333480390865
BEL,,3.1138459628610526,50.93641313978998
BEL,,3.1497160298060005,50.95010544272083
BEL,,3.1732500283793077,50.95874406783855
BEL,,3.16185628574503,50.9877385112337
BEL,,3.1498613082818117,50.9319102206806
BEL,,3.1517919670564343,50.933719332402305
BEL,,3.1144089542601012,50.89351590794786
BEL,,3.117461468487535,50.92087999773139
BEL,,3.1607845568557713,50.91323281513476
BEL,,3.059106127621051,50.9380277733293
BEL,,3.0598747666779484,50.93801835210239
BEL,,3.0772835875380085,50.97966643170595
BEL,,3.0353973217597066,51.000237206794374
BEL,,3.2008294813943725,50.975653209933974
BEL,,3.2100929353019665,51.00187038867536
BEL,,3.19648418997237,50.97744401886324
BEL,,3.3111700194559655,50.93862340753696
BEL,,3.2429278823428844,50.96181401983583
BEL,,3.3267249447594907,50.96412342229207
BEL,,3.2619996973204497,50.99337066501123
BEL,,3.2617635420986058,51.01543910545712
BEL,,3.324258692387729,50.99752653812344
BEL,,3.316511454039794,50.99676532132314
BEL,,3.3245770571995865,50.99730461220994
BEL,,3.3336838311361845,50.997798566643915
BEL,,3.42080992521669,50.99944922985618
BEL,,3.4003954038434245,51.01249818403001
BEL,,3.416246366290117,50.9667161780426
BEL,,3.4143115560777395,50.96244825602338
BEL,,3.374024784671256,50.97117645331563
BEL,,2.92265742634937,50.836977727824596
BEL,,2.8820055087516088,50.85224028315093
BEL,,2.8792245705666595,50.84990323681006
BEL,,2.8778270027891106,50.84963372888108
BEL,,2.8995834571478527,50.85153559575713
BEL,,2.888359634977166,50.84847235120721
BEL,,2.870268310587968,50.843477266954075
BEL,,2.86727978274818,50.84456297466582
BEL,,2.907443829099575,50.86551620668834
BEL,,2.8319640756101205,50.81967581447539
BEL,,2.864060296262813,50.92698057194795
BEL,,2.923025838096962,50.91275965231511
BEL,,2.9280305517852954,50.935055886581054
BEL,,2.937618420078504,50.88986729001951
BEL,,2.9560424441406434,50.91676665751623
BEL,,2.95935992822032,50.9175976999176
BEL,,2.8541285777177787,50.89660653887548
BEL,,2.815933649903067,50.88520121316112
BEL,,2.886372408678232,50.78536374642668
BEL,,2.9004365110609847,50.76463573335656
BEL,,2.8999651976207836,50.764746712429016
BEL,,2.7982129974242786,50.79917726881479
BEL,,2.8249723835435296,50.785748707600895
BEL,,2.8218150848254857,50.74456122833552
BEL,,2.7810795574870597,50.7649307125147
BEL,,2.764763271780635,50.817732696572286
BEL,,2.7617407015235016,50.817295670865924
BEL,,2.7476635313802316,50.79619603774524
BEL,,2.8190049205120307,50.85629843655501
BEL,,2.7235690644709756,50.85232860372932
BEL,,2.7323446984098907,50.85648859349825
BEL,,2.7308378395873323,50.85570327616687
BEL,,2.6208505170550094,50.85931367804941
BEL,,2.6662392783182676,50.82368974289207
BEL,,2.7390135119104824,50.931292268376474
BEL,,2.7875818677784494,50.902356123973206
BEL,,2.626631394809099,50.917999740754176
BEL,,2.6209779097426495,50.98503003346669
BEL,,2.6557355082445695,50.99206006341925
BEL,,2.6422340741426695,50.938938019624196
BEL,,2.656633264401071,50.8918161932977
BEL,,2.6871657396025865,50.91498835849885
BEL,,3.722317350219717,51.03079560294601
BEL,,3.7273807619894797,51.0628970695468
BEL,,3.73607922676847,51.055761637018755
BEL,,3.6954746109244625,51.06249452722895
BEL,,3.709343579952759,51.07140032617786
BEL,,3.724988122343238,51.048078704746935
BEL,,3.71323539970419,51.05737180724299
BEL,,3.7107332575545633,51.07607349624035
BEL,,3.7064466262536966,51.044200502164195
BEL,,3.7141850439467774,51.038409645406446
BEL,,3.7000634257885614,51.06082165863358
BEL,,3.7330953634216737,51.04125486546633
BEL,,3.714238967930228,51.01719503888168
BEL,,3.7195423184097507,51.022213486060345
BEL,,3.7161277448435777,51.02893665471893
BEL,,3.7157037318664905,51.02969840182865
BEL,,3.718455435631492,51.04713493832381
BEL,,3.729255593387752,51.064543291062996
BEL,,3.7254068980891764,51.06223909414791
BEL,,3.9977440834056317,50.94478829893864
BEL,,3.7283788166943888,51.08275966709038
BEL,,3.7245944171952545,51.055969144869444
BEL,,3.733531155114171,51.05223313674174
BEL,,3.7202077314840114,51.06065547970069
BEL,,3.7011194135213428,51.059793873464514
BEL,,3.692627453876258,51.06406035398454
BEL,,3.7061765120942853,51.04010883825373
BEL,,3.714210865124729,51.03962334876704
BEL,,3.712172952845611,51.03954909112453
BEL,,3.7217207608733953,51.0471618911076
BEL,,3.7262191183242193,51.04878658380017
BEL,,3.736183369786901,51.048049401102645
BEL,,3.7075961436248273,51.091076916333584
BEL,,3.7153956573257707,51.08861237135777
BEL,,3.7621587336187865,51.081715615307544
BEL,,3.7673412875047685,51.10265980967101
BEL,,3.752056541161447,51.07616188188429
BEL,,3.718088958922478,51.02115371308371
BEL,,3.6688950617059923,51.10279142350362
BEL,,3.706984350665083,51.10809894305491
BEL,,3.7624584795909795,51.14342700795474
BEL,,3.7388781726657467,51.117037748915195
BEL,,3.7925636123189572,51.1994072533942
BEL,,3.7914347776634143,51.198134338794524
BEL,,3.795274118353996,51.19888109791863
BEL,,3.784128629898931,51.17376581138444
BEL,,3.7356288257316965,51.156625915435654
BEL,,3.88737676850096,51.19798826295065
BEL,,3.858388916959438,51.195619624573396
BEL,,3.856690475890047,51.170461809340054
BEL,,3.8578822692887673,51.16738381179847
BEL,,3.8256804212768847,51.1542334604655
BEL,,3.876626065575858,51.07773591644725
BEL,,3.8609255844773105,51.132034812829694
BEL,,3.9429546414523466,51.17319481413761
BEL,,3.942748367246104,51.17543225729415
BEL,,4.038395328553516,51.2081867089014
BEL,,4.03989975970384,51.20791225114579
BEL,,4.03989975970384,51.20791225114579
BEL,,4.038395328553516,51.2081867089014
BEL,,4.042095269250438,51.235692706393024
BEL,,4.077035303279044,51.207497175467445
BEL,,3.988882106200429,51.18557575401029
BEL,,3.978785975650643,51.22482295901151
BEL,,3.9631676520232997,51.14746817851362
BEL,,3.991582746289954,51.1167575843048
BEL,,4.001855870226857,51.11616070394353
BEL,,3.9595077142977955,51.08555815625327
BEL,,3.9114104794361033,51.094352671118386
BEL,,4.008199246499154,51.095442875351004
BEL,,3.9708582505355676,51.11026257231381
BEL,,3.9878049364947494,51.10012501696155
BEL,,3.9267853848156657,51.12147687877072
BEL,,3.7474705164014703,51.061521372336315
BEL,,3.74902174271854,51.05964179410985
BEL,,3.7562689308506596,51.06394053982612
BEL,,3.7816419801761336,51.07349919331278
BEL,,3.779254969150369,51.07382887987527
BEL,,3.8014848854863894,51.056220197717984
BEL,,3.7996818465169215,51.05552833366113
BEL,,3.8328151255120297,51.07172915030119
BEL,,3.765898929682951,51.056133572407056
BEL,,3.8286225969188954,51.09627719812399
BEL,,3.879697317893061,51.078791412801095
BEL,,3.837864390181925,51.09704722835918
BEL,,3.8972078463024964,51.10419367412255
BEL,,3.995026244820046,51.066457455536515
BEL,,2.3066892917310384,49.29333480390865
BEL,,4.042654574586023,51.06738964087129
BEL,,4.041027100754221,51.06958743574844
BEL,,4.105045022806964,51.0541069013464
BEL,,4.102994426187169,51.05354498726708
BEL,,4.155763344276332,51.09151323022635
BEL,,4.149988967228446,51.087062189924474
BEL,,4.074695458877961,51.094934931154995
BEL,,4.122353200256165,51.09333599530708
BEL,,4.135159354303231,51.095779990773934
BEL,,4.1341061302280195,51.09800714026953
BEL,,4.093708523743144,51.07564557546353
BEL,,4.097201658370427,51.07612107968151
BEL,,4.141991190295833,51.114714753486666
BEL,,4.15269032495455,51.06143077390056
BEL,,4.167210122823513,51.0484943290406
BEL,,4.151110116037659,51.066902142650896
BEL,,4.084602074132965,51.10908065367148
BEL,,4.089703903951335,51.14913774811337
BEL,,2.3066892917310384,49.29333480390865
BEL,,4.041504107525155,51.15862317670246
BEL,,3.8847814883412375,51.005209083182166
BEL,,3.885439354532272,51.00496907261976
BEL,,3.839471838856584,51.00916734338766
BEL,,3.8685395436530206,51.00917744820246
BEL,,3.9291575761455975,51.01186419532206
BEL,,3.9314574037838708,50.988329889365815
BEL,,3.9784089685601494,51.004450671714515
BEL,,3.9527081044874435,50.994654381684235
BEL,,3.8034758691713546,51.02833616128807
BEL,,3.8012140531597325,51.02794774379301
BEL,,3.7400420146679525,51.03893691636317
BEL,,3.743595545491448,51.036555668283555
BEL,,3.761380912694287,51.0448648409903
BEL,,3.771830060719357,51.044010285538086
BEL,,3.759224857223393,51.02863702962169
BEL,,3.7574896674085654,51.04364017050063
BEL,,3.757401631120575,51.0285287049193
BEL,,3.749735470358584,50.99915637467559
BEL,,3.759088075539343,51.01065763219056
BEL,,3.7294020021703767,50.976484198392484
BEL,,3.7503327265346758,50.98951385543891
BEL,,3.8009628658011927,51.005140644536084
BEL,,3.798052348994407,50.98321945806637
BEL,,3.771278270887725,51.01794751261387
BEL,,3.810321448133032,50.999342295983304
BEL,,3.796805734668936,50.999034740657514
BEL,,3.757338546747379,50.9645147587922
BEL,,3.7133396175747486,50.970408849473486
BEL,,3.6963513016893317,50.957709654663596
BEL,,3.804328544717721,50.9468603731096
BEL,,3.814611747708046,50.97141453331675
BEL,,3.812429560053791,50.95011719093893
BEL,,3.796762637192022,50.917284151447056
BEL,,3.7814381742765346,50.93729134840814
BEL,,3.7859156211993685,50.938769923283076
BEL,,3.781297851696627,50.96102299586385
BEL,,3.9288732148662042,50.966206534854656
BEL,,3.955932469007676,50.9746375978295
BEL,,3.9057461062456706,50.942493718299204
BEL,,3.9505298805014157,50.96095475128669
BEL,,3.851905425604294,51.03296315470488
BEL,,3.9172064031805727,51.04102489258493
BEL,,3.856407278503615,51.029333178539744
BEL,,3.9518057948183642,51.04811882525843
BEL,,3.917650550543914,51.04228507193685
BEL,,4.002246025915012,51.02618208432265
BEL,,3.982579831644356,51.04124802648954
BEL,,4.099084875284631,50.94963050200233
BEL,,4.070732512955898,50.93021713264177
BEL,,4.042023472087346,50.93686502085562
BEL,,4.0302303969238205,50.932786486539285
BEL,,4.037571385730263,50.932699492559266
BEL,,4.052057140925598,50.94263662934449
BEL,,4.035332005574126,50.941565678673776
BEL,,4.0332574411769375,50.9391865952686
BEL,,4.0509761768119,50.94678679234646
BEL,,4.134500731605382,50.93330072472649
BEL,,4.0461157138769455,50.985283662633506
BEL,,4.034493888647965,50.96138477340667
BEL,,4.028812594668038,50.963606852655055
BEL,,4.061698084475733,51.00672853730563
BEL,,4.021882672393388,50.99990322454696
BEL,,2.3066892917310384,49.29333480390865
BEL,,4.055166676804161,51.028932475915404
BEL,,4.113063070678488,51.022222428447755
BEL,,4.093496215022679,51.031598975285306
BEL,,4.092234112090789,51.030472391608484
BEL,,4.164476067037294,51.034466778427834
BEL,,4.161714827718167,51.03668226211018
BEL,,4.1976362602455985,51.0148963458275
BEL,,4.1768150938712125,50.99778504288205
BEL,,4.217351216510671,51.026096642123456
BEL,,4.130946343050646,50.99763861765019
BEL,,4.132117602606891,50.997011731588266
BEL,,4.128066503543748,50.99809122533738
BEL,,4.144604558360968,50.983309649062136
BEL,,4.128066503543748,50.99809122533738
BEL,,4.149410259071211,51.00021830750736
BEL,,4.085256204978681,50.982094228047885
BEL,,4.0666284967553805,50.97120693782546
BEL,,4.0477955710411235,50.983292639560446
BEL,,4.065377114697584,50.97318135940582
BEL,,4.10212167343299,50.96619566271487
BEL,,4.027357009988035,50.844609159125085
BEL,,3.960087575012656,50.853860521144604
BEL,,3.939914875846804,50.82336752864647
BEL,,4.022163098346584,50.84035984165397
BEL,,4.020603011562985,50.83245333665015
BEL,,4.041171452680072,50.8243409019903
BEL,,3.9554643776455882,50.84178922752912
BEL,,3.985450210114446,50.94127901662976
BEL,,3.9743548292012267,50.92401864524202
BEL,,4.004002390646123,50.92311644265604
BEL,,4.0586093583246425,50.919991858981454
BEL,,4.05517932489818,50.92251778340277
BEL,,4.078767687636399,50.91205165778268
BEL,,4.028289306942818,50.91010059553969
BEL,,4.028057752222115,50.908697571571984
BEL,,4.026223023217099,50.90487172654763
BEL,,4.038476179943501,50.93350208876239
BEL,,3.9922920810288036,50.88822735971545
BEL,,3.9369276296753175,50.890679994011066
BEL,,4.066756612862216,50.878176120985
BEL,,4.067875577855155,50.89651753720676
BEL,,4.045057152940341,50.89918078283072
BEL,,4.046177103087648,50.90170090782128
BEL,,4.023341014001588,50.79976592896788
BEL,,3.8744221130091936,50.76736402567016
BEL,,3.8826709918710165,50.774374669170065
BEL,,3.9134438272665593,50.78392853737618
BEL,,3.925982153355838,50.80176736001941
BEL,,3.8415381039446026,50.78604562408627
BEL,,3.7872713876039983,50.924645030863296
BEL,,3.9224862153448643,50.91176945623808
BEL,,3.9563132030580226,50.94101872918826
BEL,,2.3066892917310384,49.29333480390865
BEL,,3.8926066649516677,50.88697593672305
BEL,,3.892562199827021,50.9054043802203
BEL,,3.883811274951445,50.85510764868692
BEL,,3.8891501226004532,50.83989202674586
BEL,,3.825356098405585,50.81196147740736
BEL,,3.8939294034519514,50.8207093671035
BEL,,3.967618421471941,50.80172828057698
BEL,,3.599828149606007,50.74340864117772
BEL,,3.618653255517729,50.739296324475845
BEL,,3.5654876514188794,50.74809582957707
BEL,,3.5997236001202313,50.7524251550672
BEL,,3.5997236001202313,50.7524251550672
BEL,,3.807754710907674,50.86851429945404
BEL,,3.8336463210038327,50.87283327006198
BEL,,3.7854692157669017,50.85327600029724
BEL,,3.792398009076387,50.86848490821131
BEL,,3.830973694579689,50.88912831646182
BEL,,3.781564291064139,50.88168210709666
BEL,,3.7681746238478415,50.89642046874725
BEL,,3.731916286171333,50.878304055836104
BEL,,3.7195472432732903,50.852040044938896
BEL,,3.7540829691997097,50.88808607915261
BEL,,3.705265425365435,50.88895328972608
BEL,,3.717639574759725,50.820564881383845
BEL,,3.776138822725403,50.82281671657571
BEL,,3.795948064237947,50.83244429521
BEL,,3.764517257657117,50.833707099769136
BEL,,3.7411164782479913,50.828828658406344
BEL,,3.7508436022495153,50.79176091806016
BEL,,3.801461358655583,50.782514349609066
BEL,,3.689835141614474,50.8394209960588
BEL,,2.3066892917310384,49.29333480390865
BEL,,3.6526780700332493,50.816194831541964
BEL,,3.6071411305956964,50.78101743013712
BEL,,3.5113001311314895,50.79091903564295
BEL,,3.4847672988575824,50.77103318064774
BEL,,3.511546401272428,50.79141530032462
BEL,,3.526171003656561,50.77469158401811
BEL,,3.604175357971236,50.84143841280418
BEL,,3.6130196677474116,50.85213084018977
BEL,,3.605321654375115,50.83117028700986
BEL,,3.6166112785323277,50.86731993958292
BEL,,3.604429318154598,50.84590809604254
BEL,,3.6349851997136584,50.866986685292396
BEL,,3.634700122019761,50.867047833055395
BEL,,3.629452792360249,50.85563367405358
BEL,,3.6620449620698547,50.84260121807883
BEL,,3.6557388476183297,50.87926881466551
BEL,,3.5943771650020664,50.851002469479646
BEL,,3.7126724564958247,51.00387299633578
BEL,,3.652386727041941,50.992024190530536
BEL,,3.643837636069376,50.99219661150576
BEL,,3.6944939388811044,50.97801543892806
BEL,,3.6059130028398045,50.9575806245304
BEL,,3.5983439965313653,50.959113496855316
BEL,,3.6411121797713006,50.95486394114968
BEL,,3.662667670184632,50.94019829481461
BEL,,3.647796476515647,50.91720226844872
BEL,,3.6869477242279864,50.91916185353599
BEL,,3.6553242930601466,50.90471645986063
BEL,,3.655425691623982,50.903656281090186
BEL,,3.652643975164038,50.91360003383545
BEL,,3.588975610418981,50.90099570544622
BEL,,3.542385213943626,50.93267233030363
BEL,,3.5264213370355724,50.9066141981115
BEL,,3.5089312600061615,50.886493800873524
BEL,,3.450967350081202,50.91735860659389
BEL,,3.5556764491140833,50.8354936467289
BEL,,3.50839503123653,50.85212087271128
BEL,,3.556237650051784,50.83670220444008
BEL,,3.5282227075819304,50.98394862735138
BEL,,3.4625335634536296,50.9643308671275
BEL,,3.538675012575892,50.974358842275706
BEL,,3.5281163733478684,50.9716049550248
BEL,,3.6571385507023484,51.05154516883499
BEL,,3.73511139043565,51.029246993305684
BEL,,3.6198815939369715,51.038423591315606
BEL,,3.659075006019974,51.048931946473736
BEL,,3.669500491957047,51.02310478918654
BEL,,3.669926174944226,51.020365537013355
BEL,,3.6019259146926643,51.00821126375888
BEL,,3.641297550402713,51.01545481468623
BEL,,3.6295923747490644,51.01576850773005
BEL,,3.5777423801500188,51.078474935083065
BEL,,3.5357860447224945,51.07531850834009
BEL,,3.5712848632778535,51.05544551968803
BEL,,3.457995429066142,51.04997717603487
BEL,,3.465309644507759,50.93918947803253
BEL,,3.46537541402604,50.93946867132784
BEL,,3.445101150808775,51.08475646759701
BEL,,3.3695361339231016,51.097678988730465
BEL,,3.483413202619199,51.13281990629962
BEL,,3.4058598637485242,51.14328799242534
BEL,,3.410379655577273,51.14100548510771
BEL,,3.537119085515398,51.19225105589043
BEL,,3.5166836541137814,51.205193645221186
BEL,,3.5766487765493116,51.18526830233281
BEL,,3.675543949485062,51.07707654557074
BEL,,3.6940782193660926,51.0722848502308
BEL,,3.6936368773503307,51.07518585279859
BEL,,3.67879381347618,51.07248410430324
BEL,,3.6459034468657654,51.12802930087146
BEL,,3.6417235101065835,51.08631172354334
BEL,,3.6022867671595136,51.132563498089915
BEL,,3.522091451601011,51.15082132495837
BEL,,3.6800483259746977,51.13658419037688
BEL,,3.6764390270994807,51.13234721783231
BEL,,3.6017046466205582,51.152371775265735
BEL,,3.6838852930730948,51.230675329916
BEL,,3.680129679330435,51.23098612568858
BEL,,3.7183101375470478,51.25789835330055
BEL,,3.686547127807318,51.190600634303586
BEL,,3.6315708577333607,51.193542710885474
BEL,,3.522045511588127,51.24250038593037
BEL,,3.5455129816108495,51.282504226996416
BEL,,3.524185228956619,51.24138306947018
BEL,,3.6273526409111527,51.27541319136927
BEL,,3.6006795876765016,51.24518497247411
BEL,,3.449854698215708,51.20756088270378
BEL,,3.4170353602935353,51.25556379030738
BEL,,3.4455113473568297,51.20793157244032
BEL,,3.384650101593171,51.21330183479368
BEL,,3.3827351381671718,51.21384321922755
BEL,,3.4455113473568297,51.20793157244032
BEL,,3.4485350417950698,51.22949298582131
BEL,,3.4185150746316486,51.19420701868654
BEL,,3.449854698215708,51.20756088270378
BEL,,3.485294915436526,51.20259924076563
BEL,,3.485659723262299,51.202224423367674
BEL,,3.517076458296866,51.15935199351818
BEL,,4.3176060423860125,50.846603497222326
BEL,,4.336266395010946,50.86395077819622
BEL,,4.3176060423860125,50.846603497222326
BEL,,4.286523235884127,50.86326152108322
BEL,,4.411617134019573,50.84385549015288
BEL,,4.42603625470667,50.85006999720245
BEL,,4.228613553648926,50.74311443855794
BEL,,4.334662658281599,50.74219491896093
BEL,,4.1372162718821155,50.832426314889
BEL,,4.194491976936012,50.82897422293952
BEL,,4.223071373904725,50.803743274287456
BEL,,4.309434721952117,50.88612638468887
BEL,,4.121304646627138,50.84574343490669
BEL,,4.223071373904725,50.803743274287456
BEL,,4.119039145499302,50.84454303323954
BEL,,4.425110627868056,50.92986041784026
BEL,,4.441891856721908,50.93655708734985
BEL,,4.185269999910603,50.97030060131328
BEL,,4.408562069864733,51.203848699453125
BEL,,4.4224572065779,51.20557789436197
BEL,,4.3885198815054745,51.17893776475045
BEL,,4.401394795854388,51.20533403050144
BEL,,4.4240005747739914,51.227814490961364
BEL,,4.423957757836588,51.22792237160042
BEL,,4.409909063501122,51.15824942676239
BEL,,4.420856597930154,51.18201081084401
BEL,,4.3544974911502035,51.184790280764
BEL,,4.400793687322466,51.20511847571301
BEL,,4.380344380123469,51.19544179349951
BEL,,4.378356071739862,51.196134095770056
BEL,,4.378656375019029,51.19562172613695
BEL,,4.422872698167534,51.242582862448444
BEL,,4.4219714477179615,51.25575112195795
BEL,,4.3517420781692255,51.2116025327102
BEL,,4.480412747187336,51.22578792965064
BEL,,4.674069677363883,51.283366290562974
BEL,,4.590332955938708,51.291157091720194
BEL,,4.57102720262709,51.29851709648174
BEL,,4.582425968141967,51.29243899937977
BEL,,4.502487860963597,51.32071639447607
BEL,,4.521975458073687,51.29724276935104
BEL,,4.543053267782657,51.40476308298923
BEL,,4.48215912682889,51.22577726944748
BEL,,4.578642394048132,51.22925816909237
BEL,,4.7271785069733445,51.23959667247393
BEL,,4.97939367607983,51.15073268124396
BEL,,4.96248528290096,51.33033040946216
BEL,,4.834164609909323,51.32191631398954
BEL,,4.8323992234880295,51.30744321957284
BEL,,4.998863296414622,51.313936402030485
BEL,,4.96248528290096,51.33033040946216
BEL,,5.123971138195995,51.202562097307045
BEL,,4.977510910178708,51.107217662695284
BEL,,5.041296870383574,51.1063404659971
BEL,,4.998805343717742,51.162576861307436
BEL,,4.94749555496542,51.1635768549574
BEL,,4.648623521498719,51.144422551518936
BEL,,4.462832524340954,51.16158055838011
BEL,,4.469935161171708,51.173754172893396
BEL,,4.486991842676314,51.077612838109324
BEL,,4.416951995354216,51.19535142872314
BEL,,4.298022976173692,51.07672613909413
BEL,,4.134798078794276,51.16532515767675
BEL,,4.1344973194417305,51.16543242667625
BEL,,4.36003323954958,51.18018866424917
BEL,,4.259357657898895,51.21612877130916
BEL,,4.4816414645135625,51.03086659594696
BEL,,4.4840807798699,51.00852642208484
BEL,,4.50495556958526,51.03320591669222
BEL,,4.697620908569893,50.87057607906441
BEL,,4.671622464320949,50.87933907374804
BEL,,4.799868720287062,50.861506479542534
BEL,,4.67275309413871,50.874014351977856
BEL,,4.784561109119236,50.85398356257448
BEL,,4.57725882688697,50.80919292607951
BEL,,4.69211980178012,51.06786989971998
BEL,,4.687336348290252,51.06726271595428
BEL,,4.703019555500089,50.99414679316281
BEL,,4.907594842043004,51.11901916027104
BEL,,4.8183487192594825,50.98163539290785
BEL,,5.058186565884617,50.987232889284215
BEL,,5.042953501857307,50.99559160145433
BEL,,4.941630758910389,50.80952231920818
BEL,,4.897009666692021,50.779391404066324
BEL,,5.104820727411263,50.83255940220369
BEL,,5.379973075643861,50.95149802830385
BEL,,5.420983848896389,50.97844076534742
BEL,,5.371563088570049,50.950230607794744
BEL,,5.33265982561473,51.05020884679464
BEL,,5.394272212382577,51.0228445151277
BEL,,5.412050773095981,51.13169794128916
BEL,,5.414571536864959,51.134525309743545
BEL,,5.430594654675794,51.22335973600666
BEL,,5.513946194452907,50.98186909840441
BEL,,5.513349670244557,50.940555586072406
BEL,,5.443553692283461,50.9169234439938
BEL,,5.700399458665984,50.96310127533519
BEL,,5.726958874797251,51.034587289934166
BEL,,5.7915816284302855,51.097009375501536
BEL,,5.594949134206044,51.14430389592792
BEL,,5.455947019635796,50.78218602192627
BEL,,5.45561497287685,50.78561453551134
BEL,,5.519149523494854,50.875372204449675
BEL,,5.190936373318248,50.81654161205622
BEL,,5.316396950446844,51.210487513068834
BEL,,5.161637239178628,50.94135325463587
BEL,,5.186217789047593,50.99725366644922
BEL,,5.2361013084730805,51.03924652283425
BEL,,5.172738289722997,51.041044922645106
BEL,,5.212604728065324,51.07490794484352
BEL,,5.09048695809931,51.067503476105315
BEL,,3.2305246113381725,51.2166206233291
BEL,,3.2349664229714907,51.20936383591062
BEL,,3.1042294765962035,51.06890042390746
BEL,,3.1402854018218456,51.07112459442237
BEL,,2.9078414926917824,50.9958012324445
BEL,,2.8656564572586722,51.025524475752256
BEL,,3.1978611218443342,51.204058047475385
BEL,,3.146191776802246,51.17932585525842
BEL,,3.2514834599966913,51.22064993051811
BEL,,3.1885153149055583,51.18091574588544
BEL,,3.2045985032453084,51.18293610455594
BEL,,2.816080846496057,51.18223735238014
BEL,,3.088628958345026,51.1139345821667
BEL,,2.982057684608849,51.08816874547268
BEL,,3.129995304711809,51.31270593558606
BEL,,3.2327934727174386,51.33859937971264
BEL,,2.9233791396975644,51.21129709411859
BEL,,3.0212838998143647,51.273574750624775
BEL,,3.248136784954363,51.18476824587977
BEL,,3.2747709414128376,50.82760061886256
BEL,,3.1680421598644988,50.91805418897778
BEL,,2.8699271395496013,50.8501714610924
BEL,,2.6704024237350037,51.13145741528001
BEL,,2.6579424364455746,51.07133330343199
BEL,,2.65834195940012,51.07172572567313
BEL,,3.2696410699237135,50.81324867552592
BEL,,3.2695873934767015,50.810685855834585
BEL,,3.260849332382699,50.767151784364536
BEL,,3.353391439666513,50.81865179764594
BEL,,3.109659050443086,50.802882751663915
BEL,,3.161078157193545,50.84153559785133
BEL,,3.212236049807405,50.91038803882006
BEL,,3.2110084866273536,50.9134596706532
BEL,,3.355301093629452,50.85585250600438
BEL,,3.3577487579986105,50.853653003170066
BEL,,3.25772600608866,50.92063542035753
BEL,,3.42207567653398,50.885960770848804
BEL,,3.0978714649365253,50.95727946377182
BEL,,3.0548016903595796,50.89152456016613
BEL,,3.107421113387702,50.940938564121254
BEL,,3.099776196911483,50.957380944751094
BEL,,3.1241594486963726,50.99444831936809
BEL,,3.3157355374992887,50.996425753381494
BEL,,2.8861469067988623,50.848831036404704
BEL,,2.88761786572534,50.847222189887674
BEL,,2.7267897162378847,50.85243666237928
BEL,,3.7041906473757025,51.06551940659002
BEL,,3.6190493800211017,51.03875091051111
BEL,,3.7687598450149227,51.09335432540357
BEL,,3.6182789299905913,51.03789201040969
BEL,,3.7057359565035637,51.05209811544744
BEL,,3.706232933595184,51.05225372679909
BEL,,3.716398678347171,51.01561589175071
BEL,,3.7320621503176286,51.03544219185618
BEL,,3.714238967930228,51.01719503888168
BEL,,3.736673959448596,51.04128309454252
BEL,,3.727110945253884,51.02532031112698
BEL,,3.7758720833259103,50.99502984763612
BEL,,3.7151960962598065,51.01805434405499
BEL,,3.6962182781236126,51.05640403110417
BEL,,3.735934174119247,51.04432649848464
BEL,,3.7090627994853604,51.06196003957556
BEL,,3.7305278466611576,51.06854140052448
BEL,,4.004972598045987,51.10653427401517
BEL,,4.138138151801352,51.17219900804256
BEL,,4.004972598045987,51.10653427401517
BEL,,4.027834756876629,51.065010644742884
BEL,,3.881169418590191,50.99221364827609
BEL,,3.8320458210304746,50.99193716153448
BEL,,3.777573090664722,51.02960244213682
BEL,,4.051501203373185,50.938571946801744
BEL,,4.069886353931984,50.95592448375738
BEL,,4.099774197530338,51.02565369136025
BEL,,2.3066892917310384,49.29333480390865
BEL,,4.170904996859061,51.02447291188165
BEL,,4.19656732387515,51.01493973851835
BEL,,4.024031110902595,50.83730886270888
BEL,,3.8826709918710165,50.774374669170065
BEL,,3.8334105332327306,50.872328773740264
BEL,,3.6122163253831396,50.851748087319436
BEL,,3.613290429603011,50.85118863631978
BEL,,3.507963894614757,50.991308665978586
BEL,,3.5502790202509824,50.99888306104664
BEL,,3.580516563531156,51.062033922384494
BEL,,2.3066892917310384,49.29333480390865
BEL,,3.5793735396734783,51.17976725960139
BEL,,4.370859354818631,51.1871010763897
BEL,,4.565750221395543,51.14637017591089
BEL,,4.2569351897905126,50.74331557253729
BEL,,4.525798865987573,51.26205793622188
BEL,,3.7395887293594887,51.04933510812373
BEL,,3.327356542732995,50.99339161171529
BEL,,4.8361328737901195,50.950040229348915
BEL,,4.716177976364159,50.953450114398024
BEL,,4.670977674451601,50.90715415937165
BEL,,3.5651678090284067,50.98383803803502
BEL,,3.900520005008047,50.95861803991471
BEL,,3.630059069686107,51.07568583970944
BEL,,3.659459570144387,51.10171033684717
BEL,,3.7268266874437805,51.03254620083931
BEL,,4.478705817723393,50.97092103730436
BEL,,4.442231420685158,51.01638970507794
BEL,,4.445819832536114,51.29803628887803
BEL,,4.947023197523366,51.16583537431055
BEL,,5.063867033276144,51.16262492148306
BEL,,4.989390555436945,51.17915731453635
BEL,,4.542720259595606,51.35824265956192
BEL,,4.138801772938197,50.90318581044775
BEL,,4.694884333767668,50.92852982518255
BEL,,3.2710469812415415,51.202602565426346
BEL,,4.355553991892307,50.87214382265799
BEL,,5.607186360173059,51.050706487685915
BEL,,4.465971112437659,51.14492206957633
BEL,,4.015275714758499,50.87651341947904
BEL,,4.951628444288073,51.307787758753015
BEL,,4.825656217450127,51.16272753901625
BEL,,4.826494602245177,51.16221192805665
BEL,,3.249522358515433,51.1985712839668
BEL,,4.05538622248032,50.855178091195775
BEL,,3.2113285176441337,51.18782961428483
BEL,,3.2203807346888538,51.17980029571304
BEL,,4.139072102338383,51.177099605126095
BEL,,4.834433904048717,51.32159167942702
BEL,,3.950564643651687,51.15048046104038
BEL,,4.793564360413166,50.871166376878904
BEL,,4.383117121929929,51.18762148583621
BEL,,4.39525975124692,51.21100730221006
BEL,,4.463547761394991,51.20376314738419
BEL,,4.694272111290434,51.221049964487115
BEL,,4.305001801921177,50.938289273944676
BEL,,4.796213321766647,51.39723532053015
BEL,,4.797907985942933,51.3956023898915
BEL,,4.702703897334242,50.882122230469605
BEL,,4.703006558052328,50.924569596260696
BEL,,4.265561808389726,50.92644055474845
BEL,,4.3885198815054745,51.17893776475045
BEL,,4.426222748924372,51.20749064027579
BEL,,5.451134851953753,51.172715735597095
BEL,,4.864478397168391,51.35854574797347
BEL,,3.4515286975294504,51.18063333909985
BEL,,4.122353200256165,51.09333599530708
BEL,,2.3066892917310384,49.29333480390865
BEL,,4.704724518459724,50.876560926816325
BEL,,3.4893544187290133,51.08736898186858
BEL,,4.882935460636532,51.303674994459776
BEL,,5.711035682288423,50.98352388551796
BEL,,2.7236393320459387,50.89619086320901
BEL,,4.0417592466638,51.11598120144285
BEL,,5.273687044507736,50.95225707025991
BEL,,4.571386617125328,51.1346033879842
BEL,,5.576092796231288,51.17226785747233
BEL,,5.609055163683638,51.1835678852152
BEL,,4.334084391229939,51.0133968122843
BEL,,5.0792529147417165,50.75363176155988
BEL,,5.082572375552408,50.75291031372948
BEL,,5.0777607144550565,50.74677234217644
BEL,,5.093950413169025,50.767503237107
BEL,,5.385920858548533,50.93635229232673
BEL,,4.312847362882712,50.84822845471558
BEL,,4.313131337799274,50.848246567144294
BEL,,4.248522427142646,50.72532770074115
BEL,,4.940777658105263,51.30702277405629
BEL,,4.2930664801371945,50.83967742054824
BEL,,4.73266844202355,51.4416761938338
BEL,,4.4956865866564755,51.29375965143649
BEL,,3.1234478106276877,50.79599017477092
BEL,,3.729553426866261,51.0531734958008
BEL,,4.454514781844416,51.25532735386507
BEL,,4.730927893993372,50.891648169027256
BEL,,4.736332795962939,50.88489818997035
BEL,,4.296100919238936,50.73086841098807
BEL,,4.479195883131408,50.883346677100924
BEL,,4.472119924142816,50.89014017495305
BEL,,4.703976250278706,50.871268233343756
BEL,,3.73137950524879,51.053138433018816
BEL,,4.665494508215417,50.836105996350476
BEL,,4.311330101218348,50.846474774763706
BEL,,4.433924989944887,50.89600192970555
BEL,,2.8790094768147725,51.17540560103574
BEL,,2.8498822255828977,51.153664439533244
BEL,,3.300151637192638,50.881983910299176
BEL,,3.322727500218114,50.85671750395271
BEL,,5.810628364623003,51.155305422242314
BEL,,3.3417254145412816,51.141219510480866
BEL,,5.448946272994449,50.921351101179475
BEL,,4.073287380203313,50.88129408523213
BEL,,3.577871592085535,51.01001194041818
BEL,,4.462953389521787,51.270304295049634
BEL,,3.2610838412301626,50.91093957040052
BEL,,4.422547790447582,51.2586450782843
BEL,,4.343006988391759,50.87625897786296
BEL,,4.322261773213066,50.877421338179204
BEL,,4.322645849481325,50.8769630261322
BEL,,4.2240970920929675,50.714260678400905
BEL,,4.520882523511333,51.20450290603315
BEL,,4.085187158790521,51.10678091669449
BEL,,5.001004844137398,51.16136956680733
BEL,,5.2724539009669735,51.16728836131173
BEL,,3.956076889607741,51.01814606897106
BEL,,4.9422130101310575,51.32572948335212
BEL,,4.432304118659395,51.207469515788844
BEL,,3.743540672712109,51.055630631955864
BEL,,4.333189748862448,50.74145732847492
BEL,,4.753216975382725,50.94746454803675
BEL,,4.307928233932085,50.87510457943934
BEL,,4.379818665458433,50.86841328163273
BEL,,3.7113947202319606,51.05335234014954
BEL,,3.501925170862494,50.7986086767558
BEL,,3.4295476108165124,50.754573628432915
BEL,,5.681085872076422,50.96432550674836
BEL,,5.193213339230478,50.9859767076639
BEL,,5.346332500357295,50.94694618314762
BEL,,5.351450027020562,50.94532122976863
BEL,,4.498499310167623,50.931446923171144
BEL,,2.717118312695407,50.85319109435402
BEL,,4.275350448541315,51.076126204965774
BEL,,4.274522938135844,51.07608060661678
BEL,,4.775181571626827,51.0483576652547
BEL,,4.475263651880504,51.12799729133371
BEL,,4.473405998631455,51.12772031390003
BEL,,5.686129961977859,50.99283212958898
BEL,,4.891406335466024,51.40283076489613
BEL,,4.9927358570325335,51.15984053882518
BEL,,4.040888106957154,50.9385069186144
BEL,,3.5997236001202313,50.7524251550672
BEL,,4.282074040624162,51.25302666453208
BEL,,4.234531143766294,51.21454833627396
BEL,,5.6987243307968285,51.09269072626862
BEL,,5.701247272947746,51.09205088602891
BEL,,3.1311842558651493,51.30952715093393
BEL,,2.3066892917310384,49.29333480390865
BEL,,4.624539954011008,50.81817854057179
BEL,,4.004138676315811,50.90370864170991
BEL,,3.2238324884593577,51.20584955502971
BEL,,4.425808922106168,50.9309118248227
BEL,,5.223251272579677,51.04610967892584
BEL,,5.351958926017724,50.92548487460481
BEL,,5.182929240533563,50.81470962692805
BEL,,5.181966266551651,50.81482419981547
BEL,,5.239171518865077,50.85482375495415
BEL,,5.187892620088886,50.817776610038614
BEL,,5.178078822356551,50.79509078109089
BEL,,5.2143458361542425,50.81936864802357
BEL,,5.653959355944358,50.88940053864868
BEL,,2.3066892917310384,49.29333480390865
BEL,,5.428352056054293,50.84082350737223
BEL,,5.391860709547823,50.85973085167058
BEL,,5.464072187826933,51.13538845023612
BEL,,3.61459553948095,51.21712145573474
BEL,,3.8726385736373397,50.97997949737642
BEL,,4.132943580668935,51.15884966140526
BEL,,3.61018172815775,51.09769136752182
BEL,,3.6081763691945774,51.09546709916648
BEL,,3.565410698822912,51.120164985579954
BEL,,3.440594721675315,50.920486597898936
BEL,,4.4415919401876645,51.28084466671624
BEL,,4.345921996083826,50.84124552225772
BEL,,3.345073964227472,50.81151300372414
BEL,,3.341463704043319,50.81178710714362
BEL,,3.2538322431170883,50.80966501536675
BEL,,4.094388060632809,51.01803651775042
BEL,,2.911251531418233,51.22747431018147
BEL,,4.641199712855732,50.89634098335719
BEL,,3.2601550234005767,50.76593147029951
BEL,,4.429457282972561,51.31673210986719
BEL,,4.429961168052984,51.318151957929906
BEL,,4.426971953533976,51.27954955567884
BEL,,4.456427046840918,51.274228205779025
BEL,,4.398041859101689,50.84145953998448
BEL,,4.311190449440233,50.90319810881483
BEL,,4.4827368444386755,51.25696620417417
BEL,,4.335393367211551,50.95503065737658
BEL,,5.513303982934817,51.01037422165178
BEL,,5.700399458665984,50.96310127533519
BEL,,3.7496206499940414,51.053181673284364
BEL,,5.352150251430272,50.94817420146232
BEL,,5.376759415681821,50.99001189265942
BEL,,5.251643799119655,50.77259572574774
BEL,,3.7157037318664905,51.02969840182865
BEL,,3.7161277448435777,51.02893665471893
BEL,,3.7285067215495435,51.033750919651396
BEL,,3.7111736345620567,51.061989805288604
BEL,,3.712044272189174,51.0629744857908
BEL,,3.890295735261224,51.00796433701921
BEL,,3.8635960329832737,50.998513034702384
BEL,,4.090681493341276,51.00139794281503
BEL,,4.135507290086078,51.1664501343687
BEL,,3.8140502792910853,51.202035762896635
BEL,,4.214327749700349,51.12644467678959
BEL,,3.504178712256058,50.99728606790558
BEL,,3.4816969336174504,51.007915520499694
BEL,,3.484021421796642,50.961006339559354
BEL,,3.4916893121357324,50.958213968977766
BEL,,4.807290260338087,50.92456760967802
BEL,,4.0259356126387775,51.06525683777665
BEL,,4.027834756876629,51.065010644742884
BEL,,4.328979702971162,50.897793775325894
BEL,,4.749062542327544,51.057928493392275
BEL,,4.01678706874251,50.94231176100959
BEL,,4.02381479500977,50.940525695817875
BEL,,4.479626583778031,51.375845101712216
BEL,,4.384223770935437,50.83076470170791
BEL,,3.2405295324966676,50.872112108777905
BEL,,3.24111715387016,50.87130861009737
BEL,,3.2510859569918176,51.21154887868737
BEL,,3.275464475448426,51.21193853884902
BEL,,3.5664648393181126,51.1811096264333
BEL,,4.29774785674436,51.145813600806015
BEL,,4.2997012012417315,51.148834933064165
BEL,,3.745504923913342,51.17922253552318
BEL,,3.746465377954042,51.175829806451134
BEL,,3.8787452789962185,50.775589943788255
BEL,,3.892470422872272,50.90463989685396
BEL,,5.788597291848772,51.09324240596242
BEL,,5.5744001695086824,50.86276078032599
BEL,,5.609668174555771,50.84533736613742
BEL,,5.526521116640911,50.99912401386533
BEL,,3.7641841126309696,50.805486154303026
BEL,,3.2502958568545255,51.215254046554506
BEL,,3.2492304859008523,51.24235594558312
BEL,,3.2120309651485783,50.9175603842544
BEL,,3.2110084866273536,50.9134596706532
BEL,,3.0189775767879863,50.900990274167796
BEL,,4.174379602535973,50.870186717484586
BEL,,4.171732330589504,50.871350950643496
BEL,,3.3546945216189163,50.88529946494673
BEL,,3.289060780349663,50.952761844562275
BEL,,3.291056728959628,50.95075735848989
BEL,,4.422385067221905,51.20506558611699
BEL,,4.4410347977662985,51.25454546456083
BEL,,4.4447927929566875,51.25770695818909
BEL,,4.728646029053759,51.04428443695309
BEL,,4.402029557657295,51.21246167635984
BEL,,4.442729978816309,51.195077291003855
BEL,,4.7245764301277555,51.10345330146756
BEL,,4.725354048431464,51.10245318168025
BEL,,4.2338565431101065,51.10086850360715
BEL,,2.961552418449645,51.22598868734927
BEL,,4.300321999748459,50.8588654561525
BEL,,3.8606331501924585,50.76304385182871
BEL,,2.964309088920838,51.24189770022678
BEL,,2.9488169565079185,51.24221625804277
BEL,,2.3066892917310384,49.29333480390865
BEL,,4.711181868560303,50.863857970338465
BEL,,3.337012690753931,50.9889546681547
BEL,,4.487687558312835,51.026024513247236
BEL,,4.4747701025782005,51.04322390694565
BEL,,4.453967809189948,50.82644633593694
BEL,,5.692753091595229,50.97616113832076
BEL,,5.691416630344767,50.9767425923734
BEL,,5.1126724247271484,50.949189083298656
BEL,,4.505136495119689,51.26058262945538
BEL,,4.3842572423208575,51.13445379755862
BEL,,4.3863427598326306,51.13354563614858
BEL,,4.460594205361601,51.22954425764764
BEL,,4.495559847635811,51.25271061638552
BEL,,4.4626129207101215,51.166084019288256
BEL,,4.4646264730564935,51.164994771356774
BEL,,4.424899031410904,51.16627896791654
BEL,,4.424669796599769,51.165874591856536
BEL,,4.499534818748342,51.092889560472976
BEL,,3.9828308410358773,50.96570352287137
BEL,,4.402356689866317,51.307080886610024
BEL,,3.2533326029427747,50.809192751078776
BEL,,3.7520383256952274,51.225971386763554
BEL,,4.203201823735479,51.12598920661
BEL,,3.313556544640608,50.83182183388074
BEL,,4.42412877587207,51.22728411656712
BEL,,3.010701288049535,50.933001156674194
BEL,,3.965706508323948,50.819602313189655
BEL,,3.967643563293883,50.817109806017704
BEL,,4.05486834362256,50.98616126931376
BEL,,3.1865473130232758,51.190290262762296
BEL,,4.4214588975554205,51.20845465011948
BEL,,5.5129484392412715,50.87688932967261
BEL,,4.2838425930275585,50.81350251869991
BEL,,4.338003346917448,50.7467716112997
BEL,,5.4644767285601406,50.77760216081846
BEL,,2.9364720291131934,50.80437411627837
BEL,,2.8755085486370384,50.81530217711267
BEL,,2.865487059428249,51.03480087403399
BEL,,2.9043898556044065,51.02921314880902
BEL,,4.434630688571237,51.243502628518904
BEL,,4.435719247016566,51.24365481244471
BEL,,4.690034524560445,50.87886750412412
BEL,,4.28604245344596,50.81320742249174
BEL,,3.9674248274144324,50.75615828056439
BEL,,4.007739520684674,50.74017951397198
BEL,,4.323939241989707,50.78580046174678
BEL,,4.365627397399615,50.860260392939274
BEL,,5.055022143466079,50.98317016523889
BEL,,4.36204312335297,50.89920247602538
BEL,,4.363052388246591,50.899346353708864
BEL,,4.67534194999803,50.87230858221375
BEL,,4.6743917488460625,50.8703873072271
BEL,,5.315294148765963,51.23158482794956
BEL,,5.699567634458511,50.98193706383991
BEL,,4.57102720262709,51.29851709648174
BEL,,4.280399250629271,50.84144856067296
BEL,,4.228613553648926,50.74311443855794
BEL,,2.9070485503237875,51.2213271510161
BEL,,5.331403553750168,50.925430477002564
BEL,,5.331911642240185,50.928006457503585
BEL,,5.475077479627874,50.957644199735014
BEL,,3.5283123351767864,50.9837155344809
BEL,,3.4448136055471252,50.979314028207725
BEL,,3.0977201846510103,51.08581288524524
BEL,,3.2709771350862824,50.830801768971874
BEL,,4.159449332442072,51.16113763914358
BEL,,4.139072102338383,51.177099605126095
BEL,,3.599850839662479,50.910578618739066
BEL,,4.176590392361071,51.19566479632825
BEL,,4.1366148169220915,51.162218666649295
BEL,,3.5997236001202313,50.7524251550672
BEL,,3.629279364734032,50.75192320856972
BEL,,3.599828149606007,50.74340864117772
BEL,,3.618653255517729,50.739296324475845
BEL,,3.599828149606007,50.74340864117772
BEL,,3.312883041967772,50.858670179105985
BEL,,3.565410698822912,51.120164985579954
BEL,,3.333799402157106,50.8137965121161
BEL,,3.335163972259044,50.81498629806937
BEL,,3.333248589709837,50.81432208726133
BEL,,3.61018172815775,51.09769136752182
BEL,,3.6081763691945774,51.09546709916648
BEL,,4.195810842151615,51.123749439991016
BEL,,3.5664648393181126,51.1811096264333
BEL,,3.5766487765493116,51.18526830233281
BEL,,4.4507211072081,51.16770189510192
BEL,,5.112666730355427,51.20430579112197
BEL,,5.163262011322453,51.17317985398738
BEL,,5.218775160208096,51.191355585470205
BEL,,3.6166112785323277,50.86731993958292
BEL,,3.6406034919894696,50.8399349966652
BEL,,3.5943771650020664,50.851002469479646
BEL,,3.6130196677474116,50.85213084018977
BEL,,5.351450027020562,50.94532122976863
BEL,,5.346332500357295,50.94694618314762
BEL,,3.5840749145768744,51.17062972588226
BEL,,4.443545228525417,51.24804536006067
BEL,,5.522621618314953,50.975014603128926
BEL,,5.5188654972615225,50.97572568762523
BEL,,4.382241139676177,51.22324279378863
BEL,,4.37737435893801,51.22314440418952
BEL,,4.839269127662165,51.17722678504846
BEL,,4.8390622211392085,51.17656244479067
BEL,,3.818387600604713,50.86673968343744
BEL,,3.8112542789926334,50.86810844268389
BEL,,5.299384139282935,50.94260783959232
BEL,,5.2986893222255,50.94273021323988
BEL,,3.224781830585181,51.15661375235772
BEL,,5.369802119066561,50.99438651144725
BEL,,5.368517813761544,50.99361531526614
BEL,,5.547651455625752,51.25042286042491
BEL,,4.646184378421586,51.23876318362422
BEL,,4.239346965708154,50.73495502832121
BEL,,4.42365260878795,51.248146259007704
BEL,,4.422605416035987,51.258923687676294
BEL,,3.8585402154232575,50.9197888058706
BEL,,4.58425128837715,51.237885884591044
BEL,,4.839269127662165,51.17722678504846
BEL,,4.8390622211392085,51.17656244479067
BEL,,4.401670670423812,51.21090678184833
BEL,,4.403287928311352,51.21117596400807
BEL,,5.457023365821738,50.7747677280298
BEL,,5.41515736521396,50.74056267406542
BEL,,2.3066892917310384,49.29333480390865
BEL,,5.344658008614597,50.806371158904035
BEL,,5.261185502743307,50.80846655457758
BEL,,4.473214557382467,51.02993956314393
BEL,,3.3577487579986105,50.853653003170066
BEL,,3.355301093629452,50.85585250600438
BEL,,4.413142609392711,50.92443607565678
BEL,,4.036543646334312,51.047947340827946
BEL,,4.073545041669203,51.066814702286514
BEL,,4.054172746868224,51.085758342092646
BEL,,3.0726807912615848,50.81281036664589
BEL,,3.039562833972152,50.77848028415591
BEL,,3.529545522455529,50.98643023702528
BEL,,4.1241597891058435,51.21766190768367
BEL,,3.7495509835109675,51.22894264349187
BEL,,3.715939005090205,51.25740891338868
BEL,,4.743629903051041,51.17011795405676
BEL,,2.9782800549804285,51.23542813829126
BEL,,4.687302866596686,51.16271517412165
BEL,,4.490418816534797,51.12759603779305
BEL,,3.2724987126724163,51.10424285281392
BEL,,5.135830099290278,50.77378994245965
BEL,,2.3066892917310384,49.29333480390865
BEL,,4.362239456585842,51.03489434551547
BEL,,5.486805147973683,51.226059452824785
BEL,,5.2376097405080335,50.87481131024083
BEL,,5.217480021900919,50.89782930032783
BEL,,4.943115604683663,50.81143887524044
BEL,,5.114909608685646,51.14777781135597
BEL,,5.30413407504829,50.87330161643989
BEL,,5.207354531265507,51.22128976997582
BEL,,4.194736997593982,51.22069869839275
BEL,,4.4474390334048195,50.969508021634624
BEL,,3.705104513750961,51.06143443469721
BEL,,4.064519968148694,50.934048694778056
BEL,,4.471964355137425,51.20532004086179
BEL,,4.467784354775393,51.20442479532582
BEL,,3.1154104578032547,50.80588440975748
BEL,,3.118106672761844,50.79839681362518
BEL,,3.7626182728118778,51.09692758109714
BEL,,2.3066892917310384,49.29333480390865
BEL,,4.839269127662165,51.17722678504846
BEL,,4.8390622211392085,51.17656244479067
BEL,,4.473758764904602,51.018424118802194
BEL,,4.471377316092865,51.01776104238083
BEL,,4.5864334800889255,50.94567235111617
BEL,,4.281040013370864,50.794433476353575
BEL,,4.454791100360591,50.92657015575597
BEL,,5.655712789104606,50.89062204116465
BEL,,5.691423775056628,50.92251978420613
BEL,,4.417462256472119,51.2043936116648
BEL,,5.222676084875047,50.80528350550449
BEL,,3.293827276989611,50.84036348126446
BEL,,3.2693980623455423,50.820007308830014
BEL,,4.7675965895452705,50.894855233121966
BEL,,4.511406795277542,51.30110294632369
BEL,,4.02497657282453,50.76222046637504
BEL,,5.232578767238773,50.95273739675409
BEL,,4.3461791840109685,51.05102765890342
BEL,,2.9591095150752134,51.016898223103986
BEL,,3.1246652804257087,50.94264169358256
BEL,,3.1268346065318786,50.94509206641941
BEL,,5.142291430732531,51.00030171362976
BEL,,4.33108244873631,50.826966378081885
BEL,,4.5360555555095265,50.85656235066375
BEL,,4.554506104084566,50.81760066899791
BEL,,4.564514733797432,50.757452298774105
BEL,,4.086717110427404,50.79091859444292
BEL,,4.537632774608063,51.26617617211418
BEL,,2.753451955934777,50.98223877712736
BEL,,2.732429218862483,50.9720038465623
BEL,,3.6350107054045506,50.861709768121
BEL,,4.515289486126929,50.86038381668393
BEL,,4.830290161883846,50.94778003674687
BEL,,4.758470496348705,50.92042504929279
BEL,,3.2895545867918288,50.951094201894286
BEL,,3.9951078320631557,51.09201336691106
BEL,,3.955731657586617,51.10429595826244
BEL,,3.7449747402421085,50.94471783230397
BEL,,3.694525591023396,51.05211545518116
BEL,,5.105603011110589,50.83627633882598
BEL,,4.8486080161611,50.99674357546718
BEL,,4.370158624668922,51.18963584834804
BEL,,4.463881999459963,50.94848795864016
BEL,,4.677019070125633,50.89833775242473
BEL,,4.141430788358375,50.956407804638076
BEL,,3.021599078355263,50.81553428049357
BEL,,4.831307802080159,51.30728570395726
BEL,,3.028361915482218,51.168024311804125
BEL,,3.0963125760537196,50.99533732543878
BEL,,3.0956135775193636,50.99746949003981
BEL,,5.568268602635861,50.934163718564285
BEL,,3.566319413175055,50.98811598425417
BEL,,4.134741670593686,50.93348099009853
BEL,,3.1707809533405262,50.81125537991282
BEL,,3.2797109050881703,50.82882434637154
BEL,,4.137080250303174,51.15771626833216
BEL,,4.5291207531516955,50.97972615081821
BEL,,4.4509598489347475,51.278016190047715
BEL,,4.456738238617361,51.21939932725199
BEL,,4.248493581636426,50.83715931892642
BEL,,4.439558477239449,51.21655264867549
BEL,,4.4810936255165625,51.21731122266436
BEL,,4.330488021633648,50.84259900809652
BEL,,4.436009944184258,51.18764785912147
BEL,,4.431874057171777,51.206894488489446
BEL,,4.899091335141449,50.97399022053437
BEL,,4.712943379986096,50.91032856197248
BEL,,2.3066892917310384,49.29333480390865
BEL,,4.445375726582355,50.93556602617232
BEL,,4.455716121539496,51.208640951462144
BEL,,4.334015491074102,50.85344143771603
BEL,,4.421826842021171,51.20489506076518
BEL,,4.417124614203097,51.223476157720285
BEL,,4.3970096352753085,51.07907152829227
BEL,,3.7099323502650945,51.11372463682241
BEL,,3.7276112146312204,51.13568331892375
BEL,,3.666401602344949,50.92932514937647
BEL,,3.7321219047375793,50.9323871665957
BEL,,3.688628783949793,50.94450447725052
BEL,,4.456215391708411,51.17752242116215
BEL,,3.4776892900299097,50.834936334264114
BEL,,4.456055575979291,50.92581411340312
BEL,,3.721259186705866,51.02483883892524
BEL,,3.7099040814248885,51.00519697201265
BEL,,4.360506906673705,51.16946535744669
BEL,,4.3791457603560024,50.96690943157384
BEL,,4.448808422588659,51.21083904836598
BEL,,4.394452887178212,50.84691704125209
BEL,,5.195389502869849,50.9898449699037
BEL,,2.3066892917310384,49.29333480390865
BEL,,4.4008623743676685,51.201055676368206
BEL,,2.3066892917310384,49.29333480390865
BEL,,2.3066892917310384,49.29333480390865
BEL,,5.021779524291357,51.002318392551786
BEL,,5.423882773128688,50.90293326619964
BEL,,3.54836132055397,51.033578565225774
BEL,,4.506078048160529,51.031937155004336
BEL,,3.6266447886999074,50.81215832326911
BEL,,3.867333598383747,50.944709545189106
BEL,,2.3066892917310384,49.29333480390865
BEL,,3.6122163253831396,50.851748087319436
BEL,,3.338357219685327,51.24408228996949
BEL,,3.383552128089509,51.253105579877385
BEL,,3.5486798206640646,51.03737436910277
BEL,,3.639667028095903,50.99200905129235
BEL,,3.7208577203253306,51.06625935566903
BEL,,3.7427888339366557,51.04785092989049
BEL,,4.2934074379099,50.830598194900205
BEL,,4.320636996369986,50.882364880180994
BEL,,4.3659540470543865,50.860907641867584
BEL,,4.461634594766204,50.984644342237324
BEL,,4.438591871166292,51.21145679661537
BEL,,4.421743137975421,51.231635589825125
BEL,,4.4077470689998925,51.187678704259234
BEL,,4.409205976380441,51.18766921699275
BEL,,4.47337209287913,51.22677414141582
BEL,,4.397047119788511,51.20873280544903
BEL,,5.4470123081159345,51.202229883836566
BEL,,5.302786215172406,50.87554191907363
BEL,,5.187724876687556,50.98975478599691
BEL,,4.672631908736588,50.90572955023123
BEL,,4.451711543485525,51.23374843509246
BEL,,4.4597196489421265,51.22160819980003
BEL,,4.009067845148322,51.108740096487224
BEL,,4.444619697038011,51.2133765702455
BEL,,3.737846475480287,51.064337854020195
BEL,,3.7085648728437843,51.07299605525601
BEL,,4.416279788121479,51.19549552046703
BEL,,5.303116204059815,51.044172272852805
BEL,,5.286414920911765,51.04259564247767
BEL,,3.86018490320051,50.76123493277827
BEL,,4.458263487825581,51.193978850940674
BEL,,4.543053267782657,51.40476308298923
BEL,,3.754520216110339,51.19184506282876
BEL,,4.3565182193472465,50.879659094056194
BEL,,3.253145503186228,51.20322611232731
BEL,,5.069252720865392,50.93390399559524
BEL,,5.068443634755099,50.93402568680262
BEL,,4.156131747601508,50.91891383630769
BEL,,4.16136908939954,50.85344402717291
BEL,,4.160417203697642,50.853532241133365
BEL,,4.678264915915903,50.92123953494956
BEL,,4.883819947677669,50.87231467130571
BEL,,4.838618069977211,50.837453887534465
BEL,,5.401436493122469,51.02711497636503
BEL,,2.3066892917310384,49.29333480390865
BEL,,5.089353738909063,51.32342421387232
BEL,,4.432599775920333,51.21431853639136
BEL,,4.386398460646215,51.16630020298086
BEL,,4.4242944681669805,51.22223256961988
BEL,,4.456542420353662,51.251982215895524
BEL,,3.2127756321207124,50.9410416155238
BEL,,5.510539746359433,50.99987362423918
BEL,,5.510196353214748,51.00039838731936
BEL,,4.9513009525161875,51.01501319673966
BEL,,4.958204988085618,51.328823792329025
BEL,,4.125474203768906,51.094313255450295
BEL,,4.151755659962949,51.0908138029338
BEL,,3.6360359585094226,51.0192876886851
BEL,,3.7678207775009263,51.04196733600783
BEL,,2.9779933082031325,51.19942889775316
BEL,,2.9317082046422382,51.21690953178213
BEL,,2.879858024080918,50.846494576144465
BEL,,4.423520710234571,50.884428948351335
BEL,,4.327039369950214,50.79211232732207
BEL,,4.340445456026235,50.83483481959936
BEL,,4.337195384194712,50.8336833464599
BEL,,3.258439414420692,50.83211326607037
BEL,,4.361850725659009,50.84939195447997
BEL,,4.372844546106958,50.73774966245983
BEL,,3.4583824597572996,50.88772214768134
BEL,,4.242846624151759,50.72934919458623
BEL,,4.70021454219639,50.97219403597049
BEL,,2.9645981362602263,51.05396012514939
BEL,,2.94359372795058,51.08510298309336
BEL,,2.790102077356001,50.94624980083363
BEL,,2.7990620868466194,51.00090130285295
BEL,,3.858186510214876,50.84893100316216
BEL,,3.8542026985046416,50.896397023411794
BEL,,4.648056334356217,51.1141677199575
BEL,,2.3066892917310384,49.29333480390865
BEL,,3.548158023172223,51.03134774075606
BEL,,3.7111082373406616,51.057503793268616
BEL,,3.7325896231752336,51.074305634271845
BEL,,3.709974041456709,51.028614760438984
BEL,,3.6057280232337248,51.00485588128828
BEL,,5.278150605439641,50.96591420141485
BEL,,4.824250939053928,51.16521387204024
BEL,,3.710526116373696,51.032950717400716
BEL,,5.402522321584115,51.02786958172425
BEL,,4.193401273855776,51.011779913529956
BEL,,5.035555076803684,50.76521661620156
BEL,,4.057858647714037,50.89371375088996
BEL,,4.459243815595935,51.21250330923538
BEL,,5.290660524202519,51.22977500785837
BEL,,4.39129429626913,51.207961069809485
BEL,,5.266221365953547,51.10344871203747
BEL,,4.7308753023918015,50.87748084007088
BEL,,3.230327634922009,51.22645317839137
BEL,,3.2192528859294303,51.21399456815017
BEL,,4.432781516487338,51.231845786804996
BEL,,4.674735426557942,51.3474588475973
BEL,,4.329477480903921,50.79374927184
BEL,,4.347662306391229,51.181886005237224
BEL,,4.76621279314693,50.88923248964449
BEL,,4.287297376094916,50.834342788271286
BEL,,4.372772847126965,50.871506147339716
BEL,,4.325671626848357,50.861924794485766
BEL,,4.11420506941897,50.84048735808852
BEL,,4.113294199873326,50.822560109741744
BEL,,4.374495057290603,50.89484260466493
BEL,,4.633054346966056,50.782893073316494
BEL,,5.213011550270582,51.06978103511202
BEL,,4.49629724118262,51.31248121056333
BEL,,4.463787327155298,51.24381520103172
BEL,,4.516186716799174,51.00987472040589
BEL,,4.417101141141684,51.20114893001439
BEL,,4.955321087445934,50.80143552871555
BEL,,4.427299886109496,51.221871567163994
BEL,,4.468413200900321,51.20409169036456
BEL,,3.1951381643096672,51.21560060612632
BEL,,4.934539897008765,50.994806095055516
BEL,,3.6803344241792613,50.80658826731936
BEL,,3.0163352723433507,51.092999003484096
BEL,,3.283718714974849,50.803382270398835
BEL,,3.3025754403564296,50.808967576285546
BEL,,3.641004049175145,50.731409090230954
BEL,,5.75782504217493,50.75922979904101
BEL,,2.8805862017056065,51.07837289051086
BEL,,3.9685023839359697,50.91813776213532
BEL,,4.4283286735625955,51.15401681679
BEL,,3.7007615609869977,51.06788219191295
BEL,,4.104949869936172,51.04820091328593
BEL,,4.450063719638864,51.17599879760183
BEL,,4.4458219526341765,51.1533594137246
BEL,,4.4429139085942655,51.17596758916211
BEL,,4.514250426554926,50.82314143528987
BEL,,5.632740786961428,51.112260198065826
BEL,,4.129385265447064,50.87624363960568
BEL,,4.273657596697886,50.88272303183097
BEL,,4.349544284110338,50.87248462602887
BEL,,3.8208497833123647,50.84317110897033
BEL,,3.3355779264601377,51.03079924890769
BEL,,5.0507607624317705,51.12080351179599
BEL,,3.0534816404578464,50.96304889834265
BEL,,3.435275172084451,51.11154877207801
BEL,,3.4330986599037767,51.109697686543676
BEL,,5.370981427692313,51.235827016709614
BEL,,2.3066892917310384,49.29333480390865
BEL,,5.195599734062269,50.865432827113416
BEL,,5.718911691554598,51.038851465175405
BEL,,4.612901373154261,50.98408519754466
BEL,,3.5912580228644058,50.74757747770755
BEL,,3.919875569445031,50.914150731266155
BEL,,2.3066892917310384,49.29333480390865
BEL,,4.759618869222887,50.8841935582203
BEL,,3.540418578603401,51.015930384859
BEL,,4.059106518434729,51.01081182633215
BEL,,4.545585486813688,51.02205920252719
BEL,,3.7544871388076304,51.074709324222034
BEL,,3.9149395900354147,51.03657555140893
BEL,,3.4864938511779484,50.77119902885595
BEL,,4.938627124064388,51.397130534624175
BEL,,4.977986528126265,51.12397078822616
BEL,,3.7722888855104317,50.97771609546856
BEL,,3.7394083247274876,50.990570675388064
BEL,,3.6425070878877555,50.95945728182147
BEL,,4.005170210719414,51.15096656665157
BEL,,4.042514235318576,51.07115563506982
BEL,,4.001332365124577,51.12099507616581
BEL,,4.116921949161254,51.03352099521195
BEL,,4.4766223485586005,51.22093773906935
BEL,,3.5678024015460186,51.189847047998576
BEL,,4.06941821486747,51.174687887759106
BEL,,3.2078189406811237,51.22656706576814
BEL,,3.5358412013452485,50.98961235217503
BEL,,3.8855606612801563,50.88806189488449
BEL,,2.908390201451683,50.99602382220239
BEL,,5.432431058956748,51.22980651983383
BEL,,5.282485271713892,50.93560251779076
BEL,,3.1273508060980033,50.99874345284682
BEL,,3.255527875187461,50.82076653875245
BEL,,3.2567363911567573,51.075336882977275
BEL,,4.419974996730908,50.91646871442283
BEL,,4.310097661367762,50.90167837003314
BEL,,4.175639000405092,51.11418118454158
BEL,,4.158900887705136,50.74112272833038
BEL,,4.236868230922375,51.18248904133046
BEL,,3.825737096650918,50.76291435993182
BEL,,4.455968531619713,51.22108972059747
BEL,,4.6657879031178275,51.084227324854155
BEL,,4.420805971781237,51.04858189175414
BEL,,4.417195963780445,51.19608838282854
BEL,,5.364030427838636,51.12429213005412
BEL,,4.9461198805425015,51.16562406678249
BEL,,4.368212438812366,50.866265386516005
BEL,,4.311597748374574,50.84825482805723
BEL,,3.3616452558302754,50.79704702234975
BEL,,3.409757388678674,50.83283645439306
BEL,,4.568248144795074,51.13568739837206
BEL,,5.082153957076785,51.00106856815125
BEL,,4.406218276038487,51.207184191591885
BEL,,5.672790399631976,50.81357037077219
BEL,,4.344477831381159,50.861552528168176
BEL,,4.045375695987719,50.875584231926545
BEL,,4.417101141141684,51.20114893001439
BEL,,5.38268024742394,51.20885845085635
BEL,,3.50714341833861,50.8289620948841
BEL,"Rue Haute , 255, 1000 BRUXELLES, Belgium",4.347756711928071,50.836380012722856
BEL,"Rue de l'Enseignement , 96, 1000 BRUXELLES, Belgium",4.365183778277213,50.849094395921156
BEL,"Rue Haute , 107, 1000 BRUXELLES, Belgium",4.350498600094824,50.839307560044944
BEL,"Rue Véronèse , 21, 1000 BRUXELLES, Belgium",4.387229440914098,50.84610716944846
BEL,"Rue du Canon , 9, 1000 BRUXELLES, Belgium",4.358644133600706,50.85255716967049
BEL,"Rue Simons , 12, 1000 BRUXELLES, Belgium",4.353914393276881,50.860062912507004
BEL,"Rue du Canal , 51-53, 1000 BRUXELLES, Belgium",4.3499614877393356,50.85492162073726
BEL,"Rue du Grand-Serment , 31, 1000 BRUXELLES, Belgium",4.341081196601067,50.85000043774488
BEL,"Rue T'Kint , 22, 1000 BRUXELLES, Belgium",4.3427115605877304,50.84762027060967
BEL,"Rue Charles-Quint , 114, 1000 BRUXELLES, Belgium",4.387878116400856,50.849251514696164
BEL,"Rue De Lenglentier , 6-14, 1000 BRUXELLES, Belgium",4.342563284720569,50.83834711966958
BEL,"Rue du Marais , 115, 1000 BRUXELLES, Belgium",4.360726114530451,50.85348119067655
BEL,"Rue du Cardinal , 32, 1000 BRUXELLES, Belgium",4.379183735875046,50.848949682362814
BEL,"Avenue de l'Héliport , 36, 1000 BRUXELLES, Belgium",4.35227095352127,50.861348403087504
BEL,"Rue T'Kint , 28, 1000 BRUXELLES, Belgium",4.342553561712862,50.847597513742556
BEL,"Rue Charles-Quint , 31, 1000 BRUXELLES, Belgium",4.383174024700736,50.849888204061386
BEL,"Rue de Rollebeek , 22, 1000 BRUXELLES, Belgium",4.353062205181033,50.842034696062115
BEL,"Rue des Riches Claires , 30, 1000 BRUXELLES, Belgium",4.3458877989770315,50.84687855599768
BEL,"Rue Ernest Allard , 49, 1000 BRUXELLES, Belgium",4.3528470417265055,50.83886901887081
BEL,"Rue Masui , 73, 1000 BRUXELLES, Belgium",4.359103629532797,50.86692622437465
BEL,"Rue des Eburons , 46, 1000 BRUXELLES, Belgium",4.379986638380217,50.84832753559962
BEL,"Rue des Six Jetons , 55, 1000 BRUXELLES, Belgium",4.344044618468757,50.84744689094251
BEL,"Rue du Marais , 113, 1000 BRUXELLES, Belgium",4.36059644648833,50.85343806578473
BEL,"Rue de l'Aurore , 37, 1000 BRUXELLES, Belgium",4.371909082109056,50.81915230994073
BEL,"Avenue Mutsaard , 71, 1020 LAEKEN, Belgium",4.357513235213729,50.89928640462666
BEL,"Rue Marie-Christine , 37, 1020 LAEKEN, Belgium",4.356950033575826,50.8743378045585
BEL,"Rue Princesse Clémentine , 46, 1020 LAEKEN, Belgium",4.355279201099124,50.87670988618582
BEL,"Rue Claessens , 59, 1020 LAEKEN, Belgium",4.355635302024255,50.87204931549454
BEL,"Avenue des Magnolias , 4, 1020 LAEKEN, Belgium",4.329676409306765,50.89768377128783
BEL,"Rue Reper-Vreven , 80, 1020 LAEKEN, Belgium",4.339397874031494,50.89040601918333
BEL,"Avenue Wannecouter , 115, 1020 LAEKEN, Belgium",4.361840769669813,50.89876769921309
BEL,"Rue Thys-Vanham , 21, 1020 LAEKEN, Belgium",4.344264670668291,50.878240962045105
BEL,"Rue Marie-Christine , 83, 1020 LAEKEN, Belgium",4.35484939331806,50.87517869979236
BEL,"Avenue des Magnolias , 1, 1020 LAEKEN, Belgium",4.329432924341799,50.89720056340426
BEL,"Avenue des Pagodes , 305, 1020 LAEKEN, Belgium",4.365836468848052,50.89554412982411
BEL,"Avenue Wannecouter , 113, 1020 LAEKEN, Belgium",4.36207563875516,50.89872453101879
BEL,"Rue de Molenbeek , 175, 1020 LAEKEN, Belgium",4.349927144379674,50.871383697954194
BEL,"Rue du Tivoli , 45, 1020 LAEKEN, Belgium",4.35359172139985,50.87325961630311
BEL,"Rue Stevens-Delannoy , 101, 1020 LAEKEN, Belgium",4.341522095198981,50.88979355347889
BEL,"Rue de Molenbeek , 122, 1020 LAEKEN, Belgium",4.354271755258472,50.873794423664314
BEL,"Avenue Ernest Cambier , 2, 1030 SCHAERBEEK, Belgium",4.394368340705221,50.857660206862995
BEL,"Rue de la Ruche , 28, 1030 SCHAERBEEK, Belgium",4.37430027144697,50.8625438301184
BEL,"Rue Henri Chomé , 44, 1030 SCHAERBEEK, Belgium",4.400480894558342,50.857383720976
BEL,"Rue Josse Impens , 125, 1030 SCHAERBEEK, Belgium",4.385926390246453,50.8587974127656
BEL,"Avenue Eugène Plasky , 184, 1030 SCHAERBEEK, Belgium",4.39712612163143,50.85313485043736
BEL,"Rue Royale Sainte-Marie , 168, 1030 SCHAERBEEK, Belgium",4.3725308516866335,50.86519439745004
BEL,"Rue Verwée , 12, 1030 SCHAERBEEK, Belgium",4.374458018864715,50.86677178780863
BEL,"Rue Josaphat , 229, 1030 SCHAERBEEK, Belgium",4.376056866895425,50.8623253139026
BEL,"Grande rue au Bois , 57, 1030 SCHAERBEEK, Belgium",4.385669568733164,50.85609877521921
BEL,"Avenue de Roodebeek , 103, 1030 SCHAERBEEK, Belgium",4.399644967354675,50.848127040475674
BEL,"Rue Rogier , 188, 1030 SCHAERBEEK, Belgium",4.368176788263099,50.86160891263822
BEL,"Rue Gaucheret , 124, 1030 SCHAERBEEK, Belgium",4.361241517756724,50.86501292924629
BEL,"Rue Chaumontel , 3, 1030 SCHAERBEEK, Belgium",4.388450768025791,50.87796196382399
BEL,"Rue de la Fraternité , 20, 1030 SCHAERBEEK, Belgium",4.3644003217874,50.860280380984904
BEL,"Rue du Radium , 5, 1030 SCHAERBEEK, Belgium",4.3904092835217625,50.85215651469872
BEL,"Boulevard Lambermont , 33, 1030 SCHAERBEEK, Belgium",4.376098022040026,50.873653749410835
BEL,"Chaussée de Haecht , 138, 1030 SCHAERBEEK, Belgium",4.370785404169368,50.85904287680009
BEL,"Avenue de Roodebeek , 253, 1030 SCHAERBEEK, Belgium",4.407495960782967,50.84987198507872
BEL,"Avenue de l'Emeraude , 20, 1030 SCHAERBEEK, Belgium",4.396576352602153,50.853156224290444
BEL,"Boulevard Léopold III , 29, 1030 SCHAERBEEK, Belgium",4.401533410140104,50.85967332164742
BEL,"Avenue Raymond Foucart , 7, 1030 SCHAERBEEK, Belgium",4.3939417527960245,50.86642821359749
BEL,"Rue Gallait , 131, 1030 SCHAERBEEK, Belgium",4.371046919548434,50.86898808873676
BEL,"Rue de l'Agriculture , 46, 1030 SCHAERBEEK, Belgium",4.389080835687508,50.87360106914937
BEL,"Rue du Radium , 7, 1030 SCHAERBEEK, Belgium",4.390621848586306,50.85221196098823
BEL,"Rue de Linthout , 40, 1030 SCHAERBEEK, Belgium",4.396776093354816,50.84653393404864
BEL,"Square François Riga , 39, 1030 SCHAERBEEK, Belgium",4.386784445674522,50.874638120119755
BEL,"Rue Caporal Claes , 38, 1030 SCHAERBEEK, Belgium",4.389412675234212,50.86675582028309
BEL,"Rue Caporal Claes , 40, 1030 SCHAERBEEK, Belgium",4.389747951361244,50.86637092328928
BEL,"Rue Seutin , 17, 1030 SCHAERBEEK, Belgium",4.3721819968764635,50.859156828773735
BEL,"Rue Chaumontel , 5, 1030 SCHAERBEEK, Belgium",4.389059294196329,50.87820981670089
BEL,"Rue Van Oost , 46, 1030 SCHAERBEEK, Belgium",4.373713454405646,50.87072180158958
BEL,"Avenue Eudore Pirmez , 45, 1040 ETTERBEEK, Belgium",4.387793123902668,50.83029399664622
BEL,"Chaussée Saint-Pierre , 193, 1040 ETTERBEEK, Belgium",4.3895181195761666,50.83621057255016
BEL,"Rue Général Tombeur , 78, 1040 ETTERBEEK, Belgium",4.3959252463634755,50.83500102201245
BEL,"Rue Beckers , 129, 1040 ETTERBEEK, Belgium",4.384240957155924,50.828277268832665
BEL,"Avenue Commandant Lothaire , 36A, 1040 ETTERBEEK, Belgium",4.4057221824329815,50.82891861015415
BEL,"Chaussée D'etterbeek , 182-184, 1040 ETTERBEEK, Belgium",4.381008727653409,50.83905413320244
BEL,"Avenue des Nerviens , 115, 1040 ETTERBEEK, Belgium",4.391918445188509,50.838079820777324
BEL,"Rue du Fort de Boncelles , 8, 1040 ETTERBEEK, Belgium",4.398652633837742,50.83380446342463
BEL,"Avenue d'Auderghem , 158, 1040 ETTERBEEK, Belgium",4.387470420630393,50.83613056728436
BEL,"Boulevard Saint-Michel , 26, 1040 ETTERBEEK, Belgium",4.40652055871044,50.83432921247294
BEL,"Rue Africaine , 3, 1050 IXELLES, Belgium",4.355852792205212,50.823667347814734
BEL,"Avenue du Bois de la Cambre , 175, 1050 IXELLES, Belgium",4.390613382864103,50.80707449037911
BEL,"Rue du Viaduc , 82, 1050 IXELLES, Belgium",4.370878527113632,50.833785059318785
BEL,"Rue de la Croix , 37, 1050 IXELLES, Belgium",4.36550111713143,50.83127120082793
BEL,"Chaussée de Boondael , 216, 1050 IXELLES, Belgium",4.38066146540487,50.82115847655626
BEL,"Avenue de la Couronne , 105, 1050 IXELLES, Belgium",4.380109349442705,50.82860181612364
BEL,"Rue du Nid , 8, 1050 IXELLES, Belgium",4.3746622858450905,50.82632239946457
BEL,"Chaussée de Boondael , 621, 1050 IXELLES, Belgium",4.39175407606723,50.811240505804875
BEL,"Avenue du Bois de la Cambre , 173, 1050 IXELLES, Belgium",4.390657639312877,50.807091128456904
BEL,"Rue Sans-Souci , 130, 1050 IXELLES, Belgium",4.3732546290258085,50.832298193514475
BEL,"Chaussée de Boondael , 220, 1050 IXELLES, Belgium",4.380908899186608,50.820981450761195
BEL,"Rue Elise , 100, 1050 IXELLES, Belgium",4.38289138692565,50.817495501049564
BEL,"Chaussée d'Ixelles , 132, 1050 IXELLES, Belgium",4.365165924823458,50.83441558798515
BEL,"Rue Américaine , 136, 1050 IXELLES, Belgium",4.361519880761165,50.822620951022316
BEL,"Rue Alphonse De Witte , 29-31, 1050 IXELLES, Belgium",4.373760225425372,50.824822541710375
BEL,"Rue de l'Hôtel des Monnaies , 128B, 1060 SAINT-GILLES, Belgium",4.346893543539068,50.82911864427342
BEL,"Rue Emile Feron , 9, 1060 SAINT-GILLES, Belgium",4.340803923244039,50.83408827466616
BEL,"Place des Héros , 5, 1060 SAINT-GILLES, Belgium",4.339328708285166,50.83294456397786
BEL,"Rue de Bordeaux , 16, 1060 SAINT-GILLES, Belgium",4.352215800598373,50.830254601701284
BEL,"Rue de la Rhétorique , 13, 1060 SAINT-GILLES, Belgium",4.346314689305757,50.8274698820093
BEL,"Rue du Lycée , 8, 1060 SAINT-GILLES, Belgium",4.34674635731929,50.82669371777527
BEL,"Rue Théodore Verhaegen , 8, 1060 SAINT-GILLES, Belgium",4.343478504728296,50.82725564056415
BEL,"Place de Bethléem , 10, 1060 SAINT-GILLES, Belgium",4.338177370064983,50.83065659777756
BEL,"Rue d'Espagne , 54, 1060 SAINT-GILLES, Belgium",4.352189900517544,50.82492362746268
BEL,"Rue Moris , 19, 1060 SAINT-GILLES, Belgium",4.3525392582419045,50.82521477286946
BEL,"Rue de la Perche , 11, 1060 SAINT-GILLES, Belgium",4.3419846819443535,50.82693708633397
BEL,"Clos des Asters , 6, 1070 ANDERLECHT, Belgium",4.2792063226360995,50.8158347526639
BEL,"Rue du Potaerdenberg , 170, 1070 ANDERLECHT, Belgium",4.2976298296347295,50.84170377852473
BEL,"Rue Odon , 22, 1070 ANDERLECHT, Belgium",4.334020700461252,50.84510435855253
BEL,"Rue des Fruits , 73, 1070 ANDERLECHT, Belgium",4.2895356771953175,50.83617222534315
BEL,"Avenue Frans van Kalken , 20-22, 1070 ANDERLECHT, Belgium",4.307443613329639,50.82737131082797
BEL,"Rue Adolphe Willemijns , 337, 1070 ANDERLECHT, Belgium",4.287390496715631,50.84020111283297
BEL,"Rue Léopold De Swaef , 27, 1070 ANDERLECHT, Belgium",4.31217913716668,50.84643703924792
BEL,"Rue des goujons , 15, 1070 ANDERLECHT, Belgium",4.324828015791638,50.83741878198339
BEL,"Rue Van Winghen , 1, 1070 ANDERLECHT, Belgium",4.295953532818686,50.81927937959287
BEL,"Rue de Douvres , 80, 1070 ANDERLECHT, Belgium",4.313025877025467,50.83724033126478
BEL,"Allée des Coquelicots , 7, 1070 ANDERLECHT, Belgium",4.261448338749574,50.816925405905096
BEL,"Drève des Agaves , 2A, 1070 ANDERLECHT, Belgium",4.286942986905075,50.83383690138993
BEL,"Rue Brogniez , 157, 1070 ANDERLECHT, Belgium",4.332051120853066,50.83846999837013
BEL,"Rue Adolphe Willemyns , 231, 1070 ANDERLECHT, Belgium",4.2922544313092885,50.83969941401841
BEL,"Rue Puccini , 30, 1070 ANDERLECHT, Belgium",4.306069065027913,50.8454656185794
BEL,"Boulevard Maurice Herbette , 24, 1070 ANDERLECHT, Belgium",4.310602333541311,50.84363207725977
BEL,"Avenue d'Itterbeek , 498, 1070 ANDERLECHT, Belgium",4.271404950074583,50.83601581902988
BEL,"Rue Eloy , 76, 1070 ANDERLECHT, Belgium",4.32714762367641,50.83604850845228
BEL,"Chaussée de Mons , 219, 1070 ANDERLECHT, Belgium",4.32830809817105,50.8412549276097
BEL,"Chaussée de Mons , 176, 1070 ANDERLECHT, Belgium",4.329941814918982,50.841649212335085
BEL,"Rue Alphonse Demunter , 23, 1070 ANDERLECHT, Belgium",4.299509136145701,50.836688508669226
BEL,"Rue Eloy , 114, 1070 ANDERLECHT, Belgium",4.324665406870025,50.83591536192034
BEL,"Rue Jakob Smits , 114, 1070 ANDERLECHT, Belgium",4.3048086782474115,50.841943668593615
BEL,"Rue Delwart , 40, 1070 ANDERLECHT, Belgium",4.289592003584659,50.82361760121938
BEL,"Avenue Camille Vaneukem , 31, 1070 ANDERLECHT, Belgium",4.2896329910911675,50.83177269009491
BEL,"Rue Pierre Longin , 1-3, 1070 ANDERLECHT, Belgium",4.290088966623927,50.82882883997115
BEL,"Rue de Fiennes , 52, 1070 ANDERLECHT, Belgium",4.331883398970547,50.83890640215898
BEL,"Rue de la Démocratie , 10, 1070 ANDERLECHT, Belgium",4.307563642183112,50.83351625168393
BEL,"Rue des Résédas , 51, 1070 ANDERLECHT, Belgium",4.299839383130831,50.82400811408834
BEL,"Rue des Résédas , 47, 1070 ANDERLECHT, Belgium",4.300062760850437,50.824143649462684
BEL,"Rue de la Procession , 66, 1070 ANDERLECHT, Belgium",4.302790064505672,50.83490320520238
BEL,"Rue Docteur Jacobs , 47, 1070 ANDERLECHT, Belgium",4.302828705079321,50.83441868928932
BEL,"Avenue d'Itterbeek , 232, 1070 ANDERLECHT, Belgium",4.28621376132881,50.83444563710805
BEL,"Chaussée de Ninove , 144, 1080 MOLENBEEK-SAINT-JEAN, Belgium",4.325508710148512,50.84901304955082
BEL,"Chaussée de Ninove , 142, 1080 MOLENBEEK-SAINT-JEAN, Belgium",4.325846165570368,50.849041296564536
BEL,"Rue de la Prospérité , 18, 1080 MOLENBEEK-SAINT-JEAN, Belgium",4.340121049592341,50.855699084166304
BEL,"Rue Ransfort , 76, 1080 MOLENBEEK-SAINT-JEAN, Belgium",4.335311178274139,50.85139879065164
BEL,"Rue De Koninck , 63, 1080 MOLENBEEK-SAINT-JEAN, Belgium",4.313068205636483,50.85637374355289
BEL,"Rue Delaunoy , 40, 1080 MOLENBEEK-SAINT-JEAN, Belgium",4.331390710701896,50.852322057286415
BEL,"Rue de l'Intendant , 232, 1080 MOLENBEEK-SAINT-JEAN, Belgium",4.336864680208663,50.86309150367188
BEL,"Avenue Mahatma Gandhi , 15, 1080 MOLENBEEK-SAINT-JEAN, Belgium",4.324559375794877,50.85776576812276
BEL,"Rue du Gulden Bodem , 2, 1080 MOLENBEEK-SAINT-JEAN, Belgium",4.318820454328716,50.85331887512157
BEL,"Rue de la Flûte Enchantée , 30, 1080 MOLENBEEK-SAINT-JEAN, Belgium",4.297298576821248,50.85034749044587
BEL,"Avenue du Condor , 1, 1080 MOLENBEEK-SAINT-JEAN, Belgium",4.307018483200579,50.85305958094685
BEL,"Rue des Quatre-Vents , 71, 1080 MOLENBEEK-SAINT-JEAN, Belgium",4.331424405952646,50.85333597420404
BEL,"Rue Le Lorrain , 94, 1080 MOLENBEEK-SAINT-JEAN, Belgium",4.343256132837041,50.863545635185915
BEL,"Place de la Duchesse de Braban, 27, 1080 MOLENBEEK-SAINT-JEAN, Belgium",4.328953504715571,50.84988392929074
BEL,"Rue de Ribaucourt , 21, 1080 MOLENBEEK-SAINT-JEAN, Belgium",4.339439181768995,50.85759523830265
BEL,"Rue Paloke , 79, 1080 MOLENBEEK-SAINT-JEAN, Belgium",4.28937482847337,50.848398823686125
BEL,"Avenue Carl Requette , 20, 1080 MOLENBEEK-SAINT-JEAN, Belgium",4.3017605153386285,50.85472351445571
BEL,"Rue du Gulden Bodem , 4, 1080 MOLENBEEK-SAINT-JEAN, Belgium",4.318394486009339,50.85321980102603
BEL,"Avenue du Karreveld , 7, 1080 MOLENBEEK-SAINT-JEAN, Belgium",4.318785585611494,50.858252337602096
BEL,"Chaussée de Merchtem , 11, 1080 MOLENBEEK-SAINT-JEAN, Belgium",4.336167557321573,50.855925856556695
BEL,"Chaussée de Ninove , 1001, 1080 MOLENBEEK-SAINT-JEAN, Belgium",4.290247887508116,50.846511302910045
BEL,"Rue de Bonne , 105, 1080 MOLENBEEK-SAINT-JEAN, Belgium",4.3261616946472,50.84584194337068
BEL,"Rue Paloke , 31, 1080 MOLENBEEK-SAINT-JEAN, Belgium",4.289497790992954,50.8468453217516
BEL,"Avenue du Sippelberg , 2, 1080 MOLENBEEK-SAINT-JEAN, Belgium",4.323759826050946,50.85875470696891
BEL,"Rue des Tisserands , 24, 1081 KOEKELBERG, Belgium",4.331104468708446,50.858873394717875
BEL,"Avenue de Berchem-Ste-Agathe , 49, 1081 KOEKELBERG, Belgium",4.315607084108336,50.864407713927505
BEL,"Rue Emile Sergijsels , 15, 1081 KOEKELBERG, Belgium",4.333207320577088,50.86025645065132
BEL,"Boulevard Léopold II , 268, 1081 KOEKELBERG, Belgium",4.331890188312116,50.8625298323401
BEL,"Avenue de Berchem-Ste-Agathe , 51, 1081 KOEKELBERG, Belgium",4.315203746927523,50.864322637610286
BEL,"Avenue du Hunderenveld , 45, 1082 BERCHEM-SAINTE-AGATHE, Belgium",4.288472935691686,50.86963609367126
BEL,"Place du Roi Baudouin , 3, 1082 BERCHEM-SAINTE-AGATHE, Belgium",4.296290988240514,50.86319208651
BEL,"Chaussée de Gand , 1163, 1082 BERCHEM-SAINTE-AGATHE, Belgium",4.296244217220817,50.865610014119
BEL,"Avenue Van Overbeke , 10A, 1083 GANSHOREN, Belgium",4.3159776480477205,50.86940005927784
BEL,"Avenue Marie de Hongrie , 60, 1083 GANSHOREN, Belgium",4.304275505386414,50.87262843310489
BEL,"Rue Louis Delhove , 65, 1083 GANSHOREN, Belgium",4.314512407553622,50.86850365664276
BEL,"Avenue du Laerbeek , 102, 1090 JETTE, Belgium",4.311201388161265,50.88564875576907
BEL,"Avenue de Levis Mirepoix , 129, 1090 JETTE, Belgium",4.328521752882978,50.87022597010724
BEL,"Rue Maurice Van Rolleghem , 4, 1090 JETTE, Belgium",4.323642144130389,50.890459884372746
BEL,"Avenue Firmin Lecharlier , 80, 1090 JETTE, Belgium",4.330555370231423,50.870602317559815
BEL,"Rue Hubert Van Eepoel , 1, 1090 JETTE, Belgium",4.321925027445843,50.87671817321177
BEL,"Rue Esseghem , 101, 1090 JETTE, Belgium",4.3357496356292415,50.87779935490238
BEL,"Rue Léopold 1er , 309, 1090 JETTE, Belgium",4.339247666654015,50.876608887223504
BEL,"Avenue de l'Arbre Ballon , 249, 1090 JETTE, Belgium",4.30885269507246,50.891454271455984
BEL,"Avenue de Levis Mirepoix , 13, 1090 JETTE, Belgium",4.333000622844793,50.87295746471406
BEL,"Avenue de Levis Mirepoix , 13 a, 1090 JETTE, Belgium",4.333000622844793,50.87295746471406
BEL,"Boulevard de Smet de Naeyer , 229, 1090 JETTE, Belgium",4.330795427938369,50.87688564363722
BEL,"Rue Léopold Ier , 307, 1090 JETTE, Belgium",4.33898396060755,50.87709104217453
BEL,"Rue Léopold Ier , 362, 1090 JETTE, Belgium",4.3320626040604395,50.874125399102525
BEL,"Avenue du Sacré-Coeur , 4, 1090 JETTE, Belgium",4.330550089632425,50.883183805683245
BEL,"Rue de Beyseghem , 174, 1120 NEDER-OVER-HEEMBEEK, Belgium",4.373673498176063,50.895464368390606
BEL,"Rue Léon XIII , 13, 1120 NEDER-OVER-HEEMBEEK, Belgium",4.38694225485611,50.89389978097383
BEL,"Rue des Trois Pertuis , 4, 1120 NEDER-OVER-HEEMBEEK, Belgium",4.390619439202115,50.894610821687536
BEL,"Avenue des Croix de Guerre , 78, 1120 NEDER-OVER-HEEMBEEK, Belgium",4.377393528994816,50.88735388633205
BEL,"Rue de la Paroisse , 34, 1130 HAREN, Belgium",4.420046874624523,50.89250633805098
BEL,"Rue de la Grenouillette , 2, 1130 HAREN, Belgium",4.41740434027156,50.883869382237016
BEL,"Rue de la Résistance , 29, 1140 EVERE, Belgium",4.397108519634742,50.87001005228143
BEL,"Avenue du Cimetière de Bruxel, 50, 1140 EVERE, Belgium",4.416685712841245,50.86420058233345
BEL,"Rue du Doolegt , 6, 1140 EVERE, Belgium",4.396657740881977,50.87795215699725
BEL,"Avenue Notre-Dame , 40, 1140 EVERE, Belgium",4.396394716760341,50.870857420782954
BEL,"Avenue Cicéron , 20, 1140 EVERE, Belgium",4.4185107873838945,50.86375350638468
BEL,"Rue de l'Arbre unique , 1, 1140 EVERE, Belgium",4.410195188348039,50.869992137060926
BEL,"Avenue des Anciens Combattants, 61, 1140 EVERE, Belgium",4.4119732381831795,50.86149412247423
BEL,"Rue Père Damien , 40, 1140 EVERE, Belgium",4.401321096532655,50.87035852990596
BEL,"Rue du Bon Pasteur , 3, 1140 EVERE, Belgium",4.399760889075594,50.878296024575036
BEL,"Rue Père Damien , 40 bte 3, 1140 EVERE, Belgium",4.401321096532655,50.87035852990596
BEL,"Rue Henri Vandermaelen , 61, 1150 WOLUWE-SAINT-PIERRE, Belgium",4.461847406095757,50.84223552646219
BEL,"Avenue des Eperviers , 62, 1150 WOLUWE-SAINT-PIERRE, Belgium",4.414965829073907,50.82580464930544
BEL,"Avenue Orban , 73, 1150 WOLUWE-SAINT-PIERRE, Belgium",4.454639472279069,50.833117901735534
BEL,"Avenue Charles Thielemans , 30, 1150 WOLUWE-SAINT-PIERRE, Belgium",4.4305176122256285,50.83683946674543
BEL,"Boulevard de la Woluwe , 24, 1150 WOLUWE-SAINT-PIERRE, Belgium",4.433947487005014,50.8358883721921
BEL,"Avenue du Chant d'Oiseau , 19, 1150 WOLUWE-SAINT-PIERRE, Belgium",4.417286610425123,50.82679622845109
BEL,"Avenue Edmond Parmentier , 21, 1150 WOLUWE-SAINT-PIERRE, Belgium",4.437609121407206,50.83106919696138
BEL,"Val des Epinettes , 3, 1150 WOLUWE-SAINT-PIERRE, Belgium",4.453965483444733,50.826445864898346
BEL,"Avenue des Grands Prix , 69, 1150 WOLUWE-SAINT-PIERRE, Belgium",4.461710194340782,50.83202456628533
BEL,"Rue Félix De Keuster , 58A, 1150 WOLUWE-SAINT-PIERRE, Belgium",4.467232248271831,50.839142518777926
BEL,"Rue Félix De Keuster , 58B, 1150 WOLUWE-SAINT-PIERRE, Belgium",4.467118114450528,50.839150650817515
BEL,"Chaussée de Wavre , 1179, 1160 AUDERGHEM, Belgium",4.402597157472087,50.82274504509883
BEL,"Avenue Jean Van Horenbeeck , 33, 1160 AUDERGHEM, Belgium",4.434699846634032,50.8068358575957
BEL,"Place Edouard Pinoy , 20, 1160 AUDERGHEM, Belgium",4.423095017868604,50.81114172507597
BEL,"Rue Robert Willame , 25, 1160 AUDERGHEM, Belgium",4.422794694277826,50.816251794256374
BEL,"Avenue du Parc de Woluwe , 25, 1160 AUDERGHEM, Belgium",4.4256535938129105,50.81997562238013
BEL,"Avenue Jean Van Horenbeeck , 196, 1160 AUDERGHEM, Belgium",4.434516450592554,50.80542937424286
BEL,"Place Félix Govaert , 1, 1160 AUDERGHEM, Belgium",4.427559387137904,50.820974284233984
BEL,"Avenue Joseph Chaudron , 115, 1160 AUDERGHEM, Belgium",4.434449898281343,50.81075909119599
BEL,"Avenue de l'Eglise St-Julien , 18, 1160 AUDERGHEM, Belgium",4.4084434511179325,50.81959743090886
BEL,"Rue du Gruyer , 8, 1170 WATERMAEL-BOITSFORT, Belgium",4.404901594112118,50.80965037495346
BEL,"Rue François Ruytinx , 31, 1170 WATERMAEL-BOITSFORT, Belgium",4.419662041785045,50.80472135488165
BEL,"Jagersveld , 5, 1170 WATERMAEL-BOITSFORT, Belgium",4.413442334352737,50.79665079749964
BEL,"Chaussée de La Hulpe , 346, 1170 WATERMAEL-BOITSFORT, Belgium",4.424112580914112,50.789379999409135
BEL,"Avenue Léopold Wiener , 34, 1170 WATERMAEL-BOITSFORT, Belgium",4.408115718703783,50.806997544507965
BEL,"Avenue des Coccinelles , 65, 1170 WATERMAEL-BOITSFORT, Belgium",4.4013493435463715,50.798581233619984
BEL,"Rue du Melkriek , 3, 1180 UCCLE, Belgium",4.325983125868248,50.787695488327984
BEL,"Avenue du Vossegat , 45, 1180 UCCLE, Belgium",4.328326789815122,50.80190046727745
BEL,"Rue François Vervloet , 10, 1180 UCCLE, Belgium",4.33114872515722,50.79115532841121
BEL,"Avenue de Messidor , 161, 1180 UCCLE, Belgium",4.343729458909365,50.81000413317699
BEL,"Rue Jean Benaets , 74, 1180 UCCLE, Belgium",4.362399310042349,50.79221329223003
BEL,"Avenue Dolez , 544, 1180 UCCLE, Belgium",4.354727270246826,50.77548724635295
BEL,"Avenue des Eglantiers , 19, 1180 UCCLE, Belgium",4.371779085614888,50.7827371905045
BEL,"Rue du Doyenné , 60, 1180 UCCLE, Belgium",4.338441735291127,50.80576217770846
BEL,"Avenue du Homborchveld , 32, 1180 UCCLE, Belgium",4.341390824104366,50.7765622673447
BEL,"Rue Edith Cavell , 29, 1180 UCCLE, Belgium",4.356902541758899,50.8124135531543
BEL,"Avenue d'Homborchveld , 34, 1180 UCCLE, Belgium",4.341051692301903,50.77724941576702
BEL,"Avenue des Eglantiers , 21, 1180 UCCLE, Belgium",4.372887250209629,50.783375748797965
BEL,"Rue Gatti de Gamond , 140, 1180 UCCLE, Belgium",4.327745588648952,50.801823940501464
BEL,"Rue Roberts-Jones , 24B, 1180 UCCLE, Belgium",4.356021603735172,50.80746433269579
BEL,"Avenue Paul Stroobant , 72, 1180 UCCLE, Belgium",4.35044897922802,50.79778503663735
BEL,"Avenue d'Hougoumont , 5, 1180 UCCLE, Belgium",4.38173091243101,50.77569008840979
BEL,"Drève des Gendarmes , 45, 1180 UCCLE, Belgium",4.379150794995553,50.797509355841896
BEL,"Rue du Bourdon , 27, 1180 UCCLE, Belgium",4.330559812640104,50.78619613348795
BEL,"Avenue Jean et Pierre Carsoel , 4, 1180 UCCLE, Belgium",4.36384745145395,50.794289615375135
BEL,"Chaussée de Waterloo , 1190, 1180 UCCLE, Belgium",4.373786712239394,50.79514398276581
BEL,"Chaussée de Neerstalle , 440, 1180 UCCLE, Belgium",4.320864549056097,50.79729913771027
BEL,"Dieweg , 65, 1180 UCCLE, Belgium",4.340228673229092,50.79337033014437
BEL,"Avenue Hamoir , 31, 1180 UCCLE, Belgium",4.365920379928269,50.797872292249394
BEL,"Rue Roberts-Jones , 24, 1180 UCCLE, Belgium",4.356021603735172,50.80746433269579
BEL,"Rue du Doyenné , 68, 1180 UCCLE, Belgium",4.339006088831923,50.805074316824346
BEL,"Avenue Montjoie , 97, 1180 UCCLE, Belgium",4.363554671576026,50.81050348505866
BEL,"Rue Beeckman , 99, 1180 UCCLE, Belgium",4.3344398794390315,50.804341193663106
BEL,"Rue Auguste Danse , 21, 1180 UCCLE, Belgium",4.333183515972081,50.804219027424324
BEL,"Avenue du Globe , 40, 1190 FOREST, Belgium",4.3279278112239865,50.81050763410073
BEL,"Rue Jef Devos , 55, 1190 FOREST, Belgium",4.328886700947237,50.82253302485799
BEL,"Avenue des Sept-Bonniers , 210, 1190 FOREST, Belgium",4.33239578471165,50.809719944749816
BEL,"Chaussée de Neerstalle , 273, 1190 FOREST, Belgium",4.314405897260718,50.803570313630885
BEL,"Chaussée de Bruxelles , 217, 1190 FOREST, Belgium",4.326578911545965,50.81448233258652
BEL,"Avenue Molière , 123, 1190 FOREST, Belgium",4.345760813143926,50.81608755086367
BEL,"Rue Rodenbach , 37, 1190 FOREST, Belgium",,
BEL,"Rue Meyerbeer , 15, 1190 FOREST, Belgium",4.346172196951784,50.81510259342153
BEL,"Rue Pierre Decoster , 21, 1190 FOREST, Belgium",4.328627281043964,50.82538651806553
BEL,"Avenue Saint-Augustin , 16, 1190 FOREST, Belgium",4.338502587908181,50.81723658406048
BEL,"Avenue Kersbeek , 7, 1190 FOREST, Belgium",4.319816643521108,50.80919071138334
BEL,"Avenue Rousseau , 46, 1190 FOREST, Belgium",4.334760654873577,50.81549251955724
BEL,"Avenue Rousseau , 48, 1190 FOREST, Belgium",4.334527637965294,50.815383932001595
BEL,"Rue Saint-Denis , 294, 1190 FOREST, Belgium",4.320859017000004,50.82093191371342
BEL,"Rue du Monténégro , 159, 1190 FOREST, Belgium",4.33103079177954,50.82657842469709
BEL,"Avenue de Monte-Carlo , 91, 1190 FOREST, Belgium",4.323191197739533,50.811370173846996
BEL,"Rue Timmermans , 53, 1190 FOREST, Belgium",4.338699730270861,50.819116183938036
BEL,"Chaussée de Roodebeek , 268, 1200 WOLUWE-SAINT-LAMBERT, Belgium",4.424444839555974,50.84907260297288
BEL,"Rue Vervloesem , 36, 1200 WOLUWE-SAINT-LAMBERT, Belgium",4.432316033370938,50.842700051536184
BEL,"Chaussée de Stockel , 270, 1200 WOLUWE-SAINT-LAMBERT, Belgium",4.44946959821948,50.840685880203125
BEL,"Avenue Georges Henri , 224, 1200 WOLUWE-SAINT-LAMBERT, Belgium",4.414298126666949,50.844379910661075
BEL,"Rue de l'Athénée Royal , 75-77, 1200 WOLUWE-SAINT-LAMBERT, Belgium",4.439061202313326,50.85041458758079
BEL,"Avenue du Couronnement , 42, 1200 WOLUWE-SAINT-LAMBERT, Belgium",4.414869604825441,50.84310992660147
BEL,"Chaussée de Roodebeek , 586, 1200 WOLUWE-SAINT-LAMBERT, Belgium",4.41156763788851,50.85086151065812
BEL,"Jardin Martin V , 85, 1200 WOLUWE-SAINT-LAMBERT, Belgium",4.452675089450878,50.84997152017894
BEL,"Chaussée de Stockel , 28, 1200 WOLUWE-SAINT-LAMBERT, Belgium",4.438529957290058,50.84018627686436
BEL,"Avenue des Cerisiers , 239, 1200 WOLUWE-SAINT-LAMBERT, Belgium",4.416271897226693,50.84560366852469
BEL,"Avenue Marcel Thiry , 31, 1200 WOLUWE-SAINT-LAMBERT, Belgium",4.436932282725792,50.85589907637606
BEL,"Avenue Chapelle-aux-Champs , 67, 1200 WOLUWE-SAINT-LAMBERT, Belgium",4.443734616247809,50.850554607273324
BEL,"Avenue des Deux Tilleuls , 8, 1200 WOLUWE-SAINT-LAMBERT, Belgium",4.404431034067841,50.840513925459476
BEL,"Rue Vergote , 40A, 1200 WOLUWE-SAINT-LAMBERT, Belgium",4.402915083059526,50.844970415739795
BEL,"Venelle Georges Désir , 5, 1200 WOLUWE-SAINT-LAMBERT, Belgium",4.435407984000051,50.848550000000046
BEL,"Rue Joseph Aernaut , 11, 1200 WOLUWE-SAINT-LAMBERT, Belgium",4.445892537220345,50.84385541306989
BEL,"Place Saint-Josse , 12, 1210 SAINT-JOSSE-TEN-NOODE, Belgium",4.374737890611755,50.84943331817604
BEL,"Rue Saint-François , 19-21, 1210 SAINT-JOSSE-TEN-NOODE, Belgium",4.364781698381904,50.8568127457317
BEL,"Rue de l'Abondance , 19, 1210 SAINT-JOSSE-TEN-NOODE, Belgium",4.370769813829469,50.856967559483365
BEL,"Rue Braemt , 55-57, 1210 SAINT-JOSSE-TEN-NOODE, Belgium",4.376265492465478,50.851253406541076
BEL,"Rue Potagère , 52, 1210 SAINT-JOSSE-TEN-NOODE, Belgium",4.371831130409532,50.85253885521206
BEL,"Rue Josaphat , 15, 1210 SAINT-JOSSE-TEN-NOODE, Belgium",4.371482024142267,50.8562162056827
BEL,"Rue Potagère , 74, 1210 SAINT-JOSSE-TEN-NOODE, Belgium",,
BEL,"Rue Traversière , 125, 1210 SAINT-JOSSE-TEN-NOODE, Belgium",4.372730424801233,50.8534920871507
BEL,"Rue de Verviers , 18, 1210 SAINT-JOSSE-TEN-NOODE, Belgium",4.3747878467546855,50.84783417677872
BEL,"Rue de l'Amitié , 2, 1300 LIMAL, Belgium",4.575409615670862,50.69548658207573
BEL,"Rue de Grandsart , 13, 1300 LIMAL, Belgium",4.549479919743728,50.697991256210564
BEL,"Avenue Henri Lepage , 4-6, 1300 WAVRE, Belgium",4.60691954223762,50.72001417666675
BEL,"Chaussée des Gaulois , 93-95, 1300 WAVRE, Belgium",4.613277066015913,50.72443196436096
BEL,"Rue du Calvaire , 4, 1300 WAVRE, Belgium",4.625630129420017,50.72525894303121
BEL,"Rue de Nivelles , 52, 1300 WAVRE, Belgium",4.60852232976282,50.714240428392884
BEL,"Chaussée de Louvain , 10, 1300 WAVRE, Belgium",4.613206662173753,50.713988434049455
BEL,"Rue de Bruxelles , 45, 1300 WAVRE, Belgium",4.613703351753628,50.71792922016138
BEL,"Rue des Combattants , 29, 1301 BIERGES, Belgium",4.580448929836654,50.7144464162099
BEL,"Rue de Wavre , 60, 1301 BIERGES, Belgium",4.580094266952983,50.72271394577004
BEL,"Rue des Combattants , 112, 1310 LA HULPE, Belgium",4.485126214327806,50.73106299188504
BEL,"Rue de la Mazerine , 49, 1310 LA HULPE, Belgium",4.490660114442306,50.730220484887354
BEL,"Rue de l'Argentine , 72, 1310 LA HULPE, Belgium",4.487534167472063,50.731799090621905
BEL,"Place , 8, 1315 OPPREBAIS, Belgium",4.797348587213719,50.68195283444689
BEL,"Rue de l'Ecole , 1, 1320 BEAUVECHAIN, Belgium",4.788028246158746,50.76384319028065
BEL,"Chaussée de Namur , 4, 1320 BEAUVECHAIN, Belgium",4.717631830208221,50.77874096899452
BEL,"Rue René Ménada , 12, 1320 HAMME-MILLE, Belgium",4.713043488894158,50.779849733589145
BEL,"Chemin de l'Herbe , 51, 1325 BONLEZ, Belgium",4.689512167108517,50.70295893694295
BEL,"Rue de la Barre , 5, 1325 CHAUMONT-GISTOUX, Belgium",4.724303150886811,50.67743758702531
BEL,"Rue Zaine , 1-3, 1325 CHAUMONT-GISTOUX, Belgium",4.697792364609342,50.68359535219315
BEL,"Rue de Chastre , 83, 1325 CORROY-LE-GRAND, Belgium",4.674342900828606,50.66190298677512
BEL,"Rue du Brocsous , 3, 1325 DION-VALMONT, Belgium",4.646358430345053,50.68856719853066
BEL,"Rue Lambermont , 12, 1330 RIXENSART, Belgium",4.508525973422707,50.708383657368074
BEL,"Rue des Ecoles , 1, 1330 RIXENSART, Belgium",4.531964876005418,50.71329746428566
BEL,"Rue Albert Croy , 3, 1330 RIXENSART, Belgium",4.521868625270991,50.715625711250894
BEL,"Rue des Ecoles , 26, 1330 RIXENSART, Belgium",4.5335473793249434,50.71495184242491
BEL,"Rue de La Hulpe , 17, 1331 ROSIERES, Belgium",4.552337426949435,50.733183529569374
BEL,"Rue des Volontaires , 55, 1332 GENVAL, Belgium",4.497589407136844,50.720298432374605
BEL,"Rue du Vallon , 117, 1332 GENVAL, Belgium",4.509087058021265,50.72299867902092
BEL,"Avenue des Combattants , 37, 1340 OTTIGNIES, Belgium",4.566568848132313,50.665057307875415
BEL,"Avenue Armand Bontemps , 2, 1340 OTTIGNIES, Belgium",4.566565600736685,50.66964599144185
BEL,"Chaussée de La Croix , 80 A, 1340 OTTIGNIES-LOUVAIN-LA-NEUVE, Belgium",4.579500325293992,50.66810391874429
BEL,"Rue de l'Invasion , 119A, 1340 OTTIGNIES-LOUVAIN-LA-NEUVE, Belgium",4.5948334245918545,50.666702003528684
BEL,"Avenue Saint-Pie X , 5, 1340 OTTIGNIES-LOUVAIN-LA-NEUVE, Belgium",4.553894868378478,50.67446356205011
BEL,"Rue des Ecoles , 8, 1341 CEROUX-MOUSTY, Belgium",4.538689090189848,50.65207038570759
BEL,"Rue des Coquerées , 4, 1341 CEROUX-MOUSTY, Belgium",4.562187085189947,50.66142932542667
BEL,"Avenue des Iris , 14, 1341 CEROUX-MOUSTY, Belgium",4.548459120350174,50.6517053538243
BEL,"Avenue de Jassans , 67, 1342 LIMELETTE, Belgium",4.558400057516252,50.685985954797815
BEL,"Cour Marie d'Oignies , 23, 1348 LOUVAIN-LA-NEUVE, Belgium",4.6188824012754806,50.6743181251348
BEL,"Boulevard du Nord , 2, 1348 LOUVAIN-LA-NEUVE, Belgium",4.613358268799885,50.67177661725867
BEL,"Rue du Collège , 2, 1348 LOUVAIN-LA-NEUVE, Belgium",4.616657637346833,50.66656986282513
BEL,"Avenue des Arts , 13, 1348 LOUVAIN-LA-NEUVE, Belgium",4.611409096401645,50.664335692213875
BEL,"Chaussée de Wavre , 59, 1350 JANDRAIN-JANDRENOUILLE, Belgium",4.9841621820741295,50.674263402202286
BEL,"Rue de Folx-les-Caves , 26, 1350 JAUCHE, Belgium",4.954706330296915,50.679064891617315
BEL,"Rue de Hannut , 48, 1350 MARILLES, Belgium",4.942491174844536,50.705256039075316
BEL,"Rue Sylvain Bawin , 40-42, 1350 ORP-LE-GRAND, Belgium",4.988785745683589,50.70386336789935
BEL,"Avenue Emile Vandervelde , 9, 1350 ORP-LE-GRAND, Belgium",4.990413656919458,50.70446511763356
BEL,"Le Brouc , 4-8, 1357 NEERHEYLISSEM, Belgium",4.991404702027113,50.75807048385097
BEL,"Rue d'Opprebais , 61, 1360 MALEVES-SAINTE-MARIE-WASTINES, Belgium",4.789530534664891,50.66295185622897
BEL,"Rue du Culot , 2, 1360 PERWEZ, Belgium",4.7847118623483595,50.63603794231827
BEL,"Rue de Brabant , 45, 1360 PERWEZ, Belgium",4.812500553583959,50.62142975191654
BEL,"Rue Lepage , 17, 1360 PERWEZ, Belgium",4.812429139768909,50.62339015334072
BEL,"Rue de Mellemont , 3, 1360 THOREMBAIS-LES-BEGUINES, Belgium",4.8175013646564935,50.65841460631154
BEL,"Rue Combattants et Dép. , 9, 1367 HUPPAYE, Belgium",4.891966779200345,50.69240586398746
BEL,"Avenue des Déportés , 50, 1367 RAMILLIES, Belgium",4.870430397248329,50.644102951293696
BEL,"Chaussée de Tirlemont , 81, 1370 JODOIGNE, Belgium",4.87699167098711,50.72956112247405
BEL,"Rue de Piétrain , 22A, 1370 JODOIGNE, Belgium",4.874171564207266,50.724632197414955
BEL,"Rue du Sergent Sortet , 21, 1370 JODOIGNE, Belgium",4.86940487514687,50.72545906096951
BEL,"Route de l'Etat , 325, 1380 LASNE, Belgium",4.462350344516185,50.65942755751351
BEL,"Rue du Vieux Monument , 5, 1380 LASNE, Belgium",4.478521334029981,50.68426725763953
BEL,"Chemin de Strins , 6, 1380 OHAIN, Belgium",4.473464388620783,50.70335258762509
BEL,"Place Communale , 2, 1380 OHAIN, Belgium",4.470943195964651,50.69726858320519
BEL,"Ruelle Quimbin , 6, 1380 OHAIN, Belgium",4.4688766377367415,50.696539944362144
BEL,"Chaussée de Louvain , 565, 1380 OHAIN, Belgium",4.4449286183551635,50.71455198373391
BEL,"Place de Plancenoit , 4, 1380 PLANCENOIT, Belgium",4.430100873134993,50.66041030894407
BEL,"Rue des Moulins , 14, 1390 ARCHENNES, Belgium",4.678893352243534,50.750709209009415
BEL,"Rue de la Sainte du Chêne , 20, 1390 GREZ-DOICEAU, Belgium",4.70239361035749,50.742132384675614
BEL,"Chaussée de Jodoigne , 7, 1390 GREZ-DOICEAU, Belgium",4.697639394876376,50.73873737861342
BEL,"Rue du Pont au Lin , 22, 1390 GREZ-DOICEAU, Belgium",4.6969240832593755,50.73902282432607
BEL,"Rue du Couvent , 10, 1390 NETHEN, Belgium",4.675085698201348,50.78610949481646
BEL,"Square des Nations-Unies , 7, 1400 NIVELLES, Belgium",4.345197130155384,50.60203583007774
BEL,"Faubourg de Namur , 17, 1400 NIVELLES, Belgium",4.3384950441953265,50.59990230044346
BEL,"Rue Saint-Jean , 2, 1400 NIVELLES, Belgium",4.324079930933237,50.59610827388062
BEL,"Rue de Sotriamont , 1, 1400 NIVELLES, Belgium",4.325487336295424,50.60240651974567
BEL,"Rue de Soignies , 26A, 1400 NIVELLES, Belgium",4.320059001548897,50.59729187422304
BEL,"Faubourg de Mons , 1, 1400 NIVELLES, Belgium",4.318841157629549,50.593521241375015
BEL,"Rue de la Religion , 1, 1400 NIVELLES, Belgium",4.3256244642313675,50.595646766291765
BEL,"Rue Clarisse , 2, 1400 NIVELLES, Belgium",4.336326542394315,50.59797234294887
BEL,"Rue de Dinant , 6, 1401 BAULERS, Belgium",4.350869918405493,50.614563045378105
BEL,"Rue Félicien Canart , 1, 1404 BORNIVAL, Belgium",4.266427859788024,50.603808895965955
BEL,"Rue Mattot , 135, 1410 WATERLOO, Belgium",4.378290476453628,50.710687884460526
BEL,"Rue du Ménil , 3, 1410 WATERLOO, Belgium",4.402364978754122,50.6962058836111
BEL,"Rue de la Station , 118, 1410 WATERLOO, Belgium",4.3901546413032975,50.7165577731638
BEL,"Rue François Libert , 1, 1410 WATERLOO, Belgium",4.396562539920896,50.71643191995727
BEL,"Rue Fond Thirion , 33, 1410 WATERLOO, Belgium",4.376248644840075,50.70910445913165
BEL,"Chaussée de Bruxelles , 104, 1410 WATERLOO, Belgium",4.3981719316906265,50.726077352057246
BEL,"Rue Sainte-Anne , 41-43, 1410 WATERLOO, Belgium",4.406325680423473,50.69704957263197
BEL,"Drève d'Argenteuil , 10B, 1410 WATERLOO, Belgium",4.41736229901079,50.71487933896245
BEL,"Rue Au Gué , 31, 1420 BRAINE-L'ALLEUD, Belgium",4.368806688286753,50.679466552417466
BEL,"Avenue Alphonse Allard , 105, 1420 BRAINE-L'ALLEUD, Belgium",4.38279164227788,50.67804527500553
BEL,"Rue Pierre Flamand , 14, 1420 BRAINE-L'ALLEUD, Belgium",4.370945128300458,50.68508811548423
BEL,"Rue des Jambes , 24, 1420 BRAINE-L'ALLEUD, Belgium",4.368923451955544,50.683239922504924
BEL,"Avenue Alphonse Allard , 203, 1420 BRAINE-L'ALLEUD, Belgium",4.385075459436081,50.675431252771716
BEL,"Rue de la Vallée Bailly , 102, 1420 BRAINE-L'ALLEUD, Belgium",4.378617622134556,50.68900017099875
BEL,"Chaussée de Mont-Saint-Jean , 83, 1420 BRAINE-L'ALLEUD, Belgium",4.38770167733901,50.68912242105657
BEL,"Rue du Cimetière , 21, 1421 OPHAIN-BOIS-SEIGNEUR-ISAAC, Belgium",4.345765842285829,50.66478418217264
BEL,"Rue du Cimetière , 51, 1421 OPHAIN-BOIS-SEIGNEUR-ISAAC, Belgium",4.342089120457928,50.6658127255113
BEL,"Rue René Francq , 7, 1428 LILLOIS-WITTERZEE, Belgium",4.362464521249052,50.643888474741885
BEL,"Rue de l'Ecole , 84, 1430 QUENAST, Belgium",4.166223380792047,50.66603325338383
BEL,"Rue de Saintes , 1, 1430 QUENAST, Belgium",4.15758490756042,50.67299102930025
BEL,"Rue du Montgras , 36, 1430 REBECQ-ROGNON, Belgium",4.132081374587528,50.666400883657104
BEL,"Rue Parmentier , 5, 1430 REBECQ-ROGNON, Belgium",4.134523609715757,50.66545682990247
BEL,"Rue des Hayeffes , 31A, 1435 MONT-SAINT-GUIBERT, Belgium",4.601410440223168,50.638038425768315
BEL,"Rue des Hayeffes , 31, 1435 MONT-SAINT-GUIBERT, Belgium",4.600859593879818,50.639137737750616
BEL,"Rue de la Libération , 25, 1440 BRAINE-LE-CHATEAU, Belgium",4.269737649770288,50.68219677278276
BEL,"Rue de la Libération , 4, 1440 BRAINE-LE-CHATEAU, Belgium",4.26824572694872,50.68235399233288
BEL,"Chaussée de Tubize , 159, 1440 WAUTHIER-BRAINE, Belgium",4.3200845036177125,50.6901859891727
BEL,"Rue des Combattants , 20, 1450 CHASTRE-VILLEROUX-BLANMONT, Belgium",4.6415998342640705,50.62218097998863
BEL,"Rue du Tilleul , 45, 1450 CORTIL-NOIRMONT, Belgium",4.646247790236995,50.577039070155934
BEL,"Place de Gentinnes , 14, 1450 GENTINNES, Belgium",4.6006532314236495,50.58276319437789
BEL,"Rue des Maïeurs , 4, 1450 GENTINNES, Belgium",4.599553441908,50.580602716924915
BEL,"Rue du Warichet , 1, 1457 NIL-SAINT-VINCENT-SAINT-MARTIN, Belgium",4.663285829435694,50.63675819925814
BEL,"Place Communale , 2, 1457 WALHAIN-SAINT-PAUL, Belgium",4.6946131925539305,50.61775789159245
BEL,"Rue Jean Jolly , 2, 1460 ITTRE, Belgium",4.270341652273982,50.64905401158335
BEL,"Rue de la Montagne , 4, 1460 ITTRE, Belgium",4.265224218492023,50.65117934749051
BEL,"Rue de la Libération , 15, 1460 VIRGINAL-SAMME, Belgium",4.207716651357572,50.64105149388362
BEL,"Rue du Centre , 13, 1460 VIRGINAL-SAMME, Belgium",4.211199740600924,50.64104824548655
BEL,"Rue Godefroid de Bouillon , 2, 1470 BAISY-THY, Belgium",4.472130492549439,50.59622641680588
BEL,"Avenue des Combattants , 62, 1470 BOUSVAL, Belgium",4.5075749224299155,50.615880484834264
BEL,"Avenue des Combattants , 49, 1470 BOUSVAL, Belgium",4.510502908774026,50.616672300970805
BEL,"Rue de Bruxelles , 91, 1470 GENAPPE, Belgium",4.450474899847594,50.613462077812876
BEL,"Rue des Ecoles , 8, 1476 HOUTAIN-LE-VAL, Belgium",4.414808752208387,50.5806164213366
BEL,"Square René Larcier , 7, 1480 CLABECQ, Belgium",4.225568596378707,50.68763421414775
BEL,"Place des Grées du Lou , 1, 1480 OISQUERCQ, Belgium",4.219521723789882,50.66970590998869
BEL,"Rue de Rebecq , 77, 1480 SAINTES, Belgium",4.1528294490769015,50.69913808457352
BEL,"Rue des Poissonniers , 23, 1480 TUBIZE, Belgium",4.205146191001823,50.693535065346204
BEL,"Rue Francisco Ferrer , 15, 1480 TUBIZE, Belgium",4.20181336077016,50.69053732822209
BEL,"Rue de Stimbert , 8, 1480 TUBIZE, Belgium",4.188772125257543,50.67461485540244
BEL,"Avenue Gabrielle Petit , 25, 1480 TUBIZE, Belgium",4.210338881835605,50.69044107636873
BEL,"Grand-Place , 31, 1480 TUBIZE, Belgium",4.20546085724661,50.69360783237675
BEL,"Rue de l'Arbre de Justice , 4, 1490 COURT-SAINT-ETIENNE, Belgium",4.561202630661995,50.6206882468521
BEL,"Rue Notre-Dame , 4, 1490 COURT-SAINT-ETIENNE, Belgium",4.531733367839706,50.60723805828357
BEL,"Chaussée de Bruxelles , 35A, 1490 COURT-SAINT-ETIENNE, Belgium",4.557407027551666,50.6524783711134
BEL,"Place de la gare , 5, 1490 COURT-SAINT-ETIENNE, Belgium",4.566027731369214,50.64587445983054
BEL,"Avenue des Prisonniers de Guer, 42, 1490 COURT-SAINT-ETIENNE, Belgium",4.563048912474443,50.64450014412611
BEL,"Rue de la Quenique , 18, 1490 COURT-SAINT-ETIENNE, Belgium",4.572540333448855,50.64736696674984
BEL,"Rue du Berceau , 18, 1495 MARBAIS, Belgium",4.533058714369815,50.546964966015395
BEL,"Rue du Try , 9, 1495 SART-DAMES-AVELINES, Belgium",4.495613986857052,50.56146720916101
BEL,"Rue Jules Tarlier , 34, 1495 VILLERS-LA-VILLE, Belgium",4.529080576772607,50.57888529485177
BEL,"Rue Emile Vandervelde , 203, 4000 GLAIN, Belgium",5.538682660804454,50.644648084717176
BEL,"Rue des Rivageois , 17, 4000 LIEGE, Belgium",5.574796258273892,50.62335193186223
BEL,"Rue des Vignerons , 1-3, 4000 LIEGE, Belgium",5.604646981509717,50.65476223391238
BEL,"Rue du Laveu , 52, 4000 LIEGE, Belgium",5.555686608681299,50.630911905612294
BEL,"Boulevard Ernest Solvay , 246, 4000 LIEGE, Belgium",5.597171581162684,50.66076183256729
BEL,"Boulevard Gustave Kleyer , 36, 4000 LIEGE, Belgium",5.564803437127182,50.6207903803423
BEL,"Rue Agimont , 26, 4000 LIEGE, Belgium",5.566435058399293,50.646321783143236
BEL,"Rue du Laveu , 56, 4000 LIEGE, Belgium",5.554802401715335,50.630415571215764
BEL,"Rue de Harlez , 35, 4000 LIEGE, Belgium",5.57433533741829,50.62177211075172
BEL,"Boulevard Léon Philippet , 7, 4000 LIEGE, Belgium",5.562239832040973,50.65290568426852
BEL,"Rue du Perron , 126, 4000 LIEGE, Belgium",5.555957008877755,50.61688709567156
BEL,"Rue Longue , 46, 4000 LIEGE, Belgium",5.5503293990857685,50.654359106279145
BEL,"Rue Saint-Gilles , 572, 4000 LIEGE, Belgium",5.547837878366863,50.633334694725164
BEL,"Rue Bonne Nouvelle , 16, 4000 LIEGE, Belgium",5.596558444945401,50.65281817719938
BEL,"Rue Hors-Château , 69, 4000 LIEGE, Belgium",5.581735300636723,50.64816831641281
BEL,"Boulevard d'Avroy , 96, 4000 LIEGE, Belgium",5.567346590369624,50.63624497532669
BEL,"Rue Xhovémont , 145, 4000 LIEGE, Belgium",5.558449703063104,50.65272149194624
BEL,"Place Ferrer , 11, 4000 LIEGE, Belgium",5.553345459305376,50.61112738708553
BEL,"Rue Saint-Léonard , 351, 4000 LIEGE, Belgium",5.59819786138749,50.65217901517272
BEL,"Rue des Wallons , 63, 4000 LIEGE, Belgium",5.556285747120285,50.62948191102103
BEL,"Place Saint-Christophe , 4, 4000 LIEGE, Belgium",5.5658556174327884,50.64008422225717
BEL,"Place Xavier Neujean , 35, 4000 LIEGE, Belgium",5.567276266201986,50.642575868704625
BEL,"Rue des Charmilles , 60, 4000 LIEGE, Belgium",5.556462158876238,50.619747054170944
BEL,"Rue du Haut Pavé , 67, 4000 LIEGE, Belgium",5.596040946243363,50.66464801815556
BEL,"Rue des Hirondelles , 73, 4000 LIEGE, Belgium",5.567784544810564,50.617732913520996
BEL,"Cour Saint-Gilles , 27-29, 4000 LIEGE, Belgium",5.547630783384924,50.631740455703635
BEL,"Rue de Campine , 465, 4000 LIEGE, Belgium",5.571208636076761,50.65552481946327
BEL,"Rue du Général Bertrand , 3, 4000 LIEGE, Belgium",5.55870535110995,50.645517371895494
BEL,"Rue de la Sauvenière , 131, 4000 LIEGE, Belgium",5.567927959173886,50.64123518329171
BEL,"Rue Rouveroy , 1, 4000 LIEGE, Belgium",5.5720410428810965,50.636688168457084
BEL,"Rue Rennequin Sualem , 25, 4000 LIEGE, Belgium",5.563873129693718,50.63142282452034
BEL,"Place Sainte-Véronique , 20b, 4000 LIEGE, Belgium",5.564628590626938,50.63183039456226
BEL,"Place Vieille-Montagne , 13, 4000 LIEGE, Belgium",5.591784699629898,50.650388137740265
BEL,"Boulevard Jean-Théodore Radou, 63, 4000 LIEGE, Belgium",5.555765147114073,50.65344438918561
BEL,"Rue du Limbourg , 110, 4000 LIEGE, Belgium",5.569325138614204,50.657006865673225
BEL,"Rue des Bénédictines , 12, 4000 LIEGE, Belgium",5.566770166888261,50.63859836228127
BEL,"Boulevard d'Avroy , 54, 4000 LIEGE, Belgium",5.5673748373833405,50.63819502510046
BEL,"Rue de Fexhe , 3, 4000 LIEGE, Belgium",5.557591876927708,50.64642761145156
BEL,"Rue du Jardin Botanique , 25, 4000 LIEGE, Belgium",5.5656973671008245,50.63444198604415
BEL,"Rue Saint-Thomas , 7, 4000 LIEGE, Belgium",5.583698593817502,50.647814222913155
BEL,"Vieille Voie de Tongres , 25, 4000 LIEGE, Belgium",5.570481003062099,50.65762674932259
BEL,"Rue François Lefèbvre , 66, 4000 ROCOURT, Belgium",5.547915159514133,50.67907130377324
BEL,"Rue de Porto , 76, 4020 BRESSOUX, Belgium",5.59563467539644,50.64298406738928
BEL,"Rue Général de Gaulle , 89, 4020 BRESSOUX, Belgium",5.595713130010154,50.64272439602888
BEL,"Avenue Brigade Piron , 1, 4020 BRESSOUX, Belgium",5.603184087948506,50.63829460211019
BEL,"Rue Tanixhe , 27, 4020 BRESSOUX, Belgium",5.595221699026979,50.639934395737924
BEL,"Place des Combattants , 1, 4020 JUPILLE-SUR-MEUSE, Belgium",5.633113852531238,50.64451661456587
BEL,"Large Voie , 73, 4020 JUPILLE-SUR-MEUSE, Belgium",5.627708363173383,50.63298747438611
BEL,"Rue Charlemagne , 84, 4020 JUPILLE-SUR-MEUSE, Belgium",5.630014811470176,50.64472440194558
BEL,"Rue Charlemagne , 80, 4020 JUPILLE-SUR-MEUSE, Belgium",5.63058251777224,50.645039435776425
BEL,"Rue de la Loi , 48, 4020 LIEGE, Belgium",5.58560514151381,50.641405796930854
BEL,"Quai Mativa , 45, 4020 LIEGE, Belgium",5.580265282457816,50.62494453537508
BEL,"Rue Richard Heintz , 16, 4020 LIEGE, Belgium",5.582450276977596,50.62869254528948
BEL,"Rue des Prébendiers , 13, 4020 LIEGE, Belgium",5.5883481193279465,50.63498337317026
BEL,"Rue de Visé , 693, 4020 LIEGE, Belgium",5.660148340119122,50.67035085552854
BEL,"Rue de la Liberté , 25, 4020 LIEGE, Belgium",5.586365380131809,50.64023836545658
BEL,"Rue Basse-Wez , 54, 4020 LIEGE, Belgium",5.587107765296054,50.6358118404801
BEL,"Place de la Libération , 3, 4020 LIEGE, Belgium",5.605540827664328,50.64693898458356
BEL,"Rue des Croix-de-Guerre , 2, 4020 LIEGE, Belgium",5.582245423263998,50.62687878526137
BEL,"Rue de Rabosée , 10, 4020 WANDRE, Belgium",5.670702992313213,50.66513487289964
BEL,"Rue du Pont de Wandre , 159, 4020 WANDRE, Belgium",5.653990323494185,50.671354714162334
BEL,"Rue de Herve , 320, 4030 GRIVEGNEE, Belgium",5.625913378608374,50.62857674929714
BEL,"Avenue de Péville , 232, 4030 GRIVEGNEE, Belgium",5.600875795633016,50.62939683470381
BEL,"Rue de la Haminde , 33, 4030 GRIVEGNEE, Belgium",5.600621823966804,50.62232141877632
BEL,"Rue René Demoitelle , 19, 4030 GRIVEGNEE, Belgium",5.612981443113171,50.624385630071345
BEL,"Rue du Beau Mur , 9, 4030 GRIVEGNEE, Belgium",5.589395019034583,50.62810468051029
BEL,"Rue de Herve , 667, 4030 GRIVEGNEE, Belgium",5.632823000491044,50.62702219962469
BEL,"Rue Belvaux , 26, 4030 GRIVEGNEE, Belgium",5.60270481072493,50.61935074656239
BEL,"Rue des Fortifications , 24, 4030 GRIVEGNEE, Belgium",5.6025724604737945,50.63223968289432
BEL,"Rue Belleflamme , 141, 4030 GRIVEGNEE, Belgium",5.606792413446499,50.6249200183083
BEL,"Rue Vaudrée , 102, 4031 ANGLEUR, Belgium",5.594492247524545,50.61262290945741
BEL,"Rue Françoise Bernheim , 4, 4031 ANGLEUR, Belgium",5.570364746065053,50.591958100251844
BEL,"Rue du Sart-Tilman , 376b, 4031 ANGLEUR, Belgium",5.570067188502321,50.58902384740722
BEL,"Rue du Sart-Tilman , 390, 4031 ANGLEUR, Belgium",5.568065841481115,50.588666443055814
BEL,"Rue de la Vaussale , 8, 4031 ANGLEUR, Belgium",5.599360347538891,50.611721496382586
BEL,"Rue des Grands Prés , 202, 4032 CHENEE, Belgium",5.62121347785984,50.605007298572446
BEL,"Parc Sauveur , 5, 4032 CHENEE, Belgium",5.617392252021176,50.61210144805355
BEL,"Rue Fraîche , 14, 4032 CHENEE, Belgium",5.616840722792233,50.61921835440174
BEL,"Rue Large , 59, 4032 CHENEE, Belgium",5.612054823717131,50.61495334869946
BEL,"Rue Hippolyte Cornet , 11, 4032 CHENEE, Belgium",5.6197642468007984,50.61247863369644
BEL,"Rue Soeur Lutgardis , 3, 4032 LIEGE, Belgium",5.61857644730182,50.61314994032176
BEL,"Rue Emile Muraille , 154-156, 4040 HERSTAL, Belgium",5.617637285982456,50.674367790902856
BEL,"Rue Richard Heintz , 48, 4040 HERSTAL, Belgium",5.63532675878858,50.66598539271672
BEL,"Rue Faurieux , 2, 4040 HERSTAL, Belgium",5.62933239485139,50.665155188678135
BEL,"Place Jacques Brel , 1, 4040 HERSTAL, Belgium",5.611089144652283,50.666941306864345
BEL,"Rue En Bois , 281, 4040 HERSTAL, Belgium",5.635005480439872,50.68336183237068
BEL,"Rue de la Clawenne , 42-44, 4040 HERSTAL, Belgium",5.638084233790723,50.674543046897305
BEL,"Rue de Hermée , 13, 4040 HERSTAL, Belgium",5.634412996557692,50.68562934890847
BEL,"Rue Basse Préalle , 115, 4040 HERSTAL, Belgium",5.612352381279862,50.66591775075807
BEL,"Rue Elisa Dumonceau , 75, 4040 HERSTAL, Belgium",5.630543290465397,50.66333298136635
BEL,"Rue Saint-Lambert , 39, 4040 HERSTAL, Belgium",5.624067683529148,50.65884899844363
BEL,"Rue de l'Emancipation , 2, 4041 VOTTEM, Belgium",5.574815201375088,50.67120371417664
BEL,"Rue Ferdinand Nicolay , 27, 4041 VOTTEM, Belgium",5.588420189391932,50.66919895845887
BEL,"Rue Emile Lerousseau , 48, 4042 LIERS, Belgium",5.567434097438792,50.69521099361367
BEL,"Route de Beaufays , 22, 4050 CHAUDFONTAINE, Belgium",5.638513139280718,50.57920729768426
BEL,"Rue de la Station , 4, 4051 VAUX-SOUS-CHEVREMONT, Belgium",5.630783599629439,50.60319182025418
BEL,"Source aux Papillons , 1, 4052 BEAUFAYS, Belgium",5.638326977211193,50.563625842595286
BEL,"Voie du Facteur , 1, 4052 BEAUFAYS, Belgium",5.636308112012358,50.563959945255874
BEL,"Au Passou , 40, 4053 EMBOURG, Belgium",5.61807940044352,50.59960147393849
BEL,"Avenue du Centenaire , 6, 4053 EMBOURG, Belgium",5.608668618653269,50.592782250881555
BEL,"Rue de Sélys , 51, 4053 EMBOURG, Belgium",5.600674424661875,50.59544556297736
BEL,"Rue des Coquelicots , 12, 4053 EMBOURG, Belgium",5.62179467902601,50.59947930769971
BEL,"Rue de l'Eglise , 25, 4100 BONCELLES, Belgium",5.535476889952411,50.573819787598865
BEL,"Rue de Fraigneux , 14A, 4100 BONCELLES, Belgium",5.534272939591155,50.572301557291624
BEL,"Rue de la Province , 101, 4100 SERAING, Belgium",5.504742071733233,50.61082019033415
BEL,"Rue des Taillis , 4, 4100 SERAING, Belgium",5.519482654295615,50.59344601379402
BEL,"Rue Camille Lemonnier , 15, 4100 SERAING, Belgium",5.508485345872344,50.585899534908066
BEL,"Rue des Bas-Sarts , 6, 4100 SERAING, Belgium",5.486254386541038,50.597750485883154
BEL,"Rue des Ecoliers , 51, 4100 SERAING, Belgium",5.509848913880916,50.59681143173799
BEL,"Rue des Bouleaux , 39, 4100 SERAING, Belgium",5.4899763770988566,50.58278862122444
BEL,"Rue Paquay , 51, 4100 SERAING, Belgium",5.521993034296656,50.60122060617488
BEL,"Rue Beaujean , 41, 4100 SERAING, Belgium",5.5147893752505865,50.60191567549572
BEL,"Rue de l'Industrie , 127, 4100 SERAING, Belgium",5.506504818470073,50.611265261908514
BEL,"Rue Deleval , 9, 4100 SERAING, Belgium",5.494462924774012,50.59185286545747
BEL,"Rue Morchamps , 52, 4100 SERAING, Belgium",5.514967593071742,50.6034643842835
BEL,"Rue de la Basse-Marihaye , 350, 4100 SERAING, Belgium",5.492254229257596,50.59562081839084
BEL,"Rue de la Jeunesse , 56, 4100 SERAING, Belgium",5.5044549874353,50.58891375949917
BEL,"Rue du Pairay , 33, 4100 SERAING, Belgium",5.5119717146791345,50.59760867645852
BEL,"Rue de la Colline , 283, 4100 SERAING, Belgium",5.506291215078107,50.588253550505385
BEL,"Rue de la Fontaine , 244, 4100 SERAING, Belgium",5.521645950517213,50.59720430865904
BEL,"Rue des Nations-Unies , 1, 4100 SERAING, Belgium",5.503437973001049,50.57553200110652
BEL,"Rue Léon Blum , 42, 4101 JEMEPPE-SUR-MEUSE, Belgium",5.490623258748371,50.61896262253586
BEL,"Rue du Parc , 1, 4101 JEMEPPE-SUR-MEUSE, Belgium",5.473204406664337,50.62845806154817
BEL,"Avenue de Douai , 1, 4101 JEMEPPE-SUR-MEUSE, Belgium",5.481397800837357,50.619122591157975
BEL,"Rue Waleffe , 76, 4101 JEMEPPE-SUR-MEUSE, Belgium",5.515555395890386,50.624272286220574
BEL,"Rue Joseph Wettinck , 44-46, 4101 JEMEPPE-SUR-MEUSE, Belgium",5.502077883808909,50.61547411634376
BEL,"Rue Arnold de Lexhy , 38, 4101 JEMEPPE-SUR-MEUSE, Belgium",5.500851359917249,50.61684518615567
BEL,"Boulevard des Arts , 195, 4102 OUGREE, Belgium",5.541157836812147,50.5881907700506
BEL,"Rue de l'Enseignement , 166, 4102 OUGREE, Belgium",5.538097603962797,50.59986005565145
BEL,"Avenue du Centenaire , 27, 4102 OUGREE, Belgium",5.539674072312039,50.594240408667474
BEL,"Rue Franklin Roosevelt , 129, 4102 OUGREE, Belgium",5.53774355237266,50.601981850621286
BEL,"Rue Duchêne , 4, 4120 ROTHEUX-RIMIERE, Belgium",5.48287301579623,50.53469402740461
BEL,"Rue Maflot , 30, 4120 ROTHEUX-RIMIERE, Belgium",5.478550384509646,50.53235610506141
BEL,"Avenue Ry Chèra , 14, 4121 NEUVILLE-EN-CONDROZ, Belgium",5.489126959981042,50.54957899423193
BEL,"Rue du Centre , 48, 4122 PLAINEVAUX, Belgium",5.521241596676987,50.54310023809927
BEL,"Rue de l'Athénée , 8, 4130 ESNEUX, Belgium",5.561860910250785,50.53405713496838
BEL,"Chemin de la Haze , 16, 4130 ESNEUX, Belgium",5.590099769453559,50.52565183980653
BEL,"Rue Simonis , 7, 4130 ESNEUX, Belgium",5.569740964830743,50.53643377522772
BEL,"Place du Souvenir , 29, 4130 TILFF, Belgium",5.583989948771887,50.566263878981715
BEL,"Avenue Laboulle , 146, 4130 TILFF, Belgium",5.577494309087058,50.56545942582443
BEL,"Rue d'Esneux , 28, 4140 DOLEMBREUX, Belgium",5.628391153006078,50.535402926865686
BEL,"Rue Jean Doinet , 26, 4140 DOLEMBREUX, Belgium",5.623096975322397,50.53556272784974
BEL,"Rue de l'Enseignement , 5, 4140 SPRIMONT, Belgium",5.630207846700301,50.512362835236075
BEL,"Place Joseph Wauters , 15, 4140 SPRIMONT, Belgium",5.659883807254914,50.50390360900383
BEL,"Rue de l'Hôtel de Ville , 12B, 4140 SPRIMONT, Belgium",5.661418952821492,50.50246439431908
BEL,"Rue du Pérréon , 83B, 4141 LOUVEIGNE, Belgium",5.71362144579814,50.5305054227498
BEL,"Rue de l'Esplanade , 12, 4141 LOUVEIGNE, Belgium",5.740685018590028,50.536403307009664
BEL,"Rue Christian Fagnant , 1, 4160 ANTHISNES, Belgium",5.521510991045034,50.481503014676974
BEL,"Rue du Centre , 22, 4160 ANTHISNES, Belgium",5.519502435587128,50.48046072501711
BEL,"Rue des Grottes , 19, 4170 COMBLAIN-AU-PONT, Belgium",5.57302214464778,50.47602682396584
BEL,"Rue des Grottes , 29, 4170 COMBLAIN-AU-PONT, Belgium",5.572576143579823,50.4768302293852
BEL,"Rue des Ecoles , 7, 4171 POULSEUR, Belgium",5.579461625581359,50.5092843717473
BEL,"Rue des Ecoles , 9, 4180 COMBLAIN-LA-TOUR, Belgium",5.570484523461431,50.45400467256735
BEL,"Raidillon du Thier , 2, 4180 HAMOIR, Belgium",5.531155547723045,50.42793567011421
BEL,"Pré du Fa , 7, 4190 FERRIERES, Belgium",5.608386986706591,50.39839300811215
BEL,"Rue de Lognoul , 8A, 4190 FERRIERES, Belgium",5.608206156149191,50.40089983140388
BEL,"Bruyère Fagnette , 8, 4190 WERBOMONT, Belgium",5.676982952995343,50.392272283452385
BEL,"Rue Lambert Daxhelet , 2, 4210 MARNEFFE, Belgium",5.143238299127319,50.57956201982665
BEL,"Chaussée de Wavre , 78, 4217 HERON, Belgium",5.05969651090921,50.550589863845374
BEL,"Place Communale , 1, 4218 COUTHUIN, Belgium",5.139805406862791,50.52905061772515
BEL,"Rue de Surlemez , 3, 4218 COUTHUIN, Belgium",5.11498483136063,50.518717365580954
BEL,"Rue du Berlicot , 3, 4219 MEEFFE, Belgium",5.0196938240061115,50.605334108977274
BEL,"Rue du Moulin , 61, 4219 WASSEIGES, Belgium",4.999331163707808,50.624342127993856
BEL,"Rue du Centre , 14, 4250 HOLLOGNE-SUR-GEER, Belgium",5.2116054212573495,50.674834308986135
BEL,"Rue des Ecoles , 7, 4257 BERLOZ, Belgium",5.213118812634207,50.69987514554518
BEL,"Place du Carcan , 2, 4260 BRAIVES, Belgium",5.149226737761165,50.626447145688005
BEL,"Place du Carcan , 13, 4260 BRAIVES, Belgium",5.149166845106359,50.626594580512865
BEL,"Rue des Ecoles , 7, 4260 CIPLET, Belgium",5.089794603513918,50.61703766697362
BEL,"Rue de Dreye , 13, 4260 FALLAIS, Belgium",5.176433485549154,50.606142585448055
BEL,"Rue Mayeur Jules Debras , 3A, 4280 GRAND-HALLET, Belgium",5.03748880934336,50.694088512852865
BEL,"Rue des Aisnes , 2, 4280 HANNUT, Belgium",5.076545031318044,50.675570480580824
BEL,"Rue de l'Aite , 1, 4280 HANNUT, Belgium",5.077405388074856,50.67107823610275
BEL,"Rue de Crehen , 1, 4280 HANNUT, Belgium",5.072249195106451,50.668439194871326
BEL,"Rue des Bourgmestres , 5, 4280 LENS-SAINT-REMY, Belgium",5.129293159176257,50.65545621358578
BEL,"Rue du Chiroux , 18, 4280 THISNES, Belgium",5.045869250337546,50.668937247558006
BEL,"Rue de Grand'Hallet , 2, 4287 LINCENT, Belgium",5.033406198505958,50.71436707894986
BEL,"Rue Mulhoff , 70B, 4300 WAREMME, Belgium",5.232280430026492,50.71228409219174
BEL,"Rue du Fond d'Or , 16, 4300 WAREMME, Belgium",5.26100202708551,50.69661332792444
BEL,"Avenue du Prince Régent , 1, 4300 WAREMME, Belgium",5.2458886174698875,50.692502800697696
BEL,"Avenue Guillaume Joachim , 54, 4300 WAREMME, Belgium",5.255228506397488,50.69595530050739
BEL,"Avenue du Prince Régent , 30, 4300 WAREMME, Belgium",5.244239226563025,50.69020842234147
BEL,"Rue Adolphe Braas , 15, 4317 FAIMES, Belgium",5.252272242200597,50.657257962105014
BEL,"Rue Noël Heine , 3, 4340 AWANS, Belgium",5.4632864359129485,50.6674033592769
BEL,"Rue Clément Warnant , 22-24, 4340 AWANS, Belgium",5.465105979454279,50.66380031437791
BEL,"Rue de la Station , 11, 4347 FEXHE-LE-HAUT-CLOCHER, Belgium",5.398856204845372,50.66241984273738
BEL,"Rue Joseph Désir , 2, 4350 MOMALLE, Belgium",5.370170467914604,50.6750871745932
BEL,"Rue Caquin , 4, 4357 HANEFFE, Belgium",5.323261714225282,50.63938730891766
BEL,"Rue du Général Lens , 14 A, 4360 LENS-SUR-GEER, Belgium",5.350472724694043,50.72109720237603
BEL,"Rue de la Cité , 20, 4360 OREYE, Belgium",5.354418505613893,50.73308026452227
BEL,"Rue Jean Stassart , 15, 4367 FIZE-LE-MARSAL, Belgium",5.392247962482401,50.70820336263077
BEL,"Rue Michel Massonet , 13, 4367 FIZE-LE-MARSAL, Belgium",5.387226615747068,50.70332861538199
BEL,"Rue de la Résistance , 10, 4400 FLEMALLE, Belgium",5.423627544857396,50.61679950478339
BEL,"Rue de la Résistance , 15, 4400 FLEMALLE, Belgium",5.424237495951473,50.6172177198423
BEL,"Rue de Mons-lez-Liège , 262, 4400 FLEMALLE, Belgium",5.452726498448884,50.6198707431445
BEL,"Rue des Priesses , 9, 4400 FLEMALLE, Belgium",5.472611219376603,50.61527395649594
BEL,"Rue des Awirs , 222, 4400 FLEMALLE, Belgium",5.407156937479584,50.59968273648977
BEL,"Rue de Mons-Lez-Liège , 260, 4400 FLEMALLE, Belgium",5.452726498448884,50.6198707431445
BEL,"Xhorré , 1, 4400 FLEMALLE-GRANDE, Belgium",5.478774265143443,50.60568137122581
BEL,"Rue des Hospitaliers , 7, 4400 FLEMALLE-GRANDE, Belgium",5.480600252738269,50.60628702448882
BEL,"Rue Houlbouse , 81, 4400 FLEMALLE-HAUTE, Belgium",5.444280638100707,50.59923342457006
BEL,"Thier des Trixhes , 99, 4400 FLEMALLE-HAUTE, Belgium",5.4615955545853865,50.59960897574183
BEL,"Rue Edgard Doneux , 37, 4400 FLEMALLE-HAUTE, Belgium",5.466501733971057,50.59955516392344
BEL,"Chaussée d'Ivoz , 65, 4400 IVOZ-RAMET, Belgium",5.4677284255007805,50.58951858924215
BEL,"Rue des Botresses , 12, 4420 MONTEGNEE, Belgium",5.51929595834455,50.64125660074483
BEL,"Rue Emile Jeanne , 27, 4420 MONTEGNEE, Belgium",5.5195268269253575,50.63395524892675
BEL,"Rue de l'Espérance , 15, 4420 MONTEGNEE, Belgium",5.528201992407343,50.644887078227946
BEL,"Rue Thierbise , 64, 4420 MONTEGNEE, Belgium",5.514007595141408,50.64114423964227
BEL,"Rue Tout va Bien , 120, 4420 SAINT-NICOLAS, Belgium",5.539476594673232,50.62934302288542
BEL,"Rue de la Coopération , 70, 4420 SAINT-NICOLAS, Belgium",5.535904806480577,50.63877705206835
BEL,"Rue Francisco Ferrer , 2, 4420 SAINT-NICOLAS, Belgium",5.533265527040402,50.63469572776079
BEL,"Rue Chiff d'Or , 9, 4420 TILLEUR, Belgium",5.533399595803171,50.62035476415865
BEL,"Quai du Halage , 55, 4420 TILLEUR, Belgium",5.52253851158413,50.61815019334263
BEL,"Place Francisco Ferrer , 15, 4420 TILLEUR, Belgium",5.532647019965879,50.6348900825879
BEL,"Place Nicolaï , 2, 4430 ANS, Belgium",5.540845778556928,50.65279278003274
BEL,"Avenue Henri Lonay , 208C, 4430 ANS, Belgium",5.549390744500931,50.658168083055116
BEL,"Rue des Ecoles , 9, 4430 ANS, Belgium",5.519874759726179,50.66000838329086
BEL,"Rue de l'Yser , 295, 4430 ANS, Belgium",5.517637797406707,50.66124802486098
BEL,"Rue Président Wilson , 5, 4430 ANS, Belgium",5.538817777083636,50.652445475874686
BEL,"Rue Monfort , 70, 4430 ANS, Belgium",5.5233567699433195,50.66150585220265
BEL,"Rue de Jemeppe , 66, 4431 LONCIN, Belgium",5.501548523081957,50.66428482655335
BEL,"Rue de Jemeppe , 27, 4431 LONCIN, Belgium",5.503917208641724,50.6653450153141
BEL,"Rue Reine Astrid , 20, 4432 ALLEUR, Belgium",5.512339847866599,50.67337089715218
BEL,"Rue de la Vallée , 60, 4432 ALLEUR, Belgium",5.510756277146684,50.67555338576183
BEL,"Rue Lambert Dewonck , 203, 4432 ALLEUR, Belgium",5.513446426723817,50.66469445389913
BEL,"Rue du Paradis , 33, 4432 XHENDREMAEL, Belgium",5.484069322799976,50.70315330923581
BEL,"Rue du Tige , 142, 4450 JUPRELLE, Belgium",5.523701503579305,50.70873954212076
BEL,"Rue de Flot , 18, 4450 LANTIN, Belgium",5.523741673234146,50.69018085018716
BEL,"Rue de la Mer , 7C, 4450 SLINS, Belgium",5.56581501555709,50.72745942092142
BEL,"Rue des Oeillets , 15, 4451 VOROUX-LEZ-LIERS, Belgium",5.553402134253168,50.687379625618455
BEL,"Rue du Pairoux , 2, 4451 VOROUX-LEZ-LIERS, Belgium",5.553074726300621,50.6850603966109
BEL,"Rue Paul Janson , 187, 4460 GRACE-BERLEUR, Belgium",5.5025232143246114,50.63214018970362
BEL,"Rue Ernest Renan , 30, 4460 GRACE-BERLEUR, Belgium",5.5058281149276525,50.638913605659695
BEL,"Avenue de la Gare , 207, 4460 GRACE-HOLLOGNE, Belgium",5.447667381949459,50.65356678471341
BEL,"Rue Antoine Degive , 3, 4460 HOLLOGNE-AUX-PIERRES, Belgium",5.475474980415527,50.63305999880335
BEL,"Rue des Champs , 75, 4460 HOLLOGNE-AUX-PIERRES, Belgium",5.484820299541951,50.64667751111401
BEL,"Rue Michel Body , 10, 4460 HOLLOGNE-AUX-PIERRES, Belgium",5.475453690381471,50.63122945401409
BEL,"Rue du Onze Novembre , 22, 4460 HORION-HOZEMONT, Belgium",5.3997835448942055,50.62489705189358
BEL,"Rue Eloi Fouarge , 31, 4470 SAINT-GEORGES-SUR-MEUSE, Belgium",5.360964017622621,50.58797736679574
BEL,"Rue Solovaz , 15B, 4470 SAINT-GEORGES-SUR-MEUSE, Belgium",5.362622209527814,50.60089794481215
BEL,"Rue des Prés , 1, 4480 ENGIS, Belgium",5.39854499297148,50.59078000280577
BEL,"Rue du Pont , 8, 4480 HERMALLE-SOUS-HUY, Belgium",5.361449162178417,50.559038385077855
BEL,"Avenue de Beaufort , 2, 4500 BEN-AHIN, Belgium",5.16856421957192,50.51076143072487
BEL,"Chaussée d'Andenne , 97, 4500 BEN-AHIN, Belgium",5.149534617154643,50.50621349388092
BEL,"Rue Entre-Deux-Portes , 142, 4500 HUY, Belgium",5.231167371747077,50.52474277953582
BEL,"Avenue de la Croix-Rouge , 10, 4500 HUY, Belgium",5.249051360995054,50.52875293443387
BEL,"Rue Axhelière , 24 A, 4500 HUY, Belgium",5.232102791635754,50.52221910245646
BEL,"Rue Grégoire Bodart , 1A, 4500 HUY, Belgium",5.241720390385753,50.520688815306464
BEL,"Avenue du Hoyoux , 7, 4500 HUY, Belgium",5.238771235807166,50.513985319729805
BEL,"Rue Sous-les-Roches , 5, 4500 HUY, Belgium",5.223818347684363,50.53364818483607
BEL,"Rue des Soeurs Grises , 10, 4500 HUY, Belgium",5.241391223502063,50.51676911791637
BEL,"Rue du Centre , 18, 4500 TIHANGE, Belgium",5.2588425135514,50.52710241197008
BEL,"Thier de Messe , 4, 4520 ANTHEIT, Belgium",5.235707655322812,50.55090168809861
BEL,"Rue de la Résistance , 3, 4520 ANTHEIT, Belgium",5.23639071400336,50.54671395522383
BEL,"Rue Pierre Jacques , 1, 4520 MOHA, Belgium",5.183720628350841,50.550356242130675
BEL,"Rue Mottart Laloi , 4, 4520 VINALMONT, Belgium",5.231920511104136,50.56324224479647
BEL,"Rue Charles Bormans , 24, 4520 WANZE, Belgium",5.185902102471289,50.523272971866305
BEL,"Rue Robert Delaude , 2, 4520 WANZE, Belgium",5.2127173228429395,50.53565025631915
BEL,"Rue de Waremme , 5, 4530 VILLERS-LE-BOUILLET, Belgium",5.269847198049462,50.56723559301685
BEL,"Rue Neuve , 8, 4530 VILLERS-LE-BOUILLET, Belgium",5.267165911042667,50.565572036693595
BEL,"Vinâve des Stréats , 32, 4537 VERLAINE, Belgium",5.321909964700183,50.60497196885058
BEL,"Rue des Ecoles , 5, 4540 AMAY, Belgium",5.309478688758973,50.55500694364052
BEL,"Rue de l'Hôpital , 1, 4540 AMAY, Belgium",5.315429831536221,50.545735298910046
BEL,"Rue du Tambour , 27, 4540 AMAY, Belgium",5.314840583742978,50.57382464901258
BEL,"Chaussée Romaine , 2, 4540 AMAY, Belgium",5.336203959461386,50.55800108265038
BEL,"Rue de la Cloche , 41A, 4540 AMAY, Belgium",5.325681823379631,50.54718721925483
BEL,"Rue Vinâve , 11C, 4540 AMPSIN, Belgium",5.29076459695879,50.540590163143186
BEL,"Rue de la Rolée , 4, 4550 NANDRIN, Belgium",5.422174290484833,50.50480763917082
BEL,"Rue Joseph Pierco , 2, 4550 VILLERS-LE-TEMPLE, Belgium",5.370949714151664,50.5084750570862
BEL,"Rue de Liège , 1, 4557 FRAITURE, Belgium",5.413252383697134,50.47665908688557
BEL,"Borsu , 4, 4560 BOIS-ET-BORSU, Belgium",5.323248778593714,50.390800820326334
BEL,"Rue du Roi Albert , 50, 4560 CLAVIER, Belgium",5.365588229785487,50.43153203578271
BEL,"Rue Joseph Wauters , 1A, 4570 MARCHIN, Belgium",5.226662617244082,50.47969291221443
BEL,"Chemin de Tharoul , 4, 4570 VYLE-ET-THAROUL, Belgium",5.2571192780775675,50.443273741027014
BEL,"Route de Strée , 24, 4577 STREE-LEZ-HUY, Belgium",5.320244564358262,50.49229391873456
BEL,"Place Georges Hubin , 5, 4577 VIERSET-BARSE, Belgium",5.297754688654905,50.48338390850076
BEL,"Ruelle des Messes , 7, 4577 VIERSET-BARSE, Belgium",5.296849226706616,50.481948881011434
BEL,"Rue des Ecoles , 2, 4590 OUFFET, Belgium",5.425908421316596,50.449657999296164
BEL,"Rue Mognée , 21, 4590 OUFFET, Belgium",5.468921673236849,50.44210006503485
BEL,"Rue de Temme , 2, 4590 OUFFET, Belgium",5.463966375898565,50.43813244925724
BEL,"Avenue des Combattants , 10, 4600 VISE, Belgium",5.696842635840568,50.735836318105385
BEL,"Rue de Tongres , 10, 4600 VISE, Belgium",5.683302006536763,50.73886511881784
BEL,"Place des Déportés , 4, 4600 VISE, Belgium",5.694235947772029,50.73906133917117
BEL,"Rue des Déportés ,, 4600 VISE, Belgium",5.694531257673397,50.73907436574914
BEL,"Allée des Erables , 14, 4601 ARGENTEAU, Belgium",5.683934924045559,50.69697756352693
BEL,"Rue Sabaré , 123, 4602 CHERATTE, Belgium",5.682576217540799,50.684204926101586
BEL,"Rue Pierre Andrien , 6, 4602 CHERATTE, Belgium",5.669735477152159,50.68580092428522
BEL,"Rue de Warsage , 29, 4607 BERNEAU, Belgium",5.73442180908026,50.74233564582761
BEL,"Rue Lieutenant Pirard , 5, 4607 DALHEM, Belgium",5.726046611427364,50.71513519655687
BEL,"Place du Centenaire Fléchet , 22A, 4608 WARSAGE, Belgium",5.769520529827597,50.73556730631335
BEL,"Rue du Heusay , 18, 4610 BEYNE-HEUSAY, Belgium",5.653553790926301,50.623343866986
BEL,"Rue Emile Vandervelde , 290, 4610 BEYNE-HEUSAY, Belgium",5.674200349335649,50.64013049036271
BEL,"Rue Emile Vandervelde , 71-77, 4610 BEYNE-HEUSAY, Belgium",5.679587508778789,50.63704703421453
BEL,"Rue du Heusay , 29, 4610 BEYNE-HEUSAY, Belgium",5.655173512946419,50.62326442479309
BEL,"Rue François Lapierre , 79, 4620 FLERON, Belgium",5.682315942334071,50.619910969964124
BEL,"Avenue Général Mozin ,, 4620 FLERON, Belgium",5.690021435788543,50.616947165017486
BEL,"Rue Saint-Laurent , 39, 4620 FLERON, Belgium",5.684612688569852,50.61239619581603
BEL,"Rue du Bac , 10, 4620 FLERON, Belgium",5.684768405424082,50.62200381640029
BEL,"Rue de la Cité , 34, 4621 RETINNE, Belgium",5.700139806992812,50.62562075761064
BEL,"Rue Fernand Chèvremont , 4-8, 4621 RETINNE, Belgium",5.701773284962373,50.63463980628731
BEL,"Rue du Village , 11, 4623 MAGNEE, Belgium",5.681482546814465,50.60309584746281
BEL,"Rue de l'Enseignement , 1, 4624 ROMSEE, Belgium",5.670076452973348,50.61076273238788
BEL,"Rue Colonel Piron , 20, 4624 ROMSEE, Belgium",5.666493105546806,50.608897968478914
BEL,"Rue Hotton , 9, 4630 AYENEUX, Belgium",5.707795425878205,50.61098797448775
BEL,"Rue Paul d'Andrimont , 119, 4630 MICHEROUX, Belgium",5.720554956104877,50.626686630131076
BEL,"Chaussée de Wégimont , 352, 4630 SOUMAGNE, Belgium",5.714883173683148,50.6087574877817
BEL,"Rue de l'Egalité , 76, 4630 SOUMAGNE, Belgium",5.738059890334512,50.62978898204386
BEL,"Rue Pierre Curie , 24, 4630 SOUMAGNE, Belgium",5.748123781320005,50.61122727039132
BEL,"Rue du Thier , 1, 4631 EVEGNEE, Belgium",5.70816784431608,50.64395578142441
BEL,"Rue de l'Enseignement , 2, 4633 MELEN, Belgium",5.738122754608327,50.64015463024384
BEL,"Rue Village , 121, 4650 CHAINEUX, Belgium",5.831152590395988,50.63340394279979
BEL,"Avenue des Platanes , 63, 4650 GRAND-RECHAIN, Belgium",5.813799955088499,50.60844549235127
BEL,"Rue des Ecoles , 23, 4650 HERVE, Belgium",5.7930356107415895,50.6401178850003
BEL,"Rue d'Elvaux , 28, 4650 HERVE, Belgium",5.79474007980653,50.63814770925703
BEL,"Maigre Cense , 4, 4650 JULEMONT, Belgium",5.769757862605641,50.68804169399781
BEL,"Rue de la Grotte , 1, 4651 BATTICE, Belgium",5.799075367766932,50.62159483349956
BEL,"Rue Forges-les-Eaux , 2B, 4651 BATTICE, Belgium",5.8201965028945315,50.64886313237999
BEL,"Rue de José , 59, 4651 BATTICE, Belgium",5.773229246621439,50.63107934958873
BEL,"Rue Albert Leclercqs , 35, 4652 XHENDELESSE, Belgium",5.772431777717998,50.60416717279433
BEL,"Garde-Dieu , 307, 4654 CHARNEUX, Belgium",5.804032006209724,50.670239250487754
BEL,"Espace Simone Veil , 2, 4670 BLEGNY, Belgium",5.725116810081362,50.67152841947938
BEL,"Rue de l'Institut , 30, 4670 BLEGNY, Belgium",5.722655544859663,50.67344306533852
BEL,"Rue Haisse , 3, 4670 MORTIER, Belgium",5.742987115625212,50.68221341364726
BEL,"Rue du Stade , 22, 4671 HOUSSE, Belgium",5.697906804726483,50.679989104587015
BEL,"Rue Haute-Saive , 3, 4671 SAIVE, Belgium",5.68097813464448,50.653235985123494
BEL,"Rue Haute-Saive , 2, 4671 SAIVE, Belgium",5.680231799222639,50.65384822928061
BEL,"Voie du Pont , 13, 4672 SAINT-REMY, Belgium",5.704737849824092,50.69526656296871
BEL,"Rue du Vieux Maieur , 2A, 4680 HERMEE, Belgium",5.618588364475225,50.70975083988843
BEL,"Rue du Roi Albert , 179, 4680 OUPEYE, Belgium",5.646760429091188,50.70837917304988
BEL,"Rue du Roi Albert , 193, 4680 OUPEYE, Belgium",5.647108948625203,50.70888510472554
BEL,"Rue de Cockroux , 157, 4680 OUPEYE, Belgium",5.64518569228034,50.710180941034274
BEL,"Rue Joseph Bonhomme , 25, 4681 HERMALLE-SOUS-ARGENTEAU, Belgium",5.679600055180316,50.714524239634414
BEL,"Rue Jean Verkruyts , 23, 4681 HERMALLE-SOUS-ARGENTEAU, Belgium",5.678485094419898,50.70874994653684
BEL,"Voie du Puits , 13, 4682 HOUTAIN-SAINT-SIMEON, Belgium",5.610456897695769,50.73724619612901
BEL,"Rue Fût Voie , 134, 4683 VIVEGNIS, Belgium",5.662830607149366,50.705349208942756
BEL,"Rue des Ecoles , 24, 4684 HACCOURT, Belgium",5.667513518439392,50.73428466018956
BEL,"Rue de Liège , 39, 4684 HACCOURT, Belgium",5.669078188338724,50.72885873011051
BEL,"Rue Haute , 65, 4690 EBEN-EMAEL, Belgium",5.663773746666157,50.78887736912363
BEL,"Rue du Lycée , 16, 4690 GLONS, Belgium",5.543747664482594,50.752230921027085
BEL,"Rue Bettonville , 1, 4690 ROCLENGE-SUR-GEER, Belgium",5.600539429858571,50.75373298057994
BEL,"Rue du Marî , 8, 4690 WONCK, Belgium",5.629761175080091,50.76980657911386
BEL,"Rue Grand'Ville , 52, 4800 ENSIVAL, Belgium",5.843225534000993,50.58172593385993
BEL,"Place Lambert Fraipont , 11, 4800 ENSIVAL, Belgium",5.838150123990204,50.58050800141902
BEL,"Rue Saint-Bernard , 5, 4800 LAMBERMONT, Belgium",5.831695879499173,50.59083135364062
BEL,"Rue Nicolas Arnold , 25, 4800 PETIT-RECHAIN, Belgium",5.835709229966483,50.61370151146022
BEL,"Rue de la Moinerie , 33, 4800 PETIT-RECHAIN, Belgium",5.833795122881202,50.61123031677426
BEL,"Rue du Collège , 126, 4800 VERVIERS, Belgium",5.861664631339579,50.59375828159682
BEL,"Rue Ortmans-Hauzeur , 26, 4800 VERVIERS, Belgium",5.866026238475939,50.59365401072131
BEL,"Rue de la Chapelle , 34, 4800 VERVIERS, Belgium",5.849986209464248,50.59585182955294
BEL,"Rue de Liège , 55, 4800 VERVIERS, Belgium",5.855856559172196,50.58575482134975
BEL,"Rue des Hougnes , 128, 4800 VERVIERS, Belgium",5.8664912664641236,50.585672301513
BEL,"Rue Thil Lorrain , 7-9, 4800 VERVIERS, Belgium",5.863988597814,50.59563561836055
BEL,"Rue Carl Grün , 5, 4800 VERVIERS, Belgium",5.8759105139765495,50.59184729149186
BEL,"Rue de Francorchamps , 12, 4800 VERVIERS, Belgium",5.8619491969523665,50.58735714787028
BEL,"Rue de Rome , 18, 4800 VERVIERS, Belgium",5.861293396847913,50.590712758987536
BEL,"Rue Sècheval , 32, 4800 VERVIERS, Belgium",5.870878773681284,50.59335569878732
BEL,"Rue de Dison , 139, 4800 VERVIERS, Belgium",5.854104347674084,50.596250027760206
BEL,"Rue Ma Campagne , 27, 4801 STEMBERT, Belgium",5.884305912016089,50.58794136652162
BEL,"Rue Jean Kurtz , 9, 4801 STEMBERT, Belgium",5.8912800745532365,50.581453773463835
BEL,"Rue de l'Eglise , 22, 4801 STEMBERT, Belgium",5.895435822147618,50.59103722245948
BEL,"Avenue du Chaineux , 30, 4802 HEUSY, Belgium",5.869992387420496,50.5803052012717
BEL,"Avenue du Chêne , 105, 4802 HEUSY, Belgium",5.8661571638035355,50.576261854998876
BEL,"Avenue Jean Tasté , 78, 4802 HEUSY, Belgium",5.8786759552912144,50.5841152372696
BEL,"Place Luc Hommel , 15, 4820 DISON, Belgium",5.8554263999012335,50.60935121989314
BEL,"Rue de Husquet , 27, 4820 DISON, Belgium",5.849130081873909,50.61028098250287
BEL,"Place Simon Gathoye , 2, 4821 ANDRIMONT, Belgium",5.8602500240857,50.599146972439115
BEL,"Rue de Verviers , 310, 4821 ANDRIMONT, Belgium",5.869156124940673,50.60240509482213
BEL,"Clos Jean Delclisar , 5, 4821 ANDRIMONT, Belgium",5.844787775947154,50.58455325022635
BEL,"Rue Sous le Château , 49A, 4821 ANDRIMONT, Belgium",5.876832690963909,50.6129845653721
BEL,"Place Saint-Georges , 53, 4830 LIMBOURG, Belgium",5.940746546695351,50.61134414310163
BEL,"Rue Guillaume Maisier , 56, 4830 LIMBOURG, Belgium",5.939257931635007,50.61901787795588
BEL,"Rue Guillaume Maisier , 62, 4830 LIMBOURG, Belgium",5.938520313211967,50.6190466930247
BEL,"Neupré , 37, 4831 BILSTAIN, Belgium",5.918838934003759,50.625280691601944
BEL,"Rue de l'Ecole , 4, 4834 GOE, Belgium",5.957700957524452,50.60486392611864
BEL,"Rue de la Régence , 1, 4837 BAELEN-SUR-VESDRE, Belgium",5.971266983994866,50.62981194845858
BEL,"Place Thomas Palm , 15, 4837 MEMBACH, Belgium",5.995802826246148,50.61889648931981
BEL,"Rue de l'Eglise , 8, 4840 WELKENRAEDT, Belgium",5.971415113180796,50.66062645413603
BEL,"Rue Gérard Delvoye , 2, 4840 WELKENRAEDT, Belgium",5.971759923720612,50.66205679469837
BEL,"Rue de l'Eglise , 26A, 4840 WELKENRAEDT, Belgium",5.969997926496771,50.660147368424575
BEL,"Chemin des Ecoliers , 1, 4841 HENRI-CHAPELLE, Belgium",5.928119125742512,50.67511332718428
BEL,"Tiège , 81, 4845 JALHAY, Belgium",5.912844951223974,50.5203004556337
BEL,"Rue de la Fagne , 12, 4845 JALHAY, Belgium",5.969516172059599,50.558588360696376
BEL,"Rue de l'Ecole , 10, 4845 SART-LEZ-SPA, Belgium",5.935029753453591,50.513245365821405
BEL,"Place Communale , 10, 4850 MONTZEN, Belgium",5.960844003577165,50.70649823206779
BEL,"Rue César Franck , 72, 4851 GEMMENICH, Belgium",5.992431960065119,50.74526394752098
BEL,"Rue de Moresnet , 133, 4851 GEMMENICH, Belgium",5.988351565211797,50.7366709236415
BEL,"Rue Hack , 55, 4852 PLOMBIERES (HOMBOURG), Belgium",5.956366594593031,50.73689849780321
BEL,"Rue des Jardins , 1, 4860 PEPINSTER, Belgium",5.801121043805202,50.56503071710381
BEL,"Rue Neuve , 135, 4860 PEPINSTER, Belgium",5.803404872214145,50.564150801191175
BEL,"Rue des Combattants , 1, 4860 WEGNEZ, Belgium",5.817444193346524,50.579455887226025
BEL,"Soiron-Centre , 2, 4861 SOIRON, Belgium",5.791752795037272,50.591990544196904
BEL,"Rue Haute , 444, 4870 FRAIPONT, Belgium",5.732537508279429,50.56318386178544
BEL,"Rue du Village , 524, 4870 FRAIPONT, Belgium",5.723889724537461,50.56538274029213
BEL,"Rue Grand'rue , 186, 4870 TROOZ, Belgium",5.683990496063586,50.57600335710495
BEL,"Faweux , 9, 4877 OLNE, Belgium",5.717787922228581,50.598307643364336
BEL,"Rue Village , 30, 4877 OLNE, Belgium",5.747243606367732,50.590240690200716
BEL,"Rue de Gorhez , 13, 4880 AUBEL, Belgium",5.857165644810152,50.70322937364841
BEL,"La Clouse , 90, 4880 AUBEL, Belgium",5.877686439867111,50.700130362964536
BEL,"Place de la Halle , 11, 4890 CLERMONT, Belgium",5.882630034295204,50.66033355922454
BEL,"Bèfve , 35, 4890 THIMISTER, Belgium",5.848126062373277,50.663584866689405
BEL,"Rue Cavalier Fonck , 11, 4890 THIMISTER, Belgium",5.863625409949407,50.6513408248552
BEL,"Rue du Waux-Hall ,, 4900 SPA, Belgium",5.8673983068489575,50.48998913511757
BEL,"Rue de l'Eglise , 98, 4900 SPA, Belgium",5.84491968427082,50.47063265017729
BEL,"Rue Adolphe Bastin , 7, 4900 SPA, Belgium",5.857969553143704,50.49068568297227
BEL,"Place du Marais , 119, 4910 LA REID, Belgium",5.78945960714055,50.488350778777274
BEL,"Place Eugène Cornesse , 85, 4910 POLLEUR, Belgium",5.884270924857695,50.54079897116246
BEL,"Rue des Sarts , 1, 4910 POLLEUR, Belgium",5.902155593923368,50.55749259449425
BEL,"Rue Charles Rittwéger , 162, 4910 THEUX, Belgium",5.812524215230951,50.54508280965737
BEL,"Rue Hovémont , 91, 4910 THEUX, Belgium",5.814885634640257,50.53307781388166
BEL,"Rue Hovémont , 30B, 4910 THEUX, Belgium",5.814285998437444,50.53379195524314
BEL,"Hameau de Kin , 54, 4920 AYWAILLE, Belgium",5.689453820553354,50.46384808629
BEL,"Rue de l'Yser , 15, 4920 AYWAILLE, Belgium",5.671279004621908,50.47529047377188
BEL,"Avenue François Cornesse , 63, 4920 AYWAILLE, Belgium",5.671421245518815,50.47390243060602
BEL,"Awan-Wacostet , 7, 4920 AYWAILLE, Belgium",5.646166235975073,50.461312770126995
BEL,"Rue de Bastogne , 107, 4920 HARZE, Belgium",5.675377336179537,50.43172004187093
BEL,"Rue de l'Ecole , 2, 4920 SOUGNE-REMOUCHAMPS, Belgium",5.735551605809263,50.469117243992685
BEL,"Rue Ladry , 25, 4920 SOUGNE-REMOUCHAMPS, Belgium",5.7039996915049755,50.48308338061119
BEL,"Rue Magrite , 20, 4920 SOUGNE-REMOUCHAMPS, Belgium",5.710114625147611,50.48168318368573
BEL,"Rue de Wemmel , 11, 4950 FAYMONVILLE, Belgium",6.138414203253774,50.4054118461932
BEL,"Rue de la Station , 38, 4950 SOURBRODT, Belgium",6.141225158302689,50.47408829930893
BEL,"Rue des Ecoles , 4, 4950 WAIMES, Belgium",6.11376084671997,50.4135167274687
BEL,"Route de Montenau , 1, 4960 BELLEVAUX-LIGNEUVILLE, Belgium",6.05756496361343,50.37332684284698
BEL,"Chemin du Lêfa , 26, 4960 BEVERCE, Belgium",6.05842867158953,50.4040790325455
BEL,"Route de Falize , 21, 4960 MALMEDY, Belgium",6.024695833225138,50.42204569113537
BEL,"Rue Saint-Hilaire , 19, 4960 MALMEDY, Belgium",5.996964222750137,50.4272339215629
BEL,"Chemin des Ecoliers , 1, 4960 MALMEDY, Belgium",6.062829700584424,50.436004196084575
BEL,"Avenue des Alliés , 175, 4960 MALMEDY, Belgium",6.011501986668636,50.42095709335734
BEL,"Ruelle des Capucins , 2, 4960 MALMEDY, Belgium",6.030590909547442,50.42450041529932
BEL,"Place Emile Jamar , 1, 4970 FRANCORCHAMPS, Belgium",5.951523913979315,50.45482454842647
BEL,"Haute Levée , 1, 4970 STAVELOT, Belgium",5.9318742813137435,50.3968403653687
BEL,"Avenue Ferdinand Nicolay , 29, 4970 STAVELOT, Belgium",5.932668655148092,50.39547287877437
BEL,"Rue des Ecoles , 5, 4980 TROIS-PONTS, Belgium",5.868342912694601,50.37165645527264
BEL,"Avenue de la Salm , 17, 4980 TROIS-PONTS, Belgium",5.871126375101113,50.36993321979881
BEL,"Chevron , 35, 4987 CHEVRON, Belgium",5.731209360869229,50.38280539232437
BEL,"Rue de l'Eglise , 11, 4987 LA GLEIZE, Belgium",5.845527707527168,50.41001413967928
BEL,"Moulin du Ruy , 32, 4987 LA GLEIZE, Belgium",5.887855983287039,50.42363992911933
BEL,"Rahier , 77, 4987 RAHIER, Belgium",5.7797715932968,50.38436463586257
BEL,"Route de l'Amblève , 88, 4987 STOUMONT, Belgium",5.80598783949668,50.41119980179295
BEL,"Herdavoye , 8, 4990 ARBREFONTAINE, Belgium",5.835494317969079,50.298714786907055
BEL,"Rue Devant La Vaux , 2, 4990 LIERNEUX, Belgium",5.80275292778515,50.28672539642395
BEL,"Grand-Sart , 5A, 4990 LIERNEUX, Belgium",5.847454635624749,50.27031617789871
BEL,"Jevigné , 21, 4990 LIERNEUX, Belgium",5.768610167209346,50.29491451582635
BEL,"Rue du Centre , 44, 4990 LIERNEUX, Belgium",5.798750401380829,50.28438508523831
BEL,"Rue Ruplémont , 8, 5000 NAMUR, Belgium",4.863438720285643,50.46308231561588
BEL,"Rue du Président , 26, 5000 NAMUR, Belgium",4.86371054540561,50.462587741419014
BEL,"Rue Sainte-Julienne , 3, 5000 NAMUR, Belgium",4.84437600935081,50.46368199887857
BEL,"Chaussée de Charleroi , 14, 5000 NAMUR, Belgium",4.844126563912312,50.46319597422294
BEL,"Rue Lelièvre , 10, 5000 NAMUR, Belgium",4.861680783732652,50.46512620079571
BEL,"Chaussée de Louvain , 16, 5000 NAMUR, Belgium",4.870256560328528,50.47170917991161
BEL,"Rue Alphonse Delonnoy , 8, 5000 NAMUR, Belgium",4.857810439941375,50.445640203750514
BEL,"Rue du Lombard , 39, 5000 NAMUR, Belgium",4.870050868424613,50.4644776510375
BEL,"Rue de Bruxelles , 78, 5000 NAMUR, Belgium",4.860591806872094,50.46700039434572
BEL,"Rue Pepin , 7, 5000 NAMUR, Belgium",4.8673752811119755,50.46542631483891
BEL,"Rue Pepin , 5, 5000 NAMUR, Belgium",4.867102114887501,50.46481162796951
BEL,"Rue des Tautîs , 1, 5001 BELGRADE, Belgium",4.825836015974274,50.471515367425944
BEL,"Rue Léopold De Hulster , 5, 5002 SAINT-SERVAIS, Belgium",4.847753916330532,50.4729711173442
BEL,"Rue de Gembloux , 59, 5002 SAINT-SERVAIS, Belgium",4.850162959122173,50.47216264087342
BEL,"Avenue Baudouin Ier , 20, 5004 BOUGE, Belgium",4.879786784239002,50.47347122359716
BEL,"Rue Charles Bouvier , 1, 5004 BOUGE, Belgium",4.87925151590224,50.480107972621965
BEL,"Place Sainte Marguerite , 1, 5004 BOUGE, Belgium",4.891134959129204,50.472035152126125
BEL,"Rue Notre-Dame des Champs , 18, 5020 CHAMPION, Belgium",4.899854095800231,50.49461233343743
BEL,"Place du Couvent , 3, 5020 CHAMPION, Belgium",4.901864214288935,50.49514607083756
BEL,"Rue Camille Hennuy , 42, 5020 FLAWINNE, Belgium",4.799926525354351,50.46066287926428
BEL,"Rue d'Insevaux , 72, 5020 MALONNE, Belgium",4.794977598262477,50.430194535493
BEL,"Rue Joseph Massart , 40, 5020 MALONNE, Belgium",4.793847214800223,50.43088650350967
BEL,"Rue Lt-Colonel Maniette , 12, 5020 TEMPLOUX, Belgium",4.748909520422879,50.48228687970125
BEL,"Rue Adolphe Parmentier , 2b, 5020 VEDRIN, Belgium",4.878382576353528,50.503769380687096
BEL,"Rue Florimond Bidron , 85, 5020 VEDRIN, Belgium",4.88792379999643,50.49187055162277
BEL,"Rue de la Station , 20, 5030 BEUZET, Belgium",4.7435170713549155,50.533879138777905
BEL,"Rue Eugène Delvaux , 57, 5030 ERNAGE, Belgium",4.673887009114907,50.592283401914074
BEL,"Rue Monseigneur Heylen , 21, 5030 GEMBLOUX, Belgium",4.687882342210474,50.57065483740406
BEL,"Rue Chapelle-Dieu , 8, 5030 GEMBLOUX, Belgium",4.697183084067518,50.56043795336058
BEL,"Rue Gustave Docq , 26, 5030 GEMBLOUX, Belgium",4.69551868955395,50.55898503426414
BEL,"Place Saint-Guibert , 4, 5030 GEMBLOUX, Belgium",4.697085015800354,50.5612750121212
BEL,"Rue de l'Eglise , 131A, 5030 LONZEE, Belgium",4.723849689925032,50.55303350582395
BEL,"Rue de la Place , 2b, 5031 GRAND-LEEZ, Belgium",4.7660348861203525,50.58210890421933
BEL,"Rue de la Croix-Rouge , 11, 5032 GEMBLOUX, Belgium",4.702272564517267,50.5195542712381
BEL,"Rue d'Auvelais , 39, 5060 ARSIMONT, Belgium",4.638656177754928,50.42777728393335
BEL,"Rue Félix Willy , 5, 5060 AUVELAIS, Belgium",4.6318120344690215,50.446021119340344
BEL,"Avenue du Cimetière , 18, 5060 AUVELAIS, Belgium",4.62992250203618,50.440280647222096
BEL,"Rue du Pont à Biesmes , 35, 5060 AUVELAIS, Belgium",4.635813219768835,50.4446616584643
BEL,"Rue de la Logette , 4, 5060 FALISOLLE, Belgium",4.6191875471822925,50.42141327654076
BEL,"Rue Gaston Héraly , 1, 5060 FALISOLLE, Belgium",4.619302043979673,50.418206947119074
BEL,"Place de Moignelée ,, 5060 MOIGNELEE, Belgium",4.588154533345341,50.43786968518877
BEL,"Rue de l'Enseignement , 25, 5060 TAMINES, Belgium",4.610776977897984,50.43637581189927
BEL,"Rue Sainte-Catherine , 17, 5060 TAMINES, Belgium",4.610654602111623,50.43532241621767
BEL,"Rue du Collège , 27, 5060 TAMINES, Belgium",4.611897973628658,50.433096727557995
BEL,"Hurlevent , 49, 5060 VELAINE-SUR-SAMBRE, Belgium",4.613916775586623,50.46742041614722
BEL,"Rue du Villez , 82, 5060 VELAINE-SUR-SAMBRE, Belgium",4.61662327154383,50.468334122779
BEL,"Rue Cortil-Curé , 6, 5070 AISEMONT, Belgium",4.653703187198413,50.40487756325438
BEL,"Chaussée de Charleroi , 155A, 5070 FOSSES-LA-VILLE, Belgium",4.654917060596604,50.393169847727165
BEL,"Rue de l'Ecole Moyenne , 5-7, 5070 FOSSES-LA-VILLE, Belgium",4.696360898529101,50.39294507451135
BEL,"Place du Chapitre , 4, 5070 FOSSES-LA-VILLE, Belgium",4.697382908639213,50.397082790917295
BEL,"Rue de Rhisnes , 20, 5080 EMINES, Belgium",4.84069392310488,50.51252603089088
BEL,"Rue des Dames Blanches , 3, 5080 RHISNES, Belgium",4.802166588977997,50.506052728978005
BEL,"Rue des Déportés , 8, 5080 RHISNES, Belgium",4.805370655285827,50.50638804701455
BEL,"Rue du Médecin , 4, 5080 WARISOULX, Belgium",4.8595061827728046,50.53460413149307
BEL,"Rue Janquart , 5, 5081 MEUX, Belgium",4.796446862070098,50.55112905360346
BEL,"Rue du Village , 20, 5081 MEUX, Belgium",4.798315858840169,50.55084968477061
BEL,"Rue de l'Aurore , 223, 5100 JAMBES, Belgium",4.890022037057826,50.45978252461842
BEL,"Rue de Géronsart , 150, 5100 JAMBES, Belgium",4.8750781663111695,50.447576758660176
BEL,"Rue de la Luzerne , 20, 5100 JAMBES, Belgium",4.888948120590754,50.44939931968665
BEL,"Parc Astrid , 9, 5100 JAMBES, Belgium",4.872866265882209,50.45385191238199
BEL,"Rue Henri Duhainaut , 7, 5100 JAMBES, Belgium",4.865424887604083,50.44310256808558
BEL,"Rue Van Opré , 23, 5100 JAMBES, Belgium",4.8715410031711315,50.457804943648085
BEL,"Rue Mazy , 20, 5100 JAMBES, Belgium",4.870491756531635,50.45862854945409
BEL,"Rue de la Gare de Naninne , 57, 5100 NANINNE, Belgium",4.927614845767437,50.41963224784453
BEL,"Rue de Monin , 30, 5100 WEPION, Belgium",4.86839036411624,50.41760122140109
BEL,"Place Notre-Dame de la Paix , 5, 5101 ERPENT, Belgium",4.896398878142435,50.43904863318383
BEL,"Rue des Aubépines , 110, 5101 ERPENT, Belgium",4.902305018576925,50.44656564968014
BEL,"Rue Haute , 8, 5140 LIGNY, Belgium",4.57513440879703,50.51146292496744
BEL,"Rue Haute , 12, 5140 LIGNY, Belgium",4.574444339063957,50.51115951765831
BEL,"Chaussée de Nivelles , 79-81, 5140 SOMBREFFE, Belgium",4.60195561153904,50.52676789021436
BEL,"Chaussée de Chastre , 8, 5140 SOMBREFFE, Belgium",4.598553480859181,50.52700132621777
BEL,"Rue du Maréchal Juin , 3, 5140 TONGRINNE, Belgium",4.622287761709799,50.51541514718693
BEL,"Rue de Malonne , 2, 5150 FLOREFFE, Belgium",4.774442354577786,50.42041038182583
BEL,"Rue du Séminaire , 3, 5150 FLOREFFE, Belgium",4.759558860566273,50.43214592637128
BEL,"Rue du Séminaire , 5, 5150 FLOREFFE, Belgium",4.759201707671963,50.43195368742195
BEL,"Rue de l'Ecole , 17, 5150 FRANIERE, Belgium",4.731501194057756,50.436244551295516
BEL,"Rue Jules Borbouse , 68, 5170 BOIS-DE-VILLERS, Belgium",4.822193386416046,50.388350398460574
BEL,"Rue Floris Duculot , 6, 5170 BOIS-DE-VILLERS, Belgium",4.821781499693998,50.388960601011746
BEL,"Rue des Crèches , 1, 5170 LESVE, Belgium",4.779801575830106,50.37462327181112
BEL,"Rue Saint Léger , 35, 5170 LUSTIN, Belgium",4.899148980574296,50.37893647345663
BEL,"Rue Buissonnière , 3, 5170 PROFONDEVILLE, Belgium",4.873370521177236,50.37475092819648
BEL,"Route de Floreffe , 26, 5170 PROFONDEVILLE, Belgium",4.856207568597142,50.36209840344364
BEL,"Rue Albert Ier , 2, 5190 HAM-SUR-SAMBRE, Belgium",4.671324326038047,50.44481404146404
BEL,"Rue Hittelet , 89, 5190 JEMEPPE-SUR-SAMBRE, Belgium",4.661542300218561,50.45668685021564
BEL,"Ruelle de la Queutrale , 1, 5190 JEMEPPE-SUR-SAMBRE, Belgium",4.664699856501386,50.46620989705724
BEL,"Rue de la Station , 113, 5190 MOUSTIER-SUR-SAMBRE, Belgium",4.69614599118762,50.45701004586044
BEL,"Rue des Nobles , 2A, 5190 MOUSTIER-SUR-SAMBRE, Belgium",4.697963774529256,50.465510091961136
BEL,"Rue Haute , 60, 5190 SPY, Belgium",4.703130631103704,50.48052656486655
BEL,"Place de l'Eglise , 9, 5190 SPY, Belgium",4.7031754742857,50.482563744523816
BEL,"Rue de l'Hôpital , 17, 5300 ANDENNE, Belgium",5.099724989896515,50.48954788152574
BEL,"Rue des Ecoles , 1, 5300 ANDENNE, Belgium",5.080694800746016,50.50022412114788
BEL,"Rue Bertrand , 80, 5300 ANDENNE, Belgium",5.094099978494512,50.48784727719047
BEL,"Rue Rogier , 14, 5300 ANDENNE, Belgium",5.094020356373256,50.48724121945967
BEL,"Rue du Rivage , 13, 5300 ANDENNE, Belgium",5.080394309517175,50.49382734601099
BEL,"Rue de Petit-Warêt , 251, 5300 LANDENNE, Belgium",5.053164530696368,50.52751904912511
BEL,"Rue Jean-Baptiste Wauthier , 16, 5300 NAMECHE, Belgium",4.994952223163322,50.47004808140889
BEL,"Rue du Baty , 240, 5300 SCLAYN, Belgium",5.030357448863953,50.49122426216081
BEL,"Rue du Portail , 489, 5300 VEZIN, Belgium",5.006706400311884,50.499393055448024
BEL,"Rue des Infirmeries , 5, 5310 DHUY, Belgium",4.856418161591598,50.558837071379834
BEL,"Route de Gembloux , 32, 5310 EGHEZEE, Belgium",4.9062419984984444,50.592525638915845
BEL,"Route de Gembloux , 10, 5310 EGHEZEE, Belgium",4.910362206823351,50.59172290404874
BEL,"Route de Namêche , 32, 5310 EGHEZEE, Belgium",4.911819400690405,50.559243490248576
BEL,"Rue de l'Eglise , 11, 5310 HANRET, Belgium",4.945181889899629,50.58348885764531
BEL,"Place de Mehaigne , 8, 5310 MEHAIGNE, Belgium",4.875964971667145,50.59336873264675
BEL,"Place de Taviers , 13, 5310 TAVIERS, Belgium",4.930063534961107,50.61703285696777
BEL,"Grande Ruelle , 26, 5310 WARET-LA-CHAUSSEE, Belgium",4.918911580424236,50.538406833325695
BEL,"Rue de la Gendarmerie , 2, 5330 ASSESSE, Belgium",5.021412700890295,50.37149363680348
BEL,"Rue du Pourrain , 6, 5330 ASSESSE, Belgium",5.024443865967518,50.37215001113684
BEL,"Rue de Jassogne , 6F, 5332 CRUPET, Belgium",4.9865364708831486,50.35336420542134
BEL,"Rue de la Pavée , 3A, 5336 COURRIERE, Belgium",4.987479331840611,50.39302880388884
BEL,"Rue du Trieu d'Avillon , 4, 5336 COURRIERE, Belgium",4.988413651002759,50.393760916960304
BEL,"Rue des Ecoles , 2, 5340 FAULX-LES-TOMBES, Belgium",5.011578465351647,50.42723689713853
BEL,"Chaussée de Gramptinne , 118, 5340 GESVES, Belgium",5.066707618027852,50.40618361655157
BEL,"Petite Gesves , 30, 5340 GESVES, Belgium",5.072592266403404,50.40231469106038
BEL,"Rue de la Croisette , 17, 5340 SOREE, Belgium",5.123091221378701,50.398637047223104
BEL,"Rue de Reppe , 115B, 5350 OHEY, Belgium",5.11966939322636,50.43560958022047
BEL,"Rue du Bois de Goesnes , 58, 5352 PERWEZ-HAILLOT, Belgium",5.175175697158636,50.45550641624979
BEL,"Rue d'Hubinne , 1A, 5360 HAMOIS, Belgium",5.160027441309551,50.34151403554613
BEL,"Chaussée de Namur , 23, 5360 NATOYE, Belgium",5.067506211375587,50.33725586735517
BEL,"Rue de la Creugette , 12, 5362 ACHET, Belgium",5.175185520243335,50.334601471195
BEL,"Rue de l'Ancienne Commune , 5, 5364 SCHALTIN, Belgium",5.121645845995118,50.35837759280503
BEL,"Rue du Musée , 22, 5370 FLOSTOY, Belgium",5.1519615945892925,50.3859789794255
BEL,"Rue de Hiettine , 1, 5370 HAVELANGE, Belgium",5.2414701810299675,50.3870240880116
BEL,"Rue Joseph Verdin , 20, 5370 JENEFFE, Belgium",5.241189387273607,50.35452971251428
BEL,"Route de Spa , 17A, 5372 MEAN, Belgium",5.335520783769332,50.36287393968033
BEL,"Rue de l'Eglise , 13, 5377 HEURE, Belgium",5.294251947335084,50.294553255799485
BEL,"Rue d'Otreppe , 46, 5380 BIERWART, Belgium",5.033422837842295,50.56047474394298
BEL,"Rue Saint-Martin , 32, 5380 CORTIL-WODON, Belgium",4.95410040251636,50.56508144390074
BEL,"Rue du Village , 36, 5380 FRANC-WARET, Belgium",4.978453435459386,50.52039848199132
BEL,"Rue de Cognelée , 2, 5380 MARCHOVELETTE, Belgium",4.938958386580371,50.522638076711495
BEL,"Rue Arthur Defoin , 207, 5500 ANSEREMME, Belgium",4.92085681720649,50.241310521676596
BEL,"Rue Saint-Pierre , 90, 5500 DINANT, Belgium",4.9077532556409835,50.26682143577693
BEL,"Rue de Bonsecours , 2, 5500 DINANT, Belgium",4.907387469386407,50.26008473255675
BEL,"Rue En-Rhée , 39-41, 5500 DINANT, Belgium",4.914408151486157,50.259562330441355
BEL,"Chemin de Lisogne , 10 A, 5502 THYNES, Belgium",4.983705835978115,50.28071983857197
BEL,"Grand-Route de Ciney , 84, 5503 SORINNES, Belgium",4.979382317969282,50.25974082306948
BEL,"Rue Abbé Dujardin , 16A, 5520 ONHAYE, Belgium",4.836366933228618,50.241658040434885
BEL,"Place du Centenaire , 3, 5530 DORINNE, Belgium",4.976492876129738,50.319633412785926
BEL,"Rue de Mianoye , 23, 5530 DURNAL, Belgium",4.983424832908416,50.33837433322286
BEL,"Rue du Pont , 59, 5530 GODINNE, Belgium",4.864044899523293,50.34866007526807
BEL,"Carrefour de l'Europe , 3, 5530 GODINNE, Belgium",4.867954554440445,50.344345071513374
BEL,"Rue du Centre , 63, 5530 MONT, Belgium",4.903607398692344,50.35326421277284
BEL,"Rue des Ecoles , 11, 5530 PURNODE, Belgium",4.943579270012492,50.3142310307893
BEL,"Place du Monument , 10, 5530 YVOIR, Belgium",4.8792032361399436,50.32563607689255
BEL,"Rue Colonel Tachet des Combes , 21, 5530 YVOIR, Belgium",4.878245016968918,50.32723463155665
BEL,"Rue Grande , 92, 5537 ANHEE, Belgium",4.87875094864458,50.3106556461708
BEL,"Rue de Fraire , 5, 5537 BIOUL, Belgium",4.796400593964563,50.33351519160601
BEL,"Rue de Maredret , 10, 5537 DENEE, Belgium",4.747480621909489,50.3156006756777
BEL,"Rue de l'Harmonie , 10, 5540 HASTIERE-LAVAUX, Belgium",4.824262543033939,50.21693075551508
BEL,"Rue Jules Poucet , 2, 5540 HERMETON-SUR-MEUSE, Belgium",4.818002974306009,50.196354625138305
BEL,"Rue de la Seigneurie , 50, 5550 BOHAN, Belgium",4.887250672688437,49.86549642762991
BEL,"Rue d'Houdremont , 2, 5555 BIEVRE, Belgium",5.015681826051178,49.940615408094885
BEL,"Rue de l'Hileau , 17, 5560 HOUYET, Belgium",5.00798363471776,50.18397147775812
BEL,"Rue de la Montagne , 11, 5563 HOUR, Belgium",5.041445114203469,50.16169828835953
BEL,"Rue de Dinant , 23, 5570 BEAURAING, Belgium",4.955164988038661,50.11133650322972
BEL,"Rue de Givet , 21, 5570 BEAURAING, Belgium",4.953607881885773,50.11060400871122
BEL,"Rue de Rochefort , 65, 5570 BEAURAING, Belgium",4.962755639554359,50.112300002999746
BEL,"Rue des Ecoles , 6-8, 5570 WINENNE, Belgium",4.8991965059652784,50.09849710394559
BEL,"Rue de Wellin , 61, 5574 PONDROME, Belgium",5.004080685323146,50.099404151597724
BEL,"Rue Albert Marchal , 3, 5575 GEDINNE, Belgium",4.9361259140708,49.98049813787475
BEL,"Rue de la Croisette , 13, 5575 GEDINNE, Belgium",4.938425992121182,49.97838824520744
BEL,"Rue de France , 7, 5575 LOUETTE-SAINT-PIERRE, Belgium",4.92712039729912,49.96120584661196
BEL,"Rue de la Chapelle , 1, 5575 WILLERZIE, Belgium",4.84759281615149,49.987227213563045
BEL,"Rue de l'Aujoûle , 13, 5580 EPRAVE, Belgium",5.162228506599661,50.14278330846818
BEL,"Rue Joseph Lamotte , 3, 5580 HAN-SUR-LESSE, Belgium",5.186808689118749,50.12618311686728
BEL,"Place Sainte-Marguerite , 3, 5580 JEMELLE, Belgium",5.262625517911573,50.162645694875465
BEL,"Place Sainte-Marguerite , 7 A, 5580 JEMELLE, Belgium",5.2626528257296075,50.16286972390988
BEL,"Rue de la Héronnerie , 8, 5580 LESSIVE, Belgium",,
BEL,"Rue des Ecureuils , 1, 5580 ROCHEFORT, Belgium",5.219063258366219,50.15214635531984
BEL,"Rue de l'Eglise , 2, 5580 ROCHEFORT, Belgium",5.220902415560971,50.16123849906086
BEL,"Rue de la Sauvenière , 7, 5580 ROCHEFORT, Belgium",5.2223055461525405,50.15946685809618
BEL,"Route de Dinant , 1, 5590 ACHENE, Belgium",5.048351048048744,50.26748595306066
BEL,"Rue Saint-Pierre , 4, 5590 CINEY, Belgium",5.0983180874485186,50.29641009880993
BEL,"Rue Piconette , 1, 5590 CINEY, Belgium",5.102719696994902,50.29751596066346
BEL,"Square Omer Bertrand , 1, 5590 CINEY, Belgium",5.098535094921715,50.298413583216444
BEL,"Rue Saint-Hubert , 14, 5590 CINEY, Belgium",5.104059774942726,50.29396409182527
BEL,"Rue Courtejoie , 49A, 5590 CINEY, Belgium",5.102275216813588,50.29334352265648
BEL,"Rue de Haid , 19, 5590 HAVERSIN, Belgium",5.191576415501453,50.248206089148674
BEL,"Rue de Rochefort , 39, 5590 LEIGNON, Belgium",5.116338508723459,50.26441159670446
BEL,"Rue du Moulin , 34, 5590 LEIGNON, Belgium",5.109576995069887,50.26861474396131
BEL,"Place de Neuville , 11, 5600 NEUVILLE-LE-CHAUDRON, Belgium",4.521089859549477,50.17481722411458
BEL,"Rue de la Roche , 10, 5600 PHILIPPEVILLE, Belgium",4.543093806836171,50.19494281792669
BEL,"Rue des Religieuses , 41, 5600 PHILIPPEVILLE, Belgium",4.547801701030765,50.197447661371854
BEL,"Chemin des Ecoliers , 5, 5600 VILLERS-LE-GAMBON, Belgium",4.610989831000184,50.189205244425246
BEL,"Rue Gérard de Cambrai ,, 5620 FLORENNES, Belgium",4.612423909826804,50.25178543749001
BEL,"Place de l'Hôtel de Ville , 22, 5620 FLORENNES, Belgium",4.601409949642317,50.2515550145188
BEL,"Rue d'Omezée , 132, 5620 MORVILLE, Belgium",4.742532365369868,50.23064354911011
BEL,"Rue du Moulin , 179, 5621 MORIALME, Belgium",4.564919585625148,50.274781561584575
BEL,"Rue de Morialmé , 17, 5621 THY-LE-BAUDUIN, Belgium",4.526281694195376,50.295086302931935
BEL,"Place de l'Eglise , 1, 5630 CERFONTAINE, Belgium",4.412976884143326,50.170696448345915
BEL,"Rue Houpière , 236, 5630 SENZEILLE, Belgium",4.4656204359911555,50.17851599034785
BEL,"Rue de la Couturelle , 2, 5640 BIESME, Belgium",4.611169502423678,50.33606140424314
BEL,"Rue du Village , 14, 5640 BIESMEREE, Belgium",4.681661643405278,50.29685257947858
BEL,"Rue Croix de Bourgogne , 12, 5640 METTET, Belgium",4.661059679771341,50.321447681785315
BEL,"Rue Saint-Nicolas , 5, 5640 SAINT-GERARD, Belgium",4.708992179813322,50.36320100089685
BEL,"Rue des Bergeries , 4, 5650 WALCOURT, Belgium",4.438733218442053,50.25505806331293
BEL,"Rue du Couvent , 9, 5650 WALCOURT, Belgium",4.430326421014172,50.25050819863122
BEL,"Rue de la Cure , 4, 5651 LANEFFE, Belgium",4.493937055301911,50.27679113207269
BEL,"Grand'Rue , 61, 5651 SOMZEE, Belgium",4.484160954358117,50.2924337239435
BEL,"Rue des Marronniers , 29, 5651 THY-LE-CHATEAU, Belgium",4.431653779201042,50.283160866370025
BEL,"Rue de la Thyria , 21, 5651 THY-LE-CHATEAU, Belgium",4.424026079673325,50.28339505674475
BEL,"Rue Adolphe Gouttier , 30, 5660 COUVIN, Belgium",4.49091760650785,50.05398643205595
BEL,"Rue du Parc-Saint-Roch , 8, 5660 COUVIN, Belgium",4.4968609625924785,50.05336034579824
BEL,"Rue de la Rièze , 3, 5660 CUL-DES-SARTS, Belgium",4.454853294629061,49.962589615007204
BEL,"Rue Saint-Joseph , 14, 5660 FRASNES, Belgium",4.508525242602984,50.07734946999279
BEL,"Rue de France , 27, 5660 MARIEMBOURG, Belgium",4.519846986665224,50.0938335888069
BEL,"Rue Roger Lambert , 2, 5660 PESCHE, Belgium",4.453300619433394,50.03998562996241
BEL,"Parc Communal , 1, 5670 NISMES, Belgium",4.550336247566321,50.075219972094146
BEL,"Rue Saint-Roch , 4, 5670 NISMES, Belgium",4.547050154806422,50.0754240543673
BEL,"Rue Martin Sandron , 141, 5680 DOISCHE, Belgium",4.74080535803958,50.135394325542904
BEL,"Voye-d'Adam , 77A, 5680 VODELEE, Belgium",4.73381552134353,50.168535155322644
BEL,"Boulevard Audent , 58, 6000 CHARLEROI, Belgium",4.44657867981428,50.40837128665689
BEL,"Boulevard Joseph Tirou , 227, 6000 CHARLEROI, Belgium",4.447049707596235,50.406310796618676
BEL,"Rue Warmonceau , 168, 6000 CHARLEROI, Belgium",4.465403530402682,50.42634781365121
BEL,"Rue I. Gatti de Gamond , 2, 6000 CHARLEROI, Belgium",4.456430014435398,50.42328847591918
BEL,"Boulevard Paul Janson , 61, 6000 CHARLEROI, Belgium",4.448965577573175,50.41331715379458
BEL,"Rue du Laboratoire , 55, 6000 CHARLEROI, Belgium",4.447344515169216,50.41245695977284
BEL,"Rue Puissant d'Agimont , 14/16, 6000 CHARLEROI, Belgium",4.441425031097452,50.40670824382743
BEL,"Boulevard de l'Yser , 12Bis, 6000 CHARLEROI, Belgium",4.440308261867756,50.409950018119986
BEL,"Rue de l'Athénée , 26, 6000 CHARLEROI, Belgium",4.450384399217656,50.4090472517042
BEL,"Rue Emile Maufort , 1, 6000 CHARLEROI, Belgium",4.447619963645764,50.42225787901424
BEL,"Boulevard de l'Yser , 12, 6000 CHARLEROI, Belgium",4.440308261867756,50.409950018119986
BEL,"Rue de Marcinelle , 41, 6000 CHARLEROI, Belgium",4.44440148046445,50.40610435903358
BEL,"Rue du Vieux Moulin , 47, 6001 MARCINELLE, Belgium",4.447132891252238,50.39635142795572
BEL,"Troisième Avenue , 30, 6001 MARCINELLE, Belgium",4.437852867151548,50.358135481531804
BEL,"Avenue du Panorama , 6, 6001 MARCINELLE, Belgium",4.45464986383427,50.381832708980006
BEL,"Rue des Champs , 144, 6001 MARCINELLE, Belgium",4.431771293483564,50.39702612925183
BEL,"Rue Aurélien Thibaut , 20, 6001 MARCINELLE, Belgium",4.447944615704381,50.39903660661114
BEL,"Rue de la Pte Chenevière , 40, 6001 MARCINELLE, Belgium",4.443280903828935,50.39056414290823
BEL,"Rue Camille Lebon , 41, 6001 MARCINELLE, Belgium",4.434531370380199,50.38066947384769
BEL,"Rue Erasme , 25-29, 6001 MARCINELLE, Belgium",4.431700737785281,50.401004986399755
BEL,"Rue de la Babotterie , 62, 6001 MARCINELLE, Belgium",4.44822089095913,50.390945061693984
BEL,"Avenue Eugène Mascaux , 545, 6001 MARCINELLE, Belgium",4.4342613054598985,50.38764141518047
BEL,"Place Basile Parent , 14, 6010 COUILLET, Belgium",4.469315095228494,50.39227813296364
BEL,"Rue Fond Jacques , 2, 6010 COUILLET, Belgium",4.472903356405667,50.38368271068614
BEL,"Rue des Hauchies , 25, 6010 COUILLET, Belgium",4.459102332805799,50.388885080064114
BEL,"Rue des Fougères , 111, 6010 COUILLET, Belgium",4.456277799073746,50.38692270889268
BEL,"Rue du Congo , 28, 6010 COUILLET, Belgium",4.472449423965287,50.38652796316265
BEL,"Rue du Phénix , 11-17, 6020 DAMPREMY, Belgium",4.429505345393289,50.421923648579636
BEL,"Rue Paul Barré , 28, 6020 DAMPREMY, Belgium",4.42574747112846,50.41618996784845
BEL,"Rue Baudy , 4A, 6020 DAMPREMY, Belgium",4.425575382201985,50.41602487785518
BEL,"Rue des Coquelicots , 5, 6030 GOUTROUX, Belgium",4.357447533103368,50.413432237884706
BEL,"Rue Arthur Bredat , 27, 6030 MARCHIENNE-AU-PONT, Belgium",4.390253463941747,50.39377256780574
BEL,"Rue Edmond Jacquin , 80, 6030 MARCHIENNE-AU-PONT, Belgium",4.392342653308219,50.40056174173978
BEL,"Rue des Remparts , 35, 6030 MARCHIENNE-AU-PONT, Belgium",4.39779257308163,50.406504046453996
BEL,"Rue des Dochards , 25, 6030 MARCHIENNE-AU-PONT, Belgium",4.411085446823586,50.421822127025585
BEL,"Rue du Curé Robert , 34, 6030 MARCHIENNE-AU-PONT, Belgium",4.406613039704275,50.425817563331144
BEL,"Rue des Chantiers , 65, 6030 MARCHIENNE-AU-PONT, Belgium",4.3912767266814114,50.408283025216434
BEL,"Rue de Roux , 17, 6031 MONCEAU-SUR-SAMBRE, Belgium",4.386995418177463,50.422054114948054
BEL,"Avenue Jules Destrée , 12, 6031 MONCEAU-SUR-SAMBRE, Belgium",4.383141335278339,50.41066905968387
BEL,"Rue de Mons , 108, 6031 MONCEAU-SUR-SAMBRE, Belgium",4.386089082987098,50.409412025664665
BEL,"Rue Albert Camus , 13, 6031 MONCEAU-SUR-SAMBRE, Belgium",4.382608246236401,50.411456329939625
BEL,"Rue du Longtry , 41, 6032 MONT-SUR-MARCHIENNE, Belgium",4.406390052478002,50.37340014259024
BEL,"Rue Adolphe Max , 5-13, 6032 MONT-SUR-MARCHIENNE, Belgium",4.405593604038273,50.38837177231366
BEL,"Rue Camille Desy , 1, 6032 MONT-SUR-MARCHIENNE, Belgium",4.4053684661190005,50.390687021608784
BEL,"Avenue Paul Pastur , 135, 6032 MONT-SUR-MARCHIENNE, Belgium",4.428320296308186,50.40135140083794
BEL,"Rue François Dewiest , 98, 6040 JUMET, Belgium",4.416269047379615,50.43635213302278
BEL,"Rue Bréderode , 7, 6040 JUMET, Belgium",4.434314584423146,50.4384853682733
BEL,"Rue Edouard Anseele , 36, 6040 JUMET, Belgium",4.41031556252757,50.44155993106229
BEL,"Rue Hector Denis , 16, 6040 JUMET, Belgium",4.4440563345533945,50.440443299090724
BEL,"Rue Surlet , 35, 6040 JUMET, Belgium",4.435247855463643,50.43936320601003
BEL,"Rue Auguste Frison , 4, 6040 JUMET, Belgium",4.4268850630274414,50.45034840258322
BEL,"Place Mattéoti , 4, 6040 JUMET, Belgium",4.450451159398202,50.44079360012947
BEL,"Rue du Chaumonceau , 13, 6040 JUMET, Belgium",4.41568080541478,50.43407439274438
BEL,"Rue Emile Strimelle , 1, 6040 JUMET, Belgium",4.415469329997649,50.43491002658146
BEL,"Rue de la Providence , 12, 6041 GOSSELIES, Belgium",4.432814002238587,50.47407719328723
BEL,"Chaussée de Nivelles , 71, 6041 GOSSELIES, Belgium",4.430488897826234,50.47033539882911
BEL,"Rue de Ransart , 13, 6041 GOSSELIES, Belgium",4.430159509084211,50.4656802827398
BEL,"Place Emile Bertaux , 8, 6041 GOSSELIES, Belgium",4.43125304041024,50.466190325313335
BEL,"Place Emile Bertaux , 5, 6041 GOSSELIES, Belgium",4.431372611843338,50.466331057434445
BEL,"Rue Charniat , 32, 6042 LODELINSART, Belgium",4.454532770651639,50.433771680311196
BEL,"Rue Alfred Georges , 154, 6042 LODELINSART, Belgium",4.425534888992186,50.42906063683188
BEL,"Rue des Chevaliers du Travail , 51, 6042 LODELINSART, Belgium",4.4602254888311395,50.43515781745103
BEL,"Rue de Soleilmont , 26-28, 6043 RANSART, Belgium",4.4878962051897044,50.44645699147472
BEL,"Rue Paul Pastur , 62, 6043 RANSART, Belgium",4.47847194271672,50.450924941442125
BEL,"Rue Paul Pastur , 53, 6043 RANSART, Belgium",4.4767187463477,50.45125817435385
BEL,"Rue Léon Willocq , 4A, 6044 ROUX, Belgium",4.399989218444769,50.436229913813
BEL,"Rue Alexandre Lepage , 8, 6044 ROUX, Belgium",4.391938635474584,50.4411451932476
BEL,"Rue de l'Abbaye de Liessies , 4, 6044 ROUX, Belgium",4.392804831449325,50.44143127298048
BEL,"Rue Thiot , 31, 6060 GILLY, Belgium",4.493659494674603,50.4320768175796
BEL,"Rue Nazarin , 35, 6060 GILLY, Belgium",4.471759916179774,50.4291713390881
BEL,"Rue Circulaire , 27, 6060 GILLY, Belgium",4.501716682921028,50.43412128949265
BEL,"Place Jules Destrée , 3, 6060 GILLY, Belgium",4.479877117300752,50.42272898712735
BEL,"Chaussée de Fleurus , 359, 6060 GILLY, Belgium",4.4938609118079,50.42752615661712
BEL,"Chaussée de Châtelet , 71, 6060 GILLY, Belgium",4.483726604135569,50.42060731464093
BEL,"Chaussée de Fleurus , 416, 6060 GILLY, Belgium",4.501332791755601,50.42696490438047
BEL,"Rue Saint-Joseph , 58, 6060 GILLY, Belgium",4.475585657776934,50.42700733184113
BEL,"Rue du résolu , 60, 6061 MONTIGNIES-SUR-SAMBRE, Belgium",4.463882951281903,50.41383687426048
BEL,"Avenue du Centenaire , 121 A, 6061 MONTIGNIES-SUR-SAMBRE, Belgium",4.47893844194661,50.40635418165772
BEL,"Place Albert Ier , 36, 6061 MONTIGNIES-SUR-SAMBRE, Belgium",4.479989867880931,50.401876191795736
BEL,"Rue de la Solidarité , 2, 6061 MONTIGNIES-SUR-SAMBRE, Belgium",4.463071415416465,50.40433083214069
BEL,"Rue de la Seuwe , 2, 6061 MONTIGNIES-SUR-SAMBRE, Belgium",4.463283812842917,50.41669535470041
BEL,"Rue Saint-Valentin , 29 a, 6061 MONTIGNIES-SUR-SAMBRE, Belgium",4.480634939149326,50.40323527548614
BEL,"Rue de l'Eglise , 37, 6110 MONTIGNY-LE-TILLEUL, Belgium",4.379298400310461,50.37845241854828
BEL,"Rue Wilmet , 21, 6110 MONTIGNY-LE-TILLEUL, Belgium",4.378550650728187,50.37660739402128
BEL,"Rue de Marbaix , 105, 6110 MONTIGNY-LE-TILLEUL, Belgium",4.36887257004571,50.367743824779865
BEL,"Rue de Cousolre , 2, 6111 LANDELIES, Belgium",4.3518775908052305,50.37716961017679
BEL,"Rue Abel Dubray , 16-18, 6120 HAM-SUR-HEURE, Belgium",4.391111100274657,50.32026671353739
BEL,"Rue de l'Eglise , 12, 6120 HAM-SUR-HEURE, Belgium",4.396040329894078,50.3338245257427
BEL,"Rue Willy Brogneaux , 8, 6120 JAMIOULX, Belgium",4.414072737290553,50.354728405529045
BEL,"Place des Haies , 1, 6120 NALINNES, Belgium",4.442145742681873,50.343492590050914
BEL,"Rue de l'Enseignement , 7, 6140 FONTAINE-L'EVEQUE, Belgium",4.3234144078211045,50.409338893559465
BEL,"Cité des Oiseaux , 8A, 6140 FONTAINE-L'EVEQUE, Belgium",4.315488584042225,50.40464577320107
BEL,"Boulevard Salvador Allende , 16, 6140 FONTAINE-L'EVEQUE, Belgium",4.316419458164091,50.411523091798415
BEL,"Rue des Trois Bonniers , 1, 6141 FORCHIES-LA-MARCHE, Belgium",4.325935768115301,50.43561829739977
BEL,"Rue Chaussée , 135, 6141 FORCHIES-LA-MARCHE, Belgium",4.337185807822874,50.4391747187297
BEL,"Rue Bertaux , 37A, 6142 LEERNES, Belgium",4.334838372968058,50.3976799436915
BEL,"Rue des Cent Bonniers , 68, 6150 ANDERLUES, Belgium",4.275402366296399,50.38939767167608
BEL,"Rue Maurice des Ombiaux , 4, 6150 ANDERLUES, Belgium",4.2733111624947355,50.40730175581169
BEL,"Chaussée de Mons , 12, 6150 ANDERLUES, Belgium",4.272684363775284,50.40569548979667
BEL,"Rue de la Station , 78, 6150 ANDERLUES, Belgium",4.28388250259863,50.39904885012612
BEL,"Rue du Général de Gaulle , 72, 6180 COURCELLES, Belgium",4.380291069103549,50.458178692710675
BEL,"Rue de Forrière , 111, 6180 COURCELLES, Belgium",4.363799640145908,50.447776010698256
BEL,"Trieu des Agneaux , 32, 6180 COURCELLES, Belgium",4.3794719895252285,50.452635572502686
BEL,"Place Bougard , 31, 6180 COURCELLES, Belgium",4.3628166450014305,50.461753574414985
BEL,"Place Franklin Delano Roosevel, 3, 6180 COURCELLES, Belgium",4.378494585757247,50.461263343770575
BEL,"Rue des Graffes , 38, 6180 COURCELLES, Belgium",4.356915776238882,50.438488923084606
BEL,"Rue des Communes , 5A, 6181 GOUY-LEZ-PIETON, Belgium",4.302532404802065,50.49746408616073
BEL,"Rue de la Science , 20, 6182 SOUVRET, Belgium",4.347688986150416,50.44285431059211
BEL,"Rue des Cloutiers , 2, 6183 TRAZEGNIES, Belgium",4.3340849896586064,50.46703999883823
BEL,"Rue du Seigneur , 128A, 6183 TRAZEGNIES, Belgium",4.328748818896688,50.4679037107057
BEL,"Place Jean Guyot , 1, 6200 CHATELET, Belgium",4.525952286328692,50.40500856087519
BEL,"Rue de la Station , 250, 6200 CHATELET, Belgium",4.5241312331166625,50.4074461340939
BEL,"Rue Neuve , 26, 6200 CHATELET, Belgium",4.523270579298611,50.405959645475235
BEL,"Rue de Fleurus , 95, 6200 CHATELET, Belgium",4.532265283415228,50.40383910779087
BEL,"Place du Baquet , 28, 6200 CHATELET, Belgium",4.525123238259008,50.404909414986236
BEL,"Rue des Gaux , 100, 6200 CHATELET, Belgium",4.532399645323125,50.40526885092504
BEL,"Rue des Ecoles , 14, 6200 CHATELET, Belgium",4.5138487519685215,50.401634291252186
BEL,"Rue Adolphe Chif , 42, 6200 CHATELINEAU, Belgium",4.515113730223447,50.41296012718834
BEL,"Rue Lloyd George , 10, 6200 CHATELINEAU, Belgium",4.519668959323155,50.41258445028802
BEL,"Place Jules Destrée , 47, 6200 CHATELINEAU, Belgium",4.518918285381555,50.431094955057084
BEL,"Rue de la Plaine , 11, 6200 CHATELINEAU, Belgium",4.512227673322059,50.43751470299321
BEL,"Rue Sainte-Anne , 59/61, 6200 CHATELINEAU, Belgium",4.511396775260295,50.415560612648534
BEL,"Rue Zéphirin Flandre , 10, 6210 FRASNES-LEZ-GOSSELIES, Belgium",4.448921254113742,50.539537258697464
BEL,"Rue de l'Eglise , 7, 6210 REVES, Belgium",4.4164288064541495,50.538028138940234
BEL,"Rue de l'Escaille , 1, 6210 VILLERS-PERWIN, Belgium",4.477180337755556,50.526332198887275
BEL,"Rue Alphonse Helsen , 69 bis, 6211 MELLET, Belgium",4.473757839050961,50.50333192129776
BEL,"Sentier du Lycée , 10, 6220 FLEURUS, Belgium",4.551437576574592,50.47663641075978
BEL,"Rue d'Orchies , 48, 6220 FLEURUS, Belgium",4.54399944494665,50.47753665618484
BEL,"Chemin de Mons , 28, 6220 FLEURUS, Belgium",4.550787529233276,50.48715149540786
BEL,"Rue Saint-Barthélemy , 19, 6220 HEPPIGNIES, Belgium",4.495474763445316,50.481647770144804
BEL,"Rue Arthur Baudhuin , 51, 6220 LAMBUSART, Belgium",4.5544342438478225,50.456974841867094
BEL,"Rue Henri Danvoie , 2, 6220 LAMBUSART, Belgium",4.552316053096348,50.45694118852586
BEL,"Rue du Roi-Chevalier , 23, 6220 WANGENIES, Belgium",4.518298937249142,50.473360792022845
BEL,"Rue de la Closière , 48, 6224 WANFERCEE-BAULET, Belgium",4.587654408341109,50.47164623181877
BEL,"Rue du Village , 78, 6230 OBAIX, Belgium",4.360723432321436,50.526462453662646
BEL,"Rue du Village , 104, 6230 OBAIX, Belgium",4.353464117438278,50.525311283080526
BEL,"Rue Célestin Freinet , 1, 6230 PONT-A-CELLES, Belgium",4.366361829405866,50.51081905453714
BEL,"Rue de l'Eglise , 41, 6230 PONT-A-CELLES, Belgium",4.3632824273609,50.51021899586087
BEL,"Rue de l'Eglise , 107, 6230 PONT-A-CELLES, Belgium",4.366682127288868,50.50724400696683
BEL,"Place des Résistants , 10, 6230 VIESVILLE, Belgium",4.406620591695564,50.48703820549838
BEL,"Rue Georges Theys , 15, 6238 LUTTRE, Belgium",4.390731157121786,50.50921692375721
BEL,"Rue Clément Daix , 87, 6240 FARCIENNES, Belgium",4.54753904536249,50.431243307507586
BEL,"Rue des Cayats , 77, 6240 FARCIENNES, Belgium",4.535673574578152,50.430728920838774
BEL,"Rue Amion , 14, 6240 FARCIENNES, Belgium",4.554443631579375,50.42707110309371
BEL,"Rue du Centre , 124, 6250 AISEAU, Belgium",4.586056901414906,50.41062786262978
BEL,"Rue Jules Destrée , 2, 6250 AISEAU-PRESLES, Belgium",4.570315016699169,50.418779996884425
BEL,"Rue Prés Burniaux , 1, 6250 AISEAU-PRESLES, Belgium",4.579337967829474,50.38799026999064
BEL,"Place Communale , 23, 6250 PRESLES, Belgium",4.577926419357751,50.38611302862205
BEL,"Rue des Ecoles , 10, 6280 ACOZ, Belgium",4.528570037581289,50.35429422294456
BEL,"Rue de Villers , 81, 6280 GERPINNES, Belgium",4.511199716716618,50.36347798088727
BEL,"Rue de Bertransart , 6, 6280 GERPINNES, Belgium",4.486959252733243,50.337266219005585
BEL,"Rue André Paganetti , 2, 6280 GERPINNES, Belgium",4.491122627859539,50.33971427955652
BEL,"Avenue Astrid , 13, 6280 GERPINNES, Belgium",4.529763955869612,50.340435081320095
BEL,"Place de Gougnies , 2, 6280 GOUGNIES, Belgium",4.577855460614842,50.35428148245174
BEL,"Allée Saint-Hubert , 5, 6280 LOVERVAL, Belgium",4.471970062922679,50.375592680822876
BEL,"Chaussée de Beaumont , 87, 6440 BOUSSU-LEZ-WALCOURT, Belgium",4.378337125389143,50.228376743724446
BEL,"Rue des Arzières , 24, 6440 FROIDCHAPELLE, Belgium",4.327440906468524,50.15308969661271
BEL,"Rue de la Station , 7, 6440 FROIDCHAPELLE, Belgium",4.326488470810688,50.149142742226445
BEL,"Place Mont-Joly , 12, 6460 CHIMAY, Belgium",4.316858166976289,50.04983328285152
BEL,"Avenue des Sports , 17, 6460 CHIMAY, Belgium",4.3118113392553425,50.04455276767004
BEL,"Rue de l'Athénée , 1, 6460 CHIMAY, Belgium",4.317049777282904,50.048621888295116
BEL,"Rue de Rocroi , 28, 6464 BAILEUX, Belgium",4.374657031977207,50.02943896130573
BEL,"Rue des Juifs , 3, 6464 BOURLERS, Belgium",4.341635697459318,50.02733479486253
BEL,"Rue Carrière , 1, 6470 RANCE, Belgium",4.283567594496333,50.144004551760844
BEL,"Rue du Chaufour , 1, 6470 RANCE, Belgium",4.273581227415036,50.14161746955551
BEL,"Grand'Place , 29, 6470 SIVRY, Belgium",4.17973710837312,50.16833120193256
BEL,"Rue de l'Esclinchamps , 34, 6470 SIVRY, Belgium",4.182027626867409,50.16620595015874
BEL,"Rue de Sivry , 4, 6470 SIVRY-RANCE, Belgium",4.172028409420044,50.19843053790267
BEL,"Rue du Pavé , 15-17, 6500 BARBENCON, Belgium",4.281434258668533,50.22242984514481
BEL,"Chaussée de Chimay , 20, 6500 BEAUMONT, Belgium",4.237802654615507,50.2336933045805
BEL,"Rue Basse , 2, 6500 BEAUMONT, Belgium",4.233851676915691,50.23719501227009
BEL,"Rue Plagne , 4-1, 6500 SOLRE-SAINT-GERY, Belgium",4.2438475155475714,50.216503739457806
BEL,"Rue du Tombois , 3, 6500 THIRIMONT, Belgium",4.237190608045637,50.26270860352679
BEL,"Chaussée de Charleroi , 167, 6511 STREE, Belgium",4.289790151775719,50.276540923061106
BEL,"Rue Alphonse Mathé , 12, 6530 LEERS-ET-FOSTEAU, Belgium",4.245702164734534,50.30630911336865
BEL,"Grand'Rue , 52, 6530 THUIN, Belgium",4.289576526420731,50.33904264718296
BEL,"Place Albert Ier , 26, 6530 THUIN, Belgium",4.285951656326294,50.33967037542157
BEL,"Rue Grignard , 24, 6533 BIERCEE, Belgium",4.260632742616042,50.32333945535836
BEL,"Rue de Marchienne , 134A, 6534 GOZEE, Belgium",4.3618060228234175,50.34583252352567
BEL,"Rue de la Cour , 8, 6536 THUILLIES, Belgium",4.327708037722715,50.29525901204687
BEL,"Rue des Bonniers , 34A, 6540 LOBBES, Belgium",4.273853721370971,50.36564679791584
BEL,"Rue des Ecoles , 27, 6540 LOBBES, Belgium",4.267734933769219,50.34831478276678
BEL,"Rue du Village , 40, 6540 MONT-SAINTE-GENEVIEVE, Belgium",4.232776634852743,50.375068203679774
BEL,"Rue Albert Ier , 51, 6560 ERQUELINNES, Belgium",4.121897362229362,50.3100179509772
BEL,"Rue de Maubeuge , 24 A, 6560 ERQUELINNES, Belgium",4.11926611518453,50.31028231620337
BEL,"Rue Paul Janson , 66, 6560 GRAND-RENG, Belgium",4.073819039493976,50.3293596827638
BEL,"Rue Reine Astrid , 8, 6560 SOLRE-SUR-SAMBRE, Belgium",4.1484970804995385,50.307826292844396
BEL,"Rue de la Halle , 14, 6560 SOLRE-SUR-SAMBRE, Belgium",4.153651364219201,50.30896669268094
BEL,"Rue Paul Pastur , 1, 6567 FONTAINE-VALMONT, Belgium",4.216671625253127,50.31819101903503
BEL,"Rue Haute , 30, 6567 MERBES-LE-CHATEAU, Belgium",4.160680344403119,50.32622301966242
BEL,"Rue de la Gendarmerie , 10, 6590 MOMIGNIES, Belgium",4.1667260435255,50.02731618007056
BEL,"Grand-Place , 30, 6590 MOMIGNIES, Belgium",4.165781448331566,50.02923985367113
BEL,"Place Yvon Paul , 17, 6591 MACON, Belgium",4.210324848168682,50.05171439147168
BEL,"Rue de la Poste , 10A, 6596 SELOIGNES, Belgium",4.253182225743482,50.01399701324858
BEL,"Avenue de la Gare , 12, 6600 BASTOGNE, Belgium",5.7104675870903066,49.99938927125157
BEL,"Chaussée de Houffalize , 3, 6600 BASTOGNE, Belgium",5.723561963869059,50.01410533674718
BEL,"Mageret , 495, 6600 BASTOGNE, Belgium",5.789885365306333,50.011118780826735
BEL,"Rue des Remparts , 45, 6600 BASTOGNE, Belgium",5.716328381428639,50.003836625257435
BEL,"Rue des Remparts , 43B, 6600 BASTOGNE, Belgium",5.715226328799133,50.00266278162724
BEL,"Bourcy , 725, 6600 LONGVILLY, Belgium",5.806956284589575,50.05652585535148
BEL,"Noville , 462, 6600 NOVILLE, Belgium",5.7605558288099985,50.06376186854382
BEL,"Wardin , 120, 6600 WARDIN, Belgium",5.790138075012836,49.99055474393614
BEL,"Rue de la Poste , 10/B, 6630 MARTELANGE, Belgium",5.734972667756949,49.83204201787339
BEL,"Grand-Rue , 33, 6630 MARTELANGE, Belgium",5.738217051019063,49.83114414840523
BEL,"Rue du Centre , 270, 6637 FAUVILLERS, Belgium",5.664413723007044,49.85116830554381
BEL,"Rue de l'Eglise , 6, 6640 SIBRET, Belgium",5.635518788190325,49.97118957339376
BEL,"Virée-du-Renard , 6, 6640 SIBRET, Belgium",5.633324573577056,49.971954673515626
BEL,"Rue du Wez , 4, 6640 VAUX-SUR-SURE, Belgium",5.5662333059898685,49.909496838184765
BEL,"Rue du Pont de Rondu , 11, 6640 VAUX-SUR-SURE, Belgium",5.636713460849933,49.963183347118644
BEL,"Rue de Schaerbeek , 3, 6660 HOUFFALIZE, Belgium",5.789724768041509,50.13065213809287
BEL,"Rue du Stoqueux , 2, 6660 HOUFFALIZE, Belgium",5.7846981417599,50.12771201199827
BEL,"Rue d'Houffalize , 28, 6670 GOUVY, Belgium",5.948676497651576,50.18759208274429
BEL,"Rue du Roy , 38, 6670 LIMERLE, Belgium",5.924873485194922,50.15667895328099
BEL,"Bovigny , 105, 6671 BOVIGNY, Belgium",5.915888963047904,50.21926776023572
BEL,"Rue de la Bonne-Dame , 4, 6680 SAINTE-ODE, Belgium",5.51128951157969,50.051576131978806
BEL,"Rue Saint-Martin , 6, 6680 SAINTE-ODE, Belgium",5.5813978452148945,50.01180211548311
BEL,"Rue de la Croisette , 5, 6680 TILLET, Belgium",5.528505270149793,50.010246266615695
BEL,"Rue Grande , 31, 6687 BERTOGNE, Belgium",5.66557989719584,50.08334622722276
BEL,"Rue du Village , 53, 6687 BERTOGNE, Belgium",5.709144671312146,50.0871972507272
BEL,"Rue de Chevirolle , 34, 6687 BERTOGNE, Belgium",5.633211669341307,50.060038166148615
BEL,"Rue des Acins , 14, 6688 LONGCHAMPS (LUX.), Belgium",5.695007166683212,50.054570734526294
BEL,"Rue du Capitaine Franck , 15, 6688 LONGCHAMPS (LUX.), Belgium",5.637998825701885,50.017579803251465
BEL,"Rue de l'Hôtel-de-Ville , 3, 6690 VIELSALM, Belgium",5.91657523341317,50.285141551999914
BEL,"Rue du Vieux Château , 3, 6690 VIELSALM, Belgium",5.902898901096961,50.26718386927024
BEL,"Place Paulin Moxhet , 16, 6690 VIELSALM, Belgium",5.916142140476097,50.28759384541195
BEL,"Rue du Centre , 66, 6692 PETIT-THIER, Belgium",5.967885388977777,50.3077985487449
BEL,"Rue Sculpteur Vinçotte , 16, 6698 GRAND-HALLEUX, Belgium",5.909654631237345,50.32621786479197
BEL,"Rue de Sesselich , 83, 6700 ARLON, Belgium",5.80867918478728,49.67482379156854
BEL,"Avenue du Bois d'Arlon , 21, 6700 ARLON, Belgium",5.796263779919258,49.677268020555196
BEL,"Rue du Moulin , 7, 6700 ARLON, Belgium",5.71153384899327,49.68781159244841
BEL,"Chemin de Piélemrot , 4, 6700 ARLON, Belgium",5.772968105910916,49.68769495585577
BEL,"Rue du Casino , 9, 6700 ARLON, Belgium",5.815655526619253,49.681868697368486
BEL,"Rue de Bastogne , 33, 6700 ARLON, Belgium",5.8107889098165515,49.68858528402103
BEL,"Rue des Framboisiers , 5, 6700 ARLON, Belgium",5.805509400463421,49.68925156150445
BEL,"Rue Paul Reuter , 22, 6700 ARLON, Belgium",5.81713746026685,49.68343364877494
BEL,"Rue de Sterpenich , 30, 6700 AUTELBAS, Belgium",5.875496597569222,49.649011364640735
BEL,"Rue de Stehnen , 30, 6700 AUTELBAS, Belgium",5.824985003948683,49.65924958682584
BEL,"Rue du Brill , 4, 6700 BONNERT, Belgium",5.834121278409896,49.68152382396232
BEL,"Millewee, Metzert , 25, 6717 ATTERT, Belgium",5.794168851429868,49.72226447417436
BEL,"Rue des Potiers , 308, 6717 ATTERT, Belgium",5.78393454932791,49.75102426006973
BEL,"Rue Nicolas Roeltgen , 69, 6717 ATTERT, Belgium",5.785572540846459,49.7703999512691
BEL,"Chemin des Ecoliers , 193, 6717 NOBRESSART, Belgium",5.728252560705073,49.75686552457364
BEL,"Rue de la Courtière , 19, 6720 HABAY-LA-NEUVE, Belgium",5.645342294892913,49.72519115066399
BEL,"Avenue de la Gare , 1, 6720 HABAY-LA-NEUVE, Belgium",5.644221634438367,49.727386999748376
BEL,"Avenue de la Gare , 68, 6720 HABAY-LA-NEUVE, Belgium",5.64006957488138,49.72383374335422
BEL,"Place Saint-Etienne , 2A, 6723 HABAY-LA-VIEILLE, Belgium",5.618601341554239,49.723151959349934
BEL,"Rue de la Rivière , 37, 6724 MARBEHAN, Belgium",5.532387380508141,49.726971680504015
BEL,"Rue des Prés , 1, 6724 RULLES, Belgium",5.533345148681349,49.72246376318972
BEL,"Rue Jean-Charles de Hugo , 77, 6730 BELLEFONTAINE, Belgium",5.4970094307777515,49.66627567525313
BEL,"Rue de France , 18, 6730 TINTIGNY, Belgium",5.512679985497471,49.679312300719005
BEL,"Rue du Termezart , 16, 6740 ETALLE, Belgium",5.607422984022378,49.66883534084485
BEL,"Rue Fernand Neuray , 36, 6740 ETALLE, Belgium",5.603009912000516,49.67252379733722
BEL,"Grand-Rue , 68, 6740 SAINTE-MARIE-SUR-SEMOIS, Belgium",5.563286815566613,49.67160790677724
BEL,"Rue des Roses , 52, 6741 VANCE, Belgium",5.664803816780818,49.671160983699906
BEL,"Rue des Lilas , 53, 6743 BUZENOL, Belgium",5.594429609176899,49.64576134441688
BEL,"Rue de Conchibois , 7, 6747 SAINT-LEGER-EN-GAUME, Belgium",5.6577801171959266,49.60972347744263
BEL,"Rue d'Arlon , 5, 6747 SAINT-LEGER-EN-GAUME, Belgium",5.658565585342501,49.6124844344391
BEL,"Place Abbé Goffinet , 22, 6750 MUSSON, Belgium",5.705501988826272,49.55774671765539
BEL,"Place Abbé Goffinet , 5, 6750 MUSSON, Belgium",5.7054425975124525,49.55805680130432
BEL,"Rue du Paquis , 2, 6750 MUSSY-LA-VILLE, Belgium",5.665803861648698,49.569137589805365
BEL,"Rue de Longuyon , 64, 6760 RUETTE, Belgium",5.595631993187425,49.53601641558856
BEL,"Avenue Bouvier , 5, 6760 VIRTON, Belgium",5.530539306593369,49.566815844535284
BEL,"Rue Croix-le-Maire , 16, 6760 VIRTON, Belgium",5.5284290786499355,49.567509321294494
BEL,"Rue des Ecoles , 8, 6761 LATOUR, Belgium",5.54956622680163,49.55871917752489
BEL,"Rue du Temple , 2, 6762 SAINT-MARD, Belgium",5.529043569378603,49.55564823845416
BEL,"Rue Léon Colleaux , 10, 6762 SAINT-MARD, Belgium",5.530150386286039,49.5554038414524
BEL,"Rue des Pâquis , 2A, 6767 LAMORTEAU, Belgium",5.478021318781202,49.52715821076518
BEL,"Rue de l'Eglise , 5, 6767 LAMORTEAU, Belgium",5.479033852684779,49.52617404960384
BEL,"Rue Firmin Lepage , 18, 6769 MEIX-DEVANT-VIRTON, Belgium",5.478651051698671,49.60575222693097
BEL,"Rue de Grihire , 25, 6769 VILLERS-LA-LOUE, Belgium",5.482878464033291,49.57425847164089
BEL,"Rue de la Halte , 27, 6780 MESSANCY, Belgium",5.818468409505897,49.61148225218594
BEL,"Rue Grande , 108, 6780 MESSANCY, Belgium",5.813950647513366,49.5957646749894
BEL,"Rue Chasseurs-Ardennais , 18, 6780 MESSANCY, Belgium",5.817564253610357,49.593813032654026
BEL,"Rue Albert 1er , 155, 6780 WOLKRANGE, Belgium",5.79901803554921,49.63085702137596
BEL,"Avenue de la Gare , 39, 6790 AUBANGE, Belgium",5.802451263089864,49.566611745192944
BEL,"Avenue de la Gare , 10, 6790 AUBANGE, Belgium",5.803375032638826,49.56842667868753
BEL,"Rue du Centre , 31, 6791 ATHUS, Belgium",5.835632200276308,49.563879202848256
BEL,"Rue de Lorraine , 44, 6791 ATHUS, Belgium",5.838262186584036,49.570060965604384
BEL,"Rue de la Station , 6, 6791 ATHUS, Belgium",5.827510288500813,49.56349193795346
BEL,"Rue de la Station , 4, 6791 ATHUS, Belgium",5.826093762100726,49.56434858942606
BEL,"Rue Reifenberg , 11, 6792 HALANZY, Belgium",5.78208525003032,49.5771348893536
BEL,"Rue Mathieu , 48, 6792 HALANZY, Belgium",5.7477716662677665,49.55704753266511
BEL,"Grand-Place , 12, 6792 HALANZY, Belgium",5.742627859927069,49.55995743608099
BEL,"Rue de l'Atre , 149, 6792 RACHECOURT, Belgium",5.727521980621843,49.592760337764496
BEL,"Rue Zébo , 30, 6800 BRAS, Belgium",5.384587938721734,49.980938996274
BEL,"Rue de la Fontaine , 2, 6800 LIBRAMONT, Belgium",5.380478261681503,49.91452430370941
BEL,"Buisson Ponsin , 13, 6800 LIBRAMONT, Belgium",5.4068027182513845,49.90648207716015
BEL,"Grand-Rue , 16, 6800 LIBRAMONT, Belgium",5.3775028536922775,49.91736627180006
BEL,"Grand-Rue , 18, 6800 LIBRAMONT, Belgium",5.377513414890274,49.91744300812363
BEL,"Rue de Grandvoir , 49, 6800 LIBRAMONT-CHEVIGNY, Belgium",5.356580449899923,49.90068083624388
BEL,"Rue Plein Vent , 19, 6800 SAINTE-MARIE-CHEVIGNY, Belgium",5.421847647718096,49.92212145120004
BEL,"La Bondine , 8, 6800 SAINTE-MARIE-CHEVIGNY, Belgium",5.493879795770113,49.93206561539884
BEL,"Croix des Fourneaux , 31, 6800 SAINTE-MARIE-CHEVIGNY, Belgium",5.45279379744732,49.92197538952839
BEL,"Rue de l'Institut , 47, 6810 IZEL, Belgium",5.378885364802045,49.690851163906444
BEL,"Rue de la Cateleine , 9, 6810 JAMOIGNE, Belgium",5.414191701176662,49.68562106587254
BEL,"Rue du Couvent , 14, 6810 JAMOIGNE, Belgium",5.416083664361423,49.69462775611069
BEL,"Rue du Miroir , 7, 6820 FLORENVILLE, Belgium",5.311445577680814,49.696054104574046
BEL,"Fâche-Sainte-Anne , 1, 6820 FLORENVILLE, Belgium",5.31721014777068,49.69895495553453
BEL,"Rue des Ecoles , 1, 6820 FONTENOILLE, Belgium",5.234303653814976,49.71554022734776
BEL,"Rue Grande , 46, 6820 MUNO, Belgium",5.174059395293739,49.71501937588445
BEL,"Rue des Iles , 12, 6821 LACUISINE, Belgium",5.320258813593654,49.71437174813559
BEL,"Rue de Margny , 9, 6823 VILLERS-DEVANT-ORVAL, Belgium",5.332109483579217,49.6185323128563
BEL,"Rue des Bastions , 4, 6830 BOUILLON, Belgium",5.0685369340090745,49.79701844500238
BEL,"Boulevard Heynen , 11, 6830 BOUILLON, Belgium",5.06994718921834,49.79613821944042
BEL,"Rue des Ecoles , 2, 6831 NOIREFONTAINE, Belgium",5.091727564619731,49.820896978406665
BEL,"Allée du Centenaire , 2, 6840 HAMIPRE, Belgium",5.457469814204359,49.83790394376865
BEL,"Route de la Maladrie , 4, 6840 LONGLIER, Belgium",5.461024663160089,49.858618895457425
BEL,"Grand-Place , 10, 6840 NEUFCHATEAU, Belgium",5.435881049109554,49.84022367738197
BEL,"Rue du Lieutenant Lozet , 12, 6840 NEUFCHATEAU, Belgium",5.436999865545431,49.843408088126864
BEL,"Rue Joseph Jacques , 5, 6850 CARLSBOURG, Belgium",5.083468623963881,49.89430597978378
BEL,"Avenue Arthur Tagnon , 2, 6850 CARLSBOURG, Belgium",5.080609053876543,49.89559867880101
BEL,"Rue de la Station , 65, 6850 PALISEUL, Belgium",5.126040936969118,49.89939044875652
BEL,"Ruelle Coleau-Colette , 2, 6850 PALISEUL, Belgium",5.137045834315512,49.9033460031828
BEL,"Rue de l'Enseignement , 4, 6856 FAYS-LES-VENEURS, Belgium",5.160363281686017,49.86585490864974
BEL,"Chemin de Stria , 4, 6860 LEGLISE, Belgium",5.535252283110879,49.79872386893197
BEL,"Rue Albert Ier , 67, 6860 LEGLISE, Belgium",5.625058089208352,49.77783696249958
BEL,"Rue du Buchy , 5, 6860 LEGLISE, Belgium",5.482947614734513,49.78204358824624
BEL,"Rue Wacomont , 28, 6870 ARVILLE, Belgium",5.320748819653289,50.031641409747124
BEL,"Rue de l'Eglise , 23, 6870 HATRIVAL, Belgium",5.346705143035706,50.00710975844743
BEL,"Rue des Rogations , 5, 6870 SAINT-HUBERT, Belgium",5.370699548436036,50.0227103551006
BEL,"Rue du Gibet , 50, 6880 BERTRIX, Belgium",5.259508958672882,49.85738968935672
BEL,"Rue des Ecoles , 27, 6880 BERTRIX, Belgium",5.209959338051249,49.878355301859955
BEL,"Rue de Bohémont , 1, 6880 BERTRIX, Belgium",5.254801262754398,49.85438406460656
BEL,"Grand-Rue , 21, 6880 ORGEO, Belgium",5.33389006631257,49.84732853964411
BEL,"Rue de l'A-de-l'A , 16, 6880 ORGEO, Belgium",5.3047774384286015,49.83539427622938
BEL,"Avenue des Combattants , 5/c, 6887 HERBEUMONT, Belgium",5.235649955103014,49.779419130542976
BEL,"Rue du Curé , 13, 6890 LIBIN, Belgium",5.256150078613388,49.97888805809379
BEL,"Place Communale , 21, 6890 OCHAMPS, Belgium",5.2752463171609065,49.92343045301894
BEL,"Rue des Ecoles , 4, 6890 TRANSINNE, Belgium",5.204821872170881,50.00029465146496
BEL,"Rue Wez-de-Bouillon , 120, 6890 VILLANCE, Belgium",5.212350130609192,49.96407037295066
BEL,"Rue des Sarts , 2, 6900 AYE, Belgium",5.292580054234,50.22654780707936
BEL,"Rue des Jardins , 1A, 6900 AYE, Belgium",5.289296614577275,50.22166082695198
BEL,"Rue des Ecoles , 3, 6900 MARCHE-EN-FAMENNE, Belgium",5.316940753402633,50.20097626382531
BEL,"Rue d'Ambly , 16, 6900 MARCHE-EN-FAMENNE, Belgium",5.307552016017752,50.18411179081727
BEL,"Les Ruelles , 1, 6900 MARCHE-EN-FAMENNE, Belgium",5.255397718984341,50.2043929371072
BEL,"Rue Simon Legrand , 8, 6900 MARCHE-EN-FAMENNE, Belgium",5.284159297721544,50.170022104945986
BEL,"Rue de Nérette , 2, 6900 MARCHE-EN-FAMENNE, Belgium",5.348671286063592,50.22637187979481
BEL,"Chemin Saint-Martin , 38, 6900 MARCHE-EN-FAMENNE, Belgium",5.332954127962211,50.232721716273915
BEL,"Avenue de la Toison d'Or , 71, 6900 MARCHE-EN-FAMENNE, Belgium",5.334402318275394,50.21607592757185
BEL,"Rue de Nérette , 4, 6900 MARCHE-EN-FAMENNE, Belgium",5.350423563960884,50.226319192903446
BEL,"Rue Saint-Denis , 60, 6900 WAHA, Belgium",5.359613776840092,50.21370749464896
BEL,"Rue de la Station , 31, 6920 WELLIN, Belgium",5.119241161793127,50.080756722055725
BEL,"Avenue Fort-Mahon , 3A, 6920 WELLIN, Belgium",5.1095023961316315,50.08040899880248
BEL,"Rue de Haut-Fays , 80A, 6924 LOMPREZ, Belgium",5.089585066349059,50.07555813997777
BEL,"Mont du Carillon , 30, 6927 TELLIN, Belgium",5.2225965658307985,50.08924147118313
BEL,"Rue de Wellin , 13, 6929 HAUT-FAYS, Belgium",5.019088147682652,50.00248361844686
BEL,"Rue Basse Commène , 24, 6940 BARVAUX-SUR-OURTHE, Belgium",5.497019405242526,50.35323420555946
BEL,"Route de Marche , 6, 6940 DURBUY, Belgium",5.490131157212943,50.34974502881511
BEL,"Rue des Pinèdes , 2, 6940 GRANDHAN, Belgium",5.438041317099576,50.328165109558974
BEL,"Rue des Ardennes , 25, 6941 BOMAL-SUR-OURTHE, Belgium",5.526256080594362,50.376490035523744
BEL,"Tige du Bois de Gras , 16B, 6941 BORLON, Belgium",5.405593712537353,50.37530627119136
BEL,"Fosses di Martchet , 15, 6941 HEYD, Belgium",5.552413090446366,50.34848246115199
BEL,"Rue du Vivier , 12A, 6950 NASSOGNE, Belgium",5.344193620304324,50.12754159262721
BEL,"Rue de Martel , 9, 6950 NASSOGNE, Belgium",5.340933196871049,50.127844829171835
BEL,"Rue des Alliés , 44, 6953 FORRIERES, Belgium",5.284053015189272,50.13303335296598
BEL,"Rue Alphonse Poncelet , 1, 6960 GRANDMENIL, Belgium",5.6601713903528434,50.29222312862623
BEL,"Rue du Pré des Fossés , 7, 6960 MANHAY, Belgium",5.676428645361797,50.292601363037726
BEL,"Route de Bastogne , 25c, 6970 TENNEVILLE, Belgium",5.52581426013532,50.092467330439234
BEL,"Rue du Monument , 8, 6980 BEAUSAINT, Belgium",5.5528628293205315,50.16984646216494
BEL,"Rue des Evêts , 4, 6980 LA ROCHE-EN-ARDENNE, Belgium",5.576437463701284,50.18846086812729
BEL,"Rue de Beausaint , 19, 6980 LA ROCHE-EN-ARDENNE, Belgium",5.57689114733455,50.17907594338948
BEL,"Bérismenil , 30, 6982 SAMREE, Belgium",5.6668921679569735,50.177967981518236
BEL,"Ortho , 9, 6983 ORTHO, Belgium",5.616133038707147,50.125381178280975
BEL,"Rue de La-Roche , 22, 6987 RENDEUX, Belgium",5.510071621048297,50.23297778341592
BEL,"Rue Emile Dupont , 6, 6987 RENDEUX, Belgium",5.502288437216663,50.23428624041114
BEL,"Clos des Pommiers , 12, 6990 HAMPTEAU, Belgium",5.467983752150537,50.257815529465596
BEL,"Avenue de la Gare , 42, 6990 HOTTON, Belgium",5.43959657355472,50.27373533596402
BEL,"Rue de la Scierie , 5, 6990 HOTTON, Belgium",5.451810800973375,50.26994999013065
BEL,"Rue d'Izegem , 14, 6990 HOTTON, Belgium",5.442877079137434,50.26725893238079
BEL,"Grand-Route , 49, 6990 MARENNE, Belgium",5.393111969061721,50.245262719805
BEL,"Route de Beffe , 15, 6997 AMONINES, Belgium",5.558643576483547,50.26479930163583
BEL,"Route de Beffe , 12, 6997 AMONINES, Belgium",5.558820937554742,50.2655945346996
BEL,"Rue du Thier , 1, 6997 EREZEE, Belgium",5.558647767435133,50.28939784052287
BEL,"Rue du Ravet , 4, 6997 EREZEE, Belgium",5.536741914943207,50.290424707480895
BEL,"Place du Batty , 6 A, 6997 MORMONT, Belgium",5.589771282668124,50.32601703439187
BEL,"Rue Grand-Mont , 6, 6997 SOY, Belgium",5.509327559503419,50.285502434841135
BEL,"Rue des Canonniers , 3/Z, 7000 MONS, Belgium",3.9478062391038122,50.44745836427782
BEL,"Rue des Arquebusiers , 3, 7000 MONS, Belgium",3.955447265857572,50.44998244869058
BEL,"Rue Achille Legrand , 12, 7000 MONS, Belgium",3.945706248263597,50.44953095643124
BEL,"Rue du Rossignol , 12, 7000 MONS, Belgium",3.9541727974797425,50.458297129002545
BEL,"Avenue du Général de Gaulle , 154, 7000 MONS, Belgium",3.945169795279014,50.44044895583784
BEL,"Avenue Victor Maistriau , 11, 7000 MONS, Belgium",3.9557640179785665,50.462001175834786
BEL,"Rue Fétis , 11, 7000 MONS, Belgium",3.9453645860077993,50.45319190017329
BEL,"Rue des Compagnons , 10, 7000 MONS, Belgium",3.948530184081079,50.456424486104595
BEL,"Rue des Dominicains , 9, 7000 MONS, Belgium",3.949899535602839,50.4568592554223
BEL,"Rue des Clercs , 34, 7000 MONS, Belgium",3.9491838887097117,50.45351043364661
BEL,"Avenue du Général de Gaulle , 45A, 7000 MONS, Belgium",3.9475795275775543,50.44435755681907
BEL,"Rue Valenciennoise , 1C, 7000 MONS, Belgium",3.9622901311037957,50.45803925665265
BEL,"Rue Valenciennoise , 1B, 7000 MONS, Belgium",3.9622901311037957,50.45803925665265
BEL,"Avenue d'Oslo , 714, 7010 SHAPE, Belgium",-87.86035999999996,43.48491000000007
BEL,"Rue de Mons , 4, 7011 GHLIN, Belgium",3.9032096527066074,50.474313311499685
BEL,"Sentier du Vicaire , 1, 7011 GHLIN, Belgium",3.9046622027380042,50.4750849589492
BEL,"Place A. Dooms , 6, 7012 FLENU, Belgium",3.8905528112736363,50.4332614319554
BEL,"Rue du Couvent , 1, 7012 JEMAPPES, Belgium",3.8850483316392967,50.450068740383756
BEL,"Rue du Docteur Liénard , 4, 7012 JEMAPPES, Belgium",3.888919726406164,50.44854718368632
BEL,"Avenue du Coq , 10, 7012 JEMAPPES, Belgium",3.8835503179037687,50.44610347153903
BEL,"Rue Croisette , 2, 7012 JEMAPPES, Belgium",3.8742986355338807,50.44394915673872
BEL,"Avenue Champ de Bataille , 386, 7012 JEMAPPES, Belgium",3.8885492849576053,50.43659286128198
BEL,"Avenue des Espinois , 77, 7020 MAISIERES, Belgium",3.9582472221923406,50.48656631469061
BEL,"Rue Franche , 22, 7020 NIMY, Belgium",3.9569721855022806,50.47604136656784
BEL,"Rue Victor Baudour , 42, 7021 HAVRE, Belgium",4.046498790404996,50.46168383698057
BEL,"Rue du Château , 2, 7021 HAVRE, Belgium",4.0432554967902945,50.46432518421875
BEL,"Chaussée de Beaumont , 501, 7022 HARMIGNIES, Belgium",4.019050152981208,50.405075103233145
BEL,"Rue Louis Piérard , 1, 7022 HYON, Belgium",3.9598681330493832,50.440653180908726
BEL,"Rue des Canadiens , 16B, 7022 HYON, Belgium",3.9547898923322187,50.43319398261115
BEL,"Rue François Marcq , 4, 7030 SAINT-SYMPHORIEN, Belgium",4.0078304966435505,50.43828894343063
BEL,"Place de Saint-Symphorien , 7, 7030 SAINT-SYMPHORIEN, Belgium",4.00766308606029,50.437870514783015
BEL,"Rue Ferrer , 3, 7033 CUESMES, Belgium",3.922484844886924,50.43676741441561
BEL,"Rue de l'Etang Derbaix , 2B, 7033 CUESMES, Belgium",3.9240288554353575,50.43814833928207
BEL,"Rue des Ecoles , 52-54, 7034 OBOURG, Belgium",4.01095910184597,50.47517329476548
BEL,"Rue Georges Tondeur , 61, 7040 QUEVY-LE-GRAND, Belgium",3.9440032019950593,50.35902681311546
BEL,"Rue des Juifs , 20, 7041 GIVRY, Belgium",4.031367694973653,50.378201003362506
BEL,"Rue de Pâturages , 64, 7041 GIVRY, Belgium",4.027238601831357,50.37937773874933
BEL,"Chemin du Prince , 115, 7050 ERBISOEUL, Belgium",3.908330957584879,50.50816100008561
BEL,"Rue de Baudour , 4, 7050 HERCHIES, Belgium",3.856634557718725,50.52693290691494
BEL,"Rue du Moustier , 3, 7050 JURBISE, Belgium",3.9073453675524092,50.532986717546805
BEL,"Rue du Bois de Genly , 1, 7050 MASNUY-SAINT-JEAN, Belgium",3.9557930193635684,50.51519453549534
BEL,"Rue du Pontin , 30, 7060 HORRUES, Belgium",4.040373707917035,50.608803865279846
BEL,"Place Van Zeeland , 33, 7060 SOIGNIES, Belgium",4.068106344210936,50.578908603521356
BEL,"Rue Léon Hachez , 36, 7060 SOIGNIES, Belgium",4.069072680580007,50.580591694722216
BEL,"Rue Général Henry , 27B, 7060 SOIGNIES, Belgium",4.079678804613742,50.56957890000455
BEL,"Rue de Steenkerque , 21, 7060 SOIGNIES, Belgium",4.0734532628221105,50.580736280375284
BEL,"Rue Félix Eloy , 6, 7060 SOIGNIES, Belgium",4.07251806188026,50.57932732653774
BEL,"Rue de la Motte , 15, 7061 THIEUSIES, Belgium",4.048255050577353,50.51395263081136
BEL,"Rue de la Place , 21-25, 7062 NAAST, Belgium",4.099838791461593,50.5539688843088
BEL,"Rue de la Haute Folie , 32, 7062 NAAST, Belgium",4.098437588707753,50.55305915444765
BEL,"Rue Centrale , 8, 7063 NEUFVILLES, Belgium",3.9990034066136104,50.566336508172725
BEL,"Rue des Sept Blasons , 2, 7063 NEUFVILLES, Belgium",4.010160390292356,50.5427830249736
BEL,"Rue de l'Ange Gardien , 3, 7070 LE ROEULX, Belgium",4.1109887343416744,50.50397753738983
BEL,"Rue des Déportés , 48, 7070 MIGNAULT, Belgium",4.149343691652818,50.54266686435623
BEL,"Rue de la Cense du Roi , 15, 7070 THIEU, Belgium",4.086206128860908,50.47368190273349
BEL,"Rue du Coron , 9, 7070 VILLE-SUR-HAINE, Belgium",4.068503250553811,50.47546065531641
BEL,"Rue du Centre , 110, 7080 EUGIES, Belgium",3.8708530756974824,50.39118167962468
BEL,"Rue Sainte-Philomène , 6, 7080 FRAMERIES, Belgium",3.8979213733020823,50.41183816228162
BEL,"Rue des Soeurs de la Providenc, 1, 7080 FRAMERIES, Belgium",3.892222641990979,50.412397573632745
BEL,"Place Calmette , 1, 7080 FRAMERIES, Belgium",3.8975636027276437,50.40275725554804
BEL,"Rue de la Victoire , 10, 7080 FRAMERIES, Belgium",3.9012814797001454,50.40982374474865
BEL,"Rue de la Libération , 65, 7080 LA BOUVERIE, Belgium",3.874128052906201,50.40579489916834
BEL,"Rue de Mons , 60, 7090 BRAINE-LE-COMTE, Belgium",4.134666940260047,50.60784528525912
BEL,"Rue d'Henripont , 145, 7090 BRAINE-LE-COMTE, Belgium",4.219126517055145,50.60824468294541
BEL,"Rue des Postes , 99, 7090 BRAINE-LE-COMTE, Belgium",4.127903975228072,50.60708827551818
BEL,"Rue Père Damien , 12, 7090 BRAINE-LE-COMTE, Belgium",4.137347389076524,50.61177132679697
BEL,"Rue des Postes , 101, 7090 BRAINE-LE-COMTE, Belgium",4.127793135841407,50.6070147848443
BEL,"Rue du Planois , 83, 7090 HENNUYERES, Belgium",4.174928877658714,50.63950486863062
BEL,"Rue Turenne , 4, 7090 STEENKERQUE, Belgium",4.068153940172948,50.64383055579097
BEL,"Rue Maurice Denuit , 21, 7100 HAINE-SAINT-PAUL, Belgium",4.202767472808603,50.46509736704877
BEL,"Rue des Ecoles , 52, 7100 HAINE-SAINT-PAUL, Belgium",4.214496353741026,50.47243002358471
BEL,"Rue Alphonse Parent , 20, 7100 HAINE-SAINT-PIERRE, Belgium",4.204945426529719,50.458485889462054
BEL,"Rue de Bouvy , 38, 7100 LA LOUVIERE, Belgium",4.185051566076027,50.47359003707467
BEL,"Place Maugrétout , 11, 7100 LA LOUVIERE, Belgium",4.188400220213651,50.477640885150834
BEL,"Rue de Baume , 48, 7100 LA LOUVIERE, Belgium",4.200823206548023,50.474453205463675
BEL,"Rue de Mignault , 30, 7100 LA LOUVIERE, Belgium",4.1945572738663826,50.51302617921355
BEL,"Rue Victor Boch , 2, 7100 LA LOUVIERE, Belgium",4.181406933874151,50.47352276426638
BEL,"Rue Achille Chavée , 56, 7100 LA LOUVIERE, Belgium",4.1928663496826175,50.47991137508299
BEL,"Rue Parmentier , 23, 7100 LA LOUVIERE, Belgium",4.204559942802689,50.48925652657135
BEL,"Rue Faignart , 28, 7100 LA LOUVIERE, Belgium",4.179437702605242,50.46972162112115
BEL,"Chaussée de Mons , 20, 7100 LA LOUVIERE, Belgium",4.200352562684742,50.46233846361858
BEL,"Rue de l'Olive , 1, 7100 LA LOUVIERE, Belgium",4.184652351530814,50.47189662217738
BEL,"Rue de l'Olive , 5, 7100 LA LOUVIERE, Belgium",4.184065016072267,50.472099986147185
BEL,"Rue de Bouvy , 35, 7100 LA LOUVIERE, Belgium",4.187356170354121,50.471402695622004
BEL,"Rue Gustave Boël , 55, 7100 LA LOUVIERE, Belgium",4.173896929330141,50.47878736186715
BEL,"Rue des Briqueteries , 1, 7100 SAINT-VAAST, Belgium",4.16652001634543,50.46704787782721
BEL,"Rue du Four à Chaux , 15, 7100 SAINT-VAAST, Belgium",4.15778255283729,50.455782599959434
BEL,"Place de Trivières , 25, 7100 TRIVIERES, Belgium",4.145634157650932,50.44712702764531
BEL,"Rue Eugène Valentin , 22, 7110 HOUDENG-AIMERIES, Belgium",4.146960845285548,50.48520018834864
BEL,"Rue Jean Louthe , 11, 7110 HOUDENG-AIMERIES, Belgium",4.149734863261298,50.483399126347514
BEL,"Rue de l'Abattoir , 36, 7110 HOUDENG-GOEGNIES, Belgium",4.1575424113113115,50.48202638071126
BEL,"Rue Cardinal Mercier , 17, 7110 HOUDENG-GOEGNIES, Belgium",4.153697548505704,50.48402588371374
BEL,"Chaussée Paul Houtart , 316, 7110 LA LOUVIERE, Belgium",4.155473925245673,50.48802929021792
BEL,"Rue du Roeulx , 23, 7110 MAURAGE, Belgium",4.09812686117742,50.459582615326056
BEL,"Rue des Canadiens , 1-3, 7110 STREPY-BRACQUEGNIES, Belgium",4.113119246490811,50.46097212958196
BEL,"Place de Bracquegnies , 1, 7110 STREPY-BRACQUEGNIES, Belgium",4.121460497435862,50.47434428263193
BEL,"Rue de Nivelles , 155, 7110 STREPY-BRACQUEGNIES, Belgium",4.122848540601723,50.469550672205884
BEL,"Chaussée Brunehault , 234, 7120 ESTINNES, Belgium",4.097560467024682,50.39701086264897
BEL,"Rue Grande , 28, 7120 ESTINNES, Belgium",4.0974014178372045,50.398723716101955
BEL,"Rue Grégoire Jurion , 22, 7120 VELLEREILLE-LES-BRAYEUX, Belgium",4.141205439666209,50.387349389540155
BEL,"Rue de Maromme , 120, 7130 BINCHE, Belgium",4.173764924732141,50.414177714782525
BEL,"Avenue de Burlet , 12, 7130 BINCHE, Belgium",4.174594974226608,50.41101284344262
BEL,"Rue des Masures , 21, 7130 BINCHE, Belgium",4.163812577800741,50.409626560476426
BEL,"Place des Droits de l'Homme , 16, 7130 BINCHE, Belgium",4.176625913968916,50.415250955443895
BEL,"Rue de Clerfayt , 33, 7131 WAUDREZ, Belgium",4.149261090973965,50.41262556352308
BEL,"Rue des Ecoles , 9, 7133 BUVRINNES, Belgium",4.204634767945238,50.38985422951329
BEL,"Rue Salvador Allende , 63, 7134 LEVAL-TRAHEGNIES, Belgium",4.22024466293874,50.41846540310348
BEL,"Place René Anème , 14, 7134 LEVAL-TRAHEGNIES, Belgium",4.222888482838357,50.42527993229464
BEL,"Rue Alphonse Gravis , 53, 7134 PERONNES-LEZ-BINCHE, Belgium",4.15018410615167,50.43728621231264
BEL,"Rue Joseph Wauters , 141, 7134 PERONNES-LEZ-BINCHE, Belgium",4.183008728634093,50.432861070350214
BEL,"Place de Ressaix , 7, 7134 RESSAIX, Belgium",4.191993877381094,50.419793348023575
BEL,"Rue des Primevères , 2, 7134 RESSAIX, Belgium",4.193420016296869,50.43093499281953
BEL,"Rue Argentin , 22, 7140 MORLANWELZ-MARIEMONT, Belgium",4.244636505662808,50.454475241217715
BEL,"Rue de l'Enseignement , 14, 7140 MORLANWELZ-MARIEMONT, Belgium",4.248838519793395,50.462152175820506
BEL,"Place Franklin Roosevelt , 18, 7140 MORLANWELZ-MARIEMONT, Belgium",4.239385002714022,50.45332920051746
BEL,"Rue des Ecoles 32 , 1, 7141 CARNIERES, Belgium",4.261754278215477,50.45064818135026
BEL,"Place de Carnières , 15A, 7141 CARNIERES, Belgium",4.251993641849364,50.44342701494935
BEL,"Place de Carnières , 26, 7141 CARNIERES, Belgium",4.2535665837365855,50.44226757736982
BEL,"Avenue Lamarche , 34B, 7160 CHAPELLE-LEZ-HERLAIMONT, Belgium",4.2769643311747245,50.47285175904298
BEL,"Rue Pastur , 38, 7160 CHAPELLE-LEZ-HERLAIMONT, Belgium",4.284474095698226,50.47411457202283
BEL,"Rue des Ecoles , 4, 7160 CHAPELLE-LEZ-HERLAIMONT, Belgium",4.284617092592924,50.46672567746916
BEL,"Place Albert Ier , 38, 7160 CHAPELLE-LEZ-HERLAIMONT, Belgium",4.285700944436166,50.49571020106684
BEL,"Rue Emile Vandervelde , 17, 7160 CHAPELLE-LEZ-HERLAIMONT, Belgium",4.287983695617042,50.47253306877389
BEL,"Rue de la Résistance , 8A, 7160 PIETON, Belgium",4.298587879395249,50.439621888075294
BEL,"Rue Eugène Coquereau , 47, 7170 BOIS-D'HAINE, Belgium",4.216840001332325,50.4801335003421
BEL,"Rue Valéry Happe , 2, 7170 BOIS-D'HAINE, Belgium",4.210784902589973,50.49441387915888
BEL,"Place Albert Ier , 1B, 7170 FAYT-LEZ-MANAGE, Belgium",4.227147704573641,50.49002461825343
BEL,"Place Albert Ier , 7, 7170 FAYT-LEZ-MANAGE, Belgium",4.229452015938904,50.490631996882456
BEL,"Ruelle Vanhulst , 15, 7170 LA HESTRE, Belgium",4.239687241725477,50.4752738776036
BEL,"Rue Delval , 34, 7170 MANAGE, Belgium",4.241870978959781,50.50087417964863
BEL,"Grand'Rue , 79, 7170 MANAGE, Belgium",4.236005742212768,50.500186193036
BEL,"Rue de Soudromont , 2A, 7170 MANAGE, Belgium",4.258872374937465,50.49752441692602
BEL,"Rue de Buisseret , 19, 7180 SENEFFE, Belgium",4.254401421292869,50.53041607166193
BEL,"Rue Général Leman , 6, 7180 SENEFFE, Belgium",4.258246870831698,50.52890221612944
BEL,"Rue des Ecoles , 10, 7181 ARQUENNES, Belgium",4.27504034911982,50.56990317561193
BEL,"Rue Ferrer , 106, 7181 FAMILLEUREUX, Belgium",4.20026974948135,50.51859230758558
BEL,"Chaussée de Marche , 27, 7181 FELUY, Belgium",4.248927116509947,50.56175923466765
BEL,"Chaussée de Familleureux , 8, 7181 FELUY, Belgium",4.2493790687291835,50.560892001055606
BEL,"Rue de l'Avedelle , 152, 7190 ECAUSSINNES, Belgium",4.181113328869031,50.54836973107808
BEL,"Rue de Soignies , 1, 7190 ECAUSSINNES-D'ENGHIEN, Belgium",4.173983019335646,50.57197532253158
BEL,"Rue Arthur Pouplier , 46-48, 7190 ECAUSSINNES-D'ENGHIEN, Belgium",4.153251463618716,50.562731996440675
BEL,"Rue Anselme Mary , 13, 7190 ECAUSSINNES-D'ENGHIEN, Belgium",4.150195673178047,50.561765437275994
BEL,"Rue de l'Eglise , 22-24, 7190 ECAUSSINNES-D'ENGHIEN, Belgium",4.1756216304522695,50.57222019355155
BEL,"Rue Neuve , 24, 7300 BOUSSU, Belgium",3.7948507553873867,50.43269909007134
BEL,"Quartier de Robertmont , 1, 7300 BOUSSU, Belgium",3.7998625002986564,50.42617051537796
BEL,"Rue Jules Bonaventure , 10, 7300 BOUSSU, Belgium",3.79758191471808,50.43466682566083
BEL,"Place Saint-Charles , 30A, 7300 BOUSSU, Belgium",3.7806706751359775,50.411481268533294
BEL,"Rue de Binche , 80, 7301 HORNU, Belgium",3.8306660409228357,50.428458894802475
BEL,"Rue de Mot , 110, 7301 HORNU, Belgium",3.8297644834172786,50.43393961174132
BEL,"Rue de Mons , 202, 7301 HORNU, Belgium",3.8342540843577035,50.43808187904941
BEL,"Rue Lotard , 16, 7320 BERNISSART, Belgium",3.64900771339894,50.47569129751081
BEL,"Rue des Ecoles , 26, 7321 BLATON, Belgium",3.6581364663588545,50.49986244202586
BEL,"Rue de Basècles , 1, 7321 BLATON, Belgium",3.661075915983446,50.50236389530002
BEL,"Rue Buissonnet , 22, 7321 HARCHIES, Belgium",3.69188108653384,50.479956846907726
BEL,"Place de Ville , 1, 7322 VILLE-POMMEROEUL, Belgium",3.727699641011526,50.47174287516239
BEL,"Onzième Rue , 1, 7330 SAINT-GHISLAIN, Belgium",3.8157384002772505,50.44661888275906
BEL,"Avenue de l'Enseignement , 20, 7330 SAINT-GHISLAIN, Belgium",3.8179932839661594,50.445275864506186
BEL,"Avenue de l'Enseignement , 14, 7330 SAINT-GHISLAIN, Belgium",3.8182549291611387,50.44608513926055
BEL,"Les Jardins de l'Abbaye , 60, 7330 SAINT-GHISLAIN, Belgium",3.821072117043008,50.45186640347898
BEL,"Rue Louis Caty , 133, 7331 BAUDOUR, Belgium",3.842875456364311,50.470781638506224
BEL,"Avenue Louis Goblet , 222, 7331 BAUDOUR, Belgium",3.831566207177999,50.48434312869606
BEL,"Parc Communal de Baudour ,, 7331 BAUDOUR, Belgium",3.8347755906482024,50.48164632937751
BEL,"Rue du Salon , 9, 7332 SIRAULT, Belgium",3.7857123555125507,50.50569978538656
BEL,"Rue Albert Bériot , 57, 7332 SIRAULT, Belgium",3.7838233095880653,50.50631145730311
BEL,"Rue Defuisseaux , 44, 7333 TERTRE, Belgium",3.8134641963119975,50.46990635826714
BEL,"Rue de l'Eglise , 22, 7333 TERTRE, Belgium",3.7774190789914712,50.45971094652066
BEL,"Rue de Tournai , 112, 7333 TERTRE, Belgium",3.799638657040262,50.4668800946971
BEL,"Place d'Hautrage , 6, 7334 HAUTRAGE, Belgium",3.7641166633759156,50.48277618385981
BEL,"Rue Albert Libiez , 57, 7340 COLFONTAINE, Belgium",3.865407026943423,50.39516525414237
BEL,"Rue d'Orléans , 12, 7340 PATURAGES, Belgium",3.863729480447039,50.4114099627162
BEL,"Rue du Grand Passage , 124B, 7340 PATURAGES, Belgium",3.8536105788562622,50.40199835803452
BEL,"Rue Lloyd George , 63, 7340 WASMES, Belgium",3.840261052276668,50.421651776946845
BEL,"Place Mosselman , 2, 7340 WASMES, Belgium",3.8624045683695982,50.41534354874168
BEL,"Rampe Anfouette , 9, 7340 WASMES, Belgium",3.8437008026419526,50.400679949713606
BEL,"Rue Traversière , 72, 7340 WASMES, Belgium",3.8340946584167455,50.40375960543926
BEL,"Ruelle Artus , 2, 7340 WASMES, Belgium",3.840860111564808,50.407687029991166
BEL,"Rue des Alliés , 5, 7340 WASMES, Belgium",3.8445104303976905,50.42158137560895
BEL,"Rue des Ecoles , 5, 7350 HENSIES, Belgium",3.6862036044179547,50.43467713540173
BEL,"Rue Ferrer , 20, 7350 THULIN, Belgium",3.74072503472712,50.42906444539739
BEL,"Rue du Couvent , 1, 7350 THULIN, Belgium",3.7393198924787896,50.42972179615393
BEL,"Rue Decrucq , 27, 7370 DOUR, Belgium",3.780815007063012,50.400356259383415
BEL,"Rue du Chêne Brûlé , 84, 7370 DOUR, Belgium",3.787534611200698,50.39702600352328
BEL,"Rue Ropaix , 40, 7370 DOUR, Belgium",3.8141329883663673,50.37969763408401
BEL,"Rue du Roi Albert , 57, 7370 DOUR, Belgium",3.777027033837247,50.39767739512805
BEL,"Rue Pairois , 95, 7370 DOUR, Belgium",3.783445918831717,50.39804599732071
BEL,"Rue Charles Wantiez , 27, 7370 ELOUGES, Belgium",3.7505924626023557,50.40095397289886
BEL,"Rue de la Carrière , 5, 7370 WIHERIES, Belgium",3.7541376723694384,50.38689634780721
BEL,"Rue d'Angre , 152, 7380 BAISIEUX, Belgium",3.6962278053886113,50.38687931911555
BEL,"Rue de la Gare , 1B, 7380 QUIEVRAIN, Belgium",3.6843567906922616,50.4078080247018
BEL,"Avenue du Vert Bocage , 5, 7380 QUIEVRAIN, Belgium",3.6798198730017884,50.407583065234405
BEL,"Rue Grande , 9, 7380 QUIEVRAIN, Belgium",3.6834597884134723,50.40693081468666
BEL,"Place de Fayt , 11, 7387 FAYT-LE-FRANC, Belgium",3.772312907396042,50.35534719953097
BEL,"Rue Bourdon , 4, 7387 ROISIN, Belgium",3.6931764258505666,50.33248342123463
BEL,"Rue Docteur Edmond Isaac , 68, 7390 QUAREGNON, Belgium",3.854299152202117,50.451067988970806
BEL,"Rue Achille Delattre , 336, 7390 QUAREGNON, Belgium",3.853291008768764,50.428188241527245
BEL,"Rue Louis de Brouckère , 108, 7390 QUAREGNON, Belgium",3.866736516547222,50.433650160613794
BEL,"Rue de l'Enseignement , 2, 7390 QUAREGNON, Belgium",3.845627067538743,50.44459146002521
BEL,"Rue de l'Egalité , 102, 7390 QUAREGNON, Belgium",3.8596069570369425,50.440131105905095
BEL,"Rue Edouard Anseele , 44, 7390 QUAREGNON, Belgium",3.868570599643789,50.44152686858621
BEL,"Place du Sud , 50, 7390 QUAREGNON, Belgium",3.8679060823600366,50.424009487230336
BEL,"Place de Saint-Maur , 42, 7500 SAINT-MAUR, Belgium",3.3901265372476246,50.5716420433352
BEL,"Résidence Marcel Carbonnelle , 7B, 7500 TOURNAI, Belgium",3.369091247127226,50.61270290584148
BEL,"Chaussée de Lille , 32, 7500 TOURNAI, Belgium",3.372782367920877,50.604713554775685
BEL,"Rue du Rempart , 21, 7500 TOURNAI, Belgium",3.3909806585572473,50.6122705307356
BEL,"Chaussée de Renaix , 86, 7500 TOURNAI, Belgium",3.4064700749732992,50.61441946337672
BEL,"Boulevard des Combattants , 134, 7500 TOURNAI, Belgium",3.4046438259094316,50.60655694483154
BEL,"Avenue De Gaulle , 1, 7500 TOURNAI, Belgium",3.37857912451895,50.6063731296949
BEL,"Rue du Sondart , 12, 7500 TOURNAI, Belgium",3.3919066020249886,50.61074898606668
BEL,"Rue Mullier , 86, 7500 TOURNAI, Belgium",3.384296173604006,50.59580484518769
BEL,"Rue de la Justice , 8B, 7500 TOURNAI, Belgium",3.3951449200700408,50.602252775695966
BEL,"Avenue Leray , 33, 7500 TOURNAI, Belgium",3.3910644112802135,50.61321823394323
BEL,"Rue du Château , 24, 7500 TOURNAI, Belgium",3.389782292484199,50.612770282017436
BEL,"Rue Doublet , 18, 7500 TOURNAI, Belgium",3.380829508082559,50.59662281769933
BEL,"Boulevard Léopold , 65, 7500 TOURNAI, Belgium",3.377916896784597,50.60960097332753
BEL,"Rue Saint-Eleuthère , 168, 7500 TOURNAI, Belgium",3.3701637566375164,50.61496415568908
BEL,"Rue Cherequefosse , 10, 7500 TOURNAI, Belgium",3.3950470496877188,50.60455178404439
BEL,"Rue des Carmes , 18, 7500 TOURNAI, Belgium",3.3819359091026513,50.60717506828121
BEL,"Rue des Campeaux , 41, 7500 TOURNAI, Belgium",3.392136877794838,50.608649669201775
BEL,"Rue du Château , 18, 7500 TOURNAI, Belgium",3.3713947738849837,50.58231288246892
BEL,"Chaussée de Lannoy , 144B, 7503 FROYENNES, Belgium",3.345956924998177,50.62500878266292
BEL,"Rue de Roubaix , 64, 7520 TEMPLEUVE, Belgium",3.2757117987031563,50.64449389960825
BEL,"Rue de Tournai , 1, 7520 TEMPLEUVE, Belgium",3.2850307148345905,50.64478659566714
BEL,"Rue de Roubaix , 52, 7520 TEMPLEUVE, Belgium",3.2757557326246713,50.644069506284886
BEL,"Place de Blandain , 19, 7522 BLANDAIN, Belgium",3.30282213503091,50.625104230623236
BEL,"Rue de l'Alêne d'Or , 9, 7522 MARQUAIN, Belgium",3.321683352497246,50.60791963274028
BEL,"Rue d'Antoing , 4, 7530 GAURAIN-RAMECROIX, Belgium",3.4700050686812176,50.59520851848424
BEL,"Rue Gros Fidèle , 51, 7530 GAURAIN-RAMECROIX, Belgium",3.478718476127227,50.59199322042613
BEL,"Rue de l'Eglise Saint-Thomas , 1, 7534 TOURNAI, Belgium",3.549500393248175,50.61704685647746
BEL,"Rue des Prisonniers , 36B, 7538 VEZON, Belgium",3.5047808305848207,50.56881407302282
BEL,"Rue Abbé Dropsy , 2, 7540 KAIN, Belgium",3.3903833587609142,50.62887803680678
BEL,"Rue des Ecoles , 49, 7540 KAIN, Belgium",3.394651095330186,50.62712043249254
BEL,"Rue Raoul Van Spitael , 37, 7540 KAIN, Belgium",3.3834687077363412,50.639518359973806
BEL,"Rue Montgomery , 71, 7540 KAIN, Belgium",3.387754877744129,50.62976941029996
BEL,"Rue Boucher , 2, 7548 WARCHIN, Belgium",3.423232358018517,50.610318751681525
BEL,"Rue des Ecoles , 77, 7600 PERUWELZ, Belgium",3.5797638276497707,50.51543811360162
BEL,"Rue Flament , 1, 7600 PERUWELZ, Belgium",3.5910280996891686,50.511662611044784
BEL,"Rue de la Verte Chasse , 5, 7600 PERUWELZ, Belgium",3.593629471176329,50.5067413058916
BEL,"Rue Pétillon , 22, 7600 PERUWELZ, Belgium",3.5974510915456848,50.50965898669738
BEL,"Allée Max Quintart , 1, 7603 BON-SECOURS, Belgium",3.6111865459058947,50.49868904618951
BEL,"Rue de Saint-Amand , 24, 7603 BON-SECOURS, Belgium",3.604734606856823,50.49641186394561
BEL,"Rue du Champ Delmée , 3, 7608 WIERS, Belgium",3.5317734086568464,50.51010127203077
BEL,"Rue Hector Delaissé , 21, 7610 RUMES, Belgium",3.3056550581500233,50.55437004219479
BEL,"Rue Albert Moulin , 5, 7610 RUMES, Belgium",3.3054306746020075,50.555183422078926
BEL,"Rue Albert Ier , 17, 7611 LA GLANERIE, Belgium",3.3053944204154964,50.53000618018755
BEL,"Rue des Bois , 31, 7618 TAINTIGNIES, Belgium",3.341538823834412,50.54728532235478
BEL,"Rue de l'Eglise , 6, 7618 TAINTIGNIES, Belgium",3.3431213271539377,50.54971896603226
BEL,"Rue des Zelvas , 2, 7620 BLEHARIES, Belgium",3.413511711830978,50.51452029520391
BEL,"Rue Cazier , 2 A, 7620 HOLLAIN, Belgium",3.4252980926191867,50.53764424777481
BEL,"Rue du Chauchoir , 33, 7620 WEZ-VELVAIN, Belgium",3.3941973773639593,50.546761575185506
BEL,"Rue des Pépinières , 3, 7621 LESDAIN, Belgium",3.3872764387108703,50.520779774766766
BEL,"Ruelle du Couvent , 4, 7622 LAPLAIGNE, Belgium",3.4476137363573685,50.521164546032054
BEL,"Rue Aimoncamps , 2b, 7623 RONGY, Belgium",3.387374783092554,50.50563585647759
BEL,"Place Bara , 10, 7640 ANTOING, Belgium",3.4490092394170517,50.56494113084159
BEL,"Rue des Ecoles , 11, 7640 ANTOING, Belgium",3.454244734873141,50.5502530775393
BEL,"Rue du Marais , 25, 7640 MAUBRAY, Belgium",3.5040313208028806,50.55087223209014
BEL,"Rue Albert Ier , 9, 7642 CALONNE, Belgium",3.4382079356513335,50.57762545465922
BEL,"Rue Louis Dassonville , 38, 7700 LUINGNE, Belgium",3.2352146335110206,50.73729036875875
BEL,"Rue Curiale , 5B, 7700 LUINGNE, Belgium",3.23611886366239,50.73936033554496
BEL,"Rue Cotonnière , 17, 7700 MOUSCRON, Belgium",3.225223907840075,50.743610156114954
BEL,"Rue du Nouveau-Monde , 188, 7700 MOUSCRON, Belgium",3.202304347978128,50.748949931351916
BEL,"Avenue de la Bourgogne , 210, 7700 MOUSCRON, Belgium",3.1915921919008667,50.743436692628734
BEL,"Rue de l'Enseignement , 9, 7700 MOUSCRON, Belgium",3.2023035097878108,50.72899077587249
BEL,"Rue Camille Busschaert , 49, 7700 MOUSCRON, Belgium",3.217869727019946,50.743700771351655
BEL,"Chaussée de Lille , 182, 7700 MOUSCRON, Belgium",3.187838720919734,50.75273991736732
BEL,"Rue du Bois , 7, 7700 MOUSCRON, Belgium",3.1986425459378722,50.727557763796085
BEL,"Rue de la Coquinie , 168, 7700 MOUSCRON, Belgium",3.2192480299711406,50.75282153242864
BEL,"Place du Tuquet , 13, 7700 MOUSCRON, Belgium",3.197091139479113,50.74032851529324
BEL,"Rue de Tournai , 17, 7700 MOUSCRON, Belgium",3.21688492000888,50.743856332611216
BEL,"Rue du Beau-Chêne , 36, 7700 MOUSCRON, Belgium",3.221504354486939,50.73816640336912
BEL,"Rue des Etudiants , 2, 7700 MOUSCRON, Belgium",3.21491425075331,50.74043316335437
BEL,"Rue des étudiants , 2, 7700 MOUSCRON, Belgium",3.21491425075331,50.74043316335437
BEL,"Rue des Moulins , 50, 7700 MOUSCRON, Belgium",3.2115718830430637,50.741222738633496
BEL,"Rue Roland Vanoverschelde , 123, 7700 MOUSCRON, Belgium",3.197865794970596,50.74852760916042
BEL,"Rue des Ecoles , 64, 7711 DOTTIGNIES, Belgium",3.299173941785967,50.72792812239658
BEL,"Place de la Résistance , 8, 7711 DOTTIGNIES, Belgium",3.3054999941159213,50.72773888736837
BEL,"Rue des Frontaliers , 42, 7712 HERSEAUX, Belgium",3.2305869847678537,50.723689557390145
BEL,"Chaussée de Luingne , 52, 7712 HERSEAUX, Belgium",3.23194537541908,50.72493400088544
BEL,"Rue de la Broche de Fer , 153, 7712 HERSEAUX, Belgium",3.2179994616741396,50.714400941838704
BEL,"Rue de la Citadelle , 134, 7712 HERSEAUX, Belgium",3.243249415273712,50.71367015252703
BEL,"Rue des Muguets , 1, 7730 ESTAIMBOURG, Belgium",3.3151226692437774,50.68281139278915
BEL,"Contour de l'Eglise , 1B, 7730 ESTAIMPUIS, Belgium",3.2647078913610716,50.706126727814194
BEL,"Rue des Mésanges , 22, 7730 LEERS-NORD, Belgium",3.2637386691122003,50.68939252788638
BEL,"Rue de l'Ancienne Douane , 1, 7730 NECHIN, Belgium",3.2630968654105432,50.66602370628577
BEL,"Avenue des Combattants , 17, 7740 PECQ, Belgium",3.3368300382685163,50.68744008927021
BEL,"Rue de la Clergerie , 14, 7740 PECQ, Belgium",3.341179994559468,50.686226473509436
BEL,"Rue des Ecoles , 2, 7740 WARCOING, Belgium",3.34676628156879,50.703499606206776
BEL,"Grand-Rue , 124, 7743 OBIGIES, Belgium",3.3640850960192346,50.661985497920476
BEL,"Rue Parfait , 9, 7760 CELLES, Belgium",3.4585144268014387,50.71065567716283
BEL,"Place d'Escanaffles , 19, 7760 ESCANAFFLES, Belgium",3.4487460476573233,50.756128612326506
BEL,"Rue de l'Enseignement , 3, 7760 POTTES, Belgium",3.4051472430141416,50.72998042718041
BEL,"Rue des Ecoles , 15, 7760 VELAINES, Belgium",3.483596157042115,50.667993445260436
BEL,"Avenue des Châteaux , 76, 7780 COMINES, Belgium",3.005343285857407,50.77886984719842
BEL,"Rue Ligue du Coin de Terre , 8, 7780 COMINES, Belgium",2.997586053901546,50.768320548803445
BEL,"Chaussée de Warneton , 26, 7780 COMINES, Belgium",2.991657817266713,50.76733098401098
BEL,"Rue de Warneton , 1, 7780 COMINES-WARNETON, Belgium",2.9968336424775543,50.76870674768867
BEL,"Rue du Commerce , 21, 7780 COMINES-WARNETON, Belgium",3.0067208516442747,50.77266275453039
BEL,"Rue d'Armentières , 157, 7782 PLOEGSTEERT, Belgium",2.8834490398333514,50.71618574239136
BEL,"Rue de l'Eglise , 21, 7783 LE BIZET, Belgium",2.88970858239028,50.705265755113366
BEL,"Rempart Godtschalck , 2, 7784 WARNETON, Belgium",2.9464927701961585,50.75100475491536
BEL,"Faubourg de Lille , 43, 7784 WARNETON, Belgium",2.9442122219801945,50.7501736053965
BEL,"Rue Hennepin , 12, 7800 ATH, Belgium",3.7801653257478733,50.63080813765097
BEL,"Rue du Collège , 5, 7800 ATH, Belgium",3.778085272655858,50.62850395246804
BEL,"Rue de Pintamont , 28, 7800 ATH, Belgium",3.7748934439266577,50.629242230499756
BEL,"Rue des Ecriniers , 4, 7800 ATH, Belgium",3.778874680296923,50.62899861048396
BEL,"Chemin de la Poterie , 1, 7804 REBAIX, Belgium",3.782478144291076,50.65940480244319
BEL,"Place de Maffle , 27, 7810 MAFFLE, Belgium",3.802714740765623,50.61639025836084
BEL,"Rue de la Brasserie , 92A, 7812 LIGNE, Belgium",3.7033293413479385,50.624754517630095
BEL,"Rue du Mont , 2, 7812 MAINVAULT, Belgium",3.7147780990762556,50.650734352250936
BEL,"Place d'Isières , 13, 7822 ISIERES, Belgium",3.8195720891559404,50.66243100476564
BEL,"Rue des Ecoles , 6a, 7830 BASSILLY, Belgium",3.93702094845211,50.67142299504241
BEL,"La Clergerie , 81, 7830 HOVES, Belgium",4.038887435588464,50.6714371920896
BEL,"Rue Saint-Pierre , 6, 7830 SILLY, Belgium",3.9219530969494656,50.64890001465051
BEL,"Rue du Marais , 16, 7830 SILLY, Belgium",3.9239161386731496,50.64620175428976
BEL,"Rue Montgomery , 73, 7850 ENGHIEN, Belgium",4.035150280238668,50.692478618907046
BEL,"Place du Vieux Marché , 17, 7850 ENGHIEN, Belgium",4.043813899179838,50.69477848740982
BEL,"Rue de Sambre , 22, 7850 ENGHIEN, Belgium",4.038829812850184,50.69570003785391
BEL,"Rue du Viaduc , 69, 7850 ENGHIEN, Belgium",4.04158455836718,50.6973090172522
BEL,"Rue du Village , 2, 7850 MARCQ, Belgium",4.017276206993159,50.6882197739036
BEL,"Place , 3, 7850 PETIT-ENGHIEN, Belgium",4.0823370877118945,50.688201056364726
BEL,"Rue François Watterman , 27, 7860 LESSINES, Belgium",3.8262980635400368,50.70988896335936
BEL,"Parvis Saint-Pierre , 15, 7860 LESSINES, Belgium",3.830976462425309,50.71258738677036
BEL,"Rue des Patriotes , 3, 7860 LESSINES, Belgium",3.8405020530589358,50.709443991221505
BEL,"Ancien Chemin d'Ollignies , 10G, 7860 LESSINES, Belgium",3.837602662495592,50.70702230885909
BEL,"Rue des Ecoles , 10A, 7864 DEUX-ACREN, Belgium",3.852804799499502,50.73157132452233
BEL,"Place de Bois-de-Lessines , 5, 7866 BOIS-DE-LESSINES, Belgium",3.8905266597357127,50.69756588931082
BEL,"Rue des Déportés , 15, 7866 OLLIGNIES, Belgium",3.864093657519703,50.687097059882745
BEL,"Rue du Thy , 3, 7870 LENS, Belgium",3.8960785809420315,50.557386437690525
BEL,"Rue de la Crête , 32, 7880 FLOBECQ, Belgium",3.736595606308697,50.7324526276125
BEL,"Rue des Camomilles , 14, 7880 FLOBECQ, Belgium",3.734428632880764,50.73961244930496
BEL,"Rue du Pont , 54, 7890 ELLEZELLES, Belgium",3.683729015143456,50.73249097481951
BEL,"Vieux Moulin , 4, 7890 WODECQ, Belgium",3.7403986434174783,50.71771732564909
BEL,"Rue de Tournai , 59, 7900 LEUZE-EN-HAINAUT, Belgium",3.615083575069491,50.5985511795611
BEL,"Tour Saint-Pierre , 11, 7900 LEUZE-EN-HAINAUT, Belgium",3.623877448786004,50.60124265058025
BEL,"Rue du Rempart , 19, 7900 LEUZE-EN-HAINAUT, Belgium",3.6201625054796125,50.59947017142525
BEL,"Rue du Bergeant , 2, 7900 LEUZE-EN-HAINAUT, Belgium",3.6159182449876823,50.59578925864574
BEL,"Rue du Moulin , 1, 7904 PIPAIX, Belgium",3.572651028434109,50.58155343429257
BEL,"Place de Pipaix , 1, 7904 PIPAIX, Belgium",3.579597865966889,50.58373939273122
BEL,"Chaussée de Renaix , 58, 7910 ANVAING, Belgium",3.580244194520759,50.69457639972427
BEL,"Place d'Anvaing , 26, 7910 ANVAING, Belgium",3.5618215257124177,50.68223748387874
BEL,"Grand'Place , 17, 7911 FRASNES-LEZ-BUISSENAL, Belgium",3.6220680473475113,50.667654900191195
BEL,"Rue Gorge , 12, 7911 MONTROEUL-AU-BOIS, Belgium",3.568367792092431,50.650566923735
BEL,"Route de Grandmetz , 10, 7911 MOUSTIER, Belgium",3.6198744194674646,50.65354337946212
BEL,"Chaussée Brunehault , 40, 7911 OEUDEGHIEN, Belgium",3.7092981784182086,50.678930864985546
BEL,"Chaussée de Renaix , 128, 7912 DERGNEAU, Belgium",3.5810024214819975,50.716651985755504
BEL,"Rue des Combattants , 24, 7912 SAINT-SAUVEUR, Belgium",3.5949282830557365,50.705953659818476
BEL,"Rue Tour Notre Dame , 16, 7912 SAINT-SAUVEUR, Belgium",3.6014152055612954,50.708987615401384
BEL,"Avenue Gabrielle Petit , 6, 7940 BRUGELETTE, Belgium",3.8528546150088516,50.59261519955126
BEL,"Rue Maurice Lelangue , 1, 7940 BRUGELETTE, Belgium",3.8543548109258357,50.599510951767904
BEL,"Rue du Château , 22, 7950 CHIEVRES, Belgium",3.806748866944929,50.58770156027177
BEL,"Grand'Place , 2, 7950 CHIEVRES, Belgium",3.8092506135857036,50.58621176080135
BEL,"Rue Rincheval , 2, 7950 CHIEVRES, Belgium",3.8054876419741106,50.55269068598406
BEL,"Rue Augustin Melsens , 4, 7950 HUISSIGNIES, Belgium",3.7463261577050844,50.565435495490874
BEL,"Rue de la Liberté , 15, 7950 LADEUZE, Belgium",3.771991221123623,50.56817095310814
BEL,"Rue de Mons , 45, 7970 BELOEIL, Belgium",3.7370583648649447,50.54627983961905
BEL,"Rue du Château , 2, 7970 BELOEIL, Belgium",3.732562066862613,50.549225607211355
BEL,"Place de Basècles , 9, 7971 BASECLES, Belgium",3.6536560038354366,50.5378691761465
BEL,"Place de Basècles , 7, 7971 BASECLES, Belgium",3.6474917007831493,50.52527436079703
BEL,"Rue Joseph Wauters , 60, 7972 QUEVAUCAMPS, Belgium",3.6838001228768675,50.52437877981229
BEL,"Broecke , 25, 9600 RENAIX, Belgium",3.5957056207562346,50.75412793585758
