iso3,address,lon,lat
CZE,"Smolkova 567/2, Kamýk, 142 00 Praha 4, Czech Republic",14.448987634130276,50.00853355043034
CZE,"č.p. 74, 256 01 Petroupim, Czech Republic",14.757461258473372,49.81129000686005
CZE,"Šrámkova 432/14, Lesná, 638 00 Brno, Czech Republic",16.62525156355707,49.226452656661365
CZE,"Ostrovní 2070/9, Nové Město, 110 00 Praha 1, Czech Republic",14.41521610804611,50.08043682672104
CZE,"Soukenická 1088/10, Nové Město, 110 00 Praha 1, Czech Republic",14.42884457969518,50.090809306172105
CZE,"Donovalská 1863/44, Chodov, 149 00 Praha 4, Czech Republic",14.498908321605484,50.03642705736516
CZE,"Nad Kajetánkou 134/9, Břevnov, 169 00 Praha 6, Czech Republic",14.375275333586757,50.08629393302198
CZE,"Rajská 300/3, Holešovice, 170 00 Praha 7, Czech Republic",14.439939872566583,50.107421232437446
CZE,"Českolipská 373/27, Střížkov, 190 00 Praha 9, Czech Republic",14.499483739258494,50.12621459091372
CZE,"Školská 349, Kročehlavy, 272 01 Kladno, Czech Republic",14.118597402292579,50.14296829707126
CZE,"Školní nám. 199/15, 390 01 Tábor, Czech Republic",14.660718531655476,49.41285696318971
CZE,"Budějovická 825, 390 02 Tábor, Czech Republic",14.674518497043522,49.41097346572715
CZE,"Mašovice 5, 346 01 Meclov, Czech Republic",12.89901741449674,49.51456922083841
CZE,"Školní náměstí 34/1, Skvrňany, 318 00 Plzeň, Czech Republic",13.349764651316121,49.74684764153642
CZE,"Jesenická 1262/11, Bolevec, 323 00 Plzeň, Czech Republic",13.372468628628411,49.77890842118251
CZE,"Saskova 2080/34, 466 01 Jablonec nad Nisou, Czech Republic",15.172301621722198,50.72869996574181
CZE,"Růžodolská 118/26, Liberec XI-Růžodol I, 460 01 Liberec, Czech Republic",15.040090426355647,50.77583706508196
CZE,"Sovova 480/2, Předměstí, 412 01 Litoměřice, Czech Republic",14.131941392147894,50.5365155826027
CZE,"Podkrušnohorská 1677, Horní Litvínov, 436 01 Litvínov, Czech Republic",13.619255746537476,50.60702406829549
CZE,"Koněvova 100, Bohosudov, 417 42 Krupka, Czech Republic",13.873259850718654,50.68089776238469
CZE,"Vocelova 1334/9, Pražské Předměstí, 500 02 Hradec Králové, Czech Republic",15.815322006035274,50.21776471297153
CZE,"U Stadionu 1166, 516 01 Rychnov nad Kněžnou, Czech Republic",16.279332766439467,50.164862666355845
CZE,"Nádražní 233, 517 24 Borohrádek, Czech Republic",16.086151737217715,50.09726454957512
CZE,"č.p. 2, 518 01 Dobřany, Czech Republic",16.289218513959003,50.32659997152779
CZE,"Janouškova 577/2, Černá Pole, 613 00 Brno, Czech Republic",16.622147409535074,49.21983782631338
CZE,"Rozmarýnová 676/3, Jundrov, 637 00 Brno, Czech Republic",16.552312493581468,49.20664701573861
CZE,"Heyrovského 828/13, Bystrc, 635 00 Brno, Czech Republic",16.526740396640605,49.2267602725079
CZE,"Lerchova 344/65, Stránice, 602 00 Brno, Czech Republic",16.580758493664092,49.2015882018961
CZE,"Česká 4787, 760 05 Zlín, Czech Republic",17.66423866975319,49.24214580061013
CZE,"náměstí Svobody 1369/3, 586 01 Jihlava, Czech Republic",15.589745294111651,49.39932459006056
CZE,"Studentské náměstí 1531, Mařatice, 686 01 Uherské Hradiště, Czech Republic",17.471918499782646,49.0708661773572
CZE,"Cihelní 1620/6, 792 01 Bruntál, Czech Republic",17.458236635410344,49.98575468081319
CZE,"Štefánikova 117/29, 742 21 Kopřivnice, Czech Republic",18.146985330687357,49.600548101403064
CZE,"Aksamitova 707/6, 779 00 Olomouc, Czech Republic",17.254335189822285,49.589912765468426
CZE,"Zámecká 57, 747 41 Hradec nad Moravicí, Czech Republic",17.875680056342702,49.86802632448638
CZE,"Pasteurova 1285/7, Vítkovice, 703 00 Ostrava, Czech Republic",18.251263246988543,49.80894580940202
CZE,"Jungmannova 349/3, Přívoz, 702 00 Ostrava, Czech Republic",18.272569961041484,49.85245329321012
CZE,"Loučská 237/1, Lipník nad Bečvou I-Město, 751 31 Lipník nad Bečvou, Czech Republic",17.588486968348036,49.52960874397755
CZE,"U Bečvy 2883/2, Přerov I-Město, 750 00 Přerov, Czech Republic",17.45435816117299,49.45600448616594
CZE,"Králova 380, 757 01 Valašské Meziříčí, Czech Republic",17.969727189265996,49.46867645693416
CZE,"Na Rybníkách 1628, 755 01 Vsetín, Czech Republic",17.984323770731834,49.336519031476485
CZE,"Bezručova 293, 756 61 Rožnov pod Radhoštěm, Czech Republic",18.143122027694773,49.465237906884965
CZE,"Rakovského 3136/1, Modřany, 143 00 Praha 4, Czech Republic",14.423770846065025,50.00947680790418
CZE,"Roztylská 1860/1, Chodov, 148 00 Praha 4, Czech Republic",14.499053328530408,50.02204442397786
CZE,"K Sídlišti 840/2, Podolí, 140 00 Praha 4, Czech Republic",14.430615089102929,50.045695682077536
CZE,"Lindnerova 517/3, Libeň, 180 00 Praha 8, Czech Republic",14.472968510572315,50.11223303159338
CZE,"Chabařovická 1125/4, Kobylisy, 182 00 Praha 8, Czech Republic",14.475622640212833,50.131357810521195
CZE,"Holandská 2531, Kročehlavy, 272 01 Kladno, Czech Republic",14.120925056804396,50.128463748902305
CZE,"Viničná 463/17, Mladá Boleslav III, 293 01 Mladá Boleslav, Czech Republic",14.912199263885697,50.41138596386247
CZE,"Jirsíkova 420/5, České Budějovice 1, 370 01 České Budějovice, Czech Republic",14.476518917119364,48.973122541314524
CZE,"Lannova tř. 1595/29a, České Budějovice 6, 370 01 České Budějovice, Czech Republic",14.483061244004887,48.97460844319994
CZE,"Nerudova 267, Vimperk II, 385 01 Vimperk, Czech Republic",13.786941754532478,49.05475473453046
CZE,"Zavadilská 2472, 390 02 Tábor, Czech Republic",14.683940091488864,49.411701517836974
CZE,"Jánské náměstí 256/15, 350 02 Cheb, Czech Republic",12.367864927448267,50.08131369952173
CZE,"Sokolovská 1165/54, Bolevec, 323 00 Plzeň, Czech Republic",13.370788811413007,49.77130582545479
CZE,"č.p. 1, 335 46 Oselce, Czech Republic",13.67058815300004,49.43524000000008
CZE,"Táborská 2081/28, Východní Předměstí, 326 00 Plzeň, Czech Republic",13.396196371594527,49.73834088991319
CZE,"Kostelní 129, 348 15 Planá, Czech Republic",12.737427313224146,49.86769465257771
CZE,"Školní 416, 468 41 Tanvald, Czech Republic",15.30409992453832,50.73742033016748
CZE,"Keplerova 315/7, Krásné Březno, 400 07 Ústí nad Labem, Czech Republic",14.078857542052333,50.66727381696333
CZE,"Víta Nejedlého 482, Chrudim III, 537 01 Chrudim, Czech Republic",15.79048324180323,49.945582691554705
CZE,"Mendlovo náměstí 1/4, Staré Brno, 603 00 Brno, Czech Republic",16.595872909108124,49.191121174577205
CZE,"nám. Míru 22, 666 25 Tišnov, Czech Republic",16.42375564036135,49.34952435053398
CZE,"nám. T. G. Masaryka 1279, 760 01 Zlín, Czech Republic",17.663677333697535,49.22020369638699
CZE,"K Valše 1251/38, 589 01 Třešť, Czech Republic",15.474700404086462,49.285253593365326
CZE,"Tyršova 609, 798 52 Konice, Czech Republic",16.88757244352604,49.59382682088474
CZE,"Komenského 1592/17, 796 01 Prostějov, Czech Republic",17.112448260706117,49.470139937228595
CZE,"Studentská 4/2, 796 01 Prostějov, Czech Republic",17.116216932011866,49.4676384001354
CZE,"Nemocniční 117/11, 793 95 Město Albrechtice, Czech Republic",17.575053208309726,50.16052528291965
CZE,"Josefská 641/4, Malá Strana, 118 00 Praha 1, Czech Republic",14.405575578289842,50.08802768778429
CZE,"Loretánská 104/19, Hradčany, 118 00 Praha 1, Czech Republic",14.392329321425564,50.08827084679541
CZE,"Ke Karlovu 455/2, Nové Město, 120 00 Praha 2, Czech Republic",14.428623716546525,50.06983338392797
CZE,"Vinohradská 920/54, Vinohrady, 120 00 Praha 2, Czech Republic",14.443408387919618,50.07684861779066
CZE,"Ječná 530/27, Nové Město, 120 00 Praha 2, Czech Republic",14.424804921459781,50.07570955905862
CZE,"náměstí Míru 601/19, Vinohrady, 120 00 Praha 2, Czech Republic",14.435208791138223,50.07493414919588
CZE,"Jana Masaryka 360/25, Vinohrady, 120 00 Praha 2, Czech Republic",14.438286374527166,50.07160045675542
CZE,"U zásobní zahrady 2445/8, Žižkov, 130 00 Praha 3, Czech Republic",14.467102603273048,50.08673691660479
CZE,"V Zápolí 1250/21, Michle, 141 00 Praha 4, Czech Republic",14.467333776162633,50.04907107448628
CZE,"Ružinovská 2017/20, Krč, 142 00 Praha 4, Czech Republic",14.4569263022658,50.025726174947664
CZE,"Kupeckého 576/17, Háje, 149 00 Praha 4, Czech Republic",14.525065894483163,50.03122348805482
CZE,"K lesu 558/2, Kamýk, 142 00 Praha 4, Czech Republic",14.443683733438917,50.01141943969364
CZE,"Pod radnicí 315/5, Košíře, 150 00 Praha 5, Czech Republic",14.381975910804215,50.07062153428356
CZE,"Trávníčkova 1743/2, Stodůlky, 155 00 Praha 5, Czech Republic",14.31973173018531,50.0435987394506
CZE,"V úvalu 175/1, Motol, 150 00 Praha 5, Czech Republic",14.348327514877695,50.07433920170848
CZE,"Výmolova 169/2, Radlice, 150 00 Praha 5, Czech Republic",14.392963328581743,50.05666704851046
CZE,"Na Zlíchově 254/19, Hlubočepy, 152 00 Praha 5, Czech Republic",14.408029631901542,50.04713741133321
CZE,"Vokovická 32/3, Vokovice, 160 00 Praha 6, Czech Republic",14.346354833965364,50.0963176414819
CZE,"Rooseveltova 169/8, Bubeneč, 160 00 Praha 6, Czech Republic",14.40329318605518,50.104839438621354
CZE,"U boroviček 649/3, Řepy, 163 00 Praha 6, Czech Republic",14.324456357548229,50.07412839684363
CZE,"Bulovka 1606/5, Libeň, 180 81 Praha 8, Czech Republic",14.464823647618687,50.1148864487721
CZE,"Libčická 399/8, Čimice, 181 00 Praha 8, Czech Republic",14.435205438376954,50.140198539076465
CZE,"Dolákova 555/1, Bohnice, 181 00 Praha 8, Czech Republic",14.403516060860596,50.1328613144033
CZE,"Ústavní 91/7, Bohnice, 181 00 Praha 8, Czech Republic",14.423989110823726,50.133413723732076
CZE,"Bártlova 83/1, Horní Počernice, 193 00 Praha 9, Czech Republic",14.630977024618062,50.118914581890635
CZE,"Práčská 159/37, Záběhlice, 106 00 Praha 10, Czech Republic",14.500708251493393,50.05334890450041
CZE,"Křejpského 1501/12, Chodov, 149 00 Praha 4, Czech Republic",14.516195745447732,50.028163632391085
CZE,"Chotouňská 476/1, Malešice, 108 00 Praha 10, Czech Republic",14.49669139203462,50.08369965017013
CZE,"Vachkova 941/13, Uhříněves, 104 00 Praha 10, Czech Republic",14.594894104914232,50.03627496773203
CZE,"Starostrašnická 120/45, Strašnice, 100 00 Praha 10, Czech Republic",14.49015996162322,50.074564339627784
CZE,"Přestavlky 1, 257 91 Sedlec-Prčice, Czech Republic",14.551753287460542,49.57229798639767
CZE,"Březinská 1702, 258 01 Vlašim, Czech Republic",14.893524215972747,49.710168600878745
CZE,"Smetanova 153, 259 01 Votice, Czech Republic",14.636508158704515,49.64034143818557
CZE,"Karla Čapka 1457, Beroun-Město, 266 01 Beroun, Czech Republic",14.048390916571208,49.95690232606461
CZE,"Svatopluka Čecha 455/9, 268 01 Hořovice, Czech Republic",13.90124459466955,49.833916840066166
CZE,"Hradní 67, 267 53 Žebrák, Czech Republic",13.893590240689747,49.87671399948965
CZE,"Palackého 570/1, 274 01 Slaný, Czech Republic",14.08393722683374,50.23216163750374
CZE,"Hornická 410, 273 03 Stochov, Czech Republic",13.952806710243607,50.14569631318827
CZE,"č.p. 55, 273 05 Ledce, Czech Republic",14.003505354774036,50.19892992734354
CZE,"Žitomířská 1359, 282 01 Český Brod, Czech Republic",14.853730963009298,50.07400522477647
CZE,"Tř. Jana Švermy 540, 289 11 Pečky, Czech Republic",15.035135380474458,50.093832113823765
CZE,"K Jatkám 748, 281 63 Kostelec nad Černými lesy, Czech Republic",14.860168683743183,49.99035286716668
CZE,"Okružní 435, 281 61 Kouřim, Czech Republic",14.973028764270625,50.00503444332137
CZE,"Kutnohorská 179, Kolín IV, 280 02 Kolín, Czech Republic",15.207905515659547,50.02488635015902
CZE,"Husova 526/15, Čáslav-Nové Město, 286 01 Čáslav, Czech Republic",15.393193185046869,49.914173311513935
CZE,"Na Náměti 417/1, Kutná Hora-Vnitřní Město, 284 01 Kutná Hora, Czech Republic",15.272037887606785,49.950569672487006
CZE,"Komenského náměstí 140/8, Čáslav-Staré Město, 286 01 Čáslav, Czech Republic",15.390512736230392,49.908125055911086
CZE,"Okružní 643, 285 22 Zruč nad Sázavou, Czech Republic",15.090939325788497,49.74706376890981
CZE,"náměstí 17. listopadu 493/4, Benátky nad Jizerou II, 294 71 Benátky nad Jizerou, Czech Republic",14.837127670104195,50.28683008639459
CZE,"Jana Švermy 380, 295 01 Mnichovo Hradiště, Czech Republic",14.973906080692018,50.52068007202851
CZE,"Václavkova 950, Mladá Boleslav II, 293 01 Mladá Boleslav, Czech Republic",14.905492484059891,50.420652409280024
CZE,"U Bažantnice 154/19, Poděbrady III, 290 01 Poděbrady, Czech Republic",15.138956902147726,50.144048640571555
CZE,"nám. T.G.Masaryka 482/34, Poděbrady II, 290 01 Poděbrady, Czech Republic",15.119860915057302,50.14671576216199
CZE,"Komenského 1534/16, 289 22 Lysá nad Labem, Czech Republic",14.839912641253278,50.20479036504625
CZE,"Náměstí Republiky 303, 289 03 Městec Králové, Czech Republic",15.29738400843803,50.20745761236523
CZE,"Olivova 224/108, 251 01 Říčany, Czech Republic",14.68949670656096,49.99030479695196
CZE,"Školní 291/6, Stará Boleslav, 250 01 Brandýs nad Labem-Stará Boleslav, Czech Republic",14.67896174391683,50.19652890981945
CZE,"Ringhofferova 436, Olešovice, 251 68 Kamenice, Czech Republic",14.58948727445187,49.90526691074729
CZE,"Jílovská 141, 252 44 Psáry, Czech Republic",14.508584222993164,49.93296725672343
CZE,"Konečná 1090, 264 01 Sedlčany, Czech Republic",14.432907707259488,49.661062969668336
CZE,"Frant. Diepolta 1576, Rakovník II, 269 01 Rakovník, Czech Republic",13.74122123873849,50.100003248127166
CZE,"Nové město 228, 374 01 Trhové Sviny, Czech Republic",14.641305540986963,48.83970154395314
CZE,"Riegrova 1812/1, České Budějovice 3, 370 01 České Budějovice, Czech Republic",14.474455963109818,48.97878690575192
CZE,"Štítného 57/3, České Budějovice 6, 370 01 České Budějovice, Czech Republic",14.484050392398643,48.9750955994125
CZE,"Sakařova 342, 375 01 Týn nad Vltavou, Czech Republic",14.420093369865839,49.22490187884537
CZE,"U Hvízdala 1402/9, České Budějovice 2, 370 11 České Budějovice, Czech Republic",14.444404660931042,48.99815035937269
CZE,"Kaplická 151, Horní Brána, 381 01 Český Krumlov, Czech Republic",14.32180122207933,48.81075652726494
CZE,"Omlenická 436, 382 41 Kaplice, Czech Republic",14.4874319035967,48.73729937185408
CZE,"Jarošovská 1125, Jindřichův Hradec II, 377 01 Jindřichův Hradec, Czech Republic",15.003793684301797,49.14907373448324
CZE,"Neulingerova 108, Dačice I, 380 01 Dačice, Czech Republic",15.436477752140007,49.07993594141675
CZE,"Jiráskova 3, Třeboň II, 379 01 Třeboň, Czech Republic",14.766077294371115,49.007596387065746
CZE,"Komenského 1326, 393 01 Pelhřimov, Czech Republic",15.218756727510481,49.42724286551925
CZE,"Šobrova 111, Budějovické Předměstí, 397 01 Písek, Czech Republic",14.165296337644236,49.30417754189307
CZE,"Holečkova 1060, 388 01 Blatná, Czech Republic",13.88084748474921,49.434656030235175
CZE,"nám. 5. května 104, Vodňany II, 389 01 Vodňany, Czech Republic",14.172366472972726,49.14799594746344
CZE,"č.p. 160, 391 61 Opařany, Czech Republic",14.504229292000048,49.40986842500007
CZE,"Mrázkova 700, Soběslav III, 392 01 Soběslav, Czech Republic",14.705602449693544,49.26371780189859
CZE,"Čsl. armády 925/33, 390 03 Tábor, Czech Republic",14.660795728983715,49.420968591897264
CZE,"Nádražní 89, Velké Předměstí, 346 01 Horšovský Týn, Czech Republic",12.941583987763892,49.526473493094784
CZE,"Bezručova 1185/19, 360 01 Karlovy Vary, Czech Republic",12.874842809535329,50.23220419808992
CZE,"Krušnohorská 304, 363 01 Ostrov, Czech Republic",12.945166245543021,50.30476807165181
CZE,"Vančurova 83/2, Stará Role, 360 17 Karlovy Vary, Czech Republic",12.83091042788277,50.24814093962692
CZE,"Hálkova 133, Klatovy V, 339 01 Klatovy, Czech Republic",13.306894485515954,49.397531700971314
CZE,"Měcholupy 2, 339 01 Předslav, Czech Republic",13.371088548270563,49.44061912570177
CZE,"Podmostní 2398/1, Východní Předměstí, 301 00 Plzeň, Czech Republic",13.379315470056298,49.75037009443639
CZE,"Heyrovského 529/23, Doudlevce, 301 00 Plzeň, Czech Republic",13.376624460041825,49.72040282083694
CZE,"Lazaretní 1290/25, Doubravka, 312 00 Plzeň, Czech Republic",13.413282210665415,49.75914217520466
CZE,"Mohylová 1200/90, Doubravka, 312 00 Plzeň, Czech Republic",13.422034845418324,49.75204111065344
CZE,"Husova 346, 334 52 Merklín, Czech Republic",13.197180988824556,49.56389667911637
CZE,"Macháčkova 905/45, Skvrňany, 318 00 Plzeň, Czech Republic",13.325883603340884,49.74466972972485
CZE,"Čechova 40, Nové Město, 337 01 Rokycany, Czech Republic",13.593745843318175,49.73837630345412
CZE,"Revoluční 1431, 349 01 Stříbro, Czech Republic",12.994783508123277,49.75448045402507
CZE,"Petra Jilemnického 1995, 347 01 Tachov, Czech Republic",12.625633344345545,49.793411041513735
CZE,"Ústavní 531, Cvikov II, 471 54 Cvikov, Czech Republic",14.638640179596194,50.784749961823564
CZE,"Klášterní 2490, 470 01 Česká Lípa, Czech Republic",14.534923264074564,50.68746770764116
CZE,"Vilémovská 192, 407 82 Dolní Poustevna, Czech Republic",14.291775903800385,50.9802647684609
CZE,"Teplická 65, Děčín IX-Bynov, 405 05 Děčín, Czech Republic",14.15792856093401,50.78277870583477
CZE,"Jakubské náměstí 113, 407 21 Česká Kamenice, Czech Republic",14.417615930744262,50.79858018588209
CZE,"Tyršova 710, 407 77 Šluknov, Czech Republic",14.457934058484597,51.00581058813529
CZE,"T. G. Masaryka 1804, 407 47 Varnsdorf, Czech Republic",14.627393509553457,50.91034330935699
CZE,"Kamenná 404/4, 466 01 Jablonec nad Nisou, Czech Republic",15.171394448341516,50.7235740966739
CZE,"Údolí Kamenice 238, 468 41 Tanvald, Czech Republic",15.278906773440042,50.73752292466236
CZE,"Liberecká 1734/31, 466 01 Jablonec nad Nisou, Czech Republic",15.162515582126815,50.72534506708632
CZE,"Elišky Krásnohorské 921/22, Liberec XIV-Ruprechtice, 460 14 Liberec, Czech Republic",15.077318565490344,50.78424373678129
CZE,"Lužická 920/7, Liberec I-Staré Město, 460 01 Liberec, Czech Republic",15.05550818287557,50.777117316972976
CZE,"Hanychovská 743/3, Liberec III-Jeřáb, 460 07 Liberec, Czech Republic",15.042601728366037,50.75801952777337
CZE,"Ostrovní 300, 411 08 Štětí, Czech Republic",14.374577959242544,50.4496409699552
CZE,"Neklanova 1807, 413 01 Roudnice nad Labem, Czech Republic",14.244187732340862,50.41994300690476
CZE,"Pod Nemocnicí 2503, 440 01 Louny, Czech Republic",13.80824511582415,50.3499028181424
CZE,"Pražská 808, 438 01 Žatec, Czech Republic",13.549495010426966,50.325098629260935
CZE,"č.p. 1, 439 31 Měcholupy, Czech Republic",13.54043643500006,50.267480000000035
CZE,"Šafaříkova 991, Horní Litvínov, 436 01 Litvínov, Czech Republic",13.607756362113975,50.60156682068555
CZE,"Zdeňka Štěpánka 340, 434 01 Most, Czech Republic",13.6431795154911,50.49437994123143
CZE,"Jana Palacha 1534, 434 01 Most, Czech Republic",13.652513294318936,50.497857826062415
CZE,"U Červeného kostela 110/29, Trnovany, 415 01 Teplice, Czech Republic",13.838879630825886,50.65364593204745
CZE,"Kmochova 205/10, Pražské Předměstí, 418 01 Bílina, Czech Republic",13.773541270649787,50.542522850699044
CZE,"Trnovanská 1331/18, Trnovany, 415 01 Teplice, Czech Republic",13.852506258456259,50.64890273876904
CZE,"Školní 624/1, 419 01 Duchcov, Czech Republic",13.74935202009479,50.60503629995745
CZE,"Krušnohorská 1570/1, Trnovany, 415 01 Teplice, Czech Republic",13.846168366189204,50.66178354465487
CZE,"U Nových lázní 1286/9, 415 01 Teplice, Czech Republic",13.840923390277169,50.64345290914338
CZE,"Pod Parkem 2788/2, Severní Terasa, 400 11 Ústí nad Labem, Czech Republic",14.029019164866298,50.680563701633616
CZE,"Hradební 529, 583 01 Chotěboř, Czech Republic",15.674506703240098,49.723074762021696
CZE,"U Trojice 2104, 580 01 Havlíčkův Brod, Czech Republic",15.58148040230455,49.61020887345552
CZE,"Purkyňovo nám. 133/2, Jejkov, 674 01 Třebíč, Czech Republic",15.890773300030617,49.212213563365964
CZE,"Sokolská 581, Nový Hradec Králové, 500 03 Hradec Králové, Czech Republic",15.82693664162744,50.200398583058444
CZE,"Nerudova 1180/28, Pražské Předměstí, 500 02 Hradec Králové, Czech Republic",15.815567344341218,50.21030737562586
CZE,"Hrubínova 1458/1, Pražské Předměstí, 500 02 Hradec Králové, Czech Republic",15.814154909837129,50.19961449792589
CZE,"Hradecká 1231/11b, 500 03 Hradec Králové, Czech Republic",15.833071524199596,50.2022374887961
CZE,"F. Palackého 1240, 504 01 Nový Bydžov, Czech Republic",15.493958916279468,50.24365067027679
CZE,"Štefánikova 549/27, Moravské Předměstí, 500 11 Hradec Králové, Czech Republic",15.837682073860293,50.18409804449607
CZE,"Havlíčkova 54, 508 01 Hořice, Czech Republic",15.628374300724062,50.36791380977627
CZE,"Kladská 164, Velká Ves, 550 01 Broumov, Czech Republic",16.341639308417967,50.580241205440956
CZE,"Palackého 142, Jakubské Předměstí, 551 01 Jaroměř, Czech Republic",15.92830947410701,50.35710107086092
CZE,"Československé armády 376, 549 01 Nové Město nad Metují, Czech Republic",16.153246982094487,50.35198534389585
CZE,"č.p. 161, 544 42 Choustníkovo Hradiště, Czech Republic",15.874100000000055,50.43323546900007
CZE,"Raisova 677, 547 01 Náchod, Czech Republic",16.167997120026484,50.41573667452471
CZE,"Rašínova 313, 549 01 Nové Město nad Metují, Czech Republic",16.14479341364688,50.35265866217793
CZE,"Klášterní 52, Pardubice-Staré Město, 530 02 Pardubice, Czech Republic",15.78057599988793,50.03863673658978
CZE,"Do Nového 1131, Bílé Předměstí, 530 03 Pardubice, Czech Republic",15.7948371375887,50.04502634519946
CZE,"Kolowratská 485, 516 01 Rychnov nad Kněžnou, Czech Republic",16.27446346742775,50.16525657389559
CZE,"Opočenská 115, 518 01 Dobruška, Czech Republic",16.155536498946844,50.289346459456425
CZE,"Nádražní 213, Podmoklice, 513 01 Semily, Czech Republic",15.32229846125577,50.60180570492605
CZE,"Komenského 287/26, Předměstí, 571 01 Moravská Třebová, Czech Republic",16.662631247501196,49.760124869532945
CZE,"Jiráskova 825, Horní Předměstí, 572 01 Polička, Czech Republic",16.266192289193242,49.70910485354676
CZE,"Milady Horákové 488/44, Předměstí, 568 02 Svitavy, Czech Republic",16.467223100581776,49.758496098107884
CZE,"Horní promenáda 268, 542 25 Janské Lázně, Czech Republic",15.780360836433402,50.62792291893993
CZE,"Horská 160, Horní Staré Město, 541 02 Trutnov, Czech Republic",15.88330611394872,50.588606847724236
CZE,"Nábřeží pplk. A. Bunzla 660, 542 32 Úpice, Czech Republic",16.020498171458257,50.51103271102116
CZE,"Komenského 616, 543 01 Vrchlabí, Czech Republic",15.612601570604653,50.61891216347874
CZE,"Krkonošská 230, 543 01 Vrchlabí, Czech Republic",15.60609151404634,50.63052575133301
CZE,"Mládežnická 329, 543 71 Hostinné, Czech Republic",15.726228745526754,50.53919795925691
CZE,"Přemyslova 479, 544 01 Dvůr Králové nad Labem, Czech Republic",15.814093051391694,50.430483375876435
CZE,"nám. A. Jiráska 140, Lanškroun-Vnitřní Město, 563 01 Lanškroun, Czech Republic",16.612758253055034,49.913621740375476
CZE,"Tyršova 214, 564 01 Žamberk, Czech Republic",16.46821057259487,50.086582731495895
CZE,"Rokycanova 761, Litomyšlské Předměstí, 566 01 Vysoké Mýto, Czech Republic",16.15394519462899,49.9505448201441
CZE,"Lázeňská 206, 562 01 Ústí nad Orlicí, Czech Republic",16.391668960634462,49.96876271905785
CZE,"Nábřežní 130, 561 69 Králíky, Czech Republic",16.763517761958525,50.084429001474945
CZE,"Nad Čertovkou 2304/17, 678 01 Blansko, Czech Republic",16.655883144892698,49.352319254238296
CZE,"Štefanikova 1142/2, 680 01 Boskovice, Czech Republic",16.661966897855507,49.494763496096596
CZE,"Žižkova 1919/27, 678 01 Blansko, Czech Republic",16.65006945685022,49.35765161149095
CZE,"č.p. 12, 679 62 Křetín, Czech Republic",16.50692341100006,49.56302000000005
CZE,"č.p. 363, 679 14 Ostrov u Macochy, Czech Republic",16.750362669000026,49.38888500000007
CZE,"Vídeňská 244/26, Štýřice, 639 00 Brno, Czech Republic",16.59463548874234,49.18281554672066
CZE,"Rašelinová 2433/11, Líšeň, 628 00 Brno, Czech Republic",16.685487691632233,49.20597000941913
CZE,"Kociánka 2801/6a, Královo Pole, 612 00 Brno, Czech Republic",16.60834660595671,49.225546489109064
CZE,"Gellnerova 66/1, Jundrov, 637 00 Brno, Czech Republic",16.554513329898242,49.20694189109233
CZE,"Černopolní 212/9, Černá Pole, 613 00 Brno, Czech Republic",16.61797791561949,49.20379427690236
CZE,"Koperníkova 803/2, Židenice, 615 00 Brno, Czech Republic",16.63871658809424,49.202331509069694
CZE,"Palackého třída 343/68, Královo Pole, 612 00 Brno, Czech Republic",16.595864778662047,49.22256135811216
CZE,"Štolcova 301/16, Černovice, 618 00 Brno, Czech Republic",16.635769510937735,49.18882830496358
CZE,"Kamenomlýnská 124/2, Pisárky, 603 00 Brno, Czech Republic",16.571158280862107,49.19552955273332
CZE,"Sekaninova 895/1, Husovice, 614 00 Brno, Czech Republic",16.629014116073506,49.20594037939139
CZE,"Veslařská 339/234, Pisárky, 637 00 Brno, Czech Republic",16.565166309739084,49.19646585322752
CZE,"Široká 484/42, 664 91 Ivančice, Czech Republic",16.368896754630327,49.10171212586653
CZE,"Sadová 530, 664 43 Želešice, Czech Republic",16.583597192812533,49.11898743785869
CZE,"Šafaříkova 999/24, 693 01 Hustopeče, Czech Republic",16.73523805883491,48.94505971993556
CZE,"Školní 184/1, 692 01 Mikulov, Czech Republic",16.644355848731635,48.81151563432604
CZE,"3. května 528, 763 12 Vizovice, Czech Republic",17.849979045731004,49.21822996773673
CZE,"Lazy VI 3695, 760 01 Zlín, Czech Republic",17.681226943471103,49.21967592985354
CZE,"Mostní 2397, 760 01 Zlín, Czech Republic",17.65087548533961,49.218093175076916
CZE,"Komenského 1855, 765 02 Otrokovice, Czech Republic",17.532367444379418,49.21216163747579
CZE,"Družstevní I č.ev. 76, Hrádek na Vlárské dráze, 763 21 Slavičín, Czech Republic",17.8898882204154,49.07381761310333
CZE,"Čes. armády 465, 763 26 Luhačovice, Czech Republic",17.76273734763393,49.11302484530631
CZE,"Smolina 16, 766 01 Valašské Klobouky, Czech Republic",17.996750361284597,49.154841531605854
CZE,"nám. B. Martinů 2952/5, 695 01 Hodonín, Czech Republic",17.108011300260216,48.85758026915491
CZE,"Kollárova 1045, 698 01 Veselí nad Moravou, Czech Republic",17.387089029600418,48.94846646066219
CZE,"Školní 3208/51, Boršov, 697 01 Kyjov, Czech Republic",17.12048189580463,49.02443852230181
CZE,"Za Humny 3304/46, Boršov, 697 01 Kyjov, Czech Republic",17.126024345460365,49.02599382634554
CZE,"1. máje 209/14, 767 01 Kroměříž, Czech Republic",17.39271211316469,49.29637457676995
CZE,"Pod Dubíčkem 647, 768 61 Bystřice pod Hostýnem, Czech Republic",17.671196152302997,49.40575648537174
CZE,"Havlíčkova 1265/50, 767 01 Kroměříž, Czech Republic",17.378851043702497,49.29381805439192
CZE,"Františka Vančury 3695/2, 767 01 Kroměříž, Czech Republic",17.377421677754,49.300904031517405
CZE,"Nádražní 525/1, 769 01 Holešov, Czech Republic",17.570093552381763,49.32769251024709
CZE,"Komenského 80/10, 796 01 Prostějov, Czech Republic",17.111992620449513,49.47036063273919
CZE,"Tetín 1506/1, 796 01 Prostějov, Czech Republic",17.112000918533653,49.46649422844243
CZE,"Cyrilometodějská 42/22, Nové Dvory, 674 01 Třebíč, Czech Republic",15.89120253729223,49.21480478682312
CZE,"Dobrovského 11, 676 02 Moravské Budějovice, Czech Republic",15.809080924749878,49.053481565347624
CZE,"Palackého náměstí 238, 686 01 Uherské Hradiště, Czech Republic",17.46451644108842,49.06887258359643
CZE,"Štefánikova 957, 687 71 Bojkovice, Czech Republic",17.799477743822848,49.04006737705322
CZE,"Na Výsluní 2047, 688 01 Uherský Brod, Czech Republic",17.643046201040534,49.03210469476511
CZE,"Šafaříkova 961, 686 01 Uherské Hradiště, Czech Republic",17.463401061232844,49.06493304719447
CZE,"Sídliště Osvobození 681/55, Dědice, 682 01 Vyškov, Czech Republic",16.982403116758178,49.28267037462567
CZE,"Horní Česká 247/15, 669 02 Znojmo, Czech Republic",16.04955512846334,48.85740215371243
CZE,"Malá 154, 592 31 Nové Město na Moravě, Czech Republic",16.077420430293955,49.566150195694604
CZE,"Tyršova 106, 593 01 Bystřice nad Pernštejnem, Czech Republic",16.259438067795458,49.52307584673309
CZE,"Poštovní 1663/3, 594 01 Velké Meziříčí, Czech Republic",16.01918212884067,49.35380980808
CZE,"U Stadionu 285, 595 01 Velká Bíteš, Czech Republic",16.223218020155656,49.292563786400734
CZE,"č.p. 13, 594 01 Sviny, Czech Republic",14.635780000000068,49.18699000000004
CZE,"Školní náměstí 206/1, 795 01 Rýmařov, Czech Republic",17.272382181730308,49.93269610215569
CZE,"Rýmařovská 769/15, 792 01 Bruntál, Czech Republic",17.451243697410092,49.99055193736709
CZE,"Komenského 614/2, Nové Město, 735 06 Karviná, Czech Republic",18.545696455308104,49.857965484195375
CZE,"Školní 601/2, Šumbark, 736 01 Havířov, Czech Republic",18.40918945074509,49.79619232462542
CZE,"Dlouhá 1995/54, 741 01 Nový Jičín, Czech Republic",17.993511929173735,49.592896639179855
CZE,"Tyršova 1053, 744 01 Frenštát pod Radhoštěm, Czech Republic",18.215454918432727,49.54427661352989
CZE,"Štramberská 189/18, 742 21 Kopřivnice, Czech Republic",18.141777654244464,49.591001951876564
CZE,"Hýlov 24, 742 84 Klimkovice, Czech Republic",18.098313462966274,49.806697741060844
CZE,"Smetanova 1122/1, 742 21 Kopřivnice, Czech Republic",18.14065758052314,49.589586583706364
CZE,"Komenského 509/64, 741 01 Nový Jičín, Czech Republic",18.01711042319289,49.59635207876394
CZE,"Palackého 938/30a, 784 01 Litovel, Czech Republic",17.07387717304465,49.694032766713775
CZE,"Olomoucká 2098/76, 785 01 Šternberk, Czech Republic",17.28941295169733,49.719434459563075
CZE,"Šternberská 456, 783 91 Uničov, Czech Republic",17.125983609410923,49.772528745128085
CZE,"Tomkova 411/42, Hejčín, 779 00 Olomouc, Czech Republic",17.23637025674637,49.603910459952374
CZE,"tř. Kosmonautů 881/4, Hodolany, 779 00 Olomouc, Czech Republic",17.265141726129286,49.58909242860466
CZE,"tř. Svornosti 900/37, Nová Ulice, 779 00 Olomouc, Czech Republic",17.234845085644565,49.59304369967106
CZE,"Nedbalova 36/27, Topolany, 779 00 Olomouc, Czech Republic",17.176622290712146,49.58413130584364
CZE,"Mozartova 1161/43, Nová Ulice, 779 00 Olomouc, Czech Republic",17.239610700513992,49.59179718494033
CZE,"Jiráskova 772, 783 91 Uničov, Czech Republic",17.11376204020985,49.76765299205093
CZE,"Gen. Svobody 228/8, 748 01 Hlučín, Czech Republic",18.189318719408163,49.89812934300775
CZE,"Dostojevského 1669/12, Předměstí, 746 01 Opava, Czech Republic",17.88515856391058,49.93471035730778
CZE,"náměstí Jana Zajíce 1, 749 01 Vítkov, Czech Republic",17.751358578797124,49.77541962162377
CZE,"Spartakovců 1153/5, Poruba, 708 00 Ostrava, Czech Republic",18.18088543516626,49.83238944776002
CZE,"Těšínská 41/98, Slezská Ostrava, 710 00 Ostrava, Czech Republic",18.303948286131003,49.831271720971586
CZE,"U Cementárny 1293/23, Vítkovice, 703 00 Ostrava, Czech Republic",18.251811842551376,49.81375626745344
CZE,"Čkalovova 942/2, Poruba, 708 00 Ostrava, Czech Republic",18.18339330059635,49.82816090333657
CZE,"Kpt. Vajdy 2656/1a, Zábřeh, 700 30 Ostrava, Czech Republic",18.242912356854845,49.79497652956982
CZE,"Železárenská 880/5, Mariánské Hory, 709 00 Ostrava, Czech Republic",18.248688913066275,49.82575328546844
CZE,"29. dubna 259/33, Výškovice, 700 30 Ostrava, Czech Republic",18.226571082243026,49.77838886891416
CZE,"č.p. 8, 752 01 Křenovice, Czech Republic",17.275467808342487,49.315739699635195
CZE,"Malá Dlážka 589/4, Přerov I-Město, 750 02 Přerov, Czech Republic",17.44910756938583,49.458360639148566
CZE,"Struhlovsko 1424, Hranice I-Město, 753 01 Hranice, Czech Republic",17.727923783346967,49.55332500373635
CZE,"Studentská 1095, Hranice I-Město, 753 01 Hranice, Czech Republic",17.730421925769377,49.55289844868375
CZE,"Osecká 301/2, Lipník nad Bečvou I-Město, 751 31 Lipník nad Bečvou, Czech Republic",17.58249675742468,49.52633389249738
CZE,"Lázeňská 240, 788 15 Velké Losiny, Czech Republic",17.036444599291514,50.033167125672634
CZE,"Sušilova 1912/40, 789 01 Zábřeh, Czech Republic",16.867784027414302,49.887019214167736
CZE,"Hanácká 145/3, 787 01 Šumperk, Czech Republic",16.969364898730703,49.964823056927344
CZE,"Erbenova 2298/16, 787 01 Šumperk, Czech Republic",16.96775557332103,49.96944513170487
CZE,"Šumavská 1915/13, 787 01 Šumperk, Czech Republic",16.970705165048457,49.96989670673847
CZE,"č.p. 25, 756 03 Halenkov, Czech Republic",18.142580000000066,49.337998811000034
CZE,"č.p. 130, 756 12 Horní Lideč, Czech Republic",18.07014480085141,49.18134614999726
CZE,"Vsetínská 454/53, 757 01 Valašské Meziříčí, Czech Republic",17.97491391095096,49.46650592119735
CZE,"Tyršovo nábřeží 649, 756 61 Rožnov pod Radhoštěm, Czech Republic",18.135609914611848,49.45835531664005
CZE,"Kalvodova 360/66, 790 01 Jeseník, Czech Republic",17.185669716999712,50.23503868385919
CZE,"Lázeňská 491, 793 76 Zlaté Hory, Czech Republic",17.390858203820358,50.25214254402189
CZE,"Fučíkova 312/10, 790 01 Jeseník, Czech Republic",17.200190190784724,50.227186391235875
CZE,"V pevnosti 13/4, Vyšehrad, 128 00 Praha 2, Czech Republic",14.422493024925927,50.06240923891889
CZE,"Jana Masaryka 64/16, Vinohrady, 120 00 Praha 2, Czech Republic",14.43750719280797,50.0703951809883
CZE,"U Michelského lesa 222, Michle, 140 00 Praha 4, Czech Republic",14.459237947342558,50.03616851756172
CZE,"č.p. 152, 280 02 Býchory, Czech Republic",15.274437816684758,50.06978657518009
CZE,"Rumburská 54, 277 21 Liběchov, Czech Republic",14.449520723172242,50.408358755711646
CZE,"Palackého třída 515/67, 288 02 Nymburk, Czech Republic",15.043822384925477,50.19142722254219
CZE,"Pražská 151, 252 29 Dobřichovice, Czech Republic",14.268016477240252,49.9258640547869
CZE,"Budějovická 90, 370 01 Homole, Czech Republic",14.424997034680558,48.939865580266286
CZE,"Sídliště Míru 40, 382 26 Horní Planá, Czech Republic",14.030936022303507,48.76539085934189
CZE,"Horní 617, 394 64 Počátky, Czech Republic",15.242373913173736,49.26390270668264
CZE,"Chodské náměstí 131, 345 25 Hostouň, Czech Republic",12.770585116357807,49.55968041418106
CZE,"Jiráskova 344, 364 52 Žlutice, Czech Republic",13.160247725043547,50.091057829601255
CZE,"Karlovarská 459/67, Severní Předměstí, 323 00 Plzeň, Czech Republic",13.364849813918056,49.76279593061787
CZE,"č.p. 1, 338 08 Terešov, Czech Republic",13.703811791757115,49.91023039516283
CZE,"Školní 89, 471 28 Hamr na Jezeře, Czech Republic",14.845729095323804,50.702804117790805
CZE,"Čapkova 814/5, Starý Jiříkov, 407 53 Jiříkov, Czech Republic",14.570794037809037,50.993524813555894
CZE,"Vítězství 70, Děčín XXXII-Boletice nad Labem, 407 11 Děčín, Czech Republic",14.191251739017304,50.73698078316497
CZE,"U Opatrovny 444/3, Liberec IV-Perštýn, 460 01 Liberec, Czech Republic",15.055393518440155,50.7617514025242
CZE,"Školní 438, 463 31 Chrastava, Czech Republic",14.967316815148735,50.82262426187407
CZE,"č.p. 1, 411 15 Dlažkovice, Czech Republic",13.965697894948061,50.46333431550401
CZE,"Požárnická 168, 417 54 Kostomlaty pod Milešovkou, Czech Republic",13.87132472073256,50.56181442950006
CZE,"Říčařova 277/10, Plotiště nad Labem, 503 01 Hradec Králové, Czech Republic",15.80496406918624,50.241425191164694
CZE,"Čáslavská 624, Chrudim IV, 537 01 Chrudim, Czech Republic",15.773894533409674,49.95109144595969
CZE,"Tyršova 7, 517 41 Kostelec nad Orlicí, Czech Republic",16.215276921268213,50.122021543850195
CZE,"Al. Jiráska 617, 543 01 Vrchlabí, Czech Republic",15.61298395302751,50.61786949663323
CZE,"Temný Důl 16, 542 26 Horní Maršov, Czech Republic",15.814990082669539,50.66245795258436
CZE,"č.p. 240, 543 41 Dolní Lánov, Czech Republic",15.661882828890354,50.59400549616646
CZE,"Hlinky 55/140, Pisárky, 603 00 Brno, Czech Republic",16.57611885879939,49.192223478663806
CZE,"Dělnická 320/1, 586 01 Jihlava, Czech Republic",15.597449352777318,49.40813811934001
CZE,"Havlíčkova 547, 768 61 Bystřice pod Hostýnem, Czech Republic",17.68272093389311,49.398216251003646
CZE,"Zámecká 107, 768 04 Střílky, Czech Republic",17.208870992627396,49.1417650501904
CZE,"Nádražní 698, 672 01 Moravský Krumlov, Czech Republic",16.314805902687283,49.04484698970097
CZE,"K Rakůvkám 916/1, 594 01 Velké Meziříčí, Czech Republic",16.008525712419555,49.36019245971002
CZE,"Šunychelská 463, Šunychl, 735 81 Bohumín, Czech Republic",18.354713282713078,49.92784520142146
CZE,"Promenádní 561/16, Horní Těrlicko, 735 42 Těrlicko, Czech Republic",18.49075182270758,49.75454268965615
CZE,"Divadelní 881/12, 741 11 Nový Jičín, Czech Republic",18.006327859128987,49.59250273164014
CZE,"Ústavní 97/9, Svatý Kopeček, 779 00 Olomouc, Czech Republic",17.340831569089005,49.63057455123894
CZE,"Škrobálkova 206/16, Kunčičky, 718 00 Ostrava, Czech Republic",18.294692318092416,49.80784962410473
CZE,"č.p. 1, 751 25 Veselíčko, Czech Republic",17.491792598000075,49.54236356600006
CZE,"Vyhlídka 369/1, 787 01 Šumperk, Czech Republic",16.983419925432372,49.977803272184815
CZE,"Josefská 626/5, Malá Strana, 118 00 Praha 1, Czech Republic",14.405353206398587,50.08802202999965
CZE,"náměstí Curieových 886/2, Staré Město, 110 00 Praha 1, Czech Republic",14.419754489520443,50.09196139876357
CZE,"Uhelný trh 425/4, Staré Město, 110 00 Praha 1, Czech Republic",14.419931180039384,50.084207970688226
CZE,"Vodičkova 683/22, Nové Město, 110 00 Praha 1, Czech Republic",14.42335711532428,50.079770633056654
CZE,"Truhlářská 1120/22, Nové Město, 110 00 Praha 1, Czech Republic",14.431351606934953,50.09085108995944
CZE,"Slovenská 1726/27, Vinohrady, 120 00 Praha 2, Czech Republic",14.447021491102419,50.072735575992965
CZE,"Jana Masaryka 400/21, Vinohrady, 120 00 Praha 2, Czech Republic",14.437645326572294,50.07130905989152
CZE,"Na Smetance 505/1, Vinohrady, 120 00 Praha 2, Czech Republic",14.435762667300082,50.08002799939365
CZE,"Sázavská 830/5, Vinohrady, 120 00 Praha 2, Czech Republic",14.440421748180142,50.074295196716804
CZE,"Botičská 130/8, Vyšehrad, 128 00 Praha 2, Czech Republic",14.419380237543663,50.068562435949474
CZE,"Kladská 1201/1, Vinohrady, 120 00 Praha 2, Czech Republic",14.447626664511688,50.073234550688994
CZE,"Resslova 308/10, Nové Město, 120 00 Praha 2, Czech Republic",14.4176447644912,50.07571194790103
CZE,"Londýnská 782/34, Vinohrady, 120 00 Praha 2, Czech Republic",14.434487444550967,50.07358759645075
CZE,"Štěpánská 1286/8, Nové Město, 120 00 Praha 2, Czech Republic",14.424781452130901,50.07677024699598
CZE,"Vratislavova 64/13, Vyšehrad, 128 00 Praha 2, Czech Republic",14.418368793287499,50.06668522491432
CZE,"náměstí Jiřího z Lobkovic 121/22, Vinohrady, 130 00 Praha 3, Czech Republic",14.466960278557139,50.07692405491923
CZE,"Lupáčova 1200/1, Žižkov, 130 00 Praha 3, Czech Republic",14.456244769718609,50.082758949176764
CZE,"náměstí Jiřího z Poděbrad 1685/7, Vinohrady, 130 00 Praha 3, Czech Republic",14.449094335757707,50.07849796678801
CZE,"Cimburkova 600/18, Žižkov, 130 00 Praha 3, Czech Republic",14.450584973418415,50.085823917801406
CZE,"Chelčického 2614/43, Žižkov, 130 00 Praha 3, Czech Republic",14.45946945550827,50.083736530544115
CZE,"K lučinám 2500/18, Žižkov, 130 00 Praha 3, Czech Republic",14.490739234951661,50.093713677531895
CZE,"V zahrádkách 1966/48, Žižkov, 130 00 Praha 3, Czech Republic",14.486921194236231,50.09158333302085
CZE,"Jeseniova 2400/96, Žižkov, 130 00 Praha 3, Czech Republic",14.470464165541557,50.08846656423455
CZE,"Vlkova 800/31, Žižkov, 130 00 Praha 3, Czech Republic",14.447375039778365,50.08367379199885
CZE,"Nad Ohradou 1700/25, Žižkov, 130 00 Praha 3, Czech Republic",14.477291560954086,50.09301320188354
CZE,"Jeremenkova 1003/66a, Braník, 147 00 Praha 4, Czech Republic",14.423323084797403,50.04309381360332
CZE,"Angelovova 3183/15, Modřany, 143 00 Praha 4, Czech Republic",14.42985778415104,50.00969595276271
CZE,"Bítovská 1246/1, Michle, 140 00 Praha 4, Czech Republic",14.450480283447774,50.04666915631233
CZE,"Jílovská 1100/16, Braník, 142 00 Praha 4, Czech Republic",14.429132833345392,50.02561000176968
CZE,"Jánošíkova 1320/2, Krč, 142 00 Praha 4, Czech Republic",14.45908346886705,50.022087967964865
CZE,"Na líše 936/16, Michle, 141 00 Praha 4, Czech Republic",14.465182393074599,50.0475480826793
CZE,"Modřanská 1375/10a, Modřany, 143 00 Praha 4, Czech Republic",14.404227013887947,50.007534008476654
CZE,"U Domu služeb 29/2, Modřany, 143 00 Praha 4, Czech Republic",14.405668365957979,50.004493976013975
CZE,"Meteorologická 181/2, Libuš, 142 00 Praha 4, Czech Republic",14.456094063099528,50.0046817306451
CZE,"Filosofská 1166/3, Braník, 142 00 Praha 4, Czech Republic",14.430421718596676,50.023150416101856
CZE,"Horáčkova 1100/14, Krč, 140 00 Praha 4, Czech Republic",14.436413019167446,50.04655072002046
CZE,"Na Chodovci 2700/54, Záběhlice, 141 00 Praha 4, Czech Republic",14.48908892203545,50.04948250020365
CZE,"Křesomyslova 724/2, Nusle, 140 00 Praha 4, Czech Republic",14.433961815402824,50.064501529589535
CZE,"Květnového vítězství 57/17, Chodov, 149 00 Praha 4, Czech Republic",14.50512350281008,50.03393662629367
CZE,"Mendíků 1000/2, Michle, 140 00 Praha 4, Czech Republic",14.451025190973212,50.058699073297305
CZE,"Na planině 1393/13, Krč, 140 00 Praha 4, Czech Republic",14.432708720878082,50.03949973734072
CZE,"Jižní IV 1750/10, Záběhlice, 141 00 Praha 4, Czech Republic",14.48329677548412,50.045458306579604
CZE,"K Milíčovu 674/2, Háje, 149 00 Praha 4, Czech Republic",14.534747579384003,50.02798757051491
CZE,"Ladislava Coňka 40/3, Písnice, 142 00 Praha 4, Czech Republic",14.465576342523832,49.992509991858384
CZE,"Ohradní 1366/49, Michle, 140 00 Praha 4, Czech Republic",14.450034869113011,50.052226819122325
CZE,"Donovalská 1684/40, Chodov, 149 00 Praha 4, Czech Republic",14.503126682016585,50.03686341924447
CZE,"Mikulova 1594/4, Chodov, 149 00 Praha 4, Czech Republic",14.513296528958392,50.02994474490637
CZE,"Květnového vítězství 1554/54, Chodov, 149 00 Praha 4, Czech Republic",14.517226887176378,50.03479807639252
CZE,"Táborská 421/45, Nusle, 140 00 Praha 4, Czech Republic",14.43922389039733,50.06282816643957
CZE,"Poláčkova 1067/3, Krč, 140 00 Praha 4, Czech Republic",14.447172281540531,50.04300173839695
CZE,"Sdružení 1080/2a, Nusle, 140 00 Praha 4, Czech Republic",14.443158774843056,50.05478640089501
CZE,"Plamínkové 1593/2, Nusle, 140 00 Praha 4, Czech Republic",14.435701144130775,50.0522695668285
CZE,"Školní 700/5, Braník, 147 00 Praha 4, Czech Republic",14.413656738779338,50.03738263623666
CZE,"V ladech 6, Šeberov, 149 00 Praha 4, Czech Republic",14.510419775969552,50.012419945566165
CZE,"Pertoldova 3373/51, Modřany, 143 00 Praha 4, Czech Republic",14.432390543833549,50.00118182506466
CZE,"Pošepného náměstí 2022/2, Chodov, 148 00 Praha 4, Czech Republic",14.48173170652322,50.03120638897232
CZE,"Smolkova 565, Kamýk, 142 00 Praha 4, Czech Republic",14.451071207621624,50.00830770004927
CZE,"Písnická 760/11, Kamýk, 142 00 Praha 4, Czech Republic",14.441236385349754,50.01886344981327
CZE,"Zárubova 977/17, Kamýk, 142 00 Praha 4, Czech Republic",14.4326974053088,50.01421534922636
CZE,"Jírovcovo náměstí 1782/1, Chodov, 148 00 Praha 4, Czech Republic",14.491998448265718,50.02387017012754
CZE,"Předškolní 420/5, Kunratice, 148 00 Praha 4, Czech Republic",14.479502990416279,50.011466767984345
CZE,"Nedvědovo náměstí 140/13, Podolí, 147 00 Praha 4, Czech Republic",14.421472779671404,50.057468400363575
CZE,"Ke Kateřinkám 1400/2, Chodov, 149 00 Praha 4, Czech Republic",14.518740910346963,50.02328603529526
CZE,"Mendelova 550/2, Háje, 149 00 Praha 4, Czech Republic",14.53171467153902,50.03366572318305
CZE,"Mráčkova 3090/2, Modřany, 143 00 Praha 4, Czech Republic",14.423261226351968,50.012451503431635
CZE,"Bronzová 2027/35, Stodůlky, 155 00 Praha 5, Czech Republic",14.32804750014472,50.04513849506395
CZE,"Brdičkova 1878/2, Stodůlky, 155 00 Praha 5, Czech Republic",14.332323947144829,50.04272140564524
CZE,"Trávníčkova 1744/4, Stodůlky, 155 00 Praha 5, Czech Republic",14.319979583062235,50.04347850104955
CZE,"Loučanská 1112/3, Radotín, 153 00 Praha 5, Czech Republic",14.358940680678444,49.98018121811569
CZE,"Drtinova 1861/1, Smíchov, 150 00 Praha 5, Czech Republic",14.400899314508251,50.075309993734265
CZE,"Mohylová 1963/2, Stodůlky, 155 00 Praha 5, Czech Republic",14.33381466862457,50.04368272612044
CZE,"V Remízku 919/7, Hlubočepy, 152 00 Praha 5, Czech Republic",14.36914908437484,50.02813039814501
CZE,"Grafická 1060/13, Smíchov, 150 00 Praha 5, Czech Republic",14.394896446911105,50.073037995059536
CZE,"Od školy 596/5, Řeporyje, 155 00 Praha 5, Czech Republic",14.309060058700425,50.03020605073786
CZE,"Janského 2189/18, Stodůlky, 155 00 Praha 5, Czech Republic",14.343784523356618,50.03870261834874
CZE,"Mezi školami 2322/1, Stodůlky, 158 00 Praha 5, Czech Republic",14.34481591654233,50.052506104136114
CZE,"Butovická 228/9, Jinonice, 158 00 Praha 5, Czech Republic",14.367828431710507,50.049242652044285
CZE,"Weberova 1090/1, Košíře, 150 00 Praha 5, Czech Republic",14.356222261840571,50.073231910389495
CZE,"Kořenského 760/10, Smíchov, 150 00 Praha 5, Czech Republic",14.406627758595448,50.076130121050454
CZE,"Ke Smíchovu 16/140, Slivenec, 154 00 Praha 5, Czech Republic",14.355094348181149,50.02045543545934
CZE,"Černošická 168, Lipence, 155 31 Praha 5, Czech Republic",14.35692089347026,49.96081650720947
CZE,"Podbělohorská 720/26, Smíchov, 150 00 Praha 5, Czech Republic",14.378152840946882,50.07321355402155
CZE,"Radlická 115/140, Radlice, 150 00 Praha 5, Czech Republic",14.393031221997461,50.059709763182184
CZE,"Hauptova 591, Zbraslav, 156 00 Praha 5, Czech Republic",14.394000756737768,49.97437155338673
CZE,"Kuncova 1580/1, Stodůlky, 155 00 Praha 5, Czech Republic",14.31300215158285,50.05000657869968
CZE,"U Santošky 1007/1, Smíchov, 150 00 Praha 5, Czech Republic",14.398819596692363,50.06593802015573
CZE,"Starochuchelská 240/38, Velká Chuchle, 159 00 Praha 5, Czech Republic",14.381617332986366,50.012347106827576
CZE,"Nepomucká 139/1, Košíře, 150 00 Praha 5, Czech Republic",14.36696408985506,50.06902188997205
CZE,"U Tyršovy školy 430/1, Jinonice, 158 00 Praha 5, Czech Republic",14.36924698500394,50.052385237092324
CZE,"Chaplinovo náměstí 615/1, Hlubočepy, 152 00 Praha 5, Czech Republic",14.378844934692069,50.03722153605764
CZE,"Mládí 135/4, Stodůlky, 155 00 Praha 5, Czech Republic",14.320883152224525,50.050364779331886
CZE,"Fingerova 2186/17, Stodůlky, 158 00 Praha 5, Czech Republic",14.347241639321311,50.0487346248928
CZE,"Klausova 2450/2, Stodůlky, 155 00 Praha 5, Czech Republic",14.33897775334259,50.034749377535064
CZE,"Nedašovská 328/35, Zličín, 155 21 Praha 5, Czech Republic",14.288318368740534,50.058841691379826
CZE,"Žákovská 164/3, Lysolaje, 165 00 Praha 6, Czech Republic",14.37130232792597,50.12534828787313
CZE,"Socháňova 1139/19, Řepy, 163 00 Praha 6, Czech Republic",14.305613252476604,50.06406868810956
CZE,"Suchdolská 360/61, Suchdol, 165 00 Praha 6, Czech Republic",14.379178573871862,50.140081491659416
CZE,"Alžírská 680/26, Vokovice, 160 00 Praha 6, Czech Republic",14.354180346408015,50.0953142857623
CZE,"Bílá 1784/1, Dejvice, 160 00 Praha 6, Czech Republic",14.387218875059489,50.10529654571101
CZE,"Na dlouhém lánu 555/43, Vokovice, 160 00 Praha 6, Czech Republic",14.360297375526414,50.095425094522255
CZE,"Na okraji 305/43, Veleslavín, 162 00 Praha 6, Czech Republic",14.343818721521558,50.09033924904202
CZE,"náměstí Českého povstání 511/6, Ruzyně, 161 00 Praha 6, Czech Republic",14.316664456537296,50.08371415086265
CZE,"Antonína Čermáka 1022/6, Bubeneč, 160 00 Praha 6, Czech Republic",14.397776971756372,50.10696609509503
CZE,"náměstí Svobody 930/3, Bubeneč, 160 00 Praha 6, Czech Republic",14.400686581805672,50.10092756249986
CZE,"náměstí Svobody 930/2, Bubeneč, 160 00 Praha 6, Czech Republic",14.400361028686348,50.101115861954696
CZE,"Norbertov 126/1, Střešovice, 162 00 Praha 6, Czech Republic",14.377035868529703,50.091559025501624
CZE,"Pod Marjánkou 1900/2, Břevnov, 169 00 Praha 6, Czech Republic",14.375750419858718,50.085244728292
CZE,"Sušická 1000/29, Dejvice, 160 00 Praha 6, Czech Republic",14.376089719299273,50.104946349796336
CZE,"Šantrochova 1800/2, Břevnov, 162 00 Praha 6, Czech Republic",14.348654157644432,50.087743205990535
CZE,"U Dělnického cvičiště 1100/1, Břevnov, 169 00 Praha 6, Czech Republic",14.366965682416662,50.086859795305344
CZE,"Žukovského 580/6, Liboc, 161 00 Praha 6, Czech Republic",14.309040025951816,50.091491383543
CZE,"Nebušická 369, Nebušice, 164 00 Praha 6, Czech Republic",14.330519239572112,50.11133369529216
CZE,"Bělohorská 417/52, Břevnov, 169 00 Praha 6, Czech Republic",14.375323445710961,50.08469902448576
CZE,"Španielova 1111/19, Řepy, 163 00 Praha 6, Czech Republic",14.306224293218094,50.069218277963444
CZE,"Umělecká 850/8, Holešovice, 170 00 Praha 7, Czech Republic",14.427728026373188,50.10267946408254
CZE,"Korunovační 164/8, Bubeneč, 170 00 Praha 7, Czech Republic",14.419934616619685,50.10064781648137
CZE,"Strossmayerovo náměstí 990/4, Holešovice, 170 00 Praha 7, Czech Republic",14.43462943399075,50.09906698954248
CZE,"Františka Křížka 490/2, Holešovice, 170 00 Praha 7, Czech Republic",14.430923962234942,50.097209853165424
CZE,"Tusarova 790/21, Holešovice, 170 00 Praha 7, Czech Republic",14.447512922085593,50.10191985410728
CZE,"Ortenovo náměstí 1275/34, Holešovice, 170 00 Praha 7, Czech Republic",14.448702565603298,50.10852592536645
CZE,"Trojská 211/110, Troja, 171 00 Praha 7, Czech Republic",14.4227102496982,50.117205062413284
CZE,"Burešova 1130/14, Kobylisy, 182 00 Praha 8, Czech Republic",14.469570487024981,50.131676029475244
CZE,"Glowackého 555/6, Troja, 181 00 Praha 8, Czech Republic",14.427745628369848,50.1275871694682
CZE,"Hlivická 400/1, Bohnice, 181 00 Praha 8, Czech Republic",14.421181257078985,50.13190741191241
CZE,"Libčická 658/10, Čimice, 181 00 Praha 8, Czech Republic",14.436848878132565,50.139938280982875
CZE,"Lyčkovo náměstí 460/6, Karlín, 186 00 Praha 8, Czech Republic",14.458361954641703,50.09311378472165
CZE,"Na Šutce 440/28, Troja, 182 00 Praha 8, Czech Republic",14.445913152045534,50.12310477910708
CZE,"Palmovka 468/8, Libeň, 180 00 Praha 8, Czech Republic",14.474689818208418,50.10269442577973
CZE,"Spořická 400/34, Dolní Chabry, 184 21 Praha 8, Czech Republic",14.442567681451878,50.14560854331084
CZE,"Svídnická 599/1a, Troja, 181 00 Praha 8, Czech Republic",14.408848879117926,50.12832976418005
CZE,"U Parkánu 17/11, Ďáblice, 182 00 Praha 8, Czech Republic",14.483967261471484,50.147957722001294
CZE,"U školské zahrady 1030/4, Kobylisy, 182 00 Praha 8, Czech Republic",14.459450680045165,50.12367596389896
CZE,"Za invalidovnou 579/3, Karlín, 186 00 Praha 8, Czech Republic",14.461746650962965,50.09390268944853
CZE,"Zenklova 26/52, Libeň, 180 00 Praha 8, Czech Republic",14.472578416798541,50.1074433187523
CZE,"Žernosecká 1597/3, Kobylisy, 182 00 Praha 8, Czech Republic",14.468818546491121,50.132738980526454
CZE,"Hovorčovická 1281/11, Kobylisy, 182 00 Praha 8, Czech Republic",14.443561357652555,50.128412786930994
CZE,"Bedřichovská 1960/1, Libeň, 182 00 Praha 8, Czech Republic",14.478339634127138,50.12508596765113
CZE,"Hloubětínská 700/24, Hloubětín, 198 00 Praha 9, Czech Republic",14.535715270105612,50.10221799840323
CZE,"Šimanovská 16, Kyje, 198 00 Praha 9, Czech Republic",14.54613129354368,50.097955507271905
CZE,"Vybíralova 964/8, Černý Most, 198 00 Praha 9, Czech Republic",14.58311199889664,50.104439915206484
CZE,"Dobratická 525, Letňany, 199 00 Praha 9, Czech Republic",14.509620980596935,50.13057791634023
CZE,"Prachovická 340, Vinoř, 190 17 Praha 9, Czech Republic",14.581416088427147,50.14650374192115
CZE,"Spojenců 1408/63, Horní Počernice, 193 00 Praha 9, Czech Republic",14.606305144078249,50.106585850057456
CZE,"Chodovická 2250/36, Horní Počernice, 193 00 Praha 9, Czech Republic",14.618560240892009,50.11080731177273
CZE,"Stoliňská 823/16, Horní Počernice, 193 00 Praha 9, Czech Republic",14.593373376221109,50.11088882578113
CZE,"Albrechtická 732/1, Kbely, 197 00 Praha 9, Czech Republic",14.54491013407005,50.13447768061164
CZE,"Fryčovická 462, Letňany, 199 00 Praha 9, Czech Republic",14.506683291171981,50.13772923040099
CZE,"Národních hrdinů 70, Dolní Počernice, 190 12 Praha 9, Czech Republic",14.582575389455343,50.08894755974828
CZE,"Mýtní 73, Běchovice, 190 11 Praha 9, Czech Republic",14.616599546101213,50.080548557490374
CZE,"Slavětínská 200, Klánovice, 190 14 Praha 9, Czech Republic",14.669633188596748,50.095400409817415
CZE,"Bratří Venclíků 1140/1, Černý Most, 198 00 Praha 9, Czech Republic",14.559357685297442,50.10491567203073
CZE,"náměstí Jiřího Berana 500/1, Čakovice, 196 00 Praha 9, Czech Republic",14.52629233455579,50.150624159793665
CZE,"Lupenická 20/6, Koloděje, 190 16 Praha 9, Czech Republic",14.640224275477323,50.05952795970231
CZE,"Novoborská 371/10, Střížkov, 190 00 Praha 9, Czech Republic",14.497906935633125,50.12770539621249
CZE,"Litvínovská 500/5, Prosek, 190 00 Praha 9, Czech Republic",14.486804015229836,50.12088156310884
CZE,"Litvínovská 600/1, Prosek, 190 00 Praha 9, Czech Republic",14.491898452160825,50.11925941338728
CZE,"náměstí Na Balabence 800/7, Libeň, 190 00 Praha 9, Czech Republic",14.483450248131277,50.10592221287354
CZE,"Špitálská 789/4, Vysočany, 190 00 Praha 9, Czech Republic",14.504671382952807,50.109871639921266
CZE,"Dygrýnova 1006/21, Černý Most, 198 00 Praha 9, Czech Republic",14.570445769732089,50.10393591136855
CZE,"Chvaletická 918/3, Hloubětín, 198 00 Praha 9, Czech Republic",14.549704750324452,50.104867350358916
CZE,"Polesná 1690, Újezd nad Lesy, 190 16 Praha 9, Czech Republic",14.654087188958243,50.07841586604641
CZE,"Ratibořická 1700/28, Horní Počernice, 193 00 Praha 9, Czech Republic",14.615498164023961,50.11116266255786
CZE,"K Cihelně 137/8, Satalice, 190 15 Praha 9, Czech Republic",14.573739103308753,50.12481024494619
CZE,"Rychnovská 350, Letňany, 199 00 Praha 9, Czech Republic",14.511142044566185,50.13503071858315
CZE,"Brigádníků 510/14, Strašnice, 100 00 Praha 10, Czech Republic",14.500853258418317,50.07446828301738
CZE,"Olešská 2222/18, Strašnice, 100 00 Praha 10, Czech Republic",14.511312616295783,50.064212647296586
CZE,"Kodaňská 658/16, Vršovice, 101 00 Praha 10, Czech Republic",14.457022861790392,50.07090228613043
CZE,"Hostýnská 2100/2, Strašnice, 108 00 Praha 10, Czech Republic",14.495328410759242,50.07983492225401
CZE,"V Rybníčkách 1980/31, Strašnice, 100 00 Praha 10, Czech Republic",14.506282133286021,50.070969634722445
CZE,"Švehlova 2900/12, Záběhlice, 106 00 Praha 10, Czech Republic",14.508225477537252,50.058383285095175
CZE,"Jakutská 1210/2, Vršovice, 100 00 Praha 10, Czech Republic",14.472661481459,50.072132120873846
CZE,"Vladivostocká 1035/6, Vršovice, 100 00 Praha 10, Czech Republic",14.474644220655165,50.06881410259231
CZE,"U Roháčových kasáren 1381/19, Vršovice, 100 00 Praha 10, Czech Republic",14.466722986878239,50.07065451707257
CZE,"U Vršovického nádraží 950/1, Vršovice, 101 00 Praha 10, Czech Republic",14.44787233809376,50.06679641085992
CZE,"Nad vodovodem 460/81, Malešice, 108 00 Praha 10, Czech Republic",14.498520826221693,50.08247438356395
CZE,"Břečťanová 2919/6, Záběhlice, 106 00 Praha 10, Czech Republic",14.496803793356207,50.054738624046905
CZE,"Gutova 1987/39, Strašnice, 100 00 Praha 10, Czech Republic",14.492555844826882,50.070585995014085
CZE,"Dopplerova 351, Petrovice, 109 00 Praha 10, Czech Republic",14.558684367015331,50.03437550274393
CZE,"Křimická 314, Horní Měcholupy, 109 00 Praha 10, Czech Republic",14.561573189944767,50.04697002472682
CZE,"Veronské nám. 391, Horní Měcholupy, 109 00 Praha 10, Czech Republic",14.562578934506774,50.04057354295654
CZE,"Nad přehradou 469, Horní Měcholupy, 109 00 Praha 10, Czech Republic",14.550259380857568,50.04097030034333
CZE,"Kozinova 1000/1, Hostivař, 102 00 Praha 10, Czech Republic",14.521026739161954,50.049123084195486
CZE,"Hornoměcholupská 873, Hostivař, 102 00 Praha 10, Czech Republic",14.537804543291116,50.04938665314083
CZE,"Vachkova 630/15, Uhříněves, 104 00 Praha 10, Czech Republic",14.595849641876214,50.036322828399165
CZE,"náměstí Bratří Jandusů 2/38, Uhříněves, 104 00 Praha 10, Czech Republic",14.604079329689995,50.02994914540554
CZE,"Kutnohorská 36/58, Dolní Měcholupy, 111 01 Praha 10, Czech Republic",14.560980673209286,50.05733374508904
CZE,"Mírová 57/47, Kolovraty, 103 00 Praha 10, Czech Republic",14.625948050350871,50.01171833836088
CZE,"U Školy 285, Štěrboholy, 102 00 Praha 10, Czech Republic",14.551663936372677,50.07070816125287
CZE,"Starodubečská 413/14, Dubeč, 107 00 Praha 10, Czech Republic",14.590867690085844,50.06317039954624
CZE,"č.p. 42, 257 44 Lešany, Czech Republic",14.512712456453137,49.85150015717576
CZE,"č.p. 37, 257 56 Křečovice, Czech Republic",14.516663533297915,49.70796461330173
CZE,"Olbramovice Ves 4, 259 01 Olbramovice, Czech Republic",14.640218659602198,49.67397935673313
CZE,"č.p. 45, 256 01 Teplýšovice, Czech Republic",14.794532597393689,49.79316214268075
CZE,"Táborská 170, 257 06 Louňovice pod Blaníkem, Czech Republic",14.844061767144154,49.63425709848957
CZE,"č.p. 95, 257 53 Vrchotovy Janovice, Czech Republic",14.567761684000061,49.67337189700004
CZE,"Dukelská 1818, 256 01 Benešov, Czech Republic",14.682430846003086,49.78304836888938
CZE,"Jiráskova 888, 256 01 Benešov, Czech Republic",14.68816892927893,49.7808184473686
CZE,"Na Lázni 335, 257 65 Čechtice, Czech Republic",15.045528940411998,49.62510359921731
CZE,"Sokolská 180, 257 22 Čerčany, Czech Republic",14.704392270513068,49.85300251741569
CZE,"Na Sadech 260, 257 26 Divišov, Czech Republic",14.875027702597436,49.79118464039229
CZE,"Školní 1, 257 68 Dolní Kralovice, Czech Republic",15.176708994049903,49.64427816665
CZE,"č.p. 267, 257 24 Chocerady, Czech Republic",14.826942818000077,49.848880000000065
CZE,"č.p. 149, 257 42 Krhanice, Czech Republic",14.560918707000042,49.863590000000045
CZE,"č.p. 248, 257 86 Miličín, Czech Republic",14.667810121000059,49.57152000000008
CZE,"Lhotecká 270, 257 08 Načeradec, Czech Republic",14.907510427249377,49.60923979971989
CZE,"Školní 171, 257 44 Netvořice, Czech Republic",14.520662796926075,49.818745385771024
CZE,"Školní 301, 257 56 Neveklov, Czech Republic",14.53229821963808,49.756440645901705
CZE,"Školní 190, 257 21 Poříčí nad Sázavou, Czech Republic",14.677395501489457,49.83628803856499
CZE,"Školní 153, 257 01 Postupice, Czech Republic",14.781684398083797,49.72921178197916
CZE,"Školní 160, Sedlec, 257 91 Sedlec-Prčice, Czech Republic",14.528170970514509,49.572734599734076
CZE,"Sokolská 256, 257 63 Trhový Štěpánov, Czech Republic",15.017700435136305,49.710797746531114
CZE,"Komenského 265, 257 41 Týnec nad Sázavou, Czech Republic",14.58896726117888,49.83703754834693
CZE,"U Vorliny 1500, 258 01 Vlašim, Czech Republic",14.889619087283336,49.69664674703807
CZE,"Sídliště 968, 258 01 Vlašim, Czech Republic",14.896669106044186,49.711224385402744
CZE,"č.p. 100, 257 64 Zdislavice, Czech Republic",14.983923708000077,49.68078153100004
CZE,"Pražská 168, 251 67 Pyšely, Czech Republic",14.677803616355078,49.874991937482264
CZE,"č.p. 49, 257 28 Chotýšany, Czech Republic",14.815099755000062,49.74664730000006
CZE,"Dr. E. Beneše 300, 257 51 Bystřice, Czech Republic",14.667171004538972,49.73781907453099
CZE,"Hodějovského 1654, 256 01 Benešov, Czech Republic",14.68137380419364,49.784828727033386
CZE,"č.p. 106, 267 61 Drozdov, Czech Republic",13.836005000000057,49.856010670000046
CZE,"Školní 112, 267 06 Hýskov, Czech Republic",14.051328605996133,49.98897178098045
CZE,"č.p. 67, 267 18 Karlštejn, Czech Republic",14.156205000000057,49.952195000000074
CZE,"Na Sídlišti 157, 267 03 Nový Jáchymov, Czech Republic",13.947954677952424,49.980427352702435
CZE,"č.p. 200, 267 62 Osek, Czech Republic",13.864602685399072,49.82698532729468
CZE,"č.p. 85, 267 61 Újezd, Czech Republic",13.802128249908822,49.832241825515226
CZE,"Tyršova náves 58, 267 16 Vysoký Újezd, Czech Republic",14.206886419191449,49.993165624324774
CZE,"Jungmannova 147, 267 03 Hudlice, Czech Republic",13.970657146522143,49.961232584883106
CZE,"č.p. 158, 267 07 Chyňava, Czech Republic",14.050673700000061,50.03055500000005
CZE,"Školní 25, 267 05 Nižbor, Czech Republic",14.001981827431337,49.99945485964392
CZE,"č.p. 93, 267 25 Osov, Czech Republic",14.09138133600004,49.84373500000004
CZE,"č.p. 104, 267 54 Praskolesy, Czech Republic",13.929255889000046,49.867290000000025
CZE,"Plzeňská 30/14, Beroun-Město, 266 01 Beroun, Czech Republic",14.068787858853483,49.962318125163364
CZE,"Wagnerovo nám. 458/7, Beroun-Město, 266 01 Beroun, Czech Republic",14.071309470604774,49.96607803738027
CZE,"Na Dražkách 217, 267 61 Cerhovice, Czech Republic",13.829169866549393,49.85124931663799
CZE,"sady Sv. Čecha 44, 267 27 Liteň, Czech Republic",14.147719067590174,49.90519947833624
CZE,"č.p. 4, 267 23 Lochovice, Czech Republic",13.991300000000024,49.85171912100003
CZE,"č.p. 135, 267 22 Suchomasty, Czech Republic",14.064468523000073,49.901276487000075
CZE,"č.p. 359, 267 63 Zaječov, Czech Republic",13.842315000000042,49.74496992500008
CZE,"Školní 219, 267 29 Zadní Třebaň, Czech Republic",14.209702822477425,49.914717674215666
CZE,"Příbramská 163, 267 24 Neumětely, Czech Republic",14.027819379245784,49.85092409879479
CZE,"K Závěrce 33, 267 18 Srbsko, Czech Republic",14.13626854966222,49.936480279982305
CZE,"Sídliště 321, 267 53 Žebrák, Czech Republic",13.892304540561668,49.875503443123534
CZE,"Jiráskova 617/6, 268 01 Hořovice, Czech Republic",13.906735327982688,49.835343942900806
CZE,"Komenského 1245/7, 268 01 Hořovice, Czech Republic",13.90569722927441,49.83500770285494
CZE,"Komenského 249/4, Beroun-Závodí, 266 01 Beroun, Czech Republic",14.081657432989061,49.96696806976897
CZE,"Preislerova 1335/80, Beroun-Město, 266 01 Beroun, Czech Republic",14.058056675856022,49.958635745550794
CZE,"Školní 242, 267 42 Broumy, Czech Republic",13.853016548721598,49.95068865360258
CZE,"Tyršova 136, Počaply, 267 01 Králův Dvůr, Czech Republic",14.022304170775357,49.94104627982762
CZE,"Jungmannova 292, 267 01 Králův Dvůr, Czech Republic",14.030779867447336,49.94775314347248
CZE,"Školní 255, 267 12 Loděnice, Czech Republic",14.152831274155915,49.99526068102347
CZE,"Doberská 323, Rozdělov, 272 04 Kladno, Czech Republic",14.068910653735003,50.139741851081965
CZE,"Školní 49, 273 51 Velké Přítočno, Czech Republic",14.128744785733858,50.113996877388104
CZE,"Vodárenská 2115, Kročehlavy, 272 01 Kladno, Czech Republic",14.11679462255762,50.13400380971564
CZE,"Vodárenská 2116, Kročehlavy, 272 01 Kladno, Czech Republic",14.117388815673706,50.134152630406504
CZE,"Školská 322, Kročehlavy, 272 01 Kladno, Czech Republic",14.118838801104033,50.142827564916956
CZE,"č.p. 76, 273 63 Bratronice, Czech Republic",14.038283353129694,50.07310310910562
CZE,"Kladenská 75, 273 01 Žilina, Czech Republic",14.007988299246875,50.09819246367468
CZE,"č.p. 50, 273 28 Zákolany, Czech Republic",14.247139317000062,50.19998363700006
CZE,"č.p. 109, 273 73 Vraný, Czech Republic",14.016344546000028,50.331180000000074
CZE,"Náměstí Komenského 17, 273 61 Velká Dobrá, Czech Republic",14.06925305447973,50.10973086585744
CZE,"Hlavní 1, 273 51 Svárov, Czech Republic",14.154432888214671,50.063856416411625
CZE,"č.p. 19, 273 29 Koleč, Czech Republic",14.219796188000032,50.19889330800004
CZE,"č.p. 77, 273 22 Kmetiněves, Czech Republic",14.165371145000051,50.31805992200003
CZE,"Sokolská 230, 273 64 Doksy, Czech Republic",14.043256581781094,50.11823744984261
CZE,"Školská 262, 273 45 Hřebeč, Czech Republic",14.165862786660824,50.136704375099725
CZE,"Ke Kostelu 77, 273 62 Družec, Czech Republic",14.04579453824357,50.104252537761
CZE,"č.p. 95, 273 23 Černuc, Czech Republic",14.206938154000056,50.31019490700004
CZE,"č.p. 52, 273 27 Otvovice, Czech Republic",14.277576417000034,50.21212500000007
CZE,"Jiráskova 457, Švermov, 273 09 Kladno, Czech Republic",14.09801924326365,50.16661507085274
CZE,"Cyrila Boudy 1188, 272 01 Kladno, Czech Republic",14.100893733138633,50.139873949876005
CZE,"Politických vězňů 777/2, 274 01 Slaný, Czech Republic",14.086865612346145,50.23605017002487
CZE,"Komenského náměstí 618/1, 274 01 Slaný, Czech Republic",14.086369236040099,50.229833521987246
CZE,"Rabasova 821, 274 01 Slaný, Czech Republic",14.070808568071016,50.22737133792944
CZE,"Velvarská 1206, Švermov, 273 09 Kladno, Czech Republic",14.113624083862476,50.17072807074092
CZE,"Brjanská 3078, 272 04 Kladno, Czech Republic",14.070634224484962,50.14251768595656
CZE,"Slánská 36, Olšany, 273 41 Brandýsek, Czech Republic",14.157919005564366,50.18892082394515
CZE,"Tyršova 77/10, 273 43 Buštěhrad, Czech Republic",14.185735105623365,50.1584899891906
CZE,"Karlovarská třída 150, 273 01 Kamenné Žehrovice, Czech Republic",14.022444567653565,50.128802922614284
CZE,"Nová 8, 273 74 Klobuky, Czech Republic",13.990355373355726,50.294566918301655
CZE,"č.p. 38, 273 75 Kvílice, Czech Republic",14.000247710000053,50.26219500000008
CZE,"Komenského 237, 273 06 Libušín, Czech Republic",14.05823219290852,50.167179550122086
CZE,"Humny 338, 273 08 Pchery, Czech Republic",14.11283660405914,50.19328276635767
CZE,"Školská 284, 273 05 Smečno, Czech Republic",14.041259928625664,50.18558688004762
CZE,"Školní 269, 273 24 Velvary, Czech Republic",14.238630614354577,50.280836271252866
CZE,"VI. ulice 165, 273 07 Vinařice, Czech Republic",14.088757575530906,50.17660005491999
CZE,"č.p. 120, 273 25 Zvoleněves, Czech Republic",14.18311747000007,50.235205000000065
CZE,"Komenského 305, 273 71 Zlonice, Czech Republic",14.093058078593145,50.283129098957005
CZE,"Školní 277, 273 02 Tuchlovice, Czech Republic",13.992249767292407,50.13363689190413
CZE,"Moskevská 2929, 272 04 Kladno, Czech Republic",14.07698795854904,50.138526558940555
CZE,"Amálská 2511, 272 01 Kladno, Czech Republic",14.094464478126952,50.14147225308301
CZE,"Zd. Petříka 1756, 272 01 Kladno, Czech Republic",14.092666559895804,50.14168787754218
CZE,"Ukrajinská 2447, Kročehlavy, 272 01 Kladno, Czech Republic",14.129315174244965,50.132295326391386
CZE,"Norská 2633, Kročehlavy, 272 01 Kladno, Czech Republic",14.125210807717025,50.128972027510855
CZE,"č.p. 124, 273 26 Slatina, Czech Republic",14.22473912714074,50.22291251120699
CZE,"Řánkova 87, 273 42 Stehelčeves, Czech Republic",14.18877404843866,50.174373486160476
CZE,"Čelechovická 105, 273 04 Kačice, Czech Republic",13.98652576561389,50.16540635850532
CZE,"Pařížská 2199, Kročehlavy, 272 01 Kladno, Czech Republic",14.134523772697207,50.13675638480893
CZE,"Tř. Jana Švermy 342, 289 11 Pečky, Czech Republic",15.032900178354652,50.0920364587065
CZE,"Školní 300, 289 14 Poříčany, Czech Republic",14.913394774735622,50.10805004281366
CZE,"Poděbradská 22, 289 11 Vrbová Lhota, Czech Republic",15.061862252215803,50.11063573421475
CZE,"č.p. 49, 281 43 Bečváry, Czech Republic",15.075765796000042,49.956028186000026
CZE,"č.p. 29, 281 46 Horní Kruty, Czech Republic",14.95224034100005,49.92221227700003
CZE,"č.p. 113, 281 27 Krakovany, Czech Republic",15.364680733000057,50.06829000000005
CZE,"č.p. 9, 281 03 Radim, Czech Republic",14.997219750000056,50.07148500000005
CZE,"Bezručova 980, Kolín II, 280 02 Kolín, Czech Republic",15.195102829111335,50.0237945653609
CZE,"Prokopa Velikého 633, Kolín IV, 280 02 Kolín, Czech Republic",15.203206872196489,50.02127940767505
CZE,"Masarykova 412, Kolín III, 280 02 Kolín, Czech Republic",15.195705404130592,50.02315490042005
CZE,"Mnichovická 62, Kolín V, 280 02 Kolín, Czech Republic",15.206598022583222,50.03152410501218
CZE,"Lipanská 420, Kolín III, 280 02 Kolín, Czech Republic",15.201894601435356,50.02205624246133
CZE,"Ovčárecká 374, Kolín V, 280 02 Kolín, Czech Republic",15.207307634506066,50.03341791221567
CZE,"náměstí Smiřických 33, 281 63 Kostelec nad Černými lesy, Czech Republic",14.859833323797147,49.99382465146195
CZE,"Československé armády 626, 281 61 Kouřim, Czech Republic",14.973555800958337,50.00113895162994
CZE,"Kolínská 90, 281 23 Starý Kolín, Czech Republic",15.292584279222694,50.00848606694885
CZE,"náměstí Komenského 85, 281 26 Týnec nad Labem, Czech Republic",15.358686146959059,50.041243257020255
CZE,"K Sídlišti 563, 281 01 Velim, Czech Republic",15.115853443330082,50.06043986885828
CZE,"Komenského nám. 94, 281 44 Zásmuky, Czech Republic",15.030901932637619,49.954795953796605
CZE,"Komenského 377, 281 29 Žiželice, Czech Republic",15.39828141936951,50.13074773369857
CZE,"Vrchlického 236, 281 51 Velký Osek, Czech Republic",15.188886390621263,50.09972526230837
CZE,"Na Rafandě 14, 250 82 Tuklaty, Czech Republic",14.769336765058966,50.08464839779057
CZE,"č.p. 37, 282 01 Přistoupim, Czech Republic",14.880713887963298,50.05428209521466
CZE,"Na městečku 69, 281 67 Stříbrná Skalice, Czech Republic",14.845903774185985,49.897641390514394
CZE,"Pražská 28, 281 04 Plaňany, Czech Republic",15.030304051484137,50.05174791908439
CZE,"Kolínská 66, 280 02 Ovčáry, Czech Republic",15.240307187307764,50.06354368760415
CZE,"Kutnohorská 181, 281 21 Červené Pečky, Czech Republic",15.213209332531875,49.97998130972496
CZE,"Žitomířská 885, 282 01 Český Brod, Czech Republic",14.851381515549207,50.076171779109245
CZE,"Tyršova 68, 282 01 Český Brod, Czech Republic",14.857660818313093,50.074297501740176
CZE,"Bylany 104, 282 01 Chrášťany, Czech Republic",14.90777127207619,50.06650094877301
CZE,"Školní 44, 280 02 Veltruby, Czech Republic",15.177978014190671,50.06692913829673
CZE,"č.p. 99, 280 02 Býchory, Czech Republic",15.274437816684758,50.06978657518009
CZE,"Kmochova 943, Kolín II, 280 02 Kolín, Czech Republic",15.19514758847427,50.0273809721821
CZE,"č.p. 15, 281 06 Vitice, Czech Republic",14.919245572000023,50.04116939000005
CZE,"č.p. 67, 285 72 Bílé Podolí, Czech Republic",15.486198281000043,49.961960515000044
CZE,"č.p. 7, 285 33 Církvice, Czech Republic",15.340398660000062,49.95198773000004
CZE,"č.p. 262, 285 76 Chotusice, Czech Republic",15.385740304000024,49.96001536500006
CZE,"č.p. 80, 286 01 Krchleby, Czech Republic",15.332321994560202,49.87508449886029
CZE,"č.p. 76, 285 47 Křesetice, Czech Republic",15.268331449000073,49.90932500000008
CZE,"č.p. 29, 285 64 Vlkaneč, Czech Republic",15.411874824000051,49.80386500000003
CZE,"Školní 71, 285 74 Záboří nad Labem, Czech Republic",15.349958657915693,50.02535628156053
CZE,"č.p. 23, 286 01 Zbýšov, Czech Republic",15.380237804430433,49.806427009832234
CZE,"Žižkovo nám. 107, 285 41 Malešov, Czech Republic",15.2228932805466,49.91127296346764
CZE,"Kamenná stezka 40/1, Hlouška, 284 01 Kutná Hora, Czech Republic",15.273414112289174,49.952383264877085
CZE,"Kremnická 98/18, Žižkov, 284 01 Kutná Hora, Czech Republic",15.261692775069605,49.94486063250568
CZE,"nám. Jana Žižky z Trocnova 182/52, Čáslav-Staré Město, 286 01 Čáslav, Czech Republic",15.389713605581647,49.91054235487735
CZE,"Masarykova 330/7, Čáslav-Nové Město, 286 01 Čáslav, Czech Republic",15.390019293590456,49.913906180259715
CZE,"č.p. 145, 285 42 Červené Janovice, Czech Republic",15.265356646711217,49.83336080419401
CZE,"č.p. 216, 285 09 Kácov, Czech Republic",15.029158220685327,49.773870701473406
CZE,"Masarykovo nám. 1, 285 31 Nové Dvory, Czech Republic",15.322864407358168,49.97099209575495
CZE,"č.p. 155, 285 63 Potěhy, Czech Republic",15.422964706382999,49.87262868757627
CZE,"nám. Voskovce a Wericha 290, 285 06 Sázava, Czech Republic",14.902411883185806,49.87615035841063
CZE,"č.p. 6, 285 02 Suchdol, Czech Republic",15.17351289100003,49.95261500000004
CZE,"Třebízského 268, 285 04 Uhlířské Janovice, Czech Republic",15.061471823165874,49.87898541143116
CZE,"Školská 108, 285 71 Vrdy, Czech Republic",15.466383795936764,49.924416458199005
CZE,"č.p. 190, 285 21 Zbraslavice, Czech Republic",15.187882172000059,49.813285001000054
CZE,"Na Pohoří 575, 285 22 Zruč nad Sázavou, Czech Republic",15.096235515128939,49.74785828951181
CZE,"Školní 190, 285 61 Žleby, Czech Republic",15.487941380351742,49.889634116501384
CZE,"č.p. 56, 285 23 Vlastějovice, Czech Republic",15.184750595000025,49.73688630600003
CZE,"Ke Křížku 190, 285 75 Žehušice, Czech Republic",15.40066112550005,49.9746869224937
CZE,"Komenského nám. 198, 278 01 Kralupy nad Vltavou, Czech Republic",14.31318806219528,50.241553350464244
CZE,"Tyršova 93/26, 276 01 Mělník, Czech Republic",14.473473939333786,50.353970807210516
CZE,"Jaroslava Seiferta 148/8, 276 01 Mělník, Czech Republic",14.475935955753528,50.35029898879597
CZE,"Českolipská 1386/136, 276 01 Mělník, Czech Republic",14.466694907502585,50.372938383544295
CZE,"Pražská 2817, 276 01 Mělník, Czech Republic",14.483190576770909,50.34570796896969
CZE,"Blahoslavova 2461/4, 276 01 Mělník, Czech Republic",14.472890139777633,50.36288056073843
CZE,"Školní 900, 277 11 Neratovice, Czech Republic",14.517930799405065,50.25403781805841
CZE,"č.p. 46, 278 01 Chvatěruby, Czech Republic",14.344020371706451,50.244716934390475
CZE,"č.p. 179, 277 08 Ledčice, Czech Republic",14.283800499000051,50.338307189000034
CZE,"č.p. 49, 277 31 Malý Újezd, Czech Republic",14.541987976596992,50.33559248146284
CZE,"Hlavní 149, 277 38 Mělnické Vtelno, Czech Republic",14.691262605921963,50.35104799566375
CZE,"č.p. 47, 277 34 Nebužely, Czech Republic",14.592756104982076,50.3963905147643
CZE,"Školní 55, 277 51 Nelahozeves, Czech Republic",14.299156085727333,50.26138413709654
CZE,"č.p. 78, 277 14 Nedomice, Czech Republic",14.613315458582404,50.262325311498245
CZE,"Hlavní 43, 277 33 Řepín, Czech Republic",14.63493881497297,50.36658888234132
CZE,"Školní 11, 277 31 Velký Borek, Czech Republic",14.517529054785854,50.34424784143653
CZE,"č.p. 67, 277 07 Vraňany, Czech Republic",14.347320223000054,50.327360000000056
CZE,"č.p. 92, 277 13 Záryby, Czech Republic",14.63443639063857,50.21273867804786
CZE,"č.p. 58, 277 21 Želízy, Czech Republic",14.524649932909744,50.4440487349797
CZE,"č.p. 3, 277 04 Cítov, Czech Republic",14.39064434100004,50.37358500000005
CZE,"Hlavní 89, 277 14 Dřísy, Czech Republic",14.647237330045186,50.2577371710249
CZE,"č.p. 225, 277 03 Horní Počaply, Czech Republic",14.398076782000032,50.415670000000034
CZE,"č.p. 3, 276 01 Hořín, Czech Republic",14.458709262832352,50.35125642602312
CZE,"28. října 182, Mikovice, 278 01 Kralupy nad Vltavou, Czech Republic",14.291987965950739,50.2330671764133
CZE,"Školní 74, Kozly, 277 15 Tišice, Czech Republic",14.558113475590062,50.2562429291458
CZE,"Komenského 375, 277 16 Všetaty, Czech Republic",14.592952101767509,50.282752416228305
CZE,"č.p. 10, 277 24 Vysoká, Czech Republic",14.522189076000075,50.40520500000008
CZE,"Komenského 200, 277 32 Byšice, Czech Republic",14.612001234019175,50.31252640314051
CZE,"Nádražní 250, 277 01 Dolní Beřkovice, Czech Republic",14.449500019871408,50.39209061320503
CZE,"nám. Komenského 288, 277 13 Kostelec nad Labem, Czech Republic",14.588119347853649,50.230497368718716
CZE,"Gen. Klapálka 1029, 278 01 Kralupy nad Vltavou, Czech Republic",14.29903555395967,50.23888928826847
CZE,"Revoluční 682, Lobeček, 278 01 Kralupy nad Vltavou, Czech Republic",14.30950840670127,50.249246554565275
CZE,"Třebízského 523, Lobeček, 278 01 Kralupy nad Vltavou, Czech Republic",14.320877368711336,50.244517484793676
CZE,"Za Školou 161, 277 21 Liběchov, Czech Republic",14.446014070159748,50.41124778818863
CZE,"1. máje 4, 277 06 Lužec nad Vltavou, Czech Republic",14.401374652237337,50.32041075654348
CZE,"Boleslavská 360, 277 35 Mšeno, Czech Republic",14.639169412962701,50.43760070131981
CZE,"28. října 1157, 277 11 Neratovice, Czech Republic",14.510790675185063,50.25415755354527
CZE,"Školní 84, 277 42 Obříství, Czech Republic",14.477697580343914,50.294602122295004
CZE,"Opletalova 493, 277 46 Veltrusy, Czech Republic",14.324951308930736,50.2695187741283
CZE,"Školní 180/4, 277 11 Libiš, Czech Republic",14.498361402423285,50.276585430966975
CZE,"Školní 57/2, 277 32 Čečelice, Czech Republic",14.61927898908931,50.29420553254624
CZE,"Kralupská 48, 277 45 Úžice, Czech Republic",14.378365406011397,50.25471939251511
CZE,"č.p. 76, 277 44 Hostín u Vojkovic, Czech Republic",14.402314186599211,50.29534376125975
CZE,"Záboří 70, 277 41 Kly, Czech Republic",14.52334601177057,50.30878727804347
CZE,"Jaroslava Seiferta 179/9, 276 01 Mělník, Czech Republic",14.476423698699307,50.35018830576453
CZE,"Jodlova 111, 278 01 Kralupy nad Vltavou, Czech Republic",14.311527858633326,50.24152950394969
CZE,"Byškovická 85, Byškovice, 277 11 Neratovice, Czech Republic",14.498078010276942,50.255990801498285
CZE,"č.p. 77, 294 23 Čistá, Czech Republic",14.824209818000043,50.47511000000003
CZE,"Husovo náměstí 7, 294 28 Chotětov, Czech Republic",14.800191891752263,50.3372441326907
CZE,"č.p. 81, 294 15 Klášter Hradiště nad Jizerou, Czech Republic",14.943785000000048,50.53285234200007
CZE,"č.p. 97, 294 76 Kostelní Hlavno, Czech Republic",14.716865059530106,50.25976080938253
CZE,"č.p. 143, 294 74 Předměřice nad Jizerou, Czech Republic",14.777254788413606,50.26907473083162
CZE,"č.p. 88, 294 75 Sojovice, Czech Republic",14.76433000000003,50.22227712800003
CZE,"č.p. 102, 294 12 Žďár, Czech Republic",15.079297367000038,50.53525822200004
CZE,"nám. Budovatelů 39, 294 25 Katusice, Czech Republic",14.777519933310117,50.44630476294378
CZE,"č.p. 75, 294 31 Krnsko, Czech Republic",14.853038555271498,50.39205865530381
CZE,"č.p. 32, 293 01 Dalovice, Czech Republic",14.879065732086103,50.4234467392222
CZE,"Palackého 278, 294 01 Bakov nad Jizerou, Czech Republic",14.935532386850355,50.47962546836567
CZE,"Máchova 1110, 294 21 Bělá pod Bezdězem, Czech Republic",14.795440526118227,50.5067321660494
CZE,"Husovo náměstí 55, Benátky nad Jizerou I, 294 71 Benátky nad Jizerou, Czech Republic",14.824137396562918,50.291815893860445
CZE,"Pražská 135, Benátky nad Jizerou II, 294 71 Benátky nad Jizerou, Czech Republic",14.829880928075823,50.286750290676366
CZE,"Školní 242, 294 29 Bezno, Czech Republic",14.79736199360218,50.36922339832839
CZE,"Rudé armády 300, 294 73 Brodce, Czech Republic",14.86775573104049,50.333797158828844
CZE,"č.p. 115, 294 06 Březno, Czech Republic",15.012201048000065,50.41703000000007
CZE,"Komenského 96, 294 43 Čachovice, Czech Republic",14.942290715380693,50.27232956153915
CZE,"Komenského 46, 294 41 Dobrovice, Czech Republic",14.95885067384637,50.37029150425005
CZE,"Školní 74, 294 04 Dolní Bousov, Czech Republic",15.128322027217735,50.43821467572741
CZE,"č.p. 40, 294 78 Dolní Slivno, Czech Republic",14.743149556000049,50.31002254800006
CZE,"Na Františku 75, 294 02 Kněžmost, Czech Republic",15.040727786273095,50.48904362623068
CZE,"Boleslavská 160, 294 42 Luštěnice, Czech Republic",14.938152150687841,50.321084871106365
CZE,"Komenského náměstí 76/3, Mladá Boleslav I, 293 01 Mladá Boleslav, Czech Republic",14.902816812928222,50.41259911861857
CZE,"Komenského náměstí 91/6, Mladá Boleslav II, 293 01 Mladá Boleslav, Czech Republic",14.903806128960014,50.41322604306657
CZE,"Laurinova 905, Mladá Boleslav III, 293 01 Mladá Boleslav, Czech Republic",14.917608860376106,50.41281478498729
CZE,"Svatovítská 574/5, Mladá Boleslav III, 293 01 Mladá Boleslav, Czech Republic",14.90454273061107,50.40822250787551
CZE,"17. listopadu 1325, Mladá Boleslav II, 293 01 Mladá Boleslav, Czech Republic",14.90995626659597,50.434255986676675
CZE,"Jilemnického 1152, Mladá Boleslav III, 293 01 Mladá Boleslav, Czech Republic",14.927296999342417,50.41286281329246
CZE,"Václavkova 1082, Mladá Boleslav II, 293 01 Mladá Boleslav, Czech Republic",14.90504028038356,50.4251739850385
CZE,"Bakovská 7, Debř, 293 01 Mladá Boleslav, Czech Republic",14.88779585570461,50.44627345653544
CZE,"Sokolovská 254, 295 01 Mnichovo Hradiště, Czech Republic",14.97643322449943,50.52464752016806
CZE,"č.p. 3, 294 46 Semčice, Czech Republic",15.010516564978012,50.36870977758742
CZE,"č.p. 23, 294 26 Skalsko, Czech Republic",14.74600214800006,50.41817000000003
CZE,"Václavkova 1040, Mladá Boleslav II, 293 01 Mladá Boleslav, Czech Republic",14.904865014788157,50.42624846120657
CZE,"Podzámecká 1, 293 06 Kosmonosy, Czech Republic",14.924466011544894,50.440523009952415
CZE,"č.p. 9, 294 14 Jivina, Czech Republic",14.949959431000025,50.55106500000005
CZE,"č.p. 90, 294 11 Loukovec, Czech Republic",15.016072338642175,50.55979341894502
CZE,"Školní 556/1, Poděbrady II, 290 01 Poděbrady, Czech Republic",15.116670175975514,50.146789229543316
CZE,"Školní 465, 289 07 Libice nad Cidlinou, Czech Republic",15.179812058424488,50.12725000741298
CZE,"Školní 402, 289 21 Kostomlaty nad Labem, Czech Republic",14.961518298350995,50.18251336188172
CZE,"Tyršova 278, 289 34 Rožďalovice, Czech Republic",15.166905436276892,50.305382255606986
CZE,"č.p. 68, 290 01 Křečkov, Czech Republic",15.112584759492627,50.181395615708524
CZE,"Ke Hřišti 195, 289 11 Tatce, Czech Republic",14.977903745592528,50.09338699285564
CZE,"Na Valech 45, Poděbrady II, 290 01 Poděbrady, Czech Republic",15.115239049827323,50.145223573849165
CZE,"Školská 112/15, 289 24 Milovice, Czech Republic",14.886785165819703,50.22876495506091
CZE,"Osvobození 212, 289 01 Dymokury, Czech Republic",15.20711309053334,50.250334316049845
CZE,"Palackého 160/1, Litol, 289 22 Lysá nad Labem, Czech Republic",14.853266689392399,50.186041221109235
CZE,"č.p. 86, 289 12 Hradištko, Czech Republic",14.910157629689143,50.157066252590596
CZE,"Karoliny Světlé 386, 289 12 Sadská, Czech Republic",14.986957206850377,50.13637320610525
CZE,"Hlavní 77, 289 08 Běrunice, Czech Republic",15.333839922833192,50.18578041819194
CZE,"č.p. 5, 289 02 Kněžice, Czech Republic",15.324504827849067,50.27247816359075
CZE,"Nymburská 82, 288 02 Krchleby, Czech Republic",15.022015941805222,50.235836347674876
CZE,"Ke Škole 381, 289 37 Loučeň, Czech Republic",15.017322578941162,50.28443935806138
CZE,"č.p. 23, 289 04 Opočnice, Czech Republic",15.254962499000044,50.180030000000045
CZE,"č.p. 123, 289 32 Hrubý Jeseník, Czech Republic",15.078001381000036,50.25114078300004
CZE,"č.p. 52, 289 05 Žehuň, Czech Republic",15.305989282000041,50.14420000000007
CZE,"Školní 301, 289 33 Křinec, Czech Republic",15.13264725689433,50.267683095423365
CZE,"Náměstí B. Hrozného 12/19, 289 22 Lysá nad Labem, Czech Republic",14.838920894469567,50.20206159455799
CZE,"Bezručova 723, 289 03 Městec Králové, Czech Republic",15.301822142350403,50.203052796517994
CZE,"Letců R. A. F. 1989, 288 02 Nymburk, Czech Republic",15.027175338485819,50.18849514899239
CZE,"Komenského 589/12, 288 02 Nymburk, Czech Republic",15.041024338007446,50.190578093841
CZE,"Hlavní 77, 289 03 Záhornice, Czech Republic",15.28552076559771,50.24707564164282
CZE,"č.p. 98, 289 25 Straky, Czech Republic",14.964055320201622,50.235852136232374
CZE,"Kovanská 171, 289 31 Bobnice, Czech Republic",15.057144665651549,50.216112597946136
CZE,"č.p. 5, 289 12 Kostelní Lhota, Czech Republic",15.02305318626808,50.12624161608625
CZE,"č.p. 363, 289 15 Kounice, Czech Republic",14.830606093000029,50.11863197900004
CZE,"Tyršova 446/9, 288 02 Nymburk, Czech Republic",15.03999562703072,50.184308849360946
CZE,"č.p. 111, 289 17 Semice, Czech Republic",14.877236765000077,50.16096134600008
CZE,"č.p. 79, 289 13 Hořátev, Czech Republic",15.027422564000062,50.15485790100007
CZE,"č.p. 28, 288 02 Budiměřice, Czech Republic",15.116823035368649,50.206175076385335
CZE,"č.p. 40, 288 02 Dvory, Czech Republic",15.013344202000042,50.221685000000036
CZE,"Chvalovice 69, 288 02 Kovanice, Czech Republic",15.08316050054654,50.159939890801866
CZE,"Revoluční 903, 250 64 Hovorčovice, Czech Republic",14.519171069617926,50.1813877561043
CZE,"Říčanská 100, 250 84 Sibřina, Czech Republic",14.665983707954155,50.063396794751014
CZE,"Kaštanová 473, 250 73 Radonice, Czech Republic",14.610445049875636,50.14052270918177
CZE,"č.p. 19, 251 01 Modletice, Czech Republic",14.607548788496173,49.97382761580205
CZE,"Jungmannova 164/1, Stará Boleslav, 250 01 Brandýs nad Labem-Stará Boleslav, Czech Republic",14.678068149219285,50.195989534350105
CZE,"Kostelecká 1750, Brandýs nad Labem, 250 01 Brandýs nad Labem-Stará Boleslav, Czech Republic",14.655029817789341,50.18933987719441
CZE,"Palachova 337/1, Brandýs nad Labem, 250 01 Brandýs nad Labem-Stará Boleslav, Czech Republic",14.66399962765351,50.18497051679762
CZE,"J. A. Komenského 414/7, 250 88 Čelákovice, Czech Republic",14.749482551007304,50.16136732891266
CZE,"Na Návsi 3, 251 01 Čestlice, Czech Republic",14.583408382992928,50.002244859934905
CZE,"Pražská 800, 250 90 Jirny, Czech Republic",14.693444834413668,50.119803859908046
CZE,"Moravcova 26, 250 72 Kojetice, Czech Republic",14.508556395074606,50.23813935939137
CZE,"Na Dolejšku 287, 250 87 Mochov, Czech Republic",14.798213846421902,50.1423797198303
CZE,"Veliký Brázdim 12, 250 63 Brázdim, Czech Republic",14.593476976544366,50.19002597787883
CZE,"č.p. 29, 250 63 Sluhy, Czech Republic",14.557945014889205,50.191431793384346
CZE,"Hlavní 46, 250 63 Veleň, Czech Republic",14.547606173226427,50.17161148142611
CZE,"Pražská 14, 250 81 Nehvizdy, Czech Republic",14.729733026926283,50.130509478100805
CZE,"Ke Škole 17, Řež, 250 68 Husinec, Czech Republic",14.363742756826696,50.170203866516346
CZE,"Komenského 158/11, 250 92 Šestajovice, Czech Republic",14.682816665006243,50.11204351676258
CZE,"U Školy 48, Veltěž, 250 66 Zdiby, Czech Republic",14.437454219179898,50.16759634025749
CZE,"Kostelní 457, 250 88 Čelákovice, Czech Republic",14.753289192334421,50.16551775399853
CZE,"č.p. 36, 250 01 Dřevčice, Czech Republic",14.63644918700004,50.17561671400006
CZE,"č.p. 48, 251 68 Kostelec u Křížků, Czech Republic",14.550095239433626,49.90775439602253
CZE,"Školní 211, 251 66 Mirošovice, Czech Republic",14.716489200813925,49.91118906061686
CZE,"Školní 27, 251 66 Senohraby, Czech Republic",14.721979095936746,49.895037929478576
CZE,"Revoluční 170, 251 63 Strančice, Czech Republic",14.674982854479452,49.94700237640507
CZE,"Hlavní 74, 250 89 Lázně Toušeň, Czech Republic",14.71567883841493,50.16930553604351
CZE,"Kasalova 454/1, 250 91 Zeleneč, Czech Republic",14.662736977759153,50.13281689031646
CZE,"Tyršova 130, 250 83 Škvorec, Czech Republic",14.73343061969311,50.04642189016866
CZE,"č.p. 375, 250 67 Klecany, Czech Republic",14.406218330000058,50.18397500000003
CZE,"Bezručova 346, 251 64 Mnichovice, Czech Republic",14.71295706681579,49.93410627354592
CZE,"Školní 88, 251 62 Mukařov, Czech Republic",14.743356720890546,49.99256770126175
CZE,"Školní 200, 250 70 Odolena Voda, Czech Republic",14.41313043907897,50.229003504025286
CZE,"Masarykovo nám. 71/22, 251 01 Říčany, Czech Republic",14.653495426594048,49.99178390949581
CZE,"Bezručova 94/19, Radošovice, 251 01 Říčany, Czech Republic",14.669643749794744,49.998009693807916
CZE,"Komenského 5, 251 69 Velké Popovice, Czech Republic",14.639187182597425,49.922799002343226
CZE,"č. p. 63, 250 70 Panenské Břežany, Czech Republic",14.440507058529377,50.21532051742321
CZE,"Svatojánská Náves 78, 251 01 Tehov, Czech Republic",14.693520271542269,49.9704849487033
CZE,"Ringhofferova 57, 251 68 Kamenice, Czech Republic",14.581677268530086,49.90152296605592
CZE,"Arnošta z Pardubic 8, 250 82 Úvaly, Czech Republic",14.730989474212294,50.07427176929744
CZE,"Měšická 322, 250 65 Líbeznice, Czech Republic",14.500386051135308,50.1955236681716
CZE,"Nerudova 481/5, 251 01 Říčany, Czech Republic",14.66190180492677,49.99370642471766
CZE,"Karlštejnská 571, 252 29 Lety, Czech Republic",14.249006320838362,49.92271509949245
CZE,"Školní 2/1, 252 62 Únětice, Czech Republic",14.352720805608072,50.15097527771769
CZE,"Toskánská náves 66, 252 17 Tachlovice, Czech Republic",14.245697732197925,50.01134572085522
CZE,"Kateřinská 43, 252 18 Úhonice, Czech Republic",14.1865758943309,50.04133688287871
CZE,"č.p. 193, 252 04 Čisovice, Czech Republic",14.310965410000051,49.86159500000008
CZE,"5. května 40, 252 29 Dobřichovice, Czech Republic",14.275212508754436,49.92692993950422
CZE,"Ke Škole 24, 278 01 Dolany nad Vltavou, Czech Republic",14.348763792937973,50.22127488638333
CZE,"Na Vršku 290, 252 41 Dolní Břežany, Czech Republic",14.461135023488254,49.9645537463783
CZE,"Velvarská 310, 252 62 Horoměřice, Czech Republic",14.337680486188134,50.13194450183397
CZE,"U Zámecké zdi 1704, 253 01 Hostivice, Czech Republic",14.251592473244102,50.08013331800706
CZE,"Školní 33, 252 09 Hradištko, Czech Republic",14.413202942541432,49.867751859066885
CZE,"U Školy 41, 252 19 Chrášťany, Czech Republic",14.258660848372926,50.04386230839597
CZE,"Bolzanova 800, 253 03 Chýně, Czech Republic",14.221334976247192,50.057322345700726
CZE,"Lidická 265, 252 61 Jeneč, Czech Republic",14.214253692987484,50.08851765193441
CZE,"K Rybníku 800, 252 42 Jesenice, Czech Republic",14.512425313942344,49.97174152171786
CZE,"Komenského 365, 254 01 Jílové u Prahy, Czech Republic",14.499772244365772,49.89733377466786
CZE,"Pražská 54, 252 25 Jinočany, Czech Republic",14.269618258937072,50.03308330664089
CZE,"č.p. 53, 252 82 Kamenný Přívoz, Czech Republic",14.490578451000033,49.861072755000066
CZE,"Školská 38, 252 26 Kosoř, Czech Republic",14.325227325002317,49.986608377651606
CZE,"5. května 68, 252 66 Libčice nad Vltavou, Czech Republic",14.363788689656076,50.198887912649155
CZE,"č.p. 19, 252 10 Líšnice, Czech Republic",14.322450906378537,49.889634515799564
CZE,"Karlštejnská 54, 252 25 Ořech, Czech Republic",14.29590348820011,50.01956547611374
CZE,"Školní 191, 252 43 Průhonice, Czech Republic",14.556661059407816,50.00381110236225
CZE,"Školní nám. 470, 252 63 Roztoky, Czech Republic",14.391940317299202,50.164276813233414
CZE,"Školní 600, 252 30 Řevnice, Czech Republic",14.236448637319938,49.91256059143345
CZE,"Školská 82, 252 68 Středokluky, Czech Republic",14.235930216608523,50.13268412097017
CZE,"Školní 122, 252 07 Štěchovice, Czech Republic",14.40720175132492,49.84952482387868
CZE,"Hlavní 190, 252 26 Třebotov, Czech Republic",14.29144641118657,49.97384336775812
CZE,"Školní 70, 252 67 Tuchoměřice, Czech Republic",14.282268730123661,50.1359058311842
CZE,"Pražská 740, 252 64 Velké Přílepy, Czech Republic",14.310642729658014,50.16109018128415
CZE,"U Školy 208, 252 46 Vrané nad Vltavou, Czech Republic",14.378348055471832,49.936999664612586
CZE,"Náves sv. Petra a Pavla 41, Zlatníky, 252 41 Zlatníky-Hodkovice, Czech Republic",14.480658906735783,49.95875502003298
CZE,"J. Štulíka 39, 252 45 Zvole, Czech Republic",14.418501059719603,49.93431670122516
CZE,"Pod Školou 447, 252 28 Černošice, Czech Republic",14.326683345402898,49.94618417692658
CZE,"Kubrova 136, 252 16 Nučice, Czech Republic",14.231314805444015,50.01822608989582
CZE,"Masarykova 878/115, 252 19 Rudná, Czech Republic",14.22278211183044,50.03016083037022
CZE,"Školní 96, 252 06 Davle, Czech Republic",14.400703261792984,49.89278805902822
CZE,"č.p. 50, 252 08 Slapy, Czech Republic",14.401900000000069,49.813185204000035
CZE,"Komenského 420, 252 10 Mníšek pod Brdy, Czech Republic",14.264596241649514,49.8632318339605
CZE,"Komenského 886, 252 10 Mníšek pod Brdy, Czech Republic",14.26568320685331,49.865302750778056
CZE,"5. května 583/8, 252 19 Rudná, Czech Republic",14.212200461985645,50.02566875891094
CZE,"č.p. 37, 262 41 Bohutín, Czech Republic",13.934800834000043,49.654930000000036
CZE,"Rožmitálská 419, 262 72 Březnice, Czech Republic",13.946662020844713,49.559862636756094
CZE,"náměstí Komenského 35, 263 01 Dobříš, Czech Republic",14.171978809950872,49.78026700195869
CZE,"Školní 1035, 263 01 Dobříš, Czech Republic",14.172692193730114,49.779037502491406
CZE,"č.p. 44, 262 62 Dolní Hbity, Czech Republic",14.17512517800003,49.65333316600004
CZE,"č.p. 2, 262 44 Hvožďany, Czech Republic",13.794027422000056,49.53039148700003
CZE,"Chlum 16, 262 93 Nalžovice, Czech Republic",14.379748000940197,49.698123596468065
CZE,"č.p. 10, 264 01 Jesenice, Czech Republic",14.495354413913748,49.596992444172955
CZE,"č.p. 44, 262 72 Chraštice, Czech Republic",14.081071113388242,49.57170946854036
CZE,"č.p. 141, 262 63 Kamýk nad Vltavou, Czech Republic",14.248439042065387,49.66105686280203
CZE,"č.p. 103, 262 56 Krásná Hora nad Vltavou, Czech Republic",14.250223423000023,49.605360000000076
CZE,"Školní 247, 262 31 Milín, Czech Republic",14.041204356607608,49.63214016502357
CZE,"č.p. 70, 262 13 Nečín, Czech Republic",14.23010087800003,49.69616828800008
CZE,"č.p. 255, 262 21 Obecnice, Czech Republic",13.896796037000058,49.70003000000003
CZE,"č.p. 41, 262 55 Počepice, Czech Republic",14.395512920706508,49.59189991641651
CZE,"Balbínova 328, Příbram II, 261 01 Příbram, Czech Republic",14.018603560523417,49.68869185991991
CZE,"Prokopská 337, Příbram VI-Březové Hory, 261 01 Příbram, Czech Republic",13.990464841011203,49.68380906604409
CZE,"Jiráskovy sady 273, Příbram II, 261 01 Příbram, Czech Republic",14.013669972314347,49.69031556029353
CZE,"28. října 1, Příbram VII, 261 01 Příbram, Czech Republic",13.997130298054373,49.68169925719579
CZE,"Školní 75, Příbram VIII, 261 01 Příbram, Czech Republic",13.99623729009005,49.67192792784047
CZE,"Komenského 543, 262 42 Rožmitál pod Třemšínem, Czech Republic",13.868054353570585,49.604871864246604
CZE,"Primáře Kareše 68, 264 01 Sedlčany, Czech Republic",14.426505609614082,49.65679192899577
CZE,"Příkrá 67, 264 01 Sedlčany, Czech Republic",14.422653119276589,49.656468848537884
CZE,"č.p. 56, 262 51 Dublovice, Czech Republic",14.357225003000053,49.67674500000004
CZE,"č.p. 57, 262 03 Malá Hraštice, Czech Republic",14.293697537453415,49.80578694974848
CZE,"č.p. 63, 262 03 Mokrovraty, Czech Republic",14.237450628647233,49.78657647963785
CZE,"Za Poštou 86, 262 04 Nová Ves pod Pleší, Czech Republic",14.27548626171216,49.8313272510801
CZE,"č.p. 100, 262 12 Obořiště, Czech Republic",14.152301357000056,49.742031404000045
CZE,"č.p. 23, 262 25 Pičín, Czech Republic",14.061898464000024,49.744538599000066
CZE,"č.p. 89, 262 11 Rosovice, Czech Republic",14.113826668000058,49.74938207300005
CZE,"č.p. 59, 262 63 Solenice, Czech Republic",14.179288998034517,49.6188139229966
CZE,"U Školy 149, 262 02 Stará Huť, Czech Republic",14.199297192599289,49.78193265375771
CZE,"č.p. 76, 262 81 Tochovice, Czech Republic",13.98998544400007,49.599000000000046
CZE,"č.p. 35, 262 61 Višňová, Czech Republic",14.12837048700004,49.691500000000076
CZE,"č.p. 116, 262 22 Hluboš, Czech Republic",14.027346082000065,49.752716322000026
CZE,"č.p. 25, 264 01 Nechvalice, Czech Republic",14.439260744014188,49.572876874039515
CZE,"č.p. 39, 261 01 Suchodol, Czech Republic",14.071967633878861,49.72238097838204
CZE,"č.p. 14, 262 43 Věšín, Czech Republic",13.801184148000061,49.641991758000074
CZE,"č.p. 85, 262 91 Kosova Hora, Czech Republic",14.477201138000055,49.653895000000034
CZE,"Slavíkova 26, 262 23 Jince, Czech Republic",13.976767973032196,49.78886830144975
CZE,"č.p. 1, 262 56 Klučenice, Czech Republic",14.254678463310944,49.57107446965831
CZE,"č.p. 196, 262 55 Petrovice, Czech Republic",14.324825084000054,49.56907341400006
CZE,"č.p. 5, 262 52 Vysoký Chlumec, Czech Republic",14.385180000000048,49.626666251000074
CZE,"náměstí Jiřího z Poděbrad 53, 262 03 Nový Knín, Czech Republic",14.293591591666257,49.7886512101575
CZE,"Lidická 384, 263 01 Dobříš, Czech Republic",14.175141888752194,49.78369117704392
CZE,"Komenského 622, 262 42 Rožmitál pod Třemšínem, Czech Republic",13.868943338221385,49.60598221496025
CZE,"Komenského náměstí 209, 271 01 Nové Strašecí, Czech Republic",13.901209223038137,50.152910323884754
CZE,"č.p. 68, 270 01 Chrášťany, Czech Republic",13.678053239604447,50.163509037786575
CZE,"Rabasova 128, 270 53 Krušovice, Czech Republic",13.774925541959192,50.17459506177093
CZE,"Rakovnická 115, 270 52 Lišany, Czech Republic",13.741198104685736,50.147002171793474
CZE,"č.p. 61, 269 01 Olešná, Czech Republic",13.700292892380345,50.132272232932
CZE,"Náměstí Karla Buriana 54, 270 31 Senomaty, Czech Republic",13.6536313563835,50.097459382422954
CZE,"č.p. 23, 270 24 Zbečno, Czech Republic",13.906397016870406,50.0423245653919
CZE,"č.p. 77, 270 21 Pavlíkov, Czech Republic",13.76152122700006,50.06331956400004
CZE,"č.p. 235, 270 02 Kolešovice, Czech Republic",13.608010560000025,50.13843000000003
CZE,"Tyršova 127, 270 34 Čistá, Czech Republic",13.568611114085002,50.02863632982067
CZE,"Školní 323, 270 33 Jesenice, Czech Republic",13.466696140108013,50.09401706051733
CZE,"č.p. 196, 270 06 Kounov, Czech Republic",13.669664170000033,50.21768000000003
CZE,"č.p. 157, 270 23 Křivoklát, Czech Republic",13.884327132471814,50.02020726497101
CZE,"Školní 93, 270 61 Lány, Czech Republic",13.952116125240963,50.12606723705588
CZE,"Masarykovo nám. 252, 270 51 Lužná, Czech Republic",13.770402080272504,50.12585588736732
CZE,"Husova 245, 270 07 Mutějovice, Czech Republic",13.705454903517591,50.19361561173275
CZE,"Husovo náměstí 3, Rakovník I, 269 01 Rakovník, Czech Republic",13.732491318943204,50.103544853675885
CZE,"Okružní 2331, Rakovník II, 269 01 Rakovník, Czech Republic",13.731985890181733,50.095171709589266
CZE,"č.p. 42, 270 41 Slabce, Czech Republic",13.723714378294785,50.01768087705991
CZE,"č.p. 91, 270 31 Šanov, Czech Republic",13.62787650000007,50.10115580200005
CZE,"č.p. 230, 270 23 Roztoky, Czech Republic",13.895104557533315,49.98729335680808
CZE,"č.p. 228, 270 36 Lubná, Czech Republic",13.708212822000064,50.07508000000007
CZE,"č.p. 204, 270 08 Hředle, Czech Republic",13.75259264600004,50.18880033000005
CZE,"Husovo náměstí 100, 270 01 Kněževes, Czech Republic",13.637600966560456,50.146145247922334
CZE,"Martinovského 153, Rakovník I, 269 01 Rakovník, Czech Republic",13.732500036122502,50.10534231090236
CZE,"Na Chalupy 44, 370 06 Srubec, Czech Republic",14.535272286522797,48.953429427441876
CZE,"M. Chlajna 1347/23, České Budějovice 2, 370 05 České Budějovice, Czech Republic",14.43164203987999,48.986399434034894
CZE,"M. Chlajna 1319/21, České Budějovice 2, 370 05 České Budějovice, Czech Republic",14.43319638000483,48.9866132144754
CZE,"Lidická 315, 373 44 Zliv, Czech Republic",14.36676057724597,49.06572425694472
CZE,"Školní 713, 374 01 Trhové Sviny, Czech Republic",14.634009597186946,48.84380423410042
CZE,"Školní 108, 373 61 Hrdějovice, Czech Republic",14.476780097222331,49.01475021569746
CZE,"Vl. Rady 962/1, České Budějovice 6, 370 08 České Budějovice, Czech Republic",14.490253084567485,48.95816126324152
CZE,"Rudolfovská tř. 285/143, České Budějovice 4, 370 01 České Budějovice, Czech Republic",14.51244417322448,48.98510568727977
CZE,"Petra z Lindy 13, 373 12 Borovany, Czech Republic",14.639585071541177,48.89869346232092
CZE,"Plavnická 300, 373 81 Kamenný Újezd, Czech Republic",14.450055572413874,48.89634451777505
CZE,"Náměstí 88, 373 11 Ledenice, Czech Republic",14.619598842514506,48.93340179181351
CZE,"Grünwaldova 347/13, České Budějovice 7, 370 01 České Budějovice, Czech Republic",14.467488003181046,48.96353594910519
CZE,"Kubatova 2202/1, České Budějovice 3, 370 04 České Budějovice, Czech Republic",14.466686693237477,48.980793994376796
CZE,"Matice školské 62/3, České Budějovice 7, 370 01 České Budějovice, Czech Republic",14.473508137498754,48.966007981899196
CZE,"Bezdrevská 1036/3, České Budějovice 2, 370 11 České Budějovice, Czech Republic",14.452008891129879,48.99250271683209
CZE,"Žižkova 285, Malá Strana, 375 01 Týn nad Vltavou, Czech Republic",14.418456216537606,49.22014359814122
CZE,"Komenského 748, 375 01 Týn nad Vltavou, Czech Republic",14.429472384243013,49.22699194831168
CZE,"O. Nedbala 882/30, České Budějovice 2, 370 05 České Budějovice, Czech Republic",14.448161849029447,48.98580201388606
CZE,"L. Kuby 1165/48, České Budějovice 7, 370 07 České Budějovice, Czech Republic",14.468977467375339,48.95026530090266
CZE,"Jírovcova 1793/9a, České Budějovice 3, 370 01 České Budějovice, Czech Republic",14.477141357249167,48.97901812055102
CZE,"č.p. 28, 373 66 Žimutice, Czech Republic",14.511534704000042,49.20406000000003
CZE,"Dukelská 258/11, České Budějovice 6, 370 01 České Budějovice, Czech Republic",14.47799379680211,48.970448169377846
CZE,"Nerudova 810/9, České Budějovice 3, 370 04 České Budějovice, Czech Republic",14.465255399451252,48.98543040220878
CZE,"Pohůrecká 382/16, České Budějovice 5, 370 06 České Budějovice, Czech Republic",14.508020037090404,48.96675187580601
CZE,"Školní 228, 382 81 Besednice, Czech Republic",14.549396883020819,48.78721699993463
CZE,"Gen. Fanty 446, 382 41 Kaplice, Czech Republic",14.486075544024857,48.73947820567503
CZE,"Školní 232, 382 11 Větřní, Czech Republic",14.289029321767856,48.7743217352658
CZE,"č.p. 26, 382 91 Malonty, Czech Republic",14.58441252700004,48.68210375700005
CZE,"Školní 226, 382 41 Kaplice, Czech Republic",14.484938035944907,48.73881695733351
CZE,"č.p. 231, 382 76 Loučovice, Czech Republic",14.230138933000035,48.612175000000036
CZE,"Za Nádražím 222, Nádražní Předměstí, 381 01 Český Krumlov, Czech Republic",14.321571138837186,48.821078128563755
CZE,"T. G. Masaryka 213, Latrán, 381 01 Český Krumlov, Czech Republic",14.314578117017902,48.81612970438604
CZE,"Linecká 43, Plešivec, 381 01 Český Krumlov, Czech Republic",14.315104249080235,48.808962548528314
CZE,"Sídliště Plešivec 249, Plešivec, 381 01 Český Krumlov, Czech Republic",14.312310309294759,48.80140873547708
CZE,"č.p. 112, 382 79 Frymburk, Czech Republic",14.185363163000034,48.68096000000003
CZE,"č.p. 150, 382 08 Chvalšiny, Czech Republic",14.233665830000064,48.86528735200005
CZE,"Náměstí 58, 382 73 Vyšší Brod, Czech Republic",14.311302888352088,48.61324142134433
CZE,"Jiráskova 186, 382 26 Horní Planá, Czech Republic",14.030249209157319,48.76396694163046
CZE,"č.p. 81, 382 01 Dolní Třebonín, Czech Republic",14.399175735000028,48.856040000000064
CZE,"č.p. 38, 382 78 Lipno nad Vltavou, Czech Republic",14.210927238000068,48.64630000000005
CZE,"č.p. 90, 381 01 Přídolí, Czech Republic",14.323336626835102,48.771950815952344
CZE,"č.p. 45, 382 32 Zubčice, Czech Republic",14.415035881000051,48.81859000000003
CZE,"Školní 182, 382 03 Křemže, Czech Republic",14.309725078898367,48.904152176763944
CZE,"Družstevní 340, 382 32 Velešín, Czech Republic",14.459193439436689,48.82883302347216
CZE,"č.p. 149, 382 06 Brloh, Czech Republic",14.225410000000068,48.93003941600006
CZE,"č.p. 100, 382 82 Benešov nad Černou, Czech Republic",14.630920088000039,48.72444418200007
CZE,"Český Heršlák 52, 382 41 Horní Dvořiště, Czech Republic",14.422083568955799,48.598953880648565
CZE,"č.p. 109, 379 01 Lužnice, Czech Republic",14.75552302970961,49.06328334945756
CZE,"č.p. 187, 378 26 Lodhéřov, Czech Republic",14.964311046000034,49.21485000000007
CZE,"č.p. 21, 378 03 Majdalena, Czech Republic",14.835151452000048,48.974140000000034
CZE,"č.p. 139, 378 82 Staré Město pod Landštejnem, Czech Republic",15.282355567000025,49.003441526000074
CZE,"č.p. 1, 378 92 Budeč, Czech Republic",15.587662876000024,49.08943000000005
CZE,"třída Čsl. legií 325, 378 10 České Velenice, Czech Republic",14.971154050422427,48.77051136399177
CZE,"č.p. 40, 378 83 Český Rudolec, Czech Republic",15.326073031000021,49.05659471400003
CZE,"B. Němcové 213, Dačice V, 380 01 Dačice, Czech Republic",15.42863136875846,49.08313887616765
CZE,"Komenského 7, Dačice V, 380 01 Dačice, Czech Republic",15.432557452205828,49.08141019245676
CZE,"Náměstí 232, 378 04 Chlum u Třeboně, Czech Republic",14.931018983447473,48.963356199191594
CZE,"Janderova 160, Jindřichův Hradec II, 377 01 Jindřichův Hradec, Czech Republic",15.001157491934094,49.14623134729743
CZE,"sídliště Vajgar 592, Jindřichův Hradec III, 377 01 Jindřichův Hradec, Czech Republic",15.016489417765513,49.136670194164225
CZE,"náměstí Komenského 237, 378 62 Kunžak, Czech Republic",15.190736779566265,49.12195048254074
CZE,"Školní 414, 378 42 Nová Včelnice, Czech Republic",15.075327025295849,49.24302900174774
CZE,"č.p. 290, 378 07 Rapšach, Czech Republic",14.942905637000024,48.87394500000005
CZE,"Tyršova 366, 378 53 Strmilov, Czech Republic",15.201899965853386,49.16275434157009
CZE,"28. října 329, 378 06 Suchdol nad Lužnicí, Czech Republic",14.877761460318112,48.89143309969987
CZE,"Sokolská 296, Třeboň II, 379 01 Třeboň, Czech Republic",14.767560807414156,49.00474427687226
CZE,"Na sadech 375, Třeboň II, 379 01 Třeboň, Czech Republic",14.765895323253176,49.00536864483979
CZE,"Osvobození 1881, 393 01 Pelhřimov, Czech Republic",15.208985523883712,49.43557674038948
CZE,"č.p. 104, 394 63 Častrov, Czech Republic",15.180271966000078,49.31063538700005
CZE,"č.p. 4, 396 01 Čejov, Czech Republic",15.385183927298254,49.562891222878285
CZE,"č.p. 44, 396 01 Jiřice, Czech Republic",15.286386703370589,49.57101808393554
CZE,"č.p. 54, 393 01 Olešná, Czech Republic",15.261972829686206,49.43350185082831
CZE,"Bělohrobského 367, 394 94 Černovice, Czech Republic",14.967143645029125,49.37072448868804
CZE,"Tyršova 209, 394 03 Horní Cerekev, Czech Republic",15.324195118306307,49.32220990738003
CZE,"Hálkova 591, 396 01 Humpolec, Czech Republic",15.35390913270129,49.53891177640247
CZE,"Vackova 125, 394 70 Kamenice nad Lipou, Czech Republic",15.075161147431999,49.30369411562742
CZE,"č.p. 165, 394 22 Košetice, Czech Republic",15.115195000000028,49.558932850000076
CZE,"č.p. 72, 394 15 Nová Cerekev, Czech Republic",15.117960021000044,49.42235000000005
CZE,"č.p. 170, 394 04 Nový Rychnov, Czech Republic",15.378471083000022,49.38134500000007
CZE,"č.p. 148, 394 12 Obrataň, Czech Republic",14.943577558000072,49.41875214500004
CZE,"nám. Svobody 321, 395 01 Pacov, Czech Republic",15.002424248961006,49.47250183181487
CZE,"Krásovy domky 989, 393 01 Pelhřimov, Czech Republic",15.218628149115773,49.4286546713806
CZE,"Komenského 1465, 393 01 Pelhřimov, Czech Republic",15.218290693693916,49.42778932369677
CZE,"Pražská 1543, 393 01 Pelhřimov, Czech Republic",15.218792350598989,49.43310940146125
CZE,"Komenského sady 387, 394 64 Počátky, Czech Republic",15.237696140649575,49.26051993819908
CZE,"č.p. 184, 394 56 Senožaty, Czech Republic",15.202284537000025,49.57113500000003
CZE,"č.p. 151, 394 05 Vyskytná, Czech Republic",15.361598574000027,49.42648500000007
CZE,"č.p. 220, 394 44 Želiv, Czech Republic",15.214939722000054,49.52600034800008
CZE,"Komenského 47, 394 68 Žirovnice, Czech Republic",15.188750017056577,49.254416445854304
CZE,"Hradská 894, 396 01 Humpolec, Czech Republic",15.365357722791543,49.54242035725267
CZE,"č.p. 139, 398 16 Albrechtice nad Vltavou, Czech Republic",14.307149114000026,49.25129000000004
CZE,"Táborská 34, 398 43 Bernartice, Czech Republic",14.382694994277642,49.36900984466496
CZE,"č.p. 96, 398 53 Chyšky, Czech Republic",14.424771380000038,49.52204748400004
CZE,"Staré Sedlo 2, 398 07 Orlík nad Vltavou, Czech Republic",14.168607943769814,49.5045226297828
CZE,"Šobrova 2070, Budějovické Předměstí, 397 01 Písek, Czech Republic",14.160099473856434,49.304525935698535
CZE,"Mírové nám. 1466, Budějovické Předměstí, 397 01 Písek, Czech Republic",14.158402138463401,49.31118468721917
CZE,"Čelakovského 24, Pražské Předměstí, 397 01 Písek, Czech Republic",14.140556982783863,49.310102332062144
CZE,"Husovo nám. 725/5, Budějovické Předměstí, 397 01 Písek, Czech Republic",14.151368967327926,49.30404883776981
CZE,"Tylova 2391, Budějovické Předměstí, 397 01 Písek, Czech Republic",14.151237622905171,49.31074660704971
CZE,"Komenského 238, 398 11 Protivín, Czech Republic",14.21421396276645,49.19642096813601
CZE,"č.p. 18, 398 31 Čížová, Czech Republic",14.092464543000062,49.358100000000036
CZE,"Národní 1018, Prachatice II, 383 01 Prachatice, Czech Republic",13.996918068265984,49.023607414692464
CZE,"Komenského 356, 384 22 Vlachovo Březí, Czech Republic",13.956879644634625,49.083088878115205
CZE,"Vodňanská 287, Prachatice II, 383 01 Prachatice, Czech Republic",14.004286599347495,49.015815681319594
CZE,"U Nádraží 512, 384 51 Volary, Czech Republic",13.88236947072781,48.90983602912624
CZE,"1. máje 268/14, Vimperk II, 385 01 Vimperk, Czech Republic",13.779087408342917,49.0548269027168
CZE,"Smetanova 405, Vimperk II, 385 01 Vimperk, Czech Republic",13.778615507194132,49.060388337383216
CZE,"Školní 284, 384 02 Lhenice, Czech Republic",14.150260460632978,48.992765992410824
CZE,"Bavorovská 306, 384 11 Netolice, Czech Republic",14.192192523829732,49.050190411065785
CZE,"Zlatá stezka 240, Prachatice II, 383 01 Prachatice, Czech Republic",13.994324120690266,49.00798513973504
CZE,"č.p. 253, 384 73 Stachy, Czech Republic",13.676240603642283,49.109619439127094
CZE,"č.p. 250, 384 72 Zdíkov, Czech Republic",13.682741114000066,49.06856596700004
CZE,"Kostnická 227, 384 21 Husinec, Czech Republic",13.981882861806952,49.05206192240681
CZE,"č.p. 12, 384 27 Vitějovice, Czech Republic",14.077630937000038,49.037000000000035
CZE,"č.p. 155, 384 81 Čkyně, Czech Republic",13.77308034240549,49.10989405978563
CZE,"Miřetice 38, 384 86 Vacov, Czech Republic",13.730980564714855,49.13704147056538
CZE,"č.p. 2, 384 41 Zbytiny, Czech Republic",13.973056342000064,48.93514539000006
CZE,"č.p. 105, 387 52 Cehnice, Czech Republic",14.030583997000065,49.21474500000005
CZE,"Dukelská 166, Strakonice II, 386 01 Strakonice, Czech Republic",13.909704952458725,49.25776426180161
CZE,"Krále Jiřího z Poděbrad 882, Strakonice I, 386 01 Strakonice, Czech Republic",13.898060225834172,49.266713787460105
CZE,"Jezerní 1280, Strakonice I, 386 01 Strakonice, Czech Republic",13.88894490613086,49.267480354415
CZE,"Nad Školou 560, Přední Ptákovice, 386 01 Strakonice, Czech Republic",13.918479715435979,49.24958453013076
CZE,"č.p. 10, 387 15 Střelské Hoštice, Czech Republic",13.755921233000038,49.30681783400007
CZE,"náměstí J. A. Komenského 387, 388 01 Blatná, Czech Republic",13.884245592115548,49.42587845932036
CZE,"tř. T. G. Masaryka 520, 388 01 Blatná, Czech Republic",13.878743375595064,49.428480746889704
CZE,"č.p. 148, 387 19 Čestice, Czech Republic",13.810302403636378,49.14429328077183
CZE,"Alešova 50, Vodňany I, 389 01 Vodňany, Czech Republic",14.173882675438136,49.14826819167857
CZE,"Školní 300, 387 01 Volyně, Czech Republic",13.885703372715824,49.168671671845345
CZE,"Kostelní 93, 391 33 Jistebnice, Czech Republic",14.525935684575671,49.486371911823
CZE,"nám. Mikuláše z Husi 45/6, 390 01 Tábor, Czech Republic",14.655789804950246,49.41346993176893
CZE,"Školní náměstí 628/12, 391 02 Sezimovo Ústí, Czech Republic",14.705653160207731,49.38026980002422
CZE,"Gabrielovo náměstí 16, 391 55 Chýnov, Czech Republic",14.812335593072845,49.407839681677444
CZE,"Třída Čs. armády 210, Veselí nad Lužnicí II, 391 81 Veselí nad Lužnicí, Czech Republic",14.712026675563322,49.18806517458896
CZE,"Blatské sídliště 23, Veselí nad Lužnicí I, 391 81 Veselí nad Lužnicí, Czech Republic",14.697104792435226,49.18658019471289
CZE,"ČSLA 65, 391 11 Planá nad Lužnicí, Czech Republic",14.703311256460523,49.35176034893456
CZE,"Komenského 20/22, Soběslav I, 392 01 Soběslav, Czech Republic",14.716131880281552,49.2592851581328
CZE,"č.p. 165, 391 61 Opařany, Czech Republic",14.504229292000048,49.40986842500007
CZE,"Zborovská 2696, 390 03 Tábor, Czech Republic",14.64980705392071,49.42329197163846
CZE,"č.p. 3, 391 18 Choustník, Czech Republic",14.839340109000034,49.34155500000003
CZE,"č.p. 64, 391 72 Sudoměřice u Bechyně, Czech Republic",14.551028727000073,49.29761000000008
CZE,"Pivovarská 141, 398 52 Nadějkov, Czech Republic",14.476603825798549,49.50071670091745
CZE,"Libušina 164, 391 65 Bechyně, Czech Republic",14.470534322071131,49.2975121686689
CZE,"Švehlova 111, 391 01 Sezimovo Ústí, Czech Republic",14.685052034764112,49.38539483090182
CZE,"č.p. 34, 391 76 Slapy, Czech Republic",14.622061190000068,49.39307500000007
CZE,"Školní 293, 391 65 Bechyně, Czech Republic",14.470377580481767,49.299363228166186
CZE,"Osvobození 47, 391 37 Chotoviny, Czech Republic",14.675450899952779,49.47842641243639
CZE,"č.p. 232, 391 75 Malšice, Czech Republic",14.590803506000043,49.34771537600005
CZE,"Morávkovo náměstí 25, 391 43 Mladá Vožice, Czech Republic",14.810868257102953,49.53301112611453
CZE,"9. května 489/7, 391 02 Sezimovo Ústí, Czech Republic",14.703580231733412,49.38143710576995
CZE,"Husova 1570/23, 390 02 Tábor, Czech Republic",14.676374082768518,49.40874107154494
CZE,"Helsinská 2732/3, 390 05 Tábor, Czech Republic",14.688746526226737,49.38626135205212
CZE,"tř. Dr. Edvarda Beneše 50/18, Soběslav II, 392 01 Soběslav, Czech Republic",14.719742049798242,49.25635509623976
CZE,"č.p. 65, 391 17 Košice, Czech Republic",14.756292809000058,49.32485217200008
CZE,"č.p. 200, 391 26 Tučapy, Czech Republic",14.80973909100004,49.29211000000004
CZE,"Táborová 428, 345 62 Holýšov, Czech Republic",13.10638963855169,49.5922915076801
CZE,"Komenského 17, Týnské Předměstí, 344 01 Domažlice, Czech Republic",12.929334842101355,49.44201651468967
CZE,"č.p. 62, 345 02 Kout na Šumavě, Czech Republic",13.002371421000078,49.396195000000034
CZE,"č.p. 126, 345 21 Meclov, Czech Republic",12.875974689000032,49.50732933300003
CZE,"č.p. 70, 345 07 Všeruby, Czech Republic",12.995998159000067,49.33282407300004
CZE,"Msgre. B. Staška 232, Hořejší Předměstí, 344 01 Domažlice, Czech Republic",12.923259554860778,49.43926314331557
CZE,"Osvobození 188, 345 25 Hostouň, Czech Republic",12.76657739317352,49.56075950039585
CZE,"Komenského 134, 345 06 Kdyně, Czech Republic",13.043041309827487,49.39303296589898
CZE,"Sportovní 307, 345 43 Koloveč, Czech Republic",13.11309088632143,49.488137685455456
CZE,"Komenského 196, Staňkov II, 345 61 Staňkov, Czech Republic",13.074386610218511,49.55246812177472
CZE,"Prapořiště 100, 345 06 Kdyně, Czech Republic",13.028765587615197,49.383800341460756
CZE,"č.p. 1, 344 01 Milavče, Czech Republic",13.014602803460106,49.46479062336232
CZE,"č.p. 73, 345 33 Chodov, Czech Republic",12.807709737887777,49.405283923987525
CZE,"č.p. 188, 345 61 Osvračín, Czech Republic",13.059844819722224,49.50137265780942
CZE,"č.p. 135, 345 09 Pocinovice, Czech Republic",13.119410819000052,49.336655000000064
CZE,"Zámecký park 3, Malé Předměstí, 346 01 Horšovský Týn, Czech Republic",12.936992884118581,49.53178409930868
CZE,"č.p. 93, 345 01 Mrákov, Czech Republic",12.958746802000064,49.388199265000026
CZE,"Masarykova 282, 345 22 Poběžovice, Czech Republic",12.805491300674845,49.51022823318385
CZE,"č.p. 84, 351 34 Nový Kostel, Czech Republic",12.456620758950148,50.21908786356546
CZE,"č.p. 128, 350 02 Lipová, Czech Republic",12.431396968661726,50.02615892067009
CZE,"č.p. 69, 350 02 Milhostov, Czech Republic",12.458649252068993,50.14023998518545
CZE,"Školní 26, 353 01 Drmoul, Czech Republic",12.664041152533173,49.93709672705134
CZE,"Májová 252/14, 350 02 Cheb, Czech Republic",12.369695451282752,50.07516339424771
CZE,"Malé náměstí 2287/3, 350 02 Cheb, Czech Republic",12.374783685605394,50.0871793553639
CZE,"Hradební 52/14, 350 02 Cheb, Czech Republic",12.365973550996728,50.07813306063326
CZE,"Matěje Kopeckého 1160/1, 350 02 Cheb, Czech Republic",12.372156629512148,50.06563522390351
CZE,"Obětí nacismu 1127/16, 350 02 Cheb, Czech Republic",12.374829869891897,50.07259220353913
CZE,"Americká 1453/36, 350 02 Cheb, Czech Republic",12.354431586505115,50.07528832651457
CZE,"Kamenná 152/2, 352 01 Aš, Czech Republic",12.191386554479323,50.22204522519468
CZE,"Hlávkova 1472/26, 352 01 Aš, Czech Republic",12.202494671662578,50.21741522951862
CZE,"Okružní 1580/57, 352 01 Aš, Czech Republic",12.1793172006399,50.2210871317522
CZE,"Česká 39/1, Dolní Lomany, 351 01 Františkovy Lázně, Czech Republic",12.34319338218458,50.1246342249795
CZE,"č.p. 119, 351 32 Hazlov, Czech Republic",12.279082760000051,50.16597500000006
CZE,"Husova 414, 351 24 Hranice, Czech Republic",12.177133211948501,50.30640048920475
CZE,"K Rybníku 346, 354 91 Lázně Kynžvart, Czech Republic",12.626605142199708,50.006909305232995
CZE,"Masarykova 195, 351 37 Luby, Czech Republic",12.404324026966606,50.25586348038905
CZE,"Komenského 459/1, 353 01 Mariánské Lázně, Czech Republic",12.698856644657837,49.96275540905202
CZE,"Školní nám. 472/3, Úšovice, 353 01 Mariánské Lázně, Czech Republic",12.708396926852117,49.9527950677801
CZE,"Sportovní 260, 351 34 Skalná, Czech Republic",12.360688090492374,50.17292957760995
CZE,"Pohraniční stráže 95, 353 01 Velká Hleďsebe, Czech Republic",12.665780397442063,49.96230282819005
CZE,"č.p. 125, 353 01 Stará Voda, Czech Republic",12.618943228386946,49.97491135696807
CZE,"č.p. 225, 351 31 Libá, Czech Republic",12.241620048000073,50.127500000000055
CZE,"č.p. 37, 354 93 Dolní Žandov, Czech Republic",12.546130024000036,50.02436000000006
CZE,"Školní 254, 351 35 Plesná, Czech Republic",12.348268037824084,50.22215565676902
CZE,"Studentská 1612/13, 352 01 Aš, Czech Republic",12.183482000689708,50.228118081683334
CZE,"třída Vítězství 29/28, Hamrníky, 353 01 Mariánské Lázně, Czech Republic",12.685016781410667,49.950403710804125
CZE,"Kostelní náměstí 185/14, 350 02 Cheb, Czech Republic",12.371052313768786,50.08059998046636
CZE,"Libušina 1032/31, 360 01 Karlovy Vary, Czech Republic",12.887914661731543,50.221481835572746
CZE,"č.p. 97, 360 01 Kolová, Czech Republic",12.893626353000059,50.17718387000008
CZE,"Poděbradova 307, 364 52 Žlutice, Czech Republic",13.158939561414968,50.08765242997913
CZE,"Karlovarská 118, 362 36 Pernink, Czech Republic",12.784407042332191,50.36490981949723
CZE,"Masarykova 1289, 363 01 Ostrov, Czech Republic",12.945030961625747,50.305947866433286
CZE,"Myslbekova 996, 363 01 Ostrov, Czech Republic",12.952778773825969,50.3084262694737
CZE,"Májová 997, 363 01 Ostrov, Czech Republic",12.951059896941786,50.311994487565016
CZE,"Konečná 917/25, Rybáře, 360 05 Karlovy Vary, Czech Republic",12.852238264331703,50.238993684872526
CZE,"č.p. 153, 364 01 Útvina, Czech Republic",12.950464974000056,50.047205000000076
CZE,"č.p. 94, 362 35 Potůčky, Czech Republic",12.760886811000034,50.41052681800005
CZE,"Podbořanská 32, 364 53 Valeč, Czech Republic",13.255228182885446,50.173938758752286
CZE,"č.p. 49, 364 52 Štědrá, Czech Republic",13.110495028379056,50.07386988010885
CZE,"Sídliště 310, 362 33 Hroznětín, Czech Republic",12.871060749921497,50.31215328272066
CZE,"Husova 992, 362 51 Jáchymov, Czech Republic",12.930817684592142,50.363436113280926
CZE,"Kollárova 553/19, Drahovice, 360 01 Karlovy Vary, Czech Republic",12.886409439559287,50.236931191867654
CZE,"1. máje 58/1, Dvory, 360 06 Karlovy Vary, Czech Republic",12.83624316232104,50.22681570156794
CZE,"Poštovní 1743/19, 360 01 Karlovy Vary, Czech Republic",12.852338679531755,50.22563678688633
CZE,"Moskevská 1117/25, 360 01 Karlovy Vary, Czech Republic",12.864751272306194,50.22812340419188
CZE,"U Potoka 120, 362 63 Dalovice, Czech Republic",12.896708870724183,50.24988496222062
CZE,"Karlovarská 1189, 362 22 Nejdek, Czech Republic",12.745569158692632,50.31933929786055
CZE,"Školní 232/2, 362 25 Nová Role, Czech Republic",12.783579999945857,50.270912642716866
CZE,"Plzeňská 395, 364 01 Toužim, Czech Republic",12.99080017627719,50.05760079252423
CZE,"Na Špičáku 292, 364 53 Chyše, Czech Republic",13.252313208418116,50.1059170999126
CZE,"Okružní 367, 364 71 Bochov, Czech Republic",13.043297460788523,50.14897971420967
CZE,"č.p. 31, 362 34 Merklín, Czech Republic",12.86307529800007,50.331866552000065
CZE,"č.p. 76, 362 25 Božičany, Czech Republic",12.761411892160892,50.26652213345594
CZE,"Truhlářská 681/19, Stará Role, 360 17 Karlovy Vary, Czech Republic",12.835274801047177,50.24142703518339
CZE,"Krušnohorská 735/11, Rybáře, 360 10 Karlovy Vary, Czech Republic",12.86566448065716,50.23851985588601
CZE,"Blatenská 425, 362 35 Abertamy, Czech Republic",12.81529360116241,50.36844958102725
CZE,"náměstí Karla IV. 423, 362 21 Nejdek, Czech Republic",12.730060123247114,50.322190611773266
CZE,"Radošov 75, 362 72 Kyselka, Czech Republic",12.990685428022715,50.2700897493726
CZE,"Školní 152, 364 64 Bečov nad Teplou, Czech Republic",12.838366214576354,50.082781412677264
CZE,"Šmeralova 336/15, Rybáře, 360 05 Karlovy Vary, Czech Republic",12.859567735744434,50.23270910150964
CZE,"Mozartova 346/7, Drahovice, 360 01 Karlovy Vary, Czech Republic",12.88332481537168,50.23384623240392
CZE,"č.p. 83, 339 01 Bolešiny, Czech Republic",13.398749231820307,49.40786924895882
CZE,"č.p. 73, 342 01 Hrádek, Czech Republic",13.501953078448336,49.2878735479055
CZE,"č.p. 8, 342 01 Žichovice, Czech Republic",13.63625297703391,49.26739754015166
CZE,"Plánická 194, Klatovy I, 339 01 Klatovy, Czech Republic",13.29673603796249,49.3945391519901
CZE,"Čapkova 126, Klatovy V, 339 01 Klatovy, Czech Republic",13.305153899502557,49.39568001283132
CZE,"Národních mučedníků 185, Klatovy IV, 339 01 Klatovy, Czech Republic",13.299939936632256,49.38993413438553
CZE,"Tolstého 765, Klatovy III, 339 01 Klatovy, Czech Republic",13.276630869729729,49.39590888069753
CZE,"Blatenská 540, 341 01 Horažďovice, Czech Republic",13.704797427032503,49.32295719595763
CZE,"Komenského 211, 341 01 Horažďovice, Czech Republic",13.6969057813738,49.324124459793836
CZE,"Rohozenská 225, 340 21 Janovice nad Úhlavou, Czech Republic",13.21403230224459,49.34855527679835
CZE,"č.p. 1, 341 42 Kolinec, Czech Republic",13.417140000000074,49.29977703700007
CZE,"Komenského 250, 340 22 Nýrsko, Czech Republic",13.137201849900748,49.29019480910628
CZE,"Školní 429, 340 22 Nýrsko, Czech Republic",13.146838440162526,49.292632559916285
CZE,"č.p. 51, 341 01 Pačejov, Czech Republic",13.599496928970316,49.38136311104806
CZE,"Dr. Ed. Beneše 129, Sušice III, 342 01 Sušice, Czech Republic",13.524699915910475,49.23107297123926
CZE,"Zahradní 403, 340 04 Železná Ruda, Czech Republic",13.228807250610004,49.13776600227587
CZE,"Lerchova 1112, Sušice II, 342 01 Sušice, Czech Republic",13.517626511639747,49.23328734432965
CZE,"Terezie Brzkové 1024/31, Skvrňany, 318 00 Plzeň, Czech Republic",13.324533949291578,49.742393037184314
CZE,"náměstí Odboje 550/18, Bolevec, 323 00 Plzeň, Czech Republic",13.377008015931125,49.77403488930969
CZE,"Baarova 2564/31, Jižní Předměstí, 301 00 Plzeň, Czech Republic",13.372646324975705,49.724503080232296
CZE,"Doudlevecká 1692/35, Jižní Předměstí, 301 00 Plzeň, Czech Republic",13.379819641532293,49.737573023763275
CZE,"Elišky Krásnohorské 814/10, Severní Předměstí, 323 00 Plzeň, Czech Republic",13.370947145564003,49.769103480395444
CZE,"Americká 2404/30, Jižní Předměstí, 301 00 Plzeň, Czech Republic",13.376337715134184,49.742785561710036
CZE,"Zábělská 1220/25, Doubravka, 312 00 Plzeň, Czech Republic",13.419426564788182,49.75931609969555
CZE,"Chválenická 360/17, Koterov, 326 00 Plzeň, Czech Republic",13.403368011770482,49.7228536055064
CZE,"Brněnská 1040/36, Severní Předměstí, 323 00 Plzeň, Czech Republic",13.352919599671338,49.762193229870036
CZE,"Vřesinská 139/17, Božkov, 326 00 Plzeň, Czech Republic",13.418709912066674,49.73120277734995
CZE,"U Školy 92/7, Černice, 326 00 Plzeň, Czech Republic",13.417958390627973,49.696695571624076
CZE,"Západní 1597/18, Bolevec, 323 00 Plzeň, Czech Republic",13.379142551393784,49.78127002240217
CZE,"Kralovická 1695/12, Bolevec, 323 00 Plzeň, Czech Republic",13.363017697521968,49.7781769744019
CZE,"Národní 76/1, Újezd, 312 00 Plzeň, Czech Republic",13.437625017686571,49.763826988527484
CZE,"náměstí Míru 2442/6, Jižní Předměstí, 301 00 Plzeň, Czech Republic",13.371983986986805,49.73255251521829
CZE,"Brojova 1940/13, Východní Předměstí, 326 00 Plzeň, Czech Republic",13.404948587252278,49.728943770625136
CZE,"Habrmannova 2269/45, Východní Předměstí, 326 00 Plzeň, Czech Republic",13.39680271847024,49.73784170566958
CZE,"Malická 469/1, Severní Předměstí, 301 00 Plzeň, Czech Republic",13.377910160169904,49.754376811792326
CZE,"Na Dlouhých 1129/49, Doubravka, 312 00 Plzeň, Czech Republic",13.419291699966095,49.750439664232744
CZE,"Jiráskovo náměstí 878/10, Východní Předměstí, 326 00 Plzeň, Czech Republic",13.392822907023515,49.73505702788711
CZE,"Rodinná 965/39, Lobzy, 312 00 Plzeň, Czech Republic",13.410003126324142,49.745067283392444
CZE,"Terezie Brzkové 831/35, Skvrňany, 318 00 Plzeň, Czech Republic",13.323422676568583,49.74411979305751
CZE,"Schwarzova 2393/20, Jižní Předměstí, 301 00 Plzeň, Czech Republic",13.364640936890908,49.73622295061881
CZE,"Gerská 1246/32, Bolevec, 323 00 Plzeň, Czech Republic",13.371481994805606,49.777695978888175
CZE,"Slovanská alej 2072/13, Východní Předměstí, 326 00 Plzeň, Czech Republic",13.401837727707743,49.726163954346504
CZE,"Skupova 2589/22, Jižní Předměstí, 301 00 Plzeň, Czech Republic",13.371207152200498,49.724073717242135
CZE,"č.p. 105, 332 11 Hradec, Czech Republic",13.129359588000057,49.635965000000056
CZE,"č.p. 44, 334 01 Řenče, Czech Republic",13.410662186132834,49.59670084675988
CZE,"Sedlec 81, 332 02 Starý Plzenec, Czech Republic",13.481216571676777,49.69114075791315
CZE,"Komenského 126, 332 03 Šťáhlavy, Czech Republic",13.502491895809072,49.67743010245144
CZE,"č.p. 100, 332 01 Tymákov, Czech Republic",13.506502622000028,49.714090000000056
CZE,"č.p. 43, 335 41 Vrčeň, Czech Republic",13.632322315000067,49.50922192400003
CZE,"Komenského 154, 334 42 Chlumčany, Czech Republic",13.308621995760404,49.63119091448894
CZE,"Družstevní 650, 336 01 Blovice, Czech Republic",13.534046324684311,49.58392628449198
CZE,"Plzeňská 388, 332 14 Chotěšov, Czech Republic",13.19581758845402,49.65136070719518
CZE,"Školní 249, 334 52 Merklín, Czech Republic",13.198432574606699,49.56311900613974
CZE,"č.p. 69, 332 04 Nezvěstice, Czech Republic",13.511063845912128,49.640554157931675
CZE,"Na Jordáně 1146, 334 01 Přeštice, Czech Republic",13.335415922727151,49.57516627366431
CZE,"Masarykovo náměstí 54, 332 02 Starý Plzenec, Czech Republic",13.473313149750851,49.6968640897874
CZE,"Komenského nám. 10, 333 01 Stod, Czech Republic",13.166265428609336,49.63922035863587
CZE,"Čižická 344, 332 09 Štěnovice, Czech Republic",13.402437704337046,49.670345634068525
CZE,"Školní 546, 335 01 Nepomuk, Czech Republic",13.588982156286477,49.4877666605114
CZE,"č.p. 45, 335 01 Mileč, Czech Republic",13.598566645572522,49.45341158069142
CZE,"č.p. 318, 335 44 Kasejovice, Czech Republic",13.728955000000042,49.453424013000074
CZE,"tř. 1. máje 618, 334 41 Dobřany, Czech Republic",13.298980292537692,49.65519320669361
CZE,"č.p. 84, 330 05 Dobříč, Czech Republic",13.469411210000032,49.88757069400003
CZE,"č.p. 9, 330 35 Líšťany, Czech Republic",13.188209987587774,49.81033193525489
CZE,"č.p. 39, 331 62 Nečtiny, Czech Republic",13.192772131000027,49.98426656500004
CZE,"č.p. 222, 330 13 Trnová, Czech Republic",13.336780979481059,49.86150712907913
CZE,"č.p. 16, 330 40 Úterý, Czech Republic",13.001524129000074,49.94293661200004
CZE,"č.p. 1, 330 32 Kozolupy, Czech Republic",13.244954583000037,49.75551500000006
CZE,"č.p. 110, 330 25 Blatnice, Czech Republic",13.157275966000043,49.71793705300007
CZE,"Třída 1. máje 210, 330 12 Horní Bříza, Czech Republic",13.358116379640109,49.84179197337562
CZE,"nám. Čsl. legií 26, 330 03 Chrást, Czech Republic",13.493403230557874,49.79284094636927
CZE,"Školní 479, 331 51 Kaznějov, Czech Republic",13.382999819416085,49.89573006513331
CZE,"Stará cesta 373, 331 01 Plasy, Czech Republic",13.396341546157544,49.93528191928533
CZE,"Školní 838, 330 26 Tlučná, Czech Republic",13.23667517548273,49.7265131444328
CZE,"Jakuba Husníka 527, 330 27 Vejprnice, Czech Republic",13.277549274860661,49.732167366767385
CZE,"Hornická 300, 330 22 Zbůch, Czech Republic",13.22464848553048,49.68295264508711
CZE,"Školní 197, Zruč, 330 08 Zruč-Senec, Czech Republic",13.426186737337247,49.80726150786842
CZE,"č.p. 178, 331 65 Žihle, Czech Republic",13.347079439000026,50.05688500000008
CZE,"Americká 146, 330 11 Třemošná, Czech Republic",13.388319310447343,49.82444499611131
CZE,"Nová 730, 331 41 Kralovice, Czech Republic",13.482907830496742,49.983382266938406
CZE,"Plzeňská tř. 172, 331 41 Kralovice, Czech Republic",13.480430726651292,49.980072714379105
CZE,"č.p. 531, 338 45 Strašice, Czech Republic",13.790231798000036,49.70342000000005
CZE,"č.p. 38, 337 01 Veselá, Czech Republic",13.605529339955964,49.69806121941428
CZE,"č.p. 62, 338 44 Dobřív, Czech Republic",13.706770619000054,49.71226500000006
CZE,"Čechova 855, Nové Město, 337 01 Rokycany, Czech Republic",13.593801163879135,49.73726729384495
CZE,"Třebízského 32, Střed, 337 01 Rokycany, Czech Republic",13.592498364668558,49.74425918410731
CZE,"Míru 64, Střed, 337 01 Rokycany, Czech Republic",13.592928523939548,49.74308127525407
CZE,"Muchova 554, 338 08 Zbiroh, Czech Republic",13.768111222315639,49.85696267329945
CZE,"Křižíkova 1916, 356 01 Sokolov, Czech Republic",12.66565064558091,50.174516020423965
CZE,"Rokycanova 258, 356 01 Sokolov, Czech Republic",12.64257090754927,50.18202214044612
CZE,"č.p. 109, 357 51 Libavské Údolí, Czech Republic",12.55315013284675,50.114976769854245
CZE,"č.p. 38, 356 01 Rovná, Czech Republic",12.659639766000055,50.11836708100003
CZE,"Švabinského 1702, 356 01 Sokolov, Czech Republic",12.671024618982813,50.17295920763769
CZE,"č.p. 146, 357 55 Bukovany, Czech Republic",12.582285830000046,50.15963000000005
CZE,"Karla Čapka 119, 357 09 Habartov, Czech Republic",12.54973043340712,50.18474282239785
CZE,"Nádražní 683, 357 31 Horní Slavkov, Czech Republic",12.806955200064436,50.13984729542389
CZE,"Školní 786, 357 31 Horní Slavkov, Czech Republic",12.793436698985033,50.13658799237413
CZE,"Školní 697, 357 35 Chodov, Czech Republic",12.743693121123925,50.241608880572784
CZE,"Husova 788, 357 35 Chodov, Czech Republic",12.743211329329398,50.244741113970406
CZE,"č.p. 22, 357 08 Krajková, Czech Republic",12.533278119000045,50.21819781800008
CZE,"Havlíčkova 1717, 358 01 Kraslice, Czech Republic",12.51593912603144,50.3323574412299
CZE,"Dukelská 1122/53, 358 01 Kraslice, Czech Republic",12.51603895449827,50.32481309972928
CZE,"Jana A. Komenského 540/7, 357 51 Kynšperk nad Ohří, Czech Republic",12.533236105243333,50.11885867459645
CZE,"T. G. Masaryka 128/2, 357 33 Loket, Czech Republic",12.7556652448865,50.18749627759098
CZE,"Školní 234, 356 01 Lomnice, Czech Republic",12.631053921129109,50.211494504572585
CZE,"Masarykova 425, 357 34 Nové Sedlo, Czech Republic",12.739092210651876,50.20735929264097
CZE,"Nová Plzeň 673, 357 01 Rotava, Czech Republic",12.559748316444342,50.30242386288123
CZE,"č.p. 65, 357 35 Vintířov, Czech Republic",12.688038781913516,50.23547777864034
CZE,"Dlouhá 63, 356 01 Královské Poříčí, Czech Republic",12.67211745151883,50.18805723646099
CZE,"Pionýrů 1614, 356 01 Sokolov, Czech Republic",12.645828953313554,50.182082280601406
CZE,"Smetanova 738, 357 35 Chodov, Czech Republic",12.745683487851949,50.24156005598678
CZE,"Pohraniční stráže 81, 357 03 Svatava, Czech Republic",12.626703378104935,50.19063257621164
CZE,"Komenského 232, 356 01 Březová, Czech Republic",12.645690568092135,50.14610614634404
CZE,"Nejdecká 254, 357 35 Chodov, Czech Republic",12.751237755991156,50.24006740666928
CZE,"Opletalova 1121/1, 358 01 Kraslice, Czech Republic",12.502509892220843,50.3342156672544
CZE,"č.p. 360, 348 01 Staré Sedliště, Czech Republic",12.68297326000004,49.744950000000074
CZE,"Školní 22, 349 52 Konstantinovy Lázně, Czech Republic",12.981274310956366,49.88012874493381
CZE,"č.p. 159, 348 06 Rozvadov, Czech Republic",12.5406404135118,49.68937379452166
CZE,"Školní 183, 349 53 Bezdružice, Czech Republic",12.974420512548846,49.90624055262015
CZE,"Školní 440, 348 02 Bor, Czech Republic",12.77285434900449,49.712987267278606
CZE,"Husova 203, 349 61 Kladruby, Czech Republic",12.985887375188014,49.715773621441684
CZE,"Školní 264, 348 06 Přimda, Czech Republic",12.676990690025036,49.67530788838644
CZE,"č.p. 21, 348 02 Stráž, Czech Republic",12.769711085945472,49.62433722916989
CZE,"Mánesova 485, 349 01 Stříbro, Czech Republic",13.005493568724717,49.75413268886234
CZE,"Gagarinova 1039, 349 01 Stříbro, Czech Republic",13.002174167429189,49.75824967015453
CZE,"Hornická 1325, 347 01 Tachov, Czech Republic",12.62998355209362,49.79920528354086
CZE,"Zárečná 1540, 347 01 Tachov, Czech Republic",12.639874784573863,49.799592904653224
CZE,"Kostelní 583, 347 01 Tachov, Czech Republic",12.63384417287719,49.79688135897595
CZE,"nám. 1. máje 38, 349 58 Černošín, Czech Republic",12.880419899188183,49.816650706257974
CZE,"č.p. 35, 349 01 Svojšín, Czech Republic",12.89589904941173,49.76010312879829
CZE,"č.p. 263, 348 06 Hošťka, Czech Republic",12.582418417059499,49.72095184297513
CZE,"č.p. 172, 347 01 Lesná, Czech Republic",12.54914683100003,49.77596500000004
CZE,"č.p. 69, 470 02 Stružnice, Czech Republic",14.47751960058524,50.67722292534438
CZE,"U Školy 98, Markvartice, 471 25 Jablonné v Podještědí, Czech Republic",14.768938457020056,50.768885407954855
CZE,"Sídliště pod Ralskem 572, Mimoň I, 471 24 Mimoň, Czech Republic",14.732836761853122,50.65747277376124
CZE,"č.p. 45, 470 02 Holany, Czech Republic",14.490171873000065,50.61253738900007
CZE,"Jezerní 74, Staré Splavy, 471 63 Doksy, Czech Republic",14.633420852307893,50.588497421978275
CZE,"Gen. Svobody 114, Arnultovice, 473 01 Nový Bor, Czech Republic",14.549320942978056,50.76683972066587
CZE,"nám. Míru 128, 473 01 Nový Bor, Czech Republic",14.557145701049421,50.75901047827631
CZE,"č.p. 86, 471 13 Nový Oldřichov, Czech Republic",14.441086718000065,50.76431664200004
CZE,"Náměstí T. G. Masaryka 81, 471 52 Sloup v Čechách, Czech Republic",14.589077986119804,50.73965863359146
CZE,"č.p. 242, 471 51 Svor, Czech Republic",14.586400000000026,50.808989489000055
CZE,"č.p. 81, 471 12 Volfartice, Czech Republic",14.443193370000074,50.73085000000003
CZE,"Sad 5. května 130, Cvikov I, 471 54 Cvikov, Czech Republic",14.629381110253462,50.77595650720221
CZE,"Dlouhá 113/100, 471 41 Dubá, Czech Republic",14.53904548405626,50.54084232102187
CZE,"9. května 2, 471 06 Horní Police, Czech Republic",14.40377011634584,50.708670402275715
CZE,"Školní 347, 471 23 Zákupy, Czech Republic",14.650779941422286,50.68636326616925
CZE,"Pionýrů 141, 471 27 Stráž pod Ralskem, Czech Republic",14.80288357231899,50.70092376354194
CZE,"Školní 115, 471 03 Kravaře, Czech Republic",14.390326884756945,50.633387291167566
CZE,"Dolní Prysk 56, 471 15 Prysk, Czech Republic",14.467529661239837,50.79664115831099
CZE,"Šluknovská 2904, 470 01 Česká Lípa, Czech Republic",14.535192742261671,50.702118939115735
CZE,"č.p. 196, 471 11 Horní Libchava, Czech Republic",14.491599010000073,50.71426500000007
CZE,"č.p. 167, 471 16 Polevsko, Czech Republic",14.530683681000028,50.78739770100003
CZE,"č.p. 255, 471 55 Kunratice u Cvikova, Czech Republic",14.684700170000042,50.77056500000003
CZE,"Antonína Sovy 3056, 470 01 Česká Lípa, Czech Republic",14.528125121504132,50.69199674329349
CZE,"Mánesova 1526, 470 01 Česká Lípa, Czech Republic",14.533881142052763,50.68053411351542
CZE,"Partyzánská 1053/55, 470 01 Česká Lípa, Czech Republic",14.547285565429974,50.678251469823635
CZE,"Pátova 406/1, 470 01 Česká Lípa, Czech Republic",14.532390923487213,50.68693964774113
CZE,"Valdštejnská 253, 472 01 Doksy, Czech Republic",14.652286839975176,50.56767220635325
CZE,"nám. Míru 616, 471 14 Kamenický Šenov, Czech Republic",14.470416556331514,50.77652471641849
CZE,"Mírová 81, Mimoň III, 471 24 Mimoň, Czech Republic",14.722928011195222,50.656764922038064
CZE,"Boženy Němcové 539, 473 01 Nový Bor, Czech Republic",14.560457810089218,50.754268207007215
CZE,"Jižní 1903, 470 01 Česká Lípa, Czech Republic",14.5209658865449,50.684311543909985
CZE,"Školní 2520, 470 01 Česká Lípa, Czech Republic",14.53699116340698,50.69709348524785
CZE,"28. října 2733, 470 06 Česká Lípa, Czech Republic",14.545049860395977,50.68933775214913
CZE,"č.p. 11, 473 01 Okrouhlá, Czech Republic",14.524346990951994,50.76802310324941
CZE,"Kuřívody 700, 471 24 Ralsko, Czech Republic",14.80394430216586,50.58477007345519
CZE,"č.p. 240, 471 26 Dubnice, Czech Republic",14.81014019500003,50.73560710900006
CZE,"nám. Míru 104, 473 01 Nový Bor, Czech Republic",14.557692955507747,50.75977260282252
CZE,"Moskevská 679/40, 470 01 Česká Lípa, Czech Republic",14.542071854016768,50.68508410392565
CZE,"Mírové nám. 440, 407 78 Velký Šenov, Czech Republic",14.37906864768783,50.99242858634909
CZE,"Školní 1544/5, Děčín VI-Letná, 405 02 Děčín, Czech Republic",14.18733663586309,50.76046113425886
CZE,"č.p. 83, 407 16 Jetřichovice, Czech Republic",14.386072669000043,50.87179246000005
CZE,"Kosmonautů 177, Děčín XXVII-Březiny, 405 02 Děčín, Czech Republic",14.248375750262454,50.761527982895046
CZE,"č.p. 120, 405 02 Heřmanov, Czech Republic",14.296881085384017,50.69712767482063
CZE,"č.p. 170, 407 51 Rybniště, Czech Republic",14.51788145100005,50.86998245800004
CZE,"č.p. 417, 407 81 Lipová, Czech Republic",14.361275000000035,51.02297579100008
CZE,"č.p. 83, 407 03 Dobkovice, Czech Republic",14.188590000000033,50.70231810900003
CZE,"č.p. 101, 405 02 Huntířov, Czech Republic",14.316825230000063,50.80981672100006
CZE,"Vojtěcha Kováře č.ev. 31, Rumburk 2-Horní Jindřichov, 408 01 Rumburk, Czech Republic",14.545783193104796,50.93417083888042
CZE,"Karlova 1700, 407 47 Varnsdorf, Czech Republic",14.623960198193771,50.90048346710415
CZE,"Bratislavská 994, 407 47 Varnsdorf, Czech Republic",14.640702798329613,50.91080192518925
CZE,"č.p. 140, 407 80 Vilémov, Czech Republic",14.333074961000023,50.99391000000003
CZE,"Opletalova 699, 407 22 Benešov nad Ploučnicí, Czech Republic",14.305193654403638,50.74458828230601
CZE,"č.p. 197, 407 42 Markvartice, Czech Republic",14.354330145000063,50.77851000000004
CZE,"Komenského nám. 622/3, Děčín I-Děčín, 405 02 Děčín, Czech Republic",14.217641658251011,50.780968340477415
CZE,"Březová 369/25, Děčín III-Staré Město, 405 02 Děčín, Czech Republic",14.215732512164749,50.77278215474112
CZE,"Raisova 688/11, Děčín IV-Podmokly, 405 02 Děčín, Czech Republic",14.193792042412696,50.77492846677774
CZE,"Na Stráni 879/2, Děčín VI-Letná, 405 02 Děčín, Czech Republic",14.190767348832821,50.772296716818715
CZE,"Vojanova 178/12, Děčín VIII-Dolní Oldřichov, 405 02 Děčín, Czech Republic",14.181160095232144,50.780875259442666
CZE,"Míru 152, Děčín XXXII-Boletice nad Labem, 407 11 Děčín, Czech Republic",14.193889272489542,50.74342458077865
CZE,"č.p. 280, 407 44 Chřibská, Czech Republic",14.479061759000047,50.85891672000008
CZE,"Tyršova 302, 407 82 Dolní Poustevna, Czech Republic",14.28699863808555,50.98386555024604
CZE,"Školní 558/10, 407 46 Krásná Lípa, Czech Republic",14.510000680810776,50.912103928118995
CZE,"Tyršova 1066/2, Rumburk 1, 408 01 Rumburk, Czech Republic",14.5544313055251,50.95289077188488
CZE,"č.p. 44, 407 61 Staré Křečany, Czech Republic",14.48933500000004,50.95700457200007
CZE,"T. G. Masaryka 678, 407 77 Šluknov, Czech Republic",14.4584395710651,51.00487001287047
CZE,"Nám. E. Beneše 469, 407 47 Varnsdorf, Czech Republic",14.62064842443013,50.9113693381247
CZE,"Mírové náměstí 141, 407 25 Verneřice, Czech Republic",14.30193242351615,50.66164637480938
CZE,"U nemocnice 1132/5, Rumburk 1, 408 01 Rumburk, Czech Republic",14.549074682662763,50.9500318723498
CZE,"Edisonova 2821, 407 47 Varnsdorf, Czech Republic",14.62123448710014,50.90623487760604
CZE,"Palackého 535, 407 21 Česká Kamenice, Czech Republic",14.419230620571994,50.798296081273946
CZE,"č.p. 152, 405 02 Dolní Habartice, Czech Republic",14.333491676652606,50.75396083376481
CZE,"č.p. 68, 407 13 Ludvíkovice, Czech Republic",14.256604225000046,50.80775500000004
CZE,"Východní 1602, 407 47 Varnsdorf, Czech Republic",14.627212879540025,50.91495582876493
CZE,"Moskevská 740/5, Starý Jiříkov, 407 53 Jiříkov, Czech Republic",14.57244636238201,50.991652464024554
CZE,"Kamenická 1145/50, Děčín II-Nové Město, 405 02 Děčín, Czech Republic",14.22907281398264,50.77860707453388
CZE,"Vrchlického 630/5, Děčín II-Nové Město, 405 02 Děčín, Czech Republic",14.220925268819997,50.781890601283806
CZE,"č.p. 364, 407 55 Dolní Podluží, Czech Republic",14.602400000000046,50.865133239000045
CZE,"Na Pěšině 330, Děčín IX-Bynov, 405 05 Děčín, Czech Republic",14.148732355865064,50.782130617081236
CZE,"Palachova 4881, 430 03 Chomutov, Czech Republic",13.398627961705728,50.462238677061265
CZE,"č.p. 20, 431 57 Chbany, Czech Republic",13.43718308900003,50.33246695100007
CZE,"nám. Gen. Svobody 78, 431 01 Spořice, Czech Republic",13.39174876613157,50.440792362410946
CZE,"Náměstí 122, 431 56 Mašťov, Czech Republic",13.279665034860216,50.26254712616213
CZE,"č.p. 165, 431 55 Radonice, Czech Republic",13.271583081000074,50.30211476300008
CZE,"Kadaňská 163, 431 54 Vilémov, Czech Republic",13.312972287327511,50.30335760689496
CZE,"Školní 1480/61, 430 01 Chomutov, Czech Republic",13.41722975178493,50.457111885984006
CZE,"Na Příkopech 895/19, 430 01 Chomutov, Czech Republic",13.421078554085028,50.46136628857877
CZE,"Kadaňská 2334/2, 430 03 Chomutov, Czech Republic",13.400495785009355,50.46260852853888
CZE,"Hornická 4387, 430 03 Chomutov, Czech Republic",13.40286099044738,50.46612016878376
CZE,"akademika Heyrovského 4539, 430 03 Chomutov, Czech Republic",13.397510402555355,50.469293222049856
CZE,"Březenecká 4679, 430 04 Chomutov, Czech Republic",13.408709798664177,50.47471220627182
CZE,"Písečná 5144, 430 04 Chomutov, Czech Republic",13.441659479142004,50.48829239815859
CZE,"Budovatelů 1563, 431 11 Jirkov, Czech Republic",13.448966151778109,50.50406315853078
CZE,"Nerudova 1151, 431 11 Jirkov, Czech Republic",13.440617524758267,50.49330825474732
CZE,"Pionýrů 1102, 432 01 Kadaň, Czech Republic",13.263642607845213,50.380406743092664
CZE,"Školní 1479, 432 01 Kadaň, Czech Republic",13.273770042356915,50.38239811564907
CZE,"Chomutovská 1683, 432 01 Kadaň, Czech Republic",13.272821127098439,50.388140222238434
CZE,"Na Podlesí 1480, 432 01 Kadaň, Czech Republic",13.264069414354907,50.38460574130741
CZE,"Školní 519, 431 51 Klášterec nad Ohří, Czech Republic",13.177479912143895,50.38999199419749
CZE,"Švermova 367, 431 45 Březno, Czech Republic",13.422372384659184,50.399805316887694
CZE,"nám. J. Švermy 445, 431 86 Kovářská, Czech Republic",13.054219918816443,50.43845758328143
CZE,"Hlavní 57, 431 63 Perštejn, Czech Republic",13.110719226817935,50.380810918463766
CZE,"č.p. 29, 431 14 Strupčice, Czech Republic",13.530293851000067,50.45836651900004
CZE,"Moskevská 723/2, 431 91 Vejprty, Czech Republic",13.029943999382652,50.494023105359645
CZE,"Stará Čtvrť 363, 431 41 Údlice, Czech Republic",13.46032505550437,50.44095891082705
CZE,"Studentská 1427, 431 11 Jirkov, Czech Republic",13.43703250095109,50.50219143764218
CZE,"Zahradní 5265, 430 04 Chomutov, Czech Republic",13.435197450888893,50.48723326087335
CZE,"Krušnohorská 1675, 431 11 Jirkov, Czech Republic",13.434545422640895,50.503253760050626
CZE,"Krátká 676, Miřetice u Klášterce nad Ohří, 431 51 Klášterec nad Ohří, Czech Republic",13.181740601166041,50.392017816375954
CZE,"Petlérská 447, Miřetice u Klášterce nad Ohří, 431 51 Klášterec nad Ohří, Czech Republic",13.180139322383383,50.397545974886754
CZE,"Julia Fučíka 40, 431 59 Vysoká Pec, Czech Republic",13.469292266978556,50.524240243492756
CZE,"17. listopadu 4728, 430 04 Chomutov, Czech Republic",13.413983021589928,50.47939421165705
CZE,"Chomutovská 1289, 432 01 Kadaň, Czech Republic",13.272947610017354,50.388535177516076
CZE,"č.p. 22, 468 21 Pěnčín, Czech Republic",15.224404511000046,50.68912000000006
CZE,"č.p. 212, 468 45 Velké Hamry, Czech Republic",15.304758052000068,50.71991500000007
CZE,"č.p. 1, 468 22 Koberovy, Czech Republic",15.20574655332997,50.621095265773924
CZE,"č.p. 264, 468 27 Nová Ves nad Nisou, Czech Republic",15.214079053000034,50.72438500000004
CZE,"č.p. 121, 468 03 Rádlo, Czech Republic",15.13197453500004,50.705645728000036
CZE,"Huntířov 63, 468 22 Skuhrov, Czech Republic",15.212489075592003,50.67181194698057
CZE,"Pod Vodárnou 88/10, Rýnovice, 466 05 Jablonec nad Nisou, Czech Republic",15.151425402216347,50.74550987256015
CZE,"č.p. 65, 468 46 Plavy, Czech Republic",15.320888177000029,50.70321819700007
CZE,"Na Šumavě 2300/43, 466 02 Jablonec nad Nisou, Czech Republic",15.182197045154027,50.73181266930504
CZE,"5. května 272/76, 466 01 Jablonec nad Nisou, Czech Republic",15.18017030096621,50.723106554114764
CZE,"Pasířská 750/72, 466 01 Jablonec nad Nisou, Czech Republic",15.153250058718612,50.723759462462624
CZE,"Mozartova 3678/24, Mšeno nad Nisou, 466 04 Jablonec nad Nisou, Czech Republic",15.16349282821804,50.73818312526595
CZE,"č.p. 374, 468 11 Janov nad Nisou, Czech Republic",15.180842005000045,50.78030000000007
CZE,"č.p. 180, 468 33 Jenišovice, Czech Republic",15.128701093000075,50.63317500000005
CZE,"č.p. 420, 468 71 Lučany nad Nisou, Czech Republic",15.218779666000046,50.74868715900004
CZE,"Komenského 964, 468 51 Smržovka, Czech Republic",15.24666083755281,50.73261234477749
CZE,"Sportovní 576, 468 41 Tanvald, Czech Republic",15.296223785400485,50.73705307707985
CZE,"Školní 700, 468 22 Železný Brod, Czech Republic",15.260783590032162,50.64323581785115
CZE,"Arbesova 4015/30, Mšeno nad Nisou, 466 04 Jablonec nad Nisou, Czech Republic",15.169153965622712,50.7423754598677
CZE,"Pelechovská 800, 468 22 Železný Brod, Czech Republic",15.269399935039417,50.636504772415606
CZE,"Liberecká 3999/26, 466 01 Jablonec nad Nisou, Czech Republic",15.163330135477395,50.726710856299235
CZE,"Pivovarská 1850/15, 466 01 Jablonec nad Nisou, Czech Republic",15.167822919398475,50.71685587555024
CZE,"č.p. 264, 468 25 Zásada, Czech Republic",15.27238417500007,50.70017000000007
CZE,"Dolní Maxov 208, 468 44 Josefův Důl, Czech Republic",15.236036440001811,50.77852027992648
CZE,"Lhotka 34, 468 47 Zlatá Olešnice, Czech Republic",15.337940349866614,50.69033779701698
CZE,"Komenského 46, Český Dub I, 463 43 Český Dub, Czech Republic",14.997508178929564,50.66025971465757
CZE,"č.p. 234, 464 01 Dětřichov, Czech Republic",15.043529662944172,50.88468685252645
CZE,"č.p. 124, 464 01 Kunratice, Czech Republic",15.019979976950124,50.9184296549901
CZE,"Lázeňská 406, 463 62 Hejnice, Czech Republic",15.181839892259717,50.88008518371734
CZE,"J. A. Komenského 467, 463 42 Hodkovice nad Mohelkou, Czech Republic",15.085341304114706,50.666888919969495
CZE,"Donínská 244, Donín, 463 34 Hrádek nad Nisou, Czech Republic",14.851488971547923,50.84697398396534
CZE,"Komenského 478, 463 34 Hrádek nad Nisou, Czech Republic",14.842549923268393,50.856718155954354
CZE,"Školní 325, 463 34 Hrádek nad Nisou, Czech Republic",14.845477051495322,50.85483826271019
CZE,"náměstí 1. máje 228, 463 31 Chrastava, Czech Republic",14.968536717336889,50.81682616417149
CZE,"Horní Vítkov 69, 463 31 Chrastava, Czech Republic",14.970622051027902,50.85590636863182
CZE,"č.p. 312, 463 65 Jindřichovice pod Smrkem, Czech Republic",15.225092388000064,50.93476491100006
CZE,"Žibřidice 271, 463 53 Křižany, Czech Republic",14.860073716780192,50.74205958784654
CZE,"č.p. 102, 463 12 Dlouhý Most, Czech Republic",15.069449302117851,50.69912488837897
CZE,"Nad Školou 278, Liberec XXX-Vratislavice nad Nisou, 463 11 Liberec, Czech Republic",15.093652212570248,50.743195335726824
CZE,"Dobiášova 851/5, Liberec VI-Rochlice, 460 06 Liberec, Czech Republic",15.065252061498,50.75263754965394
CZE,"Jabloňová 564/43, Liberec XII-Staré Pavlovice, 460 01 Liberec, Czech Republic",15.042634836883593,50.78179848416792
CZE,"Švermova 403/40, Liberec X-Františkov, 460 10 Liberec, Czech Republic",15.036076919658143,50.76253708021832
CZE,"Ještědská 354/88, Liberec VIII-Dolní Hanychov, 460 08 Liberec, Czech Republic",15.026582570293272,50.747088729751795
CZE,"Kaplického 384, Liberec XXIII-Doubí, 463 12 Liberec, Czech Republic",15.05351404429112,50.73855704196663
CZE,"Na Výběžku 118, Liberec XV-Starý Harcov, 460 15 Liberec, Czech Republic",15.101256778045212,50.76680749224815
CZE,"Oblačná 101/15, Liberec V-Kristiánov, 460 05 Liberec, Czech Republic",15.060902272845112,50.76540478075174
CZE,"Sokolovská 328/17, Liberec XIII-Nové Pavlovice, 460 14 Liberec, Czech Republic",15.058480573379654,50.783027396901986
CZE,"Vrchlického 262/17, Liberec XIII-Nové Pavlovice, 460 01 Liberec, Czech Republic",15.056396748431212,50.782509604833336
CZE,"Husova 142/44, Liberec V-Kristiánov, 460 05 Liberec, Czech Republic",15.07008380958348,50.77142545989315
CZE,"Oldřichovská 198, 463 31 Mníšek, Czech Republic",15.056989768080882,50.832291110806295
CZE,"č.p. 180, 463 31 Nová Ves, Czech Republic",15.018217140000047,50.82937185800006
CZE,"č.p. 17, 463 45 Pěnčín, Czech Republic",15.063277827000036,50.601365000000044
CZE,"č.p. 31, 463 45 Kobyly, Czech Republic",15.01627969113467,50.60205190552435
CZE,"Fučíkova 430, 464 01 Raspenava, Czech Republic",15.133363574339711,50.90117451311144
CZE,"č.p. 258, 464 01 Krásný Les, Czech Republic",15.12501024255758,50.9367376671016
CZE,"Radostín 19, 463 44 Sychrov, Czech Republic",15.086104979313035,50.63291023514836
CZE,"č.p. 173, 464 01 Višňová, Czech Republic",15.02822561563193,50.95325111665591
CZE,"č.p. 213, 463 73 Habartice, Czech Republic",15.091236108419379,51.01170608475061
CZE,"Česká 354, Liberec XXV-Vesec, 463 12 Liberec, Czech Republic",15.063235627051085,50.73799164068791
CZE,"U Školy 222/6, Liberec VII-Horní Růžodol, 460 07 Liberec, Czech Republic",15.047866066474398,50.754535044894794
CZE,"Školní 63, 463 52 Osečná, Czech Republic",14.918854997921215,50.693662562730566
CZE,"č.p. 220, 463 62 Bílý Potok, Czech Republic",15.273906983094951,50.843656562338914
CZE,"č.p. 178, 463 46 Příšovice, Czech Republic",15.071539934000043,50.57784000000004
CZE,"Purkyňova 510, 464 01 Frýdlant, Czech Republic",15.07801208415907,50.925558852462814
CZE,"U Soudu 369/8, Liberec II-Nové Město, 460 01 Liberec, Czech Republic",15.047464154217153,50.770477969558215
CZE,"5. května 64/49, Liberec I-Staré Město, 460 01 Liberec, Czech Republic",15.063627481024525,50.772163612196294
CZE,"Lesní 575/12, Liberec I-Staré Město, 460 01 Liberec, Czech Republic",15.07346314148674,50.77863046004373
CZE,"Proboštská 38/6, Liberec III-Jeřáb, 460 07 Liberec, Czech Republic",15.051036186074384,50.76892274933351
CZE,"Tylova 694, 463 65 Nové Město pod Smrkem, Czech Republic",15.226855070901507,50.925713372847866
CZE,"Broumovská 7 847/9, Liberec VI-Rochlice, 460 06 Liberec, Czech Republic",15.06771533520319,50.760791339334475
CZE,"Aloisina výšina 642/51, Liberec XV-Starý Harcov, 460 15 Liberec, Czech Republic",15.095732684757422,50.76236998697854
CZE,"Husova 784, 464 01 Frýdlant, Czech Republic",15.085397462865984,50.922624222432546
CZE,"Hartavská 220, Loučná, 463 34 Hrádek nad Nisou, Czech Republic",14.832050332255676,50.85067832416422
CZE,"č.p. 112, 463 62 Lázně Libverda, Czech Republic",15.235850718408605,50.88926183278216
CZE,"Orlí 140/7, Liberec III-Jeřáb, 460 07 Liberec, Czech Republic",15.051148587395971,50.76719938813113
CZE,"Bezručova 141, 411 48 Křešice, Czech Republic",14.219766973620182,50.52133926680375
CZE,"Kaplířova 94, 411 11 Sulejovice, Czech Republic",14.034977524557604,50.49884693254663
CZE,"Všehrdova 686/1, 410 02 Lovosice, Czech Republic",14.047883308514912,50.514270682127346
CZE,"Na Valech 582/53, Předměstí, 412 01 Litoměřice, Czech Republic",14.12833206082152,50.536914896469995
CZE,"Boženy Němcové 873/2, Předměstí, 412 01 Litoměřice, Czech Republic",14.132563245544475,50.53843520606796
CZE,"Svojsíkova 1482/5, Předměstí, 412 01 Litoměřice, Czech Republic",14.135982140030706,50.539024453861174
CZE,"U Stadionu 522/4, Předměstí, 412 01 Litoměřice, Czech Republic",14.14383380401128,50.53731638963208
CZE,"Havlíčkova 1830/32, Předměstí, 412 01 Litoměřice, Czech Republic",14.127915228776601,50.543663082897496
CZE,"Sady pionýrů 355/2, 410 02 Lovosice, Czech Republic",14.049282331973899,50.51368461945731
CZE,"Sady pionýrů 361, 410 02 Lovosice, Czech Republic",14.048395526617952,50.513381907024126
CZE,"Na Krétě 354, 411 55 Terezín, Czech Republic",14.143238772704848,50.506435069491346
CZE,"Paříkovo nám. 133, 411 13 Třebenice, Czech Republic",13.991780464533605,50.47570931747356
CZE,"Polské lidové armády 11, Úštěk-Českolipské Předměstí, 411 45 Úštěk, Czech Republic",14.345956190650327,50.58535756104874
CZE,"Ladova 413/5, Pokratice, 412 01 Litoměřice, Czech Republic",14.1278775102123,50.547529151918155
CZE,"Podřipská č.ev. 15, 411 85 Horní Beřkovice, Czech Republic",14.342935436564943,50.360433967020555
CZE,"č.p. 58, 412 01 Libotenice, Czech Republic",14.220148521207088,50.47662962539229
CZE,"č.p. 85, 411 15 Podsedice, Czech Republic",13.928188946000034,50.477115000000026
CZE,"č.p. 46, 411 86 Bechlín, Czech Republic",14.341497243000049,50.422245117000045
CZE,"České Kopisty 84, 412 01 Terezín, Czech Republic",14.167955244969562,50.525529589748714
CZE,"Benešova 236, 411 12 Čížkovice, Czech Republic",14.033130991288061,50.48412969358458
CZE,"č.p. 85, 411 16 Klapý, Czech Republic",13.99460859100003,50.42951500000004
CZE,"č.p. 86, 411 87 Krabčice, Czech Republic",14.30356716800003,50.40282760200006
CZE,"č.p. 119, 411 71 Chodouny, Czech Republic",14.261438049000049,50.47646000000003
CZE,"č.p. 135, 413 01 Mnetěš, Czech Republic",14.282082878396295,50.36547429175645
CZE,"Husovo náměstí 112, 411 56 Bohušovice nad Ohří, Czech Republic",14.149764503422091,50.49332216870661
CZE,"č.p. 36, 411 42 Ploskovice, Czech Republic",14.193205000000034,50.55743006100005
CZE,"Straškov 167, 411 84 Straškov-Vodochody, Czech Republic",14.24545331590133,50.361453835089435
CZE,"č.p. 170, 411 31 Velemín, Czech Republic",13.968696282000053,50.550875000000076
CZE,"Školní 36, 411 81 Brozany nad Ohří, Czech Republic",14.146942232803895,50.454272851559466
CZE,"Školská 196, 411 18 Budyně nad Ohří, Czech Republic",14.128938323878202,50.40239855200164
CZE,"Litoměřická 267, 411 72 Hoštka, Czech Republic",14.331366649983153,50.48966451570843
CZE,"č.p. 170, 411 46 Liběšice, Czech Republic",14.29808796900005,50.56434828500005
CZE,"Vrchlického 284, 411 17 Libochovice, Czech Republic",14.035180618071536,50.403897655384554
CZE,"č.p. 170, 411 47 Polepy, Czech Republic",14.260684114758485,50.50917861859076
CZE,"Jungmannova 660, 413 01 Roudnice nad Labem, Czech Republic",14.25731949240776,50.422859154838534
CZE,"Školní 1803, 413 01 Roudnice nad Labem, Czech Republic",14.244000145347798,50.42199104112666
CZE,"Karla Jeřábka 941, 413 01 Roudnice nad Labem, Czech Republic",14.253658612376853,50.42326307875257
CZE,"9. května 444, 411 08 Štětí, Czech Republic",14.375417909759761,50.454520285341204
CZE,"U Zámku 7, 411 15 Třebívlice, Czech Republic",13.89893538034471,50.458345785950485
CZE,"č.p. 126, 411 01 Žalhostice, Czech Republic",14.08595036932646,50.523887635658475
CZE,"č.p. 199, 439 68 Domoušice, Czech Republic",13.73701667000006,50.23570828900006
CZE,"Karlovarská 181, 439 83 Lubenec, Czech Republic",13.309598655118407,50.13174103113437
CZE,"Tyršovo náměstí 56, 439 02 Cítoliby, Czech Republic",13.812893216411055,50.33054104090229
CZE,"Postoloprtská 100, 439 49 Staňkovice, Czech Republic",13.573192494722633,50.35126584132726
CZE,"č.p. 53, 439 21 Koštice, Czech Republic",13.92802518600007,50.41015984400008
CZE,"Hlavní 6, 438 01 Nové Sedlo, Czech Republic",13.47622552582817,50.3402820277681
CZE,"Karlovarská 460, 439 82 Vroutek, Czech Republic",13.378449200363121,50.17917723868936
CZE,"Komenského 393, 439 81 Kryry, Czech Republic",13.424810764111953,50.17557758846115
CZE,"Lipenec 119, 440 01 Lipno, Czech Republic",13.706677823190887,50.311787454556566
CZE,"28. října 2173, 440 01 Louny, Czech Republic",13.812578140670695,50.35504465473585
CZE,"Prokopa Holého 2632, 440 01 Louny, Czech Republic",13.787169993755953,50.36018711997204
CZE,"Pražská 101, 440 01 Louny, Czech Republic",13.801458372642031,50.35690795181176
CZE,"Přemyslovců 2209, 440 01 Louny, Czech Republic",13.791459935620168,50.3556241376119
CZE,"Petra Bezruče 2000, 438 01 Žatec, Czech Republic",13.540485386522704,50.32968076426985
CZE,"č.p. 182, 439 72 Krásný Dvůr, Czech Republic",13.36508327100006,50.25025500000004
CZE,"Jižní 2777, 438 01 Žatec, Czech Republic",13.541899245950333,50.3177675652866
CZE,"č.p. 121, 439 67 Ročov, Czech Republic",13.781437564000043,50.25355500000006
CZE,"č.p. 2, 439 31 Měcholupy, Czech Republic",13.54043643500006,50.267480000000035
CZE,"č.p. 166, 439 05 Panenský Týnec, Czech Republic",13.907894990000045,50.297293083000056
CZE,"Husova 445, 441 01 Podbořany, Czech Republic",13.409034345955149,50.22595094061734
CZE,"Školní 2426, 440 01 Louny, Czech Republic",13.802039741446293,50.351066854945884
CZE,"náměstí 28. října 1019, 438 01 Žatec, Czech Republic",13.537718185008373,50.328350640054964
CZE,"Komenského 193, 439 07 Peruc, Czech Republic",13.961096496303156,50.34184349251066
CZE,"Komenského alej 749, 438 01 Žatec, Czech Republic",13.54625641067804,50.3240487539787
CZE,"Zeměchy 83, 440 01 Jimlín, Czech Republic",13.74919259629641,50.3291286902172
CZE,"Husova 276, 441 01 Podbořany, Czech Republic",13.408416180595935,50.22654588810474
CZE,"Černčice 3, 439 85 Petrohrad, Czech Republic",13.436159944830536,50.142248249679
CZE,"č.p. 89, 440 01 Bitozeves, Czech Republic",13.646798831582247,50.388940105211084
CZE,"Draguš 581, 439 42 Postoloprty, Czech Republic",13.691217067507665,50.35774329228221
CZE,"Fűgnerova 424, 439 01 Černčice, Czech Republic",13.848452853899659,50.35959954855946
CZE,"č.p. 61, 439 63 Liběšice, Czech Republic",13.620895288000042,50.294633298000065
CZE,"č.p. 167, 439 69 Tuchořice, Czech Republic",13.662464921000037,50.27959000000004
CZE,"Knížete Václava 391, 439 23 Lenešice, Czech Republic",13.762433740199754,50.37533460202408
CZE,"Dvořákova 24, 438 01 Žatec, Czech Republic",13.54449947995343,50.32754476197414
CZE,"nám. Pionýrů 1, 435 46 Hora Svaté Kateřiny, Czech Republic",13.436556576488812,50.606421032271555
CZE,"Svážná 2342/1, 434 01 Most, Czech Republic",13.625561200839257,50.50993329869115
CZE,"Jakuba Arbesa 2454/2, 434 01 Most, Czech Republic",13.637232079001706,50.50928386883311
CZE,"č.p. 17, 435 26 Bečov, Czech Republic",13.715895000000046,50.43830703500004
CZE,"Ruská 2059, Horní Litvínov, 436 01 Litvínov, Czech Republic",13.607339949164242,50.60083227260077
CZE,"Obránců míru 2944/1, 434 01 Most, Czech Republic",13.641611707229913,50.49906050343955
CZE,"Okružní 1235/8, 434 01 Most, Czech Republic",13.663224193110693,50.49445837759154
CZE,"J. A. Komenského 474/22, 434 01 Most, Czech Republic",13.64856768103715,50.490139727708936
CZE,"Vítězslava Nezvala 2614/26, 434 01 Most, Czech Republic",13.635561733336914,50.50203997665179
CZE,"U Stadionu 1028/4, 434 01 Most, Czech Republic",13.649157599382647,50.506949089703596
CZE,"Husova 163, 435 33 Louka u Litvínova, Czech Republic",13.639669787902221,50.58528623105272
CZE,"Mírová 167, 435 21 Obrnice, Czech Republic",13.696175466150123,50.50393784907831
CZE,"Václava Talicha 1855/1, 434 01 Most, Czech Republic",13.656874230903043,50.50348099344572
CZE,"J. A. Komenského 340, 435 13 Meziboří, Czech Republic",13.607930957157123,50.62175450875506
CZE,"Mládežnická 220, Hamr, 435 42 Litvínov, Czech Republic",13.583278857908795,50.59585094945311
CZE,"Školní 126/50, 435 43 Horní Jiřetín, Czech Republic",13.547692230691979,50.57405351687876
CZE,"Podkrušnohorská 1589, Horní Litvínov, 436 01 Litvínov, Czech Republic",13.632012751713404,50.610741274715735
CZE,"Zdeňka Štěpánka 2912/8, 434 01 Most, Czech Republic",13.638944334182383,50.4932825642141
CZE,"Zlatnická 186/4, 434 01 Most, Czech Republic",13.676577151602402,50.504548847910286
CZE,"Vrchlického 372/30, 435 11 Lom, Czech Republic",13.653342516000066,50.60034704422594
CZE,"Rozmarýnová 1692/3, 434 01 Most, Czech Republic",13.654554958294398,50.495500164337216
CZE,"č.p. 191, 435 22 Braňany, Czech Republic",13.702130125000053,50.54923031700008
CZE,"Přátelství 160, Janov, 435 42 Litvínov, Czech Republic",13.563972233591585,50.5925830549526
CZE,"U Nových lázní 1102/4, 415 01 Teplice, Czech Republic",13.842125355192508,50.64288277208939
CZE,"Pražská 216, Světice, 417 61 Bystřany, Czech Republic",13.864403615642516,50.620887107504956
CZE,"Metelkovo náměstí 968, Trnovany, 415 01 Teplice, Czech Republic",13.837445654830645,50.647648847963495
CZE,"Buzulucká 392, Řetenice, 415 03 Teplice, Czech Republic",13.80048565277852,50.63623001362953
CZE,"Koperníkova 2592, 415 01 Teplice, Czech Republic",13.852009127778928,50.64483236085849
CZE,"Aléská 270, Pražské Předměstí, 418 01 Bílina, Czech Republic",13.776516427181889,50.54140843476233
CZE,"Školní náměstí 177, 417 01 Dubí, Czech Republic",13.791342421337646,50.67884038234075
CZE,"Tovární 110/86, Bystřice, 417 02 Dubí, Czech Republic",13.804165727367689,50.66901654036204
CZE,"Teplická 793/13, 419 01 Duchcov, Czech Republic",13.745348655500152,50.60584594989467
CZE,"J. Pešaty 1313/11, 419 01 Duchcov, Czech Republic",13.742406356028482,50.612812275352326
CZE,"Školní náměstí 299, 417 52 Hostomice, Czech Republic",13.806205631143513,50.588640040060795
CZE,"Komenského 218, 417 04 Hrob, Czech Republic",13.721549331080894,50.656070439450474
CZE,"Světecká 285, 417 54 Kostomlaty pod Milešovkou, Czech Republic",13.863762064773482,50.56007958509031
CZE,"Teplická 400, 417 41 Krupka, Czech Republic",13.857867407546308,50.68229619911048
CZE,"Masarykova 461, Bohosudov, 417 42 Krupka, Czech Republic",13.876792152354852,50.68639029780701
CZE,"Vrchoslavská 88/30, 417 31 Novosedlice, Czech Republic",13.823994711890805,50.66095863965384
CZE,"Kpt. Jaroše 130/32, 417 12 Proboštov, Czech Republic",13.831430633473872,50.66597994447963
CZE,"Rtýňská 156, 417 63 Žalany, Czech Republic",13.907041518905686,50.59310331968268
CZE,"Karla Čapka 270, Maršov, 417 42 Krupka, Czech Republic",13.885628019406283,50.687374919973024
CZE,"Plynárenská 2953/6, 415 01 Teplice, Czech Republic",13.840162313468824,50.63497914030913
CZE,"Verdunská 2958, 415 01 Teplice, Czech Republic",13.816571111705429,50.62884132407086
CZE,"č.p. 86, 417 71 Zabrušany, Czech Republic",13.79049666000003,50.60796058600005
CZE,"Na Stínadlech 2386, 415 01 Teplice, Czech Republic",13.812064413825084,50.638898434414955
CZE,"Maxe Švabinského 1743/11, 415 01 Teplice, Czech Republic",13.818243217569886,50.638681175484635
CZE,"Sídliště Za Chlumem 824, Teplické Předměstí, 418 01 Bílina, Czech Republic",13.788679071603667,50.55375791180589
CZE,"Lidická 31/18, Mostecké Předměstí, 418 01 Bílina, Czech Republic",13.7701837316948,50.54843393645643
CZE,"Komenského náměstí 351, 417 23 Košťany, Czech Republic",13.750168417464096,50.65327377554647
CZE,"Hrdlovská 662, 417 05 Osek, Czech Republic",13.68816882077985,50.625940892205534
CZE,"Edisonova 1732, Trnovany, 415 01 Teplice, Czech Republic",13.841671223678475,50.65478100937548
CZE,"Muchova 228, 403 39 Chlumec, Czech Republic",13.936436098970688,50.69846028028917
CZE,"Hluboká 150, Neštěmice, 403 31 Ústí nad Labem, Czech Republic",14.103617432575504,50.673905453027174
CZE,"Tyršova 482/53, 400 04 Trmice, Czech Republic",14.003951155582428,50.64505142189799
CZE,"č.p. 8, 403 34 Velké Chvojno, Czech Republic",14.04143199400005,50.73299710400005
CZE,"č.p. 5, 403 37 Petrovice, Czech Republic",13.94848741900006,50.77688852500006
CZE,"Husova 349/19, Krásné Březno, 400 07 Ústí nad Labem, Czech Republic",14.078945216759536,50.66851878104197
CZE,"Karla IV. 1024/19, Střekov, 400 03 Ústí nad Labem, Czech Republic",14.05382993354175,50.64825921815273
CZE,"Vojnovičova 620/5, Bukov, 400 01 Ústí nad Labem, Czech Republic",14.003187648022163,50.68435441734471
CZE,"Mírová 2734/4, Severní Terasa, 400 11 Ústí nad Labem, Czech Republic",14.029215804314816,50.682996004206586
CZE,"Masarykova 559, 403 17 Chabařovice, Czech Republic",13.935817430697284,50.67821308070711
CZE,"č.p. 157, 403 35 Libouchec, Czech Republic",14.032863236000026,50.76226500300004
CZE,"Školní 87, 403 23 Velké Březno, Czech Republic",14.141806053995055,50.662556859041814
CZE,"Elišky Krásnohorské 3084/8, Ústí nad Labem-centrum, 400 11 Ústí nad Labem, Czech Republic",14.042772359234647,50.665489435505805
CZE,"Pod Vodojemem 323/3a, Všebořice, 400 10 Ústí nad Labem, Czech Republic",13.994712035169215,50.682112593521424
CZE,"Hlavní 193, Mojžíř, 403 31 Ústí nad Labem, Czech Republic",14.112234867230171,50.680227503497264
CZE,"SNP 2304/6, Ústí nad Labem-centrum, 400 11 Ústí nad Labem, Czech Republic",14.037416071648437,50.66987899628927
CZE,"Neštěmická 787/38, Krásné Březno, 400 07 Ústí nad Labem, Czech Republic",14.09386601024022,50.66758465984259
CZE,"Rabasova 3282/3, Severní Terasa, 400 11 Ústí nad Labem, Czech Republic",14.056350874740787,50.67277716504074
CZE,"Palachova 400/37, Klíše, 400 01 Ústí nad Labem, Czech Republic",14.022539450797495,50.66815228232562
CZE,"České mládeže 230/2, Klíše, 400 01 Ústí nad Labem, Czech Republic",14.023615351889106,50.6671990922965
CZE,"Jitřní 277, Brná, 403 21 Ústí nad Labem, Czech Republic",14.075431858224533,50.625256928906424
CZE,"Anežky České 702/17, Krásné Březno, 400 07 Ústí nad Labem, Czech Republic",14.071549695949784,50.67132785016267
CZE,"č.p. 100, 403 13 Řehlovice, Czech Republic",13.95150201100006,50.604415000000074
CZE,"Nová 1432/5, Střekov, 400 03 Ústí nad Labem, Czech Republic",14.062045204482075,50.65779627331429
CZE,"Stříbrnická 3031/4, Severní Terasa, 400 11 Ústí nad Labem, Czech Republic",14.04248234538477,50.67660727569677
CZE,"Vinařská 1016/6, Klíše, 400 01 Ústí nad Labem, Czech Republic",14.018471880824535,50.67729819597551
CZE,"č.p. 61, 403 27 Malečov, Czech Republic",14.12391045000004,50.59260500000005
CZE,"Školní náměstí 100/5, Předlice, 400 01 Ústí nad Labem, Czech Republic",13.994829297994642,50.65686621733795
CZE,"5. května 233/14, 403 32 Povrly, Czech Republic",14.15690647166079,50.67631328044288
CZE,"č.p. 189, 403 36 Tisá, Czech Republic",14.022251357000073,50.78907500000008
CZE,"č.p. 69, 582 22 Dlouhá Ves, Czech Republic",15.683020274394945,49.57475113124569
CZE,"Dobrnice 34, 584 01 Leština u Světlé, Czech Republic",15.38047188677848,49.76009326975796
CZE,"č.p. 8, 582 71 Dolní Krupá, Czech Republic",15.611317555000028,49.66051701100008
CZE,"č.p. 34, 582 34 Krásná Hora, Czech Republic",15.460159270000077,49.604321037000034
CZE,"č.p. 114, 582 73 Nová Ves u Chotěboře, Czech Republic",15.648097449000034,49.75070793200007
CZE,"č.p. 203, 582 31 Okrouhlice, Czech Republic",15.49594061700003,49.63002089200006
CZE,"č.p. 55, 582 44 Sázavka, Czech Republic",15.419244246000062,49.735325000000046
CZE,"Náměstí 97, 582 23 Havlíčkova Borová, Czech Republic",15.781593479114406,49.63592371420745
CZE,"č.p. 66, 582 57 Lípa, Czech Republic",15.537894545000029,49.55569500000007
CZE,"č.p. 61, 582 35 Lučice, Czech Republic",15.503963041000077,49.66365500000006
CZE,"č.p. 38, 582 55 Herálec, Czech Republic",15.44428920100006,49.52640500000007
CZE,"V Zahradách 18, 582 81 Habry, Czech Republic",15.48676464496495,49.756082780545626
CZE,"Štáflova 2004, 580 01 Havlíčkův Brod, Czech Republic",15.58018196168365,49.60942981746487
CZE,"V Sadech 560, 580 01 Havlíčkův Brod, Czech Republic",15.58263844604727,49.60660255961429
CZE,"Wolkerova 2941, 580 01 Havlíčkův Brod, Czech Republic",15.572803539956368,49.614190109825785
CZE,"Buttulova 74, 583 01 Chotěboř, Czech Republic",15.669403381491747,49.721132423598846
CZE,"Smetanova 745, 583 01 Chotěboř, Czech Republic",15.672768883254747,49.71801527762693
CZE,"Školní 440, 582 66 Krucemburk, Czech Republic",15.847433328557486,49.690934312385934
CZE,"Nádražní 780, 584 01 Ledeč nad Sázavou, Czech Republic",15.275729864498487,49.69625937738283
CZE,"Česká 31, 582 22 Přibyslav, Czech Republic",15.736989181366283,49.57778398393549
CZE,"Komenského 234, 582 91 Světlá nad Sázavou, Czech Republic",15.40490924166744,49.669360760445414
CZE,"Klášter 23, 582 83 Vilémov, Czech Republic",15.530293209259526,49.810581412078164
CZE,"Mírová 253, 582 82 Golčův Jeníkov, Czech Republic",15.477189661691511,49.81882543294637
CZE,"č.p. 300, 582 61 Česká Bělá, Czech Republic",15.693138528000077,49.65151000000003
CZE,"Konečná 1884, 580 01 Havlíčkův Brod, Czech Republic",15.59147188234678,49.60951895900513
CZE,"č.p. 77, 582 76 Maleč, Czech Republic",15.67369879100005,49.77264863400006
CZE,"č.p. 123, 582 24 Oudoleň, Czech Republic",15.759704979000048,49.664255000000026
CZE,"Nuselská 3240, 580 01 Havlíčkův Brod, Czech Republic",15.580990144787819,49.61539798398289
CZE,"č.p. 33, 582 91 Nová Ves u Světlé, Czech Republic",15.440863941200668,49.64858288870483
CZE,"č.p. 135, 582 33 Dolní Město, Czech Republic",15.371576512000047,49.62795500000004
CZE,"č.p. 14, 582 94 Hněvkovice, Czech Republic",15.207175000000063,49.691930856000056
CZE,"nám. Sv. Jiljí 11, 582 77 Libice nad Doubravou, Czech Republic",15.704700078677718,49.745655357719244
CZE,"č.p. 54, 582 72 Rozsochatec, Czech Republic",15.635110000000054,49.68510807400003
CZE,"č.p. 18, 582 41 Skuhrov, Czech Republic",15.520471257000054,49.68916500000006
CZE,"č.p. 215, 582 62 Sobíňov, Czech Republic",15.769625684000061,49.69849326100007
CZE,"č.p. 100, 582 56 Věž, Czech Republic",15.46399152600003,49.56447119200004
CZE,"č.p. 112, 582 45 Uhelná Příbram, Czech Republic",15.575240558000075,49.77114000000006
CZE,"Chrudimská 77, 582 63 Ždírec nad Doubravou, Czech Republic",15.814995866182727,49.69773492761783
CZE,"č.p. 1, 582 51 Šlapanov, Czech Republic",15.646031635000043,49.54681000000005
CZE,"č.p. 85, 582 52 Věžnice, Czech Republic",15.690063070000065,49.51796000000007
CZE,"č.p. 2, 582 93 Kožlí, Czech Republic",15.256425000000036,49.660427782000056
CZE,"č.p. 213, 582 32 Lipnice nad Sázavou, Czech Republic",15.410845100000074,49.61575000000005
CZE,"Štefánikova 566/26, Moravské Předměstí, 500 11 Hradec Králové, Czech Republic",15.837862033321471,50.185590107080344
CZE,"Milady Horákové 258/50, Třebeš, 500 06 Hradec Králové, Czech Republic",15.844569567518562,50.18490761061429
CZE,"Kozelkova 123, Chlumec nad Cidlinou IV, 503 51 Chlumec nad Cidlinou, Czech Republic",15.457982614384036,50.15641333076937
CZE,"Bezručova 1468/2, Pražské Předměstí, 500 02 Hradec Králové, Czech Republic",15.818795382892148,50.20362020945345
CZE,"Lužická 1208/12, 500 03 Hradec Králové, Czech Republic",15.847688054595011,50.21682627509199
CZE,"Pražská 2, 503 15 Nechanice, Czech Republic",15.632886279203404,50.23775374993576
CZE,"Karla IV. 209, 504 01 Nový Bydžov, Czech Republic",15.488876549289046,50.23930494684694
CZE,"V. Kl. Klicpery 561, 504 01 Nový Bydžov, Czech Republic",15.491564960913536,50.23914715751965
CZE,"Na stavě 1079, 503 46 Třebechovice pod Orebem, Czech Republic",15.996398858724348,50.198580925445356
CZE,"Lhotecká 39/75, Malšova Lhota, 500 09 Hradec Králové, Czech Republic",15.88496363530166,50.2085418534505
CZE,"č.p. 30, 503 13 Dohalice, Czech Republic",15.700385815000061,50.28717000000006
CZE,"č.p. 82, 503 65 Kosičky, Czech Republic",15.56131694800007,50.178585000000055
CZE,"č.p. 98, 503 24 Kratonohy, Czech Republic",15.607805000000042,50.16058022900006
CZE,"č.p. 142, 503 63 Nepolisy, Czech Republic",15.457680000000039,50.196606631000066
CZE,"č.p. 157, 504 01 Prasek, Czech Republic",15.553922911805547,50.23817357267888
CZE,"Lipová 32, 503 21 Stěžery, Czech Republic",15.749462207662617,50.21533836154981
CZE,"č.p. 1, 503 51 Nové Město, Czech Republic",15.49783426732774,50.150084342192784
CZE,"Mandysova 1434/1, Nový Hradec Králové, 500 12 Hradec Králové, Czech Republic",15.842509714813218,50.19444734798486
CZE,"Habrmanova 130/12, Pražské Předměstí, 500 02 Hradec Králové, Czech Republic",15.812482384877512,50.210848553204386
CZE,"Pražská třída 198/40, Kukleny, 500 04 Hradec Králové, Czech Republic",15.79794280035324,50.20729609309103
CZE,"Jiráskovo náměstí 1166/1, Pražské Předměstí, 500 02 Hradec Králové, Czech Republic",15.8107013980908,50.205903439878455
CZE,"Pešinova 146/4, Nový Hradec Králové, 500 08 Hradec Králové, Czech Republic",15.856309596382232,50.17736360438977
CZE,"Petra Jilemnického 420/6, Plotiště nad Labem, 503 01 Hradec Králové, Czech Republic",15.804325284345225,50.225378875725625
CZE,"K Sokolovně 452/13, Pouchov, 503 41 Hradec Králové, Czech Republic",15.841996407062737,50.22784751384884
CZE,"třída SNP 694/40, Slezské Předměstí, 500 03 Hradec Králové, Czech Republic",15.856276571683708,50.218984196064525
CZE,"Spojovací 66/54, Svobodné Dvory, 503 11 Hradec Králové, Czech Republic",15.779409909518165,50.22293915516835
CZE,"Štefcova 1092/1, Nový Hradec Králové, 500 09 Hradec Králové, Czech Republic",15.855356993086332,50.19966877074896
CZE,"Úprkova 1/27, Malšovice, 500 09 Hradec Králové, Czech Republic",15.854049332371943,50.20431079445606
CZE,"Jiráskova 206, 503 03 Smiřice, Czech Republic",15.864168887894692,50.29877408887202
CZE,"č.p. 119, 503 46 Librantice, Czech Republic",15.95826625755637,50.23535531121991
CZE,"Školní náměstí 6, Chrudim II, 537 01 Chrudim, Czech Republic",15.797119026909172,49.9504708917581
CZE,"Dr. Václava Peška 768, Chrudim III, 537 01 Chrudim, Czech Republic",15.793711028897064,49.94451936331788
CZE,"č.p. 21, 539 53 Horní Bradlo, Czech Republic",15.74243741500004,49.805602504000035
CZE,"č.p. 4, 539 55 Miřetice, Czech Republic",15.887850000000071,49.84141164400006
CZE,"č.p. 71, 539 44 Perálec, Czech Republic",16.06962114159637,49.825478855845205
CZE,"Žďárec u Skutče 8, 539 73 Skuteč, Czech Republic",15.988642832259018,49.82621299094811
CZE,"č.p. 44, 537 01 Rabštejnská Lhota, Czech Republic",15.763504063190124,49.90314149064785
CZE,"č.p. 237, 539 42 Svratouch, Czech Republic",16.043426502000045,49.727268294000055
CZE,"č.p. 4, 537 01 Tuněchody, Czech Republic",15.839850650049426,49.979564635562525
CZE,"č.p. 47, 539 45 Nové Hrady, Czech Republic",16.14671359700003,49.84884000000005
CZE,"náměstí Míru 1, 538 03 Heřmanův Městec, Czech Republic",15.667282508531258,49.94718996339813
CZE,"Resslova 603, 539 01 Hlinsko, Czech Republic",15.910709992009544,49.76147871453384
CZE,"Smetanova 403, 539 01 Hlinsko, Czech Republic",15.915097583045764,49.76741150942044
CZE,"Ležáků 1449, 539 01 Hlinsko, Czech Republic",15.91376268114604,49.76803017769382
CZE,"Nádražní 253, 538 62 Hrochův Týnec, Czech Republic",15.910047234925457,49.962147972528896
CZE,"U Stadionu 756, Chrudim III, 537 03 Chrudim, Czech Republic",15.799185166041923,49.941418017233445
CZE,"č.p. 38, 539 41 Kameničky, Czech Republic",15.976962319000052,49.733471844000064
CZE,"Chrudimská 57, 538 04 Prachovice, Czech Republic",15.62788152863638,49.892453495362986
CZE,"Chittussiho nám. 153, 538 42 Ronov nad Doubravou, Czech Republic",15.529618130777777,49.88842314104011
CZE,"Komenského nám. 150, 539 73 Skuteč, Czech Republic",15.993160594251549,49.84225000247463
CZE,"Smetanova 304, 539 73 Skuteč, Czech Republic",15.996626846490727,49.84596482005247
CZE,"T. G. Masaryka 136, 538 21 Slatiňany, Czech Republic",15.814749605867434,49.91724641058465
CZE,"Internátní 217, 538 43 Třemošnice, Czech Republic",15.571812379905879,49.866542434257696
CZE,"Dr. Jana Malíka 958, Chrudim II, 537 01 Chrudim, Czech Republic",15.805842157362889,49.947289959502996
CZE,"č.p. 71, 538 21 Orel, Czech Republic",15.841998400559302,49.91640518439837
CZE,"č.p. 16, 539 72 Raná, Czech Republic",15.95324447300004,49.79275615000006
CZE,"č.p. 34, 538 65 Řepníky, Czech Republic",16.08322473000004,49.90452000000005
CZE,"Čs. pionýrů 298, 538 07 Seč, Czech Republic",15.654151167559519,49.845110704118895
CZE,"Masarykovo náměstí 46, 538 03 Heřmanův Městec, Czech Republic",15.670016601528062,49.94627398901912
CZE,"Železnická 460, Holínské Předměstí, 506 01 Jičín, Czech Republic",15.353377300944828,50.43952011523746
CZE,"Komenského 555, 509 01 Nová Paka, Czech Republic",15.517431262655862,50.493231308876176
CZE,"Komenského 338, 508 01 Hořice, Czech Republic",15.632380263708711,50.36669503914504
CZE,"Komenského 95, 507 81 Lázně Bělohrad, Czech Republic",15.582831816553522,50.42711795793247
CZE,"č.p. 38, 507 82 Pecka, Czech Republic",15.610406632000036,50.47471500000006
CZE,"Husova 170, Valdické Předměstí, 506 01 Jičín, Czech Republic",15.359301797747293,50.43555723523514
CZE,"č.p. 5, 507 32 Běchary, Czech Republic",15.29132951388511,50.30234624985855
CZE,"č.p. 44, 507 31 Jičíněves, Czech Republic",15.343540860000076,50.37377410300007
CZE,"č.p. 33, 507 15 Libuň, Czech Republic",15.298962476000042,50.49985000000004
CZE,"č.p. 77, 506 01 Nemyčeves, Czech Republic",15.364982422077718,50.384262456323796
CZE,"č.p. 17, 506 01 Slatiny, Czech Republic",15.396403989159746,50.37858087172351
CZE,"Jičínská 30, 507 11 Valdice, Czech Republic",15.384983362343633,50.45495048652168
CZE,"Školní 315, 507 52 Ostroměř, Czech Republic",15.544839164030208,50.37576329446202
CZE,"K. H. Borovského 99, 507 03 Vysoké Veselí, Czech Republic",15.43636929031291,50.33100179411983
CZE,"Jablonského 865, 508 01 Hořice, Czech Republic",15.629425726658411,50.37010903021792
CZE,"17. listopadu 109, Staré Město, 506 01 Jičín, Czech Republic",15.351230360265475,50.43523553779127
CZE,"Tomáše Svobody 297, 507 32 Kopidlno, Czech Republic",15.265510983423098,50.33229235575175
CZE,"Husitská 1695, 509 01 Nová Paka, Czech Republic",15.517862092479078,50.48624105308497
CZE,"Jičínská 136, 507 43 Sobotka, Czech Republic",15.180740773296321,50.46809096376788
CZE,"Revoluční 355, 507 91 Stará Paka, Czech Republic",15.494386980074637,50.51103279484019
CZE,"Tyršova 336, 507 13 Železnice, Czech Republic",15.38702485868103,50.472698160667306
CZE,"Žižkova 866, 508 01 Hořice, Czech Republic",15.637540163303498,50.365824243224154
CZE,"č.p. 66, 509 01 Vidochov, Czech Republic",15.566754033829055,50.51011929698984
CZE,"č.p. 8, 508 01 Milovice u Hořic, Czech Republic",15.632187460708936,50.32838190269424
CZE,"č.p. 28, 508 01 Jeřice, Czech Republic",15.695580347594404,50.329810165719714
CZE,"Horní Adršpach 115, 549 52 Adršpach, Czech Republic",16.07909345816779,50.623086896083834
CZE,"č.p. 84, 552 03 Dolany, Czech Republic",15.94721521116268,50.375065016095476
CZE,"č.p. 57, 549 48 Studnice, Czech Republic",16.094360210000048,50.42006452700008
CZE,"Jaroměřská 73, 552 11 Velichovky, Czech Republic",15.842854881585964,50.35709340141952
CZE,"č.p. 73, 549 55 Žďár nad Metují, Czech Republic",16.209570000000042,50.54877436600003
CZE,"Náchodská 288, 549 22 Nový Hrádek, Czech Republic",16.24611503269807,50.358677623029195
CZE,"č.p. 103, 549 63 Machov, Czech Republic",16.261380346000067,50.49427000000003
CZE,"Zelená 153, 552 03 Česká Skalice, Czech Republic",16.044580804204827,50.393843017701926
CZE,"Náměstí 320, 549 32 Velké Poříčí, Czech Republic",16.189697615890623,50.461706635757224
CZE,"nám. Čs. armády 15, 549 31 Hronov, Czech Republic",16.182530921037568,50.479796752557064
CZE,"Na Ostrově 4/4, Pražské Předměstí, 551 01 Jaroměř, Czech Republic",15.919494310356441,50.353976045900026
CZE,"Husovo náměstí 352, Pražské Předměstí, 551 01 Jaroměř, Czech Republic",15.920249855108665,50.3521900718809
CZE,"Školní 236, 549 81 Meziměstí, Czech Republic",16.246432287733285,50.62788033887179
CZE,"Bartoňova 1005, 547 01 Náchod, Czech Republic",16.16564909748996,50.40912259854801
CZE,"Komenského 425, 547 01 Náchod, Czech Republic",16.159598201587613,50.413504154613946
CZE,"Komenského 15, 549 01 Nové Město nad Metují, Czech Republic",16.1501579154982,50.347227985201044
CZE,"Kostelní náměstí 244, 550 01 Broumov, Czech Republic",16.32989852518304,50.5857942582042
CZE,"Komenského 312, 550 01 Broumov, Czech Republic",16.33111079983931,50.58964310241382
CZE,"Na Babí 190, 549 54 Police nad Metují, Czech Republic",16.23661045741133,50.53651005054661
CZE,"Vodárenská 370, Josefov, 551 02 Jaroměř, Czech Republic",15.923178324440102,50.334281632832386
CZE,"Školní 1000, 549 01 Nové Město nad Metují, Czech Republic",16.144845046170445,50.356085812838785
CZE,"Příkopy 1186, 547 01 Náchod, Czech Republic",16.16267293512945,50.42462241390004
CZE,"č.p. 24, 549 62 Suchý Důl, Czech Republic",16.276568745000077,50.543070525000076
CZE,"Smetanova 1509, 535 01 Přelouč, Czech Republic",15.560216938872003,50.03519676161707
CZE,"č.p. 200, 533 71 Dolní Roveň, Czech Republic",16.001041695000026,50.02435000000003
CZE,"Sadová 416, 533 03 Dašice, Czech Republic",15.91579353246641,50.02655757592365
CZE,"Kotkova 1287, Bílé Předměstí, 530 03 Pardubice, Czech Republic",15.792530437834813,50.03831709271219
CZE,"Josefa Ressla 2258, Zelené Předměstí, 530 02 Pardubice, Czech Republic",15.754321867485686,50.024209343839544
CZE,"Komenského 118, 533 72 Moravany, Czech Republic",15.943316768828453,50.00036060810106
CZE,"č.p. 32, 533 43 Rohovládova Bělá, Czech Republic",15.605860000000064,50.10250285800004
CZE,"Masarykovo náměstí 45, 535 01 Přelouč, Czech Republic",15.561073569376532,50.03969537096083
CZE,"č.p. 72, 533 22 Býšť, Czech Republic",15.907824134000066,50.12920500000007
CZE,"Erno Košťála 870, Studánka, 530 12 Pardubice, Czech Republic",15.810743391425689,50.04334489351294
CZE,"Školní 748, Svítkov, 530 06 Pardubice, Czech Republic",15.734680302317571,50.02833701205827
CZE,"Trnovská 159, Ohrazenice, 533 53 Pardubice, Czech Republic",15.75894985150498,50.06057209338087
CZE,"Pod Zahradami 317, Studánka, 530 03 Pardubice, Czech Republic",15.802945874539631,50.03631712870501
CZE,"Družstevní 305, Polabiny, 530 09 Pardubice, Czech Republic",15.763314476126482,50.051474375674246
CZE,"č.p. 65, 533 11 Zdechovice, Czech Republic",15.468136240000035,50.01343268100004
CZE,"Jiráskova 664, 533 04 Sezemice, Czech Republic",15.856094935841895,50.06344356577071
CZE,"Lipoltická 245, 533 61 Choltice, Czech Republic",15.612056327803089,49.986100140952544
CZE,"č.p. 95, 533 15 Hlavečník, Czech Republic",15.425071915000046,50.071593895000035
CZE,"Kolářského 414, 533 74 Horní Jelení, Czech Republic",16.082319652700022,50.04570310006184
CZE,"Školní 247, 533 45 Opatovice nad Labem, Czech Republic",15.789102909988316,50.14765478677472
CZE,"Školní 143, 533 54 Rybitví, Czech Republic",15.7010743188211,50.05983247424467
CZE,"9. května 148, 533 12 Chvaletice, Czech Republic",15.413586187834653,50.034544942916625
CZE,"Benešovo náměstí 590, Zelené Předměstí, 530 02 Pardubice, Czech Republic",15.776041390270024,50.025443243805995
CZE,"npor. Eliáše 344, Polabiny, 530 09 Pardubice, Czech Republic",15.755546547358648,50.04421179184885
CZE,"č.p. 25, 530 02 Ostřešany, Czech Republic",15.804800478821159,49.98679039669171
CZE,"Valčíkova 52, 530 02 Mikulovice, Czech Republic",15.774854345142302,49.98976814560115
CZE,"K. Světlé 75, 533 45 Čeperka, Czech Republic",15.772629955677615,50.13384870259736
CZE,"Kyjevská 25, Pardubičky, 530 03 Pardubice, Czech Republic",15.790920190415761,50.02620725428042
CZE,"Bratranců Veverkových 866, Zelené Předměstí, 530 02 Pardubice, Czech Republic",15.772173058135508,50.03526993563179
CZE,"č.p. 44, 533 05 Dříteč, Czech Republic",15.820705177000036,50.10507490800006
CZE,"Holická 147, 533 75 Dolní Ředice, Czech Republic",15.924073344061185,50.077744224144965
CZE,"č.p. 45, 533 75 Horní Ředice, Czech Republic",15.955869840165985,50.078045779354845
CZE,"č.p. 46, 533 64 Lipoltice, Czech Republic",15.566533716000038,49.98580500000003
CZE,"č.p. 70, 534 01 Ostřetín, Czech Republic",16.055461107992343,50.026991536495025
CZE,"č.p. 102, 535 01 Semín, Czech Republic",15.52237407824249,50.05521560879771
CZE,"č.p. 41, 533 16 Vápno, Czech Republic",15.526729669000076,50.104500399000074
CZE,"č.p. 46, 533 42 Živanice, Czech Republic",15.643696559000034,50.05630357200005
CZE,"Holubova 47, 534 01 Holice, Czech Republic",15.988680215547191,50.0695792446237
CZE,"Školní 227, 533 13 Řečany nad Labem, Czech Republic",15.47442681876683,50.035463557595136
CZE,"Prodloužená 283, Polabiny, 530 09 Pardubice, Czech Republic",15.755534309780018,50.0493425224206
CZE,"Štefánikova 448, Zelené Předměstí, 530 02 Pardubice, Czech Republic",15.768769334894046,50.034643849374106
CZE,"nábřeží Závodu míru 1951, Zelené Předměstí, 530 02 Pardubice, Czech Republic",15.756758402919758,50.03703315278378
CZE,"č.p. 73, 533 04 Rokytno, Czech Republic",15.85713788320952,50.10018209738024
CZE,"Staňkova 128, Zelené Předměstí, 530 02 Pardubice, Czech Republic",15.76479824062659,50.02351620235643
CZE,"Obránců míru 40, 535 01 Břehy, Czech Republic",15.594980463196976,50.05822666923433
CZE,"Komenského 100, 534 01 Holice, Czech Republic",15.985366011031601,50.068185334125616
CZE,"Artura Krause 2344, Zelené Předměstí, 530 02 Pardubice, Czech Republic",15.757421662918034,50.021171071576504
CZE,"T. G. Masaryka 396, 517 24 Borohrádek, Czech Republic",16.096476770982378,50.09562512864156
CZE,"č.p. 21, 517 31 Bolehošť, Czech Republic",16.085868393000055,50.208120000000065
CZE,"č.p. 79, 517 21 Lípa nad Orlicí, Czech Republic",16.10047820466897,50.15860065763797
CZE,"č.p. 43, 516 03 Lukavice, Czech Republic",16.29971239100007,50.20205204700005
CZE,"č.p. 63, 517 36 Olešnice, Czech Republic",16.151940213000046,50.14790256200007
CZE,"č.p. 3, 518 03 Podbřezí, Czech Republic",16.205144768000025,50.259160000000065
CZE,"č.p. 96, 518 01 Pohoří, Czech Republic",16.095925872965278,50.288981394698524
CZE,"Komenského 209, 517 50 Častolovice, Czech Republic",16.183608582328816,50.13193917932546
CZE,"Školní 88, 517 43 Potštejn, Czech Republic",16.30764012984355,50.08365275342189
CZE,"č.p. 110, 517 93 Dobré, Czech Republic",16.260839927000063,50.26613702000003
CZE,"Javornická 1596, 516 01 Rychnov nad Kněžnou, Czech Republic",16.28294452851776,50.1634537941606
CZE,"Masarykova 563, 516 01 Rychnov nad Kněžnou, Czech Republic",16.278357280547908,50.1650396502414
CZE,"Jana Výravy 219, 517 71 České Meziříčí, Czech Republic",16.04628895225295,50.28712508747685
CZE,"Fr. Kupky 350, 518 01 Dobruška, Czech Republic",16.165422115551962,50.295445467483006
CZE,"Pulická 378, 518 01 Dobruška, Czech Republic",16.15060768842261,50.29503990909785
CZE,"Palackého náměstí 45, 517 41 Kostelec nad Orlicí, Czech Republic",16.21185006397397,50.122558320929556
CZE,"Nádražní 313, 517 73 Opočno, Czech Republic",16.113031700306124,50.26830448781527
CZE,"Dobrušská 81, 517 01 Solnice, Czech Republic",16.23661280434422,50.20521369306613
CZE,"Komenského 828, 517 21 Týniště nad Orlicí, Czech Republic",16.073659637977215,50.14936896979313
CZE,"Komenského 95, 517 54 Vamberk, Czech Republic",16.28806654191021,50.11727441107726
CZE,"č.p. 148, 517 23 Žďár nad Orlicí, Czech Republic",16.066505221000057,50.12234290300006
CZE,"č.p. 60, 517 55 Rybná nad Zdobnicí, Czech Republic",16.370628605000036,50.11770095300005
CZE,"č.p. 150, 512 37 Benecko, Czech Republic",15.558805000000064,50.66838219500005
CZE,"č.p. 193, 512 06 Benešov u Semil, Czech Republic",15.377514733000055,50.60996000000006
CZE,"č.p. 40, 512 13 Bozkov, Czech Republic",15.336540455000033,50.63807000000003
CZE,"č.p. 61, 511 01 Hrubá Skála, Czech Republic",15.209060229743407,50.54467994398239
CZE,"č.p. 191, 512 04 Mříčná, Czech Republic",15.460695033000036,50.60510000000005
CZE,"č.p. 250, 512 71 Nová Ves nad Popelkou, Czech Republic",15.41238058700003,50.521475000000066
CZE,"č.p. 47, 512 61 Přepeře, Czech Republic",15.111186910000072,50.58675500000004
CZE,"č.p. 102, 512 51 Stružinec, Czech Republic",15.315423365113231,50.555228185605614
CZE,"č.p. 74, 512 53 Tatobity, Czech Republic",15.276071565000052,50.57266500000003
CZE,"Mašov 56, 511 01 Turnov, Czech Republic",15.1469479571781,50.57265495442442
CZE,"č.p. 140, 512 41 Víchová nad Jizerou, Czech Republic",15.478420000000028,50.63640533900008
CZE,"č.p. 9, 512 65 Všeň, Czech Republic",15.104853095000067,50.558274520000055
CZE,"Dolní Rokytnice 172, 512 44 Rokytnice nad Jizerou, Czech Republic",15.45059514020133,50.729405512441616
CZE,"č.p. 128, 512 02 Košťálov, Czech Republic",15.391974933000029,50.56486000000007
CZE,"č.p. 236, 512 35 Čistá u Horek, Czech Republic",15.601690924000025,50.53486000000004
CZE,"č.p. 221, 512 12 Jesenný, Czech Republic",15.344322342000055,50.66552500000006
CZE,"Loukov 45, 513 01 Háje nad Jizerou, Czech Republic",15.407120303906083,50.61392698465565
CZE,"Nový Svět 77, 512 46 Harrachov, Czech Republic",15.41772408197528,50.78107793386144
CZE,"Školní náměstí 1000, 512 51 Lomnice nad Popelkou, Czech Republic",15.37415126123193,50.52931942535997
CZE,"č.p. 148, 512 42 Poniklá, Czech Republic",15.458181628000034,50.65801000000005
CZE,"č.p. 367, 512 33 Studenec, Czech Republic",15.542425559000037,50.55409000000003
CZE,"Náměstí Dr. Karla Kramáře 124, 512 11 Vysoké nad Jizerou, Czech Republic",15.401654464845393,50.68558006113656
CZE,"Jizerská 564, Podmoklice, 513 01 Semily, Czech Republic",15.327001882403636,50.61113044648019
CZE,"č.p. 68, 512 01 Slaná, Czech Republic",15.337646893000056,50.58368000000007
CZE,"č.p. 88, 511 01 Ohrazenice, Czech Republic",15.122730193891012,50.60061763437527
CZE,"č.p. 17, 512 03 Libštát, Czech Republic",15.42260830500004,50.557521724000026
CZE,"Revoluční 413, 512 63 Rovensko pod Troskami, Czech Republic",15.25785679708136,50.53877266148979
CZE,"28. října 18, 511 01 Turnov, Czech Republic",15.161246310528952,50.58784120277866
CZE,"Tyršova 485, 513 01 Semily, Czech Republic",15.334275530341216,50.60137139661302
CZE,"Bělá 31, 511 01 Mírová pod Kozákovem, Czech Republic",15.185695064806225,50.591981569580724
CZE,"č.p. 257, 512 36 Horní Branná, Czech Republic",15.560814041000071,50.59844000000004
CZE,"č.p. 28, 512 38 Vítkovice, Czech Republic",15.536000000000058,50.71831349300004
CZE,"Komenského 288, 514 01 Jilemnice, Czech Republic",15.50259428820695,50.609447486051096
CZE,"Jana Harracha 97, 514 01 Jilemnice, Czech Republic",15.503444129369882,50.60875254245883
CZE,"Nad Špejcharem 574, 513 01 Semily, Czech Republic",15.334851450908388,50.60586439008165
CZE,"Skálova 600, 511 01 Turnov, Czech Republic",15.159097022916711,50.59058564742588
CZE,"Žižkova 518, 511 01 Turnov, Czech Republic",15.161853411775951,50.59443377917373
CZE,"Kosmonautů 1641, 511 01 Turnov, Czech Republic",15.142075305405115,50.588775868801775
CZE,"Komenského 103, 514 01 Jilemnice, Czech Republic",15.503190995893988,50.60929774335088
CZE,"č.p. 138, 569 14 Vendolí, Czech Republic",16.416657115000078,49.74798000000004
CZE,"č.p. 118, 569 82 Pustá Kamenice, Czech Republic",16.095258271663695,49.741648080713965
CZE,"Zadní 125/50, Lačnov, 568 02 Svitavy, Czech Republic",16.475850425882186,49.777080914833164
CZE,"č.p. 119, 568 02 Opatovec, Czech Republic",16.477841628428717,49.800450974674874
CZE,"č.p. 17, 569 55 Janov, Czech Republic",16.378904111000054,49.837825000000066
CZE,"č.p. 260, 569 91 Jedlová, Czech Republic",16.319044016000078,49.66393915700007
CZE,"č.p. 198, 569 67 Osík, Czech Republic",16.283230079000077,49.84672500000005
CZE,"č.p. 248, 569 24 Kunčina, Czech Republic",16.611267283000075,49.79409500000003
CZE,"č.p. 178, 569 94 Telecí, Czech Republic",16.17186522700007,49.693490000000054
CZE,"č.p. 12, 569 57 Trstěnice, Czech Republic",16.34119465300006,49.78672815500005
CZE,"č.p. 80, 569 06 Vítějeves, Czech Republic",16.464186290000043,49.61218000000008
CZE,"č.p. 496, 569 01 Hradec nad Svitavou, Czech Republic",16.481885000000034,49.70771644900003
CZE,"Školní 24, 569 92 Bystré, Czech Republic",16.348661415441256,49.628304815678064
CZE,"č.p. 342, 569 61 Dolní Újezd, Czech Republic",16.25782054600006,49.816704094000045
CZE,"U Zámečku 784, 569 43 Jevíčko, Czech Republic",16.70756134982574,49.6318567728772
CZE,"Palackého 1351/35, Předměstí, 571 01 Moravská Třebová, Czech Republic",16.652258139407394,49.75859005924249
CZE,"Švermova 401, Dolní Předměstí, 572 01 Polička, Czech Republic",16.258402651296194,49.71764349831159
CZE,"č.p. 349, 569 71 Pomezí, Czech Republic",16.32792545600006,49.71338000000003
CZE,"č.p. 211, 569 07 Radiměř, Czech Republic",16.416185502000076,49.69787500000007
CZE,"nábř. Svobody 447, Horní Předměstí, 572 01 Polička, Czech Republic",16.265619553749275,49.71144030322853
CZE,"Moravské náměstí 15, 569 02 Březová nad Svitavou, Czech Republic",16.516891492771407,49.64595387673282
CZE,"č.p. 111, 569 82 Borová, Czech Republic",16.152097730000037,49.74075020400005
CZE,"Kostelní nám. 21/2, Město, 571 01 Moravská Třebová, Czech Republic",16.663450327079488,49.75661515712579
CZE,"T. G. Masaryka 35/27, Předměstí, 568 02 Svitavy, Czech Republic",16.462571395776507,49.75721882179249
CZE,"Riegrova 600/4, Předměstí, 568 02 Svitavy, Czech Republic",16.46284003577327,49.75975782599289
CZE,"náměstí Míru 38/73, Město, 568 02 Svitavy, Czech Republic",16.468069086069278,49.755849554089764
CZE,"Sokolovská 1638/1, Předměstí, 568 02 Svitavy, Czech Republic",16.459074549590724,49.75830993603836
CZE,"č.p. 100, 572 01 Široký Důl, Czech Republic",16.218922193089988,49.741888821059824
CZE,"č.p. 85, 570 01 Makov, Czech Republic",16.19173483992791,49.85867574983622
CZE,"č.p. 136, 569 65 Budislav, Czech Republic",16.16627500000004,49.79847385900007
CZE,"č.p. 135, 569 53 Cerekvice nad Loučnou, Czech Republic",16.216893351000067,49.899110000000064
CZE,"U Školek 1117, Litomyšl-Město, 570 01 Litomyšl, Czech Republic",16.30622484549238,49.87063443747843
CZE,"T. G. Masaryka 1145, Litomyšl-Město, 570 01 Litomyšl, Czech Republic",16.306207578771847,49.87148511683171
CZE,"Zámecká 496, Litomyšl-Město, 570 01 Litomyšl, Czech Republic",16.31519524208977,49.87052727484635
CZE,"č.p. 196, 569 82 Oldřiš, Czech Republic",16.192494478125806,49.72564177944016
CZE,"č.p. 56, 570 01 Vidlatá Seč, Czech Republic",16.209717690757728,49.8348074466893
CZE,"č.p. 27, 569 51 Morašice, Czech Republic",16.225850381000043,49.86679781600003
CZE,"Felberova 669/2, Lány, 568 02 Svitavy, Czech Republic",16.4740541840317,49.746750076183474
CZE,"9. května 1181, Litomyšl-Město, 570 01 Litomyšl, Czech Republic",16.307447848984708,49.86889049870376
CZE,"Horská 130, 543 71 Hostinné, Czech Republic",15.725968068337977,50.540497447615735
CZE,"Komenského 399, Horní Předměstí, 541 01 Trutnov, Czech Republic",15.899907311378001,50.559284477755085
CZE,"Mládežnická 536, Horní Staré Město, 541 02 Trutnov, Czech Republic",15.892664173567965,50.584089085731705
CZE,"Rudolfa Frimla 816, Střední Předměstí, 541 01 Trutnov, Czech Republic",15.907243236856175,50.56840055182968
CZE,"Komenského 151, 542 32 Úpice, Czech Republic",16.01706527919373,50.51167178922876
CZE,"Maxima Gorkého 38, Dolní Předměstí, 541 01 Trutnov, Czech Republic",15.917791862002474,50.5613789896301
CZE,"č.p. 407, 543 72 Rudník, Czech Republic",15.746579453000038,50.59226000000007
CZE,"Malá Ulička 89, 542 26 Horní Maršov, Czech Republic",15.822527006185851,50.657136910901016
CZE,"Školní 662, 542 33 Rtyně v Podkrkonoší, Czech Republic",16.07176113690798,50.50653091655417
CZE,"17. listopadu 178, 542 34 Malé Svatoňovice, Czech Republic",16.04348109850821,50.534348273898644
CZE,"č.p. 160, 542 23 Mladé Buky, Czech Republic",15.834820000000036,50.61780643700007
CZE,"Máchova 884, 544 01 Dvůr Králové nad Labem, Czech Republic",15.814411396074291,50.44413808288246
CZE,"Školní 1235, 544 01 Dvůr Králové nad Labem, Czech Republic",15.817307511259486,50.43310347499005
CZE,"Elišky Krásnohorské 2919, 544 01 Dvůr Králové nad Labem, Czech Republic",15.802411863488345,50.43689632808645
CZE,"č.p. 222, 543 41 Dolní Lánov, Czech Republic",15.661882828890354,50.59400549616646
CZE,"č.p. 66, 542 11 Chvaleč, Czech Republic",16.033493489000023,50.59253000000007
CZE,"č.p. 198, 542 35 Velké Svatoňovice, Czech Republic",16.023079035000023,50.53665071000006
CZE,"č.p. 193, 541 01 Vlčice, Czech Republic",15.821125792578739,50.569907864940504
CZE,"28. října 731, 544 01 Dvůr Králové nad Labem, Czech Republic",15.806017590596355,50.42231353485133
CZE,"Kostelní 560, 542 24 Svoboda nad Úpou, Czech Republic",15.814803501504855,50.62499834719347
CZE,"Náchodská 18, Poříčí, 541 03 Trutnov, Czech Republic",15.952137464635143,50.57503830668284
CZE,"Palackého 793, 542 32 Úpice, Czech Republic",16.025915479299584,50.50743071386006
CZE,"Nám. Míru 283, 543 01 Vrchlabí, Czech Republic",15.607667898576551,50.629825359503656
CZE,"V Domcích 488, Horní Předměstí, 541 01 Trutnov, Czech Republic",15.899314459366394,50.56462592937268
CZE,"č.p. 156, 544 55 Dubenec, Czech Republic",15.792247565000025,50.382130000000075
CZE,"Školní 1336, 543 01 Vrchlabí, Czech Republic",15.610828630444985,50.61456685914405
CZE,"Mentzlova 1, Voletiny, 541 01 Trutnov, Czech Republic",15.944090586129619,50.58054379214559
CZE,"Habrmanova 1500, 560 02 Česká Třebová, Czech Republic",16.44133081493962,49.90446015256666
CZE,"Nádražní 200, 560 02 Česká Třebová, Czech Republic",16.446283849164047,49.90030620708146
CZE,"Dobrovského 630, Žichlínské Předměstí, 563 01 Lanškroun, Czech Republic",16.616299858603753,49.91573942821273
CZE,"Mistra Choceňského 211, 565 01 Choceň, Czech Republic",16.221836850150424,50.0019621802503
CZE,"Sv. Čecha 1686, 565 01 Choceň, Czech Republic",16.215054381738895,50.001113638282334
CZE,"U Dvora 745, 561 51 Letohrad, Czech Republic",16.510089326887424,50.03384937068162
CZE,"Jamenská 555, 561 64 Jablonné nad Orlicí, Czech Republic",16.6038845836203,50.03164145165664
CZE,"č.p. 80, 565 44 Sruby, Czech Republic",16.173789207000027,49.99646000000007
CZE,"Komenského 269, 561 51 Letohrad, Czech Republic",16.494995614744255,50.03655224108908
CZE,"Jiráskova 317, Litomyšlské Předměstí, 566 01 Vysoké Mýto, Czech Republic",16.15441449738779,49.95084162333555
CZE,"Ústecká 160, Parník, 560 02 Česká Třebová, Czech Republic",16.43897164447185,49.91690350692576
CZE,"Moravská 647, 561 69 Králíky, Czech Republic",16.75917308626657,50.08243746128048
CZE,"28. října 581, 564 01 Žamberk, Czech Republic",16.464911874600176,50.084152147213075
CZE,"Javornického 2, Litomyšlské Předměstí, 566 01 Vysoké Mýto, Czech Republic",16.162422651500634,49.95061036662693
CZE,"Školní 75, Kerhartice, 562 04 Ústí nad Orlicí, Czech Republic",16.36864102276445,49.97036802115403
CZE,"č.p. 141, 561 85 Česká Rybná, Czech Republic",16.391826037000044,50.06952000000007
CZE,"Knířov 11, 566 01 Vysoké Mýto, Czech Republic",16.144581938229777,49.927013339440805
CZE,"č.p. 185, 561 68 Lichkov, Czech Republic",16.66695816300006,50.090805000000046
CZE,"č.p. 6, 561 23 Luková, Czech Republic",16.59901340482068,49.87214274891433
CZE,"č.p. 76, 561 22 Ostrov, Czech Republic",16.54005444200004,49.933350000000075
CZE,"č.p. 200, 561 25 Rudoltice, Czech Republic",16.55555778400003,49.90148500000004
CZE,"č.p. 87, 566 01 Tisová, Czech Republic",16.217906917253586,49.95476626156606
CZE,"č.p. 214, 561 24 Třebovice, Czech Republic",16.499665141000037,49.86562500000008
CZE,"Bohousová 73, 561 86 Záchlumí, Czech Republic",16.38171762990845,50.089623141144216
CZE,"č.p. 3, 565 43 Zámrsk, Czech Republic",16.122378601000037,49.98518918100007
CZE,"č.p. 65, 563 01 Žichlínek, Czech Republic",16.638592489292975,49.87724067952522
CZE,"B. Smetany 460, Žichlínské Předměstí, 563 01 Lanškroun, Czech Republic",16.608245101109247,49.90723238322289
CZE,"č.p. 253, 561 01 Hnátnice, Czech Republic",16.445692939000025,50.01438500000006
CZE,"č.p. 225, 561 15 Sopotnice, Czech Republic",16.35046632700005,50.05678500000005
CZE,"Komenského 11, 562 01 Ústí nad Orlicí, Czech Republic",16.392836978841956,49.97353524899739
CZE,"Bratří Čapků 1332, 562 06 Ústí nad Orlicí, Czech Republic",16.403452072480434,49.975412124756446
CZE,"Třebovská 147, Hylváty, 562 03 Ústí nad Orlicí, Czech Republic",16.405396841655204,49.95974437797429
CZE,"nám. A. Jiráska 139, Lanškroun-Vnitřní Město, 563 01 Lanškroun, Czech Republic",16.612617437081695,49.913416132290564
CZE,"Nádražní 743, 564 01 Žamberk, Czech Republic",16.462165627843774,50.079058045558185
CZE,"č.p. 4, 561 53 Dolní Čermná, Czech Republic",16.572645744000056,49.97760500000004
CZE,"č.p. 423, 561 02 Dolní Dobrouč, Czech Republic",16.504245000000026,49.97962218100008
CZE,"Horní Sloupnice 14, 565 53 Sloupnice, Czech Republic",16.31613208740771,49.92204785809017
CZE,"Dolní Libchavy 153, 561 16 Libchavy, Czech Republic",16.38884601946401,50.00528665259728
CZE,"č.p. 128, 561 56 Horní Čermná, Czech Republic",16.615110136000055,49.976275000000044
CZE,"č.p. 162, 561 41 Řetová, Czech Republic",16.371994975000064,49.951195736000045
CZE,"č.p. 390, 561 34 Výprachtice, Czech Republic",16.66528412100007,49.98398000000003
CZE,"č.p. 25, 561 23 Damníkov, Czech Republic",16.57112625900004,49.870340000000056
CZE,"č.p. 89, 566 01 Dobříkov, Czech Republic",16.119719791512626,50.00465510819407
CZE,"č.p. 80, 562 01 Velká Skrovnice, Czech Republic",16.33445355038428,50.021212565573975
CZE,"Dlouhá 279, 679 02 Ráječko, Czech Republic",16.642721126155323,49.39292483934804
CZE,"Komenského 902/5, 679 61 Letovice, Czech Republic",16.581706822189375,49.54407741760093
CZE,"č.p. 51, 679 23 Brumov, Czech Republic",16.430028384898417,49.46274588963824
CZE,"č.p. 66, 679 05 Bukovina, Czech Republic",16.769298611000067,49.300470000000075
CZE,"č.p. 97, 679 75 Černovice, Czech Republic",16.420835474000057,49.49338986400005
CZE,"č.p. 60, 679 61 Deštná, Czech Republic",16.56333777493021,49.60862289248294
CZE,"č.p. 60, 679 76 Drnovice, Czech Republic",16.537928657000066,49.468120000000056
CZE,"č.p. 124, 679 07 Kotvrdovice, Czech Republic",16.784169494000025,49.361785000000054
CZE,"č.p. 10, 679 03 Olomučany, Czech Republic",16.66588143900003,49.32766500000008
CZE,"č.p. 2, 679 73 Rozseč nad Kunštátem, Czech Republic",16.459460000000036,49.518027664000044
CZE,"č.p. 115, 679 06 Rudice, Czech Republic",16.722045190771382,49.3347871226208
CZE,"č.p. 133, 679 31 Sebranice, Czech Republic",16.57236922900006,49.49644500000005
CZE,"č.p. 101, 679 01 Skalice nad Svitavou, Czech Republic",16.603733794135525,49.48502257229642
CZE,"č.p. 13, 679 62 Sulíkov, Czech Republic",16.503747471024248,49.54584750777278
CZE,"č.p. 118, 679 35 Šebetov, Czech Republic",16.721882942000036,49.55233000000004
CZE,"Šebrov 112, 679 22 Šebrov-Kateřina, Czech Republic",16.602078032028885,49.32856519209619
CZE,"č.p. 33, 679 39 Úsobrno, Czech Republic",16.770199398000045,49.588029490000054
CZE,"č.p. 130, 679 36 Vanovice, Czech Republic",16.66209036400005,49.56743000000006
CZE,"č.p. 27, 679 33 Vísky, Czech Republic",16.622818323000047,49.53667000000007
CZE,"Molenburk 42, 679 13 Vysočany, Czech Republic",16.81342713386445,49.43232275984823
CZE,"Školní 125, 679 21 Bořitov, Czech Republic",16.591434104643497,49.42343563745891
CZE,"č.p. 217, 679 52 Žďárná, Czech Republic",16.773983625000028,49.46081066200003
CZE,"Komenského 324/4, 679 04 Adamov, Czech Republic",16.658819828489243,49.30068857469627
CZE,"č.p. 155, 679 53 Benešov, Czech Republic",16.78112177500003,49.51766173900006
CZE,"Dvorská 1415/26, 678 01 Blansko, Czech Republic",16.64971389651751,49.36597316496352
CZE,"Salmova 1940/17, 678 01 Blansko, Czech Republic",16.655175544626616,49.36621632397464
CZE,"Rodkovského 822/2, 678 01 Blansko, Czech Republic",16.64770198829831,49.362166104541245
CZE,"náměstí 9. května 953/8, 680 01 Boskovice, Czech Republic",16.6650747399149,49.48794221947338
CZE,"Strmá 308, 679 21 Černá Hora, Czech Republic",16.574696533649558,49.41375768250495
CZE,"Nad Rybníkem 401, 679 06 Jedovnice, Czech Republic",16.758849880080135,49.34220472785748
CZE,"č.p. 210, 679 34 Knínice, Czech Republic",16.705764487000067,49.53477802800006
CZE,"č.p. 240, 679 05 Křtiny, Czech Republic",16.748867052109873,49.31135430385641
CZE,"Brněnská 32, 679 72 Kunštát, Czech Republic",16.520938024167407,49.50575225497863
CZE,"č.p. 167, 679 15 Lipovec, Czech Republic",16.804706270000054,49.38687500000003
CZE,"č.p. 283, 679 22 Lipůvka, Czech Republic",16.579517254000052,49.346685000000036
CZE,"Tišnovská 362, 679 23 Lomnice, Czech Republic",16.40653124843098,49.401125064772145
CZE,"Zákostelí 360, 679 71 Lysice, Czech Republic",16.536060653876547,49.456408074803846
CZE,"Hliníky 108, 679 74 Olešnice, Czech Republic",16.424265762988597,49.55953930484108
CZE,"Školní 446, Rájec, 679 02 Rájec-Jestřebí, Czech Republic",16.6389870721097,49.40821921425322
CZE,"č.p. 200, 679 13 Sloup, Czech Republic",16.745094650532074,49.42930854978315
CZE,"Komenského 157, 679 32 Svitávka, Czech Republic",16.59787626778609,49.501902111574026
CZE,"Pod Strážnicí 499, 679 63 Velké Opatovice, Czech Republic",16.67002844469158,49.61258828621945
CZE,"č.p. 38, 679 01 Jabloňany, Czech Republic",16.611744199000043,49.469925000000046
CZE,"č.p. 35, 679 72 Nýrov, Czech Republic",16.549613016609374,49.52491788828982
CZE,"Erbenova 1237/13, 678 01 Blansko, Czech Republic",16.657118302144625,49.35848850261348
CZE,"č.p. 76, 679 01 Voděrady, Czech Republic",16.574561803257215,49.47309865930886
CZE,"č.p. 50, 679 05 Březina, Czech Republic",16.745230623210688,49.28288844746387
CZE,"Náves 91, 679 38 Cetkovice, Czech Republic",16.721886776723835,49.57837620730436
CZE,"Soukopovo náměstí 90, 679 11 Doubravice nad Svitavou, Czech Republic",16.62888947717329,49.434577240345334
CZE,"č.p. 142, 679 62 Křetín, Czech Republic",16.50692341100006,49.56302000000005
CZE,"Kotlářská 655/4, Veveří, 602 00 Brno, Czech Republic",16.597935611660574,49.205767293090815
CZE,"Horníkova 2170/1, Líšeň, 628 00 Brno, Czech Republic",16.678433314281705,49.21313934457169
CZE,"náměstí Míru 375/3, Stránice, 602 00 Brno, Czech Republic",16.579968499289805,49.2027216866625
CZE,"Merhautova 932/37, Černá Pole, 613 00 Brno, Czech Republic",16.624317400448177,49.205695082994964
CZE,"Jana Babáka 1960/1, Žabovřesky, 616 00 Brno, Czech Republic",16.589708019322586,49.2135239901084
CZE,"Masarova 2360/11, Líšeň, 628 00 Brno, Czech Republic",16.67546142669184,49.20516610108555
CZE,"Gajdošova 1282/3, Židenice, 615 00 Brno, Czech Republic",16.643823094965796,49.20197582300844
CZE,"Svážná 438/9, Nový Lískovec, 634 00 Brno, Czech Republic",16.553700955842487,49.174586613278166
CZE,"Bakalovo nábřeží 8/8, Štýřice, 639 00 Brno, Czech Republic",16.598803557734385,49.184955195144255
CZE,"Úvoz 423/55, Veveří, 602 00 Brno, Czech Republic",16.59254051586265,49.20353087559508
CZE,"náměstí 28. října 1902/22, Černá Pole, 602 00 Brno, Czech Republic",16.613968264597446,49.20238335114084
CZE,"Vejrostova 1066/1, Bystrc, 635 00 Brno, Czech Republic",16.514902131871736,49.218298615523764
CZE,"Heyrovského 611/32, Bystrc, 635 00 Brno, Czech Republic",16.526839722193245,49.22776178420884
CZE,"Chalabalova 575/2, Kohoutovice, 623 00 Brno, Czech Republic",16.541827738537364,49.19262744448736
CZE,"Labská 269/27, Starý Lískovec, 625 00 Brno, Czech Republic",16.559558229781487,49.17102191558621
CZE,"Řehořova 1020/3, Černovice, 618 00 Brno, Czech Republic",16.63543322898235,49.18403750247509
CZE,"Arménská 573/21, Bohunice, 625 00 Brno, Czech Republic",16.580338979410158,49.16775452399986
CZE,"Milénova 808/14, Lesná, 638 00 Brno, Czech Republic",16.62325725733453,49.22837219630759
CZE,"Blažkova 21/9, Lesná, 638 00 Brno, Czech Republic",16.626738429361353,49.23065856994626
CZE,"Krásného 3191/24, Židenice, 636 00 Brno, Czech Republic",16.65575657815475,49.19008014220282
CZE,"Mutěnická 4164/23, Židenice, 628 00 Brno, Czech Republic",16.660891918773245,49.20346675403579
CZE,"Přemyslovo náměstí 89/1, Slatina, 627 00 Brno, Czech Republic",16.68830652567013,49.176665911998896
CZE,"Horní 742/16, Štýřice, 639 00 Brno, Czech Republic",16.591318099103546,49.180083507290135
CZE,"Košinova 661/22, Královo Pole, 612 00 Brno, Czech Republic",16.598647319059182,49.22476169151474
CZE,"Herčíkova 2499/19, Královo Pole, 612 00 Brno, Czech Republic",16.584991019491554,49.23155342192928
CZE,"Novoměstská 1887/21, Řečkovice, 621 00 Brno, Czech Republic",16.587906999787265,49.24214806372399
CZE,"Jana Broskvy 388/3, Chrlice, 643 00 Brno, Czech Republic",16.655573936484558,49.13459076971495
CZE,"Pavlovská 576/16, Kohoutovice, 623 00 Brno, Czech Republic",16.52793884115664,49.190918877344075
CZE,"Holzova 1461/1, Líšeň, 628 00 Brno, Czech Republic",16.694660343553238,49.20204174667691
CZE,"Jihomoravské náměstí 1089/2, Slatina, 627 00 Brno, Czech Republic",16.6854582711521,49.1795892683694
CZE,"Slovanské náměstí 1218/2, Královo Pole, 612 00 Brno, Czech Republic",16.591865185923808,49.22385724225262
CZE,"Hroznová 65/1, Pisárky, 603 00 Brno, Czech Republic",16.57115886759533,49.19395819734501
CZE,"Husova 219/17, Brno-město, 602 00 Brno, Czech Republic",16.603657266406174,49.1959278607722
CZE,"Horácké náměstí 1493/13, Řečkovice, 621 00 Brno, Czech Republic",16.585150946204152,49.24893040640694
CZE,"Elišky Přemyslovny 497/10, Starý Lískovec, 625 00 Brno, Czech Republic",16.568039123233433,49.16445121595842
CZE,"Laštůvkova 920/77, Bystrc, 635 00 Brno, Czech Republic",16.523492912074317,49.21774813403272
CZE,"Novolíšeňská 2411/10, Líšeň, 628 00 Brno, Czech Republic",16.686762746743284,49.206204451250926
CZE,"Křídlovická 513/30b, Staré Brno, 603 00 Brno, Czech Republic",16.60075645735523,49.18719031344503
CZE,"Vedlejší 655/10, Bohunice, 625 00 Brno, Czech Republic",16.57161978845093,49.17101047428838
CZE,"Jasanová 647/2, Jundrov, 637 00 Brno, Czech Republic",16.553459305573938,49.20650209263269
CZE,"Kuldova 734/38, Zábrdovice, 615 00 Brno, Czech Republic",16.63248363725492,49.199807340837935
CZE,"Kamínky 368/5, Nový Lískovec, 634 00 Brno, Czech Republic",16.558808133266325,49.177559255239345
CZE,"náměstí Republiky 1536/10, Husovice, 614 00 Brno, Czech Republic",16.632269144352648,49.21161672995035
CZE,"Křenová 99/21, Trnitá, 602 00 Brno, Czech Republic",16.619311895509867,49.19222381393993
CZE,"Antonínská 550/3, Veveří, 602 00 Brno, Czech Republic",16.60540807834147,49.20240317434184
CZE,"Hamry 576/12, Maloměřice, 614 00 Brno, Czech Republic",16.643388577105185,49.22203028072698
CZE,"Otevřená 986/20a, Žebětín, 641 00 Brno, Czech Republic",16.48831515409441,49.2089856924531
CZE,"Kneslova 697/28, Černovice, 618 00 Brno, Czech Republic",16.642200274692016,49.18421209751824
CZE,"Pastviny 718/70, Komín, 624 00 Brno, Czech Republic",16.55819533232514,49.221112546148305
CZE,"Sirotkova 371/36, Žabovřesky, 616 00 Brno, Czech Republic",16.58222960149041,49.210239038434935
CZE,"Staňkova 327/14, Ponava, 602 00 Brno, Czech Republic",16.604182057364,49.21121154875084
CZE,"Zeiberlichova 72/49, Soběšice, 644 00 Brno, Czech Republic",16.62237170926406,49.25555278046781
CZE,"Blanenská 1/2, Jehnice, 621 00 Brno, Czech Republic",16.59579386776116,49.27049687563931
CZE,"Bednářova 496/28, Horní Heršpice, 619 00 Brno, Czech Republic",16.61182124009906,49.16241210846343
CZE,"Bosonožská 381/9, Starý Lískovec, 625 00 Brno, Czech Republic",16.554993026216977,49.166049309617875
CZE,"Tuháčkova 23/25, Komárov, 617 00 Brno, Czech Republic",16.62468586891177,49.177330052097005
CZE,"Kamenačky 3591/4, Židenice, 636 00 Brno, Czech Republic",16.650175404106335,49.19470770712695
CZE,"Hudcova 81/35, Medlánky, 621 00 Brno, Czech Republic",16.57773103405617,49.238698323834086
CZE,"Bosonožské náměstí 100/44, Bosonohy, 642 00 Brno, Czech Republic",16.530026605599573,49.175909906242
CZE,"Zemědělská 173/29, Černá Pole, 613 00 Brno, Czech Republic",16.622221757016234,49.212047559773566
CZE,"Měšťanská 459/21, Brněnské Ivanovice, 620 00 Brno, Czech Republic",16.66213235662417,49.15147221607691
CZE,"č.p. 19, 664 71 Chudčice, Czech Republic",16.454746646570737,49.29094143664401
CZE,"č.p. 146, 664 91 Ketkovice, Czech Republic",16.253367814300628,49.15615167641582
CZE,"Smetanova 547/2, 664 64 Dolní Kounice, Czech Republic",16.463739162526906,49.073445540421375
CZE,"Tyršova 1255/56, 664 34 Kuřim, Czech Republic",16.540397618217582,49.29774434738687
CZE,"Komenského 585/2, 664 47 Střelice, Czech Republic",16.492868455356387,49.151117661572584
CZE,"Masarykovo náměstí 1594/16, 664 51 Šlapanice, Czech Republic",16.728056276556117,49.16956677528543
CZE,"Smíškova 840, 666 01 Tišnov, Czech Republic",16.430166874281213,49.34638407050929
CZE,"nám. 28. října 1708, 666 01 Tišnov, Czech Republic",16.42327527349036,49.35080808091482
CZE,"Školní 284, 664 53 Újezd u Brna, Czech Republic",16.75402282586043,49.10432229242488
CZE,"Komenského 280, 664 84 Zbraslav, Czech Republic",16.28526656715445,49.22450575010129
CZE,"Nádražní 7, 664 08 Blažovice, Czech Republic",16.786522984870942,49.165658796748914
CZE,"Palackého 24, 664 61 Holasice, Czech Republic",16.607730955168478,49.07642446880993
CZE,"Blažovská 79, 664 51 Jiříkovice, Czech Republic",16.758788356910827,49.166492754205365
CZE,"Kuřimská 99, 664 34 Moravské Knínice, Czech Republic",16.501628382365055,49.2932998851376
CZE,"č.p. 113, 664 55 Moutnice, Czech Republic",16.726265858000033,49.04890500000005
CZE,"č.p. 23, 664 03 Podolí, Czech Republic",16.73161854800003,49.19222000000008
CZE,"Školní 63/9, 664 41 Popůvky, Czech Republic",16.489604206983756,49.177037230309594
CZE,"Školní 109, 664 58 Prace, Czech Republic",16.762808736768932,49.13861584343883
CZE,"Školní 80, 664 46 Radostice, Czech Republic",16.479100927933644,49.13135359488956
CZE,"Šafránka 54, 664 34 Rozdrojovice, Czech Republic",16.507588669894062,49.25504236447395
CZE,"Masarykovo náměstí 4, 664 59 Telnice, Czech Republic",16.71778810989008,49.10211143973382
CZE,"č.p. 20, 664 53 Žatčany, Czech Republic",16.75373879700004,49.09217000000007
CZE,"č.p. 118, 664 23 Čebín, Czech Republic",16.481692810000027,49.30887953000007
CZE,"Na Náměstí 48, 664 83 Domašov, Czech Republic",16.34356320665384,49.246107926241166
CZE,"Školní 230/34, Němčice, 664 91 Ivančice, Czech Republic",16.365648431873723,49.09341555046544
CZE,"Hlavní 102/32, 664 31 Lelekovice, Czech Republic",16.575527683168417,49.29023479078441
CZE,"Sokolská 81, 664 46 Silůvky, Czech Republic",16.46970724522589,49.10623110323502
CZE,"č.p. 71, 666 03 Sentice, Czech Republic",16.440319023240413,49.30747240841356
CZE,"Komenského 1097, 666 02 Předklášteří, Czech Republic",16.405890200476108,49.35209038637211
CZE,"Na Brněnce 545/1, 664 91 Ivančice, Czech Republic",16.371616766029803,49.10425838041317
CZE,"Za Kostelem 2, 664 63 Přísnotice, Czech Republic",16.613952590438515,49.003622401041724
CZE,"č.p. 139, 664 01 Babice nad Svitavou, Czech Republic",16.674545000000023,49.26208497500005
CZE,"Řeznovice 88, 664 91 Ivančice, Czech Republic",16.320710869655358,49.08520312937219
CZE,"Na Budínku 80, 664 51 Kobylnice, Czech Republic",16.733991334556606,49.13770904724379
CZE,"č.p. 59, 664 71 Lažánky, Czech Republic",16.392506832000038,49.27274500000004
CZE,"č.p. 12, 664 66 Medlov, Czech Republic",16.524425000000065,49.03315690200003
CZE,"č.p. 74, 664 64 Moravské Bránice, Czech Republic",16.430056599168747,49.08818132005673
CZE,"č.p. 18, 664 91 Nová Ves, Czech Republic",16.2974318956039,49.11406895158886
CZE,"č.p. 131, 664 64 Nové Bránice, Czech Republic",16.434289251727066,49.06920192148097
CZE,"Malé dráhy 66, 664 61 Opatovice, Czech Republic",16.640822960362215,49.07564457462897
CZE,"č.p. 100, 664 64 Pravlov, Czech Republic",16.48555997455091,49.05718696079543
CZE,"Hlavní 13, 664 46 Prštice, Czech Republic",16.471208779360722,49.11676682025043
CZE,"Hlavní 36, 664 61 Rajhradice, Czech Republic",16.63202506333218,49.09226245204559
CZE,"č.p. 152, 664 67 Syrovice, Czech Republic",16.545370992000073,49.07429002300006
CZE,"Školní 11/22, 664 41 Troubsko, Czech Republic",16.507952360672846,49.16997007055673
CZE,"č.p. 44, 664 81 Veverské Knínice, Czech Republic",16.412100000000066,49.21900724100004
CZE,"č.p. 134, 664 84 Zakřany, Czech Republic",16.323393985517097,49.17562755561366
CZE,"Školní 447, 664 63 Žabčice, Czech Republic",16.600408692192474,49.011989258700964
CZE,"Masarykova 167, 664 62 Hrušovany u Brna, Czech Republic",16.593954123833186,49.037640564626855
CZE,"Školní 36/10, 664 48 Moravany, Czech Republic",16.57669368971918,49.14431105327992
CZE,"nám. Osvobození 145, 664 82 Říčany, Czech Republic",16.39330158773498,49.214645949757966
CZE,"č.p. 42, 664 06 Viničné Šumice, Czech Republic",16.832581262812838,49.207886213402844
CZE,"č.p. 135, 664 01 Kanice, Czech Republic",16.694679442169228,49.23886255785371
CZE,"Ríšova 43, 664 81 Ostrovačice, Czech Republic",16.40995299276429,49.210669323434445
CZE,"Komenského 151, 664 01 Bílovice nad Svitavou, Czech Republic",16.673440968931402,49.24482448922694
CZE,"č.p. 277, 664 75 Deblín, Czech Republic",16.32618302800006,49.32243500000004
CZE,"Růžová 149/7, 664 91 Ivančice, Czech Republic",16.37972583825686,49.101804075344376
CZE,"Jungmannova 813/5, 664 34 Kuřim, Czech Republic",16.527519913635928,49.30382654969759
CZE,"č.p. 32, 664 57 Měnín, Czech Republic",16.693948715000033,49.075015000000064
CZE,"Benešova 332, 664 42 Modřice, Czech Republic",16.60777018247535,49.12917761091569
CZE,"Mokrá 352, 664 04 Mokrá-Horákov, Czech Republic",16.751801956795077,49.218753878594725
CZE,"Komenského 703/2, 664 44 Ořechov, Czech Republic",16.514299473033418,49.11156601696814
CZE,"Hlavní 850/43, 664 12 Oslavany, Czech Republic",16.334558360434386,49.123323396371376
CZE,"U školy 386, 664 07 Pozořice, Czech Republic",16.797076806797207,49.20632070824797
CZE,"Havlíčkova 452, 664 61 Rajhrad, Czech Republic",16.600543892290688,49.08407513475234
CZE,"Pod Zahrádkami 120, 665 01 Rosice, Czech Republic",16.389242315846133,49.180502770086974
CZE,"Masarykova 20, 664 52 Sokolnice, Czech Republic",16.721641270779827,49.11386462818547
CZE,"č.p. 305, 664 54 Těšany, Czech Republic",16.782210748000068,49.054035000000056
CZE,"náměstí Na Městečku 51, 664 71 Veverská Bítýška, Czech Republic",16.43704263327507,49.27596619318982
CZE,"U Školy 181, 664 84 Zastávka, Czech Republic",16.361521098931092,49.19333915188599
CZE,"J. A. Komenského 473, 664 11 Zbýšov, Czech Republic",16.345314521503326,49.15810230148867
CZE,"24. dubna 270, 664 43 Želešice, Czech Republic",16.574042242287675,49.11553266882689
CZE,"č.p. 69, 664 67 Bratčice, Czech Republic",16.523434847061477,49.067354582343825
CZE,"Nádražní 169, 667 01 Vojkovice, Czech Republic",16.600849496480464,49.054377423159025
CZE,"č.p. 85, 664 32 Vranov, Czech Republic",16.616109278000067,49.30642500000005
CZE,"č.p. 131, 664 07 Sivice, Czech Republic",16.78435513202491,49.20555914546945
CZE,"Školní 2/18, 664 49 Ostopovice, Czech Republic",16.543612078085374,49.16265380064149
CZE,"Komenského 127, 691 64 Nosislav, Czech Republic",16.657537648760496,49.012303496251036
CZE,"Brněnská 75, 664 02 Ochoz u Brna, Czech Republic",16.735883130103304,49.25312835688382
CZE,"č.p. 102, 664 84 Příbram na Moravě, Czech Republic",16.306188073000044,49.19370402800007
CZE,"č.p. 176, 664 05 Tvarožná, Czech Republic",16.761234484000056,49.19776500000006
CZE,"Komenského 19, 664 56 Blučina, Czech Republic",16.643836338372836,49.05473734208138
CZE,"Hlavní 71, 664 91 Neslovice, Czech Republic",16.387747319595775,49.14495134686351
CZE,"Školní 167, 664 24 Drásov, Czech Republic",16.476765813527976,49.330297815301606
CZE,"Tyršova 611, 667 01 Židlochovice, Czech Republic",16.610669566602752,49.036660049593394
CZE,"č.p. 113, 691 07 Němčičky, Czech Republic",16.830050364000044,48.93242500000008
CZE,"č.p. 101, 691 21 Sedlec, Czech Republic",16.71689298900003,48.78611500000005
CZE,"č.p. 57, 691 12 Boleradice, Czech Republic",16.812082366000027,48.965942760000075
CZE,"č.p. 140, 691 11 Brumovice, Czech Republic",16.89908680800005,48.96396500000003
CZE,"Dolní konec 239, 691 43 Hlohovec, Czech Republic",16.76402537001485,48.77722677717787
CZE,"č.p. 23, 691 73 Krumvíř, Czech Republic",16.918660126000077,48.98111000000006
CZE,"č.p. 217, 691 65 Křepice, Czech Republic",16.724224286000037,49.01128029900008
CZE,"č.p. 3, 691 82 Novosedly, Czech Republic",16.501659251000035,48.82880000000006
CZE,"Hlavní 85, 691 27 Popice, Czech Republic",16.664814146545154,48.92872326491806
CZE,"Stepní 279, 691 26 Pouzdřany, Czech Republic",16.63207007415224,48.94183168138463
CZE,"č.p. 24, 691 62 Uherčice, Czech Republic",16.653979801000048,48.96115824900005
CZE,"č.p. 239, 691 09 Vrbice, Czech Republic",16.89637570600007,48.89826865500004
CZE,"Školní 1589/16, 690 03 Břeclav, Czech Republic",16.886479694809054,48.77327827213949
CZE,"č.p. 112, 691 08 Bořetice, Czech Republic",16.855570508000028,48.91545000000008
CZE,"Nikolčická 531, 691 76 Šitbořice, Czech Republic",16.774712883296758,49.01319222944471
CZE,"Slovácká 2853/40, 690 02 Břeclav, Czech Republic",16.891042132345518,48.758664172496026
CZE,"Na Valtické 641/31a, Charvátská Nová Ves, 691 41 Břeclav, Czech Republic",16.854336185778635,48.75709755288301
CZE,"Kpt. Nálepky 186/7, Charvátská Nová Ves, 690 06 Břeclav, Czech Republic",16.847347941644188,48.763759112341205
CZE,"Komenského 60/2, Poštorná, 691 41 Břeclav, Czech Republic",16.866535626755336,48.75146742852007
CZE,"Kupkova 1020/1, 690 02 Břeclav, Czech Republic",16.88323430571856,48.76319563890024
CZE,"Školní 194, 691 81 Březí, Czech Republic",16.562828094029243,48.821517005014016
CZE,"Hlavní 82, 691 85 Dolní Dunajovice, Czech Republic",16.594202982538462,48.85400773438346
CZE,"Školní 84, 691 29 Dolní Věstonice, Czech Republic",16.644236490430416,48.886505001637374
CZE,"Svatoplukova 277/2, 691 83 Drnholec, Czech Republic",16.48644339129629,48.860104563115215
CZE,"Hlavní 94, 691 56 Hrušky, Czech Republic",16.9781198804165,48.79121365900673
CZE,"Komenského 163/2, 693 01 Hustopeče, Czech Republic",16.732032902879666,48.940002247197555
CZE,"Nádražní 175/4, 693 01 Hustopeče, Czech Republic",16.73480664227847,48.93819318103519
CZE,"Vinařská 719/29, 691 72 Klobouky u Brna, Czech Republic",16.866026845232597,48.997675189281665
CZE,"Masarykova 730/22, 691 51 Lanžhot, Czech Republic",16.9649419360631,48.72745532948872
CZE,"Břeclavská 510, 691 44 Lednice, Czech Republic",16.805649314450875,48.797241714222935
CZE,"Valtická 845/3, 692 01 Mikulov, Czech Republic",16.64373483352537,48.80169895887454
CZE,"Školní 396, 691 55 Moravská Nová Ves, Czech Republic",17.01647345769055,48.80504149422285
CZE,"Bílovská 78, 691 01 Moravský Žižkov, Czech Republic",16.92968245452721,48.8343966374334
CZE,"č.p. 79, 691 71 Nikolčice, Czech Republic",16.77379285300003,48.99082000000004
CZE,"Masarykovo nám. 230/23, 691 45 Podivín, Czech Republic",16.848534232400596,48.825527955231024
CZE,"Dlouhá 35, 691 23 Pohořelice, Czech Republic",16.524997882789478,48.97952543524073
CZE,"Horní 566, 691 03 Rakvice, Czech Republic",16.807322845238872,48.85803368820717
CZE,"Hlavní 41, 691 67 Šakvice, Czech Republic",16.71388784270448,48.89739095647698
CZE,"Kostická 600/98, 691 53 Tvrdonice, Czech Republic",16.984831186470018,48.75309925933979
CZE,"nám. Svobody 38, 691 42 Valtice, Czech Republic",16.754586508848973,48.74045515839964
CZE,"Fabian 1215, 691 02 Velké Bílovice, Czech Republic",16.888274595555032,48.85430986008342
CZE,"Školní 105, 691 63 Velké Němčice, Czech Republic",16.67393013680072,48.99146893480395
CZE,"Náměstí 9. května 46/2, 691 06 Velké Pavlovice, Czech Republic",16.81787876264093,48.90462244344158
CZE,"č.p. 3, 691 30 Vlasatice, Czech Republic",16.490771478000056,48.929905000000076
CZE,"Masarykova 178, 691 25 Vranovice, Czech Republic",16.60582985570926,48.96716925267464
CZE,"Školní 402, 691 05 Zaječí, Czech Republic",16.773684088501,48.871962231989926
CZE,"č.p. 49, 691 75 Borkovany, Czech Republic",16.825219195000045,49.03223000000003
CZE,"č.p. 123, 691 68 Starovičky, Czech Republic",16.769809663000046,48.91018546200007
CZE,"č.p. 73, 691 23 Ivaň, Czech Republic",16.585805729887888,48.935729290822614
CZE,"č.p. 46, 691 24 Přibice, Czech Republic",16.568740000000048,48.97112154000007
CZE,"Školní 221, 691 54 Týnec, Czech Republic",17.00976919243567,48.77759499418437
CZE,"č.p. 661, 691 10 Kobylí, Czech Republic",16.902861521000034,48.94179500000007
CZE,"Hraničářů 69/617e, 692 01 Mikulov, Czech Republic",16.631782323416218,48.80370726287538
CZE,"č.p. 18, 763 23 Sehradice, Czech Republic",17.827641809000056,49.15332500000005
CZE,"č.p. 68, 763 07 Hřivínův Újezd, Czech Republic",17.687914818161172,49.123606131215745
CZE,"č.p. 123, 763 61 Žlutava, Czech Republic",17.484531957309375,49.2015606057616
CZE,"č.p. 62, 763 41 Biskupice, Czech Republic",17.712615750899772,49.08166590373384
CZE,"Nová cesta 268, Štípa, 763 14 Zlín, Czech Republic",17.717834821770822,49.263165937393524
CZE,"Hlavní 19, 763 10 Hvozdná, Czech Republic",17.75183550908781,49.25000433775131
CZE,"č.p. 64, 760 01 Racková, Czech Republic",17.61793309877798,49.2706633838339
CZE,"č.p. 15, 760 01 Březnice, Czech Republic",17.67141635251148,49.182620658640815
CZE,"Hlavní 59, 763 26 Pozlovice, Czech Republic",17.768787740622088,49.128379611823874
CZE,"Univerzitní 2701, 760 01 Zlín, Czech Republic",17.666841250689174,49.22263071836096
CZE,"Křiby 4788, 760 05 Zlín, Czech Republic",17.663370556041315,49.24127739353165
CZE,"třída Svobody 868, Malenovice, 763 02 Zlín, Czech Republic",17.58784172944158,49.20572362337529
CZE,"Okružní 4685, 760 05 Zlín, Czech Republic",17.659626695168953,49.23476582823076
CZE,"č.p. 7, 763 41 Ludkovice, Czech Republic",17.717325000000073,49.104833341000074
CZE,"Školní 666, 763 26 Luhačovice, Czech Republic",17.75396954163628,49.1005896633028
CZE,"Hlavní 1160, Kvítkovice, 765 02 Otrokovice, Czech Republic",17.544425315011495,49.204028257729505
CZE,"č.p. 97, 763 21 Šanov, Czech Republic",17.909526685052935,49.03502545997361
CZE,"č.p. 124, 763 07 Velký Ořechov, Czech Republic",17.65901261600004,49.110505000000046
CZE,"č.p. 95, 763 23 Slopné, Czech Republic",17.84933589887975,49.16208616836361
CZE,"Jana Žižky 1355, 765 02 Otrokovice, Czech Republic",17.534621924876518,49.21134243216895
CZE,"č.p. 15, 763 13 Jasenná, Czech Republic",17.902057800000023,49.25981000000007
CZE,"M. Alše 558, Prštné, 761 73 Zlín, Czech Republic",17.633443808943696,49.21311105564848
CZE,"Komenského 298, 763 61 Napajedla, Czech Republic",17.516307717895273,49.172756550448355
CZE,"Dřevnická 1790, 760 01 Zlín, Czech Republic",17.697099166781214,49.22668835577866
CZE,"č.p. 65, 763 15 Neubuz, Czech Republic",17.832861817778124,49.26321117797712
CZE,"Školní 126, 763 61 Pohořelice, Czech Republic",17.534606669812746,49.1781952321428
CZE,"Školní 856, 766 01 Valašské Klobouky, Czech Republic",18.01371608768298,49.146446552661445
CZE,"č.p. 550, 763 63 Halenkovice, Czech Republic",17.455256039000062,49.176839984000026
CZE,"Komenského 268, 763 61 Napajedla, Czech Republic",17.515191751306503,49.17296940887951
CZE,"Školní 790, 763 12 Vizovice, Czech Republic",17.857673549027027,49.22105433383075
CZE,"Štítná nad Vláří 417, 763 33 Štítná nad Vláří-Popov, Czech Republic",17.979421195564527,49.06926561103634
CZE,"Štefánikova 2514, 760 01 Zlín, Czech Republic",17.667512473495464,49.22316016127502
CZE,"č.p. 221, 763 51 Bohuslavice u Zlína, Czech Republic",17.642719027000055,49.16290407000008
CZE,"č.p. 150, 763 01 Mysločovice, Czech Republic",17.569457296000053,49.25159931200005
CZE,"Školní 222, 763 15 Slušovice, Czech Republic",17.808901433743955,49.2494312251217
CZE,"Slovenská 3076, 760 01 Zlín, Czech Republic",17.681971340292108,49.221233706558706
CZE,"Masarykova 63, 763 62 Tlumačov, Czech Republic",17.495093540053404,49.25502182881115
CZE,"č.p. 193, 763 19 Kašava, Czech Republic",17.79096493963028,49.30078580023324
CZE,"Osvobození 8, 763 21 Slavičín, Czech Republic",17.883956682814272,49.08319243652895
CZE,"náměstí Míru 7, 763 16 Fryšták, Czech Republic",17.684704008365372,49.285600352699674
CZE,"č.p. 294, 763 32 Nedašov, Czech Republic",18.073907186000042,49.10783500000008
CZE,"č.p. 125, 763 45 Březůvky, Czech Republic",17.70329100200007,49.15421028500003
CZE,"č.p. 90, 763 45 Provodov, Czech Republic",17.746653859209047,49.1657364204144
CZE,"Havlíčkovo nábřeží 2567, 761 63 Zlín, Czech Republic",17.68267106156921,49.230196349895664
CZE,"č.p. 227, 763 25 Vysoké Pole, Czech Republic",17.93764562257386,49.18472326752201
CZE,"č.p. 252, 763 25 Újezd, Czech Republic",17.91556997600003,49.17888000000005
CZE,"č.p. 121, 763 12 Bratřejov, Czech Republic",17.914559610488176,49.21619229388345
CZE,"Zádveřice 357, 763 12 Zádveřice-Raková, Czech Republic",17.80420144917639,49.215760198056586
CZE,"č.p. 216, 763 64 Spytihněv, Czech Republic",17.484999561000052,49.14443000000006
CZE,"č.p. 80, 763 23 Dolní Lhota, Czech Republic",17.81083145138752,49.13123950442646
CZE,"č.p. 104, 763 25 Drnovice, Czech Republic",17.957382933343098,49.195710733689
CZE,"Pod Kaštany 32, 763 17 Lukov, Czech Republic",17.733837802770466,49.29077835720534
CZE,"č.p. 80, 763 15 Všemina, Czech Republic",17.872229227139574,49.28649058225283
CZE,"Havlíčkovo nábřeží 3114, 761 75 Zlín, Czech Republic",17.682067983635733,49.23048213088441
CZE,"Mánesova 908, 765 02 Otrokovice, Czech Republic",17.510918237972504,49.21704577245612
CZE,"Školní 403, 763 21 Slavičín, Czech Republic",17.879785512518026,49.09107737666511
CZE,"č.p. 242, 763 18 Trnava, Czech Republic",17.833773058000077,49.29346000000004
CZE,"č.p. 246, 763 24 Vlachovice, Czech Republic",17.93333160000003,49.12268000000006
CZE,"Komenského 78, Malenovice, 763 02 Zlín, Czech Republic",17.597571191190553,49.207277334857395
CZE,"č.p. 44, 763 15 Veselá, Czech Republic",17.777928607260833,49.24080366004128
CZE,"Kvítková 4338, 760 01 Zlín, Czech Republic",17.67539012137587,49.227812201356414
CZE,"č.p. 112, 763 02 Tečovice, Czech Republic",17.577857375112952,49.22145069513802
CZE,"č.p. 119, 696 39 Lovčice, Czech Republic",17.059435000000065,49.074596093000025
CZE,"č.p. 37, 696 47 Žeravice, Czech Republic",17.24001000000004,49.02132250900007
CZE,"Újezd 990/2, 697 01 Kyjov, Czech Republic",17.131255323594075,49.01012638072024
CZE,"Školní 800, 696 15 Čejkovice, Czech Republic",16.933799226271816,48.90422845208283
CZE,"č.p. 50, 696 48 Ježov, Czech Republic",17.21380874105317,49.019858118386715
CZE,"č.p. 321, 696 34 Žarošice, Czech Republic",16.96079000000003,49.04934794900004
CZE,"Vítězná 701, 696 02 Ratíškovice, Czech Republic",17.160979144815798,48.92523752475401
CZE,"Hutník 1456, 698 01 Veselí nad Moravou, Czech Republic",17.395208998301626,48.95291218019693
CZE,"Brněnská 777, 696 11 Mutěnice, Czech Republic",17.018080436167338,48.905980311756025
CZE,"Komenského 950, 696 42 Vracov, Czech Republic",17.20852725077819,48.9797054366114
CZE,"Sídliště U Vodojemu 1261/18, 697 01 Kyjov, Czech Republic",17.134419743499905,49.01149418158991
CZE,"Očovská 3835/1, 695 01 Hodonín, Czech Republic",17.13325851463398,48.84977445418471
CZE,"Vančurova 3423/2, 695 01 Hodonín, Czech Republic",17.13726011902898,48.86211894399585
CZE,"U Červených domků 3206/40, 695 01 Hodonín, Czech Republic",17.108425114819966,48.860544654941435
CZE,"Školní 283, 696 62 Strážnice, Czech Republic",17.30686189481378,48.89812315762887
CZE,"Olšovská 1428, 696 81 Bzenec, Czech Republic",17.27912156715948,48.97179438684685
CZE,"č.p. 1, 696 67 Radějov, Czech Republic",17.35046250000005,48.84675000000004
CZE,"č.p. 201, 696 14 Čejč, Czech Republic",16.954035330000067,48.94607000000008
CZE,"č.p. 256, 696 83 Domanín, Czech Republic",17.29210968800004,49.004534996000075
CZE,"č.p. 260, 696 74 Javorník, Czech Republic",17.54612556674884,48.8683077924489
CZE,"č.p. 148, 696 64 Kněždub, Czech Republic",17.398718562000056,48.87124929300006
CZE,"č.p. 3, 696 51 Kostelec, Czech Republic",17.153448638639357,49.02668372610321
CZE,"č.p. 72, 696 50 Moravany, Czech Republic",17.169681217875876,49.0594194800227
CZE,"č.p. 16, 696 31 Nechvalín, Czech Republic",17.078140862000055,49.04594481400005
CZE,"č.p. 281, 696 65 Petrov, Czech Republic",17.276557896000043,48.878505000000075
CZE,"č.p. 173, 696 16 Starý Poddvorov, Czech Republic",16.976613593053163,48.8741846027864
CZE,"č.p. 280, 697 01 Sobůlky, Czech Republic",17.091575243000023,49.01724000000007
CZE,"č.p. 29, 696 66 Sudoměřice, Czech Republic",17.260287899000048,48.86650000000003
CZE,"Na Dědině 41, 696 06 Vacenovice, Czech Republic",17.173944105009525,48.94591551224977
CZE,"č.p. 285, 696 41 Vlkoš, Czech Republic",17.16396628700005,48.99049500000007
CZE,"č.p. 357, 696 33 Archlebov, Czech Republic",17.005835000000047,49.043859661000056
CZE,"č.p. 650, 696 71 Blatnice pod Svatým Antonínkem, Czech Republic",17.47687091637371,48.94675003784428
CZE,"Farní 466, 696 35 Dambořice, Czech Republic",16.917868245820443,49.04494363304457
CZE,"Školní 195, 696 17 Dolní Bojanovice, Czech Republic",17.023988839715713,48.85718933719079
CZE,"Mírové nám. 2244/19, 695 01 Hodonín, Czech Republic",17.128882071529006,48.85684492478933
CZE,"č.p. 594, 696 12 Hovorany, Czech Republic",16.997240050000073,48.94815927600007
CZE,"č.p. 318, 696 63 Hroznová Lhota, Czech Republic",17.425766768000074,48.89538581100004
CZE,"č.p. 1, 696 73 Kuželov, Czech Republic",17.501131555454258,48.84915915091272
CZE,"č.p. 199, 696 72 Lipov, Czech Republic",17.462320000000034,48.91134891200005
CZE,"Velkomoravská 220/264, 696 18 Lužice, Czech Republic",17.06840798122269,48.83608626147549
CZE,"č.p. 555, 696 19 Mikulčice, Czech Republic",17.06087894800004,48.81777500000004
CZE,"Školní 375, 696 05 Milotice, Czech Republic",17.152359866142433,48.954653017667425
CZE,"Velkomoravská 168, 696 85 Moravský Písek, Czech Republic",17.332004000121742,48.98937526111928
CZE,"č.p. 222, 696 37 Nenkovice, Czech Republic",16.997204209000074,48.996050000000025
CZE,"č.p. 241, 696 74 Nová Lhota, Czech Republic",17.569040694000023,48.86985500000003
CZE,"č.p. 289, 696 21 Prušánky, Czech Republic",16.98893006800006,48.83938500000005
CZE,"Školní 742/50, 696 01 Rohatec, Czech Republic",17.18156576956696,48.87649495567962
CZE,"Příční 1365, 696 62 Strážnice, Czech Republic",17.312341647833733,48.900189380580656
CZE,"Hlavní 871/198, Mistřín, 696 04 Svatobořice-Mistřín, Czech Republic",17.084816059602815,48.97437622257246
CZE,"č.p. 521, 696 13 Šardice, Czech Republic",17.02138239900006,48.96825000000007
CZE,"č.p. 461, 696 74 Velká nad Veličkou, Czech Republic",17.523227201652578,48.88642180850013
CZE,"Hlavní 17, 696 61 Vnorovy, Czech Republic",17.34645767013842,48.92726493949408
CZE,"Městečko 18, 696 32 Ždánice, Czech Republic",17.02788256901684,49.066114727904136
CZE,"č.p. 36, 696 38 Strážovice, Czech Republic",17.043719250000038,49.00229586300003
CZE,"Bohuslavice 4177, 696 55 Kyjov, Czech Republic",17.123043321596015,49.049607282061885
CZE,"č.p. 90, 696 34 Uhřice, Czech Republic",16.95060416837269,49.0378201573746
CZE,"č.p. 132, 696 31 Bukovany, Czech Republic",17.09864887843661,49.03588711692702
CZE,"č.p. 52, 696 76 Louka, Czech Republic",17.493390000000034,48.917684991000044
CZE,"č.p. 39, 588 13 Brzkov, Czech Republic",15.729940437344007,49.52568155036218
CZE,"č.p. 86, 589 01 Hodice, Czech Republic",15.477981007044853,49.26289937298443
CZE,"č.p. 135, 588 52 Horní Dubenky, Czech Republic",15.328412582000055,49.26008000000007
CZE,"č.p. 197, 588 27 Jamné, Czech Republic",15.743977206563397,49.44897391664969
CZE,"č.p. 87, 588 61 Kostelec, Czech Republic",15.501445757000056,49.361140000000034
CZE,"č.p. 48, 589 01 Růžená, Czech Republic",15.424073714832879,49.26904845729234
CZE,"č.p. 26, 588 62 Urbanov, Czech Republic",15.521220460634144,49.21365992519923
CZE,"č.p. 94, 588 41 Vyskytná nad Jihlavou, Czech Republic",15.497193624000033,49.423145000000034
CZE,"č.p. 26, 588 45 Dolní Cerekev, Czech Republic",15.434814674000052,49.34099500000008
CZE,"č.p. 331, 588 21 Velký Beranov, Czech Republic",15.655852960164085,49.39262068115844
CZE,"č.p. 167, 588 31 Puklice, Czech Republic",15.642911139000034,49.36488209100003
CZE,"č.p. 86, 588 05 Dušejov, Czech Republic",15.432575000000043,49.41665774300003
CZE,"Školní 725, 588 32 Brtnice, Czech Republic",15.675414547173034,49.30948311896506
CZE,"Školní 177, 588 22 Luka nad Jihlavou, Czech Republic",15.70046470300315,49.37481624045168
CZE,"č.p. 171, 588 42 Větrný Jeníkov, Czech Republic",15.451283187897928,49.4861427382097
CZE,"Masarykova 141, Telč-Podolí, 588 56 Telč, Czech Republic",15.461035554977627,49.18271865191997
CZE,"Hradecká 234, Telč-Staré Město, 588 56 Telč, Czech Republic",15.44966843698623,49.18258118870787
CZE,"Březinova 193, 588 65 Nová Říše, Czech Republic",15.558821687269415,49.1420092150299
CZE,"Polenská 162/4, 588 12 Dobronín, Czech Republic",15.652373784991141,49.47795983379612
CZE,"č.p. 402, 588 23 Kamenice, Czech Republic",15.77381549100005,49.36548114200008
CZE,"Havlíčkova 234/71, 586 01 Jihlava, Czech Republic",15.591279350030845,49.40895703128024
CZE,"Kollárova 2713/30, 586 01 Jihlava, Czech Republic",15.593792663697997,49.41517388886547
CZE,"Seifertova 1426/5, 586 01 Jihlava, Czech Republic",15.58411357718711,49.39373038215271
CZE,"č.p. 55, 588 21 Kozlov, Czech Republic",15.689189036000073,49.41190000000006
CZE,"Křížová 1367/33, 586 01 Jihlava, Czech Republic",15.59033286552426,49.398879888187565
CZE,"č.p. 116, 588 51 Cejle, Czech Republic",15.436574109120683,49.36991915198812
CZE,"č.p. 100, 588 33 Pavlov, Czech Republic",15.556851179287793,49.24154420923579
CZE,"Demlova 4178/32, 586 01 Jihlava, Czech Republic",15.607482323240248,49.40232279682641
CZE,"Demlova 4765/34, 586 01 Jihlava, Czech Republic",15.608337277364143,49.40204979823997
CZE,"Evžena Rošického 2591/2, 586 01 Jihlava, Czech Republic",15.573641143540698,49.40103864735042
CZE,"Nad Plovárnou 4494/5, 586 01 Jihlava, Czech Republic",15.600386120192894,49.388391361287034
CZE,"Žižkova 2048/50, 586 01 Jihlava, Czech Republic",15.578424276587754,49.3943886549186
CZE,"Poděbradova 79, 588 13 Polná, Czech Republic",15.717587590086083,49.48696405137281
CZE,"Josefa Hory 1050/31, 589 01 Třešť, Czech Republic",15.474847925582367,49.28680923268516
CZE,"Jungmannova 3298/6, 586 01 Jihlava, Czech Republic",15.592699244428758,49.41866608309496
CZE,"č.p. 57, 768 61 Slavkov pod Hostýnem, Czech Republic",17.677851447291943,49.37550002850562
CZE,"č.p. 39, 769 01 Rymice, Czech Republic",17.528683651642012,49.34780217663992
CZE,"č.p. 148, 768 03 Roštín, Czech Republic",17.30316519300004,49.18682000000007
CZE,"č.p. 107, 767 01 Kostelany, Czech Republic",17.385385000000042,49.22552324600008
CZE,"č.p. 82, 768 23 Žalkovice, Czech Republic",17.44859669282408,49.36800409887772
CZE,"č.p. 31, 768 12 Rataje, Czech Republic",17.328521049000074,49.270560000000046
CZE,"č.p. 90, 768 52 Ludslavice, Czech Republic",17.54458987000004,49.285240000000044
CZE,"Počenice 34, 768 33 Počenice-Tetětice, Czech Republic",17.23088136745193,49.27236386075259
CZE,"Hlavní 77, 768 42 Prusinovice, Czech Republic",17.58714862986801,49.37888456479595
CZE,"Švabinského nábřeží 2077/27, 767 01 Kroměříž, Czech Republic",17.40362862004136,49.30002741017381
CZE,"č.p. 70, 769 01 Martinice, Czech Republic",17.606727037415514,49.30719147610552
CZE,"č.p. 119, 768 75 Loukov, Czech Republic",17.724769570000035,49.41077000000007
CZE,"č.p. 203, 768 41 Rusava, Czech Republic",17.713422387000037,49.34611000000007
CZE,"Školní 633, 768 72 Chvalčov, Czech Republic",17.70350612593046,49.39408137434819
CZE,"č.p. 165, 767 01 Bezměrov, Czech Republic",17.332118214994374,49.32392300323455
CZE,"č.p. 61, 768 23 Břest, Czech Republic",17.443789295000045,49.357480000000066
CZE,"Nádražní 56, 768 61 Bystřice pod Hostýnem, Czech Republic",17.669724290105393,49.399565276410215
CZE,"Pod Zábřehem 1100, 768 61 Bystřice pod Hostýnem, Czech Republic",17.68061129268287,49.40215448821064
CZE,"Smetanovy sady 625/4, 769 01 Holešov, Czech Republic",17.57898306361352,49.33033125909526
CZE,"Smetanovy sady 630/8, 769 01 Holešov, Czech Republic",17.580707891648956,49.33083589157593
CZE,"Družby 329, Všetuly, 769 01 Holešov, Czech Republic",17.563495234383026,49.32929098109216
CZE,"Nábřeží 938, 768 24 Hulín, Czech Republic",17.471556904479655,49.31822913201444
CZE,"Komenského 335, 768 11 Chropyně, Czech Republic",17.366566442589544,49.35688148222718
CZE,"Masarykova 161, 768 05 Koryčany, Czech Republic",17.165518867394667,49.10940126474452
CZE,"č.p. 191, 768 43 Kostelec u Holešova, Czech Republic",17.539527875000033,49.37788829100003
CZE,"Komenského náměstí 440/2, 767 01 Kroměříž, Czech Republic",17.397261977846398,49.29901190069458
CZE,"U Sýpek 1462/2, 767 01 Kroměříž, Czech Republic",17.385007551584863,49.2991338992953
CZE,"Velké náměstí 49/43, 767 01 Kroměříž, Czech Republic",17.39430886571961,49.29904383574569
CZE,"Zeyerova 3354/2, 767 01 Kroměříž, Czech Republic",17.397353340590996,49.28998048384207
CZE,"Mánesova 3861/5, 767 01 Kroměříž, Czech Republic",17.40382333165212,49.294614041826975
CZE,"Husova 642, 768 21 Kvasice, Czech Republic",17.47373871387623,49.23971089964718
CZE,"č.p. 165, 768 13 Litenčice, Czech Republic",17.209482370000046,49.20092331800004
CZE,"17. listopadu 416, Morkovice, 768 33 Morkovice-Slížany, Czech Republic",17.21185461488173,49.24609271308691
CZE,"Koryčanská 47, 768 04 Střílky, Czech Republic",17.214090152277663,49.13971642923528
CZE,"č.p. 188, 768 71 Rajnochovice, Czech Republic",17.808952818000023,49.39852155600005
CZE,"Sokolská 211, 768 32 Zborovice, Czech Republic",17.28258547246577,49.24771591054636
CZE,"č.p. 59, 768 02 Zdounky, Czech Republic",17.33007854300007,49.20931389400005
CZE,"č.p. 121, 768 61 Vítonice, Czech Republic",17.690050210501823,49.446742016163014
CZE,"č.p. 108, 769 01 Přílepy, Czech Republic",17.623781589496573,49.31747493849986
CZE,"č.p. 148, 768 24 Pravčice, Czech Republic",17.49130192667,49.32551896886899
CZE,"Albertova 4062/8, 767 01 Kroměříž, Czech Republic",17.38496187021255,49.291027551186744
CZE,"č.p. 53, 769 01 Žeranovice, Czech Republic",17.603999534695763,49.29158675161873
CZE,"č.p. 107, 798 09 Vřesovice, Czech Republic",17.148239486000023,49.40615124000004
CZE,"č.p. 21, 798 57 Laškov, Czech Republic",16.987145030000022,49.58908000000008
CZE,"č.p. 1, 798 05 Myslejovice, Czech Republic",17.032277804000046,49.408840000000055
CZE,"č.p. 37, 798 21 Hrubčice, Czech Republic",17.18771863405039,49.43970720186475
CZE,"č.p. 84, 798 55 Hvozd, Czech Republic",16.88989614144187,49.65554242915677
CZE,"č.p. 178, 798 54 Kladky, Czech Republic",16.827315976000023,49.64395666400003
CZE,"č.p. 55, 798 03 Krumsín, Czech Republic",17.00675457945111,49.44528080688019
CZE,"č.p. 25, 798 62 Rozstání, Czech Republic",16.85326500000002,49.40206752000006
CZE,"Majakovského 131/1, Vrahovice, 798 11 Prostějov, Czech Republic",17.148206884576098,49.481014953684536
CZE,"č.p. 243, 798 02 Mostkovice, Czech Republic",17.04837111300003,49.47471500000006
CZE,"Komenského 5, 798 58 Čechy pod Kosířem, Czech Republic",17.037721163145136,49.551110295369796
CZE,"Zákostelí 59, 798 12 Kralice na Hané, Czech Republic",17.179503318471603,49.46427742460011
CZE,"č.p. 1, 798 27 Vrchoslavice, Czech Republic",17.22950315559257,49.33313759079674
CZE,"U Sokolovny 275, 798 16 Čelechovice na Hané, Czech Republic",17.09995260327122,49.51268983050841
CZE,"Palackého 152/14, 796 01 Prostějov, Czech Republic",17.107660852888444,49.470841795890976
CZE,"sídl. Svobody 3578/79, 796 01 Prostějov, Czech Republic",17.095892409373022,49.46952734583502
CZE,"Edvarda Valenty 3970/52, 796 03 Prostějov, Czech Republic",17.11287598922516,49.48038367064689
CZE,"Dr. Horáka 2611/24, 796 01 Prostějov, Czech Republic",17.10748642548336,49.46473897409845
CZE,"Kollárova 2596/4, 796 01 Prostějov, Czech Republic",17.118872989490114,49.473394085407904
CZE,"Komenského 86, 798 21 Bedihošť, Czech Republic",17.165508473834734,49.4503358469579
CZE,"č.p. 19, 798 56 Bohuslavice, Czech Republic",16.95406474200007,49.62283000000008
CZE,"č.p. 265, 798 46 Brodek u Konice, Czech Republic",16.82675884500003,49.55457098800008
CZE,"Císařská 65, 798 07 Brodek u Prostějova, Czech Republic",17.09045490114505,49.370502619710976
CZE,"č.p. 133, 798 61 Drahany, Czech Republic",16.894509524494108,49.433432389802405
CZE,"č.p. 300, 798 47 Horní Štěpánov, Czech Republic",16.781821028000024,49.55945421500007
CZE,"č.p. 231, 798 23 Klenovice na Hané, Czech Republic",17.218950000000063,49.40095760500003
CZE,"Sportovní 850, 798 41 Kostelec na Hané, Czech Republic",17.062726559612315,49.51554391044917
CZE,"Tyršova 360, 798 27 Němčice nad Hanou, Czech Republic",17.209271982875322,49.34467923331292
CZE,"č.p. 3, 798 14 Olšany u Prostějova, Czech Republic",17.154001521000055,49.53451000000007
CZE,"č.p. 117, 798 06 Otaslavice, Czech Republic",17.063277863000053,49.38825500000007
CZE,"Rudé armády 300, 798 03 Plumlov, Czech Republic",17.016550906475885,49.46521330599916
CZE,"Školní 292, 798 48 Protivanov, Czech Republic",16.834622033329026,49.479965958502135
CZE,"č.p. 157, 798 43 Ptení, Czech Republic",16.97163338000007,49.50895500000007
CZE,"č.p. 400, 798 04 Určice, Czech Republic",17.075983353000026,49.42731426800003
CZE,"č.p. 83, 798 13 Vrbátky, Czech Republic",17.18931563700005,49.502725000000055
CZE,"Melantrichova 4082/60, 796 01 Prostějov, Czech Republic",17.095367199320037,49.4747582401497
CZE,"č.p. 170, 798 24 Pivín, Czech Republic",17.182612763000066,49.391050506000056
CZE,"1. máje 234, 798 26 Nezamyslice, Czech Republic",17.172973396802774,49.32760714056326
CZE,"F. B. Zvěřiny 221, 675 55 Hrotovice, Czech Republic",16.058802211684537,49.107582140298376
CZE,"č.p. 131, 675 57 Rouchovany, Czech Republic",16.074981784000045,49.06313000000006
CZE,"Havlíčkova 933, 676 02 Moravské Budějovice, Czech Republic",15.804850410579178,49.05244300563467
CZE,"nám. Svobody 903, 676 02 Moravské Budějovice, Czech Republic",15.811065675602777,49.05226266898785
CZE,"náměstí Svobody 88, 675 31 Jemnice, Czech Republic",15.569796699830249,49.01933113533042
CZE,"č.p. 144, 675 54 Dalešice, Czech Republic",16.089348092000023,49.12803500000007
CZE,"č.p. 54, 675 32 Třebelovice, Czech Republic",15.646335000000022,49.02490625900003
CZE,"č.p. 75, 674 01 Trnava, Czech Republic",15.926907064545787,49.26017751087983
CZE,"č.p. 159, 675 45 Šebkovice, Czech Republic",15.809739272000058,49.127320000000054
CZE,"č.p. 123, 675 02 Studenec, Czech Republic",16.054308328000047,49.20017761200006
CZE,"č.p. 15, 675 25 Rokytnice nad Rokytnou, Czech Republic",15.773709083000028,49.18053000000003
CZE,"Školní 69, 675 73 Rapotice, Czech Republic",16.2541136314413,49.19068439360274
CZE,"č.p. 1, 675 71 Pyšel, Czech Republic",16.09197866937351,49.26521857660769
CZE,"č.p. 68, 675 28 Opatov, Czech Republic",15.659184726000035,49.22738500000003
CZE,"č.p. 67, 675 32 Mladoňovice, Czech Republic",15.64781640794145,48.99815817669926
CZE,"č.p. 32, 676 02 Lukov, Czech Republic",15.82384357289393,49.07297978952373
CZE,"č.p. 98, 675 44 Litohoř, Czech Republic",15.765642223410302,49.0670252815851
CZE,"č.p. 1, 675 44 Lesonice, Czech Republic",15.740205811000067,49.109780898000054
CZE,"Martinská 52, 675 73 Kralice nad Oslavou, Czech Republic",16.201816758234912,49.199868025816926
CZE,"č.p. 82, 675 08 Kouty, Czech Republic",15.79725219200003,49.310565000000054
CZE,"č.p. 72, 675 02 Koněšín, Czech Republic",16.030965831390738,49.19681783713902
CZE,"č.p. 131, 675 23 Kojetice, Czech Republic",15.817870000000028,49.15261065400006
CZE,"č.p. 130, 675 44 Jakubov u Moravských Budějovic, Czech Republic",15.756670299278944,49.08557067787912
CZE,"č.p. 64, 675 56 Dukovany, Czech Republic",16.173360135000053,49.09041000000008
CZE,"č.p. 42, 675 52 Dolní Vilémovice, Czech Republic",15.95995847100005,49.14829000000003
CZE,"č.p. 105, 675 33 Dešov, Czech Republic",15.712681404000023,48.97511000000003
CZE,"č.p. 69, 675 51 Blatnice, Czech Republic",15.870423832905438,49.06063432957086
CZE,"č.p. 32, 675 06 Benetice, Czech Republic",15.860568354000065,49.30256000000003
CZE,"č.p. 5, 675 41 Nové Syrovice, Czech Republic",15.760965894000037,49.01244813200003
CZE,"Jakubské náměstí 56, 675 22 Stařeč, Czech Republic",15.826327277266586,49.196963361090496
CZE,"č.p. 7, 674 01 Výčapy, Czech Republic",15.878059481731768,49.14761491368352
CZE,"Kaštanová 142, 675 21 Přibyslavice, Czech Republic",15.777997139737948,49.26000122412108
CZE,"č.p. 170, 675 60 Myslibořice, Czech Republic",15.976041249000048,49.10777144200006
CZE,"č.p. 115, 675 43 Domamil, Czech Republic",15.681122851000055,49.08769605800006
CZE,"č.p. 5, 675 42 Budkov, Czech Republic",15.67302438300004,49.052625000000035
CZE,"č.p. 222, 675 53 Valeč, Czech Republic",16.03396848700004,49.146420000000035
CZE,"č.p. 37, 675 79 Tasov, Czech Republic",16.104742396000063,49.286915098000065
CZE,"č.p. 139, 675 27 Předín, Czech Republic",15.690750657000024,49.19880000000006
CZE,"č.p. 89, 675 74 Březník, Czech Republic",16.195987526000067,49.168810000000065
CZE,"č.p. 110, 675 24 Čáslavice, Czech Republic",15.774407386000064,49.15143000000006
CZE,"Týnská 821/8, Podklášteří, 674 01 Třebíč, Czech Republic",15.876472599746876,49.219727939562745
CZE,"Benešova 585, Nové Dvory, 674 01 Třebíč, Czech Republic",15.896057419430491,49.219356411704496
CZE,"Václavské nám. 44/12, Horka-Domky, 674 01 Třebíč, Czech Republic",15.878848869297116,49.206690266358976
CZE,"Bartuškova 700/20, Borovina, 674 01 Třebíč, Czech Republic",15.866062695098151,49.20852799863022
CZE,"Komenského nám. 61/6, Horka-Domky, 674 01 Třebíč, Czech Republic",15.87783289881321,49.21396081299241
CZE,"č.p. 232, 675 75 Mohelno, Czech Republic",16.20104331700003,49.13152500000007
CZE,"č.p. 203, 675 01 Vladislav, Czech Republic",15.972266959389312,49.23154390981778
CZE,"č.p. 215, 675 29 Kněžice, Czech Republic",15.682244568000044,49.26207500000004
CZE,"č.p. 167, 675 05 Rudíkov, Czech Republic",15.941302241314128,49.288772224286404
CZE,"č.p. 90, 675 76 Hartvíkovice, Czech Republic",16.095404188000032,49.174805916000025
CZE,"č.p. 221, 675 03 Budišov, Czech Republic",15.997767409000062,49.26228496900006
CZE,"Kpt. Jaroše 836/1, Nové Dvory, 674 01 Třebíč, Czech Republic",15.883387083133385,49.22273016964212
CZE,"č.p. 80, 675 21 Heraltice, Czech Republic",15.72210378810552,49.22869614848266
CZE,"č.p. 42, 675 52 Lipník, Czech Republic",15.949788431529715,49.1419428478976
CZE,"Na Kopcích 342, Nové Město, 674 01 Třebíč, Czech Republic",15.90230403277198,49.219188312636305
CZE,"Pražská 164, 675 26 Želetava, Czech Republic",15.671080013583918,49.144846195888164
CZE,"č.p. 45, 675 71 Vícenice u Náměště nad Oslavou, Czech Republic",16.124690472006268,49.19990995853588
CZE,"Komenského nám. 53, 675 71 Náměšť nad Oslavou, Czech Republic",16.1591568105664,49.207531013156995
CZE,"Husova 579, 675 71 Náměšť nad Oslavou, Czech Republic",16.145401436903228,49.21141485181238
CZE,"Komenského 120, 675 51 Jaroměřice nad Rokytnou, Czech Republic",15.88973578805556,49.094615587543046
CZE,"J. A. Komenského 87, 675 21 Okříšky, Czech Republic",15.771337298569904,49.24370336776772
CZE,"č.p. 375, 687 04 Traplice, Czech Republic",17.428353656329055,49.13486313719492
CZE,"Školní 606, 687 62 Dolní Němčí, Czech Republic",17.587535287061485,48.97143723395254
CZE,"Rubanice 877, 687 65 Strání, Czech Republic",17.709227193942866,48.90292506613906
CZE,"Salašská 300, 687 06 Velehrad, Czech Republic",17.392887043483967,49.10466263960333
CZE,"č.p. 440, 687 12 Bílovice, Czech Republic",17.553972916257123,49.09994336665425
CZE,"Komenského 483, 687 08 Buchlovice, Czech Republic",17.34217577490125,49.08625535158731
CZE,"č.p. 282, 687 42 Osvětimany, Czech Republic",17.240345000000048,49.06827129900006
CZE,"č.p. 507, 687 54 Bánov, Czech Republic",17.72231520100007,48.98588786600004
CZE,"Komenského 101, 687 51 Nivnice, Czech Republic",17.64870356658878,48.97230501238829
CZE,"č.p. 173, 687 55 Bystřice pod Lopeníkem, Czech Republic",17.77056878800005,48.969430000000045
CZE,"č.p. 100, 687 12 Kněžpole, Czech Republic",17.505452231921872,49.099367526278435
CZE,"č.p. 105, 687 03 Kudlovice, Czech Republic",17.458835000000022,49.13904364200005
CZE,"č.p. 69, 687 33 Hradčovice, Czech Republic",17.586740856000063,49.04576647300007
CZE,"č.p. 72, 687 03 Huštěnovice, Czech Republic",17.467096978673784,49.104443954445564
CZE,"č.p. 1, 687 12 Mistřice, Czech Republic",17.528775824000036,49.105560000000025
CZE,"č.p. 142, 687 38 Nedakonice, Czech Republic",17.376420000000053,49.03011416900006
CZE,"č.p. 53, 686 04 Podolí, Czech Republic",17.53695565290194,49.036782364570115
CZE,"č.p. 150, 686 04 Popovice, Czech Republic",17.533273189109504,49.0533763512274
CZE,"č.p. 101, 687 11 Topolná, Czech Republic",17.534934342000042,49.12711500000006
CZE,"č.p. 155, 687 53 Suchá Loz, Czech Republic",17.709789466000075,48.952958574000036
CZE,"1. máje 55, Mařatice, 686 05 Uherské Hradiště, Czech Republic",17.48023829305555,49.06466637694493
CZE,"č.p. 229, 687 10 Zlechov, Czech Republic",17.384690000000035,49.07087460100007
CZE,"č.p. 169, 687 71 Komňa, Czech Republic",17.807712288678484,48.98297213672367
CZE,"č.p. 164, 687 71 Záhorovice, Czech Republic",17.772143116607488,49.029288863298326
CZE,"č.p. 102, 687 67 Březová, Czech Republic",17.752335311000024,48.92228000000006
CZE,"č.p. 118, 687 64 Horní Němčí, Czech Republic",17.628479802000072,48.91756935500007
CZE,"č.p. 514, 687 05 Jalubí, Czech Republic",17.42527087600007,49.11465000000004
CZE,"č.p. 340, 687 52 Korytná, Czech Republic",17.681556106000073,48.93262000000004
CZE,"č.p. 35, 687 32 Nezdenice, Czech Republic",17.755010000000027,49.010033288000045
CZE,"č.p. 17, 687 71 Pitín, Czech Republic",17.883398464279693,49.01480715608549
CZE,"Brodská 117, Havřice, 688 01 Uherský Brod, Czech Republic",17.624786141153777,49.03138762294844
CZE,"Podhájí 291, Újezdec, 687 34 Uherský Brod, Czech Republic",17.68200822066609,49.03578787065845
CZE,"Pivovarská 200, Jarošov, 686 01 Uherské Hradiště, Czech Republic",17.493949158812853,49.085303502662725
CZE,"č.p. 377, 687 03 Babice, Czech Republic",17.480766767210802,49.12265237451263
CZE,"Štefánikova 460, 687 71 Bojkovice, Czech Republic",17.806141608304415,49.03939112510503
CZE,"č.p. 540, 687 09 Boršice, Czech Republic",17.329935755000065,49.05745500000006
CZE,"č.p. 134, 687 13 Březolupy, Czech Republic",17.584299632000068,49.12892500000004
CZE,"nám. Komenského 950, 687 25 Hluk, Czech Republic",17.52765228856711,48.98818260011643
CZE,"č.p. 306, 687 23 Ostrožská Lhota, Czech Republic",17.47988351500004,48.97027500000007
CZE,"Lhotská 500, 687 22 Ostrožská Nová Ves, Czech Republic",17.436475538386247,49.002993967851154
CZE,"č.p. 600, 687 37 Polešovice, Czech Republic",17.344485343757594,49.0296298909648
CZE,"č.p. 100, 687 56 Prakšice, Czech Republic",17.63822933600005,49.06883108400007
CZE,"č.p. 233, 687 74 Starý Hrozenkov, Czech Republic",17.85245496600004,48.960857213000054
CZE,"č.p. 113, 687 31 Šumice, Czech Republic",17.717844941000067,49.026245000000074
CZE,"Komenského náměstí 350, 686 01 Uherské Hradiště, Czech Republic",17.460279305214186,49.067018799980644
CZE,"Komenského 1720, 686 03 Staré Město, Czech Republic",17.434914241281774,49.07737464135391
CZE,"č.p. 112, 687 07 Tupesy, Czech Republic",17.377526459000023,49.09147500000006
CZE,"Sportovní 777, 686 01 Uherské Hradiště, Czech Republic",17.47255753608073,49.06772346658062
CZE,"Za Alejí 1072, 686 06 Uherské Hradiště, Czech Republic",17.44918183304796,49.06834477515349
CZE,"Červená cesta 853, 686 04 Kunovice, Czech Republic",17.46291256391578,49.03833764560443
CZE,"Mariánské nám. 41, 688 01 Uherský Brod, Czech Republic",17.645450466147366,49.026215695322605
CZE,"Za Humny 1420, 688 01 Uherský Brod, Czech Republic",17.653648721824226,49.026797902317156
CZE,"Školní 400, Ostrožské Předměstí, 687 24 Uherský Ostroh, Czech Republic",17.398575422073975,48.98708809119978
CZE,"č.p. 1202, 687 61 Vlčnov, Czech Republic",17.579363386000068,48.99518000000006
CZE,"č.p. 90, 687 37 Ořechov, Czech Republic",17.294063040176475,49.025197887768066
CZE,"Větrná 1063, Mařatice, 686 05 Uherské Hradiště, Czech Republic",17.478466023448135,49.05896919735659
CZE,"č.p. 58, 687 63 Boršice u Blatnice, Czech Republic",17.566043754000077,48.93112000000008
CZE,"U Pálenice 1620, 686 04 Kunovice, Czech Republic",17.471731918617962,49.04440773606507
CZE,"č.p. 31, 685 01 Křižanovice, Czech Republic",16.94480849011854,49.142584404821285
CZE,"Nádražní 5/5, Vyškov-Město, 682 01 Vyškov, Czech Republic",16.996368373276823,49.27705542150747
CZE,"č.p. 106, 683 54 Bošovice, Czech Republic",16.839657630752196,49.05735653233297
CZE,"č.p. 121, 683 01 Dražovice, Czech Republic",16.943315399138566,49.19145893126402
CZE,"č.p. 189, 683 01 Habrovany, Czech Republic",16.893383395000058,49.22555500000004
CZE,"č.p. 105, 682 01 Hlubočany, Czech Republic",17.016429553807388,49.24322185511837
CZE,"č.p. 230, 684 01 Hodějice, Czech Republic",16.91914510641506,49.143451178117424
CZE,"Heroltice 68, 682 01 Hoštice-Heroltice, Czech Republic",17.055851638808775,49.285987931902525
CZE,"č.p. 69, 683 52 Hrušky, Czech Republic",16.84369487064605,49.11858189969539
CZE,"Beneška 181, 684 01 Kobeřice u Brna, Czech Republic",16.885230288321736,49.092772281306225
CZE,"č.p. 125, 683 01 Komořany, Czech Republic",16.913945966114785,49.20705629944762
CZE,"Školní 320, 683 35 Letonice, Czech Republic",16.963366808818364,49.1758314935378
CZE,"Milešovice 112, 683 54 Otnice, Czech Republic",16.85246174077153,49.08479480495899
CZE,"č.p. 37, 684 01 Němčany, Czech Republic",16.917546833814843,49.168245990119
CZE,"č.p. 154, 683 33 Nesovice, Czech Republic",17.074707762694985,49.14576223531347
CZE,"č.p. 164, 684 01 Nížkovice, Czech Republic",16.896084004816384,49.10926697600767
CZE,"č.p. 66, 685 01 Rašovice, Czech Republic",16.950799893031594,49.12230351348034
CZE,"Rostěnice 98, 682 01 Rostěnice-Zvonovice, Czech Republic",16.96853441976407,49.239638018999074
CZE,"č.p. 116, 683 01 Tučapy, Czech Republic",16.922843038854072,49.227934998249985
CZE,"č.p. 181, 683 01 Velešovice, Czech Republic",16.842176102412637,49.18202660517578
CZE,"č.p. 113, 683 03 Nemojany, Czech Republic",16.915107565209865,49.24615294454163
CZE,"č.p. 20, 683 51 Holubice, Czech Republic",16.816211086000067,49.17300000000006
CZE,"č.p. 330, 683 23 Švábenice, Czech Republic",17.122450108225607,49.24900717199248
CZE,"Na Vyhlídce 456/12, Vyškov-Předměstí, 682 01 Vyškov, Czech Republic",17.004879441580215,49.282817770393024
CZE,"Tasova 272, 683 33 Brankovice, Czech Republic",17.12996442668603,49.156728842834355
CZE,"Školní 711, 685 01 Bučovice, Czech Republic",17.00117857987115,49.15508242750312
CZE,"Školní 710, 685 01 Bučovice, Czech Republic",16.999187542590875,49.15473747027792
CZE,"č.p. 109, 683 04 Drnovice, Czech Republic",16.943564498660642,49.280556635618204
CZE,"Tyršova 218/4, 683 23 Ivanovice na Hané, Czech Republic",17.096604787323912,49.30648378064225
CZE,"Školní 140, 683 52 Křenovice, Czech Republic",16.826577920851577,49.14099856705451
CZE,"Školní 352, 683 54 Otnice, Czech Republic",16.812162723770427,49.08467481801503
CZE,"Habrovanská 312/3, 683 01 Rousínov, Czech Republic",16.882433331051118,49.207390825826394
CZE,"Komenského náměstí 495, 684 01 Slavkov u Brna, Czech Republic",16.877635110578325,49.15541384795466
CZE,"Tyršova 977, 684 01 Slavkov u Brna, Czech Republic",16.880525274612268,49.156738146746875
CZE,"Morávkova 492/40, Dědice, 682 01 Vyškov, Czech Republic",16.98098246798895,49.29957637996392
CZE,"Tyršova 664/4, Vyškov-Předměstí, 682 01 Vyškov, Czech Republic",17.006056596062166,49.27721974871923
CZE,"č.p. 17, 684 01 Heršpice, Czech Republic",16.91296006500005,49.12035483100004
CZE,"č.p. 16, 682 01 Moravské Málkovice, Czech Republic",17.096819137110174,49.25811986827198
CZE,"Moravské Prusy 175, 682 01 Prusy-Boškůvky, Czech Republic",17.057213111341554,49.25206175970476
CZE,"č.p. 155, 683 04 Podomí, Czech Republic",16.855417495842197,49.34131621647126
CZE,"Bohdalice 1, 683 41 Bohdalice-Pavlovice, Czech Republic",17.031809490654524,49.21403821986823
CZE,"č.p. 207, 683 21 Pustiměř, Czech Republic",17.02823099170946,49.31618974302832
CZE,"Náves 96, 683 52 Šaratice, Czech Republic",16.80266946405297,49.117308542652665
CZE,"Sídliště Osvobození 682/56, Dědice, 682 01 Vyškov, Czech Republic",16.980354579622087,49.28110509611719
CZE,"Purkyňova 308/39, Nosálovice, 682 01 Vyškov, Czech Republic",16.983720081385087,49.275167439726715
CZE,"Okružní 297, 669 02 Kuchařovice, Czech Republic",16.07853128392182,48.87691103335325
CZE,"č.p. 74, 671 73 Dolní Dubňany, Czech Republic",16.229282778699407,49.05982275911946
CZE,"č.p. 157, 671 52 Hluboké Mašůvky, Czech Republic",16.01904171500007,48.93477000000007
CZE,"č.p. 184, 671 34 Horní Dunajovice, Czech Republic",16.158697324170923,48.9512647084043
CZE,"č.p. 90, 671 54 Hostim, Czech Republic",15.914403416398654,49.01559407652123
CZE,"č.p. 73, 672 01 Lesonice, Czech Republic",16.31750485114615,49.006405079076565
CZE,"č.p. 124, 669 02 Mašovice, Czech Republic",15.962423514000022,48.84714500000007
CZE,"č.p. 70, 671 62 Oleksovice, Czech Republic",16.25656808800005,48.90499428100003
CZE,"č.p. 79, 671 56 Pavlice, Czech Republic",15.928674675000025,48.96152500000005
CZE,"č.p. 108, 671 71 Skalice, Czech Republic",16.22583460900006,48.96859000000006
CZE,"č.p. 71, 671 29 Strachotice, Czech Republic",16.157336324000028,48.79057500000005
CZE,"č.p. 191, 671 02 Štítary, Czech Republic",15.829694323152095,48.93377396374505
CZE,"č.p. 62, 671 40 Tavíkovice, Czech Republic",16.077844932254532,49.02025074823695
CZE,"č.p. 160, 671 78 Troskotovice, Czech Republic",16.438157444273816,48.91761023919301
CZE,"č.p. 56, 671 31 Únanov, Czech Republic",16.05913465900005,48.904165000000035
CZE,"č.p. 325, 671 75 Vedrovice, Czech Republic",16.383972540472488,49.01608107651815
CZE,"č.p. 36, 671 71 Hostěradice, Czech Republic",16.243756468687074,48.94914615878699
CZE,"Kostelní 216, 671 68 Hrabětice, Czech Republic",16.391593942601048,48.79816120900128
CZE,"č.p. 53, 671 27 Hrádek, Czech Republic",16.27461500000004,48.78753543300007
CZE,"Brněnská 52, 671 82 Dobšice, Czech Republic",16.086586125235357,48.84874691667443
CZE,"č.p. 169, 671 51 Kravsko, Czech Republic",15.981400798441953,48.92190115110725
CZE,"č.p. 134, 671 75 Loděnice, Czech Republic",16.452565187202588,49.01179607309361
CZE,"č.p. 92, 671 02 Šumná, Czech Republic",15.877589681000075,48.919722302000025
CZE,"č.p. 161, 671 34 Želetice, Czech Republic",16.18928384966655,48.93690414330639
CZE,"č.p. 220, 671 55 Blížkovice, Czech Republic",15.834740530000033,48.989490000000046
CZE,"č.p. 393, 671 64 Božice, Czech Republic",16.28711676300003,48.83994500000006
CZE,"č.p. 234, 671 26 Dyjákovice, Czech Republic",16.31409756100004,48.75864178000006
CZE,"č.p. 225, 671 69 Hevlín, Czech Republic",16.379353055000024,48.75803513400007
CZE,"Nádražní 461, 671 67 Hrušovany nad Jevišovkou, Czech Republic",16.398297537303677,48.83004232255277
CZE,"Školní 83, 671 28 Jaroslavice, Czech Republic",16.233996393268,48.75576893741069
CZE,"č.p. 34, 671 53 Jevišovice, Czech Republic",15.985208122045867,48.98102773946467
CZE,"č.p. 20, 671 07 Lubnice, Czech Republic",15.607118202715354,48.94163263559095
CZE,"č.p. 134, 671 33 Mikulovice, Czech Republic",16.099729555000067,48.95934338100005
CZE,"Třináctky 135/19, 671 72 Miroslav, Czech Republic",16.310279172058358,48.94859906237042
CZE,"nám. Klášterní 134, 672 01 Moravský Krumlov, Czech Republic",16.31562380879913,49.0492942598878
CZE,"č.p. 125, 671 76 Olbramovice, Czech Republic",16.39006945600005,48.98267500000003
CZE,"č.p. 151, 671 61 Prosiměřice, Czech Republic",16.178802648000044,48.89864000000006
CZE,"Komenského 241, 671 68 Šanov, Czech Republic",16.383798437371752,48.80740795694638
CZE,"č.p. 398, 671 22 Šatov, Czech Republic",16.025762687000054,48.787195000000054
CZE,"č.p. 374, 671 25 Tasovice, Czech Republic",16.147745028894384,48.83335746404261
CZE,"č.p. 213, 671 42 Vémyslice, Czech Republic",16.238647263000075,49.015551052000035
CZE,"Komenského stezka 157, 671 03 Vranov nad Dyjí, Czech Republic",15.809714931906058,48.896546354003505
CZE,"Václavské náměstí 133/8, 669 02 Znojmo, Czech Republic",16.0466129128107,48.85625198895869
CZE,"Pražská 2808/98, 669 02 Znojmo, Czech Republic",16.037974271940982,48.86766713525526
CZE,"náměstí Republiky 902/9, 669 02 Znojmo, Czech Republic",16.054453093583902,48.85355448296926
CZE,"Mládeže 1000/3, 669 02 Znojmo, Czech Republic",16.057270754155354,48.856952380788016
CZE,"Ivančická 218, 672 01 Moravský Krumlov, Czech Republic",16.302399093426033,49.04689070724271
CZE,"č.p. 200, 671 71 Trstěnice, Czech Republic",16.189075468192918,48.99008539098735
CZE,"č.p. 10, 671 76 Bohutice, Czech Republic",16.35291035022823,48.98893793067302
CZE,"č.p. 55, 672 01 Rybníky, Czech Republic",16.293692211000064,49.03337000000005
CZE,"č.p. 120, 671 72 Suchohrdly u Miroslavi, Czech Republic",16.370040347493067,48.94725353127654
CZE,"Ke Škole 569/15, Přímětice, 669 04 Znojmo, Czech Republic",16.032880086467088,48.88077048067041
CZE,"č.p. 143, 671 75 Jezeřany-Maršovice, Czech Republic",16.424095789000035,49.01243606100007
CZE,"č.p. 87, 671 78 Jiřice u Miroslavi, Czech Republic",16.40756426200005,48.90271461800006
CZE,"č.p. 100, 671 01 Citonice, Czech Republic",15.976624708000031,48.88376500000004
CZE,"č.p. 228, 671 38 Višňové, Czech Republic",16.146970604000046,48.98374817600006
CZE,"č.p. 84, 671 61 Práče, Czech Republic",16.197607479237924,48.87509596145984
CZE,"č.p. 174, 671 65 Břežany, Czech Republic",16.345801486000028,48.864768396000045
CZE,"č.p. 11, 592 12 Nížkov, Czech Republic",15.828110955000056,49.52801000000005
CZE,"č.p. 159, 592 63 Štěpánov nad Svratkou, Czech Republic",16.347792414000025,49.50488000000007
CZE,"č.p. 147, 591 02 Polnička, Czech Republic",15.90367377800004,49.62252500000005
CZE,"č.p. 129, 592 55 Bobrová, Czech Republic",16.092847224000025,49.48579500000005
CZE,"č.p. 205, 592 13 Bohdalov, Czech Republic",15.868804957000066,49.481085000000064
CZE,"Nádražní 615, 593 01 Bystřice nad Pernštejnem, Czech Republic",16.257620284453793,49.518600622899186
CZE,"Tyršova 409, 593 01 Bystřice nad Pernštejnem, Czech Republic",16.25564651389405,49.52285640850795
CZE,"č.p. 207, 594 55 Dolní Loučky, Czech Republic",16.351738399000055,49.35884000000004
CZE,"č.p. 1, 592 51 Dolní Rožínka, Czech Republic",16.20737417643605,49.45262373935463
CZE,"Český Herálec 440, 592 01 Herálec, Czech Republic",15.989245155821209,49.69095011227344
CZE,"Padělek 133, 592 42 Jimramov, Czech Republic",16.220511503620315,49.6336786214419
CZE,"U Školy 321, 594 51 Křižanov, Czech Republic",16.10149065782386,49.391089454009716
CZE,"Náměstí 96, 594 42 Měřín, Czech Republic",15.884078590145378,49.39402119228339
CZE,"č.p. 80, 592 62 Nedvědice, Czech Republic",16.33469556600005,49.46399000000008
CZE,"Vratislavovo náměstí 124, 592 31 Nové Město na Moravě, Czech Republic",16.074469162185892,49.562330352869964
CZE,"Leandra Čecha 860, 592 31 Nové Město na Moravě, Czech Republic",16.07192248854409,49.56433375345745
CZE,"Na Městečku 1, 592 14 Nové Veselí, Czech Republic",15.905635504008103,49.520273231677834
CZE,"č.p. 246, 594 53 Osová Bítýška, Czech Republic",16.196204774000023,49.338415000000055
CZE,"č.p. 136, 594 44 Radostín nad Oslavou, Czech Republic",15.944423971000049,49.44228500000003
CZE,"č.p. 181, 592 65 Rovečné, Czech Republic",16.36884887893926,49.56524120614921
CZE,"č.p. 96, 592 03 Sněžné, Czech Republic",16.070589925624795,49.65015435040854
CZE,"č.p. 27, 592 53 Strážek, Czech Republic",16.218331015825008,49.4419682312256
CZE,"Partyzánská 310, 592 02 Svratka, Czech Republic",16.027139572439324,49.70853421357859
CZE,"Sadová 579, 595 01 Velká Bíteš, Czech Republic",16.229205716508062,49.290983755742644
CZE,"č.p. 248, 592 11 Velká Losenice, Czech Republic",15.831849667000029,49.58770000000004
CZE,"Sokolovská 470/13, 594 01 Velké Meziříčí, Czech Republic",16.018603274607386,49.352046968113655
CZE,"Komenského 715/2, Žďár nad Sázavou 3, 591 01 Žďár nad Sázavou, Czech Republic",15.93401319157985,49.56416184062331
CZE,"Komenského 825/6, Žďár nad Sázavou 3, 591 01 Žďár nad Sázavou, Czech Republic",15.934410242333257,49.565269006213754
CZE,"Švermova 1132/4, Žďár nad Sázavou 4, 591 01 Žďár nad Sázavou, Czech Republic",15.943367814618796,49.56261990571517
CZE,"Oslavická 1800/20, 594 01 Velké Meziříčí, Czech Republic",16.00682921521684,49.347487925247975
CZE,"č.p. 30, 593 01 Písečné, Czech Republic",16.236460874245164,49.573635519162416
CZE,"č.p. 107, 592 41 Dalečín, Czech Republic",16.241647778000072,49.593480000000056
CZE,"č.p. 107, 592 61 Doubravník, Czech Republic",16.34828986766347,49.4277997432895
CZE,"č.p. 100, 592 04 Fryšava pod Žákovou horou, Czech Republic",16.033610929000076,49.63343500000008
CZE,"č.p. 14, 594 44 Netín, Czech Republic",15.954354989311193,49.4266676322824
CZE,"č.p. 70, 592 31 Nová Ves u Nového Města na Moravě, Czech Republic",16.09116776128026,49.539269474629386
CZE,"č.p. 54, 592 31 Radňovice, Czech Republic",16.039335850216144,49.56382791175325
CZE,"č.p. 77, 592 31 Zubří, Czech Republic",16.128389502376315,49.57551144530971
CZE,"č.p. 14, 592 61 Olší, Czech Republic",16.31677278630197,49.42597188741975
CZE,"č.p. 95, 592 33 Radešínská Svratka, Czech Republic",16.09014484003549,49.50881286856047
CZE,"č.p. 93, 592 33 Řečice, Czech Republic",16.07339365400003,49.51199500000007
CZE,"č.p. 80, 592 11 Sázava, Czech Republic",15.870404275936291,49.547553172481216
CZE,"č.p. 110, 591 01 Škrdlovice, Czech Republic",15.928861267448438,49.635488251101805
CZE,"č.p. 11, 594 55 Katov, Czech Republic",16.27974815094187,49.33440432803604
CZE,"č.p. 62, 594 01 Lavičky, Czech Republic",15.973604535626851,49.39241560683509
CZE,"Lhotky 42, 594 01 Velké Meziříčí, Czech Republic",16.062697198271138,49.354877788273086
CZE,"č.p. 67, 594 01 Oslavice, Czech Republic",15.998822507234852,49.339778272343274
CZE,"č.p. 58, 594 01 Ruda, Czech Republic",16.116709847784605,49.305496568047595
CZE,"č.p. 66, 592 44 Věcov, Czech Republic",16.16729322200007,49.61967496300008
CZE,"č.p. 58, 592 66 Vír, Czech Republic",16.325340536000056,49.55801000000008
CZE,"č.p. 95, 591 01 Vojnův Městec, Czech Republic",15.903012091676628,49.671633954299
CZE,"č.p. 133, 591 01 Hamry nad Sázavou, Czech Republic",15.892756669628191,49.56850719364773
CZE,"č.p. 46, 591 02 Světnov, Czech Republic",15.963086711482926,49.62206734863555
CZE,"Mostiště 50, 594 01 Velké Meziříčí, Czech Republic",16.016963355251107,49.37627498497082
CZE,"č.p. 84, 592 56 Zvole, Czech Republic",16.176510000000064,49.495301202000064
CZE,"Lhota 80, 592 45 Lísek, Czech Republic",16.190730517818935,49.57824876046658
CZE,"č.p. 96, 594 51 Dobrá Voda, Czech Republic",16.062239246558786,49.400781453892364
CZE,"Moravské Křižánky 92, 592 02 Křižánky, Czech Republic",16.064960815042696,49.68591677941657
CZE,"č.p. 52, 592 31 Křídla, Czech Republic",16.122611141411387,49.528306793362844
CZE,"č.p. 46, 592 11 Vepřová, Czech Republic",15.83021186733167,49.61621470726719
CZE,"č.p. 45, 592 54 Moravec, Czech Republic",16.146133082000063,49.44337500000006
CZE,"č.p. 93, 594 45 Ostrov nad Oslavou, Czech Republic",15.982057761000021,49.48709000000008
CZE,"č.p. 44, 594 01 Pavlínov, Czech Republic",15.871413566568704,49.349686284895654
CZE,"č.p. 51, 592 42 Unčín, Czech Republic",16.242040646326085,49.61143719355366
CZE,"č.p. 70, 592 64 Prosetín, Czech Republic",16.397665000000075,49.52499163500005
CZE,"č.p. 64, 592 57 Rozsochy, Czech Republic",16.193917559000056,49.52731701700003
CZE,"Dolní Bory 161, 594 61 Bory, Czech Republic",16.025687910628363,49.42570709130993
CZE,"č.p. 252, 793 93 Brantice, Czech Republic",17.63629262200004,50.058910000000026
CZE,"č.p. 7, 795 01 Dolní Moravice, Czech Republic",17.31063192700003,49.96455000000003
CZE,"č.p. 22, 793 81 Hošťálkovy, Czech Republic",17.590450000000033,50.11485000000005
CZE,"č.p. 256, 793 51 Huzová, Czech Republic",17.354565382935174,49.84565958770578
CZE,"č.p. 89, 793 36 Malá Morávka, Czech Republic",17.26485500000007,50.05018578200003
CZE,"Rýmařovská 282, 793 56 Ryžoviště, Czech Republic",17.35783115837623,49.87878684414494
CZE,"č.p. 120, 793 97 Slezské Rudoltice, Czech Republic",17.65389544098876,50.19099779111957
CZE,"č.p. 19, 793 91 Úvalno, Czech Republic",17.73542350100007,50.04824000000008
CZE,"Sokolovská 201, 793 12 Svobodné Heřmanice, Czech Republic",17.6744653459985,49.9458743398757
CZE,"č.p. 24, 793 02 Lomnice, Czech Republic",17.428375370000026,49.88964000000004
CZE,"Jesenická 1284/10, 792 01 Bruntál, Czech Republic",17.46028735184123,49.991640411313455
CZE,"Komenského 360, 793 51 Břidličná, Czech Republic",17.37435591284853,49.91558373436126
CZE,"Olomoucká 336, 793 68 Dvorce, Czech Republic",17.54397495535386,49.83139547977197
CZE,"č.p. 176, 793 71 Holčovice, Czech Republic",17.456450123000025,50.15871500000003
CZE,"Školní 338, 793 12 Horní Benešov, Czech Republic",17.600839043781548,49.968801904455205
CZE,"č.p. 231, 793 44 Horní Město, Czech Republic",17.200324047000038,49.90017646000007
CZE,"č.p. 457, 793 83 Jindřichov, Czech Republic",17.517959997002393,50.25277421685586
CZE,"č.p. 143, 793 23 Karlovice, Czech Republic",17.44110254700007,50.11462000000006
CZE,"Dvořákův okruh 60/2, Pod Bezručovým vrchem, 794 01 Krnov, Czech Republic",17.7039802901931,50.09213582616866
CZE,"Smetanův okruh 24/4, Pod Bezručovým vrchem, 794 01 Krnov, Czech Republic",17.69988958616736,50.09090720680118
CZE,"Janáčkovo náměstí 1970/17, Pod Bezručovým vrchem, 794 01 Krnov, Czech Republic",17.69038643580413,50.093796909830445
CZE,"Žižkova 572/3, Pod Cvilínem, 794 01 Krnov, Czech Republic",17.713388305955277,50.090836002533706
CZE,"č.p. 46, 793 15 Lichnov, Czech Republic",17.619282550000037,50.00953048800005
CZE,"Opavická 575/1, 793 95 Město Albrechtice, Czech Republic",17.57613941914221,50.162270017975146
CZE,"Opavská 128, 793 05 Moravský Beroun, Czech Republic",17.44328943893467,49.79611558830186
CZE,"Třešňová 99, 793 99 Osoblaha, Czech Republic",17.713464413636103,50.271330187223526
CZE,"č.p. 353, 793 64 Razová, Czech Republic",17.53195000000005,49.93204000000003
CZE,"Jelínkova 488/1, 795 01 Rýmařov, Czech Republic",17.267629055896606,49.934134143373996
CZE,"Dlouhá 261/24, 793 43 Stará Ves, Czech Republic",17.237492425943486,49.95846374889763
CZE,"č.p. 215, 793 32 Andělská Hora, Czech Republic",14.958810000000028,50.80034000000006
CZE,"č.p. 341, 793 82 Třemešná, Czech Republic",17.562188253000045,50.20580000000007
CZE,"Loučky 86, 793 16 Zátor, Czech Republic",17.589292804519317,50.044935066273865
CZE,"Okružní 1890/38, 792 01 Bruntál, Czech Republic",17.468356190933093,49.987677321763556
CZE,"č.p. 38, 793 03 Dětřichov nad Bystřicí, Czech Republic",17.39728557600006,49.83110000000005
CZE,"č.p. 17, 793 24 Karlova Studánka, Czech Republic",17.301436399000067,50.07550534100005
CZE,"Stará Rudná 121, 793 31 Rudná pod Pradědem, Czech Republic",17.377873294697082,50.021439711573265
CZE,"č.p. 33, 792 01 Široká Niva, Czech Republic",17.481358556509793,50.04921470297169
CZE,"Školní 723/2, 792 01 Bruntál, Czech Republic",17.456835013561346,49.98907341155646
CZE,"Školní 477/7, 793 26 Vrbno pod Pradědem, Czech Republic",17.38061635633028,50.12014123151084
CZE,"Sportovní 584, 739 44 Brušperk, Czech Republic",18.219815938835865,49.698133193747196
CZE,"č.p. 212, 739 36 Bruzovice, Czech Republic",18.38294472700005,49.72829000000007
CZE,"č.p. 66, 739 85 Bukovec, Czech Republic",18.834140267000066,49.54880121800005
CZE,"č.p. 214, 739 85 Bukovec, Czech Republic",18.834140267000066,49.54880121800005
CZE,"č.p. 848, 739 95 Bystřice, Czech Republic",18.73820050728319,49.63250301930173
CZE,"č.p. 366, 739 95 Bystřice, Czech Republic",18.73820050728319,49.63250301930173
CZE,"č.p. 551, 739 12 Čeladná, Czech Republic",18.338475000000074,49.50529218300005
CZE,"č.p. 860, 739 51 Dobrá, Czech Republic",18.412979603098496,49.67778175384355
CZE,"č.p. 58, 739 51 Dobratice, Czech Republic",18.490172299002182,49.66448224099193
CZE,"č.p. 201, 739 38 Dolní Domaslavice, Czech Republic",18.49238493100006,49.720105000000046
CZE,"č.p. 149, 739 91 Dolní Lomná, Czech Republic",18.670300242000053,49.54393500000003
CZE,"č.p. 628, 739 45 Fryčovice, Czech Republic",18.225839525000026,49.66875500000003
CZE,"1. máje 1700, Místek, 738 01 Frýdek-Místek, Czech Republic",18.349612726992746,49.670866862717475
CZE,"El. Krásnohorské 2254, Frýdek, 738 01 Frýdek-Místek, Czech Republic",18.345585306335977,49.69283809405417
CZE,"Jiřího z Poděbrad 3109, Frýdek, 738 01 Frýdek-Místek, Czech Republic",18.362432344985393,49.68087632194201
CZE,"K Sedlištím 320, Lískovec, 738 01 Frýdek-Místek, Czech Republic",18.32818439152473,49.710666444017875
CZE,"Komenského 402, Místek, 738 01 Frýdek-Místek, Czech Republic",18.340242765070997,49.67130565534873
CZE,"Pionýrů 400, Místek, 738 01 Frýdek-Místek, Czech Republic",18.341070394190524,49.67898230519097
CZE,"Skalice 192, 738 01 Frýdek-Místek, Czech Republic",18.407522457841566,49.652797491127984
CZE,"č.p. 104, 739 11 Pstruží, Czech Republic",18.324540195647703,49.565577939779565
CZE,"Nám. T. G. Masaryka 1260, Frýdlant, 739 11 Frýdlant nad Ostravicí, Czech Republic",18.354494850316314,49.59293389673948
CZE,"č.p. 120, 739 53 Hnojník, Czech Republic",18.543891360436692,49.68660804749534
CZE,"č.p. 202, 739 37 Horní Bludovice, Czech Republic",18.435365958000034,49.741445000000056
CZE,"č.p. 144, 739 97 Hrádek, Czech Republic",18.749498733000053,49.61323500000003
CZE,"č.p. 162, 739 46 Hukvaldy, Czech Republic",18.223425000000077,49.62763916100005
CZE,"Pod Kabáticí 107, Chlebovice, 739 42 Frýdek-Místek, Czech Republic",18.27992600308727,49.656722820204095
CZE,"Lesní 190, 739 91 Jablunkov, Czech Republic",18.770464732670433,49.57707483301735
CZE,"č.p. 42, 739 91 Písečná, Czech Republic",18.79686028733153,49.58267805262269
CZE,"č.p. 410, 739 11 Janovice, Czech Republic",18.41212621679765,49.61284393396358
CZE,"č.p. 186, 739 47 Kozlovice, Czech Republic",18.272007204000033,49.59035778400005
CZE,"Školní 170, 739 24 Krmelín, Czech Republic",18.233205861520588,49.73058846766622
CZE,"č.p. 2, 739 39 Lučina, Czech Republic",18.458593096000072,49.71217500000006
CZE,"č.p. 620, 739 49 Metylovice, Czech Republic",18.332289495000055,49.602066224000055
CZE,"č.p. 178, 739 04 Morávka, Czech Republic",18.531889315000058,49.56978978300003
CZE,"č.p. 750, 739 98 Mosty u Jablunkova, Czech Republic",18.750000613000054,49.52362500000004
CZE,"č.p. 345, 739 92 Návsí, Czech Republic",18.75580044000003,49.59136039300006
CZE,"Pod Výtopnou 190, 739 92 Návsí, Czech Republic",18.757106074484568,49.586493158520426
CZE,"č.p. 125, 739 51 Nošovice, Czech Republic",18.442729481883227,49.66524807131716
CZE,"č.p. 293, 739 95 Nýdek, Czech Republic",18.763543484000024,49.645650000000046
CZE,"č.p. 287, 739 41 Palkovice, Czech Republic",18.29672568600006,49.62948834200006
CZE,"Kirilovova 330, 739 21 Paskov, Czech Republic",18.28938565137301,49.73278373001739
CZE,"č.p. 184, 739 84 Písek, Czech Republic",18.806320000000028,49.56891585300008
CZE,"č.p. 88, 739 11 Pržno, Czech Republic",18.371463386383386,49.61254557283268
CZE,"č.p. 18, 739 04 Raškovice, Czech Republic",18.458909403024236,49.61570189138087
CZE,"Mírová 56, 739 32 Řepiště, Czech Republic",18.317940364739826,49.736376423265966
CZE,"č.p. 203, 739 36 Sedliště, Czech Republic",18.359683026091663,49.718988977515544
CZE,"č.p. 164, 739 55 Smilovice, Czech Republic",18.57249150553937,49.66105679065113
CZE,"č.p. 141, 739 22 Soběšovice, Czech Republic",14.544980000000066,49.79777000000007
CZE,"Zámecká 38, Stará Ves, 739 23 Stará Ves nad Ondřejnicí, Czech Republic",18.18679685619975,49.72958842279837
CZE,"Jamnická 270, 738 01 Staré Město, Czech Republic",18.36331487557075,49.669973309929475
CZE,"Sviadnovská 332, 739 43 Staříč, Czech Republic",18.273096260741852,49.68684675157388
CZE,"č.p. 108, 739 59 Střítež, Czech Republic",18.57543000000004,49.69096114000007
CZE,"Radniční náměstí 1040, 739 34 Šenov, Czech Republic",18.375945314008703,49.78617741716383
CZE,"č.p. 92, 739 53 Třanovice, Czech Republic",18.53214990074402,49.70606292720723
CZE,"Bezručova 418, Staré Město, 739 61 Třinec, Czech Republic",18.66687823956221,49.674876765196615
CZE,"Jablunkovská 501, Lyžbice, 739 61 Třinec, Czech Republic",18.6874531296489,49.66273176468104
CZE,"Kaštanová 412, Dolní Líštná, 739 61 Třinec, Czech Republic",18.686647880210842,49.67910862047185
CZE,"Kopernikova 696, Lyžbice, 739 61 Třinec, Czech Republic",18.67249386323266,49.666583542556765
CZE,"Slezská 773, Lyžbice, 739 61 Třinec, Czech Republic",18.67445866515601,49.662946970045084
CZE,"U splavu 550, Staré Město, 739 61 Třinec, Czech Republic",18.670396375782047,49.68224483527348
CZE,"Obecní 150, 739 34 Václavovice, Czech Republic",18.372211008505985,49.755034581644
CZE,"č.p. 236, 739 94 Vendryně, Czech Republic",18.703305000000057,49.66419577800008
CZE,"Datyňská 690/13, 739 32 Vratimov, Czech Republic",18.31745563927919,49.769628732357944
CZE,"Československé armády 570, Místek, 738 01 Frýdek-Místek, Czech Republic",18.33513365980943,49.678647364340094
CZE,"č.p. 104, 739 81 Milíkov, Czech Republic",18.70128492382512,49.58117482992709
CZE,"č.p. 137, 739 01 Baška, Czech Republic",18.368169774000023,49.63914500000004
CZE,"č.p. 300, 739 14 Ostravice, Czech Republic",18.40618021800003,49.53607000000005
CZE,"Masarykovo náměstí 192/37, 739 32 Vratimov, Czech Republic",18.30724069769832,49.772481303556106
CZE,"Jana Čapka 2555, Frýdek, 738 01 Frýdek-Místek, Czech Republic",18.364325481636598,49.678373862839464
CZE,"tř. T. G. Masaryka 454, Frýdek, 738 01 Frýdek-Místek, Czech Republic",18.353908284732086,49.68452634740831
CZE,"č.p. 150, 739 25 Žabeň, Czech Republic",18.304143521398665,49.7072060523711
CZE,"č.p. 281, 739 15 Staré Hamry, Czech Republic",18.468995988000074,49.46919777200003
CZE,"č.p. 203, 739 53 Komorní Lhotka, Czech Republic",18.526403104353097,49.64311127050172
CZE,"č.p. 77, 739 97 Hrádek, Czech Republic",18.749498733000053,49.61323500000003
CZE,"č.p. 6, 739 53 Hnojník, Czech Republic",18.543891360436692,49.68660804749534
CZE,"č.p. 234, 739 94 Vendryně, Czech Republic",18.703305000000057,49.66419577800008
CZE,"č.p. 626, 739 13 Kunčice pod Ondřejníkem, Czech Republic",18.27045335400004,49.54477000000003
CZE,"Škarabelova 562, Frýdek, 738 01 Frýdek-Místek, Czech Republic",18.348509081801637,49.68899826039049
CZE,"Lutyňská 400, Lutyně, 735 14 Orlová, Czech Republic",18.425750666496214,49.877958293016036
CZE,"Komenského 1000, 735 53 Dolní Lutyně, Czech Republic",18.430338417380284,49.89634965541603
CZE,"Školní 862, Lutyně, 735 14 Orlová, Czech Republic",18.431129669040047,49.873743369185235
CZE,"Ke Studánce 1050, Lutyně, 735 14 Orlová, Czech Republic",18.418697211155063,49.8712868429121
CZE,"Školní 20, 735 43 Albrechtice, Czech Republic",18.52991844458967,49.786759959434505
CZE,"tř. Družby 1383/1, Nové Město, 735 06 Karviná, Czech Republic",18.5287114505324,49.86715129570436
CZE,"Centrum 2290/14, Mizerov, 734 01 Karviná, Czech Republic",18.554212804210465,49.85681368497052
CZE,"U Lesa 713/19, Ráj, 734 01 Karviná, Czech Republic",18.562854462565326,49.851479777065805
CZE,"Cihelní 1666/30, Nové Město, 735 06 Karviná, Czech Republic",18.536264718759924,49.859513160707195
CZE,"Školská 432/1, Ráj, 734 01 Karviná, Czech Republic",18.556850253863644,49.84751769334429
CZE,"Majakovského 2219/13, Mizerov, 734 01 Karviná, Czech Republic",18.560290354564927,49.857895704851444
CZE,"Pod Zvonek 1835/28, 737 01 Český Těšín, Czech Republic",18.61728436249183,49.731635241644284
CZE,"Na Nábřeží 1374/49, Město, 736 01 Havířov, Czech Republic",18.42114967220516,49.78181275063278
CZE,"Frýdecká 452/37, Bludovice, 736 01 Havířov, Czech Republic",18.445347472301393,49.765614764655766
CZE,"Karolíny Světlé 1372/1, Podlesí, 736 01 Havířov, Czech Republic",18.45366164969917,49.77225444734668
CZE,"Marie Pujmanové 1151/17, Šumbark, 736 01 Havířov, Czech Republic",18.39634787216613,49.79742400338753
CZE,"Havlíčkova 213/13, 737 01 Český Těšín, Czech Republic",18.62570633116445,49.74392038758094
CZE,"Generála Svobody 284/16, Šumbark, 736 01 Havířov, Czech Republic",18.415198856226738,49.80132167218315
CZE,"Školní 11, 735 43 Albrechtice, Czech Republic",18.526093949808796,49.78606635694675
CZE,"K Rybníkům 268, 735 61 Chotěbuz, Czech Republic",18.594910715983673,49.765317710007224
CZE,"Zelená 112/2, Životice, 736 01 Havířov, Czech Republic",18.47556901093367,49.77183036495552
CZE,"Koperníkova 652, 735 53 Dolní Lutyně, Czech Republic",18.425587722298502,49.89826114843518
CZE,"Selská 429/14, Bludovice, 736 01 Havířov, Czech Republic",18.442039218937055,49.76639922697396
CZE,"č.p. 546, 735 33 Doubrava, Czech Republic",18.473992680000038,49.860645000000034
CZE,"č.p. 825, 735 34 Stonava, Czech Republic",18.530242749000024,49.812865000000045
CZE,"Čs. armády 1026, Nový Bohumín, 735 81 Bohumín, Czech Republic",18.35039333363548,49.90551237478178
CZE,"tř. Dr. E. Beneše 456, Nový Bohumín, 735 81 Bohumín, Czech Republic",18.35258117800234,49.903286267026914
CZE,"Seifertova 601, Nový Bohumín, 735 81 Bohumín, Czech Republic",18.36015665827327,49.90485234181622
CZE,"1. máje 217, Skřečoň, 735 31 Bohumín, Czech Republic",18.37902164011217,49.90236756852937
CZE,"Trnková 280, Pudlov, 735 51 Bohumín, Czech Republic",18.336561014101164,49.89821827500043
CZE,"Komenského 607/3, 737 01 Český Těšín, Czech Republic",18.61870408925168,49.744375315375805
CZE,"č.p. 1002, 735 71 Dětmarovice, Czech Republic",18.464813728000024,49.89304000000004
CZE,"Gorkého 329/1, Město, 736 01 Havířov, Czech Republic",18.425856446114295,49.78545841750943
CZE,"Marušky Kudeříkové 1143/14, Město, 736 01 Havířov, Czech Republic",18.431939277067755,49.78607411020718
CZE,"Žákovská 1006/1, Město, 736 01 Havířov, Czech Republic",18.445414695164857,49.77884337761387
CZE,"1. máje 956/10a, Město, 736 01 Havířov, Czech Republic",18.44107622208125,49.77639640671032
CZE,"Jarošova 851/33, Šumbark, 736 01 Havířov, Czech Republic",18.403452876211816,49.79778823899002
CZE,"Školní 814/1, Šumbark, 736 01 Havířov, Czech Republic",18.40838327929768,49.79547579763246
CZE,"Kapitána Jasioka 685/57, Prostřední Suchá, 735 64 Havířov, Czech Republic",18.45793273228125,49.79484355067595
CZE,"Těrlická 969/24, 735 35 Horní Suchá, Czech Republic",18.483776821980143,49.796889740879124
CZE,"Františka Hrubína 1537/5, Podlesí, 736 01 Havířov, Czech Republic",18.461305693938073,49.77621414222577
CZE,"Mládežnická 1564/11, Podlesí, 736 01 Havířov, Czech Republic",18.4547658816235,49.77993361175987
CZE,"Těrlická 407/5, 735 35 Horní Suchá, Czech Republic",18.482189289518715,49.797894018608105
CZE,"Sokolovská 1758/1, Nové Město, 735 06 Karviná, Czech Republic",18.54332789710878,49.85959555481543
CZE,"Einsteinova 2871/8, Hranice, 733 01 Karviná, Czech Republic",18.558225724174747,49.86799409606866
CZE,"Slovenská 2936/61, Hranice, 733 01 Karviná, Czech Republic",18.551285256888377,49.86897871823467
CZE,"Dr. Olszaka 156/2, Fryštát, 733 01 Karviná, Czech Republic",18.54491836323632,49.85272918355312
CZE,"Jarní 400, Poruba, 735 14 Orlová, Czech Republic",18.41633292772636,49.85087058034301
CZE,"Mládí 726, Lutyně, 735 14 Orlová, Czech Republic",18.425607922685145,49.86799770028702
CZE,"U Kapličky 959, Lutyně, 735 14 Orlová, Czech Republic",18.42678918429968,49.87538182170846
CZE,"Přehradní 243/9, Horní Těrlicko, 735 42 Těrlicko, Czech Republic",18.491162703601248,49.75367562368217
CZE,"Ve Svahu 775/1a, Ráj, 734 01 Karviná, Czech Republic",18.56556366130968,49.853099160759285
CZE,"Karla Dvořáčka 1230, Lutyně, 735 14 Orlová, Czech Republic",18.438601968082878,49.87796818366181
CZE,"Moravská 497/29, Šumbark, 736 01 Havířov, Czech Republic",18.417172375329386,49.80288841752471
CZE,"17. listopadu 1225/20, 742 21 Kopřivnice, Czech Republic",18.13838784496224,49.605999649318875
CZE,"č.p. 80, 741 01 Bernartice nad Odrou, Czech Republic",17.94954780423425,49.61450203862027
CZE,"č.p. 31, 741 01 Hostašovice, Czech Republic",18.00275060616798,49.52112450009104
CZE,"č.p. 110, 742 65 Rybí, Czech Republic",18.07006000000007,49.59317605800004
CZE,"Hlavní 188, 742 47 Hladké Životice, Czech Republic",17.973464847529982,49.682990028375286
CZE,"Hlavní 25, 742 83 Olbramice, Czech Republic",18.089424789924834,49.78963625141867
CZE,"Lubina 60, 742 21 Kopřivnice, Czech Republic",18.16173731263808,49.61288467031574
CZE,"č.p. 110, 742 21 Závišice, Czech Republic",18.120891022057425,49.61425358775306
CZE,"Školní 64, 742 36 Jakubčovice nad Odrou, Czech Republic",17.79498940231045,49.691855860730556
CZE,"č.p. 140, 742 35 Mankovice, Czech Republic",17.880084632138463,49.64269010504303
CZE,"č.p. 157, 742 35 Vražné, Czech Republic",17.837125086794376,49.619840003653934
CZE,"č.p. 255, 742 51 Mošnov, Czech Republic",18.113318440000057,49.68668000000008
CZE,"č.p. 71, 742 55 Albrechtičky, Czech Republic",18.10498381000002,49.703430000000026
CZE,"č.p. 282, 742 74 Tichá, Czech Republic",18.221611161000055,49.57023000000004
CZE,"č.p. 362, 744 01 Trojanovice, Czech Republic",18.22372111100003,49.52052500000008
CZE,"Osvobození 514, 742 85 Vřesina, Czech Republic",18.127813487373203,49.82606722965187
CZE,"č.p. 346, 742 53 Kunín, Czech Republic",17.985989241000027,49.645740000000046
CZE,"Jubilejní 484/3, 741 01 Nový Jičín, Czech Republic",17.99971923138932,49.595283930932766
CZE,"Komenského 1118/68, 741 01 Nový Jičín, Czech Republic",18.015354917391846,49.59769754186166
CZE,"Tyršova 144/1, 741 01 Nový Jičín, Czech Republic",18.010077754971604,49.592337482419026
CZE,"Tyršova 913, 744 01 Frenštát pod Radhoštěm, Czech Republic",18.214178270760073,49.545255158816104
CZE,"Masarykova 426, 742 45 Fulnek, Czech Republic",17.909349574665242,49.714947626793276
CZE,"Pionýrská 791/7A, 742 21 Kopřivnice, Czech Republic",18.13789130101813,49.59955476205775
CZE,"Sportovní 258, 742 72 Mořkov, Czech Republic",18.058124416534838,49.53784107209083
CZE,"Jičínská 486, 742 58 Příbor, Czech Republic",18.139668432129383,49.640510417353596
CZE,"Komenského 323, 742 01 Suchdol nad Odrou, Czech Republic",17.93294681139892,49.6535592803981
CZE,"č.p. 276, 742 73 Veřovice, Czech Republic",18.123260747000074,49.531572521000044
CZE,"Hlavní 103, 742 83 Zbyslavice, Czech Republic",18.072492088224976,49.80592379803113
CZE,"Alšova 1123/2, 742 21 Kopřivnice, Czech Republic",18.138837701705683,49.58903170171615
CZE,"Pohořská 1010/8, 742 35 Odry, Czech Republic",17.836592475807578,49.66501197762091
CZE,"Butovická 346, Butovice, 742 13 Studénka, Czech Republic",18.04278511462863,49.71285495893696
CZE,"Zauličí 485, 742 66 Štramberk, Czech Republic",18.121973983068926,49.58727774656717
CZE,"Komenského 571/66, 741 01 Nový Jičín, Czech Republic",18.01602387708428,49.59681274816245
CZE,"Mniší 66, 742 21 Kopřivnice, Czech Republic",18.196771823892732,49.60086552407634
CZE,"č.p. 34, 742 93 Slatina, Czech Republic",17.971427746000074,49.79386081200005
CZE,"č.p. 58, 742 33 Jeseník nad Odrou, Czech Republic",17.902570326000045,49.61507596100006
CZE,"č.p. 171, 742 43 Pustějov, Czech Republic",18.003346091000026,49.69881500000008
CZE,"č.p. 58, 743 01 Tísek, Czech Republic",18.01916212268089,49.794901890739965
CZE,"č.p. 253, 742 56 Sedlnice, Czech Republic",18.09649495800005,49.65370930500006
CZE,"Školní 20, 742 42 Šenov u Nového Jičína, Czech Republic",18.005449351857152,49.60573147032676
CZE,"č.p. 147, 742 54 Bartošovice, Czech Republic",18.04684741500006,49.664228980000075
CZE,"Ostravská 658/28, 743 01 Bílovec, Czech Republic",18.02243159060481,49.759206338673465
CZE,"Komenského 701/3, 743 01 Bílovec, Czech Republic",18.0197410835045,49.754008636695346
CZE,"Záhuní 408, 744 01 Frenštát pod Radhoštěm, Czech Republic",18.20693437857875,49.547070134220206
CZE,"Česká 339, 742 45 Fulnek, Czech Republic",17.901947935066175,49.715146277898526
CZE,"č.p. 300, 742 71 Hodslavice, Czech Republic",18.027690000000064,49.53753502100005
CZE,"č.p. 315, 742 82 Jistebník, Czech Republic",18.138651218000064,49.74714312900005
CZE,"Obránců míru 369/2, 742 21 Kopřivnice, Czech Republic",18.14405434678497,49.60022858325402
CZE,"č.p. 360, 742 75 Lichnov, Czech Republic",18.167634674000055,49.562955000000045
CZE,"Komenského 609/6, 742 35 Odry, Czech Republic",17.827298705385658,49.6642066862733
CZE,"Petřvald 1-Petřvald 372, 742 60 Petřvald, Czech Republic",18.15374156374193,49.705838551607826
CZE,"č.p. 1, 742 37 Spálov, Czech Republic",17.721579822000024,49.70268641800004
CZE,"2. května 500, 742 13 Studénka, Czech Republic",18.07658865958294,49.71956894719952
CZE,"Sjednocení 650, Butovice, 742 13 Studénka, Czech Republic",18.05222724473674,49.71233071280287
CZE,"č.p. 47, 742 35 Heřmanice u Oder, Czech Republic",17.81219799710875,49.72214142971282
CZE,"č.p. 126, 742 31 Starý Jičín, Czech Republic",17.958490176000055,49.58006560200005
CZE,"č.p. 144, 742 81 Bravantice, Czech Republic",18.078446771000074,49.760395000000074
CZE,"č.p. 116, 742 91 Velké Albrechtice, Czech Republic",18.048257713000055,49.751315000000034
CZE,"č.p. 86, 742 45 Kujavy, Czech Republic",17.973475950078342,49.70067813137186
CZE,"č.p. 89, 742 58 Trnávka, Czech Republic",18.180596103959587,49.686262322597116
CZE,"Vřesinská 22, 742 83 Klimkovice, Czech Republic",18.126888879633924,49.79159539555738
CZE,"Školní 1510, 742 58 Příbor, Czech Republic",18.150964303943766,49.639569632541196
CZE,"č.p. 149, 742 72 Životice u Nového Jičína, Czech Republic",18.06954659803556,49.550616680479806
CZE,"č.p. 204, 742 67 Ženklava, Czech Republic",18.112073920000057,49.56219605500007
CZE,"č.p. 20, 783 16 Jívová, Czech Republic",17.397274891009612,49.70777757201401
CZE,"Vítězná 1250/31, 784 01 Litovel, Czech Republic",17.081684748214514,49.704399923656325
CZE,"Haškova 211, 783 91 Uničov, Czech Republic",17.12252448178944,49.76941050950876
CZE,"Příčná 326, 783 72 Velký Týnec, Czech Republic",17.33439527327866,49.54672597327584
CZE,"Heyrovského 460/33, Povel, 779 00 Olomouc, Czech Republic",17.241790330615714,49.57918166629
CZE,"Zeyerova 970/28, Hodolany, 779 00 Olomouc, Czech Republic",17.271676090206796,49.59262561034069
CZE,"Stupkova 953/16, Nová Ulice, 779 00 Olomouc, Czech Republic",17.232164972104215,49.588833385887
CZE,"tř. Spojenců 702/8, 779 00 Olomouc, Czech Republic",17.2452217141377,49.59482074696331
CZE,"8. května 67, 783 53 Velká Bystřice, Czech Republic",17.36314050730465,49.59408879726851
CZE,"Hálkova 335/4, Hodolany, 779 00 Olomouc, Czech Republic",17.27401883214435,49.5900998495473
CZE,"Náves Svobody 218/41a, Holice, 779 00 Olomouc, Czech Republic",17.296922298752207,49.572245976688464
CZE,"Mozartova 252/48, Nová Ulice, 779 00 Olomouc, Czech Republic",17.239519673045493,49.58911355100065
CZE,"Tererovo nám. 919/1, Nová Ulice, 779 00 Olomouc, Czech Republic",17.230573835424423,49.59505309331931
CZE,"Demlova 518/18, Lazce, 779 00 Olomouc, Czech Republic",17.25959131366554,49.602443710715704
CZE,"Nedvědova 366/17, Povel, 779 00 Olomouc, Czech Republic",17.243651951310994,49.58104156869513
CZE,"Komenského 283, 783 44 Náměšť na Hané, Czech Republic",17.06794119303484,49.601804339141495
CZE,"Řezníčkova 25/1, Hodolany, 779 00 Olomouc, Czech Republic",17.286029596480546,49.5921333411672
CZE,"č.p. 65, 779 00 Bystročice, Czech Republic",17.18521987424597,49.54174369344376
CZE,"č.p. 102, 783 75 Věrovany, Czech Republic",17.28424731564855,49.472237979110076
CZE,"Komenského 31, 784 01 Červenka, Czech Republic",17.086536277591506,49.71904386287511
CZE,"Nasobůrky 91, 783 21 Litovel, Czech Republic",17.056653619304598,49.688036604639166
CZE,"Školní 126, 751 03 Majetín, Czech Republic",17.333890012155223,49.5025154992484
CZE,"č.p. 200, 783 97 Paseka, Czech Republic",17.23711418000005,49.79801500000008
CZE,"č.p. 41, 783 22 Vilémov, Czech Republic",16.994344305000027,49.63937500000003
CZE,"č.p. 145, 783 56 Doloplazy, Czech Republic",17.41282291600004,49.568349295000075
CZE,"č.p. 22, 783 33 Příkazy, Czech Republic",17.15446000000003,49.63868895300004
CZE,"Raisova 15/1, Nemilany, 783 01 Olomouc, Czech Republic",17.24909306375733,49.55640635898169
CZE,"8. května 501/29, 779 00 Olomouc, Czech Republic",17.250912858755754,49.59556640106979
CZE,"Holečkova 193/10, Povel, 779 00 Olomouc, Czech Republic",17.249268580809826,49.5796055810431
CZE,"Svatoplukova 65/11, Řepčín, 779 00 Olomouc, Czech Republic",17.232197577707552,49.6065762404383
CZE,"č.p. 56, 783 21 Bílá Lhota, Czech Republic",17.00237994200006,49.707100000000025
CZE,"Olomoucká 116, 783 61 Hlubočky, Czech Republic",17.402435623762415,49.62715037615371
CZE,"č.p. 192, 784 01 Pňovice, Czech Republic",17.152142710182073,49.7191592418322
CZE,"Dolní 597/8a, 783 13 Štěpánov, Czech Republic",17.224300735268883,49.68328586764787
CZE,"Dr. Hrubého 319/2, 785 01 Šternberk, Czech Republic",17.293722088119807,49.72693223959158
CZE,"náměstí Svobody 1264/3, 785 01 Šternberk, Czech Republic",17.296194246642386,49.726243037602984
CZE,"č.p. 204, 783 85 Šumvald, Czech Republic",17.13677000000007,49.83998837300004
CZE,"č.p. 313, 783 83 Troubelice, Czech Republic",17.072627442000055,49.82982000000004
CZE,"č.p. 79, 783 91 Medlov, Czech Republic",17.037237907947322,49.78244894068406
CZE,"č.p. 183, 783 57 Tršice, Czech Republic",17.408820982000066,49.54664000000008
CZE,"U Stadionu 849, 783 91 Uničov, Czech Republic",17.11550966702194,49.773867628431816
CZE,"Pionýrů 685, 783 91 Uničov, Czech Republic",17.111856665980014,49.76946985338324
CZE,"č.p. 72, 779 00 Daskabát, Czech Republic",17.44170037287621,49.5838401318614
CZE,"č.p. 123, 783 83 Nová Hradečná, Czech Republic",17.078584411263698,49.84859086128909
CZE,"Rožňavská 728/21, Nové Sady, 779 00 Olomouc, Czech Republic",17.252918983461768,49.574835859041116
CZE,"Gagarinova 1/19, Droždín, 779 00 Olomouc, Czech Republic",17.331484573581946,49.61627351567907
CZE,"Pod lipami 210, 783 14 Bohuňovice, Czech Republic",17.287017236131703,49.66123064964137
CZE,"Jungmannova 655/2, 784 01 Litovel, Czech Republic",17.077741481865644,49.70172898829995
CZE,"č.p. 52, 783 14 Štarnov, Czech Republic",17.272270169973346,49.68442153159035
CZE,"Gorkého 96/39, Pavlovičky, 779 00 Olomouc, Czech Republic",17.279473187997695,49.607093361954725
CZE,"Žižkov 300, 783 45 Senice na Hané, Czech Republic",17.087112868710932,49.6288884895057
CZE,"Svatoplukova 1419/7, 785 01 Šternberk, Czech Republic",17.303113423894672,49.72381450688644
CZE,"č.p. 40, 785 01 Babice, Czech Republic",17.265297121983142,49.74050766653495
CZE,"Dvorského 115/33, Svatý Kopeček, 779 00 Olomouc, Czech Republic",17.341776796310114,49.62999117077794
CZE,"Šrámkova 1457/4, Kateřinky, 747 05 Opava, Czech Republic",17.9098298577172,49.944236515995215
CZE,"Lesní 174/14, Bobrovníky, 748 01 Hlučín, Czech Republic",18.206627684741562,49.87274500069802
CZE,"Jandova 7/9, Darkovičky, 748 01 Hlučín, Czech Republic",18.20229717446597,49.920581025034465
CZE,"Malá Strana 131/64, 747 71 Brumovice, Czech Republic",17.746478802406443,50.01616137568661
CZE,"Československých tankistů 76, 747 66 Dolní Lhota, Czech Republic",18.092709993055422,49.84237325836082
CZE,"Meleček 91, Žimrovice, 747 41 Hradec nad Moravicí, Czech Republic",17.843318114915547,49.85524031792545
CZE,"Hájová 98, 747 62 Mokré Lazce, Czech Republic",18.029464594102222,49.90286847106316
CZE,"Ke Strážnici 109/2, Suché Lazce, 747 95 Opava, Czech Republic",17.984643205061843,49.89896283945953
CZE,"Chmelová 86/2, Vávrovice, 747 73 Opava, Czech Republic",17.859451015414407,49.97886940835923
CZE,"Kylešovská 105, 747 81 Otice, Czech Republic",17.869480130201907,49.91713941559061
CZE,"č.p. 92, 747 64 Těškovice, Czech Republic",18.019210993028175,49.81904815145964
CZE,"U Kluziště 381/8, 747 17 Darkovice, Czech Republic",18.22297046809595,49.93873664640762
CZE,"Poručíka Hoši 59/1, 747 11 Kozmice, Czech Republic",18.15338181245764,49.913636324886994
CZE,"21. dubna 98/6, 747 20 Vřesina, Czech Republic",18.19310046648286,49.94668533091743
CZE,"Lesní 147, 747 35 Hněvošice, Czech Republic",18.00241845566893,49.99946827068899
CZE,"Šilheřovická 492, 747 14 Markvartovice, Czech Republic",18.235064883825856,49.90912292148411
CZE,"U Školy 52/1, Komárov, 747 70 Opava, Czech Republic",17.96784142868958,49.91471691984438
CZE,"Školní 105, 747 31 Chlebičov, Czech Republic",17.96740255223932,49.95797562876621
CZE,"Cihelní 1417/8, 748 01 Hlučín, Czech Republic",18.19461365146313,49.8934148577477
CZE,"Markvartovická 966/50, 747 14 Ludgeřovice, Czech Republic",18.237532767577818,49.89246996580272
CZE,"Sokolovská 11, 747 33 Oldřišov, Czech Republic",17.964397472312868,49.99300578143121
CZE,"U Hřiště 1242/4, Kylešovice, 747 06 Opava, Czech Republic",17.916088960094413,49.921686681882335
CZE,"Edvarda Beneše 961/2, Kateřinky, 747 05 Opava, Czech Republic",17.915497700644437,49.94163100139315
CZE,"Mařádkova 518/15, Předměstí, 746 01 Opava, Czech Republic",17.895099333438594,49.94379390959804
CZE,"Vrchní 101/19, Kateřinky, 747 05 Opava, Czech Republic",17.91510098516713,49.94580644645998
CZE,"Englišova 1082/82, Předměstí, 746 01 Opava, Czech Republic",17.883556698394727,49.93174961764913
CZE,"Boženy Němcové 1317/2, Předměstí, 746 01 Opava, Czech Republic",17.905235485129623,49.931739265998715
CZE,"Otická 722/18, Předměstí, 746 01 Opava, Czech Republic",17.897370996837225,49.934031087874445
CZE,"Riegrova 1385/13, Předměstí, 746 01 Opava, Czech Republic",17.895961412180185,49.93574548044043
CZE,"Gudrichova 223, 747 61 Raduň, Czech Republic",17.940179220372897,49.89011087915401
CZE,"Slezská 316, 747 57 Slavkov, Czech Republic",17.834943839272,49.91942897435251
CZE,"Zahradní 408/10, 747 28 Štěpánkovice, Czech Republic",18.039538216795563,49.9593627080132
CZE,"Komenského 26, 747 91 Štítina, Czech Republic",18.013185848488092,49.91539832666302
CZE,"Školní 228, 747 75 Velké Heraltice, Czech Republic",17.726087978913483,49.978717151088034
CZE,"Zámecká 207, 747 31 Velké Hoštice, Czech Republic",17.97323325554524,49.93310807269677
CZE,"Dvořákova 26/37, Malé Hoštice, 747 05 Opava, Czech Republic",17.945589235958465,49.93616063610472
CZE,"Školní 540/9, 747 23 Bolatice, Czech Republic",18.088784328703213,49.95273559817707
CZE,"Školní 90, Chabičov, 747 92 Háj ve Slezsku, Czech Republic",18.09793317601921,49.89732908080208
CZE,"Tyršova 1062/2, 748 01 Hlučín, Czech Republic",18.193618803375216,49.89889519750088
CZE,"Komenského 658/14, 747 21 Kravaře, Czech Republic",18.0079507632218,49.93414483030054
CZE,"Opavská 39, 747 69 Pustá Polom, Czech Republic",17.999494931660365,49.85014600672301
CZE,"Kostelní 230, 747 15 Šilheřovice, Czech Republic",18.270033764778645,49.92914456405171
CZE,"Komenského 754, 749 01 Vítkov, Czech Republic",17.757476613743904,49.77775339492493
CZE,"Opavská 222, 747 19 Bohuslavice, Czech Republic",18.12635838898194,49.942892855006676
CZE,"Hornická 1266/7, 748 01 Hlučín, Czech Republic",18.192743062131456,49.903274532362474
CZE,"Na Chromině 600/2, 747 16 Hať, Czech Republic",18.241292386428114,49.9437341466284
CZE,"č.p. 70, 747 63 Hrabyně, Czech Republic",18.060419154000044,49.88384000000008
CZE,"č.p. 70, 747 23 Bělá, Czech Republic",18.150029788395948,49.97053148804974
CZE,"č.p. 107, 747 55 Litultovice, Czech Republic",17.735949680442637,49.89557902503444
CZE,"č.p. 109, 747 52 Hlavnice, Czech Republic",17.72726070500005,49.92191167300007
CZE,"č.p. 101, 747 68 Kyjovice, Czech Republic",18.04447582800003,49.833750000000066
CZE,"č.p. 127, 747 43 Větřkovice, Czech Republic",17.821403764000024,49.77877402400003
CZE,"č.p. 78, 747 44 Březová, Czech Republic",17.865216313000076,49.80036478100004
CZE,"Halaškovo náměstí 178, 747 87 Budišov nad Budišovkou, Czech Republic",17.6277462102602,49.79432559096921
CZE,"Nádražní 134, 747 22 Dolní Benešov, Czech Republic",18.116358359398475,49.92307824544753
CZE,"Komenského 186, 747 24 Chuchelná, Czech Republic",18.11977792443696,49.99148915987067
CZE,"č.p. 192, 747 84 Melč, Czech Republic",17.73994164900006,49.84608500000007
CZE,"č.p. 67, 747 54 Mladecko, Czech Republic",17.71284134600006,49.90738910700003
CZE,"Školní 530/13, 747 18 Píšť, Czech Republic",18.18971434523803,49.976559146296495
CZE,"č.p. 120, 747 45 Skřipov, Czech Republic",17.92540884500005,49.80677000000003
CZE,"č.p. 150, 747 51 Stěbořice, Czech Republic",17.801117748000024,49.93607500000007
CZE,"Hlavní 78, 747 25 Sudice, Czech Republic",18.067899894932225,50.030166655792925
CZE,"č.p. 134, 747 28 Služovice, Czech Republic",18.0132971166733,49.98533047083231
CZE,"Školní 199, 747 74 Neplachovice, Czech Republic",17.80505472691965,49.9950131634227
CZE,"Opavská 217, 747 41 Hradec nad Moravicí, Czech Republic",17.877363813052597,49.87246286583712
CZE,"Školní 568, 747 27 Kobeřice, Czech Republic",18.049276898638,49.99004734679593
CZE,"Porubská 66/93, 747 94 Děhylov, Czech Republic",18.163917194196927,49.868120537078056
CZE,"Školní 58, 747 41 Branka u Opavy, Czech Republic",17.881899931413074,49.887804933771406
CZE,"č.p. 125, 747 24 Strahovice, Czech Republic",18.086809517450618,49.99869530844823
CZE,"Hlavní 15, 747 56 Dolní Životice, Czech Republic",17.78329203733395,49.897410259534325
CZE,"Bolatická 97/9, Kouty, 747 21 Kravaře, Czech Republic",18.03581204173892,49.92953419682081
CZE,"Ochranova 1244/6, Předměstí, 746 01 Opava, Czech Republic",17.904843128241993,49.94267542843832
CZE,"Opavská 350, 747 64 Velká Polom, Czech Republic",18.099663200834613,49.86308544402155
CZE,"Karla Pokorného 1382/56, Poruba, 708 00 Ostrava, Czech Republic",18.17934417081034,49.837839780299845
CZE,"Hlučínská 136/237, Petřkovice, 725 29 Ostrava, Czech Republic",18.25798637152556,49.87488175736502
CZE,"Výhledy 210/14, Hošťálkovice, 725 28 Ostrava, Czech Republic",18.21130243978058,49.84749200281104
CZE,"Alberta Kučery 1276/20, Hrabůvka, 700 30 Ostrava, Czech Republic",18.25909688987727,49.780298224548005
CZE,"Paskovská 110/46, Hrabová, 720 00 Ostrava, Czech Republic",18.2783956352055,49.778857668758775
CZE,"Kosmonautů 2217/15, Zábřeh, 700 30 Ostrava, Czech Republic",18.231926196362792,49.78820613109889
CZE,"Porubská 831/10, Poruba, 708 00 Ostrava, Czech Republic",18.173936753614782,49.83147724523744
CZE,"Porubská 832/12, Poruba, 708 00 Ostrava, Czech Republic",18.173184310166704,49.83022771302154
CZE,"Bulharská 1532/23, Poruba, 708 00 Ostrava, Czech Republic",18.19060332988883,49.82497536103472
CZE,"Ukrajinská 1533/13, Poruba, 708 00 Ostrava, Czech Republic",18.192744403235963,49.82474083538389
CZE,"Jana Šoupala 1609/6, Poruba, 708 00 Ostrava, Czech Republic",18.175716734573115,49.843203443960846
CZE,"Aleše Hrdličky 1638/1, Poruba, 708 00 Ostrava, Czech Republic",18.179413992063814,49.84529078930862
CZE,"Ivana Sekaniny 1804/15, Poruba, 708 00 Ostrava, Czech Republic",18.162028248497307,49.84586813479936
CZE,"Družební 336/125, Krásné Pole, 725 26 Ostrava, Czech Republic",18.12146872194552,49.841214795522944
CZE,"Heleny Salichové 816/28, Polanka nad Odrou, 725 25 Ostrava, Czech Republic",18.17033337343966,49.79141966895733
CZE,"Bílovecká 10/7, Svinov, 721 00 Ostrava, Czech Republic",18.20149251176113,49.81755695762931
CZE,"Ľudovíta Štúra 1085/8, Poruba, 708 00 Ostrava, Czech Republic",18.180452174591125,49.82394128563996
CZE,"Jugoslávská 2906/23, Zábřeh, 700 30 Ostrava, Czech Republic",18.240639687627862,49.80100860809955
CZE,"Josefa Valčíka 4411/2, Poruba, 708 00 Ostrava, Czech Republic",18.167040039862997,49.8392634884637
CZE,"Horymírova 2978/100, Zábřeh, 700 30 Ostrava, Czech Republic",18.231672476153676,49.807169390752534
CZE,"Těsnohlídkova 99/11, Lhotka, 725 28 Ostrava, Czech Republic",18.228131876433338,49.85706795000334
CZE,"Staroveská 66/62, Proskovice, 724 00 Ostrava, Czech Republic",18.199410111736228,49.75439667690284
CZE,"Nádražní 1217/117, Moravská Ostrava, 702 00 Ostrava, Czech Republic",18.279576980639064,49.845798690731556
CZE,"Na Mlýnici 611/36, Přívoz, 702 00 Ostrava, Czech Republic",18.26969597408069,49.85663473133772
CZE,"Bohumíra Dvorského 1049/1, Bělský Les, 700 30 Ostrava, Czech Republic",18.247439003664738,49.78026704386821
CZE,"Mitrovická 75/389, Nová Bělá, 724 00 Ostrava, Czech Republic",18.253542621738063,49.75436516094692
CZE,"Matiční 1082/5, Moravská Ostrava, 702 00 Ostrava, Czech Republic",18.290040026553925,49.838999961427874
CZE,"Gajdošova 388/9, Moravská Ostrava, 702 00 Ostrava, Czech Republic",18.276547257917258,49.825563435361516
CZE,"Krestova 1387/36a, Hrabůvka, 700 30 Ostrava, Czech Republic",18.264298279892785,49.780058921212344
CZE,"Kosmonautů 2218/13, Zábřeh, 700 30 Ostrava, Czech Republic",18.229983019749625,49.78801908892953
CZE,"Volgogradská 2600/6b, Zábřeh, 700 30 Ostrava, Czech Republic",18.22514749980772,49.79145043054197
CZE,"Junácká 700/112, Stará Bělá, 724 00 Ostrava, Czech Republic",18.238188064768053,49.76428937621614
CZE,"Šeříková 682/33, Výškovice, 700 30 Ostrava, Czech Republic",18.22073451160489,49.78130367574343
CZE,"Ostrčilova 2557/10, Moravská Ostrava, 702 00 Ostrava, Czech Republic",18.28517030844705,49.84198295503947
CZE,"Zelená 1406/42, Moravská Ostrava, 702 00 Ostrava, Czech Republic",18.269454910545363,49.82814082867844
CZE,"Gebauerova 819/8, Přívoz, 702 00 Ostrava, Czech Republic",18.280643410180062,49.85325791400544
CZE,"Bohumínská 1082/72, Slezská Ostrava, 710 00 Ostrava, Czech Republic",18.295512235861054,49.84543361693875
CZE,"Pěší 66/1, Muglinov, 712 00 Ostrava, Czech Republic",18.300950163184183,49.8521241358724
CZE,"Šalounova 394/56, Vítkovice, 703 00 Ostrava, Czech Republic",18.263625464524893,49.809798123226415
CZE,"Provaznická 831/64, Hrabůvka, 700 30 Ostrava, Czech Republic",18.259048526295942,49.790473310179294
CZE,"Mitušova 1506/16, Hrabůvka, 700 30 Ostrava, Czech Republic",18.251937571099006,49.78631190480027
CZE,"Klegova 1169/29, Hrabůvka, 700 30 Ostrava, Czech Republic",18.259429819071386,49.78769877449969
CZE,"Březinova 1383/52, Zábřeh, 700 30 Ostrava, Czech Republic",18.258294657924353,49.79615875510319
CZE,"Chrjukinova 1801/12, Zábřeh, 700 30 Ostrava, Czech Republic",18.24071889661286,49.79290066742939
CZE,"Srbská 450/2, Výškovice, 700 30 Ostrava, Czech Republic",18.22726502000694,49.77650964622222
CZE,"Komenského 668/13, Poruba, 708 00 Ostrava, Czech Republic",18.165119494388392,49.826434440829985
CZE,"Václava Košaře 121/6, Dubina, 700 30 Ostrava, Czech Republic",18.258168929376723,49.7764842071461
CZE,"Františka Formana 268/45, Dubina, 700 30 Ostrava, Czech Republic",18.252599489992775,49.77144198947187
CZE,"Gen. Píky 2975/13A, Moravská Ostrava, 702 00 Ostrava, Czech Republic",18.265196065541915,49.83853761564873
CZE,"Gen. Janka 1208, Mariánské Hory, 709 00 Ostrava, Czech Republic",18.25809005566785,49.83392790417835
CZE,"Chrustova 1418/24, Slezská Ostrava, 713 00 Ostrava, Czech Republic",18.319538793675378,49.84944066957078
CZE,"U Kříže 166/28, Michálkovice, 715 00 Ostrava, Czech Republic",18.34911836234346,49.84472748350572
CZE,"Dětská 915/2, Poruba, 708 00 Ostrava, Czech Republic",18.17774632860801,49.82980723484877
CZE,"Šromotovo náměstí 177, Hranice I-Město, 753 01 Hranice, Czech Republic",17.73239720507172,49.551181206270684
CZE,"Struhlovsko 1795, Hranice I-Město, 753 01 Hranice, Czech Republic",17.727760336235065,49.55228770130887
CZE,"Školní 76, 753 62 Potštát, Czech Republic",17.651855748915978,49.639316582884334
CZE,"Svisle 133/13, Přerov I-Město, 750 02 Přerov, Czech Republic",17.45986750231117,49.44927168053076
CZE,"Velká Dlážka 914/5, Přerov I-Město, 750 02 Přerov, Czech Republic",17.44293915920096,49.45812410184095
CZE,"U Tenisu 171/4, Přerov I-Město, 750 02 Přerov, Czech Republic",17.465632491496223,49.454919616437934
CZE,"Tř. 1. máje 357, Hranice I-Město, 753 01 Hranice, Czech Republic",17.735032056334916,49.55325870288223
CZE,"Školní 223, 753 66 Hustopeče nad Bečvou, Czech Republic",17.866945526500672,49.53128504079362
CZE,"č.p. 251, 751 05 Kokory, Czech Republic",17.372238238000023,49.49261500000006
CZE,"Podvalí 353, Tovačov I-Město, 751 01 Tovačov, Czech Republic",17.28958017066566,49.427409581573414
CZE,"Dědina 10/36, 751 02 Troubky, Czech Republic",17.34730692456816,49.43254043787371
CZE,"č.p. 95, 751 16 Želatovice, Czech Republic",17.51094014100005,49.44820618600005
CZE,"č.p. 49, 750 02 Stará Ves, Czech Republic",17.480278944510268,49.379080464242975
CZE,"Hranická 100, Hranice IV-Drahotuše, 753 61 Hranice, Czech Republic",17.698846709774273,49.550355630717405
CZE,"č.p. 13, 751 25 Lazníky, Czech Republic",17.4778862957049,49.54370841488004
CZE,"Školní 49, 751 21 Prosenice, Czech Republic",17.480641714055395,49.49154459382012
CZE,"č.p. 109, 753 52 Skalička, Czech Republic",17.795450000000073,49.520083982000074
CZE,"Školní 213/13, 750 02 Bochoř, Czech Republic",17.429590140203743,49.420807743175345
CZE,"Školní 5, 751 11 Radslavice, Czech Republic",17.518840812853938,49.47811167197213
CZE,"č.p. 88, 753 53 Všechovice, Czech Republic",17.751076205808758,49.46193765561871
CZE,"Hranická 425/14, Přerov II-Předmostí, 751 24 Přerov, Czech Republic",17.440986846313336,49.467702563604206
CZE,"Želatovská 2583/8, Přerov I-Město, 750 02 Přerov, Czech Republic",17.46485498615766,49.450515932147624
CZE,"č.p. 39, 751 31 Jezernice, Czech Republic",17.627370103040203,49.54269584317885
CZE,"č.p. 198, 753 54 Soběchleby, Czech Republic",17.65182449200006,49.47068000000007
CZE,"č.p. 24, 751 23 Dolní Újezd, Czech Republic",17.54728499500004,49.548577984000076
CZE,"Pod vinohrady 232/30, 751 17 Horní Moštěnice, Czech Republic",17.463343393738995,49.41548682722052
CZE,"č.p. 122, 753 01 Jindřichov, Czech Republic",17.747663260011382,49.64753489517584
CZE,"č.p. 78, 751 22 Osek nad Bečvou, Czech Republic",17.51904564700004,49.51037000000008
CZE,"Hranická 511/45, Lipník nad Bečvou I-Město, 751 31 Lipník nad Bečvou, Czech Republic",17.598064298554362,49.529013000209346
CZE,"Trávník 165/27, Přerov I-Město, 750 02 Přerov, Czech Republic",17.460718600759606,49.45411352880956
CZE,"Majetínská 275, 751 03 Brodek u Přerova, Czech Republic",17.336455796536256,49.48678886959647
CZE,"č.p. 73, 750 02 Beňov, Czech Republic",17.504333637480443,49.413955787191455
CZE,"Za Mlýnem 1250/1, Přerov I-Město, 750 02 Přerov, Czech Republic",17.449927906249627,49.45959705368597
CZE,"Školní 355, 751 14 Dřevohostice, Czech Republic",17.598783465846793,49.42439653883892
CZE,"Svatopluka Čecha 586, Kojetín I-Město, 752 01 Kojetín, Czech Republic",17.304663908344082,49.351305253501664
CZE,"Osecká 315/30, Lipník nad Bečvou I-Město, 751 31 Lipník nad Bečvou, Czech Republic",17.579673061882914,49.5263241694897
CZE,"Boženy Němcové 101/16, Přerov I-Město, 750 02 Přerov, Czech Republic",17.44636534594295,49.4528523876578
CZE,"č.p. 85, 751 44 Polkovice, Czech Republic",17.252546024000026,49.38925962600007
CZE,"náměstí Míru 83, Kojetín I-Město, 752 01 Kojetín, Czech Republic",17.301033203164593,49.350653644348796
CZE,"č.p. 13, 751 15 Domaželice, Czech Republic",17.544227848000048,49.41960000000006
CZE,"Vodní 248/27, 789 85 Mohelnice, Czech Republic",16.924371513037187,49.78000401974657
CZE,"Rudolfa Pavlů 1799/4, 789 01 Zábřeh, Czech Republic",16.878038363940107,49.869709494463024
CZE,"č.p. 12, 789 01 Chromeč, Czech Republic",16.890331525729284,49.93327889632857
CZE,"č.p. 48, 789 64 Bohdíkov, Czech Republic",16.897155000000055,50.03142438400005
CZE,"č.p. 68, 789 72 Bohuslavice, Czech Republic",16.93542741411197,49.822481343163446
CZE,"č.p. 103, 789 62 Bohutín, Czech Republic",16.875383599576647,49.95410091702624
CZE,"č.p. 85, 789 75 Brníčko, Czech Republic",16.968679785000063,49.89283000000006
CZE,"č.p. 52, 789 01 Hrabová, Czech Republic",16.945838374684083,49.859691889890556
CZE,"č.p. 93, 789 01 Horní Studénky, Czech Republic",16.809656674163428,49.95753739058493
CZE,"Hrabenov 175, 789 63 Ruda nad Moravou, Czech Republic",16.901741631748962,49.97686709741916
CZE,"č.p. 240, 789 01 Jedlí, Czech Republic",16.788197694440438,49.93409513989336
CZE,"č.p. 116, 789 01 Jestřebí, Czech Republic",16.852227670688418,49.84375208978835
CZE,"č.p. 18, 788 23 Jindřichov, Czech Republic",16.963486113000044,50.11281000000008
CZE,"7. května 134, 789 71 Leština, Czech Republic",16.932265002714587,49.86962802236417
CZE,"č.p. 56, 789 01 Lukavice, Czech Republic",16.892221723375865,49.8211441682406
CZE,"Starý Maletín 94, 789 01 Maletín, Czech Republic",16.784273617334804,49.79842274906039
CZE,"č.p. 213, 789 82 Moravičany, Czech Republic",16.967634943000064,49.75118000000003
CZE,"č.p. 141, 789 01 Svébohov, Czech Republic",16.839124995449424,49.92279867666818
CZE,"č.p. 133, 787 01 Bratrušov, Czech Republic",16.96043533458995,50.02614432984458
CZE,"Zábřežská 143, 789 72 Dubicko, Czech Republic",16.96128088839413,49.829044062564634
CZE,"č.p. 139, 788 04 Hrabišín, Czech Republic",17.03421252800007,49.91653206700005
CZE,"č.p. 145, 789 74 Rohle, Czech Republic",17.013139008000053,49.87053000000003
CZE,"Nová dědina 368, 789 61 Bludov, Czech Republic",16.92276017597075,49.94519339406173
CZE,"Hlavní 145, 788 33 Hanušovice, Czech Republic",16.931125985892095,50.07453395522876
CZE,"č.p. 548, 788 05 Libina, Czech Republic",17.085603586000047,49.88153500000004
CZE,"Komenského 17/10, 789 83 Loštice, Czech Republic",16.930521650673143,49.74547502107242
CZE,"Mlýnská 758/1, 789 85 Mohelnice, Czech Republic",16.916567458266655,49.77909311641898
CZE,"Školní 290, 789 69 Postřelmov, Czech Republic",16.91530581420068,49.90844310722707
CZE,"Sportovní 300, 789 63 Ruda nad Moravou, Czech Republic",16.877984887397844,49.979378357520034
CZE,"Nádražní 77, 788 32 Staré Město, Czech Republic",16.945640843801954,50.160715300664634
CZE,"č.p. 176, 788 21 Sudkov, Czech Republic",16.95361515604909,49.924504113376315
CZE,"Školní 98, 789 91 Štíty, Czech Republic",16.765598066507664,49.96104893738453
CZE,"Vrchlického 1846/22, 787 01 Šumperk, Czech Republic",16.980332870492873,49.97142338658284
CZE,"8. května 870/63, 787 01 Šumperk, Czech Republic",16.992635576516676,49.96648225466092
CZE,"Šumavská 2325/21, 787 01 Šumperk, Czech Republic",16.96897002727212,49.970486625083936
CZE,"Školní 187, 789 73 Úsov, Czech Republic",17.013485812122696,49.802823583503624
CZE,"Osvobození 350, 788 15 Velké Losiny, Czech Republic",17.05086792681871,50.042058522832605
CZE,"Boženy Němcové 1503/15, 789 01 Zábřeh, Czech Republic",16.86860780085837,49.88384972321049
CZE,"Školská 406/11, 789 01 Zábřeh, Czech Republic",16.87891620065966,49.88384016784087
CZE,"Severovýchod 484/26, 789 01 Zábřeh, Czech Republic",16.880989045314948,49.88734137261628
CZE,"č.p. 58, 788 11 Loučná nad Desnou, Czech Republic",17.12498666500005,50.10639872100006
CZE,"Sluneční 2692/38, 787 01 Šumperk, Czech Republic",16.95624755553726,49.97112155424949
CZE,"č.p. 90, 789 01 Nemile, Czech Republic",16.835631878000072,49.87435500000004
CZE,"č.p. 150, 789 62 Bušín, Czech Republic",16.850365000000068,49.97692433200007
CZE,"Dr. E. Beneše 974/1, 787 01 Šumperk, Czech Republic",16.97375324413821,49.96303217949486
CZE,"č.p. 66, 789 74 Kamenná, Czech Republic",17.04069700244618,49.86049819396251
CZE,"Šafaříkova 726/9, 757 01 Valašské Meziříčí, Czech Republic",17.975859473448168,49.467847612438646
CZE,"Masarykova 291/20, Krásno nad Bečvou, 757 01 Valašské Meziříčí, Czech Republic",17.971449167454352,49.47626882673998
CZE,"č.p. 133, 756 41 Lešná, Czech Republic",17.954473112000073,49.51794000000007
CZE,"Žerotínova 376, 757 01 Valašské Meziříčí, Czech Republic",17.975642298336908,49.47196036086976
CZE,"Křižná 167, Krásno nad Bečvou, 757 01 Valašské Meziříčí, Czech Republic",17.96668774353651,49.472942845650465
CZE,"č.p. 301, 756 11 Valašská Polanka, Czech Republic",18.002313225000023,49.25554500000004
CZE,"č.p. 500, 756 51 Zašová, Czech Republic",18.04253549200007,49.482036392000055
CZE,"č.p. 181, 756 53 Vidče, Czech Republic",18.09683743000005,49.441498179000064
CZE,"č.p. 437, 756 04 Nový Hrozenkov, Czech Republic",18.204175000000077,49.337022166000054
CZE,"č.p. 426, 756 01 Hovězí, Czech Republic",18.061665000000062,49.30023020500005
CZE,"č.p. 535, 756 03 Halenkov, Czech Republic",18.142580000000066,49.337998811000034
CZE,"č.p. 360, 756 27 Valašská Bystřice, Czech Republic",18.107668084000068,49.39843390900006
CZE,"Hutisko 605, 756 62 Hutisko-Solanec, Czech Republic",18.218748503466486,49.432256375175086
CZE,"č.p. 578, 756 55 Dolní Bečva, Czech Republic",18.213801750000073,49.46897000000007
CZE,"Nad Školou 1876, 755 01 Vsetín, Czech Republic",18.004721383566363,49.33044324132169
CZE,"Videčská 63, 756 61 Rožnov pod Radhoštěm, Czech Republic",18.13738788391342,49.45826026585803
CZE,"č.p. 380, 756 22 Hošťálková, Czech Republic",17.852458703000025,49.350820000000056
CZE,"Jasenická 1544, 755 01 Vsetín, Czech Republic",18.011110992176043,49.33425822264246
CZE,"č.p. 203, 756 25 Růžďka, Czech Republic",18.001672763000045,49.39325500000007
CZE,"Matouše Václavka 1217, 755 01 Vsetín, Czech Republic",17.985381986007724,49.3410950896056
CZE,"Michala Urbánka 436, Rokytnice, 755 01 Vsetín, Czech Republic",17.989057785826304,49.33040732486657
CZE,"MUDr. Františka Sovy 97, 755 01 Vsetín, Czech Republic",18.003676411697484,49.33978696788651
CZE,"č.p. 306, 756 23 Jablůnka, Czech Republic",17.95925863614421,49.384261390504555
CZE,"č.p. 105, 756 43 Kladeruby, Czech Republic",17.87531239343151,49.48969070668137
CZE,"č.p. 127, 756 23 Pržno, Czech Republic",17.93956816000002,49.38967405100004
CZE,"Sevastopolská 467, 756 61 Rožnov pod Radhoštěm, Czech Republic",18.12913137400949,49.46574417383678
CZE,"č.p. 101, 756 45 Branky, Czech Republic",17.904969418000064,49.45841500000006
CZE,"č.p. 290, 756 02 Huslenky, Czech Republic",18.110708630000033,49.29406000000006
CZE,"č.p. 116, 756 42 Choryně, Czech Republic",17.902442859000075,49.492485000000045
CZE,"č.p. 53, 757 01 Jarcová, Czech Republic",17.95398954950376,49.44311013326304
CZE,"č.p. 154, 756 21 Kateřinice, Czech Republic",17.87912661813091,49.388246991667366
CZE,"č.p. 43, 756 44 Kunovice, Czech Republic",17.8140830690831,49.43634246681751
CZE,"č.p. 93, 756 11 Leskovec, Czech Republic",17.994521074989,49.283409468261766
CZE,"č.p. 42, 756 24 Mikulůvka, Czech Republic",17.933434873000067,49.42081500000006
CZE,"č.p. 192, 756 11 Pozděchov, Czech Republic",17.968500991189696,49.228910530643894
CZE,"č.p. 207, 756 56 Prostřední Bečva, Czech Republic",18.260190000000023,49.450300569000035
CZE,"č.p. 84, 756 12 Střelná, Czech Republic",18.116683057008917,49.174288940009056
CZE,"č.p. 76, 756 12 Študlov, Czech Republic",18.0964711729953,49.153324556865776
CZE,"č.p. 88, 756 61 Vigantice, Czech Republic",18.18750517959738,49.43310090356186
CZE,"č.p. 103, 756 07 Zděchov, Czech Republic",18.091933754000024,49.26030000000003
CZE,"č.p. 36, 756 12 Lidečko, Czech Republic",18.036602268000024,49.19057000000004
CZE,"č.p. 112, 756 21 Ratiboř, Czech Republic",17.89960550400002,49.363803277000045
CZE,"č.p. 190, 756 14 Francova Lhota, Czech Republic",18.119952038528513,49.20631637843359
CZE,"č.p. 544, 756 57 Horní Bečva, Czech Republic",18.316035574000068,49.431665000000066
CZE,"č.p. 200, 756 12 Horní Lideč, Czech Republic",18.07014480085141,49.18134614999726
CZE,"č.p. 229, 756 43 Kelč, Czech Republic",17.838474915000063,49.48461702700007
CZE,"č.p. 465, 756 31 Liptál, Czech Republic",17.920918792000066,49.30043354000003
CZE,"č.p. 19, 756 06 Velké Karlovice, Czech Republic",18.338106485000026,49.36175000000003
CZE,"Hlavní 70, 756 54 Zubří, Czech Republic",18.09284678571524,49.472817326650414
CZE,"Boženy Němcové 1180, 756 61 Rožnov pod Radhoštěm, Czech Republic",18.14820514905648,49.457142832436205
CZE,"č.p. 128, 755 01 Lhota u Vsetína, Czech Republic",17.95110517973895,49.310954161862696
CZE,"č.p. 124, 756 44 Police, Czech Republic",17.87483804968803,49.447341629489635
CZE,"Kobylská 250, 756 05 Karolinka, Czech Republic",18.230774606685515,49.35337688278099
CZE,"5. května 1700, 756 61 Rožnov pod Radhoštěm, Czech Republic",18.13785768958641,49.46817345892461
CZE,"Wolkerova 712, 793 76 Zlaté Hory, Czech Republic",17.397588117698945,50.25628458720459
CZE,"Nábřežní 413/28, Bukovice, 790 01 Jeseník, Czech Republic",17.208963445019435,50.222496464952116
CZE,"č.p. 259, 790 57 Bernartice, Czech Republic",17.078746143000046,50.37687000000005
CZE,"č.p. 164, 790 53 Stará Červená Voda, Czech Republic",17.19227006600005,50.32022055500005
CZE,"č.p. 90, 790 65 Skorošice, Czech Republic",17.06458059700003,50.29995500000007
CZE,"č.p. 129, 790 51 Supíkovice, Czech Republic",17.245762228000046,50.29793173000007
CZE,"Adolfovice 170, 790 01 Bělá pod Pradědem, Czech Republic",17.19449862707151,50.192416077569334
CZE,"Školní 72, 790 70 Javorník, Czech Republic",17.00454299198674,50.391430664058504
CZE,"Makarenkova 414, 790 81 Česká Ves, Czech Republic",17.218085470245256,50.24937848572125
CZE,"č.p. 530, 790 61 Lipová-lázně, Czech Republic",17.146748811000066,50.215775000000065
CZE,"Hlavní 346, 790 84 Mikulovice, Czech Republic",17.32243513563762,50.29854593346758
CZE,"č.p. 262, 790 64 Vápenná, Czech Republic",17.115332360000025,50.26511500000004
CZE,"Hrdinů 249, 790 55 Vidnava, Czech Republic",17.187287843407745,50.371381486938986
CZE,"Školní 147, 790 65 Žulová, Czech Republic",17.09917275099977,50.307815689736884
CZE,"Žižkova 589, 267 51 Zdice, Czech Republic",13.979542466802314,49.915345604492046
CZE,"Sokolovická 260, 267 62 Komárov, Czech Republic",13.856559495374825,49.808449516915005
CZE,"Školní 246, 267 24 Hostomice, Czech Republic",14.042179842499166,49.82554926994516
CZE,"Školní 121, 411 19 Mšené-lázně, Czech Republic",14.123855034878403,50.36163672821672
CZE,"Školní 559, 411 08 Štětí, Czech Republic",14.377805075784124,50.45284868239091
CZE,"Pod Šachtami 335, Příbram IV, 261 01 Příbram, Czech Republic",13.998428738675273,49.685034123102696
CZE,"Holečkova 104/4, Smíchov, 150 00 Praha 5, Czech Republic",14.397414705901127,50.07627856455571
CZE,"Mochovská 570/41, Hloubětín, 198 00 Praha 9, Czech Republic",14.54118647358436,50.10802217298561
CZE,"Moskevská 408/29, Vršovice, 101 00 Praha 10, Czech Republic",14.454536454032421,50.069254278237594
CZE,"Na Celně 915/2, Mladá Boleslav III, 293 01 Mladá Boleslav, Czech Republic",14.920214207340138,50.41037259176858
CZE,"Plzeňská 63, 270 33 Jesenice, Czech Republic",13.469440794302812,50.097191957802124
CZE,"Zlatá stezka 387, Prachatice II, 383 01 Prachatice, Czech Republic",13.995373115872667,49.009171472400965
CZE,"Skupova 423/15, Doudlevce, 301 00 Plzeň, Czech Republic",13.375269609212523,49.72499430166789
CZE,"alej Svobody 923/80, Severní Předměstí, 323 00 Plzeň, Czech Republic",13.380227924035978,49.76231564756591
CZE,"Husova 357/10, Liberec I-Staré Město, 460 01 Liberec, Czech Republic",15.063440983678873,50.77031955158819
CZE,"Náměstí 7, Frýdlant, 739 11 Frýdlant nad Ostravicí, Czech Republic",18.359922970812733,49.593014991652694
CZE,"Karasova 300/6, Mariánské Hory, 709 00 Ostrava, Czech Republic",18.25276402675209,49.83066218897267
CZE,"Paskovská 65/92, Hrabová, 720 00 Ostrava, Czech Republic",18.2815151281103,49.774217698617946
CZE,"Turkmenská 1612, 755 01 Vsetín, Czech Republic",18.001494518481877,49.332184036882694
CZE,"Křižná 782, Krásno nad Bečvou, 757 01 Valašské Meziříčí, Czech Republic",17.96526407728217,49.47221077022712
CZE,"Olomoucká 305/88, Předměstí, 746 01 Opava, Czech Republic",17.875096508243644,49.93191926736941
CZE,"náměstí Slezského odboje 361/3a, Předměstí, 746 01 Opava, Czech Republic",17.89203407144734,49.93931340516514
CZE,"U Haldy 1586/66, Hrabůvka, 700 30 Ostrava, Czech Republic",18.269465304105296,49.78872853321431
CZE,"Ukrajinská 1535/19, Poruba, 708 00 Ostrava, Czech Republic",18.193262237214128,49.8240706603155
CZE,"náměstí 5. května 2/12, 250 88 Čelákovice, Czech Republic",14.751451795339335,50.163398347871095
CZE,"Havlíčkova 520/1, Předměstí, 746 01 Opava, Czech Republic",17.894401707637314,49.939922140883255
CZE,"Boleslavova 250/1, Nusle, 140 00 Praha 4, Czech Republic",14.433947482348401,50.063873222127484
CZE,"Mánesova 1672, 356 01 Sokolov, Czech Republic",12.675267454551204,50.174051034345325
CZE,"Poděbradova 640, 440 01 Louny, Czech Republic",13.797059885131688,50.35522499138267
CZE,"Šaldova 657/6, Předměstí, 412 01 Litoměřice, Czech Republic",14.127574336774444,50.54018191087067
CZE,"Herbenova 2969/4, 690 03 Břeclav, Czech Republic",16.888092121522902,48.76938408183372
CZE,"Ibsenova 114/1, Lesná, 638 00 Brno, Czech Republic",16.619347853874473,49.23061280475491
CZE,"Frýdecká 691/34, 737 01 Český Těšín, Czech Republic",18.61336682858567,49.740810156679146
CZE,"Za invalidovnou 628/1, Karlín, 186 00 Praha 8, Czech Republic",14.463440968870856,50.09362679910549
CZE,"Vídeňská 800, Krč, 140 00 Praha 4, Czech Republic",14.457821321886883,50.029777525938016
CZE,"Belgická 67/25, Vinohrady, 120 00 Praha 2, Czech Republic",14.43580700756786,50.073211584274276
CZE,"Střížkovská 32/27, Střížkov, 180 00 Praha 8, Czech Republic",14.482668384203066,50.12406354310181
CZE,"U Přehrady 3196/4, 466 02 Jablonec nad Nisou, Czech Republic",15.171828295649874,50.731478650463515
CZE,"Javorník 46, 384 73 Vacov, Czech Republic",13.662436210393167,49.140982725257516
CZE,"Školní 319, 387 01 Volyně, Czech Republic",13.885606980829323,49.16934758851741
CZE,"č.p. 1, 391 20 Radenín, Czech Republic",14.832556802000056,49.36566000000005
CZE,"č.p. 47, 471 57 Krompach, Czech Republic",14.704768636707838,50.83334334471962
CZE,"Plánkova 430, Strakonice I, 386 01 Strakonice, Czech Republic",13.902535323939532,49.26560720860289
CZE,"Hornická 327, Příbram II, 261 01 Příbram, Czech Republic",14.017470494852148,49.689135681693045
CZE,"Pionýrů 2352, Místek, 738 01 Frýdek-Místek, Czech Republic",18.34152326841911,49.68237156964949
CZE,"Jablunkovská 241, Lyžbice, 739 61 Třinec, Czech Republic",18.686590212716993,49.66480305868424
CZE,"Středová 4694, 760 05 Zlín, Czech Republic",17.66260470154816,49.23580082563487
CZE,"SPC N 454/54, Pod Cvilínem, 794 01 Krnov, Czech Republic",17.72057352481437,50.08753147911631
CZE,"Volgogradská 2633/2, Zábřeh, 700 30 Ostrava, Czech Republic",18.22931146166721,49.79337453832542
CZE,"nám. Sv. Michala 17/20, 793 26 Vrbno pod Pradědem, Czech Republic",17.378053505615355,50.117111005874875
CZE,"Masarykova 434/4, 789 85 Mohelnice, Czech Republic",16.920624802317775,49.774058400548086
CZE,"Dukelská 1112, Mladá Boleslav III, 293 01 Mladá Boleslav, Czech Republic",14.929839062937447,50.411999602993944
CZE,"Větrná 54, Jindřichův Hradec V, 377 01 Jindřichův Hradec, Czech Republic",14.996092726940333,49.132521822644634
CZE,"Běžecká 2055, 356 01 Sokolov, Czech Republic",12.647588147152021,50.171291418453336
CZE,"Maršovská 1453/2, Trnovany, 415 01 Teplice, Czech Republic",13.84528508123256,50.66015196529224
CZE,"Gorkého 867, Zelené Předměstí, 530 02 Pardubice, Czech Republic",15.76936830569494,50.02558389214127
CZE,"Čejkovická 4339/10, Židenice, 628 00 Brno, Czech Republic",16.663741765852905,49.201246681251206
CZE,"Družba 1178, Brumov, 763 31 Brumov-Bylnice, Czech Republic",18.020207284959127,49.08168557988557
CZE,"č.p. 78, 763 01 Sazovice, Czech Republic",17.56420372083461,49.23813957769842
CZE,"Hodonínská 925, 696 03 Dubňany, Czech Republic",17.09907820313194,48.91046282784569
CZE,"Březinova 3659/31, 586 01 Jihlava, Czech Republic",15.6014504542581,49.40021814284856
CZE,"č.p. 66, 431 58 Místo, Czech Republic",13.263903706000065,50.447415000000035
CZE,"č.p. 100, 763 21 Rokytnice, Czech Republic",17.93805794061934,49.03857110454105
CZE,"č.p. 120, 790 65 Kobylá nad Vidnavkou, Czech Republic",17.131877333128518,50.33789506145589
CZE,"č.p. 148, 268 01 Tlustice, Czech Republic",13.882691500803556,49.84973512602297
CZE,"č.p. 151, 592 52 Rožná, Czech Republic",16.230812615000048,49.484905000000026
CZE,"č.p. 1, 394 61 Božejov, Czech Republic",15.160260934000064,49.36154459800008
CZE,"č.p. 220, 582 53 Štoky, Czech Republic",15.569265936000022,49.510200000000054
CZE,"č.p. 242, 588 33 Stonařov, Czech Republic",15.608279895867478,49.299827280655954
CZE,"Školní 373/2, 588 51 Batelov, Czech Republic",15.39062614338036,49.313536900707305
CZE,"č.p. 84, 588 34 Dlouhá Brtnice, Czech Republic",15.600628287000063,49.23723386000006
CZE,"č.p. 28, 594 56 Žďárec, Czech Republic",16.26631469800003,49.37812500000007
CZE,"Nám. Prof. Bechyně 53, 394 21 Hořepník, Czech Republic",15.10544420923361,49.512559869099675
CZE,"Stupno 62, 338 24 Břasy, Czech Republic",13.574467382195621,49.82416332225509
CZE,"Květnová 64, 267 11 Vráž, Czech Republic",14.128870933376646,49.982976079910514
CZE,"č.p. 2, 339 01 Běšiny, Czech Republic",13.304430000000025,49.29921204200008
CZE,"Na náměstí 29, 257 03 Jankov, Czech Republic",14.730885287155814,49.6528798433267
CZE,"č.p. 7, 341 42 Hlavňovice, Czech Republic",13.413592843636732,49.24896294426247
CZE,"Na Podskalí 282, 394 26 Lukavec, Czech Republic",14.986400480841468,49.565323404765365
CZE,"č.p. 102, 588 26 Zhoř, Czech Republic",15.764780979000022,49.44204916900003
CZE,"č.p. 41, 588 67 Stará Říše, Czech Republic",15.579871182000034,49.200088494000056
CZE,"č.p. 80, 592 55 Bohdalec, Czech Republic",16.05532412992054,49.47707953912839
CZE,"č.p. 11, 594 01 Dolní Heřmanice, Czech Republic",16.061370452557284,49.286944708987505
CZE,"č.p. 144, 580 01 Veselý Žďár, Czech Republic",15.531574621092236,49.640291000826146
CZE,"Hradní 66, 266 01 Tetín, Czech Republic",14.103665879975836,49.949170900485086
CZE,"č.p. 1, 341 01 Chanovice, Czech Republic",13.677299242754755,49.41866664249394
CZE,"K Sídlišti 80, 267 21 Tmaň, Czech Republic",14.033818642624567,49.90707098967724
CZE,"Školní 93, 340 12 Měčín, Czech Republic",13.405083032979206,49.4810037638438
CZE,"Skočice 98, 334 01 Přeštice, Czech Republic",13.292236045604682,49.561466220562096
CZE,"č.p. 140, 336 01 Chocenice, Czech Republic",13.53057928000004,49.556530000000066
CZE,"č.p. 37, 339 01 Mochtín, Czech Republic",13.34170912932177,49.35054076701267
CZE,"Pavlovická 352, 345 26 Bělá nad Radbuzou, Czech Republic",12.715315349733146,49.59352888613637
CZE,"č.p. 1, 331 52 Dolní Bělá, Czech Republic",13.268392029312746,49.901838842580744
CZE,"č.p. 114, 588 54 Mrákotín, Czech Republic",15.367300000000057,49.19186789400004
CZE,"č.p. 140, 394 01 Rynárec, Czech Republic",15.232414048000066,49.38146024300005
CZE,"Smetanova 1, 357 07 Oloví, Czech Republic",12.56023849014204,50.2454669867854
CZE,"č.p. 34, 588 56 Krahulčí, Czech Republic",15.4102562011413,49.18102450596818
CZE,"Lánecká 699, 582 91 Světlá nad Sázavou, Czech Republic",15.402832289879598,49.670436661536996
CZE,"Školní 901, 330 23 Nýřany, Czech Republic",13.205419896731826,49.711086628824035
CZE,"č.p. 79, 353 01 Tři Sekery, Czech Republic",12.614712818709984,49.95723070563215
CZE,"č.p. 110, 330 41 Bezvěrov, Czech Republic",13.021362571000054,49.966905000000054
CZE,"Čemínská 296, 330 33 Město Touškov, Czech Republic",13.25006534962452,49.77684018657396
CZE,"č.p. 190, 594 54 Křoví, Czech Republic",16.259155346000057,49.308575000000076
CZE,"Na Karlově 372, 256 01 Benešov, Czech Republic",14.691410295055903,49.78477214918695
CZE,"č.p. 57, 267 17 Mořina, Czech Republic",14.206471057000044,49.95262500000007
CZE,"Školní 438, 739 91 Jablunkov, Czech Republic",18.76405157091284,49.57490966169857
CZE,"č.p. 147, 560 02 Rybník, Czech Republic",16.48565725663642,49.888658674683015
CZE,"Komenského 261, 362 35 Horní Blatná, Czech Republic",12.773860428842653,50.390421985830386
CZE,"č.p. 146, 739 61 Ropice, Czech Republic",18.60199037355785,49.695696190295294
CZE,"Křižanská 80, Liberec XXII-Horní Suchá, 460 10 Liberec, Czech Republic",15.010206929878422,50.765032079427044
CZE,"Komenského 254, 538 54 Luže, Czech Republic",16.032226214200364,49.89546368825037
CZE,"č.p. 33, 533 44 Staré Ždánice, Czech Republic",15.71477016700004,50.12143839400005
CZE,"Oldřichovice 275, 739 61 Třinec, Czech Republic",18.651740857703487,49.653270356195634
CZE,"Míru 247, Kanada, 739 61 Třinec, Czech Republic",18.643725998068106,49.6732876820831
CZE,"Školní 199, 561 17 Dlouhá Třebová, Czech Republic",16.424743112374443,49.94065945499608
CZE,"Nádražní 10, Staré Město, 739 61 Třinec, Czech Republic",18.668448002388914,49.68317652572094
CZE,"Komenského 4, 398 06 Mirovice, Czech Republic",14.03426740972057,49.51586585935013
CZE,"Školní 284, 387 11 Katovice, Czech Republic",13.833441703502757,49.271789407018474
CZE,"Bezručova 190, Nový Bohumín, 735 81 Bohumín, Czech Republic",18.3592746306021,49.894962366621456
CZE,"U Pošty 5, 538 51 Chrast, Czech Republic",15.93391855560375,49.899856336186126
CZE,"č.p. 58, 463 48 Hlavice, Czech Republic",14.93517039279639,50.64188026580532
CZE,"Majerova 138, 463 03 Stráž nad Nisou, Czech Republic",15.025721916475192,50.790037350165676
CZE,"Školní 488, 468 02 Rychnov u Jablonce nad Nisou, Czech Republic",15.150113299093249,50.68539259987202
CZE,"Škroupovo náměstí 55, 539 57 Včelákov, Czech Republic",15.887052154115878,49.81778511303375
CZE,"č.p. 49, 789 01 Rájec, Czech Republic",16.895893893429815,49.85563776453831
CZE,"Komenského 446, 378 56 Studená, Czech Republic",15.284625243062436,49.18424625377369
CZE,"č.p. 68, 783 75 Blatec, Czech Republic",17.240149241811398,49.52740706689671
CZE,"Komenského 72, 783 73 Grygov, Czech Republic",17.312443487957324,49.536775690287726
CZE,"č.p. 216, 789 91 Písařov, Czech Republic",16.79519623300007,49.99549069100004
CZE,"Školní 187, 387 31 Radomyšl, Czech Republic",13.927467211115868,49.31691715461989
CZE,"Krkonošská 613, Desná II, 468 61 Desná, Czech Republic",15.312914836831823,50.75854603702135
CZE,"Makarenkova 23/2, 779 00 Bystrovany, Czech Republic",17.323708849644163,49.59711596350982
CZE,"Školní 80, 783 49 Lutín, Czech Republic",17.13519993104748,49.55787511987512
CZE,"č.p. 238, 398 51 Sepekov, Czech Republic",14.414771162000022,49.432240000000036
CZE,"Vranové 1.díl 60, 468 22 Malá Skála, Czech Republic",15.194782891867106,50.6389846422891
CZE,"č.p. 226, 468 43 Albrechtice v Jizerských horách, Czech Republic",15.273672047000048,50.79037148900005
CZE,"č.p. 70, 739 81 Košařiska, Czech Republic",18.68211696700007,49.58571770900005
CZE,"Na Návsi 31, 387 06 Malenice, Czech Republic",13.882167969775452,49.12632478826043
CZE,"Školní 275, 538 25 Nasavrky, Czech Republic",15.805618192910032,49.84906126272355
CZE,"Podhůry 108/1, 779 00 Samotišky, Czech Republic",17.32783735605321,49.630519859320714
CZE,"č.p. 186, 735 72 Petrovice u Karviné, Czech Republic",18.528890920000038,49.89900000000006
CZE,"Komenského 420, Frýdlant, 739 11 Frýdlant nad Ostravicí, Czech Republic",18.36026243789135,49.590810467298525
CZE,"Dolní Třešňovec 24, 563 01 Lanškroun, Czech Republic",16.611857785196918,49.92450786285312
CZE,"Poříčská 180, Poříčí, 373 82 Boršov nad Vltavou, Czech Republic",14.439685230348118,48.92446911378042
CZE,"U Školky 195, 373 67 Borek, Czech Republic",14.498858114005458,49.02486939403454
CZE,"nám. Jiráskovo 31, 373 65 Dolní Bukovsko, Czech Republic",14.580444877306206,49.1708041537417
CZE,"Na Vyhlídce 2209/6, 373 16 Dobrá Voda u Českých Budějovic, Czech Republic",14.524928598909128,48.96538554176939
CZE,"Školní 246, 735 41 Petřvald, Czech Republic",18.386413221427432,49.83317231751661
CZE,"Komenského 30, 373 33 Nové Hrady, Czech Republic",14.777034956392384,48.78920497782025
CZE,"č.p. 100, 373 04 Chrášťany, Czech Republic",14.378199879000022,49.292095000000074
CZE,"č.p. 15, 463 43 Světlá pod Ještědem, Czech Republic",14.986489685560372,50.70862211680863
CZE,"č.p. 104, 561 32 Cotkytle, Czech Republic",16.729089067000075,49.935011907000046
CZE,"č.p. 3, 539 76 Prosetín, Czech Republic",15.957516215000055,49.83116477000004
CZE,"č.p. 264, 471 17 Skalice u České Lípy, Czech Republic",14.516575559000046,50.745445000000075
CZE,"č.p. 78, 463 45 Svijanský Újezd, Czech Republic",15.02274441901468,50.58715206582674
CZE,"č. p. 200, 463 53 Rynoltice, Czech Republic",14.81485214220947,50.799515289027134
CZE,"č.p. 68, 512 32 Martinice v Krkonoších, Czech Republic",15.535920464000071,50.57980756500007
CZE,"Školní 1600, 735 32 Rychvald, Czech Republic",18.376203811902656,49.87035573919786
CZE,"Vrchlického 401/5, Radvanice, 716 00 Ostrava, Czech Republic",18.336166226461614,49.81561885206756
CZE,"č.p. 66, 788 01 Oskava, Czech Republic",17.114723604000062,49.92348477200005
CZE,"č.p. 58, 783 32 Střeň, Czech Republic",17.151499067245346,49.68452804891197
CZE,"č.p. 119, 789 01 Zvole, Czech Republic",16.90392794474145,49.84119957140654
CZE,"č.p. 48, 783 25 Bouzov, Czech Republic",16.894044217000044,49.69070500000004
CZE,"č.p. 96, 753 01 Partutovice, Czech Republic",17.710933477995898,49.63128082709227
CZE,"č.p. 174, 783 16 Dolany, Czech Republic",17.34894028800005,49.67972000000003
CZE,"č.p. 87, 788 20 Dolní Studénky, Czech Republic",16.983914076000076,49.93775861000006
CZE,"č.p. 129, 373 01 Temelín, Czech Republic",14.346624834000067,49.195975126000064
CZE,"č.p. 2, 370 07 Doudleby, Czech Republic",14.500832327292388,48.889579061793604
CZE,"č.p. 58, 380 01 Budíškovice, Czech Republic",15.503753224284848,49.03307449373006
CZE,"č.p. 227, 463 31 Bílý Kostel nad Nisou, Czech Republic",14.920127843222424,50.83264732351843
CZE,"Neznašov 29, 373 02 Všemyslice, Czech Republic",14.378654162575799,49.2323569949867
CZE,"č.p. 214, 373 35 Horní Stropnice, Czech Republic",14.74053955900007,48.757976160000055
CZE,"č.p. 17, 373 31 Olešnice, Czech Republic",14.711340311000072,48.84376000000003
CZE,"Karla Čapka 800, 373 41 Hluboká nad Vltavou, Czech Republic",14.429110118387797,49.057348221101506
CZE,"č.p. 2, 373 23 Svatý Jan nad Malší, Czech Republic",14.510770818000026,48.823624376000055
CZE,"č.p. 35, 373 84 Dubné, Czech Republic",14.38798002007926,48.966026943871654
CZE,"č.p. 190, 512 31 Roztoky u Jilemnice, Czech Republic",15.505020000000059,50.58201595300005
CZE,"č.p. 79, 463 34 Chotyně, Czech Republic",14.877228455308552,50.848794491310244
CZE,"č.p. 16, 789 01 Hoštejn, Czech Republic",16.777434322437934,49.87509785810216
CZE,"č.p. 196, 788 21 Kolšov, Czech Republic",16.950550000000078,49.90908455500005
CZE,"č.p. 27, 374 01 Střížov, Czech Republic",14.520515543048736,48.88710951143581
CZE,"č.p. 30, 790 54 Černá Voda, Czech Republic",17.151696694000066,50.308026605000066
CZE,"Čistá v Krkonoších 140, 543 44 Černý Důl, Czech Republic",15.70729997740466,50.61585796559967
CZE,"č.p. 274, 788 03 Nový Malín, Czech Republic",17.042032376000066,49.94926000000004
CZE,"nám. 5. května 131, 378 16 Lomnice nad Lužnicí, Czech Republic",14.718621221705632,49.08187098758381
CZE,"č.p. 313, 544 72 Bílá Třemešná, Czech Republic",15.744386557000041,50.44932991400003
CZE,"1. máje 48, 517 22 Albrechtice nad Orlicí, Czech Republic",16.06382498334341,50.14068376745129
CZE,"č.p. 16, 373 50 Olešník, Czech Republic",14.361221342000022,49.109665000000064
CZE,"č.p. 65, 549 21 Česká Čermná, Czech Republic",16.23187406900007,50.39322500000003
CZE,"č.p. 9, 342 01 Žihobce, Czech Republic",13.642721058606224,49.239048085203414
CZE,"č.p. 173, 330 17 Chotíkov, Czech Republic",13.330202566000025,49.78998410400004
CZE,"Školní 198, 330 21 Líně, Czech Republic",13.260686981147472,49.695430616706346
CZE,"č.p. 15, 330 14 Ledce, Czech Republic",13.329314413000077,49.81907394700005
CZE,"č.p. 151, 330 36 Pernarec, Czech Republic",13.089564285000051,49.85259000000008
CZE,"č.p. 162, 341 42 Velhartice, Czech Republic",13.344095017064708,49.26392876018809
CZE,"Šindlovy Dvory 40, 370 01 Litvínovice, Czech Republic",14.435101670415662,48.96361469708552
CZE,"č.p. 54, 340 22 Chudenín, Czech Republic",13.124437406116657,49.31151074225298
CZE,"č.p. 10, 339 01 Čachrov, Czech Republic",13.290606583584351,49.27534369250527
CZE,"č.p. 45, 789 85 Pavlov, Czech Republic",16.849444000131932,49.74263733265359
CZE,"č.p. 81, 373 32 Jílovice, Czech Republic",14.727477756000042,48.88764500000008
CZE,"Náměstí Svobody 135, 335 61 Spálené Poříčí, Czech Republic",13.604360936956652,49.614874576039085
CZE,"č.p. 151, 340 22 Dešenice, Czech Republic",13.227287292847677,49.24891276022312
CZE,"č.p. 14, 338 01 Holoubkov, Czech Republic",13.690162740000062,49.77715000000006
CZE,"Hlavní 83, 753 56 Opatovice, Czech Republic",17.739399866079623,49.499204312217984
CZE,"Na točně 192/5, 373 71 Rudolfov, Czech Republic",14.541468021712006,48.99295165156619
CZE,"Školní 74, 338 43 Mirošov, Czech Republic",13.657621729028222,49.685779483842566
CZE,"č.p. 107, 342 01 Dlouhá Ves, Czech Republic",13.514577028919888,49.20152102846689
CZE,"Školní 63, 373 24 Římov, Czech Republic",14.488710143830957,48.85776613785782
CZE,"Školská 189, 373 63 Ševětín, Czech Republic",14.566326483416532,49.099960769107554
CZE,"č.p. 144, 542 21 Pec pod Sněžkou, Czech Republic",15.74814966100007,50.69111500000008
CZE,"č.p. 120, 336 01 Letiny, Czech Republic",13.44056401866233,49.54219409303467
CZE,"Školní 343, 340 12 Švihov, Czech Republic",13.2785223300003,49.481870075446494
CZE,"č.p. 1, 331 41 Kozojedy, Czech Republic",13.518112550889473,49.91808449990575
CZE,"č.p. 145, 330 16 Všeruby, Czech Republic",13.238861454000073,49.83915824800005
CZE,"č.p. 32, 349 01 Záchlumí, Czech Republic",12.96198242438148,49.79646302424837
CZE,"Prácheň 126, 471 14 Kamenický Šenov, Czech Republic",14.489383881208198,50.76852465084221
CZE,"č.p. 270, 464 01 Dolní Řasnice, Czech Republic",15.168558238230137,50.94770100319194
CZE,"č.p. 50, 513 01 Chuchelna, Czech Republic",15.281086446461707,50.583976161383866
CZE,"č.p. 101, 471 29 Brniště, Czech Republic",14.722836865000033,50.71668568200005
CZE,"Školní 4, 378 21 Kardašova Řečice, Czech Republic",14.852853210108748,49.18522911574004
CZE,"č.p. 135, 382 72 Dolní Dvořiště, Czech Republic",14.428245098000048,48.65274000000005
CZE,"č.p. 66, 391 74 Želeč, Czech Republic",14.644474868000032,49.31923500000005
CZE,"č.p. 57, 391 31 Dražice, Czech Republic",14.594310922000034,49.438405000000046
CZE,"č.p. 153, 373 51 Dříteň, Czech Republic",14.346050127000069,49.13857500000006
CZE,"Zákostelí 143/1, 798 17 Smržice, Czech Republic",17.102048330522166,49.50464630476415
CZE,"č.p. 15, 370 06 Nedabyle, Czech Republic",14.511953797211877,48.92367006196144
CZE,"Nová 611/14, 373 72 Lišov, Czech Republic",14.61054218707095,49.01896953192786
CZE,"č.p. 353, 798 51 Přemyslovice, Czech Republic",16.954990000000066,49.555793135000044
CZE,"č.p. 71, 382 23 Černá v Pošumaví, Czech Republic",14.12443251600007,48.736283901000036
CZE,"č.p. 112, 378 17 Novosedly nad Nežárkou, Czech Republic",14.828943308000078,49.078175000000044
CZE,"č.p. 64, 784 01 Žerotín, Czech Republic",17.189679599802826,49.72459836887038
CZE,"č.p. 39, 378 02 Plavsko, Czech Republic",14.911165733380367,49.08235259330255
CZE,"č.p. 22, 378 55 Popelín, Czech Republic",15.190626074000022,49.217565000000036
CZE,"č.p. 113, 785 01 Mladějovice, Czech Republic",17.22919077691517,49.748121843380915
CZE,"č.p. 71, 798 45 Lipová, Czech Republic",16.876687125000046,49.53154500000005
CZE,"č.p. 61, 753 01 Olšovec, Czech Republic",17.712465000000066,49.608811401000025
CZE,"č.p. 53, 753 01 Ústí, Czech Republic",17.759425173517577,49.51926395858335
CZE,"č.p. 105, 471 61 Jestřebí, Czech Republic",14.575125282000045,50.606405161000055
CZE,"č.p. 3, 471 62 Okna, Czech Republic",14.659485428000039,50.52507500000007
CZE,"U Školy 122/1, 783 35 Skrbeň, Czech Republic",17.179046253291432,49.6431626610659
CZE,"č.p. 148, 783 46 Těšetice, Czech Republic",17.131972803000053,49.592533665000076
CZE,"Náchodská 85, 549 11 Dolní Radechová, Czech Republic",16.151111440803447,50.43843516169042
CZE,"č.p. 24, 783 21 Haňovice, Czech Republic",17.036513485510472,49.679175404013485
CZE,"č.p. 156, 464 01 Bulovka, Czech Republic",15.151068756390028,51.006907205688364
CZE,"č.p. 18, 783 54 Přáslavice, Czech Republic",17.37881361500007,49.57883886500008
CZE,"Lidická 396/9, 783 35 Horka nad Moravou, Czech Republic",17.20578645225885,49.64075634239276
CZE,"č.p. 102, 382 22 Hořice na Šumavě, Czech Republic",14.175852492000047,48.76305000000008
CZE,"č.p. 8, 373 48 Zahájí, Czech Republic",14.383271874644398,49.08524568886919
CZE,"Jeřábkova 690, 399 01 Milevsko, Czech Republic",14.359808794390318,49.4532541741865
CZE,"J. A. Komenského 1023, 399 01 Milevsko, Czech Republic",14.369643029928966,49.4427482967464
CZE,"Na Skalech 48, 273 53 Hostouň, Czech Republic",14.201062253769976,50.114285340585866
CZE,"Rychnovská 216, Kokonín, 468 01 Jablonec nad Nisou, Czech Republic",15.18479417785295,50.70489175650519
CZE,"č.p. 86, 398 19 Kluky, Czech Republic",14.23922139800004,49.31087569200008
CZE,"č.p. 175, 549 06 Bohuslavice, Czech Republic",16.091625270000065,50.30841000000004
CZE,"Školní 122, 788 13 Vikýřovice, Czech Republic",17.011538193100847,49.98197465202864
CZE,"č.p. 76, 790 82 Písečná, Czech Republic",17.260373686000037,50.26753864700004
CZE,"Horní Záhoří 3, 398 18 Záhoří, Czech Republic",14.21329756929228,49.34382612320772
CZE,"Kájovská 6, 382 21 Kájov, Czech Republic",14.258703009345908,48.81069605183353
CZE,"Kostelní 200, 471 07 Žandov, Czech Republic",14.397501626237073,50.71494245469336
CZE,"č.p. 166, 538 63 Chroustovice, Czech Republic",16.006067356000074,49.95208000000008
CZE,"Šumvaldská 220, 783 86 Dlouhá Loučka, Czech Republic",17.172657985786287,49.815808450717384
CZE,"č.p. 59, 538 02 Morašice, Czech Republic",15.711051590000068,49.93375699000006
CZE,"nám. J. Kučery 69, 387 43 Bělčice, Czech Republic",13.87650440161886,49.50291841733406
CZE,"č.p. 80, 398 55 Kovářov, Czech Republic",14.28843652200004,49.512965000000065
CZE,"náměstí Emy Destinnové 142, 378 02 Stráž nad Nežárkou, Czech Republic",14.909070802344502,49.06911201266064
CZE,"č.p. 800, 468 49 Kořenov, Czech Republic",15.376597898000057,50.76791000000003
CZE,"č.p. 47, 382 92 Rožmitál na Šumavě, Czech Republic",14.382046855000056,48.705035863000035
CZE,"Hradecká 390, 378 33 Nová Bystřice, Czech Republic",15.10225372160889,49.021889501727145
CZE,"Velká Lhota 54, 380 01 Volfířov, Czech Republic",15.341616233504197,49.14042516105829
CZE,"nám. Míru 44, 378 25 Deštná, Czech Republic",14.92381859334364,49.26555092412306
CZE,"č.p. 21, 384 71 Šumavské Hoštice, Czech Republic",13.865002558000072,49.042243961000054
CZE,"č.p. 143, 671 24 Vrbovec, Czech Republic",16.094827687000077,48.80300907700007
CZE,"č.p. 21, 783 75 Charváty, Czech Republic",17.25844993019048,49.50936386398645
CZE,"č.p. 250, 783 47 Hněvotín, Czech Republic",17.169225906000065,49.56751283700004
CZE,"č.p. 90, 538 26 Bojanov, Czech Republic",15.71465747600007,49.83782252900005
CZE,"č.p. 176, 561 82 Klášterec nad Orlicí, Czech Republic",16.54664748400006,50.11153303800006
CZE,"Náměstí 35, 542 42 Pilníkov, Czech Republic",15.819555621510176,50.5329404494413
CZE,"č.p. 187, 753 63 Střítež nad Ludinou, Czech Republic",17.740481603000035,49.60660130700006
CZE,"č.p. 116, 783 96 Újezd, Czech Republic",17.182559233000063,49.76591418500004
CZE,"Náves 43/7, 751 19 Vlkoš, Czech Republic",17.418184633095848,49.39479375229905
CZE,"č.p. 39, 751 01 Lobodice, Czech Republic",17.29571291725982,49.39482327476839
CZE,"č.p. 158, 387 42 Lnáře, Czech Republic",13.788260256605792,49.4720261787144
CZE,"č.p. 373, 783 16 Bělkovice-Lašťany, Czech Republic",17.318544448278153,49.68169139147953
CZE,"č.p. 40, 382 03 Holubov, Czech Republic",14.315150346386748,48.88267767428516
CZE,"č.p. 4, 783 24 Luká, Czech Republic",16.929669880763882,49.67992403889663
CZE,"č.p. 102, 384 25 Dub, Czech Republic",14.010343367000075,49.09862510900007
CZE,"č.p. 126, 783 32 Náklo, Czech Republic",17.139625478000028,49.66600500000004
CZE,"č.p. 112, 387 16 Volenice, Czech Republic",13.765610604000074,49.23781316600008
CZE,"Ke koupališti 332, 387 73 Bavorov, Czech Republic",14.080683455840074,49.12356592673976
CZE,"Školní 234, 398 01 Mirotice, Czech Republic",14.033865665101388,49.427785048926154
CZE,"Malá Čermná 140, 517 25 Čermná nad Orlicí, Czech Republic",16.13302849053082,50.07578252352579
CZE,"č.p. 126, 517 43 Záměl, Czech Republic",16.301366989794058,50.09404666807642
CZE,"Průběžná 116, Čekanice, 390 02 Tábor, Czech Republic",14.678901980947188,49.42339934381815
CZE,"Míkova 64, Měšice, 391 56 Tábor, Czech Republic",14.70450534238691,49.406237480885466
CZE,"č.p. 2, 385 01 Svatá Maří, Czech Republic",13.829915946746333,49.072984281592134
CZE,"č.p. 64, 789 62 Olšany, Czech Republic",16.86405418278918,49.95318127082658
CZE,"č.p. 146, 391 35 Borotín, Czech Republic",14.620439557000054,49.50380500000006
CZE,"č.p. 45, 517 56 Slatina nad Zdobnicí, Czech Republic",16.404928921000078,50.13326918400003
CZE,"č.p. 182, 517 84 Ohnišov, Czech Republic",16.22529022200007,50.320215000000076
CZE,"č.p. 38, 565 01 Zálší, Czech Republic",16.222083391533964,49.966995479524904
CZE,"č.p. 41, 373 41 Hosín, Czech Republic",14.485588925523448,49.0658549531695
CZE,"č.p. 21, 798 29 Tištín, Czech Republic",17.162602589988715,49.30879352816368
CZE,"Provodov 6, 549 08 Provodov-Šonov, Czech Republic",16.104527169887234,50.38955529704202
CZE,"č.p. 28, 752 01 Měrovice nad Hanou, Czech Republic",17.25003242902082,49.34911720028441
CZE,"č.p. 2, 753 64 Bělotín, Czech Republic",17.79067488548411,49.58080108133169
CZE,"Pod Školou 209, 783 75 Dub nad Moravou, Czech Republic",17.275571914983715,49.48350898897439
CZE,"č.p. 42, 517 57 Pěčín, Czech Republic",16.426919257000065,50.15575379400008
CZE,"Slatinská 155, 387 51 Štěkeň, Czech Republic",14.006450722928378,49.2701508287667
CZE,"č.p. 28, 664 63 Unkovice, Czech Republic",16.588640708246512,49.01978981719668
CZE,"č.p. 97, 538 34 Rosice, Czech Republic",15.946668807000037,49.919800000000066
CZE,"č.p. 44, 538 03 Stolany, Czech Republic",15.741276669502108,49.9260718369885
CZE,"č.p. 303, 539 43 Krouna, Czech Republic",16.031353926000065,49.771544953000046
CZE,"č.p. 181, 569 93 Korouhev, Czech Republic",16.255572517000076,49.667792286000065
CZE,"č.p. 61, 568 02 Javorník, Czech Republic",16.424989760507962,49.77878841952816
CZE,"č.p. 34, 339 01 Dolany, Czech Republic",13.263319857232016,49.43164346669469
CZE,"Pohránovská 31, 533 52 Srch, Czech Republic",15.762463796773204,50.083244638556266
CZE,"č.p. 142, 517 02 Kvasiny, Czech Republic",16.26819099900007,50.21136500000006
CZE,"Žerotínova 29, 561 12 Brandýs nad Orlicí, Czech Republic",16.284953167794725,50.00142410397595
CZE,"Dukelská 52, 517 42 Doudleby nad Orlicí, Czech Republic",16.260970866429147,50.10754897264184
CZE,"č.p. 370, 512 43 Jablonec nad Jizerou, Czech Republic",15.452646967000078,50.69936500000006
CZE,"č.p. 37, 384 92 Borová Lada, Czech Republic",13.670063954000057,48.97301322100003
CZE,"Dolní Nemojov 101, 544 61 Nemojov, Czech Republic",15.750288914772824,50.467927642384524
CZE,"č.p. 2, 561 70 Písečná, Czech Republic",16.455702297000073,50.04427500000003
CZE,"č.p. 87, 561 54 Bystřec, Czech Republic",16.612394702000074,50.00500288600006
CZE,"č.p. 138, 561 67 Mladkov, Czech Republic",16.627153701000054,50.09572521200005
CZE,"č.p. 1, 507 77 Cerekvice nad Bystřicí, Czech Republic",15.725435000000061,50.33482137800007
CZE,"č.p. 126, 544 64 Kocbeře, Czech Republic",15.860685376000049,50.461460000000045
CZE,"Rooseveltova 106, 549 57 Teplice nad Metují, Czech Republic",16.16760610424336,50.5947507408423
CZE,"č.p. 125, 517 91 Deštné v Orlických horách, Czech Republic",16.357970651000073,50.316230000000076
CZE,"č.p. 16, 338 21 Osek, Czech Republic",13.590245053000046,49.783330000000035
CZE,"č.p. 121, 338 22 Volduchy, Czech Republic",13.641230094000036,49.77100933300005
CZE,"č.p. 63, 549 07 Nahořany, Czech Republic",16.081178135000073,50.34891570600007
CZE,"Kocléřov 12, 544 62 Vítězná, Czech Republic",15.803166570050251,50.487044793780456
CZE,"Jaroslava Šípka 387, 273 03 Stochov, Czech Republic",13.954169188604766,50.14765570878407
CZE,"č.p. 49, 335 54 Žinkovy, Czech Republic",13.489323915000057,49.48343500000004
CZE,"č.p. 13, 561 33 Horní Heřmanice, Czech Republic",16.70065320300006,49.96633669100004
CZE,"č.p. 82, 569 33 Třebařov, Czech Republic",16.70866065200005,49.83107526500004
CZE,"č.p. 207, 561 65 Jamné nad Orlicí, Czech Republic",16.63611690500005,50.04216000000008
CZE,"Náves B. Smetany 195, 751 31 Týn nad Bečvou, Czech Republic",17.619553989553623,49.517388180604854
CZE,"č.p. 114, 561 18 Němčice, Czech Republic",16.343339955000033,49.89469087600003
CZE,"č.p. 71, 552 05 Hořičky, Czech Republic",15.979130595000072,50.44400500000006
CZE,"č.p. 4, 752 01 Křenovice, Czech Republic",17.275467808342487,49.315739699635195
CZE,"č.p. 92, 340 21 Strážov, Czech Republic",13.270981861405941,49.27505666719279
CZE,"č.p. 136, 338 06 Cheznovice, Czech Republic",13.782041431000039,49.78241896500003
CZE,"č.p. 73, 543 61 Kunčice nad Labem, Czech Republic",15.624037611000062,50.58388614200004
CZE,"č.p. 149, 561 31 Tatenice, Czech Republic",16.717374436000057,49.87462000000005
CZE,"náměstí Svobody 59, 348 15 Planá, Czech Republic",12.740436500283153,49.86832937219569
CZE,"Mírové náměstí 72, Vlkýš, 330 24 Heřmanova Huť, Czech Republic",13.089250658214667,49.71162985996884
CZE,"č.p. 45, 341 42 Zavlekov, Czech Republic",13.476793567756015,49.330759357419495
CZE,"č.p. 207, 345 34 Klenčí pod Čerchovem, Czech Republic",12.813102452000066,49.43524716300004
CZE,"Chylická 189, 338 42 Hrádek, Czech Republic",13.647439141593622,49.70967867863814
CZE,"č.p. 56, 334 44 Dolní Lukavice, Czech Republic",13.339934136000068,49.60256500000003
CZE,"č.p. 72, 339 01 Vrhaveč, Czech Republic",13.301746167185183,49.327374955345185
CZE,"č.p. 66, 339 01 Předslav, Czech Republic",13.428544287125932,49.43498020141108
CZE,"č.p. 92, 345 45 Blížejov, Czech Republic",12.989105989000052,49.50400500000006
CZE,"Stříbrné Hory 135, 341 01 Nalžovské Hory, Czech Republic",13.547855342527782,49.32883487983088
CZE,"č.p. 90, 338 08 Mlečice, Czech Republic",13.66418453222001,49.906180958569
CZE,"č.p. 38, 339 01 Bezděkov, Czech Republic",13.20254341281691,49.37815590468005
CZE,"Lipová 220, 347 01 Halže, Czech Republic",12.58354914960617,49.82997960868755
CZE,"č.p. 69, 517 32 Přepychy, Czech Republic",16.100258411000027,50.230540000000076
CZE,"č.p. 17, 378 73 Dešná, Czech Republic",15.542311098000027,48.94831731000005
CZE,"č.p. 55, 572 01 Sádek, Czech Republic",16.21607802054115,49.697873627137085
CZE,"č.p. 4, 563 01 Horní Třešňovec, Czech Republic",16.5955987000103,49.948043572272006
CZE,"Nové Chalupy 74, 384 62 Nová Pec, Czech Republic",13.954851056428083,48.78709764163341
CZE,"Jana Žižky 395, 378 81 Slavonice, Czech Republic",15.349894620175434,49.0009510046807
CZE,"č.p. 16, 384 03 Ktiš, Czech Republic",14.126921440000046,48.92482139500004
CZE,"č.p. 70, 571 01 Vranová Lhota, Czech Republic",16.796912011192042,49.7194849578471
CZE,"č.p. 49, 538 35 Zaječice, Czech Republic",15.880130000000065,49.903563914000074
CZE,"č.p. 19, 471 01 Zahrádky, Czech Republic",14.526775071000031,50.632040000000075
CZE,"Roveň 60, 516 01 Rychnov nad Kněžnou, Czech Republic",16.310360811795277,50.14041143941711
CZE,"č.p. 2, 565 01 Skořenice, Czech Republic",16.22768735248395,50.02716791876803
CZE,"č.p. 105, 387 34 Záboří, Czech Republic",13.82502500000004,49.379629743000066
CZE,"č.p. 295, 517 04 Černíkovice, Czech Republic",16.193999679000058,50.192705000000046
CZE,"č.p. 6, 384 43 Strážný, Czech Republic",13.705988454000021,48.91529000000003
CZE,"č.p. 86, 384 42 Lenora, Czech Republic",13.796779854000022,48.926155995000045
CZE,"č.p. 136, 378 41 Jarošov nad Nežárkou, Czech Republic",15.069048011000064,49.18861500000003
CZE,"Říčky 59, 562 01 Orlické Podhůří, Czech Republic",16.357459061014225,49.99035982414631
CZE,"č.p. 202, 384 26 Strunkovice nad Blanicí, Czech Republic",14.050235499000053,49.08246500000007
CZE,"č.p. 82, 562 01 Jehnědí, Czech Republic",16.309536633558825,49.97223844192396
CZE,"č.p. 56, 538 62 Vejvanovice, Czech Republic",15.883313922657122,49.97009805163631
CZE,"č.p. 4, 561 66 Těchonín, Czech Republic",16.64872387400004,50.06453000000005
CZE,"č.p. 115, 398 04 Čimelice, Czech Republic",14.07776008490117,49.48332546625481
CZE,"Rybenská 260, 539 44 Proseč, Czech Republic",16.1131654754808,49.80576672116564
CZE,"Luční 330, Sedlec, 257 91 Sedlec-Prčice, Czech Republic",14.526503893791926,49.57200336250105
CZE,"Nádražní 19, 569 42 Chornice, Czech Republic",16.751525773085433,49.671395760807854
CZE,"č.p. 11, 561 64 Mistrovice, Czech Republic",16.57852147399527,50.03798093726814
CZE,"č.p. 52, 565 42 Vraclav, Czech Republic",16.09131567000003,49.97264149800003
CZE,"Horní Holetín 178, 539 71 Holetín, Czech Republic",15.923728428745505,49.793682405629056
CZE,"č.p. 118, 561 51 Lukavice, Czech Republic",16.484554041086227,50.056509238531994
CZE,"č.p. 103, 569 41 Městečko Trnávka, Czech Republic",16.726016214000026,49.70930000000004
CZE,"č.p. 190, 561 55 Orličky, Czech Republic",16.675079933000063,50.03275287800005
CZE,"Moravská Chrastová 100, 569 04 Brněnec, Czech Republic",16.52609783994319,49.62601802294424
CZE,"č.p. 123, 569 11 Koclířov, Czech Republic",16.543102400000066,49.767945000000054
CZE,"Studentská 895, 295 01 Mnichovo Hradiště, Czech Republic",14.969098975401891,50.52254512930406
CZE,"č.p. 341, 561 61 Červená Voda, Czech Republic",16.725274483000078,50.038167858000065
CZE,"č.p. 3, 569 56 Čistá, Czech Republic",16.360706019000077,49.81602000000004
CZE,"č.p. 248, 561 84 Líšnice, Czech Republic",16.521893404000025,50.082520000000045
CZE,"č.p. 98, 569 43 Dlouhá Loučka, Czech Republic",16.614738602579862,49.70565923864451
CZE,"č.p. 118, 560 02 Semanín, Czech Republic",16.44698635281937,49.867691851092495
CZE,"Plzeňská 326, 338 05 Mýto, Czech Republic",13.728217973247268,49.787895330129146
CZE,"č.p. 310, 569 44 Jaroměřice, Czech Republic",16.763600315000076,49.618660000000034
CZE,"č.p. 185, 338 08 Kařez, Czech Republic",13.785006965808185,49.83202493705586
CZE,"č.p. 17, 798 57 Pěnčín, Czech Republic",17.01271112395986,49.570871016994296
CZE,"Raisovo náměstí 2, 539 52 Trhová Kamenice, Czech Republic",15.818243518387078,49.786329967801606
CZE,"č.p. 227, 789 01 Rovensko, Czech Republic",16.865230911596335,49.910893577899046
CZE,"sídliště Vajgar 692, Jindřichův Hradec III, 377 01 Jindřichův Hradec, Czech Republic",15.022520364738313,49.138324278936864
CZE,"Štítného 121, Jindřichův Hradec I, 377 01 Jindřichův Hradec, Czech Republic",15.004432217685718,49.14495595691025
CZE,"č.p. 56, 753 68 Černotín, Czech Republic",17.77175208600005,49.537750000000074
CZE,"Jarošovská 746, Jindřichův Hradec II, 377 01 Jindřichův Hradec, Czech Republic",15.005011407195127,49.14905416273933
CZE,"Pohraniční stráže 193, 348 13 Chodová Planá, Czech Republic",12.7293368488221,49.89704078524235
CZE,"č.p. 34, 569 63 Lubná, Czech Republic",16.196736977000057,49.77168000000006
CZE,"č.p. 71, 517 03 Skuhrov nad Bělou, Czech Republic",16.28316306043948,50.22967923023922
CZE,"č.p. 41, 561 81 Kunvald, Czech Republic",16.490593512000032,50.13100000000003
CZE,"č.p. 57, 503 12 Všestary, Czech Republic",15.756421308000029,50.26229553200005
CZE,"č.p. 16, 503 64 Měník, Czech Republic",15.520339027000034,50.211865000000046
CZE,"č.p. 42, 503 26 Osice, Czech Republic",15.694422584000051,50.141130856000075
CZE,"č.p. 60, 503 33 Praskačka, Czech Republic",15.738227262000066,50.168015000000025
CZE,"J. A. Komenského 326, 503 53 Smidary, Czech Republic",15.479843707512998,50.28903083889233
CZE,"Dr. Vojtěcha 100, 503 52 Skřivany, Czech Republic",15.499023513635166,50.266879690004004
CZE,"Školská 279, 503 02 Předměřice nad Labem, Czech Republic",15.812692519190108,50.255905515633486
CZE,"č.p. 62, 503 15 Mžany, Czech Republic",15.671127626167735,50.30353293521952
CZE,"Vimperská 230, 341 92 Kašperské Hory, Czech Republic",13.560342618059536,49.14529211313709
CZE,"č.p. 12, 331 62 Manětín, Czech Republic",13.290120815756742,50.043057516289345
CZE,"Hlavní 87, 337 01 Ejpovice, Czech Republic",13.51434281725173,49.745690645531596
CZE,"č.p. 271, 345 35 Postřekov, Czech Republic",12.813734340000053,49.453550000000064
CZE,"Komenského 256, 387 32 Sedlice, Czech Republic",13.942855882431786,49.37373204127593
CZE,"č.p. 34, 331 41 Mladotice, Czech Republic",13.352265142749609,50.00755822473976
CZE,"č.p. 31, 332 05 Chválenice, Czech Republic",13.476465000000076,49.64231296600008
CZE,"č.p. 147, 561 14 České Libchavy, Czech Republic",16.37400444900004,50.03484000000003
CZE,"č.p. 39, 334 55 Horšice, Czech Republic",13.381107341000074,49.53797447000005
CZE,"č.p. 35, 378 71 Staré Hobzí, Czech Republic",15.462297904000025,49.006365954000046
CZE,"č.p. 19, 384 91 Horní Vltavice, Czech Republic",13.810371885000052,48.97258000000005
CZE,"Klatovská 129, 340 34 Plánice, Czech Republic",13.472270943910019,49.389567887126276
CZE,"Navrátilova 321, 783 55 Velký Újezd, Czech Republic",17.48014542156838,49.57761982436182
CZE,"č.p. 141, 569 22 Křenov, Czech Republic",16.622155724000038,49.67933202900008
CZE,"č.p. 159, 789 01 Lesnice, Czech Republic",16.94639526990862,49.87795687666638
CZE,"č.p. 144, 503 56 Hlušice, Czech Republic",15.404767930000048,50.264622505000034
CZE,"Nová 166, 373 73 Štěpánovice, Czech Republic",14.651593740401609,49.00111164385504
CZE,"č.p. 20, 517 41 Čestice, Czech Republic",16.1412817905449,50.12682721120216
CZE,"č.p. 64, 569 32 Staré Město, Czech Republic",16.681550153000046,49.799496298000065
CZE,"č.p. 133, 751 11 Pavlovice u Přerova, Czech Republic",17.559441883000034,49.46933836200003
CZE,"č.p. 89, 751 04 Rokytnice, Czech Republic",17.389864002000024,49.46835500000003
CZE,"č.p. 44, 783 44 Drahanovice, Czech Republic",17.05715401200007,49.58830884300005
CZE,"č.p. 4, 503 06 Hořiněves, Czech Republic",15.766494186000045,50.307720000000074
CZE,"č.p. 181, 542 32 Batňovice, Czech Republic",16.02407922021391,50.51883259833107
CZE,"č.p. 10, 503 23 Boharyně, Czech Republic",15.619685028000049,50.20406000000003
CZE,"č.p. 115, 561 52 Verměřovice, Czech Republic",16.562107680000054,50.00748549000008
CZE,"č.p. 215, 552 22 Jasenná, Czech Republic",15.998033703000033,50.32062603500003
CZE,"č.p. 57, 538 21 Lukavice, Czech Republic",15.84791531658285,49.86420454139577
CZE,"č.p. 139, 569 12 Opatov, Czech Republic",16.495992416000036,49.826230000000066
CZE,"Sadová 1756, Čáslav-Nové Město, 286 01 Čáslav, Czech Republic",15.39660034486866,49.9017768539031
CZE,"č.p. 23, 334 54 Lužany, Czech Republic",13.314995967000073,49.54639000000003
CZE,"č.p. 10, 341 92 Srní, Czech Republic",13.500020000000063,49.04937865000005
CZE,"č.p. 35, 783 22 Cholina, Czech Republic",17.050361396608398,49.657085439565925
CZE,"Probluz 27, 503 15 Dolní Přím, Czech Republic",15.716931538524534,50.24605975497795
CZE,"Prostřední Lánov 155, 543 41 Lánov, Czech Republic",15.659625891437571,50.61404131381494
CZE,"č.p. 167, 549 36 Stárkov, Czech Republic",16.158680109000045,50.53335753700003
CZE,"č.p. 38, 542 32 Havlovice, Czech Republic",16.037822644271063,50.491057762616315
CZE,"Školní 2055, 594 01 Velké Meziříčí, Czech Republic",16.005480064081723,49.34859333063875
CZE,"č.p. 73, 330 33 Pňovany, Czech Republic",13.13744966859945,49.78529366596312
CZE,"č.p. 40, 507 21 Veliš, Czech Republic",15.314847225000051,50.40183837500007
CZE,"č.p. 73, 503 61 Lovčice, Czech Republic",15.380575000000022,50.16046701300007
CZE,"J. A. Komenského 339, 542 01 Žacléř, Czech Republic",15.908348642246949,50.66199946248065
CZE,"Na Kotli 1201/27, 500 09 Hradec Králové, Czech Republic",15.848789017577104,50.202450263408224
CZE,"č.p. 2, 517 11 Javornice, Czech Republic",16.35558760500004,50.16788000000008
CZE,"č.p. 99, 503 27 Lhota pod Libčany, Czech Republic",15.674455594000051,50.17236973100006
CZE,"Lipník nad Bečvou VI-Loučka 32, 751 31 Lipník nad Bečvou, Czech Republic",17.59327194541379,49.55315866486782
CZE,"č.p. 162, 507 53 Chomutice, Czech Republic",15.485037186000056,50.35839131600005
CZE,"č.p. 86, 507 73 Dobrá Voda u Hořic, Czech Republic",15.604462815000034,50.34875946500006
CZE,"č.p. 723, 783 44 Loučany, Czech Republic",17.09358491253946,49.60250937830548
CZE,"č.p. 47, 518 01 Bílý Újezd, Czech Republic",16.20616384259272,50.23221369342429
CZE,"č.p. 22, 549 01 Černčice, Czech Republic",16.096612273928482,50.3328925496651
CZE,"Kožušany 79, 783 75 Kožušany-Tážaly, Czech Republic",17.252087917761912,49.53949804862006
CZE,"č.p. 171, 542 12 Radvanice, Czech Republic",16.048698252000065,50.56690500000008
CZE,"Slemeno 36, 516 01 Synkov-Slemeno, Czech Republic",16.22960829931759,50.146868354709284
CZE,"Poděbradova 18, Nové Město, 506 01 Jičín, Czech Republic",15.347836276212632,50.430024340949046
CZE,"č.p. 2, 517 34 Voděrady, Czech Republic",16.139878069000076,50.206744668000056
CZE,"č.p. 2, 552 24 Velká Jesenice, Czech Republic",16.030625351000026,50.36640399700008
CZE,"Školní 81, 542 25 Janské Lázně, Czech Republic",15.777107652172958,50.6310473571676
CZE,"č.p. 201, 549 82 Vernéřovice, Czech Republic",16.211225245000037,50.615747730000066
CZE,"Na Vizině 1034/28, Slezská Ostrava, 710 00 Ostrava, Czech Republic",18.31235441300663,49.84855876762819
CZE,"Lipové náměstí 29/18, Křelov, 783 36 Křelov-Břuchotín, Czech Republic",17.20112888012133,49.61568950657531
CZE,"č.p. 81, 507 24 Dětenice, Czech Republic",15.135209965000058,50.35916019300004
CZE,"Chodovice 2, 508 01 Holovousy, Czech Republic",15.587262490572073,50.377475675371244
CZE,"č.p. 43, 517 35 Lično, Czech Republic",16.168146765000074,50.17731799300003
CZE,"č.p. 8, 277 43 Chlumín, Czech Republic",14.448460000000068,50.28433506500005
CZE,"č.p. 74, 507 12 Radim, Czech Republic",15.427683666000064,50.46188892500004
CZE,"Na Parkáni 107, 507 71 Miletín, Czech Republic",15.680363641902971,50.403859182449
CZE,"č.p. 380, 503 43 Černilov, Czech Republic",15.930797602000041,50.265297246000046
CZE,"č.p. 47, 549 54 Bukovice, Czech Republic",16.229042204714304,50.555748468303754
CZE,"č.p. 240, 549 73 Martínkovice, Czech Republic",16.331652160000033,50.54573677700006
CZE,"Vojice 108, 508 01 Podhorní Újezd a Vojice, Czech Republic",15.507132837319347,50.39258409775448
CZE,"č.p. 155, 507 06 Lužany, Czech Republic",15.48149329100005,50.434960000000046
CZE,"č.p. 2, 552 03 Velký Třebešov, Czech Republic",16.003482010272954,50.39619110903653
CZE,"č.p. 126, 549 83 Jetřichov, Czech Republic",16.251489331034488,50.60569679973471
CZE,"č.p. 137, 549 37 Žďárky, Czech Republic",16.23279605600004,50.467901193000046
CZE,"č.p. 104, 552 04 Chvalkovice, Czech Republic",15.977595594000036,50.405831687000045
CZE,"Olešnice 190, 549 41 Červený Kostelec, Czech Republic",16.087255336384885,50.45355427100023
CZE,"Horská 256, Hořejší Vrchlabí, 543 02 Vrchlabí, Czech Republic",15.608680181023061,50.640010168142624
CZE,"č.p. 202, 544 75 Mostek, Czech Republic",15.70879543600006,50.479100000000074
CZE,"č.p. 166, 542 04 Bernartice, Czech Republic",15.977503857000045,50.640915000000064
CZE,"č.p. 172, 552 21 Rasošky, Czech Republic",15.921172174000048,50.31742000000003
CZE,"č.p. 74, 543 76 Chotěvice, Czech Republic",15.78009000000003,50.50229401100006
CZE,"č.p. 7, 543 74 Dolní Kalná, Czech Republic",15.632324348000054,50.54767500000003
CZE,"č.p. 123, 544 66 Hajnice, Czech Republic",15.91973520700003,50.48610000000008
CZE,"Školní 11, 507 23 Libáň, Czech Republic",15.218278875210444,50.37477569672035
CZE,"č.p. 41, 543 71 Dolní Olešnice, Czech Republic",15.713925797823366,50.51717709244633
CZE,"č.p. 45, 517 41 Lhoty u Potštejna, Czech Republic",16.270094113626545,50.059496300678184
CZE,"Komenského 540, 549 41 Červený Kostelec, Czech Republic",16.09148015086143,50.477963839880175
CZE,"Školní 287, Kamenná, 407 01 Jílové, Czech Republic",14.107083768633686,50.76510617545111
CZE,"Bratří Čapků 138, Lhota za Červeným Kostelcem, 549 41 Červený Kostelec, Czech Republic",16.081512475424205,50.482933554091915
CZE,"1. Máje 365, Běloves, 547 01 Náchod, Czech Republic",16.188833357854207,50.41961041298677
CZE,"Pavlišovská 55, Babí, 547 01 Náchod, Czech Republic",16.174849661148556,50.431608939744336
CZE,"Drtinovo náměstí 121, Staré Město nad Metují, 547 01 Náchod, Czech Republic",16.161227643564928,50.401585800760245
CZE,"Růžová 12, 503 04 Černožice, Czech Republic",15.874952960701165,50.31993374243376
CZE,"č.p. 193, 543 62 Dolní Branná, Czech Republic",15.593045000000075,50.59243120300005
CZE,"č.p. 1, 503 22 Libčany, Czech Republic",15.689778799000067,50.188810000000046
CZE,"Radlická 795/30, Smíchov, 150 00 Praha 5, Czech Republic",14.401995918900695,50.067798132108436
CZE,"Školní 232, 517 61 Rokytnice v Orlických horách, Czech Republic",16.460965506947105,50.163530153298524
CZE,"Jana Palacha 166, Šipší, 284 01 Kutná Hora, Czech Republic",15.273279582743186,49.96175012549466
CZE,"Jiráskovy sady 387/7, Hlouška, 284 01 Kutná Hora, Czech Republic",15.275618385186249,49.954920466968275
CZE,"Soudná 12, 506 01 Jičín, Czech Republic",15.367110714021663,50.44450089356141
CZE,"Tišnovská 116, 595 01 Velká Bíteš, Czech Republic",16.22706766064607,49.29252384663212
CZE,"Na Návsi 5, 251 01 Babice, Czech Republic",14.716031129805373,50.006678677167116
CZE,"Bellova 352, Petrovice, 109 00 Praha 10, Czech Republic",14.560416403487523,50.03494320904602
CZE,"Palachova 2189/35, Žďár nad Sázavou 6, 591 01 Žďár nad Sázavou, Czech Republic",15.942129639881728,49.55701040083403
CZE,"Klášterní 3301/2, 669 02 Znojmo, Czech Republic",16.059432363165286,48.842873088476665
CZE,"Malinovského 280, 684 01 Slavkov u Brna, Czech Republic",16.87635988782921,49.15630212014369
CZE,"Jiříkovská 962/49, Rumburk 1, 408 01 Rumburk, Czech Republic",14.559509062468777,50.96293354917455
CZE,"Vilsnická 31, Děčín XII-Vilsnice, 405 02 Děčín, Czech Republic",14.177707002580973,50.742708305242815
CZE,"Tylovo nábřeží 1140/20, 500 02 Hradec Králové, Czech Republic",15.823120864025839,50.20804841081056
CZE,"č.p. 32, 360 01 Sadov, Czech Republic",12.878077695215286,50.271930007004364
CZE,"Jirchářská 823, 688 01 Uherský Brod, Czech Republic",17.64977904858523,49.02289746749349
CZE,"Mánesova 2630/3b, 251 01 Říčany, Czech Republic",14.662827250856367,49.99481145292279
CZE,"Straková 522, Osnice, 252 42 Jesenice, Czech Republic",14.536086672235314,49.97442808932365
CZE,"č.p. 188, 664 84 Vysoké Popovice, Czech Republic",16.285954743480623,49.18436807275011
CZE,"U Hadovky 1544/11, Dejvice, 160 00 Praha 6, Czech Republic",14.37418350687912,50.10139590133977
CZE,"Jeseninova 31/4, Kunčice, 719 00 Ostrava, Czech Republic",18.28922857450752,49.79299672403977
CZE,"Kořen 60, 349 53 Olbramov, Czech Republic",12.842826644351163,49.85182037570132
CZE,"č.p. 32, 543 51 Špindlerův Mlýn, Czech Republic",15.62840852100004,50.72543500000006
CZE,"Potoční 51, Děčín XXXI-Křešice, 405 02 Děčín, Czech Republic",14.199461896996695,50.751458425424744
CZE,"Šumperská 775, 788 14 Rapotín, Czech Republic",17.01898760954802,50.00049886759393
CZE,"Kytlická 757/17, Prosek, 190 00 Praha 9, Czech Republic",14.505499934081683,50.1253310964095
CZE,"Baarova 360/24, Michle, 140 00 Praha 4, Czech Republic",14.453585862393311,50.049825068586415
CZE,"Španielova 6227/3, Poruba, 708 00 Ostrava, Czech Republic",18.183111836287708,49.8285696468449
CZE,"Školní 698, 698 01 Veselí nad Moravou, Czech Republic",17.37918590073437,48.94956319078318
CZE,"Heřmanická 340, 509 01 Nová Paka, Czech Republic",15.51981189079575,50.487054726335714
CZE,"Šujanovo náměstí 356/1, Trnitá, 602 00 Brno, Czech Republic",16.620440351134363,49.189427150035954
CZE,"náměstí Osvoboditelů 1368/27, Radotín, 153 00 Praha 5, Czech Republic",14.35668796038101,49.98514452017153
CZE,"Velký Dřevíč 20, 549 34 Hronov, Czech Republic",16.183779237877474,50.497053792000315
CZE,"Školní náměstí 37, Rosice, 533 51 Pardubice, Czech Republic",15.729478493206898,50.04064805807576
CZE,"Příkrá 2890/8, Žabovřesky, 616 00 Brno, Czech Republic",16.568335842605848,49.220736072967185
CZE,"Sportovní 135/13, 691 46 Ladná, Czech Republic",16.87304911989395,48.80453049149574
CZE,"nám. T. G. Masaryka 58, 273 51 Unhošť, Czech Republic",14.12961482728349,50.085022230672195
CZE,"č.p. 146, 675 34 Police, Czech Republic",15.628910890000043,48.96483000000006
CZE,"U Jeslí 198/13, České Budějovice 4, 370 01 České Budějovice, Czech Republic",14.493644402592281,48.97721483790187
CZE,"Helsinská 2731, 390 05 Tábor, Czech Republic",14.68867871663005,49.3877289394791
CZE,"Tlumačovská 1237/32, Stodůlky, 155 00 Praha 5, Czech Republic",14.33240323994886,50.03978782335287
CZE,"Kodaňská 54/10, Vršovice, 101 00 Praha 10, Czech Republic",14.452383143106658,50.0711508514691
CZE,"Čs. exilu 491/23, Poruba, 708 00 Ostrava, Czech Republic",18.16894625228315,49.825583887205255
CZE,"Žižkovo náměstí 1, Krčín, 549 01 Nové Město nad Metují, Czech Republic",16.13227898074885,50.34985705295105
CZE,"Na Perštýně 404/44, Liberec IV-Perštýn, 460 01 Liberec, Czech Republic",15.05981941477387,50.761605264042316
CZE,"Plovdivská 2572/8, Žabovřesky, 616 00 Brno, Czech Republic",16.580935351821097,49.21724417210427
CZE,"Orlické nábřeží 356/1, 500 03 Hradec Králové, Czech Republic",15.833694634881653,50.2063045558549
CZE,"4. května 336, 763 11 Želechovice nad Dřevnicí, Czech Republic",17.754254107249096,49.216133444204985
CZE,"Prameny 838/10, Ráj, 734 01 Karviná, Czech Republic",18.553046546202637,49.85186639234976
CZE,"č.p. 8, 374 01 Petříkov, Czech Republic",14.736679947690323,48.86248347900417
CZE,"č.p. 10, 530 02 Třebosice, Czech Republic",15.732124969132338,49.99829715056135
CZE,"U Nových staveb 2219/2, Pod Bezručovým vrchem, 794 01 Krnov, Czech Republic",17.69529512976078,50.09181831967635
CZE,"Školní 2400/4, 251 01 Říčany, Czech Republic",14.685285135491426,49.98956966213396
CZE,"Havlíčkova 3675, 430 03 Chomutov, Czech Republic",13.403679231835383,50.47054246089911
CZE,"Tomkova 420/48, Hejčín, 779 00 Olomouc, Czech Republic",17.237376923317726,49.603232363985484
CZE,"Rubešova 531, 539 73 Skuteč, Czech Republic",15.997967783360735,49.84134098507528
CZE,"Pražská 112, 331 44 Kožlany, Czech Republic",13.544492942068956,49.995447932740404
CZE,"č.p. 112, 289 16 Přerov nad Labem, Czech Republic",14.828158233000067,50.15700000000004
CZE,"Na Drahách 20, 252 41 Dolní Břežany, Czech Republic",14.454250463496066,49.96398004701547
CZE,"Karla Majera 370, 252 31 Všenory, Czech Republic",14.304089925393498,49.92884080388063
CZE,"Žichlice 58, 330 11 Hromnice, Czech Republic",13.456468960948513,49.83882842577938
CZE,"č.p. 367, 257 24 Chocerady, Czech Republic",14.826942818000077,49.848880000000065
CZE,"Školní 1727, 431 11 Jirkov, Czech Republic",13.435837073920226,50.504136164907436
CZE,"Na Větrově 445/36, Lhotka, 142 00 Praha 4, Czech Republic",14.449153763451221,50.02515297849902
CZE,"V Dolích 444, 251 01 Světice, Czech Republic",14.6557147030978,49.96943037955529
CZE,"Školní náměstí 228, Chrudim II, 537 01 Chrudim, Czech Republic",15.797150459046094,49.9516054242624
CZE,"č.p. 50, 565 52 České Heřmanice, Czech Republic",16.25913044600003,49.93399000000005
CZE,"Lonkova 512, Polabiny, 530 09 Pardubice, Czech Republic",15.762431694084057,50.046094325392545
CZE,"Na Šafránce 1651/9, Vinohrady, 101 00 Praha 10, Czech Republic",14.452769465024005,50.07284768394794
CZE,"Blatenská 1073/27a, Lobzy, 326 00 Plzeň, Czech Republic",13.40602054884937,49.73411947010743
CZE,"Mimoňská 645/2a, Prosek, 190 00 Praha 9, Czech Republic",14.499708374263577,50.12296568142389
CZE,"Dobrovského 1402/2, Děčín I-Děčín, 405 02 Děčín, Czech Republic",14.213439642551094,50.78252293205938
CZE,"č.p. 41, 382 02 Zlatá Koruna, Czech Republic",14.359291734000067,48.85205957100004
CZE,"Thákurova 550/1, Dejvice, 160 41 Praha 6, Czech Republic",14.387056433775967,50.10102428966249
CZE,"č.p. 90, 742 57 Libhošť, Czech Republic",18.074336213000038,49.62881155200006
CZE,"Školní 258, 364 61 Teplá, Czech Republic",12.866666034267581,49.980477518392945
CZE,"Hornokrčská 709/3, Krč, 140 00 Praha 4, Czech Republic",14.456711893182586,50.039435741509976
CZE,"Školní 419/2, Horní Těrlicko, 735 42 Těrlicko, Czech Republic",18.481116322093243,49.75200749922172
CZE,"Sídliště 591, 338 28 Radnice, Czech Republic",13.600776332244635,49.85819858492269
CZE,"Žižkova 286/12, 251 01 Říčany, Czech Republic",14.657687132553065,49.99531000852366
CZE,"Masarykovy sady 104/21, 737 01 Český Těšín, Czech Republic",18.622545096381828,49.74820592894602
CZE,"Ostravská 1710, 737 01 Český Těšín, Czech Republic",18.6138948046667,49.74724259681406
CZE,"Erbenova 782/27, Vítkovice, 703 00 Ostrava, Czech Republic",18.270668693944202,49.810896697366104
CZE,"Školní 229, 330 02 Dýšina, Czech Republic",13.497846225974087,49.7805597399271
CZE,"B. Němcové 752/74, České Budějovice 7, 370 01 České Budějovice, Czech Republic",14.468397607313648,48.957378351575414
CZE,"Wilsonova 405/34, Soběslav III, 392 01 Soběslav, Czech Republic",14.716638314871403,49.26535671542649
CZE,"Chomutovická 1443/4, Chodov, 149 00 Praha 4, Czech Republic",14.514207977109692,50.023463773552066
CZE,"č.p. 95, 342 01 Hartmanice, Czech Republic",13.440295151000043,49.17291000000006
CZE,"č.p. 113, 582 31 Okrouhlice, Czech Republic",15.49594061700003,49.63002089200006
CZE,"Myšlínská 30, Myšlín, 251 64 Mnichovice, Czech Republic",14.734988480217282,49.9393577035234
CZE,"Rajmonova 1199/4, Kobylisy, 182 00 Praha 8, Czech Republic",14.467875163288738,50.128753846571215
CZE,"Modenská 150/15, Doubí, 360 07 Karlovy Vary, Czech Republic",12.828003416223453,50.21016039895366
CZE,"č.p. 128, 391 62 Stádlec, Czech Republic",14.490764837000029,49.37618405200004
CZE,"č.p. 275, 696 62 Tvarožná Lhota, Czech Republic",17.36763692049615,48.868020538443574
CZE,"Havlíčkova 5628/26, 586 01 Jihlava, Czech Republic",15.588424976723473,49.4019427194269
CZE,"Studentská 312/65, Doubí, 360 07 Karlovy Vary, Czech Republic",12.826318905142273,50.209557823934375
CZE,"Nad Bahnivkou 140/2, Pacov, 251 01 Říčany, Czech Republic",14.669447780898508,50.00918884762061
CZE,"U Kapličky 58, 267 18 Hlásná Třebaň, Czech Republic",14.200094060134177,49.92058077357737
CZE,"Masarykovo nám. 108, 533 41 Lázně Bohdaneč, Czech Republic",15.678746856599474,50.07527776531654
CZE,"Bendlova 2168, 272 01 Kladno, Czech Republic",14.098834467166483,50.139589929086895
CZE,"Vítězství 121, Děčín XXXIII-Nebočady, 405 02 Děčín, Czech Republic",14.190388319171205,50.73024873190104
CZE,"č.p. 22, 517 64 Orlické Záhoří, Czech Republic",16.460780000000057,50.268849454000076
CZE,"Tři Vršky 532, 267 01 Králův Dvůr, Czech Republic",14.034569158234888,49.95369561945725
CZE,"kpt. Jaroše 612, 432 01 Kadaň, Czech Republic",13.270532783712497,50.381140117711
CZE,"K Rybníku 1330, Poruba, 735 14 Orlová, Czech Republic",18.410008362685346,49.858573800818334
CZE,"Křenecká 52, 277 14 Lhota, Czech Republic",14.654206798716558,50.24152569018375
CZE,"Pod Balkánem 599/2, Vysočany, 190 00 Praha 9, Czech Republic",14.484522042090305,50.099001568788196
CZE,"Smiřických 2, 250 83 Škvorec, Czech Republic",14.73490767867068,50.046268291792956
CZE,"Sládkova 767/8, Předměstí, 412 01 Litoměřice, Czech Republic",14.135433544467872,50.53737757752526
CZE,"Pod Radnicí 152/3, Košíře, 150 00 Praha 5, Czech Republic",14.382031650460334,50.07038466169982
CZE,"Poštovní 160/17, 353 01 Mariánské Lázně, Czech Republic",12.704121234223294,49.971196698011454
CZE,"č.p. 15, 345 32 Česká Kubice, Czech Republic",12.822013362000064,49.372690000000034
CZE,"K učilišti 165/15, Štěrboholy, 102 00 Praha 10, Czech Republic",14.548879551956844,50.0735798012808
CZE,"Hlavní 813, Hlubočinka, 251 68 Sulice, Czech Republic",14.553179887380992,49.93759821631835
CZE,"č.p. 276, 757 01 Poličná, Czech Republic",17.930048863035115,49.46466191896947
CZE,"U Hřiště 151, 251 01 Světice, Czech Republic",14.665031104658283,49.971855473691534
CZE,"V Zahradách 1874, Beroun-Město, 266 01 Beroun, Czech Republic",14.071327994610812,49.96707221491593
CZE,"Hlavní 205, 756 63 Krhová, Czech Republic",17.993411681611747,49.48720565973184
CZE,"Matrosovova 833/14, Hulváky, 709 00 Ostrava, Czech Republic",18.24531771160909,49.823858388617566
CZE,"č.p. 120, 517 83 Olešnice v Orlických horách, Czech Republic",16.325363611000057,50.36678000000006
CZE,"Široký vrch 363, 434 01 Most, Czech Republic",13.622863736759342,50.51709462912618
CZE,"Komenského 578, Mladá, 289 24 Milovice, Czech Republic",14.866458380067002,50.22684788807615
CZE,"Školní 594, 396 01 Humpolec, Czech Republic",15.354520592537938,49.540169019969255
CZE,"č.p. 195, 257 41 Bukovany, Czech Republic",14.626651121213868,49.82699035464186
CZE,"Husova 1126/43, Jižní Předměstí, 301 00 Plzeň, Czech Republic",13.36507503565636,49.74579646705919
CZE,"Oplanská 2339, Újezd nad Lesy, 190 16 Praha 9, Czech Republic",14.646546661223539,50.07606059316362
CZE,"Mlýnská 225/44, Trnitá, 602 00 Brno, Czech Republic",16.622250171668014,49.18883438184338
CZE,"nám. Míru 212/2, Liberec XIV-Ruprechtice, 460 14 Liberec, Czech Republic",15.067052829576227,50.78995143565814
CZE,"č.p. 171, 270 64 Mšec, Czech Republic",13.899183835188856,50.20221797756093
CZE,"Terezy Novákové 1947/62a, Řečkovice, 621 00 Brno, Czech Republic",16.576125815779022,49.249527742736745
CZE,"Bratří Čapků 279, Příbram VII, 261 01 Příbram, Czech Republic",13.997181176206652,49.67674634869991
CZE,"Pařížská 2249, Kročehlavy, 272 01 Kladno, Czech Republic",14.13389915327258,50.135824107628224
CZE,"Horákov 61, 664 04 Mokrá-Horákov, Czech Republic",16.718985045663544,49.222168330672275
CZE,"Mojmírovců 1002/42, Mariánské Hory, 709 00 Ostrava, Czech Republic",18.24904866435054,49.82829526524446
CZE,"nám. T. G. Masaryka 588, 760 01 Zlín, Czech Republic",17.66549997854304,49.22152175066131
CZE,"U Planetária 2969/1, Jižní Předměstí, 301 00 Plzeň, Czech Republic",13.362343205773442,49.740225518932675
CZE,"č.p. 119, 517 61 Bartošovice v Orlických horách, Czech Republic",16.534855405529054,50.19876729418932
CZE,"Na Návsi 60, 251 63 Kunice, Czech Republic",14.671511237822244,49.93630090725435
CZE,"Školní 73, Předhradí, 289 41 Pňov-Předhradí, Czech Republic",15.147844485541725,50.090370513540876
CZE,"U Školky 880, Šeberov, 149 00 Praha 4, Czech Republic",14.510076788491602,49.99473668634647
CZE,"K Zeleným domkům 178/38, Kunratice, 148 00 Praha 4, Czech Republic",14.46950648332612,50.01667105789232
CZE,"K Nemocnici 211/1, 741 01 Nový Jičín, Czech Republic",18.012326284317453,49.59321117009651
CZE,"U Výstaviště 463, Pražské Předměstí, 397 01 Písek, Czech Republic",14.139021837217285,49.308241926742824
CZE,"Legerova 1878/5, Nové Město, 120 00 Praha 2, Czech Republic",14.43068851457474,50.06992470476308
CZE,"Na Rozhledně 766, Chrudim IV, 537 01 Chrudim, Czech Republic",15.780107451500413,49.95478396767507
CZE,"Opletalova 1013/59, Nové Město, 110 00 Praha 1, Czech Republic",14.43508197294318,50.087053081992565
CZE,"Vážská 998/2, Čakovice, 196 00 Praha 9, Czech Republic",14.526314965694354,50.149729726905804
CZE,"Na Proutkách 280, 250 73 Radonice, Czech Republic",14.605740874356457,50.140421665339005
CZE,"Slavošovice 19, 339 01 Bolešiny, Czech Republic",13.334551077957514,49.40420939559314
CZE,"Okružní 517/10, České Budějovice 4, 370 01 České Budějovice, Czech Republic",14.494917948960762,48.99587572039843
CZE,"Sklářská 81, Hamr, 435 42 Litvínov, Czech Republic",13.573824574041112,50.59193349936601
CZE,"Zborovská 519, 511 01 Turnov, Czech Republic",15.163142967579489,50.5938553440356
CZE,"Komenského 453, 471 25 Jablonné v Podještědí, Czech Republic",14.755200350077445,50.76774660067994
CZE,"Zagarolská 245, 277 51 Nelahozeves, Czech Republic",14.308532082619394,50.27393863549173
CZE,"Vídeňská 675/5, 779 00 Olomouc, Czech Republic",17.24864018952877,49.59081843010654
CZE,"Riegrova 312, 666 01 Tišnov, Czech Republic",16.432187080584555,49.34774906344143
CZE,"Kostelecká 508, Skuheř, 251 68 Kamenice, Czech Republic",14.569247409035114,49.90211791354329
CZE,"č.p. 115, 412 01 Třebušín, Czech Republic",14.191001036237354,50.60871970410505
CZE,"Neklanova 1806, 413 01 Roudnice nad Labem, Czech Republic",14.244721491935081,50.42034751755202
CZE,"Staré Město nad Metují, Lidická 125, 547 01 Náchod, Czech Republic",16.165113410058012,50.4026948522789
CZE,"Královopolské Vážany 230, 683 01 Rousínov, Czech Republic",16.870387278902513,49.21052980665607
CZE,"Petra Bezruče 3087, 272 01 Kladno, Czech Republic",14.101135970140405,50.141394804297676
CZE,"Školská 280, 281 02 Cerhenice, Czech Republic",15.068115319622734,50.07093732248569
CZE,"Dvorní 667/35, 696 18 Lužice, Czech Republic",17.080601722505236,48.84260247873263
CZE,"K Nádraží 104, 253 01 Hostivice, Czech Republic",14.256839963727089,50.0818190444642
CZE,"Sochorova 3262/23, Žabovřesky, 616 00 Brno, Czech Republic",16.567121891568945,49.21279786583631
CZE,"Na Sádkách 1811/40, České Budějovice 2, 370 05 České Budějovice, Czech Republic",14.447135233528513,48.97364817046264
CZE,"Sokolova 145/4, Horní Heršpice, 619 00 Brno, Czech Republic",16.615848409298735,49.16587328965119
CZE,"Masarykova 211, 270 54 Řevničov, Czech Republic",13.808810223736259,50.18540683676741
CZE,"č.p. 83, 503 02 Lochenice, Czech Republic",15.817636202000074,50.271580648000054
CZE,"Markoušovice 113, 542 32 Velké Svatoňovice, Czech Republic",16.007259877401992,50.56079183731265
CZE,"Emy Destinové 1138/46, České Budějovice 2, 370 05 České Budějovice, Czech Republic",14.4473302804154,48.98055209265115
CZE,"Nová 1871/5, České Budějovice 3, 370 01 České Budějovice, Czech Republic",14.478749676830489,48.97783790667441
CZE,"Příční 112/4a, Zábrdovice, 602 00 Brno, Czech Republic",16.61519453703201,49.20095830187245
CZE,"V zahrádkách 2833/3, Žižkov, 130 00 Praha 3, Czech Republic",14.488219383400036,50.0873830775206
CZE,"Pode Zděmi 402, 267 27 Liteň, Czech Republic",14.151286908495848,49.90619864310426
CZE,"Husova 376/3, Žďár nad Sázavou 1, 591 01 Žďár nad Sázavou, Czech Republic",15.937961151794525,49.560878774878034
CZE,"Jílovská 884, Těptín, 251 68 Kamenice, Czech Republic",14.56486308694113,49.89223539824235
CZE,"Příbramská 938, 263 01 Dobříš, Czech Republic",14.167760198082675,49.77781445708956
CZE,"U Borku 506, 293 06 Bradlec, Czech Republic",14.899003298440476,50.44125529492334
CZE,"K Vatinám 266, 267 29 Zadní Třebaň, Czech Republic",14.205856953843437,49.91401904258598
CZE,"č.p. 7, 273 42 Libochovičky, Czech Republic",14.236912187579057,50.1733406681328
CZE,"Školní 343, Želivec, 251 68 Sulice, Czech Republic",14.578775705107859,49.917997303380616
CZE,"Velký Hájek 1554, 564 01 Žamberk, Czech Republic",16.454962052616736,50.07729093082122
CZE,"Štolbova 2665, Zelené Předměstí, 530 02 Pardubice, Czech Republic",15.782274927842565,50.03271856812421
CZE,"Horní náměstí 285/8, 779 00 Olomouc, Czech Republic",17.251340419636733,49.59441883470603
CZE,"Jílová 532/8, Neředín, 779 00 Olomouc, Czech Republic",17.228098827054765,49.590385546717044
CZE,"Hrnčířská 272, Zahájí, 570 01 Litomyšl, Czech Republic",16.310375899220986,49.875666890235465
CZE,"K Trnkám 2135/6, Modřany, 143 00 Praha 4, Czech Republic",14.416422096275,50.013227919122784
CZE,"Vítězslava Nezvala 2467/25, 434 01 Most, Czech Republic",13.636943322437332,50.50347500038495
CZE,"č.p. 53, 507 07 Úlibice, Czech Republic",15.437668606000045,50.43354012200007
CZE,"č.p. 108, 281 63 Třebovle, Czech Republic",14.94454510092747,50.03216790862668
CZE,"Hlinky 41/104, Pisárky, 603 00 Brno, Czech Republic",16.581200890513685,49.19056164063073
CZE,"Pionýrů 79, 253 01 Hostivice, Czech Republic",14.244672122525373,50.078379530496136
CZE,"Pražská 235, 259 01 Votice, Czech Republic",14.640887284018504,49.641373921018726
CZE,"Lidická 1869/28, Černá Pole, 602 00 Brno, Czech Republic",16.608103949859782,49.20246901419128
CZE,"Náměstí 150, 783 07 Město Libavá, Czech Republic",17.520077814124562,49.72043165458388
CZE,"č.p. 188, 756 44 Loučka, Czech Republic",17.84322456800004,49.43821500000007
CZE,"U Školy 225/2, Benátky nad Jizerou II, 294 71 Benátky nad Jizerou, Czech Republic",14.83165378441646,50.28646706616806
CZE,"V Remízkách 286, Přemyšlení, 250 66 Zdiby, Czech Republic",14.426912802470355,50.17245092902911
CZE,"Na Návsi 57, 281 63 Vyžlovka, Czech Republic",14.78924973625189,49.984605857163956
CZE,"č.p. 74, 680 01 Velenov, Czech Republic",16.74718824604567,49.485280394265594
CZE,"Vašatova 1438, 272 01 Kladno, Czech Republic",14.096357698597188,50.144537682712325
CZE,"Komenského 135, Lhota, 747 92 Háj ve Slezsku, Czech Republic",18.046136870070427,49.90607949435062
CZE,"Královická 915/12, Brandýs nad Labem, 250 01 Brandýs nad Labem-Stará Boleslav, Czech Republic",14.666354188074536,50.18480375883394
CZE,"V Podbabě 40/29, Dejvice, 160 00 Praha 6, Czech Republic",14.390378936375669,50.1229353808439
CZE,"Národních hrdinů 81, Dolní Počernice, 190 12 Praha 9, Czech Republic",14.574809723801366,50.08540754676116
CZE,"Stanovice 15, 393 01 Nová Cerekev, Czech Republic",15.15888554749958,49.43635495818981
CZE,"č.p. 23, 331 41 Chříč, Czech Republic",13.649132967839165,49.98894685109551
CZE,"č.p. 34, 391 42 Ratibořské Hory, Czech Republic",14.77205153500006,49.45954476700007
CZE,"Prostřední Lánov 247, 543 41 Lánov, Czech Republic",15.66088518857066,50.62097788351633
CZE,"Černětice 12, 387 01 Volyně, Czech Republic",13.906932302707304,49.14388793480762
CZE,"Lužická 423, 551 01 Jaroměř, Czech Republic",15.918757373429258,50.35042161603943
CZE,"č.p. 32, 273 04 Hradečno, Czech Republic",13.969242184000052,50.17403500000006
CZE,"Karlštejnská 253, 252 28 Černošice, Czech Republic",14.322627007180188,49.95897424871055
CZE,"č.p. 680, 763 63 Halenkovice, Czech Republic",17.455256039000062,49.176839984000026
CZE,"Zahradníčkova 890/21, Horka-Domky, 674 01 Třebíč, Czech Republic",15.882921468412007,49.207605654004766
CZE,"Vocelova 394, Kutná Hora-Vnitřní Město, 284 01 Kutná Hora, Czech Republic",15.269587270575386,49.95191509367521
CZE,"Školní 195, 669 02 Suchohrdly, Czech Republic",16.090466275853316,48.865559966706456
CZE,"Otakarova 2696/20, České Budějovice 3, 370 01 České Budějovice, Czech Republic",14.480334275625808,48.97814703126352
CZE,"Veleňská 48, 250 73 Přezletice, Czech Republic",14.575635425083163,50.15561734333431
CZE,"Noutonice 7, 252 64 Lichoceves, Czech Republic",14.28140463972531,50.16459696002519
CZE,"náměstí Na Santince 2440/5, Dejvice, 160 00 Praha 6, Czech Republic",14.386930621409277,50.10706437290975
CZE,"Školní 1251/57, 430 01 Chomutov, Czech Republic",13.41544256238987,50.45792124255465
CZE,"Poděbradská 41, 290 01 Sokoleč, Czech Republic",15.10592013369589,50.09693760895027
CZE,"Pražská 1000, Dolní Jirčany, 252 44 Psáry, Czech Republic",14.51786743221706,49.949939227639675
CZE,"č.p. 20, 382 41 Bujanov, Czech Republic",14.460650017000034,48.69024500000006
CZE,"Roztocká 6, 252 64 Úholičky, Czech Republic",14.331872581658814,50.16048328958473
CZE,"nám. T. G. Masaryka 1281, 760 01 Zlín, Czech Republic",17.666178493605088,49.22050339133503
CZE,"Školská 444, 281 02 Cerhenice, Czech Republic",15.068885784162632,50.070324731092114
CZE,"Na Vojtěšce 188, Újezd u Průhonic, 149 00 Praha 4, Czech Republic",14.541569442740439,50.01554798801223
CZE,"U Cihelny 505/7, 276 01 Mělník, Czech Republic",14.485481518546806,50.348996650590095
CZE,"Římovská 1029/21, Hloubětín, 198 00 Praha 9, Czech Republic",14.554315719080307,50.11379462206446
CZE,"V Zahrádkách 1011/33, Klíše, 400 01 Ústí nad Labem, Czech Republic",14.019373019234905,50.675509958842554
CZE,"Pražská 405, 252 03 Řitka, Czech Republic",14.30005470956678,49.89355697291603
CZE,"Purkyňova 2025/8, 415 01 Teplice, Czech Republic",13.82839864763821,50.63382620952737
CZE,"Filipínského 300/1, Židenice, 615 00 Brno, Czech Republic",16.639816293790858,49.20033418536201
CZE,"Svatoslavova 333/6, Nusle, 140 00 Praha 4, Czech Republic",14.44338936099939,50.061801676667216
CZE,"Prusíkova 2577/16, Stodůlky, 155 00 Praha 5, Czech Republic",14.33842438009495,50.03769783770559
CZE,"Husova 168, Bílé Předměstí, 530 03 Pardubice, Czech Republic",15.786629745637356,50.041361106578904
CZE,"Černovír č.ev. 51, 779 00 Olomouc, Czech Republic",17.25946524984178,49.606839599836064
CZE,"Radlická 2483/138, Smíchov, 150 00 Praha 5, Czech Republic",14.39371811896271,50.059886872796284
CZE,"Kostelní 259, 514 01 Jilemnice, Czech Republic",15.505247747295186,50.60970242163617
CZE,"Pístov 52, 586 01 Jihlava, Czech Republic",15.537168716796288,49.37556897726634
CZE,"Jitřní 185/6, Hodkovičky, 147 00 Praha 4, Czech Republic",14.413456662750548,50.02427421977012
CZE,"Komenského 604, 768 24 Hulín, Czech Republic",17.466976445851373,49.32049178486713
CZE,"č.p. 13, 373 41 Strýčice, Czech Republic",14.25777151638028,49.00502149376038
CZE,"Zvole 78, 552 25 Rychnovek, Czech Republic",15.974097715678681,50.36407414375063
CZE,"Na závodí 70, 739 25 Sviadnov, Czech Republic",18.325806780869982,49.689728827071264
CZE,"Dědina 2, 687 22 Ostrožská Nová Ves, Czech Republic",17.43100793912589,49.00100460695148
CZE,"nám. 9. května 68, 251 65 Ondřejov, Czech Republic",14.783181573629008,49.90410811263328
CZE,"Ernsta Macha 866/27d, Chrlice, 643 00 Brno, Czech Republic",16.652680419689375,49.134034462801196
CZE,"Viniční 1016, 615 00 Brno, Czech Republic",16.648663727868666,49.19942969419034
CZE,"Pod Žvahovem 463/21b, Hlubočepy, 152 00 Praha 5, Czech Republic",14.40080878995397,50.04184847233904
CZE,"Poděbradská 489/116, Hloubětín, 198 00 Praha 9, Czech Republic",14.537955166091194,50.105411335875004
CZE,"Křížkovského 48/2, 664 34 Kuřim, Czech Republic",16.5249935241998,49.29633870222435
CZE,"Ostrovského 253/3, Smíchov, 150 00 Praha 5, Czech Republic",14.40276965238283,50.068636364335504
CZE,"Zámostí 797, 500 09 Hradec Králové, Czech Republic",15.84909261011012,50.20502715381096
CZE,"Dukelská 1346, 742 58 Příbor, Czech Republic",18.13750489528175,49.63662532141274
CZE,"Cihelní 410, Frýdek, 738 01 Frýdek-Místek, Czech Republic",18.36132895125138,49.68536810003471
CZE,"Větrovy 124, 390 01 Tábor, Czech Republic",14.644316152969509,49.39026203443774
CZE,"Sedláčkova 472/6, Budějovické Předměstí, 397 01 Písek, Czech Republic",14.15913060966838,49.31360898507461
CZE,"č.p. 32, 379 01 Záblatí, Czech Republic",14.680598753631571,49.09933781356458
CZE,"Alej svobody 1247, 588 13 Polná, Czech Republic",15.717580884563546,49.48153781680463
CZE,"Piaristická 16/1, České Budějovice 1, 370 01 České Budějovice, Czech Republic",14.47322952303719,48.97517778397312
CZE,"Třemošenská 61, Záluží, 330 11 Třemošná, Czech Republic",13.372098232327062,49.81393781947622
CZE,"K. Weise 1215/3, České Budějovice 3, 370 04 České Budějovice, Czech Republic",14.475331955810702,48.98282601916364
CZE,"č.p. 7, 538 01 Bylany, Czech Republic",15.727478425000072,49.95781000000005
CZE,"Pstružovská 651, Frýdlant, 739 11 Frýdlant nad Ostravicí, Czech Republic",18.33460082222456,49.57897480091964
CZE,"Záběhlická 1658/48, Záběhlice, 106 00 Praha 10, Czech Republic",14.484315679634136,50.05542686211663
CZE,"Škrobálkova 300/51, Kunčičky, 718 00 Ostrava, Czech Republic",18.303125769972382,49.80676303608658
CZE,"Masarykova 141/379, Bukov, 400 01 Ústí nad Labem, Czech Republic",13.997541430405136,50.68538555907335
CZE,"Perunova 975/6, Vinohrady, 130 00 Praha 3, Czech Republic",14.454285332213288,50.07607647687013
CZE,"č.p. 143, 561 63 Nekoř, Czech Republic",16.549335816000053,50.06252500000005
CZE,"Mokrá Hora č.ev. 76, 621 00 Brno, Czech Republic",16.602337451932186,49.26207427832395
CZE,"náměstí Svornosti 2571/7, Žabovřesky, 616 00 Brno, Czech Republic",16.58045506876914,49.215350867815005
CZE,"č.p. 215, 666 03 Sentice, Czech Republic",16.440319023240413,49.30747240841356
CZE,"Karla Čapka 2290/10, Nětčice, 697 01 Kyjov, Czech Republic",17.131865274688153,49.01859809598821
CZE,"Monseova 355, 592 31 Nové Město na Moravě, Czech Republic",16.07616867687375,49.56528773976737
CZE,"Nešverova 693/1, 779 00 Olomouc, Czech Republic",17.250095790834223,49.59011309295431
CZE,"Čermná 6, 342 01 Hrádek, Czech Republic",13.473669967369034,49.28804635968433
CZE,"Neklanova 2706, 413 01 Roudnice nad Labem, Czech Republic",14.242120419741667,50.42150036451477
CZE,"Wintrova 747, Rakovník II, 269 01 Rakovník, Czech Republic",13.741955912551816,50.100737502845334
CZE,"Vavrečkova 5333, 760 01 Zlín, Czech Republic",17.65062930884335,49.223004006418876
CZE,"Ratibořská 1147/34, Kateřinky, 747 05 Opava, Czech Republic",17.912468983751012,49.941463950062854
CZE,"Jirkovská 119, 431 41 Údlice, Czech Republic",13.456655961208355,50.441036527250446
CZE,"č.p. 61, 582 57 Lípa, Czech Republic",15.537894545000029,49.55569500000007
CZE,"č.p. 67, 386 01 Pracejovice, Czech Republic",13.85862998792179,49.25118817202674
CZE,"Maixnerova 1373/11, Vítkovice, 703 00 Ostrava, Czech Republic",18.251080772956414,49.80986542990891
CZE,"Třeboňská 22, Břilice, 379 01 Třeboň, Czech Republic",14.743139797236381,49.017609115232545
CZE,"Komenského 72, 267 51 Zdice, Czech Republic",13.975725767191364,49.91079423106777
CZE,"Výletní 365/4, Písnice, 142 00 Praha 4, Czech Republic",14.460918854205374,50.00338492449529
CZE,"Hlavní 210, Sendražice, 280 02 Kolín, Czech Republic",15.212834074726715,50.05277633669451
CZE,"V Dolích 5, 252 45 Ohrobec, Czech Republic",14.429633568241087,49.942285879488225
CZE,"Za Nádražím 752, 256 01 Benešov, Czech Republic",14.678364784772668,49.77858068876833
CZE,"Blanická 103, 398 11 Protivín, Czech Republic",14.22093524328477,49.19746003076315
CZE,"Hrnčířská 642, Beroun-Město, 266 01 Beroun, Czech Republic",14.072321920689348,49.966326225533294
CZE,"Sokolská 3921, 760 01 Zlín, Czech Republic",17.67897581573527,49.23262827528296
CZE,"Hrnčířská 500, Zdiměřice, 252 42 Jesenice, Czech Republic",14.523625548241483,49.984980025321704
CZE,"Libušina 390, 252 63 Roztoky, Czech Republic",14.390291848401688,50.159859089255264
CZE,"Jihlavská 635, 595 01 Velká Bíteš, Czech Republic",16.216310242291684,49.28889477592375
CZE,"č.p. 219, 294 77 Mečeříž, Czech Republic",14.73613188400003,50.28527500000007
CZE,"náměstí 28. října 1106/16, Černá Pole, 602 00 Brno, Czech Republic",16.613836501079533,49.20358175374733
CZE,"Suchdolská 85/14, Sedlec, 160 00 Praha 6, Czech Republic",14.383873788975325,50.13350564006488
CZE,"Komenského 232/42, České Budějovice 7, 370 01 České Budějovice, Czech Republic",14.473125000704613,48.964396896289855
CZE,"č.p. 92, 572 01 Květná, Czech Republic",16.348927967000527,49.735474299872344
CZE,"Na Míčánkách 713/11, Vršovice, 101 00 Praha 10, Czech Republic",14.463144081860378,50.07213316861174
CZE,"Buttulova 193, 583 01 Chotěboř, Czech Republic",15.66976598262309,49.7207373845022
CZE,"Na Zátorce 675/30, Bubeneč, 160 00 Praha 6, Czech Republic",14.414229055128175,50.102127557667956
CZE,"Bítovská 1122/5, Michle, 140 00 Praha 4, Czech Republic",14.454064469064605,50.046141347869366
CZE,"č.p. 20, 407 79 Mikulášovice, Czech Republic",14.367792835000046,50.95997016300004
CZE,"Československé armády 507, 357 33 Loket, Czech Republic",12.752209470026287,50.19320464702005
CZE,"Pod Jelenicí 657, Parník, 560 02 Česká Třebová, Czech Republic",16.433125769921162,49.90976292170109
CZE,"Jesenická 405/4a, Háje, 350 02 Cheb, Czech Republic",12.369327234276255,50.058092894059655
CZE,"Březnická 135, Příbram III, 261 01 Příbram, Czech Republic",14.00762745831517,49.68320297062547
CZE,"č.p. 64, 783 42 Slatinice, Czech Republic",17.104266135364757,49.54824077043199
CZE,"Jabloňová 524, Kostelec, 763 14 Zlín, Czech Republic",17.70481973779613,49.259168565859625
CZE,"Školní náměstí 55, 251 64 Struhařov, Czech Republic",14.744572432127114,49.952079420886975
CZE,"nám. T. G. Masaryka 225/14, Přerov I-Město, 750 02 Přerov, Czech Republic",17.449808883224534,49.455407149836134
CZE,"Husovo nám. 2092/38, 796 01 Prostějov, Czech Republic",17.122876437903784,49.46913385739043
CZE,"Josefa Spitze 296, Minice, 278 01 Kralupy nad Vltavou, Czech Republic",14.307001463280528,50.23025567654068
CZE,"Na Posvátné 157, 588 56 Telč, Czech Republic",15.462699027481818,49.18612019586661
CZE,"Nádražní 214, 513 01 Semily, Czech Republic",15.323707291541496,50.60231913840505
CZE,"Brandýská 45, 250 90 Jirny, Czech Republic",14.698746471991171,50.11454576631755
CZE,"Chotěbuzská 192, 735 61 Chotěbuz, Czech Republic",18.577326321311915,49.765910017195125
CZE,"Ovčárecká 312, Kolín V, 280 02 Kolín, Czech Republic",15.210021024202007,50.04049596844263
CZE,"Brněnská 364/17, Vyškov-Město, 682 01 Vyškov, Czech Republic",16.989604596509423,49.27162855829653
CZE,"Myslínova 2699/23a, Královo Pole, 612 00 Brno, Czech Republic",16.598500635753624,49.23046557662565
CZE,"č.p. 145, 664 64 Trboušany, Czech Republic",16.457470951044606,49.05055011592908
CZE,"č.p. 72, 680 01 Sudice, Czech Republic",16.6622751735303,49.525844190954906
CZE,"Třeboradická 1110/51, Kobylisy, 182 00 Praha 8, Czech Republic",14.450824863487298,50.13026577426598
CZE,"č.p. 998, 739 47 Kozlovice, Czech Republic",18.272007204000033,49.59035778400005
CZE,"Lázeňská 289/9, Malá Strana, 118 00 Praha 1, Czech Republic",14.405508103969282,50.086684403981394
CZE,"Čechova 632/15, Bubeneč, 170 00 Praha 7, Czech Republic",14.420735423649063,50.101397284353794
CZE,"U garáží 1436/6, Holešovice, 170 00 Praha 7, Czech Republic",14.445013773834802,50.10138529823226
CZE,"U Dolního Skrýchova 176, Jindřichův Hradec II, 377 01 Jindřichův Hradec, Czech Republic",15.009188109547466,49.158101211841256
CZE,"Světická 1229/8, Strašnice, 100 00 Praha 10, Czech Republic",14.500422177138006,50.06617514419656
CZE,"č.p. 96, 756 12 Lačnov, Czech Republic",18.011789833033095,49.19313303727494
CZE,"Pražská 67, 252 65 Tursko, Czech Republic",14.321223289855396,50.191034488468915
CZE,"Radnice 39, 789 85 Pavlov, Czech Republic",16.87545179243918,49.72498063916572
CZE,"Zahradní 2662/13, 787 01 Šumperk, Czech Republic",16.95887192942149,49.97275828848257
CZE,"Černá cesta 142/35a, Klášterní Hradisko, 779 00 Olomouc, Czech Republic",17.26899857505643,49.60005080308767
CZE,"Preislerovo nám. 21, Počaply, 267 01 Králův Dvůr, Czech Republic",14.01952012163565,49.94212398302841
CZE,"Platónova 3287/26, Modřany, 143 00 Praha 4, Czech Republic",14.422711038227533,49.99998224899173
CZE,"Kollárova 419, 282 01 Český Brod, Czech Republic",14.857948233772987,50.07517378780767
CZE,"Národní 512, 407 47 Varnsdorf, Czech Republic",14.626841477410323,50.907993987625474
CZE,"Růžová 1416/3, Rumburk 1, 408 01 Rumburk, Czech Republic",14.555144940761437,50.9548810547939
CZE,"Čs. legií 243/29, Děčín IV-Podmokly, 405 02 Děčín, Czech Republic",14.19649772075772,50.77375541942834
CZE,"Winstona Churchilla 1368/4, Ústí nad Labem-centrum, 400 01 Ústí nad Labem, Czech Republic",14.035707923600313,50.663584103185485
CZE,"Komenského 305, 763 61 Napajedla, Czech Republic",17.51487122732908,49.17180906011342
CZE,"Masarykova 137, 763 26 Luhačovice, Czech Republic",17.75577634468479,49.09880913752076
CZE,"Štefánikova 2987/91, 760 01 Zlín, Czech Republic",17.679971334375438,49.22481835318021
CZE,"Okružní 4699, 760 05 Zlín, Czech Republic",17.65960154945944,49.23380371147479
CZE,"náměstí Mezi Šenky 121, 763 21 Slavičín, Czech Republic",17.874612285697197,49.089267598041005
CZE,"Školní 806, 765 02 Otrokovice, Czech Republic",17.512141325283864,49.216668712541775
CZE,"Smetanova 116, 766 01 Valašské Klobouky, Czech Republic",18.00649432372603,49.141705622496886
CZE,"nám. Svobody 971/15, 789 85 Mohelnice, Czech Republic",16.917794568891537,49.777136822127346
CZE,"Žerotínova 267/11, 787 01 Šumperk, Czech Republic",16.974002521938644,49.96198649516421
CZE,"Pštrossova 202/15, Nové Město, 110 00 Praha 1, Czech Republic",14.415705443553492,50.078416033684476
CZE,"Pohořelec 111/25, Hradčany, 118 00 Praha 1, Czech Republic",14.389959757397861,50.08782698311276
CZE,"Biskupská 1276/12, Nové Město, 110 00 Praha 1, Czech Republic",14.434703446195783,50.091262138491146
CZE,"Slezská 920/21, Vinohrady, 120 00 Praha 2, Czech Republic",14.443413919975711,50.07635249294171
CZE,"Štítného 520/5, Žižkov, 130 00 Praha 3, Czech Republic",14.44940664547002,50.08574965413928
CZE,"Učňovská 100/1, Hrdlořezy, 190 00 Praha 9, Czech Republic",14.500973454909854,50.091792461505065
CZE,"Komenského náměstí 400/9, Žižkov, 130 00 Praha 3, Czech Republic",14.457085223150017,50.086369118693455
CZE,"Křtinská 673/1, Háje, 149 00 Praha 4, Czech Republic",14.534384726795537,50.02883661539704
CZE,"Lounských 129/4, Nusle, 140 00 Praha 4, Czech Republic",14.43502078505,50.05996314811517
CZE,"Botevova 3114/14, Modřany, 143 00 Praha 4, Czech Republic",14.418977822372227,50.008862875406095
CZE,"Vzdušná 564/8, Lhotka, 142 00 Praha 4, Czech Republic",14.443888084238353,50.02293671948041
CZE,"Na Popelce 1/18, Košíře, 150 00 Praha 5, Czech Republic",14.384969507523323,50.07016161925634
CZE,"Štefánikova 217/19, Smíchov, 150 00 Praha 5, Czech Republic",14.403622678668995,50.073803807643145
CZE,"Zderazská 60/6, Radotín, 153 00 Praha 5, Czech Republic",14.354612936430897,49.98234077355934
CZE,"K Brance 72/2, Stodůlky, 155 00 Praha 5, Czech Republic",14.312685902376046,50.04878391048348
CZE,"Na vrchu 304/22, Řeporyje, 155 00 Praha 5, Czech Republic",14.311056460398731,50.03576547374752
CZE,"U dělnického cvičiště 1100/1, Břevnov, 169 00 Praha 6, Czech Republic",14.366965682416662,50.086859795305344
CZE,"Nad alejí 1879/28, Břevnov, 162 00 Praha 6, Czech Republic",14.346851126452378,50.08610810622858
CZE,"Půlkruhová 99/42, Vokovice, 160 00 Praha 6, Czech Republic",14.341707906844903,50.09880476170164
CZE,"Šimáčkova 1452/16, Holešovice, 170 00 Praha 7, Czech Republic",14.434150240586206,50.103335473734575
CZE,"Klapkova 156/25, Kobylisy, 182 00 Praha 8, Czech Republic",14.455458295743654,50.12421730911555
CZE,"Taussigova 1150/2, Kobylisy, 182 00 Praha 8, Czech Republic",14.473433790017594,50.12951249262761
CZE,"U prosecké školy 92/19, Prosek, 190 00 Praha 9, Czech Republic",14.493106954960666,50.11655117856179
CZE,"Cukrovarská 230/1, Čakovice, 196 00 Praha 9, Czech Republic",14.513429801218876,50.15097791801719
CZE,"Ratibořická 1899/30, Horní Počernice, 193 00 Praha 9, Czech Republic",14.61690372536745,50.110871684789146
CZE,"Bajkalská 1512/11, Vršovice, 100 00 Praha 10, Czech Republic",14.47356320660262,50.07126756947082
CZE,"Olešská 2295/16, Strašnice, 100 00 Praha 10, Czech Republic",14.510767708770345,50.063422694831814
CZE,"Trhanovské náměstí 129/8, Hostivař, 102 00 Praha 10, Czech Republic",14.525234706013094,50.0516943587231
CZE,"V bytovkách 803/12, Uhříněves, 104 00 Praha 10, Czech Republic",14.59447375246998,50.0365702621809
CZE,"Malé nám. 362, 259 01 Votice, Czech Republic",14.639892519749651,49.63943979686101
CZE,"Palackého náměstí 253/4, 268 01 Hořovice, Czech Republic",13.903705940537009,49.83685239210578
CZE,"Husovo nám. 77/5, Beroun-Centrum, 266 01 Beroun, Czech Republic",14.07439208313562,49.96382221577866
CZE,"V Kaštanech 103, 267 01 Králův Dvůr, Czech Republic",14.03674593848956,49.94734947101554
CZE,"5. května 1870, Kročehlavy, 272 01 Kladno, Czech Republic",14.108589661358195,50.13746398507499
CZE,"Politických vězňů 1160/1, 274 01 Slaný, Czech Republic",14.085885264950747,50.2334811167016
CZE,"Nové Město 180, 281 61 Kouřim, Czech Republic",14.974886511906476,50.002882597037996
CZE,"Palackého 38, 295 01 Mnichovo Hradiště, Czech Republic",14.973245586721816,50.523655899112896
CZE,"Na Karmeli 73/4, Mladá Boleslav II, 293 01 Mladá Boleslav, Czech Republic",14.90388718196371,50.41496348586631
CZE,"Palackého třída 574/62, 288 02 Nymburk, Czech Republic",15.044442059027233,50.18985725016793
CZE,"Komenského náměstí 189, 271 01 Nové Strašecí, Czech Republic",13.899104024236607,50.152774159867676
CZE,"Piaristické nám. 149/1, České Budějovice 1, 370 01 České Budějovice, Czech Republic",14.471556578982415,48.975372872769555
CZE,"Otakarova 1426/43, České Budějovice 3, 370 01 České Budějovice, Czech Republic",14.479783416949118,48.98058599744951
CZE,"Sokolská 1052, 374 01 Trhové Sviny, Czech Republic",14.636062325274594,48.840507128667326
CZE,"V. Talicha 1807/14, České Budějovice 2, 370 05 České Budějovice, Czech Republic",14.446821582711692,48.98501876694385
CZE,"Klavíkova 1571/9, České Budějovice 3, 370 04 České Budějovice, Czech Republic",14.468438930096312,48.97893744473296
CZE,"Kostelní 162, Vnitřní Město, 381 01 Český Krumlov, Czech Republic",14.31558637615089,48.81011434775317
CZE,"Linecká 2, 382 41 Kaplice, Czech Republic",14.490977532458942,48.73877014440427
CZE,"Školní 609, 382 32 Velešín, Czech Republic",14.458073784810523,48.82944909335555
CZE,"Masarykovo nám. 20, Třeboň I, 379 01 Třeboň, Czech Republic",14.771865920523112,49.00434102351048
CZE,"Antonínská 93, Dačice II, 380 01 Dačice, Czech Republic",15.433072939251105,49.0770523571768
CZE,"Janderova 165, Jindřichův Hradec II, 377 01 Jindřichův Hradec, Czech Republic",15.000060719903587,49.146016561028546
CZE,"Libušina 1217, 399 01 Milevsko, Czech Republic",14.369175235912763,49.44206454299487
CZE,"Nádražní 1032/27, Budějovické Předměstí, 397 01 Písek, Czech Republic",14.148769403877083,49.30386607037107
CZE,"Husova 110, Prachatice I, 383 01 Prachatice, Czech Republic",13.99888949189284,49.01205141051301
CZE,"tř. J. P. Koubka 4, 388 01 Blatná, Czech Republic",13.881690033656412,49.42512936863355
CZE,"Kochana z Prachové 263, Strakonice I, 386 01 Strakonice, Czech Republic",13.903007644183475,49.26096925011882
CZE,"Palackého 64, 387 01 Volyně, Czech Republic",13.889473888040271,49.167039254292405
CZE,"Klášterní 39, 391 65 Bechyně, Czech Republic",14.470320415902108,49.2950261380966
CZE,"náměstí T. G. Masaryka 22, Veselí nad Lužnicí I, 391 81 Veselí nad Lužnicí, Czech Republic",14.69847783199441,49.186333221935826
CZE,"Školní náměstí 56, Soběslav III, 392 01 Soběslav, Czech Republic",14.715814876703462,49.25935317727706
CZE,"Martínka Húsky 62/7, 390 01 Tábor, Czech Republic",14.657050275549778,49.41321474472676
CZE,"Nerudova 648/2, 391 02 Sezimovo Ústí, Czech Republic",14.703366157926325,49.37978758913454
CZE,"Školní 338, 364 64 Bečov nad Teplou, Czech Republic",12.837015135603508,50.08275220174471
CZE,"Plánická 208, Klatovy I, 339 01 Klatovy, Czech Republic",13.295306085280743,49.395011472234046
CZE,"Revoluční 70/100, Lobzy, 312 00 Plzeň, Czech Republic",13.409606997580084,49.739830857021644
CZE,"Terezie Brzkové 863/33, Skvrňany, 318 00 Plzeň, Czech Republic",13.323660722618769,49.74312490306008
CZE,"Jiráskova 181, Střed, 337 01 Rokycany, Czech Republic",13.592891308289438,49.7414355723846
CZE,"Dukelských hrdinů 85, 348 15 Planá, Czech Republic",12.745455835361724,49.86833347932824
CZE,"Rokycanova 1, 347 01 Tachov, Czech Republic",12.631337564732576,49.79513364834483
CZE,"Kostelní náměstí 106, 349 01 Stříbro, Czech Republic",13.002437275369857,49.75154293223821
CZE,"Chelčického 345/4, 415 01 Teplice, Czech Republic",13.831092926594948,50.6418343217307
CZE,"Kubicových 887/2, 419 01 Duchcov, Czech Republic",13.748447277466056,50.605708444773086
CZE,"Národní 209, Neštěmice, 403 31 Ústí nad Labem, Czech Republic",14.101682134951318,50.67092388433912
CZE,"Střekovské nábřeží 788/18, Střekov, 400 03 Ústí nad Labem, Czech Republic",14.046640272273976,50.65727982235015
CZE,"Nádražní 228, 582 91 Světlá nad Sázavou, Czech Republic",15.407053919232936,49.67018688082237
CZE,"náměstí T. G. Masaryka 322, 583 01 Chotěboř, Czech Republic",15.67119803078063,49.72013623440645
CZE,"Klicperovo náměstí 1, Chlumec nad Cidlinou I, 503 51 Chlumec nad Cidlinou, Czech Republic",15.464537011210126,50.15387998435361
CZE,"Komenského 334, 508 01 Hořice, Czech Republic",15.632289822973434,50.36627871001431
CZE,"Na Lánech 95, Lány, 570 01 Litomyšl, Czech Republic",16.304197598390374,49.87715580960602
CZE,"Zámek 3/3, 678 01 Blansko, Czech Republic",16.645859897437447,49.36322750494034
CZE,"Ronovská 281/12, 679 04 Adamov, Czech Republic",16.661690295050704,49.29111069966626
CZE,"Na Větřáku 463, 679 06 Jedovnice, Czech Republic",16.7599847897701,49.34191110978924
CZE,"Masarykovo náměstí 203/29, 679 61 Letovice, Czech Republic",16.572378434507357,49.546746257481516
CZE,"náměstí 9. května 951/7, 680 01 Boskovice, Czech Republic",16.665428707685976,49.48748259781277
CZE,"Hybešova 240/1, 678 01 Blansko, Czech Republic",16.647662090439184,49.35927296493168
CZE,"Palackého třída 822/70, Královo Pole, 612 00 Brno, Czech Republic",16.59565254887363,49.222740940387695
CZE,"Slunná 193/11, Komárov, 617 00 Brno, Czech Republic",16.625704773061784,49.175897584844336
CZE,"Charbulova 108/84, Černovice, 618 00 Brno, Czech Republic",16.635646213142024,49.18534239716146
CZE,"Trnkova 1784/81, Líšeň, 628 00 Brno, Czech Republic",16.68707949886428,49.20158560350612
CZE,"Smetanova 756/14, Veveří, 602 00 Brno, Czech Republic",16.60231943084034,49.201568839699775
CZE,"Veveří 944/133, Žabovřesky, 616 00 Brno, Czech Republic",16.587102085625332,49.21012927741285
CZE,"Herčíkova 2655/17, Královo Pole, 612 00 Brno, Czech Republic",16.584872247923585,49.23072005120605
CZE,"Ondrouškova 856/10, Bystrc, 635 00 Brno, Czech Republic",16.51755257347486,49.21924388465436
CZE,"Smetanova 346/8, Veveří, 602 00 Brno, Czech Republic",16.60168894408349,49.20083689000498
CZE,"Vranovská 842/41, Husovice, 614 00 Brno, Czech Republic",16.626963064366464,49.20742079113023
CZE,"Kořenského 2160/23b, Řečkovice, 621 00 Brno, Czech Republic",16.57917070974557,49.24305976333238
CZE,"třída Kpt. Jaroše 1939/24, Černá Pole, 602 00 Brno, Czech Republic",16.611080196039325,49.20348879844113
CZE,"Došlíkova 4185/48, Židenice, 636 00 Brno, Czech Republic",16.657731773638034,49.195119049025294
CZE,"Lidická 700/19, Veveří, 602 00 Brno, Czech Republic",16.607118321865386,49.2017983362087
CZE,"Kristenova 58/27, Komín, 624 00 Brno, Czech Republic",16.555197796111543,49.2219719845904
CZE,"Vídeňská 264/52, Štýřice, 639 00 Brno, Czech Republic",16.59463641075169,49.18091901539867
CZE,"Palackého náměstí 1607/27a, 664 91 Ivančice, Czech Republic",16.37767302635018,49.102263613185954
CZE,"náměstí 13. prosince 144/12, 664 12 Oslavany, Czech Republic",16.330983478730076,49.12564891349788
CZE,"Nádražní 232, 667 01 Židlochovice, Czech Republic",16.61560407682117,49.03253049544642
CZE,"Na Schodech 239, 665 01 Rosice, Czech Republic",16.388134814979566,49.1804075097574
CZE,"Dvořáčkova 316, 666 01 Tišnov, Czech Republic",16.42167106104162,49.34946462947386
CZE,"Zahradní 1529/21, 664 34 Kuřim, Czech Republic",16.53671888473292,49.29999090698547
CZE,"Komenského 702/4, 664 44 Ořechov, Czech Republic",16.514878662542856,49.110708841639905
CZE,"Školní 462, 691 23 Pohořelice, Czech Republic",16.523015897964598,48.980262875082104
CZE,"Komenského 684/4, 693 01 Hustopeče, Czech Republic",16.731196137485654,48.94023492882971
CZE,"Bří. Mrštíků 79/1, 691 72 Klobouky u Brna, Czech Republic",16.858826874223922,48.99498845403781
CZE,"Hlavní 178/30, 691 06 Velké Pavlovice, Czech Republic",16.81882449277623,48.89948731237067
CZE,"Náměstí 23/28, 692 01 Mikulov, Czech Republic",16.637908069713916,48.80669595618113
CZE,"B. Němcové 258, Prštné, 760 01 Zlín, Czech Republic",17.64063648769661,49.217829983317216
CZE,"č.p. 462, 696 74 Velká nad Veličkou, Czech Republic",17.523227201652578,48.88642180850013
CZE,"náměstí Míru 1676, 698 01 Veselí nad Moravou, Czech Republic",17.38318540965355,48.951307045738815
CZE,"Preláta Horného 509, 696 62 Strážnice, Czech Republic",17.313588791207223,48.90121021256837
CZE,"Horní Valy 3655/2, 695 01 Hodonín, Czech Republic",17.13102909602739,48.85104397723967
CZE,"Prostřední 417, 696 17 Dolní Bojanovice, Czech Republic",17.028857384356144,48.85619222598905
CZE,"Horní náměstí 393, 696 81 Bzenec, Czech Republic",17.266478807323836,48.974845483421745
CZE,"Jánská 31/2, 767 01 Kroměříž, Czech Republic",17.391839892320263,49.29846896291639
CZE,"Velehradská 625/4, 767 01 Kroměříž, Czech Republic",17.390419746465255,49.293677908970835
CZE,"č.p. 23, 768 02 Zdounky, Czech Republic",17.33007854300007,49.20931389400005
CZE,"Masarykovo nám. 133, 768 61 Bystřice pod Hostýnem, Czech Republic",17.674011214484466,49.39958384232577
CZE,"nám. Míru 123, 768 24 Hulín, Czech Republic",17.466697747570777,49.31572742728318
CZE,"Bezručova 675/7, 769 01 Holešov, Czech Republic",17.586155793436888,49.33066439783698
CZE,"Na Příhonech 425, 798 52 Konice, Czech Republic",16.887828929763202,49.58909674528479
CZE,"Mariánské náměstí 125, 686 01 Uherské Hradiště, Czech Republic",17.459786030212314,49.07044829757439
CZE,"Šance 166, 687 24 Uherský Ostroh, Czech Republic",17.390812690086108,48.98499131621094
CZE,"Mariánské nám. 65, 688 01 Uherský Brod, Czech Republic",17.64561944531539,49.025579592690605
CZE,"Čtvrť 1. máje 715, 687 71 Bojkovice, Czech Republic",17.819036579606603,49.03949267186201
CZE,"Nádražní 124/4, Vyškov-Město, 682 01 Vyškov, Czech Republic",16.996998189481445,49.27747237928094
CZE,"Školní 139, 672 01 Moravský Krumlov, Czech Republic",16.315393390280832,49.04972295232571
CZE,"Rooseveltova 999/21, 669 02 Znojmo, Czech Republic",16.057287434142694,48.85654602612209
CZE,"Anenská 210, 671 67 Hrušovany nad Jevišovkou, Czech Republic",16.401834197529524,48.82701423430211
CZE,"Komenského 177/1, 671 72 Miroslav, Czech Republic",16.31175488993142,48.9480215073321
CZE,"Bradyových 16, 592 31 Nové Město na Moravě, Czech Republic",16.07359668988437,49.55984465757376
CZE,"Hrnčířská 117, 595 01 Velká Bíteš, Czech Republic",16.226559130580426,49.29039672915377
CZE,"Poříčí 808/7, 594 01 Velké Meziříčí, Czech Republic",16.014861509210817,49.35654557745744
CZE,"Hlavní náměstí 42/9, Pod Bezručovým vrchem, 794 01 Krnov, Czech Republic",17.703217872280277,50.09086005859584
CZE,"Tyršova 126/1, 793 95 Město Albrechtice, Czech Republic",17.57248926794739,50.160163436159564
CZE,"Čapkova 440/6, 795 01 Rýmařov, Czech Republic",17.26874275937152,49.93314537216591
CZE,"Dvořákův okruh 298/21, Pod Bezručovým vrchem, 794 01 Krnov, Czech Republic",17.70790687655466,50.091846566690066
CZE,"nám. J. Žižky 13/6, 792 01 Bruntál, Czech Republic",17.465341471817965,49.98966429382082
CZE,"Padlých hrdinů 292, Frýdlant, 739 11 Frýdlant nad Ostravicí, Czech Republic",18.35798884665499,49.59482770394294
CZE,"Třanovského 596, Staré Město, 739 61 Třinec, Czech Republic",18.668967680385776,49.678101367167244
CZE,"Bukovecká 479, 739 91 Jablunkov, Czech Republic",18.769143074177748,49.575315597269366
CZE,"Československé armády 481, Místek, 738 01 Frýdek-Místek, Czech Republic",18.339793075965616,49.67335624605107
CZE,"Majakovského 2217/9, Mizerov, 734 01 Karviná, Czech Republic",18.560932492167183,49.856093134664036
CZE,"Na Schodech 256/1, Město, 736 01 Havířov, Czech Republic",18.419618047037915,49.78383823753512
CZE,"Slezská 1100, Poruba, 735 14 Orlová, Czech Republic",18.423342294256827,49.86433879000336
CZE,"Orlovská 495, 735 32 Rychvald, Czech Republic",18.381248795604904,49.86564720508906
CZE,"Jaroslava Vrchlického 1471/1a, Podlesí, 736 01 Havířov, Czech Republic",18.461133613465876,49.77171964001457
CZE,"Sokola-Tůmy 105/10, 737 01 Český Těšín, Czech Republic",18.62273117463232,49.7478770230654
CZE,"Žižkova 620, Nový Bohumín, 735 81 Bohumín, Czech Republic",18.354456628837823,49.90451207845683
CZE,"Pivovarská 124/24, 743 01 Bílovec, Czech Republic",18.01767662075241,49.75680706079902
CZE,"Lidická 5, 742 83 Klimkovice, Czech Republic",18.126062088704685,49.78797399429044
CZE,"Štramberská 294/1b, 742 21 Kopřivnice, Czech Republic",18.143171061828355,49.59225337002064
CZE,"Derkova 154/1, 741 01 Nový Jičín, Czech Republic",18.010720646945174,49.59258961006654
CZE,"Pohořská 480/6, 742 35 Odry, Czech Republic",17.8358313151802,49.66513263511712
CZE,"Lidická 50, 742 58 Příbor, Czech Republic",18.140855896352264,49.640672355722955
CZE,"Butovická 376, Butovice, 742 13 Studénka, Czech Republic",18.04199947884399,49.71374260248325
CZE,"Tyršova 955, 744 01 Frenštát pod Radhoštěm, Czech Republic",18.214547661233013,49.54498635118128
CZE,"Obránců míru 892, 742 21 Kopřivnice, Czech Republic",18.139026126889064,49.60187269356189
CZE,"Poštovní 659, Butovice, 742 13 Studénka, Czech Republic",18.04963120168523,49.713357076846705
CZE,"Litovelská 190, 783 91 Uničov, Czech Republic",17.120746680125933,49.76948154613817
CZE,"Jungmannova 740/11, 784 01 Litovel, Czech Republic",17.07708475975184,49.700811211811754
CZE,"Pionýrská 508/4, Nová Ulice, 779 00 Olomouc, Czech Republic",17.232864525743224,49.578796098743936
CZE,"Na Vozovce 246/32, Nová Ulice, 779 00 Olomouc, Czech Republic",17.238394654001297,49.59263239968226
CZE,"Kavaleristů 880/6, Hodolany, 779 00 Olomouc, Czech Republic",17.26869288704762,49.59241694286112
CZE,"Nádražní okruh 674/11, Předměstí, 746 01 Opava, Czech Republic",17.90853636241914,49.93646007959566
CZE,"Lidická 639, 749 01 Vítkov, Czech Republic",17.752597843181633,49.77536924638571
CZE,"Nádražní 11, 747 92 Háj ve Slezsku, Czech Republic",18.093128417661944,49.90035075689681
CZE,"U Bašty 613/4, 748 01 Hlučín, Czech Republic",18.1879736754056,49.89629961545407
CZE,"Zámecká 313, 747 41 Hradec nad Moravicí, Czech Republic",17.875613084936333,49.86678563517833
CZE,"Hlučínská 7/272, Petřkovice, 725 29 Ostrava, Czech Republic",18.25882975862308,49.87585296848596
CZE,"Keltičkova 137/4, Slezská Ostrava, 710 00 Ostrava, Czech Republic",18.298654276085387,49.83767553690711
CZE,"Josefa Valčíka 4413/1, Poruba, 708 00 Ostrava, Czech Republic",18.16577990453959,49.838626212365284
CZE,"Hudební 596/6, Mariánské Hory, 709 00 Ostrava, Czech Republic",18.255433159999285,49.83099071766762
CZE,"Lidická 507/56, Vítkovice, 703 00 Ostrava, Czech Republic",18.269895211919163,49.807686344630866
CZE,"1. května 330/160, Polanka nad Odrou, 725 25 Ostrava, Czech Republic",18.163495333010104,49.78748780199675
CZE,"Sokolská třída 1179/15, Moravská Ostrava, 702 00 Ostrava, Czech Republic",18.29300361605968,49.837667029275394
CZE,"Edisonova 796/90, Hrabůvka, 700 30 Ostrava, Czech Republic",18.25365158647935,49.79426239141927
CZE,"Sologubova 3039/9a, Zábřeh, 700 30 Ostrava, Czech Republic",18.23991012677547,49.79392439117373
CZE,"Hanusíkova 197, Kojetín I-Město, 752 01 Kojetín, Czech Republic",17.2986596996424,49.34925612963235
CZE,"Školní náměstí 35, Hranice I-Město, 753 01 Hranice, Czech Republic",17.73417659929683,49.54594075658636
CZE,"Zámecká 36, 753 62 Potštát, Czech Republic",17.652567547460155,49.636118266899764
CZE,"tř. 17. listopadu 3443/2, Přerov I-Město, 750 02 Přerov, Czech Republic",17.45591744662073,49.45272749730046
CZE,"Havlíčkova 643/10, Lipník nad Bečvou I-Město, 751 31 Lipník nad Bečvou, Czech Republic",17.584061742566547,49.526531034860085
CZE,"Školská 349/9, 789 01 Zábřeh, Czech Republic",16.878020678124386,49.88317171106263
CZE,"Podsedky 285, 755 01 Vsetín, Czech Republic",17.996172345241604,49.34166849560182
CZE,"Komenského 67/1, 757 01 Valašské Meziříčí, Czech Republic",17.9701173668588,49.47178434090307
CZE,"Pionýrská 20, 756 61 Rožnov pod Radhoštěm, Czech Republic",18.14235474827808,49.460936984727596
CZE,"Jiráskova 762/9, 790 01 Jeseník, Czech Republic",17.204707114586938,50.22591833501397
CZE,"Kostelní 1, 790 55 Vidnava, Czech Republic",17.184807889715216,50.3706068314475
CZE,"Nádražní 280, 793 76 Zlaté Hory, Czech Republic",17.391929494865195,50.26111675438523
CZE,"Pod Vinicemi 889/82, Severní Předměstí, 301 00 Plzeň, Czech Republic",13.339416102198612,49.758351929373276
CZE,"Mendlovo náměstí 1/3, Staré Brno, 616 00 Brno, Czech Republic",16.596360316777776,49.191053197342455
CZE,"Riegrova 40/17, 664 51 Šlapanice, Czech Republic",16.724821281025555,49.168742373198626
CZE,"Opata Konráda 1196, Zbraslav, 156 00 Praha 5, Czech Republic",14.395294252035796,49.975728415872766
CZE,"nám. 7. května 59, Sedlec, 257 91 Sedlec-Prčice, Czech Republic",14.532341051163314,49.57196258454209
CZE,"Hradní 3/1, 273 43 Buštěhrad, Czech Republic",14.190426792106791,50.15488069977374
CZE,"Jungmannova 104, 273 51 Unhošť, Czech Republic",14.128881243117576,50.0858347304565
CZE,"Sokolská 24, Kolín II, 280 02 Kolín, Czech Republic",15.197440541906957,50.02929917072379
CZE,"Vladislavova 376/4, Kutná Hora-Vnitřní Město, 284 01 Kutná Hora, Czech Republic",15.269396917554275,49.95026607995399
CZE,"Jeníkovská 222/49, Čáslav-Nové Město, 286 01 Čáslav, Czech Republic",15.39693159768214,49.906894382977356
CZE,"Palackého 122/22, 276 01 Mělník, Czech Republic",14.474630893429094,50.35028541011283
CZE,"Riegrova 181/5, 278 01 Kralupy nad Vltavou, Czech Republic",14.309631369220853,50.24149802990328
CZE,"Nádražní 326, 277 35 Mšeno, Czech Republic",14.640137187503342,50.436332854645485
CZE,"Vojtěšská 1219, 277 11 Neratovice, Czech Republic",14.51498179441083,50.258426959746714
CZE,"Školní nám. 906/22, 289 22 Lysá nad Labem, Czech Republic",14.841674433481728,50.2036879352311
CZE,"F. X. Procházky 25/11, Brandýs nad Labem, 250 01 Brandýs nad Labem-Stará Boleslav, Czech Republic",14.66216449377228,50.18723245718854
CZE,"Vašátkova 343/4, 250 88 Čelákovice, Czech Republic",14.7533659705675,50.16091185629409
CZE,"Masarykovo nám. 57/37, 251 01 Říčany, Czech Republic",14.656578039124867,49.99220983590567
CZE,"Husova 198, 251 69 Velké Popovice, Czech Republic",14.639806018508892,49.92347152434451
CZE,"Střední 403, 252 28 Černošice, Czech Republic",14.324441018665425,49.955374095568146
CZE,"Jungmannova 143, 252 63 Roztoky, Czech Republic",14.396271917222208,50.16422132503439
CZE,"Mníšecká 29, 252 30 Řevnice, Czech Republic",14.233897940364614,49.91334983143645
CZE,"Nádražní 144, 252 46 Vrané nad Vltavou, Czech Republic",14.384029141806081,49.9392336513564
CZE,"Letecká 441, 252 66 Libčice nad Vltavou, Czech Republic",14.370499828071559,50.19360500862524
CZE,"Náměstí 2, 262 72 Březnice, Czech Republic",13.95242432782075,49.55738637110096
CZE,"Krátká 351, Příbram III, 261 01 Příbram, Czech Republic",14.011036965069849,49.68531910781064
CZE,"náměstí T. G. Masaryka 155, Příbram I, 261 01 Příbram, Czech Republic",14.00871551316638,49.68782051917529
CZE,"Šafaříkova 428, 264 01 Sedlčany, Czech Republic",14.42389975973586,49.657858316627255
CZE,"Mírové náměstí 69, 263 01 Dobříš, Czech Republic",14.167862541120428,49.78128414590904
CZE,"Náměstí 23, 262 42 Rožmitál pod Třemšínem, Czech Republic",13.863569113362388,49.60294696018238
CZE,"Zámecké nádvoří 784, 375 01 Týn nad Vltavou, Czech Republic",14.421624156842768,49.22412299049279
CZE,"Žižkovo nám. 20, 373 12 Borovany, Czech Republic",14.641180315353523,48.90025132284512
CZE,"Školní 701, 396 01 Humpolec, Czech Republic",15.354583037716594,49.539576000319585
CZE,"Branka 1, 394 68 Žirovnice, Czech Republic",15.18372808358805,49.251733985381065
CZE,"Bavorovská 456, 384 11 Netolice, Czech Republic",14.191637893296615,49.0499462881358
CZE,"5. května 2, 384 51 Volary, Czech Republic",13.893141389774684,48.91224364699434
CZE,"Komenského 346, 384 22 Vlachovo Březí, Czech Republic",13.956408414038094,49.08341996329065
CZE,"Boženy Němcové 119, Město, 344 01 Domažlice, Czech Republic",12.92714909321029,49.44059913486271
CZE,"Klatovská 434, 345 06 Kdyně, Czech Republic",13.042854309567645,49.38897323300549
CZE,"Školní 96, 345 62 Holýšov, Czech Republic",13.10106469928337,49.59354669768064
CZE,"sady Petra Bezruče 101, Velké Předměstí, 346 01 Horšovský Týn, Czech Republic",12.946144916557785,49.52802624065802
CZE,"Židovská 406/8, 350 02 Cheb, Czech Republic",12.368413774468195,50.079401535950325
CZE,"Kostelní 42/12, 352 01 Aš, Czech Republic",12.18670576447002,50.226108855673175
CZE,"Lužická 412/4, 353 01 Mariánské Lázně, Czech Republic",12.70021828482868,49.9631805810906
CZE,"Masarykova 178, 351 37 Luby, Czech Republic",12.404153790513135,50.255330810442246
CZE,"Školní 219/3, 351 01 Františkovy Lázně, Czech Republic",12.35049041563201,50.12436587834935
CZE,"Masarykova 717, 363 01 Ostrov, Czech Republic",12.946689153530968,50.311071933392014
CZE,"Školní 393, 364 61 Teplá, Czech Republic",12.868963849204107,49.98031918424198
CZE,"Husova 222, 336 01 Blovice, Czech Republic",13.538963819639264,49.58011469784199
CZE,"Stromořadí 439, 334 41 Dobřany, Czech Republic",13.288618751470295,49.6522196846326
CZE,"Poděbradova 1027, 334 01 Přeštice, Czech Republic",13.325859798735877,49.57393715138264
CZE,"Raisova 2, 332 02 Starý Plzenec, Czech Republic",13.470349560245097,49.702956559929504
CZE,"Dělnická 511, 333 01 Stod, Czech Republic",13.161632750724266,49.639860442671846
CZE,"Stará cesta 407, 331 01 Plasy, Czech Republic",13.393133121260036,49.935995177336025
CZE,"Vilová 289, 330 03 Chrást, Czech Republic",13.499482289654907,49.800748014729805
CZE,"Manětínská 395, 331 41 Kralovice, Czech Republic",13.47523092919738,49.98196371364497
CZE,"Nerudova 440, 330 23 Nýřany, Czech Republic",13.206369398723524,49.71217887462683
CZE,"Družstevní 750, 330 11 Třemošná, Czech Republic",13.391914224900262,49.82350869561708
CZE,"Školní náměstí 214, 357 31 Horní Slavkov, Czech Republic",12.808725877110248,50.13974197681051
CZE,"Dukelských hrdinů 338, 357 35 Chodov, Czech Republic",12.747210251515355,50.23924501623924
CZE,"Pohraniční stráže 67, 358 01 Kraslice, Czech Republic",12.510426180674898,50.328832180392396
CZE,"Sokolovská 511/29, 357 51 Kynšperk nad Ohří, Czech Republic",12.53087291146204,50.12361485982481
CZE,"Staré náměstí 37, 356 01 Sokolov, Czech Republic",12.63965400524421,50.18131906640778
CZE,"Komenského 312, 357 09 Habartov, Czech Republic",12.550246423366588,50.17914832112339
CZE,"Sokolská 299, 472 01 Doksy, Czech Republic",14.655516303449645,50.56749593492947
CZE,"Křižíkova 301, 473 01 Nový Bor, Czech Republic",14.559461537077766,50.75720053201411
CZE,"Nerudova 496, Cvikov II, 471 54 Cvikov, Czech Republic",14.631043074015082,50.77909565566998
CZE,"Mírová 119, Mimoň III, 471 24 Mimoň, Czech Republic",14.724618641065717,50.656367200732404
CZE,"Dlouhá 121, 471 07 Žandov, Czech Republic",14.393524161723207,50.712979622517224
CZE,"Arbesova 2077, 470 01 Česká Lípa, Czech Republic",14.531164986328776,50.686557726322945
CZE,"Komenského 481, 407 21 Česká Kamenice, Czech Republic",14.419371520364365,50.80072771329466
CZE,"náměstí T. G. Masaryka 1626, 430 01 Chomutov, Czech Republic",13.4145966607214,50.45650285689928
CZE,"Chomutovská 267, 431 11 Jirkov, Czech Republic",13.447529661211888,50.49707734514823
CZE,"Jana Švermy 474, 432 01 Kadaň, Czech Republic",13.258181211193175,50.37886225170402
CZE,"Jana Ámose Komenského 677, Miřetice u Klášterce nad Ohří, 431 51 Klášterec nad Ohří, Czech Republic",13.189824695321647,50.39046515263172
CZE,"Martinská 1166/1, 431 91 Vejprty, Czech Republic",13.034665022527179,50.498001366154284
CZE,"Žižkova 309, 463 65 Nové Město pod Smrkem, Czech Republic",15.230636398881046,50.92585481746394
CZE,"Frýdlantská 1359/19, Liberec I-Staré Město, 460 01 Liberec, Czech Republic",15.055663583360456,50.771352998340205
CZE,"Přívozní 1036/9, 410 02 Lovosice, Czech Republic",14.052643894242436,50.51646016096532
CZE,"Masarykova 621/46, Předměstí, 412 01 Litoměřice, Czech Republic",14.125664855412055,50.541384839704904
CZE,"Rvačov 112, 413 01 Roudnice nad Labem, Czech Republic",14.258605863088093,50.42579319813558
CZE,"Horova 26, 411 08 Štětí, Czech Republic",14.379418675964416,50.45426145217115
CZE,"Dukelská 155, 441 01 Podbořany, Czech Republic",13.412823217647542,50.22784286189258
CZE,"Studentská 1030, 438 01 Žatec, Czech Republic",13.545028042767683,50.321970419176836
CZE,"Poděbradova 610, 440 01 Louny, Czech Republic",13.796364522444264,50.3540443584109
CZE,"Marxovo náměstí 77, 439 42 Postoloprty, Czech Republic",13.69818024975163,50.360740241762585
CZE,"Pod Šibeníkem 2364/2, 434 01 Most, Czech Republic",13.642936047931641,50.49886277434362
CZE,"Moskevská 13, 434 01 Most, Czech Republic",13.65457758943299,50.505795823645684
CZE,"Podkrušnohorská 1720, Horní Litvínov, 436 01 Litvínov, Czech Republic",13.626635425550234,50.60921157738622
CZE,"Mírové náměstí 21/16, 418 01 Bílina, Czech Republic",13.77452186950228,50.54768970727346
CZE,"Mariánské náměstí 22/13, Bohosudov, 417 42 Krupka, Czech Republic",13.872912420832051,50.68243638644108
CZE,"Husovo náměstí 17, 403 17 Chabařovice, Czech Republic",13.9414519136499,50.6728079685349
CZE,"Luční 838/8, Slezské Předměstí, 500 03 Hradec Králové, Czech Republic",15.850960349594686,50.21386314659094
CZE,"Komenského 437, 503 46 Třebechovice pod Orebem, Czech Republic",15.995604841036538,50.199991348292684
CZE,"Jiráskova 363, 503 03 Smiřice, Czech Republic",15.864835416835177,50.29715847703497
CZE,"Poděbradovo náměstí 305, 539 01 Hlinsko, Czech Republic",15.906205054328865,49.75995572272686
CZE,"Náměstí 7, 538 51 Chrast, Czech Republic",15.93552931022623,49.9010744923265
CZE,"Obce Ležáků 92, Chrudim III, 537 01 Chrudim, Czech Republic",15.794465064906746,49.94446416848547
CZE,"Komenského 87, 538 54 Luže, Czech Republic",16.029316436513,49.894419722209875
CZE,"Vítězslava Nováka 934, 539 73 Skuteč, Czech Republic",15.993919743222136,49.840160519741545
CZE,"Raisova 173, 538 21 Slatiňany, Czech Republic",15.815416889179232,49.91602407764458
CZE,"Jarkovského 47, 538 03 Heřmanův Městec, Czech Republic",15.670275099421985,49.946226798904235
CZE,"Valdštejnovo náměstí 1, Staré Město, 506 01 Jičín, Czech Republic",15.352150944691232,50.43633687795901
CZE,"Havlíčkova 1107, 508 01 Hořice, Czech Republic",15.62411688064418,50.36787143925571
CZE,"Masarykovo náměstí 1, 509 01 Nová Paka, Czech Republic",15.515350958106751,50.49490639031629
CZE,"Nerudova 511, 549 41 Červený Kostelec, Czech Republic",16.09100422639912,50.470096962745345
CZE,"Komenského náměstí 108, 549 54 Police nad Metují, Czech Republic",16.233370013643707,50.538189155300245
CZE,"Tyršova 247, 547 01 Náchod, Czech Republic",16.16121297523435,50.41593088322131
CZE,"Komenského náměstí 8, 549 31 Hronov, Czech Republic",16.18210486889916,50.48225118335441
CZE,"V Kopečku 89, Nové Město, 550 01 Broumov, Czech Republic",16.33421378039486,50.5830522443089
CZE,"Na Obci 142, Pražské Předměstí, 551 01 Jaroměř, Czech Republic",15.914769850631615,50.351987397462125
CZE,"Husovo náměstí 1209, 549 01 Nové Město nad Metují, Czech Republic",16.15142961784798,50.34471714419533
CZE,"Holubova 1234, 534 01 Holice, Czech Republic",15.988500926638267,50.071958447840046
CZE,"K. H. Máchy 325, 535 01 Přelouč, Czech Republic",15.571636862853381,50.03931696994198
CZE,"Valdštejnská 216, 514 01 Jilemnice, Czech Republic",15.506033885994015,50.61095396550883
CZE,"Komenského náměstí 148, 513 01 Semily, Czech Republic",15.337489152018662,50.603395500501335
CZE,"Josefa Jana Fučíka 61, 512 51 Lomnice nad Popelkou, Czech Republic",15.370702946265567,50.53158253921734
CZE,"náměstí Českého Ráje 5, 511 01 Turnov, Czech Republic",15.158015003035786,50.58695942656462
CZE,"Rektora Stříteského 194, Litomyšl-Město, 570 01 Litomyšl, Czech Republic",16.313279222842908,49.870205116397784
CZE,"Zámecké nám. 185/1, Město, 571 01 Moravská Třebová, Czech Republic",16.666064307403786,49.757128464876274
CZE,"T. G. Masaryka 2095/25A, Předměstí, 568 02 Svitavy, Czech Republic",16.46332593470035,49.75683505635561
CZE,"Čsl. armády 347, Horní Předměstí, 572 01 Polička, Czech Republic",16.26907138911497,49.71344232080199
CZE,"č.p. 480, 569 61 Dolní Újezd, Czech Republic",16.25782054600006,49.816704094000045
CZE,"Al. Jiráska 748, 543 01 Vrchlabí, Czech Republic",15.612315999163457,50.620145099526326
CZE,"náměstí T. G. Masaryka 83, 544 01 Dvůr Králové nad Labem, Czech Republic",15.813229044812374,50.43178822865326
CZE,"Hudební 308, 542 01 Žacléř, Czech Republic",15.909706342923329,50.664747804712846
CZE,"Tyršova 351, 542 32 Úpice, Czech Republic",16.009726420049418,50.5128895540316
CZE,"Labská fortna 230, 543 71 Hostinné, Czech Republic",15.723485264798398,50.539150685322994
CZE,"Krakonošovo náměstí 73, Vnitřní Město, 541 01 Trutnov, Czech Republic",15.912209346849579,50.56102996718187
CZE,"nám. Osvoboditelů 337, 691 02 Velké Bílovice, Czech Republic",16.890869632778163,48.850297149666716
CZE,"Komenského 282, 696 03 Dubňany, Czech Republic",17.104153529323696,48.921843859796326
CZE,"Jungmannova 292/1, 697 01 Kyjov, Czech Republic",17.12636607565281,49.008681214884234
CZE,"U hřbitova 291, 696 32 Ždánice, Czech Republic",17.02950144979613,49.0680204374101
CZE,"náměstí Míru 48, 696 42 Vracov, Czech Republic",17.217833342597743,48.97961160120536
CZE,"Revoluční 20/1, 589 01 Třešť, Czech Republic",15.483554962781994,49.290306456056555
CZE,"Zámek 485, 588 13 Polná, Czech Republic",15.714133072511345,49.48715683514587
CZE,"náměstí Zachariáše z Hradce 71, Telč-Vnitřní Město, 588 56 Telč, Czech Republic",15.452825983731458,49.18496416378065
CZE,"Kravařova 168/14, 796 01 Prostějov, Czech Republic",17.107416939506038,49.472527941443275
CZE,"Komenského nám. 168, 798 27 Němčice nad Hanou, Czech Republic",17.204848936388657,49.339850963717254
CZE,"Na aleji 44, 798 03 Plumlov, Czech Republic",17.011622766503876,49.46626100198657
CZE,"F. B. Zvěřiny 212, 675 55 Hrotovice, Czech Republic",16.061048310278466,49.107746718967206
CZE,"Masarykovo nám. 1313/13, Horka-Domky, 674 01 Třebíč, Czech Republic",15.878572853225563,49.21391265895866
CZE,"Masarykovo nám. 51, 675 71 Náměšť nad Oslavou, Czech Republic",16.158217450677512,49.20768159404756
CZE,"Vyškovská 486, 685 01 Bučovice, Czech Republic",17.007457295901816,49.153275331088
CZE,"Rostislavova 616/52, 683 23 Ivanovice na Hané, Czech Republic",17.08612254685076,49.30441508502906
CZE,"Komenského náměstí 525, 684 01 Slavkov u Brna, Czech Republic",16.87725423689804,49.154923548528416
CZE,"Sušilovo náměstí 7/14, 683 01 Rousínov, Czech Republic",16.881599415504184,49.20406723357925
CZE,"Hlavní třída 11, Místek, 738 01 Frýdek-Místek, Czech Republic",18.342591877254932,49.675101316382694
CZE,"Zámecká 2, 739 34 Šenov, Czech Republic",18.3723134353628,49.78471582279761
CZE,"Olomoucká 1289/3, 785 01 Šternberk, Czech Republic",17.297663342811944,49.728584522255034
CZE,"Bílovecká 1/27, Svinov, 721 00 Ostrava, Czech Republic",18.197071476931256,49.814675762231786
CZE,"Trávník 596/2, 789 83 Loštice, Czech Republic",16.93241981646625,49.7457056491383
CZE,"28. října 873/2, 790 01 Jeseník, Czech Republic",17.206266735310777,50.22637351426593
CZE,"Puškinova 57, 790 70 Javorník, Czech Republic",17.004822779914747,50.38980021625281
CZE,"Dunická 3136/1, Záběhlice, 141 00 Praha 4, Czech Republic",14.487099561135807,50.04776219839593
CZE,"Sochorova 3226/40, Žabovřesky, 616 00 Brno, Czech Republic",16.564570104966208,49.212736091209905
CZE,"Třebízského 204, 273 24 Velvary, Czech Republic",14.23394571721272,50.281247948427335
CZE,"Španielova 1124/50, Řepy, 163 00 Praha 6, Czech Republic",14.30453969831791,50.06955095570049
CZE,"Žižkova 471, 256 01 Benešov, Czech Republic",14.68707693493323,49.77916004591583
CZE,"Na Valech 78, 504 01 Nový Bydžov, Czech Republic",15.490140121192724,50.240016402788456
CZE,"nám. Na podkově 59, 569 92 Bystré, Czech Republic",16.34614441373671,49.62879838404655
CZE,"Křížkovského 642/4, 690 02 Břeclav, Czech Republic",16.886027239675656,48.75874053163395
CZE,"Hasičská 550/50, Hrabůvka, 700 30 Ostrava, Czech Republic",18.260654834220503,49.792475537300334
CZE,"Mikulovská 4222/9, Židenice, 628 00 Brno, Czech Republic",16.6625243782357,49.20559923593217
CZE,"Lomená 159, 252 29 Dobřichovice, Czech Republic",14.272617136255207,49.92728487119419
CZE,"Ivana Kubince 5/9, Dvořisko, 747 21 Kravaře, Czech Republic",18.005574242214465,49.9260839121072
CZE,"Staniční 847/2, Doubravka, 312 00 Plzeň, Czech Republic",13.417963168312781,49.75816333655183
CZE,"Kotěrova 4395, 756 31 Zlín, Czech Republic",17.65406530241205,49.21950749550922
CZE,"Dvořákova 367, 362 21 Nejdek, Czech Republic",12.73165385831689,50.324973613175075
CZE,"Sukova 59, 257 22 Čerčany, Czech Republic",14.701552146441088,49.853946068256136
CZE,"Pod Kalvárií 850, 393 01 Pelhřimov, Czech Republic",15.220700658494934,49.43021445974253
CZE,"Tyršova 17, 517 41 Kostelec nad Orlicí, Czech Republic",16.213144397462315,50.12275529565417
CZE,"Panská 1492, 516 01 Rychnov nad Kněžnou, Czech Republic",16.27624571149994,50.163965383620905
CZE,"Tyršovo nám. 235, 517 21 Týniště nad Orlicí, Czech Republic",16.07546610574957,50.147277182036675
CZE,"Kostelní 428, 518 01 Dobruška, Czech Republic",16.161904063151184,50.29306106748669
CZE,"Trčkovo nám. 10, 517 73 Opočno, Czech Republic",16.114384958573794,50.26603244723103
CZE,"Československé armády 332/39, 500 03 Hradec Králové, Czech Republic",15.83168029591053,50.211992263892654
CZE,"Tovární 66, Beroun-Město, 266 01 Beroun, Czech Republic",14.069988650302406,49.961336771939585
CZE,"Zavadilka 2143, České Budějovice 2, 370 05 České Budějovice, Czech Republic",14.430696142106655,48.99035590188129
CZE,"Tř. Maršála Malinovského 884, Sady, 686 01 Uherské Hradiště, Czech Republic",17.46577766605921,49.05781056688065
CZE,"Československých legií 373, 340 22 Nýrsko, Czech Republic",13.138909830310809,49.28542336881412
CZE,"Koberovská 589, 468 22 Železný Brod, Czech Republic",15.259558742521136,50.6394183219594
CZE,"Školní 351, 468 41 Tanvald, Czech Republic",15.305152775396209,50.737725263805004
CZE,"Podhorská 2500/47, 466 01 Jablonec nad Nisou, Czech Republic",15.179555656006357,50.724517857061926
CZE,"Masarykovo náměstí 65/16, 586 01 Jihlava, Czech Republic",15.59216950814806,49.39455159911631
CZE,"č.p. 655, 569 61 Dolní Újezd, Czech Republic",16.25782054600006,49.816704094000045
CZE,"Československé armády 335/45, 500 03 Hradec Králové, Czech Republic",15.834394859072944,50.21252656831058
CZE,"Gorkého 2658, Zelené Předměstí, 530 02 Pardubice, Czech Republic",15.766940655078258,50.025672446948334
CZE,"Doležalovo nám. 974/4, Žďár nad Sázavou 1, 591 01 Žďár nad Sázavou, Czech Republic",15.941680453690537,49.56058859339012
CZE,"Nádražní 231, 584 01 Ledeč nad Sázavou, Czech Republic",15.275573290547158,49.696661205821044
CZE,"Pelhřimovská 127, 394 70 Kamenice nad Lipou, Czech Republic",15.07425422550844,49.30397423883153
CZE,"nám. Svobody 116/17, 664 47 Střelice, Czech Republic",16.503033943708544,49.1528297491152
CZE,"U Zámečku 451, 569 43 Jevíčko, Czech Republic",16.708375651719223,49.63151718007006
CZE,"Nádražní 483, 561 69 Králíky, Czech Republic",16.757742714489694,50.08251226976631
CZE,"Aloise Hanuše 384, 561 64 Jablonné nad Orlicí, Czech Republic",16.602183141094713,50.028061163624784
CZE,"Dlouhá 134/23, Běhánky, 417 02 Dubí, Czech Republic",13.805070050901293,50.67125249685313
CZE,"Nádražní 1300, 593 01 Bystřice nad Pernštejnem, Czech Republic",16.258079612747792,49.518989543206516
CZE,"Španovského 319, 395 01 Pacov, Czech Republic",15.001849753317344,49.47223729895066
CZE,"Pernerova 1, 565 01 Choceň, Czech Republic",16.226580923528672,49.999694917350865
CZE,"Smetanova 1500, 562 01 Ústí nad Orlicí, Czech Republic",16.397292128017767,49.972981456654594
CZE,"nám. A. Jiráska 3, Lanškroun-Vnitřní Město, 563 01 Lanškroun, Czech Republic",16.612599918904067,49.91282881233508
CZE,"Masarykovo náměstí 145, 564 01 Žamberk, Czech Republic",16.4644531330394,50.087788426358145
CZE,"Kozlovská 775, 560 02 Česká Třebová, Czech Republic",16.44042230045443,49.89984117909327
CZE,"Václavské náměstí 1, 561 51 Letohrad, Czech Republic",16.49980657570987,50.03529897892628
CZE,"Lerchova 255, Sušice II, 342 01 Sušice, Czech Republic",13.517062241917984,49.232224141821376
CZE,"Smetanovo náměstí 31, 580 01 Havlíčkův Brod, Czech Republic",15.577625062119978,49.608121150922074
CZE,"Za Radnicí 104, 252 41 Dolní Břežany, Czech Republic",14.455264673780306,49.96278767937923
CZE,"č.p. 43, 756 51 Zašová, Czech Republic",18.04253549200007,49.482036392000055
CZE,"Slovenská 594/5, 779 00 Olomouc, Czech Republic",17.249880962655823,49.59695436041659
CZE,"Havlíčkova 925, Zelené Předměstí, 530 02 Pardubice, Czech Republic",15.766277646537077,50.033800588005136
CZE,"Lonkova 510, Polabiny, 530 09 Pardubice, Czech Republic",15.761553438269317,50.04645550160038
CZE,"Výletní 1240/36, Brandýs nad Labem, 250 01 Brandýs nad Labem-Stará Boleslav, Czech Republic",14.64969649661785,50.18140343026323
CZE,"Jeronýmova 100, Litomyšlské Předměstí, 566 01 Vysoké Mýto, Czech Republic",16.16080117233136,49.94766173881834
CZE,"Dvořákova 349, 793 05 Moravský Beroun, Czech Republic",17.446135681795937,49.79292878871453
CZE,"Blatenská 310, 341 01 Horažďovice, Czech Republic",13.705411233802039,49.321475107838154
CZE,"Protzkarova 1220, 686 01 Uherské Hradiště, Czech Republic",17.45934799195237,49.06835512680391
CZE,"Emy Destinové 1/1, České Budějovice 2, 370 05 České Budějovice, Czech Republic",14.45363322014623,48.98065389086523
CZE,"Obchodní 329, 251 01 Čestlice, Czech Republic",14.572155091246657,50.00475456938369
CZE,"Lázeňská 238, 788 15 Velké Losiny, Czech Republic",17.03874878447445,50.03186248244339
CZE,"Kolodějská 507, 375 01 Týn nad Vltavou, Czech Republic",14.423007003228662,49.2327484717745
CZE,"Chodovská 236/6, 362 25 Nová Role, Czech Republic",12.784151561923409,50.2704450163387
CZE,"Pod Pecníkem 1666, 755 01 Vsetín, Czech Republic",18.001695181243917,49.3345293772102
CZE,"Bedřicha Mouchy 243, 250 81 Nehvizdy, Czech Republic",14.725020720961055,50.13149372308118
CZE,"Český Heršlák 20, 382 41 Horní Dvořiště, Czech Republic",14.42248774432693,48.59783070562307
CZE,"Žižkova tř. 1321/1, České Budějovice 6, 370 01 České Budějovice, Czech Republic",14.480373922027809,48.972409534720896
CZE,"Šmeralova 489/32, Rybáře, 360 05 Karlovy Vary, Czech Republic",12.862517830386054,50.232545612488195
CZE,"Komenského 581, Mladá, 289 24 Milovice, Czech Republic",14.865323889472194,50.225129639834705
CZE,"Masarykova 974, 373 41 Hluboká nad Vltavou, Czech Republic",14.433106945097961,49.052495979262744
CZE,"Na Hliněnce 457, 378 42 Nová Včelnice, Czech Republic",15.070313389911462,49.23777044715257
CZE,"Žižkova 1696/15, 586 01 Jihlava, Czech Republic",15.584335362345143,49.39431753447013
CZE,"Obchodní 1623/14, 251 01 Říčany, Czech Republic",14.655118079229766,50.005102795551124
CZE,"Ocelářská 1066/15, Libeň, 190 00 Praha 9, Czech Republic",14.49051267210885,50.104952929590354
CZE,"Bělina 65, 252 63 Roztoky, Czech Republic",14.394941703927286,50.155010470339896
CZE,"Barákova 700, 289 11 Pečky, Czech Republic",15.033181810301357,50.089780637104894
CZE,"Pečírkova 168, 285 04 Uhlířské Janovice, Czech Republic",15.064063004713546,49.88128025079206
CZE,"Jana Masaryka 935, 258 01 Vlašim, Czech Republic",14.896698275067251,49.70342959263522
CZE,"Smetanova 21/5, Benátky nad Jizerou I, 294 71 Benátky nad Jizerou, Czech Republic",14.825235761155028,50.290861069360204
