original_web-scraper-order,original_web-scraper-start-url,original_province-link,original_province-link-href,original_agency-link,original_agency-link-href,original_zipcode,original_address-txt,original_address-code-txt,lat,lon,formatted,housenumber,name,street,postcode,suburb,district,city,county,county_code,state,state_code,country,country_code,confidence,confidence_street_level,confidence_city_level,attribution,attribution_license,attribution_url
1670947664-1463,https://www.sepe.es/HomeSepe/en/que-es-el-sepe/que-es-el-sepe/Red-de-oficinas.html,Zaragoza,https://www.sepe.es/HomeSepe/en/que-es-el-sepe/que-es-el-sepe/Red-de-oficinas/ResultadosBusqueda.html?id=c2cf2161-8ec7-4e25-bb15-1abc3e61bddc&provinciaNombre=Zaragoza,ZARAGOZA-SANTANDER,https://www.sepe.es/HomeSepe/en/que-es-el-sepe/que-es-el-sepe/Red-de-oficinas/DetalleOficina.html?idOficina=1b10d7c0-8d46-4bb4-8870-557d5dea972a,50010,"C/ SANTANDER, 3-5","C/ SANTANDER, 3-5, 50010",41.6522505,-0.902425316,"Delicias, 50010 Zaragoza, España",,Delicias,,50010,,Delicias,Zaragoza,Zaragoza,Z,Aragón,AR,España,es,0.25,,1,© OpenStreetMap contributors,Open Database License,https://www.openstreetmap.org/copyright
1670947667-1464,https://www.sepe.es/HomeSepe/en/que-es-el-sepe/que-es-el-sepe/Red-de-oficinas.html,Zaragoza,https://www.sepe.es/HomeSepe/en/que-es-el-sepe/que-es-el-sepe/Red-de-oficinas/ResultadosBusqueda.html?id=c2cf2161-8ec7-4e25-bb15-1abc3e61bddc&provinciaNombre=Zaragoza,ZARAGOZA-RANILLAS,https://www.sepe.es/HomeSepe/en/que-es-el-sepe/que-es-el-sepe/Red-de-oficinas/DetalleOficina.html?idOficina=ca5cf870-1c57-405c-8170-11b1ea2960dd,50003,"AVDA. JOSÉ  ATARÉS, 101","AVDA. JOSÉ  ATARÉS, 101, 50003",41.6644057,-0.8919049,"Avenida José Atarés, 50003 Zaragoza, España",,Avenida José Atarés,Avenida José Atarés,50003,San Pablo,,Zaragoza,Zaragoza,Z,Aragón,AR,España,es,0.5,1,1,© OpenStreetMap contributors,Open Database License,https://www.openstreetmap.org/copyright
1670947669-1465,https://www.sepe.es/HomeSepe/en/que-es-el-sepe/que-es-el-sepe/Red-de-oficinas.html,Zaragoza,https://www.sepe.es/HomeSepe/en/que-es-el-sepe/que-es-el-sepe/Red-de-oficinas/ResultadosBusqueda.html?id=c2cf2161-8ec7-4e25-bb15-1abc3e61bddc&provinciaNombre=Zaragoza,ZARAGOZA-PARQUE DE LA MEMORIA,https://www.sepe.es/HomeSepe/en/que-es-el-sepe/que-es-el-sepe/Red-de-oficinas/DetalleOficina.html?idOficina=61590afc-1bf1-4743-8836-0311b35ef509,50007,"C/ ROYO VILLANOVA, 1","C/ ROYO VILLANOVA, 1, 50007",41.634791,-0.879373,"Calle Luis Royo Villanova, 1, 50007 Zaragoza, España",1,,Calle Luis Royo Villanova,50007,Nuestra Señora,Zaragoza,Zaragoza,Zaragoza,Z,Aragón,AR,España,es,0.63,0.63,1,© OpenStreetMap contributors,Open Database License,https://www.openstreetmap.org/copyright
1670947672-1466,https://www.sepe.es/HomeSepe/en/que-es-el-sepe/que-es-el-sepe/Red-de-oficinas.html,Zaragoza,https://www.sepe.es/HomeSepe/en/que-es-el-sepe/que-es-el-sepe/Red-de-oficinas/ResultadosBusqueda.html?id=c2cf2161-8ec7-4e25-bb15-1abc3e61bddc&provinciaNombre=Zaragoza,ZARAGOZA-COMPROMISO DE CASPE,https://www.sepe.es/HomeSepe/en/que-es-el-sepe/que-es-el-sepe/Red-de-oficinas/DetalleOficina.html?idOficina=2046870e-2950-480e-8ed1-6c1991b3b5f2,50002,"AVDA. COMPROMISO DE CASPE, 6-10","AVDA. COMPROMISO DE CASPE, 6-10, 50002",41.6461353,-0.8709942,"Avenida Compromiso de Caspe, 50002 Zaragoza, España",,Avenida Compromiso de Caspe,Avenida Compromiso de Caspe,50002,Las Fuentes,,Zaragoza,Zaragoza,Z,Aragón,AR,España,es,0.5,1,1,© OpenStreetMap contributors,Open Database License,https://www.openstreetmap.org/copyright
1670947675-1467,https://www.sepe.es/HomeSepe/en/que-es-el-sepe/que-es-el-sepe/Red-de-oficinas.html,Zaragoza,https://www.sepe.es/HomeSepe/en/que-es-el-sepe/que-es-el-sepe/Red-de-oficinas/ResultadosBusqueda.html?id=c2cf2161-8ec7-4e25-bb15-1abc3e61bddc&provinciaNombre=Zaragoza,ZARAGOZA-CENTRO,https://www.sepe.es/HomeSepe/en/que-es-el-sepe/que-es-el-sepe/Red-de-oficinas/DetalleOficina.html?idOficina=46f98365-90ba-41ce-9963-9d8bd73baab1,50005,"C/ DOCTOR CERRADA, 3","C/ DOCTOR CERRADA, 3, 50005",41.647203,-0.888838,"Calle de Doctor Cerrada, 3, 50005 Zaragoza, España",3,,Calle de Doctor Cerrada,50005,Ciudad Jardin,Zaragoza,Zaragoza,Zaragoza,Z,Aragón,AR,España,es,0.7,0.7,1,© OpenStreetMap contributors,Open Database License,https://www.openstreetmap.org/copyright
1670947677-1468,https://www.sepe.es/HomeSepe/en/que-es-el-sepe/que-es-el-sepe/Red-de-oficinas.html,Zaragoza,https://www.sepe.es/HomeSepe/en/que-es-el-sepe/que-es-el-sepe/Red-de-oficinas/ResultadosBusqueda.html?id=c2cf2161-8ec7-4e25-bb15-1abc3e61bddc&provinciaNombre=Zaragoza,TARAZONA,https://www.sepe.es/HomeSepe/en/que-es-el-sepe/que-es-el-sepe/Red-de-oficinas/DetalleOficina.html?idOficina=dc4a6d89-6a0c-431d-83cb-77ae993f2d9e,50500,"PLAZA JOAQUINA ZAMORA, 1","PLAZA JOAQUINA ZAMORA, 1, 50500",41.907907,-1.723487,"Plaza de Joaquina Zamora, 2, 50500 Tarazona, España",2,,Plaza de Joaquina Zamora,50500,,Tarazona,Tarazona,Zaragoza,Z,Aragón,AR,España,es,0.63,0.9,1,© OpenStreetMap contributors,Open Database License,https://www.openstreetmap.org/copyright
1670947680-1469,https://www.sepe.es/HomeSepe/en/que-es-el-sepe/que-es-el-sepe/Red-de-oficinas.html,Zaragoza,https://www.sepe.es/HomeSepe/en/que-es-el-sepe/que-es-el-sepe/Red-de-oficinas/ResultadosBusqueda.html?id=c2cf2161-8ec7-4e25-bb15-1abc3e61bddc&provinciaNombre=Zaragoza,EJEA DE LOS CABALLEROS,https://www.sepe.es/HomeSepe/en/que-es-el-sepe/que-es-el-sepe/Red-de-oficinas/DetalleOficina.html?idOficina=304e7da1-034a-4648-a116-b00e8ed5ab35,50600,"C/ MEDIAVILLA, 25","C/ MEDIAVILLA, 25, 50600",42.1269477,-1.1405822,"Calle Mediavilla, 50600 Ejea de los Caballeros, España",,Calle Mediavilla,Calle Mediavilla,50600,,,Ejea de los Caballeros,Zaragoza,Z,Aragón,AR,España,es,0.5,1,1,© OpenStreetMap contributors,Open Database License,https://www.openstreetmap.org/copyright
1670947682-1470,https://www.sepe.es/HomeSepe/en/que-es-el-sepe/que-es-el-sepe/Red-de-oficinas.html,Zaragoza,https://www.sepe.es/HomeSepe/en/que-es-el-sepe/que-es-el-sepe/Red-de-oficinas/ResultadosBusqueda.html?id=c2cf2161-8ec7-4e25-bb15-1abc3e61bddc&provinciaNombre=Zaragoza,CASPE,https://www.sepe.es/HomeSepe/en/que-es-el-sepe/que-es-el-sepe/Red-de-oficinas/DetalleOficina.html?idOficina=ebb6c89f-c8d7-4e90-8a1f-21b36771b361,50700,"C/ SAN AGUSTIN, 1","C/ SAN AGUSTIN, 1, 50700",41.234783,-0.039451,"San Agustin, 1, 50700 Caspe, España",1,,San Agustin,50700,,Caspe,Caspe,Zaragoza,Z,Aragón,AR,España,es,0.9,0.9,1,© OpenStreetMap contributors,Open Database License,https://www.openstreetmap.org/copyright
1670947685-1471,https://www.sepe.es/HomeSepe/en/que-es-el-sepe/que-es-el-sepe/Red-de-oficinas.html,Zaragoza,https://www.sepe.es/HomeSepe/en/que-es-el-sepe/que-es-el-sepe/Red-de-oficinas/ResultadosBusqueda.html?id=c2cf2161-8ec7-4e25-bb15-1abc3e61bddc&provinciaNombre=Zaragoza,CALATAYUD,https://www.sepe.es/HomeSepe/en/que-es-el-sepe/que-es-el-sepe/Red-de-oficinas/DetalleOficina.html?idOficina=06fc263c-8e30-4c67-ad1e-667ffd5449ed,50300,"C/ AMPARADOS, 2","C/ AMPARADOS, 2, 50300",41.3542334,-1.6449982,"Calle Amparados, 50300 Calatayud, España",,Calle Amparados,Calle Amparados,50300,,,Calatayud,Zaragoza,Z,Aragón,AR,España,es,0.5,1,1,© OpenStreetMap contributors,Open Database License,https://www.openstreetmap.org/copyright
1670947690-1472,https://www.sepe.es/HomeSepe/en/que-es-el-sepe/que-es-el-sepe/Red-de-oficinas.html,Zamora,https://www.sepe.es/HomeSepe/en/que-es-el-sepe/que-es-el-sepe/Red-de-oficinas/ResultadosBusqueda.html?id=1964fb2b-20fb-448e-a974-f9c7d0141fa2&provinciaNombre=Zamora,ZAMORA,https://www.sepe.es/HomeSepe/en/que-es-el-sepe/que-es-el-sepe/Red-de-oficinas/DetalleOficina.html?idOficina=ea0a363a-3c34-4834-a526-3437d57fc91d,49026,"C/ DOCTOR FLEMING, 6-8","C/ DOCTOR FLEMING, 6-8, 49026",42.820265,-1.668849,"Calle Doctor Simonena, 2,4,6,8, 31012 Pamplona, España","2,4,6,8",,Calle Doctor Simonena,31012,,Pamplona/Iruña,Pamplona,Navarra,NA,Comunidad Foral De Navarra,,España,es,0,,,© OpenStreetMap contributors,Open Database License,https://www.openstreetmap.org/copyright
1670947693-1473,https://www.sepe.es/HomeSepe/en/que-es-el-sepe/que-es-el-sepe/Red-de-oficinas.html,Zamora,https://www.sepe.es/HomeSepe/en/que-es-el-sepe/que-es-el-sepe/Red-de-oficinas/ResultadosBusqueda.html?id=1964fb2b-20fb-448e-a974-f9c7d0141fa2&provinciaNombre=Zamora,TORO,https://www.sepe.es/HomeSepe/en/que-es-el-sepe/que-es-el-sepe/Red-de-oficinas/DetalleOficina.html?idOficina=ce24be58-7c02-45e3-9fd2-265e943accb6,49800,"C/ CONCEPCIÓN, 3","C/ CONCEPCIÓN, 3, 49800",41.5222597,-5.3900889,"Calle Concepción, 49800 Toro, España",,Calle Concepción,Calle Concepción,49800,,,Toro,Zamora,ZA,Castilla y León,CL,España,es,0.5,1,1,© OpenStreetMap contributors,Open Database License,https://www.openstreetmap.org/copyright
1670947695-1474,https://www.sepe.es/HomeSepe/en/que-es-el-sepe/que-es-el-sepe/Red-de-oficinas.html,Zamora,https://www.sepe.es/HomeSepe/en/que-es-el-sepe/que-es-el-sepe/Red-de-oficinas/ResultadosBusqueda.html?id=1964fb2b-20fb-448e-a974-f9c7d0141fa2&provinciaNombre=Zamora,PUEBLA DE SANABRIA,https://www.sepe.es/HomeSepe/en/que-es-el-sepe/que-es-el-sepe/Red-de-oficinas/DetalleOficina.html?idOficina=87a35d92-e469-40b4-88bb-d541373cd511,49300,"C/ CANDANEDO, 13-A","C/ CANDANEDO, 13-A, 49300",42.814285,-1.702115,"Calle C, 13, 31170 Barañáin, España",13,,Calle C,31170,,Cendea De Olza/Oltza Zendea,Barañáin,Navarra,NA,Comunidad Foral De Navarra,,España,es,0,,,© OpenAddresses contributors,BSD-3-Clause License,
1670947698-1475,https://www.sepe.es/HomeSepe/en/que-es-el-sepe/que-es-el-sepe/Red-de-oficinas.html,Zamora,https://www.sepe.es/HomeSepe/en/que-es-el-sepe/que-es-el-sepe/Red-de-oficinas/ResultadosBusqueda.html?id=1964fb2b-20fb-448e-a974-f9c7d0141fa2&provinciaNombre=Zamora,BENAVENTE,https://www.sepe.es/HomeSepe/en/que-es-el-sepe/que-es-el-sepe/Red-de-oficinas/DetalleOficina.html?idOficina=cce19e4a-e8e7-4df4-ad39-9c4072436ec7,49600,"AVDA. DE LEÓN, 14","AVDA. DE LEÓN, 14, 49600",42.004099,-5.67312,"Avenida León, 14, 49600 Benavente, España",14,,Avenida León,49600,,Benavente,Benavente,Zamora,ZA,Castilla Y León,CL,España,es,0,,,© OpenStreetMap contributors,Open Database License,https://www.openstreetmap.org/copyright
1670947703-1476,https://www.sepe.es/HomeSepe/en/que-es-el-sepe/que-es-el-sepe/Red-de-oficinas.html,Valladolid,https://www.sepe.es/HomeSepe/en/que-es-el-sepe/que-es-el-sepe/Red-de-oficinas/ResultadosBusqueda.html?id=2edb8b84-3a99-40ff-acab-6d0c706472d5&provinciaNombre=Valladolid,VILLALON,https://www.sepe.es/HomeSepe/en/que-es-el-sepe/que-es-el-sepe/Red-de-oficinas/DetalleOficina.html?idOficina=23922305-f873-46c1-a11d-e631a1552785,47600,"C/ QUEVEDO, 10","C/ QUEVEDO, 10, 47600",42.0994799,-5.0353799,"Calle Quevedo, 47600 Villalón de Campos, España",,Calle Quevedo,Calle Quevedo,47600,,,Villalón de Campos,Valladolid,VA,Castilla y León,CL,España,es,0.5,1,1,© OpenStreetMap contributors,Open Database License,https://www.openstreetmap.org/copyright
1670947706-1477,https://www.sepe.es/HomeSepe/en/que-es-el-sepe/que-es-el-sepe/Red-de-oficinas.html,Valladolid,https://www.sepe.es/HomeSepe/en/que-es-el-sepe/que-es-el-sepe/Red-de-oficinas/ResultadosBusqueda.html?id=2edb8b84-3a99-40ff-acab-6d0c706472d5&provinciaNombre=Valladolid,VALLADOLID-ZORRILLA,https://www.sepe.es/HomeSepe/en/que-es-el-sepe/que-es-el-sepe/Red-de-oficinas/DetalleOficina.html?idOficina=3b152f8d-9600-495e-b99c-229474684975,47007,"C/ DOMINGO MARTÍNEZ, 3","C/ DOMINGO MARTÍNEZ, 3, 47007",41.63955681,-4.733552394,"Plaza de Toros, 47007 Valladolid, España",,Plaza de Toros,,47007,Plaza de Toros,,Valladolid,Valladolid,VA,Castilla y León,CL,España,es,0.25,,1,© OpenStreetMap contributors,Open Database License,https://www.openstreetmap.org/copyright
1670947708-1478,https://www.sepe.es/HomeSepe/en/que-es-el-sepe/que-es-el-sepe/Red-de-oficinas.html,Valladolid,https://www.sepe.es/HomeSepe/en/que-es-el-sepe/que-es-el-sepe/Red-de-oficinas/ResultadosBusqueda.html?id=2edb8b84-3a99-40ff-acab-6d0c706472d5&provinciaNombre=Valladolid,VALLADOLID-VILLABAÑEZ,https://www.sepe.es/HomeSepe/en/que-es-el-sepe/que-es-el-sepe/Red-de-oficinas/DetalleOficina.html?idOficina=17354f86-8756-4998-8dc1-8dd2ce7cf4cc,47012,"CARRETERA DE VILLABAÑEZ, 26","CARRETERA DE VILLABAÑEZ, 26, 47012",41.6503077,-4.7113429,"Tunel de Villabáñez, 47005 Valladolid, España",,Tunel de Villabáñez,Tunel de Villabáñez,47005,Vadillos,,Valladolid,Valladolid,VA,Castilla y León,CL,España,es,0.315,0.189,0.3,© OpenStreetMap contributors,Open Database License,https://www.openstreetmap.org/copyright
1670947711-1479,https://www.sepe.es/HomeSepe/en/que-es-el-sepe/que-es-el-sepe/Red-de-oficinas.html,Valladolid,https://www.sepe.es/HomeSepe/en/que-es-el-sepe/que-es-el-sepe/Red-de-oficinas/ResultadosBusqueda.html?id=2edb8b84-3a99-40ff-acab-6d0c706472d5&provinciaNombre=Valladolid,VALLADOLID-SAN PABLO,https://www.sepe.es/HomeSepe/en/que-es-el-sepe/que-es-el-sepe/Red-de-oficinas/DetalleOficina.html?idOficina=f46fb14a-857e-4066-9045-0fd078c3cd7a,47011,"C/ CADENAS DE SAN GREGORIO, 6","C/ CADENAS DE SAN GREGORIO, 6, 47011",41.657171,-4.723349,"Calle de las Cadenas de San Gregorio, 6, 47011 Valladolid, España",6,,Calle de las Cadenas de San Gregorio,47011,,Valladolid,Valladolid,Valladolid,VA,Castilla Y León,CL,España,es,0.63,0.63,1,© OpenStreetMap contributors,Open Database License,https://www.openstreetmap.org/copyright
1670947714-1480,https://www.sepe.es/HomeSepe/en/que-es-el-sepe/que-es-el-sepe/Red-de-oficinas.html,Valladolid,https://www.sepe.es/HomeSepe/en/que-es-el-sepe/que-es-el-sepe/Red-de-oficinas/ResultadosBusqueda.html?id=2edb8b84-3a99-40ff-acab-6d0c706472d5&provinciaNombre=Valladolid,VALLADOLID-PONIENTE,https://www.sepe.es/HomeSepe/en/que-es-el-sepe/que-es-el-sepe/Red-de-oficinas/DetalleOficina.html?idOficina=fe96d632-217c-4fe7-821d-108f086a59c6,47003,"PLAZA DE PONIENTE, 1","PLAZA DE PONIENTE, 1, 47003",41.658572,-4.730008,"Plaza de San Nicolás, 1, 47003 Valladolid, España",1,,Plaza de San Nicolás,47003,,Valladolid,Valladolid,Valladolid,VA,Castilla Y León,CL,España,es,0.567,0.567,1,© OpenStreetMap contributors,Open Database License,https://www.openstreetmap.org/copyright
1670947716-1481,https://www.sepe.es/HomeSepe/en/que-es-el-sepe/que-es-el-sepe/Red-de-oficinas.html,Valladolid,https://www.sepe.es/HomeSepe/en/que-es-el-sepe/que-es-el-sepe/Red-de-oficinas/ResultadosBusqueda.html?id=2edb8b84-3a99-40ff-acab-6d0c706472d5&provinciaNombre=Valladolid,TORDESILLAS,https://www.sepe.es/HomeSepe/en/que-es-el-sepe/que-es-el-sepe/Red-de-oficinas/DetalleOficina.html?idOficina=a2505383-6f35-4231-8bd5-e89a3bae792b,47100,"C/ SAN PEDRO, 27","C/ SAN PEDRO, 27, 47100",41.5011784,-4.9988826,"Calle San Pedro, 47100 Tordesillas, España",,Calle San Pedro,Calle San Pedro,47100,,,Tordesillas,Valladolid,VA,Castilla y León,CL,España,es,0.5,1,1,© OpenStreetMap contributors,Open Database License,https://www.openstreetmap.org/copyright
1670947719-1482,https://www.sepe.es/HomeSepe/en/que-es-el-sepe/que-es-el-sepe/Red-de-oficinas.html,Valladolid,https://www.sepe.es/HomeSepe/en/que-es-el-sepe/que-es-el-sepe/Red-de-oficinas/ResultadosBusqueda.html?id=2edb8b84-3a99-40ff-acab-6d0c706472d5&provinciaNombre=Valladolid,PEÑAFIEL,https://www.sepe.es/HomeSepe/en/que-es-el-sepe/que-es-el-sepe/Red-de-oficinas/DetalleOficina.html?idOficina=70f591b9-a48b-4795-afb3-de40f791a369,47300,"PLAZA DE LA JUDERIA, S/N","PLAZA DE LA JUDERIA, S/N, 47300",41.595967,-4.120301,"Bar de la Judería, Parque Judería, 47300 Peñafiel, España",,Bar de la Judería,Parque Judería,47300,,Peñafiel,Peñafiel,Valladolid,VA,Castilla Y León,CL,España,es,0.513,0.9,1,© OpenStreetMap contributors,Open Database License,https://www.openstreetmap.org/copyright
1670947721-1483,https://www.sepe.es/HomeSepe/en/que-es-el-sepe/que-es-el-sepe/Red-de-oficinas.html,Valladolid,https://www.sepe.es/HomeSepe/en/que-es-el-sepe/que-es-el-sepe/Red-de-oficinas/ResultadosBusqueda.html?id=2edb8b84-3a99-40ff-acab-6d0c706472d5&provinciaNombre=Valladolid,MEDINA DEL CAMPO,https://www.sepe.es/HomeSepe/en/que-es-el-sepe/que-es-el-sepe/Red-de-oficinas/DetalleOficina.html?idOficina=a331697d-1ccb-4137-bce5-991e9e3bfead,47400,"PLAZA DE MONTMORILLON, 2","PLAZA DE MONTMORILLON, 2, 47400",41.311831,-4.920889,"Plaza de Santiago, 2, 47400 Medina del Campo, España",2,,Plaza de Santiago,47400,,Medina Del Campo,Medina del Campo,Valladolid,VA,Castilla Y León,CL,España,es,0,,,© OpenStreetMap contributors,Open Database License,https://www.openstreetmap.org/copyright
1670947724-1484,https://www.sepe.es/HomeSepe/en/que-es-el-sepe/que-es-el-sepe/Red-de-oficinas.html,Valladolid,https://www.sepe.es/HomeSepe/en/que-es-el-sepe/que-es-el-sepe/Red-de-oficinas/ResultadosBusqueda.html?id=2edb8b84-3a99-40ff-acab-6d0c706472d5&provinciaNombre=Valladolid,MEDINA DE RIOSECO,https://www.sepe.es/HomeSepe/en/que-es-el-sepe/que-es-el-sepe/Red-de-oficinas/DetalleOficina.html?idOficina=76a77a69-b97d-4642-8243-804bf009d917,47800,"AVDA. DE LA GUARDIA CIVIL, 4","AVDA. DE LA GUARDIA CIVIL, 4, 47800",41.8880402,-5.050167,"Avenida de la Guardia Civil, 47800 Medina de Rioseco, España",,Avenida de la Guardia Civil,Avenida de la Guardia Civil,47800,,,Medina de Rioseco,Valladolid,VA,Castilla y León,CL,España,es,0.5,1,1,© OpenStreetMap contributors,Open Database License,https://www.openstreetmap.org/copyright
1670947726-1485,https://www.sepe.es/HomeSepe/en/que-es-el-sepe/que-es-el-sepe/Red-de-oficinas.html,Valladolid,https://www.sepe.es/HomeSepe/en/que-es-el-sepe/que-es-el-sepe/Red-de-oficinas/ResultadosBusqueda.html?id=2edb8b84-3a99-40ff-acab-6d0c706472d5&provinciaNombre=Valladolid,ISCAR,https://www.sepe.es/HomeSepe/en/que-es-el-sepe/que-es-el-sepe/Red-de-oficinas/DetalleOficina.html?idOficina=8c5853c9-d79d-493a-886f-57363d064459,47420,"C/ ANTERO GARCÍA, 3","C/ ANTERO GARCÍA, 3, 47420",41.361352,-4.534924,"Calle de Antero García, 3, 47420 Iscar, España",3,,Calle de Antero García,47420,,Íscar,Iscar,Valladolid,VA,Castilla Y León,CL,España,es,0.7,0.7,1,© OpenStreetMap contributors,Open Database License,https://www.openstreetmap.org/copyright
1670947732-1486,https://www.sepe.es/HomeSepe/en/que-es-el-sepe/que-es-el-sepe/Red-de-oficinas.html,Valencia,https://www.sepe.es/HomeSepe/en/que-es-el-sepe/que-es-el-sepe/Red-de-oficinas/ResultadosBusqueda.html?id=023113a1-a378-48d7-b39c-b4e4823c6b3d&provinciaNombre=Valencia,XÀTIVA,https://www.sepe.es/HomeSepe/en/que-es-el-sepe/que-es-el-sepe/Red-de-oficinas/DetalleOficina.html?idOficina=ad93cdef-6a59-4455-ba63-6706c1e89a7a,46800,"C/ PORTAL SAN MIGUEL,  ESQ. SEVILLA 12","C/ PORTAL SAN MIGUEL,  ESQ. SEVILLA 12, 46800",38.989707,-0.516175,"Carrer Portal València, 46800 Játiva, España",,,Carrer Portal València,46800,,Játiva,Játiva,Valencia,V,Comunidad Valenciana,VC,España,es,0.03189375,0.20253807,0.250047,© OpenStreetMap contributors,Open Database License,https://www.openstreetmap.org/copyright
1670947734-1487,https://www.sepe.es/HomeSepe/en/que-es-el-sepe/que-es-el-sepe/Red-de-oficinas.html,Valencia,https://www.sepe.es/HomeSepe/en/que-es-el-sepe/que-es-el-sepe/Red-de-oficinas/ResultadosBusqueda.html?id=023113a1-a378-48d7-b39c-b4e4823c6b3d&provinciaNombre=Valencia,VALENCIA-VILA BARBERA,https://www.sepe.es/HomeSepe/en/que-es-el-sepe/que-es-el-sepe/Red-de-oficinas/DetalleOficina.html?idOficina=ab7d6fad-07cb-436c-a021-c488376d46e7,46007,"C/ DOCTOR VILA BARBERÁ, 8-10","C/ DOCTOR VILA BARBERÁ, 8-10, 46007",39.462742,-0.381086,"Carrer del Doctor Vila Barberá, 10, 46007 Valencia, España",10,,Carrer del Doctor Vila Barberá,46007,Extramurs,Valencia,Valencia,Valencia,V,Comunidad Valenciana,VC,España,es,0.567,0.63,1,© OpenStreetMap contributors,Open Database License,https://www.openstreetmap.org/copyright
1670947737-1488,https://www.sepe.es/HomeSepe/en/que-es-el-sepe/que-es-el-sepe/Red-de-oficinas.html,Valencia,https://www.sepe.es/HomeSepe/en/que-es-el-sepe/que-es-el-sepe/Red-de-oficinas/ResultadosBusqueda.html?id=023113a1-a378-48d7-b39c-b4e4823c6b3d&provinciaNombre=Valencia,VALENCIA-LUIS OLIAG,https://www.sepe.es/HomeSepe/en/que-es-el-sepe/que-es-el-sepe/Red-de-oficinas/DetalleOficina.html?idOficina=048d4cad-32f7-4e87-95f2-85cb28e38b77,46006,"C/ LUIS OLIAG, 68","C/ LUIS OLIAG, 68, 46006",39.4604664,-0.3641331,"Calle de Luís Oliag, 46005 Valencia, España",,Calle de Luís Oliag,Calle de Luís Oliag,46005,,Quatre Carreres,Valencia,Valencia,V,Comunidad Valenciana,VC,España,es,0.35,0.21,0.3,© OpenStreetMap contributors,Open Database License,https://www.openstreetmap.org/copyright
1670947740-1489,https://www.sepe.es/HomeSepe/en/que-es-el-sepe/que-es-el-sepe/Red-de-oficinas.html,Valencia,https://www.sepe.es/HomeSepe/en/que-es-el-sepe/que-es-el-sepe/Red-de-oficinas/ResultadosBusqueda.html?id=023113a1-a378-48d7-b39c-b4e4823c6b3d&provinciaNombre=Valencia,VALENCIA-JUAN LLORENS,https://www.sepe.es/HomeSepe/en/que-es-el-sepe/que-es-el-sepe/Red-de-oficinas/DetalleOficina.html?idOficina=38e137a2-fc9e-431a-8c15-d427e07aa57e,46008,"C/ JUAN LLORENS, 20","C/ JUAN LLORENS, 20, 46008",39.472297,-0.391263,"Calle de Juan Llorens, 20, 46008 Valencia, España",20,,Calle de Juan Llorens,46008,Extramurs,Valencia,Valencia,Valencia,V,Comunidad Valenciana,VC,España,es,0.7,0.7,1,© OpenStreetMap contributors,Open Database License,https://www.openstreetmap.org/copyright
1670947744-1490,https://www.sepe.es/HomeSepe/en/que-es-el-sepe/que-es-el-sepe/Red-de-oficinas.html,Valencia,https://www.sepe.es/HomeSepe/en/que-es-el-sepe/que-es-el-sepe/Red-de-oficinas/ResultadosBusqueda.html?id=023113a1-a378-48d7-b39c-b4e4823c6b3d&provinciaNombre=Valencia,VALENCIA-FELIPE RINALDI,https://www.sepe.es/HomeSepe/en/que-es-el-sepe/que-es-el-sepe/Red-de-oficinas/DetalleOficina.html?idOficina=81f5d5a3-f54e-4656-b223-09f75b81db75,46019,"C/ FELIPE RINALDI, 42","C/ FELIPE RINALDI, 42, 46019",39.49522159,-0.370274186,"Rascanya, 46019 Valencia, España",,Rascanya,,46019,,Rascanya,Valencia,Valencia,V,Comunidad Valenciana,VC,España,es,0.25,,1,© OpenStreetMap contributors,Open Database License,https://www.openstreetmap.org/copyright
1670947747-1491,https://www.sepe.es/HomeSepe/en/que-es-el-sepe/que-es-el-sepe/Red-de-oficinas.html,Valencia,https://www.sepe.es/HomeSepe/en/que-es-el-sepe/que-es-el-sepe/Red-de-oficinas/ResultadosBusqueda.html?id=023113a1-a378-48d7-b39c-b4e4823c6b3d&provinciaNombre=Valencia,VALENCIA-AVDA. DEL PUERTO,https://www.sepe.es/HomeSepe/en/que-es-el-sepe/que-es-el-sepe/Red-de-oficinas/DetalleOficina.html?idOficina=64ab112a-36ba-47d7-90b7-48a568384ccc,46011,"AVDA. DEL PUERTO, 231","AVDA. DEL PUERTO, 231, 46011",39.461675,-0.3379288,"Avenida del Puerto, 231, 46011 Valencia, España",231,,Avenida del Puerto,46011,Poblats Marítims,Grao,Valencia,Valencia,V,Comunidad Valenciana,VC,España,es,1,1,1,© OpenStreetMap contributors,Open Database License,https://www.openstreetmap.org/copyright
1670947750-1492,https://www.sepe.es/HomeSepe/en/que-es-el-sepe/que-es-el-sepe/Red-de-oficinas.html,Valencia,https://www.sepe.es/HomeSepe/en/que-es-el-sepe/que-es-el-sepe/Red-de-oficinas/ResultadosBusqueda.html?id=023113a1-a378-48d7-b39c-b4e4823c6b3d&provinciaNombre=Valencia,VALENCIA-AVDA. DEL CID,https://www.sepe.es/HomeSepe/en/que-es-el-sepe/que-es-el-sepe/Red-de-oficinas/DetalleOficina.html?idOficina=02407b7d-6dff-4430-88bb-47f9feb14335,46014,"AVDA. DEL CID, 138","AVDA. DEL CID, 138, 46014",39.470279,-0.4083574,"Avinguda del Cid, 138, 46014 Valencia, España",138,,Avinguda del Cid,46014,La Olivereta,l'Olivereta,Valencia,Valencia,V,Comunidad Valenciana,VC,España,es,1,1,1,© OpenStreetMap contributors,Open Database License,https://www.openstreetmap.org/copyright
1670947752-1493,https://www.sepe.es/HomeSepe/en/que-es-el-sepe/que-es-el-sepe/Red-de-oficinas.html,Valencia,https://www.sepe.es/HomeSepe/en/que-es-el-sepe/que-es-el-sepe/Red-de-oficinas/ResultadosBusqueda.html?id=023113a1-a378-48d7-b39c-b4e4823c6b3d&provinciaNombre=Valencia,VALENCIA-ARTES GRAFICAS,https://www.sepe.es/HomeSepe/en/que-es-el-sepe/que-es-el-sepe/Red-de-oficinas/DetalleOficina.html?idOficina=96a613c1-1170-48a4-a71b-02995f173d60,46010,"C/ ARTES GRÁFICAS, 5","C/ ARTES GRÁFICAS, 5, 46010",39.483589,-0.371005148,"46010 Valencia, España",,Valencia,,46010,,,Valencia,,,Comunidad Valenciana,VC,España,es,0,,1,© OpenStreetMap contributors,Open Database License,https://www.openstreetmap.org/copyright
1670947755-1494,https://www.sepe.es/HomeSepe/en/que-es-el-sepe/que-es-el-sepe/Red-de-oficinas.html,Valencia,https://www.sepe.es/HomeSepe/en/que-es-el-sepe/que-es-el-sepe/Red-de-oficinas/ResultadosBusqueda.html?id=023113a1-a378-48d7-b39c-b4e4823c6b3d&provinciaNombre=Valencia,VALENCIA-ALFAMBRA,https://www.sepe.es/HomeSepe/en/que-es-el-sepe/que-es-el-sepe/Red-de-oficinas/DetalleOficina.html?idOficina=db94bc3d-6fa6-4a6a-91a1-81f1df0d0c22,46009,"C/POETA  MONMENEU, 3","C/POETA  MONMENEU, 3, 46009",39.482685,-0.375465,"Carrer del Poeta Monmeneu, 3, 46009 Valencia, España",3,,Carrer del Poeta Monmeneu,46009,La Zaidía,Valencia,Valencia,Valencia,V,Comunidad Valenciana,VC,España,es,0.63,0.63,1,© OpenStreetMap contributors,Open Database License,https://www.openstreetmap.org/copyright
1670947758-1495,https://www.sepe.es/HomeSepe/en/que-es-el-sepe/que-es-el-sepe/Red-de-oficinas.html,Valencia,https://www.sepe.es/HomeSepe/en/que-es-el-sepe/que-es-el-sepe/Red-de-oficinas/ResultadosBusqueda.html?id=023113a1-a378-48d7-b39c-b4e4823c6b3d&provinciaNombre=Valencia,TORRENT,https://www.sepe.es/HomeSepe/en/que-es-el-sepe/que-es-el-sepe/Red-de-oficinas/DetalleOficina.html?idOficina=4c3bf32a-32f8-40aa-9366-f85bdb9eeefb,46900,"C/ SAGRA, 10","C/ SAGRA, 10, 46900",39.436784,-0.464593,"Carrer de Sagra, 10, 46900 Torrent, España",10,,Carrer de Sagra,46900,,Torrente,Torrent,Valencia,V,Comunidad Valenciana,VC,España,es,0.7,0.7,1,© OpenStreetMap contributors,Open Database License,https://www.openstreetmap.org/copyright
1670947760-1496,https://www.sepe.es/HomeSepe/en/que-es-el-sepe/que-es-el-sepe/Red-de-oficinas.html,Valencia,https://www.sepe.es/HomeSepe/en/que-es-el-sepe/que-es-el-sepe/Red-de-oficinas/ResultadosBusqueda.html?id=023113a1-a378-48d7-b39c-b4e4823c6b3d&provinciaNombre=Valencia,SUECA,https://www.sepe.es/HomeSepe/en/que-es-el-sepe/que-es-el-sepe/Red-de-oficinas/DetalleOficina.html?idOficina=9ba723c1-dacb-4f4f-abb9-373ef07294dc,46410,"C/ XÚQUER, 3","C/ XÚQUER, 3, 46410",39.1583808,-0.2567821,"Carrer Xuquer, 46400 Cullera, España",,Carrer Xuquer,Carrer Xuquer,46400,,,Cullera,Valencia,V,Comunidad Valenciana,VC,España,es,0.5,0.3,0.3,© OpenStreetMap contributors,Open Database License,https://www.openstreetmap.org/copyright
1670947763-1497,https://www.sepe.es/HomeSepe/en/que-es-el-sepe/que-es-el-sepe/Red-de-oficinas.html,Valencia,https://www.sepe.es/HomeSepe/en/que-es-el-sepe/que-es-el-sepe/Red-de-oficinas/ResultadosBusqueda.html?id=023113a1-a378-48d7-b39c-b4e4823c6b3d&provinciaNombre=Valencia,SILLA,https://www.sepe.es/HomeSepe/en/que-es-el-sepe/que-es-el-sepe/Red-de-oficinas/DetalleOficina.html?idOficina=0877f603-c3c3-4469-8fce-15de3a5cdff0,46460,"PLAZA HORT DEL SATISFET, S/N","PLAZA HORT DEL SATISFET, S/N, 46460",39.36241938,-0.411705467,"46460 Silla, España",,Silla,,46460,,,Silla,Valencia,V,Comunidad Valenciana,VC,España,es,0.838709677,,1,© OpenStreetMap contributors,Open Database License,https://www.openstreetmap.org/copyright
1670947766-1498,https://www.sepe.es/HomeSepe/en/que-es-el-sepe/que-es-el-sepe/Red-de-oficinas.html,Valencia,https://www.sepe.es/HomeSepe/en/que-es-el-sepe/que-es-el-sepe/Red-de-oficinas/ResultadosBusqueda.html?id=023113a1-a378-48d7-b39c-b4e4823c6b3d&provinciaNombre=Valencia,SAGUNTO-PUERTO,https://www.sepe.es/HomeSepe/en/que-es-el-sepe/que-es-el-sepe/Red-de-oficinas/DetalleOficina.html?idOficina=b86bdd8e-8865-452b-ab3b-f7589138b5be,46520,"C/ MURILLO, 42","C/ MURILLO, 42, 46520",39.661241,-0.232882,"Carrer de Murillo, 42, 46520 Baladre, España",42,,Carrer de Murillo,46520,,Sagunto/Sagunt,Baladre,Valencia,V,Comunidad Valenciana,VC,España,es,0,,,© OpenStreetMap contributors,Open Database License,https://www.openstreetmap.org/copyright
1670947768-1499,https://www.sepe.es/HomeSepe/en/que-es-el-sepe/que-es-el-sepe/Red-de-oficinas.html,Valencia,https://www.sepe.es/HomeSepe/en/que-es-el-sepe/que-es-el-sepe/Red-de-oficinas/ResultadosBusqueda.html?id=023113a1-a378-48d7-b39c-b4e4823c6b3d&provinciaNombre=Valencia,REQUENA,https://www.sepe.es/HomeSepe/en/que-es-el-sepe/que-es-el-sepe/Red-de-oficinas/DetalleOficina.html?idOficina=960beaf8-9232-4a9e-8f59-9c98936973d3,46340,"AVDA. DE ARRABAL, 4","AVDA. DE ARRABAL, 4, 46340",39.488193,-1.100929,"Avenida del Arrabal, 4, 46340 Requena, España",4,,Avenida del Arrabal,46340,,Requena,Requena,Valencia,V,Comunidad Valenciana,VC,España,es,0,,,© OpenStreetMap contributors,Open Database License,https://www.openstreetmap.org/copyright
1670947771-1500,https://www.sepe.es/HomeSepe/en/que-es-el-sepe/que-es-el-sepe/Red-de-oficinas.html,Valencia,https://www.sepe.es/HomeSepe/en/que-es-el-sepe/que-es-el-sepe/Red-de-oficinas/ResultadosBusqueda.html?id=023113a1-a378-48d7-b39c-b4e4823c6b3d&provinciaNombre=Valencia,ONTINYENT,https://www.sepe.es/HomeSepe/en/que-es-el-sepe/que-es-el-sepe/Red-de-oficinas/DetalleOficina.html?idOficina=3389ebe3-4aac-4a1e-86b9-ea81c0313ee3,46870,"AVDA. VICENT GIRONÉS MORA, 16","AVDA. VICENT GIRONÉS MORA, 16, 46870",38.8253085,-0.6111684,"Avenida de Vicente Gironés Mora, 46870 Onteniente, España",,Avenida de Vicente Gironés Mora,Avenida de Vicente Gironés Mora,46870,,,Onteniente,Valencia,V,Comunidad Valenciana,VC,España,es,0.27,0.54,1,© OpenStreetMap contributors,Open Database License,https://www.openstreetmap.org/copyright
1670947774-1501,https://www.sepe.es/HomeSepe/en/que-es-el-sepe/que-es-el-sepe/Red-de-oficinas.html,Valencia,https://www.sepe.es/HomeSepe/en/que-es-el-sepe/que-es-el-sepe/Red-de-oficinas/ResultadosBusqueda.html?id=023113a1-a378-48d7-b39c-b4e4823c6b3d&provinciaNombre=Valencia,MELIANA,https://www.sepe.es/HomeSepe/en/que-es-el-sepe/que-es-el-sepe/Red-de-oficinas/DetalleOficina.html?idOficina=ea30cefb-9439-4980-afbf-8265f59d39c2,46133,"C/ GLORIES VALENCIANES, 6","C/ GLORIES VALENCIANES, 6, 46133",39.525477,-0.3490765,"Carrer de les Glories Valencianes, 46133 Meliana, España",,Carrer de les Glories Valencianes,Carrer de les Glories Valencianes,46133,,Barri Nolla,Meliana,Valencia,V,Comunidad Valenciana,VC,España,es,0.315,0.63,1,© OpenStreetMap contributors,Open Database License,https://www.openstreetmap.org/copyright
1670947777-1502,https://www.sepe.es/HomeSepe/en/que-es-el-sepe/que-es-el-sepe/Red-de-oficinas.html,Valencia,https://www.sepe.es/HomeSepe/en/que-es-el-sepe/que-es-el-sepe/Red-de-oficinas/ResultadosBusqueda.html?id=023113a1-a378-48d7-b39c-b4e4823c6b3d&provinciaNombre=Valencia,MANISES,https://www.sepe.es/HomeSepe/en/que-es-el-sepe/que-es-el-sepe/Red-de-oficinas/DetalleOficina.html?idOficina=5e9a3db4-6ceb-491c-aade-01035d14a6c2,46940,"C/ PEDRALBA, 7","C/ PEDRALBA, 7, 46940",39.616804,-0.519829,"Carrer Pedralba, 7, 46185 La Pobla De Vallbona, España",7,,Carrer Pedralba,46185,,,La Pobla De Vallbona,Valencia,V,Comunidad Valenciana,VC,España,es,1,0.3,0.3,© OpenStreetMap contributors,Open Database License,https://www.openstreetmap.org/copyright
1670947780-1503,https://www.sepe.es/HomeSepe/en/que-es-el-sepe/que-es-el-sepe/Red-de-oficinas.html,Valencia,https://www.sepe.es/HomeSepe/en/que-es-el-sepe/que-es-el-sepe/Red-de-oficinas/ResultadosBusqueda.html?id=023113a1-a378-48d7-b39c-b4e4823c6b3d&provinciaNombre=Valencia,LLÍRIA,https://www.sepe.es/HomeSepe/en/que-es-el-sepe/que-es-el-sepe/Red-de-oficinas/DetalleOficina.html?idOficina=25846d54-3bc9-4bfa-b729-d18d06eff36f,46160,"C/ JUAN IZQUIERDO, 91","C/ JUAN IZQUIERDO, 91, 46160",39.63215341,-0.592839097,"46160 Liria, España",,Liria,,46160,,,Liria,Valencia,V,Comunidad Valenciana,VC,España,es,0,,1,© OpenStreetMap contributors,Open Database License,https://www.openstreetmap.org/copyright
1670947783-1504,https://www.sepe.es/HomeSepe/en/que-es-el-sepe/que-es-el-sepe/Red-de-oficinas.html,Valencia,https://www.sepe.es/HomeSepe/en/que-es-el-sepe/que-es-el-sepe/Red-de-oficinas/ResultadosBusqueda.html?id=023113a1-a378-48d7-b39c-b4e4823c6b3d&provinciaNombre=Valencia,GANDIA,https://www.sepe.es/HomeSepe/en/que-es-el-sepe/que-es-el-sepe/Red-de-oficinas/DetalleOficina.html?idOficina=e4a82f85-cf66-4574-9983-d6b29cec11dc,46701,"C/ JAUME II, 41","C/ JAUME II, 41, 46701",38.975097,-0.1805424,"Carrer Jaume II, 46700 Gandía, España",,Carrer Jaume II,Carrer Jaume II,46700,,Corea,Gandía,Valencia,V,Comunidad Valenciana,VC,España,es,0.5,0.3,0.3,© OpenStreetMap contributors,Open Database License,https://www.openstreetmap.org/copyright
1670947785-1505,https://www.sepe.es/HomeSepe/en/que-es-el-sepe/que-es-el-sepe/Red-de-oficinas.html,Valencia,https://www.sepe.es/HomeSepe/en/que-es-el-sepe/que-es-el-sepe/Red-de-oficinas/ResultadosBusqueda.html?id=023113a1-a378-48d7-b39c-b4e4823c6b3d&provinciaNombre=Valencia,CHIVA,https://www.sepe.es/HomeSepe/en/que-es-el-sepe/que-es-el-sepe/Red-de-oficinas/DetalleOficina.html?idOficina=e8ca34c6-4416-429d-a77a-ea06b6cfcba0,46370,"C/ RAMÓN Y CAJAL, 5","C/ RAMÓN Y CAJAL, 5, 46370",39.436904,-0.466193,"Carrer de Ramón y Cajal, 5, 46900 Torrent, España",5,,Carrer de Ramón y Cajal,46900,,Torrente,Torrent,Valencia,V,Comunidad Valenciana,VC,España,es,0.7,0.21,0.3,© OpenStreetMap contributors,Open Database License,https://www.openstreetmap.org/copyright
1670947790-1506,https://www.sepe.es/HomeSepe/en/que-es-el-sepe/que-es-el-sepe/Red-de-oficinas.html,Valencia,https://www.sepe.es/HomeSepe/en/que-es-el-sepe/que-es-el-sepe/Red-de-oficinas/ResultadosBusqueda.html?id=023113a1-a378-48d7-b39c-b4e4823c6b3d&provinciaNombre=Valencia,CHELVA,https://www.sepe.es/HomeSepe/en/que-es-el-sepe/que-es-el-sepe/Red-de-oficinas/DetalleOficina.html?idOficina=7eac57b4-c558-454c-bed2-4220c67ea5ae,46176,"C/ SAN ANTONIO, 7","C/ SAN ANTONIO, 7, 46176",39.22698,-1.068941,"C/ San Antonio, 54, 46625 Cofrentes, España",54,,C/ San Antonio,46625,,,Cofrentes,Valencia,V,Comunidad Valenciana,VC,España,es,0.5,0.3,0.3,© OpenStreetMap contributors,Open Database License,https://www.openstreetmap.org/copyright
1670947792-1507,https://www.sepe.es/HomeSepe/en/que-es-el-sepe/que-es-el-sepe/Red-de-oficinas.html,Valencia,https://www.sepe.es/HomeSepe/en/que-es-el-sepe/que-es-el-sepe/Red-de-oficinas/ResultadosBusqueda.html?id=023113a1-a378-48d7-b39c-b4e4823c6b3d&provinciaNombre=Valencia,CATARROJA,https://www.sepe.es/HomeSepe/en/que-es-el-sepe/que-es-el-sepe/Red-de-oficinas/DetalleOficina.html?idOficina=536df4fe-d0aa-4e4b-8476-0738b7bf7eee,46470,"C/ SAN VICENTE FERRER, S/N ESQ. JOAN GINER","C/ SAN VICENTE FERRER, S/N ESQ. JOAN GINER, 46470",39.40005891,-0.401553492,"46470 Catarroja, España",,Catarroja,,46470,,,Catarroja,Valencia,V,Comunidad Valenciana,VC,España,es,0.197530864,,1,© OpenStreetMap contributors,Open Database License,https://www.openstreetmap.org/copyright
1670947795-1508,https://www.sepe.es/HomeSepe/en/que-es-el-sepe/que-es-el-sepe/Red-de-oficinas.html,Valencia,https://www.sepe.es/HomeSepe/en/que-es-el-sepe/que-es-el-sepe/Red-de-oficinas/ResultadosBusqueda.html?id=023113a1-a378-48d7-b39c-b4e4823c6b3d&provinciaNombre=Valencia,CARLET,https://www.sepe.es/HomeSepe/en/que-es-el-sepe/que-es-el-sepe/Red-de-oficinas/DetalleOficina.html?idOficina=8bfbaba9-cde1-4ec3-804a-78b659c6433a,46240,"C/ LUIS VIVES, 28","C/ LUIS VIVES, 28, 46240",39.22561542,-0.522777952,"46240 Carlet, España",,Carlet,,46240,,,Carlet,Valencia,V,Comunidad Valenciana,VC,España,es,0,,1,© OpenStreetMap contributors,Open Database License,https://www.openstreetmap.org/copyright
1670947798-1509,https://www.sepe.es/HomeSepe/en/que-es-el-sepe/que-es-el-sepe/Red-de-oficinas.html,Valencia,https://www.sepe.es/HomeSepe/en/que-es-el-sepe/que-es-el-sepe/Red-de-oficinas/ResultadosBusqueda.html?id=023113a1-a378-48d7-b39c-b4e4823c6b3d&provinciaNombre=Valencia,CARCAIXENT,https://www.sepe.es/HomeSepe/en/que-es-el-sepe/que-es-el-sepe/Red-de-oficinas/DetalleOficina.html?idOficina=9e348351-fee3-4b80-8497-e306d02ebc9f,46740,"PLAÇA MAJOR, 9","PLAÇA MAJOR, 9, 46740",39.122589,-0.4509812,"Plaça Major, 46740 Carcagente, España",,Plaça Major,Plaça Major,46740,Cogullada,,Carcagente,Valencia,V,Comunidad Valenciana,VC,España,es,0.5,1,1,© OpenStreetMap contributors,Open Database License,https://www.openstreetmap.org/copyright
1670947800-1510,https://www.sepe.es/HomeSepe/en/que-es-el-sepe/que-es-el-sepe/Red-de-oficinas.html,Valencia,https://www.sepe.es/HomeSepe/en/que-es-el-sepe/que-es-el-sepe/Red-de-oficinas/ResultadosBusqueda.html?id=023113a1-a378-48d7-b39c-b4e4823c6b3d&provinciaNombre=Valencia,BURJASSOT,https://www.sepe.es/HomeSepe/en/que-es-el-sepe/que-es-el-sepe/Red-de-oficinas/DetalleOficina.html?idOficina=e2fe1cf8-2802-4d6f-af74-dd242ab43201,46100,"C/ MAESTRO LOPE, 68-70","C/ MAESTRO LOPE, 68-70, 46100",39.5073736,-0.4071052,"Calle Maestro Lope, 46100 Burjasot, España",,Calle Maestro Lope,Calle Maestro Lope,46100,,,Burjasot,Valencia,V,Comunidad Valenciana,VC,España,es,0.5,1,1,© OpenStreetMap contributors,Open Database License,https://www.openstreetmap.org/copyright
1670947803-1511,https://www.sepe.es/HomeSepe/en/que-es-el-sepe/que-es-el-sepe/Red-de-oficinas.html,Valencia,https://www.sepe.es/HomeSepe/en/que-es-el-sepe/que-es-el-sepe/Red-de-oficinas/ResultadosBusqueda.html?id=023113a1-a378-48d7-b39c-b4e4823c6b3d&provinciaNombre=Valencia,AYORA,https://www.sepe.es/HomeSepe/en/que-es-el-sepe/que-es-el-sepe/Red-de-oficinas/DetalleOficina.html?idOficina=c8498ef5-0fe1-4a0c-a1ef-04d84ac5d7cd,46620,"C/ VIRGEN DEL ROSARIO, 29","C/ VIRGEN DEL ROSARIO, 29, 46620",39.061975,-1.0540057,"Calle Virgen del Rosario, 29, 46620 Ayora, España",29,,Calle Virgen del Rosario,46620,,,Ayora,Valencia,V,Comunidad Valenciana,VC,España,es,1,1,1,© OpenStreetMap contributors,Open Database License,https://www.openstreetmap.org/copyright
1670947806-1512,https://www.sepe.es/HomeSepe/en/que-es-el-sepe/que-es-el-sepe/Red-de-oficinas.html,Valencia,https://www.sepe.es/HomeSepe/en/que-es-el-sepe/que-es-el-sepe/Red-de-oficinas/ResultadosBusqueda.html?id=023113a1-a378-48d7-b39c-b4e4823c6b3d&provinciaNombre=Valencia,ALZIRA,https://www.sepe.es/HomeSepe/en/que-es-el-sepe/que-es-el-sepe/Red-de-oficinas/DetalleOficina.html?idOficina=89427b24-b496-4921-b723-a7aa8240e384,46600,"C/ GANDÍA, S/N ESQ. S.J. BOSCO, 2","C/ GANDÍA, S/N ESQ. S.J. BOSCO, 2, 46600",39.1504931,-0.441359168,"46600 Alcira, España",,Alcira,,46600,,,Alcira,,,Comunidad Valenciana,VC,España,es,0,,1,© OpenStreetMap contributors,Open Database License,https://www.openstreetmap.org/copyright
1670947810-1513,https://www.sepe.es/HomeSepe/en/que-es-el-sepe/que-es-el-sepe/Red-de-oficinas.html,Valencia,https://www.sepe.es/HomeSepe/en/que-es-el-sepe/que-es-el-sepe/Red-de-oficinas/ResultadosBusqueda.html?id=023113a1-a378-48d7-b39c-b4e4823c6b3d&provinciaNombre=Valencia,ALAQUÀS,https://www.sepe.es/HomeSepe/en/que-es-el-sepe/que-es-el-sepe/Red-de-oficinas/DetalleOficina.html?idOficina=7fef8b24-4584-4094-8ecc-2be7f0f90f0f,46970,"PLAZA CONSTITUCIÓN, 3","PLAZA CONSTITUCIÓN, 3, 46970",39.3966056,-0.4137658,"Plaça Constitucio, 46470 Albal, España",,Plaça Constitucio,Plaça Constitucio,46470,,,Albal,Valencia,V,Comunidad Valenciana,VC,España,es,0.375,0.225,0.3,© OpenStreetMap contributors,Open Database License,https://www.openstreetmap.org/copyright
1670947815-1514,https://www.sepe.es/HomeSepe/en/que-es-el-sepe/que-es-el-sepe/Red-de-oficinas.html,Toledo,https://www.sepe.es/HomeSepe/en/que-es-el-sepe/que-es-el-sepe/Red-de-oficinas/ResultadosBusqueda.html?id=2491e01c-e506-4e59-b8ee-1cae5d79dfee&provinciaNombre=Toledo,VILLACAÑAS,https://www.sepe.es/HomeSepe/en/que-es-el-sepe/que-es-el-sepe/Red-de-oficinas/DetalleOficina.html?idOficina=a66fd6c7-9799-4ee6-b584-a2f2d6251c38,45860,"PLAZA DE ESPAÑA, 16","PLAZA DE ESPAÑA, 16, 45860",39.6248156,-3.3337758,"Plaza de España, 45860 Villacañas, España",,Plaza de España,Plaza de España,45860,,,Villacañas,Toledo,TO,Castilla-La Mancha,CM,España,es,0.5,1,1,© OpenStreetMap contributors,Open Database License,https://www.openstreetmap.org/copyright
1670947818-1515,https://www.sepe.es/HomeSepe/en/que-es-el-sepe/que-es-el-sepe/Red-de-oficinas.html,Toledo,https://www.sepe.es/HomeSepe/en/que-es-el-sepe/que-es-el-sepe/Red-de-oficinas/ResultadosBusqueda.html?id=2491e01c-e506-4e59-b8ee-1cae5d79dfee&provinciaNombre=Toledo,TORRIJOS,https://www.sepe.es/HomeSepe/en/que-es-el-sepe/que-es-el-sepe/Red-de-oficinas/DetalleOficina.html?idOficina=58cc6f1b-0f2a-483c-b807-1a1b8eab321d,45500,"C/ AÑO DE LA CIENCIA, 7","C/ AÑO DE LA CIENCIA, 7, 45500",39.98444005,-4.282526894,"45500 Torrijos, España",,Torrijos,,45500,,,Torrijos,Toledo,TO,Castilla-La Mancha,CM,España,es,0,,1,© OpenStreetMap contributors,Open Database License,https://www.openstreetmap.org/copyright
1670947821-1516,https://www.sepe.es/HomeSepe/en/que-es-el-sepe/que-es-el-sepe/Red-de-oficinas.html,Toledo,https://www.sepe.es/HomeSepe/en/que-es-el-sepe/que-es-el-sepe/Red-de-oficinas/ResultadosBusqueda.html?id=2491e01c-e506-4e59-b8ee-1cae5d79dfee&provinciaNombre=Toledo,TOLEDO,https://www.sepe.es/HomeSepe/en/que-es-el-sepe/que-es-el-sepe/Red-de-oficinas/DetalleOficina.html?idOficina=f3c75427-ad0c-450f-a58b-4afc55ddbf98,45003,"BAJADA DE CASTILLA LA MANCHA, 3","BAJADA DE CASTILLA LA MANCHA, 3, 45003",39.866027,-4.0212626,"Escuela Santa Clara, Bajada de Castilla-La Mancha, 3, 45003 Toledo, España",3,Escuela Santa Clara,Bajada de Castilla-La Mancha,45003,Santa Bárbara,,Toledo,Toledo,TO,Castilla-La Mancha,CM,España,es,1,1,1,© OpenStreetMap contributors,Open Database License,https://www.openstreetmap.org/copyright
1670947824-1517,https://www.sepe.es/HomeSepe/en/que-es-el-sepe/que-es-el-sepe/Red-de-oficinas.html,Toledo,https://www.sepe.es/HomeSepe/en/que-es-el-sepe/que-es-el-sepe/Red-de-oficinas/ResultadosBusqueda.html?id=2491e01c-e506-4e59-b8ee-1cae5d79dfee&provinciaNombre=Toledo,TALAVERA DE LA REINA-PIO XII,https://www.sepe.es/HomeSepe/en/que-es-el-sepe/que-es-el-sepe/Red-de-oficinas/DetalleOficina.html?idOficina=591cb255-fa42-4923-b6f5-d50e882aef94,45600,"AVDA. PIO XII, 2","AVDA. PIO XII, 2, 45600",39.964382,-4.822943,"Avenida de Pío XII, 2, 45600 Talavera de la Reina, España",2,,Avenida de Pío XII,45600,,Talavera De La Reina,Talavera de la Reina,Toledo,TO,Castilla-La Mancha,CM,España,es,0.7,0.7,1,© OpenStreetMap contributors,Open Database License,https://www.openstreetmap.org/copyright
1670947826-1518,https://www.sepe.es/HomeSepe/en/que-es-el-sepe/que-es-el-sepe/Red-de-oficinas.html,Toledo,https://www.sepe.es/HomeSepe/en/que-es-el-sepe/que-es-el-sepe/Red-de-oficinas/ResultadosBusqueda.html?id=2491e01c-e506-4e59-b8ee-1cae5d79dfee&provinciaNombre=Toledo,TALAVERA DE LA REINA-AMOR DIVINO,https://www.sepe.es/HomeSepe/en/que-es-el-sepe/que-es-el-sepe/Red-de-oficinas/DetalleOficina.html?idOficina=f4046902-4370-4e90-a332-970952faa77d,45600,"C/ AMOR DIVINO, 3","C/ AMOR DIVINO, 3, 45600",39.968122,-4.826711,"Calle del Amor Divino, 45600 Talavera de la Reina, España",,,Calle del Amor Divino,45600,,Talavera De La Reina,Talavera de la Reina,Toledo,TO,Castilla-La Mancha,CM,España,es,0,,,© OpenStreetMap contributors,Open Database License,https://www.openstreetmap.org/copyright
1670947829-1519,https://www.sepe.es/HomeSepe/en/que-es-el-sepe/que-es-el-sepe/Red-de-oficinas.html,Toledo,https://www.sepe.es/HomeSepe/en/que-es-el-sepe/que-es-el-sepe/Red-de-oficinas/ResultadosBusqueda.html?id=2491e01c-e506-4e59-b8ee-1cae5d79dfee&provinciaNombre=Toledo,QUINTANAR DE LA ORDEN,https://www.sepe.es/HomeSepe/en/que-es-el-sepe/que-es-el-sepe/Red-de-oficinas/DetalleOficina.html?idOficina=0c548120-e2eb-4103-853d-7aadeb96fc54,45800,"C/ EXTREMADURA, 4","C/ EXTREMADURA, 4, 45800",39.5992521,-3.0445119,"Calle Extremadura, 45800 Quintanar de la Orden, España",,Calle Extremadura,Calle Extremadura,45800,,,Quintanar de la Orden,Toledo,TO,Castilla-La Mancha,CM,España,es,0.5,1,1,© OpenStreetMap contributors,Open Database License,https://www.openstreetmap.org/copyright
1670947832-1520,https://www.sepe.es/HomeSepe/en/que-es-el-sepe/que-es-el-sepe/Red-de-oficinas.html,Toledo,https://www.sepe.es/HomeSepe/en/que-es-el-sepe/que-es-el-sepe/Red-de-oficinas/ResultadosBusqueda.html?id=2491e01c-e506-4e59-b8ee-1cae5d79dfee&provinciaNombre=Toledo,OCAÑA,https://www.sepe.es/HomeSepe/en/que-es-el-sepe/que-es-el-sepe/Red-de-oficinas/DetalleOficina.html?idOficina=ba889a10-9dcd-48eb-91dd-868f65a78d67,45300,"PLAZA GUTIERRE DE CÁRDENAS, 1","PLAZA GUTIERRE DE CÁRDENAS, 1, 45300",39.95590225,-3.497895067,"45300 Ocaña, España",,Ocaña,,45300,,,Ocaña,Toledo,TO,Castilla-La Mancha,CM,España,es,0,,1,© OpenStreetMap contributors,Open Database License,https://www.openstreetmap.org/copyright
1670947834-1521,https://www.sepe.es/HomeSepe/en/que-es-el-sepe/que-es-el-sepe/Red-de-oficinas.html,Toledo,https://www.sepe.es/HomeSepe/en/que-es-el-sepe/que-es-el-sepe/Red-de-oficinas/ResultadosBusqueda.html?id=2491e01c-e506-4e59-b8ee-1cae5d79dfee&provinciaNombre=Toledo,MORA,https://www.sepe.es/HomeSepe/en/que-es-el-sepe/que-es-el-sepe/Red-de-oficinas/DetalleOficina.html?idOficina=ff2dc55b-70fc-4e41-b874-999c898ceb5a,45400,"GLORIETA EUSEBIO MÉNDEZ,S/N","GLORIETA EUSEBIO MÉNDEZ,S/N, 45400",39.6854522,-3.7721768,"Glorieta Eusebio Méndez, 45400 Mora, España",,Glorieta Eusebio Méndez,Glorieta Eusebio Méndez,45400,,,Mora,Toledo,TO,Castilla-La Mancha,CM,España,es,0.812903226,0.9,1,© OpenStreetMap contributors,Open Database License,https://www.openstreetmap.org/copyright
1670947837-1522,https://www.sepe.es/HomeSepe/en/que-es-el-sepe/que-es-el-sepe/Red-de-oficinas.html,Toledo,https://www.sepe.es/HomeSepe/en/que-es-el-sepe/que-es-el-sepe/Red-de-oficinas/ResultadosBusqueda.html?id=2491e01c-e506-4e59-b8ee-1cae5d79dfee&provinciaNombre=Toledo,ILLESCAS,https://www.sepe.es/HomeSepe/en/que-es-el-sepe/que-es-el-sepe/Red-de-oficinas/DetalleOficina.html?idOficina=3b706d05-fb13-4a8e-86e3-270067e43354,45200,"CARRETERA DE UGENA, S/N","CARRETERA DE UGENA, S/N, 45200",40.1373645,-3.8545248,"Carretera de Ugena, 45200 Illescas, España",,Carretera de Ugena,Carretera de Ugena,45200,,,Illescas,Toledo,TO,Castilla-La Mancha,CM,España,es,0.796153846,0.9,1,© OpenStreetMap contributors,Open Database License,https://www.openstreetmap.org/copyright
1670947842-1523,https://www.sepe.es/HomeSepe/en/que-es-el-sepe/que-es-el-sepe/Red-de-oficinas.html,Teruel,https://www.sepe.es/HomeSepe/en/que-es-el-sepe/que-es-el-sepe/Red-de-oficinas/ResultadosBusqueda.html?id=f2266dc9-d03f-4469-b57c-2c6e1156daa0&provinciaNombre=Teruel,UTRILLAS,https://www.sepe.es/HomeSepe/en/que-es-el-sepe/que-es-el-sepe/Red-de-oficinas/DetalleOficina.html?idOficina=fc11f120-0494-4047-a444-aea6408f4263,44760,"AVDA. DE VALENCIA, 12","AVDA. DE VALENCIA, 12, 44760",40.8116958,-0.8469297,"Avenida de Valencia, 44760 Utrillas, España",,Avenida de Valencia,Avenida de Valencia,44760,Barriada Obrera del Sur,,Utrillas,Teruel,TE,Aragón,AR,España,es,0.5,1,1,© OpenStreetMap contributors,Open Database License,https://www.openstreetmap.org/copyright
1670947844-1524,https://www.sepe.es/HomeSepe/en/que-es-el-sepe/que-es-el-sepe/Red-de-oficinas.html,Teruel,https://www.sepe.es/HomeSepe/en/que-es-el-sepe/que-es-el-sepe/Red-de-oficinas/ResultadosBusqueda.html?id=f2266dc9-d03f-4469-b57c-2c6e1156daa0&provinciaNombre=Teruel,TERUEL,https://www.sepe.es/HomeSepe/en/que-es-el-sepe/que-es-el-sepe/Red-de-oficinas/DetalleOficina.html?idOficina=ccd24d88-c02a-4f24-9007-8208768c0162,44002,"C/ NICANOR VILLALTA, 14","C/ NICANOR VILLALTA, 14, 44002",40.33253046,-1.096291771,"44002 Teruel, España",,Teruel,,44002,,,Teruel,Teruel,TE,Aragón,AR,España,es,0,,1,© OpenStreetMap contributors,Open Database License,https://www.openstreetmap.org/copyright
1670947847-1525,https://www.sepe.es/HomeSepe/en/que-es-el-sepe/que-es-el-sepe/Red-de-oficinas.html,Teruel,https://www.sepe.es/HomeSepe/en/que-es-el-sepe/que-es-el-sepe/Red-de-oficinas/ResultadosBusqueda.html?id=f2266dc9-d03f-4469-b57c-2c6e1156daa0&provinciaNombre=Teruel,CALAMOCHA,https://www.sepe.es/HomeSepe/en/que-es-el-sepe/que-es-el-sepe/Red-de-oficinas/DetalleOficina.html?idOficina=43c31ed6-66c4-43b6-a480-630aa590dde6,44200,"PLAZA MONTALBÁN, 7","PLAZA MONTALBÁN, 7, 44200",40.918226,-1.29582523,"Plaza de Montalbán, Calle Melchor de Luzón, 44200 Calamocha, España",,Plaza de Montalbán,Calle Melchor de Luzón,44200,,,Calamocha,Teruel,TE,Aragón,AR,España,es,0.125,0.25,1,© OpenStreetMap contributors,Open Database License,https://www.openstreetmap.org/copyright
1670947850-1526,https://www.sepe.es/HomeSepe/en/que-es-el-sepe/que-es-el-sepe/Red-de-oficinas.html,Teruel,https://www.sepe.es/HomeSepe/en/que-es-el-sepe/que-es-el-sepe/Red-de-oficinas/ResultadosBusqueda.html?id=f2266dc9-d03f-4469-b57c-2c6e1156daa0&provinciaNombre=Teruel,ANDORRA,https://www.sepe.es/HomeSepe/en/que-es-el-sepe/que-es-el-sepe/Red-de-oficinas/DetalleOficina.html?idOficina=88a8513f-20e0-464a-afae-0635189bf02b,44500,"PASEO DE LAS MINAS, S/N (ESQUINA CALLE ARIÑO)","PASEO DE LAS MINAS, S/N (ESQUINA CALLE ARIÑO), 44500",40.98084437,-0.447636833,"44500 Andorra, España",,Andorra,,44500,,,Andorra,Teruel,TE,Aragón,AR,España,es,0.583333333,,1,© OpenStreetMap contributors,Open Database License,https://www.openstreetmap.org/copyright
1670947852-1527,https://www.sepe.es/HomeSepe/en/que-es-el-sepe/que-es-el-sepe/Red-de-oficinas.html,Teruel,https://www.sepe.es/HomeSepe/en/que-es-el-sepe/que-es-el-sepe/Red-de-oficinas/ResultadosBusqueda.html?id=f2266dc9-d03f-4469-b57c-2c6e1156daa0&provinciaNombre=Teruel,ALCAÑIZ,https://www.sepe.es/HomeSepe/en/que-es-el-sepe/que-es-el-sepe/Red-de-oficinas/DetalleOficina.html?idOficina=c9fa797a-6884-4e06-a1bf-86a2b8dfe5aa,44600,"C/ CIUDAD DEPORTIVA, 10","C/ CIUDAD DEPORTIVA, 10, 44600",41.050192,-0.126955,"Calle Ciudad Deportiva Santa María, 10, 44600 Alcañiz, España",10,,Calle Ciudad Deportiva Santa María,44600,,Alcañiz,Alcañiz,Teruel,TE,Aragón,AR,España,es,0.441,0.441,1,© OpenStreetMap contributors,Open Database License,https://www.openstreetmap.org/copyright
1670947857-1528,https://www.sepe.es/HomeSepe/en/que-es-el-sepe/que-es-el-sepe/Red-de-oficinas.html,Tarragona,https://www.sepe.es/HomeSepe/en/que-es-el-sepe/que-es-el-sepe/Red-de-oficinas/ResultadosBusqueda.html?id=0583bfba-f63d-4645-9800-37d1601c0404&provinciaNombre=Tarragona,VALLS,https://www.sepe.es/HomeSepe/en/que-es-el-sepe/que-es-el-sepe/Red-de-oficinas/DetalleOficina.html?idOficina=d949afed-1fdb-4c7b-be73-be50e0019761,43800,"CARRETERA DEL PLA, 37","CARRETERA DEL PLA, 37, 43800",41.289205,1.253084393,"Servei d'Ocupació de Catalunya, Carretera del Pla, 37, 43800 Valls, España",37,Servei d'Ocupació de Catalunya,Carretera del Pla,43800,,,Valls,Tarragona,T,Cataluña,CT,España,es,1,1,1,© OpenStreetMap contributors,Open Database License,https://www.openstreetmap.org/copyright
1670947860-1529,https://www.sepe.es/HomeSepe/en/que-es-el-sepe/que-es-el-sepe/Red-de-oficinas.html,Tarragona,https://www.sepe.es/HomeSepe/en/que-es-el-sepe/que-es-el-sepe/Red-de-oficinas/ResultadosBusqueda.html?id=0583bfba-f63d-4645-9800-37d1601c0404&provinciaNombre=Tarragona,TORTOSA,https://www.sepe.es/HomeSepe/en/que-es-el-sepe/que-es-el-sepe/Red-de-oficinas/DetalleOficina.html?idOficina=0ee5bfab-96ed-43a1-9f88-1a8ea56bb265,43500,"PASSEIG DE RIBERA, 29","PASSEIG DE RIBERA, 29, 43500",40.8037413,0.5151233,"Passeig de Ribera, 43500 Tortosa, España",,Passeig de Ribera,Passeig de Ribera,43500,,els Dolors,Tortosa,Tarragona,T,Cataluña,CT,España,es,0.5,1,1,© OpenStreetMap contributors,Open Database License,https://www.openstreetmap.org/copyright
1670947863-1530,https://www.sepe.es/HomeSepe/en/que-es-el-sepe/que-es-el-sepe/Red-de-oficinas.html,Tarragona,https://www.sepe.es/HomeSepe/en/que-es-el-sepe/que-es-el-sepe/Red-de-oficinas/ResultadosBusqueda.html?id=0583bfba-f63d-4645-9800-37d1601c0404&provinciaNombre=Tarragona,TARRAGONA-CLARET,https://www.sepe.es/HomeSepe/en/que-es-el-sepe/que-es-el-sepe/Red-de-oficinas/DetalleOficina.html?idOficina=cbf9d66c-663e-438b-ac47-04e6dd8efbf4,43002,"C/SAN ANTONIO Mª CLARET, 19","C/SAN ANTONIO Mª CLARET, 19, 43002",41.11999995,1.250164437,"43002 Tarragona, España",,Tarragona,,43002,,,Tarragona,Tarragona,T,Cataluña,CT,España,es,0,,1,© OpenStreetMap contributors,Open Database License,https://www.openstreetmap.org/copyright
1670947865-1531,https://www.sepe.es/HomeSepe/en/que-es-el-sepe/que-es-el-sepe/Red-de-oficinas.html,Tarragona,https://www.sepe.es/HomeSepe/en/que-es-el-sepe/que-es-el-sepe/Red-de-oficinas/ResultadosBusqueda.html?id=0583bfba-f63d-4645-9800-37d1601c0404&provinciaNombre=Tarragona,TARRAGONA-CAMPCLAR,https://www.sepe.es/HomeSepe/en/que-es-el-sepe/que-es-el-sepe/Red-de-oficinas/DetalleOficina.html?idOficina=21582a23-1546-403e-8c58-1c86d935f552,43006,"C/ RIU SIURANA, 28-B","C/ RIU SIURANA, 28-B, 43006",41.118086,1.208717,"Carrer Riu Sénia, 43006 La Granja de la Costera, España",,,Carrer Riu Sénia,43006,,Tarragona,La Granja de la Costera,Tarragona,T,Catalonia,,España,es,0,,,© OpenStreetMap contributors,Open Database License,https://www.openstreetmap.org/copyright
1670947868-1532,https://www.sepe.es/HomeSepe/en/que-es-el-sepe/que-es-el-sepe/Red-de-oficinas.html,Tarragona,https://www.sepe.es/HomeSepe/en/que-es-el-sepe/que-es-el-sepe/Red-de-oficinas/ResultadosBusqueda.html?id=0583bfba-f63d-4645-9800-37d1601c0404&provinciaNombre=Tarragona,REUS,https://www.sepe.es/HomeSepe/en/que-es-el-sepe/que-es-el-sepe/Red-de-oficinas/DetalleOficina.html?idOficina=addb71e5-930a-4106-83a9-1d5d53e58535,43205,"PASSEIG MISERICORDIA, 6-12","PASSEIG MISERICORDIA, 6-12, 43205",41.1494745,1.1056374,"Passeig de Misericòrdia, 43201 Reus, España",,Passeig de Misericòrdia,Passeig de Misericòrdia,43201,,Monestirs,Reus,Tarragona,T,Cataluña,CT,España,es,0.45,0.27,0.3,© OpenStreetMap contributors,Open Database License,https://www.openstreetmap.org/copyright
1670947870-1533,https://www.sepe.es/HomeSepe/en/que-es-el-sepe/que-es-el-sepe/Red-de-oficinas.html,Tarragona,https://www.sepe.es/HomeSepe/en/que-es-el-sepe/que-es-el-sepe/Red-de-oficinas/ResultadosBusqueda.html?id=0583bfba-f63d-4645-9800-37d1601c0404&provinciaNombre=Tarragona,MÓRA D'EBRE,https://www.sepe.es/HomeSepe/en/que-es-el-sepe/que-es-el-sepe/Red-de-oficinas/DetalleOficina.html?idOficina=2b5197a6-f92a-4df5-bfc0-189f36da4d81,43740,"C/ DOCTOR BORRÀS, 16","C/ DOCTOR BORRÀS, 16, 43740",41.089403,0.633150483,"43740 Móra d'Ebre, España",,Móra d'Ebre,,43740,,,Móra d'Ebre,Tarragona,T,Cataluña,CT,España,es,0,,1,© OpenStreetMap contributors,Open Database License,https://www.openstreetmap.org/copyright
1670947873-1534,https://www.sepe.es/HomeSepe/en/que-es-el-sepe/que-es-el-sepe/Red-de-oficinas.html,Tarragona,https://www.sepe.es/HomeSepe/en/que-es-el-sepe/que-es-el-sepe/Red-de-oficinas/ResultadosBusqueda.html?id=0583bfba-f63d-4645-9800-37d1601c0404&provinciaNombre=Tarragona,EL VENDRELL,https://www.sepe.es/HomeSepe/en/que-es-el-sepe/que-es-el-sepe/Red-de-oficinas/DetalleOficina.html?idOficina=5caa3f66-3729-4b80-9537-883ca1bb3c40,43700,"C/ SANT XAVIER, 9-19","C/ SANT XAVIER, 9-19, 43700",41.2178191,1.5304162,"Carrer Sant Xavier, 43700 El Vendrell, España",,Carrer Sant Xavier,Carrer Sant Xavier,43700,,,El Vendrell,Tarragona,T,Cataluña,CT,España,es,0.5,1,1,© OpenStreetMap contributors,Open Database License,https://www.openstreetmap.org/copyright
1670947876-1535,https://www.sepe.es/HomeSepe/en/que-es-el-sepe/que-es-el-sepe/Red-de-oficinas.html,Tarragona,https://www.sepe.es/HomeSepe/en/que-es-el-sepe/que-es-el-sepe/Red-de-oficinas/ResultadosBusqueda.html?id=0583bfba-f63d-4645-9800-37d1601c0404&provinciaNombre=Tarragona,CAMBRILS,https://www.sepe.es/HomeSepe/en/que-es-el-sepe/que-es-el-sepe/Red-de-oficinas/DetalleOficina.html?idOficina=a915fda6-3aa6-4be1-91b3-c6f6c7fe67ef,43850,"C/ JAUME FERRAN, 7","C/ JAUME FERRAN, 7, 43850",41.07158727,1.072059532,"43850 Cambrils, España",,Cambrils,,43850,,,Cambrils,Tarragona,T,Cataluña,CT,España,es,0,,1,© OpenStreetMap contributors,Open Database License,https://www.openstreetmap.org/copyright
1670947878-1536,https://www.sepe.es/HomeSepe/en/que-es-el-sepe/que-es-el-sepe/Red-de-oficinas.html,Tarragona,https://www.sepe.es/HomeSepe/en/que-es-el-sepe/que-es-el-sepe/Red-de-oficinas/ResultadosBusqueda.html?id=0583bfba-f63d-4645-9800-37d1601c0404&provinciaNombre=Tarragona,AMPOSTA,https://www.sepe.es/HomeSepe/en/que-es-el-sepe/que-es-el-sepe/Red-de-oficinas/DetalleOficina.html?idOficina=1d7e9f80-7fb9-4535-8107-b0c79d153978,43870,"C/ AGUSTINA D'ARAGÓ, 39","C/ AGUSTINA D'ARAGÓ, 39, 43870",40.70531385,0.581351492,"43870 Amposta, España",,Amposta,,43870,,,Amposta,Tarragona,T,Cataluña,CT,España,es,0,,1,© OpenStreetMap contributors,Open Database License,https://www.openstreetmap.org/copyright
1670947885-1537,https://www.sepe.es/HomeSepe/en/que-es-el-sepe/que-es-el-sepe/Red-de-oficinas.html,Soria,https://www.sepe.es/HomeSepe/en/que-es-el-sepe/que-es-el-sepe/Red-de-oficinas/ResultadosBusqueda.html?id=79f83837-8a54-42e8-bd2f-464888acd7b4&provinciaNombre=Soria,SORIA,https://www.sepe.es/HomeSepe/en/que-es-el-sepe/que-es-el-sepe/Red-de-oficinas/DetalleOficina.html?idOficina=9c71040b-4450-4c70-8edb-8a193b61065a,42002,"C/ ADUANA VIEJA, 8","C/ ADUANA VIEJA, 8, 42002",41.7652077,-2.4670083,"Calle Aduana Vieja, 42002 Soria, España",,Calle Aduana Vieja,Calle Aduana Vieja,42002,,,Soria,Soria,SO,Castilla y León,CL,España,es,0.5,1,1,© OpenStreetMap contributors,Open Database License,https://www.openstreetmap.org/copyright
1670947887-1538,https://www.sepe.es/HomeSepe/en/que-es-el-sepe/que-es-el-sepe/Red-de-oficinas.html,Soria,https://www.sepe.es/HomeSepe/en/que-es-el-sepe/que-es-el-sepe/Red-de-oficinas/ResultadosBusqueda.html?id=79f83837-8a54-42e8-bd2f-464888acd7b4&provinciaNombre=Soria,BURGO DE OSMA,https://www.sepe.es/HomeSepe/en/que-es-el-sepe/que-es-el-sepe/Red-de-oficinas/DetalleOficina.html?idOficina=85a5fa18-58b0-44be-b2a2-5ed0d978d53e,42300,"AVDA. JUAN CARLOS I, 6","AVDA. JUAN CARLOS I, 6, 42300",41.63583198,-2.974686856,"42300 Burgo de Osma-Ciudad de Osma, España",,Burgo de Osma-Ciudad de Osma,,42300,,,Burgo de Osma-Ciudad de Osma,Soria,SO,Castilla y León,CL,España,es,0,,1,© OpenStreetMap contributors,Open Database License,https://www.openstreetmap.org/copyright
1670947890-1539,https://www.sepe.es/HomeSepe/en/que-es-el-sepe/que-es-el-sepe/Red-de-oficinas.html,Soria,https://www.sepe.es/HomeSepe/en/que-es-el-sepe/que-es-el-sepe/Red-de-oficinas/ResultadosBusqueda.html?id=79f83837-8a54-42e8-bd2f-464888acd7b4&provinciaNombre=Soria,ALMAZAN,https://www.sepe.es/HomeSepe/en/que-es-el-sepe/que-es-el-sepe/Red-de-oficinas/DetalleOficina.html?idOficina=7e3b812e-6910-439c-8684-782f6456a2e4,42200,"RONDA DE SAN FRANCISCO, 24","RONDA DE SAN FRANCISCO, 24, 42200",41.4882739,-2.5286142,"Ronda de San Francisco, 24, 42200 Almazán, España",24,,Ronda de San Francisco,42200,El Ferial,,Almazán,Soria,SO,Castilla y León,CL,España,es,1,1,1,© OpenStreetMap contributors,Open Database License,https://www.openstreetmap.org/copyright
1670947895-1540,https://www.sepe.es/HomeSepe/en/que-es-el-sepe/que-es-el-sepe/Red-de-oficinas.html,Sevilla,https://www.sepe.es/HomeSepe/en/que-es-el-sepe/que-es-el-sepe/Red-de-oficinas/ResultadosBusqueda.html?id=ce74b5f8-7045-4ee0-90e2-bdfa4d5d09df&provinciaNombre=Sevilla,UTRERA,https://www.sepe.es/HomeSepe/en/que-es-el-sepe/que-es-el-sepe/Red-de-oficinas/DetalleOficina.html?idOficina=22202a2c-7b65-4746-b98c-46bf542eb63e,41710,"AVDA. DE LOS NARANJOS, 9","AVDA. DE LOS NARANJOS, 9, 41710",37.1864799,-5.7775768,"Avenida de los Naranjos, 41710 Utrera, España",,Avenida de los Naranjos,Avenida de los Naranjos,41710,,,Utrera,Sevilla,SE,Andalucía,AN,España,es,0.5,1,1,© OpenStreetMap contributors,Open Database License,https://www.openstreetmap.org/copyright
1670947898-1541,https://www.sepe.es/HomeSepe/en/que-es-el-sepe/que-es-el-sepe/Red-de-oficinas.html,Sevilla,https://www.sepe.es/HomeSepe/en/que-es-el-sepe/que-es-el-sepe/Red-de-oficinas/ResultadosBusqueda.html?id=ce74b5f8-7045-4ee0-90e2-bdfa4d5d09df&provinciaNombre=Sevilla,SEVILLA-TRIANA,https://www.sepe.es/HomeSepe/en/que-es-el-sepe/que-es-el-sepe/Red-de-oficinas/DetalleOficina.html?idOficina=67f7a8bc-98b9-401c-b088-190507232f51,41010,"C/ FEBO, 7-9","C/ FEBO, 7-9, 41010",37.381044,-6.0037652,"Servicio Andaluz de Empleo, Calle Febo, 7-9, 41010 Sevilla, España",07-Sep,Servicio Andaluz de Empleo,Calle Febo,41010,Triana,Nucleo Residencial Argentina,Sevilla,Sevilla,SE,Andalucía,AN,España,es,1,1,1,© OpenStreetMap contributors,Open Database License,https://www.openstreetmap.org/copyright
1670947900-1542,https://www.sepe.es/HomeSepe/en/que-es-el-sepe/que-es-el-sepe/Red-de-oficinas.html,Sevilla,https://www.sepe.es/HomeSepe/en/que-es-el-sepe/que-es-el-sepe/Red-de-oficinas/ResultadosBusqueda.html?id=ce74b5f8-7045-4ee0-90e2-bdfa4d5d09df&provinciaNombre=Sevilla,SEVILLA-MACARENA,https://www.sepe.es/HomeSepe/en/que-es-el-sepe/que-es-el-sepe/Red-de-oficinas/DetalleOficina.html?idOficina=689f289d-2372-459a-9e77-1c5e58da47fd,41003,"C/ MACARENA, 46-48","C/ MACARENA, 46-48, 41003",37.4023609,-5.9871199,"Calle Macarena, 41071 Sevilla, España",,Calle Macarena,Calle Macarena,41071,Casco Antiguo,San Gil,Sevilla,Sevilla,SE,Andalucía,AN,España,es,0.5,0.3,0.3,© OpenStreetMap contributors,Open Database License,https://www.openstreetmap.org/copyright
1670947903-1543,https://www.sepe.es/HomeSepe/en/que-es-el-sepe/que-es-el-sepe/Red-de-oficinas.html,Sevilla,https://www.sepe.es/HomeSepe/en/que-es-el-sepe/que-es-el-sepe/Red-de-oficinas/ResultadosBusqueda.html?id=ce74b5f8-7045-4ee0-90e2-bdfa4d5d09df&provinciaNombre=Sevilla,SEVILLA-LUIS MONTOTO,https://www.sepe.es/HomeSepe/en/que-es-el-sepe/que-es-el-sepe/Red-de-oficinas/DetalleOficina.html?idOficina=08463264-7c3b-4c0a-bf2e-47f14dc9385e,41007,"C/ BENITO MAS Y PRAT, 5-7","C/ BENITO MAS Y PRAT, 5-7, 41007",37.3862643,-5.9710066,"Calle Benito Mas y Prat, 41018 Sevilla, España",,Calle Benito Mas y Prat,Calle Benito Mas y Prat,41018,Nervión,La Buhaira,Sevilla,Sevilla,SE,Andalucía,AN,España,es,0.5,0.3,0.3,© OpenStreetMap contributors,Open Database License,https://www.openstreetmap.org/copyright
1670947905-1544,https://www.sepe.es/HomeSepe/en/que-es-el-sepe/que-es-el-sepe/Red-de-oficinas.html,Sevilla,https://www.sepe.es/HomeSepe/en/que-es-el-sepe/que-es-el-sepe/Red-de-oficinas/ResultadosBusqueda.html?id=ce74b5f8-7045-4ee0-90e2-bdfa4d5d09df&provinciaNombre=Sevilla,SEVILLA-HUERTA DE LA SALUD,https://www.sepe.es/HomeSepe/en/que-es-el-sepe/que-es-el-sepe/Red-de-oficinas/DetalleOficina.html?idOficina=6c6e9b9c-e954-405c-bbbf-02650452f743,41013,"C/ DOCTOR JOSÉ MARÍA BEDOYA, S/N","C/ DOCTOR JOSÉ MARÍA BEDOYA, S/N, 41013",37.3774808,-5.9820991,"Calle Doctor José María Bedoya, 41018 Sevilla, España",,Calle Doctor José María Bedoya,Calle Doctor José María Bedoya,41018,Distrito Sur,Huerta de la Salud,Sevilla,Sevilla,SE,Andalucía,AN,España,es,0.5,0.3,0.3,© OpenStreetMap contributors,Open Database License,https://www.openstreetmap.org/copyright
1670947908-1545,https://www.sepe.es/HomeSepe/en/que-es-el-sepe/que-es-el-sepe/Red-de-oficinas.html,Sevilla,https://www.sepe.es/HomeSepe/en/que-es-el-sepe/que-es-el-sepe/Red-de-oficinas/ResultadosBusqueda.html?id=ce74b5f8-7045-4ee0-90e2-bdfa4d5d09df&provinciaNombre=Sevilla,SEVILLA-ESTE,https://www.sepe.es/HomeSepe/en/que-es-el-sepe/que-es-el-sepe/Red-de-oficinas/DetalleOficina.html?idOficina=c6f46092-4ccf-4d98-a06f-63abf678cf87,41020,"C/ AUGUSTO PEIRÉ, EDIF. OLALLA","C/ AUGUSTO PEIRÉ, EDIF. OLALLA, 41020",37.394935,-5.922470231,"Distrito Este-Alcosa-Torreblanca, 41020 Sevilla, España",,Distrito Este-Alcosa-Torreblanca,,41020,Distrito Este-Alcosa-Torreblanca,,Sevilla,Sevilla,SE,Andalucía,AN,España,es,0.25,,1,© OpenStreetMap contributors,Open Database License,https://www.openstreetmap.org/copyright
1670947911-1546,https://www.sepe.es/HomeSepe/en/que-es-el-sepe/que-es-el-sepe/Red-de-oficinas.html,Sevilla,https://www.sepe.es/HomeSepe/en/que-es-el-sepe/que-es-el-sepe/Red-de-oficinas/ResultadosBusqueda.html?id=ce74b5f8-7045-4ee0-90e2-bdfa4d5d09df&provinciaNombre=Sevilla,SEVILLA-CRUZ ROJA,https://www.sepe.es/HomeSepe/en/que-es-el-sepe/que-es-el-sepe/Red-de-oficinas/DetalleOficina.html?idOficina=df02fbb2-c42f-40d4-85b3-c2bc3935c44c,41008,"C/ JOSÉ MARÍA DE MENA, 2","C/ JOSÉ MARÍA DE MENA, 2, 41008",37.3991764,-5.9745523,"Calle José María de Mena, 41008 Sevilla, España",,Calle José María de Mena,Calle José María de Mena,41008,Distrito San Pablo-Santa Justa,La Rosaleda,Sevilla,Sevilla,SE,Andalucía,AN,España,es,0.5,1,1,© OpenStreetMap contributors,Open Database License,https://www.openstreetmap.org/copyright
1670947913-1547,https://www.sepe.es/HomeSepe/en/que-es-el-sepe/que-es-el-sepe/Red-de-oficinas.html,Sevilla,https://www.sepe.es/HomeSepe/en/que-es-el-sepe/que-es-el-sepe/Red-de-oficinas/ResultadosBusqueda.html?id=ce74b5f8-7045-4ee0-90e2-bdfa4d5d09df&provinciaNombre=Sevilla,SEVILLA-CENTRO,https://www.sepe.es/HomeSepe/en/que-es-el-sepe/que-es-el-sepe/Red-de-oficinas/DetalleOficina.html?idOficina=1c451aa5-3fdb-42d2-8bc4-1a2c81dda5e0,41001,"C/ ALFONSO XII, 50","C/ ALFONSO XII, 50, 41001",37.39332485,-6.000120238,"Calle Alfonso XII, 50, 41001 Sevilla, España",50,,Calle Alfonso XII,41001,Casco Antiguo,Museo,Sevilla,Sevilla,SE,Andalucía,AN,España,es,1,1,1,© OpenStreetMap contributors,Open Database License,https://www.openstreetmap.org/copyright
1670947916-1548,https://www.sepe.es/HomeSepe/en/que-es-el-sepe/que-es-el-sepe/Red-de-oficinas.html,Sevilla,https://www.sepe.es/HomeSepe/en/que-es-el-sepe/que-es-el-sepe/Red-de-oficinas/ResultadosBusqueda.html?id=ce74b5f8-7045-4ee0-90e2-bdfa4d5d09df&provinciaNombre=Sevilla,SEVILLA-AMATE,https://www.sepe.es/HomeSepe/en/que-es-el-sepe/que-es-el-sepe/Red-de-oficinas/DetalleOficina.html?idOficina=b94dd565-72d0-4959-afca-ff7db5437f5f,41006,"AVDA. SAN JUAN DE LA CRUZ, 42","AVDA. SAN JUAN DE LA CRUZ, 42, 41006",37.37700745,-5.943977861,"Distrito Cerro-Amate, 41006 Sevilla, España",,Distrito Cerro-Amate,,41006,Distrito Cerro-Amate,,Sevilla,Sevilla,SE,Andalucía,AN,España,es,0.25,,1,© OpenStreetMap contributors,Open Database License,https://www.openstreetmap.org/copyright
1670947918-1549,https://www.sepe.es/HomeSepe/en/que-es-el-sepe/que-es-el-sepe/Red-de-oficinas.html,Sevilla,https://www.sepe.es/HomeSepe/en/que-es-el-sepe/que-es-el-sepe/Red-de-oficinas/ResultadosBusqueda.html?id=ce74b5f8-7045-4ee0-90e2-bdfa4d5d09df&provinciaNombre=Sevilla,SANLUCAR LA MAYOR,https://www.sepe.es/HomeSepe/en/que-es-el-sepe/que-es-el-sepe/Red-de-oficinas/DetalleOficina.html?idOficina=4ccaf7f4-b82d-494c-af0f-ad5c46ff67bd,41800,"PLAZA DE LA CONSTITUCIÓN, 20","PLAZA DE LA CONSTITUCIÓN, 20, 41800",37.38711985,-6.207561737,"41800 Sanlúcar la Mayor, España",,Sanlúcar la Mayor,,41800,,,Sanlúcar la Mayor,Sevilla,SE,Andalucía,AN,España,es,0,,1,© OpenStreetMap contributors,Open Database License,https://www.openstreetmap.org/copyright
1670947921-1550,https://www.sepe.es/HomeSepe/en/que-es-el-sepe/que-es-el-sepe/Red-de-oficinas.html,Sevilla,https://www.sepe.es/HomeSepe/en/que-es-el-sepe/que-es-el-sepe/Red-de-oficinas/ResultadosBusqueda.html?id=ce74b5f8-7045-4ee0-90e2-bdfa4d5d09df&provinciaNombre=Sevilla,SAN JUAN DE AZNALFARACHE,https://www.sepe.es/HomeSepe/en/que-es-el-sepe/que-es-el-sepe/Red-de-oficinas/DetalleOficina.html?idOficina=7f737ecb-5b7a-48b4-8637-517e496ad04f,41920,"AVDA. 28 DE FEBRERO, 70","AVDA. 28 DE FEBRERO, 70, 41920",37.371678,-6.002658,"Avenida Flota de Indias, 28, 41011 Sevilla, España",28,,Avenida Flota de Indias,41011,Feria de Abrill,Sevilla,Sevilla,Sevilla,SE,Andalucía,AN,España,es,0.045454545,0.027272727,0.3,© OpenStreetMap contributors,Open Database License,https://www.openstreetmap.org/copyright
1670947924-1551,https://www.sepe.es/HomeSepe/en/que-es-el-sepe/que-es-el-sepe/Red-de-oficinas.html,Sevilla,https://www.sepe.es/HomeSepe/en/que-es-el-sepe/que-es-el-sepe/Red-de-oficinas/ResultadosBusqueda.html?id=ce74b5f8-7045-4ee0-90e2-bdfa4d5d09df&provinciaNombre=Sevilla,SAN JOSE DE LA RINCONADA,https://www.sepe.es/HomeSepe/en/que-es-el-sepe/que-es-el-sepe/Red-de-oficinas/DetalleOficina.html?idOficina=de932a0e-dc47-4585-a05e-15b4cc1062e4,41300,"C/ VIRGEN DEL PILAR, S/N","C/ VIRGEN DEL PILAR, S/N, 41300",37.77820306,-5.662636553,"41300 Constantina, España",,Constantina,,41300,,,Constantina,Sevilla,SE,Andalucía,AN,España,es,0,,1,© OpenStreetMap contributors,Open Database License,https://www.openstreetmap.org/copyright
1670947926-1552,https://www.sepe.es/HomeSepe/en/que-es-el-sepe/que-es-el-sepe/Red-de-oficinas.html,Sevilla,https://www.sepe.es/HomeSepe/en/que-es-el-sepe/que-es-el-sepe/Red-de-oficinas/ResultadosBusqueda.html?id=ce74b5f8-7045-4ee0-90e2-bdfa4d5d09df&provinciaNombre=Sevilla,PILAS,https://www.sepe.es/HomeSepe/en/que-es-el-sepe/que-es-el-sepe/Red-de-oficinas/DetalleOficina.html?idOficina=cdce0f53-6dc9-4e44-8e9f-3eaa46fecadc,41840,"C/ SANTILLÁN, S/N","C/ SANTILLÁN, S/N, 41840",37.3059461,-6.3093464,"Calle Santillán, 41840 Pilas, España",,Calle Santillán,Calle Santillán,41840,,,Pilas,Sevilla,SE,Andalucía,AN,España,es,0.765,0.9,1,© OpenStreetMap contributors,Open Database License,https://www.openstreetmap.org/copyright
1670947929-1553,https://www.sepe.es/HomeSepe/en/que-es-el-sepe/que-es-el-sepe/Red-de-oficinas.html,Sevilla,https://www.sepe.es/HomeSepe/en/que-es-el-sepe/que-es-el-sepe/Red-de-oficinas/ResultadosBusqueda.html?id=ce74b5f8-7045-4ee0-90e2-bdfa4d5d09df&provinciaNombre=Sevilla,OSUNA,https://www.sepe.es/HomeSepe/en/que-es-el-sepe/que-es-el-sepe/Red-de-oficinas/DetalleOficina.html?idOficina=cf47b57f-ef82-4c0c-abf8-aff2b2cbddea,41640,"C/ PROFESOR FRANCISCO OLID, 3","C/ PROFESOR FRANCISCO OLID, 3, 41640",37.233785,-5.0985582,"Calle Profesor Francisco Olid, 41640 Osuna, España",,Calle Profesor Francisco Olid,Calle Profesor Francisco Olid,41640,,,Osuna,Sevilla,SE,Andalucía,AN,España,es,0.5,1,1,© OpenStreetMap contributors,Open Database License,https://www.openstreetmap.org/copyright
1670947931-1554,https://www.sepe.es/HomeSepe/en/que-es-el-sepe/que-es-el-sepe/Red-de-oficinas.html,Sevilla,https://www.sepe.es/HomeSepe/en/que-es-el-sepe/que-es-el-sepe/Red-de-oficinas/ResultadosBusqueda.html?id=ce74b5f8-7045-4ee0-90e2-bdfa4d5d09df&provinciaNombre=Sevilla,MORON DE LA FRONTERA,https://www.sepe.es/HomeSepe/en/que-es-el-sepe/que-es-el-sepe/Red-de-oficinas/DetalleOficina.html?idOficina=d7134da8-0baf-4882-9bb1-297b7a4352b0,41530,"C/ MARTINETE, 4","C/ MARTINETE, 4, 41530",37.14382811,-5.53882223,"41530 Morón de la Frontera, España",,Morón de la Frontera,,41530,,,Morón de la Frontera,Sevilla,SE,Andalucía,AN,España,es,0,,1,© OpenStreetMap contributors,Open Database License,https://www.openstreetmap.org/copyright
1670947934-1555,https://www.sepe.es/HomeSepe/en/que-es-el-sepe/que-es-el-sepe/Red-de-oficinas.html,Sevilla,https://www.sepe.es/HomeSepe/en/que-es-el-sepe/que-es-el-sepe/Red-de-oficinas/ResultadosBusqueda.html?id=ce74b5f8-7045-4ee0-90e2-bdfa4d5d09df&provinciaNombre=Sevilla,MARCHENA,https://www.sepe.es/HomeSepe/en/que-es-el-sepe/que-es-el-sepe/Red-de-oficinas/DetalleOficina.html?idOficina=e433fe02-a716-43a2-879a-6c169e409124,41620,"C/ MESONES, 11","C/ MESONES, 11, 41620",37.3309507,-5.4187966,"Calle Mesones, 41620 Marchena, España",,Calle Mesones,Calle Mesones,41620,,,Marchena,Sevilla,SE,Andalucía,AN,España,es,0.5,1,1,© OpenStreetMap contributors,Open Database License,https://www.openstreetmap.org/copyright
1670947937-1556,https://www.sepe.es/HomeSepe/en/que-es-el-sepe/que-es-el-sepe/Red-de-oficinas.html,Sevilla,https://www.sepe.es/HomeSepe/en/que-es-el-sepe/que-es-el-sepe/Red-de-oficinas/ResultadosBusqueda.html?id=ce74b5f8-7045-4ee0-90e2-bdfa4d5d09df&provinciaNombre=Sevilla,MAIRENA DEL ALCOR,https://www.sepe.es/HomeSepe/en/que-es-el-sepe/que-es-el-sepe/Red-de-oficinas/DetalleOficina.html?idOficina=10ecf4ff-97f4-48de-b1e7-3e6b65ed599b,41510,"AVDA. DE LA TROCHA, 5","AVDA. DE LA TROCHA, 5, 41510",37.37592,-5.73705,"Avenida de la Trocha, 7, 41510 Mairena del Alcor, España",7,,Avenida de la Trocha,41510,,Mairena Del Alcor,Mairena del Alcor,Sevilla,SE,Andalucía,AN,España,es,0.7,1,1,© OpenStreetMap contributors,Open Database License,https://www.openstreetmap.org/copyright
1670947939-1557,https://www.sepe.es/HomeSepe/en/que-es-el-sepe/que-es-el-sepe/Red-de-oficinas.html,Sevilla,https://www.sepe.es/HomeSepe/en/que-es-el-sepe/que-es-el-sepe/Red-de-oficinas/ResultadosBusqueda.html?id=ce74b5f8-7045-4ee0-90e2-bdfa4d5d09df&provinciaNombre=Sevilla,LOS PALACIOS,https://www.sepe.es/HomeSepe/en/que-es-el-sepe/que-es-el-sepe/Red-de-oficinas/DetalleOficina.html?idOficina=1b507031-1d91-40a1-bbeb-891b6e93ae10,41720,"AVDA. PABLO IGLESIAS, 30","AVDA. PABLO IGLESIAS, 30, 41720",37.15986459,-5.925697431,"41720 Los Palacios y Villafranca, España",,Los Palacios y Villafranca,,41720,,,Los Palacios y Villafranca,Sevilla,SE,Andalucía,AN,España,es,0,,1,© OpenStreetMap contributors,Open Database License,https://www.openstreetmap.org/copyright
1670947942-1558,https://www.sepe.es/HomeSepe/en/que-es-el-sepe/que-es-el-sepe/Red-de-oficinas.html,Sevilla,https://www.sepe.es/HomeSepe/en/que-es-el-sepe/que-es-el-sepe/Red-de-oficinas/ResultadosBusqueda.html?id=ce74b5f8-7045-4ee0-90e2-bdfa4d5d09df&provinciaNombre=Sevilla,LORA DEL RIO,https://www.sepe.es/HomeSepe/en/que-es-el-sepe/que-es-el-sepe/Red-de-oficinas/DetalleOficina.html?idOficina=b500e55f-9b8d-41d9-8aab-01d4e7151286,41440,"C/ MARCOS ORBANEJA, 40","C/ MARCOS ORBANEJA, 40, 41440",37.6591746,-5.5268098,"Calle Marcos Orbaneja, 41440 Lora del Río, España",,Calle Marcos Orbaneja,Calle Marcos Orbaneja,41440,,,Lora del Río,Sevilla,SE,Andalucía,AN,España,es,0.5,1,1,© OpenStreetMap contributors,Open Database License,https://www.openstreetmap.org/copyright
1670947944-1559,https://www.sepe.es/HomeSepe/en/que-es-el-sepe/que-es-el-sepe/Red-de-oficinas.html,Sevilla,https://www.sepe.es/HomeSepe/en/que-es-el-sepe/que-es-el-sepe/Red-de-oficinas/ResultadosBusqueda.html?id=ce74b5f8-7045-4ee0-90e2-bdfa4d5d09df&provinciaNombre=Sevilla,LEBRIJA,https://www.sepe.es/HomeSepe/en/que-es-el-sepe/que-es-el-sepe/Red-de-oficinas/DetalleOficina.html?idOficina=1d6cfffc-570e-4810-b0bc-04856660ca87,41740,"PLAZA HUERTA DE LOS FRAILES, 7","PLAZA HUERTA DE LOS FRAILES, 7, 41740",36.9220829,-6.079092529,"Plaza Huerta de los Frailes, 41740 Lebrija, España",,Plaza Huerta de los Frailes,,41740,,,Lebrija,Sevilla,SE,Andalucía,AN,España,es,0,,,© OpenStreetMap contributors,Open Database License,https://www.openstreetmap.org/copyright
1670947947-1560,https://www.sepe.es/HomeSepe/en/que-es-el-sepe/que-es-el-sepe/Red-de-oficinas.html,Sevilla,https://www.sepe.es/HomeSepe/en/que-es-el-sepe/que-es-el-sepe/Red-de-oficinas/ResultadosBusqueda.html?id=ce74b5f8-7045-4ee0-90e2-bdfa4d5d09df&provinciaNombre=Sevilla,LAS CABEZAS DE SAN JUAN,https://www.sepe.es/HomeSepe/en/que-es-el-sepe/que-es-el-sepe/Red-de-oficinas/DetalleOficina.html?idOficina=82a1c447-0e0b-470e-be15-72c8da52593f,41730,"C/ ANTONIO MACHADO, 8","C/ ANTONIO MACHADO, 8, 41730",36.9831016,-5.9398746,"Calle Antonio Machado, 41730 Las Cabezas de San Juan, España",,Calle Antonio Machado,Calle Antonio Machado,41730,,,Las Cabezas de San Juan,Sevilla,SE,Andalucía,AN,España,es,0.5,1,1,© OpenStreetMap contributors,Open Database License,https://www.openstreetmap.org/copyright
1670947950-1561,https://www.sepe.es/HomeSepe/en/que-es-el-sepe/que-es-el-sepe/Red-de-oficinas.html,Sevilla,https://www.sepe.es/HomeSepe/en/que-es-el-sepe/que-es-el-sepe/Red-de-oficinas/ResultadosBusqueda.html?id=ce74b5f8-7045-4ee0-90e2-bdfa4d5d09df&provinciaNombre=Sevilla,LA PUEBLA DEL RIO,https://www.sepe.es/HomeSepe/en/que-es-el-sepe/que-es-el-sepe/Red-de-oficinas/DetalleOficina.html?idOficina=6c6d4dca-9fcf-4e60-ab8e-a2ad60bbad80,41130,"C/ ANTONIO MONTERO, 10-12","C/ ANTONIO MONTERO, 10-12, 41130",37.2663134,-6.064099376,"41130 La Puebla del Río, España",,La Puebla del Río,,41130,,,La Puebla del Río,Sevilla,SE,Andalucía,AN,España,es,0,,1,© OpenStreetMap contributors,Open Database License,https://www.openstreetmap.org/copyright
1670947952-1562,https://www.sepe.es/HomeSepe/en/que-es-el-sepe/que-es-el-sepe/Red-de-oficinas.html,Sevilla,https://www.sepe.es/HomeSepe/en/que-es-el-sepe/que-es-el-sepe/Red-de-oficinas/ResultadosBusqueda.html?id=ce74b5f8-7045-4ee0-90e2-bdfa4d5d09df&provinciaNombre=Sevilla,LA PUEBLA DE CAZALLA,https://www.sepe.es/HomeSepe/en/que-es-el-sepe/que-es-el-sepe/Red-de-oficinas/DetalleOficina.html?idOficina=20556503-bfe6-46fc-8c94-ca3191a81e23,41540,"C/ RAFAEL ALBERTI, 33","C/ RAFAEL ALBERTI, 33, 41540",37.2248875,-5.3182651,"Calle Rafael Alberti, 41540 La Puebla de Cazalla, España",,Calle Rafael Alberti,Calle Rafael Alberti,41540,,,La Puebla de Cazalla,Sevilla,SE,Andalucía,AN,España,es,0.5,1,1,© OpenStreetMap contributors,Open Database License,https://www.openstreetmap.org/copyright
1670947955-1563,https://www.sepe.es/HomeSepe/en/que-es-el-sepe/que-es-el-sepe/Red-de-oficinas.html,Sevilla,https://www.sepe.es/HomeSepe/en/que-es-el-sepe/que-es-el-sepe/Red-de-oficinas/ResultadosBusqueda.html?id=ce74b5f8-7045-4ee0-90e2-bdfa4d5d09df&provinciaNombre=Sevilla,ESTEPA,https://www.sepe.es/HomeSepe/en/que-es-el-sepe/que-es-el-sepe/Red-de-oficinas/DetalleOficina.html?idOficina=cd276c5a-4447-4848-a66f-964b58b394a0,41560,"C/ BADIA POLISINE, S/N","C/ BADIA POLISINE, S/N, 41560",37.29882,-4.883254,"Avenida Badía Polesine, 41560 Estepa, España",,,Avenida Badía Polesine,41560,,Estepa,Estepa,Sevilla,SE,Andalucía,AN,España,es,0.42525,,,© OpenStreetMap contributors,Open Database License,https://www.openstreetmap.org/copyright
1670947958-1564,https://www.sepe.es/HomeSepe/en/que-es-el-sepe/que-es-el-sepe/Red-de-oficinas.html,Sevilla,https://www.sepe.es/HomeSepe/en/que-es-el-sepe/que-es-el-sepe/Red-de-oficinas/ResultadosBusqueda.html?id=ce74b5f8-7045-4ee0-90e2-bdfa4d5d09df&provinciaNombre=Sevilla,EL SAUCEJO,https://www.sepe.es/HomeSepe/en/que-es-el-sepe/que-es-el-sepe/Red-de-oficinas/DetalleOficina.html?idOficina=e0c6c737-d66d-47d0-a7f6-851636dd682b,41650,"C/ HORNO, 1","C/ HORNO, 1, 41650",42.785419,-1.369872,"Travesía Horno, 1, 31430 Aoiz, España",1,,Travesía Horno,31430,,Aoiz/Agoitz,Aoiz,Navarra,NA,Comunidad Foral De Navarra,,España,es,0,,,© OpenAddresses contributors,BSD-3-Clause License,
1670947960-1565,https://www.sepe.es/HomeSepe/en/que-es-el-sepe/que-es-el-sepe/Red-de-oficinas.html,Sevilla,https://www.sepe.es/HomeSepe/en/que-es-el-sepe/que-es-el-sepe/Red-de-oficinas/ResultadosBusqueda.html?id=ce74b5f8-7045-4ee0-90e2-bdfa4d5d09df&provinciaNombre=Sevilla,ECIJA,https://www.sepe.es/HomeSepe/en/que-es-el-sepe/que-es-el-sepe/Red-de-oficinas/DetalleOficina.html?idOficina=08d06e08-d554-4e23-98f3-725ce13147fb,41400,"C/ PORTUGAL, 2","C/ PORTUGAL, 2, 41400",37.5365854,-5.0752739,"Calle Portugal, 41400 Écija, España",,Calle Portugal,Calle Portugal,41400,,,Écija,Sevilla,SE,Andalucía,AN,España,es,0.5,1,1,© OpenStreetMap contributors,Open Database License,https://www.openstreetmap.org/copyright
1670947963-1566,https://www.sepe.es/HomeSepe/en/que-es-el-sepe/que-es-el-sepe/Red-de-oficinas.html,Sevilla,https://www.sepe.es/HomeSepe/en/que-es-el-sepe/que-es-el-sepe/Red-de-oficinas/ResultadosBusqueda.html?id=ce74b5f8-7045-4ee0-90e2-bdfa4d5d09df&provinciaNombre=Sevilla,DOS HERMANAS,https://www.sepe.es/HomeSepe/en/que-es-el-sepe/que-es-el-sepe/Red-de-oficinas/DetalleOficina.html?idOficina=397fd9bb-f8d4-48fd-9bb5-32397eebda05,41701,"C/ ORIPPO, 8","C/ ORIPPO, 8, 41701",37.2785156,-5.9311726,"Servicio Andaluz de Empleo (SAE), Calle Orippo, 8, 41701 Dos Hermanas, España",8,Servicio Andaluz de Empleo (SAE),Calle Orippo,41701,,El Palmarillo,Dos Hermanas,Sevilla,SE,Andalucía,AN,España,es,1,1,1,© OpenStreetMap contributors,Open Database License,https://www.openstreetmap.org/copyright
1670947965-1567,https://www.sepe.es/HomeSepe/en/que-es-el-sepe/que-es-el-sepe/Red-de-oficinas.html,Sevilla,https://www.sepe.es/HomeSepe/en/que-es-el-sepe/que-es-el-sepe/Red-de-oficinas/ResultadosBusqueda.html?id=ce74b5f8-7045-4ee0-90e2-bdfa4d5d09df&provinciaNombre=Sevilla,CONSTANTINA,https://www.sepe.es/HomeSepe/en/que-es-el-sepe/que-es-el-sepe/Red-de-oficinas/DetalleOficina.html?idOficina=08a054ca-245b-4eb2-9ba2-2ad86015fa21,41450,"C/ JUAN RAMÍREZ FILOSÍA, 36","C/ JUAN RAMÍREZ FILOSÍA, 36, 41450",37.8688253,-5.6201905,"Calle Juan Ramírez Filosía, 41450 Constantina, España",,Calle Juan Ramírez Filosía,Calle Juan Ramírez Filosía,41450,,,Constantina,Sevilla,SE,Andalucía,AN,España,es,0.5,1,1,© OpenStreetMap contributors,Open Database License,https://www.openstreetmap.org/copyright
1670947968-1568,https://www.sepe.es/HomeSepe/en/que-es-el-sepe/que-es-el-sepe/Red-de-oficinas.html,Sevilla,https://www.sepe.es/HomeSepe/en/que-es-el-sepe/que-es-el-sepe/Red-de-oficinas/ResultadosBusqueda.html?id=ce74b5f8-7045-4ee0-90e2-bdfa4d5d09df&provinciaNombre=Sevilla,CARMONA,https://www.sepe.es/HomeSepe/en/que-es-el-sepe/que-es-el-sepe/Red-de-oficinas/DetalleOficina.html?idOficina=6d385452-a29b-4710-85d1-dc993f8f701a,41410,"C/ CARMEN LLORCA, S/N EDIF. MULTIFUNCIONAL HYTASA","C/ CARMEN LLORCA, S/N EDIF. MULTIFUNCIONAL HYTASA, 41410",37.475693,-5.646015,"Calle Carmen Llorca, 41410 Carmona, España",,,Calle Carmen Llorca,41410,,Carmona,Carmona,Sevilla,SE,Andalucía,AN,España,es,0,,,© OpenStreetMap contributors,Open Database License,https://www.openstreetmap.org/copyright
1670947971-1569,https://www.sepe.es/HomeSepe/en/que-es-el-sepe/que-es-el-sepe/Red-de-oficinas.html,Sevilla,https://www.sepe.es/HomeSepe/en/que-es-el-sepe/que-es-el-sepe/Red-de-oficinas/ResultadosBusqueda.html?id=ce74b5f8-7045-4ee0-90e2-bdfa4d5d09df&provinciaNombre=Sevilla,CANTILLANA,https://www.sepe.es/HomeSepe/en/que-es-el-sepe/que-es-el-sepe/Red-de-oficinas/DetalleOficina.html?idOficina=63d1c080-e6fc-4d4a-ac1f-a7eeca48c84b,41320,"C/ ALFONSO FRAILE, S/N","C/ ALFONSO FRAILE, S/N, 41320",27.759336,-15.574142,"C. C. Prisma, San Bartolomé De Tirajana, España",,,C. C. Prisma,,,,San Bartolomé De Tirajana,Las Palmas,GC,Canarias,CN,España,es,0,,,© OpenStreetMap contributors,Open Database License,https://www.openstreetmap.org/copyright
1670947974-1570,https://www.sepe.es/HomeSepe/en/que-es-el-sepe/que-es-el-sepe/Red-de-oficinas.html,Sevilla,https://www.sepe.es/HomeSepe/en/que-es-el-sepe/que-es-el-sepe/Red-de-oficinas/ResultadosBusqueda.html?id=ce74b5f8-7045-4ee0-90e2-bdfa4d5d09df&provinciaNombre=Sevilla,CAMAS,https://www.sepe.es/HomeSepe/en/que-es-el-sepe/que-es-el-sepe/Red-de-oficinas/DetalleOficina.html?idOficina=b54f3ea6-6339-4d9e-a9c9-d7cfb817c070,41900,"AVDA. DE LAS ERILLAS, 30","AVDA. DE LAS ERILLAS, 30, 41900",37.38658005,-6.02960968,"Servicio de Empleo Público Estatal, Avenida de las Erillas, 30, 41900 Camas, España",30,Servicio de Empleo Público Estatal,Avenida de las Erillas,41900,,La Pañoleta,Camas,Sevilla,SE,Andalucía,AN,España,es,1,1,1,© OpenStreetMap contributors,Open Database License,https://www.openstreetmap.org/copyright
1670947976-1571,https://www.sepe.es/HomeSepe/en/que-es-el-sepe/que-es-el-sepe/Red-de-oficinas.html,Sevilla,https://www.sepe.es/HomeSepe/en/que-es-el-sepe/que-es-el-sepe/Red-de-oficinas/ResultadosBusqueda.html?id=ce74b5f8-7045-4ee0-90e2-bdfa4d5d09df&provinciaNombre=Sevilla,BOLLULLOS DE LA MITACIÓN,https://www.sepe.es/HomeSepe/en/que-es-el-sepe/que-es-el-sepe/Red-de-oficinas/DetalleOficina.html?idOficina=8dc4be9c-0a91-4478-8845-fa622df4efdf,41110,"AVDA. DE JUAN PABLO II, S/N","AVDA. DE JUAN PABLO II, S/N, 41110",37.3334678,-6.1397412,"Avenida de Juan Pablo II, 41110 Bollullos de la Mitación, España",,Avenida de Juan Pablo II,Avenida de Juan Pablo II,41110,,,Bollullos de la Mitación,Sevilla,SE,Andalucía,AN,España,es,0.81,0.9,1,© OpenStreetMap contributors,Open Database License,https://www.openstreetmap.org/copyright
1670947979-1572,https://www.sepe.es/HomeSepe/en/que-es-el-sepe/que-es-el-sepe/Red-de-oficinas.html,Sevilla,https://www.sepe.es/HomeSepe/en/que-es-el-sepe/que-es-el-sepe/Red-de-oficinas/ResultadosBusqueda.html?id=ce74b5f8-7045-4ee0-90e2-bdfa4d5d09df&provinciaNombre=Sevilla,ARAHAL,https://www.sepe.es/HomeSepe/en/que-es-el-sepe/que-es-el-sepe/Red-de-oficinas/DetalleOficina.html?idOficina=fc3448d6-4055-4843-956d-632d94b18e3a,41600,"AVDA. DE LAS FLORES, 36","AVDA. DE LAS FLORES, 36, 41600",37.2648275,-5.5408037,"Avenida de las flores, 41600 Arahal, España",,Avenida de las flores,Avenida de las flores,41600,,Barriada La Paz,Arahal,Sevilla,SE,Andalucía,AN,España,es,0.5,1,1,© OpenStreetMap contributors,Open Database License,https://www.openstreetmap.org/copyright
1670947981-1573,https://www.sepe.es/HomeSepe/en/que-es-el-sepe/que-es-el-sepe/Red-de-oficinas.html,Sevilla,https://www.sepe.es/HomeSepe/en/que-es-el-sepe/que-es-el-sepe/Red-de-oficinas/ResultadosBusqueda.html?id=ce74b5f8-7045-4ee0-90e2-bdfa4d5d09df&provinciaNombre=Sevilla,ALCALA DE GUADAIRA,https://www.sepe.es/HomeSepe/en/que-es-el-sepe/que-es-el-sepe/Red-de-oficinas/DetalleOficina.html?idOficina=36df0d6b-dd24-4373-9213-e6a43474dc25,41500,"PLAZA DEL HUERTO, 6-12","PLAZA DEL HUERTO, 6-12, 41500",37.3408017,-5.8449345,"Plaza Del Huerto, 41500 Alcalá de Guadaíra, España",,Plaza Del Huerto,Plaza Del Huerto,41500,,,Alcalá de Guadaíra,Sevilla,SE,Andalucía,AN,España,es,0.5,1,1,© OpenStreetMap contributors,Open Database License,https://www.openstreetmap.org/copyright
1670947987-1574,https://www.sepe.es/HomeSepe/en/que-es-el-sepe/que-es-el-sepe/Red-de-oficinas.html,Segovia,https://www.sepe.es/HomeSepe/en/que-es-el-sepe/que-es-el-sepe/Red-de-oficinas/ResultadosBusqueda.html?id=9d50fd20-3ad1-4f21-980e-0c1cdb643b6c&provinciaNombre=Segovia,SEGOVIA,https://www.sepe.es/HomeSepe/en/que-es-el-sepe/que-es-el-sepe/Red-de-oficinas/DetalleOficina.html?idOficina=58a12e38-1075-4e94-a9de-d013b305ead0,40003,"AVDA. VIA ROMA, 41-43","AVDA. VIA ROMA, 41-43, 40003",40.9520295,-4.1103034,"Avenida Vía Roma, 40003 Segovia, España",,Avenida Vía Roma,Avenida Vía Roma,40003,,,Segovia,Segovia,SG,Castilla y León,CL,España,es,0.5,1,1,© OpenStreetMap contributors,Open Database License,https://www.openstreetmap.org/copyright
1670947989-1575,https://www.sepe.es/HomeSepe/en/que-es-el-sepe/que-es-el-sepe/Red-de-oficinas.html,Segovia,https://www.sepe.es/HomeSepe/en/que-es-el-sepe/que-es-el-sepe/Red-de-oficinas/ResultadosBusqueda.html?id=9d50fd20-3ad1-4f21-980e-0c1cdb643b6c&provinciaNombre=Segovia,CUELLAR,https://www.sepe.es/HomeSepe/en/que-es-el-sepe/que-es-el-sepe/Red-de-oficinas/DetalleOficina.html?idOficina=fb4fa9da-2547-49c2-8587-3b0091c9ec7d,40200,"C/ MAGDALENA, 2","C/ MAGDALENA, 2, 40200",41.39881368,-4.311127482,"40200 Cuéllar, España",,Cuéllar,,40200,,,Cuéllar,Segovia,SG,Castilla y León,CL,España,es,0,,1,© OpenStreetMap contributors,Open Database License,https://www.openstreetmap.org/copyright
1670947994-1576,https://www.sepe.es/HomeSepe/en/que-es-el-sepe/que-es-el-sepe/Red-de-oficinas.html,Santa Cruz de Tenerife,https://www.sepe.es/HomeSepe/en/que-es-el-sepe/que-es-el-sepe/Red-de-oficinas/ResultadosBusqueda.html?id=da333daf-8205-4866-82cb-5721b1b4722b&provinciaNombre=Santa%20Cruz%20de%20Tenerife,VALVERDE DE EL HIERRO,https://www.sepe.es/HomeSepe/en/que-es-el-sepe/que-es-el-sepe/Red-de-oficinas/DetalleOficina.html?idOficina=585569a6-9bdf-4e5d-8558-08ac83271715,38900,"C/ SAN JUAN, 2","C/ SAN JUAN, 2, 38900",27.823993,-17.8961691,"Calle San Juan, 2, 38900 Valverde, España",2,,Calle San Juan,38900,,,Valverde,Santa Cruz de Tenerife,TF,,,España,es,1,1,1,© OpenStreetMap contributors,Open Database License,https://www.openstreetmap.org/copyright
1670947997-1577,https://www.sepe.es/HomeSepe/en/que-es-el-sepe/que-es-el-sepe/Red-de-oficinas.html,Santa Cruz de Tenerife,https://www.sepe.es/HomeSepe/en/que-es-el-sepe/que-es-el-sepe/Red-de-oficinas/ResultadosBusqueda.html?id=da333daf-8205-4866-82cb-5721b1b4722b&provinciaNombre=Santa%20Cruz%20de%20Tenerife,TEGUESTE,https://www.sepe.es/HomeSepe/en/que-es-el-sepe/que-es-el-sepe/Red-de-oficinas/DetalleOficina.html?idOficina=8dd7d00b-2469-4586-8e73-f8d0f5f2b3ea,38280,"C/ EL CARMEN, 7","C/ EL CARMEN, 7, 38280",28.5229384,-16.3377396,"Calle El Carmen, 38280 Tegueste, España",,Calle El Carmen,Calle El Carmen,38280,Las Toscas,,Tegueste,Santa Cruz de Tenerife,TF,,,España,es,0.5,1,1,© OpenStreetMap contributors,Open Database License,https://www.openstreetmap.org/copyright
1670948000-1578,https://www.sepe.es/HomeSepe/en/que-es-el-sepe/que-es-el-sepe/Red-de-oficinas.html,Santa Cruz de Tenerife,https://www.sepe.es/HomeSepe/en/que-es-el-sepe/que-es-el-sepe/Red-de-oficinas/ResultadosBusqueda.html?id=da333daf-8205-4866-82cb-5721b1b4722b&provinciaNombre=Santa%20Cruz%20de%20Tenerife,TACORONTE,https://www.sepe.es/HomeSepe/en/que-es-el-sepe/que-es-el-sepe/Red-de-oficinas/DetalleOficina.html?idOficina=4629b6d8-2cf7-405d-a632-67befe01cd4b,38350,"PLAZA DEL CRISTO, S/N","PLAZA DEL CRISTO, S/N, 38350",28.4810154,-16.41231556,"Plaza del Cristo, 38350 Tacoronte, España",,Plaza del Cristo,,38350,Santa Catalina,,Tacoronte,Santa Cruz de Tenerife,TF,,,España,es,0.666666667,,0.9,© OpenStreetMap contributors,Open Database License,https://www.openstreetmap.org/copyright
1670948002-1579,https://www.sepe.es/HomeSepe/en/que-es-el-sepe/que-es-el-sepe/Red-de-oficinas.html,Santa Cruz de Tenerife,https://www.sepe.es/HomeSepe/en/que-es-el-sepe/que-es-el-sepe/Red-de-oficinas/ResultadosBusqueda.html?id=da333daf-8205-4866-82cb-5721b1b4722b&provinciaNombre=Santa%20Cruz%20de%20Tenerife,SANTA CRUZ DE TENERIFE-TOME CANO,https://www.sepe.es/HomeSepe/en/que-es-el-sepe/que-es-el-sepe/Red-de-oficinas/DetalleOficina.html?idOficina=f7033be2-6e38-4248-8c34-55febf808f3f,38005,"C/ TOMÉ CANO, 12","C/ TOMÉ CANO, 12, 38005",28.4589579,-16.2620009,"Calle Tomé Cano, 38071 Santa Cruz de Tenerife, España",,Calle Tomé Cano,Calle Tomé Cano,38071,Distrito Salud-La Salle,Salud-La Salle,Santa Cruz de Tenerife,Santa Cruz de Tenerife,TF,,,España,es,0.5,0.3,0.3,© OpenStreetMap contributors,Open Database License,https://www.openstreetmap.org/copyright
1670948005-1580,https://www.sepe.es/HomeSepe/en/que-es-el-sepe/que-es-el-sepe/Red-de-oficinas.html,Santa Cruz de Tenerife,https://www.sepe.es/HomeSepe/en/que-es-el-sepe/que-es-el-sepe/Red-de-oficinas/ResultadosBusqueda.html?id=da333daf-8205-4866-82cb-5721b1b4722b&provinciaNombre=Santa%20Cruz%20de%20Tenerife,SANTA CRUZ DE TENERIFE-ISLAS CANARIAS,https://www.sepe.es/HomeSepe/en/que-es-el-sepe/que-es-el-sepe/Red-de-oficinas/DetalleOficina.html?idOficina=fecfcea2-3b1c-41e1-8aee-8294f3a1c629,38007,"AVDA. ISLAS CANARIAS, 37","AVDA. ISLAS CANARIAS, 37, 38007",28.4643742,-16.2722011,"Avenida Islas Canarias, 38007 Santa Cruz de Tenerife, España",,Avenida Islas Canarias,Avenida Islas Canarias,38007,Distrito Salud-La Salle,Salud-La Salle,Santa Cruz de Tenerife,Santa Cruz de Tenerife,TF,,,España,es,0.5,1,1,© OpenStreetMap contributors,Open Database License,https://www.openstreetmap.org/copyright
1670948008-1581,https://www.sepe.es/HomeSepe/en/que-es-el-sepe/que-es-el-sepe/Red-de-oficinas.html,Santa Cruz de Tenerife,https://www.sepe.es/HomeSepe/en/que-es-el-sepe/que-es-el-sepe/Red-de-oficinas/ResultadosBusqueda.html?id=da333daf-8205-4866-82cb-5721b1b4722b&provinciaNombre=Santa%20Cruz%20de%20Tenerife,SANTA CRUZ DE TENERIFE-BARRANCO GRANDE,https://www.sepe.es/HomeSepe/en/que-es-el-sepe/que-es-el-sepe/Red-de-oficinas/DetalleOficina.html?idOficina=e3ce567b-4838-4c6b-b54d-842e877632b3,38108,"C/ AVETORO, 2","C/ AVETORO, 2, 38108",28.4362812,-16.3078537,"Calle Avetoro, 2, 38107 Santa Cruz de Tenerife, España",2,,Calle Avetoro,38107,Distrito Suroeste,Suroeste,Santa Cruz de Tenerife,Santa Cruz de Tenerife,TF,,,España,es,1,0.3,0.3,© OpenStreetMap contributors,Open Database License,https://www.openstreetmap.org/copyright
1670948010-1582,https://www.sepe.es/HomeSepe/en/que-es-el-sepe/que-es-el-sepe/Red-de-oficinas.html,Santa Cruz de Tenerife,https://www.sepe.es/HomeSepe/en/que-es-el-sepe/que-es-el-sepe/Red-de-oficinas/ResultadosBusqueda.html?id=da333daf-8205-4866-82cb-5721b1b4722b&provinciaNombre=Santa%20Cruz%20de%20Tenerife,SANTA CRUZ DE LA PALMA,https://www.sepe.es/HomeSepe/en/que-es-el-sepe/que-es-el-sepe/Red-de-oficinas/DetalleOficina.html?idOficina=c2cd61c2-8240-413b-bef9-9d9efddabb4d,38700,"C/ DOCTOR SANTOS ABREU, 42","C/ DOCTOR SANTOS ABREU, 42, 38700",28.6857441,-17.7651286,"Calle Doctor Santos Abreu, 38700 Santa Cruz de la Palma, España",,Calle Doctor Santos Abreu,Calle Doctor Santos Abreu,38700,,,Santa Cruz de la Palma,Santa Cruz de Tenerife,TF,,,España,es,0.5,1,1,© OpenStreetMap contributors,Open Database License,https://www.openstreetmap.org/copyright
1670948013-1583,https://www.sepe.es/HomeSepe/en/que-es-el-sepe/que-es-el-sepe/Red-de-oficinas.html,Santa Cruz de Tenerife,https://www.sepe.es/HomeSepe/en/que-es-el-sepe/que-es-el-sepe/Red-de-oficinas/ResultadosBusqueda.html?id=da333daf-8205-4866-82cb-5721b1b4722b&provinciaNombre=Santa%20Cruz%20de%20Tenerife,SAN SEBASTIÁN DE LA GOMERA,https://www.sepe.es/HomeSepe/en/que-es-el-sepe/que-es-el-sepe/Red-de-oficinas/DetalleOficina.html?idOficina=5886db23-8ba5-4a61-8d97-aee3e4335ee9,38800,"AVDA. QUINTO CENTENARIO, S/N. EDIF. SAN BORONDÓN.","AVDA. QUINTO CENTENARIO, S/N. EDIF. SAN BORONDÓN., 38800",28.09328891,-17.11271225,"38800 San Sebastián de la Gomera, España",,San Sebastián de la Gomera,,38800,,,San Sebastián de la Gomera,Santa Cruz de Tenerife,TF,,,España,es,0,,1,© OpenStreetMap contributors,Open Database License,https://www.openstreetmap.org/copyright
1670948015-1584,https://www.sepe.es/HomeSepe/en/que-es-el-sepe/que-es-el-sepe/Red-de-oficinas.html,Santa Cruz de Tenerife,https://www.sepe.es/HomeSepe/en/que-es-el-sepe/que-es-el-sepe/Red-de-oficinas/ResultadosBusqueda.html?id=da333daf-8205-4866-82cb-5721b1b4722b&provinciaNombre=Santa%20Cruz%20de%20Tenerife,SAN CRISTÓBAL DE LA LAGUNA,https://www.sepe.es/HomeSepe/en/que-es-el-sepe/que-es-el-sepe/Red-de-oficinas/DetalleOficina.html?idOficina=7053ddec-9bdd-45db-9747-1db8d4a83bd9,38204,"C/ ALFREDO TORRES EDWARS, S/N","C/ ALFREDO TORRES EDWARS, S/N, 38204",28.4932523,-16.3161567,"38204 San Cristóbal de La Laguna, España",,San Cristóbal de La Laguna,,38204,,,San Cristóbal de La Laguna,Santa Cruz de Tenerife,TF,,,España,es,0.59375,,1,© OpenStreetMap contributors,Open Database License,https://www.openstreetmap.org/copyright
1670948018-1585,https://www.sepe.es/HomeSepe/en/que-es-el-sepe/que-es-el-sepe/Red-de-oficinas.html,Santa Cruz de Tenerife,https://www.sepe.es/HomeSepe/en/que-es-el-sepe/que-es-el-sepe/Red-de-oficinas/ResultadosBusqueda.html?id=da333daf-8205-4866-82cb-5721b1b4722b&provinciaNombre=Santa%20Cruz%20de%20Tenerife,PUERTO DE LA CRUZ,https://www.sepe.es/HomeSepe/en/que-es-el-sepe/que-es-el-sepe/Red-de-oficinas/DetalleOficina.html?idOficina=6bf3a426-5976-41d5-a0ec-0c948d6be486,38400,"C/ EL PEÑON, 1","C/ EL PEÑON, 1, 38400",28.4148881,-16.5525152,"Calle el Peñón, 38400 Puerto de la Cruz, España",,Calle el Peñón,Calle el Peñón,38400,Punta Brava,La Ranilla,Puerto de la Cruz,Santa Cruz de Tenerife,TF,,,España,es,0.5,1,1,© OpenStreetMap contributors,Open Database License,https://www.openstreetmap.org/copyright
1670948021-1586,https://www.sepe.es/HomeSepe/en/que-es-el-sepe/que-es-el-sepe/Red-de-oficinas.html,Santa Cruz de Tenerife,https://www.sepe.es/HomeSepe/en/que-es-el-sepe/que-es-el-sepe/Red-de-oficinas/ResultadosBusqueda.html?id=da333daf-8205-4866-82cb-5721b1b4722b&provinciaNombre=Santa%20Cruz%20de%20Tenerife,LOS LLANOS DE ARIDANE,https://www.sepe.es/HomeSepe/en/que-es-el-sepe/que-es-el-sepe/Red-de-oficinas/DetalleOficina.html?idOficina=bd689ccb-4dd5-44cf-b9ec-df2cb0521582,38760,"C/ EL CONVENTO, 31","C/ EL CONVENTO, 31, 38760",28.6576648,-17.9083743,"Calle Convento, 38768 Los Llanos de Aridane, España",,Calle Convento,Calle Convento,38768,Retamar,,Los Llanos de Aridane,Santa Cruz de Tenerife,TF,,,España,es,0.315,0.189,0.3,© OpenStreetMap contributors,Open Database License,https://www.openstreetmap.org/copyright
1670948023-1587,https://www.sepe.es/HomeSepe/en/que-es-el-sepe/que-es-el-sepe/Red-de-oficinas.html,Santa Cruz de Tenerife,https://www.sepe.es/HomeSepe/en/que-es-el-sepe/que-es-el-sepe/Red-de-oficinas/ResultadosBusqueda.html?id=da333daf-8205-4866-82cb-5721b1b4722b&provinciaNombre=Santa%20Cruz%20de%20Tenerife,LOS CRISTIANOS,https://www.sepe.es/HomeSepe/en/que-es-el-sepe/que-es-el-sepe/Red-de-oficinas/DetalleOficina.html?idOficina=4a9c83eb-c129-4a5f-9f1c-e5b2dd8652fc,38650,"AVDA. AMSTERDAM, 1. EDIF. VALDÉS CENTER, LOCAL 3","AVDA. AMSTERDAM, 1. EDIF. VALDÉS CENTER, LOCAL 3, 38650",28.05452572,-16.72060821,"38650 Arona, España",,Arona,,38650,,,Arona,Santa Cruz de Tenerife,TF,,,España,es,0,,1,© OpenStreetMap contributors,Open Database License,https://www.openstreetmap.org/copyright
1670948026-1588,https://www.sepe.es/HomeSepe/en/que-es-el-sepe/que-es-el-sepe/Red-de-oficinas.html,Santa Cruz de Tenerife,https://www.sepe.es/HomeSepe/en/que-es-el-sepe/que-es-el-sepe/Red-de-oficinas/ResultadosBusqueda.html?id=da333daf-8205-4866-82cb-5721b1b4722b&provinciaNombre=Santa%20Cruz%20de%20Tenerife,LA OROTAVA,https://www.sepe.es/HomeSepe/en/que-es-el-sepe/que-es-el-sepe/Red-de-oficinas/DetalleOficina.html?idOficina=870122d6-694c-49d3-8b5c-26248db0dc73,38300,"AVDA. MAYORAZGO DE FRANCHY, 19","AVDA. MAYORAZGO DE FRANCHY, 19, 38300",28.37857359,-16.5458298,"38300 La Orotava, España",,La Orotava,,38300,,,La Orotava,Santa Cruz de Tenerife,TF,,,España,es,0,,1,© OpenStreetMap contributors,Open Database License,https://www.openstreetmap.org/copyright
1670948029-1589,https://www.sepe.es/HomeSepe/en/que-es-el-sepe/que-es-el-sepe/Red-de-oficinas.html,Santa Cruz de Tenerife,https://www.sepe.es/HomeSepe/en/que-es-el-sepe/que-es-el-sepe/Red-de-oficinas/ResultadosBusqueda.html?id=da333daf-8205-4866-82cb-5721b1b4722b&provinciaNombre=Santa%20Cruz%20de%20Tenerife,ICOD DE LOS VINOS,https://www.sepe.es/HomeSepe/en/que-es-el-sepe/que-es-el-sepe/Red-de-oficinas/DetalleOficina.html?idOficina=c75a186f-beef-4c0f-9573-5d3c14b17f21,38430,"C/ LAUREL, 26-28","C/ LAUREL, 26-28, 38430",28.3735812,-16.7109851,"Calle Laurel, 38434 Icod de los Vinos, España",,Calle Laurel,Calle Laurel,38434,San Felipe,,Icod de los Vinos,Santa Cruz de Tenerife,TF,,,España,es,0.5,0.3,0.3,© OpenStreetMap contributors,Open Database License,https://www.openstreetmap.org/copyright
1670948031-1590,https://www.sepe.es/HomeSepe/en/que-es-el-sepe/que-es-el-sepe/Red-de-oficinas.html,Santa Cruz de Tenerife,https://www.sepe.es/HomeSepe/en/que-es-el-sepe/que-es-el-sepe/Red-de-oficinas/ResultadosBusqueda.html?id=da333daf-8205-4866-82cb-5721b1b4722b&provinciaNombre=Santa%20Cruz%20de%20Tenerife,GÜÍMAR,https://www.sepe.es/HomeSepe/en/que-es-el-sepe/que-es-el-sepe/Red-de-oficinas/DetalleOficina.html?idOficina=76262dad-a437-4340-8e10-3714bc4f6613,38500,"AVDA SANTA CRUZ, 42.","AVDA SANTA CRUZ, 42., 38500",28.318247,-16.408559,"Avenida de Santa Cruz, 39, 38500 Güímar, España",39,,Avenida de Santa Cruz,38500,,Güímar,Güímar,Santa Cruz de Tenerife,TF,Canarias,CN,España,es,0.49,0.7,1,© OpenStreetMap contributors,Open Database License,https://www.openstreetmap.org/copyright
1670948034-1591,https://www.sepe.es/HomeSepe/en/que-es-el-sepe/que-es-el-sepe/Red-de-oficinas.html,Santa Cruz de Tenerife,https://www.sepe.es/HomeSepe/en/que-es-el-sepe/que-es-el-sepe/Red-de-oficinas/ResultadosBusqueda.html?id=da333daf-8205-4866-82cb-5721b1b4722b&provinciaNombre=Santa%20Cruz%20de%20Tenerife,GUÍA DE ISORA,https://www.sepe.es/HomeSepe/en/que-es-el-sepe/que-es-el-sepe/Red-de-oficinas/DetalleOficina.html?idOficina=72e5d345-5c1f-448b-a67b-e9a95c240d78,38680,AVDA. LA CONSTITUCIÓN S/N.,"AVDA. LA CONSTITUCIÓN S/N., 38680",28.21110289,-16.77933493,"38680 Guía de Isora, España",,Guía de Isora,,38680,,,Guía de Isora,Santa Cruz de Tenerife,TF,,,España,es,0,,1,© OpenStreetMap contributors,Open Database License,https://www.openstreetmap.org/copyright
1670948037-1592,https://www.sepe.es/HomeSepe/en/que-es-el-sepe/que-es-el-sepe/Red-de-oficinas.html,Santa Cruz de Tenerife,https://www.sepe.es/HomeSepe/en/que-es-el-sepe/que-es-el-sepe/Red-de-oficinas/ResultadosBusqueda.html?id=da333daf-8205-4866-82cb-5721b1b4722b&provinciaNombre=Santa%20Cruz%20de%20Tenerife,GRANADILLA DE ABONA,https://www.sepe.es/HomeSepe/en/que-es-el-sepe/que-es-el-sepe/Red-de-oficinas/DetalleOficina.html?idOficina=b64fe317-45bd-4b38-871b-489d1359fa6f,38600,"C/ AROZARENA, S/N","C/ AROZARENA, S/N, 38600",28.1199817,-16.5784173,"Calle Arozarena, 38600 Granadilla de Abona, España",,Calle Arozarena,Calle Arozarena,38600,,,Granadilla de Abona,Santa Cruz de Tenerife,TF,,,España,es,0.3036285,,1,© OpenStreetMap contributors,Open Database License,https://www.openstreetmap.org/copyright
1670948042-1593,https://www.sepe.es/HomeSepe/en/que-es-el-sepe/que-es-el-sepe/Red-de-oficinas.html,Salamanca,https://www.sepe.es/HomeSepe/en/que-es-el-sepe/que-es-el-sepe/Red-de-oficinas/ResultadosBusqueda.html?id=321e0098-1b83-4030-91e9-f18c7e29218f&provinciaNombre=Salamanca,VITIGUDINO,https://www.sepe.es/HomeSepe/en/que-es-el-sepe/que-es-el-sepe/Red-de-oficinas/DetalleOficina.html?idOficina=aebdcd6b-0e2f-4c9e-97cd-5ee1ebac9386,37210,PASEO DEL PARQUE S/N,"PASEO DEL PARQUE S/N, 37210",41.010332,-6.433542,"Calle del Caño, 26, 37210 Vitigudino, España",26,,Calle del Caño,37210,,Vitigudino,Vitigudino,Salamanca,SA,Castilla Y León,CL,España,es,0.35721,0.35721,1,© OpenStreetMap contributors,Open Database License,https://www.openstreetmap.org/copyright
1670948044-1594,https://www.sepe.es/HomeSepe/en/que-es-el-sepe/que-es-el-sepe/Red-de-oficinas.html,Salamanca,https://www.sepe.es/HomeSepe/en/que-es-el-sepe/que-es-el-sepe/Red-de-oficinas/ResultadosBusqueda.html?id=321e0098-1b83-4030-91e9-f18c7e29218f&provinciaNombre=Salamanca,SALAMANCA-SAN QUINTIN,https://www.sepe.es/HomeSepe/en/que-es-el-sepe/que-es-el-sepe/Red-de-oficinas/DetalleOficina.html?idOficina=d12de8e0-c194-42ba-ad3e-cf1d51ea2c44,37001,"C/ CALATAÑAZOR, 5","C/ CALATAÑAZOR, 5, 37001",40.961865,-5.65829,"Calle de Calatañazor, 5, 37001 Salamanca, España",5,,Calle de Calatañazor,37001,,Salamanca,Salamanca,Salamanca,SA,Castilla Y León,CL,España,es,0.7,0.7,1,© OpenStreetMap contributors,Open Database License,https://www.openstreetmap.org/copyright
1670948047-1595,https://www.sepe.es/HomeSepe/en/que-es-el-sepe/que-es-el-sepe/Red-de-oficinas.html,Salamanca,https://www.sepe.es/HomeSepe/en/que-es-el-sepe/que-es-el-sepe/Red-de-oficinas/ResultadosBusqueda.html?id=321e0098-1b83-4030-91e9-f18c7e29218f&provinciaNombre=Salamanca,SALAMANCA-SAN JOSE,https://www.sepe.es/HomeSepe/en/que-es-el-sepe/que-es-el-sepe/Red-de-oficinas/DetalleOficina.html?idOficina=e2d9bd20-2683-45cf-a645-6c59cc275e00,37008,"AVDA. CARLOS I, 78","AVDA. CARLOS I, 78, 37008",40.94972,-5.669872,"Avenida de Carlos I, 1, 37008 Salamanca, España",1,,Avenida de Carlos I,37008,,Salamanca,Salamanca,Salamanca,SA,Castilla Y León,CL,España,es,0.35,0.7,1,© OpenStreetMap contributors,Open Database License,https://www.openstreetmap.org/copyright
1670948050-1596,https://www.sepe.es/HomeSepe/en/que-es-el-sepe/que-es-el-sepe/Red-de-oficinas.html,Salamanca,https://www.sepe.es/HomeSepe/en/que-es-el-sepe/que-es-el-sepe/Red-de-oficinas/ResultadosBusqueda.html?id=321e0098-1b83-4030-91e9-f18c7e29218f&provinciaNombre=Salamanca,PEÑARANDA DE BRACAMONTE,https://www.sepe.es/HomeSepe/en/que-es-el-sepe/que-es-el-sepe/Red-de-oficinas/DetalleOficina.html?idOficina=6dbaa71f-8f48-48d4-8af7-571159374262,37300,"AVDA. CARLOS I, 23","AVDA. CARLOS I, 23, 37300",40.89856,-5.202126,"Avenida Carlos I, 15, 37300 Peñaranda de Bracamonte, España",15,,Avenida Carlos I,37300,,Peñaranda De Bracamonte,Peñaranda de Bracamonte,Salamanca,SA,Castilla Y León,CL,España,es,0.7,1,1,© OpenStreetMap contributors,Open Database License,https://www.openstreetmap.org/copyright
1670948052-1597,https://www.sepe.es/HomeSepe/en/que-es-el-sepe/que-es-el-sepe/Red-de-oficinas.html,Salamanca,https://www.sepe.es/HomeSepe/en/que-es-el-sepe/que-es-el-sepe/Red-de-oficinas/ResultadosBusqueda.html?id=321e0098-1b83-4030-91e9-f18c7e29218f&provinciaNombre=Salamanca,GUIJUELO,https://www.sepe.es/HomeSepe/en/que-es-el-sepe/que-es-el-sepe/Red-de-oficinas/DetalleOficina.html?idOficina=6572ab71-a130-4a02-aafb-50de6f79ba32,37770,"CARRETERA DEL GUIJO, 11","CARRETERA DEL GUIJO, 11, 37770",40.55579834,-5.670810108,"37770 Guijuelo, España",,Guijuelo,,37770,,,Guijuelo,Salamanca,SA,Castilla y León,CL,España,es,0,,1,© OpenStreetMap contributors,Open Database License,https://www.openstreetmap.org/copyright
1670948055-1598,https://www.sepe.es/HomeSepe/en/que-es-el-sepe/que-es-el-sepe/Red-de-oficinas.html,Salamanca,https://www.sepe.es/HomeSepe/en/que-es-el-sepe/que-es-el-sepe/Red-de-oficinas/ResultadosBusqueda.html?id=321e0098-1b83-4030-91e9-f18c7e29218f&provinciaNombre=Salamanca,CIUDAD RODRIGO,https://www.sepe.es/HomeSepe/en/que-es-el-sepe/que-es-el-sepe/Red-de-oficinas/DetalleOficina.html?idOficina=71339ded-3a3e-42b1-8d53-f220fdbc39bb,37500,"PLAZA DE HERRASTI, 1","PLAZA DE HERRASTI, 1, 37500",40.5994149,-6.5358831,"Plaza de Herrasti, 37500 Ciudad Rodrigo, España",,Plaza de Herrasti,Plaza de Herrasti,37500,,,Ciudad Rodrigo,Salamanca,SA,Castilla y León,CL,España,es,0.5,1,1,© OpenStreetMap contributors,Open Database License,https://www.openstreetmap.org/copyright
1670948057-1599,https://www.sepe.es/HomeSepe/en/que-es-el-sepe/que-es-el-sepe/Red-de-oficinas.html,Salamanca,https://www.sepe.es/HomeSepe/en/que-es-el-sepe/que-es-el-sepe/Red-de-oficinas/ResultadosBusqueda.html?id=321e0098-1b83-4030-91e9-f18c7e29218f&provinciaNombre=Salamanca,BEJAR,https://www.sepe.es/HomeSepe/en/que-es-el-sepe/que-es-el-sepe/Red-de-oficinas/DetalleOficina.html?idOficina=0e7b7373-7915-456a-b00f-1c5d9cdcc8b4,37700,"CARRETERA DE SALAMANCA A CÁCERES, 11","CARRETERA DE SALAMANCA A CÁCERES, 11, 37700",40.38685304,-5.762293461,"37700 Béjar, España",,Béjar,,37700,,,Béjar,Salamanca,SA,Castilla y León,CL,España,es,0,,1,© OpenStreetMap contributors,Open Database License,https://www.openstreetmap.org/copyright
1670948063-1600,https://www.sepe.es/HomeSepe/en/que-es-el-sepe/que-es-el-sepe/Red-de-oficinas.html,Pontevedra,https://www.sepe.es/HomeSepe/en/que-es-el-sepe/que-es-el-sepe/Red-de-oficinas/ResultadosBusqueda.html?id=2335373c-0017-44af-94a2-7d3456248741&provinciaNombre=Pontevedra,VILAGARCIA DE AROUSA,https://www.sepe.es/HomeSepe/en/que-es-el-sepe/que-es-el-sepe/Red-de-oficinas/DetalleOficina.html?idOficina=de2f59aa-d931-4b71-a2f7-ec07fd8654c4,36600,"C/ CASTELAO, 25","C/ CASTELAO, 25, 36600",42.59532247,-8.764201643,"36600 Vilagarcía de Arousa, España",,Vilagarcía,,36600,,Vilagarcía,Vilagarcía de Arousa,Pontevedra,PO,Galicia,GA,España,es,0.25,,1,© OpenStreetMap contributors,Open Database License,https://www.openstreetmap.org/copyright
1670948065-1601,https://www.sepe.es/HomeSepe/en/que-es-el-sepe/que-es-el-sepe/Red-de-oficinas.html,Pontevedra,https://www.sepe.es/HomeSepe/en/que-es-el-sepe/que-es-el-sepe/Red-de-oficinas/ResultadosBusqueda.html?id=2335373c-0017-44af-94a2-7d3456248741&provinciaNombre=Pontevedra,VIGO-SANJURJO BADIA,https://www.sepe.es/HomeSepe/en/que-es-el-sepe/que-es-el-sepe/Red-de-oficinas/DetalleOficina.html?idOficina=e2137e9b-09fb-46fd-8dc8-93766a517ddc,36207,"C/ SANJURJO BADIA,35","C/ SANJURJO BADIA,35, 36207",42.244088,-8.704993,"Sanjurjo Badía, 35, 36207 Vigo, España",35,,Sanjurjo Badía,36207,,Vigo,Vigo,Pontevedra,PO,Galicia,GA,España,es,0.9,0.9,1,© OpenStreetMap contributors,Open Database License,https://www.openstreetmap.org/copyright
1670948068-1602,https://www.sepe.es/HomeSepe/en/que-es-el-sepe/que-es-el-sepe/Red-de-oficinas.html,Pontevedra,https://www.sepe.es/HomeSepe/en/que-es-el-sepe/que-es-el-sepe/Red-de-oficinas/ResultadosBusqueda.html?id=2335373c-0017-44af-94a2-7d3456248741&provinciaNombre=Pontevedra,VIGO-NAVIA,https://www.sepe.es/HomeSepe/en/que-es-el-sepe/que-es-el-sepe/Red-de-oficinas/DetalleOficina.html?idOficina=88d9fc0a-0f03-4c82-8bac-ddd9043bea1a,36212,"C/ TEIXUGUEIRAS, 17","C/ TEIXUGUEIRAS, 17, 36212",42.2110909,-8.759342213,"Navia, 36212 Vigo, España",,Navia,,36212,,Navia,Vigo,Pontevedra,PO,Galicia,GA,España,es,0.25,,1,© OpenStreetMap contributors,Open Database License,https://www.openstreetmap.org/copyright
1670948071-1603,https://www.sepe.es/HomeSepe/en/que-es-el-sepe/que-es-el-sepe/Red-de-oficinas.html,Pontevedra,https://www.sepe.es/HomeSepe/en/que-es-el-sepe/que-es-el-sepe/Red-de-oficinas/ResultadosBusqueda.html?id=2335373c-0017-44af-94a2-7d3456248741&provinciaNombre=Pontevedra,VIGO-LOPEZ MORA,https://www.sepe.es/HomeSepe/en/que-es-el-sepe/que-es-el-sepe/Red-de-oficinas/DetalleOficina.html?idOficina=667d12ee-76f7-40b2-9c14-1af7ec6e54b6,36211,"C/ LÓPEZ MORA,50","C/ LÓPEZ MORA,50, 36211",42.225079,-8.732107,"Rúa de López Mora, 50, 36211 Vigo, España",50,,Rúa de López Mora,36211,,Vigo,Vigo,Pontevedra,PO,Galicia,GA,España,es,0.49,0.49,1,© OpenStreetMap contributors,Open Database License,https://www.openstreetmap.org/copyright
1670948074-1604,https://www.sepe.es/HomeSepe/en/que-es-el-sepe/que-es-el-sepe/Red-de-oficinas.html,Pontevedra,https://www.sepe.es/HomeSepe/en/que-es-el-sepe/que-es-el-sepe/Red-de-oficinas/ResultadosBusqueda.html?id=2335373c-0017-44af-94a2-7d3456248741&provinciaNombre=Pontevedra,VIGO-EL CALVARIO,https://www.sepe.es/HomeSepe/en/que-es-el-sepe/que-es-el-sepe/Red-de-oficinas/DetalleOficina.html?idOficina=e3605173-e72f-4c2b-8151-6e864a441e8c,36205,"C/ GREGORIO ESPINO, 52, PORTAL 3","C/ GREGORIO ESPINO, 52, PORTAL 3, 36205",42.227439,-8.708405,"Alcalde Gregorio Espino, 48, 36205 Vigo, España",48,,Alcalde Gregorio Espino,36205,,Vigo,Vigo,Pontevedra,PO,Galicia,GA,España,es,0.591818182,0.9,1,© OpenStreetMap contributors,Open Database License,https://www.openstreetmap.org/copyright
1670948077-1605,https://www.sepe.es/HomeSepe/en/que-es-el-sepe/que-es-el-sepe/Red-de-oficinas.html,Pontevedra,https://www.sepe.es/HomeSepe/en/que-es-el-sepe/que-es-el-sepe/Red-de-oficinas/ResultadosBusqueda.html?id=2335373c-0017-44af-94a2-7d3456248741&provinciaNombre=Pontevedra,TUI,https://www.sepe.es/HomeSepe/en/que-es-el-sepe/que-es-el-sepe/Red-de-oficinas/DetalleOficina.html?idOficina=e8e9a085-2692-4d36-a772-7e14995d2465,36700,"C/ ALCALDE CASAL ABOY, 19","C/ ALCALDE CASAL ABOY, 19, 36700",42.04939497,-8.643910999,"Tui, 36700 Tuy, España",,Tui,,36700,,Tui,Tuy,Pontevedra,PO,Galicia,GA,España,es,0.25,,1,© OpenStreetMap contributors,Open Database License,https://www.openstreetmap.org/copyright
1670948080-1606,https://www.sepe.es/HomeSepe/en/que-es-el-sepe/que-es-el-sepe/Red-de-oficinas.html,Pontevedra,https://www.sepe.es/HomeSepe/en/que-es-el-sepe/que-es-el-sepe/Red-de-oficinas/ResultadosBusqueda.html?id=2335373c-0017-44af-94a2-7d3456248741&provinciaNombre=Pontevedra,REDONDELA,https://www.sepe.es/HomeSepe/en/que-es-el-sepe/que-es-el-sepe/Red-de-oficinas/DetalleOficina.html?idOficina=c4f8b1d9-815f-47fc-8a75-17f6ec98422f,36800,"CARRETERA DE VIGO, 10","CARRETERA DE VIGO, 10, 36800",42.28423117,-8.611296892,"36800 Redondela, España",,Redondela,,36800,,Redondela,Redondela,Pontevedra,PO,Galicia,GA,España,es,0.25,,1,© OpenStreetMap contributors,Open Database License,https://www.openstreetmap.org/copyright
1670948083-1607,https://www.sepe.es/HomeSepe/en/que-es-el-sepe/que-es-el-sepe/Red-de-oficinas.html,Pontevedra,https://www.sepe.es/HomeSepe/en/que-es-el-sepe/que-es-el-sepe/Red-de-oficinas/ResultadosBusqueda.html?id=2335373c-0017-44af-94a2-7d3456248741&provinciaNombre=Pontevedra,PONTEVEDRA,https://www.sepe.es/HomeSepe/en/que-es-el-sepe/que-es-el-sepe/Red-de-oficinas/DetalleOficina.html?idOficina=987aa07e-cd16-4296-8468-fa3485ef4b06,36001,"C/ BENITO CORBAL, 47","C/ BENITO CORBAL, 47, 36001",42.4297859,-8.6393819,"Calle Benito Corbal, 36001 Pontevedra, España",,Calle Benito Corbal,Calle Benito Corbal,36001,,Pontevedra,Pontevedra,Pontevedra,PO,Galicia,GA,España,es,0.5,1,1,© OpenStreetMap contributors,Open Database License,https://www.openstreetmap.org/copyright
1670948086-1608,https://www.sepe.es/HomeSepe/en/que-es-el-sepe/que-es-el-sepe/Red-de-oficinas.html,Pontevedra,https://www.sepe.es/HomeSepe/en/que-es-el-sepe/que-es-el-sepe/Red-de-oficinas/ResultadosBusqueda.html?id=2335373c-0017-44af-94a2-7d3456248741&provinciaNombre=Pontevedra,PONTEAREAS,https://www.sepe.es/HomeSepe/en/que-es-el-sepe/que-es-el-sepe/Red-de-oficinas/DetalleOficina.html?idOficina=64ca75b0-14de-48c6-b5e2-544115f75393,36860,"C/ DOS CARBALLOS, 10","C/ DOS CARBALLOS, 10, 36860",42.17601646,-8.504861617,"36860 Ponteareas, España",,Ponteareas,,36860,,Ponteareas,Ponteareas,Pontevedra,PO,Galicia,GA,España,es,0.25,,1,© OpenStreetMap contributors,Open Database License,https://www.openstreetmap.org/copyright
1670948088-1609,https://www.sepe.es/HomeSepe/en/que-es-el-sepe/que-es-el-sepe/Red-de-oficinas.html,Pontevedra,https://www.sepe.es/HomeSepe/en/que-es-el-sepe/que-es-el-sepe/Red-de-oficinas/ResultadosBusqueda.html?id=2335373c-0017-44af-94a2-7d3456248741&provinciaNombre=Pontevedra,O PORRIÑO,https://www.sepe.es/HomeSepe/en/que-es-el-sepe/que-es-el-sepe/Red-de-oficinas/DetalleOficina.html?idOficina=c07ae381-134d-4b29-be74-fcf164d5a13d,36410,"C/ TORNEIROS-RIBEIRA, S/N","C/ TORNEIROS-RIBEIRA, S/N, 36410",42.159202,-8.644061,"Viaducto de Torneiros, 36410 Porriño, España",,,Viaducto de Torneiros,36410,,,Porriño,Pontevedra,PO,Galicia,GA,España,es,0.178605,0.27783,0.63,© OpenStreetMap contributors,Open Database License,https://www.openstreetmap.org/copyright
1670948091-1610,https://www.sepe.es/HomeSepe/en/que-es-el-sepe/que-es-el-sepe/Red-de-oficinas.html,Pontevedra,https://www.sepe.es/HomeSepe/en/que-es-el-sepe/que-es-el-sepe/Red-de-oficinas/ResultadosBusqueda.html?id=2335373c-0017-44af-94a2-7d3456248741&provinciaNombre=Pontevedra,LALIN,https://www.sepe.es/HomeSepe/en/que-es-el-sepe/que-es-el-sepe/Red-de-oficinas/DetalleOficina.html?idOficina=9d447347-c5d9-4d43-a76e-9fe5c04d87b3,36500,"AVDA. BUENOS AIRES, 45","AVDA. BUENOS AIRES, 45, 36500",42.6545629,-8.1121086,"Avenida Buenos Aires, 36500 Lalín, España",,Avenida Buenos Aires,Avenida Buenos Aires,36500,,Lalín,Lalín,Deza,,Galicia,GA,España,es,0.5,1,1,© OpenStreetMap contributors,Open Database License,https://www.openstreetmap.org/copyright
1670948094-1611,https://www.sepe.es/HomeSepe/en/que-es-el-sepe/que-es-el-sepe/Red-de-oficinas.html,Pontevedra,https://www.sepe.es/HomeSepe/en/que-es-el-sepe/que-es-el-sepe/Red-de-oficinas/ResultadosBusqueda.html?id=2335373c-0017-44af-94a2-7d3456248741&provinciaNombre=Pontevedra,CANGAS,https://www.sepe.es/HomeSepe/en/que-es-el-sepe/que-es-el-sepe/Red-de-oficinas/DetalleOficina.html?idOficina=d75851d5-b694-4aa7-89d3-5f900792420a,36940,"PASEO MARÍTIMO, 8","PASEO MARÍTIMO, 8, 36940",42.2630467,-8.783308,"Paseo marítimo, 36940 Cangas, España",,Paseo marítimo,Paseo marítimo,36940,,Cangas,Cangas,Pontevedra,PO,Galicia,GA,España,es,0.5,1,1,© OpenStreetMap contributors,Open Database License,https://www.openstreetmap.org/copyright
1670948097-1612,https://www.sepe.es/HomeSepe/en/que-es-el-sepe/que-es-el-sepe/Red-de-oficinas.html,Pontevedra,https://www.sepe.es/HomeSepe/en/que-es-el-sepe/que-es-el-sepe/Red-de-oficinas/ResultadosBusqueda.html?id=2335373c-0017-44af-94a2-7d3456248741&provinciaNombre=Pontevedra,CAMBADOS,https://www.sepe.es/HomeSepe/en/que-es-el-sepe/que-es-el-sepe/Red-de-oficinas/DetalleOficina.html?idOficina=31eb021c-3c7d-4459-b9e4-445a52db7e28,36630,"C/ FONTE DE FEFIÑANS, 4","C/ FONTE DE FEFIÑANS, 4, 36630",42.51163307,-8.807334873,"36630 Cambados, España",,Cambados,,36630,,Cambados,Cambados,Pontevedra,PO,Galicia,GA,España,es,0.25,,1,© OpenStreetMap contributors,Open Database License,https://www.openstreetmap.org/copyright
1670948100-1613,https://www.sepe.es/HomeSepe/en/que-es-el-sepe/que-es-el-sepe/Red-de-oficinas.html,Pontevedra,https://www.sepe.es/HomeSepe/en/que-es-el-sepe/que-es-el-sepe/Red-de-oficinas/ResultadosBusqueda.html?id=2335373c-0017-44af-94a2-7d3456248741&provinciaNombre=Pontevedra,CALDAS DE REIS,https://www.sepe.es/HomeSepe/en/que-es-el-sepe/que-es-el-sepe/Red-de-oficinas/DetalleOficina.html?idOficina=73655d22-16c8-4cdf-837c-4fdd509479cc,36650,"C/ JOSÉ SALGADO, 41","C/ JOSÉ SALGADO, 41, 36650",42.60495019,-8.643662398,"San Tomé e Santa María de Caldas de Reis., 36650 Caldas de Reis, España",,San Tomé e Santa María de Caldas de Reis.,,36650,,San Tomé e Santa María de Caldas de Reis.,Caldas de Reis,Pontevedra,PO,Galicia,GA,España,es,0.25,,1,© OpenStreetMap contributors,Open Database License,https://www.openstreetmap.org/copyright
1670948103-1614,https://www.sepe.es/HomeSepe/en/que-es-el-sepe/que-es-el-sepe/Red-de-oficinas.html,Pontevedra,https://www.sepe.es/HomeSepe/en/que-es-el-sepe/que-es-el-sepe/Red-de-oficinas/ResultadosBusqueda.html?id=2335373c-0017-44af-94a2-7d3456248741&provinciaNombre=Pontevedra,BAIONA,https://www.sepe.es/HomeSepe/en/que-es-el-sepe/que-es-el-sepe/Red-de-oficinas/DetalleOficina.html?idOficina=640f9698-e8c9-4bcc-a0ad-563b2c5c118c,36300,"C/ ECUADOR, 4","C/ ECUADOR, 4, 36300",42.12013072,-8.849855671,"36300 Baiona, España",,Baiona,,36300,,Baiona,Baiona,Pontevedra,PO,Galicia,GA,España,es,0.25,,1,© OpenStreetMap contributors,Open Database License,https://www.openstreetmap.org/copyright
1670948106-1615,https://www.sepe.es/HomeSepe/en/que-es-el-sepe/que-es-el-sepe/Red-de-oficinas.html,Pontevedra,https://www.sepe.es/HomeSepe/en/que-es-el-sepe/que-es-el-sepe/Red-de-oficinas/ResultadosBusqueda.html?id=2335373c-0017-44af-94a2-7d3456248741&provinciaNombre=Pontevedra,A ESTRADA,https://www.sepe.es/HomeSepe/en/que-es-el-sepe/que-es-el-sepe/Red-de-oficinas/DetalleOficina.html?idOficina=1a040b21-628c-4a7f-a999-0e7d1e93f8e7,36680,"C/ JUSTO MARTÍNEZ, 7","C/ JUSTO MARTÍNEZ, 7, 36680",42.69015846,-8.491737582,"A Estrada, 36680 La Estrada, España",,A Estrada,,36680,,A Estrada,La Estrada,Tabeirós - Tierra de Montes,,Galicia,GA,España,es,0.25,,1,© OpenStreetMap contributors,Open Database License,https://www.openstreetmap.org/copyright
1670948108-1616,https://www.sepe.es/HomeSepe/en/que-es-el-sepe/que-es-el-sepe/Red-de-oficinas.html,Pontevedra,https://www.sepe.es/HomeSepe/en/que-es-el-sepe/que-es-el-sepe/Red-de-oficinas/ResultadosBusqueda.html?id=2335373c-0017-44af-94a2-7d3456248741&provinciaNombre=Pontevedra,A CAÑIZA,https://www.sepe.es/HomeSepe/en/que-es-el-sepe/que-es-el-sepe/Red-de-oficinas/DetalleOficina.html?idOficina=5ee15a84-9325-4a34-a6d5-8c550da6f643,36880,"C/ OTERO PEDRAYO, 10","C/ OTERO PEDRAYO, 10, 36880",42.1931803,-8.278187515,"As Achas, 36880 A Cañiza, España",,As Achas,,36880,,As Achas,A Cañiza,Pontevedra,PO,Galicia,GA,España,es,0.25,,1,© OpenStreetMap contributors,Open Database License,https://www.openstreetmap.org/copyright
1670948114-1617,https://www.sepe.es/HomeSepe/en/que-es-el-sepe/que-es-el-sepe/Red-de-oficinas.html,Palencia,https://www.sepe.es/HomeSepe/en/que-es-el-sepe/que-es-el-sepe/Red-de-oficinas/ResultadosBusqueda.html?id=6b16e116-e676-4870-adbc-069daffb0ee4&provinciaNombre=Palencia,VENTA DE BAÑOS,https://www.sepe.es/HomeSepe/en/que-es-el-sepe/que-es-el-sepe/Red-de-oficinas/DetalleOficina.html?idOficina=7bfb75ac-aaad-4ec3-93ee-fd5ca7347f66,34200,"AVDA. PRIMERO DE JUNIO, 30","AVDA. PRIMERO DE JUNIO, 30, 34200",41.91965701,-4.491900253,"34200 Venta de Baños, España",,Venta de Baños,,34200,,,Venta de Baños,Palencia,P,Castilla y León,CL,España,es,0,,1,© OpenStreetMap contributors,Open Database License,https://www.openstreetmap.org/copyright
1670948116-1618,https://www.sepe.es/HomeSepe/en/que-es-el-sepe/que-es-el-sepe/Red-de-oficinas.html,Palencia,https://www.sepe.es/HomeSepe/en/que-es-el-sepe/que-es-el-sepe/Red-de-oficinas/ResultadosBusqueda.html?id=6b16e116-e676-4870-adbc-069daffb0ee4&provinciaNombre=Palencia,PALENCIA,https://www.sepe.es/HomeSepe/en/que-es-el-sepe/que-es-el-sepe/Red-de-oficinas/DetalleOficina.html?idOficina=c484d295-f20d-45a1-b066-cfad980a86f9,34005,"C/ LAS MONJAS, 13","C/ LAS MONJAS, 13, 34005",42.0139103,-4.5398995,"Las Monjas, Calle de las Monjas, 34001 Palencia, España",,Las Monjas,Calle de las Monjas,34001,San Antonio,,Palencia,Palencia,P,Castilla y León,CL,España,es,0.35,0.21,0.3,© OpenStreetMap contributors,Open Database License,https://www.openstreetmap.org/copyright
1670948119-1619,https://www.sepe.es/HomeSepe/en/que-es-el-sepe/que-es-el-sepe/Red-de-oficinas.html,Palencia,https://www.sepe.es/HomeSepe/en/que-es-el-sepe/que-es-el-sepe/Red-de-oficinas/ResultadosBusqueda.html?id=6b16e116-e676-4870-adbc-069daffb0ee4&provinciaNombre=Palencia,GUARDO,https://www.sepe.es/HomeSepe/en/que-es-el-sepe/que-es-el-sepe/Red-de-oficinas/DetalleOficina.html?idOficina=509aa26b-7c8f-4347-9b3d-000f08513adb,34880,"C/ SANTA BÁRBARA, 21","C/ SANTA BÁRBARA, 21, 34880",42.7895744,-4.8470572,"Calle Santa Bárbara, 34880 Guardo, España",,Calle Santa Bárbara,Calle Santa Bárbara,34880,,,Guardo,Palencia,P,Castilla y León,CL,España,es,0.5,1,1,© OpenStreetMap contributors,Open Database License,https://www.openstreetmap.org/copyright
1670948121-1620,https://www.sepe.es/HomeSepe/en/que-es-el-sepe/que-es-el-sepe/Red-de-oficinas.html,Palencia,https://www.sepe.es/HomeSepe/en/que-es-el-sepe/que-es-el-sepe/Red-de-oficinas/ResultadosBusqueda.html?id=6b16e116-e676-4870-adbc-069daffb0ee4&provinciaNombre=Palencia,CARRION DE LOS CONDES,https://www.sepe.es/HomeSepe/en/que-es-el-sepe/que-es-el-sepe/Red-de-oficinas/DetalleOficina.html?idOficina=8799d7eb-941d-48be-b10f-e4350bf3ebaa,34120,"C/ PIÑA BLASCO, 33","C/ PIÑA BLASCO, 33, 34120",42.3396243,-4.6066661,"Calle Piña Blasco, 34120 Carrión de los Condes, España",,Calle Piña Blasco,Calle Piña Blasco,34120,,,Carrión de los Condes,Palencia,P,Castilla y León,CL,España,es,0.5,1,1,© OpenStreetMap contributors,Open Database License,https://www.openstreetmap.org/copyright
1670948124-1621,https://www.sepe.es/HomeSepe/en/que-es-el-sepe/que-es-el-sepe/Red-de-oficinas.html,Palencia,https://www.sepe.es/HomeSepe/en/que-es-el-sepe/que-es-el-sepe/Red-de-oficinas/ResultadosBusqueda.html?id=6b16e116-e676-4870-adbc-069daffb0ee4&provinciaNombre=Palencia,AGUILAR DE CAMPOO,https://www.sepe.es/HomeSepe/en/que-es-el-sepe/que-es-el-sepe/Red-de-oficinas/DetalleOficina.html?idOficina=9abeae93-b141-4864-b506-6a8ef9ab6d13,34800,"C/ MARQUÉS DE AGUILAR, 8","C/ MARQUÉS DE AGUILAR, 8, 34800",42.7908258,-4.2576702,"Calle Marqués de Aguilar, 34800 Aguilar de Campoo, España",,Calle Marqués de Aguilar,Calle Marqués de Aguilar,34800,,El Cierzo,Aguilar de Campoo,Palencia,P,Castilla y León,CL,España,es,0.5,1,1,© OpenStreetMap contributors,Open Database License,https://www.openstreetmap.org/copyright
1670948129-1622,https://www.sepe.es/HomeSepe/en/que-es-el-sepe/que-es-el-sepe/Red-de-oficinas.html,Ourense/Orense,https://www.sepe.es/HomeSepe/en/que-es-el-sepe/que-es-el-sepe/Red-de-oficinas/ResultadosBusqueda.html?id=5ee5b905-f061-4ea0-baf3-e5d8393ca166&provinciaNombre=Ourense/Orense,XINZO DE LIMIA,https://www.sepe.es/HomeSepe/en/que-es-el-sepe/que-es-el-sepe/Red-de-oficinas/DetalleOficina.html?idOficina=c2fcb69f-213a-4654-82dd-ceb99c8a4f24,32630,"AVDA. DE MADRID, 42","AVDA. DE MADRID, 42, 32630",42.0620931,-7.7238188,"Avenida de Madrid, 32630 Xinzo de Limia, España",,Avenida de Madrid,Avenida de Madrid,32630,,Xinzo de Limia,Xinzo de Limia,Orense,,Galicia,GA,España,es,0.5,1,1,© OpenStreetMap contributors,Open Database License,https://www.openstreetmap.org/copyright
1670948132-1623,https://www.sepe.es/HomeSepe/en/que-es-el-sepe/que-es-el-sepe/Red-de-oficinas.html,Ourense/Orense,https://www.sepe.es/HomeSepe/en/que-es-el-sepe/que-es-el-sepe/Red-de-oficinas/ResultadosBusqueda.html?id=5ee5b905-f061-4ea0-baf3-e5d8393ca166&provinciaNombre=Ourense/Orense,VIANA DO BOLO,https://www.sepe.es/HomeSepe/en/que-es-el-sepe/que-es-el-sepe/Red-de-oficinas/DetalleOficina.html?idOficina=4aa5e795-c734-4272-943f-bfcb067cc618,32550,"ESTRADA SAN AGOSTIÑO, ESQUINA RÚA TOURAL, 7","ESTRADA SAN AGOSTIÑO, ESQUINA RÚA TOURAL, 7, 32550",42.18089992,-7.111067461,"32550 Viana do Bolo, España",,Viana do Bolo,,32550,,Viana do Bolo,Viana do Bolo,Orense,,Galicia,GA,España,es,0.094044421,,1,© OpenStreetMap contributors,Open Database License,https://www.openstreetmap.org/copyright
1670948136-1624,https://www.sepe.es/HomeSepe/en/que-es-el-sepe/que-es-el-sepe/Red-de-oficinas.html,Ourense/Orense,https://www.sepe.es/HomeSepe/en/que-es-el-sepe/que-es-el-sepe/Red-de-oficinas/ResultadosBusqueda.html?id=5ee5b905-f061-4ea0-baf3-e5d8393ca166&provinciaNombre=Ourense/Orense,VERIN,https://www.sepe.es/HomeSepe/en/que-es-el-sepe/que-es-el-sepe/Red-de-oficinas/DetalleOficina.html?idOficina=d022a9a4-dbb0-4ee7-be65-290a3046e57a,32600,"AVDA. DE CASTILLA, 30","AVDA. DE CASTILLA, 30, 32600",41.93708138,-7.43637524,"32600 Verín, España",,Verín,,32600,,Verín,Verín,Orense,,Galicia,GA,España,es,0.25,,1,© OpenStreetMap contributors,Open Database License,https://www.openstreetmap.org/copyright
1670948139-1625,https://www.sepe.es/HomeSepe/en/que-es-el-sepe/que-es-el-sepe/Red-de-oficinas.html,Ourense/Orense,https://www.sepe.es/HomeSepe/en/que-es-el-sepe/que-es-el-sepe/Red-de-oficinas/ResultadosBusqueda.html?id=5ee5b905-f061-4ea0-baf3-e5d8393ca166&provinciaNombre=Ourense/Orense,RIBADAVIA,https://www.sepe.es/HomeSepe/en/que-es-el-sepe/que-es-el-sepe/Red-de-oficinas/DetalleOficina.html?idOficina=bfd59b79-534f-4006-8427-005e76f253f3,32400,"RÚA RIBEIRO, 13","RÚA RIBEIRO, 13, 32400",42.287219,-8.143896,"Praza Maior, 13, 32400 Ribadavia, España",13,,Praza Maior,32400,,Ribadavia,Ribadavia,Orense,,Galicia,GA,España,es,0,,1,© OpenStreetMap contributors,Open Database License,https://www.openstreetmap.org/copyright
1670948141-1626,https://www.sepe.es/HomeSepe/en/que-es-el-sepe/que-es-el-sepe/Red-de-oficinas.html,Ourense/Orense,https://www.sepe.es/HomeSepe/en/que-es-el-sepe/que-es-el-sepe/Red-de-oficinas/ResultadosBusqueda.html?id=5ee5b905-f061-4ea0-baf3-e5d8393ca166&provinciaNombre=Ourense/Orense,OURENSE-CENTRO,https://www.sepe.es/HomeSepe/en/que-es-el-sepe/que-es-el-sepe/Red-de-oficinas/DetalleOficina.html?idOficina=7d1807b2-c1d6-4820-ab0c-9294e58a2a14,32003,"C/ PROGRESO, 11","C/ PROGRESO, 11, 32003",42.34194031,-7.864848917,"Ourense, 32003 Orense, España",,Ourense,,32003,,Ourense,Orense,Orense,,Galicia,GA,España,es,0.25,,1,© OpenStreetMap contributors,Open Database License,https://www.openstreetmap.org/copyright
1670948144-1627,https://www.sepe.es/HomeSepe/en/que-es-el-sepe/que-es-el-sepe/Red-de-oficinas.html,Ourense/Orense,https://www.sepe.es/HomeSepe/en/que-es-el-sepe/que-es-el-sepe/Red-de-oficinas/ResultadosBusqueda.html?id=5ee5b905-f061-4ea0-baf3-e5d8393ca166&provinciaNombre=Ourense/Orense,OURENSE-A PONTE,https://www.sepe.es/HomeSepe/en/que-es-el-sepe/que-es-el-sepe/Red-de-oficinas/DetalleOficina.html?idOficina=e718b941-0556-4a5e-81f2-d2188f7a0d5e,32001,"C/ SAN FRANCISCO BLANCO, 2","C/ SAN FRANCISCO BLANCO, 2, 32001",42.28913928,-7.816487862,"Santa Cruz da Rabeda, 32001 San Ciprián de Viñas, España",,Santa Cruz da Rabeda,,32001,,Santa Cruz da Rabeda,San Ciprián de Viñas,Orense,,Galicia,GA,España,es,0.25,,1,© OpenStreetMap contributors,Open Database License,https://www.openstreetmap.org/copyright
1670948146-1628,https://www.sepe.es/HomeSepe/en/que-es-el-sepe/que-es-el-sepe/Red-de-oficinas.html,Ourense/Orense,https://www.sepe.es/HomeSepe/en/que-es-el-sepe/que-es-el-sepe/Red-de-oficinas/ResultadosBusqueda.html?id=5ee5b905-f061-4ea0-baf3-e5d8393ca166&provinciaNombre=Ourense/Orense,O CARBALLIÑO,https://www.sepe.es/HomeSepe/en/que-es-el-sepe/que-es-el-sepe/Red-de-oficinas/DetalleOficina.html?idOficina=02cf7e1f-1e03-4e6c-a637-25dab1639c80,32500,"RÚA RAMÓN OTERO PEDRAYO, 20","RÚA RAMÓN OTERO PEDRAYO, 20, 32500",42.2853126,-8.1471592,"Rúa Ramón Otero Pedrayo, 32400 Ribadavia, España",,Rúa Ramón Otero Pedrayo,Rúa Ramón Otero Pedrayo,32400,,San Domingos de Ribadavia,Ribadavia,Orense,,Galicia,GA,España,es,0.5,0.3,0.3,© OpenStreetMap contributors,Open Database License,https://www.openstreetmap.org/copyright
1670948149-1629,https://www.sepe.es/HomeSepe/en/que-es-el-sepe/que-es-el-sepe/Red-de-oficinas.html,Ourense/Orense,https://www.sepe.es/HomeSepe/en/que-es-el-sepe/que-es-el-sepe/Red-de-oficinas/ResultadosBusqueda.html?id=5ee5b905-f061-4ea0-baf3-e5d8393ca166&provinciaNombre=Ourense/Orense,O BARCO DE VALDEORRAS,https://www.sepe.es/HomeSepe/en/que-es-el-sepe/que-es-el-sepe/Red-de-oficinas/DetalleOficina.html?idOficina=286412e8-3c1a-4357-b8b0-873376cdf80a,32315,"PLAZA RAMÓN OTERO PEDRAYO, 11 - VILOIRA","PLAZA RAMÓN OTERO PEDRAYO, 11 - VILOIRA, 32315",42.39994478,-7.020906834,"Cesures, 32315 O Barco de Valdeorras, España",,Cesures,,32315,,Cesures,O Barco de Valdeorras,Orense,,Galicia,GA,España,es,0.222222222,,1,© OpenStreetMap contributors,Open Database License,https://www.openstreetmap.org/copyright
1670948152-1630,https://www.sepe.es/HomeSepe/en/que-es-el-sepe/que-es-el-sepe/Red-de-oficinas.html,Ourense/Orense,https://www.sepe.es/HomeSepe/en/que-es-el-sepe/que-es-el-sepe/Red-de-oficinas/ResultadosBusqueda.html?id=5ee5b905-f061-4ea0-baf3-e5d8393ca166&provinciaNombre=Ourense/Orense,CELANOVA,https://www.sepe.es/HomeSepe/en/que-es-el-sepe/que-es-el-sepe/Red-de-oficinas/DetalleOficina.html?idOficina=0e8c4d9d-4f3c-4408-9db7-55b6cd32f21e,32800,"AVDA. SAN ROSENDO, 23","AVDA. SAN ROSENDO, 23, 32800",42.152322,-7.954884,"Avenida de San Rosendo, 23, 32800 Celanova, España",23,,Avenida de San Rosendo,32800,,Celanova,Celanova,Orense,,Galicia,GA,España,es,0.7,0.7,1,© OpenStreetMap contributors,Open Database License,https://www.openstreetmap.org/copyright
1670948154-1631,https://www.sepe.es/HomeSepe/en/que-es-el-sepe/que-es-el-sepe/Red-de-oficinas.html,Ourense/Orense,https://www.sepe.es/HomeSepe/en/que-es-el-sepe/que-es-el-sepe/Red-de-oficinas/ResultadosBusqueda.html?id=5ee5b905-f061-4ea0-baf3-e5d8393ca166&provinciaNombre=Ourense/Orense,A POBRA DE TRIVES,https://www.sepe.es/HomeSepe/en/que-es-el-sepe/que-es-el-sepe/Red-de-oficinas/DetalleOficina.html?idOficina=9d9b311b-6961-4bea-b97b-263d021da3c8,32780,"C/ SAN BARTOLOMÉ, 5","C/ SAN BARTOLOMÉ, 5, 32780",42.34013491,-7.254849844,"32780 A Pobra de Trives, España",,A Pobra de Trives,,32780,,A Pobra de Trives,A Pobra de Trives,Orense,,Galicia,GA,España,es,0.25,,1,© OpenStreetMap contributors,Open Database License,https://www.openstreetmap.org/copyright
1670948160-1632,https://www.sepe.es/HomeSepe/en/que-es-el-sepe/que-es-el-sepe/Red-de-oficinas.html,Navarra,https://www.sepe.es/HomeSepe/en/que-es-el-sepe/que-es-el-sepe/Red-de-oficinas/ResultadosBusqueda.html?id=66103bc7-5079-43fc-896b-0985fd70cd9c&provinciaNombre=Navarra,TUDELA,https://www.sepe.es/HomeSepe/en/que-es-el-sepe/que-es-el-sepe/Red-de-oficinas/DetalleOficina.html?idOficina=6fec13f8-32f7-43b9-8eac-c3471b31b868,31500,"C/ DÍAZ BRAVO, 20-22","C/ DÍAZ BRAVO, 20-22, 31500",42.0599123,-1.6087142,"Calle Diaz Bravo, 31500 Tudela, España",,Calle Diaz Bravo,Calle Diaz Bravo,31500,,,Tudela,Navarra,NA,Navarra,NC,España,es,0.5,1,1,© OpenStreetMap contributors,Open Database License,https://www.openstreetmap.org/copyright
1670948162-1633,https://www.sepe.es/HomeSepe/en/que-es-el-sepe/que-es-el-sepe/Red-de-oficinas.html,Navarra,https://www.sepe.es/HomeSepe/en/que-es-el-sepe/que-es-el-sepe/Red-de-oficinas/ResultadosBusqueda.html?id=66103bc7-5079-43fc-896b-0985fd70cd9c&provinciaNombre=Navarra,TAFALLA,https://www.sepe.es/HomeSepe/en/que-es-el-sepe/que-es-el-sepe/Red-de-oficinas/DetalleOficina.html?idOficina=34ef5eea-6033-4f90-9f9c-81bfa707f5b8,31300,"PASEO PADRE CALATAYUD, 19","PASEO PADRE CALATAYUD, 19, 31300",42.530833,-1.672956,"Paseo Padre Calatayud, 19, 31300 Tafalla, España",19,,Paseo Padre Calatayud,31300,,Tafalla,Tafalla,Navarra,NA,Comunidad Foral De Navarra,,España,es,1,1,1,© OpenAddresses contributors,BSD-3-Clause License,
1670948165-1634,https://www.sepe.es/HomeSepe/en/que-es-el-sepe/que-es-el-sepe/Red-de-oficinas.html,Navarra,https://www.sepe.es/HomeSepe/en/que-es-el-sepe/que-es-el-sepe/Red-de-oficinas/ResultadosBusqueda.html?id=66103bc7-5079-43fc-896b-0985fd70cd9c&provinciaNombre=Navarra,PAMPLONA - ENSANCHE,https://www.sepe.es/HomeSepe/en/que-es-el-sepe/que-es-el-sepe/Red-de-oficinas/DetalleOficina.html?idOficina=61642f54-37b6-4c0d-b010-b0140158d02c,31004,"C/ PAULINO CABALLERO, 50","C/ PAULINO CABALLERO, 50, 31004",42.8092615,-1.6363864,"Calle Paulino Caballero, 50, 31004 Pamplona, España",50,,Calle Paulino Caballero,31004,Segundo Ensanche,,Pamplona,Navarra,NA,Navarra,NC,España,es,1,1,1,© OpenStreetMap contributors,Open Database License,https://www.openstreetmap.org/copyright
1670948168-1635,https://www.sepe.es/HomeSepe/en/que-es-el-sepe/que-es-el-sepe/Red-de-oficinas.html,Navarra,https://www.sepe.es/HomeSepe/en/que-es-el-sepe/que-es-el-sepe/Red-de-oficinas/ResultadosBusqueda.html?id=66103bc7-5079-43fc-896b-0985fd70cd9c&provinciaNombre=Navarra,LODOSA,https://www.sepe.es/HomeSepe/en/que-es-el-sepe/que-es-el-sepe/Red-de-oficinas/DetalleOficina.html?idOficina=e1d31403-d56b-431f-8cee-4b9a4fd6c0e1,31580,"C/ CALVARIO, 1","C/ CALVARIO, 1, 31580",42.426692,-2.081041,"Calle Calvario, 1, 31580 Lodosa, España",1,,Calle Calvario,31580,,Lodosa,Lodosa,Navarra,NA,Comunidad Foral De Navarra,,España,es,1,1,1,© OpenAddresses contributors,BSD-3-Clause License,
1670948170-1636,https://www.sepe.es/HomeSepe/en/que-es-el-sepe/que-es-el-sepe/Red-de-oficinas.html,Navarra,https://www.sepe.es/HomeSepe/en/que-es-el-sepe/que-es-el-sepe/Red-de-oficinas/ResultadosBusqueda.html?id=66103bc7-5079-43fc-896b-0985fd70cd9c&provinciaNombre=Navarra,ITURRONDO,https://www.sepe.es/HomeSepe/en/que-es-el-sepe/que-es-el-sepe/Red-de-oficinas/DetalleOficina.html?idOficina=9e0f78db-99e4-45b3-ae18-e292a1e8c54e,31600,"AVDA. DE VILLAVA, 1","AVDA. DE VILLAVA, 1, 31600",42.831472,-1.61992,"Avenida Villava, 1, 31600 Pamplona, España",1,,Avenida Villava,31600,,Pamplona/Iruña,Pamplona,Navarra,NA,Comunidad Foral De Navarra,,España,es,0.9,0.9,1,© OpenAddresses contributors,BSD-3-Clause License,
1670948173-1637,https://www.sepe.es/HomeSepe/en/que-es-el-sepe/que-es-el-sepe/Red-de-oficinas.html,Navarra,https://www.sepe.es/HomeSepe/en/que-es-el-sepe/que-es-el-sepe/Red-de-oficinas/ResultadosBusqueda.html?id=66103bc7-5079-43fc-896b-0985fd70cd9c&provinciaNombre=Navarra,ESTELLA/LIZARRA,https://www.sepe.es/HomeSepe/en/que-es-el-sepe/que-es-el-sepe/Red-de-oficinas/DetalleOficina.html?idOficina=bf13ea44-a6f4-4031-91d5-a541c01f6f58,31200,"C/ LA GALLARDA, 2 - 2ª PLTA.","C/ LA GALLARDA, 2 - 2ª PLTA., 31200",42.66983462,-2.029209839,"31200 Estella, España",,Estella,,31200,,,Estella,Navarra,NA,Navarra,NC,España,es,0.709677419,,1,© OpenStreetMap contributors,Open Database License,https://www.openstreetmap.org/copyright
1670948176-1638,https://www.sepe.es/HomeSepe/en/que-es-el-sepe/que-es-el-sepe/Red-de-oficinas.html,Navarra,https://www.sepe.es/HomeSepe/en/que-es-el-sepe/que-es-el-sepe/Red-de-oficinas/ResultadosBusqueda.html?id=66103bc7-5079-43fc-896b-0985fd70cd9c&provinciaNombre=Navarra,DONEZTEBE/SANTESTEBAN,https://www.sepe.es/HomeSepe/en/que-es-el-sepe/que-es-el-sepe/Red-de-oficinas/DetalleOficina.html?idOficina=c9b17983-642d-46b3-bb99-da3d207dc46a,31740,"C/ CARRETERA DE LEIZA, 1","C/ CARRETERA DE LEIZA, 1, 31740",43.131923,-1.672463,"Carretera Leiza, 1, 31740 Santesteban, España",1,,Carretera Leiza,31740,,Doneztebe/Santesteban,Santesteban,Navarra,NA,Comunidad Foral De Navarra,,España,es,0.81,0.81,1,© OpenAddresses contributors,BSD-3-Clause License,
1670948178-1639,https://www.sepe.es/HomeSepe/en/que-es-el-sepe/que-es-el-sepe/Red-de-oficinas.html,Navarra,https://www.sepe.es/HomeSepe/en/que-es-el-sepe/que-es-el-sepe/Red-de-oficinas/ResultadosBusqueda.html?id=66103bc7-5079-43fc-896b-0985fd70cd9c&provinciaNombre=Navarra,AOIZ,https://www.sepe.es/HomeSepe/en/que-es-el-sepe/que-es-el-sepe/Red-de-oficinas/DetalleOficina.html?idOficina=c038346a-9466-4d18-b776-f670d320c19b,31430,"URBANIZACIÓN KANPONDOA, 45","URBANIZACIÓN KANPONDOA, 45, 31430",42.789844,-1.37312,"Urbanizacion Kanpondoa, 45, 31430 Aoiz, España",45,,Urbanizacion Kanpondoa,31430,,Aoiz/Agoitz,Aoiz,Navarra,NA,Comunidad Foral De Navarra,,España,es,1,1,1,© OpenAddresses contributors,BSD-3-Clause License,
1670948181-1640,https://www.sepe.es/HomeSepe/en/que-es-el-sepe/que-es-el-sepe/Red-de-oficinas.html,Navarra,https://www.sepe.es/HomeSepe/en/que-es-el-sepe/que-es-el-sepe/Red-de-oficinas/ResultadosBusqueda.html?id=66103bc7-5079-43fc-896b-0985fd70cd9c&provinciaNombre=Navarra,ALTSASU/ALSASUA,https://www.sepe.es/HomeSepe/en/que-es-el-sepe/que-es-el-sepe/Red-de-oficinas/DetalleOficina.html?idOficina=8e31d2d6-880e-4824-91e5-6aa40938c2c2,31800,"AVDA PAMPLONA S/N, PARQUE DE CAMINEROS, 16-C","AVDA PAMPLONA S/N, PARQUE DE CAMINEROS, 16-C, 31800",42.89582005,-2.168615489,"31800 Alsasua, España",,Alsasua,,31800,,,Alsasua,Navarra,NA,Navarra,NC,España,es,0.16,,1,© OpenStreetMap contributors,Open Database License,https://www.openstreetmap.org/copyright
1670948186-1641,https://www.sepe.es/HomeSepe/en/que-es-el-sepe/que-es-el-sepe/Red-de-oficinas.html,Murcia,https://www.sepe.es/HomeSepe/en/que-es-el-sepe/que-es-el-sepe/Red-de-oficinas/ResultadosBusqueda.html?id=e7ebf7d0-6de8-4a91-983e-e93a8b959834&provinciaNombre=Murcia,YECLA,https://www.sepe.es/HomeSepe/en/que-es-el-sepe/que-es-el-sepe/Red-de-oficinas/DetalleOficina.html?idOficina=002b7f48-18d7-4271-9832-103edcaa25ab,30510,"C/ SAN PASCUAL, 3","C/ SAN PASCUAL, 3, 30510",38.6126502,-1.1100693,"Calle San Pascual, 30510 Yecla, España",,Calle San Pascual,Calle San Pascual,30510,,,Yecla,Región de Murcia,MU,Región de Murcia,MC,España,es,0.5,1,1,© OpenStreetMap contributors,Open Database License,https://www.openstreetmap.org/copyright
1670948189-1642,https://www.sepe.es/HomeSepe/en/que-es-el-sepe/que-es-el-sepe/Red-de-oficinas.html,Murcia,https://www.sepe.es/HomeSepe/en/que-es-el-sepe/que-es-el-sepe/Red-de-oficinas/ResultadosBusqueda.html?id=e7ebf7d0-6de8-4a91-983e-e93a8b959834&provinciaNombre=Murcia,TOTANA,https://www.sepe.es/HomeSepe/en/que-es-el-sepe/que-es-el-sepe/Red-de-oficinas/DetalleOficina.html?idOficina=b9a38f2f-2e15-4980-86ed-2ff201b8cf84,30850,"C/ CALASPARRA, 46","C/ CALASPARRA, 46, 30850",37.775947,-1.494164,"Calle Calasparra, 30850 Totana, España",,Calle Calasparra,Calle Calasparra,30850,La Costera,,Totana,Región de Murcia,MU,Región de Murcia,MC,España,es,0.5,1,1,© OpenStreetMap contributors,Open Database License,https://www.openstreetmap.org/copyright
1670948192-1643,https://www.sepe.es/HomeSepe/en/que-es-el-sepe/que-es-el-sepe/Red-de-oficinas.html,Murcia,https://www.sepe.es/HomeSepe/en/que-es-el-sepe/que-es-el-sepe/Red-de-oficinas/ResultadosBusqueda.html?id=e7ebf7d0-6de8-4a91-983e-e93a8b959834&provinciaNombre=Murcia,TORRE PACHECO,https://www.sepe.es/HomeSepe/en/que-es-el-sepe/que-es-el-sepe/Red-de-oficinas/DetalleOficina.html?idOficina=70987129-ca43-4839-94a8-d296fe60eb87,30700,"C/ CARMEN MARTÍN GAITE, 26","C/ CARMEN MARTÍN GAITE, 26, 30700",37.74834995,-0.961604221,"Calle Carmen Martín Gaite, 26, 30700 Torre Pacheco, España",26,,Calle Carmen Martín Gaite,30700,,Casco,Torre Pacheco,Región de Murcia,MU,Región de Murcia,MC,España,es,1,1,1,© OpenStreetMap contributors,Open Database License,https://www.openstreetmap.org/copyright
1670948194-1644,https://www.sepe.es/HomeSepe/en/que-es-el-sepe/que-es-el-sepe/Red-de-oficinas.html,Murcia,https://www.sepe.es/HomeSepe/en/que-es-el-sepe/que-es-el-sepe/Red-de-oficinas/ResultadosBusqueda.html?id=e7ebf7d0-6de8-4a91-983e-e93a8b959834&provinciaNombre=Murcia,SAN JAVIER,https://www.sepe.es/HomeSepe/en/que-es-el-sepe/que-es-el-sepe/Red-de-oficinas/DetalleOficina.html?idOficina=1b090f9a-9284-4e04-84fe-a9681d005458,30730,"C/ SALZILLO, 2","C/ SALZILLO, 2, 30730",37.7380511,-0.8581593,"Calle Salzillo, 30710 Los Alcázares, España",,Calle Salzillo,Calle Salzillo,30710,Los Alcázares,,Los Alcázares,Región de Murcia,MU,Región de Murcia,MC,España,es,0.5,0.3,0.3,© OpenStreetMap contributors,Open Database License,https://www.openstreetmap.org/copyright
1670948197-1645,https://www.sepe.es/HomeSepe/en/que-es-el-sepe/que-es-el-sepe/Red-de-oficinas.html,Murcia,https://www.sepe.es/HomeSepe/en/que-es-el-sepe/que-es-el-sepe/Red-de-oficinas/ResultadosBusqueda.html?id=e7ebf7d0-6de8-4a91-983e-e93a8b959834&provinciaNombre=Murcia,MURCIA-SUR,https://www.sepe.es/HomeSepe/en/que-es-el-sepe/que-es-el-sepe/Red-de-oficinas/DetalleOficina.html?idOficina=1865da55-e2d2-45b1-8b49-aacd1d2bbfee,30010,"CARRETERA DE EL PALMAR, 3","CARRETERA DE EL PALMAR, 3, 30010",37.97047169,-1.131126065,"Santiago El Mayor, 30010 Murcia, España",,Santiago El Mayor,,30010,Santiago El Mayor,Murcia,Murcia,Región de Murcia,MU,Región de Murcia,MC,España,es,0.25,,1,© OpenStreetMap contributors,Open Database License,https://www.openstreetmap.org/copyright
1670948200-1646,https://www.sepe.es/HomeSepe/en/que-es-el-sepe/que-es-el-sepe/Red-de-oficinas.html,Murcia,https://www.sepe.es/HomeSepe/en/que-es-el-sepe/que-es-el-sepe/Red-de-oficinas/ResultadosBusqueda.html?id=e7ebf7d0-6de8-4a91-983e-e93a8b959834&provinciaNombre=Murcia,MURCIA NORTE,https://www.sepe.es/HomeSepe/en/que-es-el-sepe/que-es-el-sepe/Red-de-oficinas/DetalleOficina.html?idOficina=75bee4eb-9728-46b1-a731-4aa747248ab9,30004,MAHONESAS ESQUINA PINTOR SOBEJANO,"MAHONESAS ESQUINA PINTOR SOBEJANO, 30004",37.98443622,-1.134022131,"San Pedro, 30004 Murcia, España",,San Pedro,,30004,San Pedro,Murcia,Murcia,Región de Murcia,MU,Región de Murcia,MC,España,es,0.5,,1,© OpenStreetMap contributors,Open Database License,https://www.openstreetmap.org/copyright
1670948202-1647,https://www.sepe.es/HomeSepe/en/que-es-el-sepe/que-es-el-sepe/Red-de-oficinas.html,Murcia,https://www.sepe.es/HomeSepe/en/que-es-el-sepe/que-es-el-sepe/Red-de-oficinas/ResultadosBusqueda.html?id=e7ebf7d0-6de8-4a91-983e-e93a8b959834&provinciaNombre=Murcia,MURCIA ESTE,https://www.sepe.es/HomeSepe/en/que-es-el-sepe/que-es-el-sepe/Red-de-oficinas/DetalleOficina.html?idOficina=6b3a786b-73c4-4327-851b-d6622aff1f35,30007,"C/ JORGE JUAN, 2","C/ JORGE JUAN, 2, 30007",37.998448,-1.1233411,"Calle Jorge Juan, 30007 Murcia, España",,Calle Jorge Juan,Calle Jorge Juan,30007,La Flota,Murcia,Murcia,Región de Murcia,MU,Región de Murcia,MC,España,es,0.5,1,1,© OpenStreetMap contributors,Open Database License,https://www.openstreetmap.org/copyright
1670948205-1648,https://www.sepe.es/HomeSepe/en/que-es-el-sepe/que-es-el-sepe/Red-de-oficinas.html,Murcia,https://www.sepe.es/HomeSepe/en/que-es-el-sepe/que-es-el-sepe/Red-de-oficinas/ResultadosBusqueda.html?id=e7ebf7d0-6de8-4a91-983e-e93a8b959834&provinciaNombre=Murcia,MULA,https://www.sepe.es/HomeSepe/en/que-es-el-sepe/que-es-el-sepe/Red-de-oficinas/DetalleOficina.html?idOficina=4d72afac-01fa-406c-b123-9f244df863e1,30170,"CARRETERA DE CARAVACA, 20, ESQ. C/ PROSPERIDAD, S/N.","CARRETERA DE CARAVACA, 20, ESQ. C/ PROSPERIDAD, S/N., 30170",38.055258,-1.542074,"Carretera de Caravaca, 30194 Mula, España",,,Carretera de Caravaca,30194,,,Mula,Murcia,,Región de Murcia,MC,España,es,0.705882353,,,© OpenStreetMap contributors,Open Database License,https://www.openstreetmap.org/copyright
1670948208-1649,https://www.sepe.es/HomeSepe/en/que-es-el-sepe/que-es-el-sepe/Red-de-oficinas.html,Murcia,https://www.sepe.es/HomeSepe/en/que-es-el-sepe/que-es-el-sepe/Red-de-oficinas/ResultadosBusqueda.html?id=e7ebf7d0-6de8-4a91-983e-e93a8b959834&provinciaNombre=Murcia,MORATALLA,https://www.sepe.es/HomeSepe/en/que-es-el-sepe/que-es-el-sepe/Red-de-oficinas/DetalleOficina.html?idOficina=d15a10eb-ac7a-4d09-95d7-b7f68106c319,30440,"C/ HUMANISTA ALONSO SÁNCHEZ, S/N.","C/ HUMANISTA ALONSO SÁNCHEZ, S/N., 30440",38.1890986,-1.8893863,"calle Humanista Alonso Sánchez, 30440 Moratalla, España",,calle Humanista Alonso Sánchez,calle Humanista Alonso Sánchez,30440,,,Moratalla,Región de Murcia,MU,Región de Murcia,MC,España,es,0.5,1,1,© OpenStreetMap contributors,Open Database License,https://www.openstreetmap.org/copyright
1670948210-1650,https://www.sepe.es/HomeSepe/en/que-es-el-sepe/que-es-el-sepe/Red-de-oficinas.html,Murcia,https://www.sepe.es/HomeSepe/en/que-es-el-sepe/que-es-el-sepe/Red-de-oficinas/ResultadosBusqueda.html?id=e7ebf7d0-6de8-4a91-983e-e93a8b959834&provinciaNombre=Murcia,MOLINA DE SEGURA,https://www.sepe.es/HomeSepe/en/que-es-el-sepe/que-es-el-sepe/Red-de-oficinas/DetalleOficina.html?idOficina=47daf51f-2c2e-4cb9-9732-61d1386c8721,30500,"C/ PICASSO, 49","C/ PICASSO, 49, 30500",38.0574981,-1.2041577,"Calle Picasso, 30500 Molina de Segura, España",,Calle Picasso,Calle Picasso,30500,,,Molina de Segura,Región de Murcia,MU,Región de Murcia,MC,España,es,0.5,1,1,© OpenStreetMap contributors,Open Database License,https://www.openstreetmap.org/copyright
1670948213-1651,https://www.sepe.es/HomeSepe/en/que-es-el-sepe/que-es-el-sepe/Red-de-oficinas.html,Murcia,https://www.sepe.es/HomeSepe/en/que-es-el-sepe/que-es-el-sepe/Red-de-oficinas/ResultadosBusqueda.html?id=e7ebf7d0-6de8-4a91-983e-e93a8b959834&provinciaNombre=Murcia,MAZARRON,https://www.sepe.es/HomeSepe/en/que-es-el-sepe/que-es-el-sepe/Red-de-oficinas/DetalleOficina.html?idOficina=b316279c-404f-4955-b36b-3873f3936bbc,30870,"C/ LARDINES, 10","C/ LARDINES, 10, 30870",37.6008555,-1.3185268,"Calle Lardines, 30870 Mazarrón, España",,Calle Lardines,Calle Lardines,30870,,,Mazarrón,Región de Murcia,MU,Región de Murcia,MC,España,es,0.5,1,1,© OpenStreetMap contributors,Open Database License,https://www.openstreetmap.org/copyright
1670948215-1652,https://www.sepe.es/HomeSepe/en/que-es-el-sepe/que-es-el-sepe/Red-de-oficinas.html,Murcia,https://www.sepe.es/HomeSepe/en/que-es-el-sepe/que-es-el-sepe/Red-de-oficinas/ResultadosBusqueda.html?id=e7ebf7d0-6de8-4a91-983e-e93a8b959834&provinciaNombre=Murcia,LORCA,https://www.sepe.es/HomeSepe/en/que-es-el-sepe/que-es-el-sepe/Red-de-oficinas/DetalleOficina.html?idOficina=3de3dfce-4817-459a-ba83-ae9e5cb54581,30800,"C/ DIEGO PALLARÉS CACHA, S/N","C/ DIEGO PALLARÉS CACHA, S/N, 30800",37.9285302,-1.71110085,"30800 Lorca, España",,Lorca,,30800,,,Lorca,Región de Murcia,MU,Región de Murcia,MC,España,es,0.838709677,,1,© OpenStreetMap contributors,Open Database License,https://www.openstreetmap.org/copyright
1670948218-1653,https://www.sepe.es/HomeSepe/en/que-es-el-sepe/que-es-el-sepe/Red-de-oficinas.html,Murcia,https://www.sepe.es/HomeSepe/en/que-es-el-sepe/que-es-el-sepe/Red-de-oficinas/ResultadosBusqueda.html?id=e7ebf7d0-6de8-4a91-983e-e93a8b959834&provinciaNombre=Murcia,LA UNION,https://www.sepe.es/HomeSepe/en/que-es-el-sepe/que-es-el-sepe/Red-de-oficinas/DetalleOficina.html?idOficina=5d8ab1ef-af1b-49c0-ac75-6c4c7c236fb3,30360,"C/ SAN GIL, 8","C/ SAN GIL, 8, 30360",43.307233,-2.384754,"San Gil, 8, 20830 Motrico, España",8,,San Gil,20830,,,Motrico,Guipúzcoa,SS,País Vasco/Euskadi,,España,es,0,,,© OpenStreetMap contributors,Open Database License,https://www.openstreetmap.org/copyright
1670948221-1654,https://www.sepe.es/HomeSepe/en/que-es-el-sepe/que-es-el-sepe/Red-de-oficinas.html,Murcia,https://www.sepe.es/HomeSepe/en/que-es-el-sepe/que-es-el-sepe/Red-de-oficinas/ResultadosBusqueda.html?id=e7ebf7d0-6de8-4a91-983e-e93a8b959834&provinciaNombre=Murcia,JUMILLA,https://www.sepe.es/HomeSepe/en/que-es-el-sepe/que-es-el-sepe/Red-de-oficinas/DetalleOficina.html?idOficina=60ded739-b080-4cb8-9b70-872c17ab6e5d,30520,"C/ COLÓN, 5","C/ COLÓN, 5, 30520",38.4737397,-1.3257393,"Calle Colón, 30520 Jumilla, España",,Calle Colón,Calle Colón,30520,La Estacada,,Jumilla,Región de Murcia,MU,Región de Murcia,MC,España,es,0.5,1,1,© OpenStreetMap contributors,Open Database License,https://www.openstreetmap.org/copyright
1670948223-1655,https://www.sepe.es/HomeSepe/en/que-es-el-sepe/que-es-el-sepe/Red-de-oficinas.html,Murcia,https://www.sepe.es/HomeSepe/en/que-es-el-sepe/que-es-el-sepe/Red-de-oficinas/ResultadosBusqueda.html?id=e7ebf7d0-6de8-4a91-983e-e93a8b959834&provinciaNombre=Murcia,FORTUNA,https://www.sepe.es/HomeSepe/en/que-es-el-sepe/que-es-el-sepe/Red-de-oficinas/DetalleOficina.html?idOficina=1f35e6b1-6f6f-4649-93d3-3581bbf69059,30620,"PLAZA TERCERA EDAD, S/N","PLAZA TERCERA EDAD, S/N, 30620",38.18901448,-1.12058345,"30620 Fortuna, España",,Fortuna,,30620,,,Fortuna,Región de Murcia,MU,Región de Murcia,MC,España,es,0,,1,© OpenStreetMap contributors,Open Database License,https://www.openstreetmap.org/copyright
1670948226-1656,https://www.sepe.es/HomeSepe/en/que-es-el-sepe/que-es-el-sepe/Red-de-oficinas.html,Murcia,https://www.sepe.es/HomeSepe/en/que-es-el-sepe/que-es-el-sepe/Red-de-oficinas/ResultadosBusqueda.html?id=e7ebf7d0-6de8-4a91-983e-e93a8b959834&provinciaNombre=Murcia,CIEZA,https://www.sepe.es/HomeSepe/en/que-es-el-sepe/que-es-el-sepe/Red-de-oficinas/DetalleOficina.html?idOficina=e09e49b0-c22e-4fe9-b096-3179530b4382,30530,"CAMINO DE MURCIA, 78","CAMINO DE MURCIA, 78, 30530",38.23692,-1.4203104,"Camino de Murcia, 30530 Cieza, España",,Camino de Murcia,Camino de Murcia,30530,,,Cieza,Región de Murcia,MU,Región de Murcia,MC,España,es,0.5,1,1,© OpenStreetMap contributors,Open Database License,https://www.openstreetmap.org/copyright
1670948229-1657,https://www.sepe.es/HomeSepe/en/que-es-el-sepe/que-es-el-sepe/Red-de-oficinas.html,Murcia,https://www.sepe.es/HomeSepe/en/que-es-el-sepe/que-es-el-sepe/Red-de-oficinas/ResultadosBusqueda.html?id=e7ebf7d0-6de8-4a91-983e-e93a8b959834&provinciaNombre=Murcia,CEHEGIN,https://www.sepe.es/HomeSepe/en/que-es-el-sepe/que-es-el-sepe/Red-de-oficinas/DetalleOficina.html?idOficina=d65b8b03-4e50-4978-9d12-a312b352446c,30430,"CARRETERA DE MURCIA, ESQ. C/ CUESTA DEL PARADOR, S/N","CARRETERA DE MURCIA, ESQ. C/ CUESTA DEL PARADOR, S/N, 30430",38.09109059,-1.793073287,"30430 Cehegín, España",,Cehegín,,30430,,,Cehegín,Región de Murcia,MU,Región de Murcia,MC,España,es,0.735849057,,1,© OpenStreetMap contributors,Open Database License,https://www.openstreetmap.org/copyright
1670948231-1658,https://www.sepe.es/HomeSepe/en/que-es-el-sepe/que-es-el-sepe/Red-de-oficinas.html,Murcia,https://www.sepe.es/HomeSepe/en/que-es-el-sepe/que-es-el-sepe/Red-de-oficinas/ResultadosBusqueda.html?id=e7ebf7d0-6de8-4a91-983e-e93a8b959834&provinciaNombre=Murcia,CARTAGENA,https://www.sepe.es/HomeSepe/en/que-es-el-sepe/que-es-el-sepe/Red-de-oficinas/DetalleOficina.html?idOficina=8762217d-58e1-48b9-a98d-950bec24f41f,30300,"AVDA. DE MURCIA, 7","AVDA. DE MURCIA, 7, 30300",37.6122508,-0.983895,"Oficina de Empleo, Avenida de Murcia, 7, 30300 Cartagena, España",7,Oficina de Empleo,Avenida de Murcia,30300,,Diputación de Cartagena Casco,Cartagena,Región de Murcia,MU,Región de Murcia,MC,España,es,1,1,1,© OpenStreetMap contributors,Open Database License,https://www.openstreetmap.org/copyright
1670948234-1659,https://www.sepe.es/HomeSepe/en/que-es-el-sepe/que-es-el-sepe/Red-de-oficinas.html,Murcia,https://www.sepe.es/HomeSepe/en/que-es-el-sepe/que-es-el-sepe/Red-de-oficinas/ResultadosBusqueda.html?id=e7ebf7d0-6de8-4a91-983e-e93a8b959834&provinciaNombre=Murcia,CARAVACA DE LA CRUZ,https://www.sepe.es/HomeSepe/en/que-es-el-sepe/que-es-el-sepe/Red-de-oficinas/DetalleOficina.html?idOficina=e07f6c72-4138-4378-8ab3-f29969b1e189,30400,"C/ MARTÍNEZ NEVADO, 3","C/ MARTÍNEZ NEVADO, 3, 30400",38.1051782,-1.870286,"Calle Martínez Nevado, 30400 Caravaca de la Cruz, España",,Calle Martínez Nevado,Calle Martínez Nevado,30400,La Buenavista,,Caravaca de la Cruz,Región de Murcia,MU,Región de Murcia,MC,España,es,0.5,1,1,© OpenStreetMap contributors,Open Database License,https://www.openstreetmap.org/copyright
1670948236-1660,https://www.sepe.es/HomeSepe/en/que-es-el-sepe/que-es-el-sepe/Red-de-oficinas.html,Murcia,https://www.sepe.es/HomeSepe/en/que-es-el-sepe/que-es-el-sepe/Red-de-oficinas/ResultadosBusqueda.html?id=e7ebf7d0-6de8-4a91-983e-e93a8b959834&provinciaNombre=Murcia,CALASPARRA,https://www.sepe.es/HomeSepe/en/que-es-el-sepe/que-es-el-sepe/Red-de-oficinas/DetalleOficina.html?idOficina=8845f451-06bb-441d-bed5-94811f353677,30420,"AVDA. PRIMERO DE MAYO, 30","AVDA. PRIMERO DE MAYO, 30, 30420",38.24081297,-1.707280637,"30420 Calasparra, España",,Calasparra,,30420,,,Calasparra,Región de Murcia,MU,Región de Murcia,MC,España,es,0,,1,© OpenStreetMap contributors,Open Database License,https://www.openstreetmap.org/copyright
1670948239-1661,https://www.sepe.es/HomeSepe/en/que-es-el-sepe/que-es-el-sepe/Red-de-oficinas.html,Murcia,https://www.sepe.es/HomeSepe/en/que-es-el-sepe/que-es-el-sepe/Red-de-oficinas/ResultadosBusqueda.html?id=e7ebf7d0-6de8-4a91-983e-e93a8b959834&provinciaNombre=Murcia,BULLAS,https://www.sepe.es/HomeSepe/en/que-es-el-sepe/que-es-el-sepe/Red-de-oficinas/DetalleOficina.html?idOficina=9621acf8-130f-4306-963f-90b8c623a768,30180,"C/ IGLESIA, S/N","C/ IGLESIA, S/N, 30180",38.05143286,-1.662969484,"30180 Bullas, España",,Bullas,,30180,,,Bullas,Región de Murcia,MU,Región de Murcia,MC,España,es,0,,1,© OpenStreetMap contributors,Open Database License,https://www.openstreetmap.org/copyright
1670948242-1662,https://www.sepe.es/HomeSepe/en/que-es-el-sepe/que-es-el-sepe/Red-de-oficinas.html,Murcia,https://www.sepe.es/HomeSepe/en/que-es-el-sepe/que-es-el-sepe/Red-de-oficinas/ResultadosBusqueda.html?id=e7ebf7d0-6de8-4a91-983e-e93a8b959834&provinciaNombre=Murcia,ARCHENA,https://www.sepe.es/HomeSepe/en/que-es-el-sepe/que-es-el-sepe/Red-de-oficinas/DetalleOficina.html?idOficina=2efcccfb-920c-4c1c-9cee-aa1311fdc56b,30600,"C/ AZALEA, 16","C/ AZALEA, 16, 30600",38.1175662,-1.3053697,"Calle Azalea, 30600 Archena, España",,Calle Azalea,Calle Azalea,30600,Las Arboledas,,Archena,Región de Murcia,MU,Región de Murcia,MC,España,es,0.5,1,1,© OpenStreetMap contributors,Open Database License,https://www.openstreetmap.org/copyright
1670948244-1663,https://www.sepe.es/HomeSepe/en/que-es-el-sepe/que-es-el-sepe/Red-de-oficinas.html,Murcia,https://www.sepe.es/HomeSepe/en/que-es-el-sepe/que-es-el-sepe/Red-de-oficinas/ResultadosBusqueda.html?id=e7ebf7d0-6de8-4a91-983e-e93a8b959834&provinciaNombre=Murcia,ALHAMA DE MURCIA,https://www.sepe.es/HomeSepe/en/que-es-el-sepe/que-es-el-sepe/Red-de-oficinas/DetalleOficina.html?idOficina=61062475-f276-4e4b-95f3-5c5be040304b,30840,"C/ PERÚ, 14","C/ PERÚ, 14, 30840",37.8433578,-1.4287037,"Calle Perú, 30840 Alhama de Murcia, España",,Calle Perú,Calle Perú,30840,Las Barracas,,Alhama de Murcia,Región de Murcia,MU,Región de Murcia,MC,España,es,0.5,1,1,© OpenStreetMap contributors,Open Database License,https://www.openstreetmap.org/copyright
1670948247-1664,https://www.sepe.es/HomeSepe/en/que-es-el-sepe/que-es-el-sepe/Red-de-oficinas.html,Murcia,https://www.sepe.es/HomeSepe/en/que-es-el-sepe/que-es-el-sepe/Red-de-oficinas/ResultadosBusqueda.html?id=e7ebf7d0-6de8-4a91-983e-e93a8b959834&provinciaNombre=Murcia,ALCANTARILLA,https://www.sepe.es/HomeSepe/en/que-es-el-sepe/que-es-el-sepe/Red-de-oficinas/DetalleOficina.html?idOficina=a271855d-789f-47cc-b8fb-59a1f64803e6,30820,"C/ ALCALDE PEDRO CASCALES, 20","C/ ALCALDE PEDRO CASCALES, 20, 30820",37.97221489,-1.210474568,"30820 Alcantarilla, España",,Alcantarilla,,30820,,,Alcantarilla,Región de Murcia,MU,Región de Murcia,MC,España,es,0,,1,© OpenStreetMap contributors,Open Database License,https://www.openstreetmap.org/copyright
1670948250-1665,https://www.sepe.es/HomeSepe/en/que-es-el-sepe/que-es-el-sepe/Red-de-oficinas.html,Murcia,https://www.sepe.es/HomeSepe/en/que-es-el-sepe/que-es-el-sepe/Red-de-oficinas/ResultadosBusqueda.html?id=e7ebf7d0-6de8-4a91-983e-e93a8b959834&provinciaNombre=Murcia,AGUILAS,https://www.sepe.es/HomeSepe/en/que-es-el-sepe/que-es-el-sepe/Red-de-oficinas/DetalleOficina.html?idOficina=50259e8b-0875-49fa-aa6d-83accbcef92b,30880,"C/ SANTA MARÍA, 14","C/ SANTA MARÍA, 14, 30880",37.4075233,-1.5777718,"Calle Santa María, 30880 Águilas, España",,Calle Santa María,Calle Santa María,30880,El Hornillo,,Águilas,Región de Murcia,MU,Región de Murcia,MC,España,es,0.5,1,1,© OpenStreetMap contributors,Open Database License,https://www.openstreetmap.org/copyright
1670948255-1666,https://www.sepe.es/HomeSepe/en/que-es-el-sepe/que-es-el-sepe/Red-de-oficinas.html,Melilla,https://www.sepe.es/HomeSepe/en/que-es-el-sepe/que-es-el-sepe/Red-de-oficinas/ResultadosBusqueda.html?id=9cf0d88e-dc08-4ef7-a79f-509519dcf3f3&provinciaNombre=Melilla,MELILLA,https://www.sepe.es/HomeSepe/en/que-es-el-sepe/que-es-el-sepe/Red-de-oficinas/DetalleOficina.html?idOficina=807f3e1e-7148-4e43-8866-73248150aa9b,52006,"C/ GURUGÚ, 2 LOCAL 3","C/ GURUGÚ, 2 LOCAL 3, 52006",35.27997218,-2.940562365,"Melilla, 52006 ML, España",,Melilla,,52006,,,,,,Melilla,ML,España,es,0,,1,© OpenStreetMap contributors,Open Database License,https://www.openstreetmap.org/copyright
1670948260-1667,https://www.sepe.es/HomeSepe/en/que-es-el-sepe/que-es-el-sepe/Red-de-oficinas.html,Málaga,https://www.sepe.es/HomeSepe/en/que-es-el-sepe/que-es-el-sepe/Red-de-oficinas/ResultadosBusqueda.html?id=da0bd097-5646-4e8c-a6ea-e5c1a1824289&provinciaNombre=Malaga,VELEZ MALAGA,https://www.sepe.es/HomeSepe/en/que-es-el-sepe/que-es-el-sepe/Red-de-oficinas/DetalleOficina.html?idOficina=3142d50e-90cd-44f1-9489-34af52854d78,29700,"3 DE ABRIL, S/N","3 DE ABRIL, S/N, 29700",36.759322,-3.951082,"Plazuela de Barajas, 3, 29770 Torrox, España",3,,Plazuela de Barajas,29770,,Torrox,Torrox,Málaga,MA,Andalucía,AN,España,es,0.4725,0.1701,0.3,© OpenStreetMap contributors,Open Database License,https://www.openstreetmap.org/copyright
1670948263-1668,https://www.sepe.es/HomeSepe/en/que-es-el-sepe/que-es-el-sepe/Red-de-oficinas.html,Málaga,https://www.sepe.es/HomeSepe/en/que-es-el-sepe/que-es-el-sepe/Red-de-oficinas/ResultadosBusqueda.html?id=da0bd097-5646-4e8c-a6ea-e5c1a1824289&provinciaNombre=Malaga,TORROX,https://www.sepe.es/HomeSepe/en/que-es-el-sepe/que-es-el-sepe/Red-de-oficinas/DetalleOficina.html?idOficina=d95a02cf-e339-41eb-a34b-52835369c5ce,29770,"C/ ALMEDINA, 20","C/ ALMEDINA, 20, 29770",36.7573063,-3.9525328,"Calle Almedina, 29770 Torrox, España",,Calle Almedina,Calle Almedina,29770,,,Torrox,La Axarquía,,Andalucía,AN,España,es,0.5,1,1,© OpenStreetMap contributors,Open Database License,https://www.openstreetmap.org/copyright
1670948265-1669,https://www.sepe.es/HomeSepe/en/que-es-el-sepe/que-es-el-sepe/Red-de-oficinas.html,Málaga,https://www.sepe.es/HomeSepe/en/que-es-el-sepe/que-es-el-sepe/Red-de-oficinas/ResultadosBusqueda.html?id=da0bd097-5646-4e8c-a6ea-e5c1a1824289&provinciaNombre=Malaga,TORREMOLINOS,https://www.sepe.es/HomeSepe/en/que-es-el-sepe/que-es-el-sepe/Red-de-oficinas/DetalleOficina.html?idOficina=ce191f4b-9670-43a8-bb61-a18843060a8c,29620,"C/ JOSÉ MARÍA AMADO, 1 PORTAL 1 BLOQUE A","C/ JOSÉ MARÍA AMADO, 1 PORTAL 1 BLOQUE A, 29620",36.730079,-4.389707,"Calle José María Amado, 1, 29016 Málaga, España",1,,Calle José María Amado,29016,,,Málaga,Málaga,MA,Andalucía,AN,España,es,0.9,0.3,0.3,© OpenStreetMap contributors,Open Database License,https://www.openstreetmap.org/copyright
1670948268-1670,https://www.sepe.es/HomeSepe/en/que-es-el-sepe/que-es-el-sepe/Red-de-oficinas.html,Málaga,https://www.sepe.es/HomeSepe/en/que-es-el-sepe/que-es-el-sepe/Red-de-oficinas/ResultadosBusqueda.html?id=da0bd097-5646-4e8c-a6ea-e5c1a1824289&provinciaNombre=Malaga,RONDA,https://www.sepe.es/HomeSepe/en/que-es-el-sepe/que-es-el-sepe/Red-de-oficinas/DetalleOficina.html?idOficina=ba2f387a-181a-494a-af58-e360271e4906,29400,"C/ FERNANDO DE LOS RÍOS, 3","C/ FERNANDO DE LOS RÍOS, 3, 29400",36.7506855,-5.1648093,"Calle Fernando de los Ríos, 29400 Ronda, España",,Calle Fernando de los Ríos,Calle Fernando de los Ríos,29400,,,Ronda,Serranía de Ronda,,Andalucía,AN,España,es,0.5,1,1,© OpenStreetMap contributors,Open Database License,https://www.openstreetmap.org/copyright
1670948271-1671,https://www.sepe.es/HomeSepe/en/que-es-el-sepe/que-es-el-sepe/Red-de-oficinas.html,Málaga,https://www.sepe.es/HomeSepe/en/que-es-el-sepe/que-es-el-sepe/Red-de-oficinas/ResultadosBusqueda.html?id=da0bd097-5646-4e8c-a6ea-e5c1a1824289&provinciaNombre=Malaga,NERJA,https://www.sepe.es/HomeSepe/en/que-es-el-sepe/que-es-el-sepe/Red-de-oficinas/DetalleOficina.html?idOficina=ed1f4823-db51-4776-b5fd-57664fc3bed4,29780,"C/ CHAPARIL, 9, EDIF. CORDOBA","C/ CHAPARIL, 9, EDIF. CORDOBA, 29780",36.74380025,-3.882128551,"Calle Chaparil, 9, 29780 Nerja, España",9,,Calle Chaparil,29780,,,Nerja,La Axarquía,,Andalucía,AN,España,es,0.95,1,1,© OpenStreetMap contributors,Open Database License,https://www.openstreetmap.org/copyright
1670948274-1672,https://www.sepe.es/HomeSepe/en/que-es-el-sepe/que-es-el-sepe/Red-de-oficinas.html,Málaga,https://www.sepe.es/HomeSepe/en/que-es-el-sepe/que-es-el-sepe/Red-de-oficinas/ResultadosBusqueda.html?id=da0bd097-5646-4e8c-a6ea-e5c1a1824289&provinciaNombre=Malaga,MARBELLA - SAN PEDRO ALCANTARA,https://www.sepe.es/HomeSepe/en/que-es-el-sepe/que-es-el-sepe/Red-de-oficinas/DetalleOficina.html?idOficina=ca930e86-ff89-4500-bec5-5e8398335bf0,29670,"C/ TOLOX, LOCAL 17 BLOQUE B-5","C/ TOLOX, LOCAL 17 BLOQUE B-5, 29670",36.48423161,-4.990122947,"San Pedro de Alcántara, 29670 Marbella, España",,San Pedro de Alcántara,,29670,,,Marbella,Costa del Sol Occidental,,Andalucía,AN,España,es,0.666666667,,1,© OpenStreetMap contributors,Open Database License,https://www.openstreetmap.org/copyright
1670948277-1673,https://www.sepe.es/HomeSepe/en/que-es-el-sepe/que-es-el-sepe/Red-de-oficinas.html,Málaga,https://www.sepe.es/HomeSepe/en/que-es-el-sepe/que-es-el-sepe/Red-de-oficinas/ResultadosBusqueda.html?id=da0bd097-5646-4e8c-a6ea-e5c1a1824289&provinciaNombre=Malaga,MARBELLA - LAS PALOMAS,https://www.sepe.es/HomeSepe/en/que-es-el-sepe/que-es-el-sepe/Red-de-oficinas/DetalleOficina.html?idOficina=f6a3efe4-4efe-4ede-b89a-f006fe8da6d8,29600,"AVDA. ARIAS DE VELASCO, 33","AVDA. ARIAS DE VELASCO, 33, 29600",36.5169938,-4.8871908,"Avenida Arias de Velasco, 33, 29601 Marbella, España",33,,Avenida Arias de Velasco,29601,Miraflores,,Marbella,Costa del Sol Occidental,,Andalucía,AN,España,es,1,0.3,0.3,© OpenStreetMap contributors,Open Database License,https://www.openstreetmap.org/copyright
1670948279-1674,https://www.sepe.es/HomeSepe/en/que-es-el-sepe/que-es-el-sepe/Red-de-oficinas.html,Málaga,https://www.sepe.es/HomeSepe/en/que-es-el-sepe/que-es-el-sepe/Red-de-oficinas/ResultadosBusqueda.html?id=da0bd097-5646-4e8c-a6ea-e5c1a1824289&provinciaNombre=Malaga,MALAGA - TEATINOS,https://www.sepe.es/HomeSepe/en/que-es-el-sepe/que-es-el-sepe/Red-de-oficinas/DetalleOficina.html?idOficina=1922c2e0-f157-4252-bf6a-778db57792a7,29010,"C/ KANDINSKY, 26","C/ KANDINSKY, 26, 29010",36.714618,-4.4663608,"Calle Kandinsky, 26, 29010 Málaga, España",26,,Calle Kandinsky,29010,,Teatinos-Universidad,Málaga,Málaga-Costa del Sol,,Andalucía,AN,España,es,1,1,1,© OpenStreetMap contributors,Open Database License,https://www.openstreetmap.org/copyright
1670948282-1675,https://www.sepe.es/HomeSepe/en/que-es-el-sepe/que-es-el-sepe/Red-de-oficinas.html,Málaga,https://www.sepe.es/HomeSepe/en/que-es-el-sepe/que-es-el-sepe/Red-de-oficinas/ResultadosBusqueda.html?id=da0bd097-5646-4e8c-a6ea-e5c1a1824289&provinciaNombre=Malaga,MALAGA - LA UNION,https://www.sepe.es/HomeSepe/en/que-es-el-sepe/que-es-el-sepe/Red-de-oficinas/DetalleOficina.html?idOficina=7dc7cd52-4091-4ddc-8bd1-f4d53063ed96,29006,"PASAJE  EGUILUZ, 36 PORTAL 6","PASAJE  EGUILUZ, 36 PORTAL 6, 29006",36.711329,-4.435973,"Pasaje Eguiluz, 6, 29006 Málaga, España",6,,Pasaje Eguiluz,29006,,Málaga,Málaga,Málaga,MA,Andalucía,AN,España,es,0.5,1,1,© OpenStreetMap contributors,Open Database License,https://www.openstreetmap.org/copyright
1670948285-1676,https://www.sepe.es/HomeSepe/en/que-es-el-sepe/que-es-el-sepe/Red-de-oficinas.html,Málaga,https://www.sepe.es/HomeSepe/en/que-es-el-sepe/que-es-el-sepe/Red-de-oficinas/ResultadosBusqueda.html?id=da0bd097-5646-4e8c-a6ea-e5c1a1824289&provinciaNombre=Malaga,MALAGA - LA PAZ,https://www.sepe.es/HomeSepe/en/que-es-el-sepe/que-es-el-sepe/Red-de-oficinas/DetalleOficina.html?idOficina=224fc660-bb98-439a-b7a9-295ed3065672,29004,"C/ CAMINO DE LOS GUINDOS, 13","C/ CAMINO DE LOS GUINDOS, 13, 29004",36.693522,-4.449679,"Camino de los Guindos, 13, 29004 Málaga, España",13,,Camino de los Guindos,29004,,Málaga,Málaga,Málaga,MA,Andalucía,AN,España,es,0.9,0.9,1,© OpenStreetMap contributors,Open Database License,https://www.openstreetmap.org/copyright
1670948287-1677,https://www.sepe.es/HomeSepe/en/que-es-el-sepe/que-es-el-sepe/Red-de-oficinas.html,Málaga,https://www.sepe.es/HomeSepe/en/que-es-el-sepe/que-es-el-sepe/Red-de-oficinas/ResultadosBusqueda.html?id=da0bd097-5646-4e8c-a6ea-e5c1a1824289&provinciaNombre=Malaga,MALAGA - GAMARRA,https://www.sepe.es/HomeSepe/en/que-es-el-sepe/que-es-el-sepe/Red-de-oficinas/DetalleOficina.html?idOficina=ca932370-589c-4679-8094-3c9f5973afc7,29007,"C/ CAPITÁN MARCOS GARCÍA, 2","C/ CAPITÁN MARCOS GARCÍA, 2, 29007",36.7211301,-4.4374631,"Calle Capitán Marcos García, 2, 29007 Málaga, España",2,,Calle Capitán Marcos García,29007,,Cruz de Humilladero,Málaga,Málaga-Costa del Sol,,Andalucía,AN,España,es,1,1,1,© OpenStreetMap contributors,Open Database License,https://www.openstreetmap.org/copyright
1670948290-1678,https://www.sepe.es/HomeSepe/en/que-es-el-sepe/que-es-el-sepe/Red-de-oficinas.html,Málaga,https://www.sepe.es/HomeSepe/en/que-es-el-sepe/que-es-el-sepe/Red-de-oficinas/ResultadosBusqueda.html?id=da0bd097-5646-4e8c-a6ea-e5c1a1824289&provinciaNombre=Malaga,MALAGA - EL PALO,https://www.sepe.es/HomeSepe/en/que-es-el-sepe/que-es-el-sepe/Red-de-oficinas/DetalleOficina.html?idOficina=0280a2bf-6d0b-4b84-ac52-65cae5f24bcb,29017,"C/ VENEZUELA, 1","C/ VENEZUELA, 1, 29017",36.722065,-4.3677649,"Calle Venezuela, 1, 29017 Málaga, España",1,,Calle Venezuela,29017,,Este,Málaga,Málaga-Costa del Sol,,Andalucía,AN,España,es,1,1,1,© OpenStreetMap contributors,Open Database License,https://www.openstreetmap.org/copyright
1670948295-1679,https://www.sepe.es/HomeSepe/en/que-es-el-sepe/que-es-el-sepe/Red-de-oficinas.html,Málaga,https://www.sepe.es/HomeSepe/en/que-es-el-sepe/que-es-el-sepe/Red-de-oficinas/ResultadosBusqueda.html?id=da0bd097-5646-4e8c-a6ea-e5c1a1824289&provinciaNombre=Malaga,MALAGA - CAPUCHINOS,https://www.sepe.es/HomeSepe/en/que-es-el-sepe/que-es-el-sepe/Red-de-oficinas/DetalleOficina.html?idOficina=2e98d3ae-33b5-4c14-8543-25e964138749,29013,"C/ DUQUE DE RIVAS, 25","C/ DUQUE DE RIVAS, 25, 29013",36.7285523,-4.4243285,"Calle Duque de Rivas, 25, 29013 Málaga, España",25,,Calle Duque de Rivas,29013,,Centro,Málaga,Málaga-Costa del Sol,,Andalucía,AN,España,es,1,1,1,© OpenStreetMap contributors,Open Database License,https://www.openstreetmap.org/copyright
1670948298-1680,https://www.sepe.es/HomeSepe/en/que-es-el-sepe/que-es-el-sepe/Red-de-oficinas.html,Málaga,https://www.sepe.es/HomeSepe/en/que-es-el-sepe/que-es-el-sepe/Red-de-oficinas/ResultadosBusqueda.html?id=da0bd097-5646-4e8c-a6ea-e5c1a1824289&provinciaNombre=Malaga,FUENGIROLA,https://www.sepe.es/HomeSepe/en/que-es-el-sepe/que-es-el-sepe/Red-de-oficinas/DetalleOficina.html?idOficina=cde4621b-b481-450e-a127-57507732ccc6,29640,"AVDA. MIRAMAR, 33","AVDA. MIRAMAR, 33, 29640",36.548611,-4.6369,"Avenida de Mijas, 33, 29640 Fuengirola, España",33,,Avenida de Mijas,29640,,Fuengirola,Fuengirola,Málaga,MA,Andalucía,AN,España,es,0,,,© OpenStreetMap contributors,Open Database License,https://www.openstreetmap.org/copyright
1670948300-1681,https://www.sepe.es/HomeSepe/en/que-es-el-sepe/que-es-el-sepe/Red-de-oficinas.html,Málaga,https://www.sepe.es/HomeSepe/en/que-es-el-sepe/que-es-el-sepe/Red-de-oficinas/ResultadosBusqueda.html?id=da0bd097-5646-4e8c-a6ea-e5c1a1824289&provinciaNombre=Malaga,ESTEPONA,https://www.sepe.es/HomeSepe/en/que-es-el-sepe/que-es-el-sepe/Red-de-oficinas/DetalleOficina.html?idOficina=2502e41a-d476-456e-9171-637bb61b0431,29680,"AVDA. ANDALUCÍA, S/N EDIF. MAESTRANZA","AVDA. ANDALUCÍA, S/N EDIF. MAESTRANZA, 29680",36.42592924,-5.144910566,"29680 Estepona, España",,Estepona,,29680,,,Estepona,Costa del Sol Occidental,,Andalucía,AN,España,es,0,,1,© OpenStreetMap contributors,Open Database License,https://www.openstreetmap.org/copyright
1670948303-1682,https://www.sepe.es/HomeSepe/en/que-es-el-sepe/que-es-el-sepe/Red-de-oficinas.html,Málaga,https://www.sepe.es/HomeSepe/en/que-es-el-sepe/que-es-el-sepe/Red-de-oficinas/ResultadosBusqueda.html?id=da0bd097-5646-4e8c-a6ea-e5c1a1824289&provinciaNombre=Malaga,COIN,https://www.sepe.es/HomeSepe/en/que-es-el-sepe/que-es-el-sepe/Red-de-oficinas/DetalleOficina.html?idOficina=0ef7e818-945d-482f-a253-a628362612a1,29100,"C/ CLARA CAMPOAMOR, S/N","C/ CLARA CAMPOAMOR, S/N, 29100",36.662978,-4.7609382,"Calle Clara Campoamor, 29100 Coín, España",,Calle Clara Campoamor,Calle Clara Campoamor,29100,,,Coín,Valle del Guadalhorce,,Andalucía,AN,España,es,0.9,0.9,1,© OpenStreetMap contributors,Open Database License,https://www.openstreetmap.org/copyright
1670948305-1683,https://www.sepe.es/HomeSepe/en/que-es-el-sepe/que-es-el-sepe/Red-de-oficinas.html,Málaga,https://www.sepe.es/HomeSepe/en/que-es-el-sepe/que-es-el-sepe/Red-de-oficinas/ResultadosBusqueda.html?id=da0bd097-5646-4e8c-a6ea-e5c1a1824289&provinciaNombre=Malaga,CAMPILLOS,https://www.sepe.es/HomeSepe/en/que-es-el-sepe/que-es-el-sepe/Red-de-oficinas/DetalleOficina.html?idOficina=0af5c32e-da97-46a7-a694-9b6fae9fcb64,29320,"C/ CLARA CAMPOAMOR, 19","C/ CLARA CAMPOAMOR, 19, 29320",37.0434462,-4.8681592,"Calle Clara Campoamor, 29320 Campillos, España",,Calle Clara Campoamor,Calle Clara Campoamor,29320,,,Campillos,Guadalteba,,Andalucía,AN,España,es,0.5,1,1,© OpenStreetMap contributors,Open Database License,https://www.openstreetmap.org/copyright
1670948308-1684,https://www.sepe.es/HomeSepe/en/que-es-el-sepe/que-es-el-sepe/Red-de-oficinas.html,Málaga,https://www.sepe.es/HomeSepe/en/que-es-el-sepe/que-es-el-sepe/Red-de-oficinas/ResultadosBusqueda.html?id=da0bd097-5646-4e8c-a6ea-e5c1a1824289&provinciaNombre=Malaga,BENALMADENA,https://www.sepe.es/HomeSepe/en/que-es-el-sepe/que-es-el-sepe/Red-de-oficinas/DetalleOficina.html?idOficina=16bcacee-ad51-493d-a7ce-ecb7c18151a2,29630,"C/ LAS FLORES, 2","C/ LAS FLORES, 2, 29630",36.6010427,-4.5340235,"Calle Las Flores, 29631 Arroyo de la Miel, España",,Calle Las Flores,Calle Las Flores,29631,Benalmádena Costa,,Arroyo de la Miel,Costa del Sol Occidental,,Andalucía,AN,España,es,0.5,0.3,0.3,© OpenStreetMap contributors,Open Database License,https://www.openstreetmap.org/copyright
1670948310-1685,https://www.sepe.es/HomeSepe/en/que-es-el-sepe/que-es-el-sepe/Red-de-oficinas.html,Málaga,https://www.sepe.es/HomeSepe/en/que-es-el-sepe/que-es-el-sepe/Red-de-oficinas/ResultadosBusqueda.html?id=da0bd097-5646-4e8c-a6ea-e5c1a1824289&provinciaNombre=Malaga,ARCHIDONA,https://www.sepe.es/HomeSepe/en/que-es-el-sepe/que-es-el-sepe/Red-de-oficinas/DetalleOficina.html?idOficina=bd694943-a90a-4928-97b2-fa3ade4e1883,29300,"AVDA. ANDALUCÍA, 1","AVDA. ANDALUCÍA, 1, 29300",36.906877,-4.338234,"Avenida Andalucía, 1, 29170 Colmenar, España",1,,Avenida Andalucía,29170,,,Colmenar,Málaga,MA,Andalucía,AN,España,es,1,0.3,0.3,© OpenStreetMap contributors,Open Database License,https://www.openstreetmap.org/copyright
1670948313-1686,https://www.sepe.es/HomeSepe/en/que-es-el-sepe/que-es-el-sepe/Red-de-oficinas.html,Málaga,https://www.sepe.es/HomeSepe/en/que-es-el-sepe/que-es-el-sepe/Red-de-oficinas/ResultadosBusqueda.html?id=da0bd097-5646-4e8c-a6ea-e5c1a1824289&provinciaNombre=Malaga,ANTEQUERA,https://www.sepe.es/HomeSepe/en/que-es-el-sepe/que-es-el-sepe/Red-de-oficinas/DetalleOficina.html?idOficina=338bb24e-e72c-4145-a1e3-48644f51ee6e,29200,"C/ FUNDICIÓN, 1","C/ FUNDICIÓN, 1, 29200",37.0180964,-4.5652253,"Calle Fundición, 29200 Antequera, España",,Calle Fundición,Calle Fundición,29200,,,Antequera,Antequera,,Andalucía,AN,España,es,0.5,1,1,© OpenStreetMap contributors,Open Database License,https://www.openstreetmap.org/copyright
1670948315-1687,https://www.sepe.es/HomeSepe/en/que-es-el-sepe/que-es-el-sepe/Red-de-oficinas.html,Málaga,https://www.sepe.es/HomeSepe/en/que-es-el-sepe/que-es-el-sepe/Red-de-oficinas/ResultadosBusqueda.html?id=da0bd097-5646-4e8c-a6ea-e5c1a1824289&provinciaNombre=Malaga,ALORA,https://www.sepe.es/HomeSepe/en/que-es-el-sepe/que-es-el-sepe/Red-de-oficinas/DetalleOficina.html?idOficina=99566525-e2c0-423e-946a-3a5368469165,29500,"C/ JAZMÍN, 1","C/ JAZMÍN, 1, 29500",36.8252767,-4.7051382,"Calle Jazmín, 29500 Álora, España",,Calle Jazmín,Calle Jazmín,29500,,,Álora,Valle del Guadalhorce,,Andalucía,AN,España,es,0.5,1,1,© OpenStreetMap contributors,Open Database License,https://www.openstreetmap.org/copyright
1670948321-1688,https://www.sepe.es/HomeSepe/en/que-es-el-sepe/que-es-el-sepe/Red-de-oficinas.html,Madrid,https://www.sepe.es/HomeSepe/en/que-es-el-sepe/que-es-el-sepe/Red-de-oficinas/ResultadosBusqueda.html?id=1a93c442-0805-46bf-aedd-a1d474cf672d&provinciaNombre=Madrid,VALDEMORO,https://www.sepe.es/HomeSepe/en/que-es-el-sepe/que-es-el-sepe/Red-de-oficinas/DetalleOficina.html?idOficina=fc6a6521-14c6-4206-8e54-f68f28bf28e5,28341,"C/ PASEO DE LA ESTACIÓN, 17","C/ PASEO DE LA ESTACIÓN, 17, 28341",40.192683,-3.670957,"Paseo de la Estación, 17, 28341 Valdemoro, España",17,,Paseo de la Estación,28341,,Valdemoro,Valdemoro,Madrid,,Comunidad de Madrid,MD,España,es,0.9,0.9,1,© OpenStreetMap contributors,Open Database License,https://www.openstreetmap.org/copyright
1670948323-1689,https://www.sepe.es/HomeSepe/en/que-es-el-sepe/que-es-el-sepe/Red-de-oficinas.html,Madrid,https://www.sepe.es/HomeSepe/en/que-es-el-sepe/que-es-el-sepe/Red-de-oficinas/ResultadosBusqueda.html?id=1a93c442-0805-46bf-aedd-a1d474cf672d&provinciaNombre=Madrid,TORREJON DE ARDOZ,https://www.sepe.es/HomeSepe/en/que-es-el-sepe/que-es-el-sepe/Red-de-oficinas/DetalleOficina.html?idOficina=22f65e59-1ff1-485b-8895-cb13659d61bf,28850,"C/ JUAN XXIII, 6-8-10","C/ JUAN XXIII, 6-8-10, 28850",40.456203,-3.482075,"Calle de Juan XXIII, 10, 28850 Torrejón De Ardoz, España",10,,Calle de Juan XXIII,28850,,,Torrejón De Ardoz,Madrid,,Comunidad de Madrid,MD,España,es,0,,,© OpenStreetMap contributors,Open Database License,https://www.openstreetmap.org/copyright
1670948326-1690,https://www.sepe.es/HomeSepe/en/que-es-el-sepe/que-es-el-sepe/Red-de-oficinas.html,Madrid,https://www.sepe.es/HomeSepe/en/que-es-el-sepe/que-es-el-sepe/Red-de-oficinas/ResultadosBusqueda.html?id=1a93c442-0805-46bf-aedd-a1d474cf672d&provinciaNombre=Madrid,SAN SEBASTIAN DE LOS REYES,https://www.sepe.es/HomeSepe/en/que-es-el-sepe/que-es-el-sepe/Red-de-oficinas/DetalleOficina.html?idOficina=9c98c825-9e92-4060-b6a1-1f0b773141b8,28703,"C/ ISLA DEL HIERRO, 7","C/ ISLA DEL HIERRO, 7, 28703",40.556241,-3.619878,"Calle de Isla del Hierro, 7, 28703 San Sebastián De Los Reyes, España",7,,Calle de Isla del Hierro,28703,,,San Sebastián De Los Reyes,Madrid,,Comunidad de Madrid,MD,España,es,0.7,0.7,1,© OpenStreetMap contributors,Open Database License,https://www.openstreetmap.org/copyright
1670948329-1691,https://www.sepe.es/HomeSepe/en/que-es-el-sepe/que-es-el-sepe/Red-de-oficinas.html,Madrid,https://www.sepe.es/HomeSepe/en/que-es-el-sepe/que-es-el-sepe/Red-de-oficinas/ResultadosBusqueda.html?id=1a93c442-0805-46bf-aedd-a1d474cf672d&provinciaNombre=Madrid,RIVAS-VACIAMADRID,https://www.sepe.es/HomeSepe/en/que-es-el-sepe/que-es-el-sepe/Red-de-oficinas/DetalleOficina.html?idOficina=8f26e629-41dc-4b27-a91a-50c8974adc36,28521,"C/ MARIE CURIE 5-7, EDF  B - PLANTA BAJA","C/ MARIE CURIE 5-7, EDF  B - PLANTA BAJA, 28521",40.3380915,-3.5251982,"Calle Marie Curie, 28521 Rivas Vaciamadrid, España",,Calle Marie Curie,Calle Marie Curie,28521,Rivas Este,Las Colinas,Rivas Vaciamadrid,,,Comunidad de Madrid,MD,España,es,0.5,1,1,© OpenStreetMap contributors,Open Database License,https://www.openstreetmap.org/copyright
1670948331-1692,https://www.sepe.es/HomeSepe/en/que-es-el-sepe/que-es-el-sepe/Red-de-oficinas.html,Madrid,https://www.sepe.es/HomeSepe/en/que-es-el-sepe/que-es-el-sepe/Red-de-oficinas/ResultadosBusqueda.html?id=1a93c442-0805-46bf-aedd-a1d474cf672d&provinciaNombre=Madrid,PINTO,https://www.sepe.es/HomeSepe/en/que-es-el-sepe/que-es-el-sepe/Red-de-oficinas/DetalleOficina.html?idOficina=5fe0e71f-c65b-4c86-b7bb-b197815b4a41,28320,C/ CATALUÑA ESQUINA AVDA. EUROPA,"C/ CATALUÑA ESQUINA AVDA. EUROPA, 28320",40.24634635,-3.693381754,"28320 Pinto, España",,Pinto,,28320,,,Pinto,,,Comunidad de Madrid,MD,España,es,0,,1,© OpenStreetMap contributors,Open Database License,https://www.openstreetmap.org/copyright
1670948334-1693,https://www.sepe.es/HomeSepe/en/que-es-el-sepe/que-es-el-sepe/Red-de-oficinas.html,Madrid,https://www.sepe.es/HomeSepe/en/que-es-el-sepe/que-es-el-sepe/Red-de-oficinas/ResultadosBusqueda.html?id=1a93c442-0805-46bf-aedd-a1d474cf672d&provinciaNombre=Madrid,PARLA,https://www.sepe.es/HomeSepe/en/que-es-el-sepe/que-es-el-sepe/Red-de-oficinas/DetalleOficina.html?idOficina=59bd526a-9206-4275-a47e-1161116f4846,28980,"C/ CAROLINA CORONADO, 8","C/ CAROLINA CORONADO, 8, 28980",40.37602,-3.626365,"Calle de Martín Muñoz de las Posadas, 8 C, 28031 Madrid, España",8 C,,Calle de Martín Muñoz de las Posadas,28031,Ensanche de Vallecas,,Madrid,Madrid,,Comunidad de Madrid,MD,España,es,0.285714286,0.085714286,0.3,© OpenStreetMap contributors,Open Database License,https://www.openstreetmap.org/copyright
1670948337-1694,https://www.sepe.es/HomeSepe/en/que-es-el-sepe/que-es-el-sepe/Red-de-oficinas.html,Madrid,https://www.sepe.es/HomeSepe/en/que-es-el-sepe/que-es-el-sepe/Red-de-oficinas/ResultadosBusqueda.html?id=1a93c442-0805-46bf-aedd-a1d474cf672d&provinciaNombre=Madrid,MOSTOLES - EL SOTO,https://www.sepe.es/HomeSepe/en/que-es-el-sepe/que-es-el-sepe/Red-de-oficinas/DetalleOficina.html?idOficina=ec6078a3-5dd0-4f37-8d7e-4a2c3c37eaf9,28976,"C/ PINTOR VELÁZQUEZ, 61","C/ PINTOR VELÁZQUEZ, 61, 28976",40.724818,0.694072,"Calle Pintor Sorolla, 61, San Jaime de Enveija, España",61,,Calle Pintor Sorolla,,,Deltebre,San Jaime de Enveija,Tarragona,T,Catalonia,,España,es,0,,,© OpenStreetMap contributors,Open Database License,https://www.openstreetmap.org/copyright
1670948339-1695,https://www.sepe.es/HomeSepe/en/que-es-el-sepe/que-es-el-sepe/Red-de-oficinas.html,Madrid,https://www.sepe.es/HomeSepe/en/que-es-el-sepe/que-es-el-sepe/Red-de-oficinas/ResultadosBusqueda.html?id=1a93c442-0805-46bf-aedd-a1d474cf672d&provinciaNombre=Madrid,MOSTOLES - CENTRO,https://www.sepe.es/HomeSepe/en/que-es-el-sepe/que-es-el-sepe/Red-de-oficinas/DetalleOficina.html?idOficina=83f56db7-c044-4ff1-a8f8-7d23b411d180,28935,"C/ SEVILLA, 2","C/ SEVILLA, 2, 28935",40.3249152,-3.8690443,"Calle Sevilla, 28931 Móstoles, España",,Calle Sevilla,Calle Sevilla,28931,,Parque Vosa,Móstoles,,,Comunidad de Madrid,MD,España,es,0.5,0.3,0.3,© OpenStreetMap contributors,Open Database License,https://www.openstreetmap.org/copyright
1670948342-1696,https://www.sepe.es/HomeSepe/en/que-es-el-sepe/que-es-el-sepe/Red-de-oficinas.html,Madrid,https://www.sepe.es/HomeSepe/en/que-es-el-sepe/que-es-el-sepe/Red-de-oficinas/ResultadosBusqueda.html?id=1a93c442-0805-46bf-aedd-a1d474cf672d&provinciaNombre=Madrid,MAJADAHONDA,https://www.sepe.es/HomeSepe/en/que-es-el-sepe/que-es-el-sepe/Red-de-oficinas/DetalleOficina.html?idOficina=de95a2a3-9475-4cb6-8ac9-e4a5832f5089,28220,"RONDA DEL CARRALERO, 21","RONDA DEL CARRALERO, 21, 28220",40.4582893,-3.873456,"Ronda del Carralero, 28222 Majadahonda, España",,Ronda del Carralero,Ronda del Carralero,28222,,,Majadahonda,,,Comunidad de Madrid,MD,España,es,0.5,0.3,0.3,© OpenStreetMap contributors,Open Database License,https://www.openstreetmap.org/copyright
1670948345-1697,https://www.sepe.es/HomeSepe/en/que-es-el-sepe/que-es-el-sepe/Red-de-oficinas.html,Madrid,https://www.sepe.es/HomeSepe/en/que-es-el-sepe/que-es-el-sepe/Red-de-oficinas/ResultadosBusqueda.html?id=1a93c442-0805-46bf-aedd-a1d474cf672d&provinciaNombre=Madrid,MADRID - VILLAVERDE,https://www.sepe.es/HomeSepe/en/que-es-el-sepe/que-es-el-sepe/Red-de-oficinas/DetalleOficina.html?idOficina=e0358967-2fbe-4db6-a313-5380a00b010d,28021,"AVD. REAL DE PINTO, 38","AVD. REAL DE PINTO, 38, 28021",40.345878,-3.706215,"Avenida Real de Pinto, 31, 28021 Madrid, España",31,,Avenida Real de Pinto,28021,San Andrés,,Madrid,Madrid,,Comunidad de Madrid,MD,España,es,0.7,1,1,© OpenStreetMap contributors,Open Database License,https://www.openstreetmap.org/copyright
1670948347-1698,https://www.sepe.es/HomeSepe/en/que-es-el-sepe/que-es-el-sepe/Red-de-oficinas.html,Madrid,https://www.sepe.es/HomeSepe/en/que-es-el-sepe/que-es-el-sepe/Red-de-oficinas/ResultadosBusqueda.html?id=1a93c442-0805-46bf-aedd-a1d474cf672d&provinciaNombre=Madrid,MADRID - USERA,https://www.sepe.es/HomeSepe/en/que-es-el-sepe/que-es-el-sepe/Red-de-oficinas/DetalleOficina.html?idOficina=8df15fc9-a92a-49da-8e5b-55b8fc981cf6,28026,"C/ ANTONIO LÓPEZ, 101","C/ ANTONIO LÓPEZ, 101, 28026",40.38541694,-3.706263785,"Usera, 28026 Madrid, España",,Usera,,28026,Usera,,Madrid,,,Comunidad de Madrid,MD,España,es,0.25,,1,© OpenStreetMap contributors,Open Database License,https://www.openstreetmap.org/copyright
1670948350-1699,https://www.sepe.es/HomeSepe/en/que-es-el-sepe/que-es-el-sepe/Red-de-oficinas.html,Madrid,https://www.sepe.es/HomeSepe/en/que-es-el-sepe/que-es-el-sepe/Red-de-oficinas/ResultadosBusqueda.html?id=1a93c442-0805-46bf-aedd-a1d474cf672d&provinciaNombre=Madrid,MADRID - SANTA EUGENIA,https://www.sepe.es/HomeSepe/en/que-es-el-sepe/que-es-el-sepe/Red-de-oficinas/DetalleOficina.html?idOficina=eef9d02e-5ec3-4299-8053-caeb28581d26,28031,"C/ CABEZA MESADA, 5","C/ CABEZA MESADA, 5, 28031",40.376136,-3.628323,"Calle de Cabeza Mesada, 11, 28031 Madrid, España",11,,Calle de Cabeza Mesada,28031,Ensanche de Vallecas,,Madrid,Madrid,,Comunidad de Madrid,MD,España,es,0.49,0.7,1,© OpenStreetMap contributors,Open Database License,https://www.openstreetmap.org/copyright
1670948352-1700,https://www.sepe.es/HomeSepe/en/que-es-el-sepe/que-es-el-sepe/Red-de-oficinas.html,Madrid,https://www.sepe.es/HomeSepe/en/que-es-el-sepe/que-es-el-sepe/Red-de-oficinas/ResultadosBusqueda.html?id=1a93c442-0805-46bf-aedd-a1d474cf672d&provinciaNombre=Madrid,MADRID - SANCHINARRO,https://www.sepe.es/HomeSepe/en/que-es-el-sepe/que-es-el-sepe/Red-de-oficinas/DetalleOficina.html?idOficina=9a64e3e7-4dfb-496e-8158-583bbd20ce48,28050,"AVDA. DEL INGENIERO EMILIO HERRERA, 23-27","AVDA. DEL INGENIERO EMILIO HERRERA, 23-27, 28050",40.4839622,-3.6635657,"Avenida del Ingeniero Emilio Herrera, 28050 Madrid, España",,Avenida del Ingeniero Emilio Herrera,Avenida del Ingeniero Emilio Herrera,28050,Hortaleza,Virgen del Cortijo,Madrid,,,Comunidad de Madrid,MD,España,es,0.5,1,1,© OpenStreetMap contributors,Open Database License,https://www.openstreetmap.org/copyright
1670948355-1701,https://www.sepe.es/HomeSepe/en/que-es-el-sepe/que-es-el-sepe/Red-de-oficinas.html,Madrid,https://www.sepe.es/HomeSepe/en/que-es-el-sepe/que-es-el-sepe/Red-de-oficinas/ResultadosBusqueda.html?id=1a93c442-0805-46bf-aedd-a1d474cf672d&provinciaNombre=Madrid,MADRID - SAN ISIDRO,https://www.sepe.es/HomeSepe/en/que-es-el-sepe/que-es-el-sepe/Red-de-oficinas/DetalleOficina.html?idOficina=b6c68a59-c638-42e7-928c-964e5eb3eb9b,28019,"C/ TEJARES, 2 - 4","C/ TEJARES, 2 - 4, 28019",40.403165,-3.622381,"Calle de los Juglares, 2 C, 28032 Madrid, España",2 C,,Calle de los Juglares,28032,Casco Histórico de Vicálvaro,,Madrid,Madrid,,Comunidad de Madrid,MD,España,es,0.409090909,0.136363636,0.3,© OpenStreetMap contributors,Open Database License,https://www.openstreetmap.org/copyright
1670948358-1702,https://www.sepe.es/HomeSepe/en/que-es-el-sepe/que-es-el-sepe/Red-de-oficinas.html,Madrid,https://www.sepe.es/HomeSepe/en/que-es-el-sepe/que-es-el-sepe/Red-de-oficinas/ResultadosBusqueda.html?id=1a93c442-0805-46bf-aedd-a1d474cf672d&provinciaNombre=Madrid,MADRID - PUERTA DEL ANGEL,https://www.sepe.es/HomeSepe/en/que-es-el-sepe/que-es-el-sepe/Red-de-oficinas/DetalleOficina.html?idOficina=f723118a-3f3d-4b06-91d7-beb0a055cc73,28011,"GLORIETA DEL PUENTE DE SEGOVIA, 3","GLORIETA DEL PUENTE DE SEGOVIA, 3, 28011",40.4140437,-3.7249143,"Glorieta del Puente de Segovia, 28008 Madrid, España",,Glorieta del Puente de Segovia,Glorieta del Puente de Segovia,28008,Latina,,Madrid,,,Comunidad de Madrid,MD,España,es,0.5,0.3,0.3,© OpenStreetMap contributors,Open Database License,https://www.openstreetmap.org/copyright
1670948360-1703,https://www.sepe.es/HomeSepe/en/que-es-el-sepe/que-es-el-sepe/Red-de-oficinas.html,Madrid,https://www.sepe.es/HomeSepe/en/que-es-el-sepe/que-es-el-sepe/Red-de-oficinas/ResultadosBusqueda.html?id=1a93c442-0805-46bf-aedd-a1d474cf672d&provinciaNombre=Madrid,MADRID - PROSPERIDAD,https://www.sepe.es/HomeSepe/en/que-es-el-sepe/que-es-el-sepe/Red-de-oficinas/DetalleOficina.html?idOficina=79189a51-45ba-4446-8958-abd55aeeb6c0,28002,"C/ CANILLAS, 104","C/ CANILLAS, 104, 28002",40.463921,-3.643164,"Carretera de Canillas, 104, 28043 Madrid, España",104,,Carretera de Canillas,28043,Canillas,,Madrid,Madrid,,Comunidad de Madrid,MD,España,es,0.49,0.147,0.3,© OpenStreetMap contributors,Open Database License,https://www.openstreetmap.org/copyright
1670948363-1704,https://www.sepe.es/HomeSepe/en/que-es-el-sepe/que-es-el-sepe/Red-de-oficinas.html,Madrid,https://www.sepe.es/HomeSepe/en/que-es-el-sepe/que-es-el-sepe/Red-de-oficinas/ResultadosBusqueda.html?id=1a93c442-0805-46bf-aedd-a1d474cf672d&provinciaNombre=Madrid,MADRID - NUMANCIA,https://www.sepe.es/HomeSepe/en/que-es-el-sepe/que-es-el-sepe/Red-de-oficinas/DetalleOficina.html?idOficina=cfeb5466-f97d-46ea-94f6-e51d23f841b6,28038,"C/ FRANCISCO IGLESIAS, 9 - 11","C/ FRANCISCO IGLESIAS, 9 - 11, 28038",40.399493,-3.666538,"Calle de Francisco Iglesias, 9, 28038 Madrid, España",9,,Calle de Francisco Iglesias,28038,Numancia,,Madrid,Madrid,,Comunidad de Madrid,MD,España,es,0.63,0.7,1,© OpenStreetMap contributors,Open Database License,https://www.openstreetmap.org/copyright
1670948365-1705,https://www.sepe.es/HomeSepe/en/que-es-el-sepe/que-es-el-sepe/Red-de-oficinas.html,Madrid,https://www.sepe.es/HomeSepe/en/que-es-el-sepe/que-es-el-sepe/Red-de-oficinas/ResultadosBusqueda.html?id=1a93c442-0805-46bf-aedd-a1d474cf672d&provinciaNombre=Madrid,MADRID - MORATALAZ,https://www.sepe.es/HomeSepe/en/que-es-el-sepe/que-es-el-sepe/Red-de-oficinas/DetalleOficina.html?idOficina=f62623b8-ad72-441c-b61b-e17a40f9c33c,28030,"C/ HACIENDA DE PAVONES, 350","C/ HACIENDA DE PAVONES, 350, 28030",40.398449,-3.634269,"Calle de la Hacienda de Pavones, 350, 28030 Madrid, España",350,,Calle de la Hacienda de Pavones,28030,Pavones,,Madrid,Madrid,,Comunidad de Madrid,MD,España,es,0.7,0.7,1,© OpenStreetMap contributors,Open Database License,https://www.openstreetmap.org/copyright
1670948368-1706,https://www.sepe.es/HomeSepe/en/que-es-el-sepe/que-es-el-sepe/Red-de-oficinas.html,Madrid,https://www.sepe.es/HomeSepe/en/que-es-el-sepe/que-es-el-sepe/Red-de-oficinas/ResultadosBusqueda.html?id=1a93c442-0805-46bf-aedd-a1d474cf672d&provinciaNombre=Madrid,MADRID - LEGAZPI,https://www.sepe.es/HomeSepe/en/que-es-el-sepe/que-es-el-sepe/Red-de-oficinas/DetalleOficina.html?idOficina=96b32b03-23b6-46df-9959-1289f3607d9e,28005,"PASEO DE LAS ACACIAS, 23","PASEO DE LAS ACACIAS, 23, 28005",40.40381125,-3.705901911,"Paseo de las Acacias, 23, 28005 Madrid, España",23,,Paseo de las Acacias,28005,Las Acacias,Arganzuela,Madrid,,,Comunidad de Madrid,MD,España,es,1,1,1,© OpenStreetMap contributors,Open Database License,https://www.openstreetmap.org/copyright
1670948371-1707,https://www.sepe.es/HomeSepe/en/que-es-el-sepe/que-es-el-sepe/Red-de-oficinas.html,Madrid,https://www.sepe.es/HomeSepe/en/que-es-el-sepe/que-es-el-sepe/Red-de-oficinas/ResultadosBusqueda.html?id=1a93c442-0805-46bf-aedd-a1d474cf672d&provinciaNombre=Madrid,MADRID - GOYA,https://www.sepe.es/HomeSepe/en/que-es-el-sepe/que-es-el-sepe/Red-de-oficinas/DetalleOficina.html?idOficina=e7d2f200-4183-42b1-9976-f0446214f661,28009,"C/ O'DONNELL, 12","C/ O'DONNELL, 12, 28009",40.421229,-3.677954,"Calle de O'Donnell, 12, 28009 Madrid, España",12,,Calle de O'Donnell,28009,Ibiza,,Madrid,Madrid,,Comunidad de Madrid,MD,España,es,0.7,0.7,1,© OpenStreetMap contributors,Open Database License,https://www.openstreetmap.org/copyright
1670948373-1708,https://www.sepe.es/HomeSepe/en/que-es-el-sepe/que-es-el-sepe/Red-de-oficinas.html,Madrid,https://www.sepe.es/HomeSepe/en/que-es-el-sepe/que-es-el-sepe/Red-de-oficinas/ResultadosBusqueda.html?id=1a93c442-0805-46bf-aedd-a1d474cf672d&provinciaNombre=Madrid,MADRID - CIUDAD LINEAL,https://www.sepe.es/HomeSepe/en/que-es-el-sepe/que-es-el-sepe/Red-de-oficinas/DetalleOficina.html?idOficina=0493e69c-6a37-4d51-abb2-0004de66334a,28037,"C/ MIGUEL YUSTE, 21 - 23","C/ MIGUEL YUSTE, 21 - 23, 28037",40.438981,-3.624467,"Calle de Miguel Yuste, 21, 28037 Madrid, España",21,,Calle de Miguel Yuste,28037,Simancas,,Madrid,Madrid,,Comunidad de Madrid,MD,España,es,0.63,0.7,1,© OpenStreetMap contributors,Open Database License,https://www.openstreetmap.org/copyright
1670948376-1709,https://www.sepe.es/HomeSepe/en/que-es-el-sepe/que-es-el-sepe/Red-de-oficinas.html,Madrid,https://www.sepe.es/HomeSepe/en/que-es-el-sepe/que-es-el-sepe/Red-de-oficinas/ResultadosBusqueda.html?id=1a93c442-0805-46bf-aedd-a1d474cf672d&provinciaNombre=Madrid,MADRID - BARRIO DEL PILAR,https://www.sepe.es/HomeSepe/en/que-es-el-sepe/que-es-el-sepe/Red-de-oficinas/DetalleOficina.html?idOficina=c19c07a6-6bd3-43be-8d04-9ba67b92c622,28035,"C/ CAMINO DE GANAPANES, 33","C/ CAMINO DE GANAPANES, 33, 28035",40.475118,-3.716127,"Camino de Ganapanes, 33, 28035 Madrid, España",33,,Camino de Ganapanes,28035,Peñagrande,,Madrid,Madrid,,Comunidad de Madrid,MD,España,es,0.9,0.9,1,© OpenStreetMap contributors,Open Database License,https://www.openstreetmap.org/copyright
1670948379-1710,https://www.sepe.es/HomeSepe/en/que-es-el-sepe/que-es-el-sepe/Red-de-oficinas.html,Madrid,https://www.sepe.es/HomeSepe/en/que-es-el-sepe/que-es-el-sepe/Red-de-oficinas/ResultadosBusqueda.html?id=1a93c442-0805-46bf-aedd-a1d474cf672d&provinciaNombre=Madrid,MADRID - BARRIO DE LA CONCEPCION,https://www.sepe.es/HomeSepe/en/que-es-el-sepe/que-es-el-sepe/Red-de-oficinas/DetalleOficina.html?idOficina=c22d2582-03ee-4e01-94dc-4fa17462b502,28027,"C/ VIRGEN DEL PUIG, 5","C/ VIRGEN DEL PUIG, 5, 28027",40.4330219,-3.6587204,"Calle Virgen del Puig, 28027 Madrid, España",,Calle Virgen del Puig,Calle Virgen del Puig,28027,Ciudad Lineal,,Madrid,,,Comunidad de Madrid,MD,España,es,0.5,1,1,© OpenStreetMap contributors,Open Database License,https://www.openstreetmap.org/copyright
1670948381-1711,https://www.sepe.es/HomeSepe/en/que-es-el-sepe/que-es-el-sepe/Red-de-oficinas.html,Madrid,https://www.sepe.es/HomeSepe/en/que-es-el-sepe/que-es-el-sepe/Red-de-oficinas/ResultadosBusqueda.html?id=1a93c442-0805-46bf-aedd-a1d474cf672d&provinciaNombre=Madrid,MADRID - AZCA,https://www.sepe.es/HomeSepe/en/que-es-el-sepe/que-es-el-sepe/Red-de-oficinas/DetalleOficina.html?idOficina=73d6febf-c31c-4ef1-afed-b54ea7ddbb8c,28020,"PLAZA CARLOS TRÍAS BELTRÁN, S/N","PLAZA CARLOS TRÍAS BELTRÁN, S/N, 28020",40.452078,-3.693503,"Plaza de Carlos Trias Bertrán, 4, 28020 Madrid, España",4,,Plaza de Carlos Trias Bertrán,28020,Cuatro Caminos,,Madrid,Madrid,,Comunidad de Madrid,MD,España,es,0.347142857,0.694285714,1,© OpenStreetMap contributors,Open Database License,https://www.openstreetmap.org/copyright
1670948384-1712,https://www.sepe.es/HomeSepe/en/que-es-el-sepe/que-es-el-sepe/Red-de-oficinas.html,Madrid,https://www.sepe.es/HomeSepe/en/que-es-el-sepe/que-es-el-sepe/Red-de-oficinas/ResultadosBusqueda.html?id=1a93c442-0805-46bf-aedd-a1d474cf672d&provinciaNombre=Madrid,MADRID - ATOCHA,https://www.sepe.es/HomeSepe/en/que-es-el-sepe/que-es-el-sepe/Red-de-oficinas/DetalleOficina.html?idOficina=3adf44b1-13bd-4084-b4e0-385859304445,28045,"C/ MENDEZ ÁLVARO, 7","C/ MENDEZ ÁLVARO, 7, 28045",40.395717,-3.6801095,"Méndez Álvaro, Calle de Méndez Álvaro, 28045 Madrid, España",,Méndez Álvaro,Calle de Méndez Álvaro,28045,Atocha,Arganzuela,Madrid,,,Comunidad de Madrid,MD,España,es,0.35,0.7,1,© OpenStreetMap contributors,Open Database License,https://www.openstreetmap.org/copyright
1670948387-1713,https://www.sepe.es/HomeSepe/en/que-es-el-sepe/que-es-el-sepe/Red-de-oficinas.html,Madrid,https://www.sepe.es/HomeSepe/en/que-es-el-sepe/que-es-el-sepe/Red-de-oficinas/ResultadosBusqueda.html?id=1a93c442-0805-46bf-aedd-a1d474cf672d&provinciaNombre=Madrid,MADRID - ARGUELLES,https://www.sepe.es/HomeSepe/en/que-es-el-sepe/que-es-el-sepe/Red-de-oficinas/DetalleOficina.html?idOficina=fb0082c3-da6d-4c19-9d67-5cd86de6c02c,28008,"C/ EVARISTO SAN MIGUEL, 8","C/ EVARISTO SAN MIGUEL, 8, 28008",40.425985,-3.716223,"Calle de Evaristo San Miguel, 15, 28008 Madrid, España",15,,Calle de Evaristo San Miguel,28008,Argüelles,,Madrid,Madrid,,Comunidad de Madrid,MD,España,es,0.49,0.7,1,© OpenStreetMap contributors,Open Database License,https://www.openstreetmap.org/copyright
1670948389-1714,https://www.sepe.es/HomeSepe/en/que-es-el-sepe/que-es-el-sepe/Red-de-oficinas.html,Madrid,https://www.sepe.es/HomeSepe/en/que-es-el-sepe/que-es-el-sepe/Red-de-oficinas/ResultadosBusqueda.html?id=1a93c442-0805-46bf-aedd-a1d474cf672d&provinciaNombre=Madrid,MADRID - ALUCHE,https://www.sepe.es/HomeSepe/en/que-es-el-sepe/que-es-el-sepe/Red-de-oficinas/DetalleOficina.html?idOficina=d647a4df-d4d9-4095-9fe0-42c778b323c3,28024,"C/ ILLESCAS, 189","C/ ILLESCAS, 189, 28024",40.3930238,-3.7604757,"Calle Illescas, 28024 Madrid, España",,Calle Illescas,Calle Illescas,28024,Latina,,Madrid,,,Comunidad de Madrid,MD,España,es,0.5,1,1,© OpenStreetMap contributors,Open Database License,https://www.openstreetmap.org/copyright
1670948392-1715,https://www.sepe.es/HomeSepe/en/que-es-el-sepe/que-es-el-sepe/Red-de-oficinas.html,Madrid,https://www.sepe.es/HomeSepe/en/que-es-el-sepe/que-es-el-sepe/Red-de-oficinas/ResultadosBusqueda.html?id=1a93c442-0805-46bf-aedd-a1d474cf672d&provinciaNombre=Madrid,MADRID - AGUEDA DIEZ,https://www.sepe.es/HomeSepe/en/que-es-el-sepe/que-es-el-sepe/Red-de-oficinas/DetalleOficina.html?idOficina=fd161caf-7ee7-453d-a7c1-6c1eba422d6f,28019,"PLAZA DE ÁGUEDA DIEZ, 4","PLAZA DE ÁGUEDA DIEZ, 4, 28019",40.392983,-3.712113,"Plaza de la Inmaculada Concepción, 28019 Madrid, España",,,Plaza de la Inmaculada Concepción,28019,Comillas,,Madrid,Madrid,,Comunidad de Madrid,MD,España,es,0.05,0.1,1,© OpenStreetMap contributors,Open Database License,https://www.openstreetmap.org/copyright
1670948394-1716,https://www.sepe.es/HomeSepe/en/que-es-el-sepe/que-es-el-sepe/Red-de-oficinas.html,Madrid,https://www.sepe.es/HomeSepe/en/que-es-el-sepe/que-es-el-sepe/Red-de-oficinas/ResultadosBusqueda.html?id=1a93c442-0805-46bf-aedd-a1d474cf672d&provinciaNombre=Madrid,LEGANES - CENTRO,https://www.sepe.es/HomeSepe/en/que-es-el-sepe/que-es-el-sepe/Red-de-oficinas/DetalleOficina.html?idOficina=f9bf214d-c13c-4160-8843-b527d16e62a7,28913,"C/ JESÚS MIGUEL HADDAD BLANCO, 18","C/ JESÚS MIGUEL HADDAD BLANCO, 18, 28913",40.33521225,-3.768901865,"28913 Leganés, España",,Leganés,,28913,,,Leganés,,,Comunidad de Madrid,MD,España,es,0,,1,© OpenStreetMap contributors,Open Database License,https://www.openstreetmap.org/copyright
1670948397-1717,https://www.sepe.es/HomeSepe/en/que-es-el-sepe/que-es-el-sepe/Red-de-oficinas.html,Madrid,https://www.sepe.es/HomeSepe/en/que-es-el-sepe/que-es-el-sepe/Red-de-oficinas/ResultadosBusqueda.html?id=1a93c442-0805-46bf-aedd-a1d474cf672d&provinciaNombre=Madrid,LEGANES - BUTARQUE,https://www.sepe.es/HomeSepe/en/que-es-el-sepe/que-es-el-sepe/Red-de-oficinas/DetalleOficina.html?idOficina=d273f041-50ea-4f7c-afc8-b2c662448a4e,28914,"C/ REY PASTOR, 48","C/ REY PASTOR, 48, 28914",40.32160291,-3.76608844,"28914 Leganés, España",,Leganés,,28914,,,Leganés,,,Comunidad de Madrid,MD,España,es,0,,1,© OpenStreetMap contributors,Open Database License,https://www.openstreetmap.org/copyright
1670948400-1718,https://www.sepe.es/HomeSepe/en/que-es-el-sepe/que-es-el-sepe/Red-de-oficinas.html,Madrid,https://www.sepe.es/HomeSepe/en/que-es-el-sepe/que-es-el-sepe/Red-de-oficinas/ResultadosBusqueda.html?id=1a93c442-0805-46bf-aedd-a1d474cf672d&provinciaNombre=Madrid,GETAFE-CEFAT,https://www.sepe.es/HomeSepe/en/que-es-el-sepe/que-es-el-sepe/Red-de-oficinas/DetalleOficina.html?idOficina=246fca2a-0e62-48f5-8f86-cc6911b948b8,28905,"AVDA. ARCAS DEL AGUA, S/N","AVDA. ARCAS DEL AGUA, S/N, 28905",40.2964454,-3.7444954,"Avenida Arcas del Agua, 28905 Getafe, España",,Avenida Arcas del Agua,Avenida Arcas del Agua,28905,Sector III (Cerro Buenavista),,Getafe,,,Comunidad de Madrid,MD,España,es,0.723214286,0.81,1,© OpenStreetMap contributors,Open Database License,https://www.openstreetmap.org/copyright
1670948402-1719,https://www.sepe.es/HomeSepe/en/que-es-el-sepe/que-es-el-sepe/Red-de-oficinas.html,Madrid,https://www.sepe.es/HomeSepe/en/que-es-el-sepe/que-es-el-sepe/Red-de-oficinas/ResultadosBusqueda.html?id=1a93c442-0805-46bf-aedd-a1d474cf672d&provinciaNombre=Madrid,GETAFE - CENTRO,https://www.sepe.es/HomeSepe/en/que-es-el-sepe/que-es-el-sepe/Red-de-oficinas/DetalleOficina.html?idOficina=3da27d17-8a37-4e48-a623-2df483aeb61d,28901,"C/ CARABANCHEL, 15","C/ CARABANCHEL, 15, 28901",40.3114564,-3.7281467,"Calle Carabanchel, 28902 Getafe, España",,Calle Carabanchel,Calle Carabanchel,28902,Nuevo Bercial,,Getafe,,,Comunidad de Madrid,MD,España,es,0.5,0.3,0.3,© OpenStreetMap contributors,Open Database License,https://www.openstreetmap.org/copyright
1670948405-1720,https://www.sepe.es/HomeSepe/en/que-es-el-sepe/que-es-el-sepe/Red-de-oficinas.html,Madrid,https://www.sepe.es/HomeSepe/en/que-es-el-sepe/que-es-el-sepe/Red-de-oficinas/ResultadosBusqueda.html?id=1a93c442-0805-46bf-aedd-a1d474cf672d&provinciaNombre=Madrid,FUENLABRADA,https://www.sepe.es/HomeSepe/en/que-es-el-sepe/que-es-el-sepe/Red-de-oficinas/DetalleOficina.html?idOficina=78912b1e-c5c4-4b46-bc90-f4e74de9e380,28942,AVDA. VIVERO ESQ C/ DE LAS GARDENIAS,"AVDA. VIVERO ESQ C/ DE LAS GARDENIAS, 28942",40.29436388,-3.825188874,,,,,,,,,,,,,,,,,,,,
1670948407-1721,https://www.sepe.es/HomeSepe/en/que-es-el-sepe/que-es-el-sepe/Red-de-oficinas.html,Madrid,https://www.sepe.es/HomeSepe/en/que-es-el-sepe/que-es-el-sepe/Red-de-oficinas/ResultadosBusqueda.html?id=1a93c442-0805-46bf-aedd-a1d474cf672d&provinciaNombre=Madrid,COSLADA,https://www.sepe.es/HomeSepe/en/que-es-el-sepe/que-es-el-sepe/Red-de-oficinas/DetalleOficina.html?idOficina=8b8889a9-248d-4b4b-b81b-4a903523431c,28821,"C/ PUERTO DE CÁDIZ, ESQ. C/  MAR MEDITERRÁNEO","C/ PUERTO DE CÁDIZ, ESQ. C/  MAR MEDITERRÁNEO, 28821",40.42533468,-3.56542481,"28821 Coslada, España",,Coslada,,28821,,,Coslada,,,Comunidad de Madrid,MD,España,es,0.8125,,1,© OpenStreetMap contributors,Open Database License,https://www.openstreetmap.org/copyright
1670948410-1722,https://www.sepe.es/HomeSepe/en/que-es-el-sepe/que-es-el-sepe/Red-de-oficinas.html,Madrid,https://www.sepe.es/HomeSepe/en/que-es-el-sepe/que-es-el-sepe/Red-de-oficinas/ResultadosBusqueda.html?id=1a93c442-0805-46bf-aedd-a1d474cf672d&provinciaNombre=Madrid,COLMENAR VIEJO,https://www.sepe.es/HomeSepe/en/que-es-el-sepe/que-es-el-sepe/Red-de-oficinas/DetalleOficina.html?idOficina=f6406326-2c06-49e6-9f9b-45296a44ffe5,28770,"AVDA. PADRE CLARET, 17","AVDA. PADRE CLARET, 17, 28770",40.666226,-3.771506,"Calle Padre Claret, 17, 28770 Colmenar Viejo, España",17,,Calle Padre Claret,28770,,Colmenar Viejo,Colmenar Viejo,Madrid,,Comunidad de Madrid,MD,España,es,0,,1,© OpenStreetMap contributors,Open Database License,https://www.openstreetmap.org/copyright
1670948413-1723,https://www.sepe.es/HomeSepe/en/que-es-el-sepe/que-es-el-sepe/Red-de-oficinas.html,Madrid,https://www.sepe.es/HomeSepe/en/que-es-el-sepe/que-es-el-sepe/Red-de-oficinas/ResultadosBusqueda.html?id=1a93c442-0805-46bf-aedd-a1d474cf672d&provinciaNombre=Madrid,COLLADO VILLALBA,https://www.sepe.es/HomeSepe/en/que-es-el-sepe/que-es-el-sepe/Red-de-oficinas/DetalleOficina.html?idOficina=7c0abc17-bdbb-4520-bf92-21195bcb335b,28400,"AVDA. JUAN CARLOS I, 35","AVDA. JUAN CARLOS I, 35, 28400",40.63319045,-4.005853848,"Avenida Juan Carlos I, 35, 28400 Collado Villalba, España",35,,Avenida Juan Carlos I,28400,Albasierra,Urbanización Mirasierra,Collado Villalba,,,Comunidad de Madrid,MD,España,es,1,1,1,© OpenStreetMap contributors,Open Database License,https://www.openstreetmap.org/copyright
1670948415-1724,https://www.sepe.es/HomeSepe/en/que-es-el-sepe/que-es-el-sepe/Red-de-oficinas.html,Madrid,https://www.sepe.es/HomeSepe/en/que-es-el-sepe/que-es-el-sepe/Red-de-oficinas/ResultadosBusqueda.html?id=1a93c442-0805-46bf-aedd-a1d474cf672d&provinciaNombre=Madrid,ARGANDA DEL REY,https://www.sepe.es/HomeSepe/en/que-es-el-sepe/que-es-el-sepe/Red-de-oficinas/DetalleOficina.html?idOficina=27c797db-d25c-4c44-ba39-eb7fbc855172,28500,"AVDA. VALDEARGANDA, 6","AVDA. VALDEARGANDA, 6, 28500",40.30809,-3.448144,"Avenida de Valdearganda, 8, 28500 Arganda del Rey, España",8,,Avenida de Valdearganda,28500,,Arganda Del Rey,Arganda del Rey,Madrid,,Comunidad de Madrid,MD,España,es,0.49,0.7,1,© OpenStreetMap contributors,Open Database License,https://www.openstreetmap.org/copyright
1670948418-1725,https://www.sepe.es/HomeSepe/en/que-es-el-sepe/que-es-el-sepe/Red-de-oficinas.html,Madrid,https://www.sepe.es/HomeSepe/en/que-es-el-sepe/que-es-el-sepe/Red-de-oficinas/ResultadosBusqueda.html?id=1a93c442-0805-46bf-aedd-a1d474cf672d&provinciaNombre=Madrid,ARANJUEZ,https://www.sepe.es/HomeSepe/en/que-es-el-sepe/que-es-el-sepe/Red-de-oficinas/DetalleOficina.html?idOficina=613c5c07-d921-42da-a4e7-6968405eb887,28300,"C/ LIBERTAD, 2","C/ LIBERTAD, 2, 28300",40.036078,-3.58223,"Calle de la Libertad, 2, 28300 Aranjuez, España",2,,Calle de la Libertad,28300,,Aranjuez,Aranjuez,Madrid,,Comunidad de Madrid,MD,España,es,0.49,0.49,1,© OpenStreetMap contributors,Open Database License,https://www.openstreetmap.org/copyright
1670948421-1726,https://www.sepe.es/HomeSepe/en/que-es-el-sepe/que-es-el-sepe/Red-de-oficinas.html,Madrid,https://www.sepe.es/HomeSepe/en/que-es-el-sepe/que-es-el-sepe/Red-de-oficinas/ResultadosBusqueda.html?id=1a93c442-0805-46bf-aedd-a1d474cf672d&provinciaNombre=Madrid,ALCORCON - PARQUE LISBOA,https://www.sepe.es/HomeSepe/en/que-es-el-sepe/que-es-el-sepe/Red-de-oficinas/DetalleOficina.html?idOficina=e7678f2a-cc40-40bb-836c-ae0af8464f12,28921,"C/ PORTOLAGOS, 13","C/ PORTOLAGOS, 13, 28921",40.402142,-3.622823,"Calle de la Ladera de los Almendros, 13 C, 28032 Madrid, España",13 C,,Calle de la Ladera de los Almendros,28032,Casco Histórico de Vicálvaro,,Madrid,Madrid,,Comunidad de Madrid,MD,España,es,0.277777778,0.083333333,0.3,© OpenStreetMap contributors,Open Database License,https://www.openstreetmap.org/copyright
1670948423-1727,https://www.sepe.es/HomeSepe/en/que-es-el-sepe/que-es-el-sepe/Red-de-oficinas.html,Madrid,https://www.sepe.es/HomeSepe/en/que-es-el-sepe/que-es-el-sepe/Red-de-oficinas/ResultadosBusqueda.html?id=1a93c442-0805-46bf-aedd-a1d474cf672d&provinciaNombre=Madrid,ALCORCON - CENTRO,https://www.sepe.es/HomeSepe/en/que-es-el-sepe/que-es-el-sepe/Red-de-oficinas/DetalleOficina.html?idOficina=acb87ff5-a273-474b-84a9-87047e9be5e4,28921,"C/ CÁCERES, 20","C/ CÁCERES, 20, 28921",40.3474726,-3.8327769,"Calle Cáceres, 28291 Alcorcón, España",,Calle Cáceres,Calle Cáceres,28291,,Casco antiguo,Alcorcón,,,Comunidad de Madrid,MD,España,es,0.5,0.3,0.3,© OpenStreetMap contributors,Open Database License,https://www.openstreetmap.org/copyright
1670948426-1728,https://www.sepe.es/HomeSepe/en/que-es-el-sepe/que-es-el-sepe/Red-de-oficinas.html,Madrid,https://www.sepe.es/HomeSepe/en/que-es-el-sepe/que-es-el-sepe/Red-de-oficinas/ResultadosBusqueda.html?id=1a93c442-0805-46bf-aedd-a1d474cf672d&provinciaNombre=Madrid,ALCOBENDAS,https://www.sepe.es/HomeSepe/en/que-es-el-sepe/que-es-el-sepe/Red-de-oficinas/DetalleOficina.html?idOficina=067b919b-5251-4c7b-a594-7a342df5c87c,28108,"C/ VALPORTILLO PRIMERA, 22","C/ VALPORTILLO PRIMERA, 22, 28108",40.530825,-3.654583,"Calle de Valportillo Primera, 7, 28108 Alcobendas, España",7,,Calle de Valportillo Primera,28108,,Alcobendas,Alcobendas,Madrid,,Comunidad de Madrid,MD,España,es,0.35,0.7,1,© OpenStreetMap contributors,Open Database License,https://www.openstreetmap.org/copyright
1670948428-1729,https://www.sepe.es/HomeSepe/en/que-es-el-sepe/que-es-el-sepe/Red-de-oficinas.html,Madrid,https://www.sepe.es/HomeSepe/en/que-es-el-sepe/que-es-el-sepe/Red-de-oficinas/ResultadosBusqueda.html?id=1a93c442-0805-46bf-aedd-a1d474cf672d&provinciaNombre=Madrid,ALCALÁ DE HENARES,https://www.sepe.es/HomeSepe/en/que-es-el-sepe/que-es-el-sepe/Red-de-oficinas/DetalleOficina.html?idOficina=688b8485-3e71-4e97-bdd0-e30f5304a367,28806,"C/ CARABAÑA, 2","C/ CARABAÑA, 2, 28806",40.490843,-3.3641399,"Calle Carabaña, 2, 28806 Alcalá de Henares, España",2,,Calle Carabaña,28806,El Ensanche,Distrito IV,Alcalá de Henares,,,Comunidad de Madrid,MD,España,es,1,1,1,© OpenStreetMap contributors,Open Database License,https://www.openstreetmap.org/copyright
1670948434-1730,https://www.sepe.es/HomeSepe/en/que-es-el-sepe/que-es-el-sepe/Red-de-oficinas.html,Lugo,https://www.sepe.es/HomeSepe/en/que-es-el-sepe/que-es-el-sepe/Red-de-oficinas/ResultadosBusqueda.html?id=5cae021e-9323-4486-8243-0c447790a224&provinciaNombre=Lugo,VIVEIRO,https://www.sepe.es/HomeSepe/en/que-es-el-sepe/que-es-el-sepe/Red-de-oficinas/DetalleOficina.html?idOficina=7e39af80-af6f-4c2f-a75b-b95959e98960,27850,"C/ RIO DOS FOLES, 11-13","C/ RIO DOS FOLES, 11-13, 27850",43.6634081,-7.596187876,"27850 Viveiro, España",,Viveiro,,27850,,Viveiro,Viveiro,Mariña Occidental,,Galicia,GA,España,es,0.25,,1,© OpenStreetMap contributors,Open Database License,https://www.openstreetmap.org/copyright
1670948439-1731,https://www.sepe.es/HomeSepe/en/que-es-el-sepe/que-es-el-sepe/Red-de-oficinas.html,Lugo,https://www.sepe.es/HomeSepe/en/que-es-el-sepe/que-es-el-sepe/Red-de-oficinas/ResultadosBusqueda.html?id=5cae021e-9323-4486-8243-0c447790a224&provinciaNombre=Lugo,VILALBA,https://www.sepe.es/HomeSepe/en/que-es-el-sepe/que-es-el-sepe/Red-de-oficinas/DetalleOficina.html?idOficina=caba7e06-8bb3-4c41-807d-e0e3a35fcb6a,27800,"C/ PINTOR LÓPEZ GUNTÍN, 11","C/ PINTOR LÓPEZ GUNTÍN, 11, 27800",43.30103381,-7.674004134,"27800 Vilalba, España",,Vilalba,,27800,,Vilalba,Vilalba,Tierra Chá,,Galicia,GA,España,es,0.25,,1,© OpenStreetMap contributors,Open Database License,https://www.openstreetmap.org/copyright
1670948442-1732,https://www.sepe.es/HomeSepe/en/que-es-el-sepe/que-es-el-sepe/Red-de-oficinas.html,Lugo,https://www.sepe.es/HomeSepe/en/que-es-el-sepe/que-es-el-sepe/Red-de-oficinas/ResultadosBusqueda.html?id=5cae021e-9323-4486-8243-0c447790a224&provinciaNombre=Lugo,SARRIA,https://www.sepe.es/HomeSepe/en/que-es-el-sepe/que-es-el-sepe/Red-de-oficinas/DetalleOficina.html?idOficina=2f5da3d9-be67-44e3-8429-60b67b7af526,27600,"C/ NOVA, 60","C/ NOVA, 60, 27600",42.77813773,-7.413475699,"27600 Sarria, España",,Sarria,,27600,,Sarria,Sarria,Sarria,,Galicia,GA,España,es,0.25,,1,© OpenStreetMap contributors,Open Database License,https://www.openstreetmap.org/copyright
1670948448-1733,https://www.sepe.es/HomeSepe/en/que-es-el-sepe/que-es-el-sepe/Red-de-oficinas.html,Lugo,https://www.sepe.es/HomeSepe/en/que-es-el-sepe/que-es-el-sepe/Red-de-oficinas/ResultadosBusqueda.html?id=5cae021e-9323-4486-8243-0c447790a224&provinciaNombre=Lugo,RIBADEO,https://www.sepe.es/HomeSepe/en/que-es-el-sepe/que-es-el-sepe/Red-de-oficinas/DetalleOficina.html?idOficina=985ce859-9c46-4208-bb3d-f914ede419e0,27700,"AVDA. RAFAEL FERNÁNDEZ CARDOSO, 10","AVDA. RAFAEL FERNÁNDEZ CARDOSO, 10, 27700",43.53820149,-7.047027495,"27700 Ribadeo, España",,Ribadeo,,27700,,Ribadeo,Ribadeo,Mariña Oriental,,Galicia,GA,España,es,0.25,,1,© OpenStreetMap contributors,Open Database License,https://www.openstreetmap.org/copyright
1670948450-1734,https://www.sepe.es/HomeSepe/en/que-es-el-sepe/que-es-el-sepe/Red-de-oficinas.html,Lugo,https://www.sepe.es/HomeSepe/en/que-es-el-sepe/que-es-el-sepe/Red-de-oficinas/ResultadosBusqueda.html?id=5cae021e-9323-4486-8243-0c447790a224&provinciaNombre=Lugo,MONFORTE DE LEMOS,https://www.sepe.es/HomeSepe/en/que-es-el-sepe/que-es-el-sepe/Red-de-oficinas/DetalleOficina.html?idOficina=57677d7b-d07b-4846-b125-4d83343cf88e,27400,"C/ SAN PEDRO, 1-3","C/ SAN PEDRO, 1-3, 27400",42.52385589,-7.513174186,"27400 Monforte de Lemos, España",,Monforte de Lemos,,27400,,Monforte de Lemos,Monforte de Lemos,Tierra de Lemos,,Galicia,GA,España,es,0.25,,1,© OpenStreetMap contributors,Open Database License,https://www.openstreetmap.org/copyright
1670948453-1735,https://www.sepe.es/HomeSepe/en/que-es-el-sepe/que-es-el-sepe/Red-de-oficinas.html,Lugo,https://www.sepe.es/HomeSepe/en/que-es-el-sepe/que-es-el-sepe/Red-de-oficinas/ResultadosBusqueda.html?id=5cae021e-9323-4486-8243-0c447790a224&provinciaNombre=Lugo,MONDOÑEDO,https://www.sepe.es/HomeSepe/en/que-es-el-sepe/que-es-el-sepe/Red-de-oficinas/DetalleOficina.html?idOficina=3e0b7547-a245-4912-b9eb-569116f65424,27740,"C/ MARINA MAYORAL, 3","C/ MARINA MAYORAL, 3, 27740",43.42834944,-7.362920152,"27740 Mondoñedo, España",,Mondoñedo,,27740,,Mondoñedo,Mondoñedo,Mariña Central,,Galicia,GA,España,es,0.25,,1,© OpenStreetMap contributors,Open Database License,https://www.openstreetmap.org/copyright
1670948456-1736,https://www.sepe.es/HomeSepe/en/que-es-el-sepe/que-es-el-sepe/Red-de-oficinas.html,Lugo,https://www.sepe.es/HomeSepe/en/que-es-el-sepe/que-es-el-sepe/Red-de-oficinas/ResultadosBusqueda.html?id=5cae021e-9323-4486-8243-0c447790a224&provinciaNombre=Lugo,LUGO - RIO CABE,https://www.sepe.es/HomeSepe/en/que-es-el-sepe/que-es-el-sepe/Red-de-oficinas/DetalleOficina.html?idOficina=efb576c2-6567-4fe6-85a3-145aeddb94e0,27003,"C/ RIO CABE, 8-10  BAJO","C/ RIO CABE, 8-10  BAJO, 27003",43.01987504,-7.560538303,,,,,,,,,,,,,,,,,,,,
1670948458-1737,https://www.sepe.es/HomeSepe/en/que-es-el-sepe/que-es-el-sepe/Red-de-oficinas.html,Lugo,https://www.sepe.es/HomeSepe/en/que-es-el-sepe/que-es-el-sepe/Red-de-oficinas/ResultadosBusqueda.html?id=5cae021e-9323-4486-8243-0c447790a224&provinciaNombre=Lugo,LUGO - CAMPOS NOVOS,https://www.sepe.es/HomeSepe/en/que-es-el-sepe/que-es-el-sepe/Red-de-oficinas/DetalleOficina.html?idOficina=fa83125c-0cba-481d-95af-01864df42c6f,27002,"C/ CAMPOS NOVOS, 9","C/ CAMPOS NOVOS, 9, 27002",42.9921885,-7.5529434,"Campos Novos, 27294 Lugo, España",,Campos Novos,Campos Novos,27294,A Tolda,Lugo,Lugo,Lugo,LU,Galicia,GA,España,es,0.45,0.27,0.3,© OpenStreetMap contributors,Open Database License,https://www.openstreetmap.org/copyright
1670948461-1738,https://www.sepe.es/HomeSepe/en/que-es-el-sepe/que-es-el-sepe/Red-de-oficinas.html,Lugo,https://www.sepe.es/HomeSepe/en/que-es-el-sepe/que-es-el-sepe/Red-de-oficinas/ResultadosBusqueda.html?id=5cae021e-9323-4486-8243-0c447790a224&provinciaNombre=Lugo,CHANTADA,https://www.sepe.es/HomeSepe/en/que-es-el-sepe/que-es-el-sepe/Red-de-oficinas/DetalleOficina.html?idOficina=7ceb746d-78b3-4657-a456-358101849a3d,27500,"C/ RIBEIRA SACRA, 3","C/ RIBEIRA SACRA, 3, 27500",42.59172518,-7.153769964,"27500 Folgoso do Courel, España",,Folgoso do Courel,,27500,,Folgoso do Courel,Folgoso do Courel,Quiroga,,Galicia,GA,España,es,0.25,,1,© OpenStreetMap contributors,Open Database License,https://www.openstreetmap.org/copyright
1670948463-1739,https://www.sepe.es/HomeSepe/en/que-es-el-sepe/que-es-el-sepe/Red-de-oficinas.html,Lugo,https://www.sepe.es/HomeSepe/en/que-es-el-sepe/que-es-el-sepe/Red-de-oficinas/ResultadosBusqueda.html?id=5cae021e-9323-4486-8243-0c447790a224&provinciaNombre=Lugo,BURELA,https://www.sepe.es/HomeSepe/en/que-es-el-sepe/que-es-el-sepe/Red-de-oficinas/DetalleOficina.html?idOficina=01971f82-d513-44c3-bb63-c8973dfae67d,27880,"C/ PARDO BAZÁN, 21","C/ PARDO BAZÁN, 21, 27880",43.65634536,-7.357027658,"27880 Burela, España",,Burela,,27880,,Burela,Burela,Mariña Central,,Galicia,GA,España,es,0.25,,1,© OpenStreetMap contributors,Open Database License,https://www.openstreetmap.org/copyright
1670948466-1740,https://www.sepe.es/HomeSepe/en/que-es-el-sepe/que-es-el-sepe/Red-de-oficinas.html,Lugo,https://www.sepe.es/HomeSepe/en/que-es-el-sepe/que-es-el-sepe/Red-de-oficinas/ResultadosBusqueda.html?id=5cae021e-9323-4486-8243-0c447790a224&provinciaNombre=Lugo,BECERREÁ,https://www.sepe.es/HomeSepe/en/que-es-el-sepe/que-es-el-sepe/Red-de-oficinas/DetalleOficina.html?idOficina=44d3f70d-b00d-40d1-b873-c62d41ec08c4,27640,"AVDA. DE MADRID, 50","AVDA. DE MADRID, 50, 27640",42.8532406,-7.1618575,"Avenida de Madrid, 27640 Becerreá, España",,Avenida de Madrid,Avenida de Madrid,27640,,Becerreá,Becerreá,Ancares,,Galicia,GA,España,es,0.5,1,1,© OpenStreetMap contributors,Open Database License,https://www.openstreetmap.org/copyright
1670948471-1741,https://www.sepe.es/HomeSepe/en/que-es-el-sepe/que-es-el-sepe/Red-de-oficinas.html,Lleida/Lérida,https://www.sepe.es/HomeSepe/en/que-es-el-sepe/que-es-el-sepe/Red-de-oficinas/ResultadosBusqueda.html?id=faac86ca-ff65-4a53-b44a-05579f8ae0a3&provinciaNombre=Lleida/Lerida,VIELLA,https://www.sepe.es/HomeSepe/en/que-es-el-sepe/que-es-el-sepe/Red-de-oficinas/DetalleOficina.html?idOficina=729c4d55-5438-431b-adcc-5cc4d2f7a74e,25530,"AVDA. MALADETA, 11","AVDA. MALADETA, 11, 25530",42.7034646,0.7986757,"Avenguda dera Maladeta, 25530 Viella Mitg Arán, España",,Avenguda dera Maladeta,Avenguda dera Maladeta,25530,,Mijaran,Viella Mitg Arán,Lérida,L,Cataluña,CT,España,es,0.19845,0.3969,1,© OpenStreetMap contributors,Open Database License,https://www.openstreetmap.org/copyright
1670948474-1742,https://www.sepe.es/HomeSepe/en/que-es-el-sepe/que-es-el-sepe/Red-de-oficinas.html,Lleida/Lérida,https://www.sepe.es/HomeSepe/en/que-es-el-sepe/que-es-el-sepe/Red-de-oficinas/ResultadosBusqueda.html?id=faac86ca-ff65-4a53-b44a-05579f8ae0a3&provinciaNombre=Lleida/Lerida,TREMP,https://www.sepe.es/HomeSepe/en/que-es-el-sepe/que-es-el-sepe/Red-de-oficinas/DetalleOficina.html?idOficina=d4aa2a2a-a094-4c91-9c6f-04b0ab95a0ec,25620,"C/ SEIX I FAYA, 35","C/ SEIX I FAYA, 35, 25620",42.16630648,0.894657108,"25620 Tremp, España",,Tremp,,25620,,,Tremp,Lérida,L,Cataluña,CT,España,es,0,,1,© OpenStreetMap contributors,Open Database License,https://www.openstreetmap.org/copyright
1670948477-1743,https://www.sepe.es/HomeSepe/en/que-es-el-sepe/que-es-el-sepe/Red-de-oficinas.html,Lleida/Lérida,https://www.sepe.es/HomeSepe/en/que-es-el-sepe/que-es-el-sepe/Red-de-oficinas/ResultadosBusqueda.html?id=faac86ca-ff65-4a53-b44a-05579f8ae0a3&provinciaNombre=Lleida/Lerida,TARREGA,https://www.sepe.es/HomeSepe/en/que-es-el-sepe/que-es-el-sepe/Red-de-oficinas/DetalleOficina.html?idOficina=04f805c7-f91f-4a50-8c23-611279e307a7,25300,"C/ SANT PERE CLAVER, 18","C/ SANT PERE CLAVER, 18, 25300",41.645443,1.14234,"Carrer de Sant Pere, 25300 Tàrrega, España",,,Carrer de Sant Pere,25300,,Tárrega,Tàrrega,Lérida,L,Catalonia,,España,es,0,,,© OpenStreetMap contributors,Open Database License,https://www.openstreetmap.org/copyright
1670948479-1744,https://www.sepe.es/HomeSepe/en/que-es-el-sepe/que-es-el-sepe/Red-de-oficinas.html,Lleida/Lérida,https://www.sepe.es/HomeSepe/en/que-es-el-sepe/que-es-el-sepe/Red-de-oficinas/ResultadosBusqueda.html?id=faac86ca-ff65-4a53-b44a-05579f8ae0a3&provinciaNombre=Lleida/Lerida,SOLSONA,https://www.sepe.es/HomeSepe/en/que-es-el-sepe/que-es-el-sepe/Red-de-oficinas/DetalleOficina.html?idOficina=1f01d3e2-ea79-4717-a98b-74cb7e3b0f69,25280,"C/ ALCALDE MOLES, 20","C/ ALCALDE MOLES, 20, 25280",41.9920203,1.5115957,"carrer alcalde Moles, 25280 Solsona, España",,carrer alcalde Moles,carrer alcalde Moles,25280,,,Solsona,Lérida,L,Cataluña,CT,España,es,0.5,1,1,© OpenStreetMap contributors,Open Database License,https://www.openstreetmap.org/copyright
1670948482-1745,https://www.sepe.es/HomeSepe/en/que-es-el-sepe/que-es-el-sepe/Red-de-oficinas.html,Lleida/Lérida,https://www.sepe.es/HomeSepe/en/que-es-el-sepe/que-es-el-sepe/Red-de-oficinas/ResultadosBusqueda.html?id=faac86ca-ff65-4a53-b44a-05579f8ae0a3&provinciaNombre=Lleida/Lerida,LLEIDA,https://www.sepe.es/HomeSepe/en/que-es-el-sepe/que-es-el-sepe/Red-de-oficinas/DetalleOficina.html?idOficina=2e4def80-12a6-44ab-a972-65b02906f9ec,25001,"C/ PERE CABRERA, 24","C/ PERE CABRERA, 24, 25001",41.6104607,0.632934642,"25001 Lérida, España",,Lérida,,25001,,,Lérida,Lérida,L,Cataluña,CT,España,es,0,,1,© OpenStreetMap contributors,Open Database License,https://www.openstreetmap.org/copyright
1670948484-1746,https://www.sepe.es/HomeSepe/en/que-es-el-sepe/que-es-el-sepe/Red-de-oficinas.html,Lleida/Lérida,https://www.sepe.es/HomeSepe/en/que-es-el-sepe/que-es-el-sepe/Red-de-oficinas/ResultadosBusqueda.html?id=faac86ca-ff65-4a53-b44a-05579f8ae0a3&provinciaNombre=Lleida/Lerida,LA SEU D´ URGELL,https://www.sepe.es/HomeSepe/en/que-es-el-sepe/que-es-el-sepe/Red-de-oficinas/DetalleOficina.html?idOficina=c778622d-1af5-47fc-9b3e-55d2275c73ba,25700,"AVDA. PAU CLARÍS, 46","AVDA. PAU CLARÍS, 46, 25700",42.3577352,1.4592736,"Avinguda Pau Claris, 25700 Seo de Urgel, España",,Avinguda Pau Claris,Avinguda Pau Claris,25700,,,Seo de Urgel,Lérida,L,Cataluña,CT,España,es,0.5,1,1,© OpenStreetMap contributors,Open Database License,https://www.openstreetmap.org/copyright
1670948487-1747,https://www.sepe.es/HomeSepe/en/que-es-el-sepe/que-es-el-sepe/Red-de-oficinas.html,Lleida/Lérida,https://www.sepe.es/HomeSepe/en/que-es-el-sepe/que-es-el-sepe/Red-de-oficinas/ResultadosBusqueda.html?id=faac86ca-ff65-4a53-b44a-05579f8ae0a3&provinciaNombre=Lleida/Lerida,BALAGUER,https://www.sepe.es/HomeSepe/en/que-es-el-sepe/que-es-el-sepe/Red-de-oficinas/DetalleOficina.html?idOficina=106d3f1e-22e0-4449-a1b2-1bc1b501616f,25600,"C/ BELLMUNT, 2","C/ BELLMUNT, 2, 25600",41.79058707,0.809507691,"25600 Balaguer, España",,Balaguer,,25600,,,Balaguer,Lérida,L,Cataluña,CT,España,es,0,,1,© OpenStreetMap contributors,Open Database License,https://www.openstreetmap.org/copyright
1670948492-1748,https://www.sepe.es/HomeSepe/en/que-es-el-sepe/que-es-el-sepe/Red-de-oficinas.html,León,https://www.sepe.es/HomeSepe/en/que-es-el-sepe/que-es-el-sepe/Red-de-oficinas/ResultadosBusqueda.html?id=224a8d39-597d-4da3-b1a8-be0d89d26035&provinciaNombre=Leon,VILLABLINO,https://www.sepe.es/HomeSepe/en/que-es-el-sepe/que-es-el-sepe/Red-de-oficinas/DetalleOficina.html?idOficina=fff7cfaf-8115-4964-92b4-e2cdaa88c7a2,24100,"C/ LA LIBERTAD, 2","C/ LA LIBERTAD, 2, 24100",42.9371784,-6.3202463,"Calle la Libertad, 24100 Villablino, España",,Calle la Libertad,Calle la Libertad,24100,,,Villablino,León,LE,Castilla y León,CL,España,es,0.5,1,1,© OpenStreetMap contributors,Open Database License,https://www.openstreetmap.org/copyright
1670948496-1749,https://www.sepe.es/HomeSepe/en/que-es-el-sepe/que-es-el-sepe/Red-de-oficinas.html,León,https://www.sepe.es/HomeSepe/en/que-es-el-sepe/que-es-el-sepe/Red-de-oficinas/ResultadosBusqueda.html?id=224a8d39-597d-4da3-b1a8-be0d89d26035&provinciaNombre=Leon,VALENCIA DE DON JUAN,https://www.sepe.es/HomeSepe/en/que-es-el-sepe/que-es-el-sepe/Red-de-oficinas/DetalleOficina.html?idOficina=5edea140-b4e9-4c34-b706-eff1210ca26c,24200,"C/ ALONSO CASTRILLO, 29","C/ ALONSO CASTRILLO, 29, 24200",42.29201738,-5.5111013,"24200 Valencia de Don Juan, España",,Valencia de Don Juan,,24200,,,Valencia de Don Juan,León,LE,Castilla y León,CL,España,es,0,,1,© OpenStreetMap contributors,Open Database License,https://www.openstreetmap.org/copyright
1670948498-1750,https://www.sepe.es/HomeSepe/en/que-es-el-sepe/que-es-el-sepe/Red-de-oficinas.html,León,https://www.sepe.es/HomeSepe/en/que-es-el-sepe/que-es-el-sepe/Red-de-oficinas/ResultadosBusqueda.html?id=224a8d39-597d-4da3-b1a8-be0d89d26035&provinciaNombre=Leon,PONFERRADA,https://www.sepe.es/HomeSepe/en/que-es-el-sepe/que-es-el-sepe/Red-de-oficinas/DetalleOficina.html?idOficina=972f10e1-61e0-4071-86ea-5ba1ae958af7,24401,"C/ LAS HORTENSIAS, S/N","C/ LAS HORTENSIAS, S/N, 24401",42.54906787,-6.584862856,"24401 Ponferrada, España",,Ponferrada,,24401,,,Ponferrada,León,LE,Castilla y León,CL,España,es,0,,1,© OpenStreetMap contributors,Open Database License,https://www.openstreetmap.org/copyright
1670948501-1751,https://www.sepe.es/HomeSepe/en/que-es-el-sepe/que-es-el-sepe/Red-de-oficinas.html,León,https://www.sepe.es/HomeSepe/en/que-es-el-sepe/que-es-el-sepe/Red-de-oficinas/ResultadosBusqueda.html?id=224a8d39-597d-4da3-b1a8-be0d89d26035&provinciaNombre=Leon,LEON - SERNA,https://www.sepe.es/HomeSepe/en/que-es-el-sepe/que-es-el-sepe/Red-de-oficinas/DetalleOficina.html?idOficina=c0507bf5-fa34-416f-8240-58598f14ed3d,24006,"C/ CIUDAD DE PUEBLA, 3","C/ CIUDAD DE PUEBLA, 3, 24006",42.6019555,-5.5607871,"Calle Ciudad de Puebla, 24006 León, España",,Calle Ciudad de Puebla,Calle Ciudad de Puebla,24006,,,León,León,LE,Castilla y León,CL,España,es,0.5,1,1,© OpenStreetMap contributors,Open Database License,https://www.openstreetmap.org/copyright
1670948504-1752,https://www.sepe.es/HomeSepe/en/que-es-el-sepe/que-es-el-sepe/Red-de-oficinas.html,León,https://www.sepe.es/HomeSepe/en/que-es-el-sepe/que-es-el-sepe/Red-de-oficinas/ResultadosBusqueda.html?id=224a8d39-597d-4da3-b1a8-be0d89d26035&provinciaNombre=Leon,LEON - CENTRO,https://www.sepe.es/HomeSepe/en/que-es-el-sepe/que-es-el-sepe/Red-de-oficinas/DetalleOficina.html?idOficina=e7f63449-a5d9-4d0f-ba54-e3fc6d4271bb,24002,"C/ RAMÓN Y CAJAL, 14-16","C/ RAMÓN Y CAJAL, 14-16, 24002",42.610827,-5.5510843,"Calle Ramón y Cajal, 24192 Villaquilambre, España",,Calle Ramón y Cajal,Calle Ramón y Cajal,24192,Villaobispo de las Regueras,,Villaquilambre,León,LE,Castilla y León,CL,España,es,0.5,0.3,0.3,© OpenStreetMap contributors,Open Database License,https://www.openstreetmap.org/copyright
1670948507-1753,https://www.sepe.es/HomeSepe/en/que-es-el-sepe/que-es-el-sepe/Red-de-oficinas.html,León,https://www.sepe.es/HomeSepe/en/que-es-el-sepe/que-es-el-sepe/Red-de-oficinas/ResultadosBusqueda.html?id=224a8d39-597d-4da3-b1a8-be0d89d26035&provinciaNombre=Leon,LA BAÑEZA,https://www.sepe.es/HomeSepe/en/que-es-el-sepe/que-es-el-sepe/Red-de-oficinas/DetalleOficina.html?idOficina=8cb512ee-b861-4655-951e-252c69a897e4,24750,"C/ ODÓN ALONSO, 16","C/ ODÓN ALONSO, 16, 24750",42.3549562,-5.7433906,"Calle Odón Alonso, 24240 Santa María del Páramo, España",,Calle Odón Alonso,Calle Odón Alonso,24240,,,Santa María del Páramo,León,LE,Castilla y León,CL,España,es,0.5,0.3,0.3,© OpenStreetMap contributors,Open Database License,https://www.openstreetmap.org/copyright
1670948509-1754,https://www.sepe.es/HomeSepe/en/que-es-el-sepe/que-es-el-sepe/Red-de-oficinas.html,León,https://www.sepe.es/HomeSepe/en/que-es-el-sepe/que-es-el-sepe/Red-de-oficinas/ResultadosBusqueda.html?id=224a8d39-597d-4da3-b1a8-be0d89d26035&provinciaNombre=Leon,FABERO,https://www.sepe.es/HomeSepe/en/que-es-el-sepe/que-es-el-sepe/Red-de-oficinas/DetalleOficina.html?idOficina=1d845a17-3c66-40b5-a474-5fcfb390ee3e,24420,"PLAZA DEL AYUNTAMIENTO, 4","PLAZA DEL AYUNTAMIENTO, 4, 24420",42.7302618,-6.6050318,"Plaza del Ayuntamiento, 24438 Berlanga del Bierzo, España",,Plaza del Ayuntamiento,Plaza del Ayuntamiento,24438,,,Berlanga del Bierzo,León,LE,Castilla y León,CL,España,es,0.5,0.3,0.3,© OpenStreetMap contributors,Open Database License,https://www.openstreetmap.org/copyright
1670948512-1755,https://www.sepe.es/HomeSepe/en/que-es-el-sepe/que-es-el-sepe/Red-de-oficinas.html,León,https://www.sepe.es/HomeSepe/en/que-es-el-sepe/que-es-el-sepe/Red-de-oficinas/ResultadosBusqueda.html?id=224a8d39-597d-4da3-b1a8-be0d89d26035&provinciaNombre=Leon,CISTIERNA,https://www.sepe.es/HomeSepe/en/que-es-el-sepe/que-es-el-sepe/Red-de-oficinas/DetalleOficina.html?idOficina=a6e61efa-9080-421e-a07f-54b2bc2016f1,24800,"PLAZA DEL AYUNTAMIENTO, 2","PLAZA DEL AYUNTAMIENTO, 2, 24800",42.8030716,-5.1251708,"Plaza del Ayuntamiento, 24800 Cistierna, España",,Plaza del Ayuntamiento,Plaza del Ayuntamiento,24800,,,Cistierna,León,LE,Castilla y León,CL,España,es,0.5,1,1,© OpenStreetMap contributors,Open Database License,https://www.openstreetmap.org/copyright
1670948515-1756,https://www.sepe.es/HomeSepe/en/que-es-el-sepe/que-es-el-sepe/Red-de-oficinas.html,León,https://www.sepe.es/HomeSepe/en/que-es-el-sepe/que-es-el-sepe/Red-de-oficinas/ResultadosBusqueda.html?id=224a8d39-597d-4da3-b1a8-be0d89d26035&provinciaNombre=Leon,BEMBIBRE,https://www.sepe.es/HomeSepe/en/que-es-el-sepe/que-es-el-sepe/Red-de-oficinas/DetalleOficina.html?idOficina=678f1f8c-4a8e-4802-b096-c3a8cb9092e7,24300,"C/ VEREMUNDO NÚÑEZ, 15","C/ VEREMUNDO NÚÑEZ, 15, 24300",42.618213,-6.420819,"Paseo Veremundo Núñez, 24300 Bembibre, España",,,Paseo Veremundo Núñez,24300,,Bembibre,Bembibre,Leon,,Castilla Y León,CL,España,es,0,,,© OpenStreetMap contributors,Open Database License,https://www.openstreetmap.org/copyright
1670948517-1757,https://www.sepe.es/HomeSepe/en/que-es-el-sepe/que-es-el-sepe/Red-de-oficinas.html,León,https://www.sepe.es/HomeSepe/en/que-es-el-sepe/que-es-el-sepe/Red-de-oficinas/ResultadosBusqueda.html?id=224a8d39-597d-4da3-b1a8-be0d89d26035&provinciaNombre=Leon,ASTORGA,https://www.sepe.es/HomeSepe/en/que-es-el-sepe/que-es-el-sepe/Red-de-oficinas/DetalleOficina.html?idOficina=a7a1c3ac-7d68-42ff-81c6-fef310070689,24700,"C/ JUEGO DE CAÑAS, 5","C/ JUEGO DE CAÑAS, 5, 24700",42.4559574,-6.0588765,"Calle Juego de Cañas, 24700 Astorga, España",,Calle Juego de Cañas,Calle Juego de Cañas,24700,,,Astorga,León,LE,Castilla y León,CL,España,es,0.5,1,1,© OpenStreetMap contributors,Open Database License,https://www.openstreetmap.org/copyright
1670948523-1758,https://www.sepe.es/HomeSepe/en/que-es-el-sepe/que-es-el-sepe/Red-de-oficinas.html,Las Palmas,https://www.sepe.es/HomeSepe/en/que-es-el-sepe/que-es-el-sepe/Red-de-oficinas/ResultadosBusqueda.html?id=f328d95d-ca01-4f3b-b754-bb78d80d918a&provinciaNombre=Las%20Palmas,VECINDARIO,https://www.sepe.es/HomeSepe/en/que-es-el-sepe/que-es-el-sepe/Red-de-oficinas/DetalleOficina.html?idOficina=65f44683-98d5-4b68-9532-40120593e399,35110,"C/ ORCHILLA, 1","C/ ORCHILLA, 1, 35110",27.8533592,-15.4447445,"Calle Orchilla, 35110 Santa Lucía de Tirajana, España",,Calle Orchilla,Calle Orchilla,35110,Casa Pastores,,Santa Lucía de Tirajana,Las Palmas,GC,,,España,es,0.5,1,1,© OpenStreetMap contributors,Open Database License,https://www.openstreetmap.org/copyright
1670948528-1759,https://www.sepe.es/HomeSepe/en/que-es-el-sepe/que-es-el-sepe/Red-de-oficinas.html,Las Palmas,https://www.sepe.es/HomeSepe/en/que-es-el-sepe/que-es-el-sepe/Red-de-oficinas/ResultadosBusqueda.html?id=f328d95d-ca01-4f3b-b754-bb78d80d918a&provinciaNombre=Las%20Palmas,TELDE,https://www.sepe.es/HomeSepe/en/que-es-el-sepe/que-es-el-sepe/Red-de-oficinas/DetalleOficina.html?idOficina=925874b3-984c-49a9-955f-d975403a8d31,35200,"C/ JUAN DIEGO DE LA FUENTE, 40","C/ JUAN DIEGO DE LA FUENTE, 40, 35200",27.9949907,-15.4169576,"Calle Juan Diego de la Fuente, 35200 Telde, España",,Calle Juan Diego de la Fuente,Calle Juan Diego de la Fuente,35200,San José de las Longueras,La Rocha,Telde,Las Palmas,GC,,,España,es,0.5,1,1,© OpenStreetMap contributors,Open Database License,https://www.openstreetmap.org/copyright
1670948530-1760,https://www.sepe.es/HomeSepe/en/que-es-el-sepe/que-es-el-sepe/Red-de-oficinas.html,Las Palmas,https://www.sepe.es/HomeSepe/en/que-es-el-sepe/que-es-el-sepe/Red-de-oficinas/ResultadosBusqueda.html?id=f328d95d-ca01-4f3b-b754-bb78d80d918a&provinciaNombre=Las%20Palmas,SAN FERNANDO DE MASPALOMAS,https://www.sepe.es/HomeSepe/en/que-es-el-sepe/que-es-el-sepe/Red-de-oficinas/DetalleOficina.html?idOficina=143e3805-9176-40af-9dd7-1fc0c0ea6a7b,35100,"PROLONGACIÓN AVENIDA DE TIRAJANA, S/N","PROLONGACIÓN AVENIDA DE TIRAJANA, S/N, 35100",27.76958961,-15.55637591,"35100 San Bartolomé de Tirajana, España",,San Bartolomé de Tirajana,,35100,,,San Bartolomé de Tirajana,Las Palmas,GC,,,España,es,0.625,,1,© OpenStreetMap contributors,Open Database License,https://www.openstreetmap.org/copyright
1670948538-1761,https://www.sepe.es/HomeSepe/en/que-es-el-sepe/que-es-el-sepe/Red-de-oficinas.html,Las Palmas,https://www.sepe.es/HomeSepe/en/que-es-el-sepe/que-es-el-sepe/Red-de-oficinas/ResultadosBusqueda.html?id=f328d95d-ca01-4f3b-b754-bb78d80d918a&provinciaNombre=Las%20Palmas,PUERTO DEL ROSARIO,https://www.sepe.es/HomeSepe/en/que-es-el-sepe/que-es-el-sepe/Red-de-oficinas/DetalleOficina.html?idOficina=ab7e7ce2-612c-4cc0-8c86-13f972213752,35600,"C/ TENERIFE, 37","C/ TENERIFE, 37, 35600",28.58644415,-13.78452842,35600,,35600,,35600,,,,,,,,,es,0,,1,© OpenStreetMap contributors,Open Database License,https://www.openstreetmap.org/copyright
1670948542-1762,https://www.sepe.es/HomeSepe/en/que-es-el-sepe/que-es-el-sepe/Red-de-oficinas.html,Las Palmas,https://www.sepe.es/HomeSepe/en/que-es-el-sepe/que-es-el-sepe/Red-de-oficinas/ResultadosBusqueda.html?id=f328d95d-ca01-4f3b-b754-bb78d80d918a&provinciaNombre=Las%20Palmas,LAS PALMAS-PUERTO DE LA LUZ,https://www.sepe.es/HomeSepe/en/que-es-el-sepe/que-es-el-sepe/Red-de-oficinas/DetalleOficina.html?idOficina=6d5ede25-d032-4b38-a7fb-cbfdb3e02d5e,35010,"C/ REPÚBLICA DOMINICANA, 4","C/ REPÚBLICA DOMINICANA, 4, 35010",28.134525,-15.4367556,"Calle República Dominicana, 35907 Las Palmas de Gran Canaria, España",,Calle República Dominicana,Calle República Dominicana,35907,Las Alcaravaneras,,Las Palmas de Gran Canaria,Las Palmas,GC,,,España,es,0.5,0.3,0.3,© OpenStreetMap contributors,Open Database License,https://www.openstreetmap.org/copyright
1670948545-1763,https://www.sepe.es/HomeSepe/en/que-es-el-sepe/que-es-el-sepe/Red-de-oficinas.html,Las Palmas,https://www.sepe.es/HomeSepe/en/que-es-el-sepe/que-es-el-sepe/Red-de-oficinas/ResultadosBusqueda.html?id=f328d95d-ca01-4f3b-b754-bb78d80d918a&provinciaNombre=Las%20Palmas,LAS PALMAS-PRIMERO DE MAYO,https://www.sepe.es/HomeSepe/en/que-es-el-sepe/que-es-el-sepe/Red-de-oficinas/DetalleOficina.html?idOficina=3dbd4c46-4531-40fd-a83f-9d9c0d3d2754,35002,"AVDA. PRIMERO DE MAYO, 11, BAJO","AVDA. PRIMERO DE MAYO, 11, BAJO, 35002",40.5253637,0.2922436,"Avenida Primero de Mayo, 12330 Traiguera, España",,Avenida Primero de Mayo,Avenida Primero de Mayo,12330,,,Traiguera,Castellón,CS,Comunidad Valenciana,VC,España,es,0.37209375,0.567,0.63,© OpenStreetMap contributors,Open Database License,https://www.openstreetmap.org/copyright
1670948547-1764,https://www.sepe.es/HomeSepe/en/que-es-el-sepe/que-es-el-sepe/Red-de-oficinas.html,Las Palmas,https://www.sepe.es/HomeSepe/en/que-es-el-sepe/que-es-el-sepe/Red-de-oficinas/ResultadosBusqueda.html?id=f328d95d-ca01-4f3b-b754-bb78d80d918a&provinciaNombre=Las%20Palmas,LAS PALMAS-CIUDAD ALTA,https://www.sepe.es/HomeSepe/en/que-es-el-sepe/que-es-el-sepe/Red-de-oficinas/DetalleOficina.html?idOficina=f30d6daf-5211-45ec-b544-0e138be4260a,35014,"C/ CRUCITA ARBELO CRUZ, S/N","C/ CRUCITA ARBELO CRUZ, S/N, 35014",28.0959842,-15.4398258,"Calle Crucita Arbelo Cruz, 35014 Las Palmas de Gran Canaria, España",,Calle Crucita Arbelo Cruz,Calle Crucita Arbelo Cruz,35014,Miller Bajo,,Las Palmas de Gran Canaria,Las Palmas,GC,,,España,es,0.5,1,1,© OpenStreetMap contributors,Open Database License,https://www.openstreetmap.org/copyright
1670948550-1765,https://www.sepe.es/HomeSepe/en/que-es-el-sepe/que-es-el-sepe/Red-de-oficinas.html,Las Palmas,https://www.sepe.es/HomeSepe/en/que-es-el-sepe/que-es-el-sepe/Red-de-oficinas/ResultadosBusqueda.html?id=f328d95d-ca01-4f3b-b754-bb78d80d918a&provinciaNombre=Las%20Palmas,LAS PALMAS-ARENALES,https://www.sepe.es/HomeSepe/en/que-es-el-sepe/que-es-el-sepe/Red-de-oficinas/DetalleOficina.html?idOficina=d5bd3861-69d6-4968-b436-8db5fd1adf22,35004,"C/ SUÁREZ NARANJO, 78","C/ SUÁREZ NARANJO, 78, 35004",28.1173457,-15.4248359,"El Kraken, Calle Suárez Naranjo, 78, 35004 Las Palmas de Gran Canaria, España",78,El Kraken,Calle Suárez Naranjo,35004,Arenales,,Las Palmas de Gran Canaria,Las Palmas,GC,,,España,es,1,1,1,© OpenStreetMap contributors,Open Database License,https://www.openstreetmap.org/copyright
1670948553-1766,https://www.sepe.es/HomeSepe/en/que-es-el-sepe/que-es-el-sepe/Red-de-oficinas.html,Las Palmas,https://www.sepe.es/HomeSepe/en/que-es-el-sepe/que-es-el-sepe/Red-de-oficinas/ResultadosBusqueda.html?id=f328d95d-ca01-4f3b-b754-bb78d80d918a&provinciaNombre=Las%20Palmas,INGENIO,https://www.sepe.es/HomeSepe/en/que-es-el-sepe/que-es-el-sepe/Red-de-oficinas/DetalleOficina.html?idOficina=e78c53ce-95bb-46fb-9362-9e342f9e5688,35250,"C/ JUAN NEGRÍN, 9","C/ JUAN NEGRÍN, 9, 35250",27.919449,-15.4259513,"Calle Juan Negrín, 35240 Ingenio, España",,Calle Juan Negrín,Calle Juan Negrín,35240,Las Mejías,,Ingenio,Las Palmas,GC,,,España,es,0.5,0.3,0.3,© OpenStreetMap contributors,Open Database License,https://www.openstreetmap.org/copyright
1670948558-1767,https://www.sepe.es/HomeSepe/en/que-es-el-sepe/que-es-el-sepe/Red-de-oficinas.html,Las Palmas,https://www.sepe.es/HomeSepe/en/que-es-el-sepe/que-es-el-sepe/Red-de-oficinas/ResultadosBusqueda.html?id=f328d95d-ca01-4f3b-b754-bb78d80d918a&provinciaNombre=Las%20Palmas,GRAN TARAJAL,https://www.sepe.es/HomeSepe/en/que-es-el-sepe/que-es-el-sepe/Red-de-oficinas/DetalleOficina.html?idOficina=4e92b89a-b398-4f76-923e-6f642baaed74,35620,"C/ MAXORATA, 17","C/ MAXORATA, 17, 35620",28.2112498,-14.0245588,"Calle Maxorata, 35620 Tuineje, España",,Calle Maxorata,Calle Maxorata,35620,Gran Tarajal,,Tuineje,Las Palmas,GC,,,España,es,0.5,1,1,© OpenStreetMap contributors,Open Database License,https://www.openstreetmap.org/copyright
1670948561-1768,https://www.sepe.es/HomeSepe/en/que-es-el-sepe/que-es-el-sepe/Red-de-oficinas.html,Las Palmas,https://www.sepe.es/HomeSepe/en/que-es-el-sepe/que-es-el-sepe/Red-de-oficinas/ResultadosBusqueda.html?id=f328d95d-ca01-4f3b-b754-bb78d80d918a&provinciaNombre=Las%20Palmas,GALDAR,https://www.sepe.es/HomeSepe/en/que-es-el-sepe/que-es-el-sepe/Red-de-oficinas/DetalleOficina.html?idOficina=b834edef-257a-4859-b754-48772e110fbe,35460,"C/ CAIFA, S/N","C/ CAIFA, S/N, 35460",28.1436424,-15.6559411,"Calle Caifa, 35460 Gáldar, España",,Calle Caifa,Calle Caifa,35460,Marmolejos,,Gáldar,Las Palmas,GC,,,España,es,0.73125,0.9,1,© OpenStreetMap contributors,Open Database License,https://www.openstreetmap.org/copyright
1670948563-1769,https://www.sepe.es/HomeSepe/en/que-es-el-sepe/que-es-el-sepe/Red-de-oficinas.html,Las Palmas,https://www.sepe.es/HomeSepe/en/que-es-el-sepe/que-es-el-sepe/Red-de-oficinas/ResultadosBusqueda.html?id=f328d95d-ca01-4f3b-b754-bb78d80d918a&provinciaNombre=Las%20Palmas,ARUCAS,https://www.sepe.es/HomeSepe/en/que-es-el-sepe/que-es-el-sepe/Red-de-oficinas/DetalleOficina.html?idOficina=ed7caaa3-c9de-4cdf-98df-7622ede09be0,35400,"C/ MÉDICO ANASTASIO ESCUDERO RUIZ, 1","C/ MÉDICO ANASTASIO ESCUDERO RUIZ, 1, 35400",28.12132135,-15.52674336,"35400 Arucas, España",,Arucas,,35400,,,Arucas,Las Palmas,GC,,,España,es,0,,1,© OpenStreetMap contributors,Open Database License,https://www.openstreetmap.org/copyright
1670948566-1770,https://www.sepe.es/HomeSepe/en/que-es-el-sepe/que-es-el-sepe/Red-de-oficinas.html,Las Palmas,https://www.sepe.es/HomeSepe/en/que-es-el-sepe/que-es-el-sepe/Red-de-oficinas/ResultadosBusqueda.html?id=f328d95d-ca01-4f3b-b754-bb78d80d918a&provinciaNombre=Las%20Palmas,ARRECIFE,https://www.sepe.es/HomeSepe/en/que-es-el-sepe/que-es-el-sepe/Red-de-oficinas/DetalleOficina.html?idOficina=fcaa6053-dd5a-481d-b1a5-00c7779e2b20,35500,"C/ MANOLO MILLARES, 108","C/ MANOLO MILLARES, 108, 35500",28.9588984,-13.5619417,"Calle Manolo Millares, 35509 Arrecife, España",,Calle Manolo Millares,Calle Manolo Millares,35509,Las Salinas,,Arrecife,Las Palmas,GC,,,España,es,0.5,0.3,0.3,© OpenStreetMap contributors,Open Database License,https://www.openstreetmap.org/copyright
1670948573-1771,https://www.sepe.es/HomeSepe/en/que-es-el-sepe/que-es-el-sepe/Red-de-oficinas.html,La Rioja,https://www.sepe.es/HomeSepe/en/que-es-el-sepe/que-es-el-sepe/Red-de-oficinas/ResultadosBusqueda.html?id=b4f79980-9450-4530-af47-3d8eddb35e6f&provinciaNombre=La%20Rioja,LOGROÑO-CASTROVIEJO,https://www.sepe.es/HomeSepe/en/que-es-el-sepe/que-es-el-sepe/Red-de-oficinas/DetalleOficina.html?idOficina=9493d22e-254e-4d36-b363-f279c567b34b,26003,"C/ DOCTORES CASTROVIEJO, 9","C/ DOCTORES CASTROVIEJO, 9, 26003",42.4628143,-2.4425732,"Calle Doctores Castroviejo, 26003 Logroño, España",,Calle Doctores Castroviejo,Calle Doctores Castroviejo,26003,El Cubo,Casco Antiguo,Logroño,,,La Rioja,RI,España,es,0.5,1,1,© OpenStreetMap contributors,Open Database License,https://www.openstreetmap.org/copyright
1670948576-1772,https://www.sepe.es/HomeSepe/en/que-es-el-sepe/que-es-el-sepe/Red-de-oficinas.html,La Rioja,https://www.sepe.es/HomeSepe/en/que-es-el-sepe/que-es-el-sepe/Red-de-oficinas/ResultadosBusqueda.html?id=b4f79980-9450-4530-af47-3d8eddb35e6f&provinciaNombre=La%20Rioja,LOGROÑO,https://www.sepe.es/HomeSepe/en/que-es-el-sepe/que-es-el-sepe/Red-de-oficinas/DetalleOficina.html?idOficina=87002bf3-e05a-46d9-8c51-78c83e5e3cf4,26003,"C/ CALVO SOTELO, 27-29","C/ CALVO SOTELO, 27-29, 26003",42.464011,-2.443833,"Calle Calvo Sotelo, 2, 26003 Logroño, España",2,,Calle Calvo Sotelo,26003,,Logroño,Logroño,La Rioja,LO,La Rioja,RI,España,es,0.5,1,1,© OpenStreetMap contributors,Open Database License,https://www.openstreetmap.org/copyright
1670948579-1773,https://www.sepe.es/HomeSepe/en/que-es-el-sepe/que-es-el-sepe/Red-de-oficinas.html,La Rioja,https://www.sepe.es/HomeSepe/en/que-es-el-sepe/que-es-el-sepe/Red-de-oficinas/ResultadosBusqueda.html?id=b4f79980-9450-4530-af47-3d8eddb35e6f&provinciaNombre=La%20Rioja,HARO,https://www.sepe.es/HomeSepe/en/que-es-el-sepe/que-es-el-sepe/Red-de-oficinas/DetalleOficina.html?idOficina=aee6aa6b-569e-4ec8-beab-2c7382213f74,26200,"C/ JUAN RAMÓN JIMÉNEZ, 2","C/ JUAN RAMÓN JIMÉNEZ, 2, 26200",42.5705557,-2.845467,"Calle Juan Ramón Jiménez, 26200 Haro, España",,Calle Juan Ramón Jiménez,Calle Juan Ramón Jiménez,26200,,,Haro,,,La Rioja,RI,España,es,0.5,1,1,© OpenStreetMap contributors,Open Database License,https://www.openstreetmap.org/copyright
1670948582-1774,https://www.sepe.es/HomeSepe/en/que-es-el-sepe/que-es-el-sepe/Red-de-oficinas.html,La Rioja,https://www.sepe.es/HomeSepe/en/que-es-el-sepe/que-es-el-sepe/Red-de-oficinas/ResultadosBusqueda.html?id=b4f79980-9450-4530-af47-3d8eddb35e6f&provinciaNombre=La%20Rioja,CALAHORRA,https://www.sepe.es/HomeSepe/en/que-es-el-sepe/que-es-el-sepe/Red-de-oficinas/DetalleOficina.html?idOficina=62d6962c-4fda-45bb-a767-d94a3fc3f285,26500,"PLAZA EUROPA, 7-8-9","PLAZA EUROPA, 7-8-9, 26500",42.30400555,-1.9690659,"26500 Calahorra, España",,Calahorra,,26500,,,Calahorra,,,La Rioja,RI,España,es,0,,1,© OpenStreetMap contributors,Open Database License,https://www.openstreetmap.org/copyright
1670948587-1775,https://www.sepe.es/HomeSepe/en/que-es-el-sepe/que-es-el-sepe/Red-de-oficinas.html,Jaén,https://www.sepe.es/HomeSepe/en/que-es-el-sepe/que-es-el-sepe/Red-de-oficinas/ResultadosBusqueda.html?id=586e18d1-1d6a-4ebb-928a-67852052275a&provinciaNombre=Jaen,VILLACARRILLO,https://www.sepe.es/HomeSepe/en/que-es-el-sepe/que-es-el-sepe/Red-de-oficinas/DetalleOficina.html?idOficina=e7437e50-7313-41df-bce6-ea689215c4dd,23300,"C/ DON AMBROSIO, 39","C/ DON AMBROSIO, 39, 23300",38.12544613,-3.119601924,"23300 Villacarrillo, España",,Villacarrillo,,23300,,,Villacarrillo,Jaén,J,Andalucía,AN,España,es,0,,1,© OpenStreetMap contributors,Open Database License,https://www.openstreetmap.org/copyright
1670948590-1776,https://www.sepe.es/HomeSepe/en/que-es-el-sepe/que-es-el-sepe/Red-de-oficinas.html,Jaén,https://www.sepe.es/HomeSepe/en/que-es-el-sepe/que-es-el-sepe/Red-de-oficinas/ResultadosBusqueda.html?id=586e18d1-1d6a-4ebb-928a-67852052275a&provinciaNombre=Jaen,UBEDA,https://www.sepe.es/HomeSepe/en/que-es-el-sepe/que-es-el-sepe/Red-de-oficinas/DetalleOficina.html?idOficina=b97dcbe8-3316-4039-b815-15da0e599bb7,23400,"AVDA. CRISTO REY, 24","AVDA. CRISTO REY, 24, 23400",38.012135,-3.380734,"Avenida de Cristo Rey, 24, 23400 Ubeda, España",24,,Avenida de Cristo Rey,23400,,Úbeda,Ubeda,Jaén,J,Andalucía,AN,España,es,0.7,0.7,1,© OpenStreetMap contributors,Open Database License,https://www.openstreetmap.org/copyright
1670948593-1777,https://www.sepe.es/HomeSepe/en/que-es-el-sepe/que-es-el-sepe/Red-de-oficinas.html,Jaén,https://www.sepe.es/HomeSepe/en/que-es-el-sepe/que-es-el-sepe/Red-de-oficinas/ResultadosBusqueda.html?id=586e18d1-1d6a-4ebb-928a-67852052275a&provinciaNombre=Jaen,TORREDONJIMENO,https://www.sepe.es/HomeSepe/en/que-es-el-sepe/que-es-el-sepe/Red-de-oficinas/DetalleOficina.html?idOficina=ba36d668-5c20-453c-abe5-39a0e10f325b,23650,"C/ SAN PEDRO, 12","C/ SAN PEDRO, 12, 23650",37.7655637,-3.9587818,"Calle San Pedro, 23650 Torredonjimeno, España",,Calle San Pedro,Calle San Pedro,23650,,,Torredonjimeno,Jaén,J,Andalucía,AN,España,es,0.5,1,1,© OpenStreetMap contributors,Open Database License,https://www.openstreetmap.org/copyright
1670948596-1778,https://www.sepe.es/HomeSepe/en/que-es-el-sepe/que-es-el-sepe/Red-de-oficinas.html,Jaén,https://www.sepe.es/HomeSepe/en/que-es-el-sepe/que-es-el-sepe/Red-de-oficinas/ResultadosBusqueda.html?id=586e18d1-1d6a-4ebb-928a-67852052275a&provinciaNombre=Jaen,SANTISTEBAN DEL PUERTO,https://www.sepe.es/HomeSepe/en/que-es-el-sepe/que-es-el-sepe/Red-de-oficinas/DetalleOficina.html?idOficina=f50c3e98-59fd-4f5f-b289-60ca03c234a3,23250,"AVDA. DE ANDALUCÍA, 110","AVDA. DE ANDALUCÍA, 110, 23250",42.549741,-6.629467,"Avenida de Andalucía, Cuatrovientos, España",,,Avenida de Andalucía,,,Ponferrada,Cuatrovientos,Leon,,Castilla Y León,CL,España,es,0,,,© OpenStreetMap contributors,Open Database License,https://www.openstreetmap.org/copyright
1670948599-1779,https://www.sepe.es/HomeSepe/en/que-es-el-sepe/que-es-el-sepe/Red-de-oficinas.html,Jaén,https://www.sepe.es/HomeSepe/en/que-es-el-sepe/que-es-el-sepe/Red-de-oficinas/ResultadosBusqueda.html?id=586e18d1-1d6a-4ebb-928a-67852052275a&provinciaNombre=Jaen,SANTIAGO PONTONES,https://www.sepe.es/HomeSepe/en/que-es-el-sepe/que-es-el-sepe/Red-de-oficinas/DetalleOficina.html?idOficina=f0f95b2e-bd06-4417-af8d-5bffe77eaa69,23290,"C/ SALIENTE, 16","C/ SALIENTE, 16, 23290",38.07238255,-2.637217516,"23290 Santiago-Pontones, España",,Santiago-Pontones,,23290,,,Santiago-Pontones,Jaén,J,Andalucía,AN,España,es,0,,1,© OpenStreetMap contributors,Open Database License,https://www.openstreetmap.org/copyright
1670948601-1780,https://www.sepe.es/HomeSepe/en/que-es-el-sepe/que-es-el-sepe/Red-de-oficinas.html,Jaén,https://www.sepe.es/HomeSepe/en/que-es-el-sepe/que-es-el-sepe/Red-de-oficinas/ResultadosBusqueda.html?id=586e18d1-1d6a-4ebb-928a-67852052275a&provinciaNombre=Jaen,QUESADA,https://www.sepe.es/HomeSepe/en/que-es-el-sepe/que-es-el-sepe/Red-de-oficinas/DetalleOficina.html?idOficina=0c218017-bb7a-4ac1-9010-bf250e405d1f,23480,"PLAZA DE LA LONJA, 16","PLAZA DE LA LONJA, 16, 23480",37.847198,-3.067977,"Plaza de la Lonja, 17, 23480 Quesada, España",17,,Plaza de la Lonja,23480,,Quesada,Quesada,Jaén,J,Andalucía,AN,España,es,0.7,1,1,© OpenStreetMap contributors,Open Database License,https://www.openstreetmap.org/copyright
1670948604-1781,https://www.sepe.es/HomeSepe/en/que-es-el-sepe/que-es-el-sepe/Red-de-oficinas.html,Jaén,https://www.sepe.es/HomeSepe/en/que-es-el-sepe/que-es-el-sepe/Red-de-oficinas/ResultadosBusqueda.html?id=586e18d1-1d6a-4ebb-928a-67852052275a&provinciaNombre=Jaen,POZO ALCON,https://www.sepe.es/HomeSepe/en/que-es-el-sepe/que-es-el-sepe/Red-de-oficinas/DetalleOficina.html?idOficina=324dcbeb-43c2-4b3a-95cf-c4fb5fdd6e15,23485,"C/ IGLESIA, 5","C/ IGLESIA, 5, 23485",37.705439,-2.9339185,"Calle Iglesia, 23485 Pozo Alcón, España",,Calle Iglesia,Calle Iglesia,23485,,,Pozo Alcón,Jaén,J,Andalucía,AN,España,es,0.5,1,1,© OpenStreetMap contributors,Open Database License,https://www.openstreetmap.org/copyright
1670948607-1782,https://www.sepe.es/HomeSepe/en/que-es-el-sepe/que-es-el-sepe/Red-de-oficinas.html,Jaén,https://www.sepe.es/HomeSepe/en/que-es-el-sepe/que-es-el-sepe/Red-de-oficinas/ResultadosBusqueda.html?id=586e18d1-1d6a-4ebb-928a-67852052275a&provinciaNombre=Jaen,PORCUNA,https://www.sepe.es/HomeSepe/en/que-es-el-sepe/que-es-el-sepe/Red-de-oficinas/DetalleOficina.html?idOficina=614c4c92-b476-44bd-8c8b-9ee6d9a37e9a,23790,"C/ OBULCO, 3","C/ OBULCO, 3, 23790",37.8694153,-4.1856873,"Calle Obulco, 23790 Porcuna, España",,Calle Obulco,Calle Obulco,23790,,,Porcuna,Jaén,J,Andalucía,AN,España,es,0.5,1,1,© OpenStreetMap contributors,Open Database License,https://www.openstreetmap.org/copyright
1670948609-1783,https://www.sepe.es/HomeSepe/en/que-es-el-sepe/que-es-el-sepe/Red-de-oficinas.html,Jaén,https://www.sepe.es/HomeSepe/en/que-es-el-sepe/que-es-el-sepe/Red-de-oficinas/ResultadosBusqueda.html?id=586e18d1-1d6a-4ebb-928a-67852052275a&provinciaNombre=Jaen,ORCERA,https://www.sepe.es/HomeSepe/en/que-es-el-sepe/que-es-el-sepe/Red-de-oficinas/DetalleOficina.html?idOficina=24312ed7-7adc-47fe-9d9f-c740d6f88007,23370,C/ MAYOR S/N,"C/ MAYOR S/N, 23370",38.317204,-2.6624585,"Calle Mayor, 23370 Orcera, España",,Calle Mayor,Calle Mayor,23370,,,Orcera,Jaén,J,Andalucía,AN,España,es,0.81,0.81,1,© OpenStreetMap contributors,Open Database License,https://www.openstreetmap.org/copyright
1670948612-1784,https://www.sepe.es/HomeSepe/en/que-es-el-sepe/que-es-el-sepe/Red-de-oficinas.html,Jaén,https://www.sepe.es/HomeSepe/en/que-es-el-sepe/que-es-el-sepe/Red-de-oficinas/ResultadosBusqueda.html?id=586e18d1-1d6a-4ebb-928a-67852052275a&provinciaNombre=Jaen,MENGIBAR,https://www.sepe.es/HomeSepe/en/que-es-el-sepe/que-es-el-sepe/Red-de-oficinas/DetalleOficina.html?idOficina=b2b264ce-73bd-46ef-bd85-512d87e5350c,23620,"C/ HERMANOS FERNÁNDEZ, 1","C/ HERMANOS FERNÁNDEZ, 1, 23620",37.9691982,-3.8076785,"Calle Hermanos Fernández, 23620 Mengíbar, España",,Calle Hermanos Fernández,Calle Hermanos Fernández,23620,,,Mengíbar,Jaén,J,Andalucía,AN,España,es,0.5,1,1,© OpenStreetMap contributors,Open Database License,https://www.openstreetmap.org/copyright
1670948614-1785,https://www.sepe.es/HomeSepe/en/que-es-el-sepe/que-es-el-sepe/Red-de-oficinas.html,Jaén,https://www.sepe.es/HomeSepe/en/que-es-el-sepe/que-es-el-sepe/Red-de-oficinas/ResultadosBusqueda.html?id=586e18d1-1d6a-4ebb-928a-67852052275a&provinciaNombre=Jaen,MARTOS,https://www.sepe.es/HomeSepe/en/que-es-el-sepe/que-es-el-sepe/Red-de-oficinas/DetalleOficina.html?idOficina=e0b614aa-2ab3-44d0-8de1-407b14e281f8,23600,"C/ LA FUENTE, 7","C/ LA FUENTE, 7, 23600",37.7233528,-3.9652318,"Calle La Fuente, 23600 Martos, España",,Calle La Fuente,Calle La Fuente,23600,,,Martos,Jaén,J,Andalucía,AN,España,es,0.5,1,1,© OpenStreetMap contributors,Open Database License,https://www.openstreetmap.org/copyright
1670948617-1786,https://www.sepe.es/HomeSepe/en/que-es-el-sepe/que-es-el-sepe/Red-de-oficinas.html,Jaén,https://www.sepe.es/HomeSepe/en/que-es-el-sepe/que-es-el-sepe/Red-de-oficinas/ResultadosBusqueda.html?id=586e18d1-1d6a-4ebb-928a-67852052275a&provinciaNombre=Jaen,LINARES,https://www.sepe.es/HomeSepe/en/que-es-el-sepe/que-es-el-sepe/Red-de-oficinas/DetalleOficina.html?idOficina=b065a124-7357-40c1-b92c-7bd0bc247fb3,23700,"C/ O´DONNELL, 3","C/ O´DONNELL, 3, 23700",38.099479,-3.6303051,"Calle O'Donnell, 23700 Linares, España",,Calle O'Donnell,Calle O'Donnell,23700,,,Linares,Jaén,J,Andalucía,AN,España,es,0.5,1,1,© OpenStreetMap contributors,Open Database License,https://www.openstreetmap.org/copyright
1670948619-1787,https://www.sepe.es/HomeSepe/en/que-es-el-sepe/que-es-el-sepe/Red-de-oficinas.html,Jaén,https://www.sepe.es/HomeSepe/en/que-es-el-sepe/que-es-el-sepe/Red-de-oficinas/ResultadosBusqueda.html?id=586e18d1-1d6a-4ebb-928a-67852052275a&provinciaNombre=Jaen,LA PUERTA DE SEGURA,https://www.sepe.es/HomeSepe/en/que-es-el-sepe/que-es-el-sepe/Red-de-oficinas/DetalleOficina.html?idOficina=6f3c3832-69fb-471b-a9e5-f91a89c16d16,23360,"C/ JUAN JOSÉ MORENO MIRA, 7","C/ JUAN JOSÉ MORENO MIRA, 7, 23360",38.3480743,-2.7373968,"Calle Juan José Moreno Mira, 23360 La Puerta de Segura, España",,Calle Juan José Moreno Mira,Calle Juan José Moreno Mira,23360,,,La Puerta de Segura,Jaén,J,Andalucía,AN,España,es,0.5,1,1,© OpenStreetMap contributors,Open Database License,https://www.openstreetmap.org/copyright
1670948622-1788,https://www.sepe.es/HomeSepe/en/que-es-el-sepe/que-es-el-sepe/Red-de-oficinas.html,Jaén,https://www.sepe.es/HomeSepe/en/que-es-el-sepe/que-es-el-sepe/Red-de-oficinas/ResultadosBusqueda.html?id=586e18d1-1d6a-4ebb-928a-67852052275a&provinciaNombre=Jaen,LA CAROLINA,https://www.sepe.es/HomeSepe/en/que-es-el-sepe/que-es-el-sepe/Red-de-oficinas/DetalleOficina.html?idOficina=9d6917fc-caa7-4b93-8180-b7b32893c8a9,23200,"C/ SILVELA,13","C/ SILVELA,13, 23200",38.28196581,-3.6037457,"23200 La Carolina, España",,La Carolina,,23200,,,La Carolina,Jaén,J,Andalucía,AN,España,es,0,,1,© OpenStreetMap contributors,Open Database License,https://www.openstreetmap.org/copyright
1670948625-1789,https://www.sepe.es/HomeSepe/en/que-es-el-sepe/que-es-el-sepe/Red-de-oficinas.html,Jaén,https://www.sepe.es/HomeSepe/en/que-es-el-sepe/que-es-el-sepe/Red-de-oficinas/ResultadosBusqueda.html?id=586e18d1-1d6a-4ebb-928a-67852052275a&provinciaNombre=Jaen,JODAR,https://www.sepe.es/HomeSepe/en/que-es-el-sepe/que-es-el-sepe/Red-de-oficinas/DetalleOficina.html?idOficina=b5b154e4-344d-468a-8579-854643532db7,23500,"C/ ERMITA VIEJA, 20","C/ ERMITA VIEJA, 20, 23500",37.87773074,-3.358651451,"23500 Jódar, España",,Jódar,,23500,,,Jódar,Jaén,J,Andalucía,AN,España,es,0,,1,© OpenStreetMap contributors,Open Database License,https://www.openstreetmap.org/copyright
1670948627-1790,https://www.sepe.es/HomeSepe/en/que-es-el-sepe/que-es-el-sepe/Red-de-oficinas.html,Jaén,https://www.sepe.es/HomeSepe/en/que-es-el-sepe/que-es-el-sepe/Red-de-oficinas/ResultadosBusqueda.html?id=586e18d1-1d6a-4ebb-928a-67852052275a&provinciaNombre=Jaen,JAEN-URBANA,https://www.sepe.es/HomeSepe/en/que-es-el-sepe/que-es-el-sepe/Red-de-oficinas/DetalleOficina.html?idOficina=70c3c27f-2d04-4aeb-91e9-597121c7ab39,23006,"AVDA. DE ANDALUCÍA, 36","AVDA. DE ANDALUCÍA, 36, 23006",37.7777478,-3.7965625,"Unicaja Banco, Avenida de Andalucía, 36, 23006 Jaén, España",36,Unicaja Banco,Avenida de Andalucía,23006,,Gran Eje,Jaén,Jaén,J,Andalucía,AN,España,es,1,1,1,© OpenStreetMap contributors,Open Database License,https://www.openstreetmap.org/copyright
1670948630-1791,https://www.sepe.es/HomeSepe/en/que-es-el-sepe/que-es-el-sepe/Red-de-oficinas.html,Jaén,https://www.sepe.es/HomeSepe/en/que-es-el-sepe/que-es-el-sepe/Red-de-oficinas/ResultadosBusqueda.html?id=586e18d1-1d6a-4ebb-928a-67852052275a&provinciaNombre=Jaen,JAEN-PERIFERIA,https://www.sepe.es/HomeSepe/en/que-es-el-sepe/que-es-el-sepe/Red-de-oficinas/DetalleOficina.html?idOficina=9d6b23ed-0933-472a-8394-2cffcb656a59,23004,"C/ DOCTOR ARROYO, 15","C/ DOCTOR ARROYO, 15, 23004",37.76903,-3.790869,"Calle Doctor Eduardo Arroyo, 15, 23004 Jaén, España",15,,Calle Doctor Eduardo Arroyo,23004,,Jaén,Jaén,Jaén,J,Andalucía,AN,España,es,0.63,0.63,1,© OpenStreetMap contributors,Open Database License,https://www.openstreetmap.org/copyright
1670948632-1792,https://www.sepe.es/HomeSepe/en/que-es-el-sepe/que-es-el-sepe/Red-de-oficinas.html,Jaén,https://www.sepe.es/HomeSepe/en/que-es-el-sepe/que-es-el-sepe/Red-de-oficinas/ResultadosBusqueda.html?id=586e18d1-1d6a-4ebb-928a-67852052275a&provinciaNombre=Jaen,HUELMA,https://www.sepe.es/HomeSepe/en/que-es-el-sepe/que-es-el-sepe/Red-de-oficinas/DetalleOficina.html?idOficina=d4bea8eb-f5e7-4717-89a1-1843dc2f2300,23560,"C/ ALMODÓVAR, 1","C/ ALMODÓVAR, 1, 23560",37.6507135,-3.4588774,"Calle Almodóvar, 23560 Huelma, España",,Calle Almodóvar,Calle Almodóvar,23560,,,Huelma,Jaén,J,Andalucía,AN,España,es,0.5,1,1,© OpenStreetMap contributors,Open Database License,https://www.openstreetmap.org/copyright
1670948635-1793,https://www.sepe.es/HomeSepe/en/que-es-el-sepe/que-es-el-sepe/Red-de-oficinas.html,Jaén,https://www.sepe.es/HomeSepe/en/que-es-el-sepe/que-es-el-sepe/Red-de-oficinas/ResultadosBusqueda.html?id=586e18d1-1d6a-4ebb-928a-67852052275a&provinciaNombre=Jaen,CAZORLA,https://www.sepe.es/HomeSepe/en/que-es-el-sepe/que-es-el-sepe/Red-de-oficinas/DetalleOficina.html?idOficina=d8b41535-1c71-476c-a307-e7e0b6aba649,23470,"C/ CARMEN, 15","C/ CARMEN, 15, 23470",37.911772,-3.001509,"Calle del Carmen, 15, 23470 Cazorla, España",15,,Calle del Carmen,23470,,Cazorla,Cazorla,Jaén,J,Andalucía,AN,España,es,0.63,0.63,1,© OpenStreetMap contributors,Open Database License,https://www.openstreetmap.org/copyright
1670948638-1794,https://www.sepe.es/HomeSepe/en/que-es-el-sepe/que-es-el-sepe/Red-de-oficinas.html,Jaén,https://www.sepe.es/HomeSepe/en/que-es-el-sepe/que-es-el-sepe/Red-de-oficinas/ResultadosBusqueda.html?id=586e18d1-1d6a-4ebb-928a-67852052275a&provinciaNombre=Jaen,CAMPILLO DE ARENAS,https://www.sepe.es/HomeSepe/en/que-es-el-sepe/que-es-el-sepe/Red-de-oficinas/DetalleOficina.html?idOficina=132c139b-5326-472a-ba45-609ed7940aee,23130,"PLAZA DE ANDALUCÍA, 23","PLAZA DE ANDALUCÍA, 23, 23130",40.326864,-3.765798,"Plaza de Andalucía, Leganés, España",,,Plaza de Andalucía,,,Leganés,Leganés,Madrid,,Comunidad de Madrid,MD,España,es,0,,,© OpenStreetMap contributors,Open Database License,https://www.openstreetmap.org/copyright
1670948640-1795,https://www.sepe.es/HomeSepe/en/que-es-el-sepe/que-es-el-sepe/Red-de-oficinas.html,Jaén,https://www.sepe.es/HomeSepe/en/que-es-el-sepe/que-es-el-sepe/Red-de-oficinas/ResultadosBusqueda.html?id=586e18d1-1d6a-4ebb-928a-67852052275a&provinciaNombre=Jaen,BEAS DEL SEGURA,https://www.sepe.es/HomeSepe/en/que-es-el-sepe/que-es-el-sepe/Red-de-oficinas/DetalleOficina.html?idOficina=0f75fc71-8f73-4af4-8cae-eb0102437801,23280,"C/ SAN FRANCISCO, 68","C/ SAN FRANCISCO, 68, 23280",38.26765925,-2.95086272,"23280 Beas de Segura, España",,Beas de Segura,,23280,,,Beas de Segura,Jaén,J,Andalucía,AN,España,es,0,,1,© OpenStreetMap contributors,Open Database License,https://www.openstreetmap.org/copyright
1670948643-1796,https://www.sepe.es/HomeSepe/en/que-es-el-sepe/que-es-el-sepe/Red-de-oficinas.html,Jaén,https://www.sepe.es/HomeSepe/en/que-es-el-sepe/que-es-el-sepe/Red-de-oficinas/ResultadosBusqueda.html?id=586e18d1-1d6a-4ebb-928a-67852052275a&provinciaNombre=Jaen,BAILEN,https://www.sepe.es/HomeSepe/en/que-es-el-sepe/que-es-el-sepe/Red-de-oficinas/DetalleOficina.html?idOficina=8bbaba82-9c62-4a5d-b88e-f4a0e334ac29,23710,"C/ POETA RAFAEL ALBERTI, 7","C/ POETA RAFAEL ALBERTI, 7, 23710",38.0969471,-3.7792493,"Calle Poeta Rafael Alberti, 23710 Bailén, España",,Calle Poeta Rafael Alberti,Calle Poeta Rafael Alberti,23710,,,Bailén,Jaén,J,Andalucía,AN,España,es,0.5,1,1,© OpenStreetMap contributors,Open Database License,https://www.openstreetmap.org/copyright
1670948645-1797,https://www.sepe.es/HomeSepe/en/que-es-el-sepe/que-es-el-sepe/Red-de-oficinas.html,Jaén,https://www.sepe.es/HomeSepe/en/que-es-el-sepe/que-es-el-sepe/Red-de-oficinas/ResultadosBusqueda.html?id=586e18d1-1d6a-4ebb-928a-67852052275a&provinciaNombre=Jaen,BAEZA,https://www.sepe.es/HomeSepe/en/que-es-el-sepe/que-es-el-sepe/Red-de-oficinas/DetalleOficina.html?idOficina=4654d6c2-e827-48fa-bf0c-cad596374b19,23440,"C/ COMPAÑÍA, 5","C/ COMPAÑÍA, 5, 23440",37.99225605,-3.467831335,"Calle Compañía, 5, 23440 Baeza, España",5,,Calle Compañía,23440,,Barrio Poetas de la Hispanidad,Baeza,Jaén,J,Andalucía,AN,España,es,1,1,1,© OpenStreetMap contributors,Open Database License,https://www.openstreetmap.org/copyright
1670948648-1798,https://www.sepe.es/HomeSepe/en/que-es-el-sepe/que-es-el-sepe/Red-de-oficinas.html,Jaén,https://www.sepe.es/HomeSepe/en/que-es-el-sepe/que-es-el-sepe/Red-de-oficinas/ResultadosBusqueda.html?id=586e18d1-1d6a-4ebb-928a-67852052275a&provinciaNombre=Jaen,ANDUJAR,https://www.sepe.es/HomeSepe/en/que-es-el-sepe/que-es-el-sepe/Red-de-oficinas/DetalleOficina.html?idOficina=f42887c1-355b-4928-91f5-f46331acf556,23740,"C/ ALTOZANO DEÁN PÉREZ DE VARGAS, S/N","C/ ALTOZANO DEÁN PÉREZ DE VARGAS, S/N, 23740",38.037322,-4.056014,"Altozano Serrano Plato, 7, 23740 Andújar, España",7,,Altozano Serrano Plato,23740,,Andújar,Andújar,Jaén,J,Andalucía,AN,España,es,0.066666667,0.133333333,1,© OpenStreetMap contributors,Open Database License,https://www.openstreetmap.org/copyright
1670948654-1799,https://www.sepe.es/HomeSepe/en/que-es-el-sepe/que-es-el-sepe/Red-de-oficinas.html,Jaén,https://www.sepe.es/HomeSepe/en/que-es-el-sepe/que-es-el-sepe/Red-de-oficinas/ResultadosBusqueda.html?id=586e18d1-1d6a-4ebb-928a-67852052275a&provinciaNombre=Jaen,ALCAUDETE,https://www.sepe.es/HomeSepe/en/que-es-el-sepe/que-es-el-sepe/Red-de-oficinas/DetalleOficina.html?idOficina=9bfa8757-ff0f-4257-8b04-62184627d4f0,23660,"C/ GENERAL BAENA, 11","C/ GENERAL BAENA, 11, 23660",37.5903255,-4.0868989,"Calle General Baena, 23660 Alcaudete, España",,Calle General Baena,Calle General Baena,23660,,,Alcaudete,Jaén,J,Andalucía,AN,España,es,0.5,1,1,© OpenStreetMap contributors,Open Database License,https://www.openstreetmap.org/copyright
1670948657-1800,https://www.sepe.es/HomeSepe/en/que-es-el-sepe/que-es-el-sepe/Red-de-oficinas.html,Jaén,https://www.sepe.es/HomeSepe/en/que-es-el-sepe/que-es-el-sepe/Red-de-oficinas/ResultadosBusqueda.html?id=586e18d1-1d6a-4ebb-928a-67852052275a&provinciaNombre=Jaen,ALCALA LA REAL,https://www.sepe.es/HomeSepe/en/que-es-el-sepe/que-es-el-sepe/Red-de-oficinas/DetalleOficina.html?idOficina=ccd42d76-fed8-4494-bcba-969b81d89467,23680,"C/ CRUZ DEL COTO, 4","C/ CRUZ DEL COTO, 4, 23680",37.4557379,-3.9229366,"Calle Cruz del Coto, 23680 Alcalá la Real, España",,Calle Cruz del Coto,Calle Cruz del Coto,23680,,,Alcalá la Real,Jaén,J,Andalucía,AN,España,es,0.5,1,1,© OpenStreetMap contributors,Open Database License,https://www.openstreetmap.org/copyright
1670948666-1801,https://www.sepe.es/HomeSepe/en/que-es-el-sepe/que-es-el-sepe/Red-de-oficinas.html,Illes Balears/Islas Baleares,https://www.sepe.es/HomeSepe/en/que-es-el-sepe/que-es-el-sepe/Red-de-oficinas/ResultadosBusqueda.html?id=339e62e0-c677-4cdb-bead-d28b5cf827cf&provinciaNombre=Illes%20Balears/Islas%20Baleares,SANTA EULÀRIA DES RIU,https://www.sepe.es/HomeSepe/en/que-es-el-sepe/que-es-el-sepe/Red-de-oficinas/DetalleOficina.html?idOficina=da4b3c3f-0464-429f-b440-f30ab39cc8c5,7840,"C/ CAMI DE MISSA, 34 - LOCAL 1","C/ CAMI DE MISSA, 34 - LOCAL 1, 7840",39.881236,4.249261,"Camí de Baix, 34, 07712 Mahón, España",34,,Camí de Baix,7712,,,Mahón,Islas Baleares,PM,Islas Baleares,IB,España,es,0.5315625,,,© OpenStreetMap contributors,Open Database License,https://www.openstreetmap.org/copyright
1670948669-1802,https://www.sepe.es/HomeSepe/en/que-es-el-sepe/que-es-el-sepe/Red-de-oficinas.html,Illes Balears/Islas Baleares,https://www.sepe.es/HomeSepe/en/que-es-el-sepe/que-es-el-sepe/Red-de-oficinas/ResultadosBusqueda.html?id=339e62e0-c677-4cdb-bead-d28b5cf827cf&provinciaNombre=Illes%20Balears/Islas%20Baleares,SANT ANTONI DE PORTMANY,https://www.sepe.es/HomeSepe/en/que-es-el-sepe/que-es-el-sepe/Red-de-oficinas/DetalleOficina.html?idOficina=1f30c71a-13a3-4ac1-a5c4-3796d37dfb72,7820,"C/ SOLEDAD, 54","C/ SOLEDAD, 54, 7820",39.015674,-1.88296,"Calle C, 54, 02007 Albacete, España",54,,Calle C,2007,,Albacete,Albacete,Albacete,AB,Castilla-La Mancha,CM,España,es,0,,,© OpenStreetMap contributors,Open Database License,https://www.openstreetmap.org/copyright
1670948671-1803,https://www.sepe.es/HomeSepe/en/que-es-el-sepe/que-es-el-sepe/Red-de-oficinas.html,Illes Balears/Islas Baleares,https://www.sepe.es/HomeSepe/en/que-es-el-sepe/que-es-el-sepe/Red-de-oficinas/ResultadosBusqueda.html?id=339e62e0-c677-4cdb-bead-d28b5cf827cf&provinciaNombre=Illes%20Balears/Islas%20Baleares,PALMA DE MALLORCA-MIGUEL MARQUÉS,https://www.sepe.es/HomeSepe/en/que-es-el-sepe/que-es-el-sepe/Red-de-oficinas/DetalleOficina.html?idOficina=4258a520-6e1f-4f10-aff5-790acaf4206a,7005,"C/ MIGUEL MARQUÉS, 13","C/ MIGUEL MARQUÉS, 13, 7005",42.814285,-1.702115,"Calle C, 13, 31170 Barañáin, España",13,,Calle C,31170,,Cendea De Olza/Oltza Zendea,Barañáin,Navarra,NA,Comunidad Foral De Navarra,,España,es,0,,,© OpenAddresses contributors,BSD-3-Clause License,
1670948674-1804,https://www.sepe.es/HomeSepe/en/que-es-el-sepe/que-es-el-sepe/Red-de-oficinas.html,Illes Balears/Islas Baleares,https://www.sepe.es/HomeSepe/en/que-es-el-sepe/que-es-el-sepe/Red-de-oficinas/ResultadosBusqueda.html?id=339e62e0-c677-4cdb-bead-d28b5cf827cf&provinciaNombre=Illes%20Balears/Islas%20Baleares,PALMA DE MALLORCA-MATEU ENRIC LLADÓ,https://www.sepe.es/HomeSepe/en/que-es-el-sepe/que-es-el-sepe/Red-de-oficinas/DetalleOficina.html?idOficina=4b523c39-aa6b-46e7-bd99-4316a16b02a3,7009,"C/CAMÍ VELL DE BUNYOLA, 43 PISO 1 (POLIGONO S.CASTELLÓ)","C/CAMÍ VELL DE BUNYOLA, 43 PISO 1 (POLIGONO S.CASTELLÓ), 7009",39.591188,2.66753,"Camí Vell de Bunyola, 7, Palma, IB, España",,"Camí Vell de Bunyola, 7",,,,,Palma,Islas Baleares,PM,Islas Baleares,IB,España,es,0.35,,,© OpenStreetMap contributors,Open Database License,https://www.openstreetmap.org/copyright
1670948676-1805,https://www.sepe.es/HomeSepe/en/que-es-el-sepe/que-es-el-sepe/Red-de-oficinas.html,Illes Balears/Islas Baleares,https://www.sepe.es/HomeSepe/en/que-es-el-sepe/que-es-el-sepe/Red-de-oficinas/ResultadosBusqueda.html?id=339e62e0-c677-4cdb-bead-d28b5cf827cf&provinciaNombre=Illes%20Balears/Islas%20Baleares,PALMA DE MALLORCA-JORDI VILLALONGA,https://www.sepe.es/HomeSepe/en/que-es-el-sepe/que-es-el-sepe/Red-de-oficinas/DetalleOficina.html?idOficina=4371e430-7ffe-4461-8824-f7c94514cc77,7010,"C/ JORDI VILLALONGA I VELASCO, 2","C/ JORDI VILLALONGA I VELASCO, 2, 7010",41.42251,2.182963,"Carrer de Jordi de Sant Jordi, 08027 Barcelona, España",,,Carrer de Jordi de Sant Jordi,8027,el Congrés i els Indians,,Barcelona,Barcelona,B,Catalonia,,España,es,0,,,© OpenStreetMap contributors,Open Database License,https://www.openstreetmap.org/copyright
1670948679-1806,https://www.sepe.es/HomeSepe/en/que-es-el-sepe/que-es-el-sepe/Red-de-oficinas.html,Illes Balears/Islas Baleares,https://www.sepe.es/HomeSepe/en/que-es-el-sepe/que-es-el-sepe/Red-de-oficinas/ResultadosBusqueda.html?id=339e62e0-c677-4cdb-bead-d28b5cf827cf&provinciaNombre=Illes%20Balears/Islas%20Baleares,MAÓ,https://www.sepe.es/HomeSepe/en/que-es-el-sepe/que-es-el-sepe/Red-de-oficinas/DetalleOficina.html?idOficina=b2a978e0-82e4-4c97-b212-3c3d0d953950,7701,C/ AUGUSTO MIRANDA S/N,"C/ AUGUSTO MIRANDA S/N, 7701",42.58686,-5.554146,"Arrabal S N 22 C Madr, León, España",,,Arrabal S N 22 C Madr,,,,León,Leon,,Castilla Y León,CL,España,es,0,,,© OpenStreetMap contributors,Open Database License,https://www.openstreetmap.org/copyright
1670948683-1807,https://www.sepe.es/HomeSepe/en/que-es-el-sepe/que-es-el-sepe/Red-de-oficinas.html,Illes Balears/Islas Baleares,https://www.sepe.es/HomeSepe/en/que-es-el-sepe/que-es-el-sepe/Red-de-oficinas/ResultadosBusqueda.html?id=339e62e0-c677-4cdb-bead-d28b5cf827cf&provinciaNombre=Illes%20Balears/Islas%20Baleares,MANACOR,https://www.sepe.es/HomeSepe/en/que-es-el-sepe/que-es-el-sepe/Red-de-oficinas/DetalleOficina.html?idOficina=4d01c5b3-7420-4b51-b750-f3fd5abc3f53,7500,"C/ MENÉNDEZ PELAYO, 44","C/ MENÉNDEZ PELAYO, 44, 7500",40.404297,-3.681101,"Menéndez Pelayo, Avenida de Menéndez Pelayo, 44, 28007 Madrid, España",44,Menéndez Pelayo,Avenida de Menéndez Pelayo,28007,Pacífico,,Madrid,Madrid,,Comunidad de Madrid,MD,España,es,0,,,© OpenStreetMap contributors,Open Database License,https://www.openstreetmap.org/copyright
1670948686-1808,https://www.sepe.es/HomeSepe/en/que-es-el-sepe/que-es-el-sepe/Red-de-oficinas.html,Illes Balears/Islas Baleares,https://www.sepe.es/HomeSepe/en/que-es-el-sepe/que-es-el-sepe/Red-de-oficinas/ResultadosBusqueda.html?id=339e62e0-c677-4cdb-bead-d28b5cf827cf&provinciaNombre=Illes%20Balears/Islas%20Baleares,INCA,https://www.sepe.es/HomeSepe/en/que-es-el-sepe/que-es-el-sepe/Red-de-oficinas/DetalleOficina.html?idOficina=008d69f8-d33c-4b08-a391-11c425b8fde3,7300,"AVDA. DES RAIGUER, 105","AVDA. DES RAIGUER, 105, 7300",39.655485,2.76228,"Quarter III, camí des Raiguer, 105, 07320 Santa Maria del Camí, España",105,,"Quarter III, camí des Raiguer",7320,,,Santa Maria del Camí,Islas Baleares,PM,Islas Baleares,IB,España,es,0,,,© OpenStreetMap contributors,Open Database License,https://www.openstreetmap.org/copyright
1670948689-1809,https://www.sepe.es/HomeSepe/en/que-es-el-sepe/que-es-el-sepe/Red-de-oficinas.html,Illes Balears/Islas Baleares,https://www.sepe.es/HomeSepe/en/que-es-el-sepe/que-es-el-sepe/Red-de-oficinas/ResultadosBusqueda.html?id=339e62e0-c677-4cdb-bead-d28b5cf827cf&provinciaNombre=Illes%20Balears/Islas%20Baleares,FORMENTERA,https://www.sepe.es/HomeSepe/en/que-es-el-sepe/que-es-el-sepe/Red-de-oficinas/DetalleOficina.html?idOficina=fffa4376-4198-4ce5-a1d9-fa19169b894d,7860,"C/ PLA DEL REI, 120-122","C/ PLA DEL REI, 120-122, 7860",41.555428,2.174362,"Pl. Can Bernades-Sobirà - C. del Nord, Palau-Solità I Plegamans, Catalonia, España",,Pl. Can Bernades-Sobirà - C. del Nord,,,,,Palau-Solità I Plegamans,Barcelona,B,Catalonia,,España,es,0,,,© OpenStreetMap contributors,Open Database License,https://www.openstreetmap.org/copyright
1670948694-1810,https://www.sepe.es/HomeSepe/en/que-es-el-sepe/que-es-el-sepe/Red-de-oficinas.html,Illes Balears/Islas Baleares,https://www.sepe.es/HomeSepe/en/que-es-el-sepe/que-es-el-sepe/Red-de-oficinas/ResultadosBusqueda.html?id=339e62e0-c677-4cdb-bead-d28b5cf827cf&provinciaNombre=Illes%20Balears/Islas%20Baleares,FELANITX,https://www.sepe.es/HomeSepe/en/que-es-el-sepe/que-es-el-sepe/Red-de-oficinas/DetalleOficina.html?idOficina=a4be6eeb-4f12-4584-933b-257de6a52d1b,7200,"C/ SANT AGUSTI, 13","C/ SANT AGUSTI, 13, 7200",40.820571,0.504638,"Carrer Sant Agustí, 13, 43520 Roquetes, España",13,,Carrer Sant Agustí,43520,,Roquetes,Roquetes,Tarragona,T,Catalonia,,España,es,0,,,© OpenStreetMap contributors,Open Database License,https://www.openstreetmap.org/copyright
1670948697-1811,https://www.sepe.es/HomeSepe/en/que-es-el-sepe/que-es-el-sepe/Red-de-oficinas.html,Illes Balears/Islas Baleares,https://www.sepe.es/HomeSepe/en/que-es-el-sepe/que-es-el-sepe/Red-de-oficinas/ResultadosBusqueda.html?id=339e62e0-c677-4cdb-bead-d28b5cf827cf&provinciaNombre=Illes%20Balears/Islas%20Baleares,EIVISSA,https://www.sepe.es/HomeSepe/en/que-es-el-sepe/que-es-el-sepe/Red-de-oficinas/DetalleOficina.html?idOficina=610c35ca-048d-40c4-a1f7-dbe5cf3fef5a,7800,"C/ CANARIES, 35, 1º","C/ CANARIES, 35, 1º, 7800",38.382365,-0.764582,"c/Almoina, 35, Novelda, España",35,,c/Almoina,,,Novelda,Novelda,Alicante,A,Comunidad Valenciana,VC,España,es,0.615789474,,,© OpenStreetMap contributors,Open Database License,https://www.openstreetmap.org/copyright
1670948699-1812,https://www.sepe.es/HomeSepe/en/que-es-el-sepe/que-es-el-sepe/Red-de-oficinas.html,Illes Balears/Islas Baleares,https://www.sepe.es/HomeSepe/en/que-es-el-sepe/que-es-el-sepe/Red-de-oficinas/ResultadosBusqueda.html?id=339e62e0-c677-4cdb-bead-d28b5cf827cf&provinciaNombre=Illes%20Balears/Islas%20Baleares,CIUTADELLA DE MENORCA,https://www.sepe.es/HomeSepe/en/que-es-el-sepe/que-es-el-sepe/Red-de-oficinas/DetalleOficina.html?idOficina=8909d70d-e90a-4999-87b6-112a2372eebf,7760,"C/ SANT ANTONI MARÍA CLARET, 70","C/ SANT ANTONI MARÍA CLARET, 70, 7760",41.119707,1.246952,"C. Sant Antoni Maria Claret, 12-14, 43002 Tarragona, España",Dec-14,,C. Sant Antoni Maria Claret,43002,,Tarragona,Tarragona,Tarragona,T,Catalonia,,España,es,0,,,© OpenStreetMap contributors,Open Database License,https://www.openstreetmap.org/copyright
1670948702-1813,https://www.sepe.es/HomeSepe/en/que-es-el-sepe/que-es-el-sepe/Red-de-oficinas.html,Illes Balears/Islas Baleares,https://www.sepe.es/HomeSepe/en/que-es-el-sepe/que-es-el-sepe/Red-de-oficinas/ResultadosBusqueda.html?id=339e62e0-c677-4cdb-bead-d28b5cf827cf&provinciaNombre=Illes%20Balears/Islas%20Baleares,CALVIÀ,https://www.sepe.es/HomeSepe/en/que-es-el-sepe/que-es-el-sepe/Red-de-oficinas/DetalleOficina.html?idOficina=17832a2c-b7bb-417a-8317-b0c4361e23d7,7181,"CAMI DE SA PORRASSA, 6","CAMI DE SA PORRASSA, 6, 7181",39.855433,4.294289,"Camí de sa Guatlera, 6, 07720 Villacarlos, España",6,,Camí de sa Guatlera,7720,,,Villacarlos,Islas Baleares,PM,Islas Baleares,IB,España,es,0,,,© OpenStreetMap contributors,Open Database License,https://www.openstreetmap.org/copyright
1670948705-1814,https://www.sepe.es/HomeSepe/en/que-es-el-sepe/que-es-el-sepe/Red-de-oficinas.html,Illes Balears/Islas Baleares,https://www.sepe.es/HomeSepe/en/que-es-el-sepe/que-es-el-sepe/Red-de-oficinas/ResultadosBusqueda.html?id=339e62e0-c677-4cdb-bead-d28b5cf827cf&provinciaNombre=Illes%20Balears/Islas%20Baleares,ALCÚDIA,https://www.sepe.es/HomeSepe/en/que-es-el-sepe/que-es-el-sepe/Red-de-oficinas/DetalleOficina.html?idOficina=6dbc1651-fba4-448d-9184-c4bf63919f80,7410,"C/ TEODOR CANET, 31","C/ TEODOR CANET, 31, 7410",39.015666,-1.883303,"Calle C, 31, 02007 Albacete, España",31,,Calle C,2007,,Albacete,Albacete,Albacete,AB,Castilla-La Mancha,CM,España,es,0,,,© OpenStreetMap contributors,Open Database License,https://www.openstreetmap.org/copyright
1670948710-1815,https://www.sepe.es/HomeSepe/en/que-es-el-sepe/que-es-el-sepe/Red-de-oficinas.html,Huesca,https://www.sepe.es/HomeSepe/en/que-es-el-sepe/que-es-el-sepe/Red-de-oficinas/ResultadosBusqueda.html?id=1a10506d-232f-4d59-8512-7a226587d804&provinciaNombre=Huesca,SABIÑANIGO,https://www.sepe.es/HomeSepe/en/que-es-el-sepe/que-es-el-sepe/Red-de-oficinas/DetalleOficina.html?idOficina=9d59060a-2119-4f42-9263-a5996349471e,22600,"C/ VAL ESTRECHA, S/N","C/ VAL ESTRECHA, S/N, 22600",42.501475,-0.361981,"Calle de la Val Estrecha, 22600 Sabiñánigo, España",,,Calle de la Val Estrecha,22600,,Sabiñánigo,Sabiñánigo,Huesca,HU,Aragón,AR,España,es,0,,,© OpenStreetMap contributors,Open Database License,https://www.openstreetmap.org/copyright
1670948712-1816,https://www.sepe.es/HomeSepe/en/que-es-el-sepe/que-es-el-sepe/Red-de-oficinas.html,Huesca,https://www.sepe.es/HomeSepe/en/que-es-el-sepe/que-es-el-sepe/Red-de-oficinas/ResultadosBusqueda.html?id=1a10506d-232f-4d59-8512-7a226587d804&provinciaNombre=Huesca,MONZON,https://www.sepe.es/HomeSepe/en/que-es-el-sepe/que-es-el-sepe/Red-de-oficinas/DetalleOficina.html?idOficina=85d2dcd4-9226-4115-93dc-30c87bbd8c03,22400,"CALLE SANTA BARBARA, 14","CALLE SANTA BARBARA, 14, 22400",42.08349947,0.285349823,"22400 Estada, España",,Estada,,22400,,,Estada,Huesca,HU,Aragón,AR,España,es,0,,1,© OpenStreetMap contributors,Open Database License,https://www.openstreetmap.org/copyright
1670948715-1817,https://www.sepe.es/HomeSepe/en/que-es-el-sepe/que-es-el-sepe/Red-de-oficinas.html,Huesca,https://www.sepe.es/HomeSepe/en/que-es-el-sepe/que-es-el-sepe/Red-de-oficinas/ResultadosBusqueda.html?id=1a10506d-232f-4d59-8512-7a226587d804&provinciaNombre=Huesca,JACA,https://www.sepe.es/HomeSepe/en/que-es-el-sepe/que-es-el-sepe/Red-de-oficinas/DetalleOficina.html?idOficina=96df876a-dcda-4e3b-8183-2783d3e5320a,22700,"C/ LEVANTE, 10","C/ LEVANTE, 10, 22700",42.571968,-0.546163,"Calle de Levante, 10, 22700 Jaca, España",10,,Calle de Levante,22700,,Jaca,Jaca,Huesca,HU,Aragón,AR,España,es,0.7,0.7,1,© OpenStreetMap contributors,Open Database License,https://www.openstreetmap.org/copyright
1670948718-1818,https://www.sepe.es/HomeSepe/en/que-es-el-sepe/que-es-el-sepe/Red-de-oficinas.html,Huesca,https://www.sepe.es/HomeSepe/en/que-es-el-sepe/que-es-el-sepe/Red-de-oficinas/ResultadosBusqueda.html?id=1a10506d-232f-4d59-8512-7a226587d804&provinciaNombre=Huesca,HUESCA,https://www.sepe.es/HomeSepe/en/que-es-el-sepe/que-es-el-sepe/Red-de-oficinas/DetalleOficina.html?idOficina=12c80c20-29c3-494e-885c-ae23069390cc,22003,"C/ SAN JORGE, 52","C/ SAN JORGE, 52, 22003",42.137217,-0.415471,"Calle de San Jorge, 52, 22003 Huesca, España",52,,Calle de San Jorge,22003,,,Huesca,Huesca,HU,Aragón,AR,España,es,0.7,0.7,1,© OpenStreetMap contributors,Open Database License,https://www.openstreetmap.org/copyright
1670948720-1819,https://www.sepe.es/HomeSepe/en/que-es-el-sepe/que-es-el-sepe/Red-de-oficinas.html,Huesca,https://www.sepe.es/HomeSepe/en/que-es-el-sepe/que-es-el-sepe/Red-de-oficinas/ResultadosBusqueda.html?id=1a10506d-232f-4d59-8512-7a226587d804&provinciaNombre=Huesca,FRAGA,https://www.sepe.es/HomeSepe/en/que-es-el-sepe/que-es-el-sepe/Red-de-oficinas/DetalleOficina.html?idOficina=20830130-287f-433f-a3f8-2767dd8922df,22520,"PASEO DE LA CONSTITUCIÓN, S/N","PASEO DE LA CONSTITUCIÓN, S/N, 22520",41.5245196,0.3438109,"Paseo de la Constitución, 22520 Fraga, España",,Paseo de la Constitución,Paseo de la Constitución,22520,,,Fraga,Huesca,HU,Aragón,AR,España,es,0.5,1,1,© OpenStreetMap contributors,Open Database License,https://www.openstreetmap.org/copyright
1670948723-1820,https://www.sepe.es/HomeSepe/en/que-es-el-sepe/que-es-el-sepe/Red-de-oficinas.html,Huesca,https://www.sepe.es/HomeSepe/en/que-es-el-sepe/que-es-el-sepe/Red-de-oficinas/ResultadosBusqueda.html?id=1a10506d-232f-4d59-8512-7a226587d804&provinciaNombre=Huesca,BINEFAR,https://www.sepe.es/HomeSepe/en/que-es-el-sepe/que-es-el-sepe/Red-de-oficinas/DetalleOficina.html?idOficina=dda14f37-6301-4148-9fd3-e51377738ebd,22500,"C/ ZARAGOZA, 58","C/ ZARAGOZA, 58, 22500",41.8556508,0.280935,"Calle Zaragoza, 22500 Binéfar, España",,Calle Zaragoza,Calle Zaragoza,22500,,,Binéfar,Huesca,HU,Aragón,AR,España,es,0.5,1,1,© OpenStreetMap contributors,Open Database License,https://www.openstreetmap.org/copyright
1670948726-1821,https://www.sepe.es/HomeSepe/en/que-es-el-sepe/que-es-el-sepe/Red-de-oficinas.html,Huesca,https://www.sepe.es/HomeSepe/en/que-es-el-sepe/que-es-el-sepe/Red-de-oficinas/ResultadosBusqueda.html?id=1a10506d-232f-4d59-8512-7a226587d804&provinciaNombre=Huesca,BARBASTRO,https://www.sepe.es/HomeSepe/en/que-es-el-sepe/que-es-el-sepe/Red-de-oficinas/DetalleOficina.html?idOficina=864d7438-dd75-4e80-b315-2cddf95cb370,22300,"C/ CONDE, 21 SEGUNDO","C/ CONDE, 21 SEGUNDO, 22300",42.03807445,0.127730329,"22300 Barbastro, España",,Barbastro,,22300,,,Barbastro,,,Aragón,AR,España,es,0,,1,© OpenStreetMap contributors,Open Database License,https://www.openstreetmap.org/copyright
1670948731-1822,https://www.sepe.es/HomeSepe/en/que-es-el-sepe/que-es-el-sepe/Red-de-oficinas.html,Huelva,https://www.sepe.es/HomeSepe/en/que-es-el-sepe/que-es-el-sepe/Red-de-oficinas/ResultadosBusqueda.html?id=b7b68d3c-42ed-4e37-81e7-517684249285&provinciaNombre=Huelva,VALVERDE DE CAMINO,https://www.sepe.es/HomeSepe/en/que-es-el-sepe/que-es-el-sepe/Red-de-oficinas/DetalleOficina.html?idOficina=38164154-437c-4de2-b6e5-72a4e354b350,21600,"C/CUESTA DE LA ESTACION, 32","C/CUESTA DE LA ESTACION, 32, 21600",37.57305562,-6.753562462,"21600 Valverde del Camino, España",,Valverde del Camino,,21600,,,Valverde del Camino,Huelva,H,Andalucía,AN,España,es,0,,1,© OpenStreetMap contributors,Open Database License,https://www.openstreetmap.org/copyright
1670948735-1823,https://www.sepe.es/HomeSepe/en/que-es-el-sepe/que-es-el-sepe/Red-de-oficinas.html,Huelva,https://www.sepe.es/HomeSepe/en/que-es-el-sepe/que-es-el-sepe/Red-de-oficinas/ResultadosBusqueda.html?id=b7b68d3c-42ed-4e37-81e7-517684249285&provinciaNombre=Huelva,PUEBLA DE GUZMAN,https://www.sepe.es/HomeSepe/en/que-es-el-sepe/que-es-el-sepe/Red-de-oficinas/DetalleOficina.html?idOficina=315257aa-2ebc-4602-be80-e96032260db6,21550,"C/ BARRIO GRANDE, 2","C/ BARRIO GRANDE, 2, 21550",37.6137471,-7.249834,"Calle Barrio Grande, 21550 Puebla de Guzmán, España",,Calle Barrio Grande,Calle Barrio Grande,21550,,,Puebla de Guzmán,Huelva,H,Andalucía,AN,España,es,0.5,1,1,© OpenStreetMap contributors,Open Database License,https://www.openstreetmap.org/copyright
1670948738-1824,https://www.sepe.es/HomeSepe/en/que-es-el-sepe/que-es-el-sepe/Red-de-oficinas.html,Huelva,https://www.sepe.es/HomeSepe/en/que-es-el-sepe/que-es-el-sepe/Red-de-oficinas/ResultadosBusqueda.html?id=b7b68d3c-42ed-4e37-81e7-517684249285&provinciaNombre=Huelva,NERVA,https://www.sepe.es/HomeSepe/en/que-es-el-sepe/que-es-el-sepe/Red-de-oficinas/DetalleOficina.html?idOficina=98e225cb-15a4-4eb1-8b55-847aeb2ac8f0,21670,"C/ ARGENTINA, 25-27","C/ ARGENTINA, 25-27, 21670",37.69648045,-6.551062468,"21670 Nerva, España",,Nerva,,21670,,,Nerva,Huelva,H,Andalucía,AN,España,es,0,,1,© OpenStreetMap contributors,Open Database License,https://www.openstreetmap.org/copyright
1670948741-1825,https://www.sepe.es/HomeSepe/en/que-es-el-sepe/que-es-el-sepe/Red-de-oficinas.html,Huelva,https://www.sepe.es/HomeSepe/en/que-es-el-sepe/que-es-el-sepe/Red-de-oficinas/ResultadosBusqueda.html?id=b7b68d3c-42ed-4e37-81e7-517684249285&provinciaNombre=Huelva,MOGUER,https://www.sepe.es/HomeSepe/en/que-es-el-sepe/que-es-el-sepe/Red-de-oficinas/DetalleOficina.html?idOficina=9129190b-598a-4e5a-8738-572f58610a99,21800,"C/ INCA, S/N","C/ INCA, S/N, 21800",37.2736832,-6.8414978,"Calle Inca, 21800 Moguer, España",,Calle Inca,Calle Inca,21800,Nuevo Puntales,Barriada del Castillo,Moguer,Huelva,H,Andalucía,AN,España,es,0.5,1,1,© OpenStreetMap contributors,Open Database License,https://www.openstreetmap.org/copyright
1670948743-1826,https://www.sepe.es/HomeSepe/en/que-es-el-sepe/que-es-el-sepe/Red-de-oficinas.html,Huelva,https://www.sepe.es/HomeSepe/en/que-es-el-sepe/que-es-el-sepe/Red-de-oficinas/ResultadosBusqueda.html?id=b7b68d3c-42ed-4e37-81e7-517684249285&provinciaNombre=Huelva,LEPE,https://www.sepe.es/HomeSepe/en/que-es-el-sepe/que-es-el-sepe/Red-de-oficinas/DetalleOficina.html?idOficina=888fd34d-9a5d-45e1-ac12-79792668e9a1,21440,"C/ CASTAÑO - ESQUINA CALLE VILLABLANCA, S/N","C/ CASTAÑO - ESQUINA CALLE VILLABLANCA, S/N, 21440",37.256019,-7.208097,"Calle Castaño, 21440 Lepe, España",,,Calle Castaño,21440,,Lepe,Lepe,Huelva,H,Andalucía,AN,España,es,0.630434783,,,© OpenStreetMap contributors,Open Database License,https://www.openstreetmap.org/copyright
1670948746-1827,https://www.sepe.es/HomeSepe/en/que-es-el-sepe/que-es-el-sepe/Red-de-oficinas.html,Huelva,https://www.sepe.es/HomeSepe/en/que-es-el-sepe/que-es-el-sepe/Red-de-oficinas/ResultadosBusqueda.html?id=b7b68d3c-42ed-4e37-81e7-517684249285&provinciaNombre=Huelva,LA PALMA DEL CONDADO,https://www.sepe.es/HomeSepe/en/que-es-el-sepe/que-es-el-sepe/Red-de-oficinas/DetalleOficina.html?idOficina=5b701d48-dabf-40a6-a48e-41f81ccda94f,21700,"C/ VEGA DE PÉREZ FLORES, 95","C/ VEGA DE PÉREZ FLORES, 95, 21700",37.3895122,-6.5496688,"Calle Vega de Pérez Flores, 21700 La Palma del Condado, España",,Calle Vega de Pérez Flores,Calle Vega de Pérez Flores,21700,,,La Palma del Condado,Huelva,H,Andalucía,AN,España,es,0.5,1,1,© OpenStreetMap contributors,Open Database License,https://www.openstreetmap.org/copyright
1670948749-1828,https://www.sepe.es/HomeSepe/en/que-es-el-sepe/que-es-el-sepe/Red-de-oficinas.html,Huelva,https://www.sepe.es/HomeSepe/en/que-es-el-sepe/que-es-el-sepe/Red-de-oficinas/ResultadosBusqueda.html?id=b7b68d3c-42ed-4e37-81e7-517684249285&provinciaNombre=Huelva,ISLA CRISTINA,https://www.sepe.es/HomeSepe/en/que-es-el-sepe/que-es-el-sepe/Red-de-oficinas/DetalleOficina.html?idOficina=a7d82455-925b-4044-91c2-25fe5388a0e7,21410,"AVDA. DEL CARNAVAL, 35","AVDA. DEL CARNAVAL, 35, 21410",37.196407,-7.3136175,"Avenida del Carnaval, 21410 Isla Cristina, España",,Avenida del Carnaval,Avenida del Carnaval,21410,,,Isla Cristina,Huelva,H,Andalucía,AN,España,es,0.5,1,1,© OpenStreetMap contributors,Open Database License,https://www.openstreetmap.org/copyright
1670948751-1829,https://www.sepe.es/HomeSepe/en/que-es-el-sepe/que-es-el-sepe/Red-de-oficinas.html,Huelva,https://www.sepe.es/HomeSepe/en/que-es-el-sepe/que-es-el-sepe/Red-de-oficinas/ResultadosBusqueda.html?id=b7b68d3c-42ed-4e37-81e7-517684249285&provinciaNombre=Huelva,HUELVA - MUÑOZ VARGAS,https://www.sepe.es/HomeSepe/en/que-es-el-sepe/que-es-el-sepe/Red-de-oficinas/DetalleOficina.html?idOficina=43299a28-ca45-437c-8941-d1d9a67d905d,21006,"AVDA. MUÑOZ DE VARGAS, S/N","AVDA. MUÑOZ DE VARGAS, S/N, 21006",37.26182553,-6.936282567,"21006 Huelva, España",,Huelva,,21006,,,Huelva,Huelva,H,Andalucía,AN,España,es,0,,1,© OpenStreetMap contributors,Open Database License,https://www.openstreetmap.org/copyright
1670948754-1830,https://www.sepe.es/HomeSepe/en/que-es-el-sepe/que-es-el-sepe/Red-de-oficinas.html,Huelva,https://www.sepe.es/HomeSepe/en/que-es-el-sepe/que-es-el-sepe/Red-de-oficinas/ResultadosBusqueda.html?id=b7b68d3c-42ed-4e37-81e7-517684249285&provinciaNombre=Huelva,HUELVA - LA ORDEN,https://www.sepe.es/HomeSepe/en/que-es-el-sepe/que-es-el-sepe/Red-de-oficinas/DetalleOficina.html?idOficina=cdb3c461-4845-41e1-aa05-bf62ffefbc46,21005,"AVDA. SANTA MARTA, 43","AVDA. SANTA MARTA, 43, 21005",37.269029,-6.941721,"Avenida de Santa Marta, 7, 21005 Huelva, España",7,,Avenida de Santa Marta,21005,,Huelva,Huelva,Huelva,H,Andalucía,AN,España,es,0,,,© OpenStreetMap contributors,Open Database License,https://www.openstreetmap.org/copyright
1670948757-1831,https://www.sepe.es/HomeSepe/en/que-es-el-sepe/que-es-el-sepe/Red-de-oficinas.html,Huelva,https://www.sepe.es/HomeSepe/en/que-es-el-sepe/que-es-el-sepe/Red-de-oficinas/ResultadosBusqueda.html?id=b7b68d3c-42ed-4e37-81e7-517684249285&provinciaNombre=Huelva,CORTEGANA,https://www.sepe.es/HomeSepe/en/que-es-el-sepe/que-es-el-sepe/Red-de-oficinas/DetalleOficina.html?idOficina=8b6bc575-a48f-48f2-91d9-1e90bfa1cd7a,21230,"C/ CÁRMEN, 8","C/ CÁRMEN, 8, 21230",38.867275,-1.925886,"Calle Carmen Almendros, 8-C, 02140 Albacete, España",8-C,,Calle Carmen Almendros,2140,,,Albacete,Albacete,AB,Castilla-La Mancha,CM,España,es,0,,,© OpenStreetMap contributors,Open Database License,https://www.openstreetmap.org/copyright
1670948759-1832,https://www.sepe.es/HomeSepe/en/que-es-el-sepe/que-es-el-sepe/Red-de-oficinas.html,Huelva,https://www.sepe.es/HomeSepe/en/que-es-el-sepe/que-es-el-sepe/Red-de-oficinas/ResultadosBusqueda.html?id=b7b68d3c-42ed-4e37-81e7-517684249285&provinciaNombre=Huelva,AYAMONTE,https://www.sepe.es/HomeSepe/en/que-es-el-sepe/que-es-el-sepe/Red-de-oficinas/DetalleOficina.html?idOficina=397354fd-755c-43d2-8175-43a245fa07b2,21400,"AVDA. ALCALDE NARCISO MARTÍN NAVARRO, S/N","AVDA. ALCALDE NARCISO MARTÍN NAVARRO, S/N, 21400",37.2054335,-7.4028934,"Avenida Alcalde Narciso Martín Navarro, 21400 Ayamonte, España",,Avenida Alcalde Narciso Martín Navarro,Avenida Alcalde Narciso Martín Navarro,21400,,,Ayamonte,Huelva,H,Andalucía,AN,España,es,0.838636364,0.9,1,© OpenStreetMap contributors,Open Database License,https://www.openstreetmap.org/copyright
1670948762-1833,https://www.sepe.es/HomeSepe/en/que-es-el-sepe/que-es-el-sepe/Red-de-oficinas.html,Huelva,https://www.sepe.es/HomeSepe/en/que-es-el-sepe/que-es-el-sepe/Red-de-oficinas/ResultadosBusqueda.html?id=b7b68d3c-42ed-4e37-81e7-517684249285&provinciaNombre=Huelva,ARACENA,https://www.sepe.es/HomeSepe/en/que-es-el-sepe/que-es-el-sepe/Red-de-oficinas/DetalleOficina.html?idOficina=7026aeb8-6426-4ddd-a172-1f560ed40bcb,21200,"C/ CAMINO DE LINARES, S/N","C/ CAMINO DE LINARES, S/N, 21200",37.888206,-6.573688,"Camino de Linares, 21200 Aracena, España",,,Camino de Linares,21200,,Aracena,Aracena,Huelva,H,Andalucía,AN,España,es,0,,,© OpenStreetMap contributors,Open Database License,https://www.openstreetmap.org/copyright
1670948765-1834,https://www.sepe.es/HomeSepe/en/que-es-el-sepe/que-es-el-sepe/Red-de-oficinas.html,Huelva,https://www.sepe.es/HomeSepe/en/que-es-el-sepe/que-es-el-sepe/Red-de-oficinas/ResultadosBusqueda.html?id=b7b68d3c-42ed-4e37-81e7-517684249285&provinciaNombre=Huelva,ALMONTE,https://www.sepe.es/HomeSepe/en/que-es-el-sepe/que-es-el-sepe/Red-de-oficinas/DetalleOficina.html?idOficina=9e10a545-bc56-4198-a356-3ffaa7ebcccb,21730,"C/ MONTEHIGO, 1","C/ MONTEHIGO, 1, 21730",37.2646206,-6.5261488,"Calle Montehigo, 21730 Almonte, España",,Calle Montehigo,Calle Montehigo,21730,,,Almonte,Huelva,H,Andalucía,AN,España,es,0.5,1,1,© OpenStreetMap contributors,Open Database License,https://www.openstreetmap.org/copyright
1670948770-1835,https://www.sepe.es/HomeSepe/en/que-es-el-sepe/que-es-el-sepe/Red-de-oficinas.html,Guadalajara,https://www.sepe.es/HomeSepe/en/que-es-el-sepe/que-es-el-sepe/Red-de-oficinas/ResultadosBusqueda.html?id=b27d9482-908f-4a2b-a08b-43ad0eae3636&provinciaNombre=Guadalajara,SIGÜENZA,https://www.sepe.es/HomeSepe/en/que-es-el-sepe/que-es-el-sepe/Red-de-oficinas/DetalleOficina.html?idOficina=789959db-5d12-4fab-a52e-62d478ecf320,19250,"C/ ALFONSO VI, 2","C/ ALFONSO VI, 2, 19250",41.069984,-2.644679,"Calle de Alfonso VI, 2, 19250 Sigüenza, España",2,,Calle de Alfonso VI,19250,,Sigüenza,Sigüenza,Guadalajara,GU,Castilla-La Mancha,CM,España,es,0.7,0.7,1,© OpenStreetMap contributors,Open Database License,https://www.openstreetmap.org/copyright
1670948772-1836,https://www.sepe.es/HomeSepe/en/que-es-el-sepe/que-es-el-sepe/Red-de-oficinas.html,Guadalajara,https://www.sepe.es/HomeSepe/en/que-es-el-sepe/que-es-el-sepe/Red-de-oficinas/ResultadosBusqueda.html?id=b27d9482-908f-4a2b-a08b-43ad0eae3636&provinciaNombre=Guadalajara,PASTRANA,https://www.sepe.es/HomeSepe/en/que-es-el-sepe/que-es-el-sepe/Red-de-oficinas/DetalleOficina.html?idOficina=a599b130-2d57-4626-9c91-d9809a41e8a3,19100,"PLAZA DEL DEÁN, 7","PLAZA DEL DEÁN, 7, 19100",40.41658319,-2.924590539,"19100 Pastrana, España",,Pastrana,,19100,,,Pastrana,Guadalajara,GU,Castilla-La Mancha,CM,España,es,0,,1,© OpenStreetMap contributors,Open Database License,https://www.openstreetmap.org/copyright
1670948775-1837,https://www.sepe.es/HomeSepe/en/que-es-el-sepe/que-es-el-sepe/Red-de-oficinas.html,Guadalajara,https://www.sepe.es/HomeSepe/en/que-es-el-sepe/que-es-el-sepe/Red-de-oficinas/ResultadosBusqueda.html?id=b27d9482-908f-4a2b-a08b-43ad0eae3636&provinciaNombre=Guadalajara,MOLINA DE ARAGON,https://www.sepe.es/HomeSepe/en/que-es-el-sepe/que-es-el-sepe/Red-de-oficinas/DetalleOficina.html?idOficina=35d9e625-3f93-471b-8d1f-958c70bdc502,19300,"C/ CÁRMEN, 1 BAJO","C/ CÁRMEN, 1 BAJO, 19300",42.357674,-1.547513,"Calle Carmen, 1, 31382 Mélida, España",1,,Calle Carmen,31382,,Mélida,Mélida,Navarra,NA,Comunidad Foral De Navarra,,España,es,0.6,,,© OpenAddresses contributors,BSD-3-Clause License,
1670948777-1838,https://www.sepe.es/HomeSepe/en/que-es-el-sepe/que-es-el-sepe/Red-de-oficinas.html,Guadalajara,https://www.sepe.es/HomeSepe/en/que-es-el-sepe/que-es-el-sepe/Red-de-oficinas/ResultadosBusqueda.html?id=b27d9482-908f-4a2b-a08b-43ad0eae3636&provinciaNombre=Guadalajara,GUADALAJARA,https://www.sepe.es/HomeSepe/en/que-es-el-sepe/que-es-el-sepe/Red-de-oficinas/DetalleOficina.html?idOficina=5be56308-9871-448f-9067-86d14fc22e71,19004,"C/ REGINO PRADILLO, 3","C/ REGINO PRADILLO, 3, 19004",40.6403135,-3.1844644,"Calle de Regino Pradillo, 19004 Guadalajara, España",,Calle de Regino Pradillo,Calle de Regino Pradillo,19004,La Chopera,,Guadalajara,Guadalajara,GU,Castilla-La Mancha,CM,España,es,0.35,0.7,1,© OpenStreetMap contributors,Open Database License,https://www.openstreetmap.org/copyright
1670948780-1839,https://www.sepe.es/HomeSepe/en/que-es-el-sepe/que-es-el-sepe/Red-de-oficinas.html,Guadalajara,https://www.sepe.es/HomeSepe/en/que-es-el-sepe/que-es-el-sepe/Red-de-oficinas/ResultadosBusqueda.html?id=b27d9482-908f-4a2b-a08b-43ad0eae3636&provinciaNombre=Guadalajara,CIFUENTES,https://www.sepe.es/HomeSepe/en/que-es-el-sepe/que-es-el-sepe/Red-de-oficinas/DetalleOficina.html?idOficina=c883f2f4-68eb-45a9-afe0-52e5c76ce8ca,19420,"C/ DEL REMEDIO, 19","C/ DEL REMEDIO, 19, 19420",40.78540878,-2.621817168,"19420 Cifuentes, España",,Cifuentes,,19420,,,Cifuentes,Guadalajara,GU,Castilla-La Mancha,CM,España,es,0,,1,© OpenStreetMap contributors,Open Database License,https://www.openstreetmap.org/copyright
1670948783-1840,https://www.sepe.es/HomeSepe/en/que-es-el-sepe/que-es-el-sepe/Red-de-oficinas.html,Guadalajara,https://www.sepe.es/HomeSepe/en/que-es-el-sepe/que-es-el-sepe/Red-de-oficinas/ResultadosBusqueda.html?id=b27d9482-908f-4a2b-a08b-43ad0eae3636&provinciaNombre=Guadalajara,AZUQUECA DE HENARES,https://www.sepe.es/HomeSepe/en/que-es-el-sepe/que-es-el-sepe/Red-de-oficinas/DetalleOficina.html?idOficina=16082687-bfc7-4569-9939-88eec65dec41,19200,"C/ ROMERO, 7-9","C/ ROMERO, 7-9, 19200",40.5701954,-3.266788,"Calle Romero, 19200 Azuqueca de Henares, España",,Calle Romero,Calle Romero,19200,,,Azuqueca de Henares,Guadalajara,GU,Castilla-La Mancha,CM,España,es,0.5,1,1,© OpenStreetMap contributors,Open Database License,https://www.openstreetmap.org/copyright
1670948788-1841,https://www.sepe.es/HomeSepe/en/que-es-el-sepe/que-es-el-sepe/Red-de-oficinas.html,Granada,https://www.sepe.es/HomeSepe/en/que-es-el-sepe/que-es-el-sepe/Red-de-oficinas/ResultadosBusqueda.html?id=6ca8ffe1-b4b3-4f75-a145-11cd7f43a062&provinciaNombre=Granada,UGIJAR,https://www.sepe.es/HomeSepe/en/que-es-el-sepe/que-es-el-sepe/Red-de-oficinas/DetalleOficina.html?idOficina=83aa992e-dcf9-403b-b945-76f1d3e73d35,18480,"C/  HERMANOS SÁNCHEZ VELAYOS, S/N","C/  HERMANOS SÁNCHEZ VELAYOS, S/N, 18480",36.9634538,-3.0505797,"Calle Hermanos Sánchez Velayos, 18480 Ugíjar, España",,Calle Hermanos Sánchez Velayos,Calle Hermanos Sánchez Velayos,18480,,,Ugíjar,Granada,GR,Andalucía,AN,España,es,0.5,1,1,© OpenStreetMap contributors,Open Database License,https://www.openstreetmap.org/copyright
1670948790-1842,https://www.sepe.es/HomeSepe/en/que-es-el-sepe/que-es-el-sepe/Red-de-oficinas.html,Granada,https://www.sepe.es/HomeSepe/en/que-es-el-sepe/que-es-el-sepe/Red-de-oficinas/ResultadosBusqueda.html?id=6ca8ffe1-b4b3-4f75-a145-11cd7f43a062&provinciaNombre=Granada,SANTA FE,https://www.sepe.es/HomeSepe/en/que-es-el-sepe/que-es-el-sepe/Red-de-oficinas/DetalleOficina.html?idOficina=09c10b3a-15ad-4b6b-a503-eb99654e6055,18320,"C/ PABLO IGLESIAS, S/N","C/ PABLO IGLESIAS, S/N, 18320",37.18786,-3.7121023,"Calle Pablo Iglesias, 18320 Santa Fe, España",,Calle Pablo Iglesias,Calle Pablo Iglesias,18320,,,Santa Fe,Granada,GR,Andalucía,AN,España,es,0.7128,0.81,1,© OpenStreetMap contributors,Open Database License,https://www.openstreetmap.org/copyright
1670948793-1843,https://www.sepe.es/HomeSepe/en/que-es-el-sepe/que-es-el-sepe/Red-de-oficinas.html,Granada,https://www.sepe.es/HomeSepe/en/que-es-el-sepe/que-es-el-sepe/Red-de-oficinas/ResultadosBusqueda.html?id=6ca8ffe1-b4b3-4f75-a145-11cd7f43a062&provinciaNombre=Granada,PINOS PUENTE,https://www.sepe.es/HomeSepe/en/que-es-el-sepe/que-es-el-sepe/Red-de-oficinas/DetalleOficina.html?idOficina=8d8ecf39-6a43-4877-a19c-297ca2abbafb,18240,"C/ HUERTOS, 26","C/ HUERTOS, 26, 18240",37.2494246,-3.7494318,"Calle Huertos, 18240 Pinos Puente, España",,Calle Huertos,Calle Huertos,18240,,,Pinos Puente,Granada,GR,Andalucía,AN,España,es,0.5,1,1,© OpenStreetMap contributors,Open Database License,https://www.openstreetmap.org/copyright
1670948796-1844,https://www.sepe.es/HomeSepe/en/que-es-el-sepe/que-es-el-sepe/Red-de-oficinas.html,Granada,https://www.sepe.es/HomeSepe/en/que-es-el-sepe/que-es-el-sepe/Red-de-oficinas/ResultadosBusqueda.html?id=6ca8ffe1-b4b3-4f75-a145-11cd7f43a062&provinciaNombre=Granada,ORGIVA,https://www.sepe.es/HomeSepe/en/que-es-el-sepe/que-es-el-sepe/Red-de-oficinas/DetalleOficina.html?idOficina=b18e544e-c775-4ac0-a226-9b3e35113522,18400,C/ LORA TAMAYO 17,"C/ LORA TAMAYO 17, 18400",36.90079217,-3.423066653,"18400 Órgiva, España",,Órgiva,,18400,,,Órgiva,Granada,GR,Andalucía,AN,España,es,0,,1,© OpenStreetMap contributors,Open Database License,https://www.openstreetmap.org/copyright
1670948798-1845,https://www.sepe.es/HomeSepe/en/que-es-el-sepe/que-es-el-sepe/Red-de-oficinas.html,Granada,https://www.sepe.es/HomeSepe/en/que-es-el-sepe/que-es-el-sepe/Red-de-oficinas/ResultadosBusqueda.html?id=6ca8ffe1-b4b3-4f75-a145-11cd7f43a062&provinciaNombre=Granada,MOTRIL,https://www.sepe.es/HomeSepe/en/que-es-el-sepe/que-es-el-sepe/Red-de-oficinas/DetalleOficina.html?idOficina=fccf3009-6ff8-484b-919c-6a8e7b8f5407,18600,C/ PLASENCIA 1,"C/ PLASENCIA 1, 18600",36.7442119,-3.5156432,"Calle Plasencia, 18600 Motril, España",,Calle Plasencia,Calle Plasencia,18600,,,Motril,Granada,GR,Andalucía,AN,España,es,0.5,1,1,© OpenStreetMap contributors,Open Database License,https://www.openstreetmap.org/copyright
1670948801-1846,https://www.sepe.es/HomeSepe/en/que-es-el-sepe/que-es-el-sepe/Red-de-oficinas.html,Granada,https://www.sepe.es/HomeSepe/en/que-es-el-sepe/que-es-el-sepe/Red-de-oficinas/ResultadosBusqueda.html?id=6ca8ffe1-b4b3-4f75-a145-11cd7f43a062&provinciaNombre=Granada,MONTEFRIO,https://www.sepe.es/HomeSepe/en/que-es-el-sepe/que-es-el-sepe/Red-de-oficinas/DetalleOficina.html?idOficina=78e30189-fe7a-412b-ad07-9d70ab5e96e2,18270,"C/ MIGUEL SERVET, 1","C/ MIGUEL SERVET, 1, 18270",37.3250038,-4.0061929,"Calle Miguel Servet, 18270 Montefrío, España",,Calle Miguel Servet,Calle Miguel Servet,18270,,,Montefrío,Granada,GR,Andalucía,AN,España,es,0.5,1,1,© OpenStreetMap contributors,Open Database License,https://www.openstreetmap.org/copyright
1670948804-1847,https://www.sepe.es/HomeSepe/en/que-es-el-sepe/que-es-el-sepe/Red-de-oficinas.html,Granada,https://www.sepe.es/HomeSepe/en/que-es-el-sepe/que-es-el-sepe/Red-de-oficinas/ResultadosBusqueda.html?id=6ca8ffe1-b4b3-4f75-a145-11cd7f43a062&provinciaNombre=Granada,LOJA,https://www.sepe.es/HomeSepe/en/que-es-el-sepe/que-es-el-sepe/Red-de-oficinas/DetalleOficina.html?idOficina=22f6810b-b5d2-43dc-b68c-7632a5c0b47b,18300,"AVDA. DE LOS ÁNGELES, 25","AVDA. DE LOS ÁNGELES, 25, 18300",37.165324,-4.147353,"Avenida de los Ángeles, 18, 18300 Loja, España",18,,Avenida de los Ángeles,18300,,Loja,Loja,Granada,GR,Andalucía,AN,España,es,0.7,1,1,© OpenStreetMap contributors,Open Database License,https://www.openstreetmap.org/copyright
1670948806-1848,https://www.sepe.es/HomeSepe/en/que-es-el-sepe/que-es-el-sepe/Red-de-oficinas.html,Granada,https://www.sepe.es/HomeSepe/en/que-es-el-sepe/que-es-el-sepe/Red-de-oficinas/ResultadosBusqueda.html?id=6ca8ffe1-b4b3-4f75-a145-11cd7f43a062&provinciaNombre=Granada,IZNALLOZ,https://www.sepe.es/HomeSepe/en/que-es-el-sepe/que-es-el-sepe/Red-de-oficinas/DetalleOficina.html?idOficina=38fc18e5-c26c-4646-902b-b484c46b97f1,18550,"CARRETERA DE LA SIERRA, S/N","CARRETERA DE LA SIERRA, S/N, 18550",37.3909375,-3.5205129,"Carretera de la Sierra, 18550 Iznalloz, España",,Carretera de la Sierra,Carretera de la Sierra,18550,,,Iznalloz,Granada,GR,Andalucía,AN,España,es,0.81,0.9,1,© OpenStreetMap contributors,Open Database License,https://www.openstreetmap.org/copyright
1670948809-1849,https://www.sepe.es/HomeSepe/en/que-es-el-sepe/que-es-el-sepe/Red-de-oficinas.html,Granada,https://www.sepe.es/HomeSepe/en/que-es-el-sepe/que-es-el-sepe/Red-de-oficinas/ResultadosBusqueda.html?id=6ca8ffe1-b4b3-4f75-a145-11cd7f43a062&provinciaNombre=Granada,HUESCAR,https://www.sepe.es/HomeSepe/en/que-es-el-sepe/que-es-el-sepe/Red-de-oficinas/DetalleOficina.html?idOficina=f2a0eb6b-9731-4e89-b456-1ea3809efd69,18830,"C/ MAYOR, 2","C/ MAYOR, 2, 18830",37.8120265,-2.5402325,"Calle Mayor, 18830 Huéscar, España",,Calle Mayor,Calle Mayor,18830,,,Huéscar,Granada,GR,Andalucía,AN,España,es,0.5,1,1,© OpenStreetMap contributors,Open Database License,https://www.openstreetmap.org/copyright
1670948812-1850,https://www.sepe.es/HomeSepe/en/que-es-el-sepe/que-es-el-sepe/Red-de-oficinas.html,Granada,https://www.sepe.es/HomeSepe/en/que-es-el-sepe/que-es-el-sepe/Red-de-oficinas/ResultadosBusqueda.html?id=6ca8ffe1-b4b3-4f75-a145-11cd7f43a062&provinciaNombre=Granada,GUADIX,https://www.sepe.es/HomeSepe/en/que-es-el-sepe/que-es-el-sepe/Red-de-oficinas/DetalleOficina.html?idOficina=07e42809-e737-43de-b95e-798fc4f4955b,18500,"C/ SANTA MARÍA DEL BUEN AIRE, 9","C/ SANTA MARÍA DEL BUEN AIRE, 9, 18500",37.301539,-3.137371,"Calle Santa Maria Buen Aire, 8, 18500 Guadix, España",8,,Calle Santa Maria Buen Aire,18500,,Guadix,Guadix,Granada,GR,Andalucía,AN,España,es,0.441,0.63,1,© OpenStreetMap contributors,Open Database License,https://www.openstreetmap.org/copyright
1670948814-1851,https://www.sepe.es/HomeSepe/en/que-es-el-sepe/que-es-el-sepe/Red-de-oficinas.html,Granada,https://www.sepe.es/HomeSepe/en/que-es-el-sepe/que-es-el-sepe/Red-de-oficinas/ResultadosBusqueda.html?id=6ca8ffe1-b4b3-4f75-a145-11cd7f43a062&provinciaNombre=Granada,GRANADA-ZAIDIN,https://www.sepe.es/HomeSepe/en/que-es-el-sepe/que-es-el-sepe/Red-de-oficinas/DetalleOficina.html?idOficina=ee397a8b-b02d-47e6-a25e-881362258ab2,18006,"C/ SOS DEL REY CATÓLICO, 3","C/ SOS DEL REY CATÓLICO, 3, 18006",37.1667047,-3.5949242,"Calle Sos del Rey Católico, 18005 Granada, España",,Calle Sos del Rey Católico,Calle Sos del Rey Católico,18005,Cervantes,Genil,Granada,Granada,GR,Andalucía,AN,España,es,0.5,0.3,0.3,© OpenStreetMap contributors,Open Database License,https://www.openstreetmap.org/copyright
1670948817-1852,https://www.sepe.es/HomeSepe/en/que-es-el-sepe/que-es-el-sepe/Red-de-oficinas.html,Granada,https://www.sepe.es/HomeSepe/en/que-es-el-sepe/que-es-el-sepe/Red-de-oficinas/ResultadosBusqueda.html?id=6ca8ffe1-b4b3-4f75-a145-11cd7f43a062&provinciaNombre=Granada,GRANADA-FUENTENUEVA,https://www.sepe.es/HomeSepe/en/que-es-el-sepe/que-es-el-sepe/Red-de-oficinas/DetalleOficina.html?idOficina=2b810a46-3328-4e42-abb8-3b27d1d8437a,18002,"PLAZA SOR CRISTINA DE LA CRUZ DE ARTEAGA, S/N","PLAZA SOR CRISTINA DE LA CRUZ DE ARTEAGA, S/N, 18002",37.1804919,-3.6054275,"Plaza Sor Cristina de la Cruz de Arteaga, 18071 Granada, España",,Plaza Sor Cristina de la Cruz de Arteaga,Plaza Sor Cristina de la Cruz de Arteaga,18071,Centro - Sagrario,Centro,Granada,Granada,GR,Andalucía,AN,España,es,0.5,0.3,0.3,© OpenStreetMap contributors,Open Database License,https://www.openstreetmap.org/copyright
1670948819-1853,https://www.sepe.es/HomeSepe/en/que-es-el-sepe/que-es-el-sepe/Red-de-oficinas.html,Granada,https://www.sepe.es/HomeSepe/en/que-es-el-sepe/que-es-el-sepe/Red-de-oficinas/ResultadosBusqueda.html?id=6ca8ffe1-b4b3-4f75-a145-11cd7f43a062&provinciaNombre=Granada,GRANADA-CERCANIAS,https://www.sepe.es/HomeSepe/en/que-es-el-sepe/que-es-el-sepe/Red-de-oficinas/DetalleOficina.html?idOficina=1c8e79a9-2243-418e-889f-7e646ad031cd,18014,"C/ FAISÁN, 2","C/ FAISÁN, 2, 18014",37.1860193,-3.6109309,"Calle Faisán, 18012 Granada, España",,Calle Faisán,Calle Faisán,18012,Pajaritos,Beiro,Granada,Granada,GR,Andalucía,AN,España,es,0.5,0.3,0.3,© OpenStreetMap contributors,Open Database License,https://www.openstreetmap.org/copyright
1670948822-1854,https://www.sepe.es/HomeSepe/en/que-es-el-sepe/que-es-el-sepe/Red-de-oficinas.html,Granada,https://www.sepe.es/HomeSepe/en/que-es-el-sepe/que-es-el-sepe/Red-de-oficinas/ResultadosBusqueda.html?id=6ca8ffe1-b4b3-4f75-a145-11cd7f43a062&provinciaNombre=Granada,GRANADA-CENTRO,https://www.sepe.es/HomeSepe/en/que-es-el-sepe/que-es-el-sepe/Red-de-oficinas/DetalleOficina.html?idOficina=5d3b6a42-548f-450a-9779-e7137861ade7,18001,"C/ SANTA BÁRBARA, 18","C/ SANTA BÁRBARA, 18, 18001",37.17675057,-3.600925031,"Centro - Sagrario, 18001 Granada, España",,Centro - Sagrario,,18001,Centro - Sagrario,Centro,Granada,Granada,GR,Andalucía,AN,España,es,0.25,,1,© OpenStreetMap contributors,Open Database License,https://www.openstreetmap.org/copyright
1670948825-1855,https://www.sepe.es/HomeSepe/en/que-es-el-sepe/que-es-el-sepe/Red-de-oficinas.html,Granada,https://www.sepe.es/HomeSepe/en/que-es-el-sepe/que-es-el-sepe/Red-de-oficinas/ResultadosBusqueda.html?id=6ca8ffe1-b4b3-4f75-a145-11cd7f43a062&provinciaNombre=Granada,GRANADA-CARTUJA,https://www.sepe.es/HomeSepe/en/que-es-el-sepe/que-es-el-sepe/Red-de-oficinas/DetalleOficina.html?idOficina=06f13d83-1334-407f-ad80-0d3a15c188d1,18013,"C/ CURRO CUCHARES, 11","C/ CURRO CUCHARES, 11, 18013",37.1948598,-3.6123727,"Calle Curro Cúchares, 18013 Granada, España",,Calle Curro Cúchares,Calle Curro Cúchares,18013,La Cruz,Beiro,Granada,Granada,GR,Andalucía,AN,España,es,0.5,1,1,© OpenStreetMap contributors,Open Database License,https://www.openstreetmap.org/copyright
1670948827-1856,https://www.sepe.es/HomeSepe/en/que-es-el-sepe/que-es-el-sepe/Red-de-oficinas.html,Granada,https://www.sepe.es/HomeSepe/en/que-es-el-sepe/que-es-el-sepe/Red-de-oficinas/ResultadosBusqueda.html?id=6ca8ffe1-b4b3-4f75-a145-11cd7f43a062&provinciaNombre=Granada,DURCAL,https://www.sepe.es/HomeSepe/en/que-es-el-sepe/que-es-el-sepe/Red-de-oficinas/DetalleOficina.html?idOficina=30ab29d0-c75e-447f-8f48-76818930e1d2,18650,"C/ SANTA ANA, 27","C/ SANTA ANA, 27, 18650",36.9883494,-3.5692498,"Calle Santa Ana, 18650 Dúrcal, España",,Calle Santa Ana,Calle Santa Ana,18650,,,Dúrcal,Granada,GR,Andalucía,AN,España,es,0.5,1,1,© OpenStreetMap contributors,Open Database License,https://www.openstreetmap.org/copyright
1670948830-1857,https://www.sepe.es/HomeSepe/en/que-es-el-sepe/que-es-el-sepe/Red-de-oficinas.html,Granada,https://www.sepe.es/HomeSepe/en/que-es-el-sepe/que-es-el-sepe/Red-de-oficinas/ResultadosBusqueda.html?id=6ca8ffe1-b4b3-4f75-a145-11cd7f43a062&provinciaNombre=Granada,BAZA,https://www.sepe.es/HomeSepe/en/que-es-el-sepe/que-es-el-sepe/Red-de-oficinas/DetalleOficina.html?idOficina=04202a94-95fa-49ce-93d4-5b927b950e78,18800,C/ MAESTRO ALONSO S/N,"C/ MAESTRO ALONSO S/N, 18800",37.4913799,-2.7784088,"Calle Maestro Alonso, 18800 Baza, España",,Calle Maestro Alonso,Calle Maestro Alonso,18800,,,Baza,Granada,GR,Andalucía,AN,España,es,0.81,0.81,1,© OpenStreetMap contributors,Open Database License,https://www.openstreetmap.org/copyright
1670948832-1858,https://www.sepe.es/HomeSepe/en/que-es-el-sepe/que-es-el-sepe/Red-de-oficinas.html,Granada,https://www.sepe.es/HomeSepe/en/que-es-el-sepe/que-es-el-sepe/Red-de-oficinas/ResultadosBusqueda.html?id=6ca8ffe1-b4b3-4f75-a145-11cd7f43a062&provinciaNombre=Granada,ARMILLA,https://www.sepe.es/HomeSepe/en/que-es-el-sepe/que-es-el-sepe/Red-de-oficinas/DetalleOficina.html?idOficina=e86c66d5-d144-4ccd-88aa-7029bf13c201,18100,"C/ CAMINO DEL JUEVES, S/N EDIFICIO REINA SOFIA","C/ CAMINO DEL JUEVES, S/N EDIFICIO REINA SOFIA, 18100",37.142376,-3.623162,"Camino del Jueves, Armilla, AN, España",,Camino del Jueves,,,,Alhendín,Armilla,Granada,GR,Andalucía,AN,España,es,0.795918367,,0.5103,© OpenStreetMap contributors,Open Database License,https://www.openstreetmap.org/copyright
1670948835-1859,https://www.sepe.es/HomeSepe/en/que-es-el-sepe/que-es-el-sepe/Red-de-oficinas.html,Granada,https://www.sepe.es/HomeSepe/en/que-es-el-sepe/que-es-el-sepe/Red-de-oficinas/ResultadosBusqueda.html?id=6ca8ffe1-b4b3-4f75-a145-11cd7f43a062&provinciaNombre=Granada,ALQUIFE,https://www.sepe.es/HomeSepe/en/que-es-el-sepe/que-es-el-sepe/Red-de-oficinas/DetalleOficina.html?idOficina=25e769b0-f111-4034-bedd-72877ee104e4,18518,"C/ LEPANTO, 3","C/ LEPANTO, 3, 18518",37.1805499,-3.1138037,"Calle Lepanto, 18518 Alquife, España",,Calle Lepanto,Calle Lepanto,18518,,Fuente Santa,Alquife,Granada,GR,Andalucía,AN,España,es,0.5,1,1,© OpenStreetMap contributors,Open Database License,https://www.openstreetmap.org/copyright
1670948839-1860,https://www.sepe.es/HomeSepe/en/que-es-el-sepe/que-es-el-sepe/Red-de-oficinas.html,Granada,https://www.sepe.es/HomeSepe/en/que-es-el-sepe/que-es-el-sepe/Red-de-oficinas/ResultadosBusqueda.html?id=6ca8ffe1-b4b3-4f75-a145-11cd7f43a062&provinciaNombre=Granada,ALMUÑECAR,https://www.sepe.es/HomeSepe/en/que-es-el-sepe/que-es-el-sepe/Red-de-oficinas/DetalleOficina.html?idOficina=d6f5b627-4e2b-4e4a-81a2-ed0c31dfad48,18690,"C/ ALFREDO VELASCO, 3","C/ ALFREDO VELASCO, 3, 18690",36.7340878,-3.6929845,"Calle Alfredo Velasco, 18690 Almuñécar, España",,Calle Alfredo Velasco,Calle Alfredo Velasco,18690,,Urbanización La Noria,Almuñécar,Granada,GR,Andalucía,AN,España,es,0.5,1,1,© OpenStreetMap contributors,Open Database License,https://www.openstreetmap.org/copyright
1670948841-1861,https://www.sepe.es/HomeSepe/en/que-es-el-sepe/que-es-el-sepe/Red-de-oficinas.html,Granada,https://www.sepe.es/HomeSepe/en/que-es-el-sepe/que-es-el-sepe/Red-de-oficinas/ResultadosBusqueda.html?id=6ca8ffe1-b4b3-4f75-a145-11cd7f43a062&provinciaNombre=Granada,ALHAMA DE GRANADA,https://www.sepe.es/HomeSepe/en/que-es-el-sepe/que-es-el-sepe/Red-de-oficinas/DetalleOficina.html?idOficina=864b5067-7105-4546-8217-d93541e9ee28,18120,"C/ CUESTA DEL MATADERO, 1","C/ CUESTA DEL MATADERO, 1, 18120",37.00518163,-3.988084818,"18120 Alhama de Granada, España",,Alhama de Granada,,18120,,,Alhama de Granada,Granada,GR,Andalucía,AN,España,es,0,,1,© OpenStreetMap contributors,Open Database License,https://www.openstreetmap.org/copyright
1670948844-1862,https://www.sepe.es/HomeSepe/en/que-es-el-sepe/que-es-el-sepe/Red-de-oficinas.html,Granada,https://www.sepe.es/HomeSepe/en/que-es-el-sepe/que-es-el-sepe/Red-de-oficinas/ResultadosBusqueda.html?id=6ca8ffe1-b4b3-4f75-a145-11cd7f43a062&provinciaNombre=Granada,ALBUÑOL,https://www.sepe.es/HomeSepe/en/que-es-el-sepe/que-es-el-sepe/Red-de-oficinas/DetalleOficina.html?idOficina=7c4411a3-a8f3-4b1a-84d4-0dd9ec48fae5,18700,"C/ 28 DE FEBRERO, 12","C/ 28 DE FEBRERO, 12, 18700",36.7905679,-3.2018845,"Calle 28 de Febrero, 18700 Albuñol, España",,Calle 28 de Febrero,Calle 28 de Febrero,18700,,,Albuñol,Granada,GR,Andalucía,AN,España,es,0.5,1,1,© OpenStreetMap contributors,Open Database License,https://www.openstreetmap.org/copyright
1670948849-1863,https://www.sepe.es/HomeSepe/en/que-es-el-sepe/que-es-el-sepe/Red-de-oficinas.html,Girona/Gerona,https://www.sepe.es/HomeSepe/en/que-es-el-sepe/que-es-el-sepe/Red-de-oficinas/ResultadosBusqueda.html?id=30451619-8649-40b4-bba0-14322cfb69a2&provinciaNombre=Girona/Gerona,SALT,https://www.sepe.es/HomeSepe/en/que-es-el-sepe/que-es-el-sepe/Red-de-oficinas/DetalleOficina.html?idOficina=ab92d12d-76ec-4bc0-b01c-84769a42baa3,17190,"C/ ALFONS MORÉ, 1","C/ ALFONS MORÉ, 1, 17190",41.971129,2.800397,"Alfons Moré, 11, 17190 Salt, España",11,,Alfons Moré,17190,,Sal común,Salt,Gerona,,Catalonia,,España,es,0,,,© OpenStreetMap contributors,Open Database License,https://www.openstreetmap.org/copyright
1670948852-1864,https://www.sepe.es/HomeSepe/en/que-es-el-sepe/que-es-el-sepe/Red-de-oficinas.html,Girona/Gerona,https://www.sepe.es/HomeSepe/en/que-es-el-sepe/que-es-el-sepe/Red-de-oficinas/ResultadosBusqueda.html?id=30451619-8649-40b4-bba0-14322cfb69a2&provinciaNombre=Girona/Gerona,RIPOLL,https://www.sepe.es/HomeSepe/en/que-es-el-sepe/que-es-el-sepe/Red-de-oficinas/DetalleOficina.html?idOficina=f24ba418-857b-46dd-bb15-5428ffffa237,17500,"C/ CAMI DEL REMEI, 1","C/ CAMI DEL REMEI, 1, 17500",42.196293,2.192017,"Carrer del Remei, 1, 17500 Ripoll, España",1,,Carrer del Remei,17500,,Ripoll,Ripoll,Gerona,,Catalonia,,España,es,0,,,© OpenStreetMap contributors,Open Database License,https://www.openstreetmap.org/copyright
1670948854-1865,https://www.sepe.es/HomeSepe/en/que-es-el-sepe/que-es-el-sepe/Red-de-oficinas.html,Girona/Gerona,https://www.sepe.es/HomeSepe/en/que-es-el-sepe/que-es-el-sepe/Red-de-oficinas/ResultadosBusqueda.html?id=30451619-8649-40b4-bba0-14322cfb69a2&provinciaNombre=Girona/Gerona,PALAMOS,https://www.sepe.es/HomeSepe/en/que-es-el-sepe/que-es-el-sepe/Red-de-oficinas/DetalleOficina.html?idOficina=01972b5a-d187-4a5a-8cc9-fcd5f5e04679,17230,"C/ JOSEP JOAN, 1","C/ JOSEP JOAN, 1, 17230",41.852094,3.128999,"Carrer de Josep Joan, 17230 Palamós, España",,,Carrer de Josep Joan,17230,,Calonge,Palamós,Gerona,,Catalonia,,España,es,0,,,© OpenStreetMap contributors,Open Database License,https://www.openstreetmap.org/copyright
1670948857-1866,https://www.sepe.es/HomeSepe/en/que-es-el-sepe/que-es-el-sepe/Red-de-oficinas.html,Girona/Gerona,https://www.sepe.es/HomeSepe/en/que-es-el-sepe/que-es-el-sepe/Red-de-oficinas/ResultadosBusqueda.html?id=30451619-8649-40b4-bba0-14322cfb69a2&provinciaNombre=Girona/Gerona,OLOT,https://www.sepe.es/HomeSepe/en/que-es-el-sepe/que-es-el-sepe/Red-de-oficinas/DetalleOficina.html?idOficina=28c155c9-7d5e-410e-815d-985182774086,17800,"AVDA.REPÚBLICA ARGENTINA, S/N","AVDA.REPÚBLICA ARGENTINA, S/N, 17800",42.174088,2.483444,"Avinguda de la República Argentina, 17800 Olot, España",,,Avinguda de la República Argentina,17800,,Olot,Olot,Gerona,,Catalonia,,España,es,0,,,© OpenStreetMap contributors,Open Database License,https://www.openstreetmap.org/copyright
1670948860-1867,https://www.sepe.es/HomeSepe/en/que-es-el-sepe/que-es-el-sepe/Red-de-oficinas.html,Girona/Gerona,https://www.sepe.es/HomeSepe/en/que-es-el-sepe/que-es-el-sepe/Red-de-oficinas/ResultadosBusqueda.html?id=30451619-8649-40b4-bba0-14322cfb69a2&provinciaNombre=Girona/Gerona,LA BISBAL D'EMPORDA,https://www.sepe.es/HomeSepe/en/que-es-el-sepe/que-es-el-sepe/Red-de-oficinas/DetalleOficina.html?idOficina=e4aed1f1-e64c-4a83-b352-1eea0ef119cd,17100,"C/ CATALUNYA, 9","C/ CATALUNYA, 9, 17100",41.9625328,3.0410524,"Carrer Catalunya, 17100 la Bisbal d'Empordà, España",,Carrer Catalunya,Carrer Catalunya,17100,,,la Bisbal d'Empordà,Gerona,,Cataluña,CT,España,es,0.5,1,1,© OpenStreetMap contributors,Open Database License,https://www.openstreetmap.org/copyright
1670948862-1868,https://www.sepe.es/HomeSepe/en/que-es-el-sepe/que-es-el-sepe/Red-de-oficinas.html,Girona/Gerona,https://www.sepe.es/HomeSepe/en/que-es-el-sepe/que-es-el-sepe/Red-de-oficinas/ResultadosBusqueda.html?id=30451619-8649-40b4-bba0-14322cfb69a2&provinciaNombre=Girona/Gerona,GIRONA,https://www.sepe.es/HomeSepe/en/que-es-el-sepe/que-es-el-sepe/Red-de-oficinas/DetalleOficina.html?idOficina=d394a6ef-580b-4335-b7b3-21d40ce83854,17003,"C/ LLUIS PERICOT, 86-90","C/ LLUIS PERICOT, 86-90, 17003",41.96612,2.821309,"Avinguda de Lluís Pericot, 55, 17003 Girona, España",55,,Avinguda de Lluís Pericot,17003,,Gerona,Girona,Gerona,,Catalonia,,España,es,0.245,0.49,1,© OpenStreetMap contributors,Open Database License,https://www.openstreetmap.org/copyright
1670948865-1869,https://www.sepe.es/HomeSepe/en/que-es-el-sepe/que-es-el-sepe/Red-de-oficinas.html,Girona/Gerona,https://www.sepe.es/HomeSepe/en/que-es-el-sepe/que-es-el-sepe/Red-de-oficinas/ResultadosBusqueda.html?id=30451619-8649-40b4-bba0-14322cfb69a2&provinciaNombre=Girona/Gerona,FIGUERES,https://www.sepe.es/HomeSepe/en/que-es-el-sepe/que-es-el-sepe/Red-de-oficinas/DetalleOficina.html?idOficina=4c417739-9de7-4370-8db7-f32aa227abe6,17600,"C/ ANICET DE PAGES, 10-12","C/ ANICET DE PAGES, 10-12, 17600",42.26531548,2.961087072,"17600 Figueres, España",,Figueres,,17600,,,Figueres,Gerona,,Cataluña,CT,España,es,0,,1,© OpenStreetMap contributors,Open Database License,https://www.openstreetmap.org/copyright
1670948870-1870,https://www.sepe.es/HomeSepe/en/que-es-el-sepe/que-es-el-sepe/Red-de-oficinas.html,Girona/Gerona,https://www.sepe.es/HomeSepe/en/que-es-el-sepe/que-es-el-sepe/Red-de-oficinas/ResultadosBusqueda.html?id=30451619-8649-40b4-bba0-14322cfb69a2&provinciaNombre=Girona/Gerona,BLANES,https://www.sepe.es/HomeSepe/en/que-es-el-sepe/que-es-el-sepe/Red-de-oficinas/DetalleOficina.html?idOficina=ac7358d1-ea80-4740-999c-9ff26d6153ca,17300,"PLAÇA ONZE DE SETEMBRE, 22-23-24","PLAÇA ONZE DE SETEMBRE, 22-23-24, 17300",41.6779103,2.7892887,"Plaça Onze de Setembre, 17300 Blanes, España",,Plaça Onze de Setembre,Plaça Onze de Setembre,17300,,Sa Massaneda,Blanes,Gerona,,Cataluña,CT,España,es,0.5,1,1,© OpenStreetMap contributors,Open Database License,https://www.openstreetmap.org/copyright
1670948877-1871,https://www.sepe.es/HomeSepe/en/que-es-el-sepe/que-es-el-sepe/Red-de-oficinas.html,Gipuzkoa/Guipúzcoa,https://www.sepe.es/HomeSepe/en/que-es-el-sepe/que-es-el-sepe/Red-de-oficinas/ResultadosBusqueda.html?id=c98c3f7b-e7e7-41f3-b84b-acb08ab02a27&provinciaNombre=Gipuzkoa/Guipuzcoa,ZUMARRAGA,https://www.sepe.es/HomeSepe/en/que-es-el-sepe/que-es-el-sepe/Red-de-oficinas/DetalleOficina.html?idOficina=f99dc31a-f43d-43c0-905b-45787f622d3b,20700,"PLAZA NAFARROA, 3","PLAZA NAFARROA, 3, 20700",43.08856338,-2.316901415,"20700 Zumárraga, España",,Zumárraga,,20700,,,Zumárraga,Guipúzcoa,SS,País Vasco,PV,España,es,0,,1,© OpenStreetMap contributors,Open Database License,https://www.openstreetmap.org/copyright
1670948880-1872,https://www.sepe.es/HomeSepe/en/que-es-el-sepe/que-es-el-sepe/Red-de-oficinas.html,Gipuzkoa/Guipúzcoa,https://www.sepe.es/HomeSepe/en/que-es-el-sepe/que-es-el-sepe/Red-de-oficinas/ResultadosBusqueda.html?id=c98c3f7b-e7e7-41f3-b84b-acb08ab02a27&provinciaNombre=Gipuzkoa/Guipuzcoa,ZARAUTZ,https://www.sepe.es/HomeSepe/en/que-es-el-sepe/que-es-el-sepe/Red-de-oficinas/DetalleOficina.html?idOficina=051324b5-99fc-4d6f-9c95-b35351b4e303,20800,"C/ BIZKAIA, 61","C/ BIZKAIA, 61, 20800",43.282485,-2.16472,"Bizkaia kalea, 61, 20800 Zarauz, España",61,,Bizkaia kalea,20800,,Zarauz,Zarauz,Guipúzcoa,SS,País Vasco/Euskadi,,España,es,0.7,0.7,1,© OpenStreetMap contributors,Open Database License,https://www.openstreetmap.org/copyright
1670948883-1873,https://www.sepe.es/HomeSepe/en/que-es-el-sepe/que-es-el-sepe/Red-de-oficinas.html,Gipuzkoa/Guipúzcoa,https://www.sepe.es/HomeSepe/en/que-es-el-sepe/que-es-el-sepe/Red-de-oficinas/ResultadosBusqueda.html?id=c98c3f7b-e7e7-41f3-b84b-acb08ab02a27&provinciaNombre=Gipuzkoa/Guipuzcoa,TOLOSA,https://www.sepe.es/HomeSepe/en/que-es-el-sepe/que-es-el-sepe/Red-de-oficinas/DetalleOficina.html?idOficina=019c97bb-2dc2-403c-8e59-c9276b75ae69,20400,"C/ LARRAMENDI, 3","C/ LARRAMENDI, 3, 20400",43.14339105,-2.070923635,"Larramendi kalea, 20400 Tolosa, España",,Larramendi,Larramendi kalea,20400,Arramele,,Tolosa,Guipúzcoa,SS,País Vasco,PV,España,es,0.35,0.7,1,© OpenStreetMap contributors,Open Database License,https://www.openstreetmap.org/copyright
1670948885-1874,https://www.sepe.es/HomeSepe/en/que-es-el-sepe/que-es-el-sepe/Red-de-oficinas.html,Gipuzkoa/Guipúzcoa,https://www.sepe.es/HomeSepe/en/que-es-el-sepe/que-es-el-sepe/Red-de-oficinas/ResultadosBusqueda.html?id=c98c3f7b-e7e7-41f3-b84b-acb08ab02a27&provinciaNombre=Gipuzkoa/Guipuzcoa,LASARTE - ORIA,https://www.sepe.es/HomeSepe/en/que-es-el-sepe/que-es-el-sepe/Red-de-oficinas/DetalleOficina.html?idOficina=857ee6c8-e870-495b-b407-168ace9d4bae,20160,"AVDA. DONOSTIA, 5","AVDA. DONOSTIA, 5, 20160",43.26486412,-2.018000516,"20160 Lasarte-Oria, España",,Lasarte-Oria,,20160,,,Lasarte-Oria,Guipúzcoa,SS,País Vasco,PV,España,es,0,,1,© OpenStreetMap contributors,Open Database License,https://www.openstreetmap.org/copyright
1670948888-1875,https://www.sepe.es/HomeSepe/en/que-es-el-sepe/que-es-el-sepe/Red-de-oficinas.html,Gipuzkoa/Guipúzcoa,https://www.sepe.es/HomeSepe/en/que-es-el-sepe/que-es-el-sepe/Red-de-oficinas/ResultadosBusqueda.html?id=c98c3f7b-e7e7-41f3-b84b-acb08ab02a27&provinciaNombre=Gipuzkoa/Guipuzcoa,IRUN,https://www.sepe.es/HomeSepe/en/que-es-el-sepe/que-es-el-sepe/Red-de-oficinas/DetalleOficina.html?idOficina=3149404e-f04f-451d-b71f-f9a07fb3dab2,20300,"C/ BASURKO, S/N","C/ BASURKO, S/N, 20300",28.961509,-13.540195,"C, Arrecife, España",,,C,,,Arrecife,Arrecife,Las Palmas,GC,Canarias,CN,España,es,0.555555556,,,© OpenStreetMap contributors,Open Database License,https://www.openstreetmap.org/copyright
1670948890-1876,https://www.sepe.es/HomeSepe/en/que-es-el-sepe/que-es-el-sepe/Red-de-oficinas.html,Gipuzkoa/Guipúzcoa,https://www.sepe.es/HomeSepe/en/que-es-el-sepe/que-es-el-sepe/Red-de-oficinas/ResultadosBusqueda.html?id=c98c3f7b-e7e7-41f3-b84b-acb08ab02a27&provinciaNombre=Gipuzkoa/Guipuzcoa,ERRENTERIA,https://www.sepe.es/HomeSepe/en/que-es-el-sepe/que-es-el-sepe/Red-de-oficinas/DetalleOficina.html?idOficina=784b4769-291c-448d-8030-3a2ec7c97700,20100,"C/ MAURICE RAVEL, 14-16","C/ MAURICE RAVEL, 14-16, 20100",43.31338716,-1.895573272,"20100 Rentería, España",,Rentería,,20100,,,Rentería,Guipúzcoa,SS,País Vasco,PV,España,es,0,,1,© OpenStreetMap contributors,Open Database License,https://www.openstreetmap.org/copyright
1670948893-1877,https://www.sepe.es/HomeSepe/en/que-es-el-sepe/que-es-el-sepe/Red-de-oficinas.html,Gipuzkoa/Guipúzcoa,https://www.sepe.es/HomeSepe/en/que-es-el-sepe/que-es-el-sepe/Red-de-oficinas/ResultadosBusqueda.html?id=c98c3f7b-e7e7-41f3-b84b-acb08ab02a27&provinciaNombre=Gipuzkoa/Guipuzcoa,EIBAR,https://www.sepe.es/HomeSepe/en/que-es-el-sepe/que-es-el-sepe/Red-de-oficinas/DetalleOficina.html?idOficina=cacdd0bc-f45f-46e7-b75d-782688c09ccf,20600,"C/ BITTOR SARASKETA, 19","C/ BITTOR SARASKETA, 19, 20600",43.186376,-2.464619,"Bittor Sarasketa kalea, 12, 20600 Éibar, España",12,,Bittor Sarasketa kalea,20600,,Éibar,Éibar,Guipúzcoa,SS,País Vasco/Euskadi,,España,es,0.49,0.7,1,© OpenStreetMap contributors,Open Database License,https://www.openstreetmap.org/copyright
1670948896-1878,https://www.sepe.es/HomeSepe/en/que-es-el-sepe/que-es-el-sepe/Red-de-oficinas.html,Gipuzkoa/Guipúzcoa,https://www.sepe.es/HomeSepe/en/que-es-el-sepe/que-es-el-sepe/Red-de-oficinas/ResultadosBusqueda.html?id=c98c3f7b-e7e7-41f3-b84b-acb08ab02a27&provinciaNombre=Gipuzkoa/Guipuzcoa,DONOSTIA / SAN SEBASTIAN - GROS,https://www.sepe.es/HomeSepe/en/que-es-el-sepe/que-es-el-sepe/Red-de-oficinas/DetalleOficina.html?idOficina=822df33c-e1bf-4f06-a46c-2607ed2eca76,20013,"C/ MARINO TABUYO, 14-16","C/ MARINO TABUYO, 14-16, 20013",43.3232211,-1.9690625,"Calle Marino Tabuyo, 20012 San Sebastián, España",,Calle Marino Tabuyo,Calle Marino Tabuyo,20012,Gros,Gros,San Sebastián,Guipúzcoa,SS,País Vasco,PV,España,es,0.5,0.3,0.3,© OpenStreetMap contributors,Open Database License,https://www.openstreetmap.org/copyright
1670948898-1879,https://www.sepe.es/HomeSepe/en/que-es-el-sepe/que-es-el-sepe/Red-de-oficinas.html,Gipuzkoa/Guipúzcoa,https://www.sepe.es/HomeSepe/en/que-es-el-sepe/que-es-el-sepe/Red-de-oficinas/ResultadosBusqueda.html?id=c98c3f7b-e7e7-41f3-b84b-acb08ab02a27&provinciaNombre=Gipuzkoa/Guipuzcoa,DONOSTIA / SAN SEBASTIAN - EL ANTIGUO,https://www.sepe.es/HomeSepe/en/que-es-el-sepe/que-es-el-sepe/Red-de-oficinas/DetalleOficina.html?idOficina=31130f9a-9ed3-4459-866d-9ed3f9d54605,20018,"AVDA. DE ZARAUTZ, 58-60","AVDA. DE ZARAUTZ, 58-60, 20018",43.3026797,-2.0032883,"Avenida de Zarautz, 20018 San Sebastián, España",,Avenida de Zarautz,Avenida de Zarautz,20018,Iza,Ibaieta,San Sebastián,Guipúzcoa,SS,País Vasco,PV,España,es,0.5,1,1,© OpenStreetMap contributors,Open Database License,https://www.openstreetmap.org/copyright
1670948901-1880,https://www.sepe.es/HomeSepe/en/que-es-el-sepe/que-es-el-sepe/Red-de-oficinas.html,Gipuzkoa/Guipúzcoa,https://www.sepe.es/HomeSepe/en/que-es-el-sepe/que-es-el-sepe/Red-de-oficinas/ResultadosBusqueda.html?id=c98c3f7b-e7e7-41f3-b84b-acb08ab02a27&provinciaNombre=Gipuzkoa/Guipuzcoa,BEASAIN,https://www.sepe.es/HomeSepe/en/que-es-el-sepe/que-es-el-sepe/Red-de-oficinas/DetalleOficina.html?idOficina=5b9f46b3-139c-41eb-bd42-3c290f317ae2,20200,"PLAZA GUIPUZKOA,1","PLAZA GUIPUZKOA,1, 20200",43.047283,-2.195993,"Loinazko San Martin Plaza, 1, 20200 Lazcano, España",1,,Loinazko San Martin Plaza,20200,,Olaberría,Lazcano,Guipúzcoa,SS,País Vasco/Euskadi,,España,es,0.35721,0.35721,1,© OpenStreetMap contributors,Open Database License,https://www.openstreetmap.org/copyright
1670948904-1881,https://www.sepe.es/HomeSepe/en/que-es-el-sepe/que-es-el-sepe/Red-de-oficinas.html,Gipuzkoa/Guipúzcoa,https://www.sepe.es/HomeSepe/en/que-es-el-sepe/que-es-el-sepe/Red-de-oficinas/ResultadosBusqueda.html?id=c98c3f7b-e7e7-41f3-b84b-acb08ab02a27&provinciaNombre=Gipuzkoa/Guipuzcoa,AZPEITIA,https://www.sepe.es/HomeSepe/en/que-es-el-sepe/que-es-el-sepe/Red-de-oficinas/DetalleOficina.html?idOficina=0d431f4a-19a0-41fe-9d5b-a1557f0170e1,20730,"C/ UROLA, 6","C/ UROLA, 6, 20730",43.1873097,-2.2611981,"Urola, 20730 Azpeitia, España",,Urola,Urola,20730,,,Azpeitia,Urola Costa,,País Vasco,PV,España,es,0.45,0.9,1,© OpenStreetMap contributors,Open Database License,https://www.openstreetmap.org/copyright
1670948906-1882,https://www.sepe.es/HomeSepe/en/que-es-el-sepe/que-es-el-sepe/Red-de-oficinas.html,Gipuzkoa/Guipúzcoa,https://www.sepe.es/HomeSepe/en/que-es-el-sepe/que-es-el-sepe/Red-de-oficinas/ResultadosBusqueda.html?id=c98c3f7b-e7e7-41f3-b84b-acb08ab02a27&provinciaNombre=Gipuzkoa/Guipuzcoa,ARRASATE / MONDRAGON,https://www.sepe.es/HomeSepe/en/que-es-el-sepe/que-es-el-sepe/Red-de-oficinas/DetalleOficina.html?idOficina=0096c817-c949-4758-a3a0-59a20971b663,20500,"GUIPUZKOA ETORBIDEA, 4","GUIPUZKOA ETORBIDEA, 4, 20500",43.064303,-2.48228,"Gipuzkoa Etorbidea, 4, 20500 Mondragón, España",4,,Gipuzkoa Etorbidea,20500,,Arrasate/Mondragón,Mondragón,Guipúzcoa,SS,País Vasco/Euskadi,,España,es,0.8,0.8,1,© OpenStreetMap contributors,Open Database License,https://www.openstreetmap.org/copyright
1670948911-1883,https://www.sepe.es/HomeSepe/en/que-es-el-sepe/que-es-el-sepe/Red-de-oficinas.html,Cuenca,https://www.sepe.es/HomeSepe/en/que-es-el-sepe/que-es-el-sepe/Red-de-oficinas/ResultadosBusqueda.html?id=a84e227e-b439-4f47-be5d-5eed1e7a808b&provinciaNombre=Cuenca,TARANCON,https://www.sepe.es/HomeSepe/en/que-es-el-sepe/que-es-el-sepe/Red-de-oficinas/DetalleOficina.html?idOficina=7266a5cc-78ce-479f-aa1c-9a95962cbbce,16400,"C/ PEÑA DEL AGUILA, S/N","C/ PEÑA DEL AGUILA, S/N, 16400",40.0154205,-3.0132921,"Calle Peña del Águila, 16400 Tarancón, España",,Calle Peña del Águila,Calle Peña del Águila,16400,,,Tarancón,Cuenca,CU,Castilla-La Mancha,CM,España,es,0.796153846,0.9,1,© OpenStreetMap contributors,Open Database License,https://www.openstreetmap.org/copyright
1670948914-1884,https://www.sepe.es/HomeSepe/en/que-es-el-sepe/que-es-el-sepe/Red-de-oficinas.html,Cuenca,https://www.sepe.es/HomeSepe/en/que-es-el-sepe/que-es-el-sepe/Red-de-oficinas/ResultadosBusqueda.html?id=a84e227e-b439-4f47-be5d-5eed1e7a808b&provinciaNombre=Cuenca,MOTILLA DEL PALANCAR,https://www.sepe.es/HomeSepe/en/que-es-el-sepe/que-es-el-sepe/Red-de-oficinas/DetalleOficina.html?idOficina=1e06ed73-366b-44e9-9cd5-4b3e12113923,16200,"C/ RONDA DEL SUR, 18","C/ RONDA DEL SUR, 18, 16200",38.881485,-6.861948,"Ronda Sur, 18, 06195 Villafranco del Guadiana, España",18,,Ronda Sur,6195,,Badajoz,Villafranco del Guadiana,Badajoz,BA,Extremadura,EX,España,es,0,,,© OpenStreetMap contributors,Open Database License,https://www.openstreetmap.org/copyright
1670948917-1885,https://www.sepe.es/HomeSepe/en/que-es-el-sepe/que-es-el-sepe/Red-de-oficinas.html,Cuenca,https://www.sepe.es/HomeSepe/en/que-es-el-sepe/que-es-el-sepe/Red-de-oficinas/ResultadosBusqueda.html?id=a84e227e-b439-4f47-be5d-5eed1e7a808b&provinciaNombre=Cuenca,CUENCA,https://www.sepe.es/HomeSepe/en/que-es-el-sepe/que-es-el-sepe/Red-de-oficinas/DetalleOficina.html?idOficina=c0907fd4-c97f-4cca-904b-4afd4d43a260,16002,"TRAVESÍA PARQUE DE SAN JULIAN, 13","TRAVESÍA PARQUE DE SAN JULIAN, 13, 16002",40.0726839,-2.1334613,"Travesía Parque de San Julián, 16001 Cuenca, España",,Travesía Parque de San Julián,Travesía Parque de San Julián,16001,Barrio de Tiradores,,Cuenca,Cuenca,CU,Castilla-La Mancha,CM,España,es,0.5,0.3,0.3,© OpenStreetMap contributors,Open Database License,https://www.openstreetmap.org/copyright
1670948919-1886,https://www.sepe.es/HomeSepe/en/que-es-el-sepe/que-es-el-sepe/Red-de-oficinas.html,Cuenca,https://www.sepe.es/HomeSepe/en/que-es-el-sepe/que-es-el-sepe/Red-de-oficinas/ResultadosBusqueda.html?id=a84e227e-b439-4f47-be5d-5eed1e7a808b&provinciaNombre=Cuenca,CAÑETE,https://www.sepe.es/HomeSepe/en/que-es-el-sepe/que-es-el-sepe/Red-de-oficinas/DetalleOficina.html?idOficina=b78cd9ae-9d91-4f6e-97e8-76323b931624,16300,"C/ JARDÍN DE LAS MENDOZAS, 1","C/ JARDÍN DE LAS MENDOZAS, 1, 16300",40.04227757,-1.648847246,"16300 Cañete, España",,Cañete,,16300,,,Cañete,Cuenca,CU,Castilla-La Mancha,CM,España,es,0,,1,© OpenStreetMap contributors,Open Database License,https://www.openstreetmap.org/copyright
1670948922-1887,https://www.sepe.es/HomeSepe/en/que-es-el-sepe/que-es-el-sepe/Red-de-oficinas.html,Cuenca,https://www.sepe.es/HomeSepe/en/que-es-el-sepe/que-es-el-sepe/Red-de-oficinas/ResultadosBusqueda.html?id=a84e227e-b439-4f47-be5d-5eed1e7a808b&provinciaNombre=Cuenca,BELMONTE,https://www.sepe.es/HomeSepe/en/que-es-el-sepe/que-es-el-sepe/Red-de-oficinas/DetalleOficina.html?idOficina=f763e245-5720-4911-9ea5-679cb248f6f8,16640,"C/ ELENA OSORIO, 3","C/ ELENA OSORIO, 3, 16640",39.5607053,-2.7048012,"Calle Elena Osorio, 16640 Belmonte, España",,Calle Elena Osorio,Calle Elena Osorio,16640,,,Belmonte,Cuenca,CU,Castilla-La Mancha,CM,España,es,0.5,1,1,© OpenStreetMap contributors,Open Database License,https://www.openstreetmap.org/copyright
1670948927-1888,https://www.sepe.es/HomeSepe/en/que-es-el-sepe/que-es-el-sepe/Red-de-oficinas.html,Córdoba,https://www.sepe.es/HomeSepe/en/que-es-el-sepe/que-es-el-sepe/Red-de-oficinas/ResultadosBusqueda.html?id=2cab784d-30e7-493b-8bca-3060085a7c91&provinciaNombre=Cordoba,VILLANUEVA CÓRDOBA,https://www.sepe.es/HomeSepe/en/que-es-el-sepe/que-es-el-sepe/Red-de-oficinas/DetalleOficina.html?idOficina=db85ed70-4831-4dd3-8a65-3e44c76b233f,14440,"PALZA DEL CARMEN, 1","PALZA DEL CARMEN, 1, 14440",38.3255603,-4.6249419,"14440 Villanueva de Córdoba, España",,Villanueva de Córdoba,,14440,,,Villanueva de Córdoba,Córdoba,CO,Andalucía,AN,España,es,0,,1,© OpenStreetMap contributors,Open Database License,https://www.openstreetmap.org/copyright
1670948930-1889,https://www.sepe.es/HomeSepe/en/que-es-el-sepe/que-es-el-sepe/Red-de-oficinas.html,Córdoba,https://www.sepe.es/HomeSepe/en/que-es-el-sepe/que-es-el-sepe/Red-de-oficinas/ResultadosBusqueda.html?id=2cab784d-30e7-493b-8bca-3060085a7c91&provinciaNombre=Cordoba,RUTE,https://www.sepe.es/HomeSepe/en/que-es-el-sepe/que-es-el-sepe/Red-de-oficinas/DetalleOficina.html?idOficina=491460d6-e9e2-4c2c-94d3-03d05f9a8321,14960,"C/JUAN AGUILAR, S/N","C/JUAN AGUILAR, S/N, 14960",37.38362293,-4.413977522,"14960 Rute, España",,Rute,,14960,,,Rute,Córdoba,CO,Andalucía,AN,España,es,0,,1,© OpenStreetMap contributors,Open Database License,https://www.openstreetmap.org/copyright
1670948932-1890,https://www.sepe.es/HomeSepe/en/que-es-el-sepe/que-es-el-sepe/Red-de-oficinas.html,Córdoba,https://www.sepe.es/HomeSepe/en/que-es-el-sepe/que-es-el-sepe/Red-de-oficinas/ResultadosBusqueda.html?id=2cab784d-30e7-493b-8bca-3060085a7c91&provinciaNombre=Cordoba,PUENTE GENIL,https://www.sepe.es/HomeSepe/en/que-es-el-sepe/que-es-el-sepe/Red-de-oficinas/DetalleOficina.html?idOficina=fae59751-6fc3-4a9a-9c65-cd0c6438c0ce,14500,"C/ MIGUEL ÁNGEL BLANCO GARRIDO, 7","C/ MIGUEL ÁNGEL BLANCO GARRIDO, 7, 14500",37.39500032,-4.764782809,"14500 Puente Genil, España",,Puente Genil,,14500,,,Puente Genil,Córdoba,CO,Andalucía,AN,España,es,0,,1,© OpenStreetMap contributors,Open Database License,https://www.openstreetmap.org/copyright
1670948935-1891,https://www.sepe.es/HomeSepe/en/que-es-el-sepe/que-es-el-sepe/Red-de-oficinas.html,Córdoba,https://www.sepe.es/HomeSepe/en/que-es-el-sepe/que-es-el-sepe/Red-de-oficinas/ResultadosBusqueda.html?id=2cab784d-30e7-493b-8bca-3060085a7c91&provinciaNombre=Cordoba,PRIEGO DE CÓRDOBA,https://www.sepe.es/HomeSepe/en/que-es-el-sepe/que-es-el-sepe/Red-de-oficinas/DetalleOficina.html?idOficina=27cd3cba-f5db-45da-858f-b2a090233fd6,14800,"C/ REVERENDO JOSÉ APARICIO, 1 PRIMER PISO","C/ REVERENDO JOSÉ APARICIO, 1 PRIMER PISO, 14800",37.44192933,-4.195556618,,,,,,,,,,,,,,,,,,,,
1670948938-1892,https://www.sepe.es/HomeSepe/en/que-es-el-sepe/que-es-el-sepe/Red-de-oficinas.html,Córdoba,https://www.sepe.es/HomeSepe/en/que-es-el-sepe/que-es-el-sepe/Red-de-oficinas/ResultadosBusqueda.html?id=2cab784d-30e7-493b-8bca-3060085a7c91&provinciaNombre=Cordoba,POZOBLANCO,https://www.sepe.es/HomeSepe/en/que-es-el-sepe/que-es-el-sepe/Red-de-oficinas/DetalleOficina.html?idOficina=360fb8b3-7ba1-4ca9-961b-b9e62df3af52,14400,"C/FERNANDO SANTIAGO, 1","C/FERNANDO SANTIAGO, 1, 14400",38.3780966,-4.841565,"Calle Fernando Santiago, 14400 Pozoblanco, España",,Calle Fernando Santiago,Calle Fernando Santiago,14400,,,Pozoblanco,Córdoba,CO,Andalucía,AN,España,es,0.5,1,1,© OpenStreetMap contributors,Open Database License,https://www.openstreetmap.org/copyright
1670948940-1893,https://www.sepe.es/HomeSepe/en/que-es-el-sepe/que-es-el-sepe/Red-de-oficinas.html,Córdoba,https://www.sepe.es/HomeSepe/en/que-es-el-sepe/que-es-el-sepe/Red-de-oficinas/ResultadosBusqueda.html?id=2cab784d-30e7-493b-8bca-3060085a7c91&provinciaNombre=Cordoba,POSADAS,https://www.sepe.es/HomeSepe/en/que-es-el-sepe/que-es-el-sepe/Red-de-oficinas/DetalleOficina.html?idOficina=2de066c7-3f62-47a7-a736-98794eb201a1,14730,"PLAZA DE LOS POSITOS, S/N","PLAZA DE LOS POSITOS, S/N, 14730",37.8005473,-5.1093581,"Plaza de los Pósitos, 14730 Posadas, España",,Plaza de los Pósitos,Plaza de los Pósitos,14730,,,Posadas,Córdoba,CO,Andalucía,AN,España,es,0.803571429,0.9,1,© OpenStreetMap contributors,Open Database License,https://www.openstreetmap.org/copyright
1670948946-1894,https://www.sepe.es/HomeSepe/en/que-es-el-sepe/que-es-el-sepe/Red-de-oficinas.html,Córdoba,https://www.sepe.es/HomeSepe/en/que-es-el-sepe/que-es-el-sepe/Red-de-oficinas/ResultadosBusqueda.html?id=2cab784d-30e7-493b-8bca-3060085a7c91&provinciaNombre=Cordoba,PEÑARROYA - PUEBLONUEVO,https://www.sepe.es/HomeSepe/en/que-es-el-sepe/que-es-el-sepe/Red-de-oficinas/DetalleOficina.html?idOficina=921b6700-024b-49a0-9afa-a70f5dda6271,14200,"C/ ROMERO ROBLEDO, 10","C/ ROMERO ROBLEDO, 10, 14200",38.2999921,-5.2686455,"Calle Romero Robledo, 14200 Peñarroya-Pueblonuevo, España",,Calle Romero Robledo,Calle Romero Robledo,14200,,,Peñarroya-Pueblonuevo,Córdoba,CO,Andalucía,AN,España,es,0.5,1,1,© OpenStreetMap contributors,Open Database License,https://www.openstreetmap.org/copyright
1670948949-1895,https://www.sepe.es/HomeSepe/en/que-es-el-sepe/que-es-el-sepe/Red-de-oficinas.html,Córdoba,https://www.sepe.es/HomeSepe/en/que-es-el-sepe/que-es-el-sepe/Red-de-oficinas/ResultadosBusqueda.html?id=2cab784d-30e7-493b-8bca-3060085a7c91&provinciaNombre=Cordoba,PALMA DE RÍO,https://www.sepe.es/HomeSepe/en/que-es-el-sepe/que-es-el-sepe/Red-de-oficinas/DetalleOficina.html?idOficina=54a957f8-7d80-4ba1-929c-adf52635935f,14700,"AVDA. SANTA ANA, 31 PRIMER PISO EDIF. LOS BOMBOS","AVDA. SANTA ANA, 31 PRIMER PISO EDIF. LOS BOMBOS, 14700",37.703028,-5.282667,"AVENIDA SANTA ANA, 83, 14700 Palma del Río, España",83,,AVENIDA SANTA ANA,14700,,Palma Del Río,Palma del Río,Córdoba,CO,Andalucía,AN,España,es,0,,,© OpenStreetMap contributors,Open Database License,https://www.openstreetmap.org/copyright
1670948951-1896,https://www.sepe.es/HomeSepe/en/que-es-el-sepe/que-es-el-sepe/Red-de-oficinas.html,Córdoba,https://www.sepe.es/HomeSepe/en/que-es-el-sepe/que-es-el-sepe/Red-de-oficinas/ResultadosBusqueda.html?id=2cab784d-30e7-493b-8bca-3060085a7c91&provinciaNombre=Cordoba,MONTORO,https://www.sepe.es/HomeSepe/en/que-es-el-sepe/que-es-el-sepe/Red-de-oficinas/DetalleOficina.html?idOficina=920c94f9-6b40-408b-a9e7-6e0ec9bffeb4,14600,"AVDA. ANDALUCIA, S/N (LLANO DE LA FERIA)","AVDA. ANDALUCIA, S/N (LLANO DE LA FERIA), 14600",38.02512541,-4.376949608,"14600 Montoro, España",,Montoro,,14600,,,Montoro,Córdoba,CO,Andalucía,AN,España,es,0.604651163,,1,© OpenStreetMap contributors,Open Database License,https://www.openstreetmap.org/copyright
1670948954-1897,https://www.sepe.es/HomeSepe/en/que-es-el-sepe/que-es-el-sepe/Red-de-oficinas.html,Córdoba,https://www.sepe.es/HomeSepe/en/que-es-el-sepe/que-es-el-sepe/Red-de-oficinas/ResultadosBusqueda.html?id=2cab784d-30e7-493b-8bca-3060085a7c91&provinciaNombre=Cordoba,MONTILLA,https://www.sepe.es/HomeSepe/en/que-es-el-sepe/que-es-el-sepe/Red-de-oficinas/DetalleOficina.html?idOficina=785aeb1b-aeea-4351-adae-c55a8d185252,14550,"C/ LLANO DE PALACIO, 5","C/ LLANO DE PALACIO, 5, 14550",37.5896,-4.6347,"Llano de Palacio, 14550 Montilla, España",,Llano de Palacio,Llano de Palacio,14550,,,Montilla,Córdoba,CO,Andalucía,AN,España,es,0.45,0.9,1,© OpenStreetMap contributors,Open Database License,https://www.openstreetmap.org/copyright
1670948957-1898,https://www.sepe.es/HomeSepe/en/que-es-el-sepe/que-es-el-sepe/Red-de-oficinas.html,Córdoba,https://www.sepe.es/HomeSepe/en/que-es-el-sepe/que-es-el-sepe/Red-de-oficinas/ResultadosBusqueda.html?id=2cab784d-30e7-493b-8bca-3060085a7c91&provinciaNombre=Cordoba,LUCENA,https://www.sepe.es/HomeSepe/en/que-es-el-sepe/que-es-el-sepe/Red-de-oficinas/DetalleOficina.html?idOficina=9d25039c-7a7d-4f91-9f1f-b2c147e4f2f3,14900,"RONDA SAN FRANCISCO, 43","RONDA SAN FRANCISCO, 43, 14900",37.41039015,-4.486833904,"Zona 2 (Centro y San Francisco), 14900 Lucena, España",,Zona 2 (Centro y San Francisco),,14900,Zona 2 (Centro y San Francisco),,Lucena,Córdoba,CO,Andalucía,AN,España,es,0.25,,1,© OpenStreetMap contributors,Open Database License,https://www.openstreetmap.org/copyright
1670948959-1899,https://www.sepe.es/HomeSepe/en/que-es-el-sepe/que-es-el-sepe/Red-de-oficinas.html,Córdoba,https://www.sepe.es/HomeSepe/en/que-es-el-sepe/que-es-el-sepe/Red-de-oficinas/ResultadosBusqueda.html?id=2cab784d-30e7-493b-8bca-3060085a7c91&provinciaNombre=Cordoba,LA RAMBLA,https://www.sepe.es/HomeSepe/en/que-es-el-sepe/que-es-el-sepe/Red-de-oficinas/DetalleOficina.html?idOficina=5126feee-f6fd-4fae-a442-c1c48d792be9,14540,"C/ LA SILERA, 7","C/ LA SILERA, 7, 14540",37.6089458,-4.7413883,"Calle Silera, 14540 La Rambla, España",,Calle Silera,Calle Silera,14540,,,La Rambla,Córdoba,CO,Andalucía,AN,España,es,0.45,0.9,1,© OpenStreetMap contributors,Open Database License,https://www.openstreetmap.org/copyright
1670948962-1900,https://www.sepe.es/HomeSepe/en/que-es-el-sepe/que-es-el-sepe/Red-de-oficinas.html,Córdoba,https://www.sepe.es/HomeSepe/en/que-es-el-sepe/que-es-el-sepe/Red-de-oficinas/ResultadosBusqueda.html?id=2cab784d-30e7-493b-8bca-3060085a7c91&provinciaNombre=Cordoba,LA CARLOTA,https://www.sepe.es/HomeSepe/en/que-es-el-sepe/que-es-el-sepe/Red-de-oficinas/DetalleOficina.html?idOficina=58731899-0219-4324-96ee-8a391d65c773,14100,"AVDA. CARLOS III, 119","AVDA. CARLOS III, 119, 14100",37.664721,-4.942055,"Avenida de Carlos III, 137, 14100 La Carlota, España",137,,Avenida de Carlos III,14100,,La Carlota,La Carlota,Córdoba,CO,Andalucía,AN,España,es,0.35,0.7,1,© OpenStreetMap contributors,Open Database License,https://www.openstreetmap.org/copyright
1670948964-1901,https://www.sepe.es/HomeSepe/en/que-es-el-sepe/que-es-el-sepe/Red-de-oficinas.html,Córdoba,https://www.sepe.es/HomeSepe/en/que-es-el-sepe/que-es-el-sepe/Red-de-oficinas/ResultadosBusqueda.html?id=2cab784d-30e7-493b-8bca-3060085a7c91&provinciaNombre=Cordoba,HINOJOSA DEL DUQUE,https://www.sepe.es/HomeSepe/en/que-es-el-sepe/que-es-el-sepe/Red-de-oficinas/DetalleOficina.html?idOficina=806dc606-8eae-4e1e-8fba-20e2ebcbf5f3,14270,"C/ MIGUEL HERNÁNDEZ, S/N","C/ MIGUEL HERNÁNDEZ, S/N, 14270",38.4943774,-5.1420398,"Calle Miguel Hernández, 14270 Hinojosa del Duque, España",,Calle Miguel Hernández,Calle Miguel Hernández,14270,,,Hinojosa del Duque,Córdoba,CO,Andalucía,AN,España,es,0.5,1,1,© OpenStreetMap contributors,Open Database License,https://www.openstreetmap.org/copyright
1670948967-1902,https://www.sepe.es/HomeSepe/en/que-es-el-sepe/que-es-el-sepe/Red-de-oficinas.html,Córdoba,https://www.sepe.es/HomeSepe/en/que-es-el-sepe/que-es-el-sepe/Red-de-oficinas/ResultadosBusqueda.html?id=2cab784d-30e7-493b-8bca-3060085a7c91&provinciaNombre=Cordoba,FUENTE PALMERA,https://www.sepe.es/HomeSepe/en/que-es-el-sepe/que-es-el-sepe/Red-de-oficinas/DetalleOficina.html?idOficina=ccd65d62-de3c-43c9-95e5-0d5002c794e0,14120,"C/ SEGOVIA Y MERCEDITA, S/N","C/ SEGOVIA Y MERCEDITA, S/N, 14120",37.7056955,-5.1056918,"Calle Segovia y Mercedita, 14120 Fuente Palmera, España",,Calle Segovia y Mercedita,Calle Segovia y Mercedita,14120,,,Fuente Palmera,Córdoba,CO,Andalucía,AN,España,es,0.81,0.9,1,© OpenStreetMap contributors,Open Database License,https://www.openstreetmap.org/copyright
1670948970-1903,https://www.sepe.es/HomeSepe/en/que-es-el-sepe/que-es-el-sepe/Red-de-oficinas.html,Córdoba,https://www.sepe.es/HomeSepe/en/que-es-el-sepe/que-es-el-sepe/Red-de-oficinas/ResultadosBusqueda.html?id=2cab784d-30e7-493b-8bca-3060085a7c91&provinciaNombre=Cordoba,FUENTE OBEJUNA,https://www.sepe.es/HomeSepe/en/que-es-el-sepe/que-es-el-sepe/Red-de-oficinas/DetalleOficina.html?idOficina=158e76b8-c03f-480f-8c77-4c4f5f54a3e3,14297,"C/ DOCTOR MIRAS NAVARRO, 27","C/ DOCTOR MIRAS NAVARRO, 27, 14297",38.2661,-5.420105,"Calle del Doctor Mirás Navarro, Fuente Obejuna, España",,,Calle del Doctor Mirás Navarro,,,Fuente Obejuna,Fuente Obejuna,Córdoba,CO,Andalucía,AN,España,es,0,,,© OpenStreetMap contributors,Open Database License,https://www.openstreetmap.org/copyright
1670948972-1904,https://www.sepe.es/HomeSepe/en/que-es-el-sepe/que-es-el-sepe/Red-de-oficinas.html,Córdoba,https://www.sepe.es/HomeSepe/en/que-es-el-sepe/que-es-el-sepe/Red-de-oficinas/ResultadosBusqueda.html?id=2cab784d-30e7-493b-8bca-3060085a7c91&provinciaNombre=Cordoba,FERNÁN - NUÑEZ,https://www.sepe.es/HomeSepe/en/que-es-el-sepe/que-es-el-sepe/Red-de-oficinas/DetalleOficina.html?idOficina=28798268-5ab4-4c99-b74f-b3ffd46790a7,14520,"C/ DOCTOR EMILIO LUQUE, 15","C/ DOCTOR EMILIO LUQUE, 15, 14520",42.334626,-3.70102,"Plaza Doctor Emilio Giménez Heras, 15, Burgos, España",15,,Plaza Doctor Emilio Giménez Heras,,,Burgos,Burgos,Burgos,BU,Castilla Y León,CL,España,es,0,,,© OpenStreetMap contributors,Open Database License,https://www.openstreetmap.org/copyright
1670948975-1905,https://www.sepe.es/HomeSepe/en/que-es-el-sepe/que-es-el-sepe/Red-de-oficinas.html,Córdoba,https://www.sepe.es/HomeSepe/en/que-es-el-sepe/que-es-el-sepe/Red-de-oficinas/ResultadosBusqueda.html?id=2cab784d-30e7-493b-8bca-3060085a7c91&provinciaNombre=Cordoba,CÓRDOBA-ZONA NORTE,https://www.sepe.es/HomeSepe/en/que-es-el-sepe/que-es-el-sepe/Red-de-oficinas/DetalleOficina.html?idOficina=ccbc5999-4e2f-466e-8788-eb69f754def2,14011,"AVDA MEDITERRANEO S/N EDIFICIO CENTRAL EL CARMEN, PTA B","AVDA MEDITERRANEO S/N EDIFICIO CENTRAL EL CARMEN, PTA B, 14011",28.409904,-16.31448,"Avenida Mediterráneo, 38109 El Rosario, España",,,Avenida Mediterráneo,38109,,,El Rosario,Santa Cruz de Tenerife,TF,Canarias,CN,España,es,0.26040609,,,© OpenStreetMap contributors,Open Database License,https://www.openstreetmap.org/copyright
1670948979-1906,https://www.sepe.es/HomeSepe/en/que-es-el-sepe/que-es-el-sepe/Red-de-oficinas.html,Córdoba,https://www.sepe.es/HomeSepe/en/que-es-el-sepe/que-es-el-sepe/Red-de-oficinas/ResultadosBusqueda.html?id=2cab784d-30e7-493b-8bca-3060085a7c91&provinciaNombre=Cordoba,CÓRDOBA - SECTOR SUR,https://www.sepe.es/HomeSepe/en/que-es-el-sepe/que-es-el-sepe/Red-de-oficinas/DetalleOficina.html?idOficina=bd3d121f-b80d-4f6b-a7a5-75bbe96b1c03,14009,"C/ LIBERTADOR JOSÉ GERVASIO ARTIGAS, NAVE 8","C/ LIBERTADOR JOSÉ GERVASIO ARTIGAS, NAVE 8, 14009",37.87186089,-4.77668691,"Distrito Sur, 14009 Córdoba, España",,Distrito Sur,,14009,,Distrito Sur,Córdoba,Córdoba,CO,Andalucía,AN,España,es,0.25,,1,© OpenStreetMap contributors,Open Database License,https://www.openstreetmap.org/copyright
1670948982-1907,https://www.sepe.es/HomeSepe/en/que-es-el-sepe/que-es-el-sepe/Red-de-oficinas.html,Córdoba,https://www.sepe.es/HomeSepe/en/que-es-el-sepe/que-es-el-sepe/Red-de-oficinas/ResultadosBusqueda.html?id=2cab784d-30e7-493b-8bca-3060085a7c91&provinciaNombre=Cordoba,CÓRDOBA - OCCIDENTE,https://www.sepe.es/HomeSepe/en/que-es-el-sepe/que-es-el-sepe/Red-de-oficinas/DetalleOficina.html?idOficina=13f24510-419c-4285-8011-07c88650d205,14004,"C/ DIEGO SERRANO, 7","C/ DIEGO SERRANO, 7, 14004",37.8844743,-4.7926009,"Calle Diego Serrano, 14005 Córdoba, España",,Calle Diego Serrano,Calle Diego Serrano,14005,,Distrito Poniente Sur,Córdoba,Córdoba,CO,Andalucía,AN,España,es,0.5,0.3,0.3,© OpenStreetMap contributors,Open Database License,https://www.openstreetmap.org/copyright
1670948985-1908,https://www.sepe.es/HomeSepe/en/que-es-el-sepe/que-es-el-sepe/Red-de-oficinas.html,Córdoba,https://www.sepe.es/HomeSepe/en/que-es-el-sepe/que-es-el-sepe/Red-de-oficinas/ResultadosBusqueda.html?id=2cab784d-30e7-493b-8bca-3060085a7c91&provinciaNombre=Cordoba,CÓRDOBA - LAS LONJAS,https://www.sepe.es/HomeSepe/en/que-es-el-sepe/que-es-el-sepe/Red-de-oficinas/DetalleOficina.html?idOficina=75742c8b-e13e-4c91-87fd-a50e1d755b54,14010,"C/ CAMPO MADRE DE DIOS, 21","C/ CAMPO MADRE DE DIOS, 21, 14010",37.8806524,-4.7680239,"Calle Campo Madre de Dios, 14010 Córdoba, España",,Calle Campo Madre de Dios,Calle Campo Madre de Dios,14010,,Distrito Sureste,Córdoba,Córdoba,CO,Andalucía,AN,España,es,0.5,1,1,© OpenStreetMap contributors,Open Database License,https://www.openstreetmap.org/copyright
1670948987-1909,https://www.sepe.es/HomeSepe/en/que-es-el-sepe/que-es-el-sepe/Red-de-oficinas.html,Córdoba,https://www.sepe.es/HomeSepe/en/que-es-el-sepe/que-es-el-sepe/Red-de-oficinas/ResultadosBusqueda.html?id=2cab784d-30e7-493b-8bca-3060085a7c91&provinciaNombre=Cordoba,CÓRDOBA - COLÓN,https://www.sepe.es/HomeSepe/en/que-es-el-sepe/que-es-el-sepe/Red-de-oficinas/DetalleOficina.html?idOficina=e9d12212-bd82-432d-9cd7-033528e2785f,14001,"PLAZA DE COLÓN, 24","PLAZA DE COLÓN, 24, 14001",37.89107675,-4.777663558,"Plaza de Colón, 24, 14001 Córdoba, España",24,,Plaza de Colón,14001,Santiago,Distrito Centro,Córdoba,Córdoba,CO,Andalucía,AN,España,es,1,1,1,© OpenStreetMap contributors,Open Database License,https://www.openstreetmap.org/copyright
1670948990-1910,https://www.sepe.es/HomeSepe/en/que-es-el-sepe/que-es-el-sepe/Red-de-oficinas.html,Córdoba,https://www.sepe.es/HomeSepe/en/que-es-el-sepe/que-es-el-sepe/Red-de-oficinas/ResultadosBusqueda.html?id=2cab784d-30e7-493b-8bca-3060085a7c91&provinciaNombre=Cordoba,CASTRO DEL RÍO,https://www.sepe.es/HomeSepe/en/que-es-el-sepe/que-es-el-sepe/Red-de-oficinas/DetalleOficina.html?idOficina=a61bd8c7-8831-41f6-ad1a-2da6581fed2a,14840,"C/ RAFAEL ALBERTI, S/N","C/ RAFAEL ALBERTI, S/N, 14840",37.6924277,-4.4867614,"Calle Rafael Alberti, 14840 Castro del Río, España",,Calle Rafael Alberti,Calle Rafael Alberti,14840,,,Castro del Río,Córdoba,CO,Andalucía,AN,España,es,0.5,1,1,© OpenStreetMap contributors,Open Database License,https://www.openstreetmap.org/copyright
1670948994-1911,https://www.sepe.es/HomeSepe/en/que-es-el-sepe/que-es-el-sepe/Red-de-oficinas.html,Córdoba,https://www.sepe.es/HomeSepe/en/que-es-el-sepe/que-es-el-sepe/Red-de-oficinas/ResultadosBusqueda.html?id=2cab784d-30e7-493b-8bca-3060085a7c91&provinciaNombre=Cordoba,CABRA,https://www.sepe.es/HomeSepe/en/que-es-el-sepe/que-es-el-sepe/Red-de-oficinas/DetalleOficina.html?idOficina=c9942984-4870-4fd4-9b6f-0fb656c1cd84,14940,"C/ ARADILLO, 2","C/ ARADILLO, 2, 14940",37.4705525,-4.4270594,"Calle Aradillo, 14940 Cabra, España",,Calle Aradillo,Calle Aradillo,14940,Barrio del Aradillo,,Cabra,Córdoba,CO,Andalucía,AN,España,es,0.5,1,1,© OpenStreetMap contributors,Open Database License,https://www.openstreetmap.org/copyright
1670948997-1912,https://www.sepe.es/HomeSepe/en/que-es-el-sepe/que-es-el-sepe/Red-de-oficinas.html,Córdoba,https://www.sepe.es/HomeSepe/en/que-es-el-sepe/que-es-el-sepe/Red-de-oficinas/ResultadosBusqueda.html?id=2cab784d-30e7-493b-8bca-3060085a7c91&provinciaNombre=Cordoba,BUJALANCE,https://www.sepe.es/HomeSepe/en/que-es-el-sepe/que-es-el-sepe/Red-de-oficinas/DetalleOficina.html?idOficina=9532a3bf-8002-49c0-9905-4a4b9b1e1156,14650,"C/ 28 DE FEBRERO, 10","C/ 28 DE FEBRERO, 10, 14650",37.8970975,-4.3840461,"Calle 28 de Febrero, 14650 Bujalance, España",,Calle 28 de Febrero,Calle 28 de Febrero,14650,,,Bujalance,Córdoba,CO,Andalucía,AN,España,es,0.5,1,1,© OpenStreetMap contributors,Open Database License,https://www.openstreetmap.org/copyright
1670949000-1913,https://www.sepe.es/HomeSepe/en/que-es-el-sepe/que-es-el-sepe/Red-de-oficinas.html,Córdoba,https://www.sepe.es/HomeSepe/en/que-es-el-sepe/que-es-el-sepe/Red-de-oficinas/ResultadosBusqueda.html?id=2cab784d-30e7-493b-8bca-3060085a7c91&provinciaNombre=Cordoba,BAENA,https://www.sepe.es/HomeSepe/en/que-es-el-sepe/que-es-el-sepe/Red-de-oficinas/DetalleOficina.html?idOficina=f87a5ea2-b56c-4686-9d03-4471ba6a52d2,14850,"PLAZA DE LA CONSTIUCIÓN, 1 PLANTA 2","PLAZA DE LA CONSTIUCIÓN, 1 PLANTA 2, 14850",37.614263,-4.325855,"Plaza de la Constitución, 13, 14850 Baena, España",13,,Plaza de la Constitución,14850,,Baena,Baena,Córdoba,CO,Andalucía,AN,España,es,0.4125,0.825,1,© OpenStreetMap contributors,Open Database License,https://www.openstreetmap.org/copyright
1670949002-1914,https://www.sepe.es/HomeSepe/en/que-es-el-sepe/que-es-el-sepe/Red-de-oficinas.html,Córdoba,https://www.sepe.es/HomeSepe/en/que-es-el-sepe/que-es-el-sepe/Red-de-oficinas/ResultadosBusqueda.html?id=2cab784d-30e7-493b-8bca-3060085a7c91&provinciaNombre=Cordoba,ALMODÓVAR DEL RIO,https://www.sepe.es/HomeSepe/en/que-es-el-sepe/que-es-el-sepe/Red-de-oficinas/DetalleOficina.html?idOficina=337fd28f-92aa-41d9-8c7d-e591ff88b196,14720,"CARRETERA DE LA ESTACIÓN, 30","CARRETERA DE LA ESTACIÓN, 30, 14720",37.8134441,-5.0116835,"Carretera de la Estación, 14720 Almodóvar del Río, España",,Carretera de la Estación,Carretera de la Estación,14720,,,Almodóvar del Río,Córdoba,CO,Andalucía,AN,España,es,0.5,1,1,© OpenStreetMap contributors,Open Database License,https://www.openstreetmap.org/copyright
1670949005-1915,https://www.sepe.es/HomeSepe/en/que-es-el-sepe/que-es-el-sepe/Red-de-oficinas.html,Córdoba,https://www.sepe.es/HomeSepe/en/que-es-el-sepe/que-es-el-sepe/Red-de-oficinas/ResultadosBusqueda.html?id=2cab784d-30e7-493b-8bca-3060085a7c91&provinciaNombre=Cordoba,AGUILAR FRONTERA,https://www.sepe.es/HomeSepe/en/que-es-el-sepe/que-es-el-sepe/Red-de-oficinas/DetalleOficina.html?idOficina=d840fc08-945f-4b50-ad57-be4e20a57148,14920,"C/ LLANO DE LA CRUZ, 6","C/ LLANO DE LA CRUZ, 6, 14920",37.51705871,-4.657509808,"14920 Aguilar de la Frontera, España",,Aguilar de la Frontera,,14920,,,Aguilar de la Frontera,Córdoba,CO,Andalucía,AN,España,es,0,,1,© OpenStreetMap contributors,Open Database License,https://www.openstreetmap.org/copyright
1670949010-1916,https://www.sepe.es/HomeSepe/en/que-es-el-sepe/que-es-el-sepe/Red-de-oficinas.html,Ciudad Real,https://www.sepe.es/HomeSepe/en/que-es-el-sepe/que-es-el-sepe/Red-de-oficinas/ResultadosBusqueda.html?id=385e230f-1e13-4913-89bf-d9aecbb511c6&provinciaNombre=Ciudad%20Real,VILLANUEVA DE LOS INFANTES,https://www.sepe.es/HomeSepe/en/que-es-el-sepe/que-es-el-sepe/Red-de-oficinas/DetalleOficina.html?idOficina=154df7dd-9ea8-480a-a5b6-8ac209c0980c,13320,"C/ LAS MINAS, S/N","C/ LAS MINAS, S/N, 13320",38.7296939,-3.0150416,"Calle Las Minas, 13320 Villanueva de los Infantes, España",,Calle Las Minas,Calle Las Minas,13320,,,Villanueva de los Infantes,Ciudad Real,CR,Castilla-La Mancha,CM,España,es,0.5,1,1,© OpenStreetMap contributors,Open Database License,https://www.openstreetmap.org/copyright
1670949013-1917,https://www.sepe.es/HomeSepe/en/que-es-el-sepe/que-es-el-sepe/Red-de-oficinas.html,Ciudad Real,https://www.sepe.es/HomeSepe/en/que-es-el-sepe/que-es-el-sepe/Red-de-oficinas/ResultadosBusqueda.html?id=385e230f-1e13-4913-89bf-d9aecbb511c6&provinciaNombre=Ciudad%20Real,VALDEPEÑAS,https://www.sepe.es/HomeSepe/en/que-es-el-sepe/que-es-el-sepe/Red-de-oficinas/DetalleOficina.html?idOficina=f1e51e49-7be6-49b6-b1e3-d5c2e24816df,13300,"C/ VIRGEN, 1, PRIMERA PLANTA.","C/ VIRGEN, 1, PRIMERA PLANTA., 13300",38.7587589,-3.3851681,"Calle Virgen, 13300 Valdepeñas, España",,Calle Virgen,Calle Virgen,13300,,,Valdepeñas,Ciudad Real,CR,Castilla-La Mancha,CM,España,es,0.5,1,1,© OpenStreetMap contributors,Open Database License,https://www.openstreetmap.org/copyright
1670949016-1918,https://www.sepe.es/HomeSepe/en/que-es-el-sepe/que-es-el-sepe/Red-de-oficinas.html,Ciudad Real,https://www.sepe.es/HomeSepe/en/que-es-el-sepe/que-es-el-sepe/Red-de-oficinas/ResultadosBusqueda.html?id=385e230f-1e13-4913-89bf-d9aecbb511c6&provinciaNombre=Ciudad%20Real,TOMELLOSO,https://www.sepe.es/HomeSepe/en/que-es-el-sepe/que-es-el-sepe/Red-de-oficinas/DetalleOficina.html?idOficina=3955c674-2c98-41bc-96cb-73ae3c5c4e45,13700,"C/ SAN FERNANDO, 15","C/ SAN FERNANDO, 15, 13700",39.1598769,-3.023931,"Calle San Fernando, 13700 Tomelloso, España",,Calle San Fernando,Calle San Fernando,13700,,,Tomelloso,Ciudad Real,CR,Castilla-La Mancha,CM,España,es,0.5,1,1,© OpenStreetMap contributors,Open Database License,https://www.openstreetmap.org/copyright
1670949020-1919,https://www.sepe.es/HomeSepe/en/que-es-el-sepe/que-es-el-sepe/Red-de-oficinas.html,Ciudad Real,https://www.sepe.es/HomeSepe/en/que-es-el-sepe/que-es-el-sepe/Red-de-oficinas/ResultadosBusqueda.html?id=385e230f-1e13-4913-89bf-d9aecbb511c6&provinciaNombre=Ciudad%20Real,"SOLANA, LA",https://www.sepe.es/HomeSepe/en/que-es-el-sepe/que-es-el-sepe/Red-de-oficinas/DetalleOficina.html?idOficina=fa381695-b437-49fe-ad20-9b55081c1b3b,13240,"CARRETERA VALDEPEÑAS, S/N","CARRETERA VALDEPEÑAS, S/N, 13240",38.925324,-3.188551,"Carretera Nacional 430, KM 382, 700, 13240 La Solana, España","KM 382, 700",,Carretera Nacional 430,13240,,,La Solana,Ciudad Real,CR,Castilla-La Mancha,CM,España,es,0.567,0.567,1,© OpenStreetMap contributors,Open Database License,https://www.openstreetmap.org/copyright
1670949023-1920,https://www.sepe.es/HomeSepe/en/que-es-el-sepe/que-es-el-sepe/Red-de-oficinas.html,Ciudad Real,https://www.sepe.es/HomeSepe/en/que-es-el-sepe/que-es-el-sepe/Red-de-oficinas/ResultadosBusqueda.html?id=385e230f-1e13-4913-89bf-d9aecbb511c6&provinciaNombre=Ciudad%20Real,PUERTOLLANO,https://www.sepe.es/HomeSepe/en/que-es-el-sepe/que-es-el-sepe/Red-de-oficinas/DetalleOficina.html?idOficina=57d1e04e-1d23-4436-ac37-4d77b646112c,13500,"C/ ANCHA, 11 - BAJO","C/ ANCHA, 11 - BAJO, 13500",38.690044,-4.111392,"Calle Ancha, 11, 13500 Puertollano, España",11,,Calle Ancha,13500,,,Puertollano,Ciudad Real,CR,Castilla-La Mancha,CM,España,es,0.727272727,1,1,© OpenStreetMap contributors,Open Database License,https://www.openstreetmap.org/copyright
1670949026-1921,https://www.sepe.es/HomeSepe/en/que-es-el-sepe/que-es-el-sepe/Red-de-oficinas.html,Ciudad Real,https://www.sepe.es/HomeSepe/en/que-es-el-sepe/que-es-el-sepe/Red-de-oficinas/ResultadosBusqueda.html?id=385e230f-1e13-4913-89bf-d9aecbb511c6&provinciaNombre=Ciudad%20Real,PIEDRABUENA,https://www.sepe.es/HomeSepe/en/que-es-el-sepe/que-es-el-sepe/Red-de-oficinas/DetalleOficina.html?idOficina=6b97aa47-f7dc-4c76-a65d-6ba7c28e7f3d,13100,"C/ CAMILO JOSÉ CELA, 8","C/ CAMILO JOSÉ CELA, 8, 13100",39.03515,-4.170243,"Calle Camilo José Cela, 13100 Piedrabuena, España",,Calle Camilo José Cela,Calle Camilo José Cela,13100,,,Piedrabuena,Ciudad Real,CR,Castilla-La Mancha,CM,España,es,0.5,1,1,© OpenStreetMap contributors,Open Database License,https://www.openstreetmap.org/copyright
1670949029-1922,https://www.sepe.es/HomeSepe/en/que-es-el-sepe/que-es-el-sepe/Red-de-oficinas.html,Ciudad Real,https://www.sepe.es/HomeSepe/en/que-es-el-sepe/que-es-el-sepe/Red-de-oficinas/ResultadosBusqueda.html?id=385e230f-1e13-4913-89bf-d9aecbb511c6&provinciaNombre=Ciudad%20Real,MANZANARES,https://www.sepe.es/HomeSepe/en/que-es-el-sepe/que-es-el-sepe/Red-de-oficinas/DetalleOficina.html?idOficina=085916b4-7058-43b9-a811-13276471921b,13200,"C/ LOPE DE VEGA, 54","C/ LOPE DE VEGA, 54, 13200",38.973955,-3.3486826,"Calle Lope de Vega, 13200 Membrilla, España",,Calle Lope de Vega,Calle Lope de Vega,13200,,,Membrilla,Ciudad Real,CR,Castilla-La Mancha,CM,España,es,0.5,1,1,© OpenStreetMap contributors,Open Database License,https://www.openstreetmap.org/copyright
1670949036-1923,https://www.sepe.es/HomeSepe/en/que-es-el-sepe/que-es-el-sepe/Red-de-oficinas.html,Ciudad Real,https://www.sepe.es/HomeSepe/en/que-es-el-sepe/que-es-el-sepe/Red-de-oficinas/ResultadosBusqueda.html?id=385e230f-1e13-4913-89bf-d9aecbb511c6&provinciaNombre=Ciudad%20Real,DAIMIEL,https://www.sepe.es/HomeSepe/en/que-es-el-sepe/que-es-el-sepe/Red-de-oficinas/DetalleOficina.html?idOficina=951b76ee-269e-4bde-a921-25ed68e2ed0a,13250,"C/ PRIM, 26","C/ PRIM, 26, 13250",39.0695237,-3.6103747,"Calle Prim, 13250 Daimiel, España",,Calle Prim,Calle Prim,13250,,,Daimiel,Ciudad Real,CR,Castilla-La Mancha,CM,España,es,0.5,1,1,© OpenStreetMap contributors,Open Database License,https://www.openstreetmap.org/copyright
1670949038-1924,https://www.sepe.es/HomeSepe/en/que-es-el-sepe/que-es-el-sepe/Red-de-oficinas.html,Ciudad Real,https://www.sepe.es/HomeSepe/en/que-es-el-sepe/que-es-el-sepe/Red-de-oficinas/ResultadosBusqueda.html?id=385e230f-1e13-4913-89bf-d9aecbb511c6&provinciaNombre=Ciudad%20Real,CIUDAD REAL,https://www.sepe.es/HomeSepe/en/que-es-el-sepe/que-es-el-sepe/Red-de-oficinas/DetalleOficina.html?idOficina=8f23b14e-fd0f-453e-b092-a0239491310f,13004,"C/ ECHEGARAY, 3","C/ ECHEGARAY, 3, 13004",38.9877195,-3.9196228,"Calle Echegaray, 13005 Ciudad Real, España",,Calle Echegaray,Calle Echegaray,13005,,,Ciudad Real,Ciudad Real,CR,Castilla-La Mancha,CM,España,es,0.5,0.3,0.3,© OpenStreetMap contributors,Open Database License,https://www.openstreetmap.org/copyright
1670949041-1925,https://www.sepe.es/HomeSepe/en/que-es-el-sepe/que-es-el-sepe/Red-de-oficinas.html,Ciudad Real,https://www.sepe.es/HomeSepe/en/que-es-el-sepe/que-es-el-sepe/Red-de-oficinas/ResultadosBusqueda.html?id=385e230f-1e13-4913-89bf-d9aecbb511c6&provinciaNombre=Ciudad%20Real,ALMAGRO,https://www.sepe.es/HomeSepe/en/que-es-el-sepe/que-es-el-sepe/Red-de-oficinas/DetalleOficina.html?idOficina=29e90329-ad95-4ab6-a3dd-a934941524b3,13270,"C/ BOLAÑOS, 32","C/ BOLAÑOS, 32, 13270",38.8905321,-3.7074487,"Calle Bolaños, 13270 Almagro, España",,Calle Bolaños,Calle Bolaños,13270,,,Almagro,Ciudad Real,CR,Castilla-La Mancha,CM,España,es,0.5,1,1,© OpenStreetMap contributors,Open Database License,https://www.openstreetmap.org/copyright
1670949043-1926,https://www.sepe.es/HomeSepe/en/que-es-el-sepe/que-es-el-sepe/Red-de-oficinas.html,Ciudad Real,https://www.sepe.es/HomeSepe/en/que-es-el-sepe/que-es-el-sepe/Red-de-oficinas/ResultadosBusqueda.html?id=385e230f-1e13-4913-89bf-d9aecbb511c6&provinciaNombre=Ciudad%20Real,ALMADEN,https://www.sepe.es/HomeSepe/en/que-es-el-sepe/que-es-el-sepe/Red-de-oficinas/DetalleOficina.html?idOficina=8c5e85bd-a80d-4d58-8ae2-57498257aab5,13400,"C/ MAYOR, 13","C/ MAYOR, 13, 13400",38.7758991,-4.835575838,"Calle Mayor, 13, 13400 Almadén, España",13,,Calle Mayor,13400,,,Almadén,Ciudad Real,CR,Castilla-La Mancha,CM,España,es,1,1,1,© OpenStreetMap contributors,Open Database License,https://www.openstreetmap.org/copyright
1670949046-1927,https://www.sepe.es/HomeSepe/en/que-es-el-sepe/que-es-el-sepe/Red-de-oficinas.html,Ciudad Real,https://www.sepe.es/HomeSepe/en/que-es-el-sepe/que-es-el-sepe/Red-de-oficinas/ResultadosBusqueda.html?id=385e230f-1e13-4913-89bf-d9aecbb511c6&provinciaNombre=Ciudad%20Real,ALCAZAR DE SAN JUAN,https://www.sepe.es/HomeSepe/en/que-es-el-sepe/que-es-el-sepe/Red-de-oficinas/DetalleOficina.html?idOficina=f51ca841-bddd-4b6a-b7df-74015f664b18,13600,"AVDA. CONSTITUCIÓN, S/N","AVDA. CONSTITUCIÓN, S/N, 13600",39.38869168,-3.211552804,"13600 Alcázar de San Juan, España",,Alcázar de San Juan,,13600,,,Alcázar de San Juan,Ciudad Real,CR,Castilla-La Mancha,CM,España,es,0,,1,© OpenStreetMap contributors,Open Database License,https://www.openstreetmap.org/copyright
1670949053-1928,https://www.sepe.es/HomeSepe/en/que-es-el-sepe/que-es-el-sepe/Red-de-oficinas.html,Ceuta,https://www.sepe.es/HomeSepe/en/que-es-el-sepe/que-es-el-sepe/Red-de-oficinas/ResultadosBusqueda.html?id=a19766e8-2581-44da-b3b6-51f340fba4e2&provinciaNombre=Ceuta,CEUTA,https://www.sepe.es/HomeSepe/en/que-es-el-sepe/que-es-el-sepe/Red-de-oficinas/DetalleOficina.html?idOficina=752fbdc2-4614-4891-97db-45363dc1e37e,51001,"PEDRO MENESES, 1","PEDRO MENESES, 1, 51001",35.8879896,-5.3083657,"Calle Pedro de Meneses, 51001 Ceuta, España",,Calle Pedro de Meneses,Calle Pedro de Meneses,51001,,La Salud,Ceuta,,,,,España,es,0.405,0.81,1,© OpenStreetMap contributors,Open Database License,https://www.openstreetmap.org/copyright
1670949058-1929,https://www.sepe.es/HomeSepe/en/que-es-el-sepe/que-es-el-sepe/Red-de-oficinas.html,Castellón/Castelló,https://www.sepe.es/HomeSepe/en/que-es-el-sepe/que-es-el-sepe/Red-de-oficinas/ResultadosBusqueda.html?id=4754ba78-1c87-4005-9666-f7505d4b389c&provinciaNombre=Castellon/Castello,VINARÒS,https://www.sepe.es/HomeSepe/en/que-es-el-sepe/que-es-el-sepe/Red-de-oficinas/DetalleOficina.html?idOficina=63f0dc39-bdea-43dd-8488-682e66beb81d,12500,"C/ LA MURALLA, 3","C/ LA MURALLA, 3, 12500",40.46540658,0.468860222,"12500 Vinaroz, España",,Vinaroz,,12500,,,Vinaroz,Castellón,CS,Comunidad Valenciana,VC,España,es,0,,1,© OpenStreetMap contributors,Open Database License,https://www.openstreetmap.org/copyright
1670949060-1930,https://www.sepe.es/HomeSepe/en/que-es-el-sepe/que-es-el-sepe/Red-de-oficinas.html,Castellón/Castelló,https://www.sepe.es/HomeSepe/en/que-es-el-sepe/que-es-el-sepe/Red-de-oficinas/ResultadosBusqueda.html?id=4754ba78-1c87-4005-9666-f7505d4b389c&provinciaNombre=Castellon/Castello,VILA-REAL,https://www.sepe.es/HomeSepe/en/que-es-el-sepe/que-es-el-sepe/Red-de-oficinas/DetalleOficina.html?idOficina=0a948559-d198-45f7-bba4-5f4d3aa7258f,12540,"AVDA. TÁRREGA, 22","AVDA. TÁRREGA, 22, 12540",39.9445888,-0.0886614,"Avinguda Francesc Tàrrega, 12540 Villareal, España",,Avinguda Francesc Tàrrega,Avinguda Francesc Tàrrega,12540,,,Villareal,Castellón,CS,Comunidad Valenciana,VC,España,es,0.315,0.63,1,© OpenStreetMap contributors,Open Database License,https://www.openstreetmap.org/copyright
1670949063-1931,https://www.sepe.es/HomeSepe/en/que-es-el-sepe/que-es-el-sepe/Red-de-oficinas.html,Castellón/Castelló,https://www.sepe.es/HomeSepe/en/que-es-el-sepe/que-es-el-sepe/Red-de-oficinas/ResultadosBusqueda.html?id=4754ba78-1c87-4005-9666-f7505d4b389c&provinciaNombre=Castellon/Castello,SEGORBE,https://www.sepe.es/HomeSepe/en/que-es-el-sepe/que-es-el-sepe/Red-de-oficinas/DetalleOficina.html?idOficina=01150280-d062-4215-bdc8-3d11817ba9c4,12400,"C/ CASTELLÓN, 19","C/ CASTELLÓN, 19, 12400",39.8501069,-0.4887883,"Calle Castellón, 12400 Segorbe, España",,Calle Castellón,Calle Castellón,12400,Peñalba,,Segorbe,Castellón,CS,Comunidad Valenciana,VC,España,es,0.5,1,1,© OpenStreetMap contributors,Open Database License,https://www.openstreetmap.org/copyright
1670949066-1932,https://www.sepe.es/HomeSepe/en/que-es-el-sepe/que-es-el-sepe/Red-de-oficinas.html,Castellón/Castelló,https://www.sepe.es/HomeSepe/en/que-es-el-sepe/que-es-el-sepe/Red-de-oficinas/ResultadosBusqueda.html?id=4754ba78-1c87-4005-9666-f7505d4b389c&provinciaNombre=Castellon/Castello,ONDA,https://www.sepe.es/HomeSepe/en/que-es-el-sepe/que-es-el-sepe/Red-de-oficinas/DetalleOficina.html?idOficina=76971ef9-e5ae-4580-bbed-7d2585459c0c,12200,"C/ ISABEL CLARA SIMO, 2","C/ ISABEL CLARA SIMO, 2, 12200",39.9699327,-0.2591174,"Calle Isabel-Clara Simó, 12200 Onda, España",,Calle Isabel-Clara Simó,Calle Isabel-Clara Simó,12200,Monteblanco,,Onda,Castellón,CS,Comunidad Valenciana,VC,España,es,0.5,1,1,© OpenStreetMap contributors,Open Database License,https://www.openstreetmap.org/copyright
1670949068-1933,https://www.sepe.es/HomeSepe/en/que-es-el-sepe/que-es-el-sepe/Red-de-oficinas.html,Castellón/Castelló,https://www.sepe.es/HomeSepe/en/que-es-el-sepe/que-es-el-sepe/Red-de-oficinas/ResultadosBusqueda.html?id=4754ba78-1c87-4005-9666-f7505d4b389c&provinciaNombre=Castellon/Castello,LA VALL D´UIXÓ,https://www.sepe.es/HomeSepe/en/que-es-el-sepe/que-es-el-sepe/Red-de-oficinas/DetalleOficina.html?idOficina=f7d16010-2f86-4f8e-bb02-4ff51acf7ad0,12600,"AVDA. AGRICULTOR, 4","AVDA. AGRICULTOR, 4, 12600",39.8210808,-0.2296794,"Avenida Agricultor, 12600 Vall de Uxó, España",,Avenida Agricultor,Avenida Agricultor,12600,Colonia Segarra,,Vall de Uxó,Castellón,CS,Comunidad Valenciana,VC,España,es,0.5,1,1,© OpenStreetMap contributors,Open Database License,https://www.openstreetmap.org/copyright
1670949071-1934,https://www.sepe.es/HomeSepe/en/que-es-el-sepe/que-es-el-sepe/Red-de-oficinas.html,Castellón/Castelló,https://www.sepe.es/HomeSepe/en/que-es-el-sepe/que-es-el-sepe/Red-de-oficinas/ResultadosBusqueda.html?id=4754ba78-1c87-4005-9666-f7505d4b389c&provinciaNombre=Castellon/Castello,CASTELLON/CASTELLÓ-HISTORIADOR VICIANA,https://www.sepe.es/HomeSepe/en/que-es-el-sepe/que-es-el-sepe/Red-de-oficinas/DetalleOficina.html?idOficina=738d650b-65d7-4bdf-ac9e-9d15e5b994e5,12002,"C/ HISTORIADOR VICIANA, 8","C/ HISTORIADOR VICIANA, 8, 12002",39.9858177,-0.0472134,"Calle Historiador Viciana, 12002 Castellón de la Plana, España",,Calle Historiador Viciana,Calle Historiador Viciana,12002,,Grupo la Paz,Castellón de la Plana,Castellón,CS,Comunidad Valenciana,VC,España,es,0.5,1,1,© OpenStreetMap contributors,Open Database License,https://www.openstreetmap.org/copyright
1670949074-1935,https://www.sepe.es/HomeSepe/en/que-es-el-sepe/que-es-el-sepe/Red-de-oficinas.html,Castellón/Castelló,https://www.sepe.es/HomeSepe/en/que-es-el-sepe/que-es-el-sepe/Red-de-oficinas/ResultadosBusqueda.html?id=4754ba78-1c87-4005-9666-f7505d4b389c&provinciaNombre=Castellon/Castello,CASTELLON/CASTELLÓ-CASTELLDEFELS,https://www.sepe.es/HomeSepe/en/que-es-el-sepe/que-es-el-sepe/Red-de-oficinas/DetalleOficina.html?idOficina=d6f7699f-a148-4a74-8879-136b721f21aa,12004,"C/ CASTELLDEFELS, 17","C/ CASTELLDEFELS, 17, 12004",39.9919501,-0.032432,"Calle Casteldefels, 12080 Castellón de la Plana, España",,Calle Casteldefels,Calle Casteldefels,12080,,Grupo La Magdalena,Castellón de la Plana,Castellón,CS,Comunidad Valenciana,VC,España,es,0.415384615,0.249230769,0.3,© OpenStreetMap contributors,Open Database License,https://www.openstreetmap.org/copyright
1670949079-1936,https://www.sepe.es/HomeSepe/en/que-es-el-sepe/que-es-el-sepe/Red-de-oficinas.html,Cantabria,https://www.sepe.es/HomeSepe/en/que-es-el-sepe/que-es-el-sepe/Red-de-oficinas/ResultadosBusqueda.html?id=c6ac1ea4-cb13-4fac-b4da-4660e25582ca&provinciaNombre=Cantabria,TORRELAVEGA,https://www.sepe.es/HomeSepe/en/que-es-el-sepe/que-es-el-sepe/Red-de-oficinas/DetalleOficina.html?idOficina=6770d6af-5662-4477-8bc7-ffe53c6e127d,39300,"AVDA. DEL BESAYA, 27","AVDA. DEL BESAYA, 27, 39300",43.3450315,-4.0583094,"Avenida del Besaya, 27, 39300 Torrelavega, España",27,,Avenida del Besaya,39300,,Barrio Jurona,Torrelavega,,,Cantabria,CB,España,es,1,1,1,© OpenStreetMap contributors,Open Database License,https://www.openstreetmap.org/copyright
1670949081-1937,https://www.sepe.es/HomeSepe/en/que-es-el-sepe/que-es-el-sepe/Red-de-oficinas.html,Cantabria,https://www.sepe.es/HomeSepe/en/que-es-el-sepe/que-es-el-sepe/Red-de-oficinas/ResultadosBusqueda.html?id=c6ac1ea4-cb13-4fac-b4da-4660e25582ca&provinciaNombre=Cantabria,SANTANDER-LOS CASTROS,https://www.sepe.es/HomeSepe/en/que-es-el-sepe/que-es-el-sepe/Red-de-oficinas/DetalleOficina.html?idOficina=79835674-8faf-492d-95b6-36116ea062fb,39005,"AVDA. LOS CASTROS, 53","AVDA. LOS CASTROS, 53, 39005",43.471759,-3.795626,"Avenida de los Castros, 53, 39005 Santander, España",53,,Avenida de los Castros,39005,,Santander,Santander,Cantabria,S,Cantabria,CB,España,es,0.7,0.7,1,© OpenStreetMap contributors,Open Database License,https://www.openstreetmap.org/copyright
1670949084-1938,https://www.sepe.es/HomeSepe/en/que-es-el-sepe/que-es-el-sepe/Red-de-oficinas.html,Cantabria,https://www.sepe.es/HomeSepe/en/que-es-el-sepe/que-es-el-sepe/Red-de-oficinas/ResultadosBusqueda.html?id=c6ac1ea4-cb13-4fac-b4da-4660e25582ca&provinciaNombre=Cantabria,SANTANDER-ISAAC PERAL,https://www.sepe.es/HomeSepe/en/que-es-el-sepe/que-es-el-sepe/Red-de-oficinas/DetalleOficina.html?idOficina=7a50f10c-8936-4223-999f-85812a036219,39008,"C/ISAAC PERAL, 39","C/ISAAC PERAL, 39, 39008",43.458738,-3.821775,"Calle de Isaac Peral, 39, 39008 Santander, España",39,,Calle de Isaac Peral,39008,,Santander,Santander,Cantabria,S,Cantabria,CB,España,es,0.7,0.7,1,© OpenStreetMap contributors,Open Database License,https://www.openstreetmap.org/copyright
1670949086-1939,https://www.sepe.es/HomeSepe/en/que-es-el-sepe/que-es-el-sepe/Red-de-oficinas.html,Cantabria,https://www.sepe.es/HomeSepe/en/que-es-el-sepe/que-es-el-sepe/Red-de-oficinas/ResultadosBusqueda.html?id=c6ac1ea4-cb13-4fac-b4da-4660e25582ca&provinciaNombre=Cantabria,SAN VICENTE DE LA BARQUERA,https://www.sepe.es/HomeSepe/en/que-es-el-sepe/que-es-el-sepe/Red-de-oficinas/DetalleOficina.html?idOficina=f9375b58-2b7e-42d0-8b06-311edc6ba019,39540,"PASEO DE LA BARQUERA, 29","PASEO DE LA BARQUERA, 29, 39540",43.3873126,-4.3991815,"Paseo de la Barquera, 39540 San Vicente de la Barquera, España",,Paseo de la Barquera,Paseo de la Barquera,39540,,Barrio Juncalada,San Vicente de la Barquera,,,Cantabria,CB,España,es,0.5,1,1,© OpenStreetMap contributors,Open Database License,https://www.openstreetmap.org/copyright
1670949091-1940,https://www.sepe.es/HomeSepe/en/que-es-el-sepe/que-es-el-sepe/Red-de-oficinas.html,Cantabria,https://www.sepe.es/HomeSepe/en/que-es-el-sepe/que-es-el-sepe/Red-de-oficinas/ResultadosBusqueda.html?id=c6ac1ea4-cb13-4fac-b4da-4660e25582ca&provinciaNombre=Cantabria,REINOSA,https://www.sepe.es/HomeSepe/en/que-es-el-sepe/que-es-el-sepe/Red-de-oficinas/DetalleOficina.html?idOficina=cf095cc1-432c-4603-bcd9-36253cca3f7a,39200,"C/ MARQUÉS DE REINOSA, 2","C/ MARQUÉS DE REINOSA, 2, 39200",43.08721141,-4.115376833,"39200 Santiurde de Reinosa, España",,Santiurde de Reinosa,,39200,,,Santiurde de Reinosa,,,Cantabria,CB,España,es,0,,1,© OpenStreetMap contributors,Open Database License,https://www.openstreetmap.org/copyright
1670949094-1941,https://www.sepe.es/HomeSepe/en/que-es-el-sepe/que-es-el-sepe/Red-de-oficinas.html,Cantabria,https://www.sepe.es/HomeSepe/en/que-es-el-sepe/que-es-el-sepe/Red-de-oficinas/ResultadosBusqueda.html?id=c6ac1ea4-cb13-4fac-b4da-4660e25582ca&provinciaNombre=Cantabria,MALIAÑO,https://www.sepe.es/HomeSepe/en/que-es-el-sepe/que-es-el-sepe/Red-de-oficinas/DetalleOficina.html?idOficina=4cdb1562-3657-4b86-8914-d9adef3d9fde,39600,"AVDA. PARAYAS, 6","AVDA. PARAYAS, 6, 39600",43.417569,-3.83138,"Avenida de Parayas, 72, 39600 Maliaño, España",72,,Avenida de Parayas,39600,,Camargo,Maliaño,Cantabria,S,Cantabria,CB,España,es,0.35,0.7,1,© OpenStreetMap contributors,Open Database License,https://www.openstreetmap.org/copyright
1670949096-1942,https://www.sepe.es/HomeSepe/en/que-es-el-sepe/que-es-el-sepe/Red-de-oficinas.html,Cantabria,https://www.sepe.es/HomeSepe/en/que-es-el-sepe/que-es-el-sepe/Red-de-oficinas/ResultadosBusqueda.html?id=c6ac1ea4-cb13-4fac-b4da-4660e25582ca&provinciaNombre=Cantabria,COLINDRES,https://www.sepe.es/HomeSepe/en/que-es-el-sepe/que-es-el-sepe/Red-de-oficinas/DetalleOficina.html?idOficina=0dce4abf-15c2-461c-b462-e37bc20f3b39,39750,"ALAMEDA DEL AYUNTAMIENTO, 3","ALAMEDA DEL AYUNTAMIENTO, 3, 39750",43.3954627,-3.4480268,"Alameda del Ayuntamiento, 39750 Colindres, España",,Alameda del Ayuntamiento,Alameda del Ayuntamiento,39750,,Barrio chino,Colindres,,,Cantabria,CB,España,es,0.5,1,1,© OpenStreetMap contributors,Open Database License,https://www.openstreetmap.org/copyright
1670949105-1943,https://www.sepe.es/HomeSepe/en/que-es-el-sepe/que-es-el-sepe/Red-de-oficinas.html,Cantabria,https://www.sepe.es/HomeSepe/en/que-es-el-sepe/que-es-el-sepe/Red-de-oficinas/ResultadosBusqueda.html?id=c6ac1ea4-cb13-4fac-b4da-4660e25582ca&provinciaNombre=Cantabria,CASTRO URDIALES,https://www.sepe.es/HomeSepe/en/que-es-el-sepe/que-es-el-sepe/Red-de-oficinas/DetalleOficina.html?idOficina=4703161f-d8d0-4a61-9c91-f58e8265151b,39700,"C/ VENANCIO BOSCO, 18  (EDIFICIO LA MARINERA)","C/ VENANCIO BOSCO, 18  (EDIFICIO LA MARINERA), 39700",43.3829,-3.22228,"Calle de Venancio Bosco, 2, 39700 Castro-Urdiales, España",2,,Calle de Venancio Bosco,39700,,Castro-Urdiales,Castro-Urdiales,Cantabria,S,Cantabria,CB,España,es,0.286875,0.81,1,© OpenStreetMap contributors,Open Database License,https://www.openstreetmap.org/copyright
1670949110-1944,https://www.sepe.es/HomeSepe/en/que-es-el-sepe/que-es-el-sepe/Red-de-oficinas.html,Cádiz,https://www.sepe.es/HomeSepe/en/que-es-el-sepe/que-es-el-sepe/Red-de-oficinas/ResultadosBusqueda.html?id=6b19fc27-6ecf-45d2-a4f3-4b2e33648d08&provinciaNombre=Cadiz,VILLAMARTIN,https://www.sepe.es/HomeSepe/en/que-es-el-sepe/que-es-el-sepe/Red-de-oficinas/DetalleOficina.html?idOficina=9ca1d410-0712-46d7-a10d-80fee097d8ec,11650,"C/ ZAHARA, 4","C/ ZAHARA, 4, 11650",36.8627277,-5.6477366,"Calle Zahara, 11650 Villamartín, España",,Calle Zahara,Calle Zahara,11650,,,Villamartín,Sierra de Cádiz,,Andalucía,AN,España,es,0.5,1,1,© OpenStreetMap contributors,Open Database License,https://www.openstreetmap.org/copyright
1670949116-1945,https://www.sepe.es/HomeSepe/en/que-es-el-sepe/que-es-el-sepe/Red-de-oficinas.html,Cádiz,https://www.sepe.es/HomeSepe/en/que-es-el-sepe/que-es-el-sepe/Red-de-oficinas/ResultadosBusqueda.html?id=6b19fc27-6ecf-45d2-a4f3-4b2e33648d08&provinciaNombre=Cadiz,VEJER DE LA FRONTERA,https://www.sepe.es/HomeSepe/en/que-es-el-sepe/que-es-el-sepe/Red-de-oficinas/DetalleOficina.html?idOficina=c3b26eeb-e701-4b97-81f4-f3f7491e1f11,11150,AVDA. DE LOS REMEDIOS S/N,"AVDA. DE LOS REMEDIOS S/N, 11150",36.254494,-5.966245,"Avenida Los remedios, 21, 11150 Vejer de la Frontera, España",21,,Avenida Los remedios,11150,,Vejer De La Frontera,Vejer de la Frontera,Cádiz,CA,Andalucía,AN,España,es,0.729,0.729,1,© OpenStreetMap contributors,Open Database License,https://www.openstreetmap.org/copyright
1670949119-1946,https://www.sepe.es/HomeSepe/en/que-es-el-sepe/que-es-el-sepe/Red-de-oficinas.html,Cádiz,https://www.sepe.es/HomeSepe/en/que-es-el-sepe/que-es-el-sepe/Red-de-oficinas/ResultadosBusqueda.html?id=6b19fc27-6ecf-45d2-a4f3-4b2e33648d08&provinciaNombre=Cadiz,UBRIQUE,https://www.sepe.es/HomeSepe/en/que-es-el-sepe/que-es-el-sepe/Red-de-oficinas/DetalleOficina.html?idOficina=36f9f3e7-1bac-4b41-b5dc-04ce69b5cf33,11600,"C/ MANUEL DE FALLA, 2","C/ MANUEL DE FALLA, 2, 11600",36.67429901,-5.447825028,"11600 Ubrique, España",,Ubrique,,11600,,,Ubrique,Sierra de Cádiz,,Andalucía,AN,España,es,0,,1,© OpenStreetMap contributors,Open Database License,https://www.openstreetmap.org/copyright
1670949121-1947,https://www.sepe.es/HomeSepe/en/que-es-el-sepe/que-es-el-sepe/Red-de-oficinas.html,Cádiz,https://www.sepe.es/HomeSepe/en/que-es-el-sepe/que-es-el-sepe/Red-de-oficinas/ResultadosBusqueda.html?id=6b19fc27-6ecf-45d2-a4f3-4b2e33648d08&provinciaNombre=Cadiz,TREBUJENA,https://www.sepe.es/HomeSepe/en/que-es-el-sepe/que-es-el-sepe/Red-de-oficinas/DetalleOficina.html?idOficina=c4ce1863-bcc1-46ff-bad6-2c303313fb62,11560,"PASAJE DE LA SOLEÁ, LOCAL 9","PASAJE DE LA SOLEÁ, LOCAL 9, 11560",36.86991657,-6.174776756,"11560 Trebujena, España",,Trebujena,,11560,,,Trebujena,Costa Noroeste,,Andalucía,AN,España,es,0,,1,© OpenStreetMap contributors,Open Database License,https://www.openstreetmap.org/copyright
1670949124-1948,https://www.sepe.es/HomeSepe/en/que-es-el-sepe/que-es-el-sepe/Red-de-oficinas.html,Cádiz,https://www.sepe.es/HomeSepe/en/que-es-el-sepe/que-es-el-sepe/Red-de-oficinas/ResultadosBusqueda.html?id=6b19fc27-6ecf-45d2-a4f3-4b2e33648d08&provinciaNombre=Cadiz,TARIFA,https://www.sepe.es/HomeSepe/en/que-es-el-sepe/que-es-el-sepe/Red-de-oficinas/DetalleOficina.html?idOficina=22df4746-02d0-4d59-9e3b-e61800be3a7e,11380,"C/ ALCALDE JUAN NÚÑEZ, 11","C/ ALCALDE JUAN NÚÑEZ, 11, 11380",36.0097851,-5.6061385,"Calle Alcalde Juan Núñez, 11380 Tarifa, España",,Calle Alcalde Juan Núñez,Calle Alcalde Juan Núñez,11380,,Huerta del Rey,Tarifa,Campo de Gibraltar,,Andalucía,AN,España,es,0.5,1,1,© OpenStreetMap contributors,Open Database License,https://www.openstreetmap.org/copyright
1670949127-1949,https://www.sepe.es/HomeSepe/en/que-es-el-sepe/que-es-el-sepe/Red-de-oficinas.html,Cádiz,https://www.sepe.es/HomeSepe/en/que-es-el-sepe/que-es-el-sepe/Red-de-oficinas/ResultadosBusqueda.html?id=6b19fc27-6ecf-45d2-a4f3-4b2e33648d08&provinciaNombre=Cadiz,SANLUCAR DE BARRAMEDA,https://www.sepe.es/HomeSepe/en/que-es-el-sepe/que-es-el-sepe/Red-de-oficinas/DetalleOficina.html?idOficina=818a212f-600c-43ff-9b6c-7b86ac952c5f,11540,"C/ BOLSA, 30","C/ BOLSA, 30, 11540",36.7812204,-6.3518869,"Calle Bolsa, 11540 Sanlúcar de Barrameda, España",,Calle Bolsa,Calle Bolsa,11540,Jardines Del Picacho,,Sanlúcar de Barrameda,Costa Noroeste,,Andalucía,AN,España,es,0.5,1,1,© OpenStreetMap contributors,Open Database License,https://www.openstreetmap.org/copyright
1670949130-1950,https://www.sepe.es/HomeSepe/en/que-es-el-sepe/que-es-el-sepe/Red-de-oficinas.html,Cádiz,https://www.sepe.es/HomeSepe/en/que-es-el-sepe/que-es-el-sepe/Red-de-oficinas/ResultadosBusqueda.html?id=6b19fc27-6ecf-45d2-a4f3-4b2e33648d08&provinciaNombre=Cadiz,SAN ROQUE,https://www.sepe.es/HomeSepe/en/que-es-el-sepe/que-es-el-sepe/Red-de-oficinas/DetalleOficina.html?idOficina=a5dbec41-e5a6-4b82-883b-bed93f1042bc,11360,"C/ CORONEL MOSCOSO, 1","C/ CORONEL MOSCOSO, 1, 11360",36.2121902,-5.3829009,"Calle Coronel Moscoso, 11368 San Roque, España",,Calle Coronel Moscoso,Calle Coronel Moscoso,11368,,La Torrecilla,San Roque,Campo de Gibraltar,,Andalucía,AN,España,es,0.5,0.3,0.3,© OpenStreetMap contributors,Open Database License,https://www.openstreetmap.org/copyright
1670949132-1951,https://www.sepe.es/HomeSepe/en/que-es-el-sepe/que-es-el-sepe/Red-de-oficinas.html,Cádiz,https://www.sepe.es/HomeSepe/en/que-es-el-sepe/que-es-el-sepe/Red-de-oficinas/ResultadosBusqueda.html?id=6b19fc27-6ecf-45d2-a4f3-4b2e33648d08&provinciaNombre=Cadiz,SAN FERNANDO,https://www.sepe.es/HomeSepe/en/que-es-el-sepe/que-es-el-sepe/Red-de-oficinas/DetalleOficina.html?idOficina=16ffa6f5-3668-4ece-8a19-815f315db893,11100,"C/BATALLONES DE MARINA, S/N","C/BATALLONES DE MARINA, S/N, 11100",36.4626422,-6.200813033,"11100 San Fernando, España",,San Fernando,,11100,,,San Fernando,Bahía de Cádiz,,Andalucía,AN,España,es,0,,1,© OpenStreetMap contributors,Open Database License,https://www.openstreetmap.org/copyright
1670949137-1952,https://www.sepe.es/HomeSepe/en/que-es-el-sepe/que-es-el-sepe/Red-de-oficinas.html,Cádiz,https://www.sepe.es/HomeSepe/en/que-es-el-sepe/que-es-el-sepe/Red-de-oficinas/ResultadosBusqueda.html?id=6b19fc27-6ecf-45d2-a4f3-4b2e33648d08&provinciaNombre=Cadiz,ROTA,https://www.sepe.es/HomeSepe/en/que-es-el-sepe/que-es-el-sepe/Red-de-oficinas/DetalleOficina.html?idOficina=c2482e41-72d6-49a2-81a8-744b67141879,11520,"PLAZA DE LOS REYES MAGOS, S/N","PLAZA DE LOS REYES MAGOS, S/N, 11520",36.6281265,-6.36303533,"Plaza de los Reyes Magos, 11520 Rota, España",,Plaza de los Reyes Magos,Plaza de los Reyes Magos,11520,,,Rota,Costa Noroeste,,Andalucía,AN,España,es,0,,,© OpenStreetMap contributors,Open Database License,https://www.openstreetmap.org/copyright
1670949140-1953,https://www.sepe.es/HomeSepe/en/que-es-el-sepe/que-es-el-sepe/Red-de-oficinas.html,Cádiz,https://www.sepe.es/HomeSepe/en/que-es-el-sepe/que-es-el-sepe/Red-de-oficinas/ResultadosBusqueda.html?id=6b19fc27-6ecf-45d2-a4f3-4b2e33648d08&provinciaNombre=Cadiz,PUERTO SERRANO,https://www.sepe.es/HomeSepe/en/que-es-el-sepe/que-es-el-sepe/Red-de-oficinas/DetalleOficina.html?idOficina=620a7556-d1ec-444b-98b4-ec1a31d8885c,11659,"C/ MAGDALENA, 29","C/ MAGDALENA, 29, 11659",42.890431,-1.098603,"Calle Magdalena / Magdalena Karrika, 29, 31690 Ezcároz/Ezkaroze, España",29,,Calle Magdalena / Magdalena Karrika,31690,,,Ezcároz/Ezkaroze,Navarra,NA,Comunidad Foral De Navarra,,España,es,0,,,© OpenAddresses contributors,BSD-3-Clause License,
1670949145-1954,https://www.sepe.es/HomeSepe/en/que-es-el-sepe/que-es-el-sepe/Red-de-oficinas.html,Cádiz,https://www.sepe.es/HomeSepe/en/que-es-el-sepe/que-es-el-sepe/Red-de-oficinas/ResultadosBusqueda.html?id=6b19fc27-6ecf-45d2-a4f3-4b2e33648d08&provinciaNombre=Cadiz,PUERTO REAL,https://www.sepe.es/HomeSepe/en/que-es-el-sepe/que-es-el-sepe/Red-de-oficinas/DetalleOficina.html?idOficina=d5f2677c-7387-4bca-98e8-9ee2209a2b7c,11510,"C/ REAL, 14","C/ REAL, 14, 11510",36.5272012,-6.1846514,"Calle Real, 11510 Puerto Real, España",,Calle Real,Calle Real,11510,Las Canteras,,Puerto Real,Bahía de Cádiz,,Andalucía,AN,España,es,0.5,1,1,© OpenStreetMap contributors,Open Database License,https://www.openstreetmap.org/copyright
1670949148-1955,https://www.sepe.es/HomeSepe/en/que-es-el-sepe/que-es-el-sepe/Red-de-oficinas.html,Cádiz,https://www.sepe.es/HomeSepe/en/que-es-el-sepe/que-es-el-sepe/Red-de-oficinas/ResultadosBusqueda.html?id=6b19fc27-6ecf-45d2-a4f3-4b2e33648d08&provinciaNombre=Cadiz,PATERNA DE RIVERA,https://www.sepe.es/HomeSepe/en/que-es-el-sepe/que-es-el-sepe/Red-de-oficinas/DetalleOficina.html?idOficina=114803fd-822c-4fe7-9cbe-7c497ad7eace,11178,"C/ PRIMAVERA ANDALUZA, 33","C/ PRIMAVERA ANDALUZA, 33, 11178",36.5233424,-5.8649695,"Calle Primavera Andaluza, 11178 Paterna de Rivera, España",,Calle Primavera Andaluza,Calle Primavera Andaluza,11178,,"Barriada ""Ntra. Sra. de la Inhiesta""",Paterna de Rivera,La Janda,,Andalucía,AN,España,es,0.5,1,1,© OpenStreetMap contributors,Open Database License,https://www.openstreetmap.org/copyright
1670949150-1956,https://www.sepe.es/HomeSepe/en/que-es-el-sepe/que-es-el-sepe/Red-de-oficinas.html,Cádiz,https://www.sepe.es/HomeSepe/en/que-es-el-sepe/que-es-el-sepe/Red-de-oficinas/ResultadosBusqueda.html?id=6b19fc27-6ecf-45d2-a4f3-4b2e33648d08&provinciaNombre=Cadiz,OLVERA,https://www.sepe.es/HomeSepe/en/que-es-el-sepe/que-es-el-sepe/Red-de-oficinas/DetalleOficina.html?idOficina=302324ec-78f0-4819-a2a5-a6ae8266f109,11690,"C/ MERCADO, 2","C/ MERCADO, 2, 11690",36.9352635,-5.2644283,"Calle Mercado, 11690 Olvera, España",,Calle Mercado,Calle Mercado,11690,,"Barriada ""Constitución""",Olvera,Sierra de Cádiz,,Andalucía,AN,España,es,0.5,1,1,© OpenStreetMap contributors,Open Database License,https://www.openstreetmap.org/copyright
1670949153-1957,https://www.sepe.es/HomeSepe/en/que-es-el-sepe/que-es-el-sepe/Red-de-oficinas.html,Cádiz,https://www.sepe.es/HomeSepe/en/que-es-el-sepe/que-es-el-sepe/Red-de-oficinas/ResultadosBusqueda.html?id=6b19fc27-6ecf-45d2-a4f3-4b2e33648d08&provinciaNombre=Cadiz,MEDINA SIDONIA,https://www.sepe.es/HomeSepe/en/que-es-el-sepe/que-es-el-sepe/Red-de-oficinas/DetalleOficina.html?idOficina=d53e3c4b-57a2-44e5-b1e5-6007f9650cf4,11170,"C/ ROMANOS, 1","C/ ROMANOS, 1, 11170",36.4556533,-5.9263293,"Calle Romanos, 11170 Medina Sidonia, España",,Calle Romanos,Calle Romanos,11170,,,Medina Sidonia,La Janda,,Andalucía,AN,España,es,0.5,1,1,© OpenStreetMap contributors,Open Database License,https://www.openstreetmap.org/copyright
1670949156-1958,https://www.sepe.es/HomeSepe/en/que-es-el-sepe/que-es-el-sepe/Red-de-oficinas.html,Cádiz,https://www.sepe.es/HomeSepe/en/que-es-el-sepe/que-es-el-sepe/Red-de-oficinas/ResultadosBusqueda.html?id=6b19fc27-6ecf-45d2-a4f3-4b2e33648d08&provinciaNombre=Cadiz,LOS BARRIOS,https://www.sepe.es/HomeSepe/en/que-es-el-sepe/que-es-el-sepe/Red-de-oficinas/DetalleOficina.html?idOficina=dc15343e-0c37-49d0-b73a-692e16d5be81,11370,"C/ LA REINA, 36","C/ LA REINA, 36, 11370",36.18666651,-5.495679161,"11370 Los Barrios, España",,Los Barrios,,11370,,,Los Barrios,Campo de Gibraltar,,Andalucía,AN,España,es,0,,1,© OpenStreetMap contributors,Open Database License,https://www.openstreetmap.org/copyright
1670949159-1959,https://www.sepe.es/HomeSepe/en/que-es-el-sepe/que-es-el-sepe/Red-de-oficinas.html,Cádiz,https://www.sepe.es/HomeSepe/en/que-es-el-sepe/que-es-el-sepe/Red-de-oficinas/ResultadosBusqueda.html?id=6b19fc27-6ecf-45d2-a4f3-4b2e33648d08&provinciaNombre=Cadiz,LA LINEA DE LA CONCEPCION,https://www.sepe.es/HomeSepe/en/que-es-el-sepe/que-es-el-sepe/Red-de-oficinas/DetalleOficina.html?idOficina=49bda568-d939-4852-97cc-5062a7ef2a76,11300,"C/ SAN PEDRO DE ALCANTARA, 2","C/ SAN PEDRO DE ALCANTARA, 2, 11300",36.1645244,-5.3520732,"Calle San Pedro de Alcántara, 11300 La Línea de la Concepción, España",,Calle San Pedro de Alcántara,Calle San Pedro de Alcántara,11300,,,La Línea de la Concepción,Campo de Gibraltar,,Andalucía,AN,España,es,0.5,1,1,© OpenStreetMap contributors,Open Database License,https://www.openstreetmap.org/copyright
1670949161-1960,https://www.sepe.es/HomeSepe/en/que-es-el-sepe/que-es-el-sepe/Red-de-oficinas.html,Cádiz,https://www.sepe.es/HomeSepe/en/que-es-el-sepe/que-es-el-sepe/Red-de-oficinas/ResultadosBusqueda.html?id=6b19fc27-6ecf-45d2-a4f3-4b2e33648d08&provinciaNombre=Cadiz,LA BARCA DE LA FLORIDA,https://www.sepe.es/HomeSepe/en/que-es-el-sepe/que-es-el-sepe/Red-de-oficinas/DetalleOficina.html?idOficina=6cd97f24-ad35-46b3-89af-cd6e88a0d1bc,11570,"C/ CORTÉS, 5","C/ CORTÉS, 5, 11570",36.6485492,-5.93487335,"11570 La Barca de la Florida, España",,La Barca de la Florida,,11570,,,La Barca de la Florida,Campiña de Jerez,,Andalucía,AN,España,es,0,,1,© OpenStreetMap contributors,Open Database License,https://www.openstreetmap.org/copyright
1670949164-1961,https://www.sepe.es/HomeSepe/en/que-es-el-sepe/que-es-el-sepe/Red-de-oficinas.html,Cádiz,https://www.sepe.es/HomeSepe/en/que-es-el-sepe/que-es-el-sepe/Red-de-oficinas/ResultadosBusqueda.html?id=6b19fc27-6ecf-45d2-a4f3-4b2e33648d08&provinciaNombre=Cadiz,JIMENA DE LA FRONTERA,https://www.sepe.es/HomeSepe/en/que-es-el-sepe/que-es-el-sepe/Red-de-oficinas/DetalleOficina.html?idOficina=9a84a37f-5ee3-4258-aa6b-234f96e5e034,11330,"AVDA. LOS DEPORTES, S/N","AVDA. LOS DEPORTES, S/N, 11330",37.834422,-0.800306,"Avenida Los Antolinos, San Pedro del Pinatar, España",,,Avenida Los Antolinos,,,San Pedro Del Pinatar,San Pedro del Pinatar,Murcia,,Región de Murcia,MC,España,es,0.116307692,0.028,0.044444444,© OpenStreetMap contributors,Open Database License,https://www.openstreetmap.org/copyright
1670949167-1962,https://www.sepe.es/HomeSepe/en/que-es-el-sepe/que-es-el-sepe/Red-de-oficinas.html,Cádiz,https://www.sepe.es/HomeSepe/en/que-es-el-sepe/que-es-el-sepe/Red-de-oficinas/ResultadosBusqueda.html?id=6b19fc27-6ecf-45d2-a4f3-4b2e33648d08&provinciaNombre=Cadiz,JEREZ DE LA FRONTERA-SANTO DOMINGO,https://www.sepe.es/HomeSepe/en/que-es-el-sepe/que-es-el-sepe/Red-de-oficinas/DetalleOficina.html?idOficina=d2e121c4-0d5d-45eb-ae1a-46cb115fa9e4,11402,"C/ SANTO DOMINGO, 7 DUPLICADO","C/ SANTO DOMINGO, 7 DUPLICADO, 11402",36.6888404,-6.1350702,"Calle Santo Domingo, 11402 Jerez de la Frontera, España",,Calle Santo Domingo,Calle Santo Domingo,11402,,Divina Pastora,Jerez de la Frontera,Campiña de Jerez,,Andalucía,AN,España,es,0.5,1,1,© OpenStreetMap contributors,Open Database License,https://www.openstreetmap.org/copyright
1670949170-1963,https://www.sepe.es/HomeSepe/en/que-es-el-sepe/que-es-el-sepe/Red-de-oficinas.html,Cádiz,https://www.sepe.es/HomeSepe/en/que-es-el-sepe/que-es-el-sepe/Red-de-oficinas/ResultadosBusqueda.html?id=6b19fc27-6ecf-45d2-a4f3-4b2e33648d08&provinciaNombre=Cadiz,JEREZ DE LA FRONTERA-MADRE DE DIOS,https://www.sepe.es/HomeSepe/en/que-es-el-sepe/que-es-el-sepe/Red-de-oficinas/DetalleOficina.html?idOficina=6a6f65dd-0165-4992-9088-0f4797970f4f,11401,"C/ DIEGO FERNÁNDEZ HERRERA, 12","C/ DIEGO FERNÁNDEZ HERRERA, 12, 11401",36.682224,-6.129855,"Calle Diego Gómez Salido, 2-12, 11401 Jerez de la Frontera, España",02-Dec,,Calle Diego Gómez Salido,11401,,Jerez De La Frontera,Jerez de la Frontera,Cádiz,CA,Andalucía,AN,España,es,0,,,© OpenStreetMap contributors,Open Database License,https://www.openstreetmap.org/copyright
1670949175-1964,https://www.sepe.es/HomeSepe/en/que-es-el-sepe/que-es-el-sepe/Red-de-oficinas.html,Cádiz,https://www.sepe.es/HomeSepe/en/que-es-el-sepe/que-es-el-sepe/Red-de-oficinas/ResultadosBusqueda.html?id=6b19fc27-6ecf-45d2-a4f3-4b2e33648d08&provinciaNombre=Cadiz,JEREZ DE LA FRONTERA-CUATRO CAMINOS,https://www.sepe.es/HomeSepe/en/que-es-el-sepe/que-es-el-sepe/Red-de-oficinas/DetalleOficina.html?idOficina=64bd72df-e51a-4342-81a2-0c5193d2f416,11408,"C/ CUATRO CAMINOS, 4","C/ CUATRO CAMINOS, 4, 11408",36.6762652,-6.1481101,"Calle Cuatro Caminos, 11408 Jerez de la Frontera, España",,Calle Cuatro Caminos,Calle Cuatro Caminos,11408,,Torresoto,Jerez de la Frontera,Campiña de Jerez,,Andalucía,AN,España,es,0.5,1,1,© OpenStreetMap contributors,Open Database License,https://www.openstreetmap.org/copyright
1670949178-1965,https://www.sepe.es/HomeSepe/en/que-es-el-sepe/que-es-el-sepe/Red-de-oficinas.html,Cádiz,https://www.sepe.es/HomeSepe/en/que-es-el-sepe/que-es-el-sepe/Red-de-oficinas/ResultadosBusqueda.html?id=6b19fc27-6ecf-45d2-a4f3-4b2e33648d08&provinciaNombre=Cadiz,ESPERA,https://www.sepe.es/HomeSepe/en/que-es-el-sepe/que-es-el-sepe/Red-de-oficinas/DetalleOficina.html?idOficina=e42df404-d181-45ed-bb6c-2b098e90bf98,11648,"C/ SAN PRUDENCIO, 13","C/ SAN PRUDENCIO, 13, 11648",36.8701579,-5.8059169,"Calle San Prudencio, 11648 Espera, España",,Calle San Prudencio,Calle San Prudencio,11648,,,Espera,Sierra de Cádiz,,Andalucía,AN,España,es,0.5,1,1,© OpenStreetMap contributors,Open Database License,https://www.openstreetmap.org/copyright
1670949181-1966,https://www.sepe.es/HomeSepe/en/que-es-el-sepe/que-es-el-sepe/Red-de-oficinas.html,Cádiz,https://www.sepe.es/HomeSepe/en/que-es-el-sepe/que-es-el-sepe/Red-de-oficinas/ResultadosBusqueda.html?id=6b19fc27-6ecf-45d2-a4f3-4b2e33648d08&provinciaNombre=Cadiz,EL PUERTO DE SANTA MARIA,https://www.sepe.es/HomeSepe/en/que-es-el-sepe/que-es-el-sepe/Red-de-oficinas/DetalleOficina.html?idOficina=48660d06-76c6-4b65-aa97-c95a830d5bd0,11500,"AVDA. DEL DESCUBRIMIENTO, 4","AVDA. DEL DESCUBRIMIENTO, 4, 11500",36.5927627,-6.2434838,"Avenida del Descubrimiento, 11500 El Puerto de Santa María, España",,Avenida del Descubrimiento,Avenida del Descubrimiento,11500,Vistahermosa,,El Puerto de Santa María,Bahía de Cádiz,,Andalucía,AN,España,es,0.5,1,1,© OpenStreetMap contributors,Open Database License,https://www.openstreetmap.org/copyright
1670949183-1967,https://www.sepe.es/HomeSepe/en/que-es-el-sepe/que-es-el-sepe/Red-de-oficinas.html,Cádiz,https://www.sepe.es/HomeSepe/en/que-es-el-sepe/que-es-el-sepe/Red-de-oficinas/ResultadosBusqueda.html?id=6b19fc27-6ecf-45d2-a4f3-4b2e33648d08&provinciaNombre=Cadiz,CONIL DE LA FRONTERA,https://www.sepe.es/HomeSepe/en/que-es-el-sepe/que-es-el-sepe/Red-de-oficinas/DetalleOficina.html?idOficina=cd38c1bd-34be-4900-8bb0-0f5e7afff19a,11140,"C/ BALEARES, 16","C/ BALEARES, 16, 11140",36.2792916,-6.0860119,"Calle Baleares, 11140 Conil de la Frontera, España",,Calle Baleares,Calle Baleares,11140,,,Conil de la Frontera,La Janda,,Andalucía,AN,España,es,0.5,1,1,© OpenStreetMap contributors,Open Database License,https://www.openstreetmap.org/copyright
1670949187-1968,https://www.sepe.es/HomeSepe/en/que-es-el-sepe/que-es-el-sepe/Red-de-oficinas.html,Cádiz,https://www.sepe.es/HomeSepe/en/que-es-el-sepe/que-es-el-sepe/Red-de-oficinas/ResultadosBusqueda.html?id=6b19fc27-6ecf-45d2-a4f3-4b2e33648d08&provinciaNombre=Cadiz,CHIPIONA,https://www.sepe.es/HomeSepe/en/que-es-el-sepe/que-es-el-sepe/Red-de-oficinas/DetalleOficina.html?idOficina=0c8d7849-4a4a-417f-a1f4-e9fc2d572496,11550,"C/ GÓNGORA, 6","C/ GÓNGORA, 6, 11550",36.73235709,-6.4363561,"11550 Chipiona, España",,Chipiona,,11550,,,Chipiona,Costa Noroeste,,Andalucía,AN,España,es,0,,1,© OpenStreetMap contributors,Open Database License,https://www.openstreetmap.org/copyright
1670949189-1969,https://www.sepe.es/HomeSepe/en/que-es-el-sepe/que-es-el-sepe/Red-de-oficinas.html,Cádiz,https://www.sepe.es/HomeSepe/en/que-es-el-sepe/que-es-el-sepe/Red-de-oficinas/ResultadosBusqueda.html?id=6b19fc27-6ecf-45d2-a4f3-4b2e33648d08&provinciaNombre=Cadiz,CHICLANA DE LA FRONTERA,https://www.sepe.es/HomeSepe/en/que-es-el-sepe/que-es-el-sepe/Red-de-oficinas/DetalleOficina.html?idOficina=aa2560d1-d51b-48c8-a257-632fa87252a1,11130,"C/ NOVILLERO PEPÍN JIMÉNEZ, S/N","C/ NOVILLERO PEPÍN JIMÉNEZ, S/N, 11130",36.400557,-6.14637,"Camino Novillero Antonio Avila, 11130 Chiclana De La Frontera, España",,,Camino Novillero Antonio Avila,11130,,,Chiclana De La Frontera,Cádiz,CA,Andalucía,AN,España,es,0,,,© OpenStreetMap contributors,Open Database License,https://www.openstreetmap.org/copyright
1670949192-1970,https://www.sepe.es/HomeSepe/en/que-es-el-sepe/que-es-el-sepe/Red-de-oficinas.html,Cádiz,https://www.sepe.es/HomeSepe/en/que-es-el-sepe/que-es-el-sepe/Red-de-oficinas/ResultadosBusqueda.html?id=6b19fc27-6ecf-45d2-a4f3-4b2e33648d08&provinciaNombre=Cadiz,CADIZ-PORTUGAL,https://www.sepe.es/HomeSepe/en/que-es-el-sepe/que-es-el-sepe/Red-de-oficinas/DetalleOficina.html?idOficina=aa1dc90d-eb42-4d43-a531-1c6b0c00055e,11008,"AVDA. DE PORTUGAL, 47","AVDA. DE PORTUGAL, 47, 11008",36.5144231,-6.2793029,"Avenida de Portugal, 11012 Cádiz, España",,Avenida de Portugal,Avenida de Portugal,11012,Segunda Aguada,,Cádiz,Bahía de Cádiz,,Andalucía,AN,España,es,0.5,0.3,0.3,© OpenStreetMap contributors,Open Database License,https://www.openstreetmap.org/copyright
1670949196-1971,https://www.sepe.es/HomeSepe/en/que-es-el-sepe/que-es-el-sepe/Red-de-oficinas.html,Cádiz,https://www.sepe.es/HomeSepe/en/que-es-el-sepe/que-es-el-sepe/Red-de-oficinas/ResultadosBusqueda.html?id=6b19fc27-6ecf-45d2-a4f3-4b2e33648d08&provinciaNombre=Cadiz,CADIZ-CENTRO HISTÓRICO,https://www.sepe.es/HomeSepe/en/que-es-el-sepe/que-es-el-sepe/Red-de-oficinas/DetalleOficina.html?idOficina=ee08b7f8-7887-4170-bbdd-02156dcc4b6f,11004,"PLAZUELA DE LAS TRES CARABELAS, 5","PLAZUELA DE LAS TRES CARABELAS, 5, 11004",36.531418,-6.293557,"Plaza de las nieves, 5, 11004 Cádiz, España",5,,Plaza de las nieves,11004,,Cádiz,Cádiz,Cádiz,CA,Andalucía,AN,España,es,0,,,© OpenStreetMap contributors,Open Database License,https://www.openstreetmap.org/copyright
1670949200-1972,https://www.sepe.es/HomeSepe/en/que-es-el-sepe/que-es-el-sepe/Red-de-oficinas.html,Cádiz,https://www.sepe.es/HomeSepe/en/que-es-el-sepe/que-es-el-sepe/Red-de-oficinas/ResultadosBusqueda.html?id=6b19fc27-6ecf-45d2-a4f3-4b2e33648d08&provinciaNombre=Cadiz,BORNOS,https://www.sepe.es/HomeSepe/en/que-es-el-sepe/que-es-el-sepe/Red-de-oficinas/DetalleOficina.html?idOficina=4b09c8d3-c9f4-4cfa-bc0b-27a4f7aa148d,11640,"AVDA. CONSTITUCIÓN, 19-B","AVDA. CONSTITUCIÓN, 19-B, 11640",42.84164,-1.610355,"Avenida Irun, 19, 31194 Ezcabarte, España",19,,Avenida Irun,31194,,Ezcabarte,Ezcabarte,Navarra,NA,Comunidad Foral De Navarra,,España,es,0.077777778,,,© OpenAddresses contributors,BSD-3-Clause License,
1670949204-1973,https://www.sepe.es/HomeSepe/en/que-es-el-sepe/que-es-el-sepe/Red-de-oficinas.html,Cádiz,https://www.sepe.es/HomeSepe/en/que-es-el-sepe/que-es-el-sepe/Red-de-oficinas/ResultadosBusqueda.html?id=6b19fc27-6ecf-45d2-a4f3-4b2e33648d08&provinciaNombre=Cadiz,BENALUP-CASAS VIEJAS,https://www.sepe.es/HomeSepe/en/que-es-el-sepe/que-es-el-sepe/Red-de-oficinas/DetalleOficina.html?idOficina=e6611e50-d858-459c-806d-8cd8e482493f,11190,CARRETERA DEL CASTAÑO S/N,"CARRETERA DEL CASTAÑO S/N, 11190",36.34566985,-5.809645778,"11190 Benalup-Casas Viejas, España",,Benalup-Casas Viejas,,11190,,,Benalup-Casas Viejas,La Janda,,Andalucía,AN,España,es,0,,1,© OpenStreetMap contributors,Open Database License,https://www.openstreetmap.org/copyright
1670949206-1974,https://www.sepe.es/HomeSepe/en/que-es-el-sepe/que-es-el-sepe/Red-de-oficinas.html,Cádiz,https://www.sepe.es/HomeSepe/en/que-es-el-sepe/que-es-el-sepe/Red-de-oficinas/ResultadosBusqueda.html?id=6b19fc27-6ecf-45d2-a4f3-4b2e33648d08&provinciaNombre=Cadiz,BARBATE,https://www.sepe.es/HomeSepe/en/que-es-el-sepe/que-es-el-sepe/Red-de-oficinas/DetalleOficina.html?idOficina=06c3c541-dcc7-4453-b1b6-d5fe3192f943,11160,"C/ CRUCERO CANARIAS, S/N","C/ CRUCERO CANARIAS, S/N, 11160",36.19026806,-5.932189357,"11160 Barbate, España",,Barbate,,11160,,,Barbate,La Janda,,Andalucía,AN,España,es,0,,1,© OpenStreetMap contributors,Open Database License,https://www.openstreetmap.org/copyright
1670949209-1975,https://www.sepe.es/HomeSepe/en/que-es-el-sepe/que-es-el-sepe/Red-de-oficinas.html,Cádiz,https://www.sepe.es/HomeSepe/en/que-es-el-sepe/que-es-el-sepe/Red-de-oficinas/ResultadosBusqueda.html?id=6b19fc27-6ecf-45d2-a4f3-4b2e33648d08&provinciaNombre=Cadiz,ARCOS DE LA FRONTERA,https://www.sepe.es/HomeSepe/en/que-es-el-sepe/que-es-el-sepe/Red-de-oficinas/DetalleOficina.html?idOficina=395d24d0-ad57-458b-a5d3-b144c2d06df3,11630,"C/ DUQUE DE ARCOS, 1","C/ DUQUE DE ARCOS, 1, 11630",36.7576091,-5.8186082,"11630 Arcos de la Frontera, España",,Arcos de la Frontera,,11630,,,Arcos de la Frontera,Sierra de Cádiz,,Andalucía,AN,España,es,0,,1,© OpenStreetMap contributors,Open Database License,https://www.openstreetmap.org/copyright
1670949211-1976,https://www.sepe.es/HomeSepe/en/que-es-el-sepe/que-es-el-sepe/Red-de-oficinas.html,Cádiz,https://www.sepe.es/HomeSepe/en/que-es-el-sepe/que-es-el-sepe/Red-de-oficinas/ResultadosBusqueda.html?id=6b19fc27-6ecf-45d2-a4f3-4b2e33648d08&provinciaNombre=Cadiz,ALGODONALES,https://www.sepe.es/HomeSepe/en/que-es-el-sepe/que-es-el-sepe/Red-de-oficinas/DetalleOficina.html?idOficina=2fd3d0f9-c819-4ebb-8448-df152240318a,11680,"C/ SANTA ANA, 26","C/ SANTA ANA, 26, 11680",36.87886065,-5.40773303,"Calle Santa Ana, 26, 11680 Algodonales, España",26,,Calle Santa Ana,11680,,,Algodonales,Sierra de Cádiz,,Andalucía,AN,España,es,1,1,1,© OpenStreetMap contributors,Open Database License,https://www.openstreetmap.org/copyright
1670949215-1977,https://www.sepe.es/HomeSepe/en/que-es-el-sepe/que-es-el-sepe/Red-de-oficinas.html,Cádiz,https://www.sepe.es/HomeSepe/en/que-es-el-sepe/que-es-el-sepe/Red-de-oficinas/ResultadosBusqueda.html?id=6b19fc27-6ecf-45d2-a4f3-4b2e33648d08&provinciaNombre=Cadiz,ALGECIRAS,https://www.sepe.es/HomeSepe/en/que-es-el-sepe/que-es-el-sepe/Red-de-oficinas/DetalleOficina.html?idOficina=1738aa8f-bfc7-4d2f-8b56-35e3d0148c59,11207,"PASEO VICTORIA EUGENIA, 17-19","PASEO VICTORIA EUGENIA, 17-19, 11207",36.12487052,-5.443981716,"11207 Algeciras, España",,Algeciras,,11207,,,Algeciras,Campo de Gibraltar,,Andalucía,AN,España,es,0,,1,© OpenStreetMap contributors,Open Database License,https://www.openstreetmap.org/copyright
1670949217-1978,https://www.sepe.es/HomeSepe/en/que-es-el-sepe/que-es-el-sepe/Red-de-oficinas.html,Cádiz,https://www.sepe.es/HomeSepe/en/que-es-el-sepe/que-es-el-sepe/Red-de-oficinas/ResultadosBusqueda.html?id=6b19fc27-6ecf-45d2-a4f3-4b2e33648d08&provinciaNombre=Cadiz,ALCALA DEL VALLE,https://www.sepe.es/HomeSepe/en/que-es-el-sepe/que-es-el-sepe/Red-de-oficinas/DetalleOficina.html?idOficina=2a2979ac-e69a-4422-847a-c0d357dde1a4,11693,"C/ REAL, S/N","C/ REAL, S/N, 11693",36.9006041,-5.16719,"Calle Real, 11693 Alcalá del Valle, España",,Calle Real,Calle Real,11693,,,Alcalá del Valle,Sierra de Cádiz,,Andalucía,AN,España,es,0.72,0.9,1,© OpenStreetMap contributors,Open Database License,https://www.openstreetmap.org/copyright
1670949220-1979,https://www.sepe.es/HomeSepe/en/que-es-el-sepe/que-es-el-sepe/Red-de-oficinas.html,Cádiz,https://www.sepe.es/HomeSepe/en/que-es-el-sepe/que-es-el-sepe/Red-de-oficinas/ResultadosBusqueda.html?id=6b19fc27-6ecf-45d2-a4f3-4b2e33648d08&provinciaNombre=Cadiz,ALCALA DE LOS GAZULES,https://www.sepe.es/HomeSepe/en/que-es-el-sepe/que-es-el-sepe/Red-de-oficinas/DetalleOficina.html?idOficina=7cde5d60-e652-45b3-a446-47830738bf39,11010,"C/ REAL, 3","C/ REAL, 3, 11010",36.5070556,-6.266115,"Calle Real, 11011 Cádiz, España",,Calle Real,Calle Real,11011,Puntales,,Cádiz,Bahía de Cádiz,,Andalucía,AN,España,es,0.5,0.3,0.3,© OpenStreetMap contributors,Open Database License,https://www.openstreetmap.org/copyright
1670949225-1980,https://www.sepe.es/HomeSepe/en/que-es-el-sepe/que-es-el-sepe/Red-de-oficinas.html,Cáceres,https://www.sepe.es/HomeSepe/en/que-es-el-sepe/que-es-el-sepe/Red-de-oficinas/ResultadosBusqueda.html?id=c2c53407-1be9-49c6-91c6-d419ab905af8&provinciaNombre=Caceres,VALENCIA DE ALCANTARA,https://www.sepe.es/HomeSepe/en/que-es-el-sepe/que-es-el-sepe/Red-de-oficinas/DetalleOficina.html?idOficina=6fe1139c-4098-48b2-b28f-84305e9498d0,10500,"C/ LUIS CHAMIZO, S/N","C/ LUIS CHAMIZO, S/N, 10500",39.4142467,-7.2492941,"Calle Luis Chamizo, 10500 Valencia de Alcántara, España",,Calle Luis Chamizo,Calle Luis Chamizo,10500,,,Valencia de Alcántara,Cáceres,CC,Extremadura,EX,España,es,0.5,1,1,© OpenStreetMap contributors,Open Database License,https://www.openstreetmap.org/copyright
1670949228-1981,https://www.sepe.es/HomeSepe/en/que-es-el-sepe/que-es-el-sepe/Red-de-oficinas.html,Cáceres,https://www.sepe.es/HomeSepe/en/que-es-el-sepe/que-es-el-sepe/Red-de-oficinas/ResultadosBusqueda.html?id=c2c53407-1be9-49c6-91c6-d419ab905af8&provinciaNombre=Caceres,TRUJILLO,https://www.sepe.es/HomeSepe/en/que-es-el-sepe/que-es-el-sepe/Red-de-oficinas/DetalleOficina.html?idOficina=618dae5b-90df-4bfe-91fa-cf8cfff8fd32,10200,"AVDA. RAMÓN Y CAJAL, 1 1ª PLANTA","AVDA. RAMÓN Y CAJAL, 1 1ª PLANTA, 10200",39.460115,-5.882548,"Plaza Juan Tena, 1, 10200 Trujillo, España",1,,Plaza Juan Tena,10200,,Trujillo,Trujillo,Cáceres,CC,Extremadura,EX,España,es,0,,1,© OpenStreetMap contributors,Open Database License,https://www.openstreetmap.org/copyright
1670949231-1982,https://www.sepe.es/HomeSepe/en/que-es-el-sepe/que-es-el-sepe/Red-de-oficinas.html,Cáceres,https://www.sepe.es/HomeSepe/en/que-es-el-sepe/que-es-el-sepe/Red-de-oficinas/ResultadosBusqueda.html?id=c2c53407-1be9-49c6-91c6-d419ab905af8&provinciaNombre=Caceres,PLASENCIA,https://www.sepe.es/HomeSepe/en/que-es-el-sepe/que-es-el-sepe/Red-de-oficinas/DetalleOficina.html?idOficina=3aa8bb98-7cf5-4b67-97e1-dbc760b59d5e,10600,"C/ TRUJILLO, 19","C/ TRUJILLO, 19, 10600",40.027634,-6.0925568,"Calle Trujillo, 10600 Plasencia, España",,Calle Trujillo,Calle Trujillo,10600,La Ribera - San Lázaro,,Plasencia,Cáceres,CC,Extremadura,EX,España,es,0.5,1,1,© OpenStreetMap contributors,Open Database License,https://www.openstreetmap.org/copyright
1670949233-1983,https://www.sepe.es/HomeSepe/en/que-es-el-sepe/que-es-el-sepe/Red-de-oficinas.html,Cáceres,https://www.sepe.es/HomeSepe/en/que-es-el-sepe/que-es-el-sepe/Red-de-oficinas/ResultadosBusqueda.html?id=c2c53407-1be9-49c6-91c6-d419ab905af8&provinciaNombre=Caceres,NAVALMORAL DE LA MATA,https://www.sepe.es/HomeSepe/en/que-es-el-sepe/que-es-el-sepe/Red-de-oficinas/DetalleOficina.html?idOficina=bdac9a43-1205-40c0-8350-679996be8da0,10300,"AVDA. MAGISTERIO,  3","AVDA. MAGISTERIO,  3, 10300",39.888517,-5.540265,"Avenida del Magisterio, 2, 10300 Navalmoral de la Mata, España",2,,Avenida del Magisterio,10300,,Navalmoral De La Mata,Navalmoral de la Mata,Cáceres,CC,Extremadura,EX,España,es,0.441,0.63,1,© OpenStreetMap contributors,Open Database License,https://www.openstreetmap.org/copyright
1670949236-1984,https://www.sepe.es/HomeSepe/en/que-es-el-sepe/que-es-el-sepe/Red-de-oficinas.html,Cáceres,https://www.sepe.es/HomeSepe/en/que-es-el-sepe/que-es-el-sepe/Red-de-oficinas/ResultadosBusqueda.html?id=c2c53407-1be9-49c6-91c6-d419ab905af8&provinciaNombre=Caceres,MIAJADAS,https://www.sepe.es/HomeSepe/en/que-es-el-sepe/que-es-el-sepe/Red-de-oficinas/DetalleOficina.html?idOficina=4b71cf7b-159e-4ebe-8da4-eea3afd4aee6,10100,"CARRETERA NACIONAL V, KILÓMETRO 292","CARRETERA NACIONAL V, KILÓMETRO 292, 10100",39.1462574,-5.917485568,"10100 Miajadas, España",,Miajadas,,10100,,,Miajadas,Cáceres,CC,Extremadura,EX,España,es,0,,1,© OpenStreetMap contributors,Open Database License,https://www.openstreetmap.org/copyright
1670949238-1985,https://www.sepe.es/HomeSepe/en/que-es-el-sepe/que-es-el-sepe/Red-de-oficinas.html,Cáceres,https://www.sepe.es/HomeSepe/en/que-es-el-sepe/que-es-el-sepe/Red-de-oficinas/ResultadosBusqueda.html?id=c2c53407-1be9-49c6-91c6-d419ab905af8&provinciaNombre=Caceres,JARAIZ DE LA VERA,https://www.sepe.es/HomeSepe/en/que-es-el-sepe/que-es-el-sepe/Red-de-oficinas/DetalleOficina.html?idOficina=f2d231ea-62d1-47f9-9814-8b39cf3d55d2,10400,"C/ PABLO PICASSO, S/N","C/ PABLO PICASSO, S/N, 10400",40.05709261,-5.754816858,"10400 Jaraíz de la Vera, España",,Jaraíz de la Vera,,10400,,,Jaraíz de la Vera,Cáceres,CC,Extremadura,EX,España,es,0,,1,© OpenStreetMap contributors,Open Database License,https://www.openstreetmap.org/copyright
1670949241-1986,https://www.sepe.es/HomeSepe/en/que-es-el-sepe/que-es-el-sepe/Red-de-oficinas.html,Cáceres,https://www.sepe.es/HomeSepe/en/que-es-el-sepe/que-es-el-sepe/Red-de-oficinas/ResultadosBusqueda.html?id=c2c53407-1be9-49c6-91c6-d419ab905af8&provinciaNombre=Caceres,HOYOS,https://www.sepe.es/HomeSepe/en/que-es-el-sepe/que-es-el-sepe/Red-de-oficinas/DetalleOficina.html?idOficina=e55eecc6-555f-4e47-ae5d-30355d044b32,10850,"AVENIDA PROFESOR GONZALO HERNANDEZ “COLO”, S/N","AVENIDA PROFESOR GONZALO HERNANDEZ “COLO”, S/N, 10850",37.374926,-5.978419,"Calle Profesor Gonzalo Sánchez Vázquez, Sevilla, España",,,Calle Profesor Gonzalo Sánchez Vázquez,,El Porvenir,Sevilla,Sevilla,Sevilla,SE,Andalucía,AN,España,es,0.2421009,0.0321489,0.0441,© OpenStreetMap contributors,Open Database License,https://www.openstreetmap.org/copyright
1670949244-1987,https://www.sepe.es/HomeSepe/en/que-es-el-sepe/que-es-el-sepe/Red-de-oficinas.html,Cáceres,https://www.sepe.es/HomeSepe/en/que-es-el-sepe/que-es-el-sepe/Red-de-oficinas/ResultadosBusqueda.html?id=c2c53407-1be9-49c6-91c6-d419ab905af8&provinciaNombre=Caceres,HERVAS,https://www.sepe.es/HomeSepe/en/que-es-el-sepe/que-es-el-sepe/Red-de-oficinas/DetalleOficina.html?idOficina=6180ab1a-0f34-48a3-a71b-48ba280f475f,10700,"C/ GABRIEL Y GALÁN, 1","C/ GABRIEL Y GALÁN, 1, 10700",40.27051299,-5.862830604,"10700 Hervás, España",,Hervás,,10700,,,Hervás,Cáceres,CC,Extremadura,EX,España,es,0,,1,© OpenStreetMap contributors,Open Database License,https://www.openstreetmap.org/copyright
1670949246-1988,https://www.sepe.es/HomeSepe/en/que-es-el-sepe/que-es-el-sepe/Red-de-oficinas.html,Cáceres,https://www.sepe.es/HomeSepe/en/que-es-el-sepe/que-es-el-sepe/Red-de-oficinas/ResultadosBusqueda.html?id=c2c53407-1be9-49c6-91c6-d419ab905af8&provinciaNombre=Caceres,CORIA,https://www.sepe.es/HomeSepe/en/que-es-el-sepe/que-es-el-sepe/Red-de-oficinas/DetalleOficina.html?idOficina=3c4176e9-36fb-400a-9d87-498d02899d1e,10800,"TRAVESÍA INSTITUTOS, S/N","TRAVESÍA INSTITUTOS, S/N, 10800",39.98688088,-6.536066047,"10800 Coria, España",,Coria,,10800,,,Coria,Cáceres,CC,Extremadura,EX,España,es,0,,1,© OpenStreetMap contributors,Open Database License,https://www.openstreetmap.org/copyright
1670949250-1989,https://www.sepe.es/HomeSepe/en/que-es-el-sepe/que-es-el-sepe/Red-de-oficinas.html,Cáceres,https://www.sepe.es/HomeSepe/en/que-es-el-sepe/que-es-el-sepe/Red-de-oficinas/ResultadosBusqueda.html?id=c2c53407-1be9-49c6-91c6-d419ab905af8&provinciaNombre=Caceres,CASAR DE PALOMERO,https://www.sepe.es/HomeSepe/en/que-es-el-sepe/que-es-el-sepe/Red-de-oficinas/DetalleOficina.html?idOficina=c4f8cc28-d942-4480-89d0-f8ba1608c8bb,10640,"CARRETERA VARIANTE, 16","CARRETERA VARIANTE, 16, 10640",42.340643,-1.810237,"Carretera Variante Polígono, 13, 31350 Peralta, España",13,,Carretera Variante Polígono,31350,,Peralta/Azkoien,Peralta,Navarra,NA,Comunidad Foral De Navarra,,España,es,0,,,© OpenAddresses contributors,BSD-3-Clause License,
1670949252-1990,https://www.sepe.es/HomeSepe/en/que-es-el-sepe/que-es-el-sepe/Red-de-oficinas.html,Cáceres,https://www.sepe.es/HomeSepe/en/que-es-el-sepe/que-es-el-sepe/Red-de-oficinas/ResultadosBusqueda.html?id=c2c53407-1be9-49c6-91c6-d419ab905af8&provinciaNombre=Caceres,CÁCERES - URBANA,https://www.sepe.es/HomeSepe/en/que-es-el-sepe/que-es-el-sepe/Red-de-oficinas/DetalleOficina.html?idOficina=3fa4086a-a75b-445c-bdee-8c9ca9081daf,10002,"AVDA. HISPANIDAD, 6","AVDA. HISPANIDAD, 6, 10002",39.460378,-6.381141,"Avenida de la Hispanidad, 61, 10005 Cáceres, España",61,,Avenida de la Hispanidad,10005,,Cáceres,Cáceres,Cáceres,CC,Extremadura,EX,España,es,0.245,0.147,0.3,© OpenStreetMap contributors,Open Database License,https://www.openstreetmap.org/copyright
1670949255-1991,https://www.sepe.es/HomeSepe/en/que-es-el-sepe/que-es-el-sepe/Red-de-oficinas.html,Cáceres,https://www.sepe.es/HomeSepe/en/que-es-el-sepe/que-es-el-sepe/Red-de-oficinas/ResultadosBusqueda.html?id=c2c53407-1be9-49c6-91c6-d419ab905af8&provinciaNombre=Caceres,CÁCERES - COMARCAL,https://www.sepe.es/HomeSepe/en/que-es-el-sepe/que-es-el-sepe/Red-de-oficinas/DetalleOficina.html?idOficina=e1b07ade-09ac-4b93-ba54-482e6030b860,10002,"AVDA. HISPANIDAD, 6","AVDA. HISPANIDAD, 6, 10002",39.460378,-6.381141,"Avenida de la Hispanidad, 61, 10005 Cáceres, España",61,,Avenida de la Hispanidad,10005,,Cáceres,Cáceres,Cáceres,CC,Extremadura,EX,España,es,0.245,0.147,0.3,© OpenStreetMap contributors,Open Database License,https://www.openstreetmap.org/copyright
1670949260-1992,https://www.sepe.es/HomeSepe/en/que-es-el-sepe/que-es-el-sepe/Red-de-oficinas.html,Burgos,https://www.sepe.es/HomeSepe/en/que-es-el-sepe/que-es-el-sepe/Red-de-oficinas/ResultadosBusqueda.html?id=82a5da9e-2292-4a2c-a173-5e9ba4d42f24&provinciaNombre=Burgos,VILLARCAYO,https://www.sepe.es/HomeSepe/en/que-es-el-sepe/que-es-el-sepe/Red-de-oficinas/DetalleOficina.html?idOficina=a8e957e0-8482-4917-9b27-e92f9db6e556,9550,"C/ SIGIFREDO ALBAJARA, 22","C/ SIGIFREDO ALBAJARA, 22, 9550",42.809882,-2.810134,"C kalea/Calle C, 22, 01230 Iruña Oka/Iruña De Oca, España",22,,C kalea/Calle C,1230,,,Iruña Oka/Iruña De Oca,Albacete,AB,País Vasco/Euskadi,,España,es,0,,,© OpenStreetMap contributors,Open Database License,https://www.openstreetmap.org/copyright
1670949263-1993,https://www.sepe.es/HomeSepe/en/que-es-el-sepe/que-es-el-sepe/Red-de-oficinas.html,Burgos,https://www.sepe.es/HomeSepe/en/que-es-el-sepe/que-es-el-sepe/Red-de-oficinas/ResultadosBusqueda.html?id=82a5da9e-2292-4a2c-a173-5e9ba4d42f24&provinciaNombre=Burgos,SALAS DE LOS INFANTES,https://www.sepe.es/HomeSepe/en/que-es-el-sepe/que-es-el-sepe/Red-de-oficinas/DetalleOficina.html?idOficina=ba096af3-2060-4ade-aed7-7f0a09872c1a,9600,"PLAZA JESÚS APARICIO, 10","PLAZA JESÚS APARICIO, 10, 9600",43.280715,-2.977659,"Plaza Burtzeña / Burtzeña plaza, 10, 48903 San Vicente de Baracaldo, España",10,,Plaza Burtzeña / Burtzeña plaza,48903,Zorroza,Baracaldo,San Vicente de Baracaldo,Vizcaya,BI,País Vasco/Euskadi,,España,es,0,,,© OpenStreetMap contributors,Open Database License,https://www.openstreetmap.org/copyright
1670949266-1994,https://www.sepe.es/HomeSepe/en/que-es-el-sepe/que-es-el-sepe/Red-de-oficinas.html,Burgos,https://www.sepe.es/HomeSepe/en/que-es-el-sepe/que-es-el-sepe/Red-de-oficinas/ResultadosBusqueda.html?id=82a5da9e-2292-4a2c-a173-5e9ba4d42f24&provinciaNombre=Burgos,MIRANDA DE EBRO,https://www.sepe.es/HomeSepe/en/que-es-el-sepe/que-es-el-sepe/Red-de-oficinas/DetalleOficina.html?idOficina=4551d411-f0dd-4027-93a7-759540cdd5cb,9200,"C/ TORRE DE MIRANDA, 5","C/ TORRE DE MIRANDA, 5, 9200",42.687967,-2.945216,"Torre de Miranda, 5, Miranda de Ebro, España",5,,Torre de Miranda,,,Miranda De Ebro,Miranda de Ebro,Burgos,BU,Castilla Y León,CL,España,es,0,,,© OpenStreetMap contributors,Open Database License,https://www.openstreetmap.org/copyright
1670949268-1995,https://www.sepe.es/HomeSepe/en/que-es-el-sepe/que-es-el-sepe/Red-de-oficinas.html,Burgos,https://www.sepe.es/HomeSepe/en/que-es-el-sepe/que-es-el-sepe/Red-de-oficinas/ResultadosBusqueda.html?id=82a5da9e-2292-4a2c-a173-5e9ba4d42f24&provinciaNombre=Burgos,BURGOS - INFANTAS,https://www.sepe.es/HomeSepe/en/que-es-el-sepe/que-es-el-sepe/Red-de-oficinas/DetalleOficina.html?idOficina=5b0a560a-a889-49e9-8de7-d4721f32a749,9001,"C/ INFANTAS, 10","C/ INFANTAS, 10, 9001",37.227219,-3.684017,"Calle Infantas, 10, Atarfe, España",10,,Calle Infantas,,,Atarfe,Atarfe,Granada,GR,Andalucía,AN,España,es,0,,,© OpenStreetMap contributors,Open Database License,https://www.openstreetmap.org/copyright
1670949271-1996,https://www.sepe.es/HomeSepe/en/que-es-el-sepe/que-es-el-sepe/Red-de-oficinas.html,Burgos,https://www.sepe.es/HomeSepe/en/que-es-el-sepe/que-es-el-sepe/Red-de-oficinas/ResultadosBusqueda.html?id=82a5da9e-2292-4a2c-a173-5e9ba4d42f24&provinciaNombre=Burgos,BURGOS - CAPISCOL,https://www.sepe.es/HomeSepe/en/que-es-el-sepe/que-es-el-sepe/Red-de-oficinas/DetalleOficina.html?idOficina=26f85249-0660-4fd4-8782-edc9650e085a,9007,"C/ REAL, 7","C/ REAL, 7, 9007",38.683515,-6.407646,"C/ Real, 16, 06200 Almendralejo, España",16,,"C/ Real, 16",6200,,Almendralejo,Almendralejo,Badajoz,BA,Extremadura,EX,España,es,0,,,© OpenStreetMap contributors,Open Database License,https://www.openstreetmap.org/copyright
1670949273-1997,https://www.sepe.es/HomeSepe/en/que-es-el-sepe/que-es-el-sepe/Red-de-oficinas.html,Burgos,https://www.sepe.es/HomeSepe/en/que-es-el-sepe/que-es-el-sepe/Red-de-oficinas/ResultadosBusqueda.html?id=82a5da9e-2292-4a2c-a173-5e9ba4d42f24&provinciaNombre=Burgos,BURGOS - CALZADAS,https://www.sepe.es/HomeSepe/en/que-es-el-sepe/que-es-el-sepe/Red-de-oficinas/DetalleOficina.html?idOficina=ccb4d13d-1daa-49d1-ad16-498d9f34f7dc,9004,"C/ CALZADAS, 34-36","C/ CALZADAS, 34-36, 9004",42.3452732,-3.687612089,,,,,,,,,,,,,,,,,,,,
1670949276-1998,https://www.sepe.es/HomeSepe/en/que-es-el-sepe/que-es-el-sepe/Red-de-oficinas.html,Burgos,https://www.sepe.es/HomeSepe/en/que-es-el-sepe/que-es-el-sepe/Red-de-oficinas/ResultadosBusqueda.html?id=82a5da9e-2292-4a2c-a173-5e9ba4d42f24&provinciaNombre=Burgos,BRIVIESCA,https://www.sepe.es/HomeSepe/en/que-es-el-sepe/que-es-el-sepe/Red-de-oficinas/DetalleOficina.html?idOficina=9ce6327b-099b-409b-9755-5deba91ed8ca,9240,"C/ JOAQUÍN COSTA, 21","C/ JOAQUÍN COSTA, 21, 9240",43.327116,-8.290488,"Costa, 21, 15160 Sada, España",21,,Costa,15160,,,Sada,La Coruña,,Galicia,GA,España,es,0,,,© OpenStreetMap contributors,Open Database License,https://www.openstreetmap.org/copyright
1670949279-1999,https://www.sepe.es/HomeSepe/en/que-es-el-sepe/que-es-el-sepe/Red-de-oficinas.html,Burgos,https://www.sepe.es/HomeSepe/en/que-es-el-sepe/que-es-el-sepe/Red-de-oficinas/ResultadosBusqueda.html?id=82a5da9e-2292-4a2c-a173-5e9ba4d42f24&provinciaNombre=Burgos,ARANDA DE DUERO,https://www.sepe.es/HomeSepe/en/que-es-el-sepe/que-es-el-sepe/Red-de-oficinas/DetalleOficina.html?idOficina=6ea40ce5-7505-4f61-a01b-69cdb4631b95,9400,"PLAZA DE SAN ESTEBAN, 10","PLAZA DE SAN ESTEBAN, 10, 9400",42.816079,-2.547279,"San Esteban plaza/Plaza de San Esteban, 1, 01193 Elburgo, España",1,,San Esteban plaza/Plaza de San Esteban,1193,,,Elburgo,Albacete,AB,País Vasco/Euskadi,,España,es,0,,,© OpenStreetMap contributors,Open Database License,https://www.openstreetmap.org/copyright
1670949284-2000,https://www.sepe.es/HomeSepe/en/que-es-el-sepe/que-es-el-sepe/Red-de-oficinas.html,Bizkaia/Vizcaya,https://www.sepe.es/HomeSepe/en/que-es-el-sepe/que-es-el-sepe/Red-de-oficinas/ResultadosBusqueda.html?id=d591e0d5-391f-4a85-af4f-2b16875bef70&provinciaNombre=Bizkaia/Vizcaya,ZALLA,https://www.sepe.es/HomeSepe/en/que-es-el-sepe/que-es-el-sepe/Red-de-oficinas/DetalleOficina.html?idOficina=7a00e961-e60b-4ac4-aba4-efe107adb40d,48860,"PLAZA DE EUSKADI, 9","PLAZA DE EUSKADI, 9, 48860",43.21463,-3.132063,"Plaza Euskadi, 9, 48860 Zalla, España",9,,Plaza Euskadi,48860,,,Zalla,Vizcaya,BI,País Vasco/Euskadi,,España,es,0,,,© OpenStreetMap contributors,Open Database License,https://www.openstreetmap.org/copyright
1670949286-2001,https://www.sepe.es/HomeSepe/en/que-es-el-sepe/que-es-el-sepe/Red-de-oficinas.html,Bizkaia/Vizcaya,https://www.sepe.es/HomeSepe/en/que-es-el-sepe/que-es-el-sepe/Red-de-oficinas/ResultadosBusqueda.html?id=d591e0d5-391f-4a85-af4f-2b16875bef70&provinciaNombre=Bizkaia/Vizcaya,SESTAO,https://www.sepe.es/HomeSepe/en/que-es-el-sepe/que-es-el-sepe/Red-de-oficinas/DetalleOficina.html?idOficina=ea9886d3-1ea0-4ca5-9cc9-44f622af5a4e,48910,"C/ VÍA GALINDO, 14","C/ VÍA GALINDO, 14, 48910",43.3073961,-3.0087278,"Calle Vía Galindo, 14, 48910 Sestao, España",14,,Calle Vía Galindo,48910,,Markonzaga,Sestao,Vizcaya,BI,País Vasco,PV,España,es,0.81,0.81,1,© OpenStreetMap contributors,Open Database License,https://www.openstreetmap.org/copyright
1670949289-2002,https://www.sepe.es/HomeSepe/en/que-es-el-sepe/que-es-el-sepe/Red-de-oficinas.html,Bizkaia/Vizcaya,https://www.sepe.es/HomeSepe/en/que-es-el-sepe/que-es-el-sepe/Red-de-oficinas/ResultadosBusqueda.html?id=d591e0d5-391f-4a85-af4f-2b16875bef70&provinciaNombre=Bizkaia/Vizcaya,SANTURTZI,https://www.sepe.es/HomeSepe/en/que-es-el-sepe/que-es-el-sepe/Red-de-oficinas/DetalleOficina.html?idOficina=7e845b6f-1774-47a3-9f22-4e8a51aba6aa,48980,"AVDA. CRISTOBAL MURRIETA, 22","AVDA. CRISTOBAL MURRIETA, 22, 48980",43.327896,-3.030288,"Avenida Cristobal Murrieta, 36, 48980 Santurce-Antiguo, España",36,,Avenida Cristobal Murrieta,48980,,Santurce,Santurce-Antiguo,Vizcaya,BI,País Vasco/Euskadi,,España,es,0.5,1,1,© OpenStreetMap contributors,Open Database License,https://www.openstreetmap.org/copyright
1670949291-2003,https://www.sepe.es/HomeSepe/en/que-es-el-sepe/que-es-el-sepe/Red-de-oficinas.html,Bizkaia/Vizcaya,https://www.sepe.es/HomeSepe/en/que-es-el-sepe/que-es-el-sepe/Red-de-oficinas/ResultadosBusqueda.html?id=d591e0d5-391f-4a85-af4f-2b16875bef70&provinciaNombre=Bizkaia/Vizcaya,ONDARROA,https://www.sepe.es/HomeSepe/en/que-es-el-sepe/que-es-el-sepe/Red-de-oficinas/DetalleOficina.html?idOficina=bb7c176a-edea-4eea-953e-6d22ec0e1307,48700,"C/ SAN IGNAZIO KALEA, 40","C/ SAN IGNAZIO KALEA, 40, 48700",43.3209341,-2.4286612,"San Ignazio kalea, 48700 Ondarroa, España",,San Ignazio kalea,San Ignazio kalea,48700,,Kaminagazpi,Ondarroa,Vizcaya,BI,País Vasco,PV,España,es,0.45,0.9,1,© OpenStreetMap contributors,Open Database License,https://www.openstreetmap.org/copyright
1670949295-2004,https://www.sepe.es/HomeSepe/en/que-es-el-sepe/que-es-el-sepe/Red-de-oficinas.html,Bizkaia/Vizcaya,https://www.sepe.es/HomeSepe/en/que-es-el-sepe/que-es-el-sepe/Red-de-oficinas/ResultadosBusqueda.html?id=d591e0d5-391f-4a85-af4f-2b16875bef70&provinciaNombre=Bizkaia/Vizcaya,MUNGIA,https://www.sepe.es/HomeSepe/en/que-es-el-sepe/que-es-el-sepe/Red-de-oficinas/DetalleOficina.html?idOficina=c4206d63-227e-47e1-8dc7-eed2947d34c7,48100,"OLALDE BERESIA KALEA, 3 B","OLALDE BERESIA KALEA, 3 B, 48100",43.357326,-2.850281,"Olalde Beresia Kalea, 2, 48100 Mungia, España",2,,Olalde Beresia Kalea,48100,,Munguía,Mungia,Vizcaya,BI,País Vasco/Euskadi,,España,es,0.7,1,1,© OpenStreetMap contributors,Open Database License,https://www.openstreetmap.org/copyright
1670949298-2005,https://www.sepe.es/HomeSepe/en/que-es-el-sepe/que-es-el-sepe/Red-de-oficinas.html,Bizkaia/Vizcaya,https://www.sepe.es/HomeSepe/en/que-es-el-sepe/que-es-el-sepe/Red-de-oficinas/ResultadosBusqueda.html?id=d591e0d5-391f-4a85-af4f-2b16875bef70&provinciaNombre=Bizkaia/Vizcaya,GETXO,https://www.sepe.es/HomeSepe/en/que-es-el-sepe/que-es-el-sepe/Red-de-oficinas/DetalleOficina.html?idOficina=141897a8-bdf6-475a-855b-b8aa3f61e20d,48930,"C/ NEGUBIDE, 1","C/ NEGUBIDE, 1, 48930",43.327891,-3.010858,"Negubide Kalea, 1, 48930 Los Pinos, España",1,,Negubide Kalea,48930,,Guecho,Los Pinos,Vizcaya,BI,País Vasco/Euskadi,,España,es,0.7,0.7,1,© OpenStreetMap contributors,Open Database License,https://www.openstreetmap.org/copyright
1670949301-2006,https://www.sepe.es/HomeSepe/en/que-es-el-sepe/que-es-el-sepe/Red-de-oficinas.html,Bizkaia/Vizcaya,https://www.sepe.es/HomeSepe/en/que-es-el-sepe/que-es-el-sepe/Red-de-oficinas/ResultadosBusqueda.html?id=d591e0d5-391f-4a85-af4f-2b16875bef70&provinciaNombre=Bizkaia/Vizcaya,GERNIKA-LUMO,https://www.sepe.es/HomeSepe/en/que-es-el-sepe/que-es-el-sepe/Red-de-oficinas/DetalleOficina.html?idOficina=8e41bb73-fac3-4dea-aa16-ec9227e313cf,48300,"C/ D.TELLO, 11","C/ D.TELLO, 11, 48300",43.317024,-2.6765,"Don Tello kalea, 11, 48300 Rentería, España",11,,Don Tello kalea,48300,,Gernika-Lumo,Rentería,Vizcaya,BI,País Vasco/Euskadi,,España,es,0,,,© OpenStreetMap contributors,Open Database License,https://www.openstreetmap.org/copyright
1670949303-2007,https://www.sepe.es/HomeSepe/en/que-es-el-sepe/que-es-el-sepe/Red-de-oficinas.html,Bizkaia/Vizcaya,https://www.sepe.es/HomeSepe/en/que-es-el-sepe/que-es-el-sepe/Red-de-oficinas/ResultadosBusqueda.html?id=d591e0d5-391f-4a85-af4f-2b16875bef70&provinciaNombre=Bizkaia/Vizcaya,DURANGO,https://www.sepe.es/HomeSepe/en/que-es-el-sepe/que-es-el-sepe/Red-de-oficinas/DetalleOficina.html?idOficina=0f2e584f-76c5-40a2-998a-80437834fa02,48200,"C/ ALLUITZ, 9-11","C/ ALLUITZ, 9-11, 48200",43.16704563,-2.63434162,"48200 Durango, España",,Durango,,48200,,,Durango,Vizcaya,BI,País Vasco,PV,España,es,0,,1,© OpenStreetMap contributors,Open Database License,https://www.openstreetmap.org/copyright
1670949306-2008,https://www.sepe.es/HomeSepe/en/que-es-el-sepe/que-es-el-sepe/Red-de-oficinas.html,Bizkaia/Vizcaya,https://www.sepe.es/HomeSepe/en/que-es-el-sepe/que-es-el-sepe/Red-de-oficinas/ResultadosBusqueda.html?id=d591e0d5-391f-4a85-af4f-2b16875bef70&provinciaNombre=Bizkaia/Vizcaya,BILBAO-SANTUTXU,https://www.sepe.es/HomeSepe/en/que-es-el-sepe/que-es-el-sepe/Red-de-oficinas/DetalleOficina.html?idOficina=6f743695-127d-4826-852e-1d93391c584d,48004,"C/ SANTUTXU, ESQUINA FICA S/N FRENTE AL 49","C/ SANTUTXU, ESQUINA FICA S/N FRENTE AL 49, 48004",43.251374,-2.914283,"Santutxu kalea, 41, 48004 Bilbao, España",41,,Santutxu kalea,48004,Bilbao La Vieja,Bilbao,Bilbao,Vizcaya,BI,País Vasco/Euskadi,,España,es,0.448,0.9,1,© OpenStreetMap contributors,Open Database License,https://www.openstreetmap.org/copyright
1670949309-2009,https://www.sepe.es/HomeSepe/en/que-es-el-sepe/que-es-el-sepe/Red-de-oficinas.html,Bizkaia/Vizcaya,https://www.sepe.es/HomeSepe/en/que-es-el-sepe/que-es-el-sepe/Red-de-oficinas/ResultadosBusqueda.html?id=d591e0d5-391f-4a85-af4f-2b16875bef70&provinciaNombre=Bizkaia/Vizcaya,BILBAO-SAN INAZIO,https://www.sepe.es/HomeSepe/en/que-es-el-sepe/que-es-el-sepe/Red-de-oficinas/DetalleOficina.html?idOficina=e758d61c-9308-4db5-b83a-d05eb3bced31,48015,"C/ CATALUÑA, 1-3","C/ CATALUÑA, 1-3, 48015",43.2822425,-2.9618072,"Calle Cantabria, 1, 48015 Bilbao, España",1,,Calle Cantabria,48015,Deusto,,Bilbao,Vizcaya,BI,País Vasco,PV,España,es,0,,1,© OpenStreetMap contributors,Open Database License,https://www.openstreetmap.org/copyright
1670949315-2010,https://www.sepe.es/HomeSepe/en/que-es-el-sepe/que-es-el-sepe/Red-de-oficinas.html,Bizkaia/Vizcaya,https://www.sepe.es/HomeSepe/en/que-es-el-sepe/que-es-el-sepe/Red-de-oficinas/ResultadosBusqueda.html?id=d591e0d5-391f-4a85-af4f-2b16875bef70&provinciaNombre=Bizkaia/Vizcaya,BILBAO-REKALDE,https://www.sepe.es/HomeSepe/en/que-es-el-sepe/que-es-el-sepe/Red-de-oficinas/DetalleOficina.html?idOficina=ba382b00-a7d1-4a73-8349-8784bf059696,48012,"C/ MARIA VICTORIA URIBE LASO, 3-5-7 (ENTRADA POR LA CALLE PEATONAL)","C/ MARIA VICTORIA URIBE LASO, 3-5-7 (ENTRADA POR LA CALLE PEATONAL), 48012",43.252831,-2.942427,"Calle María Victoria Uribe Laso / Maria Victoria Uribe Laso kalea, 7, 48012 Bilbao, España",7,,Calle María Victoria Uribe Laso / Maria Victoria Uribe Laso kalea,48012,Iralabarri,Bilbao,Bilbao,Vizcaya,BI,País Vasco/Euskadi,,España,es,0.26973,0.729,1,© OpenStreetMap contributors,Open Database License,https://www.openstreetmap.org/copyright
1670949317-2011,https://www.sepe.es/HomeSepe/en/que-es-el-sepe/que-es-el-sepe/Red-de-oficinas.html,Bizkaia/Vizcaya,https://www.sepe.es/HomeSepe/en/que-es-el-sepe/que-es-el-sepe/Red-de-oficinas/ResultadosBusqueda.html?id=d591e0d5-391f-4a85-af4f-2b16875bef70&provinciaNombre=Bizkaia/Vizcaya,BILBAO-MAZARREDO,https://www.sepe.es/HomeSepe/en/que-es-el-sepe/que-es-el-sepe/Red-de-oficinas/DetalleOficina.html?idOficina=5d5911c7-fc88-4818-910a-c680f8fbf5bd,48009,"ALAMEDA DE MAZARREDO, 39","ALAMEDA DE MAZARREDO, 39, 48009",43.2672909,-2.9308762,"Alameda Mazarredo, 39, 48009 Bilbao, España",39,,Alameda Mazarredo,48009,Abando,Uribitarte,Bilbao,Vizcaya,BI,País Vasco,PV,España,es,0.9,0.9,1,© OpenStreetMap contributors,Open Database License,https://www.openstreetmap.org/copyright
1670949320-2012,https://www.sepe.es/HomeSepe/en/que-es-el-sepe/que-es-el-sepe/Red-de-oficinas.html,Bizkaia/Vizcaya,https://www.sepe.es/HomeSepe/en/que-es-el-sepe/que-es-el-sepe/Red-de-oficinas/ResultadosBusqueda.html?id=d591e0d5-391f-4a85-af4f-2b16875bef70&provinciaNombre=Bizkaia/Vizcaya,BASAURI,https://www.sepe.es/HomeSepe/en/que-es-el-sepe/que-es-el-sepe/Red-de-oficinas/DetalleOficina.html?idOficina=3fc2e1d6-1bde-4411-9c55-794cf21eba59,48970,"C/ URBI, 3 Y 5","C/ URBI, 3 Y 5, 48970",43.24075875,-2.878981082,"Urbi lowcost, Avenida Cervantes, 51, 48970 Basauri, España",51,Urbi lowcost,Avenida Cervantes,48970,Arizgoiti,,Basauri,Vizcaya,BI,País Vasco,PV,España,es,0,,1,© OpenStreetMap contributors,Open Database License,https://www.openstreetmap.org/copyright
1670949323-2013,https://www.sepe.es/HomeSepe/en/que-es-el-sepe/que-es-el-sepe/Red-de-oficinas.html,Bizkaia/Vizcaya,https://www.sepe.es/HomeSepe/en/que-es-el-sepe/que-es-el-sepe/Red-de-oficinas/ResultadosBusqueda.html?id=d591e0d5-391f-4a85-af4f-2b16875bef70&provinciaNombre=Bizkaia/Vizcaya,BARAKALDO-GURUTZETA,https://www.sepe.es/HomeSepe/en/que-es-el-sepe/que-es-el-sepe/Red-de-oficinas/DetalleOficina.html?idOficina=2d4df18c-78b1-4738-8a72-04a46cffb68b,48903,"C/ LA PAZ, 14 BAJO","C/ LA PAZ, 14 BAJO, 48903",43.2790305,-2.9841591,"Calle La Paz, 48903 Baracaldo, España",,Calle La Paz,Calle La Paz,48903,Gurutzeta - Cruces,,Baracaldo,Vizcaya,BI,País Vasco,PV,España,es,0.9,0.9,1,© OpenStreetMap contributors,Open Database License,https://www.openstreetmap.org/copyright
1670949325-2014,https://www.sepe.es/HomeSepe/en/que-es-el-sepe/que-es-el-sepe/Red-de-oficinas.html,Bizkaia/Vizcaya,https://www.sepe.es/HomeSepe/en/que-es-el-sepe/que-es-el-sepe/Red-de-oficinas/ResultadosBusqueda.html?id=d591e0d5-391f-4a85-af4f-2b16875bef70&provinciaNombre=Bizkaia/Vizcaya,BARAKALDO-BEURKO,https://www.sepe.es/HomeSepe/en/que-es-el-sepe/que-es-el-sepe/Red-de-oficinas/DetalleOficina.html?idOficina=622875b7-f701-48b8-9bd1-32ba9df480a3,48902,"C/ LUIS DE CASTRESANA, 9","C/ LUIS DE CASTRESANA, 9, 48902",43.2995401,-2.9943327,"Calle Luis de Castresana, 48901 Baracaldo, España",,Calle Luis de Castresana,Calle Luis de Castresana,48901,,Santa Teresa-Beurko,Baracaldo,Vizcaya,BI,País Vasco,PV,España,es,0.5,0.3,0.3,© OpenStreetMap contributors,Open Database License,https://www.openstreetmap.org/copyright
1670949333-2015,https://www.sepe.es/HomeSepe/en/que-es-el-sepe/que-es-el-sepe/Red-de-oficinas.html,Barcelona,https://www.sepe.es/HomeSepe/en/que-es-el-sepe/que-es-el-sepe/Red-de-oficinas/ResultadosBusqueda.html?id=dbdb56af-735b-4f6e-bccc-3bd88be34665&provinciaNombre=Barcelona,VILLAFRANCA DEL PENEDÈS,https://www.sepe.es/HomeSepe/en/que-es-el-sepe/que-es-el-sepe/Red-de-oficinas/DetalleOficina.html?idOficina=bd3e1a5b-22b5-495a-a9ab-3a07c8f37cd0,8720,"PLAÇA PENEDÈS, 4","PLAÇA PENEDÈS, 4, 8720",41.34454175,1.698888069,,,,,,,,,,,,,,,,,,,,
1670949335-2016,https://www.sepe.es/HomeSepe/en/que-es-el-sepe/que-es-el-sepe/Red-de-oficinas.html,Barcelona,https://www.sepe.es/HomeSepe/en/que-es-el-sepe/que-es-el-sepe/Red-de-oficinas/ResultadosBusqueda.html?id=dbdb56af-735b-4f6e-bccc-3bd88be34665&provinciaNombre=Barcelona,VILANOVA I LA GELTRÚ,https://www.sepe.es/HomeSepe/en/que-es-el-sepe/que-es-el-sepe/Red-de-oficinas/DetalleOficina.html?idOficina=30260225-75f0-46c0-818a-94b597c7f641,8800,"RAMBLA DE ARNAU DE VILANOVA, 2","RAMBLA DE ARNAU DE VILANOVA, 2, 8800",41.217997,1.711382,"Rambla Arnau de Vilanova, 2, 08800 Villanueva y Geltrú, España",2,,Rambla Arnau de Vilanova,8800,,,Villanueva y Geltrú,Barcelona,B,Catalonia,,España,es,1,1,1,© OpenStreetMap contributors,Open Database License,https://www.openstreetmap.org/copyright
1670949338-2017,https://www.sepe.es/HomeSepe/en/que-es-el-sepe/que-es-el-sepe/Red-de-oficinas.html,Barcelona,https://www.sepe.es/HomeSepe/en/que-es-el-sepe/que-es-el-sepe/Red-de-oficinas/ResultadosBusqueda.html?id=dbdb56af-735b-4f6e-bccc-3bd88be34665&provinciaNombre=Barcelona,VILADECANS,https://www.sepe.es/HomeSepe/en/que-es-el-sepe/que-es-el-sepe/Red-de-oficinas/DetalleOficina.html?idOficina=b4132396-9be7-48d7-83dc-d3a625f01980,8840,"C/ POMPEU FABRA, 3","C/ POMPEU FABRA, 3, 8840",42.788699,-1.626138,"Pol.Mutilva,c/Morea (c/C), Mutilva Baja, Comunidad Foral De Navarra, España",,"Pol.Mutilva,c/Morea (c/C)",,,,Aranguren,Mutilva Baja,Navarra,NA,Comunidad Foral De Navarra,,España,es,0,,,© OpenStreetMap contributors,Open Database License,https://www.openstreetmap.org/copyright
1670949341-2018,https://www.sepe.es/HomeSepe/en/que-es-el-sepe/que-es-el-sepe/Red-de-oficinas.html,Barcelona,https://www.sepe.es/HomeSepe/en/que-es-el-sepe/que-es-el-sepe/Red-de-oficinas/ResultadosBusqueda.html?id=dbdb56af-735b-4f6e-bccc-3bd88be34665&provinciaNombre=Barcelona,VIC,https://www.sepe.es/HomeSepe/en/que-es-el-sepe/que-es-el-sepe/Red-de-oficinas/DetalleOficina.html?idOficina=1eb018bb-7139-410e-bdb5-00b69734e695,8500,"C/ RAMÓN SALA I SAÇALA, S/N","C/ RAMÓN SALA I SAÇALA, S/N, 8500",41.63162,-0.851847,"Calle C, Cartuja Baja, La, España",,,Calle C,,San Jose,Zaragoza,"Cartuja Baja, La",Zaragoza,Z,Aragón,AR,España,es,0.281544828,0.25515,0.315,© OpenStreetMap contributors,Open Database License,https://www.openstreetmap.org/copyright
1670949343-2019,https://www.sepe.es/HomeSepe/en/que-es-el-sepe/que-es-el-sepe/Red-de-oficinas.html,Barcelona,https://www.sepe.es/HomeSepe/en/que-es-el-sepe/que-es-el-sepe/Red-de-oficinas/ResultadosBusqueda.html?id=dbdb56af-735b-4f6e-bccc-3bd88be34665&provinciaNombre=Barcelona,TERRASA - EDISON,https://www.sepe.es/HomeSepe/en/que-es-el-sepe/que-es-el-sepe/Red-de-oficinas/DetalleOficina.html?idOficina=8d38b5ea-3f90-4caa-a8f7-84a013d185f6,8221,"C/ EDISON, 9-15","C/ EDISON, 9-15, 8221",41.55583931,2.004048155,,,,,,,,,,,,,,,,,,,,
1670949346-2020,https://www.sepe.es/HomeSepe/en/que-es-el-sepe/que-es-el-sepe/Red-de-oficinas.html,Barcelona,https://www.sepe.es/HomeSepe/en/que-es-el-sepe/que-es-el-sepe/Red-de-oficinas/ResultadosBusqueda.html?id=dbdb56af-735b-4f6e-bccc-3bd88be34665&provinciaNombre=Barcelona,SANTA COLOMA DE GRAMENET,https://www.sepe.es/HomeSepe/en/que-es-el-sepe/que-es-el-sepe/Red-de-oficinas/DetalleOficina.html?idOficina=dc8d5004-0e32-468c-a7aa-28c891db1b8a,8921,"PLAÇA D'EN VILASECA, S/N","PLAÇA D'EN VILASECA, S/N, 8921",41.508071,2.189977,"N-152a - Mig - P. I. Pla d'en Coll, Moncada y Reixach, Catalonia, España",,N-152a - Mig - P. I. Pla d'en Coll,,,,,Moncada y Reixach,Barcelona,B,Catalonia,,España,es,0,,,© OpenStreetMap contributors,Open Database License,https://www.openstreetmap.org/copyright
1670949349-2021,https://www.sepe.es/HomeSepe/en/que-es-el-sepe/que-es-el-sepe/Red-de-oficinas.html,Barcelona,https://www.sepe.es/HomeSepe/en/que-es-el-sepe/que-es-el-sepe/Red-de-oficinas/ResultadosBusqueda.html?id=dbdb56af-735b-4f6e-bccc-3bd88be34665&provinciaNombre=Barcelona,SANT VICENÇ DELS HORTS,https://www.sepe.es/HomeSepe/en/que-es-el-sepe/que-es-el-sepe/Red-de-oficinas/DetalleOficina.html?idOficina=24e911b8-139f-40c8-b30a-c9074b3da7d3,8620,"C/ MOLÍ DELS FRARES, 290","C/ MOLÍ DELS FRARES, 290, 8620",41.638111,2.020343,"Camí dels Monjos (PR-C 31), Matadepera, España",,,Camí dels Monjos (PR-C 31),,,,Matadepera,Barcelona,B,Catalonia,,España,es,0,,,© OpenStreetMap contributors,Open Database License,https://www.openstreetmap.org/copyright
1670949351-2022,https://www.sepe.es/HomeSepe/en/que-es-el-sepe/que-es-el-sepe/Red-de-oficinas.html,Barcelona,https://www.sepe.es/HomeSepe/en/que-es-el-sepe/que-es-el-sepe/Red-de-oficinas/ResultadosBusqueda.html?id=dbdb56af-735b-4f6e-bccc-3bd88be34665&provinciaNombre=Barcelona,SANT FELIU DE LLOBREGAT,https://www.sepe.es/HomeSepe/en/que-es-el-sepe/que-es-el-sepe/Red-de-oficinas/DetalleOficina.html?idOficina=82a8aa6e-39af-4706-ac37-56a5e95b2dfa,8980,"C/ HOSPITALET, S/N","C/ HOSPITALET, S/N, 8980",37.684203,-4.856434,"Calle Hospitalet, La Victoria, España",,,Calle Hospitalet,,,,La Victoria,Córdoba,CO,Andalucía,AN,España,es,0,,,© OpenStreetMap contributors,Open Database License,https://www.openstreetmap.org/copyright
1670949354-2023,https://www.sepe.es/HomeSepe/en/que-es-el-sepe/que-es-el-sepe/Red-de-oficinas.html,Barcelona,https://www.sepe.es/HomeSepe/en/que-es-el-sepe/que-es-el-sepe/Red-de-oficinas/ResultadosBusqueda.html?id=dbdb56af-735b-4f6e-bccc-3bd88be34665&provinciaNombre=Barcelona,SANT CUGAT DEL VALLÈS,https://www.sepe.es/HomeSepe/en/que-es-el-sepe/que-es-el-sepe/Red-de-oficinas/DetalleOficina.html?idOficina=446f8048-093f-44aa-b4fb-d14330dfcb38,8172,"C/ DE LA CREU, 2","C/ DE LA CREU, 2, 8172",41.473497,2.086809,"Carrer de la Creu, 2, 08172 Sant Cugat del Vallès, España",2,,Carrer de la Creu,8172,,San Cugat del Vallés,Sant Cugat del Vallès,Barcelona,B,Catalonia,,España,es,1,1,1,© OpenStreetMap contributors,Open Database License,https://www.openstreetmap.org/copyright
1670949357-2024,https://www.sepe.es/HomeSepe/en/que-es-el-sepe/que-es-el-sepe/Red-de-oficinas.html,Barcelona,https://www.sepe.es/HomeSepe/en/que-es-el-sepe/que-es-el-sepe/Red-de-oficinas/ResultadosBusqueda.html?id=dbdb56af-735b-4f6e-bccc-3bd88be34665&provinciaNombre=Barcelona,SANT BOI DE LLOBREGAT,https://www.sepe.es/HomeSepe/en/que-es-el-sepe/que-es-el-sepe/Red-de-oficinas/DetalleOficina.html?idOficina=31bef791-e434-4c2b-9ab6-6df6cdd1489a,8830,"C/ PI I MARGALL, 111","C/ PI I MARGALL, 111, 8830",41.436623,2.240083,"Carrer Pi i Margall, 1-3, Badalona, España",01-Mar,,Carrer Pi i Margall,,Artigas,Badalona,Badalona,Barcelona,B,Catalonia,,España,es,0,,,© OpenStreetMap contributors,Open Database License,https://www.openstreetmap.org/copyright
1670949359-2025,https://www.sepe.es/HomeSepe/en/que-es-el-sepe/que-es-el-sepe/Red-de-oficinas.html,Barcelona,https://www.sepe.es/HomeSepe/en/que-es-el-sepe/que-es-el-sepe/Red-de-oficinas/ResultadosBusqueda.html?id=dbdb56af-735b-4f6e-bccc-3bd88be34665&provinciaNombre=Barcelona,SANT ADRIÀ DE BESÒS,https://www.sepe.es/HomeSepe/en/que-es-el-sepe/que-es-el-sepe/Red-de-oficinas/DetalleOficina.html?idOficina=dbbb6862-87b0-47cd-b4ba-3faeb6153285,8930,"C/ OLIMPIC, S/N (CANTONADA PI I GIBERT)","C/ OLIMPIC, S/N (CANTONADA PI I GIBERT), 8930",41.423653,2.226951,"Carrer Olímpic, San Adrián de Besós, España",,,Carrer Olímpic,,Artigas,Sant Adrià De Besòs,San Adrián de Besós,Barcelona,B,Catalonia,,España,es,0.353414634,0.35721,0.35721,© OpenStreetMap contributors,Open Database License,https://www.openstreetmap.org/copyright
1670949362-2026,https://www.sepe.es/HomeSepe/en/que-es-el-sepe/que-es-el-sepe/Red-de-oficinas.html,Barcelona,https://www.sepe.es/HomeSepe/en/que-es-el-sepe/que-es-el-sepe/Red-de-oficinas/ResultadosBusqueda.html?id=dbdb56af-735b-4f6e-bccc-3bd88be34665&provinciaNombre=Barcelona,SABADELL I - CENTRE,https://www.sepe.es/HomeSepe/en/que-es-el-sepe/que-es-el-sepe/Red-de-oficinas/DetalleOficina.html?idOficina=b27285c8-7016-4a31-a8ea-2ae19e812163,8203,"C/ REPÚBLICA, 45","C/ REPÚBLICA, 45, 8203",39.017471,-1.887063,"Calle C, 45-6, 02007 Albacete, España",45-6,,Calle C,2007,,Albacete,Albacete,Albacete,AB,Castilla-La Mancha,CM,España,es,0,,,© OpenStreetMap contributors,Open Database License,https://www.openstreetmap.org/copyright
1670949366-2027,https://www.sepe.es/HomeSepe/en/que-es-el-sepe/que-es-el-sepe/Red-de-oficinas.html,Barcelona,https://www.sepe.es/HomeSepe/en/que-es-el-sepe/que-es-el-sepe/Red-de-oficinas/ResultadosBusqueda.html?id=dbdb56af-735b-4f6e-bccc-3bd88be34665&provinciaNombre=Barcelona,SABADELL  II-SARDÀ,https://www.sepe.es/HomeSepe/en/que-es-el-sepe/que-es-el-sepe/Red-de-oficinas/DetalleOficina.html?idOficina=4159cd75-637c-4bf8-9d8e-43fb5342cb45,8203,"C/ SARDA, 121-123","C/ SARDA, 121-123, 8203",41.992847,-1.676163,"CR N-121 C, 10, Cascante, España",10,,CR N-121 C,,,,Cascante,Navarra,NA,Comunidad Foral De Navarra,,España,es,0,,,© OpenStreetMap contributors,Open Database License,https://www.openstreetmap.org/copyright
1670949369-2028,https://www.sepe.es/HomeSepe/en/que-es-el-sepe/que-es-el-sepe/Red-de-oficinas.html,Barcelona,https://www.sepe.es/HomeSepe/en/que-es-el-sepe/que-es-el-sepe/Red-de-oficinas/ResultadosBusqueda.html?id=dbdb56af-735b-4f6e-bccc-3bd88be34665&provinciaNombre=Barcelona,RUBI,https://www.sepe.es/HomeSepe/en/que-es-el-sepe/que-es-el-sepe/Red-de-oficinas/DetalleOficina.html?idOficina=9f1c8dd9-a5f0-4b49-91f1-8de96d0d7886,8191,"CARRETERA DE TERRASSA, 42-44","CARRETERA DE TERRASSA, 42-44, 8191",41.615169,2.080556,"Carretera de Terrassa, Castellar del Vallès, España",,,Carretera de Terrassa,,,Castellar del Vallés,Castellar del Vallès,Barcelona,B,Catalonia,,España,es,0,,,© OpenStreetMap contributors,Open Database License,https://www.openstreetmap.org/copyright
1670949371-2029,https://www.sepe.es/HomeSepe/en/que-es-el-sepe/que-es-el-sepe/Red-de-oficinas.html,Barcelona,https://www.sepe.es/HomeSepe/en/que-es-el-sepe/que-es-el-sepe/Red-de-oficinas/ResultadosBusqueda.html?id=dbdb56af-735b-4f6e-bccc-3bd88be34665&provinciaNombre=Barcelona,RIPOLLET,https://www.sepe.es/HomeSepe/en/que-es-el-sepe/que-es-el-sepe/Red-de-oficinas/DetalleOficina.html?idOficina=41c82373-c357-49ef-a0dd-1a00f599dc0b,8291,"RAMBLA DE SANT JORDI, 68","RAMBLA DE SANT JORDI, 68, 8291",41.670992,0.610179,"Rambla de Sant Jordi, Torrefarrera, España",,,Rambla de Sant Jordi,,,Torrefarrera,Torrefarrera,Lérida,L,Catalonia,,España,es,0.769230769,,,© OpenStreetMap contributors,Open Database License,https://www.openstreetmap.org/copyright
1670949375-2030,https://www.sepe.es/HomeSepe/en/que-es-el-sepe/que-es-el-sepe/Red-de-oficinas.html,Barcelona,https://www.sepe.es/HomeSepe/en/que-es-el-sepe/que-es-el-sepe/Red-de-oficinas/ResultadosBusqueda.html?id=dbdb56af-735b-4f6e-bccc-3bd88be34665&provinciaNombre=Barcelona,PREMIÀ DE MAR,https://www.sepe.es/HomeSepe/en/que-es-el-sepe/que-es-el-sepe/Red-de-oficinas/DetalleOficina.html?idOficina=dd10f435-0a5c-4628-9ede-305326bc4e59,8330,"C/ ELISENDA DE MONTCADA, 65","C/ ELISENDA DE MONTCADA, 65, 8330",41.496305,2.357356,"c. Mercé - c. Elisenda de Montcada, Premià de Mar, Catalonia, España",,c. Mercé - c. Elisenda de Montcada,,,,Premiá de Mar,Premià de Mar,Barcelona,B,Catalonia,,España,es,0,,,© OpenStreetMap contributors,Open Database License,https://www.openstreetmap.org/copyright
1670949377-2031,https://www.sepe.es/HomeSepe/en/que-es-el-sepe/que-es-el-sepe/Red-de-oficinas.html,Barcelona,https://www.sepe.es/HomeSepe/en/que-es-el-sepe/que-es-el-sepe/Red-de-oficinas/ResultadosBusqueda.html?id=dbdb56af-735b-4f6e-bccc-3bd88be34665&provinciaNombre=Barcelona,PINEDA DE MAR,https://www.sepe.es/HomeSepe/en/que-es-el-sepe/que-es-el-sepe/Red-de-oficinas/DetalleOficina.html?idOficina=3b22d860-bb1e-407c-a287-cfb2aa970d3d,8370,"C/ ANOIA, S/N EDIFICI INNOVA","C/ ANOIA, S/N EDIFICI INNOVA, 8370",41.520826,1.75396,"Carrer Anoia, Piera, España",,,Carrer Anoia,,,Piera,Piera,Barcelona,B,Catalonia,,España,es,0.766666667,,,© OpenStreetMap contributors,Open Database License,https://www.openstreetmap.org/copyright
1670949382-2032,https://www.sepe.es/HomeSepe/en/que-es-el-sepe/que-es-el-sepe/Red-de-oficinas.html,Barcelona,https://www.sepe.es/HomeSepe/en/que-es-el-sepe/que-es-el-sepe/Red-de-oficinas/ResultadosBusqueda.html?id=dbdb56af-735b-4f6e-bccc-3bd88be34665&provinciaNombre=Barcelona,MOLLET DE VALLES,https://www.sepe.es/HomeSepe/en/que-es-el-sepe/que-es-el-sepe/Red-de-oficinas/DetalleOficina.html?idOficina=5e1dae71-4182-4427-9b8a-681c674ca45b,8100,"POLIGONO RONDA DE LA FARINERA, S/N; C/LES VINYES ALTES 1º","POLIGONO RONDA DE LA FARINERA, S/N; C/LES VINYES ALTES 1º, 8100",41.534364,2.204391,"Ronda de la Farinera, Mollet Del Vallès, España",,,Ronda de la Farinera,,,,Mollet Del Vallès,Barcelona,B,Catalonia,,España,es,0,,,© OpenStreetMap contributors,Open Database License,https://www.openstreetmap.org/copyright
1670949385-2033,https://www.sepe.es/HomeSepe/en/que-es-el-sepe/que-es-el-sepe/Red-de-oficinas.html,Barcelona,https://www.sepe.es/HomeSepe/en/que-es-el-sepe/que-es-el-sepe/Red-de-oficinas/ResultadosBusqueda.html?id=dbdb56af-735b-4f6e-bccc-3bd88be34665&provinciaNombre=Barcelona,MATARO,https://www.sepe.es/HomeSepe/en/que-es-el-sepe/que-es-el-sepe/Red-de-oficinas/DetalleOficina.html?idOficina=8b6aec80-649e-4998-a5d0-c6448ae265cb,8302,"C/ CASTAÑOS, 57","C/ CASTAÑOS, 57, 8302",39.02046,-1.889106,"Calle C, 57, 02007 Albacete, España",57,,Calle C,2007,,Albacete,Albacete,Albacete,AB,Castilla-La Mancha,CM,España,es,0,,,© OpenStreetMap contributors,Open Database License,https://www.openstreetmap.org/copyright
1670949388-2034,https://www.sepe.es/HomeSepe/en/que-es-el-sepe/que-es-el-sepe/Red-de-oficinas.html,Barcelona,https://www.sepe.es/HomeSepe/en/que-es-el-sepe/que-es-el-sepe/Red-de-oficinas/ResultadosBusqueda.html?id=dbdb56af-735b-4f6e-bccc-3bd88be34665&provinciaNombre=Barcelona,MARTORELL,https://www.sepe.es/HomeSepe/en/que-es-el-sepe/que-es-el-sepe/Red-de-oficinas/DetalleOficina.html?idOficina=397594bd-3d7a-4922-b784-801e35944a27,8760,"PASSATGE SINDICAT, S/N","PASSATGE SINDICAT, S/N, 8760",41.67511025,1.27613484,"Sindicat Agrícola, Passatge del Sindicat Agrícola, 25200 Cervera, España",,Sindicat Agrícola,Passatge del Sindicat Agrícola,25200,,,Cervera,Lérida,L,Cataluña,CT,España,es,0,,,© OpenStreetMap contributors,Open Database License,https://www.openstreetmap.org/copyright
1670949390-2035,https://www.sepe.es/HomeSepe/en/que-es-el-sepe/que-es-el-sepe/Red-de-oficinas.html,Barcelona,https://www.sepe.es/HomeSepe/en/que-es-el-sepe/que-es-el-sepe/Red-de-oficinas/ResultadosBusqueda.html?id=dbdb56af-735b-4f6e-bccc-3bd88be34665&provinciaNombre=Barcelona,MANRESA,https://www.sepe.es/HomeSepe/en/que-es-el-sepe/que-es-el-sepe/Red-de-oficinas/DetalleOficina.html?idOficina=7711c19d-ce88-432d-9e32-c141584b30c8,8241,"VÍA SANT IGNASI, 14","VÍA SANT IGNASI, 14, 8241",41.449642,2.211175,"Carrer de Sant Ignasi, 14, 08922 Santa Coloma de Gramanet, España",14,,Carrer de Sant Ignasi,8922,,Santa Coloma de Gramanet,Santa Coloma de Gramanet,Barcelona,B,Catalonia,,España,es,0,,,© OpenStreetMap contributors,Open Database License,https://www.openstreetmap.org/copyright
1670949393-2036,https://www.sepe.es/HomeSepe/en/que-es-el-sepe/que-es-el-sepe/Red-de-oficinas.html,Barcelona,https://www.sepe.es/HomeSepe/en/que-es-el-sepe/que-es-el-sepe/Red-de-oficinas/ResultadosBusqueda.html?id=dbdb56af-735b-4f6e-bccc-3bd88be34665&provinciaNombre=Barcelona,L'HOSPITALET - LA FARGA,https://www.sepe.es/HomeSepe/en/que-es-el-sepe/que-es-el-sepe/Red-de-oficinas/DetalleOficina.html?idOficina=9263b875-ec05-47a5-b20c-04adf622265a,8901,"C/ GIRONA, 12","C/ GIRONA, 12, 8901",41.97175,2.829692,"Grup Girona per Girona, 12, 17003 Girona, España",12,,Grup Girona per Girona,17003,,Gerona,Girona,Gerona,,Catalonia,,España,es,0,,,© OpenStreetMap contributors,Open Database License,https://www.openstreetmap.org/copyright
1670949396-2037,https://www.sepe.es/HomeSepe/en/que-es-el-sepe/que-es-el-sepe/Red-de-oficinas.html,Barcelona,https://www.sepe.es/HomeSepe/en/que-es-el-sepe/que-es-el-sepe/Red-de-oficinas/ResultadosBusqueda.html?id=dbdb56af-735b-4f6e-bccc-3bd88be34665&provinciaNombre=Barcelona,L'HOSPITALET - COBALTO,https://www.sepe.es/HomeSepe/en/que-es-el-sepe/que-es-el-sepe/Red-de-oficinas/DetalleOficina.html?idOficina=5f8a969b-0dcc-4fdb-96b6-f77632601a60,8907,"CARRETERA DEL MIG, 24","CARRETERA DEL MIG, 24, 8907",41.348624,2.094285,"Carretera del Mig, 267, 08907 Femades, España",267,,Carretera del Mig,8907,,Cornellá de Llobregat,Femades,Barcelona,B,Catalonia,,España,es,0.5,1,1,© OpenStreetMap contributors,Open Database License,https://www.openstreetmap.org/copyright
1670949422-2038,https://www.sepe.es/HomeSepe/en/que-es-el-sepe/que-es-el-sepe/Red-de-oficinas.html,Barcelona,https://www.sepe.es/HomeSepe/en/que-es-el-sepe/que-es-el-sepe/Red-de-oficinas/ResultadosBusqueda.html?id=dbdb56af-735b-4f6e-bccc-3bd88be34665&provinciaNombre=Barcelona,IGUALADA,https://www.sepe.es/HomeSepe/en/que-es-el-sepe/que-es-el-sepe/Red-de-oficinas/DetalleOficina.html?idOficina=59c571d4-d65d-4110-ba1e-4c19577c2923,8700,"PASSEIG MOSSEN JACINT VERDAGUER, 132","PASSEIG MOSSEN JACINT VERDAGUER, 132, 8700",41.581067,1.621888,"Passeig Mossèn Jacint Verdaguer, 67, 08700 Igualada, España",67,,Passeig Mossèn Jacint Verdaguer,8700,,Igualada,Igualada,Barcelona,B,Catalonia,,España,es,0.5,1,1,© OpenStreetMap contributors,Open Database License,https://www.openstreetmap.org/copyright
1670949444-2039,https://www.sepe.es/HomeSepe/en/que-es-el-sepe/que-es-el-sepe/Red-de-oficinas.html,Barcelona,https://www.sepe.es/HomeSepe/en/que-es-el-sepe/que-es-el-sepe/Red-de-oficinas/ResultadosBusqueda.html?id=dbdb56af-735b-4f6e-bccc-3bd88be34665&provinciaNombre=Barcelona,GRANOLLERS - PERIFERIA,https://www.sepe.es/HomeSepe/en/que-es-el-sepe/que-es-el-sepe/Red-de-oficinas/DetalleOficina.html?idOficina=a31a5cc8-02b8-430a-93e0-ec6d6ceac03c,8402,"AVDA. MARIE CURIE, 25-27","AVDA. MARIE CURIE, 25-27, 8402",38.7095921,-4.112018,"Avenida Marie Curie, 26, Puertollano, España",26,,Avenida Marie Curie,,,,Puertollano,Ciudad Real,CR,Castilla-La Mancha,CM,España,es,0,,,© OpenStreetMap contributors,Open Database License,https://www.openstreetmap.org/copyright
1670949448-2040,https://www.sepe.es/HomeSepe/en/que-es-el-sepe/que-es-el-sepe/Red-de-oficinas.html,Barcelona,https://www.sepe.es/HomeSepe/en/que-es-el-sepe/que-es-el-sepe/Red-de-oficinas/ResultadosBusqueda.html?id=dbdb56af-735b-4f6e-bccc-3bd88be34665&provinciaNombre=Barcelona,GRANOLLERS - FRANQUESES,https://www.sepe.es/HomeSepe/en/que-es-el-sepe/que-es-el-sepe/Red-de-oficinas/DetalleOficina.html?idOficina=c4bb4364-1dd1-4d75-b3b3-11d0eb100d4d,8403,"C/ PRIMER MARQUÉS DE LES FRANQUESES, 146","C/ PRIMER MARQUÉS DE LES FRANQUESES, 146, 8403",41.62159789,2.293036311,,,,,,,,,,,,,,,,,,,,
1670949450-2041,https://www.sepe.es/HomeSepe/en/que-es-el-sepe/que-es-el-sepe/Red-de-oficinas.html,Barcelona,https://www.sepe.es/HomeSepe/en/que-es-el-sepe/que-es-el-sepe/Red-de-oficinas/ResultadosBusqueda.html?id=dbdb56af-735b-4f6e-bccc-3bd88be34665&provinciaNombre=Barcelona,GAVA,https://www.sepe.es/HomeSepe/en/que-es-el-sepe/que-es-el-sepe/Red-de-oficinas/DetalleOficina.html?idOficina=48c8fa45-4bf0-4db1-bfe4-0b3a4ca9051c,8850,"C/ SANT PERE, 88","C/ SANT PERE, 88, 8850",41.350617,2.072557,"C. Sant Isidre, 7, San Juan Despí, España",7,,C. Sant Isidre,,,El Prat De Llobregat,San Juan Despí,Barcelona,B,Catalonia,,España,es,0,,,© OpenStreetMap contributors,Open Database License,https://www.openstreetmap.org/copyright
1670949453-2042,https://www.sepe.es/HomeSepe/en/que-es-el-sepe/que-es-el-sepe/Red-de-oficinas.html,Barcelona,https://www.sepe.es/HomeSepe/en/que-es-el-sepe/que-es-el-sepe/Red-de-oficinas/ResultadosBusqueda.html?id=dbdb56af-735b-4f6e-bccc-3bd88be34665&provinciaNombre=Barcelona,ESPLUGUES DE LLOBREGAT,https://www.sepe.es/HomeSepe/en/que-es-el-sepe/que-es-el-sepe/Red-de-oficinas/DetalleOficina.html?idOficina=1426bbe0-2351-4473-a257-73e60f222a21,8950,"C/ 8 DE MARC, 17-19","C/ 8 DE MARC, 17-19, 8950",39.4646,-0.39597,"Colegio de Educación Infantil y Primaria 8 de Març, Calle Vicente Moroto, 1, Valencia, España",1,Colegio de Educación Infantil y Primaria 8 de Març,Calle Vicente Moroto,,Olivereta,Valencia,Valencia,Valencia,V,Comunidad Valenciana,VC,España,es,0,,,© OpenStreetMap contributors,Open Database License,https://www.openstreetmap.org/copyright
1670949456-2043,https://www.sepe.es/HomeSepe/en/que-es-el-sepe/que-es-el-sepe/Red-de-oficinas.html,Barcelona,https://www.sepe.es/HomeSepe/en/que-es-el-sepe/que-es-el-sepe/Red-de-oficinas/ResultadosBusqueda.html?id=dbdb56af-735b-4f6e-bccc-3bd88be34665&provinciaNombre=Barcelona,EL PRAT DE LLOBREGAT,https://www.sepe.es/HomeSepe/en/que-es-el-sepe/que-es-el-sepe/Red-de-oficinas/DetalleOficina.html?idOficina=5fc9d955-4d41-42d3-891d-71919ee47950,8820,"C/ CENTRE, 62","C/ CENTRE, 62, 8820",41.399726,2.177541,"C Consell de Cent, 476, 08013 Barcelona, España",476,,C Consell de Cent,8013,el Fort Pienc,,Barcelona,Barcelona,B,Catalonia,,España,es,0,,,© OpenStreetMap contributors,Open Database License,https://www.openstreetmap.org/copyright
1670949458-2044,https://www.sepe.es/HomeSepe/en/que-es-el-sepe/que-es-el-sepe/Red-de-oficinas.html,Barcelona,https://www.sepe.es/HomeSepe/en/que-es-el-sepe/que-es-el-sepe/Red-de-oficinas/ResultadosBusqueda.html?id=dbdb56af-735b-4f6e-bccc-3bd88be34665&provinciaNombre=Barcelona,CORNELLA DE LLOBREGAT,https://www.sepe.es/HomeSepe/en/que-es-el-sepe/que-es-el-sepe/Red-de-oficinas/DetalleOficina.html?idOficina=1e6c8376-0741-4aef-957a-952df4000cba,8940,"AVDA. BAIX LLOBREGAT, 13","AVDA. BAIX LLOBREGAT, 13, 8940",41.368593,2.116183,"Av. Catalunya, L'Hospitalet de Llobregat, Catalonia, España",,Av. Catalunya,,,,l'Hospitalet de Llobregat,L'Hospitalet de Llobregat,Barcelona,B,Catalonia,,España,es,0,,,© OpenStreetMap contributors,Open Database License,https://www.openstreetmap.org/copyright
1670949461-2045,https://www.sepe.es/HomeSepe/en/que-es-el-sepe/que-es-el-sepe/Red-de-oficinas.html,Barcelona,https://www.sepe.es/HomeSepe/en/que-es-el-sepe/que-es-el-sepe/Red-de-oficinas/ResultadosBusqueda.html?id=dbdb56af-735b-4f6e-bccc-3bd88be34665&provinciaNombre=Barcelona,CERDANYOLA,https://www.sepe.es/HomeSepe/en/que-es-el-sepe/que-es-el-sepe/Red-de-oficinas/DetalleOficina.html?idOficina=ba35aae0-1fac-4256-8bf3-fa1ff9056d2f,8290,"C/ TORRES I BAGES, 7","C/ TORRES I BAGES, 7, 8290",41.48959363,2.140507972,,,,,,,,,,,,,,,,,,,,
1670949464-2046,https://www.sepe.es/HomeSepe/en/que-es-el-sepe/que-es-el-sepe/Red-de-oficinas.html,Barcelona,https://www.sepe.es/HomeSepe/en/que-es-el-sepe/que-es-el-sepe/Red-de-oficinas/ResultadosBusqueda.html?id=dbdb56af-735b-4f6e-bccc-3bd88be34665&provinciaNombre=Barcelona,BERGA,https://www.sepe.es/HomeSepe/en/que-es-el-sepe/que-es-el-sepe/Red-de-oficinas/DetalleOficina.html?idOficina=07496921-80fd-4d6c-b0a8-5a4cce5a4ba6,8600,"AVDA. CANAL INDUSTRIAL, 9-13","AVDA. CANAL INDUSTRIAL, 9-13, 8600",43.46056,-3.849567,"Avenida del Deporte, 9-13, 39011 Santander, España",Sep-13,,Avenida del Deporte,39011,,Santander,Santander,Cantabria,S,Cantabria,CB,España,es,0,,,© OpenStreetMap contributors,Open Database License,https://www.openstreetmap.org/copyright
1670949466-2047,https://www.sepe.es/HomeSepe/en/que-es-el-sepe/que-es-el-sepe/Red-de-oficinas.html,Barcelona,https://www.sepe.es/HomeSepe/en/que-es-el-sepe/que-es-el-sepe/Red-de-oficinas/ResultadosBusqueda.html?id=dbdb56af-735b-4f6e-bccc-3bd88be34665&provinciaNombre=Barcelona,BARCELONA - VERNEDA,https://www.sepe.es/HomeSepe/en/que-es-el-sepe/que-es-el-sepe/Red-de-oficinas/DetalleOficina.html?idOficina=2b012542-c035-45b8-b587-6c132c07f16b,8020,"C/ GUIPÚZCOA, 33","C/ GUIPÚZCOA, 33, 8020",39.015856,-1.883533,"Calle C, 33, 02007 Albacete, España",33,,Calle C,2007,,Albacete,Albacete,Albacete,AB,Castilla-La Mancha,CM,España,es,0,,,© OpenStreetMap contributors,Open Database License,https://www.openstreetmap.org/copyright
1670949472-2048,https://www.sepe.es/HomeSepe/en/que-es-el-sepe/que-es-el-sepe/Red-de-oficinas.html,Barcelona,https://www.sepe.es/HomeSepe/en/que-es-el-sepe/que-es-el-sepe/Red-de-oficinas/ResultadosBusqueda.html?id=dbdb56af-735b-4f6e-bccc-3bd88be34665&provinciaNombre=Barcelona,BARCELONA - SEPÚLVEDA,https://www.sepe.es/HomeSepe/en/que-es-el-sepe/que-es-el-sepe/Red-de-oficinas/DetalleOficina.html?idOficina=e2b52206-8316-4f46-b94d-331c80731c51,8011,"C/ SEPÚLVEDA, 156-160","C/ SEPÚLVEDA, 156-160, 8011",41.40912,2.208788,"156 - C/ Selva de Mar, C/ Selva de Mar, 46, Barcelona, España",46,156 - C/ Selva de Mar,C/ Selva de Mar,,Diagonal Mar i el Front Marítim del Poblenou,,Barcelona,Barcelona,B,Catalonia,,España,es,0,,,© OpenStreetMap contributors,Open Database License,https://www.openstreetmap.org/copyright
1670949474-2049,https://www.sepe.es/HomeSepe/en/que-es-el-sepe/que-es-el-sepe/Red-de-oficinas.html,Barcelona,https://www.sepe.es/HomeSepe/en/que-es-el-sepe/que-es-el-sepe/Red-de-oficinas/ResultadosBusqueda.html?id=dbdb56af-735b-4f6e-bccc-3bd88be34665&provinciaNombre=Barcelona,BARCELONA - SANT ANDREU,https://www.sepe.es/HomeSepe/en/que-es-el-sepe/que-es-el-sepe/Red-de-oficinas/DetalleOficina.html?idOficina=56e56d31-7f18-49bb-81c0-bc4a60352428,8030,"C/ JOSEP SOLDEVILA, 33","C/ JOSEP SOLDEVILA, 33, 8030",41.434404,2.195647,"Carrer de Josep Soldevila, 38C, 08030 Barcelona, España",38C,,Carrer de Josep Soldevila,8030,el Bon Pastor,,Barcelona,Barcelona,B,Catalonia,,España,es,0.49,0.7,1,© OpenStreetMap contributors,Open Database License,https://www.openstreetmap.org/copyright
1670949477-2050,https://www.sepe.es/HomeSepe/en/que-es-el-sepe/que-es-el-sepe/Red-de-oficinas.html,Barcelona,https://www.sepe.es/HomeSepe/en/que-es-el-sepe/que-es-el-sepe/Red-de-oficinas/ResultadosBusqueda.html?id=dbdb56af-735b-4f6e-bccc-3bd88be34665&provinciaNombre=Barcelona,BARCELONA - POBLENOU,https://www.sepe.es/HomeSepe/en/que-es-el-sepe/que-es-el-sepe/Red-de-oficinas/DetalleOficina.html?idOficina=caa5728e-43e9-439d-aeb1-345d7dd087e1,8019,"C/ FLUVIA, 52","C/ FLUVIA, 52, 8019",39.015626,-1.882698,"Calle C, 52, 02007 Albacete, España",52,,Calle C,2007,,Albacete,Albacete,Albacete,AB,Castilla-La Mancha,CM,España,es,0,,,© OpenStreetMap contributors,Open Database License,https://www.openstreetmap.org/copyright
1670949480-2051,https://www.sepe.es/HomeSepe/en/que-es-el-sepe/que-es-el-sepe/Red-de-oficinas.html,Barcelona,https://www.sepe.es/HomeSepe/en/que-es-el-sepe/que-es-el-sepe/Red-de-oficinas/ResultadosBusqueda.html?id=dbdb56af-735b-4f6e-bccc-3bd88be34665&provinciaNombre=Barcelona,BARCELONA - MALLORCA,https://www.sepe.es/HomeSepe/en/que-es-el-sepe/que-es-el-sepe/Red-de-oficinas/DetalleOficina.html?idOficina=4cccae32-e96a-4a57-85b5-46adc42a3271,8029,"C/ MALLORCA, 33","C/ MALLORCA, 33, 8029",38.270186,-0.671562,"Carrer Mallorca, 33, Altabix, España",33,,Carrer Mallorca,,,Elche/Elx,Altabix,Alicante,A,Comunidad Valenciana,VC,España,es,0,,,© OpenStreetMap contributors,Open Database License,https://www.openstreetmap.org/copyright
1670949482-2052,https://www.sepe.es/HomeSepe/en/que-es-el-sepe/que-es-el-sepe/Red-de-oficinas.html,Barcelona,https://www.sepe.es/HomeSepe/en/que-es-el-sepe/que-es-el-sepe/Red-de-oficinas/ResultadosBusqueda.html?id=dbdb56af-735b-4f6e-bccc-3bd88be34665&provinciaNombre=Barcelona,BARCELONA - LESSEPS,https://www.sepe.es/HomeSepe/en/que-es-el-sepe/que-es-el-sepe/Red-de-oficinas/DetalleOficina.html?idOficina=d3df2586-700d-453b-9278-57fcd2972528,8023,"RONDA GENERAL MITRE, 263","RONDA GENERAL MITRE, 263, 8023",41.406414,2.148722,"Ronda del General Mitre, 263, 08023 Barcelona, España",263,,Ronda del General Mitre,8023,el Putxet i el Farró,,Barcelona,Barcelona,B,Catalonia,,España,es,0.9,0.9,1,© OpenStreetMap contributors,Open Database License,https://www.openstreetmap.org/copyright
1670949485-2053,https://www.sepe.es/HomeSepe/en/que-es-el-sepe/que-es-el-sepe/Red-de-oficinas.html,Barcelona,https://www.sepe.es/HomeSepe/en/que-es-el-sepe/que-es-el-sepe/Red-de-oficinas/ResultadosBusqueda.html?id=dbdb56af-735b-4f6e-bccc-3bd88be34665&provinciaNombre=Barcelona,BARCELONA - GUINEUETA,https://www.sepe.es/HomeSepe/en/que-es-el-sepe/que-es-el-sepe/Red-de-oficinas/DetalleOficina.html?idOficina=83fccb93-df52-47e1-9bd2-5296ab608445,8031,"PASSEIG VALLDAURA, 202-204","PASSEIG VALLDAURA, 202-204, 8031",41.438339,2.17161,"Passeig de Valldaura, 202, 08031 Barcelona, España",202,,Passeig de Valldaura,8031,la Guineueta,,Barcelona,Barcelona,B,Catalonia,,España,es,0.9,0.9,1,© OpenStreetMap contributors,Open Database License,https://www.openstreetmap.org/copyright
1670949487-2054,https://www.sepe.es/HomeSepe/en/que-es-el-sepe/que-es-el-sepe/Red-de-oficinas.html,Barcelona,https://www.sepe.es/HomeSepe/en/que-es-el-sepe/que-es-el-sepe/Red-de-oficinas/ResultadosBusqueda.html?id=dbdb56af-735b-4f6e-bccc-3bd88be34665&provinciaNombre=Barcelona,BARCELONA - DANTE,https://www.sepe.es/HomeSepe/en/que-es-el-sepe/que-es-el-sepe/Red-de-oficinas/DetalleOficina.html?idOficina=8487dbfa-bb40-41ab-9e88-a1eb3013ef80,8032,"C/ ARGIMON, 10-12","C/ ARGIMON, 10-12, 8032",41.42821339,2.15642537,,,,,,,,,,,,,,,,,,,,
1670949490-2055,https://www.sepe.es/HomeSepe/en/que-es-el-sepe/que-es-el-sepe/Red-de-oficinas.html,Barcelona,https://www.sepe.es/HomeSepe/en/que-es-el-sepe/que-es-el-sepe/Red-de-oficinas/ResultadosBusqueda.html?id=dbdb56af-735b-4f6e-bccc-3bd88be34665&provinciaNombre=Barcelona,BARCELONA - BARRI GÒTIC,https://www.sepe.es/HomeSepe/en/que-es-el-sepe/que-es-el-sepe/Red-de-oficinas/DetalleOficina.html?idOficina=fe2adb5a-7631-4a06-8d43-b31ef84b817c,8002,"C/ DOCTOR JOAQUÍM POU, 8","C/ DOCTOR JOAQUÍM POU, 8, 8002",41.38592062,2.175533426,,,,,,,,,,,,,,,,,,,,
1670949493-2056,https://www.sepe.es/HomeSepe/en/que-es-el-sepe/que-es-el-sepe/Red-de-oficinas.html,Barcelona,https://www.sepe.es/HomeSepe/en/que-es-el-sepe/que-es-el-sepe/Red-de-oficinas/ResultadosBusqueda.html?id=dbdb56af-735b-4f6e-bccc-3bd88be34665&provinciaNombre=Barcelona,BARCELONA - ARAGÓ,https://www.sepe.es/HomeSepe/en/que-es-el-sepe/que-es-el-sepe/Red-de-oficinas/DetalleOficina.html?idOficina=5c2f4b86-1350-47c7-9d97-ca01cd423b99,8011,"C/ ARAGÓ, 182","C/ ARAGÓ, 182, 8011",40.490846,-3.595085,"C, Aeropuerto, Madrid, MD, España",,C,,,Aeropuerto,,Madrid,Madrid,,Comunidad de Madrid,MD,España,es,0,,,© OpenStreetMap contributors,Open Database License,https://www.openstreetmap.org/copyright
1670949495-2057,https://www.sepe.es/HomeSepe/en/que-es-el-sepe/que-es-el-sepe/Red-de-oficinas.html,Barcelona,https://www.sepe.es/HomeSepe/en/que-es-el-sepe/que-es-el-sepe/Red-de-oficinas/ResultadosBusqueda.html?id=dbdb56af-735b-4f6e-bccc-3bd88be34665&provinciaNombre=Barcelona,BARBERÀ DEL VALLES,https://www.sepe.es/HomeSepe/en/que-es-el-sepe/que-es-el-sepe/Red-de-oficinas/DetalleOficina.html?idOficina=dca43cad-09be-4822-b87e-6af97db70260,8210,"CARRETERA DE BARCELONA, 290-296","CARRETERA DE BARCELONA, 290-296, 8210",41.5281694,2.117902,"Carretera de Barcelona, 290, Barberà del Vallès, España",290,,Carretera de Barcelona,,,Barberá del Vallés,Barberà del Vallès,Barcelona,B,Catalonia,,España,es,0,,,,,
1670949498-2058,https://www.sepe.es/HomeSepe/en/que-es-el-sepe/que-es-el-sepe/Red-de-oficinas.html,Barcelona,https://www.sepe.es/HomeSepe/en/que-es-el-sepe/que-es-el-sepe/Red-de-oficinas/ResultadosBusqueda.html?id=dbdb56af-735b-4f6e-bccc-3bd88be34665&provinciaNombre=Barcelona,BADALONA - CASAGEMES,https://www.sepe.es/HomeSepe/en/que-es-el-sepe/que-es-el-sepe/Red-de-oficinas/DetalleOficina.html?idOficina=9b6dd1b3-5606-4b8c-a7aa-f22d8f8b83bc,8911,"PLAÇA CARME GUASCH, 2","PLAÇA CARME GUASCH, 2, 8911",41.45450475,2.2557078,"Carme Guasch, Plaça de Carme Guasch, 08911 Badalona, España",,Carme Guasch,Plaça de Carme Guasch,8911,Casagemes,Districte 1,Badalona,Barcelona,B,Cataluña,CT,España,es,0.405,0.81,1,© OpenStreetMap contributors,Open Database License,https://www.openstreetmap.org/copyright
1670949501-2059,https://www.sepe.es/HomeSepe/en/que-es-el-sepe/que-es-el-sepe/Red-de-oficinas.html,Barcelona,https://www.sepe.es/HomeSepe/en/que-es-el-sepe/que-es-el-sepe/Red-de-oficinas/ResultadosBusqueda.html?id=dbdb56af-735b-4f6e-bccc-3bd88be34665&provinciaNombre=Barcelona,BADALONA - ARIBAU,https://www.sepe.es/HomeSepe/en/que-es-el-sepe/que-es-el-sepe/Red-de-oficinas/DetalleOficina.html?idOficina=731e68eb-ebeb-46c0-88dc-d2eeab83cb51,8913,"C/ ARIBAU, 11","C/ ARIBAU, 11, 8913",42.723551,-1.6177,"C Transporte, 11, 31119 Noáin (Valle De Elorz)/Noain (Elortzibar), España",11,,C Transporte,31119,,,Noáin (Valle De Elorz)/Noain (Elortzibar),Navarra,NA,Comunidad Foral De Navarra,,España,es,0,,,© OpenAddresses contributors,BSD-3-Clause License,
1670949509-2060,https://www.sepe.es/HomeSepe/en/que-es-el-sepe/que-es-el-sepe/Red-de-oficinas.html,Badajoz,https://www.sepe.es/HomeSepe/en/que-es-el-sepe/que-es-el-sepe/Red-de-oficinas/ResultadosBusqueda.html?id=0d531567-3a96-4075-bad2-c09d7d2ff93f&provinciaNombre=Badajoz,ZAFRA,https://www.sepe.es/HomeSepe/en/que-es-el-sepe/que-es-el-sepe/Red-de-oficinas/DetalleOficina.html?idOficina=e7d00e27-fcea-4f2d-9570-669428dd34b9,6300,"C/ VEJER DE LA FRONTERA, S/N","C/ VEJER DE LA FRONTERA, S/N, 6300",36.278829,-6.08919,"C y C, Conil de la Frontera, AN, España",,C y C,,,,Conil De La Frontera,Conil de la Frontera,Cádiz,CA,Andalucía,AN,España,es,0,,,© OpenStreetMap contributors,Open Database License,https://www.openstreetmap.org/copyright
1670949511-2061,https://www.sepe.es/HomeSepe/en/que-es-el-sepe/que-es-el-sepe/Red-de-oficinas.html,Badajoz,https://www.sepe.es/HomeSepe/en/que-es-el-sepe/que-es-el-sepe/Red-de-oficinas/ResultadosBusqueda.html?id=0d531567-3a96-4075-bad2-c09d7d2ff93f&provinciaNombre=Badajoz,VILLANUEVA DE LA SERENA,https://www.sepe.es/HomeSepe/en/que-es-el-sepe/que-es-el-sepe/Red-de-oficinas/DetalleOficina.html?idOficina=c042599e-91ac-4d0f-9dd2-050bc173f49c,6700,"C/ HERMANDAD SANTIAGO APOSTOL, S/N","C/ HERMANDAD SANTIAGO APOSTOL, S/N, 6700",42.213867,-2.004926,"Calle Hermandad, Autol, España",,,Calle Hermandad,,,Autol,Autol,La Rioja,LO,La Rioja,RI,España,es,0.46031746,0.571428571,0.571428571,© OpenStreetMap contributors,Open Database License,https://www.openstreetmap.org/copyright
1670949514-2062,https://www.sepe.es/HomeSepe/en/que-es-el-sepe/que-es-el-sepe/Red-de-oficinas.html,Badajoz,https://www.sepe.es/HomeSepe/en/que-es-el-sepe/que-es-el-sepe/Red-de-oficinas/ResultadosBusqueda.html?id=0d531567-3a96-4075-bad2-c09d7d2ff93f&provinciaNombre=Badajoz,VILLAFRANCA DE LOS BARROS,https://www.sepe.es/HomeSepe/en/que-es-el-sepe/que-es-el-sepe/Red-de-oficinas/DetalleOficina.html?idOficina=ddf649ed-98fc-4c67-bcfa-e16582dfeabf,6220,"C/ CUBA, S/N","C/ CUBA, S/N, 6220",40.217384,-6.874815,"Cuba, Valverde del Fresno, España",,,Cuba,,,Valverde Del Fresno,Valverde del Fresno,Cáceres,CC,Extremadura,EX,España,es,0,,,© OpenStreetMap contributors,Open Database License,https://www.openstreetmap.org/copyright
1670949518-2063,https://www.sepe.es/HomeSepe/en/que-es-el-sepe/que-es-el-sepe/Red-de-oficinas.html,Badajoz,https://www.sepe.es/HomeSepe/en/que-es-el-sepe/que-es-el-sepe/Red-de-oficinas/ResultadosBusqueda.html?id=0d531567-3a96-4075-bad2-c09d7d2ff93f&provinciaNombre=Badajoz,ORELLANA LA VIEJA,https://www.sepe.es/HomeSepe/en/que-es-el-sepe/que-es-el-sepe/Red-de-oficinas/DetalleOficina.html?idOficina=c6f471f2-f412-41af-840f-af186c27d4bc,6740,"C/ BUENAVISTA, 7","C/ BUENAVISTA, 7, 6740",42.629521,-0.320426,"Calle Buenavista, 7, 22630 Biescas, España",7,,Calle Buenavista,22630,,Biescas,Biescas,Huesca,HU,Aragón,AR,España,es,0,,,© OpenStreetMap contributors,Open Database License,https://www.openstreetmap.org/copyright
1670949521-2064,https://www.sepe.es/HomeSepe/en/que-es-el-sepe/que-es-el-sepe/Red-de-oficinas.html,Badajoz,https://www.sepe.es/HomeSepe/en/que-es-el-sepe/que-es-el-sepe/Red-de-oficinas/ResultadosBusqueda.html?id=0d531567-3a96-4075-bad2-c09d7d2ff93f&provinciaNombre=Badajoz,OLIVENZA,https://www.sepe.es/HomeSepe/en/que-es-el-sepe/que-es-el-sepe/Red-de-oficinas/DetalleOficina.html?idOficina=30a155e5-2088-48e5-bb47-a80042d8612f,6100,"BARRIADA DE SANTA ENGRACIA, 2","BARRIADA DE SANTA ENGRACIA, 2, 6100",41.64938,-0.88261,"Plaza de Santa Engracia, 2, 50001 Zaragoza, España",2,,Plaza de Santa Engracia,50001,Poligono de Miraflores,Zaragoza,Zaragoza,Zaragoza,Z,Aragón,AR,España,es,0,,,© OpenStreetMap contributors,Open Database License,https://www.openstreetmap.org/copyright
1670949524-2065,https://www.sepe.es/HomeSepe/en/que-es-el-sepe/que-es-el-sepe/Red-de-oficinas.html,Badajoz,https://www.sepe.es/HomeSepe/en/que-es-el-sepe/que-es-el-sepe/Red-de-oficinas/ResultadosBusqueda.html?id=0d531567-3a96-4075-bad2-c09d7d2ff93f&provinciaNombre=Badajoz,MONTIJO,https://www.sepe.es/HomeSepe/en/que-es-el-sepe/que-es-el-sepe/Red-de-oficinas/DetalleOficina.html?idOficina=33c56731-c2d4-4591-99e3-27d124d7133b,6480,"AVDA. DE LA ESTACIÓN, S/N","AVDA. DE LA ESTACIÓN, S/N, 6480",36.180667,-5.38835,"Avenida de la Marina, San Roque, España",,,Avenida de la Marina,,,,San Roque,Cádiz,CA,Andalucía,AN,España,es,0,,,© OpenStreetMap contributors,Open Database License,https://www.openstreetmap.org/copyright
1670949526-2066,https://www.sepe.es/HomeSepe/en/que-es-el-sepe/que-es-el-sepe/Red-de-oficinas.html,Badajoz,https://www.sepe.es/HomeSepe/en/que-es-el-sepe/que-es-el-sepe/Red-de-oficinas/ResultadosBusqueda.html?id=0d531567-3a96-4075-bad2-c09d7d2ff93f&provinciaNombre=Badajoz,MERIDA - NUEVA CIUDAD,https://www.sepe.es/HomeSepe/en/que-es-el-sepe/que-es-el-sepe/Red-de-oficinas/DetalleOficina.html?idOficina=0aaedd44-7772-4056-99c7-d2249eac3101,6800,"AVDA.CRISTÓBAL COLÓN, 5","AVDA.CRISTÓBAL COLÓN, 5, 6800",42.23844,-8.72042,"Col?n, Vigo, GA, España",,Col?n,,,,Vigo,Vigo,Pontevedra,PO,Galicia,GA,España,es,0,,,© OpenStreetMap contributors,Open Database License,https://www.openstreetmap.org/copyright
1670949529-2067,https://www.sepe.es/HomeSepe/en/que-es-el-sepe/que-es-el-sepe/Red-de-oficinas.html,Badajoz,https://www.sepe.es/HomeSepe/en/que-es-el-sepe/que-es-el-sepe/Red-de-oficinas/ResultadosBusqueda.html?id=0d531567-3a96-4075-bad2-c09d7d2ff93f&provinciaNombre=Badajoz,MERIDA - COMARCAL,https://www.sepe.es/HomeSepe/en/que-es-el-sepe/que-es-el-sepe/Red-de-oficinas/DetalleOficina.html?idOficina=9468b09a-ea85-4668-a039-06a52a87750d,6800,"C/ JUAN FRANCISCO BABIANO GINER, S/N","C/ JUAN FRANCISCO BABIANO GINER, S/N, 6800",37.469585,-4.445047,"C/Cuesta de San Juan, Cabra, España",,,C/Cuesta de San Juan,,,Cabra,Cabra,Córdoba,CO,Andalucía,AN,España,es,0,,,© OpenStreetMap contributors,Open Database License,https://www.openstreetmap.org/copyright
1670949532-2068,https://www.sepe.es/HomeSepe/en/que-es-el-sepe/que-es-el-sepe/Red-de-oficinas.html,Badajoz,https://www.sepe.es/HomeSepe/en/que-es-el-sepe/que-es-el-sepe/Red-de-oficinas/ResultadosBusqueda.html?id=0d531567-3a96-4075-bad2-c09d7d2ff93f&provinciaNombre=Badajoz,LLERENA,https://www.sepe.es/HomeSepe/en/que-es-el-sepe/que-es-el-sepe/Red-de-oficinas/DetalleOficina.html?idOficina=ae3e8587-eb17-47f8-9c27-738d8eda6c4d,6900,"PLAZA DE LOS DONANTES DE SANGRE, S/N","PLAZA DE LOS DONANTES DE SANGRE, S/N, 6900",37.557965,-1.809173,"Plaza de los Donantes de Sangre, Lumbreras, España",,,Plaza de los Donantes de Sangre,,,Puerto Lumbreras,Lumbreras,Murcia,,Región de Murcia,MC,España,es,0,,,© OpenStreetMap contributors,Open Database License,https://www.openstreetmap.org/copyright
1670949534-2069,https://www.sepe.es/HomeSepe/en/que-es-el-sepe/que-es-el-sepe/Red-de-oficinas.html,Badajoz,https://www.sepe.es/HomeSepe/en/que-es-el-sepe/que-es-el-sepe/Red-de-oficinas/ResultadosBusqueda.html?id=0d531567-3a96-4075-bad2-c09d7d2ff93f&provinciaNombre=Badajoz,JEREZ DE LOS CABALLEROS,https://www.sepe.es/HomeSepe/en/que-es-el-sepe/que-es-el-sepe/Red-de-oficinas/DetalleOficina.html?idOficina=f0a17518-b238-4b20-8503-4530c5647c38,6380,"CARRETERA DEL RODEO, S/N","CARRETERA DEL RODEO, S/N, 6380",43.301595,-2.943301,"Carretera del Txorierri, Lujua, España",,,Carretera del Txorierri,,San Ignacio Elorrieta,,Lujua,Vizcaya,BI,País Vasco/Euskadi,,España,es,0,,,© OpenStreetMap contributors,Open Database License,https://www.openstreetmap.org/copyright
1670949537-2070,https://www.sepe.es/HomeSepe/en/que-es-el-sepe/que-es-el-sepe/Red-de-oficinas.html,Badajoz,https://www.sepe.es/HomeSepe/en/que-es-el-sepe/que-es-el-sepe/Red-de-oficinas/ResultadosBusqueda.html?id=0d531567-3a96-4075-bad2-c09d7d2ff93f&provinciaNombre=Badajoz,HERRERA DEL DUQUE,https://www.sepe.es/HomeSepe/en/que-es-el-sepe/que-es-el-sepe/Red-de-oficinas/DetalleOficina.html?idOficina=8a281699-a957-4910-b608-463d819ac053,6670,"C/ IGLESIA,1","C/ IGLESIA,1, 6670",40.411299,-4.708005,"C/ Iglesia, 24, 05100 Navaluenga, España",24,,C/ Iglesia,5100,,Navaluenga,Navaluenga,Ávila,AV,Castilla Y León,CL,España,es,0,,,© OpenStreetMap contributors,Open Database License,https://www.openstreetmap.org/copyright
1670949539-2071,https://www.sepe.es/HomeSepe/en/que-es-el-sepe/que-es-el-sepe/Red-de-oficinas.html,Badajoz,https://www.sepe.es/HomeSepe/en/que-es-el-sepe/que-es-el-sepe/Red-de-oficinas/ResultadosBusqueda.html?id=0d531567-3a96-4075-bad2-c09d7d2ff93f&provinciaNombre=Badajoz,GUAREÑA,https://www.sepe.es/HomeSepe/en/que-es-el-sepe/que-es-el-sepe/Red-de-oficinas/DetalleOficina.html?idOficina=af669d7a-3b94-4608-b363-3550c5743a3f,6470,"C/MATASANOS, 5","C/MATASANOS, 5, 6470",42.788892,-1.625653,"Calle C, 5, 31192 Mutilva Baja, España",5,,Calle C,31192,,Aranguren,Mutilva Baja,Navarra,NA,Comunidad Foral De Navarra,,España,es,0,,,© OpenAddresses contributors,BSD-3-Clause License,
1670949542-2072,https://www.sepe.es/HomeSepe/en/que-es-el-sepe/que-es-el-sepe/Red-de-oficinas.html,Badajoz,https://www.sepe.es/HomeSepe/en/que-es-el-sepe/que-es-el-sepe/Red-de-oficinas/ResultadosBusqueda.html?id=0d531567-3a96-4075-bad2-c09d7d2ff93f&provinciaNombre=Badajoz,FUENTE DE CANTOS,https://www.sepe.es/HomeSepe/en/que-es-el-sepe/que-es-el-sepe/Red-de-oficinas/DetalleOficina.html?idOficina=dd913294-4d8c-4dc7-8837-00a711736c4c,6240,"C/ CARMELITAS, S/N","C/ CARMELITAS, S/N, 6240",36.66778,-4.500769,"Pasaje Carmelitas, Churriana, España",,,Pasaje Carmelitas,,,Málaga,Churriana,Málaga,MA,Andalucía,AN,España,es,0,,,© OpenStreetMap contributors,Open Database License,https://www.openstreetmap.org/copyright
1670949544-2073,https://www.sepe.es/HomeSepe/en/que-es-el-sepe/que-es-el-sepe/Red-de-oficinas.html,Badajoz,https://www.sepe.es/HomeSepe/en/que-es-el-sepe/que-es-el-sepe/Red-de-oficinas/ResultadosBusqueda.html?id=0d531567-3a96-4075-bad2-c09d7d2ff93f&provinciaNombre=Badajoz,FREGENAL DE LA SIERRA,https://www.sepe.es/HomeSepe/en/que-es-el-sepe/que-es-el-sepe/Red-de-oficinas/DetalleOficina.html?idOficina=3f1b3823-5a04-415c-9eef-a5caf170ab63,6340,"C/ SAN FRANCISCO, 48-A","C/ SAN FRANCISCO, 48-A, 6340",42.993563,-1.884449,"Calle San Francisco, 48, 31878 Larráun, España",48,,Calle San Francisco,31878,,,Larráun,Navarra,NA,Comunidad Foral De Navarra,,España,es,0.75,,,© OpenAddresses contributors,BSD-3-Clause License,
1670949547-2074,https://www.sepe.es/HomeSepe/en/que-es-el-sepe/que-es-el-sepe/Red-de-oficinas.html,Badajoz,https://www.sepe.es/HomeSepe/en/que-es-el-sepe/que-es-el-sepe/Red-de-oficinas/ResultadosBusqueda.html?id=0d531567-3a96-4075-bad2-c09d7d2ff93f&provinciaNombre=Badajoz,DON BENITO,https://www.sepe.es/HomeSepe/en/que-es-el-sepe/que-es-el-sepe/Red-de-oficinas/DetalleOficina.html?idOficina=667d430d-1458-43c0-99d1-a5515be0fa77,6400,"C/ MANCHITA, S/N","C/ MANCHITA, S/N, 6400",27.759336,-15.574142,"C. C. Prisma, San Bartolomé De Tirajana, España",,,C. C. Prisma,,,,San Bartolomé De Tirajana,Las Palmas,GC,Canarias,CN,España,es,0,,,© OpenStreetMap contributors,Open Database License,https://www.openstreetmap.org/copyright
1670949550-2075,https://www.sepe.es/HomeSepe/en/que-es-el-sepe/que-es-el-sepe/Red-de-oficinas.html,Badajoz,https://www.sepe.es/HomeSepe/en/que-es-el-sepe/que-es-el-sepe/Red-de-oficinas/ResultadosBusqueda.html?id=0d531567-3a96-4075-bad2-c09d7d2ff93f&provinciaNombre=Badajoz,CASTUERA,https://www.sepe.es/HomeSepe/en/que-es-el-sepe/que-es-el-sepe/Red-de-oficinas/DetalleOficina.html?idOficina=0fff3c8c-9d10-42a1-841e-5f6bb9013d9c,6420,"C/ YUSTE, S/N","C/ YUSTE, S/N, 6420",28.105874,-15.435001,"Calle Yuste, Las Palmas de Gran Canaria, España",,,Calle Yuste,,,Las Palmas de Gran Canaria,Las Palmas de Gran Canaria,Las Palmas,GC,Canarias,CN,España,es,0,,,© OpenStreetMap contributors,Open Database License,https://www.openstreetmap.org/copyright
1670949552-2076,https://www.sepe.es/HomeSepe/en/que-es-el-sepe/que-es-el-sepe/Red-de-oficinas.html,Badajoz,https://www.sepe.es/HomeSepe/en/que-es-el-sepe/que-es-el-sepe/Red-de-oficinas/ResultadosBusqueda.html?id=0d531567-3a96-4075-bad2-c09d7d2ff93f&provinciaNombre=Badajoz,CAMPANARIO,https://www.sepe.es/HomeSepe/en/que-es-el-sepe/que-es-el-sepe/Red-de-oficinas/DetalleOficina.html?idOficina=6e462904-7dfd-4b48-a64e-7c9d88500c29,6460,"AVDA. DE LOS EMIGRANTES, S/N","AVDA. DE LOS EMIGRANTES, S/N, 6460",36.294025,-5.302017,"Avenida de los Canos, Pueblo Nuevo, España",,,Avenida de los Canos,,,San Roque,Pueblo Nuevo,Cádiz,CA,Andalucía,AN,España,es,0.275562,0.2893401,0.35721,© OpenStreetMap contributors,Open Database License,https://www.openstreetmap.org/copyright
1670949555-2077,https://www.sepe.es/HomeSepe/en/que-es-el-sepe/que-es-el-sepe/Red-de-oficinas.html,Badajoz,https://www.sepe.es/HomeSepe/en/que-es-el-sepe/que-es-el-sepe/Red-de-oficinas/ResultadosBusqueda.html?id=0d531567-3a96-4075-bad2-c09d7d2ff93f&provinciaNombre=Badajoz,CABEZA DE BUEY,https://www.sepe.es/HomeSepe/en/que-es-el-sepe/que-es-el-sepe/Red-de-oficinas/DetalleOficina.html?idOficina=0bf539a7-81eb-4986-84b2-8e5ca86436f3,6600,"PLAZA DE ESPAÑA, 1","PLAZA DE ESPAÑA, 1, 6600",40.810223,-2.358821,"Plaza de la Plaza, 1, 19432 Sacecorbo, España",1,,Plaza de la Plaza,19432,,,Sacecorbo,Guadalajara,GU,Castilla-La Mancha,CM,España,es,0.45,,,© OpenStreetMap contributors,Open Database License,https://www.openstreetmap.org/copyright
1670949557-2078,https://www.sepe.es/HomeSepe/en/que-es-el-sepe/que-es-el-sepe/Red-de-oficinas.html,Badajoz,https://www.sepe.es/HomeSepe/en/que-es-el-sepe/que-es-el-sepe/Red-de-oficinas/ResultadosBusqueda.html?id=0d531567-3a96-4075-bad2-c09d7d2ff93f&provinciaNombre=Badajoz,BARCARROTA,https://www.sepe.es/HomeSepe/en/que-es-el-sepe/que-es-el-sepe/Red-de-oficinas/DetalleOficina.html?idOficina=f228e147-b559-41d4-8a6c-b78e493b26c6,6160,"C/ AGUADULCE, S/N","C/ AGUADULCE, S/N, 6160",27.759336,-15.574142,"C. C. Prisma, San Bartolomé De Tirajana, España",,,C. C. Prisma,,,,San Bartolomé De Tirajana,Las Palmas,GC,Canarias,CN,España,es,0,,,© OpenStreetMap contributors,Open Database License,https://www.openstreetmap.org/copyright
1670949560-2079,https://www.sepe.es/HomeSepe/en/que-es-el-sepe/que-es-el-sepe/Red-de-oficinas.html,Badajoz,https://www.sepe.es/HomeSepe/en/que-es-el-sepe/que-es-el-sepe/Red-de-oficinas/ResultadosBusqueda.html?id=0d531567-3a96-4075-bad2-c09d7d2ff93f&provinciaNombre=Badajoz,BADAJOZ - SAN ROQUE,https://www.sepe.es/HomeSepe/en/que-es-el-sepe/que-es-el-sepe/Red-de-oficinas/DetalleOficina.html?idOficina=adc0155e-7b59-4da7-9d7e-b901ef1a704e,6008,"C/ MANZANO, 44","C/ MANZANO, 44, 6008",39.013999,-1.880997,"Calle C, 44, 02007 Albacete, España",44,,Calle C,2007,,Albacete,Albacete,Albacete,AB,Castilla-La Mancha,CM,España,es,0,,,© OpenStreetMap contributors,Open Database License,https://www.openstreetmap.org/copyright
1670949563-2080,https://www.sepe.es/HomeSepe/en/que-es-el-sepe/que-es-el-sepe/Red-de-oficinas.html,Badajoz,https://www.sepe.es/HomeSepe/en/que-es-el-sepe/que-es-el-sepe/Red-de-oficinas/ResultadosBusqueda.html?id=0d531567-3a96-4075-bad2-c09d7d2ff93f&provinciaNombre=Badajoz,BADAJOZ - JUAN CARLOS I,https://www.sepe.es/HomeSepe/en/que-es-el-sepe/que-es-el-sepe/Red-de-oficinas/DetalleOficina.html?idOficina=a5620e57-6a47-4e8e-8caa-dac99ceef3e3,6001,"AVDA. JUAN CARLOS I, 9 - PRAL.","AVDA. JUAN CARLOS I, 9 - PRAL., 6001",40.472376,-3.722617,"Avenida Juan Andrés, Madrid, España",,,Avenida Juan Andrés,,Peñagrande,,Madrid,Madrid,,Comunidad de Madrid,MD,España,es,0.366778125,0.141776649,0.1750329,© OpenStreetMap contributors,Open Database License,https://www.openstreetmap.org/copyright
1670949565-2081,https://www.sepe.es/HomeSepe/en/que-es-el-sepe/que-es-el-sepe/Red-de-oficinas.html,Badajoz,https://www.sepe.es/HomeSepe/en/que-es-el-sepe/que-es-el-sepe/Red-de-oficinas/ResultadosBusqueda.html?id=0d531567-3a96-4075-bad2-c09d7d2ff93f&provinciaNombre=Badajoz,BADAJOZ - COMARCAL,https://www.sepe.es/HomeSepe/en/que-es-el-sepe/que-es-el-sepe/Red-de-oficinas/DetalleOficina.html?idOficina=b20cf228-871b-42d5-a041-38a20ced2914,6001,"AVDA. REPÚBLICA DOMINICANA, 10","AVDA. REPÚBLICA DOMINICANA, 10, 6001",40.323332,-3.740464,"Avenida República Dominicana, Getafe, España",,,Avenida República Dominicana,,,,Getafe,Madrid,,Comunidad de Madrid,MD,España,es,0,,,© OpenStreetMap contributors,Open Database License,https://www.openstreetmap.org/copyright
1670949568-2082,https://www.sepe.es/HomeSepe/en/que-es-el-sepe/que-es-el-sepe/Red-de-oficinas.html,Badajoz,https://www.sepe.es/HomeSepe/en/que-es-el-sepe/que-es-el-sepe/Red-de-oficinas/ResultadosBusqueda.html?id=0d531567-3a96-4075-bad2-c09d7d2ff93f&provinciaNombre=Badajoz,AZUAGA,https://www.sepe.es/HomeSepe/en/que-es-el-sepe/que-es-el-sepe/Red-de-oficinas/DetalleOficina.html?idOficina=2d0e1e61-5cb9-4696-b0cd-e8dc68c9414c,6920,"C/ INDUSTRIA, 23","C/ INDUSTRIA, 23, 6920",39.0009347,-1.8603877,"23, Calle Juan de Toledo, 02005 Albacete, España",,23,Calle Juan de Toledo,2005,Industria,,Albacete,Albacete,AB,Castilla-La Mancha,CM,España,es,0,,,© OpenStreetMap contributors,Open Database License,https://www.openstreetmap.org/copyright
1670949573-2083,https://www.sepe.es/HomeSepe/en/que-es-el-sepe/que-es-el-sepe/Red-de-oficinas.html,Badajoz,https://www.sepe.es/HomeSepe/en/que-es-el-sepe/que-es-el-sepe/Red-de-oficinas/ResultadosBusqueda.html?id=0d531567-3a96-4075-bad2-c09d7d2ff93f&provinciaNombre=Badajoz,ALMENDRALEJO,https://www.sepe.es/HomeSepe/en/que-es-el-sepe/que-es-el-sepe/Red-de-oficinas/DetalleOficina.html?idOficina=dec2b9ab-ac5a-460a-b7c0-0e9007fa105d,6200,"C/ RAFAEL ALBERTI, S/N","C/ RAFAEL ALBERTI, S/N, 6200",42.335717,-1.939048,"Calle San Rafael, 31570 San Adrián, España",,,Calle San Rafael,31570,,San Adrián,San Adrián,Navarra,NA,Comunidad Foral De Navarra,,España,es,0,,,© OpenStreetMap contributors,Open Database License,https://www.openstreetmap.org/copyright
1670949576-2084,https://www.sepe.es/HomeSepe/en/que-es-el-sepe/que-es-el-sepe/Red-de-oficinas.html,Badajoz,https://www.sepe.es/HomeSepe/en/que-es-el-sepe/que-es-el-sepe/Red-de-oficinas/ResultadosBusqueda.html?id=0d531567-3a96-4075-bad2-c09d7d2ff93f&provinciaNombre=Badajoz,ALBURQUERQUE,https://www.sepe.es/HomeSepe/en/que-es-el-sepe/que-es-el-sepe/Red-de-oficinas/DetalleOficina.html?idOficina=33b4d9da-6ecb-4896-8669-b6a0c668be49,6510,"C/ MONJAS, 18","C/ MONJAS, 18, 6510",42.814324,-1.702508,"Calle C, 18, 31170 Barañáin, España",18,,Calle C,31170,,Cendea De Olza/Oltza Zendea,Barañáin,Navarra,NA,Comunidad Foral De Navarra,,España,es,0,,,© OpenAddresses contributors,BSD-3-Clause License,
1670949585-2085,https://www.sepe.es/HomeSepe/en/que-es-el-sepe/que-es-el-sepe/Red-de-oficinas.html,Ávila,https://www.sepe.es/HomeSepe/en/que-es-el-sepe/que-es-el-sepe/Red-de-oficinas/ResultadosBusqueda.html?id=cfcaf92a-3867-455b-bb9d-4e8ef1062a70&provinciaNombre=avila,PIEDRAHITA,https://www.sepe.es/HomeSepe/en/que-es-el-sepe/que-es-el-sepe/Red-de-oficinas/DetalleOficina.html?idOficina=1dc8a1c8-a1a9-4380-bd68-7e4c8d7a554f,5500,"PATIO DE ARMAS  PALACIO DUQUE DE ALBA, S/N","PATIO DE ARMAS  PALACIO DUQUE DE ALBA, S/N, 5500",42.053548,-6.634061,"Plaza de Armas, Puebla de Sanabria, España",,,Plaza de Armas,,,Puebla De Sanabria,Puebla de Sanabria,Zamora,ZA,Castilla Y León,CL,España,es,0,,,© OpenStreetMap contributors,Open Database License,https://www.openstreetmap.org/copyright
1670949588-2086,https://www.sepe.es/HomeSepe/en/que-es-el-sepe/que-es-el-sepe/Red-de-oficinas.html,Ávila,https://www.sepe.es/HomeSepe/en/que-es-el-sepe/que-es-el-sepe/Red-de-oficinas/ResultadosBusqueda.html?id=cfcaf92a-3867-455b-bb9d-4e8ef1062a70&provinciaNombre=avila,EL TIEMBLO,https://www.sepe.es/HomeSepe/en/que-es-el-sepe/que-es-el-sepe/Red-de-oficinas/DetalleOficina.html?idOficina=3d22fcae-14d6-48d5-95e9-15d0b5092254,5270,"PLAZA DE LA VILLA, 27-28","PLAZA DE LA VILLA, 27-28, 5270",43.444208,-3.457288,"Plaza de la Villa, Santoña, España",,,Plaza de la Villa,,,Santoña,Santoña,Cantabria,S,Cantabria,CB,España,es,0,,,© OpenStreetMap contributors,Open Database License,https://www.openstreetmap.org/copyright
1670949592-2087,https://www.sepe.es/HomeSepe/en/que-es-el-sepe/que-es-el-sepe/Red-de-oficinas.html,Ávila,https://www.sepe.es/HomeSepe/en/que-es-el-sepe/que-es-el-sepe/Red-de-oficinas/ResultadosBusqueda.html?id=cfcaf92a-3867-455b-bb9d-4e8ef1062a70&provinciaNombre=avila,AVILA,https://www.sepe.es/HomeSepe/en/que-es-el-sepe/que-es-el-sepe/Red-de-oficinas/DetalleOficina.html?idOficina=f4965383-7918-4450-9ef8-066e6a972031,5003,"C/ SANTO TOMAS, 2","C/ SANTO TOMAS, 2, 5003",42.835904,-1.100943,"Calle Santo Tomás, 2, 31451 Sarriés/Sartze, España",2,,Calle Santo Tomás,31451,,,Sarriés/Sartze,Navarra,NA,Comunidad Foral De Navarra,,España,es,0,,,© OpenAddresses contributors,BSD-3-Clause License,
1670949594-2088,https://www.sepe.es/HomeSepe/en/que-es-el-sepe/que-es-el-sepe/Red-de-oficinas.html,Ávila,https://www.sepe.es/HomeSepe/en/que-es-el-sepe/que-es-el-sepe/Red-de-oficinas/ResultadosBusqueda.html?id=cfcaf92a-3867-455b-bb9d-4e8ef1062a70&provinciaNombre=avila,AREVALO,https://www.sepe.es/HomeSepe/en/que-es-el-sepe/que-es-el-sepe/Red-de-oficinas/DetalleOficina.html?idOficina=6ba28168-8c9d-4c69-8e94-385e3eeec50a,5200,"C/ SANTA CATALINA, 2","C/ SANTA CATALINA, 2, 5200",42.928744,-1.636526,"Calle Santa Catalina, 2, 31799 Odieta, España",2,,Calle Santa Catalina,31799,,,Odieta,Navarra,NA,Comunidad Foral De Navarra,,España,es,0,,,© OpenAddresses contributors,BSD-3-Clause License,
1670949597-2089,https://www.sepe.es/HomeSepe/en/que-es-el-sepe/que-es-el-sepe/Red-de-oficinas.html,Ávila,https://www.sepe.es/HomeSepe/en/que-es-el-sepe/que-es-el-sepe/Red-de-oficinas/ResultadosBusqueda.html?id=cfcaf92a-3867-455b-bb9d-4e8ef1062a70&provinciaNombre=avila,ARENAS DE SAN PEDRO,https://www.sepe.es/HomeSepe/en/que-es-el-sepe/que-es-el-sepe/Red-de-oficinas/DetalleOficina.html?idOficina=d65f2ccb-8004-4d3d-8b38-d9adb24ff8e7,5400,"TRAVESIA JOSÉ GOCHICOA, S/N","TRAVESIA JOSÉ GOCHICOA, S/N, 5400",41.511763,0.665137,"travesia, Aspa, España",,,travesia,,,,Aspa,Lérida,L,Catalonia,,España,es,0,,,© OpenStreetMap contributors,Open Database License,https://www.openstreetmap.org/copyright
1670949602-2090,https://www.sepe.es/HomeSepe/en/que-es-el-sepe/que-es-el-sepe/Red-de-oficinas.html,Asturias,https://www.sepe.es/HomeSepe/en/que-es-el-sepe/que-es-el-sepe/Red-de-oficinas/ResultadosBusqueda.html?id=5ece477a-c4ff-4e4d-bf2e-2abb6159f23b&provinciaNombre=Asturias,VEGADEO,https://www.sepe.es/HomeSepe/en/que-es-el-sepe/que-es-el-sepe/Red-de-oficinas/DetalleOficina.html?idOficina=b654f77c-68f5-42c6-94c5-0e493ce766f7,33770,"C/ LA MILAGROSA, 18","C/ LA MILAGROSA, 18, 33770",43.4617034,-7.0520384,"La Milagrosa, 33770 Vegadeo, España",,La Milagrosa,La Milagrosa,33770,,,Vegadeo,Asturias,O,Asturias,AS,España,es,0.45,0.9,1,© OpenStreetMap contributors,Open Database License,https://www.openstreetmap.org/copyright
1670949609-2091,https://www.sepe.es/HomeSepe/en/que-es-el-sepe/que-es-el-sepe/Red-de-oficinas.html,Asturias,https://www.sepe.es/HomeSepe/en/que-es-el-sepe/que-es-el-sepe/Red-de-oficinas/ResultadosBusqueda.html?id=5ece477a-c4ff-4e4d-bf2e-2abb6159f23b&provinciaNombre=Asturias,TINEO,https://www.sepe.es/HomeSepe/en/que-es-el-sepe/que-es-el-sepe/Red-de-oficinas/DetalleOficina.html?idOficina=459cf2a8-ccc3-4af4-9108-e25766fa597c,33870,"AVDA. GONZÁLEZ DE MAYO, 32","AVDA. GONZÁLEZ DE MAYO, 32, 33870",43.337148,-6.415943,"Avenida de Gonzalez Mayo, 32, 33870 Tineo, España",32,,Avenida de Gonzalez Mayo,33870,,Tineo,Tineo,Asturias,O,Principado De Asturias,,España,es,0.63,0.63,1,© OpenStreetMap contributors,Open Database License,https://www.openstreetmap.org/copyright
1670949613-2092,https://www.sepe.es/HomeSepe/en/que-es-el-sepe/que-es-el-sepe/Red-de-oficinas.html,Asturias,https://www.sepe.es/HomeSepe/en/que-es-el-sepe/que-es-el-sepe/Red-de-oficinas/ResultadosBusqueda.html?id=5ece477a-c4ff-4e4d-bf2e-2abb6159f23b&provinciaNombre=Asturias,TEVERGA,https://www.sepe.es/HomeSepe/en/que-es-el-sepe/que-es-el-sepe/Red-de-oficinas/DetalleOficina.html?idOficina=28e9da7a-da71-4c7e-9a13-b8bcb63c49a8,33110,"C/ DOCTOR GARCÍA MIRANDA, 7, PRIMERO","C/ DOCTOR GARCÍA MIRANDA, 7, PRIMERO, 33110",43.1620802,-6.096295,"33110 Teverga, España",,Teverga,,33110,,,Teverga,Asturias,O,Asturias,AS,España,es,0.236669102,,1,© OpenStreetMap contributors,Open Database License,https://www.openstreetmap.org/copyright
1670949616-2093,https://www.sepe.es/HomeSepe/en/que-es-el-sepe/que-es-el-sepe/Red-de-oficinas.html,Asturias,https://www.sepe.es/HomeSepe/en/que-es-el-sepe/que-es-el-sepe/Red-de-oficinas/ResultadosBusqueda.html?id=5ece477a-c4ff-4e4d-bf2e-2abb6159f23b&provinciaNombre=Asturias,SIERO-POLA,https://www.sepe.es/HomeSepe/en/que-es-el-sepe/que-es-el-sepe/Red-de-oficinas/DetalleOficina.html?idOficina=b9099cfc-53ac-4cab-9af1-104c44146199,33510,"PLAZA DE LA CONSTITUCIÓN, S/N","PLAZA DE LA CONSTITUCIÓN, S/N, 33510",43.392383,-5.663185,"Plaza de la Libertad, 2, 33510 Pola de Siero, España",2,,Plaza de la Libertad,33510,,Siero,Pola de Siero,Asturias,O,Principado De Asturias,,España,es,0.189,0.2250423,0.250047,© OpenStreetMap contributors,Open Database License,https://www.openstreetmap.org/copyright
1670949619-2094,https://www.sepe.es/HomeSepe/en/que-es-el-sepe/que-es-el-sepe/Red-de-oficinas.html,Asturias,https://www.sepe.es/HomeSepe/en/que-es-el-sepe/que-es-el-sepe/Red-de-oficinas/ResultadosBusqueda.html?id=5ece477a-c4ff-4e4d-bf2e-2abb6159f23b&provinciaNombre=Asturias,SIERO-LUGONES,https://www.sepe.es/HomeSepe/en/que-es-el-sepe/que-es-el-sepe/Red-de-oficinas/DetalleOficina.html?idOficina=443a6a05-e17a-4f91-9a40-8e03d8734da6,33420,"C/ SEVERO OCHOA, 4","C/ SEVERO OCHOA, 4, 33420",43.4017161,-5.8110064,"Calle Severo Ochoa, 33420 Siero, España",,Calle Severo Ochoa,Calle Severo Ochoa,33420,,La Urba,Siero,Asturias,O,Asturias,AS,España,es,0.5,1,1,© OpenStreetMap contributors,Open Database License,https://www.openstreetmap.org/copyright
1670949621-2095,https://www.sepe.es/HomeSepe/en/que-es-el-sepe/que-es-el-sepe/Red-de-oficinas.html,Asturias,https://www.sepe.es/HomeSepe/en/que-es-el-sepe/que-es-el-sepe/Red-de-oficinas/ResultadosBusqueda.html?id=5ece477a-c4ff-4e4d-bf2e-2abb6159f23b&provinciaNombre=Asturias,PRAVIA,https://www.sepe.es/HomeSepe/en/que-es-el-sepe/que-es-el-sepe/Red-de-oficinas/DetalleOficina.html?idOficina=bdd9dfb9-7a5c-44e8-8645-9c71cdcb4b1b,33120,"C/ RIO NARCEA, 4","C/ RIO NARCEA, 4, 33120",43.4863719,-6.1103169,"Calle Río Narcea, 33120 Pravia, España",,Calle Río Narcea,Calle Río Narcea,33120,,,Pravia,Asturias,O,Asturias,AS,España,es,0.5,1,1,© OpenStreetMap contributors,Open Database License,https://www.openstreetmap.org/copyright
1670949624-2096,https://www.sepe.es/HomeSepe/en/que-es-el-sepe/que-es-el-sepe/Red-de-oficinas.html,Asturias,https://www.sepe.es/HomeSepe/en/que-es-el-sepe/que-es-el-sepe/Red-de-oficinas/ResultadosBusqueda.html?id=5ece477a-c4ff-4e4d-bf2e-2abb6159f23b&provinciaNombre=Asturias,OVIEDO-LA REGENTA,https://www.sepe.es/HomeSepe/en/que-es-el-sepe/que-es-el-sepe/Red-de-oficinas/DetalleOficina.html?idOficina=948bc0ca-3e35-4983-a1b0-638f28c2f62a,33005,"C/ LA REGENTA,21-23","C/ LA REGENTA,21-23, 33005",43.36136463,-5.856726445,"Centro y casco histórico, 33005 Oviedo, España",,Centro y casco histórico,,33005,,Centro y casco histórico,Oviedo,Asturias,O,Asturias,AS,España,es,0.25,,1,© OpenStreetMap contributors,Open Database License,https://www.openstreetmap.org/copyright
1670949628-2097,https://www.sepe.es/HomeSepe/en/que-es-el-sepe/que-es-el-sepe/Red-de-oficinas.html,Asturias,https://www.sepe.es/HomeSepe/en/que-es-el-sepe/que-es-el-sepe/Red-de-oficinas/ResultadosBusqueda.html?id=5ece477a-c4ff-4e4d-bf2e-2abb6159f23b&provinciaNombre=Asturias,OVIEDO -GENERAL ELORZA,https://www.sepe.es/HomeSepe/en/que-es-el-sepe/que-es-el-sepe/Red-de-oficinas/DetalleOficina.html?idOficina=adfac8bf-cebb-4a22-9c6e-066ba33b3c15,33001,"C/ GENERAL ELORZA, 27","C/ GENERAL ELORZA, 27, 33001",43.365991,-5.8441342,"Calle General Elorza, 27, 33080 Oviedo, España",27,,Calle General Elorza,33080,Casco Antiguo,Centro y casco histórico,Oviedo,Asturias,O,Asturias,AS,España,es,1,0.3,0.3,© OpenStreetMap contributors,Open Database License,https://www.openstreetmap.org/copyright
1670949631-2098,https://www.sepe.es/HomeSepe/en/que-es-el-sepe/que-es-el-sepe/Red-de-oficinas.html,Asturias,https://www.sepe.es/HomeSepe/en/que-es-el-sepe/que-es-el-sepe/Red-de-oficinas/ResultadosBusqueda.html?id=5ece477a-c4ff-4e4d-bf2e-2abb6159f23b&provinciaNombre=Asturias,NAVIA,https://www.sepe.es/HomeSepe/en/que-es-el-sepe/que-es-el-sepe/Red-de-oficinas/DetalleOficina.html?idOficina=358d68ed-72c6-4cf0-99d8-8e15feb3e46a,33710,"C/ LAS VEIGAS, 13","C/ LAS VEIGAS, 13, 33710",43.53815408,-6.720882171,"33710 Navia, España",,Navia,,33710,,,Navia,Asturias,O,Asturias,AS,España,es,0,,1,© OpenStreetMap contributors,Open Database License,https://www.openstreetmap.org/copyright
1670949634-2099,https://www.sepe.es/HomeSepe/en/que-es-el-sepe/que-es-el-sepe/Red-de-oficinas.html,Asturias,https://www.sepe.es/HomeSepe/en/que-es-el-sepe/que-es-el-sepe/Red-de-oficinas/ResultadosBusqueda.html?id=5ece477a-c4ff-4e4d-bf2e-2abb6159f23b&provinciaNombre=Asturias,MIERES,https://www.sepe.es/HomeSepe/en/que-es-el-sepe/que-es-el-sepe/Red-de-oficinas/DetalleOficina.html?idOficina=3fbb9fa0-7dda-43e2-b26d-7989b4972102,33600,"C/ TEODORO CUESTA, 49","C/ TEODORO CUESTA, 49, 33600",43.2523869,-5.7722667,"Calle Teodoro Cuesta, 33600 Mieres, España",,Calle Teodoro Cuesta,Calle Teodoro Cuesta,33600,,La Campeta,Mieres,Asturias,O,Asturias,AS,España,es,0.5,1,1,© OpenStreetMap contributors,Open Database License,https://www.openstreetmap.org/copyright
1670949636-2100,https://www.sepe.es/HomeSepe/en/que-es-el-sepe/que-es-el-sepe/Red-de-oficinas.html,Asturias,https://www.sepe.es/HomeSepe/en/que-es-el-sepe/que-es-el-sepe/Red-de-oficinas/ResultadosBusqueda.html?id=5ece477a-c4ff-4e4d-bf2e-2abb6159f23b&provinciaNombre=Asturias,LUARCA,https://www.sepe.es/HomeSepe/en/que-es-el-sepe/que-es-el-sepe/Red-de-oficinas/DetalleOficina.html?idOficina=499c1a64-bfbf-43f0-b961-2efbb5f3b877,33700,"C/ NICANOR DEL CAMPO, 18-20","C/ NICANOR DEL CAMPO, 18-20, 33700",43.5411563,-6.53825,"Calle Nicanor del Campo, 33700 Valdés, España",,Calle Nicanor del Campo,Calle Nicanor del Campo,33700,,El Chano,Valdés,Asturias,O,Asturias,AS,España,es,0.5,1,1,© OpenStreetMap contributors,Open Database License,https://www.openstreetmap.org/copyright
1670949639-2101,https://www.sepe.es/HomeSepe/en/que-es-el-sepe/que-es-el-sepe/Red-de-oficinas.html,Asturias,https://www.sepe.es/HomeSepe/en/que-es-el-sepe/que-es-el-sepe/Red-de-oficinas/ResultadosBusqueda.html?id=5ece477a-c4ff-4e4d-bf2e-2abb6159f23b&provinciaNombre=Asturias,LLANES,https://www.sepe.es/HomeSepe/en/que-es-el-sepe/que-es-el-sepe/Red-de-oficinas/DetalleOficina.html?idOficina=a9d305e2-55c9-47f4-a931-017e85fa1f28,33500,"CARRETERA DE PANCAR, S/N","CARRETERA DE PANCAR, S/N, 33500",43.425,-4.77319,"Carretera de Ribadesella a Llanes, 33500 Llanes, España",,,Carretera de Ribadesella a Llanes,33500,,,Llanes,Asturias,O,Principado De Asturias,,España,es,0.016666667,0.043401015,0.059535,© OpenStreetMap contributors,Open Database License,https://www.openstreetmap.org/copyright
1670949642-2102,https://www.sepe.es/HomeSepe/en/que-es-el-sepe/que-es-el-sepe/Red-de-oficinas.html,Asturias,https://www.sepe.es/HomeSepe/en/que-es-el-sepe/que-es-el-sepe/Red-de-oficinas/ResultadosBusqueda.html?id=5ece477a-c4ff-4e4d-bf2e-2abb6159f23b&provinciaNombre=Asturias,LENA,https://www.sepe.es/HomeSepe/en/que-es-el-sepe/que-es-el-sepe/Red-de-oficinas/DetalleOficina.html?idOficina=1792de11-579a-463c-9c67-4c8ce505949f,33630,"C/ CORPORACIONES DE LENA, S/N","C/ CORPORACIONES DE LENA, S/N, 33630",43.15877207,-5.828014891,"33630 Pola de Lena, España",,Pola de Lena,,33630,,,Pola de Lena,Asturias,O,Asturias,AS,España,es,0.165039063,,1,© OpenStreetMap contributors,Open Database License,https://www.openstreetmap.org/copyright
1670949644-2103,https://www.sepe.es/HomeSepe/en/que-es-el-sepe/que-es-el-sepe/Red-de-oficinas.html,Asturias,https://www.sepe.es/HomeSepe/en/que-es-el-sepe/que-es-el-sepe/Red-de-oficinas/ResultadosBusqueda.html?id=5ece477a-c4ff-4e4d-bf2e-2abb6159f23b&provinciaNombre=Asturias,LANGREO,https://www.sepe.es/HomeSepe/en/que-es-el-sepe/que-es-el-sepe/Red-de-oficinas/DetalleOficina.html?idOficina=e384e438-fb34-4515-99f4-addcea5cdbd2,33930,"C/ CELESTINO CABEZA, S/N","C/ CELESTINO CABEZA, S/N, 33930",43.3096331,-5.6940132,"Calle Celestino Cabeza, 33930 Langreo, España",,Calle Celestino Cabeza,Calle Celestino Cabeza,33930,La Felguera,,Langreo,Asturias,O,Asturias,AS,España,es,0.8,0.9,1,© OpenStreetMap contributors,Open Database License,https://www.openstreetmap.org/copyright
1670949647-2104,https://www.sepe.es/HomeSepe/en/que-es-el-sepe/que-es-el-sepe/Red-de-oficinas.html,Asturias,https://www.sepe.es/HomeSepe/en/que-es-el-sepe/que-es-el-sepe/Red-de-oficinas/ResultadosBusqueda.html?id=5ece477a-c4ff-4e4d-bf2e-2abb6159f23b&provinciaNombre=Asturias,INFIESTO,https://www.sepe.es/HomeSepe/en/que-es-el-sepe/que-es-el-sepe/Red-de-oficinas/DetalleOficina.html?idOficina=60bba38f-d5b7-4d29-9306-40b4403098ec,33530,"C/ MARTÍNEZ AGOSTI, 18-20","C/ MARTÍNEZ AGOSTI, 18-20, 33530",43.34718536,-5.362452876,"33530 Piloña, España",,Piloña,,33530,,,Piloña,Asturias,O,Asturias,AS,España,es,0,,1,© OpenStreetMap contributors,Open Database License,https://www.openstreetmap.org/copyright
1670949649-2105,https://www.sepe.es/HomeSepe/en/que-es-el-sepe/que-es-el-sepe/Red-de-oficinas.html,Asturias,https://www.sepe.es/HomeSepe/en/que-es-el-sepe/que-es-el-sepe/Red-de-oficinas/ResultadosBusqueda.html?id=5ece477a-c4ff-4e4d-bf2e-2abb6159f23b&provinciaNombre=Asturias,GRADO,https://www.sepe.es/HomeSepe/en/que-es-el-sepe/que-es-el-sepe/Red-de-oficinas/DetalleOficina.html?idOficina=0a7717b5-a32c-420a-9f47-bd292fc1e7dd,33820,"C/ MAESTRA BENICIA, S/N","C/ MAESTRA BENICIA, S/N, 33820",43.3907879,-6.0705289,"Calle Maestra Benicia, 33820 Grado, España",,Calle Maestra Benicia,Calle Maestra Benicia,33820,,,Grado,Asturias,O,Asturias,AS,España,es,0.796153846,0.9,1,© OpenStreetMap contributors,Open Database License,https://www.openstreetmap.org/copyright
1670949652-2106,https://www.sepe.es/HomeSepe/en/que-es-el-sepe/que-es-el-sepe/Red-de-oficinas.html,Asturias,https://www.sepe.es/HomeSepe/en/que-es-el-sepe/que-es-el-sepe/Red-de-oficinas/ResultadosBusqueda.html?id=5ece477a-c4ff-4e4d-bf2e-2abb6159f23b&provinciaNombre=Asturias,GIJON-MONTEVIL,https://www.sepe.es/HomeSepe/en/que-es-el-sepe/que-es-el-sepe/Red-de-oficinas/DetalleOficina.html?idOficina=06d30daa-6e42-4e39-b9a5-f81cac5088b2,33211,"C/ SOR JUANA INÉS DE LA CRUZ, 10","C/ SOR JUANA INÉS DE LA CRUZ, 10, 33211",43.52342642,-5.692789841,"Distrito Sur, 33211 Gijón, España",,Distrito Sur,,33211,,Distrito Sur,Gijón,Asturias,O,Asturias,AS,España,es,0.25,,1,© OpenStreetMap contributors,Open Database License,https://www.openstreetmap.org/copyright
1670949658-2107,https://www.sepe.es/HomeSepe/en/que-es-el-sepe/que-es-el-sepe/Red-de-oficinas.html,Asturias,https://www.sepe.es/HomeSepe/en/que-es-el-sepe/que-es-el-sepe/Red-de-oficinas/ResultadosBusqueda.html?id=5ece477a-c4ff-4e4d-bf2e-2abb6159f23b&provinciaNombre=Asturias,GIJON-MARIANO POLA,https://www.sepe.es/HomeSepe/en/que-es-el-sepe/que-es-el-sepe/Red-de-oficinas/DetalleOficina.html?idOficina=a6de4a53-37fa-48cb-b286-b25f607c0204,33212,"C/ MARIANO POLA, 3","C/ MARIANO POLA, 3, 33212",43.5400801,-5.6785132,"Calle Mariano Pola, 33212 Gijón, España",,Calle Mariano Pola,Calle Mariano Pola,33212,Poniente,Distrito Oeste,Gijón,Asturias,O,Asturias,AS,España,es,0.5,1,1,© OpenStreetMap contributors,Open Database License,https://www.openstreetmap.org/copyright
1670949661-2108,https://www.sepe.es/HomeSepe/en/que-es-el-sepe/que-es-el-sepe/Red-de-oficinas.html,Asturias,https://www.sepe.es/HomeSepe/en/que-es-el-sepe/que-es-el-sepe/Red-de-oficinas/ResultadosBusqueda.html?id=5ece477a-c4ff-4e4d-bf2e-2abb6159f23b&provinciaNombre=Asturias,GIJON-JUAN DE AUSTRIA,https://www.sepe.es/HomeSepe/en/que-es-el-sepe/que-es-el-sepe/Red-de-oficinas/DetalleOficina.html?idOficina=0332b2b1-cc2d-42c0-95ba-4c2028b8f3aa,33213,"C/ JUAN DE AUSTRIA, S/N","C/ JUAN DE AUSTRIA, S/N, 33213",43.53893,-5.704632,"Calle Don Juan de Austria, 33213 Gijón, España",,,Calle Don Juan de Austria,33213,,Gijón,Gijón,Asturias,O,Principado De Asturias,,España,es,0,,,© OpenStreetMap contributors,Open Database License,https://www.openstreetmap.org/copyright
1670949665-2109,https://www.sepe.es/HomeSepe/en/que-es-el-sepe/que-es-el-sepe/Red-de-oficinas.html,Asturias,https://www.sepe.es/HomeSepe/en/que-es-el-sepe/que-es-el-sepe/Red-de-oficinas/ResultadosBusqueda.html?id=5ece477a-c4ff-4e4d-bf2e-2abb6159f23b&provinciaNombre=Asturias,GIJON-GONZALEZ MALLADA,https://www.sepe.es/HomeSepe/en/que-es-el-sepe/que-es-el-sepe/Red-de-oficinas/DetalleOficina.html?idOficina=28ee3ed4-2b4f-408a-9c07-787bfb74b6cf,33204,"C/ AVELINO GONZÁLEZ MALLADA, S/N","C/ AVELINO GONZÁLEZ MALLADA, S/N, 33204",43.532674,-5.650238,"Calle Avelino González Mallada, 33204 Gijón, España",,,Calle Avelino González Mallada,33204,,Gijón,Gijón,Asturias,O,Principado De Asturias,,España,es,0.513,0.5985,0.63,© OpenStreetMap contributors,Open Database License,https://www.openstreetmap.org/copyright
1670949667-2110,https://www.sepe.es/HomeSepe/en/que-es-el-sepe/que-es-el-sepe/Red-de-oficinas.html,Asturias,https://www.sepe.es/HomeSepe/en/que-es-el-sepe/que-es-el-sepe/Red-de-oficinas/ResultadosBusqueda.html?id=5ece477a-c4ff-4e4d-bf2e-2abb6159f23b&provinciaNombre=Asturias,CANGAS DE ONIS,https://www.sepe.es/HomeSepe/en/que-es-el-sepe/que-es-el-sepe/Red-de-oficinas/DetalleOficina.html?idOficina=76f68074-9b0a-4fda-8133-e7f9e7771175,33550,"PLAZA CAMILA BECEÑA, 2 - PRIMERO","PLAZA CAMILA BECEÑA, 2 - PRIMERO, 33550",43.350625,-5.125675,"Plaza del Mercado, Cangas de Onís, España",,,Plaza del Mercado,,,Cangas De Onís,Cangas de Onís,Asturias,O,Principado De Asturias,,España,es,0.1296,,,© OpenStreetMap contributors,Open Database License,https://www.openstreetmap.org/copyright
1670949670-2111,https://www.sepe.es/HomeSepe/en/que-es-el-sepe/que-es-el-sepe/Red-de-oficinas.html,Asturias,https://www.sepe.es/HomeSepe/en/que-es-el-sepe/que-es-el-sepe/Red-de-oficinas/ResultadosBusqueda.html?id=5ece477a-c4ff-4e4d-bf2e-2abb6159f23b&provinciaNombre=Asturias,CANGAS DE NARCEA,https://www.sepe.es/HomeSepe/en/que-es-el-sepe/que-es-el-sepe/Red-de-oficinas/DetalleOficina.html?idOficina=8d5892b9-d0b1-41bf-8347-c1660a048bfe,33800,"C/ CUESTA DE LA VEGA, S/N","C/ CUESTA DE LA VEGA, S/N, 33800",43.1778642,-6.5522459,"Calle Cuesta de la Vega, 33800 Cangas del Narcea, España",,Calle Cuesta de la Vega,Calle Cuesta de la Vega,33800,,,Cangas del Narcea,Asturias,O,Asturias,AS,España,es,0.5,1,1,© OpenStreetMap contributors,Open Database License,https://www.openstreetmap.org/copyright
1670949673-2112,https://www.sepe.es/HomeSepe/en/que-es-el-sepe/que-es-el-sepe/Red-de-oficinas.html,Asturias,https://www.sepe.es/HomeSepe/en/que-es-el-sepe/que-es-el-sepe/Red-de-oficinas/ResultadosBusqueda.html?id=5ece477a-c4ff-4e4d-bf2e-2abb6159f23b&provinciaNombre=Asturias,AVILES-GONZALEZ ABARCA,https://www.sepe.es/HomeSepe/en/que-es-el-sepe/que-es-el-sepe/Red-de-oficinas/DetalleOficina.html?idOficina=34314e95-9ded-474c-a69b-282111cfcd63,33400,"C/ GONZÁLEZ ABARCA, 13","C/ GONZÁLEZ ABARCA, 13, 33400",43.5590235,-5.9411307,"33400 Avilés, España",,Avilés,,33400,,,Avilés,Asturias,O,Asturias,AS,España,es,0,,1,© OpenStreetMap contributors,Open Database License,https://www.openstreetmap.org/copyright
1670949675-2113,https://www.sepe.es/HomeSepe/en/que-es-el-sepe/que-es-el-sepe/Red-de-oficinas.html,Asturias,https://www.sepe.es/HomeSepe/en/que-es-el-sepe/que-es-el-sepe/Red-de-oficinas/ResultadosBusqueda.html?id=5ece477a-c4ff-4e4d-bf2e-2abb6159f23b&provinciaNombre=Asturias,AVILES-EL MUELLE,https://www.sepe.es/HomeSepe/en/que-es-el-sepe/que-es-el-sepe/Red-de-oficinas/DetalleOficina.html?idOficina=7456f5fe-7575-40f4-b744-9b5fc1fc86dc,33400,"C/ EL MUELLE, 8 - PRIMERO","C/ EL MUELLE, 8 - PRIMERO, 33400",43.558743,-5.921298,"Calle El Muelle, 33400 Entreviñas, España",,,Calle El Muelle,33400,,Corvera de Asturias,Entreviñas,Asturias,O,Principado De Asturias,,España,es,0.714285714,,,© OpenStreetMap contributors,Open Database License,https://www.openstreetmap.org/copyright
1670949678-2114,https://www.sepe.es/HomeSepe/en/que-es-el-sepe/que-es-el-sepe/Red-de-oficinas.html,Asturias,https://www.sepe.es/HomeSepe/en/que-es-el-sepe/que-es-el-sepe/Red-de-oficinas/ResultadosBusqueda.html?id=5ece477a-c4ff-4e4d-bf2e-2abb6159f23b&provinciaNombre=Asturias,ALLER-MOREDA,https://www.sepe.es/HomeSepe/en/que-es-el-sepe/que-es-el-sepe/Red-de-oficinas/DetalleOficina.html?idOficina=494ed73f-0f33-4e42-9df2-a5022ec503da,33670,"AVDA. TARTIERE, 48","AVDA. TARTIERE, 48, 33670",43.1666568,-5.7366334,"Avenida Tartiere, 33670 Aller, España",,Avenida Tartiere,Avenida Tartiere,33670,,"La Casanueva, Morea",Aller,Asturias,O,Asturias,AS,España,es,0.5,1,1,© OpenStreetMap contributors,Open Database License,https://www.openstreetmap.org/copyright
1670949683-2115,https://www.sepe.es/HomeSepe/en/que-es-el-sepe/que-es-el-sepe/Red-de-oficinas.html,Araba/Álava,https://www.sepe.es/HomeSepe/en/que-es-el-sepe/que-es-el-sepe/Red-de-oficinas/ResultadosBusqueda.html?id=e7af4d02-f362-4021-af74-e25b0ca26b0e&provinciaNombre=Araba/alava,VITORIA/GASTEIZ-ZABALGANA,https://www.sepe.es/HomeSepe/en/que-es-el-sepe/que-es-el-sepe/Red-de-oficinas/DetalleOficina.html?idOficina=22166a3e-ac6a-442f-91dd-8961f872eb04,1010,"C/ OCEANO PACIFICO, 16-18","C/ OCEANO PACIFICO, 16-18, 1010",40.57696,-3.928203,"Restaurante Japonés Océano Pacífico, Calle Juan Van Halen, 5, 28250 Torrelodones, España",5,Restaurante Japonés Océano Pacífico,Calle Juan Van Halen,28250,,Torrelodones,Torrelodones,Madrid,,Comunidad de Madrid,MD,España,es,0,,,© OpenStreetMap contributors,Open Database License,https://www.openstreetmap.org/copyright
1670949686-2116,https://www.sepe.es/HomeSepe/en/que-es-el-sepe/que-es-el-sepe/Red-de-oficinas.html,Araba/Álava,https://www.sepe.es/HomeSepe/en/que-es-el-sepe/que-es-el-sepe/Red-de-oficinas/ResultadosBusqueda.html?id=e7af4d02-f362-4021-af74-e25b0ca26b0e&provinciaNombre=Araba/alava,VITORIA/GASTEIZ-SALBURUA,https://www.sepe.es/HomeSepe/en/que-es-el-sepe/que-es-el-sepe/Red-de-oficinas/DetalleOficina.html?idOficina=b1d18a1b-b539-428a-8b17-2d6a82576e52,1001,"C/ FERROCARRIL DEL NORTE, 1","C/ FERROCARRIL DEL NORTE, 1, 1001",42.577951,-0.543128,"Calle Ferrocarril, 1, 22700 Jaca, España",1,,Calle Ferrocarril,22700,,Jaca,Jaca,Huesca,HU,Aragón,AR,España,es,0,,,© OpenStreetMap contributors,Open Database License,https://www.openstreetmap.org/copyright
1670949689-2117,https://www.sepe.es/HomeSepe/en/que-es-el-sepe/que-es-el-sepe/Red-de-oficinas.html,Araba/Álava,https://www.sepe.es/HomeSepe/en/que-es-el-sepe/que-es-el-sepe/Red-de-oficinas/ResultadosBusqueda.html?id=e7af4d02-f362-4021-af74-e25b0ca26b0e&provinciaNombre=Araba/alava,LAUDIO/LLODIO,https://www.sepe.es/HomeSepe/en/que-es-el-sepe/que-es-el-sepe/Red-de-oficinas/DetalleOficina.html?idOficina=0b5e2ffc-54c7-41d8-856a-cc360765c9e8,1400,"C/ JOSÉ MATÍA, 24-26","C/ JOSÉ MATÍA, 24-26, 1400",42.231425,2.877025,"C-26, Navata, España",,,C-26,,,,Navata,Gerona,,Catalonia,,España,es,0,,,© OpenStreetMap contributors,Open Database License,https://www.openstreetmap.org/copyright
1670949695-2118,https://www.sepe.es/HomeSepe/en/que-es-el-sepe/que-es-el-sepe/Red-de-oficinas.html,Almería,https://www.sepe.es/HomeSepe/en/que-es-el-sepe/que-es-el-sepe/Red-de-oficinas/ResultadosBusqueda.html?id=256908e0-499a-4d7e-92de-9a6802147fc3&provinciaNombre=Almeria,VELEZ-RUBIO,https://www.sepe.es/HomeSepe/en/que-es-el-sepe/que-es-el-sepe/Red-de-oficinas/DetalleOficina.html?idOficina=989ac48e-1ce2-411d-8cfd-623e02ed3f54,4820,"C/ VILLA MARIA, 11","C/ VILLA MARIA, 11, 4820",42.723551,-1.6177,"C Transporte, 11, 31119 Noáin (Valle De Elorz)/Noain (Elortzibar), España",11,,C Transporte,31119,,,Noáin (Valle De Elorz)/Noain (Elortzibar),Navarra,NA,Comunidad Foral De Navarra,,España,es,0,,,© OpenAddresses contributors,BSD-3-Clause License,
1670949698-2119,https://www.sepe.es/HomeSepe/en/que-es-el-sepe/que-es-el-sepe/Red-de-oficinas.html,Almería,https://www.sepe.es/HomeSepe/en/que-es-el-sepe/que-es-el-sepe/Red-de-oficinas/ResultadosBusqueda.html?id=256908e0-499a-4d7e-92de-9a6802147fc3&provinciaNombre=Almeria,TABERNAS,https://www.sepe.es/HomeSepe/en/que-es-el-sepe/que-es-el-sepe/Red-de-oficinas/DetalleOficina.html?idOficina=dfd4e3b2-9505-40e3-8ee9-838c682cbf4b,4200,C/ REYES CATOLICOS S/N,"C/ REYES CATOLICOS S/N, 4200",35.286511,-2.941586,"Colegio Reyes Católicos, Melilla, ML, España",,Colegio Reyes Católicos,,,,,Melilla,Melilla,,Melilla,ML,España,es,0,,,© OpenStreetMap contributors,Open Database License,https://www.openstreetmap.org/copyright
1670949700-2120,https://www.sepe.es/HomeSepe/en/que-es-el-sepe/que-es-el-sepe/Red-de-oficinas.html,Almería,https://www.sepe.es/HomeSepe/en/que-es-el-sepe/que-es-el-sepe/Red-de-oficinas/ResultadosBusqueda.html?id=256908e0-499a-4d7e-92de-9a6802147fc3&provinciaNombre=Almeria,ROQUETAS DE MAR,https://www.sepe.es/HomeSepe/en/que-es-el-sepe/que-es-el-sepe/Red-de-oficinas/DetalleOficina.html?idOficina=4aaa0a8d-6ddb-4bef-a989-86a288e9a407,4740,"C/ PRECIADOS, 15","C/ PRECIADOS, 15, 4740",36.771584,-2.613682,"Calle Preciados, 15, 04740 Roquetas de Mar, España",15,,Calle Preciados,4740,,Roquetas De Mar,Roquetas de Mar,Almería,AL,Andalucía,AN,España,es,1,1,1,© OpenStreetMap contributors,Open Database License,https://www.openstreetmap.org/copyright
1670949703-2121,https://www.sepe.es/HomeSepe/en/que-es-el-sepe/que-es-el-sepe/Red-de-oficinas.html,Almería,https://www.sepe.es/HomeSepe/en/que-es-el-sepe/que-es-el-sepe/Red-de-oficinas/ResultadosBusqueda.html?id=256908e0-499a-4d7e-92de-9a6802147fc3&provinciaNombre=Almeria,OLULA DEL RIO,https://www.sepe.es/HomeSepe/en/que-es-el-sepe/que-es-el-sepe/Red-de-oficinas/DetalleOficina.html?idOficina=6bbc4f10-f53b-42dc-9316-9d2e30c45519,4860,"PLAZA JOSÉ ORUS, 10","PLAZA JOSÉ ORUS, 10, 4860",43.280715,-2.977659,"Plaza Burtzeña / Burtzeña plaza, 10, 48903 San Vicente de Baracaldo, España",10,,Plaza Burtzeña / Burtzeña plaza,48903,Zorroza,Baracaldo,San Vicente de Baracaldo,Vizcaya,BI,País Vasco/Euskadi,,España,es,0.3969,0.11907,0.3,© OpenStreetMap contributors,Open Database License,https://www.openstreetmap.org/copyright
1670949706-2122,https://www.sepe.es/HomeSepe/en/que-es-el-sepe/que-es-el-sepe/Red-de-oficinas.html,Almería,https://www.sepe.es/HomeSepe/en/que-es-el-sepe/que-es-el-sepe/Red-de-oficinas/ResultadosBusqueda.html?id=256908e0-499a-4d7e-92de-9a6802147fc3&provinciaNombre=Almeria,HUERCAL - OVERA,https://www.sepe.es/HomeSepe/en/que-es-el-sepe/que-es-el-sepe/Red-de-oficinas/DetalleOficina.html?idOficina=3cc155bf-1a49-4285-8662-205639d00ebb,4600,"C/ DOCTOR BARBACID, 2","C/ DOCTOR BARBACID, 2, 4600",37.393784,-1.942157,"Calle del Doctor Barbacid, 2, 04600 Huércal-Overa, España",2,,Calle del Doctor Barbacid,4600,,Huércal-Overa,Huércal-Overa,Almería,AL,Andalucía,AN,España,es,0.63,0.63,1,© OpenStreetMap contributors,Open Database License,https://www.openstreetmap.org/copyright
1670949708-2123,https://www.sepe.es/HomeSepe/en/que-es-el-sepe/que-es-el-sepe/Red-de-oficinas.html,Almería,https://www.sepe.es/HomeSepe/en/que-es-el-sepe/que-es-el-sepe/Red-de-oficinas/ResultadosBusqueda.html?id=256908e0-499a-4d7e-92de-9a6802147fc3&provinciaNombre=Almeria,EL EJIDO,https://www.sepe.es/HomeSepe/en/que-es-el-sepe/que-es-el-sepe/Red-de-oficinas/DetalleOficina.html?idOficina=5c462d84-dfdc-4e2a-a84f-1426bd96c3d4,4700,"PLAZA DE LAS VIOLETAS, S/N","PLAZA DE LAS VIOLETAS, S/N, 4700",36.211043,-5.391454,"Plaza de las Constituciones, San Roque, España",,,Plaza de las Constituciones,,,San Roque,San Roque,Cádiz,CA,Andalucía,AN,España,es,0,,,© OpenStreetMap contributors,Open Database License,https://www.openstreetmap.org/copyright
1670949711-2124,https://www.sepe.es/HomeSepe/en/que-es-el-sepe/que-es-el-sepe/Red-de-oficinas.html,Almería,https://www.sepe.es/HomeSepe/en/que-es-el-sepe/que-es-el-sepe/Red-de-oficinas/ResultadosBusqueda.html?id=256908e0-499a-4d7e-92de-9a6802147fc3&provinciaNombre=Almeria,CANTORIA,https://www.sepe.es/HomeSepe/en/que-es-el-sepe/que-es-el-sepe/Red-de-oficinas/DetalleOficina.html?idOficina=e8f0380d-ad89-4c83-9c45-c43b7ee139d2,4850,AVDA. DE ALMANZORA S/N,"AVDA. DE ALMANZORA S/N, 4850",37.356369,-1.675367,"Avenida de Almanzora, Pulpí, España",,,Avenida de Almanzora,,,,Pulpí,Almería,AL,Andalucía,AN,España,es,0.405,,,© OpenStreetMap contributors,Open Database License,https://www.openstreetmap.org/copyright
1670949715-2125,https://www.sepe.es/HomeSepe/en/que-es-el-sepe/que-es-el-sepe/Red-de-oficinas.html,Almería,https://www.sepe.es/HomeSepe/en/que-es-el-sepe/que-es-el-sepe/Red-de-oficinas/ResultadosBusqueda.html?id=256908e0-499a-4d7e-92de-9a6802147fc3&provinciaNombre=Almeria,CANJAYAR,https://www.sepe.es/HomeSepe/en/que-es-el-sepe/que-es-el-sepe/Red-de-oficinas/DetalleOficina.html?idOficina=6087fc9e-ee04-47a6-be71-1ad6b6db2707,4450,"C/ SANTA CRUZ, 16","C/ SANTA CRUZ, 16, 4450",42.267681,2.96435,"C/ Santa Margarida, 15, 17600 Figueres, España",15,,C/ Santa Margarida,17600,,Figueras,Figueres,Gerona,,Catalonia,,España,es,0,,,© OpenStreetMap contributors,Open Database License,https://www.openstreetmap.org/copyright
1670949718-2126,https://www.sepe.es/HomeSepe/en/que-es-el-sepe/que-es-el-sepe/Red-de-oficinas.html,Almería,https://www.sepe.es/HomeSepe/en/que-es-el-sepe/que-es-el-sepe/Red-de-oficinas/ResultadosBusqueda.html?id=256908e0-499a-4d7e-92de-9a6802147fc3&provinciaNombre=Almeria,BERJA,https://www.sepe.es/HomeSepe/en/que-es-el-sepe/que-es-el-sepe/Red-de-oficinas/DetalleOficina.html?idOficina=4ee412e3-65f2-49f2-a4c3-1f12d75c56ed,4760,PLAZA DE LA CONSTITUCION S/N,"PLAZA DE LA CONSTITUCION S/N, 4760",41.670895,-3.685989,"Plaza de la Constitución, Aranda de Duero, España",,,Plaza de la Constitución,,,Aranda De Duero,Aranda de Duero,Burgos,BU,Castilla Y León,CL,España,es,0,,,© OpenStreetMap contributors,Open Database License,https://www.openstreetmap.org/copyright
1670949720-2127,https://www.sepe.es/HomeSepe/en/que-es-el-sepe/que-es-el-sepe/Red-de-oficinas.html,Almería,https://www.sepe.es/HomeSepe/en/que-es-el-sepe/que-es-el-sepe/Red-de-oficinas/ResultadosBusqueda.html?id=256908e0-499a-4d7e-92de-9a6802147fc3&provinciaNombre=Almeria,ALMERIA-COMARCAL,https://www.sepe.es/HomeSepe/en/que-es-el-sepe/que-es-el-sepe/Red-de-oficinas/DetalleOficina.html?idOficina=55caf60c-4659-4a02-8af4-66b95e6d7323,4006,"C/ LA MERCED, 1","C/ LA MERCED, 1, 4006",38.655145,0.072222,"Partida La Merced, 1-C, Fanadix, España",1-C,,Partida La Merced,,,Calpe,Fanadix,Alicante,A,Comunidad Valenciana,VC,España,es,0,,,© OpenStreetMap contributors,Open Database License,https://www.openstreetmap.org/copyright
1670949723-2128,https://www.sepe.es/HomeSepe/en/que-es-el-sepe/que-es-el-sepe/Red-de-oficinas.html,Almería,https://www.sepe.es/HomeSepe/en/que-es-el-sepe/que-es-el-sepe/Red-de-oficinas/ResultadosBusqueda.html?id=256908e0-499a-4d7e-92de-9a6802147fc3&provinciaNombre=Almeria,ALMERIA - ALTAMIRA,https://www.sepe.es/HomeSepe/en/que-es-el-sepe/que-es-el-sepe/Red-de-oficinas/DetalleOficina.html?idOficina=b24a6708-e7c3-469e-86b2-e9e4a7317fbb,4005,C/ ALTAMIRA 19-21,"C/ ALTAMIRA 19-21, 4005",42.821504,-1.550535,"Polígono Industrial Cl C, 21 19, 31486 Gorraiz, España",21 19,,Polígono Industrial Cl C,31486,,Egüés,Gorraiz,Navarra,NA,Comunidad Foral De Navarra,,España,es,0,,,© OpenAddresses contributors,BSD-3-Clause License,
1670949726-2129,https://www.sepe.es/HomeSepe/en/que-es-el-sepe/que-es-el-sepe/Red-de-oficinas.html,Almería,https://www.sepe.es/HomeSepe/en/que-es-el-sepe/que-es-el-sepe/Red-de-oficinas/ResultadosBusqueda.html?id=256908e0-499a-4d7e-92de-9a6802147fc3&provinciaNombre=Almeria,ALMERIA - ALMADRABILLAS,https://www.sepe.es/HomeSepe/en/que-es-el-sepe/que-es-el-sepe/Red-de-oficinas/DetalleOficina.html?idOficina=3a1dfc62-4524-4d08-ad65-dd2148588597,4004,"CARRETERA DE RONDA, 13","CARRETERA DE RONDA, 13, 4004",36.834145,-2.459168,"Carretera de Ronda, 21, 04004 Almería, España",21,,Carretera de Ronda,4004,,Almería,Almería,Almería,AL,Andalucía,AN,España,es,0.7,1,1,© OpenStreetMap contributors,Open Database License,https://www.openstreetmap.org/copyright
1670949729-2130,https://www.sepe.es/HomeSepe/en/que-es-el-sepe/que-es-el-sepe/Red-de-oficinas.html,Almería,https://www.sepe.es/HomeSepe/en/que-es-el-sepe/que-es-el-sepe/Red-de-oficinas/ResultadosBusqueda.html?id=256908e0-499a-4d7e-92de-9a6802147fc3&provinciaNombre=Almeria,ALBOX,https://www.sepe.es/HomeSepe/en/que-es-el-sepe/que-es-el-sepe/Red-de-oficinas/DetalleOficina.html?idOficina=9668c10a-f48d-4afb-9754-56c8a16bb8a6,4800,"C/ RAMON Y CAJAL,35","C/ RAMON Y CAJAL,35, 4800",38.273642,-0.702465,"C/ Ramon Vicente Serrano, 35, Elx, España",35,,C/ Ramon Vicente Serrano,,,Elche/Elx,Elx,Alicante,A,Comunidad Valenciana,VC,España,es,0,,,© OpenStreetMap contributors,Open Database License,https://www.openstreetmap.org/copyright
1670949734-2131,https://www.sepe.es/HomeSepe/en/que-es-el-sepe/que-es-el-sepe/Red-de-oficinas.html,Albacete,https://www.sepe.es/HomeSepe/en/que-es-el-sepe/que-es-el-sepe/Red-de-oficinas/ResultadosBusqueda.html?id=2e043597-eefb-4b7e-9c26-5085138a1d55&provinciaNombre=Albacete,VILLARROBLEDO,https://www.sepe.es/HomeSepe/en/que-es-el-sepe/que-es-el-sepe/Red-de-oficinas/DetalleOficina.html?idOficina=ffac5a1a-aa22-4236-8812-6bfbea22ab7e,2600,"C/ ESTACION, 14","C/ ESTACION, 14, 2600",42.658618,-2.158209,"Calle Estación, 14, 31280 Murieta, España",14,,Calle Estación,31280,,,Murieta,Navarra,NA,Comunidad Foral De Navarra,,España,es,0,,,© OpenAddresses contributors,BSD-3-Clause License,
1670949736-2132,https://www.sepe.es/HomeSepe/en/que-es-el-sepe/que-es-el-sepe/Red-de-oficinas.html,Albacete,https://www.sepe.es/HomeSepe/en/que-es-el-sepe/que-es-el-sepe/Red-de-oficinas/ResultadosBusqueda.html?id=2e043597-eefb-4b7e-9c26-5085138a1d55&provinciaNombre=Albacete,LA RODA,https://www.sepe.es/HomeSepe/en/que-es-el-sepe/que-es-el-sepe/Red-de-oficinas/DetalleOficina.html?idOficina=f596772b-f5df-422a-919c-75bedcc87b4f,2630,"C/ PUERTA DE CUENCA, 62-64","C/ PUERTA DE CUENCA, 62-64, 2630",39.21302872,-2.157104087,,,,,,,,,,,,,,,,,,,,
1670949739-2133,https://www.sepe.es/HomeSepe/en/que-es-el-sepe/que-es-el-sepe/Red-de-oficinas.html,Albacete,https://www.sepe.es/HomeSepe/en/que-es-el-sepe/que-es-el-sepe/Red-de-oficinas/ResultadosBusqueda.html?id=2e043597-eefb-4b7e-9c26-5085138a1d55&provinciaNombre=Albacete,HELLIN,https://www.sepe.es/HomeSepe/en/que-es-el-sepe/que-es-el-sepe/Red-de-oficinas/DetalleOficina.html?idOficina=ced40cac-8542-47db-8cf2-144bec0d1ab6,2400,"C/ SAN JUAN DE DIOS, 3","C/ SAN JUAN DE DIOS, 3, 2400",43.300421,-1.97857,"San Juan de Dios bidea, 3, 20009 San Sebastián, España",3,,San Juan de Dios bidea,20009,,Donostia-San Sebastián,San Sebastián,Guipúzcoa,SS,País Vasco/Euskadi,,España,es,0,,,© OpenStreetMap contributors,Open Database License,https://www.openstreetmap.org/copyright
1670949741-2134,https://www.sepe.es/HomeSepe/en/que-es-el-sepe/que-es-el-sepe/Red-de-oficinas.html,Albacete,https://www.sepe.es/HomeSepe/en/que-es-el-sepe/que-es-el-sepe/Red-de-oficinas/ResultadosBusqueda.html?id=2e043597-eefb-4b7e-9c26-5085138a1d55&provinciaNombre=Albacete,ELCHE DE LA SIERRA,https://www.sepe.es/HomeSepe/en/que-es-el-sepe/que-es-el-sepe/Red-de-oficinas/DetalleOficina.html?idOficina=986b83a3-7689-42f5-a467-f5bd3ddde5e2,2430,"C/ JOSE ANTONIO MERENCIANO, 5","C/ JOSE ANTONIO MERENCIANO, 5, 2430",38.45091003,-2.044722189,,,,,,,,,,,,,,,,,,,,
1670949744-2135,https://www.sepe.es/HomeSepe/en/que-es-el-sepe/que-es-el-sepe/Red-de-oficinas.html,Albacete,https://www.sepe.es/HomeSepe/en/que-es-el-sepe/que-es-el-sepe/Red-de-oficinas/ResultadosBusqueda.html?id=2e043597-eefb-4b7e-9c26-5085138a1d55&provinciaNombre=Albacete,CAUDETE,https://www.sepe.es/HomeSepe/en/que-es-el-sepe/que-es-el-sepe/Red-de-oficinas/DetalleOficina.html?idOficina=85d464d2-f629-4584-a265-7f0001e942e5,2660,"PASEO LUIS GOLF, 14","PASEO LUIS GOLF, 14, 2660",40.956888,-5.681279,"Paseo Luis Cortés, 1, 37008 Salamanca, España",1,,Paseo Luis Cortés,37008,,Salamanca,Salamanca,Salamanca,SA,Castilla Y León,CL,España,es,0,,,© OpenStreetMap contributors,Open Database License,https://www.openstreetmap.org/copyright
1670949747-2136,https://www.sepe.es/HomeSepe/en/que-es-el-sepe/que-es-el-sepe/Red-de-oficinas.html,Albacete,https://www.sepe.es/HomeSepe/en/que-es-el-sepe/que-es-el-sepe/Red-de-oficinas/ResultadosBusqueda.html?id=2e043597-eefb-4b7e-9c26-5085138a1d55&provinciaNombre=Albacete,CASAS-IBAÑEZ,https://www.sepe.es/HomeSepe/en/que-es-el-sepe/que-es-el-sepe/Red-de-oficinas/DetalleOficina.html?idOficina=df3fe6c2-29e4-45ba-8e0c-bc3fcbc31a18,2200,"AVDA. DEL VINO, 2","AVDA. DEL VINO, 2, 2200",42.812833,-1.64594,"Avenida Del Ejército, 2, 31002 Pamplona, España",2,,Avenida Del Ejército,31002,,Pamplona/Iruña,Pamplona,Navarra,NA,Comunidad Foral De Navarra,,España,es,0,,,© OpenAddresses contributors,BSD-3-Clause License,
1670949750-2137,https://www.sepe.es/HomeSepe/en/que-es-el-sepe/que-es-el-sepe/Red-de-oficinas.html,Albacete,https://www.sepe.es/HomeSepe/en/que-es-el-sepe/que-es-el-sepe/Red-de-oficinas/ResultadosBusqueda.html?id=2e043597-eefb-4b7e-9c26-5085138a1d55&provinciaNombre=Albacete,ALMANSA,https://www.sepe.es/HomeSepe/en/que-es-el-sepe/que-es-el-sepe/Red-de-oficinas/DetalleOficina.html?idOficina=71f0fa95-94ba-4378-98be-543680db6fb3,2640,"C/ GALILEO, 2","C/ GALILEO, 2, 2640",28.137112,-15.437405,"Calle Galileo, 2, Las Palmas de Gran Canaria, España",2,,Calle Galileo,,,,Las Palmas de Gran Canaria,Las Palmas,GC,Canarias,CN,España,es,0,,,© OpenStreetMap contributors,Open Database License,https://www.openstreetmap.org/copyright
1670949752-2138,https://www.sepe.es/HomeSepe/en/que-es-el-sepe/que-es-el-sepe/Red-de-oficinas.html,Albacete,https://www.sepe.es/HomeSepe/en/que-es-el-sepe/que-es-el-sepe/Red-de-oficinas/ResultadosBusqueda.html?id=2e043597-eefb-4b7e-9c26-5085138a1d55&provinciaNombre=Albacete,ALCARAZ,https://www.sepe.es/HomeSepe/en/que-es-el-sepe/que-es-el-sepe/Red-de-oficinas/DetalleOficina.html?idOficina=fb409c03-8da9-4515-8ee6-c7485782fdbd,2300,"C/ PADRE PAREJA, 1","C/ PADRE PAREJA, 1, 2300",42.814937,-1.649953,"Calle Padre Moret / Aita Moret Kalea, 1 C, 31002 Pamplona, España",1 C,,Calle Padre Moret / Aita Moret Kalea,31002,,Pamplona/Iruña,Pamplona,Navarra,NA,Comunidad Foral De Navarra,,España,es,0,,,© OpenAddresses contributors,BSD-3-Clause License,
1670949755-2139,https://www.sepe.es/HomeSepe/en/que-es-el-sepe/que-es-el-sepe/Red-de-oficinas.html,Albacete,https://www.sepe.es/HomeSepe/en/que-es-el-sepe/que-es-el-sepe/Red-de-oficinas/ResultadosBusqueda.html?id=2e043597-eefb-4b7e-9c26-5085138a1d55&provinciaNombre=Albacete,ALBACETE-CUBAS,https://www.sepe.es/HomeSepe/en/que-es-el-sepe/que-es-el-sepe/Red-de-oficinas/DetalleOficina.html?idOficina=d38ef862-131a-4897-8d90-e9365ae67f53,2005,"C/ NTRA. SRA. DE CUBAS, 4","C/ NTRA. SRA. DE CUBAS, 4, 2005",37.702407,-2.932087,"C. Ntra. Sra. De Tiscar, Pozo Alcón, España",,,C. Ntra. Sra. De Tiscar,,,Pozo Alcón,Pozo Alcón,Jaén,J,Andalucía,AN,España,es,0.566666667,,,© OpenStreetMap contributors,Open Database License,https://www.openstreetmap.org/copyright
1670949759-2140,https://www.sepe.es/HomeSepe/en/que-es-el-sepe/que-es-el-sepe/Red-de-oficinas.html,Albacete,https://www.sepe.es/HomeSepe/en/que-es-el-sepe/que-es-el-sepe/Red-de-oficinas/ResultadosBusqueda.html?id=2e043597-eefb-4b7e-9c26-5085138a1d55&provinciaNombre=Albacete,ALBACETE-CARRETAS,https://www.sepe.es/HomeSepe/en/que-es-el-sepe/que-es-el-sepe/Red-de-oficinas/DetalleOficina.html?idOficina=a2a230fb-e19f-420e-849c-1b77a1120ce1,2002,"C/ CID, 29","C/ CID, 29, 2002",38.991671,-1.849507,"Calle el Cid, 29, 02002 Albacete, España",29,,Calle el Cid,2002,,Albacete,Albacete,Albacete,AB,Castilla-La Mancha,CM,España,es,0.63,0.63,1,© OpenStreetMap contributors,Open Database License,https://www.openstreetmap.org/copyright
1670949764-2141,https://www.sepe.es/HomeSepe/en/que-es-el-sepe/que-es-el-sepe/Red-de-oficinas.html,Alacant/Alicante,https://www.sepe.es/HomeSepe/en/que-es-el-sepe/que-es-el-sepe/Red-de-oficinas/ResultadosBusqueda.html?id=9c9ce18b-efcb-40b7-a483-ec4a3f5e5e22&provinciaNombre=Alacant/Alicante,VILLENA,https://www.sepe.es/HomeSepe/en/que-es-el-sepe/que-es-el-sepe/Red-de-oficinas/DetalleOficina.html?idOficina=c1a2966e-33ae-49b3-b647-aafdaf8d307b,3400,"C/ MAESTRO COMPOSITOR MANUEL CARRASCOSA, 2","C/ MAESTRO COMPOSITOR MANUEL CARRASCOSA, 2, 3400",27.908146,-15.404494,"Calle Compositor Maestro Rodrigo, Ingenio, España",,,Calle Compositor Maestro Rodrigo,,,Ingenio,Ingenio,Las Palmas,GC,Canarias,CN,España,es,0,,,© OpenStreetMap contributors,Open Database License,https://www.openstreetmap.org/copyright
1670949766-2142,https://www.sepe.es/HomeSepe/en/que-es-el-sepe/que-es-el-sepe/Red-de-oficinas.html,Alacant/Alicante,https://www.sepe.es/HomeSepe/en/que-es-el-sepe/que-es-el-sepe/Red-de-oficinas/ResultadosBusqueda.html?id=9c9ce18b-efcb-40b7-a483-ec4a3f5e5e22&provinciaNombre=Alacant/Alicante,"VILLAJOYOSA/VILA JOIOSA, LA",https://www.sepe.es/HomeSepe/en/que-es-el-sepe/que-es-el-sepe/Red-de-oficinas/DetalleOficina.html?idOficina=a5863179-8edc-4e75-b589-2ee41a2f5bb2,3570,"C/ PIANISTA GONZALO SORIANO, S/N","C/ PIANISTA GONZALO SORIANO, S/N, 3570",41.644164,-0.898932,"Calle Pianista Luis Galve, 50009 Zaragoza, España",,,Calle Pianista Luis Galve,50009,Ciudad Universitaria,Zaragoza,Zaragoza,Zaragoza,Z,Aragón,AR,España,es,0,,,© OpenStreetMap contributors,Open Database License,https://www.openstreetmap.org/copyright
1670949769-2143,https://www.sepe.es/HomeSepe/en/que-es-el-sepe/que-es-el-sepe/Red-de-oficinas.html,Alacant/Alicante,https://www.sepe.es/HomeSepe/en/que-es-el-sepe/que-es-el-sepe/Red-de-oficinas/ResultadosBusqueda.html?id=9c9ce18b-efcb-40b7-a483-ec4a3f5e5e22&provinciaNombre=Alacant/Alicante,TORREVIEJA,https://www.sepe.es/HomeSepe/en/que-es-el-sepe/que-es-el-sepe/Red-de-oficinas/DetalleOficina.html?idOficina=7d3eac6f-3c79-4f59-93d3-c5f45aa00f04,3182,"C/ GALEÓN, 6","C/ GALEÓN, 6, 3182",43.364523,-8.280516,"Lácere, 6-C, 15160 Sada, España",6-C,,Lácere,15160,,,Sada,La Coruña,,Galicia,GA,España,es,0,,,© OpenStreetMap contributors,Open Database License,https://www.openstreetmap.org/copyright
1670949772-2144,https://www.sepe.es/HomeSepe/en/que-es-el-sepe/que-es-el-sepe/Red-de-oficinas.html,Alacant/Alicante,https://www.sepe.es/HomeSepe/en/que-es-el-sepe/que-es-el-sepe/Red-de-oficinas/ResultadosBusqueda.html?id=9c9ce18b-efcb-40b7-a483-ec4a3f5e5e22&provinciaNombre=Alacant/Alicante,PETRER,https://www.sepe.es/HomeSepe/en/que-es-el-sepe/que-es-el-sepe/Red-de-oficinas/DetalleOficina.html?idOficina=e25f53ce-44b8-434e-8904-d31834e14a82,3610,"PLAZA DE PABLO IGLESIAS, 2","PLAZA DE PABLO IGLESIAS, 2, 3610",40.902781,-5.204918,"Plaza de Pablo Picasso, 2, 37300 Peñaranda de Bracamonte, España",2,,Plaza de Pablo Picasso,37300,,Peñaranda De Bracamonte,Peñaranda de Bracamonte,Salamanca,SA,Castilla Y León,CL,España,es,0,,,© OpenStreetMap contributors,Open Database License,https://www.openstreetmap.org/copyright
1670949774-2145,https://www.sepe.es/HomeSepe/en/que-es-el-sepe/que-es-el-sepe/Red-de-oficinas.html,Alacant/Alicante,https://www.sepe.es/HomeSepe/en/que-es-el-sepe/que-es-el-sepe/Red-de-oficinas/ResultadosBusqueda.html?id=9c9ce18b-efcb-40b7-a483-ec4a3f5e5e22&provinciaNombre=Alacant/Alicante,ORIHUELA,https://www.sepe.es/HomeSepe/en/que-es-el-sepe/que-es-el-sepe/Red-de-oficinas/DetalleOficina.html?idOficina=36d8fe08-6306-4be6-ac52-f01a6598b325,3300,"C/ AZOTE, 4","C/ AZOTE, 4, 3300",42.72385,-1.618177,"C Transporte, 4, 31119 Noáin (Valle De Elorz)/Noain (Elortzibar), España",4,,C Transporte,31119,,,Noáin (Valle De Elorz)/Noain (Elortzibar),Navarra,NA,Comunidad Foral De Navarra,,España,es,0,,,© OpenAddresses contributors,BSD-3-Clause License,
1670949777-2146,https://www.sepe.es/HomeSepe/en/que-es-el-sepe/que-es-el-sepe/Red-de-oficinas.html,Alacant/Alicante,https://www.sepe.es/HomeSepe/en/que-es-el-sepe/que-es-el-sepe/Red-de-oficinas/ResultadosBusqueda.html?id=9c9ce18b-efcb-40b7-a483-ec4a3f5e5e22&provinciaNombre=Alacant/Alicante,NOVELDA,https://www.sepe.es/HomeSepe/en/que-es-el-sepe/que-es-el-sepe/Red-de-oficinas/DetalleOficina.html?idOficina=834dbc52-a137-4117-a53e-3388e930f4a0,3660,"C/ MARÍA CRISTINA, 123","C/ MARÍA CRISTINA, 123, 3660",41.814876,2.992603,"C-250, Santa Cristina d'Aro, España",,,C-250,,,Santa Cristina d'Aro,Santa Cristina d'Aro,Gerona,,Catalonia,,España,es,0,,,© OpenStreetMap contributors,Open Database License,https://www.openstreetmap.org/copyright
1670949779-2147,https://www.sepe.es/HomeSepe/en/que-es-el-sepe/que-es-el-sepe/Red-de-oficinas.html,Alacant/Alicante,https://www.sepe.es/HomeSepe/en/que-es-el-sepe/que-es-el-sepe/Red-de-oficinas/ResultadosBusqueda.html?id=9c9ce18b-efcb-40b7-a483-ec4a3f5e5e22&provinciaNombre=Alacant/Alicante,JIJONA/XIXONA,https://www.sepe.es/HomeSepe/en/que-es-el-sepe/que-es-el-sepe/Red-de-oficinas/DetalleOficina.html?idOficina=e959fe89-9fb3-4e13-9db3-a79f8588e3c2,3100,"C/ MARCEL MIRA, 10","C/ MARCEL MIRA, 10, 3100",42.815332,-1.703706,"Calle C, 10, 31170 Barañáin, España",10,,Calle C,31170,,Cendea De Olza/Oltza Zendea,Barañáin,Navarra,NA,Comunidad Foral De Navarra,,España,es,0.63,0.189,0.3,© OpenAddresses contributors,BSD-3-Clause License,
1670949782-2148,https://www.sepe.es/HomeSepe/en/que-es-el-sepe/que-es-el-sepe/Red-de-oficinas.html,Alacant/Alicante,https://www.sepe.es/HomeSepe/en/que-es-el-sepe/que-es-el-sepe/Red-de-oficinas/ResultadosBusqueda.html?id=9c9ce18b-efcb-40b7-a483-ec4a3f5e5e22&provinciaNombre=Alacant/Alicante,IBI,https://www.sepe.es/HomeSepe/en/que-es-el-sepe/que-es-el-sepe/Red-de-oficinas/DetalleOficina.html?idOficina=fe8e58e1-6a9d-4a5f-8b0c-e93451ff6d3a,3440,"AVDA. JUAN CARLOS I, 13","AVDA. JUAN CARLOS I, 13, 3440",40.343056,-3.782165,"Av. Juan XXIII, 13, 28918 Leganés, España",13,,Av. Juan XXIII,28918,,,Leganés,Madrid,,Comunidad de Madrid,MD,España,es,0,,,© OpenStreetMap contributors,Open Database License,https://www.openstreetmap.org/copyright
1670949785-2149,https://www.sepe.es/HomeSepe/en/que-es-el-sepe/que-es-el-sepe/Red-de-oficinas.html,Alacant/Alicante,https://www.sepe.es/HomeSepe/en/que-es-el-sepe/que-es-el-sepe/Red-de-oficinas/ResultadosBusqueda.html?id=9c9ce18b-efcb-40b7-a483-ec4a3f5e5e22&provinciaNombre=Alacant/Alicante,ELDA,https://www.sepe.es/HomeSepe/en/que-es-el-sepe/que-es-el-sepe/Red-de-oficinas/DetalleOficina.html?idOficina=22497255-5c4d-4081-93d4-01b46b204f99,3600,"C/ ORTEGA Y GASSET, 22","C/ ORTEGA Y GASSET, 22, 3600",36.720133,-4.360683,"Calle Ortega Munilla, 22, 29017 Málaga, España",22,,Calle Ortega Munilla,29017,,,Málaga,Málaga,MA,Andalucía,AN,España,es,0,,,© OpenStreetMap contributors,Open Database License,https://www.openstreetmap.org/copyright
1670949787-2150,https://www.sepe.es/HomeSepe/en/que-es-el-sepe/que-es-el-sepe/Red-de-oficinas.html,Alacant/Alicante,https://www.sepe.es/HomeSepe/en/que-es-el-sepe/que-es-el-sepe/Red-de-oficinas/ResultadosBusqueda.html?id=9c9ce18b-efcb-40b7-a483-ec4a3f5e5e22&provinciaNombre=Alacant/Alicante,ELCHE/ELX-JOSÉ SÁNCHEZ,https://www.sepe.es/HomeSepe/en/que-es-el-sepe/que-es-el-sepe/Red-de-oficinas/DetalleOficina.html?idOficina=4b88081c-1dfd-40c0-9a9f-c07a2aa91eb4,3202,"C/ JOSÉ SÁNCHEZ SÁEZ, 11","C/ JOSÉ SÁNCHEZ SÁEZ, 11, 3202",42.723551,-1.6177,"C Transporte, 11, 31119 Noáin (Valle De Elorz)/Noain (Elortzibar), España",11,,C Transporte,31119,,,Noáin (Valle De Elorz)/Noain (Elortzibar),Navarra,NA,Comunidad Foral De Navarra,,España,es,0,,,© OpenAddresses contributors,BSD-3-Clause License,
1670949790-2151,https://www.sepe.es/HomeSepe/en/que-es-el-sepe/que-es-el-sepe/Red-de-oficinas.html,Alacant/Alicante,https://www.sepe.es/HomeSepe/en/que-es-el-sepe/que-es-el-sepe/Red-de-oficinas/ResultadosBusqueda.html?id=9c9ce18b-efcb-40b7-a483-ec4a3f5e5e22&provinciaNombre=Alacant/Alicante,ELCHE/ELX-CENTRO,https://www.sepe.es/HomeSepe/en/que-es-el-sepe/que-es-el-sepe/Red-de-oficinas/DetalleOficina.html?idOficina=518b2579-7fda-423d-83eb-72fb8e17b8e7,3205,"C/ PEDRO MORENO SASTRE, 20","C/ PEDRO MORENO SASTRE, 20, 3205",38.269511,-0.709617,"carrer Pedro Moreno Sastre, 20, Elx, España",20,,carrer Pedro Moreno Sastre,,,Elche/Elx,Elx,Alicante,A,Comunidad Valenciana,VC,España,es,0,,,© OpenStreetMap contributors,Open Database License,https://www.openstreetmap.org/copyright
1670949793-2152,https://www.sepe.es/HomeSepe/en/que-es-el-sepe/que-es-el-sepe/Red-de-oficinas.html,Alacant/Alicante,https://www.sepe.es/HomeSepe/en/que-es-el-sepe/que-es-el-sepe/Red-de-oficinas/ResultadosBusqueda.html?id=9c9ce18b-efcb-40b7-a483-ec4a3f5e5e22&provinciaNombre=Alacant/Alicante,DÉNIA,https://www.sepe.es/HomeSepe/en/que-es-el-sepe/que-es-el-sepe/Red-de-oficinas/DetalleOficina.html?idOficina=5139b49b-820e-40da-a993-c30314420eee,3700,"AVDA. JUAN CHAVAS, 7. ESQUINA CALLE TURÍA","AVDA. JUAN CHAVAS, 7. ESQUINA CALLE TURÍA, 3700",43.494793,-3.546726,"Avenida Juan Hormaechea, Arnuero, España",,,Avenida Juan Hormaechea,,,,Arnuero,Cantabria,S,Cantabria,CB,España,es,0.454186047,,,© OpenStreetMap contributors,Open Database License,https://www.openstreetmap.org/copyright
1670949796-2153,https://www.sepe.es/HomeSepe/en/que-es-el-sepe/que-es-el-sepe/Red-de-oficinas.html,Alacant/Alicante,https://www.sepe.es/HomeSepe/en/que-es-el-sepe/que-es-el-sepe/Red-de-oficinas/ResultadosBusqueda.html?id=9c9ce18b-efcb-40b7-a483-ec4a3f5e5e22&provinciaNombre=Alacant/Alicante,CREVILLENT,https://www.sepe.es/HomeSepe/en/que-es-el-sepe/que-es-el-sepe/Red-de-oficinas/DetalleOficina.html?idOficina=70d642eb-4430-445d-8165-01ab46c94035,3330,"C/ PUERTAS DE ORIHUELA, 7","C/ PUERTAS DE ORIHUELA, 7, 3330",38.2452594,-0.8124068,"Calle Puertas de Orihuela, 03330 Crevillente, España",,Calle Puertas de Orihuela,Calle Puertas de Orihuela,3330,,,Crevillente,Alicante,A,Comunidad Valenciana,VC,España,es,0.5,1,1,© OpenStreetMap contributors,Open Database License,https://www.openstreetmap.org/copyright
1670949798-2154,https://www.sepe.es/HomeSepe/en/que-es-el-sepe/que-es-el-sepe/Red-de-oficinas.html,Alacant/Alicante,https://www.sepe.es/HomeSepe/en/que-es-el-sepe/que-es-el-sepe/Red-de-oficinas/ResultadosBusqueda.html?id=9c9ce18b-efcb-40b7-a483-ec4a3f5e5e22&provinciaNombre=Alacant/Alicante,CALP,https://www.sepe.es/HomeSepe/en/que-es-el-sepe/que-es-el-sepe/Red-de-oficinas/DetalleOficina.html?idOficina=3732675f-5784-4b2c-ad1a-701eca75e5bd,3710,"C/ BENISSA,  S/N","C/ BENISSA,  S/N, 3710",27.759336,-15.574142,"C. C. Prisma, San Bartolomé De Tirajana, España",,,C. C. Prisma,,,,San Bartolomé De Tirajana,Las Palmas,GC,Canarias,CN,España,es,0,,,© OpenStreetMap contributors,Open Database License,https://www.openstreetmap.org/copyright
1670949801-2155,https://www.sepe.es/HomeSepe/en/que-es-el-sepe/que-es-el-sepe/Red-de-oficinas.html,Alacant/Alicante,https://www.sepe.es/HomeSepe/en/que-es-el-sepe/que-es-el-sepe/Red-de-oficinas/ResultadosBusqueda.html?id=9c9ce18b-efcb-40b7-a483-ec4a3f5e5e22&provinciaNombre=Alacant/Alicante,BENIDORM,https://www.sepe.es/HomeSepe/en/que-es-el-sepe/que-es-el-sepe/Red-de-oficinas/DetalleOficina.html?idOficina=503159de-ebfe-4e3b-bfb2-626af50107a8,3501,"AVDA. LA AIGÜERA, 8","AVDA. LA AIGÜERA, 8, 3501",42.343986,-3.694691,"Avenida la Paz, 8, Burgos, España",8,,Avenida la Paz,,,Burgos,Burgos,Burgos,BU,Castilla Y León,CL,España,es,0.51,,,© OpenStreetMap contributors,Open Database License,https://www.openstreetmap.org/copyright
1670949803-2156,https://www.sepe.es/HomeSepe/en/que-es-el-sepe/que-es-el-sepe/Red-de-oficinas.html,Alacant/Alicante,https://www.sepe.es/HomeSepe/en/que-es-el-sepe/que-es-el-sepe/Red-de-oficinas/ResultadosBusqueda.html?id=9c9ce18b-efcb-40b7-a483-ec4a3f5e5e22&provinciaNombre=Alacant/Alicante,ALICANTE/ALACANT-SAN JUAN BOSCO,https://www.sepe.es/HomeSepe/en/que-es-el-sepe/que-es-el-sepe/Red-de-oficinas/DetalleOficina.html?idOficina=ca9ffad6-be4c-4a2b-9f6a-a4585796ebe0,3005,"C/ SAN JUAN BOSCO, 15","C/ SAN JUAN BOSCO, 15, 3005",43.246936,-1.990896,"San Juan, 15, 20130 Urnieta, España",15,,San Juan,20130,,Urnieta,Urnieta,Guipúzcoa,SS,País Vasco/Euskadi,,España,es,0,,,© OpenStreetMap contributors,Open Database License,https://www.openstreetmap.org/copyright
1670949806-2157,https://www.sepe.es/HomeSepe/en/que-es-el-sepe/que-es-el-sepe/Red-de-oficinas.html,Alacant/Alicante,https://www.sepe.es/HomeSepe/en/que-es-el-sepe/que-es-el-sepe/Red-de-oficinas/ResultadosBusqueda.html?id=9c9ce18b-efcb-40b7-a483-ec4a3f5e5e22&provinciaNombre=Alacant/Alicante,ALICANTE/ALACANT-LOS ANGELES,https://www.sepe.es/HomeSepe/en/que-es-el-sepe/que-es-el-sepe/Red-de-oficinas/DetalleOficina.html?idOficina=71fd6dcc-d0ef-4b56-9217-9c1ff4f433fb,3009,"C/ JÁVEA, 2","C/ JÁVEA, 2, 3009",42.816843,-1.70552,"Calle C, 2, 31170 Barañáin, España",2,,Calle C,31170,,Cendea De Olza/Oltza Zendea,Barañáin,Navarra,NA,Comunidad Foral De Navarra,,España,es,0,,,© OpenAddresses contributors,BSD-3-Clause License,
1670949809-2158,https://www.sepe.es/HomeSepe/en/que-es-el-sepe/que-es-el-sepe/Red-de-oficinas.html,Alacant/Alicante,https://www.sepe.es/HomeSepe/en/que-es-el-sepe/que-es-el-sepe/Red-de-oficinas/ResultadosBusqueda.html?id=9c9ce18b-efcb-40b7-a483-ec4a3f5e5e22&provinciaNombre=Alacant/Alicante,ALICANTE/ALACANT-ISABEL LA CATÓLICA,https://www.sepe.es/HomeSepe/en/que-es-el-sepe/que-es-el-sepe/Red-de-oficinas/DetalleOficina.html?idOficina=d8f5f54c-240a-4b10-bd0d-b2d5af5ce25d,3007,"C/ ISABEL LA CATÓLICA, 1-3","C/ ISABEL LA CATÓLICA, 1-3, 3007",38.997532,-1.857744,"Avenida Isabel la Católica, 1-C, 02005 Albacete, España",1-C,,Avenida Isabel la Católica,2005,,Albacete,Albacete,Albacete,AB,Castilla-La Mancha,CM,España,es,0,,,© OpenStreetMap contributors,Open Database License,https://www.openstreetmap.org/copyright
1670949811-2159,https://www.sepe.es/HomeSepe/en/que-es-el-sepe/que-es-el-sepe/Red-de-oficinas.html,Alacant/Alicante,https://www.sepe.es/HomeSepe/en/que-es-el-sepe/que-es-el-sepe/Red-de-oficinas/ResultadosBusqueda.html?id=9c9ce18b-efcb-40b7-a483-ec4a3f5e5e22&provinciaNombre=Alacant/Alicante,ALCOY/ALCOI,https://www.sepe.es/HomeSepe/en/que-es-el-sepe/que-es-el-sepe/Red-de-oficinas/DetalleOficina.html?idOficina=0d3bdf84-4aca-4849-8f83-7b4f11132e8e,3802,"C/ OLIVER, 11","C/ OLIVER, 11, 3802",41.980042,-1.442814,"Calle Vicente Oliver, 11, 31540 Buñuel, España",11,,Calle Vicente Oliver,31540,,Buñuel,Buñuel,Navarra,NA,Comunidad Foral De Navarra,,España,es,0,,,© OpenAddresses contributors,BSD-3-Clause License,
1670949816-2160,https://www.sepe.es/HomeSepe/en/que-es-el-sepe/que-es-el-sepe/Red-de-oficinas.html,A Coruña/La Coruña,https://www.sepe.es/HomeSepe/en/que-es-el-sepe/que-es-el-sepe/Red-de-oficinas/ResultadosBusqueda.html?id=f5d67fb0-7906-415b-b521-025f7aa41350&provinciaNombre=A%20Coruna/La%20Coruna,SANTIAGO DE COMPOSTELA-NORTE,https://www.sepe.es/HomeSepe/en/que-es-el-sepe/que-es-el-sepe/Red-de-oficinas/DetalleOficina.html?idOficina=f393dc3b-e17c-4092-8d99-2800339ee8be,15704,"RÚA DO COTO, 19","RÚA DO COTO, 19, 15704",42.8853481,-8.5291012,"Oficina de Emprego Santiago Norte, Rúa do Coto, 19, 15707 Santiago de Compostela, España",19,Oficina de Emprego Santiago Norte,Rúa do Coto,15707,Santiago de Compostela,Santiago de Compostela,Santiago de Compostela,Santiago,,Galicia,GA,España,es,0.9,0.27,0.3,© OpenStreetMap contributors,Open Database License,https://www.openstreetmap.org/copyright
1670949819-2161,https://www.sepe.es/HomeSepe/en/que-es-el-sepe/que-es-el-sepe/Red-de-oficinas.html,A Coruña/La Coruña,https://www.sepe.es/HomeSepe/en/que-es-el-sepe/que-es-el-sepe/Red-de-oficinas/ResultadosBusqueda.html?id=f5d67fb0-7906-415b-b521-025f7aa41350&provinciaNombre=A%20Coruna/La%20Coruna,SANTIAGO DE COMPOSTELA-CENTRO,https://www.sepe.es/HomeSepe/en/que-es-el-sepe/que-es-el-sepe/Red-de-oficinas/DetalleOficina.html?idOficina=f5d2272b-73fd-4803-94d0-8bb8c501739e,15702,"C/ RAMON PIÑEIRO, 13-15","C/ RAMON PIÑEIRO, 13-15, 15702",42.86800226,-8.546568461,"15702 Santiago de Compostela, España",,Santiago de Compostela,,15702,Santiago de Compostela,Santiago de Compostela,Santiago de Compostela,Santiago,,Galicia,GA,España,es,0.25,,1,© OpenStreetMap contributors,Open Database License,https://www.openstreetmap.org/copyright
1670949822-2162,https://www.sepe.es/HomeSepe/en/que-es-el-sepe/que-es-el-sepe/Red-de-oficinas.html,A Coruña/La Coruña,https://www.sepe.es/HomeSepe/en/que-es-el-sepe/que-es-el-sepe/Red-de-oficinas/ResultadosBusqueda.html?id=f5d67fb0-7906-415b-b521-025f7aa41350&provinciaNombre=A%20Coruna/La%20Coruna,ORDES,https://www.sepe.es/HomeSepe/en/que-es-el-sepe/que-es-el-sepe/Red-de-oficinas/DetalleOficina.html?idOficina=89306531-6da9-469e-ac19-24852d71593c,15680,"EDIFICIO ADMVO. XUNTA DE GALICIA. RUA GALICIA, 23, SEGUNDA PLANTA.","EDIFICIO ADMVO. XUNTA DE GALICIA. RUA GALICIA, 23, SEGUNDA PLANTA., 15680",43.08139605,-8.403984259,"15680 Ordes, España",,Ordes,,15680,,Ordes,Ordes,Ordes,,Galicia,GA,España,es,0.25,,1,© OpenStreetMap contributors,Open Database License,https://www.openstreetmap.org/copyright
1670949824-2163,https://www.sepe.es/HomeSepe/en/que-es-el-sepe/que-es-el-sepe/Red-de-oficinas.html,A Coruña/La Coruña,https://www.sepe.es/HomeSepe/en/que-es-el-sepe/que-es-el-sepe/Red-de-oficinas/ResultadosBusqueda.html?id=f5d67fb0-7906-415b-b521-025f7aa41350&provinciaNombre=A%20Coruna/La%20Coruna,MELIDE,https://www.sepe.es/HomeSepe/en/que-es-el-sepe/que-es-el-sepe/Red-de-oficinas/DetalleOficina.html?idOficina=558b9ff8-6e97-4b47-807e-6fc9cf67332e,15800,"C/ EDUARDO ÁLVAREZ CARBALLIDO, 1A","C/ EDUARDO ÁLVAREZ CARBALLIDO, 1A, 15800",42.91418017,-8.014368621,"15800 Melide, España",,Melide,,15800,,Melide,Melide,Tierra de Melide,,Galicia,GA,España,es,0.25,,1,© OpenStreetMap contributors,Open Database License,https://www.openstreetmap.org/copyright
1670949831-2164,https://www.sepe.es/HomeSepe/en/que-es-el-sepe/que-es-el-sepe/Red-de-oficinas.html,A Coruña/La Coruña,https://www.sepe.es/HomeSepe/en/que-es-el-sepe/que-es-el-sepe/Red-de-oficinas/ResultadosBusqueda.html?id=f5d67fb0-7906-415b-b521-025f7aa41350&provinciaNombre=A%20Coruna/La%20Coruna,FERROL-ESTEIRO,https://www.sepe.es/HomeSepe/en/que-es-el-sepe/que-es-el-sepe/Red-de-oficinas/DetalleOficina.html?idOficina=3025c2c1-4193-47f8-a748-5eb31309a5ef,15403,"AVENIDA DE VIGO, 135-137","AVENIDA DE VIGO, 135-137, 15403",43.4851381,-8.225678861,"Avenida de Vigo, 135-137, 15403 Ferrol, España",135-137,,Avenida de Vigo,15403,Recimil,Ferrol,Ferrol,Ferrol,,Galicia,GA,España,es,0.9,1,1,© OpenStreetMap contributors,Open Database License,https://www.openstreetmap.org/copyright
1670949834-2165,https://www.sepe.es/HomeSepe/en/que-es-el-sepe/que-es-el-sepe/Red-de-oficinas.html,A Coruña/La Coruña,https://www.sepe.es/HomeSepe/en/que-es-el-sepe/que-es-el-sepe/Red-de-oficinas/ResultadosBusqueda.html?id=f5d67fb0-7906-415b-b521-025f7aa41350&provinciaNombre=A%20Coruna/La%20Coruna,FERROL-CENTRO,https://www.sepe.es/HomeSepe/en/que-es-el-sepe/que-es-el-sepe/Red-de-oficinas/DetalleOficina.html?idOficina=067195b1-ba6c-4eb4-abd1-d2de08b7f755,15403,"EDIFICIO ADMVO. XUNTA DE GALICIA, PLAZA CAMILO JOSÉ CELA, SEGUNDA PLANTA","EDIFICIO ADMVO. XUNTA DE GALICIA, PLAZA CAMILO JOSÉ CELA, SEGUNDA PLANTA, 15403",43.4864463,-8.225673273,"15403 Ferrol, España",,Ferrol,,15403,,Ferrol,Ferrol,Ferrol,,Galicia,GA,España,es,0.25,,1,© OpenStreetMap contributors,Open Database License,https://www.openstreetmap.org/copyright
1670949837-2166,https://www.sepe.es/HomeSepe/en/que-es-el-sepe/que-es-el-sepe/Red-de-oficinas.html,A Coruña/La Coruña,https://www.sepe.es/HomeSepe/en/que-es-el-sepe/que-es-el-sepe/Red-de-oficinas/ResultadosBusqueda.html?id=f5d67fb0-7906-415b-b521-025f7aa41350&provinciaNombre=A%20Coruna/La%20Coruna,CORUÑA-TORNOS,https://www.sepe.es/HomeSepe/en/que-es-el-sepe/que-es-el-sepe/Red-de-oficinas/DetalleOficina.html?idOficina=a970eea1-701e-4475-b29a-bba199e87213,15010,"AVDA. FINISTERRE, 227-229","AVDA. FINISTERRE, 227-229, 15010",43.359577,-8.4185708,"Avenida de Fisterra, 227, 15010 La Coruña, España",227,,Avenida de Fisterra,15010,Sagrada Familia,Vioño,La Coruña,La Coruña,,Galicia,GA,España,es,0.7,0.7,1,© OpenStreetMap contributors,Open Database License,https://www.openstreetmap.org/copyright
1670949840-2167,https://www.sepe.es/HomeSepe/en/que-es-el-sepe/que-es-el-sepe/Red-de-oficinas.html,A Coruña/La Coruña,https://www.sepe.es/HomeSepe/en/que-es-el-sepe/que-es-el-sepe/Red-de-oficinas/ResultadosBusqueda.html?id=f5d67fb0-7906-415b-b521-025f7aa41350&provinciaNombre=A%20Coruna/La%20Coruna,CORUÑA-MONELOS,https://www.sepe.es/HomeSepe/en/que-es-el-sepe/que-es-el-sepe/Red-de-oficinas/DetalleOficina.html?idOficina=5faf2c86-078a-43d6-93b7-962835b03ff5,15008,"PLAZA LUIS SEOANE, 11","PLAZA LUIS SEOANE, 11, 15008",43.3503791,-8.406261391,"Plaza de Luis Seoane, 15008 La Coruña, España",,Plaza de Luis Seoane,Plaza de Luis Seoane,15008,Cuatro Caminos,A Sardiñeira,La Coruña,La Coruña,,Galicia,GA,España,es,0,,,© OpenStreetMap contributors,Open Database License,https://www.openstreetmap.org/copyright
1670949842-2168,https://www.sepe.es/HomeSepe/en/que-es-el-sepe/que-es-el-sepe/Red-de-oficinas.html,A Coruña/La Coruña,https://www.sepe.es/HomeSepe/en/que-es-el-sepe/que-es-el-sepe/Red-de-oficinas/ResultadosBusqueda.html?id=f5d67fb0-7906-415b-b521-025f7aa41350&provinciaNombre=A%20Coruna/La%20Coruna,CORUÑA-CENTRO,https://www.sepe.es/HomeSepe/en/que-es-el-sepe/que-es-el-sepe/Red-de-oficinas/DetalleOficina.html?idOficina=c9f18b11-2dc2-473f-9045-b6d41d3928e2,15011,"RUA GREGORIO HERNANDEZ, 2","RUA GREGORIO HERNANDEZ, 2, 15011",43.3668336,-8.4203781,"Calle Gregorio Hernández, 2, 15011 La Coruña, España",2,,Calle Gregorio Hernández,15011,O Peruleiro,A Coruña,La Coruña,La Coruña,,Galicia,GA,España,es,1,1,1,© OpenStreetMap contributors,Open Database License,https://www.openstreetmap.org/copyright
1670949845-2169,https://www.sepe.es/HomeSepe/en/que-es-el-sepe/que-es-el-sepe/Red-de-oficinas.html,A Coruña/La Coruña,https://www.sepe.es/HomeSepe/en/que-es-el-sepe/que-es-el-sepe/Red-de-oficinas/ResultadosBusqueda.html?id=f5d67fb0-7906-415b-b521-025f7aa41350&provinciaNombre=A%20Coruna/La%20Coruna,CEE,https://www.sepe.es/HomeSepe/en/que-es-el-sepe/que-es-el-sepe/Red-de-oficinas/DetalleOficina.html?idOficina=58d8b77e-1352-45d8-a243-0156911639a8,15270,"C/ DOMINGO ANTONIO DE ANDRADE, S/N","C/ DOMINGO ANTONIO DE ANDRADE, S/N, 15270",42.96413946,-9.198475605,"Toba, 15270 Cee, España",,Toba,,15270,,Toba,Cee,Finisterre,,Galicia,GA,España,es,0.25,,1,© OpenStreetMap contributors,Open Database License,https://www.openstreetmap.org/copyright
1670949847-2170,https://www.sepe.es/HomeSepe/en/que-es-el-sepe/que-es-el-sepe/Red-de-oficinas.html,A Coruña/La Coruña,https://www.sepe.es/HomeSepe/en/que-es-el-sepe/que-es-el-sepe/Red-de-oficinas/ResultadosBusqueda.html?id=f5d67fb0-7906-415b-b521-025f7aa41350&provinciaNombre=A%20Coruna/La%20Coruna,CARBALLO,https://www.sepe.es/HomeSepe/en/que-es-el-sepe/que-es-el-sepe/Red-de-oficinas/DetalleOficina.html?idOficina=2842a13a-8f39-4a43-9a7d-88b64fbb7175,15100,"PLAZA DOS BOMBEIROS VOLUNTARIOS, S/N","PLAZA DOS BOMBEIROS VOLUNTARIOS, S/N, 15100",42.44657594,-9.032618369,15100,,15100,,15100,,,,,,,,,es,0,,1,© OpenStreetMap contributors,Open Database License,https://www.openstreetmap.org/copyright
1670949850-2171,https://www.sepe.es/HomeSepe/en/que-es-el-sepe/que-es-el-sepe/Red-de-oficinas.html,A Coruña/La Coruña,https://www.sepe.es/HomeSepe/en/que-es-el-sepe/que-es-el-sepe/Red-de-oficinas/ResultadosBusqueda.html?id=f5d67fb0-7906-415b-b521-025f7aa41350&provinciaNombre=A%20Coruna/La%20Coruna,BOIRO,https://www.sepe.es/HomeSepe/en/que-es-el-sepe/que-es-el-sepe/Red-de-oficinas/DetalleOficina.html?idOficina=a8668703-e897-4de6-8ec0-51b984c926c5,15930,"AVDA. DE LA CONSTITUCIÓN, 69","AVDA. DE LA CONSTITUCIÓN, 69, 15930",42.564002,-8.991234,"Avenida de la Coruña, 70, 15960 Riveira, España",70,,Avenida de la Coruña,15960,,,Riveira,La Coruña,,Galicia,GA,España,es,0.441,0.189,0.3,© OpenStreetMap contributors,Open Database License,https://www.openstreetmap.org/copyright
1670949853-2172,https://www.sepe.es/HomeSepe/en/que-es-el-sepe/que-es-el-sepe/Red-de-oficinas.html,A Coruña/La Coruña,https://www.sepe.es/HomeSepe/en/que-es-el-sepe/que-es-el-sepe/Red-de-oficinas/ResultadosBusqueda.html?id=f5d67fb0-7906-415b-b521-025f7aa41350&provinciaNombre=A%20Coruna/La%20Coruna,BETANZOS,https://www.sepe.es/HomeSepe/en/que-es-el-sepe/que-es-el-sepe/Red-de-oficinas/DetalleOficina.html?idOficina=1a18dc04-f238-4209-be6c-1df0caef71cf,15300,"RÚA VENEZUELA, 39","RÚA VENEZUELA, 39, 15300",43.27729755,-8.208354136,"Calle Venezuela, 39, 15300 Betanzos, España",39,,Calle Venezuela,15300,,Betanzos,Betanzos,Betanzos,,Galicia,GA,España,es,0.9,0.9,1,© OpenStreetMap contributors,Open Database License,https://www.openstreetmap.org/copyright
1670949855-2173,https://www.sepe.es/HomeSepe/en/que-es-el-sepe/que-es-el-sepe/Red-de-oficinas.html,A Coruña/La Coruña,https://www.sepe.es/HomeSepe/en/que-es-el-sepe/que-es-el-sepe/Red-de-oficinas/ResultadosBusqueda.html?id=f5d67fb0-7906-415b-b521-025f7aa41350&provinciaNombre=A%20Coruna/La%20Coruna,AS PONTES DE GARCIA RODRIGUEZ,https://www.sepe.es/HomeSepe/en/que-es-el-sepe/que-es-el-sepe/Red-de-oficinas/DetalleOficina.html?idOficina=20c3d28d-75b8-49d1-98a6-a1b411be842d,15320,"C/ EMILIA PARDO BAZÁN, 32.","C/ EMILIA PARDO BAZÁN, 32., 15320",43.45843843,-7.847913055,"15320 As Pontes de García Rodríguez, España",,As Pontes de García Rodríguez,,15320,,As Pontes de García Rodríguez,As Pontes de García Rodríguez,Eume,,Galicia,GA,España,es,0.25,,1,© OpenStreetMap contributors,Open Database License,https://www.openstreetmap.org/copyright
