,AAV2020,AN,BV2012,DEP,DEPCOM,DOM,EPCI,DCIRIS,LAMBERT_X,LAMBERT_Y,QP,QUALI_IRIS,QUALI_QP,QUALI_QVA,QUALI_ZFU,QUALI_ZUS,QUALITE_XY,QVA,REG,SDOM,TYPEQU,UU2020,ZFU,ZUS
1480060,001,2021,75056,92,92012,A,200054781,920120208,643288.9,6859494.0,CSZ,1,X,1,X,1,Bonne,HZ,11,A1,A122,00851,CSZ,HZ
1480061,001,2021,75056,92,92024,A,200054781,920240404,650079.21,6867052.86,HZ,1,1,X,X,1,Bonne,CSZ,11,A1,A122,00851,CSZ,HZ
1480062,001,2021,75056,92,92025,A,200054781,920250109,645192.92,6868785.63,HZ,1,1,X,X,1,Bonne,CSZ,11,A1,A122,00851,CSZ,HZ
1480063,001,2021,75056,92,92026,A,200054781,920260602,645397.4,6866769.49,CSZ,1,X,X,X,X,Bonne,CSZ,11,A1,A122,00851,CSZ,CSZ
1480064,001,2021,75056,92,92036,A,200054781,920360404,649736.15,6869528.81,HZ,1,1,X,X,1,Bonne,CSZ,11,A1,A122,00851,CSZ,HZ
1480065,001,2021,75056,92,92040,A,200054781,920400103,646750.0,6858850.0,CSZ,1,X,X,X,X,Acceptable,CSZ,11,A1,A122,00851,CSZ,CSZ
1480066,001,2021,75056,92,92044,A,200054781,920440106,647473.51,6866189.85,CSZ,1,X,X,X,X,Bonne,CSZ,11,A1,A122,00851,CSZ,CSZ
1480067,001,2021,75056,92,92049,A,200054781,920490114,648669.63,6857112.38,CSZ,1,X,X,X,X,Bonne,CSZ,11,A1,A122,00851,CSZ,CSZ
1480068,001,2021,75056,92,92050,A,200054781,920500408,641280.17,6865605.74,HZ,1,1,X,X,1,Bonne,CSZ,11,A1,A122,00851,CSZ,HZ
1480069,001,2021,75056,92,92062,A,200054781,920620306,643861.63,6864461.03,CSZ,1,X,X,X,1,Bonne,CSZ,11,A1,A122,00851,CSZ,HZ
1480070,001,2021,75056,92,92063,A,200054781,920630706,641291.72,6864296.95,CSZ,1,X,1,X,X,Bonne,HZ,11,A1,A122,00851,CSZ,CSZ
1480071,001,2021,75056,93,93001,A,200054781,930010502,655427.38,6867981.53,QP093028,1,1,X,1,1,Bonne,CSZ,11,A1,A122,00851,HZ,HZ
1480072,001,2021,75056,93,93005,A,200054781,930050101,662497.6,6872282.31,QP093054,1,1,1,1,1,Bonne,HZ,11,A1,A122,00851,HZ,HZ
1480073,001,2021,75056,93,93007,A,200054781,930070114,661297.4,6871679.69,HZ,1,1,1,1,1,Bonne,HZ,11,A1,A122,00851,HZ,HZ
1480074,001,2021,75056,93,93008,A,200054781,930080118,658972.7,6867447.48,QP093011,1,1,X,1,1,Bonne,CSZ,11,A1,A122,00851,HZ,1126010
1480075,001,2021,75056,93,93010,A,200054781,930100303,661923.13,6866188.85,HZ,1,1,X,1,1,Bonne,CSZ,11,A1,A122,00851,HZ,HZ
1480076,001,2021,75056,93,93014,A,200054781,930140103,667101.06,6867297.84,QP093003,1,1,X,1,1,Bonne,CSZ,11,A1,A122,00851,11280ZF,1128010
1480077,001,2021,75056,93,93027,A,200054781,930270101,657157.84,6869689.98,HZ,1,1,X,1,1,Bonne,CSZ,11,A1,A122,00851,HZ,HZ
1480078,001,2021,75056,93,93029,A,200054781,930290603,659955.1,6869131.4,HZ,1,1,1,1,1,Bonne,HZ,11,A1,A122,00851,HZ,HZ
1480079,001,2021,75056,93,93031,A,200054781,930310103,649434.67,6873136.01,QP093029,1,1,1,1,1,Bonne,HZ,11,A1,A122,00851,HZ,1130010
1480080,001,2021,75056,93,93046,A,200054781,930460111,666856.31,6869837.23,CSZ,1,X,X,1,1,Bonne,CSZ,11,A1,A122,00851,HZ,HZ
1480081,001,2021,75056,93,93048,A,200054781,930480206,658656.82,6862055.42,HZ,1,1,1,X,1,Bonne,HZ,11,A1,A122,00851,CSZ,HZ
1480082,001,2021,75056,93,93050,A,200054781,930500102,664675.63,6861781.37,HZ,1,1,1,1,1,Bonne,1193069,11,A1,A122,00851,HZ,HZ
1480083,001,2021,75056,93,93051,A,200054781,930510502,668588.86,6860358.66,HZ,1,1,X,X,1,Bonne,CSZ,11,A1,A122,00851,CSZ,HZ
1480084,001,2021,75056,93,93053,A,200054781,930530115,659511.38,6865869.55,HZ,1,1,1,X,1,Bonne,HZ,11,A1,A122,00851,CSZ,HZ
1480085,001,2021,75056,93,93055,A,200054781,930550403,657674.7,6866151.4,HZ,1,1,X,1,1,Bonne,CSZ,11,A1,A122,00851,HZ,HZ
1480086,181,2021,25462,25,25462,A,242500338,254620103,954181.63,6650800.76,HZ,1,1,X,X,X,Bonne,CSZ,27,A1,A122,25401,CSZ,CSZ
1480087,338,2021,39097,39,39097,A,200069623,390970104,922133.4,6632002.35,CSZ,1,X,X,X,X,Bonne,CSZ,27,A1,A122,39204,CSZ,CSZ
1480088,134,2021,39198,39,39198,A,200010650,391980108,887370.56,6667835.35,HZ,1,1,X,X,1,Bonne,CSZ,27,A1,A122,39402,CSZ,HZ
1480089,132,2021,39300,39,39300,A,200071116,393000103,895768.75,6622127.56,HZ,1,1,X,X,1,Bonne,CSZ,27,A1,A122,39401,CSZ,HZ
1480090,319,2021,39478,39,39478,A,200026573,394780106,916822.98,6590543.41,HZ,1,1,X,X,1,Bonne,CSZ,27,A1,A122,39203,CSZ,HZ
1480091,CSZ,2021,58062,58,58062,A,200067890,580620000,770919.77,6662918.61,CSZ,X,X,X,X,X,Bonne,CSZ,27,A1,A122,CSZ,CSZ,CSZ
1480092,116,2021,61001,61,61001,A,246100663,610010302,484741.67,6816687.62,QP061006,1,1,X,1,1,Bonne,CSZ,28,A1,A122,00464,2501NZF,2503040
1480093,215,2021,61006,61,61006,A,200068450,610060103,478252.36,6851680.29,HZ,1,1,X,X,1,Bonne,CSZ,28,A1,A122,61302,CSZ,HZ
1480094,351,2021,61168,61,61168,A,200035814,611680102,452231.89,6837616.32,CSZ,1,X,X,X,X,Bonne,CSZ,28,A1,A122,61201,CSZ,CSZ
1480095,171,2021,61169,61,61169,A,200035814,611690101,438110.29,6856173.51,HZ,1,1,X,X,1,Bonne,CSZ,28,A1,A122,61401,CSZ,HZ
1480096,262,2021,61214,61,61214,A,200068468,612140102,526067.08,6853939.67,HZ,1,1,X,X,X,Bonne,CSZ,28,A1,A122,61301,CSZ,CSZ
1480097,418,2021,61293,61,61293,A,200036069,612930000,519250.0,6827150.0,CSZ,X,X,X,X,X,Mauvaise,CSZ,28,A1,A122,61106,CSZ,CSZ
1480098,001,2021,75056,93,93064,A,200054781,930640114,661504.71,6864070.67,HZ,1,1,X,X,1,Bonne,CSZ,11,A1,A122,00851,CSZ,HZ
1480099,001,2021,75056,93,93066,A,200054781,930661001,652702.55,6871784.95,QP093039,1,1,X,1,1,Bonne,CSZ,11,A1,A122,00851,HZ,HZ
1480100,001,2021,75056,93,93070,A,200054781,930700112,650828.02,6867290.72,QP093047,1,1,X,X,X,Bonne,CSZ,11,A1,A122,00851,CSZ,CSZ
1480101,001,2021,75056,93,93071,A,200054781,930710108,665436.87,6871910.27,HZ,1,1,X,1,1,Bonne,CSZ,11,A1,A122,00851,1132NZF,HZ
1480102,001,2021,75056,93,93072,A,200054781,930720112,655654.65,6872410.09,HZ,1,1,X,1,1,Bonne,CSZ,11,A1,A122,00851,HZ,HZ
1480103,001,2021,75056,93,93073,A,200054781,930730402,668517.5,6872303.99,QP093053,1,1,X,X,X,Bonne,CSZ,11,A1,A122,00851,CSZ,CSZ
1480104,001,2021,75056,94,94002,A,200054781,940020107,657540.2,6856437.8,HZ,1,1,1,X,1,Bonne,HZ,11,A1,A122,00851,CSZ,HZ
1480105,001,2021,75056,94,94016,A,200054781,940160104,651294.67,6855006.85,HZ,1,1,1,X,X,Bonne,HZ,11,A1,A122,00851,CSZ,CSZ
1480106,001,2021,75056,94,94017,A,200054781,940171001,664719.81,6856908.66,HZ,1,1,X,1,1,Bonne,CSZ,11,A1,A122,00851,HZ,HZ
1480107,001,2021,75056,94,94019,A,200054781,940190108,667230.91,6855237.09,HZ,1,1,X,1,1,Bonne,CSZ,11,A1,A122,00851,HZ,HZ
1480108,001,2021,75056,94,94022,A,200054781,940220108,656328.58,6851797.63,HZ,1,1,1,1,1,Bonne,1144010,11,A1,A122,00851,HZ,1144010
1480109,001,2021,75056,94,94028,A,200054781,940280405,661219.36,6851635.12,HZ,1,1,X,X,1,Bonne,CSZ,11,A1,A122,00851,CSZ,HZ
1480110,001,2021,75056,94,94033,A,200054781,940330109,662614.48,6861594.53,HZ,1,1,1,X,1,Bonne,HZ,11,A1,A122,00851,CSZ,HZ
1480111,001,2021,75056,94,94038,A,200054781,940380108,651627.79,6853893.78,HZ,1,1,1,X,X,Bonne,HZ,11,A1,A122,00851,CSZ,CSZ
1480112,001,2021,75056,94,94041,A,200054781,940410206,654136.56,6856566.93,HZ,1,1,1,X,1,Bonne,HZ,11,A1,A122,00851,CSZ,1146030
1480113,001,2021,75056,94,94046,A,200054781,940460301,658809.77,6856836.85,CSZ,1,X,1,X,1,Bonne,HZ,11,A1,A122,00851,CSZ,HZ
1480114,001,2021,75056,94,94052,A,200054781,940520103,662786.02,6859983.79,CSZ,1,X,X,X,X,Bonne,CSZ,11,A1,A122,00851,CSZ,CSZ
1480115,001,2021,75056,94,94068,A,200054781,940680101,662178.7,6855793.83,HZ,1,1,X,X,X,Bonne,CSZ,11,A1,A122,00851,CSZ,CSZ
1480116,001,2021,75056,94,94071,A,200054781,940710111,663538.47,6852664.4,CSZ,1,X,1,X,X,Bonne,HZ,11,A1,A122,00851,CSZ,CSZ
1480117,001,2021,75056,94,94076,A,200054781,940760118,653475.18,6853829.91,HZ,1,1,1,X,X,Bonne,HZ,11,A1,A122,00851,CSZ,CSZ
1480118,001,2021,75056,94,94078,A,200054781,940780103,659383.07,6847821.47,QP094037,1,1,X,X,1,Bonne,CSZ,11,A1,A122,00851,CSZ,HZ
1480119,001,2021,75056,94,94080,A,200054781,940800101,658704.6,6860840.2,CSZ,1,X,X,X,X,Bonne,CSZ,11,A1,A122,00851,CSZ,CSZ
1480120,001,2021,75056,94,94081,A,200054781,940810203,655523.38,6853594.69,HZ,1,1,1,1,1,Bonne,HZ,11,A1,A122,00851,1140NZF,1154020
1480121,001,2021,75056,95,95018,A,200054781,950180101,645344.16,6872691.06,HZ,1,1,1,1,1,Bonne,HZ,11,A1,A122,00851,HZ,HZ
1480122,001,2021,75056,95,95063,A,200058519,950630101,643558.67,6870098.94,HZ,1,1,1,X,1,Bonne,HZ,11,A1,A122,00851,CSZ,HZ
1480123,254,2021,58086,58,58086,A,200067916,580860103,694379.42,6699625.65,QP058005,1,1,X,X,1,Bonne,CSZ,27,A1,A122,58202,CSZ,2600030
1480124,370,2021,58095,58,58095,A,200067700,580950102,736830.87,6636468.02,CSZ,1,X,X,X,X,Bonne,CSZ,27,A1,A122,58201,CSZ,CSZ
1480125,097,2021,58194,58,58194,A,245804406,581940117,711024.7,6654663.24,HZ,1,1,X,X,1,Bonne,CSZ,27,A1,A122,58501,CSZ,HZ
1480126,276,2021,70279,70,70026,A,200036549,700260000,894955.16,6709056.81,CSZ,X,X,X,X,X,Bonne,CSZ,27,A1,A122,70202,CSZ,CSZ
1480127,108,2021,59122,59,59122,A,200068500,591220107,717422.68,7008499.06,HZ,1,1,1,X,X,Bonne,HZ,32,A1,A122,59403,CSZ,CSZ
1480128,402,2021,59136,59,59136,A,200030633,591360103,739254.02,7000692.26,CSZ,1,X,1,X,X,Bonne,3159120,32,A1,A122,59209,CSZ,CSZ
1480129,232,2021,59139,59,59139,A,200030633,591390106,728865.81,7001964.79,HZ,1,1,X,X,X,Bonne,CSZ,32,A1,A122,59309,CSZ,CSZ
1480130,004,2021,59350,59,59163,A,200093201,591630102,709920.25,7064675.92,HZ,1,1,X,X,1,Bonne,CSZ,32,A1,A122,59702,CSZ,HZ
1480131,038,2021,59606,59,59172,A,200042190,591720105,727955.5,7025382.11,QP059050,1,1,X,1,1,Bonne,CSZ,32,A1,A122,59701,HZ,HZ
1480132,059,2021,59178,59,59178,A,200044618,591780102,706706.08,7031033.5,HZ,1,1,1,1,1,Bonne,HZ,32,A1,A122,00756,3101ZZF,HZ
1480133,048,2021,59183,59,59183,A,245900428,591831001,655649.55,7103726.12,QP059062,1,1,1,1,1,Bonne,HZ,32,A1,A122,59602,HZ,3102020
1480134,287,2021,59249,59,59249,A,200043404,592490102,775271.47,6991339.61,HZ,1,1,X,X,X,Bonne,CSZ,32,A1,A122,59306,CSZ,CSZ
1480135,048,2021,59183,59,59271,A,245900428,592710601,651103.69,7102260.72,QP059064,1,1,1,X,1,Bonne,HZ,32,A1,A122,59602,CSZ,HZ
1480136,048,2021,59183,59,59273,A,245900428,592730103,638711.85,7099497.08,CSZ,1,X,X,X,X,Bonne,CSZ,32,A1,A122,59602,CSZ,CSZ
1480137,004,2021,59350,59,59279,A,200093201,592790303,708798.4,7074958.19,CSZ,1,X,X,X,X,Bonne,CSZ,32,A1,A122,59702,CSZ,CSZ
1480138,004,2021,59350,59,59286,A,200093201,592860202,699011.89,7057026.32,CSZ,1,X,1,X,1,Bonne,HZ,32,A1,A122,59702,CSZ,HZ
1480139,236,2021,59295,59,59295,A,200040947,592950110,668064.92,7069672.57,HZ,1,1,X,X,X,Bonne,CSZ,32,A1,A122,59401,CSZ,CSZ
1480140,004,2021,59350,59,59299,A,200093201,592990303,714011.79,7063204.94,QP059071,1,1,1,1,1,Bonne,HZ,32,A1,A122,59702,3104ZZF,3104050
1480141,004,2021,59350,59,59350,A,200093201,593500112,704244.0,7059579.95,HZ,1,1,1,1,1,Bonne,HZ,32,A1,A122,59702,HZ,HZ
1480142,004,2021,59350,59,59350,A,200093201,593500308,702322.71,7058947.72,HZ,1,1,1,1,1,Bonne,HZ,32,A1,A122,59702,HZ,HZ
1480143,004,2021,59350,59,59350,A,200093201,593501007,706672.91,7059191.65,QP059075,1,1,1,1,1,Bonne,HZ,32,A1,A122,59702,HZ,HZ
1480144,004,2021,59350,59,59350,A,200093201,593500703,702773.47,7057397.07,HZ,1,1,1,1,1,Bonne,HZ,32,A1,A122,59702,31041ZF,3104110
1480145,004,2021,59350,59,59368,A,200093201,593680402,705112.66,7060847.98,CSZ,1,X,1,X,X,Bonne,HZ,32,A1,A122,59702,CSZ,CSZ
1480146,077,2021,59392,59,59392,A,200043396,593920303,769250.75,7019912.39,HZ,1,1,X,1,1,Bonne,CSZ,32,A1,A122,59601,HZ,HZ
1480147,114,2021,76217,76,76217,A,247600786,762170106,562291.0,6982060.64,HZ,1,1,1,X,1,Bonne,HZ,28,A1,A122,76403,CSZ,HZ
1480148,015,2021,76540,76,76231,A,200023414,762310105,554813.57,6911345.03,HZ,1,1,X,X,1,Bonne,CSZ,28,A1,A122,00755,CSZ,HZ
1480149,220,2021,76259,76,76259,A,200069821,762590102,511280.05,6965667.52,HZ,1,1,1,X,1,Bonne,2376050,28,A1,A122,76401,CSZ,HZ
1480150,604,2021,76276,76,76276,A,200069730,762760000,594295.46,6947678.58,CSZ,X,X,X,X,X,Bonne,CSZ,28,A1,A122,76126,CSZ,CSZ
1480151,015,2021,76540,76,76322,A,200023414,763220101,558724.64,6925453.58,CSZ,1,X,1,X,X,Bonne,HZ,28,A1,A122,00755,CSZ,CSZ
1480152,039,2021,76351,76,76341,A,200084952,763410102,496904.01,6937342.12,CSZ,1,X,1,X,1,Bonne,2376025,28,A1,A122,76701,CSZ,HZ
1480153,039,2021,76351,76,76351,A,200084952,763510902,492640.51,6935896.51,HZ,1,1,1,1,1,Bonne,HZ,28,A1,A122,76701,HZ,HZ
1480154,039,2021,76351,76,76351,A,200084952,763511302,491178.26,6939424.16,QP076005,1,1,1,1,1,Bonne,HZ,28,A1,A122,76701,23051ZF,2305120
1480155,039,2021,76351,76,76351,A,200084952,763510402,491087.15,6936584.46,HZ,1,1,1,1,1,Bonne,HZ,28,A1,A122,76701,HZ,HZ
1480156,409,2021,76384,76,76384,A,200010700,763840103,521276.9,6938687.33,CSZ,1,X,X,X,X,Bonne,CSZ,28,A1,A122,76402,CSZ,CSZ
1480157,015,2021,76540,76,76410,A,200023414,764100106,558351.63,6933151.05,HZ,1,1,X,X,X,Bonne,CSZ,28,A1,A122,00755,CSZ,CSZ
1480158,015,2021,76540,76,76540,A,200023414,765400401,559753.38,6929083.31,HZ,1,1,X,1,1,Bonne,CSZ,28,A1,A122,00755,HZ,HZ
1480159,015,2021,76540,76,76540,A,200023414,765400603,564310.35,6928022.84,HZ,1,1,X,1,1,Bonne,CSZ,28,A1,A122,00755,HZ,HZ
1480160,015,2021,76540,76,76575,A,200023414,765750102,560068.08,6923786.32,HZ,1,1,1,X,1,Bonne,HZ,28,A1,A122,00755,CSZ,2308010
1480161,248,2021,76255,76,76711,A,247600588,767110102,584292.39,6996747.6,CSZ,1,X,X,X,X,Bonne,CSZ,28,A1,A122,00359,CSZ,CSZ
1480162,299,2021,76758,76,76758,A,247600620,767580103,539134.38,6948592.97,CSZ,1,X,1,X,X,Bonne,HZ,28,A1,A122,76301,CSZ,CSZ
1480163,209,2021,02168,02,02168,A,200072031,021680101,730129.09,6882431.59,HZ,1,1,X,X,X,Bonne,CSZ,32,A1,A122,02401,CSZ,CSZ
1480164,273,2021,02173,02,02173,A,200071785,021730301,715487.98,6947759.07,HZ,1,1,X,X,X,Bonne,CSZ,32,A1,A122,02302,CSZ,CSZ
1480165,466,2021,02361,02,02361,A,200071983,023610000,746328.34,6978802.59,CSZ,X,X,X,X,X,Bonne,CSZ,32,A1,A122,02119,CSZ,CSZ
1480166,136,2021,02408,02,02408,A,200043495,024080901,743692.97,6940088.99,HZ,1,1,1,X,1,Bonne,HZ,32,A1,A122,02403,CSZ,HZ
1480167,094,2021,02691,02,02691,A,200071892,026910304,721407.76,6971143.44,QP002002,1,1,1,1,1,Bonne,HZ,32,A1,A122,02501,HZ,HZ
1480168,094,2021,02691,02,02691,A,200071892,026910104,720367.3,6971799.78,HZ,1,1,1,1,1,Bonne,HZ,32,A1,A122,02501,HZ,HZ
1480169,128,2021,02722,02,02722,A,240200477,027220701,724652.68,6921498.72,HZ,1,1,1,1,1,Bonne,HZ,32,A1,A122,02404,2233NZF,HZ
1480170,562,2021,02789,02,02789,A,240200444,027890000,766025.46,6971607.04,CSZ,X,X,X,X,X,Bonne,CSZ,32,A1,A122,02117,CSZ,CSZ
1480171,004,2021,59350,59,59009,A,200093201,590090603,709689.36,7057729.87,HZ,1,1,X,X,1,Bonne,CSZ,32,A1,A122,59702,CSZ,HZ
1480172,038,2021,59606,59,59014,A,245901160,590140106,735793.72,7030323.09,HZ,1,1,X,1,1,Bonne,CSZ,32,A1,A122,59701,3103NZF,3106220
1480173,004,2021,59017,59,59017,A,200093201,590170103,690347.82,7066014.98,HZ,1,1,1,X,X,Bonne,3159043,32,A1,A122,59501,CSZ,CSZ
1480174,077,2021,59392,59,59033,A,200043396,590330104,760413.13,7011523.82,CSZ,1,X,1,X,X,Bonne,3159040,32,A1,A122,59601,CSZ,CSZ
1480175,380,2021,59036,59,59035,A,200043263,590350000,766115.72,7002380.14,CSZ,X,X,X,X,X,Bonne,CSZ,32,A1,A122,59211,CSZ,CSZ
1480176,004,2021,59017,59,59043,A,200040947,590430101,680513.23,7071377.34,CSZ,1,X,X,X,X,Bonne,CSZ,32,A1,A122,59501,CSZ,CSZ
1480177,077,2021,59392,59,59392,A,200043396,593920402,767808.5,7020068.36,QP059019,1,1,X,1,1,Bonne,CSZ,32,A1,A122,59601,HZ,HZ
1480178,038,2021,59481,59,59481,A,200043321,594810000,745120.02,7018576.35,HZ,X,1,X,X,X,Bonne,CSZ,32,A1,A122,59210,CSZ,CSZ
1480179,004,2021,59350,59,59512,A,200093201,595121203,713699.44,7065319.29,HZ,1,1,X,1,1,Bonne,CSZ,32,A1,A122,59702,HZ,HZ
1480180,004,2021,59350,59,59512,A,200093201,595120502,711550.0,7065850.0,QP059082,3,3,X,3,3,Mauvaise,CSZ,32,A1,A122,59702,31042ZF,3104200
1480181,004,2021,59526,59,59526,A,200042190,595260103,730054.09,7038614.6,HZ,1,1,X,X,1,Bonne,CSZ,32,A1,A122,59402,CSZ,HZ
1480182,004,2021,59350,59,59560,A,200093201,595600201,703295.04,7049920.09,HZ,1,1,X,X,1,Bonne,CSZ,32,A1,A122,59702,CSZ,HZ
1480183,059,2021,59178,59,59569,A,200044618,595690104,707669.67,7029104.96,HZ,1,1,1,1,1,Bonne,HZ,32,A1,A122,00756,HZ,HZ
1480184,303,2021,59606,59,59574,A,245901152,595740102,719798.27,7029546.93,HZ,1,1,1,X,1,Bonne,HZ,32,A1,A122,59701,CSZ,HZ
1480185,004,2021,59350,59,59599,A,200093201,595990503,712063.57,7068990.66,HZ,1,1,1,1,1,Bonne,HZ,32,A1,A122,59702,31042ZF,HZ
1480186,038,2021,59606,59,59606,A,245901160,596060605,737788.78,7030232.87,HZ,1,1,1,1,1,Bonne,HZ,32,A1,A122,59701,3103NZF,HZ
1480187,004,2021,59350,59,59650,A,200093201,596500501,716409.83,7066050.18,HZ,1,1,X,1,1,Bonne,CSZ,32,A1,A122,59702,HZ,HZ
1480188,076,2021,60057,60,60057,A,200067999,600570601,635502.32,6923848.72,HZ,1,1,1,1,1,Bonne,HZ,32,A1,A122,60501,HZ,HZ
1480189,076,2021,60057,60,60057,A,200067999,600570402,635103.2,6927032.67,HZ,1,1,1,1,1,Bonne,HZ,32,A1,A122,60501,2206NZF,HZ
1480190,078,2021,60159,60,60159,A,200067965,601591701,684403.26,6921723.45,HZ,1,1,X,X,1,Bonne,CSZ,32,A1,A122,60502,CSZ,HZ
1480191,001,2021,60176,60,60176,A,246000871,601760401,693821.14,6902790.81,HZ,1,1,X,X,X,Bonne,CSZ,32,A1,A122,60303,CSZ,CSZ
1480192,001,2021,60157,60,60234,A,246000376,602340000,657907.92,6922167.89,CSZ,X,X,X,X,X,Bonne,CSZ,32,A1,A122,60401,CSZ,CSZ
1480193,078,2021,60159,60,60382,A,200067965,603820201,687219.44,6924953.2,CSZ,1,X,X,X,X,Bonne,CSZ,32,A1,A122,60502,CSZ,CSZ
1480194,001,2021,60395,60,60395,A,246000582,603950501,636302.8,6903954.84,HZ,1,1,X,X,1,Bonne,CSZ,32,A1,A122,60302,CSZ,2200100
1480195,001,2021,60175,60,60414,A,200068047,604140401,658748.8,6905860.76,HZ,1,1,X,1,1,Bonne,CSZ,32,A1,A122,60601,HZ,HZ
1480196,001,2021,60175,60,60463,A,200068047,604630501,662252.96,6907973.23,HZ,1,1,X,X,1,Bonne,CSZ,32,A1,A122,60601,CSZ,HZ
1480197,242,2021,60471,60,60471,A,246000756,604710101,699908.2,6942333.85,HZ,1,1,1,X,1,Bonne,HZ,32,A1,A122,60305,CSZ,HZ
1480198,001,2021,60589,60,60589,A,200068047,605890000,661215.08,6904829.2,CSZ,X,X,X,X,X,Bonne,CSZ,32,A1,A122,60601,CSZ,CSZ
1480199,069,2021,62041,62,62041,A,200033579,620410201,681032.69,7022704.7,HZ,1,1,X,X,1,Bonne,CSZ,32,A1,A122,62502,CSZ,HZ
1480200,491,2021,62080,62,62080,A,200035442,620800000,689360.68,7000808.44,CSZ,X,X,X,X,X,Bonne,CSZ,32,A1,A122,62116,CSZ,CSZ
1480201,235,2021,62108,62,62108,A,200069029,621080102,598917.6,7034708.95,CSZ,1,X,X,X,X,Bonne,CSZ,32,A1,A122,62401,CSZ,CSZ
1480202,125,2021,62119,62,62119,A,200072460,621190104,673350.0,7047450.0,HZ,1,1,X,X,1,Acceptable,CSZ,32,A1,A122,00752,CSZ,HZ
1480203,068,2021,62160,62,62160,A,246200729,621600902,601722.62,7069996.21,HZ,1,1,X,X,1,Bonne,CSZ,32,A1,A122,62501,CSZ,HZ
1480204,256,2021,62119,62,62178,A,200072460,621780105,668330.75,7042152.65,HZ,1,1,X,X,1,Bonne,CSZ,32,A1,A122,00752,CSZ,HZ
1480205,073,2021,62193,62,62193,A,200090751,621931201,622097.7,7095021.3,HZ,1,1,X,1,1,Bonne,CSZ,32,A1,A122,62503,HZ,HZ
1480206,073,2021,62193,62,62193,A,200090751,621930201,619945.51,7096053.84,HZ,1,1,X,1,1,Bonne,CSZ,32,A1,A122,62503,HZ,HZ
1480207,004,2021,59178,62,62215,A,246200299,622150104,697452.14,7044116.83,HZ,1,1,X,X,1,Bonne,CSZ,32,A1,A122,00756,CSZ,3110140
1480208,042,2021,59178,62,62427,A,246200299,624270107,696280.21,7035414.49,HZ,1,1,X,1,1,Bonne,CSZ,32,A1,A122,00756,HZ,HZ
1480209,042,2021,59178,62,62498,A,246200364,624980301,688402.19,7037789.82,HZ,1,1,X,X,1,Bonne,CSZ,32,A1,A122,00756,CSZ,HZ
1480210,042,2021,59178,62,62498,A,246200364,624980305,687488.96,7036803.12,HZ,1,1,X,X,1,Bonne,CSZ,32,A1,A122,00756,CSZ,HZ
1480211,042,2021,59178,62,62510,A,246200364,625100105,684421.14,7036175.17,HZ,1,1,X,X,1,Bonne,CSZ,32,A1,A122,00756,CSZ,HZ
1480212,156,2021,62119,62,62516,A,200072460,625160101,662951.89,7051894.01,HZ,1,1,X,X,X,Bonne,CSZ,32,A1,A122,00752,CSZ,CSZ
1480213,096,2021,62765,62,62525,A,200069037,625250102,648332.44,7071861.63,QP062036,1,1,X,X,X,Bonne,CSZ,32,A1,A122,00556,CSZ,CSZ
1480214,264,2021,10323,10,10323,A,200000545,103230202,753190.83,6822995.78,HZ,1,1,X,X,1,Bonne,CSZ,44,A1,A122,10301,CSZ,HZ
1480215,054,2021,10387,10,10387,A,200069250,103870701,780914.11,6799422.1,QP010008,1,1,X,1,1,Bonne,CSZ,44,A1,A122,10601,HZ,2103140
1480216,054,2021,10387,10,10387,A,200069250,103871001,780404.75,6797358.49,QP010006,1,1,X,1,1,Bonne,CSZ,44,A1,A122,10601,HZ,2103070
1480217,054,2021,10387,10,10387,A,200069250,103871102,779839.48,6800037.59,HZ,1,1,X,1,1,Bonne,CSZ,44,A1,A122,10601,HZ,HZ
1480218,036,2021,51454,51,51058,A,200067213,510580000,773097.67,6903059.1,CSZ,X,X,X,1,1,Bonne,CSZ,44,A1,A122,51701,HZ,HZ
1480219,112,2021,51108,51,51108,A,200066876,511080203,799846.25,6874742.39,HZ,1,1,1,X,1,Bonne,HZ,44,A1,A122,51501,CSZ,HZ
1480220,157,2021,51230,51,51230,A,200067684,512300101,770314.7,6883798.0,HZ,1,1,1,X,1,Bonne,HZ,44,A1,A122,51401,CSZ,HZ
1480221,036,2021,51454,51,51454,A,200067213,514542801,776723.76,6906208.53,HZ,1,1,1,1,1,Bonne,HZ,44,A1,A122,51701,HZ,HZ
1480222,378,2021,62447,62,62550,A,200044030,625500000,630648.07,7030470.25,CSZ,X,X,X,X,X,Bonne,CSZ,32,A1,A122,62204,CSZ,CSZ
1480223,221,2021,62119,62,62617,A,200072460,626170101,676987.79,7040772.62,HZ,1,1,X,X,X,Bonne,CSZ,32,A1,A122,00752,CSZ,CSZ
1480224,068,2021,62160,62,62758,A,246200729,627580103,603944.81,7070858.19,HZ,1,1,X,X,X,Bonne,CSZ,32,A1,A122,62501,CSZ,CSZ
1480225,293,2021,62767,62,62767,A,200069672,627670102,652550.0,7031250.0,CSZ,1,X,X,X,X,Mauvaise,CSZ,32,A1,A122,62208,CSZ,CSZ
1480226,164,2021,80001,80,80001,A,200070993,800010501,618779.47,7000828.27,HZ,1,1,X,X,1,Bonne,CSZ,32,A1,A122,80401,CSZ,HZ
1480227,035,2021,80016,80,80016,A,248000747,800160201,676167.92,6990063.27,CSZ,1,X,X,X,X,Bonne,CSZ,32,A1,A122,80210,CSZ,CSZ
1480228,035,2021,80021,80,80021,A,248000531,800210801,650550.0,6975650.0,HZ,3,3,3,3,3,Mauvaise,HZ,32,A1,A122,80601,HZ,HZ
1480229,035,2021,80021,80,80021,A,248000531,800211201,649445.71,6976695.21,HZ,1,1,1,1,1,Bonne,HZ,32,A1,A122,80601,HZ,HZ
1480230,035,2021,80021,80,80021,A,248000531,800211401,650398.93,6977156.46,HZ,1,1,1,1,1,Bonne,HZ,32,A1,A122,80601,HZ,HZ
1480231,035,2021,80253,80,80253,A,200070951,802530201,653296.65,7006983.08,CSZ,1,X,X,X,X,Bonne,CSZ,32,A1,A122,80204,CSZ,CSZ
1480232,246,2021,80368,80,80368,A,200070944,803680000,595669.18,6999095.23,CSZ,X,X,X,X,X,Bonne,CSZ,32,A1,A122,80205,CSZ,CSZ
1480233,450,2021,80410,80,80410,A,200070985,804100101,705524.71,6962349.13,CSZ,1,X,1,X,X,Bonne,HZ,32,A1,A122,80206,CSZ,CSZ
1480234,472,2021,80561,80,80561,A,200070977,805610000,670240.72,6949768.23,CSZ,X,X,X,X,X,Bonne,CSZ,32,A1,A122,80203,CSZ,CSZ
1480235,277,2021,80620,80,80620,A,200037059,806200101,695706.66,6981506.21,CSZ,1,X,X,X,X,Bonne,CSZ,32,A1,A122,80209,CSZ,CSZ
1480236,090,2021,08105,08,08105,A,200041630,081050401,823540.57,6965149.08,HZ,1,1,X,1,1,Bonne,CSZ,44,A1,A122,08501,HZ,HZ
1480237,090,2021,08105,08,08105,A,200041630,081050902,824732.59,6961722.89,HZ,1,1,X,1,1,Bonne,CSZ,44,A1,A122,08501,21010ZF,HZ
1480238,584,2021,08363,08,08363,A,240800821,083630103,817958.53,6983328.87,CSZ,1,X,1,X,1,Bonne,HZ,44,A1,A122,08204,CSZ,HZ
1480239,216,2021,08409,08,08409,A,200041630,084090303,840140.58,6956957.0,HZ,1,1,X,X,1,Bonne,CSZ,44,A1,A122,08401,CSZ,HZ
1480240,389,2021,10033,10,10033,A,241000405,100330103,826722.07,6794435.94,CSZ,1,X,1,X,1,Bonne,HZ,44,A1,A122,10201,CSZ,HZ
1480241,036,2021,51454,51,51454,A,200067213,514541001,774227.23,6907320.55,HZ,1,1,1,1,1,Bonne,HZ,44,A1,A122,51701,HZ,HZ
1480242,036,2021,51454,51,51454,A,200067213,514543902,774543.28,6909937.56,HZ,1,1,1,1,1,Bonne,HZ,44,A1,A122,51701,HZ,HZ
1480243,397,2021,51535,51,51535,A,200066835,515350101,753588.68,6846684.57,CSZ,1,X,X,X,X,Bonne,CSZ,44,A1,A122,51112,CSZ,CSZ
1480244,218,2021,51649,51,51649,A,200034718,516490303,816870.0,6848118.3,HZ,1,1,1,X,1,Bonne,HZ,44,A1,A122,51301,CSZ,HZ
1480245,160,2021,52121,52,52121,A,200068658,521210204,859558.67,6779636.99,HZ,1,1,X,X,X,Bonne,CSZ,44,A1,A122,52401,CSZ,CSZ
1480246,260,2021,52269,52,52269,A,200072999,522690202,874015.85,6752391.73,QP052003,1,1,X,X,X,Bonne,CSZ,44,A1,A122,52202,CSZ,CSZ
1480247,146,2021,52448,52,52448,A,200068666,524480202,843869.37,6838688.27,HZ,1,1,1,1,1,Bonne,HZ,44,A1,A122,00460,HZ,HZ
1480248,250,2021,54099,54,54099,A,200070845,540990000,914012.81,6908921.8,CSZ,X,X,X,X,1,Bonne,CSZ,44,A1,A122,54205,CSZ,HZ
1480249,184,2021,54323,54,54321,A,245400262,543210000,902150.0,6940550.0,CSZ,X,X,X,X,X,Mauvaise,CSZ,44,A1,A122,54405,CSZ,CSZ
1480250,020,2021,54395,54,54395,A,245400676,543951001,935520.48,6848985.47,HZ,1,1,X,1,1,Bonne,CSZ,44,A1,A122,54701,HZ,HZ
1480251,020,2021,54395,54,54395,A,245400676,543950905,933951.88,6847693.87,HZ,1,1,X,1,1,Bonne,CSZ,44,A1,A122,54701,HZ,HZ
1480252,020,2021,54395,54,54395,A,245400676,543950404,932887.19,6847678.78,HZ,1,1,X,1,1,Bonne,CSZ,44,A1,A122,54701,HZ,HZ
1480253,020,2021,54395,54,54395,A,245400676,543950101,931358.58,6849417.63,HZ,1,1,X,1,1,Bonne,CSZ,44,A1,A122,54701,4125NZF,HZ
1480254,274,2021,54431,54,54431,A,200041515,544310101,924927.32,6873483.09,HZ,1,1,X,X,X,Bonne,CSZ,44,A1,A122,54404,CSZ,CSZ
1480255,020,2021,54528,54,54528,A,200070563,545280103,912803.29,6846221.26,HZ,1,1,1,X,1,Bonne,HZ,44,A1,A122,54403,CSZ,HZ
1480256,020,2021,54395,54,54547,A,245400676,545470111,934430.55,6845074.85,QP054016,1,1,X,1,1,Bonne,CSZ,44,A1,A122,54701,4125NZF,4102160
1480257,177,2021,55029,55,55029,A,200033025,550290103,859957.1,6853921.39,HZ,1,1,X,X,X,Bonne,CSZ,44,A1,A122,55301,CSZ,CSZ
1480258,372,2021,55122,55,55122,A,200066157,551220000,890151.95,6854379.21,CSZ,X,X,X,X,X,Bonne,CSZ,44,A1,A122,55201,CSZ,CSZ
1480259,193,2021,55545,55,55545,A,200049187,555450106,875479.85,6897025.43,HZ,1,1,X,X,1,Bonne,CSZ,44,A1,A122,55401,CSZ,HZ
1480260,280,2021,57160,57,57160,A,245701164,571600106,969252.96,6906840.1,HZ,1,1,X,X,1,Bonne,CSZ,44,A1,A122,57303,CSZ,HZ
1480261,197,2021,57227,57,57227,A,245700372,572270103,983349.02,6904847.95,HZ,1,1,1,X,1,Bonne,HZ,44,A1,A122,57501,CSZ,HZ
1480262,197,2021,57227,57,57227,A,245700372,572270109,984519.31,6905587.04,HZ,1,1,1,X,1,Bonne,HZ,44,A1,A122,57501,CSZ,HZ
1480263,033,2021,57463,57,57283,A,200039949,572830101,930496.69,6909482.94,CSZ,1,X,X,X,X,Bonne,CSZ,44,A1,A122,57701,CSZ,CSZ
1480264,LUX,2021,57672,57,57306,A,245701222,573060105,922494.74,6919043.33,CSZ,1,X,1,X,X,Bonne,HZ,44,A1,A122,57601,CSZ,CSZ
1480265,LUX,2021,57672,57,57441,A,245701362,574410000,930254.96,6924247.6,CSZ,X,X,X,X,1,Bonne,CSZ,44,A1,A122,57601,CSZ,HZ
1480266,033,2021,57463,57,57463,A,200039865,574630303,932174.19,6896451.88,HZ,1,1,X,1,1,Bonne,CSZ,44,A1,A122,57701,HZ,HZ
1480267,033,2021,57463,57,57463,A,200039865,574631007,935797.63,6894810.18,HZ,1,1,X,1,1,Bonne,CSZ,44,A1,A122,57701,HZ,HZ
1480268,033,2021,57463,57,57463,A,200039865,574630701,931620.66,6894757.87,HZ,1,1,X,1,1,Bonne,CSZ,44,A1,A122,57701,HZ,HZ
1480269,033,2021,57463,57,57480,A,200039865,574800102,929245.17,6893029.97,CSZ,1,X,1,X,X,Bonne,HZ,44,A1,A122,57701,CSZ,CSZ
1480270,178,2021,57606,57,57606,A,200067502,576060103,970754.58,6895619.56,HZ,1,1,1,X,1,Bonne,HZ,44,A1,A122,57402,CSZ,HZ
1480271,053,2021,56121,56,56121,A,200042174,561210303,221831.87,6758818.57,HZ,1,1,X,X,1,Bonne,CSZ,53,A1,A122,56601,CSZ,HZ
1480272,170,2021,57630,57,57630,A,200068146,576300105,997257.25,6854358.46,HZ,1,1,1,X,X,Bonne,HZ,44,A1,A122,57302,CSZ,CSZ
1480273,121,2021,57631,57,57631,A,200070746,576310104,997154.41,6897187.36,HZ,1,1,1,X,1,Bonne,HZ,44,A1,A122,57401,CSZ,HZ
1480274,LUX,2021,57672,57,57672,A,245701362,576720115,929560.36,6921619.17,HZ,1,1,X,X,1,Bonne,CSZ,44,A1,A122,57601,CSZ,HZ
1480275,127,2021,67180,67,67180,A,200067874,671800201,1051539.64,6867376.34,HZ,1,1,1,X,X,Bonne,HZ,44,A1,A122,67501,CSZ,CSZ
1480276,010,2021,67482,67,67267,A,246700488,672670201,1046178.59,6838828.71,HZ,1,1,X,X,1,Bonne,CSZ,44,A1,A122,67701,CSZ,HZ
1480277,010,2021,67300,67,67300,A,246701064,673000103,1032899.53,6835384.04,CSZ,1,X,X,X,X,Bonne,CSZ,44,A1,A122,67401,CSZ,CSZ
1480278,010,2021,67437,67,67437,A,200068112,674370101,1021115.74,6858246.46,HZ,1,1,X,X,X,Bonne,CSZ,44,A1,A122,67306,CSZ,CSZ
1480279,010,2021,67482,67,67447,A,246700488,674470502,1047577.67,6845030.72,HZ,1,1,X,1,1,Bonne,CSZ,44,A1,A122,67701,HZ,HZ
1480280,158,2021,67462,67,67462,A,246700967,674620107,1029606.32,6805113.81,CSZ,1,X,X,X,X,Bonne,CSZ,44,A1,A122,67307,CSZ,CSZ
1480281,010,2021,67482,67,67482,A,246700488,674822305,1051588.43,6840846.81,HZ,1,1,1,1,1,Bonne,HZ,44,A1,A122,67701,HZ,HZ
1480282,010,2021,67482,67,67482,A,246700488,674820202,1049355.13,6841774.36,HZ,1,1,1,1,1,Bonne,HZ,44,A1,A122,67701,HZ,HZ
1480283,010,2021,67482,67,67482,A,246700488,674821705,1047299.45,6842874.2,HZ,1,1,1,1,1,Bonne,HZ,44,A1,A122,67701,4235NZF,HZ
1480284,010,2021,67482,67,67482,A,246700488,674822501,1049966.25,6839405.96,HZ,1,1,1,1,1,Bonne,HZ,44,A1,A122,67701,HZ,HZ
1480285,010,2021,67482,67,67482,A,246700488,674820302,1049079.4,6841254.52,HZ,1,1,1,1,1,Bonne,HZ,44,A1,A122,67701,HZ,HZ
1480286,368,2021,67544,67,67544,A,246700926,675440202,1062686.12,6892394.26,CSZ,1,X,X,X,X,Bonne,CSZ,44,A1,A122,67209,CSZ,CSZ
1480287,029,2021,68004,68,68004,A,200066041,680040101,1017346.34,6733484.07,CSZ,1,X,X,X,X,Bonne,CSZ,44,A1,A122,68205,CSZ,CSZ
1480288,058,2021,68066,68,68066,A,246800726,680660803,1021997.51,6784004.72,QP068002,1,1,X,X,1,Bonne,CSZ,44,A1,A122,68501,CSZ,4200030
1480289,058,2021,68066,68,68066,A,246800726,680660502,1024060.83,6785125.73,HZ,1,1,X,X,1,Bonne,CSZ,44,A1,A122,68501,CSZ,HZ
1480290,053,2021,56121,56,56121,A,200042174,561210901,222367.49,6756216.86,HZ,1,1,X,X,1,Bonne,CSZ,53,A1,A122,56601,CSZ,HZ
1480291,057,2021,56260,56,56158,A,200067932,561580000,264942.85,6746815.33,CSZ,X,X,X,X,X,Bonne,CSZ,53,A1,A122,56501,CSZ,CSZ
1480292,255,2021,56165,56,56165,A,200066777,561650102,297707.16,6771550.63,CSZ,1,X,X,X,X,Bonne,CSZ,53,A1,A122,56301,CSZ,CSZ
1480293,207,2021,56178,56,56178,A,245614433,561780105,255982.0,6792475.19,CSZ,1,X,X,X,X,Bonne,CSZ,53,A1,A122,56305,CSZ,CSZ
1480294,057,2021,56260,56,56243,A,200067932,562430102,269790.21,6743753.37,CSZ,1,X,X,X,X,Bonne,CSZ,53,A1,A122,56501,CSZ,CSZ
1480295,062,2021,16015,16,16015,A,200071827,160150101,478926.76,6509486.01,HZ,1,1,1,X,1,Bonne,HZ,75,A1,A122,16601,CSZ,HZ
1480296,373,2021,16028,16,16028,A,200029734,160280101,453321.65,6490952.19,CSZ,1,X,X,X,X,Bonne,CSZ,75,A1,A122,16107,CSZ,CSZ
1480297,152,2021,16102,16,16102,A,200070514,161020203,441415.35,6515433.94,HZ,1,1,1,X,1,Bonne,HZ,75,A1,A122,16401,CSZ,HZ
1480298,488,2021,16106,16,16106,A,200072049,161060000,518543.14,6549653.47,CSZ,X,X,X,X,X,Bonne,CSZ,75,A1,A122,16102,CSZ,CSZ
1480299,062,2021,16015,16,16113,A,200071827,161130101,474081.16,6505922.37,HZ,1,1,X,X,X,Bonne,CSZ,75,A1,A122,16601,CSZ,CSZ
1480300,029,2021,68112,68,68112,A,246800569,681120105,1013963.16,6765517.19,CSZ,1,X,X,X,X,Bonne,CSZ,44,A1,A122,68401,CSZ,CSZ
1480301,029,2021,68224,68,68224,A,200066009,682241501,1023848.47,6749437.38,HZ,1,1,X,1,1,Bonne,CSZ,44,A1,A122,68701,HZ,HZ
1480302,029,2021,68224,68,68224,A,200066009,682241801,1022217.69,6747613.97,HZ,1,1,X,1,1,Bonne,CSZ,44,A1,A122,68701,HZ,HZ
1480303,029,2021,68224,68,68224,A,200066009,682240603,1025443.04,6747344.15,HZ,1,1,X,1,1,Bonne,CSZ,44,A1,A122,68701,HZ,HZ
1480304,029,2021,68224,68,68224,A,200066009,682240501,1026330.58,6749197.63,QP068006,1,1,X,1,1,Bonne,CSZ,44,A1,A122,68701,HZ,4202040
1480305,BAL,2021,68297,68,68297,A,200066058,682970108,1041955.52,6731765.43,HZ,1,1,X,X,X,Bonne,CSZ,44,A1,A122,68403,CSZ,CSZ
1480306,029,2021,68063,68,68334,A,200036465,683340102,1006034.11,6753934.09,CSZ,1,X,X,X,X,Bonne,CSZ,44,A1,A122,68402,CSZ,CSZ
1480307,095,2021,88160,88,88160,A,200068757,881600101,957167.14,6794702.44,HZ,1,1,1,X,1,Bonne,HZ,44,A1,A122,88501,CSZ,HZ
1480308,095,2021,88160,88,88160,A,200068757,881600111,955695.7,6792182.29,HZ,1,1,1,X,1,Bonne,HZ,44,A1,A122,88501,CSZ,HZ
1480309,350,2021,88196,88,88196,A,200071157,881960101,988439.19,6781246.09,CSZ,1,X,X,X,X,Bonne,CSZ,44,A1,A122,88206,CSZ,CSZ
1480310,386,2021,16292,16,16292,A,200043016,162920000,483788.58,6551822.09,CSZ,X,X,X,X,X,Bonne,CSZ,75,A1,A122,16105,CSZ,CSZ
1480311,354,2021,17197,17,17197,A,200041523,171970000,430539.88,6489417.86,CSZ,X,X,X,X,X,Bonne,CSZ,75,A1,A122,17201,CSZ,CSZ
1480312,051,2021,17300,17,17200,A,241700434,172000102,380501.02,6574018.52,CSZ,1,X,X,1,1,Bonne,CSZ,75,A1,A122,17601,HZ,HZ
1480313,140,2021,17299,17,17299,A,200041762,172990401,393926.26,6544120.09,HZ,1,1,1,X,1,Bonne,HZ,75,A1,A122,17402,CSZ,HZ
1480314,051,2021,17300,17,17300,A,241700434,173000902,382519.81,6569524.22,HZ,1,1,1,1,1,Bonne,HZ,75,A1,A122,17601,HZ,5402090
1480315,051,2021,17300,17,17300,A,241700434,173000602,378505.31,6571691.23,HZ,1,1,1,1,1,Bonne,HZ,75,A1,A122,17601,HZ,HZ
1480316,131,2021,17306,17,17306,A,241700640,173060105,386900.23,6511622.32,HZ,1,1,X,X,X,Bonne,CSZ,75,A1,A122,17403,CSZ,CSZ
1480317,307,2021,88321,88,88321,A,200068559,883210101,899342.42,6809429.73,CSZ,1,X,X,X,X,Bonne,CSZ,44,A1,A122,88204,CSZ,CSZ
1480318,240,2021,88383,88,88383,A,200068377,883830101,968362.67,6774404.67,HZ,1,1,X,X,X,Bonne,CSZ,44,A1,A122,88401,CSZ,CSZ
1480319,142,2021,88413,88,88413,A,200071066,884130101,992183.86,6806000.36,HZ,1,1,X,X,1,Bonne,CSZ,44,A1,A122,88402,CSZ,HZ
1480320,155,2021,44003,44,44003,A,244400552,440030101,384721.0,6705687.59,CSZ,1,X,X,X,X,Bonne,CSZ,52,A1,A122,44302,CSZ,CSZ
1480321,008,2021,44015,44,44015,A,244400453,440150000,341643.17,6718950.07,CSZ,X,X,X,X,X,Bonne,CSZ,52,A1,A122,44225,CSZ,CSZ
1480322,228,2021,44036,44,44036,A,200072726,440360101,372300.53,6743694.4,HZ,1,1,X,X,X,Bonne,CSZ,52,A1,A122,44304,CSZ,CSZ
1480323,008,2021,44043,44,44043,A,200067635,440430101,375203.49,6675056.69,CSZ,1,X,X,X,X,Bonne,CSZ,52,A1,A122,00362,CSZ,CSZ
1480324,055,2021,44184,44,44055,A,244400610,440550104,292610.96,6701815.9,CSZ,1,X,X,X,X,Bonne,CSZ,52,A1,A122,44601,CSZ,CSZ
1480325,544,2021,44087,44,44087,A,200071546,440870102,334452.27,6665182.88,CSZ,1,X,X,X,X,Bonne,CSZ,52,A1,A122,44218,CSZ,CSZ
1480326,315,2021,17347,17,17347,A,200041689,173470102,425769.48,6546296.97,CSZ,1,X,X,X,X,Bonne,CSZ,75,A1,A122,17205,CSZ,CSZ
1480327,051,2021,17161,17,17360,A,241700459,173600000,366840.15,6570964.1,CSZ,X,X,X,X,X,Bonne,CSZ,75,A1,A122,17119,CSZ,CSZ
1480328,CSZ,2021,17385,17,17385,A,241700624,173850102,365150.0,6544450.0,CSZ,3,X,X,X,X,Mauvaise,CSZ,75,A1,A122,17202,CSZ,CSZ
1480329,120,2021,17415,17,17415,A,200036473,174150102,418550.0,6521250.0,HZ,3,3,3,X,3,Mauvaise,HZ,75,A1,A122,17401,CSZ,HZ
1480330,087,2021,19031,19,19031,A,200043172,190310501,580574.5,6451815.44,HZ,1,1,X,X,X,Bonne,CSZ,75,A1,A122,00557,CSZ,CSZ
1480331,206,2021,19272,19,19272,A,241927201,192720101,601974.0,6463159.8,CSZ,1,X,X,X,X,Bonne,CSZ,75,A1,A122,19401,CSZ,CSZ
1480332,309,2021,19275,19,19275,A,200066744,192750201,645430.7,6493854.2,CSZ,1,X,X,X,X,Bonne,CSZ,75,A1,A122,19202,CSZ,CSZ
1480333,008,2021,44109,44,44109,A,244400404,441091012,360225.24,6692788.93,HZ,1,1,X,1,1,Bonne,CSZ,52,A1,A122,44701,HZ,HZ
1480334,008,2021,44109,44,44109,A,244400404,441090703,353802.24,6691567.62,HZ,1,1,X,1,1,Bonne,CSZ,52,A1,A122,44701,HZ,HZ
1480335,008,2021,44109,44,44109,A,244400404,441090805,354761.81,6694780.61,HZ,1,1,X,1,1,Bonne,CSZ,52,A1,A122,44701,HZ,HZ
1480336,008,2021,44109,44,44109,A,244400404,441091007,358188.31,6692888.54,HZ,1,1,X,1,1,Bonne,CSZ,52,A1,A122,44701,HZ,HZ
1480337,008,2021,44109,44,44109,A,244400404,441090207,352679.01,6687656.86,HZ,1,1,X,1,1,Bonne,CSZ,52,A1,A122,44701,HZ,HZ
1480338,008,2021,44109,44,44109,A,244400404,441090506,357736.26,6689300.52,QP044013,1,1,X,1,1,Bonne,CSZ,52,A1,A122,44701,HZ,5201030
1480339,231,2021,44131,44,44131,A,200067346,441310104,312549.2,6681611.09,CSZ,1,X,X,X,X,Bonne,CSZ,52,A1,A122,44306,CSZ,CSZ
1480340,008,2021,44109,44,44143,A,244400404,441430101,355230.5,6686892.81,HZ,1,1,1,X,1,Bonne,HZ,52,A1,A122,44701,CSZ,HZ
1480341,008,2021,44109,44,44162,A,244400404,441620502,351057.76,6689104.86,QP044005,1,1,1,1,1,Bonne,HZ,52,A1,A122,44701,5226NZF,5201010
1480342,055,2021,44184,44,44184,A,244400644,441840121,302093.85,6696965.21,HZ,1,1,1,1,1,Bonne,HZ,52,A1,A122,44601,HZ,HZ
1480343,008,2021,44109,44,44190,A,244400404,441900109,360594.86,6686146.74,CSZ,1,X,X,X,X,Bonne,CSZ,52,A1,A122,44701,CSZ,CSZ
1480344,055,2021,44184,44,44210,A,244400644,442100102,306804.91,6701423.77,CSZ,1,X,1,X,1,Bonne,HZ,52,A1,A122,44601,CSZ,HZ
1480345,026,2021,49007,49,49007,A,244900015,490070804,434552.2,6715340.5,QP049005,1,1,1,1,1,Bonne,HZ,52,A1,A122,49701,HZ,5203020
1480346,026,2021,49007,49,49007,A,244900015,490070501,430342.24,6714093.5,HZ,1,1,1,1,1,Bonne,HZ,52,A1,A122,49701,5202NZF,HZ
1480347,026,2021,49007,49,49007,A,244900015,490070707,431695.89,6716110.08,HZ,1,1,1,1,1,Bonne,HZ,52,A1,A122,49701,HZ,5203030
1480348,026,2021,49007,49,49007,A,244900015,490071107,431589.22,6710985.43,HZ,1,1,1,1,1,Bonne,HZ,52,A1,A122,49701,HZ,HZ
1480349,026,2021,49021,49,49021,A,244900882,490210101,457812.65,6709060.8,CSZ,1,X,X,X,X,Bonne,CSZ,52,A1,A122,49205,CSZ,CSZ
1480350,067,2021,49023,49,49023,A,200060010,490230102,397559.57,6686291.1,CSZ,1,X,X,X,X,Bonne,CSZ,52,A1,A122,49402,CSZ,CSZ
1480351,419,2021,23008,23,23008,A,200044014,230080102,635399.83,6539872.3,CSZ,1,X,X,X,X,Bonne,CSZ,75,A1,A122,23102,CSZ,CSZ
1480352,179,2021,23096,23,23096,A,200034825,230960101,613661.97,6564256.54,HZ,1,1,X,X,X,Bonne,CSZ,75,A1,A122,23301,CSZ,CSZ
1480353,435,2021,23176,23,23176,A,242300135,231760101,583576.55,6571992.72,CSZ,1,X,X,X,X,Bonne,CSZ,75,A1,A122,23201,CSZ,CSZ
1480354,129,2021,24037,24,24037,A,200070647,240370102,500752.83,6419284.7,QP024001,1,1,X,X,X,Bonne,CSZ,75,A1,A122,00555,CSZ,CSZ
1480355,434,2021,24311,24,24311,A,200071819,243110000,517419.73,6494574.7,CSZ,X,X,X,X,X,Bonne,CSZ,75,A1,A122,24109,CSZ,CSZ
1480356,101,2021,24322,24,24322,A,200040392,243220102,522343.21,6456339.65,HZ,1,1,1,X,X,Bonne,HZ,75,A1,A122,24501,CSZ,CSZ
1480357,101,2021,24322,24,24322,A,200040392,243220106,520856.19,6456028.2,HZ,1,1,1,X,X,Bonne,HZ,75,A1,A122,24501,CSZ,CSZ
1480358,101,2021,24372,24,24372,A,200040095,243720101,505728.77,6453069.13,CSZ,1,X,X,X,X,Bonne,CSZ,75,A1,A122,24201,CSZ,CSZ
1480359,067,2021,49099,49,49099,A,200071678,490990702,406343.7,6668107.5,HZ,1,1,1,X,1,Bonne,HZ,52,A1,A122,49501,CSZ,HZ
1480360,133,2021,49328,49,49328,A,200071876,493280105,467330.91,6687194.47,QP049013,1,1,1,X,1,Bonne,HZ,52,A1,A122,49405,CSZ,5205010
1480361,258,2021,49331,49,49331,A,244900809,493310105,410012.56,6739654.3,CSZ,1,X,X,X,X,Bonne,CSZ,52,A1,A122,49306,CSZ,CSZ
1480362,244,2021,53062,53,53062,A,245300447,530620105,421609.75,6753069.72,CSZ,1,X,X,X,X,Bonne,CSZ,52,A1,A122,53302,CSZ,CSZ
1480363,075,2021,53130,53,53130,A,200083392,531300112,418202.34,6781965.58,HZ,1,1,1,X,1,Bonne,HZ,52,A1,A122,53501,CSZ,HZ
1480364,075,2021,53130,53,53130,A,200083392,531300119,421304.13,6779243.08,HZ,1,1,1,X,1,Bonne,HZ,52,A1,A122,53501,CSZ,5206110
1480365,219,2021,53147,53,53147,A,200055887,531470102,432463.27,6806104.91,CSZ,1,X,X,X,X,Bonne,CSZ,52,A1,A122,53301,CSZ,CSZ
1480366,381,2021,72071,72,72071,A,200070373,720710102,507013.96,6734674.03,CSZ,1,X,X,X,X,Bonne,CSZ,52,A1,A122,72205,CSZ,CSZ
1480367,233,2021,24520,24,24520,A,200027217,245200103,558335.4,6424971.96,CSZ,1,X,X,X,X,Bonne,CSZ,75,A1,A122,24203,CSZ,CSZ
1480368,087,2021,24547,24,24547,A,200041150,245470101,566221.81,6449877.33,CSZ,1,X,X,X,X,Bonne,CSZ,75,A1,A122,00261,CSZ,CSZ
1480369,006,2021,33005,33,33005,A,243301504,330050102,375524.04,6413455.09,CSZ,1,X,X,X,X,Bonne,CSZ,75,A1,A122,33305,CSZ,CSZ
1480370,006,2021,33063,33,33039,A,243300316,330390106,419333.43,6418928.99,QP033006,1,1,1,X,1,Bonne,HZ,75,A1,A122,33701,CSZ,7201090
1480371,391,2021,33058,33,33058,A,200023794,330580000,412835.64,6454211.51,CSZ,X,X,X,X,X,Bonne,CSZ,75,A1,A122,33302,CSZ,CSZ
1480372,006,2021,33063,33,33063,A,243300316,330630103,417708.51,6424980.16,HZ,1,1,1,1,1,Bonne,HZ,75,A1,A122,33701,HZ,HZ
1480373,006,2021,33063,33,33063,A,243300316,330631301,419163.54,6420539.52,HZ,1,1,1,1,1,Bonne,HZ,75,A1,A122,33701,HZ,7201090
1480374,006,2021,33063,33,33063,A,243300316,330630803,413950.0,6423250.0,HZ,3,3,3,3,3,Mauvaise,HZ,75,A1,A122,33701,HZ,HZ
1480375,006,2021,33063,33,33063,A,243300316,330631002,416524.66,6421904.51,HZ,1,1,1,1,1,Bonne,HZ,75,A1,A122,33701,HZ,HZ
1480376,006,2021,33063,33,33119,A,243300316,331190108,421145.01,6423747.31,HZ,1,1,X,1,1,Bonne,CSZ,75,A1,A122,33701,72011ZF,7201170
1480377,227,2021,72132,72,72132,A,247200686,721320103,525660.83,6789058.62,CSZ,1,X,X,X,X,Bonne,CSZ,52,A1,A122,72301,CSZ,CSZ
1480378,288,2021,72154,72,72154,A,247200348,721540107,467830.43,6738532.71,CSZ,1,X,X,X,X,Bonne,CSZ,52,A1,A122,72303,CSZ,CSZ
1480379,470,2021,72180,72,72180,A,200072676,721800102,505248.28,6808425.1,CSZ,1,X,X,X,X,Bonne,CSZ,52,A1,A122,72203,CSZ,CSZ
1480380,034,2021,72181,72,72181,A,247200132,721811601,487658.52,6772129.59,HZ,1,1,X,1,1,Bonne,CSZ,52,A1,A122,72701,HZ,HZ
1480381,034,2021,72181,72,72181,A,247200132,721811802,493694.56,6769826.43,QP072005,1,1,X,1,1,Bonne,CSZ,52,A1,A122,72701,52070ZF,5207080
1480382,034,2021,72181,72,72181,A,247200132,721811002,490224.66,6769713.31,HZ,1,1,X,1,1,Bonne,CSZ,52,A1,A122,72701,HZ,HZ
1480383,191,2021,72264,72,72264,A,247200090,722640107,452352.09,6753991.43,HZ,1,1,X,X,X,Bonne,CSZ,52,A1,A122,72302,CSZ,CSZ
1480384,180,2021,85047,85,85047,A,200071629,850470104,328045.11,6648766.89,CSZ,1,X,X,X,X,Bonne,CSZ,52,A1,A122,85402,CSZ,CSZ
1480385,204,2021,85092,85,85092,A,200071934,850920104,409073.62,6603071.09,HZ,1,1,X,X,X,Bonne,CSZ,52,A1,A122,85302,CSZ,CSZ
1480386,173,2021,85109,85,85109,A,248500621,851090104,394546.21,6650004.52,CSZ,1,X,X,X,X,Bonne,CSZ,52,A1,A122,85301,CSZ,CSZ
1480387,311,2021,85128,85,85128,A,200073260,851280101,378758.22,6603936.46,CSZ,1,X,X,X,X,Bonne,CSZ,52,A1,A122,85215,CSZ,CSZ
1480388,202,2021,85146,85,85146,A,200070233,851460202,370416.02,6662006.36,CSZ,1,X,X,X,X,Bonne,CSZ,52,A1,A122,85401,CSZ,CSZ
1480389,066,2021,85191,85,85191,A,248500589,851910305,361822.91,6630274.56,HZ,1,1,1,X,1,Bonne,HZ,52,A1,A122,85501,CSZ,HZ
1480390,066,2021,85191,85,85191,A,248500589,851910702,360549.35,6626725.04,HZ,1,1,1,X,1,Bonne,HZ,52,A1,A122,85501,CSZ,HZ
1480391,139,2021,85194,85,85194,A,200071165,851940201,335131.74,6612751.48,CSZ,1,X,X,X,X,Bonne,CSZ,52,A1,A122,85404,CSZ,CSZ
1480392,192,2021,85226,85,85222,A,200023778,852220103,324773.81,6633360.55,CSZ,1,X,X,X,X,Bonne,CSZ,52,A1,A122,85403,CSZ,CSZ
1480393,355,2021,33240,33,33240,A,200069995,332400000,391046.38,6475017.6,CSZ,X,X,X,X,X,Bonne,CSZ,75,A1,A122,33213,CSZ,CSZ
1480394,159,2021,33243,33,33243,A,200070092,332430108,445759.1,6429507.0,CSZ,1,X,X,X,X,Bonne,CSZ,75,A1,A122,33401,CSZ,CSZ
1480395,006,2021,33063,33,33249,A,243300316,332490102,421818.87,6426469.24,HZ,1,1,1,1,1,Bonne,HZ,75,A1,A122,33701,72011ZF,7201170
1480396,006,2021,33063,33,33281,A,243300316,332810402,409697.19,6421758.59,HZ,1,1,1,X,1,Bonne,HZ,75,A1,A122,33701,CSZ,HZ
1480397,006,2021,33063,33,33318,A,243300316,333180120,410972.1,6415885.29,HZ,1,1,1,X,1,Bonne,HZ,75,A1,A122,33701,CSZ,HZ
1480398,CSZ,2021,33108,33,33437,A,243301454,334370000,457974.2,6421587.95,CSZ,X,X,X,X,X,Bonne,CSZ,75,A1,A122,00259,CSZ,CSZ
1480399,006,2021,33063,33,33449,A,243300316,334490106,406776.45,6428414.69,CSZ,1,X,X,X,X,Bonne,CSZ,75,A1,A122,33701,CSZ,CSZ
1480400,211,2021,33529,33,33529,A,243300563,335290105,371776.27,6399513.03,CSZ,1,X,X,X,X,Bonne,CSZ,75,A1,A122,33501,CSZ,CSZ
1480401,006,2021,33063,33,33550,A,243300316,335500101,417625.51,6417135.56,CSZ,1,X,1,X,1,Bonne,HZ,75,A1,A122,33701,CSZ,HZ
1480402,111,2021,40088,40,40088,A,244000675,400880101,373228.87,6299418.37,HZ,1,1,X,X,X,Bonne,CSZ,75,A1,A122,40501,CSZ,CSZ
1480403,106,2021,40192,40,40192,A,244000808,401920106,419360.5,6317206.29,HZ,1,1,1,X,1,Bonne,HZ,75,A1,A122,40401,CSZ,HZ
1480404,266,2021,40217,40,40217,A,244000873,402170000,375584.06,6369685.27,CSZ,X,X,X,X,X,Bonne,CSZ,75,A1,A122,40205,CSZ,CSZ
1480405,111,2021,40088,40,40279,A,244000675,402790103,371532.0,6300632.4,CSZ,1,X,X,X,X,Bonne,CSZ,75,A1,A122,40501,CSZ,CSZ
1480406,187,2021,22050,22,22050,A,200068989,220500104,326285.2,6829256.98,HZ,1,1,X,X,X,Bonne,CSZ,53,A1,A122,22402,CSZ,CSZ
1480407,257,2021,22070,22,22070,A,200067981,220700102,245631.06,6846584.42,CSZ,1,X,1,X,X,Bonne,HZ,53,A1,A122,22401,CSZ,CSZ
1480408,056,2021,22093,22,22093,A,200069391,220930104,293297.96,6832477.2,CSZ,1,X,X,X,X,Bonne,CSZ,53,A1,A122,22302,CSZ,CSZ
1480409,113,2021,22113,22,22113,A,200065928,221130107,224745.34,6868886.59,QP022002,1,1,X,X,X,Bonne,CSZ,53,A1,A122,22403,CSZ,CSZ
1480410,229,2021,22136,22,22136,A,200067460,221360104,272750.0,6802350.0,CSZ,1,X,X,X,X,Acceptable,CSZ,53,A1,A122,22206,CSZ,CSZ
1480411,056,2021,22278,22,22278,A,200069409,222780101,272125.91,6839961.51,HZ,1,1,X,X,1,Bonne,CSZ,53,A1,A122,22501,CSZ,HZ
1480412,056,2021,22278,22,22278,A,200069409,222780116,275750.0,6837450.0,QP022004,1,1,X,X,1,Bonne,CSZ,53,A1,A122,22501,CSZ,5301140
1480413,032,2021,29019,29,29019,A,242900314,290190113,143732.01,6836465.52,HZ,1,1,1,X,1,Bonne,HZ,53,A1,A122,29701,CSZ,HZ
1480414,032,2021,29019,29,29019,A,242900314,290190155,148016.4,6838341.58,HZ,1,1,1,X,1,Bonne,HZ,53,A1,A122,29701,CSZ,5302050
1480415,032,2021,29019,29,29019,A,242900314,290190121,147170.01,6835645.38,HZ,1,1,1,X,1,Bonne,HZ,53,A1,A122,29701,CSZ,HZ
1480416,305,2021,29024,29,29024,A,242900744,290240102,213705.38,6817652.38,CSZ,1,X,X,X,X,Bonne,CSZ,53,A1,A122,00267,CSZ,CSZ
1480417,052,2021,29039,29,29039,A,242900769,290390107,184656.55,6778326.94,HZ,1,1,X,X,X,Bonne,CSZ,53,A1,A122,29404,CSZ,CSZ
1480418,353,2021,29042,29,29042,A,200066868,290420101,144559.96,6820249.21,CSZ,1,X,X,X,X,Bonne,CSZ,53,A1,A122,29209,CSZ,CSZ
1480419,052,2021,29046,29,29046,A,242900645,290460106,153933.55,6801610.35,CSZ,1,X,X,X,X,Bonne,CSZ,53,A1,A122,29306,CSZ,CSZ
1480420,032,2021,29103,29,29103,A,242900801,291030106,164090.0,6841373.5,CSZ,1,X,X,X,X,Bonne,CSZ,53,A1,A122,29309,CSZ,CSZ
1480421,149,2021,29151,29,29151,A,242900835,291510107,198456.84,6853795.69,CSZ,1,X,1,X,X,Bonne,HZ,53,A1,A122,29403,CSZ,CSZ
1480422,536,2021,40284,40,40284,A,244000865,402840101,352992.24,6293799.38,CSZ,1,X,X,X,X,Bonne,CSZ,75,A1,A122,40303,CSZ,CSZ
1480423,093,2021,47001,47,47001,A,200035459,470010107,509375.29,6346670.32,HZ,1,1,X,X,1,Bonne,CSZ,75,A1,A122,47501,CSZ,HZ
1480424,175,2021,47157,47,47157,A,200030674,471570106,473809.88,6382764.65,HZ,1,1,X,X,X,Bonne,CSZ,75,A1,A122,00458,CSZ,CSZ
1480425,154,2021,47323,47,47323,A,200023307,473230301,517022.83,6369617.65,HZ,1,1,X,X,X,Bonne,CSZ,75,A1,A122,47401,CSZ,CSZ
1480426,047,2021,64102,64,64102,A,200067106,641020702,337350.0,6276650.0,HZ,1,1,2,X,1,Mauvaise,HZ,75,A1,A122,00751,CSZ,HZ
1480427,044,2021,64445,64,64348,A,200067254,643480101,423287.22,6250692.98,CSZ,1,X,1,X,X,Bonne,HZ,75,A1,A122,64701,CSZ,CSZ
1480428,253,2021,64422,64,64422,A,200067262,644220105,406527.39,6239567.72,CSZ,1,X,X,X,X,Bonne,CSZ,75,A1,A122,64303,CSZ,CSZ
1480429,052,2021,29220,29,29220,A,242900702,292200102,160618.12,6776017.3,CSZ,1,X,X,X,X,Bonne,CSZ,53,A1,A122,29308,CSZ,CSZ
1480430,052,2021,29232,29,29232,A,200068120,292320117,171225.56,6787917.21,HZ,1,1,X,X,1,Bonne,CSZ,53,A1,A122,29501,CSZ,HZ
1480431,052,2021,29232,29,29232,A,200068120,292320106,171715.6,6792129.3,HZ,1,1,X,X,1,Bonne,CSZ,53,A1,A122,29501,CSZ,HZ
1480432,214,2021,29233,29,29233,A,242900694,292330102,208561.08,6772308.51,CSZ,1,X,X,X,X,Bonne,CSZ,53,A1,A122,29307,CSZ,CSZ
1480433,013,2021,35085,35,35085,A,243500733,350850000,348493.93,6823776.24,CSZ,X,X,X,X,X,Bonne,CSZ,53,A1,A122,35208,CSZ,CSZ
1480434,172,2021,35115,35,35115,A,200072452,351150102,389644.44,6813610.62,CSZ,1,X,1,X,1,Bonne,HZ,53,A1,A122,35401,CSZ,HZ
1480435,188,2021,35236,35,35236,A,243500741,352360102,317893.35,6740376.27,HZ,1,1,X,X,X,Bonne,CSZ,53,A1,A122,00456,CSZ,CSZ
1480436,013,2021,35238,35,35238,A,243500139,352381106,353126.73,6786707.79,QP035005,1,1,X,X,1,Bonne,CSZ,53,A1,A122,35701,CSZ,5304032
1480437,013,2021,35238,35,35238,A,243500139,352380901,351184.57,6788748.35,HZ,1,1,X,X,1,Bonne,CSZ,53,A1,A122,35701,CSZ,HZ
1480438,013,2021,35238,35,35238,A,243500139,352380704,355572.5,6787473.36,HZ,1,1,X,X,1,Bonne,CSZ,53,A1,A122,35701,CSZ,HZ
1480439,013,2021,35238,35,35238,A,243500139,352380505,352229.89,6791363.03,HZ,1,1,X,X,1,Bonne,CSZ,53,A1,A122,35701,CSZ,HZ
1480440,088,2021,35288,35,35288,A,243500782,352880105,332684.78,6850473.22,HZ,1,1,X,X,1,Bonne,CSZ,53,A1,A122,35402,CSZ,HZ
1480441,169,2021,35360,35,35360,A,200039022,353600106,387136.48,6788313.01,CSZ,1,X,1,X,X,Bonne,HZ,53,A1,A122,35303,CSZ,CSZ
1480442,394,2021,56007,56,56007,A,200043123,560070102,250633.28,6747109.43,HZ,1,1,X,X,X,Bonne,CSZ,53,A1,A122,56402,CSZ,CSZ
1480443,053,2021,56121,56,56098,A,200042174,560980104,224865.63,6759350.67,HZ,1,1,X,X,1,Bonne,CSZ,53,A1,A122,56601,CSZ,HZ
1480444,044,2021,64445,64,64445,A,200067254,644450307,430040.62,6252435.27,HZ,1,1,1,X,1,Bonne,HZ,75,A1,A122,64701,CSZ,HZ
1480445,044,2021,64445,64,64445,A,200067254,644450106,427362.93,6251494.08,HZ,1,1,1,X,1,Bonne,HZ,75,A1,A122,64701,CSZ,HZ
1480446,487,2021,79174,79,79174,A,200069755,791740000,458615.63,6574279.03,CSZ,X,X,X,X,X,Bonne,CSZ,75,A1,A122,79206,CSZ,CSZ
1480447,063,2021,79191,79,79081,A,200041317,790810102,440498.9,6588469.53,CSZ,2,X,X,X,X,Bonne,CSZ,75,A1,A122,79501,CSZ,CSZ
1480448,063,2021,79191,79,79191,A,200041317,791910504,432375.4,6584201.46,HZ,1,1,X,X,1,Bonne,CSZ,75,A1,A122,79501,CSZ,HZ
1480449,241,2021,79202,79,79202,A,200041333,792020105,452331.25,6621537.05,CSZ,1,X,X,X,X,Bonne,CSZ,75,A1,A122,79303,CSZ,CSZ
1480450,217,2021,79329,79,79329,A,247900798,793290101,456070.88,6658273.57,HZ,1,1,X,X,X,Bonne,CSZ,75,A1,A122,79302,CSZ,CSZ
1480451,046,2021,86194,86,86062,A,200069854,860620102,498182.63,6622030.17,CSZ,1,X,X,X,X,Bonne,CSZ,75,A1,A122,86601,CSZ,CSZ
1480452,117,2021,86066,86,86066,A,248600413,860660303,511945.41,6640600.53,HZ,1,1,X,X,1,Bonne,CSZ,75,A1,A122,86401,CSZ,HZ
1480453,CSZ,2021,86078,86,86078,A,200070035,860780000,490663.55,6564556.14,CSZ,X,X,X,X,X,Bonne,CSZ,75,A1,A122,86114,CSZ,CSZ
1480454,347,2021,86137,86,86137,A,248600447,861370104,478450.0,6661950.0,CSZ,1,X,X,X,X,Mauvaise,CSZ,75,A1,A122,86204,CSZ,CSZ
1480455,9A1,2021,97101,971,97101,A,200018653,971010101,658978.06,1800128.9,HZ,1,1,X,1,1,Bonne,CSZ,1,A1,A122,9A701,HZ,HZ
1480456,9A1,2021,97101,971,97103,A,200018653,971030105,650961.04,1797463.54,CSZ,1,X,X,X,X,Bonne,CSZ,1,A1,A122,9A701,CSZ,CSZ
1480457,9A2,2021,97105,971,97105,A,249710070,971050104,636350.0,1769450.0,HZ,3,3,3,3,3,Mauvaise,HZ,1,A1,A122,9A501,HZ,HZ
1480458,9A1,2021,97107,971,97107,A,249710070,971070107,653750.0,1775350.0,QP971009,1,2,X,X,X,Acceptable,CSZ,1,A1,A122,9A401,CSZ,CSZ
1480459,CSZ,2021,97112,971,97112,A,249710047,971120101,680650.0,1756750.0,CSZ,1,X,X,X,X,Mauvaise,CSZ,1,A1,A122,9A201,CSZ,CSZ
1480460,9A1,2021,97101,971,97116,A,200044691,971160107,664850.0,1807050.0,CSZ,2,X,X,X,X,Mauvaise,CSZ,1,A1,A122,9A701,CSZ,CSZ
1480461,9A1,2021,97101,971,97120,A,200018653,971200102,655850.0,1796850.0,QP971003,1,1,X,1,1,Acceptable,CSZ,1,A1,A122,9A701,HZ,HZ
1480462,9A1,2021,97101,971,97122,A,200044691,971220102,657050.0,1815450.0,CSZ,3,X,X,X,X,Mauvaise,CSZ,1,A1,A122,9A202,CSZ,CSZ
1480463,9A1,2021,97101,971,97125,A,200041507,971250102,684747.97,1798187.02,CSZ,1,X,X,X,X,Bonne,CSZ,1,A1,A122,9A701,CSZ,CSZ
1480464,9A1,2021,97129,971,97129,A,249710062,971290103,642049.57,1802218.61,HZ,1,1,X,X,X,Bonne,CSZ,1,A1,A122,9A301,CSZ,CSZ
1480465,9B1,2021,97209,972,97209,A,249720061,972090108,709998.04,1616222.67,HZ,1,1,1,1,1,Bonne,HZ,2,A1,A122,9B601,HZ,HZ
1480466,9B1,2021,97222,972,97210,A,249720053,972100107,725471.46,1616578.07,CSZ,1,X,X,X,X,Bonne,CSZ,2,A1,A122,9B602,CSZ,CSZ
1480467,9B1,2021,97213,972,97213,A,249720061,972131306,713250.0,1618950.0,HZ,2,2,2,X,2,Mauvaise,HZ,2,A1,A122,9B402,CSZ,HZ
1480470,9B1,2021,97222,972,97217,A,249720053,972171703,729250.0,1601150.0,CSZ,2,X,X,X,X,Mauvaise,CSZ,2,A1,A122,9B602,CSZ,CSZ
1480471,9B1,2021,97222,972,97221,A,249720053,972210104,719577.44,1606688.11,CSZ,1,X,X,X,X,Bonne,CSZ,2,A1,A122,9B602,CSZ,CSZ
1480472,9B1,2021,97209,972,97225,A,200041788,972250000,696459.57,1630537.13,CSZ,X,X,X,X,X,Bonne,CSZ,2,A1,A122,9B103,CSZ,CSZ
1480473,9B1,2021,97228,972,97228,A,200041788,972282801,716649.17,1634348.45,HZ,1,1,X,X,X,Bonne,CSZ,2,A1,A122,9B401,CSZ,CSZ
1480474,9B1,2021,97209,972,97229,A,249720061,972290103,704821.67,1616568.24,CSZ,1,X,X,X,X,Bonne,CSZ,2,A1,A122,9B601,CSZ,CSZ
1480475,9B1,2021,97228,972,97230,A,200041788,972300104,721232.72,1630750.86,CSZ,1,X,X,X,X,Bonne,CSZ,2,A1,A122,9B401,CSZ,CSZ
1480476,001,2021,75056,95,95127,A,249500109,951270109,632518.42,6882665.93,HZ,1,1,1,X,1,Bonne,HZ,11,A1,A122,00851,CSZ,HZ
1480477,001,2021,75056,95,95199,A,200056380,951990101,651971.34,6881249.98,CSZ,1,X,X,X,X,Bonne,CSZ,11,A1,A122,00851,CSZ,CSZ
1480478,001,2021,75056,95,95219,A,200058485,952190301,646190.48,6876039.48,HZ,1,1,X,X,X,Bonne,CSZ,11,A1,A122,00851,CSZ,CSZ
1480479,001,2021,75056,95,95268,A,200055655,952680115,657227.27,6875046.32,QP095032,1,1,X,1,1,Bonne,CSZ,11,A1,A122,00851,11570ZF,1157010
1480480,001,2021,75056,95,95277,A,200055655,952770501,660170.12,6875961.8,HZ,1,1,1,X,1,Bonne,HZ,11,A1,A122,00851,CSZ,HZ
1480481,001,2021,75056,95,95306,A,200058485,953060104,640078.9,6878111.32,HZ,1,1,X,X,X,Bonne,CSZ,11,A1,A122,00851,CSZ,CSZ
1480482,001,2021,75056,95,95428,A,200056380,954280101,649768.91,6875147.41,CSZ,1,X,X,X,X,Bonne,CSZ,11,A1,A122,00851,CSZ,CSZ
1480483,001,2021,95487,95,95487,A,249500489,954870104,647434.93,6894702.35,HZ,1,1,1,X,1,Bonne,HZ,11,A1,A122,00463,CSZ,HZ
1480484,001,2021,75056,95,95555,A,200056380,955550105,647830.83,6873954.21,HZ,1,1,X,1,1,Bonne,CSZ,11,A1,A122,00851,HZ,HZ
1480485,001,2021,75056,95,95572,A,249500109,955720103,635399.95,6882469.04,HZ,1,1,X,X,1,Bonne,CSZ,11,A1,A122,00851,CSZ,HZ
1480486,001,2021,75056,95,95585,A,200055655,955850108,654533.82,6875664.23,QP095033,1,1,1,1,1,Bonne,HZ,11,A1,A122,00851,11570ZF,1157100
1480487,001,2021,75056,95,95607,A,200058485,956070112,643288.57,6880169.28,HZ,1,1,1,X,X,Bonne,HZ,11,A1,A122,00851,CSZ,CSZ
1480488,403,2021,18015,18,18015,A,200000933,180150000,657331.74,6709728.5,CSZ,X,X,X,X,X,Bonne,CSZ,24,A1,A122,18201,CSZ,CSZ
1480489,064,2021,18033,18,18033,A,241800507,180331501,654097.79,6667510.45,HZ,1,1,1,1,1,Bonne,HZ,24,A1,A122,18501,HZ,HZ
1480490,064,2021,18033,18,18033,A,241800507,180330701,654665.04,6663878.5,HZ,1,1,1,1,1,Bonne,HZ,24,A1,A122,18501,HZ,HZ
1480491,291,2021,70310,70,70310,A,247000664,703100102,962622.95,6738225.41,HZ,1,1,X,X,1,Bonne,CSZ,27,A1,A122,70302,CSZ,HZ
1480492,259,2021,70311,70,70311,A,247000755,703110104,951283.49,6750830.46,HZ,1,1,X,X,X,Bonne,CSZ,27,A1,A122,70303,CSZ,CSZ
1480493,138,2021,70550,70,70550,A,247000011,705500103,935876.38,6730243.68,HZ,1,1,1,X,1,Bonne,HZ,27,A1,A122,70401,CSZ,HZ
1480494,070,2021,71076,71,71076,A,247100589,710760119,840735.01,6632758.95,HZ,1,1,X,X,1,Bonne,CSZ,27,A1,A122,71501,CSZ,HZ
1480495,070,2021,71076,71,71076,A,247100589,710760109,842000.56,6635014.37,QP071003,1,1,X,X,1,Bonne,CSZ,27,A1,A122,71501,CSZ,2603030
1480496,183,2021,71153,71,71153,A,247100290,711530108,810185.26,6633617.05,QP071010,1,1,X,X,1,Bonne,CSZ,27,A1,A122,71401,CSZ,HZ
1480497,416,2021,71176,71,71176,A,200071884,711760104,776930.55,6598067.75,CSZ,1,X,X,X,X,Bonne,CSZ,27,A1,A122,00270,CSZ,CSZ
1480498,333,2021,71263,71,71263,A,200071579,712630101,870268.74,6616491.76,CSZ,1,X,X,X,X,Bonne,CSZ,27,A1,A122,71301,CSZ,CSZ
1480499,084,2021,71270,71,71270,A,200070308,712709803,841407.39,6580620.72,HZ,1,1,1,X,1,Bonne,HZ,27,A1,A122,00554,CSZ,HZ
1480500,176,2021,71306,71,71306,A,247100290,713060110,803895.41,6620258.7,HZ,1,1,1,X,X,Bonne,HZ,27,A1,A122,71402,CSZ,CSZ
1480501,446,2021,71543,71,71543,A,200069698,715430102,846561.96,6608083.79,CSZ,1,X,X,X,X,Bonne,CSZ,27,A1,A122,71204,CSZ,CSZ
1480502,9C3,2021,97304,973,97304,A,200027548,973040102,317987.68,570309.12,QP973016,1,1,X,X,1,Bonne,CSZ,3,A1,A122,9C401,CSZ,0330410
1480503,CSZ,2021,97302,973,97308,A,249730052,973080000,410868.53,430158.02,CSZ,X,X,X,X,X,Bonne,CSZ,3,A1,A122,9C102,CSZ,CSZ
1480504,9C2,2021,97311,973,97311,A,249730037,973110104,163691.9,606001.33,HZ,1,1,X,1,1,Bonne,CSZ,3,A1,A122,9C402,HZ,HZ
1480505,CSZ,2021,97302,973,97353,A,249730037,973530101,163438.62,402765.67,CSZ,1,X,X,X,X,Bonne,CSZ,3,A1,A122,9C302,CSZ,CSZ
1480506,9D1,2021,97415,974,97408,A,249740101,974080301,325997.77,7681850.35,HZ,1,1,1,X,1,Bonne,HZ,4,A1,A122,9D602,CSZ,HZ
1480507,9D1,2021,97409,974,97409,A,249740093,974090501,360902.27,7681231.17,HZ,1,1,1,1,1,Bonne,HZ,4,A1,A122,9D502,0440ZZF,0440910
1480508,9D6,2021,97410,974,97410,A,249740093,974100105,366651.19,7671965.28,HZ,1,1,X,1,1,Bonne,CSZ,4,A1,A122,9D404,0440ZZF,0441010
1480509,9D1,2021,97411,974,97411,A,249740119,974110709,343121.63,7689185.01,HZ,1,1,1,1,1,Bonne,HZ,4,A1,A122,9D603,HZ,HZ
1480510,9D1,2021,97411,974,97411,A,249740119,974110602,341987.0,7689510.0,QP974032,1,1,1,1,1,Bonne,HZ,4,A1,A122,9D603,HZ,0441130
1480511,9D1,2021,97411,974,97411,A,249740119,974110106,340134.55,7690087.13,QP974027,1,1,1,1,1,Bonne,HZ,4,A1,A122,9D603,HZ,HZ
1480512,9D2,2021,97412,974,97412,A,249740085,974120101,357048.0,7635548.0,QP974007,1,1,1,X,X,Bonne,HZ,4,A1,A122,9D405,CSZ,CSZ
1480513,9D4,2021,97413,974,97413,A,249740101,974130302,323279.77,7653036.91,HZ,1,1,1,X,1,Bonne,HZ,4,A1,A122,9D403,CSZ,HZ
1480514,9D5,2021,97414,974,97414,A,249740077,974140107,337623.96,7646077.89,HZ,1,1,X,X,X,Bonne,CSZ,4,A1,A122,9D501,CSZ,CSZ
1480515,9D5,2021,97414,974,97414,A,249740077,974140108,334035.65,7645083.45,HZ,1,1,X,X,X,Bonne,CSZ,4,A1,A122,9D501,CSZ,CSZ
1480516,9D4,2021,97415,974,97415,A,249740101,974151101,319010.2,7671739.64,HZ,1,1,1,X,1,Bonne,HZ,4,A1,A122,9D602,CSZ,HZ
1480517,9D4,2021,97415,974,97415,A,249740101,974150301,322764.09,7678308.68,HZ,1,1,1,X,1,Bonne,HZ,4,A1,A122,9D602,CSZ,HZ
1480518,9D2,2021,97416,974,97416,A,249740077,974160501,340254.14,7644415.0,HZ,1,1,1,X,1,Bonne,HZ,4,A1,A122,9D601,CSZ,0441620
1480519,9D2,2021,97416,974,97416,A,249740077,974160101,341956.18,7639528.3,HZ,1,1,1,X,1,Bonne,HZ,4,A1,A122,9D601,CSZ,HZ
1480520,9D1,2021,97411,974,97418,A,249740119,974180601,347398.31,7688755.58,HZ,1,1,X,X,1,Bonne,CSZ,4,A1,A122,9D603,CSZ,HZ
1480521,9D2,2021,97416,974,97422,A,249740085,974220102,345969.71,7646060.28,HZ,1,1,X,X,X,Bonne,CSZ,4,A1,A122,9D601,CSZ,CSZ
1480522,9F1,2021,CSZ,976,97602,A,200060465,97602_IND,,,IND,3,3,3,3,3,Non géolocalisé,IND,6,A1,A122,9F305,IND,IND
1480523,9F1,2021,CSZ,976,97606,A,200060473,97606_IND,,,IND,3,3,3,3,3,Non géolocalisé,IND,6,A1,A122,9F207,IND,IND
1480524,9F1,2021,CSZ,976,97611,A,200060457,97611_IND,,,IND,3,3,3,3,3,Non géolocalisé,IND,6,A1,A122,9F601,IND,IND
1480525,300,2021,18197,18,18197,A,200036135,181970104,664190.37,6624853.46,HZ,1,1,X,X,X,Bonne,CSZ,24,A1,A122,18301,CSZ,CSZ
1480526,208,2021,18279,18,18279,A,200090561,182790101,628853.2,6680966.9,QP018004,1,1,1,X,1,Bonne,HZ,24,A1,A122,18401,CSZ,HZ
1480527,065,2021,28085,28,28085,A,200033181,280850601,587587.8,6817313.59,HZ,2,2,2,X,2,Mauvaise,HZ,24,A1,A122,28501,CSZ,HZ
1480528,223,2021,28088,28,28088,A,200069961,280880201,576970.2,6776592.75,QP028009,1,1,X,X,1,Bonne,CSZ,24,A1,A122,28301,CSZ,2400010
1480529,001,2021,28134,28,28134,A,200040277,281340303,580150.0,6849150.0,HZ,1,1,2,1,1,Bonne,HZ,24,A1,A122,28401,HZ,HZ
1480530,252,2021,28280,28,28280,A,200006971,282800105,537271.75,6804834.45,HZ,1,1,X,X,X,Bonne,CSZ,24,A1,A122,28208,CSZ,CSZ
1480531,001,2021,28134,28,28404,A,200040277,284040103,578019.69,6849024.39,HZ,1,1,1,1,1,Bonne,HZ,24,A1,A122,28401,HZ,HZ
1480532,100,2021,36044,36,36044,A,243600327,360440103,599687.1,6635387.0,HZ,1,1,1,X,1,Bonne,HZ,24,A1,A122,36501,CSZ,HZ
1480533,102,2021,89024,89,89024,A,200067114,890240118,743088.12,6746076.07,HZ,1,1,X,X,1,Bonne,CSZ,27,A1,A122,89402,CSZ,HZ
1480534,279,2021,89025,89,89025,A,200039758,890250102,769008.18,6710514.34,CSZ,1,X,1,X,1,Bonne,HZ,27,A1,A122,89203,CSZ,HZ
1480535,326,2021,89206,89,89206,A,248900938,892060102,728794.32,6763865.19,HZ,1,1,X,X,X,Bonne,CSZ,27,A1,A122,89204,CSZ,CSZ
1480536,118,2021,89387,89,89387,A,248900334,893870107,722897.73,6789316.23,HZ,1,1,X,1,1,Bonne,CSZ,27,A1,A122,89401,2606ZZF,HZ
1480537,415,2021,89418,89,89418,A,200039642,894180101,772921.85,6751337.59,CSZ,1,X,X,X,X,Bonne,CSZ,27,A1,A122,89201,CSZ,CSZ
1480538,086,2021,90010,90,90010,A,200069052,900100501,989420.1,6733054.2,HZ,1,1,X,1,1,Bonne,CSZ,27,A1,A122,00558,HZ,HZ
1480539,426,2021,90033,90,90033,A,249000241,900330103,1001019.28,6720108.48,CSZ,1,X,X,X,X,Bonne,CSZ,27,A1,A122,90301,CSZ,CSZ
1480540,265,2021,14047,14,14047,A,241400555,140470103,431138.07,6914129.44,CSZ,2,X,2,X,X,Mauvaise,HZ,28,A1,A122,14302,CSZ,CSZ
1480541,024,2021,14118,14,14118,A,200065597,141180803,452247.84,6903764.34,HZ,1,1,1,1,1,Bonne,HZ,28,A1,A122,14701,HZ,HZ
1480542,024,2021,14118,14,14118,A,200065597,141181902,455304.0,6901045.53,HZ,1,1,1,1,1,Bonne,HZ,28,A1,A122,14701,2510NZF,2501040
1480543,024,2021,14258,14,14258,A,241400514,142580101,466330.12,6870961.02,CSZ,1,X,X,X,X,Bonne,CSZ,28,A1,A122,14209,CSZ,CSZ
1480544,024,2021,14118,14,14327,A,200065597,143270401,456904.42,6905508.57,HZ,1,1,X,1,1,Bonne,CSZ,28,A1,A122,14701,2510ZZF,HZ
1480545,001,2021,75056,75,75102,A,200054781,751020702,651783.75,6863303.49,CSZ,1,X,X,X,X,Bonne,CSZ,11,A1,A122,00851,CSZ,CSZ
1480546,001,2021,75056,75,75108,A,200054781,751083207,650619.89,6864922.92,CSZ,1,X,X,X,X,Bonne,CSZ,11,A1,A122,00851,CSZ,CSZ
1480547,001,2021,75056,75,75110,A,200054781,751104006,653903.83,6864189.23,HZ,1,1,1,X,1,Bonne,HZ,11,A1,A122,00851,CSZ,HZ
1480548,001,2021,75056,75,75111,A,200054781,751114208,653737.69,6862413.92,HZ,1,1,X,X,1,Bonne,CSZ,11,A1,A122,00851,CSZ,HZ
1480549,001,2021,75056,75,75112,A,200054781,751124803,653700.93,6860812.0,CSZ,1,X,X,X,X,Bonne,CSZ,11,A1,A122,00851,CSZ,CSZ
1480550,001,2021,75056,75,75113,A,200054781,751135117,651872.88,6858861.47,HZ,1,1,X,X,X,Bonne,CSZ,11,A1,A122,00851,CSZ,CSZ
1480551,001,2021,75056,75,75114,A,200054781,751145506,650422.5,6858671.7,HZ,1,1,X,X,X,Bonne,CSZ,11,A1,A122,00851,CSZ,CSZ
1480552,001,2021,75056,75,75115,A,200054781,751155722,649035.95,6859724.07,CSZ,1,X,X,X,X,Bonne,CSZ,11,A1,A122,00851,CSZ,CSZ
1480553,001,2021,75056,75,75117,A,200054781,751176806,649896.3,6865999.0,HZ,1,1,X,X,1,Bonne,CSZ,11,A1,A122,00851,CSZ,HZ
1480554,001,2021,75056,75,75118,A,200054781,751187110,652532.53,6866915.58,QP075010,1,1,X,X,1,Bonne,CSZ,11,A1,A122,00851,CSZ,HZ
1480555,001,2021,75056,75,75118,A,200054781,751187205,653047.6,6866211.6,HZ,1,1,X,X,1,Bonne,CSZ,11,A1,A122,00851,CSZ,HZ
1480556,001,2021,75056,75,75119,A,200054781,751197303,654393.4,6865178.7,HZ,1,1,X,X,1,Bonne,CSZ,11,A1,A122,00851,CSZ,HZ
1480557,001,2021,75056,75,75119,A,200054781,751197614,654342.68,6864981.1,HZ,1,1,X,X,1,Bonne,CSZ,11,A1,A122,00851,CSZ,HZ
1480558,001,2021,75056,75,75120,A,200054781,751207710,654795.11,6863830.11,QP075020,1,1,1,X,1,Bonne,HZ,11,A1,A122,00851,CSZ,HZ
1480559,001,2021,75056,75,75120,A,200054781,751208019,656448.64,6862264.77,HZ,1,1,1,X,1,Bonne,HZ,11,A1,A122,00851,CSZ,HZ
1480560,001,2021,77186,77,77014,A,200072346,770140101,679986.73,6813177.0,HZ,1,1,X,X,X,Bonne,CSZ,11,A1,A122,77405,CSZ,CSZ
1480561,001,2021,77053,77,77053,A,247700644,770530102,671343.75,6842891.82,CSZ,1,X,X,X,X,Bonne,CSZ,11,A1,A122,77306,CSZ,CSZ
1480562,001,2021,75056,77,77108,A,200057958,771080502,669888.13,6863761.51,HZ,1,1,X,1,1,Bonne,CSZ,11,A1,A122,00851,HZ,HZ
1480563,001,2021,75056,77,77111,A,247700339,771110000,683415.18,6861872.01,CSZ,X,X,X,X,X,Bonne,CSZ,11,A1,A122,00851,CSZ,CSZ
1480564,001,2021,77131,77,77131,A,200090504,771310301,707369.9,6856179.86,HZ,1,1,X,X,X,Bonne,CSZ,11,A1,A122,77402,CSZ,CSZ
1480565,318,2021,36088,36,36088,A,243600236,360880103,624337.46,6650315.6,HZ,1,1,X,X,X,Bonne,CSZ,24,A1,A122,36301,CSZ,CSZ
1480566,328,2021,37132,37,37020,A,200071587,370200000,549247.22,6671662.97,CSZ,X,X,X,X,X,Bonne,CSZ,24,A1,A122,37302,CSZ,CSZ
1480567,294,2021,37072,37,37072,A,200043081,370720000,491931.23,6677387.54,CSZ,X,X,X,X,X,Bonne,CSZ,24,A1,A122,37301,CSZ,CSZ
1480568,019,2021,37261,37,37122,A,243700754,371220802,523485.2,6696850.5,HZ,1,1,1,X,1,Bonne,HZ,24,A1,A122,37701,CSZ,2406010
1480569,019,2021,37261,37,37163,A,200043065,371630000,547450.76,6703949.02,CSZ,X,X,X,X,X,Bonne,CSZ,24,A1,A122,37701,CSZ,CSZ
1480570,019,2021,37261,37,37214,A,243700754,372140106,523696.09,6705192.83,CSZ,1,X,X,X,X,Bonne,CSZ,24,A1,A122,37701,CSZ,CSZ
1480571,019,2021,37261,37,37233,A,243700754,372330101,527252.66,6700920.54,HZ,1,1,1,X,1,Bonne,HZ,24,A1,A122,37701,CSZ,HZ
1480572,019,2021,37261,37,37261,A,243700754,372612201,524996.15,6698579.59,HZ,1,1,1,X,1,Bonne,HZ,24,A1,A122,37701,CSZ,HZ
1480573,019,2021,37261,37,37261,A,243700754,372611402,527063.03,6704761.83,HZ,1,1,1,X,1,Bonne,HZ,24,A1,A122,37701,CSZ,HZ
1480574,074,2021,41018,41,41018,A,200030385,410180801,574464.42,6723728.06,HZ,1,1,1,1,1,Bonne,HZ,24,A1,A122,41501,HZ,HZ
1480575,074,2021,41018,41,41018,A,200030385,410180503,574032.2,6721751.98,HZ,1,1,1,1,1,Bonne,HZ,24,A1,A122,41501,HZ,HZ
1480576,352,2021,14333,14,14333,A,200066827,143330106,499796.97,6927761.82,HZ,1,1,X,X,X,Bonne,CSZ,28,A1,A122,00454,CSZ,CSZ
1480577,162,2021,14366,14,14366,A,200069532,143660304,500105.71,6897164.34,HZ,1,1,1,X,X,Bonne,HZ,28,A1,A122,14401,CSZ,CSZ
1480578,024,2021,14118,14,14437,A,200065597,144370103,457358.34,6902076.14,CSZ,1,X,X,X,X,Bonne,CSZ,28,A1,A122,14701,CSZ,CSZ
1480579,198,2021,14762,14,14762,A,200068799,147620103,415539.28,6867677.65,CSZ,1,X,1,X,X,Bonne,HZ,28,A1,A122,14301,CSZ,CSZ
1480580,230,2021,27056,27,27056,A,200066413,270560101,523821.86,6890342.01,HZ,1,1,1,X,X,Bonne,HZ,28,A1,A122,27301,CSZ,CSZ
1480581,083,2021,27229,27,27229,A,200071454,272290601,565313.25,6879983.64,QP027003,1,1,1,1,1,Bonne,HZ,28,A1,A122,27501,2315NZF,2301030
1480582,083,2021,27229,27,27229,A,200071454,272290303,565848.27,6882045.99,HZ,1,1,1,1,1,Bonne,HZ,28,A1,A122,27501,HZ,HZ
1480583,001,2021,27284,27,27284,A,200071843,272840101,610013.12,6909947.44,CSZ,1,X,1,X,X,Bonne,2327006,28,A1,A122,00357,CSZ,CSZ
1480584,001,2021,75056,77,77152,A,247700057,771520202,672900.09,6824577.51,HZ,1,1,1,X,1,Bonne,HZ,11,A1,A122,00851,CSZ,HZ
1480585,001,2021,77183,77,77183,A,200090504,771830101,709058.98,6872254.54,HZ,1,1,X,X,X,Bonne,CSZ,11,A1,A122,77301,CSZ,CSZ
1480586,001,2021,75056,77,77243,A,247700594,772430101,677402.68,6864122.5,HZ,1,1,X,X,X,Bonne,CSZ,11,A1,A122,00851,CSZ,CSZ
1480587,001,2021,77284,77,77284,A,200072130,772840902,691366.06,6873379.77,HZ,1,1,X,1,1,Bonne,CSZ,11,A1,A122,77502,HZ,HZ
1480588,001,2021,75056,77,77294,A,200055655,772940103,673791.44,6875008.95,CSZ,1,X,X,X,X,Bonne,CSZ,11,A1,A122,00851,CSZ,CSZ
1480589,001,2021,77333,77,77333,A,200023240,773330104,677755.34,6795975.03,HZ,1,1,X,X,1,Bonne,CSZ,11,A1,A122,77401,CSZ,HZ
1480590,001,2021,75056,77,77373,A,200057958,773730401,672613.3,6855492.08,CSZ,1,X,X,X,X,Bonne,CSZ,11,A1,A122,00851,CSZ,CSZ
1480591,001,2021,77379,77,77379,A,200037133,773790103,722571.83,6828928.32,HZ,1,1,X,X,1,Bonne,CSZ,11,A1,A122,77303,CSZ,HZ
1480592,001,2021,75056,77,77445,A,200059228,774450301,669078.93,6832820.97,HZ,1,1,1,X,X,Bonne,HZ,11,A1,A122,00851,CSZ,CSZ
1480593,001,2021,75056,77,77468,A,200057958,774680205,674582.85,6860134.3,HZ,1,1,X,X,X,Bonne,CSZ,11,A1,A122,00851,CSZ,CSZ
1480594,001,2021,75056,78,78297,A,200058782,782970106,630539.87,6854366.13,HZ,1,1,X,X,X,Bonne,CSZ,11,A1,A122,00851,CSZ,CSZ
1480595,001,2021,75056,78,78361,A,200059889,783610120,605873.46,6876904.25,HZ,1,1,X,1,1,Bonne,CSZ,11,A1,A122,00851,HZ,HZ
1480596,001,2021,75056,78,78440,A,200059889,784400106,620259.49,6876401.12,HZ,1,1,1,1,1,Bonne,HZ,11,A1,A122,00851,HZ,HZ
1480597,001,2021,75056,78,78490,A,200058782,784900110,623872.7,6859454.29,HZ,1,1,X,X,X,Bonne,CSZ,11,A1,A122,00851,CSZ,CSZ
1480598,203,2021,41194,41,41194,A,200018406,411940104,605745.0,6695897.69,HZ,1,1,1,X,1,Bonne,2441005,24,A1,A122,41301,CSZ,HZ
1480599,182,2021,41269,41,41269,A,200072072,412690105,554827.97,6746092.32,HZ,1,1,X,X,1,Bonne,CSZ,24,A1,A122,41401,CSZ,HZ
1480600,196,2021,45155,45,45155,A,244500211,451550201,671004.0,6732895.0,HZ,1,1,X,X,X,Bonne,CSZ,24,A1,A122,45302,CSZ,CSZ
1480601,025,2021,45234,45,45169,A,244500468,451690101,614279.36,6756579.45,CSZ,1,X,X,X,X,Bonne,CSZ,24,A1,A122,45701,CSZ,CSZ
1480602,130,2021,45208,45,45208,A,244500203,452080106,681034.31,6765844.58,HZ,1,1,X,X,X,Bonne,CSZ,24,A1,A122,45501,CSZ,CSZ
1480603,025,2021,45234,45,45234,A,244500468,452341901,620148.99,6749095.94,QP045010,1,1,X,1,1,Bonne,CSZ,24,A1,A122,45701,HZ,2407040
1480604,025,2021,45234,45,45234,A,244500468,452341103,617966.03,6757840.8,HZ,1,1,X,1,1,Bonne,CSZ,24,A1,A122,45701,HZ,HZ
1480605,025,2021,45234,45,45234,A,244500468,452341401,617817.95,6755309.82,HZ,1,1,X,1,1,Bonne,CSZ,24,A1,A122,45701,HZ,HZ
1480606,270,2021,45252,45,45252,A,200066280,452520105,644454.49,6787653.55,HZ,1,1,X,X,1,Bonne,CSZ,24,A1,A122,45207,CSZ,HZ
1480607,025,2021,45234,45,45284,A,244500468,452840102,623318.1,6757178.63,HZ,1,1,X,1,1,Bonne,CSZ,24,A1,A122,45701,HZ,HZ
1480608,174,2021,21054,21,21054,A,200006682,210540103,840120.95,6658193.0,HZ,1,1,X,X,X,Bonne,CSZ,27,A1,A122,21401,CSZ,CSZ
1480609,365,2021,21154,21,21154,A,242101434,211540103,816885.5,6753980.12,CSZ,1,X,X,X,X,Bonne,CSZ,27,A1,A122,21202,CSZ,CSZ
1480610,144,2021,27375,27,27375,A,200089456,273750101,566487.52,6903221.36,HZ,1,1,X,X,1,Bonne,CSZ,28,A1,A122,27402,CSZ,HZ
1480611,237,2021,27467,27,27467,A,200065787,274670102,519388.07,6919842.31,HZ,1,1,X,X,X,Bonne,CSZ,28,A1,A122,27302,CSZ,CSZ
1480612,346,2021,27679,27,27679,A,200066462,276790103,547125.06,6850292.42,CSZ,1,X,X,X,X,Bonne,CSZ,28,A1,A122,27206,CSZ,CSZ
1480613,001,2021,27681,27,27681,A,200072312,276810108,588538.19,6889538.32,HZ,1,1,1,X,1,Bonne,HZ,28,A1,A122,27401,CSZ,HZ
1480614,234,2021,50025,50,50025,A,200069425,500250103,380248.15,6851030.72,HZ,1,1,X,X,X,Bonne,CSZ,28,A1,A122,50302,CSZ,CSZ
1480615,358,2021,50099,50,50099,A,200042729,500990101,390969.37,6920011.31,CSZ,1,X,X,X,X,Bonne,CSZ,28,A1,A122,50301,CSZ,CSZ
1480616,071,2021,50129,50,50129,A,200067205,501291301,369533.55,6958126.51,HZ,1,1,1,1,1,Bonne,2550005,28,A1,A122,50501,HZ,HZ
1480617,071,2021,50129,50,50129,A,200067205,501290504,365250.0,6957150.0,QP050005,1,2,2,2,2,Acceptable,HZ,28,A1,A122,50501,25021ZF,2502100
1480618,071,2021,50129,50,50129,A,200067205,501290401,366873.9,6958799.18,HZ,1,1,1,1,1,Bonne,HZ,28,A1,A122,50501,HZ,HZ
1480619,205,2021,50147,50,50147,A,200067023,501470103,375086.49,6891546.23,HZ,1,1,X,X,X,Bonne,CSZ,28,A1,A122,50207,CSZ,CSZ
1480620,186,2021,50218,50,50218,A,200042604,502180204,365097.18,6869044.6,CSZ,1,X,1,X,X,Bonne,HZ,28,A1,A122,50402,CSZ,CSZ
1480621,124,2021,50502,50,50502,A,200066389,505020202,402244.04,6897082.82,HZ,1,1,X,X,1,Bonne,CSZ,28,A1,A122,50401,CSZ,HZ
1480622,001,2021,75056,78,78498,A,200059889,784980101,629775.74,6870737.72,HZ,1,1,X,X,1,Bonne,CSZ,11,A1,A122,00851,CSZ,HZ
1480623,001,2021,78517,78,78517,A,200073344,785170104,614532.96,6839779.22,CSZ,1,X,X,X,X,Bonne,CSZ,11,A1,A122,78402,CSZ,CSZ
1480624,001,2021,75056,78,78551,A,200058519,785510103,631522.84,6867115.03,CSZ,1,X,X,X,X,Bonne,CSZ,11,A1,A122,00851,CSZ,CSZ
1480625,001,2021,75056,78,78586,A,200058519,785860102,638456.72,6871151.0,HZ,1,1,X,1,1,Bonne,CSZ,11,A1,A122,00851,HZ,HZ
1480626,001,2021,75056,78,78621,A,200058782,786210112,627193.53,6852605.75,HZ,1,1,1,1,1,Bonne,HZ,11,A1,A122,00851,HZ,HZ
1480627,001,2021,75056,78,78646,A,247800584,786460302,636650.1,6855649.1,CSZ,1,X,X,X,X,Bonne,CSZ,11,A1,A122,00851,CSZ,CSZ
1480628,001,2021,75056,91,91021,A,200057859,910210103,643969.76,6831933.58,HZ,1,1,X,X,X,Bonne,CSZ,11,A1,A122,00851,CSZ,CSZ
1480629,001,2021,75056,91,91103,A,200057859,911030102,648250.64,6834013.02,HZ,1,1,X,X,X,Bonne,CSZ,11,A1,A122,00851,CSZ,CSZ
1480630,001,2021,75056,91,91114,A,200058477,911140103,663712.55,6844746.15,HZ,1,1,X,X,1,Bonne,CSZ,11,A1,A122,00851,CSZ,HZ
1480631,001,2021,75056,91,91174,A,200059228,911740502,662027.49,6834761.85,HZ,1,1,X,1,1,Bonne,CSZ,11,A1,A122,00851,HZ,HZ
1480632,001,2021,91200,91,91200,A,249100595,912000104,627007.01,6826408.45,CSZ,1,X,X,X,X,Bonne,CSZ,11,A1,A122,91302,CSZ,CSZ
1480633,001,2021,91223,91,91223,A,200017846,912230105,637050.67,6814621.86,HZ,1,1,1,X,1,Bonne,HZ,11,A1,A122,91401,CSZ,HZ
1480634,001,2021,75056,91,91228,A,200059228,912280105,658086.69,6836463.16,HZ,1,1,X,1,1,Bonne,CSZ,11,A1,A122,00851,HZ,HZ
1480635,001,2021,75056,91,91326,A,200054781,913260202,653705.89,6844157.97,CSZ,1,X,1,X,X,Bonne,1191030,11,A1,A122,00851,CSZ,CSZ
1480636,001,2021,75056,91,91345,A,200056232,913450101,647551.29,6844124.5,HZ,1,1,X,X,X,Bonne,CSZ,11,A1,A122,00851,CSZ,CSZ
1480637,001,2021,75056,91,91477,A,200056232,914770103,644716.26,6846615.65,CSZ,1,X,1,X,X,Bonne,HZ,11,A1,A122,00851,CSZ,CSZ
1480638,001,2021,75056,91,91549,A,200057859,915490108,650841.8,6837770.3,HZ,1,1,X,X,1,Bonne,CSZ,11,A1,A122,00851,CSZ,HZ
1480639,001,2021,75056,91,91589,A,200054781,915890113,650961.34,6843736.41,HZ,1,1,1,X,1,Bonne,HZ,11,A1,A122,00851,CSZ,HZ
1480640,001,2021,75056,91,91687,A,200054781,916870102,654966.14,6842029.69,HZ,1,1,1,1,1,Bonne,HZ,11,A1,A122,00851,HZ,HZ
1480641,001,2021,75056,91,91692,A,200056232,916920102,638951.84,6843277.56,HZ,1,1,1,X,1,Bonne,HZ,11,A1,A122,00851,CSZ,HZ
1480642,001,2021,75056,92,92002,A,200054781,920020107,648981.81,6850832.29,HZ,1,1,X,X,1,Bonne,CSZ,11,A1,A122,00851,CSZ,HZ
1480643,001,2021,75056,92,92004,A,200054781,920040501,648352.16,6868827.21,HZ,1,1,X,X,1,Bonne,CSZ,11,A1,A122,00851,CSZ,HZ
1480644,001,2021,75056,92,92007,A,200054781,920070111,649934.5,6855004.7,HZ,1,1,X,X,1,Bonne,CSZ,11,A1,A122,00851,CSZ,HZ
1480645,028,2021,21231,21,21231,A,242100410,212310901,853022.3,6691408.86,HZ,1,1,X,1,1,Bonne,CSZ,27,A1,A122,21701,HZ,HZ
1480646,028,2021,21231,21,21231,A,242100410,212319901,851874.54,6692993.69,HZ,1,1,X,1,1,Bonne,CSZ,27,A1,A122,21701,HZ,HZ
1480647,028,2021,21231,21,21231,A,242100410,212319801,854774.89,6698128.97,HZ,1,1,X,1,1,Bonne,CSZ,27,A1,A122,21701,HZ,HZ
1480648,442,2021,21425,21,21425,A,242101491,214250103,800576.09,6725527.71,CSZ,1,X,X,X,X,Bonne,CSZ,27,A1,A122,21203,CSZ,CSZ
1480649,028,2021,21231,21,21515,A,242100410,215150199,858497.29,6692482.14,CSZ,1,X,1,X,1,Bonne,HZ,27,A1,A122,21701,CSZ,HZ
1480650,061,2021,25388,25,25031,A,200065647,250310101,989092.95,6716334.38,HZ,1,1,1,X,1,Bonne,HZ,27,A1,A122,00651,CSZ,HZ
1480651,045,2021,25056,25,25056,A,242500361,250560805,926766.6,6687743.03,HZ,1,1,1,1,1,Bonne,HZ,27,A1,A122,25601,HZ,HZ
1480652,045,2021,25056,25,25056,A,242500361,250561004,930536.72,6689469.75,HZ,1,1,1,1,1,Bonne,HZ,27,A1,A122,25601,HZ,4301030
1480653,045,2021,25056,25,25056,A,242500361,250561207,924674.95,6683925.45,QP025004,1,1,1,1,1,Bonne,HZ,27,A1,A122,25601,4307NZF,4301060
1480654,061,2021,25388,25,25388,A,200065647,253880102,985710.99,6719585.19,HZ,1,1,1,1,1,Bonne,HZ,27,A1,A122,00651,HZ,HZ
1480655,061,2021,25388,25,25388,A,200065647,253880111,986191.23,6717911.04,QP025011,1,1,1,1,1,Bonne,HZ,27,A1,A122,00651,4302ZZF,4302120
1480656,313,2021,25411,25,25411,A,242504116,254110101,973979.1,6668121.7,CSZ,1,X,X,X,X,Bonne,CSZ,27,A1,A122,25301,CSZ,CSZ
1480657,286,2021,01034,01,01034,A,200040350,010340103,909197.9,6520920.37,QP001008,1,1,X,X,X,Bonne,CSZ,84,A1,A122,01301,CSZ,CSZ
1480658,080,2021,01053,01,01053,A,200071751,010530701,873251.23,6571187.49,HZ,1,1,1,X,1,Bonne,HZ,84,A1,A122,01501,CSZ,HZ
1480659,002,2021,01244,01,01244,A,240100883,012440102,870203.11,6535784.9,CSZ,1,X,X,X,X,Bonne,CSZ,84,A1,A122,01302,CSZ,CSZ
1480660,002,2021,69123,01,01249,A,240100800,012490101,852791.13,6527053.06,CSZ,1,X,X,X,X,Bonne,CSZ,84,A1,A122,00760,CSZ,CSZ
1480661,168,2021,01283,01,01283,A,200042935,012830201,904240.0,6576107.45,HZ,1,1,1,X,1,Bonne,HZ,84,A1,A122,01402,CSZ,HZ
1480662,GEN,2021,74012,01,01419,A,240100750,014190000,932100.86,6575290.93,CSZ,X,X,X,X,X,Bonne,CSZ,84,A1,A122,00653,CSZ,CSZ
1480663,002,2021,69123,01,01427,A,200042497,014270101,835949.89,6539581.83,CSZ,1,X,X,X,X,Bonne,CSZ,84,A1,A122,00760,CSZ,CSZ
1480664,109,2021,03185,03,03185,A,200071082,031850101,669881.47,6582878.53,HZ,1,1,X,X,1,Bonne,CSZ,84,A1,A122,03501,CSZ,HZ
1480665,109,2021,03185,03,03185,A,200071082,031850107,668485.18,6585459.55,HZ,1,1,X,X,1,Bonne,CSZ,84,A1,A122,03501,CSZ,HZ
1480666,122,2021,03190,03,03190,A,200071140,031900102,724999.54,6607485.71,HZ,1,1,1,X,1,Bonne,HZ,84,A1,A122,03401,CSZ,HZ
1480667,635,2021,03298,03,03298,A,200071470,032980000,730730.53,6579475.39,CSZ,X,X,X,X,X,Bonne,CSZ,84,A1,A122,03104,CSZ,CSZ
1480668,110,2021,03310,03,03310,A,200071363,033100103,733623.92,6558802.47,QP003001,1,1,X,X,1,Bonne,CSZ,84,A1,A122,03502,CSZ,HZ
1480669,161,2021,07010,07,07010,A,200072015,070100103,831325.57,6461949.38,HZ,1,1,X,X,1,Bonne,CSZ,84,A1,A122,07401,CSZ,HZ
1480670,143,2021,07019,07,07019,A,200073245,070190103,811944.76,6392072.34,HZ,1,1,X,X,1,Bonne,CSZ,84,A1,A122,07402,CSZ,HZ
1480671,267,2021,07186,07,07186,A,200071413,071860101,827547.82,6403744.41,HZ,1,1,X,X,X,Bonne,CSZ,84,A1,A122,07301,CSZ,CSZ
1480672,335,2021,07324,07,07324,A,200073096,073240102,844201.06,6441056.08,CSZ,1,X,X,X,X,Bonne,CSZ,84,A1,A122,00459,CSZ,CSZ
1480673,123,2021,15014,15,15014,A,241500230,150140105,655340.2,6424093.0,HZ,1,1,1,X,X,Bonne,8315003,84,A1,A122,15401,CSZ,CSZ
1480674,515,2021,15120,15,15120,A,241500271,151200000,648385.91,6458003.96,CSZ,X,X,X,X,X,Bonne,CSZ,84,A1,A122,15104,CSZ,CSZ
1480675,323,2021,15187,15,15187,A,200066660,151870102,706423.22,6437547.08,CSZ,1,X,X,X,X,Bonne,CSZ,84,A1,A122,15201,CSZ,CSZ
1480676,342,2021,26108,26,26108,A,200040509,261080103,859210.58,6406034.17,CSZ,1,X,1,X,X,Bonne,HZ,84,A1,A122,26303,CSZ,CSZ
1480677,107,2021,26198,26,26198,A,200040459,261980404,839315.15,6387006.56,HZ,1,1,X,X,1,Bonne,CSZ,84,A1,A122,00553,CSZ,HZ
1480678,412,2021,26220,26,26220,A,200068229,262200103,868916.1,6363550.2,CSZ,1,X,X,X,X,Bonne,CSZ,84,A1,A122,26202,CSZ,CSZ
1480679,190,2021,26235,26,26235,A,200042901,262350103,835951.91,6364901.41,HZ,1,1,X,X,1,Bonne,CSZ,84,A1,A122,26302,CSZ,HZ
1480680,141,2021,26281,26,26281,A,200068781,262810401,863961.58,6440831.84,HZ,1,1,X,X,1,Bonne,CSZ,84,A1,A122,26501,CSZ,HZ
1480681,049,2021,26362,26,26362,A,200068781,263620601,851565.87,6426937.28,HZ,1,1,1,1,1,Bonne,HZ,84,A1,A122,00652,HZ,HZ
1480682,049,2021,26362,26,26362,A,200068781,263620503,848787.19,6425814.63,HZ,1,1,1,1,1,Bonne,HZ,84,A1,A122,00652,HZ,HZ
1480683,002,2021,38053,38,38053,A,243800604,380530102,876174.37,6501441.89,HZ,1,1,X,X,X,Bonne,CSZ,84,A1,A122,38501,CSZ,CSZ
1480684,420,2021,38130,38,38130,A,200059392,381300000,876355.48,6479745.4,CSZ,X,X,X,X,X,Bonne,CSZ,84,A1,A122,38205,CSZ,CSZ
1480685,014,2021,38185,38,38151,A,200040715,381510402,913719.65,6453638.92,HZ,1,1,X,X,1,Bonne,CSZ,84,A1,A122,38701,CSZ,HZ
1480686,014,2021,38185,38,38169,A,200040715,381690102,911638.25,6458301.61,HZ,1,1,1,X,1,Bonne,8238013,84,A1,A122,38701,CSZ,HZ
1480687,014,2021,38185,38,38185,A,200040715,381850603,914353.92,6455610.43,HZ,1,1,X,1,1,Bonne,CSZ,84,A1,A122,38701,8216NZF,HZ
1480688,014,2021,38185,38,38185,A,200040715,381850103,912925.65,6458365.78,HZ,1,1,X,1,1,Bonne,CSZ,84,A1,A122,38701,HZ,HZ
1480689,014,2021,38314,38,38314,A,200018166,383140101,936144.65,6485873.85,CSZ,1,X,X,X,X,Bonne,CSZ,84,A1,A122,00269,CSZ,CSZ
1480690,014,2021,38185,38,38317,A,200040715,383170105,912027.96,6450610.41,HZ,1,1,1,X,X,Bonne,HZ,84,A1,A122,38701,CSZ,CSZ
1480691,147,2021,38544,38,38344,A,200085751,383440101,841159.93,6475318.85,HZ,1,1,X,X,X,Bonne,CSZ,84,A1,A122,00559,CSZ,CSZ
1480692,295,2021,38416,38,38416,A,200070431,384160103,881816.53,6452317.24,HZ,1,1,X,X,X,Bonne,CSZ,84,A1,A122,38402,CSZ,CSZ
1480693,014,2021,38185,38,38421,A,200040715,384210102,916282.82,6457789.05,HZ,1,1,X,X,1,Bonne,CSZ,84,A1,A122,38701,CSZ,HZ
1480694,002,2021,38085,38,38507,A,200068542,385070000,870236.2,6519481.48,CSZ,X,X,X,X,X,Bonne,CSZ,84,A1,A122,38403,CSZ,CSZ
1480695,364,2021,38509,38,38509,A,200068567,385090102,890456.79,6499129.13,CSZ,1,X,X,X,X,Bonne,CSZ,84,A1,A122,38405,CSZ,CSZ
1480696,002,2021,38544,38,38544,A,200077014,385440102,845652.95,6492178.51,HZ,1,1,1,X,1,Bonne,HZ,84,A1,A122,00559,CSZ,HZ
1480697,002,2021,38553,38,38553,A,243800604,385530103,867949.8,6503838.45,HZ,1,1,1,X,1,Bonne,HZ,84,A1,A122,38404,CSZ,HZ
1480698,014,2021,38185,38,38563,A,243800984,385630106,903123.56,6476826.65,HZ,1,1,1,X,X,Bonne,HZ,84,A1,A122,38502,CSZ,CSZ
1480699,023,2021,42279,42,42005,A,244200770,420050104,799905.36,6493013.58,HZ,1,1,X,X,X,Bonne,CSZ,84,A1,A122,42501,CSZ,CSZ
1480700,210,2021,42147,42,42147,A,200065886,421470201,785385.82,6500653.5,HZ,1,1,X,X,X,Bonne,CSZ,84,A1,A122,42401,CSZ,CSZ
1480701,002,2021,42218,42,42186,A,244200770,421860102,825077.87,6492908.04,HZ,1,1,X,X,1,Bonne,CSZ,84,A1,A122,00753,CSZ,HZ
1480702,079,2021,42187,42,42187,A,200035731,421870101,782908.18,6549542.81,HZ,1,1,X,X,1,Bonne,CSZ,84,A1,A122,42502,CSZ,HZ
1480703,023,2021,42218,42,42207,A,244200770,422070105,818113.47,6487119.16,HZ,1,1,1,X,X,Bonne,HZ,84,A1,A122,00753,CSZ,CSZ
1480704,023,2021,42218,42,42218,A,244200770,422180805,807678.35,6485850.81,HZ,1,1,1,1,1,Bonne,HZ,84,A1,A122,00753,HZ,HZ
1480705,023,2021,42218,42,42218,A,244200770,422180603,807822.72,6482936.62,QP042012,1,1,1,1,1,Bonne,HZ,84,A1,A122,00753,HZ,HZ
1480706,023,2021,42218,42,42218,A,244200770,422181102,809408.54,6483236.36,HZ,1,1,1,1,1,Bonne,HZ,84,A1,A122,00753,HZ,HZ
1480707,023,2021,42218,42,42218,A,244200770,422182204,808594.72,6480789.42,HZ,1,1,1,1,1,Bonne,HZ,84,A1,A122,00753,HZ,HZ
1480708,324,2021,43040,43,43040,A,200085728,430400101,730586.84,6466275.52,CSZ,1,X,X,X,X,Bonne,CSZ,84,A1,A122,43202,CSZ,CSZ
1480709,023,2021,43137,43,43137,A,200073427,431370102,792193.22,6465547.62,CSZ,1,X,X,X,X,Bonne,CSZ,84,A1,A122,43301,CSZ,CSZ
1480710,115,2021,43157,43,43157,A,200073419,431570108,770107.58,6438823.87,HZ,1,1,1,X,1,Bonne,8343002,84,A1,A122,43401,CSZ,HZ
1480711,390,2021,43268,43,43268,A,244301016,432680101,789250.0,6451050.0,CSZ,1,X,X,X,X,Mauvaise,CSZ,84,A1,A122,43201,CSZ,CSZ
1480712,331,2021,63003,63,63003,A,200070761,630030102,757263.41,6494800.96,CSZ,1,X,X,X,X,Bonne,CSZ,84,A1,A122,63204,CSZ,CSZ
1480713,022,2021,63113,63,63075,A,246300701,630750105,704594.61,6518839.98,CSZ,1,X,X,X,X,Bonne,CSZ,84,A1,A122,63701,CSZ,CSZ
1480714,022,2021,63113,63,63113,A,246300701,631131803,705759.11,6520419.75,HZ,1,1,1,1,1,Bonne,HZ,84,A1,A122,63701,HZ,HZ
1480715,022,2021,63113,63,63113,A,246300701,631130701,709037.62,6521920.59,HZ,1,1,1,1,1,Bonne,HZ,84,A1,A122,63701,8311NZF,HZ
1480716,022,2021,63113,63,63124,A,246300701,631240106,716295.6,6515749.62,HZ,1,1,X,X,1,Bonne,CSZ,84,A1,A122,63701,CSZ,HZ
1480717,194,2021,63178,63,63178,A,200070407,631780101,718938.35,6493842.14,CSZ,1,X,X,X,X,Bonne,CSZ,84,A1,A122,63304,CSZ,CSZ
1480718,022,2021,63300,63,63300,A,200070753,633000104,710754.52,6532634.37,CSZ,1,X,X,X,X,Bonne,CSZ,84,A1,A122,63401,CSZ,CSZ
1480719,478,2021,63338,63,63338,A,200072080,633380000,687281.67,6562335.66,CSZ,X,X,X,X,X,Bonne,CSZ,84,A1,A122,63202,CSZ,CSZ
1480720,225,2021,63430,63,63430,A,200070712,634300101,742373.53,6528855.84,HZ,1,1,X,X,1,Bonne,CSZ,84,A1,A122,63303,CSZ,8305010
1480721,357,2021,69019,69,69019,A,200067817,690190102,833644.27,6557801.29,HZ,1,1,X,X,X,Bonne,CSZ,84,A1,A122,00451,CSZ,CSZ
1480722,002,2021,69123,69,69029,A,200046977,690290301,849080.74,6516292.71,HZ,1,1,X,X,1,Bonne,CSZ,84,A1,A122,00760,CSZ,HZ
1480723,002,2021,69123,69,69034,A,200046977,690340503,844054.39,6523569.71,CSZ,1,X,1,X,X,Bonne,HZ,84,A1,A122,00760,CSZ,CSZ
1480724,002,2021,69123,69,69091,A,200046977,690910203,837823.75,6499943.03,HZ,1,1,X,X,1,Bonne,CSZ,84,A1,A122,00760,CSZ,HZ
1480725,002,2021,69123,69,69143,A,200046977,691430102,842404.53,6532834.89,HZ,1,1,X,X,X,Bonne,CSZ,84,A1,A122,00760,CSZ,CSZ
1480726,002,2021,69123,69,69149,A,200046977,691490202,839750.0,6514950.0,HZ,3,3,3,X,3,Mauvaise,HZ,84,A1,A122,00760,CSZ,HZ
1480727,002,2021,69123,69,69199,A,200046977,691990301,844842.43,6514249.23,HZ,1,1,X,1,1,Bonne,CSZ,84,A1,A122,00760,HZ,HZ
1480728,002,2021,69123,69,69244,A,200046977,692440201,838080.09,6519146.42,CSZ,1,X,X,X,X,Bonne,CSZ,84,A1,A122,00760,CSZ,CSZ
1480729,002,2021,69123,69,69256,A,200046977,692560202,849079.09,6521980.02,HZ,1,1,X,1,1,Bonne,CSZ,84,A1,A122,00760,82123ZF,8212320
1480730,002,2021,69123,69,69259,A,200046977,692590101,845313.32,6513719.78,HZ,1,1,1,1,1,Bonne,HZ,84,A1,A122,00760,HZ,HZ
1480731,002,2021,69123,69,69264,A,200040590,692640203,833808.4,6543700.2,HZ,1,1,1,X,1,Bonne,HZ,84,A1,A122,00760,CSZ,HZ
1480732,002,2021,69123,69,69266,A,200046977,692660902,845687.97,6520961.81,HZ,1,1,X,1,1,Bonne,CSZ,84,A1,A122,00760,HZ,HZ
1480733,002,2021,69123,69,69282,A,200046977,692820301,855198.05,6520502.97,HZ,1,1,1,X,1,Bonne,HZ,84,A1,A122,00760,CSZ,HZ
1480734,002,2021,69123,69,69286,A,200046977,692860501,846270.23,6525673.92,HZ,1,1,1,1,1,Bonne,HZ,84,A1,A122,00760,HZ,HZ
1480735,002,2021,69123,69,69290,A,200046977,692900301,849847.27,6512636.41,HZ,2,2,2,X,2,Mauvaise,HZ,84,A1,A122,00760,CSZ,HZ
1480736,002,2021,69123,69,69382,A,200046977,693820502,841358.91,6517533.7,CSZ,1,X,X,X,X,Bonne,CSZ,84,A1,A122,00760,CSZ,CSZ
1480737,002,2021,69123,69,69383,A,200046977,693830501,844688.57,6518890.56,HZ,1,1,X,X,1,Bonne,CSZ,84,A1,A122,00760,CSZ,HZ
1480738,002,2021,69123,69,69384,A,200046977,693840204,842128.38,6521600.74,CSZ,1,X,X,X,X,Bonne,CSZ,84,A1,A122,00760,CSZ,CSZ
1480739,002,2021,69123,69,69388,A,200046977,693880203,845202.94,6518027.63,HZ,1,1,X,X,1,Bonne,CSZ,84,A1,A122,00760,CSZ,HZ
1480740,002,2021,69123,69,69389,A,200046977,693890403,839967.5,6520392.4,HZ,1,1,1,1,1,Bonne,HZ,84,A1,A122,00760,HZ,HZ
1480741,050,2021,73065,73,73008,A,200068674,730080204,926349.7,6514404.4,HZ,1,1,1,X,X,Bonne,HZ,84,A1,A122,73601,CSZ,CSZ
1480742,050,2021,73065,73,73065,A,200069110,730650303,926755.65,6501574.04,HZ,1,1,1,X,1,Bonne,HZ,84,A1,A122,73601,CSZ,HZ
1480743,382,2021,86165,86,86165,A,200070043,861650102,536953.39,6594824.74,CSZ,1,X,X,X,X,Bonne,CSZ,75,A1,A122,86202,CSZ,CSZ
1480744,046,2021,86194,86,86194,A,200069854,861940108,495933.41,6612659.26,HZ,1,1,1,X,1,Bonne,HZ,75,A1,A122,86601,CSZ,HZ
1480745,046,2021,86194,86,86214,A,200069854,862140104,498069.29,6610374.17,HZ,1,1,X,X,X,Bonne,CSZ,75,A1,A122,86601,CSZ,CSZ
1480746,511,2021,87011,87,87011,A,200071942,870110102,549504.73,6559858.84,CSZ,1,X,X,X,X,Bonne,CSZ,75,A1,A122,87106,CSZ,CSZ
1480747,041,2021,87085,87,87085,A,248719312,870850601,565082.17,6529060.24,HZ,1,1,X,X,1,Bonne,CSZ,75,A1,A122,87601,CSZ,HZ
1480748,041,2021,87085,87,87085,A,248719312,870850201,565254.42,6527425.71,HZ,1,1,X,X,1,Bonne,CSZ,75,A1,A122,87601,CSZ,HZ
1480749,041,2021,87085,87,87085,A,248719312,870851005,565489.04,6525038.76,HZ,1,1,X,X,1,Bonne,CSZ,75,A1,A122,87601,CSZ,HZ
1480750,041,2021,87154,87,87154,A,200059400,871540101,537503.65,6534236.1,CSZ,1,X,X,X,X,Bonne,CSZ,75,A1,A122,87301,CSZ,CSZ
1480751,388,2021,87187,87,87187,A,248700189,871870102,559950.0,6491850.0,CSZ,1,X,X,X,X,Acceptable,CSZ,75,A1,A122,87202,CSZ,CSZ
1480752,340,2021,09160,09,09160,A,240900464,091600103,605516.53,6203897.39,CSZ,1,X,X,X,X,Bonne,CSZ,76,A1,A122,09202,CSZ,CSZ
1480753,050,2021,73065,73,73065,A,200069110,730650802,928776.59,6500838.7,HZ,1,1,1,X,1,Bonne,HZ,84,A1,A122,73601,CSZ,HZ
1480754,050,2021,73171,73,73171,A,200041010,731710000,938086.92,6493786.52,CSZ,X,X,X,X,X,Bonne,CSZ,84,A1,A122,73201,CSZ,CSZ
1480755,423,2021,73181,73,73181,A,200023299,731810000,975950.0,6493550.0,CSZ,X,X,X,X,X,Acceptable,CSZ,84,A1,A122,73109,CSZ,CSZ
1480756,285,2021,73248,73,73248,A,200070464,732480103,963066.54,6469323.33,CSZ,1,X,X,X,X,Bonne,CSZ,84,A1,A122,73204,CSZ,CSZ
1480757,043,2021,74010,74,74010,A,200066793,740100502,942000.26,6540780.02,CSZ,1,X,X,X,X,Bonne,CSZ,84,A1,A122,74601,CSZ,CSZ
1480758,043,2021,74010,74,74010,A,200066793,740101301,939514.42,6540490.22,CSZ,1,X,X,X,X,Bonne,CSZ,84,A1,A122,74601,CSZ,CSZ
1480759,043,2021,74010,74,74010,A,200066793,740101403,940506.1,6536620.26,CSZ,1,X,X,X,X,Bonne,CSZ,84,A1,A122,74601,CSZ,CSZ
1480760,GEN,2021,74012,74,74012,A,200011773,740120401,950021.21,6570687.19,HZ,1,1,X,X,1,Bonne,CSZ,84,A1,A122,00653,CSZ,HZ
1480761,408,2021,74056,74,74056,A,200023372,740560103,999756.0,6542780.0,CSZ,1,X,X,X,X,Bonne,CSZ,84,A1,A122,74301,CSZ,CSZ
1480762,199,2021,09225,09,09225,A,200066231,092250105,587495.93,6224341.71,HZ,1,1,X,X,X,Bonne,CSZ,76,A1,A122,09401,CSZ,CSZ
1480763,284,2021,09261,09,09261,A,200067940,092610102,549207.25,6210824.08,HZ,1,1,X,X,X,Bonne,CSZ,76,A1,A122,09203,CSZ,CSZ
1480764,091,2021,11069,11,11069,A,200035715,110690301,648557.84,6235269.78,QP011002,1,1,X,X,1,Bonne,CSZ,76,A1,A122,11401,CSZ,9101030
1480765,268,2021,11076,11,11076,A,200035855,110760105,614869.71,6247352.88,CSZ,1,X,X,X,X,Bonne,CSZ,76,A1,A122,11303,CSZ,CSZ
1480766,072,2021,11203,11,11203,A,200035863,112030101,679286.74,6230948.68,HZ,1,1,X,X,X,Bonne,CSZ,76,A1,A122,11301,CSZ,CSZ
1480767,327,2021,11206,11,11206,A,200071926,112060103,636875.48,6219815.59,HZ,1,1,X,X,X,Bonne,CSZ,76,A1,A122,11302,CSZ,CSZ
1480768,072,2021,11262,11,11262,A,241100593,112620207,697702.41,6228221.11,HZ,1,1,X,X,1,Bonne,CSZ,76,A1,A122,11501,CSZ,HZ
1480769,330,2021,12089,12,12089,A,200067064,120890101,641231.73,6384234.21,CSZ,1,X,X,X,X,Bonne,CSZ,76,A1,A122,12302,CSZ,CSZ
1480770,224,2021,12145,12,12145,A,241200567,121450109,706606.9,6334867.9,CSZ,1,X,X,X,X,Bonne,CSZ,76,A1,A122,12401,CSZ,CSZ
1480771,103,2021,12202,12,12202,A,241200187,122020501,665004.17,6362651.83,CSZ,1,X,X,X,X,Bonne,CSZ,76,A1,A122,12402,CSZ,CSZ
1480772,163,2021,74081,74,74081,A,200033116,740810102,975553.24,6558528.13,HZ,1,1,1,X,1,Bonne,HZ,84,A1,A122,74502,CSZ,HZ
1480773,GEN,2021,74012,74,74243,A,247400690,742430104,938191.48,6565637.49,HZ,1,1,X,X,X,Bonne,CSZ,84,A1,A122,00653,CSZ,CSZ
1480774,249,2021,74256,74,74256,A,200034882,742560102,981490.86,6544923.5,CSZ,1,X,X,X,X,Bonne,CSZ,84,A1,A122,00465,CSZ,CSZ
1480775,151,2021,74281,74,74281,A,200067551,742810201,967610.98,6591420.94,HZ,1,1,1,X,X,Bonne,HZ,84,A1,A122,74501,CSZ,CSZ
1480776,251,2021,04070,04,04070,A,200067437,040700102,959592.45,6337784.53,QP004001,1,1,X,X,1,Bonne,CSZ,93,A1,A122,04301,CSZ,HZ
1480777,343,2021,04209,04,04209,A,200068765,042090102,935673.96,6347403.82,CSZ,1,X,X,X,X,Bonne,CSZ,93,A1,A122,04204,CSZ,CSZ
1480778,245,2021,12300,12,12300,A,200069383,123000102,622576.62,6362302.33,HZ,1,1,X,X,1,Bonne,CSZ,76,A1,A122,12301,CSZ,HZ
1480779,089,2021,30007,30,30007,A,200066918,300070104,786377.85,6337880.49,QP030001,1,1,1,X,1,Bonne,HZ,76,A1,A122,30501,CSZ,9108020
1480780,089,2021,30007,30,30007,A,200066918,300070115,789534.0,6336321.18,HZ,1,1,1,X,1,Bonne,HZ,76,A1,A122,30501,CSZ,HZ
1480781,185,2021,30028,30,30028,A,200034692,300280102,828980.32,6342201.29,HZ,1,1,1,X,1,Bonne,HZ,76,A1,A122,30401,CSZ,HZ
1480782,222,2021,30032,30,30032,A,243000585,300320102,829809.1,6302692.21,HZ,1,1,X,X,1,Bonne,CSZ,76,A1,A122,00461,CSZ,HZ
1480783,037,2021,30189,30,30189,A,243000643,301891102,805478.39,6302616.94,HZ,1,1,X,1,1,Bonne,CSZ,76,A1,A122,30601,HZ,HZ
1480784,037,2021,30189,30,30189,A,243000643,301890604,810175.68,6303635.2,HZ,1,1,X,1,1,Bonne,CSZ,76,A1,A122,30601,HZ,HZ
1480785,037,2021,30189,30,30189,A,243000643,301891703,812343.24,6306905.05,HZ,2,2,X,2,2,Mauvaise,CSZ,76,A1,A122,30601,HZ,HZ
1480786,037,2021,30341,30,30341,A,243000593,303410102,802326.77,6290632.86,HZ,1,1,X,X,X,Bonne,CSZ,76,A1,A122,30302,CSZ,CSZ
1480787,467,2021,30350,30,30350,A,243000270,303500101,749450.0,6321750.0,CSZ,2,X,X,X,X,Mauvaise,CSZ,76,A1,A122,30208,CSZ,CSZ
1480788,040,2021,84007,30,30351,A,248400251,303510101,844252.09,6319899.52,CSZ,1,X,X,X,X,Bonne,CSZ,76,A1,A122,00754,CSZ,CSZ
1480789,005,2021,31555,31,31069,A,243100518,310690104,569141.26,6284108.67,HZ,1,1,X,X,X,Bonne,CSZ,76,A1,A122,00758,CSZ,CSZ
1480790,005,2021,31555,31,31116,A,243100518,311160102,573232.48,6289371.74,CSZ,1,X,X,X,X,Bonne,CSZ,76,A1,A122,00758,CSZ,CSZ
1480791,005,2021,31555,31,31149,A,243100518,311490803,563416.96,6280869.99,HZ,1,1,X,X,X,Bonne,CSZ,76,A1,A122,00758,CSZ,CSZ
1480792,005,2021,31555,31,31254,A,243100633,312540000,579888.58,6271751.31,CSZ,X,X,X,X,X,Bonne,CSZ,76,A1,A122,00758,CSZ,CSZ
1480793,005,2021,31555,31,31395,A,200068641,313950109,564873.21,6265180.73,HZ,1,1,X,X,X,Bonne,CSZ,76,A1,A122,00758,CSZ,CSZ
1480794,005,2021,31555,31,31433,A,200068641,314330105,570681.52,6270397.18,CSZ,1,X,X,X,X,Bonne,CSZ,76,A1,A122,00758,CSZ,CSZ
1480795,195,2021,31483,31,31483,A,200072643,314830101,514332.21,6226014.73,HZ,1,1,X,X,X,Bonne,CSZ,76,A1,A122,31301,CSZ,CSZ
1480796,290,2021,05023,05,05023,A,240500439,050230103,986697.48,6428307.05,CSZ,1,X,X,X,X,Bonne,CSZ,93,A1,A122,05301,CSZ,CSZ
1480797,427,2021,05046,05,05046,A,200067742,050460101,977598.4,6391088.87,CSZ,1,X,X,X,X,Bonne,CSZ,93,A1,A122,05201,CSZ,CSZ
1480798,119,2021,05061,05,05061,A,200067825,050610102,944810.42,6389204.25,HZ,1,1,1,X,X,Bonne,HZ,93,A1,A122,05401,CSZ,CSZ
1480799,017,2021,06088,06,06027,A,200030195,060270102,1033408.41,6293300.63,CSZ,1,X,1,X,X,Bonne,HZ,93,A1,A122,06701,CSZ,CSZ
1480800,031,2021,06088,06,06030,A,200039915,060300105,1022299.21,6283311.37,HZ,1,1,X,X,X,Bonne,CSZ,93,A1,A122,06701,CSZ,CSZ
1480801,031,2021,06088,06,06069,A,200039857,060690107,1019778.22,6289305.75,HZ,1,1,1,X,X,Bonne,HZ,93,A1,A122,06701,CSZ,CSZ
1480802,MON,2021,06083,06,06083,A,240600551,060830105,1062512.3,6307853.73,CSZ,1,X,X,X,X,Bonne,CSZ,93,A1,A122,06501,CSZ,CSZ
1480803,017,2021,06088,06,06088,A,200030195,060881506,1043525.89,6299933.12,HZ,1,1,1,1,1,Bonne,HZ,93,A1,A122,06701,HZ,HZ
1480804,017,2021,06088,06,06088,A,200030195,060883102,1038774.16,6296204.82,HZ,1,1,1,1,1,Bonne,HZ,93,A1,A122,06701,HZ,HZ
1480805,005,2021,31555,31,31488,A,243100518,314880104,578873.39,6285946.73,CSZ,1,X,X,X,X,Bonne,CSZ,76,A1,A122,00758,CSZ,CSZ
1480806,005,2021,31555,31,31555,A,243100518,315555203,570710.43,6275369.37,QP031007,1,1,1,1,1,Bonne,HZ,76,A1,A122,00758,7336NZF,7301060
1480807,005,2021,31555,31,31555,A,243100518,315552501,574601.35,6277334.6,HZ,1,1,1,1,1,Bonne,HZ,76,A1,A122,00758,HZ,HZ
1480808,005,2021,31555,31,31555,A,243100518,315552001,575774.25,6280703.22,HZ,1,1,1,1,1,Bonne,HZ,76,A1,A122,00758,HZ,HZ
1480809,005,2021,31555,31,31555,A,243100518,315554701,578211.73,6277116.72,HZ,1,1,1,1,1,Bonne,HZ,76,A1,A122,00758,HZ,HZ
1480810,005,2021,31555,31,31555,A,243100518,315550301,574751.96,6279469.45,HZ,1,1,1,1,1,Bonne,HZ,76,A1,A122,00758,HZ,HZ
1480811,005,2021,31555,31,31555,A,243100518,315554007,575169.78,6283906.01,HZ,1,1,1,1,1,Bonne,HZ,76,A1,A122,00758,HZ,HZ
1480812,005,2021,31555,31,31555,A,243100518,315553504,571121.25,6279560.1,HZ,1,1,1,1,1,Bonne,HZ,76,A1,A122,00758,HZ,HZ
1480813,005,2021,31582,31,31582,A,200071298,315820000,595593.98,6256758.52,CSZ,X,X,X,X,X,Bonne,CSZ,76,A1,A122,31201,CSZ,CSZ
1480814,145,2021,32013,32,32013,A,200066926,320130201,504989.31,6284879.03,HZ,1,1,X,X,X,Bonne,CSZ,76,A1,A122,32401,CSZ,CSZ
1480815,017,2021,06088,06,06088,A,200030195,060882304,1043319.32,6298517.06,HZ,1,1,1,1,1,Bonne,HZ,93,A1,A122,06701,HZ,HZ
1480816,017,2021,06088,06,06088,A,200030195,060880305,1045740.8,6298604.5,HZ,1,1,1,1,1,Bonne,HZ,93,A1,A122,06701,HZ,HZ
1480817,017,2021,06088,06,06149,A,200030195,061490103,1047151.5,6302962.3,CSZ,1,X,1,1,1,Bonne,HZ,93,A1,A122,06701,HZ,HZ
1480818,003,2021,13055,13,13001,A,200054807,130010901,896564.76,6271444.86,HZ,1,1,1,X,1,Bonne,HZ,93,A1,A122,00759,CSZ,HZ
1480819,003,2021,13055,13,13001,A,200054807,130010606,896402.63,6272996.24,QP013017,1,1,1,X,1,Bonne,HZ,93,A1,A122,00759,CSZ,9302030
1480820,150,2021,13004,13,13004,A,241300417,130040110,831976.62,6288063.74,HZ,1,1,1,X,1,Bonne,HZ,93,A1,A122,00552,CSZ,HZ
1480821,003,2021,13055,13,13005,A,200054807,130050101,908780.75,6246780.04,HZ,1,1,X,X,X,Bonne,CSZ,93,A1,A122,00759,CSZ,CSZ
1480822,040,2021,84007,13,13027,A,200035087,130270103,849868.55,6311220.64,HZ,1,1,X,X,X,Bonne,CSZ,93,A1,A122,00754,CSZ,CSZ
1480823,003,2021,83137,13,13028,A,200054807,130280110,912707.04,6236064.38,CSZ,1,X,1,X,1,Bonne,9304010,93,A1,A122,00757,CSZ,9304010
1480824,003,2021,13055,13,13041,A,200054807,130410106,899923.48,6264564.82,HZ,1,1,X,X,X,Bonne,CSZ,93,A1,A122,00759,CSZ,CSZ
1480825,003,2021,13055,13,13047,A,200054807,130470116,860617.76,6268433.79,HZ,1,1,1,X,X,Bonne,HZ,93,A1,A122,00759,CSZ,CSZ
1480826,003,2021,13055,13,13054,A,200054807,130540108,878547.5,6258531.69,HZ,1,1,X,X,X,Bonne,CSZ,93,A1,A122,00759,CSZ,CSZ
1480827,003,2021,13055,13,13056,A,200054807,130560111,864589.07,6258889.81,HZ,1,1,1,X,X,Bonne,HZ,93,A1,A122,00759,CSZ,CSZ
1480828,269,2021,13055,13,13063,A,200054807,130630108,861410.62,6277250.52,QP013062,2,2,2,X,2,Mauvaise,HZ,93,A1,A122,00759,CSZ,HZ
1480829,166,2021,34003,34,34003,A,243400819,340030104,739059.84,6244767.8,HZ,1,1,X,X,X,Bonne,CSZ,76,A1,A122,34401,CSZ,CSZ
1480830,060,2021,34032,34,34032,A,243400769,340320403,718005.11,6251782.71,HZ,1,1,X,1,1,Bonne,CSZ,76,A1,A122,34502,HZ,HZ
1480831,060,2021,34032,34,34032,A,243400769,340320805,720265.59,6248115.03,QP034003,1,1,X,1,1,Bonne,CSZ,76,A1,A122,34502,9108NZF,9104020
1480832,012,2021,34172,34,34057,A,243400017,340570101,773503.48,6281445.56,CSZ,1,X,X,X,X,Bonne,CSZ,76,A1,A122,34701,CSZ,CSZ
1480833,012,2021,34079,34,34079,A,243400355,340790102,735331.44,6281450.64,CSZ,1,X,X,X,X,Bonne,CSZ,76,A1,A122,34301,CSZ,CSZ
1480834,012,2021,34145,34,34145,A,243400520,341450102,791091.9,6286375.38,HZ,1,1,X,X,1,Bonne,CSZ,76,A1,A122,00551,CSZ,HZ
1480835,012,2021,34172,34,34172,A,243400017,341720602,766650.0,6280050.0,HZ,2,1,2,2,1,Mauvaise,HZ,76,A1,A122,34701,HZ,HZ
1480836,012,2021,34172,34,34198,A,243400017,341980104,775865.81,6276334.95,CSZ,1,X,X,X,X,Bonne,CSZ,76,A1,A122,34701,CSZ,CSZ
1480837,345,2021,34199,34,34199,A,243400819,341990103,733351.96,6261036.9,CSZ,1,X,X,X,X,Bonne,CSZ,76,A1,A122,34213,CSZ,CSZ
1480838,012,2021,34172,34,34270,A,243400017,342700104,768897.5,6275342.03,CSZ,1,X,X,X,1,Bonne,CSZ,76,A1,A122,34701,CSZ,HZ
1480839,200,2021,34301,34,34301,A,200066355,343010301,757023.7,6256663.8,HZ,1,1,X,X,1,Bonne,CSZ,76,A1,A122,34501,CSZ,HZ
1480840,003,2021,13055,13,13077,A,200054807,130770102,860712.25,6258395.71,HZ,1,1,1,X,1,Bonne,HZ,93,A1,A122,00759,CSZ,HZ
1480841,135,2021,13103,13,13103,A,200054807,131030111,869151.82,6283767.64,HZ,1,1,1,X,1,Bonne,HZ,93,A1,A122,13501,CSZ,HZ
1480842,003,2021,13055,13,13117,A,200054807,131170206,883034.19,6260764.68,HZ,1,1,X,X,X,Bonne,CSZ,93,A1,A122,00759,CSZ,CSZ
1480843,003,2021,13055,13,13203,A,200054807,132030102,893928.45,6248595.98,HZ,1,1,X,X,1,Bonne,CSZ,93,A1,A122,00759,CSZ,HZ
1480844,003,2021,13055,13,13203,A,200054807,132030202,893272.92,6247948.75,QP013032,1,1,X,X,1,Bonne,CSZ,93,A1,A122,00759,CSZ,HZ
1480845,003,2021,13055,13,13205,A,200054807,132050401,895339.36,6247029.52,CSZ,1,X,1,X,X,Bonne,HZ,93,A1,A122,00759,CSZ,CSZ
1480846,003,2021,13055,13,13207,A,200054807,132070603,891973.88,6246219.49,CSZ,1,X,X,X,X,Bonne,CSZ,93,A1,A122,00759,CSZ,CSZ
1480847,003,2021,13055,13,13208,A,200054807,132080805,893730.6,6244507.5,CSZ,1,X,1,X,X,Bonne,HZ,93,A1,A122,00759,CSZ,CSZ
1480848,003,2021,13055,13,13210,A,200054807,132100302,896500.35,6245793.15,HZ,1,1,1,X,1,Bonne,HZ,93,A1,A122,00759,CSZ,HZ
1480849,003,2021,13055,13,13211,A,200054807,132110704,900068.94,6246536.66,HZ,1,1,1,X,1,Bonne,HZ,93,A1,A122,00759,CSZ,HZ
1480850,003,2021,13055,13,13213,A,200054807,132130103,897583.2,6252286.94,HZ,1,1,1,1,1,Bonne,HZ,93,A1,A122,00759,HZ,HZ
1480851,003,2021,13055,13,13214,A,200054807,132140301,893297.0,6250247.4,HZ,1,1,X,1,1,Bonne,CSZ,93,A1,A122,00759,9322NZF,9305071
1480852,003,2021,13055,13,13215,A,200054807,132150302,891739.0,6251100.8,QP013058,1,1,1,1,1,Bonne,HZ,93,A1,A122,00759,9322NZF,HZ
1480853,003,2021,13055,13,13216,A,200054807,132160403,889519.15,6254240.87,HZ,1,1,1,1,1,Bonne,HZ,93,A1,A122,00759,93050ZF,9305041
1480854,213,2021,83023,83,83023,A,200068104,830230501,946395.57,6261335.58,HZ,1,1,X,X,X,Bonne,CSZ,93,A1,A122,83401,CSZ,CSZ
1480855,301,2021,83073,83,83031,A,248300550,830310000,970380.19,6260661.78,CSZ,X,X,X,X,X,Bonne,CSZ,93,A1,A122,83309,CSZ,CSZ
1480856,405,2021,83042,83,83042,A,200036077,830420103,986951.17,6246067.16,CSZ,1,X,X,X,X,Bonne,CSZ,93,A1,A122,83304,CSZ,CSZ
1480857,153,2021,46042,46,46042,A,200023737,460420101,575728.85,6372897.94,HZ,1,1,1,X,X,Bonne,HZ,76,A1,A122,46401,CSZ,CSZ
1480858,226,2021,46102,46,46102,A,200067361,461020103,622450.91,6390589.56,CSZ,1,X,X,X,X,Bonne,CSZ,76,A1,A122,46301,CSZ,CSZ
1480859,521,2021,46309,46,46309,A,200066371,463090000,579534.6,6423024.39,CSZ,X,X,X,X,X,Bonne,CSZ,76,A1,A122,46104,CSZ,CSZ
1480860,278,2021,48095,48,48095,A,244800405,480950101,738370.24,6380696.64,CSZ,1,X,1,X,X,Bonne,HZ,76,A1,A122,48301,CSZ,CSZ
1480861,126,2021,83050,83,83050,A,248300493,830500102,980740.58,6276571.97,HZ,1,1,X,X,X,Bonne,CSZ,93,A1,A122,83501,CSZ,CSZ
1480862,092,2021,83061,83,83061,A,200035319,830610110,1003357.3,6264994.0,HZ,1,1,1,X,1,Bonne,HZ,93,A1,A122,83502,CSZ,HZ
1480863,018,2021,83137,83,83069,A,248300543,830690116,954932.91,6228241.46,HZ,1,1,1,X,X,Bonne,HZ,93,A1,A122,00757,CSZ,CSZ
1480864,003,2021,83116,83,83116,A,200068104,831160106,930789.23,6265929.45,CSZ,1,X,1,X,X,Bonne,HZ,93,A1,A122,83310,CSZ,CSZ
1480865,092,2021,83061,83,83118,A,200035319,831180112,1006914.78,6267193.61,CSZ,1,X,1,X,X,Bonne,9383022,93,A1,A122,83502,CSZ,CSZ
1480866,018,2021,83137,83,83126,A,248300543,831260101,934640.03,6226983.63,HZ,1,1,1,1,1,Bonne,HZ,93,A1,A122,00757,HZ,HZ
1480867,018,2021,83137,83,83129,A,248300543,831290304,931499.66,6227489.8,CSZ,1,X,X,1,1,Bonne,CSZ,93,A1,A122,00757,HZ,HZ
1480868,018,2021,83137,83,83137,A,248300543,831370612,939665.48,6228897.38,HZ,1,1,1,1,1,Bonne,HZ,93,A1,A122,00757,HZ,HZ
1480869,275,2021,84003,84,84003,A,200040624,840030201,891938.24,6311787.22,HZ,1,1,1,X,X,Bonne,HZ,93,A1,A122,84303,CSZ,CSZ
1480870,040,2021,84007,84,84007,A,248400251,840070116,849012.53,6318566.41,HZ,1,1,1,1,1,Bonne,HZ,93,A1,A122,00754,HZ,HZ
1480871,040,2021,84007,84,84007,A,248400251,840070124,846702.67,6316163.27,HZ,1,1,1,1,1,Bonne,HZ,93,A1,A122,00754,9312ZZF,HZ
1480872,341,2021,84019,84,84019,A,200000628,840190101,840200.94,6357111.48,HZ,1,1,1,X,X,Bonne,HZ,93,A1,A122,84302,CSZ,CSZ
1480873,148,2021,84007,84,84031,A,248400053,840310104,863841.76,6331067.75,HZ,1,1,X,X,1,Bonne,CSZ,93,A1,A122,00754,CSZ,HZ
1480874,201,2021,84007,84,84035,A,200040442,840350203,863897.69,6307635.35,HZ,1,1,X,X,X,Bonne,CSZ,93,A1,A122,00754,CSZ,CSZ
1480875,312,2021,65258,65,65258,A,200070787,652580101,486950.0,6228450.0,CSZ,1,X,X,X,X,Acceptable,CSZ,76,A1,A122,65204,CSZ,CSZ
1480876,085,2021,65440,65,65440,A,200069300,654400402,461576.01,6240719.84,HZ,1,1,1,X,1,Bonne,HZ,76,A1,A122,65501,CSZ,HZ
1480877,085,2021,65440,65,65440,A,200069300,654401001,462865.04,6242890.55,HZ,1,1,1,X,1,Bonne,HZ,76,A1,A122,65501,CSZ,HZ
1480878,030,2021,66171,66,66008,A,200043602,660080103,701041.04,6161113.66,CSZ,1,X,X,X,X,Bonne,CSZ,76,A1,A122,66501,CSZ,CSZ
1480879,030,2021,66136,66,66028,A,200027183,660280101,693530.18,6176338.69,CSZ,1,X,X,X,X,Bonne,CSZ,76,A1,A122,66701,CSZ,CSZ
1480880,490,2021,66049,66,66049,A,246600373,660490103,679986.38,6155632.45,CSZ,1,X,X,X,X,Bonne,CSZ,76,A1,A122,66302,CSZ,CSZ
1480881,030,2021,66136,66,66136,A,200027183,661361401,691270.14,6181523.34,HZ,1,1,1,1,1,Bonne,HZ,76,A1,A122,66701,HZ,HZ
1480882,030,2021,66136,66,66136,A,200027183,661361701,689450.0,6176750.0,HZ,1,1,2,1,1,Acceptable,HZ,76,A1,A122,66701,HZ,HZ
1480883,363,2021,66149,66,66149,A,200049211,661490102,653112.47,6168676.54,CSZ,1,X,X,X,X,Bonne,CSZ,76,A1,A122,66205,CSZ,CSZ
1480884,082,2021,81004,81,81004,A,248100737,810040201,630727.9,6314521.91,HZ,1,1,X,X,1,Bonne,CSZ,76,A1,A122,81502,CSZ,HZ
1480885,105,2021,81163,81,81021,A,248100430,810210106,649100.31,6268034.25,HZ,1,1,X,X,1,Bonne,CSZ,76,A1,A122,81401,CSZ,HZ
1480886,165,2021,84007,84,84087,A,248400236,840870201,843523.08,6339233.2,HZ,1,1,X,X,1,Bonne,CSZ,93,A1,A122,00754,CSZ,HZ
1480887,003,2021,84089,84,84089,A,200054807,840890203,901349.74,6289791.94,HZ,1,1,X,X,X,Bonne,CSZ,93,A1,A122,84401,CSZ,CSZ
1480888,298,2021,2A247,2A,2A247,A,200040764,2A2470102,1224066.99,6074678.83,HZ,1,1,X,X,X,Bonne,CSZ,94,A1,A122,2A301,CSZ,CSZ
1480889,540,2021,2A249,2A,2A249,A,242010130,2A2490000,1192599.87,6081964.24,CSZ,X,X,X,X,X,Bonne,CSZ,94,A1,A122,2A106,CSZ,CSZ
1480890,104,2021,2B033,2B,2B033,A,242000354,2B0330402,1227948.99,6196031.46,HZ,1,1,X,X,1,Bonne,CSZ,94,A1,A122,2B501,CSZ,HZ
1480891,414,2021,2B096,2B,2B096,A,242020071,2B0960101,1207377.92,6154232.05,CSZ,1,X,X,X,X,Bonne,CSZ,94,A1,A122,2B202,CSZ,CSZ
1480892,CSZ,2021,2B123,2B,2B123,A,200033827,2B1230000,1227250.0,6131250.0,CSZ,X,X,X,X,X,Mauvaise,CSZ,94,A1,A122,2B102,CSZ,CSZ
1480893,495,2021,2B050,2B,2B134,A,200073104,2B1340000,1186152.91,6188025.89,CSZ,X,X,X,X,X,Bonne,CSZ,94,A1,A122,2B103,CSZ,CSZ
1480894,082,2021,81060,81,81060,A,200040905,810600101,632068.17,6328436.8,QP081009,1,1,X,X,1,Bonne,CSZ,76,A1,A122,81303,CSZ,HZ
1480895,105,2021,81065,81,81065,A,248100430,810650501,638098.0,6277381.7,HZ,1,1,X,X,1,Bonne,CSZ,76,A1,A122,81501,CSZ,HZ
1480896,306,2021,81099,81,81099,A,200066124,810990105,612699.25,6312435.29,HZ,1,1,X,X,X,Bonne,CSZ,76,A1,A122,81304,CSZ,CSZ
1480897,367,2021,81105,81,81105,A,200066124,811050107,617272.06,6296308.34,HZ,1,1,X,X,X,Bonne,CSZ,76,A1,A122,81302,CSZ,CSZ
1480898,356,2021,82033,82,82033,A,200066322,820330101,548062.89,6328364.87,CSZ,1,X,X,X,X,Bonne,CSZ,76,A1,A122,82401,CSZ,CSZ
1480899,081,2021,82121,82,82121,A,248200099,821210602,566483.13,6323375.6,HZ,1,1,1,X,X,Bonne,HZ,76,A1,A122,82501,CSZ,CSZ
1480900,081,2021,82121,82,82121,A,248200099,821210901,569463.44,6327271.35,HZ,1,1,1,X,X,Bonne,HZ,76,A1,A122,82501,CSZ,CSZ
1480901,243,2021,01004,01,01004,A,240100883,010040102,880622.43,6542744.65,HZ,1,1,X,X,X,Bonne,CSZ,84,A1,A122,01303,CSZ,CSZ
1707983,9A1,2021,97101,971,97101,A,200018653,971010106,657150.0,1797150.0,QP971002,2,2,X,1,2,Mauvaise,CSZ,1,A1,A122,9A701,HZ,HZ
1707984,9A1,2021,97101,971,97118,A,249710062,971180106,649250.0,1793350.0,CSZ,3,X,X,X,X,Mauvaise,CSZ,1,A1,A122,9A701,CSZ,CSZ
1707985,9B1,2021,97209,972,97209,A,249720061,972090104,708621.93,1615398.35,HZ,1,1,1,1,1,Bonne,HZ,2,A1,A122,9B601,HZ,HZ
1707986,9C1,2021,97302,973,97307,A,249730045,973070102,354050.0,539450.0,QP973021,3,3,3,X,X,Mauvaise,HZ,3,A1,A122,9C601,CSZ,CSZ
1707987,001,2021,75056,75,75115,A,200054781,751155722,649035.95,6859724.07,CSZ,1,X,X,X,X,Bonne,CSZ,11,A1,A122,00851,CSZ,CSZ
1707988,001,2021,75056,75,75115,A,200054781,751155710,647789.37,6859967.09,CSZ,1,X,X,X,X,Bonne,CSZ,11,A1,A122,00851,CSZ,CSZ
1707989,001,2021,77305,77,77305,A,247700107,773050203,696828.77,6809372.99,HZ,1,1,X,1,1,Bonne,CSZ,11,A1,A122,77404,HZ,HZ
1707990,001,2021,75056,93,93066,A,200054781,930661104,653204.2,6869230.0,HZ,1,1,X,1,1,Bonne,CSZ,11,A1,A122,00851,HZ,HZ
1707991,001,2021,75056,95,95527,A,200055655,955270000,664966.95,6877316.57,CSZ,X,X,X,X,X,Bonne,CSZ,11,A1,A122,00851,CSZ,CSZ
1707992,065,2021,28085,28,28218,A,200033181,282180102,586365.55,6815667.5,HZ,1,1,X,X,1,Bonne,CSZ,24,A1,A122,28501,CSZ,HZ
1707993,539,2021,36006,36,36006,A,200068872,360060000,586791.22,6610668.65,CSZ,X,X,X,X,X,Bonne,CSZ,24,A1,A122,36203,CSZ,CSZ
1707994,061,2021,70285,70,70285,A,247000722,702850101,982450.0,6725950.0,HZ,3,3,X,X,3,Mauvaise,CSZ,27,A1,A122,70301,CSZ,HZ
1707995,239,2021,71014,71,71014,A,200070530,710140103,798806.9,6651718.7,HZ,1,1,1,X,X,Bonne,HZ,27,A1,A122,71302,CSZ,CSZ
1707996,086,2021,90010,90,90010,A,200069052,900100302,988539.0,6733080.07,QP090004,1,1,X,1,1,Bonne,CSZ,27,A1,A122,00558,43060ZF,4306040
1707997,015,2021,76540,76,76540,A,200023414,765400304,560746.83,6927387.36,HZ,1,1,X,1,1,Bonne,CSZ,28,A1,A122,00755,HZ,HZ
1707998,015,2021,76540,76,76540,A,200023414,765400502,562120.21,6929407.48,HZ,1,1,X,1,1,Bonne,CSZ,28,A1,A122,00755,HZ,HZ
1707999,308,2021,02381,02,02381,A,240200600,023810101,777670.42,6981245.73,HZ,1,1,X,X,X,Bonne,CSZ,32,A1,A122,02203,CSZ,CSZ
1708000,038,2021,59606,59,59153,A,245901160,591530103,741650.11,7040415.71,HZ,1,1,X,X,1,Bonne,CSZ,32,A1,A122,59701,CSZ,HZ
1708001,036,2021,08362,08,08362,A,200043156,083620102,798598.2,6935759.06,QP008008,1,1,X,X,1,Bonne,CSZ,44,A1,A122,08208,CSZ,HZ
1708002,006,2021,33063,33,33162,A,243300316,331620104,412925.88,6427234.41,HZ,1,1,X,X,X,Bonne,CSZ,75,A1,A122,33701,CSZ,CSZ
1708003,006,2021,33227,33,33227,A,200043974,332270101,442150.0,6388450.0,CSZ,3,X,X,X,X,Mauvaise,CSZ,75,A1,A122,33304,CSZ,CSZ
1708004,CSZ,2021,47004,47,47004,A,200068922,470040000,487708.65,6358570.07,CSZ,X,X,X,X,X,Bonne,CSZ,75,A1,A122,47105,CSZ,CSZ
1708005,047,2021,64102,64,64102,A,200067106,641020702,337107.45,6276848.03,HZ,1,1,1,X,1,Bonne,HZ,75,A1,A122,00751,CSZ,HZ
1708006,496,2021,64410,64,64410,A,200039204,644100101,406150.0,6258950.0,CSZ,1,X,2,X,2,Acceptable,7200060,75,A1,A122,64302,CSZ,7200060
1708007,047,2021,64102,64,64483,A,200067106,644830103,324030.61,6266419.36,CSZ,1,X,X,X,X,Bonne,CSZ,75,A1,A122,00751,CSZ,CSZ
1708008,281,2021,09122,09,09122,A,200067791,091220105,587350.0,6210750.0,HZ,3,3,X,X,X,Mauvaise,CSZ,76,A1,A122,09301,CSZ,CSZ
1708009,406,2021,32107,32,32107,A,243200417,321070102,489328.3,6320386.06,CSZ,1,X,X,X,X,Bonne,CSZ,76,A1,A122,32202,CSZ,CSZ
1708010,137,2021,04112,04,04112,A,200034700,041120109,925550.0,6307450.0,HZ,1,1,2,X,X,Bonne,HZ,93,A1,A122,04401,CSZ,CSZ
1708011,031,2021,06088,06,06004,A,240600585,060040101,1030090.9,6286615.7,CSZ,1,X,X,X,X,Bonne,CSZ,93,A1,A122,06701,CSZ,CSZ
1708012,018,2021,83137,83,83062,A,248300543,830620104,946332.54,6231363.47,HZ,1,1,1,X,X,Bonne,HZ,93,A1,A122,00757,CSZ,CSZ
1993798,047,2021,64102,64,64122,A,200067106,641220103,332250.0,6274850.0,CSZ,3,X,3,X,X,Mauvaise,HZ,75,A1,A122,00751,CSZ,CSZ
2057431,9A1,2021,97101,971,97103,A,200018653,971030105,653250.0,1796450.0,CSZ,1,X,X,X,X,Mauvaise,CSZ,1,A1,A122,9A701,CSZ,CSZ
2057432,9A3,2021,97105,971,97106,A,249710070,971060101,631850.0,1780950.0,CSZ,3,X,X,X,X,Mauvaise,CSZ,1,A1,A122,9A204,CSZ,CSZ
2057433,9A1,2021,97101,971,97113,A,200041507,971130102,662259.74,1792353.4,CSZ,1,X,X,X,X,Bonne,CSZ,1,A1,A122,9A701,CSZ,CSZ
2057434,9C1,2021,97302,973,97302,A,249730045,973020112,356068.82,545699.46,HZ,1,1,1,1,1,Bonne,HZ,3,A1,A122,9C601,HZ,HZ
2057435,9D3,2021,97415,974,97407,A,249740101,974070702,324188.99,7683527.03,HZ,1,1,X,X,1,Bonne,CSZ,4,A1,A122,9D602,CSZ,HZ
2057436,001,2021,75056,78,78172,A,200059889,781720103,632722.88,6878778.33,CSZ,1,X,X,X,X,Bonne,CSZ,11,A1,A122,00851,CSZ,CSZ
2057437,065,2021,28085,28,28070,A,200033181,280700000,589150.0,6820450.0,CSZ,X,X,X,X,X,Mauvaise,CSZ,24,A1,A122,28501,CSZ,CSZ
2057438,015,2021,76057,76,76057,A,247600646,760570101,552795.27,6939727.76,HZ,1,1,X,X,X,Bonne,CSZ,28,A1,A122,76303,CSZ,CSZ
2057439,004,2021,59350,59,59350,A,200093201,593500801,702250.0,7059550.0,HZ,2,2,2,2,2,Mauvaise,HZ,32,A1,A122,59702,HZ,HZ
2057440,020,2021,54329,54,54329,A,200070324,543290107,958939.0,6837505.7,HZ,1,1,1,X,1,Bonne,HZ,44,A1,A122,54402,CSZ,HZ
2057441,013,2021,35238,35,35238,A,243500139,352380305,350367.63,6789091.71,HZ,1,1,X,X,1,Bonne,CSZ,53,A1,A122,35701,CSZ,HZ
2057442,047,2021,64102,64,64122,A,200067106,641220110,332840.06,6274173.98,CSZ,1,X,1,X,X,Bonne,HZ,75,A1,A122,00751,CSZ,CSZ
2057443,189,2021,79049,79,79049,A,200040244,790490105,433655.5,6643371.8,HZ,1,1,X,X,X,Bonne,CSZ,75,A1,A122,79304,CSZ,CSZ
2057444,005,2021,31555,31,31555,A,243100518,315553401,571108.79,6277530.53,HZ,1,1,1,1,1,Bonne,HZ,76,A1,A122,00758,7336NZF,7301050
2057445,005,2021,32160,32,32160,A,200023620,321600101,545872.77,6280819.1,CSZ,1,X,X,X,X,Bonne,CSZ,76,A1,A122,32203,CSZ,CSZ
2057446,282,2021,65286,65,65286,A,200069300,652860104,452450.0,6227350.0,HZ,3,3,3,X,X,Mauvaise,HZ,76,A1,A122,65302,CSZ,CSZ
2057447,023,2021,42218,42,42095,A,244200770,420950203,800438.14,6476896.82,CSZ,1,X,1,X,X,Bonne,8242010,84,A1,A122,00753,CSZ,CSZ
2057448,022,2021,63113,63,63113,A,246300701,631131101,709831.32,6517903.7,HZ,1,1,1,1,1,Bonne,HZ,84,A1,A122,63701,HZ,HZ
2057449,002,2021,69010,69,69171,A,246900625,691710000,823824.74,6526135.49,CSZ,X,X,X,X,X,Mauvaise,CSZ,84,A1,A122,69401,CSZ,CSZ
2057450,374,2021,69243,69,69243,A,200040566,692430103,811412.61,6533657.29,HZ,1,1,X,X,X,Bonne,CSZ,84,A1,A122,69303,CSZ,CSZ
2057451,002,2021,69123,69,69387,A,200046977,693870701,843204.66,6517228.3,HZ,1,1,1,X,1,Bonne,HZ,84,A1,A122,00760,CSZ,HZ
2057452,167,2021,73011,73,73011,A,200068997,730110104,963930.25,6513171.64,HZ,1,1,X,X,X,Bonne,CSZ,84,A1,A122,73401,CSZ,CSZ
2057453,031,2021,06088,06,06029,A,200039915,060290123,1020607.6,6281460.6,HZ,1,1,1,X,X,Bonne,HZ,93,A1,A122,06701,CSZ,CSZ
2057454,018,2021,83137,83,83137,A,248300543,831370104,937540.73,6229809.03,QP083013,1,1,1,1,1,Bonne,HZ,93,A1,A122,00757,HZ,HZ
2057455,098,2021,2A004,2A,2A004,A,242010056,2A0040902,1179973.9,6112128.05,HZ,1,1,1,X,1,Bonne,HZ,94,A1,A122,2A501,CSZ,HZ
