iso3,address,lon,lat
CZE,"Zlatá stezka 375, Brná, 403 21  Ústí nad Labem 17",14.065670964338665,50.6317415882981
CZE,"Nejdlova 937/8, Stará Role, 360 17  Karlovy Vary 17",12.835877040790336,50.23897222720038
CZE,"V zářezu 902/4, Jinonice, 158 00  Praha 58",14.369978306055998,50.05389938599146
CZE,"Přemyslova 1113/5, Liberec I-Staré Město, 460 01  Liberec 1",15.064978308540304,50.78088523390744
CZE,"Vídeňská 19, Klatovy IV, 339 01  Klatovy 1",13.295596434406747,49.39183779032521
CZE,"Francouzská 299/98, Vršovice, 101 00  Praha 101",14.448643557004942,50.07181855387606
CZE,"Hlavní 2, Velké Přítočno, 273 51  Unhošť",14.129377451785558,50.117291049155085
CZE,"Nová 209/13, 276 01  Mělník 1",14.478306357971547,50.35201811713725
CZE,"K lindě 701/5, Satalice, 190 15  Praha 915",14.56555534832438,50.12704942847
CZE,"28. října 810/246, Mariánské Hory, 709 00  Ostrava 9",18.250403682817904,49.82701354652039
CZE,"Veverkova 1343/1, Pražské Předměstí, 500 02  Hradec Králové 2",15.8148218578728,50.20645333463628
CZE,"Orlí 708/36, Brno-město, 602 00  Brno 2",16.614018723654567,49.19455083980904
CZE,"Koněvova 1884/169, Žižkov, 130 00  Praha 3",14.480597048290349,50.09237668015638
CZE,"Senovážné náměstí 978/23, Nové Město, 110 00  Praha 1",14.431585378214521,50.08552447431046
CZE,"V parku 2316/12, Chodov, 148 00  Praha 414",14.495416504561632,50.02795785666814
CZE,"Pastevní 321, Jeřmanice, 463 12  Liberec 25",15.094375486995261,50.69899848229204
CZE,"Na baště sv. Jiří 258/7, Hradčany, 160 00  Praha 6",14.404718025775963,50.09565962017311
CZE,"Konviktská 291/24, Staré Město, 110 00  Praha 1",14.417145370700013,50.08355464324521
CZE,"Březohorská 253, Příbram VII, 261 01  Příbram 1",13.993632697497333,49.68069154288651
CZE,"náměstí Republiky 202/28, Vnitřní Město, 301 00  Plzeň 1",13.3761202885658,49.74684076837582
CZE,"Závodní 391/96c, Dvory, 360 06  Karlovy Vary 6",12.825399913278119,50.21931624515881
CZE,"Karlštejnská 165, Třebotov - Kala, 252 28  Černošice",14.280395039487814,49.96404102536107
CZE,"Moskevská 637/6, Liberec IV-Perštýn, 460 01  Liberec 1",15.058061478220878,50.768430731617116
CZE,"Březiněveská 1853/29, Kobylisy, 182 00  Praha 82",14.458977102515746,50.12733118614523
CZE,"Jažlovická 23, Jažlovice, 251 01  Říčany u Prahy",14.632811068851879,49.965148149041994
CZE,"V předpolí 1306/7, Strašnice, 100 00  Praha 10",14.482859491595462,50.06960397123805
CZE,"Žižkova 1683/13, 586 01  Jihlava 1",15.584928046718659,49.39423078177228
CZE,"Pod strašnickou vinicí 191/13, Strašnice, 100 00  Praha 10",14.489943037969027,50.0784921413653
CZE,"Anglická 336/21, Vinohrady, 120 00  Praha 2",14.434138086826607,50.07643342021686
CZE,"Štúrova 1056/7, Lhotka, 142 00  Praha 411",14.451217639470116,50.02213628963668
CZE,"U Školky 352, 330 03  Chrást u Plzně",13.491671361723775,49.79525246182234
CZE,"Blešno 36, 503 46  Třebechovice pod Orebem",15.932504365189232,50.213213926280474
CZE,"Laubova 2128/10, Vinohrady, 130 00  Praha 3",14.449909140565381,50.07931218486246
CZE,"Vyšehradská 423/27, Nové Město, 128 00  Praha 28",14.418260834374593,50.0696521252718
CZE,"Aviatická 1017/2, 160 08 Praha 6, po schodech nahoru směr restaurace Runway, dveře č. 1104",14.268328786952566,50.10794338309577
CZE,"17. listopadu 239/13, 276 01  Mělník 1",14.477227523213827,50.34925816596916
CZE,"Lidická 700/19, Veveří, 602 00  Brno 2",16.607118321865386,49.2017983362087
CZE,"Březová 62/137, Děčín III-Staré Město, 405 02  Děčín 2",14.230025836373699,50.769905778937925
CZE,"Magistrů 1275/13, Michle, 140 00  Praha 4",14.452972055623746,50.059838006300765
CZE,"Klikatá 595/27, Jinonice, 158 00  Praha 58",14.36564511357139,50.05619933831329
CZE,"Masarykova 506/37, Brno-město, 602 00  Brno 2",16.611151274578248,49.19141143988418
CZE,"Budapešťská 1492/1, Hostivař, 102 00  Praha 102",14.51613740740163,50.043723629807914
CZE,"Smetanovo náměstí 131, Litomyšl-Město, 570 01  Litomyšl",16.310669014375037,49.87238516559469
CZE,"náměstí 5. května 2/12, 250 88  Čelákovice",14.751451795339335,50.163398347871095
CZE,"Tovačovského 337/9, 767 01  Kroměříž 1",17.39794057672748,49.2977399468877
CZE,"Politických vězňů 911/8, Nové Město, 110 00  Praha 1",14.429465678720476,50.082523669154625
CZE,"28. října 1001/3, Staré Město, 110 00  Praha 1",14.422122209529448,50.083406074011435
CZE,"Polanecká 41, Václavovice, 742 83  Klimkovice",18.14238852734789,49.78582772416334
CZE,"Polská 1716/54, Vinohrady, 120 00  Praha 2",14.446784953794804,50.07863957904215
CZE,"Krakovská 583/9, Nové Město, 110 00  Praha 1",14.427840092418649,50.07808624770402
CZE,"U Sila 1203, Liberec XXX-Vratislavice nad Nisou, 463 11  Liberec 30",15.077039531933622,50.753394477420215
CZE,"Líšťany 123, 330 35  Líšťany",13.185239794284684,49.83284341163599
CZE,"Botanická 256, 362 63  Dalovice",12.88862636913015,50.253099589726475
CZE,"třída Míru 92, Zelené Předměstí, 530 02  Pardubice 2",15.771977843610557,50.03704149277743
CZE,"Pohraniční 333/20, Děčín I-Děčín, 405 02  Děčín 2",14.215777942079939,50.78077308404295
CZE,"K dubu 2330/2b, Chodov, 149 00  Praha 415",14.494638161032753,50.03085552250542
CZE,"Velflíkova 1428/4, Dejvice, 160 00  Praha 6",14.394034954902736,50.104690743659006
CZE,"Evropská 690/138, Vokovice, 160 00  Praha 6",14.363717527298121,50.09874675893167
CZE,"Revoluční 177/5, Ústí nad Labem-centrum, 400 01  Ústí nad Labem 1",14.039040149207722,50.65953065671937
CZE,"Klimentská 1974/20, Nové Město, 110 00  Praha 1",14.429911595969429,50.09197376207075
CZE,"Pražská brána 309/26, Mladá Boleslav III, 293 01  Mladá Boleslav 1",14.90417434596651,50.41006438918879
CZE,"Přemyslova 111/3, Jižní Předměstí, 301 00  Plzeň 1",13.369134726640368,49.74829033471099
CZE,"Revoluční 762/13, Staré Město, 110 00  Praha 1",14.427498362226174,50.091113443528826
CZE,"Varšavská 1168/13, 360 01  Karlovy Vary 1",12.868861589985357,50.230609141397565
CZE,"Sokolovská 126/40, Karlín, 186 00  Praha 86",14.442900025492008,50.09206210733021
CZE,"Hráského 2231/25, Chodov, 148 00  Praha 414",14.490774858040169,50.02834505868532
CZE,"Smilova 335, Zelené Předměstí, 530 02  Pardubice 2",15.771522790087175,50.03434381914994
CZE,"Ocelářská 659/5, Libeň, 190 00  Praha 9",14.48812558990349,50.10410912339768
CZE,"Dašická 409, Chrudim IV, 537 01  Chrudim 1",15.799604093562635,49.95858210137047
CZE,"Pod Homolkou 172/38, Motol, 150 00  Praha 5",14.341852662312732,50.070499912868485
CZE,"Krátká 1098, 357 35  Chodov u Karlových Var 1",12.752137134201888,50.233288752023725
CZE,"Klostermanova 1258, 564 01  Žamberk",16.44819299525031,50.07798411421385
CZE,"Pařížská 227/20, Ústí nad Labem-centrum, 400 01  Ústí nad Labem 1",14.036957497725723,50.660899840603065
CZE,"Plumlov 165, 798 03  Plumlov",17.004340401386997,49.4639875783883
CZE,"Staroměstské náměstí 15/31, Mladá Boleslav I, 293 01  Mladá Boleslav 1",14.902217003936983,50.40995898675638
CZE,"Václavské náměstí 795/40, Nové Město, 110 00  Praha 1",14.426667212707315,50.081489426121806
CZE,"Boženy Němcové 2485/50, Královo Pole, 612 00  Brno 12",16.58698700209473,49.22864125539951
CZE,"Senovážná 995/2, Nové Město, 110 00  Praha 1",14.429394181086394,50.08587835826253
CZE,"Opletalova 929/22, Nové Město, 110 00  Praha 1",14.430563205122269,50.08170848716131
CZE,"Manželů Dostálových 1213, Kyje, 198 00  Praha 98",14.552521069791425,50.08693711836213
CZE,"Americká 177/35, Vinohrady, 120 00  Praha 2",14.43687561640371,50.07393121257141
CZE,"Milánská 411, Horní Měcholupy, 109 00  Praha 111",14.553756813776573,50.0422348361659
CZE,"Mírová 1434/27, Nové Město, 735 06  Karviná 6",18.533352426501608,49.86523636610491
CZE,"Nerudova 982/25, Jižní Předměstí, 301 00  Plzeň 1",13.367965702604494,49.74209237831741
CZE,"Floriánské náměstí 350, 272 01  Kladno 1",14.101238899911408,50.14635458595416
CZE,"nám. Míru 211/4, 787 01  Šumperk 1",16.970733495881177,49.964837725257894
CZE,"Na bojišti 1470/24, Nové Město, 120 00  Praha 2",14.42856571377655,50.0740639819177
CZE,"Daimlerova 1161/6, Skvrňany, 301 00  Plzeň 1",13.336559465777384,49.722878751215944
CZE,"Stará Tenice 1195, 686 01  Uherské Hradiště 1",17.45162607983295,49.07181697854392
CZE,"Porubská 1430, Poruba, 735 14  Orlová 4",18.40028854012502,49.85517439425698
CZE,"Sokratova 53, Hostovice, 400 02  Ústí nad Labem 2",14.015811380937606,50.642035235949805
CZE,"Radlická 520/117, Jinonice, 158 00  Praha 58",14.354624168181147,50.04819571042816
CZE,"Růžová 1020, 691 42  Valtice",16.74976766889438,48.73811828379431
CZE,"Kolbenova 616/34, Vysočany, 190 00  Praha 9",14.512013175763201,50.1104426989846
CZE,"nám. Františka Křížíka 2840, 390 01 Tábor",14.664636819932895,49.412521896610286
CZE,"U garáží 1611/1, Holešovice, 170 00  Praha 7",14.444223863279547,50.1012758724863
CZE,"Opletalova 1535/4, Nové Město, 110 00  Praha 1",14.42933332846934,50.080946991257804
CZE,"Sedláčkova 245/24, Vnitřní Město, 301 00  Plzeň 1",13.375730110972995,49.74786650377692
CZE,"Mantovská 780/2, Horní Měcholupy, 109 00  Praha 111",14.569643118684013,50.04171054812227
CZE,"Leopoldova 2041/28, Chodov, 149 00  Praha 415",14.50704329391337,50.039085084590624
CZE,"Velešínská 659, Letňany, 199 00  Praha 99",14.510988823376124,50.140884723579916
CZE,"Cukrovarská 144/60, Čakovice, 196 00  Praha 96",14.53052477656422,50.151076447289
CZE,"Pod Kavalírkou 297/10, Košíře, 150 00  Praha 5",14.374900075781568,50.0692955172012
CZE,"Divadelní 1604/8, 586 01  Jihlava 1",15.588812555926296,49.398395581822086
CZE,"Vídeňská 297/99, Štýřice, 656 44 Brno",16.597536465431347,49.17317719625922
CZE,"Trávníčkova 1773/23, Stodůlky, 155 00  Praha 515",14.318942574001369,50.045772376491584
CZE,"Těšínská 2672/42, Předměstí, 746 01  Opava 1",17.91901801615907,49.93265888650561
CZE,"Rybná 682/14, Staré Město, 110 00  Praha 1",14.426252476138188,50.08942583114347
CZE,"Rohanské nábřeží 693/10, Karlín, 186 00  Praha 86",14.466217306659672,50.099525228189094
CZE,"Dejvická 575/35, Dejvice, 160 00  Praha 6",14.396596799789279,50.0997338118496
CZE,"K Nemocnici 1106/14, 268 01  Hořovice",13.91558443844113,49.840657566599845
CZE,"Ohradní 1424/2b, Michle, 140 00  Praha 4",14.457514795687757,50.05061418286087
CZE,"Hybernská 1032/9, Nové Město, 110 00  Praha 1",14.432076893016728,50.08732310500338
CZE,"Jana Palacha 288, Zelené Předměstí, 530 02  Pardubice 2",15.770164083582415,50.030657416223846
CZE,"Radobyčická 830/8, Jižní Předměstí, 301 00  Plzeň 1",13.377144389495783,49.73983890364872
CZE,"Lnářská 1633, 396 01  Humpolec",15.350727446074927,49.53904571921521
CZE,"Třebohostická 1244/12, Strašnice, 100 00  Praha 10",14.509586363336808,50.07589006334351
CZE,"Horní Studenec 105, Ždírec nad Doubravou, 582 64  Výdejní místo Horní Studenec",15.802464837116418,49.714009188913735
CZE,"Borská 1045/40, Skvrňany, 301 00  Plzeň 1",13.348406196268456,49.73421221586605
CZE,"Vinohradská 2165/48, Vinohrady, 120 00  Praha 2",14.441694037263147,50.07690305825179
CZE,"Národní třída 300/24, 695 01  Hodonín 1",17.126619795861956,48.85228533709994
CZE,"Mrštíkova 399/2a, Liberec III-Jeřáb, 460 07  Liberec 7",15.051460226556031,50.7625681351696
CZE,"Hlubčická 2259/50a, Pod Bezručovým vrchem, 794 01  Krnov 1",17.71346424599804,50.095240189738206
CZE,"Pernerova 168, Zelené Předměstí, 530 02  Pardubice 2",15.770897919205424,50.03873769661354
CZE,"Halenkovice 674, 763 63  Halenkovice",17.478387736472484,49.16049110198415
CZE,"Cyrila Boudy 1444, Kročehlavy, 272 01  Kladno 1",14.103316270794409,50.137511636194546
CZE,"Rudná 809/6, Vítkovice, 703 00  Ostrava 3",18.26818320819558,49.80712106908072
CZE,"Nádražní 545/140, Moravská Ostrava, 702 00  Ostrava 2",18.278967029544987,49.848749707382524
CZE,"Bezručova 108, 276 01  Mělník 1",14.484685824478362,50.352312782943386
CZE,"Karlova 455/48, Staré Město, 110 00  Praha 1",14.419067676374254,50.08625579536252
CZE,"Hnězdenská 735/6, Troja, 181 00  Praha 81",14.420599720636659,50.126738292224104
CZE,"Sokolovská 325/140, Karlín, 186 00  Praha 86",14.46858217682157,50.09901711721858
CZE,"Šaldova 466/34, Karlín, 186 00  Praha 86",14.45505990388574,50.09457164914093
CZE,"Opletalova 1015/55, Nové Město, 110 00  Praha 1",14.434833533333062,50.08666382640911
CZE,"Nádražní 414, 256 01  Benešov u Prahy",14.682938286421319,49.7809390629553
CZE,"Božetěchova 3003/133, Královo Pole, 612 00  Brno 12",16.59053891738435,49.234372130238626
CZE,"Svatopluka Čecha 1006, 687 71  Bojkovice",17.814210782672376,49.040912105255245
CZE,"Jungmannova 745/24, Nové Město, 110 00  Praha 1",14.42253669464148,50.08178522348487
CZE,"T. G. Masaryka 127, Sušice II, 342 01  Sušice 1",13.522535624691528,49.235228341647996
CZE,"Pražská 5600, 430 01  Chomutov 1",13.427106064477528,50.452057724097784
CZE,"Jaselská 275/6, Bubeneč, 160 00  Praha 6",14.404560026901095,50.09934091013827
CZE,"Ringhofferova 115/1, Třebonice, 155 21  Praha 517",14.293409955824444,50.054962672318794
CZE,"Dolní Bezděkov 2, 538 62  Hrochův Týnec",15.88033246615916,49.957291665467096
CZE,"Vodkova 78/8, Mladá Boleslav I, 293 01  Mladá Boleslav 1",14.901952638710839,50.41257787049403
CZE,"Břustkova 589/23, Výškovice, 700 30  Ostrava 30",18.22069050661321,49.78212564707832
CZE,"Řepov 119, 293 01  Mladá Boleslav 1",14.955830000000049,50.40673000000004
CZE,"Výstavní 292/13, Moravská Ostrava, 702 00  Ostrava 2",18.26523738832458,49.827070459642954
CZE,"Polní 214, Čestlice, 251 01  Říčany u Prahy",14.579890498230185,50.00443081837355
CZE,"Příkop 27/2a, Zábrdovice, 602 00  Brno 2",16.613999948191463,49.200575165078305
CZE,"Kunětická 2534/2, Vinohrady, 120 00  Praha 2",14.438427190500505,50.082008098290316
CZE,"Petrská 1136/12, Nové Město, 110 00  Praha 1",14.433583372474459,50.09126938883739
CZE,"Moravská 854/2, Doubravka, 312 00  Plzeň 12",13.41420321418633,49.75210296909887
CZE,"Poděbradská 144, Sokoleč, 290 01  Poděbrady 1",15.106130351827545,50.10026874491027
CZE,"Na Folimance 2155/15, Vinohrady, 120 00  Praha 2",14.433498128519147,50.06602334793007
CZE,"Jabkenická 137/3, Kbely, 197 00  Praha 97",14.548089809039652,50.135486568387364
CZE,"Pístina 25, 378 02  Stráž nad Nežárkou",14.871700003217754,49.075180007645486
CZE,"Pražská 810/16, Hostivař, 102 00  Praha 102",14.522951056492957,50.05395772403756
CZE,"Bezručova 547/14, Mladá Boleslav II, 293 01  Mladá Boleslav 1",14.90801686183923,50.42146981247768
CZE,"Lubná 214, 270 36  Lubná u Rakovníka",13.695871119245822,50.0855338201325
CZE,"Teplárenská 611/1, Malešice, 108 00  Praha 108",14.524872943072069,50.08370937317781
CZE,"Nová 744, 373 41  Hluboká nad Vltavou",14.451939740428685,49.053048137134425
CZE,"Denisova 639/2, Moravská Ostrava, 702 00  Ostrava 2",18.288124258764157,49.833506797362816
CZE,"Anny Letenské 34/7, Vinohrady, 120 00  Praha 2",14.437504678237019,50.07749310232583
CZE,"Salaš 103, Zlín, 763 51  Bohuslavice u Zlína",17.630520955487384,49.15733057966332
CZE,"K Žižkovu 809/7, Vysočany, 190 00  Praha 9",14.4956537124215,50.099679371388476
CZE,"Dr. Davida Bechera 2037/23, 360 01  Karlovy Vary 1",12.86853838379892,50.229376247259495
CZE,"Sokolovská 902/240, Libeň, 190 00  Praha 9",14.486261286999223,50.105758765761635
CZE,"Kpt. Vajdy 3046/2, Zábřeh, 700 30  Ostrava 30",18.245541592242915,49.79201235333085
CZE,"Opletalova 1417/25, Nové Město, 110 00  Praha 1",14.432116455599726,50.08327112537029
CZE,"Žofinská 233/10, Moravská Ostrava, 702 00  Ostrava 2",18.289679437079315,49.83167174730062
CZE,"Josefa Ressla 1793/1, 434 01  Most 1",13.635113972069291,50.51517772977948
CZE,"Nádražní 273, 534 01  Holice v Čechách",15.991264775391329,50.06862333047604
CZE,"Nové sady 988/2, Staré Brno, 602 00  Brno 2",16.607037185042657,49.18889209124674
CZE,"Plynární 1617/10, Holešovice, 170 00  Praha 7",14.442624596153678,50.1076835021878
CZE,"Revoluční 22/20, 430 01  Chomutov 1",13.420139445653263,50.46082096195818
CZE,"Karlínské náměstí 59/12, Karlín, 186 00  Praha 86",14.44644330742139,50.09227689359909
CZE,"Skautská 1045/3, Poruba, 708 00  Ostrava 8",18.178239687428913,49.82628457240122
CZE,"Loretánské náměstí 109/3, Hradčany, 118 00  Praha 011",14.391154597695532,50.08805015128482
CZE,"Strnadova 48, 547 01  Náchod 1",16.162732446641996,50.41577539891739
CZE,"Václavské náměstí 831/21, Nové Město, 110 00  Praha 1",14.426614490536338,50.082500996106546
CZE,"Univerzitní 684/8, Malešice, 108 00  Praha 108",14.503494479927923,50.08657007482208
CZE,"Huřviny 67, Rakovník II, 270 36  Lubná u Rakovníka",13.724384593649006,50.082734138743376
CZE,"Huřviny 67, 269 01 Rakovník",13.724384593649006,50.082734138743376
CZE,"Klánovická 485/43, Hloubětín, 198 00  Praha 98",14.543170889161132,50.10553924371746
CZE,"Francouzská 284/94, Vršovice, 101 00  Praha 101",14.448316243685923,50.07181042342998
CZE,"Domažlická 1010/178, Skvrňany, 318 00  Plzeň 18",13.32064407566591,49.73382434329662
CZE,"Heverova 249, Kolín IV, 280 02  Kolín 2",15.206798769164266,50.02407192253696
CZE,"Olšanská 55/5, Žižkov, 130 00  Praha 3",14.465986049951056,50.08382022384731
CZE,"V jámě 699/1, Nové Město, 110 00  Praha 1",14.424276693921655,50.08044877093306
CZE,"Tylova 749/38, Jižní Předměstí, 301 00  Plzeň 1",13.367188867818186,49.74499218154
CZE,"Hodkovická 1180/52a, Liberec VI-Rochlice, 460 06  Liberec 6",15.058484931969303,50.742538487884474
CZE,"Ptácká 156/115, Mladá Boleslav IV, 293 01  Mladá Boleslav 1",14.900599799538298,50.42128758990265
CZE,"Podvinný mlýn 2178/6, Libeň, 190 00  Praha 9",14.486609135981013,50.10775969368768
CZE,"Újezd 450/40, Malá Strana, 118 00  Praha 011",14.404897147046825,50.08345992773931
CZE,"Prokopova 572/14, Žižkov, 130 00  Praha 3",14.453117230186763,50.08622469850175
CZE,"Lisabonská 4/2394, 190 00 Praha 9",14.496877135008987,50.104556339841594
CZE,"Hrnčířská 2985, 470 01  Česká Lípa 1",14.537165674631098,50.681317653824266
CZE,"Za Mototechnou 2653/10, Stodůlky, 155 00  Praha 515",14.329201855850044,50.059003336382574
CZE,"Týnská 632/10, Staré Město, 110 00  Praha 1",14.423772773902755,50.08864476349606
CZE,"Chodovská 228/3, Michle, 141 00  Praha 41",14.472125374931892,50.052640717501106
CZE,"28. října 106/20, Liberec VII-Horní Růžodol, 460 07  Liberec 7",15.045171452241561,50.75573885382886
CZE,"Moskevská 949/86, Vršovice, 101 00  Praha 101",14.46160164403804,50.06479682403841
CZE,"Panská 25, 686 04  Kunovice",17.46575126306422,49.042235607766656
CZE,"Národní 58/32, Nové Město, 110 00  Praha 1",14.420472902441617,50.082510719114225
CZE,"5. května 1352, 756 61  Rožnov pod Radhoštěm 1",18.137268441793168,49.46143222947671
CZE,"Gorkého 90/48, Veveří, 602 00  Brno 2",16.593073101990427,49.19920447245204
CZE,"Klimentská 1216/46, Nové Město, 110 00  Praha 1",14.433579432979968,50.09235937152633
CZE,"Jiřího ze Vtelna 1731/11, Horní Počernice, 193 00  Praha 913",14.608182690389526,50.11640604590829
CZE,"kpt. Jaroše 510, 432 01  Kadaň 1",13.27052071377193,50.37842873967179
CZE,"Plzeňská 3350/18, Smíchov, 150 00  Praha 5",14.397929270937084,50.07233165207893
CZE,"Kalikova 298/1, Jižní Předměstí, 301 00  Plzeň 1",13.365614243487641,49.74858537770277
CZE,"Dr. Milady Horákové 185/66, Liberec VII-Horní Růžodol, 460 07  Liberec 7",15.055510865084585,50.755993496047324
CZE,"Doudlevecká 730/26, Jižní Předměstí, 301 00  Plzeň 1",13.379435079814613,49.7390739292554
CZE,"Hybernská 1009/24, Nové Město, 110 00  Praha 1",14.433809180946014,50.08714301981365
CZE,"Na strži 2097/63, Krč, 140 00  Praha 4",14.439630412701348,50.04979392981613
CZE,"Prokopka 176/2, Vysočany, 190 00  Praha 9",14.491200491083418,50.10107617364315
CZE,"Erbenova 376/2, Liberec VIII-Dolní Hanychov, 460 08  Liberec 8",15.027220265486847,50.74859579594275
CZE,"Hodkovická 203, Liberec XXIII-Doubí, 463 12  Liberec 25",15.056617108665705,50.73929854703104
CZE,"Tylova 472/25, Jižní Předměstí, 301 00  Plzeň 1",13.368801965084288,49.74457719351378
CZE,"Slovanská 439/41, Východní Předměstí, 326 00  Plzeň 26",13.389991081035703,49.73560130676981
CZE,"Zájezdní 145/1, Bosonohy, 642 00  Brno 42",16.530216371887462,49.17465785945518
CZE,"Hrbová 1561, 755 01  Vsetín 1",17.991551485840034,49.342039981550556
CZE,"1. máje 871/13, Liberec III-Jeřáb, 460 07  Liberec 7",15.053347076779858,50.76614787837778
CZE,"Vaníčkova 7, 160 17  Praha 6",14.390439286078532,50.07980181373645
CZE,"Václavské náměstí 808/66, Nové Město, 110 00  Praha 1",14.42973155268922,50.07929181683775
CZE,"Freyova 82/27, Vysočany, 190 00  Praha 9",14.501356004970773,50.10803432674521
CZE,"Slovanská alej 1993/28, Východní Předměstí, 326 00  Plzeň 26",13.40847116588077,49.72676422434242
CZE,"Zenklova 32/28, Libeň, 180 00  Praha 8",14.47316003705987,50.10502388240073
CZE,"Jugoslávská 659/11, Vinohrady, 120 00  Praha 2",14.431869860008305,50.0755439326519
CZE,"Chválkovice 580, 779 00  Olomouc 9",17.296083521701433,49.612633255129964
CZE,"Plzeňská 155/113, Košíře, 150 00  Praha 5",14.382235749802675,50.07087978072039
CZE,"Vídeňská 152/117c, Dolní Heršpice, 619 00  Brno 19",16.605798339753306,49.15513213218895
CZE,"Gočárova třída 312/52, Pražské Předměstí, 500 02  Hradec Králové 2",15.81099585434933,50.21196942320651
CZE,"Novinářská 1113/3, Mariánské Hory, 709 00  Ostrava 9",18.262201798270553,49.830246488484676
CZE,"Divadelní 614/6, Brno-město, 602 00  Brno 2",16.61384815192494,49.194812564735685
CZE,"Sobětice 26, Žimutice, 373 65  Dolní Bukovsko",14.547872214833205,49.19285346250649
CZE,"Dlouhá Lhota 153, 263 01  Dobříš",14.123106698562907,49.72084852853828
CZE,"Dělnická 187, 267 06  Hýskov",14.048843455523638,49.98899198136712
CZE,"Černého 795/35, Bystrc, 635 00  Brno 35",16.524981454259233,49.21414316129599
CZE,"třída Obránců míru 2767, 438 01  Žatec 1",13.547295766671795,50.32579281848194
CZE,"Kloboukova 2228/32, Chodov, 148 00  Praha 414",14.481509250812934,50.0381131190984
CZE,"Drnovice 583, 683 04  Drnovice",16.946044935354053,49.27637849900702
CZE,"U Cvičiště 1121/4, 312 16  Plzeň",13.424313968710749,49.755434943249185
CZE,"Škroupova 497/8, 500 02  Hradec Králové 2",15.824064582504349,50.21507558888527
CZE,"Nevřeň 129, 330 11  Třemošná",13.28183117009786,49.823419721714885
CZE,"Branická 1689/36, Braník, 147 00  Praha 47",14.41182269454552,50.03761393485479
CZE,"Geologa Pošepného 290, 514 01  Jilemnice",15.508792454148079,50.607280093528004
CZE,"K mírám 1205/2, Suchdol, 165 00  Praha 620",14.37994631676932,50.13624110731121
CZE,"Plzeňská 546/68, Smíchov, 150 00  Praha 5",14.39014558419126,50.072097042609045
CZE,"U Habrovky 247/11, Krč, 140 00  Praha 4",14.447292729489163,50.04045506475515
CZE,"K otočce 1876/20, Modřany, 143 00  Praha 412",14.41602429115028,50.01389084384493
CZE,"Křivatcová 277/6, Zličín, 155 21  Praha 517",14.288747186906988,50.06326373203811
CZE,"Jenišovice 362, 468 33  Jenišovice u Jablonce nad Nisou",15.137077595636754,50.635130182204364
CZE,"Dukelských hrdinů 564/34, Holešovice, 170 00  Praha 7",14.433268212915067,50.10165917691853
CZE,"Příborská 1473, Místek, 738 01  Frýdek-Místek 1",18.33098780286079,49.6704646151841
CZE,"Nad Pramenem 220, Příluky, 760 01  Zlín 1",17.71236839597688,49.219397692577644
CZE,"nám. Dr. E. Beneše 176/31, Liberec I-Staré Město, 460 01  Liberec 1",15.058997820624626,50.769873089515556
CZE,"Komunardů 1091/36, Holešovice, 170 00  Praha 7",14.45011852050672,50.10453777392607
CZE,"Na Hradbách 1440/16, Moravská Ostrava, 702 00  Ostrava 2",18.293873825247346,49.83759901013113
CZE,"Antala Staška 2027/79a, Krč, 140 00  Praha 4",14.44858957754849,50.0431412551753
CZE,"Janáčkovo nábřeží 86/7, Smíchov, 150 00  Praha 5",14.409532255683814,50.073511991684086
CZE,"Karla Čapka 211/1, 405 01  Děčín 1",14.2104574452203,50.781733105323156
CZE,"U továren 256/14, Hostivař, 102 00  Praha 102",14.540011666035298,50.05629912487058
CZE,"Roháčova 1101/89, Žižkov, 130 00  Praha 3",14.463051629468367,50.08878063414656
CZE,"Sokolská třída 451/11, Moravská Ostrava, 702 00  Ostrava 2",18.293316177229087,49.837336656561746
CZE,"Tyršova 1393, 256 01  Benešov u Prahy",14.68405727049526,49.78137802322459
CZE,"Čechova 164/1, České Budějovice 6, 370 01  České Budějovice 1",14.48203404177076,48.971097263959734
CZE,"Písecká 35, Vodňany I, 389 01  Vodňany",14.174617433070495,49.149291831603875
CZE,"Hanusova 826/29, Michle, 140 00  Praha 4",14.448995513119257,50.04886663986784
CZE,"Žirovnická 3133/6, Záběhlice, 106 00  Praha 106",14.492047650037364,50.0584665173937
CZE,"Chmelova 357/2, 500 03  Hradec Králové 3",15.828068952927396,50.20877788784392
CZE,"Václavská 2073/20, Nové Město, 120 00  Praha 2",14.41742557772315,50.075185899657754
CZE,"Želevčice 26, 274 01  Slaný 1",14.103710387881705,50.2591243340909
CZE,"Smečenská 291, 273 06  Libušín",14.054588495779115,50.16958679080457
CZE,"Nemyčeves 148, 506 01 Jičín 1",15.371810363313102,50.38337632565916
CZE,"Na poříčí 1071/17, Nové Město, 110 00  Praha 1",14.433268129096035,50.089923548554026
CZE,"Husova třída 105, Dolejší Předměstí, 344 01  Domažlice 1",12.933107871996754,49.44082963720004
CZE,"Na Moráni 1362/12, 430 01  Chomutov 1",13.417771641825226,50.44936968965891
CZE,"Havlíčkova 342/7, Vyškov-Předměstí, 682 01  Vyškov 1",16.996441547291568,49.28015500739224
CZE,"Sedláčkova 273/28, Vnitřní Město, 301 00  Plzeň 1",13.375794232532286,49.74841694335845
CZE,"Provaznická 425/16, 350 02  Cheb 2",12.368552075870582,50.07868391930995
CZE,"Žižkova 1 (bud. PVT), 370 01 České Budějovice",14.480394600104356,48.97247146041268
CZE,"Lešetínská 811/45, Fryštát, 733 01  Karviná 1",18.52470464935746,49.85391756978535
CZE,"Vinohradská 29/93, Vinohrady, 120 00  Praha 2",14.447690534613884,50.07722559388597
CZE,"Náchodská 2094/80, Horní Počernice, 193 00  Praha 913",14.605212898275454,50.11383255017634
CZE,"Roztylská 1860/1, Chodov, 148 00  Praha 414",14.499053328530408,50.02204442397786
CZE,"Pávovská 913/12a, 586 01  Jihlava 1",15.601488843374653,49.42568731001842
CZE,"Sluneční 328, 533 52  Staré Hradiště u Pardubic",15.764803605044648,50.06492598916634
CZE,"Bratranců Veverkových 2717, Zelené Předměstí, 530 02  Pardubice 2",15.771919421745423,50.03570617178255
CZE,"Národní 973/41, Staré Město, 110 00  Praha 1",14.421045554066552,50.083109606096116
CZE,"Zahradnická 38, 388 01  Blatná",13.882837348563044,49.42773458986903
CZE,"Karla Engliše 3221/2, Smíchov, 150 00  Praha 5",14.40213028080862,50.070183412204585
CZE,"Dr. Stejskala 113/2, 370 01  České Budějovice 1",14.474868771841216,48.97380361285704
CZE,"Rašovická 746, Miřetice u Klášterce nad Ohří, 431 51  Klášterec nad Ohří 1",13.19505542199829,50.3819467920726
CZE,"Václavské náměstí 2132/47, Nové Město, 110 00  Praha 1",14.428624973832001,50.08099589966284
CZE,"Havlíčkova 452/6, Jižní Předměstí, 301 00  Plzeň 1",13.372688150672559,49.742562351628465
CZE,"Veselá 169/24, Brno-město, 602 00  Brno 2",16.605917781873558,49.19625215660605
CZE,"Malá Štěpánská 542/14, Nové Město, 120 00  Praha 2",14.423992882680153,50.076256645878885
CZE,"U Stadionu 911/1, Beroun-Město, 266 01  Beroun 1",14.074370374006378,49.96146317103947
CZE,"Ve Smečkách 1258/6, Nové Město, 110 00  Praha 1",14.426674840239201,50.07779916752028
CZE,"Na Kozačce 1288/6, Vinohrady, 120 00  Praha 2",14.442356291433043,50.07135943512961
CZE,"Mikulášské náměstí 529/16, Východní Předměstí, 326 00  Plzeň 26",13.388492564385984,49.739050418017
CZE,"Seifertova 823/9, Žižkov, 130 00  Praha 3",14.440676641855703,50.085435207041655
CZE,"Pražákova 773/52c, Horní Heršpice, 619 00  Brno 19",16.603840913904747,49.16662116496201
CZE,"Jiráskova 41, 602 00  Brno",16.595511481443197,49.20282335914803
CZE,"Karlovo náměstí 288/17, Nové Město, 120 00  Praha 2",14.419194913664455,50.0771752605574
CZE,"Smíchov Gate, Plzeňská 3217/16, 150 00 Praha 5",14.399914105609014,50.07205521691222
CZE,"Purkyňova 2640/93, Královo Pole, 612 00  Brno 12",16.58133273785066,49.224043907236336
CZE,"Komenského 295/44, 680 01  Boskovice",16.654206261343433,49.490007939510974
CZE,"Údolní 326/11, Brno-město, 602 00  Brno 2",16.60126850782021,49.19653093870568
CZE,"Božetěchova 1/2, Královo Pole, 612 00  Brno 12",16.59711636444419,49.22654393558696
CZE,"Tichá 142/6, 268 01  Hořovice",13.893617398056023,49.838082436396775
CZE,"Pobřežní 620/3, Karlín, 186 00  Praha 86",14.441299249623569,50.093150790824154
CZE,"Jana Masaryka 194/39, Vinohrady, 120 00  Praha 2",14.439928389359238,50.07234468593836
CZE,"Líny 12, Bukovno, 294 25  Katusice",14.817557937846317,50.44914916178638
CZE,"V Zátiší 810/1, Mariánské Hory, 709 00  Ostrava 9",18.2504504538376,49.82711035750205
CZE,"Jažlovická 1333/6, Chodov, 149 00  Praha 415",14.523819421661926,50.0248144753393
CZE,"Sokolovská 731/18, 741 01  Nový Jičín 1",18.01189754997003,49.59595347735842
CZE,"Chrášťany 185, 252 19 Chrášťany",13.668088211523411,50.14508183586648
CZE,"Italská 1219/2, Vinohrady, 120 00  Praha 2",14.435131593809984,50.076145082747644
CZE,"Štítného 253, 394 70  Kamenice nad Lipou",15.080907193515884,49.29671919871899
CZE,"Chomutovská 420, 431 11  Jirkov 1",13.449745836411495,50.493793189755536
CZE,"Fričova 892/13, Vinohrady, 120 00  Praha 2",14.43585201838792,50.06771523508601
CZE,"Na Moráni 1957/5, Nové Město, 128 00  Praha 28",14.415881128244052,50.073520583134865
CZE,"Židovická 154, Vtelno, 434 01  Most 1",13.672356444258412,50.487037501524696
CZE,"K Zámečku 887, 789 61  Bludov",16.936270881880205,49.95367072520483
CZE,"Pobřežní 370/4, Karlín, 186 00  Praha 86",14.438685436937334,50.09202849589849
CZE,"Masarykovo náměstí 155, 686 01  Uherské Hradiště 1",17.461241966793892,49.06882866242381
CZE,"Žebětínská 262/63, Kohoutovice, 623 00  Brno 23",16.53520712467619,49.19561949055438
CZE,"Pod višňovkou 1661/31, Krč, 140 00  Praha 4",14.452474589670288,50.030450257486876
CZE,"Božanovská 884/10, Horní Počernice, 193 00  Praha 913",14.598733854758905,50.11164642409963
CZE,"Serafinova 359/6, Kunčice, 719 00  Ostrava 19",18.288867901213877,49.79373336760037
CZE,"Klimentská 52, 11000 Praha 1",14.435111477242373,50.09243539538812
CZE,"5. května 213/4, Pražské Předměstí, 418 01  Bílina 1",13.773051264590151,50.54566992006528
CZE,"IBC, Pobřežní 620/3, Karlín, 186 00  Praha 86",14.441299249623569,50.093150790824154
CZE,"náměstí Míru 63/37, Město, 568 02  Svitavy 2",16.470655489932113,49.7555648627484
CZE,"Prešovská 337/6, Vnitřní Město, 301 00  Plzeň 1",13.375728266954297,49.74666579614703
CZE,"Třebohostická 3069/14, Strašnice, 100 00  Praha 10",14.510554976067766,50.07576936393778
CZE,"Jungmannova 36/31, Nové Město, 110 00  Praha 1",14.422129753242302,50.08247853260602
CZE,"Masarykovo náměstí 35/16, Brandýs nad Labem, 250 01  Brandýs nad Labem-Stará Boleslav 1",14.661197641240989,50.18598552336263
CZE,"Kašparova 73, Liberec XXV-Vesec, 463 12  Liberec 25",15.062472287128912,50.739031876781496
CZE,"Čapkova 2137, Horní Litvínov, 436 01  Litvínov 1",13.614081262431142,50.596441286893764
CZE,"Ctiborova 3091, 272 01  Kladno 1",14.104144402828126,50.14186842373658
CZE,"K Dolíkám 809/8b, Svobodné Dvory, 503 11  Hradec Králové 15",15.78529383790925,50.224700276844516
CZE,"Pernerova 10/32, Karlín, 186 00  Praha 86",14.452810033435384,50.090788896237854
CZE,"Zábřežská 786/20, 787 01  Šumperk 1",16.964485373797118,49.96331578118881
CZE,"Jahnova 867/12, Mariánské Hory, 709 00  Ostrava 9",18.251318483730472,49.825493865565164
CZE,"Rooseveltova 472/79, Nové Sady, 779 00  Olomouc 9",17.259170877402255,49.58085637054447
CZE,"Husitská 622, Svítkov, 530 06  Pardubice 6",15.733947556341974,50.02705307212986
CZE,"Na záhonech 1385/71, Michle, 141 00  Praha 41",14.465495960072388,50.05049448928352
CZE,"Zbrojnická 229/1, Vnitřní Město, 301 00  Plzeň 1",13.378537713260641,49.74637745867781
CZE,"náměstí I. P. Pavlova 1789/5, Nové Město, 120 00  Praha 2",14.42964446471521,50.07518095433488
CZE,"Moskevská 658/41, Liberec IV-Perštýn, 460 01  Liberec 1",15.058195169576521,50.76707185747432
CZE,"Peškova 531, Mojžíř, 403 31  Ústí nad Labem 16",14.106117335197581,50.68033567195775
CZE,"Na příkopě 853/12, Nové Město, 110 00  Praha 1",14.425213120144434,50.08513454817475
CZE,"Podnikatelská 565, Běchovice, 190 11  Praha 911",14.618029917878118,50.09269779086705
CZE,"Janáčkova 1025/16, Moravská Ostrava, 702 00  Ostrava 2",18.28265313910444,49.836757802328435
CZE,"V olšinách 2300/75, Strašnice, 100 00  Praha 10",14.504443898100618,50.0735901110217
CZE,"Báňská 287, 434 01  Most 1",13.632917410523135,50.501146759139914
CZE,"Karolinská 706/3, Karlín, 186 00  Praha 86",14.44483121598364,50.09460220117802
CZE,"Vinohradská 3217/167, Strašnice, 100 00  Praha 10",14.487983851920802,50.07758920084572
CZE,"Slušovice 520, 763 15  Slušovice",17.801595934574294,49.25843900500723
CZE,"Na poříčí 1047/26, Nové Město, 110 00  Praha 1",14.433943123758752,50.08970960047549
CZE,"Vršovická 817/5, Vršovice, 101 00  Praha 101",14.449575373180949,50.06613994020324
CZE,"Na baště sv. Ludmily 252/3, Hradčany, 160 00  Praha 6",14.40814211704216,50.09584582415215
CZE,"Olšanská 2643/1a, Žižkov, 130 00  Praha 3",14.462503369181661,50.0832850812391
CZE,"Na strži 2102/61a, Krč, 140 00  Praha 4",14.43983300330109,50.04911683967762
CZE,"Táboritská 1000/23, Žižkov, 130 00  Praha 3",14.457450674128467,50.0829187082513
CZE,"Politických vězňů 912/10, Nové Město, 110 00  Praha 1",14.42966801786315,50.08245062086846
CZE,"Na Harfě 246/3, Vysočany, 19000 Praha 9",14.501597005239747,50.10266486433971
CZE,"Nádražní 1622/13b, 692 01  Mikulov na Moravě",16.62999873823952,48.80216008927775
CZE,"Počernická 699/62, Malešice, 108 00  Praha 108",14.499688592972092,50.08142006587303
CZE,"Římská 103/12, Vinohrady, 120 00  Praha 2",14.43324725815711,50.07776844784513
CZE,"Na Pankráci 1062/58, Nusle, 140 00  Praha 4",14.433185902625866,50.057733603780036
CZE,"Zborovská 807/5, Liberec I-Staré Město, 460 01  Liberec 1",15.068825685916863,50.77752006742057
CZE,"Sládkova 2666/27, Moravská Ostrava, 702 00  Ostrava 2",18.270623934581238,49.836274920886524
CZE,"U Královské louky 892/6, Smíchov, 150 00  Praha 5",14.409805338089257,50.062966006837314
CZE,"Bílovecká 483/44, Svinov, 721 00  Ostrava 21",18.19999240254984,49.817456835795866
CZE,"28. října 864/273, Mariánské Hory, 709 00  Ostrava 9",18.24777872220045,49.82632182996082
CZE,"Mojmírovců 167/9, Mariánské Hory, 709 00  Ostrava 9",18.254464463449295,49.82962107277925
CZE,"Velká nad Veličkou 990, 696 74  Velká nad Veličkou",17.510848919633247,48.89413814940218
CZE,"Václavské náměstí 837/11, Nové Město, 110 00  Praha 1",14.425262573373175,50.08334727496066
CZE,"Nad Tyrkou 103, Kanada, 739 61  Třinec 1",18.65052908596141,49.67657933927913
CZE,"Vodičkova 791/41, Nové Město, 110 00  Praha 1",14.425534063217015,50.08197390012535
CZE,"Masarykova 412/32, Brno-město, 602 00  Brno 2",16.610665291832134,49.19146764054497
CZE,"Politických vězňů 1272/21, Nové Město, 110 00  Praha 1",14.431280276938935,50.08169394455928
CZE,"Elektrárenská 774/2, Michle, 101 00  Praha 101",14.475600009074242,50.06176915488288
CZE,"Sladkovského 2824, Zelené Předměstí, 530 02  Pardubice 2",15.77427213814775,50.03528653180007
CZE,"Rybná 716/24, Staré Město, 110 00  Praha 1",14.425970676553419,50.0902634347278
CZE,"Hybernská 1613/38, Nové Město, 110 00  Praha 1",14.436064667271467,50.08682232819814
CZE,"Mánesova 812/6, Vinohrady, 120 00  Praha 2",14.434879549981503,50.07936063226282
CZE,"náměstí Kinských 741/6, Smíchov, 150 00  Praha 5",14.404810981082164,50.07818993184631
CZE,"Pernerova 293/11, Karlín, 186 00  Praha 86",14.446557888037773,50.08969216611689
CZE,"V Horkách 936, 289 11  Pečky",15.037424729688752,50.094565446532584
CZE,"Ant. Barcala 404/38, České Budějovice 2, 370 05  České Budějovice 5",14.438200040924443,48.98386826691399
CZE,"Masarykovo nám. 33, 783 91  Uničov 1",17.12114440143162,49.770181099777204
CZE,"Macharova 43, 251 69  Velké Popovice",14.641663196795463,49.922657390089086
CZE,"Hlubinská 1378/36, Moravská Ostrava, 702 00  Ostrava 2",18.270066957115233,49.82082573222965
CZE,"Ohradní 1166/26, Michle, 140 00  Praha 4",14.457182285588772,50.05251511468202
CZE,"Polepská 867, Kolín IV, 280 02  Kolín 2",15.207205207649253,50.017294273719784
CZE,"Dragounská 462/3, Štěrboholy, 102 00  Praha 102",14.550463647837972,50.074893664603536
CZE,"Náchodská 272, 549 11  Dolní Radechová",16.1587115638697,50.43086718322283
CZE,"Havířská 307, 580 01  Havlíčkův Brod 1",15.583823479518202,49.60070392098311
CZE,"Jankovcova 1037/49, Holešovice, 170 00  Praha 7",14.454215846235968,50.10750253689824
CZE,"Národní 365/43, Staré Město, 110 00  Praha 1",14.421540421630056,50.08305323779726
CZE,"Na Ovčíně 52, 252 68  Středokluky",14.24001429893076,50.13226766611089
CZE,"Vackova 1551/6, Stodůlky, 155 00  Praha 515",14.3124233811686,50.045009707121636
CZE,"Italská 2581/67, Vinohrady, 120 00  Praha 2",14.439709454048284,50.08410918995929
CZE,"Nad Tyrkou 103, 739 61  Třinec III - Kanada",18.65052908596141,49.67657933927913
CZE,"Holandská 878/2, Štýřice, 639 00  Brno 39",16.605733715279825,49.180266987150645
CZE,"Smetanova 1912/5, 737 01  Český Těšín 1",18.62687937851385,49.74604079953676
CZE,"Freyova 12/1, 190 00 Praha 9",14.50315067942712,50.102134996607035
CZE,"Resslova 956/13, 500 02  Hradec Králové 2",15.824014542542415,50.21610974809906
CZE,"Šaldova 388/5, Karlín, 186 00  Praha 86",14.455056634943503,50.0937975803827
CZE,"U vodárny 2965/2, Královo Pole, 616 00  Brno 16",16.574709022685283,49.22400501520559
CZE,"V Honech 500, 250 67  Klecany",14.411409634357057,50.18239681151806
CZE,"Malešická 2679/49, Žižkov, 130 00  Praha 3",14.484912219683139,50.08722294126042
CZE,"Újezd 415/15, Malá Strana, 150 00  Praha 5",14.404203796016134,50.080715147815965
CZE,"Bellova 124/22, Petrovice, 109 00  Praha 111",14.558700376450417,50.03524491565079
CZE,"Orebitská 616/9, Žižkov, 130 00  Praha 3",14.446860977656598,50.08620479148169
CZE,"Chlumova 206/21, Žižkov, 130 00  Praha 3",14.452734931582938,50.0860815355955
CZE,"Ke Krči 735/28, Braník, 147 00  Praha 47",14.410821140935099,50.03669972067544
CZE,"Václavské náměstí 816/49, Nové Město, 110 00  Praha 1",14.42913031877444,50.080633633807594
CZE,"1. máje 59/5, Liberec III-Jeřáb, 460 07  Liberec 7",15.054088959029912,50.766500840320475
CZE,"Paříkova 910/11a, Vysočany, 190 00  Praha 9",14.497566295088063,50.111454310878855
CZE,"Do Čertous 2760/10, Horní Počernice, 193 00  Praha 913",14.611009906330622,50.12244826654086
CZE,"Petřínská 1072/2, Lobzy, 326 00  Plzeň 26",13.407541780456683,49.73049865557368
CZE,"Pražákova 1008/69, Štýřice, 639 00  Brno 39",16.605593653677772,49.17616588956497
CZE,"Tovačovského 1166/4, Žižkov, 130 00  Praha 3",14.46167741644274,50.08735881191089
CZE,"Komárno 1235, 691 51 Lanžhot",16.97222002640936,48.72198999334219
CZE,"Dobrovského 468/21, Přívoz, 702 00  Ostrava 2",18.26562295587064,49.85710474655829
CZE,"Podolská 236/90, Podolí, 147 00  Praha 47",14.418417575963957,50.05321408158784
CZE,"Denisovo nábřeží 2568/6, Východní Předměstí, 301 00  Plzeň 1",13.382521296563795,49.74463209497958
CZE,"Gorkého 1613, Horní Litvínov, 436 01  Litvínov 1",13.623795972030507,50.60832812479154
CZE,"Božanovská 2098, Horní Počernice, 193 00  Praha 913",14.59911321969662,50.11014853609268
CZE,"Jičínská 1346/6, Vinohrady, 130 00  Praha 3",14.46124449114373,50.07732479371006
CZE,"K jezeru 917/29, Háje, 149 00  Praha 415",14.53308737582205,50.036945394257515
CZE,"Štěrboholská 353/98, Hostivař, 102 00  Praha 102",14.534233601081297,50.06317408758363
CZE,"Spálená 165, Město, 344 01  Domažlice 1",12.930212427363841,49.44113955806995
CZE,"Hasičská 551/52, Hrabůvka, 700 30  Ostrava 30",18.2599535203818,49.79236372271197
CZE,"Vraclavská 200, Pražské Předměstí, 566 01  Vysoké Mýto",16.151042373921285,49.95566637253188
CZE,"Budějovická 778/3a, Michle, 140 00  Praha 4",14.44323379287647,50.048927660122956
CZE,"Bezděčín 116, 293 01  Mladá Boleslav 1",14.901841913769886,50.39900983236683
CZE,"Týn 638/5, Staré Město, 110 00  Praha 1",14.423904537420668,50.088307810988425
CZE,"Petržílkova 2261/24, Stodůlky, 158 00  Praha 58",14.346323904742633,50.051600104221876
CZE,"Oblačná 450/1, Liberec V-Kristiánov, 460 05  Liberec 5",15.064068369131576,50.76467861457013
CZE,"Londýnská 576/46, Vinohrady, 120 00  Praha 2",14.4339665092686,50.07468143481515
CZE,"Nádražní 385/34, Moravská Ostrava, 702 00  Ostrava 2",18.28545319767923,49.83776266679064
CZE,"Chodouň 213, 267 51  Zdice",13.986415040672938,49.89242537407782
CZE,"Pálenecká 182/49, Svobodné Dvory, 503 11  Hradec Králové 15",15.797212149853465,50.21519595301487
CZE,"Podnikatelská 565, Běchovice, 190 11  Praha 911, Běchovice, 190 11  Praha 911",14.618029917878118,50.09269779086705
CZE,"Počernická 272/96, Malešice, 108 00  Praha 108",14.50957228173948,50.08291887588936
CZE,"Fr. Louckého 884, Brumov, 763 31  Brumov-Bylnice",18.023893226880517,49.09045594236369
CZE,"Libušská 319/126, 142 00 Praha",14.467205533044051,50.00166147947388
CZE,"sady Pětatřicátníků 316/6, Vnitřní Město, 301 00  Plzeň 1",13.373946861072426,49.74621179036154
CZE,"Železná 45, Mladá Boleslav I, 293 01  Mladá Boleslav 1",14.90532115795898,50.411326871445084
CZE,"Sudoměřská 1293/32, Žižkov, 130 00  Praha 3",14.458699493882563,50.08044290360084
CZE,"Pavlovova 1351/44, Zábřeh, 700 30  Ostrava 30",18.23895467363249,49.79587113009575
CZE,"Elišky Krásnohorské 1298/4, Podlesí, 736 01  Havířov 1",18.445946359283255,49.77189943183768
CZE,"Horní náměstí 131/48, Město, 746 01  Opava 1",17.903065242759453,49.93932631329602
CZE,"Dobrovodská 2054/53a, České Budějovice 5, 370 06  České Budějovice 6",14.49962346558442,48.97172858890693
CZE,"Pod vrstevnicí 1530/20, 140 00 Praha 4",14.440221923608448,50.03686895130056
CZE,"Na Hřebenkách 815/130, Smíchov, 150 00  Praha 5",14.378103974451363,50.07588427983032
CZE,"Rychtaříkova 2173/1, Východní Předměstí, 326 00  Plzeň 26",13.398395447711636,49.732098174156675
CZE,"Břežánecká 758/4, Jinonice, 158 00  Praha 58",14.350686182431275,50.05529811608386
CZE,"K Vypichu 1087, 252 19  Rudná",14.205614213927475,50.01958500594813
CZE,"Jakuba Obrovského 228/1a, Bystrc, 635 00  Brno 35",16.532920038575725,49.22596281823979
CZE,"Revoluční 14, 507 91  Stará Paka",15.492689309405478,50.511357635497745
CZE,"Nádražní 43/84, Smíchov, 150 00  Praha 5",14.406551650914622,50.068547767618924
CZE,"Elišky Krásnohorské 1542/7, Ústí nad Labem-centrum, 400 01  Ústí nad Labem 1",14.038718451763827,50.66354110402219
CZE,"Špitálská 833, 684 01  Slavkov u Brna",16.865879407555752,49.152987664171036
CZE,"Horní 1642/55a, Hrabůvka, 700 30  Ostrava 30",18.25603330426665,49.78838646774571
CZE,"Sokolovské náměstí 259/19, 460 01 Liberec",15.055586904915916,50.77038690938456
CZE,"Václavské náměstí 802/56, Nové Město, 110 00  Praha 1",14.428629500059714,50.08014450784779
CZE,"Polská 1090/4, Vinohrady, 120 00  Praha 2",14.43893731312778,50.07874016188026
CZE,"Na Slatince 3284/1, Záběhlice, 106 00  Praha 106",14.492897239743229,50.05589779934655
CZE,"Václavské náměstí 841/3, Nové Město, 110 00  Praha 1",14.424474423017585,50.08388141174049
CZE,"Na Cihlářce 3177/30, Smíchov, 150 00  Praha 5",14.388643882418364,50.065900092043876
CZE,"Vysoká 145, Rakovník I, 269 01  Rakovník 1",13.731405275748756,50.10578843769886
CZE,"Střední 1445, 783 91  Uničov 1",17.119834393784316,49.773367354540795
CZE,"Pod Krejcárkem 975/2, Žižkov, 130 00  Praha 3",14.477182512393767,50.09675861340796
CZE,"Majdalenky 908/10b, Lesná, 638 00  Brno 38",16.62400106742234,49.235673211159025
CZE,"Sv. Ducha 2279/7, Pod Bezručovým vrchem, 794 01  Krnov 1",17.707143620451518,50.09151170965819
CZE,"Revoluční 763/15, Staré Město, 110 00  Praha 1",14.427441449103611,50.09132093754192
CZE,"Na Jarově 2425/4, Žižkov, 130 00  Praha 3",14.48998620477039,50.08929213978783
CZE,"Dělostřelecká 344, Příbram I, 261 01  Příbram 1",14.007005940194716,49.701996245282714
CZE,"Vážní 908, Slezské Předměstí, 500 03  Hradec Králové 3",15.854090487516515,50.22837947133388
CZE,"Stará 87, 272 01  Kladno 1",14.102532479028469,50.14583344112421
CZE,"Thámova 221/7, Karlín, 186 00  Praha 86",14.45265329184599,50.09143593725349
CZE,"Rubešova 645/29, Východní Předměstí, 326 00  Plzeň 26",13.391860496900904,49.74169687821609
CZE,"Perlová 60/14, Vnitřní Město, 301 00  Plzeň 1",13.380386593463072,49.74860100995218
CZE,"Malá Štěpánská 1932/3, Nové Město, 120 00  Praha 2",14.422067894796868,50.0766486255809
CZE,"K Rybníčkům 12, 747 81  Otice",17.873238491766728,49.91548344488976
CZE,"Šumavská 416/15, Ponava, 602 00  Brno 2",16.5985087661997,49.212131001619696
CZE,"Jakubské náměstí 580/4, Brno-město, 602 00  Brno 2",16.60810872754459,49.19691193811451
CZE,"Na okraji 335/42, Veleslavín, 162 00  Praha 616",14.34205164869411,50.08910610344685
CZE,"Jaurisova 515/4, Michle, 140 00  Praha 4",14.44903675208289,50.059488522847886
CZE,"Za Humny 737/18, 664 48  Moravany u Brna",16.578929981486368,49.14233464242068
CZE,"Bratislavská 2808, 690 02  Břeclav 2",16.905929649670583,48.74879594833999
CZE,"Blatenská 726/3, Lobzy, 326 00  Plzeň 26",13.405438090397723,49.73297366394334
CZE,"Poděbradova 4, Dolejší Předměstí, 344 01  Domažlice 1",12.933453206407592,49.440889064893554
CZE,"K učilišti 35/16, Štěrboholy, 102 00  Praha 102",14.55048745244298,50.07289332341071
CZE,"Bezděčín 11, 293 01  Mladá Boleslav 1",14.898612450295417,50.38511833659612
CZE,"Karolinská 654/2, Karlín, 186 00  Praha 86",14.445002877360679,50.0943297893248
CZE,"Sukova třída 1556, Zelené Předměstí, 530 02  Pardubice 2",15.770088730272874,50.03885194195382
CZE,"Žukovského 888/2, Ruzyně, 161 00  Praha 614",14.309132813619982,50.09021603506534
CZE,"Dělnická 235, Kročehlavy, 272 01  Kladno 1",14.12003196502107,50.14347762341774
CZE,"Husova 1229, 464 01  Frýdlant v Čechách",15.083781180476677,50.923381024470274
CZE,"Kloboukova 1231/75, Chodov, 148 00  Praha 414",14.481323843114694,50.03778094427557
CZE,"Prosecká 685/111, Prosek, 190 00  Praha 9",14.501970566111595,50.12039369443451
CZE,"Přístavní 531/24, Holešovice, 170 00  Praha 7",14.451559956395784,50.10409332351017
CZE,"Hronova 1078, 395 01  Pacov",15.002856336069698,49.47090076257982
CZE,"Sytno 1, 349 01 Sytno",13.042405123376483,49.74016973736704
CZE,"Vinohradská 2396/184, Vinohrady, 130 00  Praha 3",14.472267029095576,50.0781180989361
CZE,"Tepelská 606/7, Úšovice, 353 01  Mariánské Lázně 1",12.70925523373728,49.947174750243875
CZE,"Modrá 1977/2, Stodůlky, 155 00  Praha 515",14.336528980329888,50.04567958882342
CZE,"Komenského náměstí 381/20, 767 01  Kroměříž 1",17.3967565490849,49.29981635385184
CZE,"Hroznatova 773/3, Úšovice, 353 01  Mariánské Lázně 1",12.710293500083623,49.9505871068456
CZE,"Vítkovická 3083/1, Moravská Ostrava, 702 00  Ostrava 2",18.280469234232072,49.83092320143754
CZE,"Havlíčkova 728/3, Jižní Předměstí, 301 00  Plzeň 1",13.372534258930273,49.7428337576533
CZE,"Na Plzeňce 1236/4, Smíchov, 150 00  Praha 5",14.40972679965651,50.06501441824483
CZE,"Divadelní 616/4, Brno-město, 602 00  Brno 2",16.613625863852747,49.19499663132942
CZE,"Václavské náměstí 799/48, Nové Město, 110 00  Praha 1",14.427716207889716,50.080758440345875
CZE,"Plzeňská 140/235, Stodůlky, 155 00  Praha 515",14.320168259702712,50.06479963197597
CZE,"Dvořákova 1346/13, Moravská Ostrava, 702 00  Ostrava 2",18.291838112423108,49.83843204557823
CZE,"Optátova 708/37, Jundrov, 637 00  Brno 37",16.55259337115689,49.2117179414312
CZE,"Nemanická 2722, České Budějovice 3, 370 10  České Budějovice 10",14.481564403735831,49.00343883736218
CZE,"Purkyňova 1024/21, Jižní Předměstí, 301 00  Plzeň 1",13.37587855447822,49.740960653750676
CZE,"Stránského 3033/28, Žabovřesky, 616 00  Brno 16",16.56811036941042,49.21276953500359
CZE,"Zahradní 1917/4, Moravská Ostrava, 702 00  Ostrava 2",18.2886964074749,49.83770365819228
CZE,"Prvního pluku 143/12, Karlín, 186 00  Praha 86",14.44253365250421,50.091560534244195
CZE,"Na poříčí 1041/12, Nové Město, 110 00  Praha 1",14.431270637750288,50.08898314092727
CZE,"náměstí Svobody 1, Místek, 738 01  Frýdek-Místek 1",18.34145713520303,49.67582169905111
CZE,"Holubinková 169/8, Pitkovice, 104 00  Praha 114",14.583877937208797,50.016317572452266
CZE,"nám. T. G. Masaryka 588, 760 01  Zlín 1",17.66549997854304,49.22152175066131
CZE,"Nádražní 397, 580 01  Havlíčkův Brod 1",15.587005333782628,49.6000329077244
CZE,"Majora Frymla 619/24, 293 01 Mladá Boleslav",14.90881223287143,50.420099037565556
CZE,"Železniční 119/7, Východní Předměstí, 326 00  Plzeň 26",13.394255374276185,49.74355439177879
CZE,"Žižkova 1520, 583 01  Chotěboř",15.673155456629189,49.71149507896578
CZE,"Janáčkovo nábřeží 1153/13, Smíchov, 150 00  Praha 5",14.409130259607508,50.07429402325036
CZE,"Drtinova 557/10, Smíchov, 150 00  Praha 5",14.402265480906834,50.076387110201836
CZE,"Štefánikova 123/63, Ponava, 612 00  Brno 12",16.599043699260363,49.216288802780355
CZE,"Jabloňová 2136/11, Záběhlice, 106 00  Praha 106",14.496061240553871,50.057120760929365
CZE,"Na Florenci 2116/15, Nové Město, 110 00  Praha 1",14.435311804728258,50.089155640494624
CZE,"Na Perštýně 1 (č.p. 342), 9.p. Staré Město, 110 00  Praha 1",14.41889819429204,50.08260208185882
CZE,"Moskevská 373/37, Vršovice, 101 00  Praha 101",14.455392833079856,50.06920746530835
CZE,"Zahradní 173/2, Východní Předměstí, 326 00  Plzeň 26",13.386208495770688,49.736413555097016
CZE,"Machkova 587/42, Třebeš, 500 11  Hradec Králové 11",15.830377161423854,50.188050111843296
CZE,"Malinovského náměstí 603/4, Brno-město, 602 00  Brno 2",16.614163060027238,49.19540633875664
CZE,"Cihlářská 1384/9, 268 01  Hořovice",13.92104834966409,49.83315961893328
CZE,"Jihoslovanská 2188/8, 796 01  Prostějov 1",17.119345142095966,49.47205754903706
CZE,"Blanická 1008/28, Vinohrady, 120 00  Praha 2",14.439616414923051,50.07763915698865
CZE,"Jeremiášova 1945/6, České Budějovice 3, 370 01  České Budějovice 1",14.48562551964335,48.97732757449958
CZE,"Křižíkova 1703, 256 01  Benešov u Prahy",14.680575930830372,49.77281117335559
CZE,"Lipová 1108, 691 42  Valtice",16.76737192867668,48.74064672679671
CZE,"Zelený pruh 1560/99, Braník, 14050 Praha 4",14.428960669054163,50.03958016170168
CZE,"Sochorova 3226/40, Žabovřesky, 616 00  Brno 16",16.564570104966208,49.212736091209905
CZE,"Nad vinicí 1630/9, Modřany, 143 00  Praha 412",14.406549806895924,50.011631795210604
CZE,"Thámova 132/28, Karlín, 186 00  Praha 86",14.451953738206981,50.09345245551944
CZE,"Lucemburská 1578/25, Žižkov, 130 00  Praha 3",14.455982416149226,50.07928791925278
CZE,"Novohradská 1058/71, České Budějovice 6, 370 08  České Budějovice 8",14.500008697854355,48.954387814250964
CZE,"Mostecká 2087/17, 390 02  Tábor 2",14.675087041535932,49.409481612690485
CZE,"Dobenínská 2002, 547 01  Náchod 1",16.13899246609722,50.40603432823252
CZE,"Socháňova 1131/11, Řepy, 163 00  Praha 618",14.306894929291161,50.064343740262245
CZE,"Dvořákova 518/1, 353 01  Mariánské Lázně 1",12.69992533731272,49.96405611278678
CZE,"Horova 36/29, Pražské Předměstí, 500 02  Hradec Králové 2",15.813934046688445,50.20842853011956
CZE,"Sochorova 3079/25, Žabovřesky, 616 00  Brno 16",16.56652870428121,49.212209707690505
CZE,"Filipova 2013/3, Chodov, 148 00  Praha 414",14.483083372229288,50.03195782659202
CZE,"Pod kapličkou 3149/18, Strašnice, 130 00  Praha 3",14.479549980945677,50.08310554087308
CZE,"Havlíčkova 1118, Litomyšl-Město, 570 01  Litomyšl",16.308682168046317,49.874725937785
CZE,"Dělnická 363/12, 417 12  Proboštov u Teplic",13.828953445809418,50.671372693344665
CZE,"Tržní 110/17, Děčín IV-Podmokly, 405 02  Děčín 2",14.197027373219385,50.77503110318213
CZE,"Náměstí 8, 281 04  Plaňany",15.029654202530935,50.05074234216042
CZE,"Srázná 5113/1, 586 01  Jihlava 1",15.590171513888123,49.400256112869954
CZE,"Pod Stárkou 1560/35, Michle, 140 00  Praha 4",14.456113676752949,50.058118584592876
CZE,"Pivovarská 2182, Místek, 738 01  Frýdek-Místek 1",18.342716180879023,49.67677128486184
CZE,"Vyšehradská 1349/2, Nové Město, 128 00  Praha 28",14.417269339047976,50.068042506495516
CZE,"Na Florenci 1055/35, Nové Město, 110 00  Praha 1",14.437038392963359,50.090313055594606
CZE,"Chlumčanského 497/5, Libeň, 180 00  Praha 8",14.467611887709978,50.114650079102546
CZE,"Dvořákova 1432/4, 251 01  Říčany u Prahy",14.660095337154388,49.9906155979217
CZE,"Hrnčířská 813/23, Veveří, 602 00  Brno 2",16.59999605109914,49.2096339488447
CZE,"Bánskobystrická 114/26, Liberec VIII-Dolní Hanychov, 460 08  Liberec 8",15.032304308857903,50.74566166882667
CZE,"Jiráskova 682/61, Mladá Boleslav II, 293 01  Mladá Boleslav 1",14.915471307428305,50.42421224546814
CZE,"Hošťálkovo náměstí 134, 438 01  Žatec 1",13.5436291031277,50.331079117176614
CZE,"Pavelčákova 437/6, 779 00  Olomouc 9",17.250637429417395,49.59281994476581
CZE,"Korunní 2569/108, Vinohrady, 101 00  Praha 101",14.458328594667051,50.07509042978057
CZE,"Josefodolská 58, Debř, 293 01  Mladá Boleslav 1",14.889981939871774,50.44447998071297
CZE,"Na Náhonu 1123/20, Přívoz, 702 00  Ostrava 2",18.270073411180675,49.859815998868925
CZE,"Čepí 35, 533 32  Čepí",15.716286718713263,49.97970860450516
CZE,"Dr. Tyrše 704, 533 41  Lázně Bohdaneč",15.672113753702547,50.07225223354635
CZE,"Karlovo náměstí 290/16, Nové Město, 120 00  Praha 2",14.419166415193672,50.07697740573295
CZE,"Kněžskodvorská 2544, České Budějovice 3, 370 04  České Budějovice 4",14.474137953703348,48.992629744574714
CZE,"Černá u Bohdanče 126, 533 41  Lázně Bohdaneč",15.671601787056602,50.060062557486845
CZE,"Bohumínská 1875, 735 32 Rychvald",18.377747423191437,49.871980445399885
CZE,"Kroftova 2619/45, Žabovřesky, 616 00  Brno 16",16.566722996796813,49.21592444144932
CZE,"Náměstí TGM 588, 760 01 Zlín",17.66549997854304,49.22152175066131
CZE,"Dolní Olešnice 26, 543 71  Hostinné",15.706005895373409,50.52660314390744
CZE,"Vodičkova 791/41, Nové Město, 112 09 Praha 1",14.425534063217015,50.08197390012535
CZE,"Wonkova 385/28, 500 02  Hradec Králové 2",15.820274621164543,50.21495593721744
CZE,"Libušská 2001/274, Krč, 142 00  Praha 411",14.455506743144014,50.01568637323365
CZE,"Fügnerovo náměstí 1808/3, Nové Město, 120 00  Praha 2",14.430202531828627,50.07217750887955
CZE,"Kaprova 42/14, Staré Město, 110 00  Praha 1",14.418347922348573,50.087925177108474
CZE,"Volejbalistů 1793/1, České Budějovice 2, 370 01  České Budějovice 1",14.46766142475775,48.97001742337366
CZE,"Karásek 1957/13, Řečkovice, 621 00  Brno 21",16.59153510657677,49.25583160447695
CZE,"Tyršova 1832/7, Nové Město, 120 00  Praha 2",14.43084165194577,50.07300966422679
CZE,"Kamenice 155, 547 01  Náchod 1",16.168675467450498,50.41692652758999
CZE,"Míru 526, 790 70  Javorník u Jeseníku",17.001111859921878,50.39083123225291
CZE,"Vančurova 2904, 390 01  Tábor 1 (vchod z ulice Herlošova)",14.665512728814747,49.41327593261994
CZE,"Příčná 327/1, Město, 736 01  Havířov 1",18.42242120691688,49.78528918688431
CZE,"Jasanová 1919, 253 01  Hostivice",14.264156191732809,50.077159795946045
CZE,"Na Brně 1972, Nový Hradec Králové, 500 06  Hradec Králové 6",15.855578191511142,50.190839064396386
CZE,"Václavské náměstí 834/17, Nové Město, 110 00  Praha 1",14.425795410958017,50.0829804828777
CZE,"Václavské náměstí 846/1, Nové Město, 110 00  Praha 1",14.424030517425393,50.08418064568386
CZE,"Nitranská 988/19, Vinohrady, 130 00  Praha 3",14.450156741985182,50.077008376865194
CZE,"Budilova 1511/4, Jižní Předměstí, 301 00  Plzeň 1",13.370496785906369,49.74635302543004
CZE,"Na poříčí 1079/3a, Nové Město, 110 00  Praha 1",14.433485795125927,50.08983418561722
CZE,"Zelený pruh 1560/99, Braník, 140 00  Praha 4",14.428960669054163,50.03958016170168
CZE,"Freyova 1/12, Vysočany, 190 00  Praha 9",14.502438192489763,50.10742839896466
CZE,"Ivana Olbrachta 50/8, Brandýs nad Labem, 250 01  Brandýs nad Labem-Stará Boleslav 1",14.662367084372022,50.186311495577144
CZE,"Sokolská 1804/28, Nové Město, 120 00  Praha 2",14.429480263232023,50.0724699115718
CZE,"Štefánikova 13/43, Smíchov, 150 00  Praha 5",14.40396834835596,50.07637981794605
CZE,"Lužnická 466/40, Soběslav III, 392 01  Soběslav",14.70876033171487,49.261601371346785
CZE,"Na bojišti 1472/20, Nové Město, 120 00  Praha 2",14.428391873104687,50.073894038830844
CZE,"Křižíkova 76/61, 180 00 Praha",14.449809647374707,50.092348055957046
CZE,"U Stadionu 714/30, 434 01  Most 1",13.65131233523195,50.507122469370785
CZE,"Slavojova 579/9, Nusle, 128 00  Praha 28",14.424891087424413,50.06416243969656
CZE,"Na Tykačce 689/15, Vinoř, 190 17  Praha 917",14.58730429158885,50.15327200300678
CZE,"Štrossova 277, Bílé Předměstí, 530 03  Pardubice 3",15.785816784848379,50.038747629168796
CZE,"Čs. armády 184, Pudlov, 735 51  Bohumín 5",18.340486343177275,49.90689027584477
CZE,"Za Příkopem 640, 252 41  Dolní Břežany",14.450925613963477,49.95956990865972
CZE,"Vrahovická 28, 796 01 Prostějov",17.126425587165357,49.47450095763173
CZE,"Dlouhá 86, 362 35  Abertamy",12.821492605293855,50.36936832143431
CZE,"Černilovská 687/24, Klánovice, 190 14  Praha 914",14.658047051475393,50.10501105808888
CZE,"Studentská 480/27b, Doubí, 360 07  Karlovy Vary 7",12.82813828104554,50.213262164133255
CZE,"Koperníkova 118, Nový Bohumín, 735 81  Bohumín 1",18.361138346773174,49.91202595173942
CZE,"K Vypichu 1215, 252 19  Rudná",14.200227751489848,50.01798657701258
CZE,"Plucárna 3560/1, 695 01  Hodonín 1",17.121145155802907,48.85060790872694
CZE,"U Bažantnice 849, 561 51  Letohrad",16.507759073985625,50.04181892613033
CZE,"Olivova 2096/4, Nové Město, 110 00  Praha 1",14.430372600644063,50.082916822323085
CZE,"Masarykova 633/318, Bukov, 400 01  Ústí nad Labem 1",14.006579636599213,50.68079365914724
CZE,"Rumjancevova 696/3, Liberec I-Staré Město, 460 01  Liberec 1",15.059102091500108,50.77182992863089
CZE,"Křižovnická 86/6, Staré Město, 110 00  Praha 1",14.415356672562353,50.08757183798011
CZE,"Koněvova 1764/60, Žižkov, 130 00  Praha 3",14.460649376018267,50.08867372297155
CZE,"Jahodová 803/12c, Petřkovice, 725 29  Ostrava 29",18.271396243139833,49.87919424654879
CZE,"Edisonova 429/28, Petrovice, 109 00  Praha 111",14.55652971498506,50.036106575297254
CZE,"Všehrdova 487, 686 01  Uherské Hradiště 1",17.464829672810083,49.068050193166385
CZE,"Čistá u Horek 256, 512 35  Čistá u Horek",15.605320546592282,50.53032630147894
CZE,"Soukenická 877/9, Moravská Ostrava, 702 00  Ostrava 2",18.28005709605293,49.83768563710046
CZE,"Jungmannova 232, Valdické Předměstí, 506 01  Jičín 1",15.357128034977762,50.43414086123656
CZE,"náměstí Republiky 53, Zelené Předměstí, 530 02  Pardubice 2",15.777143610537593,50.036964002082584
CZE,"Mánesova 881/27, Vinohrady, 120 00  Praha 2",14.438764478284298,50.078309751152204
CZE,"Karlovo náměstí 317/5, Nové Město, 120 00  Praha 2",14.418589991712281,50.07426891945036
CZE,"Lidická 2030/20, Černá Pole, 602 00  Brno 2",16.607795914918086,49.20178123712623
CZE,"Strojírenská 260/14, Zličín, 155 21  Praha 517",14.288813236304009,50.065199155390815
CZE,"U svobodárny 1110/12, Libeň, 190 00  Praha 9",14.489090179320925,50.10594199416505
CZE,"Prešovská 201/4, Vnitřní Město, 301 00  Plzeň 1",13.376004534482945,49.74664157244686
CZE,"Prešovská 201/4, Vnitřní Město, 301 14 Plzeň 1",13.376004534482945,49.74664157244686
CZE,"Jiráskova 528/51, Mladá Boleslav II, 293 01  Mladá Boleslav 1",14.914581568406248,50.42373908703391
CZE,"Hotel Kovák, Vratimovská 142/131, 707 02 Ostrava - Kunčice",18.30427000000003,49.794710000000066
CZE,"Poděbradská 55, 250 87  Mochov",14.800134308077446,50.14129966969662
CZE,"Vejprnická 1048/53, Skvrňany, 318 00  Plzeň 18",13.342395701139424,49.74355233821251
CZE,"třída Míru 68, Zelené Předměstí, 530 02  Pardubice 2",15.772565163566071,50.036395960504365
CZE,"Havelská 503/19, Staré Město, 110 00  Praha 1",14.421455764407966,50.085373516234284
CZE,"U Rajské zahrady 1055/20, Žižkov, 130 00  Praha 3",14.44369622247467,50.08308609485769
CZE,"Horní 357, Dobřejovice, 251 01  Říčany u Prahy",14.587594053981633,49.980759317977714
CZE,"Keramická 602/19, Hrušov, 711 00  Ostrava 11",18.28880595894941,49.85887324430928
CZE,"Slánská 1637, 272 01  Kladno 1",14.106032258880333,50.15104572761388
CZE,"Cyrilská 508/7, Trnitá, 602 00  Brno 2",16.620626429384856,49.19027724265601
CZE,"Šámalova 1254, Mladá Boleslav III, 293 01  Mladá Boleslav 1",14.905286540698853,50.406138263831906
CZE,"Platnéřská 88/9, Staré Město, 110 00  Praha 1",14.415742994479729,50.08730022240769
CZE,"U Vodojemu 2282, Brandýs nad Labem, 250 01  Brandýs nad Labem-Stará Boleslav 1",14.645711907486287,50.1744617476009
CZE,"Malá Štupartská 634/7, 110 00 Praha 1 - Staré Město",14.424442990880664,50.08850612681755
CZE,"Argentinská 286/38, Holešovice, 170 00  Praha 7",14.444688304534509,50.10894862474359
CZE,"Pionýrů 810, Místek, 738 01  Frýdek-Místek 1",18.341131582083705,49.68208377700395
CZE,"T. G. Masaryka 841, 293 01 Mladá Boleslav",14.909984765066753,50.412605866050626
CZE,"Kaprova 14/13, Josefov, 110 00  Praha 1",14.418683701389796,50.08805874273557
CZE,"Komorní Lhotka 376, 739 53  Hnojník",18.53100901401183,49.64817168640354
CZE,"Polní 3819/9, 695 01  Hodonín 1",17.133456495187005,48.85218349697635
CZE,"Občanská 1170/31, Slezská Ostrava, 710 00  Ostrava 10",18.308473005103167,49.839772605262596
CZE,"Peckova 280/9, Karlín, 180 00  Praha 8",14.44731854575096,50.09063953072328
CZE,"K Červenému dvoru 3269/25a, Strašnice, 130 00  Praha 3",14.481470694058316,50.08423076946485
CZE,"U Agrostroje 920, 393 01  Pelhřimov",15.221699865172468,49.421037574960394
CZE,"Suchardova 694, 272 01  Kladno 1",14.101055839146056,50.14449107933066
CZE,"Hynkov 115, 783 33  Příkazy",17.170980264046676,49.66807715579313
CZE,"Hřbitovní 230, 398 06  Mirovice",14.0374661116104,49.51815252635541
CZE,"Podolská 348/88, Podolí, 147 00  Praha 47",14.418202328690427,50.05297037775301
CZE,"Vinohradská 1597/174, Vinohrady, 130 00  Praha 3",14.469373428481333,50.07798289883789
CZE,"Zborovská 152/1, Doudlevce, 301 00  Plzeň 1",13.386669500445322,49.7271313517015
CZE,"Nad akáty 1607/6, Kunratice, 148 00  Praha 414",14.494346135526115,50.01741304528778
CZE,"V parku 2335/20, Chodov, 148 00  Praha 414",14.495440225347608,50.02697914374386
CZE,"Rašínova 103/2, Brno-město, 602 00  Brno 2",16.608196150794726,49.19572112113039
CZE,"náměstí Svornosti 2, Vnitřní Město, 381 01  Český Krumlov 1",14.315360902955462,48.81079592220988
CZE,"Balbínova 404/22, Vinohrady, 120 00  Praha 2",14.435355642081873,50.07874682549328
CZE,"Na hřebenech II 1718/10, Nusle, 140 00  Praha 4",14.431001746296431,50.05185198041232
CZE,"Sušilova 1480/19, Uhříněves, 104 00  Praha 114",14.588638103841163,50.03237474245594
CZE,"Klimentská 1652/36, Nové Město, 110 00  Praha 1",14.431785202786216,50.09211696688649
CZE,"Perutská 9, 130 00 Praha 2, Vinohrady",14.437670388462806,50.06917532070966
CZE,"Čimická 894/131, Čimice, 181 00  Praha 81",14.426976602876405,50.1383626873431
CZE,"Kovalovická 653, 664 07  Pozořice",16.804249955715733,49.20728793796491
CZE,"Kochana z Prachové 119, Strakonice I, 386 01  Strakonice 1",13.90299322731002,49.260685271239225
CZE,"Dlouhá 705/16, Staré Město, 110 00  Praha 1",14.42308612839463,50.089541124221654
CZE,"Smetanova 347/9, Veveří, 602 00  Brno 2",16.601227855589826,49.201322956570095
CZE,"Hornokrčská 583/30, Krč, 140 00  Praha 4",14.456595971461667,50.04076293205878
CZE,"Pražská 88/12, Vnitřní Město, 301 00  Plzeň 1",13.379738839985691,49.74776835169072
CZE,"Štefánikova 18/25, Smíchov, 150 00  Praha 5",14.403584541009536,50.074625108425806
CZE,"Hradební 428/5, 500 03  Hradec Králové 3",15.83890113785813,50.20892004492177
CZE,"Vlašská 360/6, Malá Strana, 118 00  Praha 011",14.400295230746394,50.08736426014795
CZE,"U Hřiště 1231, 250 92  Šestajovice",14.680035381894584,50.10390883782128
CZE,"Na Věnečku 2905/17, Smíchov, 150 00  Praha 5",14.391050159181958,50.06990366618609
CZE,"Vesec 18, 507 21  Veliš",15.322051195112067,50.39967145789399
CZE,"Telečská 4954/9, 586 01  Jihlava 1",15.584543317362915,49.392116027601105
CZE,"Zvonková 268, 252 41  Dolní Břežany",14.457458217841321,49.96641243340747
CZE,"Jindřicha z Lipé 87/5, 470 01  Česká Lípa 1",14.537735644047018,50.685793883486554
CZE,"Novozámecká 375, Dolní Počernice, 190 12  Praha 912",14.571163009186819,50.088566057425254
CZE,"Kolářova 692/23, Modřany, 143 00  Praha 412",14.41215637811095,49.99731973744804
CZE,"Na pískách 1170/81, Dejvice, 160 00  Praha 6",14.374684577050942,50.108278156308586
CZE,"Kalusova 871/8, Mariánské Hory, 709 00  Ostrava 9",18.253041635385273,49.82551704152743
CZE,"Belgická 196/38, Vinohrady, 120 00  Praha 2",14.435825950669056,50.07399738769698
CZE,"U staré kovárny 1383, Stará Boleslav, 250 01  Brandýs nad Labem-Stará Boleslav 1",14.676588743308827,50.19856143752045
CZE,"Hoškova 1110/6, Košíře, 158 00  Praha 58",14.382415625444793,50.0636151014192
CZE,"Polní 295/7, Pokratice, 412 01  Litoměřice 1",14.121217585225224,50.546667282724144
CZE,"Masečín 266, 252 07 Masečín",14.378443692987048,49.84887883060094
CZE,"Zeměchy 117, Jimlín, 440 01  Louny 1",13.750092980335523,50.32867778573589
CZE,"Kukelská 903/1, Hloubětín, 198 00  Praha 98",14.54910091801969,50.103503069888575
CZE,"U Remízku 908, 277 13  Kostelec nad Labem",14.572448625495866,50.226205373288224
CZE,"Na Císařce 3224/32, Smíchov, 150 00  Praha 5",14.361148054879692,50.07482111923156
CZE,"Pod Hřištěm 723, 468 02  Rychnov u Jablonce nad Nisou",15.151957066334774,50.67872743619546
CZE,"Třebčín 132, Lutín, 783 42  Slatinice",17.110782189811943,49.55083184854632
CZE,"Ostrůvek 678, 664 61  Rajhrad",16.60819204366217,49.083713455630345
CZE,"Olešnická 529/21, Kbely, 197 00  Praha 97",14.54623791135208,50.13845480984935
CZE,"V Polích 147, Radovesnice I, 280 02  Kolín 2",15.15548182425809,50.01185714267746
CZE,"Stranná 46, Stranná, 394 68  Žirovnice",15.152896426223634,49.270876953038794
CZE,"Pod Kavalírkou 296/12, Košíře, 150 00  Praha 5",14.374669741082329,50.069288560221565
CZE,"Mlýnská 172/2, 370 01  České Budějovice 1",14.471498743850503,48.97736768190626
CZE,"Luční 2555/32, Žabovřesky, 616 00  Brno 16",16.572993247105273,49.21545945537065
CZE,"Limuzská 2110/8, Strašnice, 108 00  Praha 108",14.508410047045174,50.07854959931157
CZE,"V závětří 1036/4, Holešovice, 170 00  Praha 7",14.443196744864423,50.11066955519405
CZE,"Velká nad Veličkou 961, 696 74  Velká nad Veličkou",17.523979170957574,48.87210786755762
CZE,"Královka 629/16, Řečkovice, 621 00  Brno 21",16.588268930366382,49.25647026358939
CZE,"Houbalova 3044/6a, Líšeň, 628 00  Brno 28",16.672764968440305,49.20558892619124
CZE,"Pampelišková 481, Srbín, 251 62  Mukařov",14.737215300433917,49.98216663952087
CZE,"Panenky 352/14, Koloděje, 190 16  Praha 916",14.636359379923135,50.066662468047184
CZE,"Poustka 323/4, Lysolaje, 165 00  Praha 620",14.385069755085311,50.124082528112496
CZE,"Šindlovy Dvory 153, Litvínovice, 370 01  České Budějovice 1",14.429659803598042,48.965592993872974
CZE,"Mladá 835, 687 25  Hluk",17.51152668032401,48.98886128281657
CZE,"Petra Bezruče 545, 289 11  Pečky",15.020550785130155,50.09030697871481
CZE,"U rybníka 223/12, 664 34  Kuřim",16.527824009083133,49.295700671754645
CZE,"Pod Saharou 723, 252 66  Libčice nad Vltavou",14.354064592325159,50.19729417757935
CZE,"Na Kobylce 103, 252 31  Všenory",14.315089916025784,49.932695138236824
CZE,"N. A. Někrasova 649/2, Bubeneč, 160 00  Praha 6",14.396477525307091,50.10456396737348
CZE,"Českomoravská 1181/23, Libeň, 190 00  Praha 9",14.497601499081412,50.102724935907275
CZE,"Na Spravedlnosti 121, Zelené Předměstí, 530 02  Pardubice 2",15.773187016962652,50.02936895006772
CZE,"Lamačova 633/4, Hlubočepy, 152 00  Praha 52",14.380601613959584,50.03482414411141
CZE,"Fibichova 1031, Mladá Boleslav III, 293 01  Mladá Boleslav 1",14.92529607141637,50.41115386896354
CZE,"J. Bendy 1382/24, České Budějovice 2, 370 05  České Budějovice 5",14.439339141565995,48.981356378170375
CZE,"Kříženeckého náměstí 990/4, Hlubočepy, 152 00  Praha 52",14.3917581785432,50.031378511354035
CZE,"Zámostní 1155/27, Slezská Ostrava, 710 00  Ostrava 10",18.298953761485848,49.83962055753898
CZE,"Průmyslová 566/5, Malešice, 108 00  Praha 108",14.537221162830122,50.08393694184903
CZE,"Administrativní budova Žižkova třída 309/12, 370 01 České Budějovice",14.481458456479686,48.97140886121031
CZE,"Valdštejnovo náměstí 99, Staré Město, 506 01  Jičín 1",15.350767511572116,50.43744869550571
CZE,"Karlovo náměstí 559/28, Nové Město, 120 00  Praha 2",14.421328862393892,50.077149067109985
CZE,"Vídeňská 670/11, 779 00  Olomouc 9",17.24916112481111,49.590466473992194
CZE,"Kopečná 231/10, Staré Brno, 602 00  Brno 2",16.606364034398638,49.19003697540148
CZE,"Drážďanská 175/143, Krásné Březno, 400 07  Ústí nad Labem 7",14.076905480621804,50.6659128054352
CZE,"Jankovcova 1569/2c, Holešovice, 170 00  Praha 7",14.456887326416052,50.10286529087594
CZE,"Nad sokolovnou 117/1, Podolí, 147 00  Praha 47",14.419327599191718,50.05407724997684
CZE,"Sukova 49/4, Brno-město, 602 00  Brno 2",16.61250076098949,49.19562263376807
CZE,"Novákových 1954/20a, Libeň, 180 00  Praha 8",14.476660822740143,50.103345280561285
CZE,"Drtinova 557/8, Smíchov, 150 00  Praha 5",14.402255338803997,50.07611901502875
CZE,"Koželská 1273, 584 01  Ledeč nad Sázavou",15.27526424977708,49.685313408116485
CZE,"nám. Svobody 527, Lyžbice, 739 61  Třinec 1",18.674918496364228,49.66938783399266
CZE,"Šilingrovo náměstí 257/3, Brno-město, 602 00  Brno 2",16.60530439419918,49.19248377866694
CZE,"Sokolská 1365, Liberec I-Staré Město, 460 01  Liberec 1",15.055477756567058,50.772347301604384
CZE,"Hradní 27/37, Slezská Ostrava, 710 00  Ostrava 10",18.30485805790167,49.830267024147446
CZE,"Topolská 1591, 252 28  Černošice",14.330318744448164,49.95238929984737
CZE,"Vranovská 846/45, Husovice, 614 00  Brno 14",16.627093151503743,49.20765100010095
CZE,"Na Farkáně I 136/17, Radlice, 150 00  Praha 5",14.382844024516118,50.06071391518262
CZE,"Teslova 1202/3, Skvrňany, 301 00  Plzeň 1",13.336145148303416,49.72376488601964
CZE,"Jaroslava Průchy 1915/24, 434 01  Most 1",13.641103177164268,50.50002672732808
CZE,"Zlatnická 1124/7, Nové Město, 110 00  Praha 1",14.432104720935286,50.09029411249341
CZE,"Klimentská 1515/22, Nové Město, 110 00  Praha 1",14.430190713345155,50.09186056446836
CZE,"Biskupská 1065/1, Nové Město, 110 00  Praha 1",14.434797826425552,50.09022613525866
CZE,"Na louži 939/5, Vršovice, 101 00  Praha 101",14.45751496332582,50.063607683434896
CZE,"Na staré vinici 418/20, Krč, 140 00  Praha 4",14.438168441149486,50.03840229475796
CZE,"Husova 159/25, Staré Město, 110 00  Praha 1",14.417519371219697,50.08653834931857
CZE,"Bašty 416/8, Brno-město, 602 00  Brno 2",16.60921153454538,49.19069977439506
CZE,"Varšavská 714/38, Vinohrady, 120 00  Praha 2",14.438445882144578,50.073554990847384
CZE,"Ludvíka Podéště 1885/1, Poruba, 708 00  Ostrava 8",18.157040848469848,49.84498677768045
CZE,"Kostelecká 879/59, Čakovice, 196 00  Praha 96",14.5033700924848,50.14987888287283
CZE,"Žerotínova 483/1, 370 04  České Budějovice 4",14.48735219169751,48.98541175247422
CZE,"Vavrečkova 7074, 760 01  Zlín 1",17.659139036042205,49.2244764553497
CZE,"Kuštova 2001, Rakovník II, 269 01  Rakovník 1",13.718049215952902,50.10157695044836
CZE,"Bělohorská 161, 169 00 Praha 6",14.325713643024528,50.07522764153558
CZE,"Na Rybníčku 521/56, Předměstí, 746 01  Opava 1",17.894226693499007,49.93566740301236
CZE,"Sukorady 102, 294 06  Březno u Mladé Boleslavě",15.026862190583188,50.42511212659306
CZE,"Šunychelská 1196, Šunychl, 735 81  Bohumín 1",18.355505791658317,49.917742535433604
CZE,"Škroupova 239, Chrudim III, 537 01  Chrudim 1",15.784802658383171,49.9428432341399
CZE,"Švandy dudáka 706, Strakonice I, 386 01  Strakonice 1",13.892758252980542,49.26866065211067
CZE,"Karmelitská 379/18, Malá Strana, 118 00  Praha 011",14.404172280060209,50.08628731131847
CZE,"nám. T.G.Masaryka 1130/18, Poděbrady III, 290 01  Poděbrady 1",15.123379721829366,50.148194287972615
CZE,"Labutí 399, Zdiměřice, 252 42  Jesenice u Prahy",14.53359959392509,49.9835374997852
CZE,"Tylova 29, Valdické Předměstí, 506 01  Jičín 1",15.353583998677124,50.43746063971773
CZE,"Kopečná 3, Staré Brno, 602 00  Brno 2",16.60380202187403,49.19115193616187
CZE,"Částkova 689/74, Lobzy, 326 00  Plzeň 26",13.40385525180207,49.73429108957495
CZE,"Velká Krajská 44/1, Litoměřice-Město, 412 01  Litoměřice 1",14.130009447284976,50.53469721252782
CZE,"U Pivovaru 3, 263 01  Dobříš",14.176759344607945,49.78790685524601
CZE,"Lužická 1421/5, Vinohrady, 120 00  Praha 2",14.442784355228213,50.0736152148217
CZE,"Jiřího z Poděbrad 1009, Hranice I-Město, 753 01  Hranice 1",17.737480661709554,49.56130608430192
CZE,"Drážďanská 493/40, Krásné Březno, 400 07  Ústí nad Labem 7",14.06764138213714,50.665759500426134
CZE,"Krajková 119, 357 08  Krajková",12.534625740970768,50.21540839235084
CZE,"Křenová 531/69a, Trnitá, 602 00  Brno 2",16.624693496443655,49.19182873293377
CZE,"Prusíkova 2577/16, Stodůlky, 155 00  Praha 515",14.33842438009495,50.03769783770559
CZE,"K Nouzovu 2090/6, Komořany, 143 00  Praha 412",14.410771603887326,49.988823337475225
CZE,"Dlážděná 501/20, Žebětín, 641 00  Brno 41",16.49108386435131,49.20181363318201
CZE,"náměstí Husovo 82, 282 01  Český Brod",14.860549976518627,50.07466475482781
CZE,"17. listopadu 360, Zelené Předměstí, 530 02  Pardubice 2",15.770363740516075,50.03411847168306
CZE,"Tajanov 86, 339 01  Klatovy 1",13.25160150101948,49.400301207509045
CZE,"Sladkovského 308/6, Východní Předměstí, 326 00  Plzeň 26",13.38886371505859,49.737407439266065
CZE,"Medlov 213, 664 66  Němčičky u Židlochovic",16.525234587735127,49.03116684361882
CZE,"Husova tř. 1846/9, České Budějovice 3, 370 01  České Budějovice 1",14.468735984744853,48.977629993566126
CZE,"U Výstaviště 1429, České Budějovice 2, 370 05  České Budějovice 5",14.456652633127135,48.98377744899307
CZE,"Holická 170/47, Hodolany, 779 00  Olomouc 9",17.275926218030946,49.58242584000453
CZE,"Kuštova 313, Rakovník II, 269 01  Rakovník 1",13.723698031959913,50.101784151094876
CZE,"Příkop 838/6, Zábrdovice, 602 00  Brno 2",16.613786628755634,49.19972591064857
CZE,"Svatoplukova 2517/65, 796 01  Prostějov 1",17.127899293381688,49.47244567306362
CZE,"Opavská 650/68, 747 21  Kravaře u Hlučína",18.013320042757925,49.93237126149813
CZE,"Podolská 2746/35, Líšeň, 628 00  Brno 28",16.716432253232426,49.200841080956565
CZE,"Pěkná 699/55a, Chrlice, 643 00  Brno 43",16.654852757535338,49.12896081299007
CZE,"Procházkova 197/8, Podolí, 147 00  Praha 47",14.428695549456734,50.05654157141993
CZE,"Šternovská 735, 664 53  Újezd u Brna",16.754940225162983,49.10066023892753
CZE,"Kladenská 1879/3, Dejvice, 160 00  Praha 6",14.369007178754089,50.09842619304473
CZE,"Nádražní 762/32, Smíchov, 150 00  Praha 5",14.409508870173937,50.06149406082068
CZE,"Studentská 1770/1, Poruba, 700 32  Ostrava",18.156986952832426,49.837321485317005
CZE,"Karla IV. 93/3, 370 01  České Budějovice 1",14.475770916079995,48.9739312692424
CZE,"Masarykova třída 668/29, 415 01  Teplice 1",13.829542358326506,50.643925606572964
CZE,"tř. Kosmonautů 1288/1, Hodolany, 779 00  Olomouc 9",17.26647067687776,49.59028475433135
CZE,"28. října 1810/86, Moravská Ostrava, 702 00  Ostrava 2",18.283402900343475,49.83237620435301
CZE,"Polní 1111, 432 01  Kadaň 1",13.283006061465954,50.37616487144314
CZE,"Táborská 568/67, Nusle, 140 00  Praha 4",14.442497275044445,50.06307174454585
CZE,"Milady Horákové 116/109, Hradčany, 160 00  Praha 6",14.405061013253913,50.097086429641166
CZE,"Masarykova 153/125, Klíše, 400 01  Ústí nad Labem 1",14.022244240167652,50.67081336894577
CZE,"Havlíčkova 234/1, 757 01  Valašské Meziříčí 1",17.967643029041426,49.47058799186283
CZE,"Rejskova 210/7, Východní Předměstí, 326 00  Plzeň 26",13.38728045736778,49.741339054769526
CZE,"Jeremenkova 763/88, Podolí, 140 00  Praha 4",14.428332780687299,50.043123401721544
CZE,"Ruská 80, 430 01  Chomutov 1",13.42015009067029,50.45969447608093
CZE,"Na Stráni 545/40, Děčín VI-Letná, 405 02  Děčín 2",14.186112710361414,50.76924067492095
CZE,"Komenského 106, 345 06  Kdyně",13.04138932053064,49.39112105378467
CZE,"Vodičkova 1277/19, Nové Město, 110 00  Praha 1",14.423710664000225,50.080480873622236
CZE,"náměstí T. G. Masaryka 524/17, Jižní Předměstí, 301 00  Plzeň 1",13.373462303249852,49.74062256968608
CZE,"Hybernská 1009/24, 11000 Praha 1",14.433809180946014,50.08714301981365
CZE,"Národní 60/28, Nové Město, 110 00  Praha 1, kancelář č. 207 (2. patro)",14.42009974011225,50.082449112125886
CZE,"Křenová 186/60, Trnitá, 602 00  Brno 2",16.62348088651126,49.19107612184766
CZE,"Na Výsluní 272, 562 01  Ústí nad Orlicí 1",16.398372806794185,49.97858232817546
CZE,"Husinecká 903/10, Žižkov, 130 00  Praha 3",14.445221561214538,50.08558172270915
CZE,"Slapská 2115/1, Strašnice, 100 00  Praha 10",14.505170609105932,50.072901872951945
CZE,"Zborovská 593/20b, Doudlevce, 301 00  Plzeň 1",13.384224415470015,49.727716660000254
CZE,"Táboritská 1083/13, Žižkov, 130 00  Praha 3",14.454972732092699,50.08292151618886
CZE,"U staré školy 114/4, Staré Město, 110 00  Praha 1",14.421177233765462,50.09060587738202
CZE,"náměstí Svobody 210/18, 669 02  Znojmo 2",16.048410579584726,48.8591949170731
CZE,"Jana Masaryka 434, 258 01  Vlašim",14.897301436819731,49.701972063492036
CZE,"Wilsonova 202, 539 01  Hlinsko v Čechách 1",15.908984661059918,49.761996464693
CZE,"28. října 3346/91, Moravská Ostrava, 702 00  Ostrava 2",18.27792406933287,49.830689136791364
CZE,"28. října 3117/61, Moravská Ostrava, 702 00  Ostrava 2",18.28860387126383,49.8328341915425
CZE,"Žižkova tř. 309/12, České Budějovice 6, 370 01  České Budějovice 1",14.481458456479686,48.97140886121031
CZE,"Vídeňská 55/47, Štýřice, 639 00  Brno 39",16.595161620804646,49.180821366226695
CZE,"Vodičkova 736/17, Nové Město, 110 00  Praha 1",14.423455854143697,50.08027216423315
CZE,"U Zlaté stoky 581, Litvínovice, 370 01  České Budějovice 1",14.452208212787383,48.96368053693496
CZE,"Jeremenkova 1835/106, Krč, 140 00  Praha 4",14.434933864714083,50.04410035444616
CZE,"náměstí Karla IV. 143/19, 276 01  Mělník 1",14.47650550607429,50.35128713136132
CZE,"Bělá 1042, 739 91  Jablunkov",18.761264001373803,49.57949179670749
CZE,"Dobromilice 60, 798 25  Dobromilice",17.138209034287456,49.35785298671473
CZE,"Litovelská 1349/2b, Nová Ulice, 779 00  Olomouc 9",17.240471857246234,49.59632643014021
CZE,"Janýrova 3236/4, Strašnice, 100 00  Praha 10",14.487006605829578,50.07925866641071
CZE,"Hálkova 2827/60, Jižní Předměstí, 301 00  Plzeň 1",13.362845784687835,49.74141788656888
CZE,"Rybní 396, 378 33  Nová Bystřice",15.10271413955033,49.01685403148497
CZE,"Smetanova 9, 407 77  Šluknov",14.450493107759627,51.00304774521061
CZE,"Pobřežní 297/14, Karlín, 186 00  Praha 86",14.440620399285393,50.09246896491035
CZE,"Olšanská 54/3, Žižkov, 130 00  Praha 3",14.46440790522118,50.08356826383786
CZE,"Bryksova 773/45, Černý Most, 198 00  Praha 98",14.580581334689896,50.10697489609336
CZE,"Pod průsekem 1554/1a, Hostivař, 102 00  Praha 102",14.517756539638043,50.05653742237786
CZE,"Dobětická 2333/10, Ústí nad Labem-centrum, 400 01  Ústí nad Labem 1",14.04579110166327,50.661986470530735
CZE,"Ruská 592/44, Vršovice, 101 00  Praha 101",14.456805770498136,50.07229615471897
CZE,"U Kuchyňky 180/2, 674 01 Třebíč",15.868839284344034,49.21954651326851
CZE,"Pod sídlištěm 293/1, Židenice, 636 00  Brno 36",16.652540777182452,49.189873905475196
CZE,"Klatovská třída 1460/83, Jižní Předměstí, 301 00  Plzeň 1",13.370552693200551,49.733784822623136
CZE,"P+P s.r.o. Sklad Veltrusy, Zlosyň 171, 277 44  Vojkovice u Kralup nad Vltavou",14.372198336931035,50.29926233473199
CZE,"Nádražní 950/8, 792 01  Bruntál 1",17.47113789313991,49.992559654634704
CZE,"Klicperova 951/7, 790 01  Jeseník 1",17.19907162580597,50.22262973721263
CZE,"Štramberská 2871/47, 703 00 Ostrava",18.256772755764786,49.81623865189786
CZE,"Babíčkova 1123/6, Hodolany, 779 00  Olomouc 9",17.26539343468164,49.585083364315835
CZE,"Nádražní 308/3, Moravská Ostrava, 702 00  Ostrava 2",18.288021496631217,49.833763325509494
CZE,"Klínová 620/1, Hulváky, 709 00  Ostrava 9",18.24735015549109,49.82585022217867
CZE,"Ríšova 951/96, Žebětín, 641 00  Brno 41",16.477272583393983,49.20842921790128
CZE,"Lazarská 1719/5, Nové Město, 110 00  Praha 1",14.420733244354238,50.07926009133425
CZE,"Ukrajinská 1488/10, Vršovice, 101 00  Praha 101",14.450408869632696,50.0649847463076
CZE,"Na Perštýně 519/9a, Liberec IV-Perštýn, 460 01  Liberec 1",15.05986836508842,50.76442585827988
CZE,"Na Točně 2, Jindřichův Hradec V, 377 01  Jindřichův Hradec 1",15.001808849629867,49.133518724298824
CZE,"Táboritů 237/1, Bělidla, 779 00  Olomouc 9",17.27862904652889,49.59907024614469
CZE,"Krchlebská 1889/4, Krč, 140 00  Praha 4",14.442150431891037,50.047646318584526
CZE,"Hlavničkovo nábřeží 5655, 760 01  Zlín 1",17.65788979719295,49.22706587669768
CZE,"Kaplanova 2836/2a, 767 01  Kroměříž 1",17.402012505290116,49.308412037467775
CZE,"Brněnská 681, 691 23  Pohořelice",16.530873932191582,48.98539465339175
CZE,"Lisabonská 799/8, Vysočany, 190 00  Praha 9",14.49724468146323,50.10592543990626
CZE,"Jandova 10/3, Vysočany, 190 00  Praha 9",14.502362168627968,50.11165543464554
CZE,"Sovova 584/2, Liberec XIV-Ruprechtice, 460 14  Liberec 14",15.081543882881078,50.77805139626287
CZE,"J. K. Tyla 418, 757 01  Valašské Meziříčí 1",17.971354284310422,49.46343638443548
CZE,"Křenová 224/67, Trnitá, 602 00  Brno 2",16.624470370181115,49.19142581484812
CZE,"Bucharova 2657/12, Stodůlky, 158 00  Praha 58",14.353655387812125,50.05065181760614
CZE,"Na Zlaté stoce 551/14, České Budějovice 2, 370 05  České Budějovice 5",14.45531622248484,48.97992277936075
CZE,"T. G. Masaryka 1326, 347 01  Tachov 1",12.637073552532627,49.800935140718224
CZE,"U Trojice 1042/2, Smíchov, 150 00  Praha 5",14.394178201627994,50.07191146727274
CZE,"Hvězdova 1716/2b, Nusle, 140 00  Praha 4",14.436138008924274,50.05041741768383
CZE,"Lomnického 1705/9, Nusle, 140 00  Praha 4",14.433034190178404,50.05711392967828
CZE,"Jiráskova 413, Horní Litvínov, 436 01  Litvínov 1",13.618855845936963,50.599276046547715
CZE,"Komenského 812, Staré Město, 739 61  Třinec 1",18.672931398578413,49.67421065535126
CZE,"Žižkova 1051, 395 01  Pacov",15.001424539369253,49.47028121420661
CZE,"Koněvova 2660/141, Žižkov, 130 00  Praha 3",14.474741702189078,50.091779930559824
CZE,"Pekařská 408/21, Město, 746 01  Opava 1",17.90308418586062,49.94139878076567
CZE,"náměstí Krále Jiřího z Poděbrad 478/33, 350 02  Cheb 2",12.369942549788362,50.07896785628003
CZE,"Tylova 484/33, Jižní Předměstí, 301 00  Plzeň 1",13.368155720349478,49.744628406942184
CZE,"Hybernská 1007/20, Nové Město, 110 00  Praha 1",14.433370388314756,50.08714343890881
CZE,"Pobřežní 18/16, Karlín, 186 00  Praha 86",14.441082745064563,50.09250643201756
CZE,"Pardubická 32, Srnojedy, 530 02  Pardubice 2",15.703668434034881,50.0391386030424
CZE,"Okružní 943/4, 434 01  Most 1",13.664800158545745,50.49549274635291
CZE,"Velkomoravská 4017/77, 695 01  Hodonín 1",17.11596363089791,48.85047069697197
CZE,"Nepelova 953/7, Hloubětín, 198 00  Praha 98",14.521873227563617,50.10623276238621
CZE,"Svatopluka Čecha 810, 252 28  Černošice",14.310950680780678,49.9510254803817
CZE,"Paní Zdislavy 418, 470 01  Česká Lípa 1",14.5322694697102,50.68581324568288
CZE,"Jurečkova 643/20, Moravská Ostrava, 702 00  Ostrava 2",18.287124549172404,49.8349891788489
CZE,"Karla IV. 41, Zelené Předměstí, 530 02  Pardubice 2",15.77997325723058,50.03469204531734
CZE,"Družstevní 294, Staré Město, 739 61  Třinec 1",18.669600681713604,49.68458791248713
CZE,"Dvořákova 383/17, České Budějovice 6, 370 01  České Budějovice 1",14.487286896671776,48.97111369248998
CZE,"Třebízského 1285/9, Vinohrady, 120 00  Praha 2",14.443597735112348,50.07807493213474
CZE,"U Mlýnského rybníka 209, Šeberov, 149 00  Praha 415",14.508560669845224,50.01198153012058
CZE,"V parku 2343/24, Chodov, 148 00  Praha 414",14.497192126930315,50.02640498337635
CZE,"Dobrovského 422/3, Vyškov-Město, 682 01  Vyškov 1",17.000038724858342,49.27673041321185
CZE,"Karla Čapka 211/1, Děčín I-Děčín, 405 02  Děčín 2",14.2104574452203,50.781733105323156
CZE,"Přerovská 560, Svítkov, 530 06  Pardubice 6",15.745007645220028,50.031415224089955
CZE,"Palackého 851, 341 01  Horažďovice",13.70360258673486,49.325444651453495
CZE,"Rekreační 199/23, Třebětín, 679 61  Letovice",16.583973037350916,49.55609115751278
CZE,"Ocelářská 392/9, Libeň, 190 00  Praha 9",14.489306348603833,50.104636638474005
CZE,"Na výsluní 201/13, Strašnice, 100 00  Praha 10",14.490590288532246,50.07789568513533
CZE,"Kostelní 10/5, Liberec II-Nové Město, 460 01  Liberec 1",15.056866973199362,50.76940789388931
CZE,"Dolní Lukavice 4, 334 44  Dolní Lukavice",13.344233433410636,49.602330806479955
CZE,"Zvonařka 408/16, Trnitá, 617 00  Brno 17",16.621056421017755,49.1874558102281
CZE,"č.p. 786, 739 51 Dobrá",18.404923564942976,49.675806108711186
CZE,"Karlovarská 6, Valeč, 364 53  Chyše",13.251126833842648,50.17310639385744
CZE,"Novodvorská 1005/150, Braník, 142 00  Praha 411",14.428099679959985,50.02790521831619
CZE,"U Elektry 650/2, Hloubětín, 198 00  Praha 98",14.520599848833228,50.1013814425568
CZE,"Věstonická 4289/12, Židenice, 628 00  Brno 28",16.656808171727135,49.2017798541122
CZE,"Františka Křížka 460/13, Holešovice, 170 00  Praha 7",14.430189875154838,50.09990719151679
CZE,"náměstí T. G. Masaryka 11/9, 690 02  Břeclav 2",16.88032922189697,48.76025866193709
CZE,"Klicperova 1266/1, 500 03  Hradec Králové 3",15.833894040358217,50.21039232621453
CZE,"Ovenecká 316/42, Bubeneč, 170 00  Praha 7",14.42361946889369,50.10200522379111
CZE,"Mezihorská 1548/49, Modřany, 143 00  Praha 412",14.42552115508613,50.002956525424
CZE,"Na Poříčním právu 1914/6, Nové Město, 128 00  Praha 28",14.416023285321899,50.07126606072825
CZE,"Perucká 2482/7, Vinohrady, 120 00  Praha 2",14.437939699011821,50.068806894155585
CZE,"Pavlovova 3048/40, Zábřeh, 700 30  Ostrava 30",18.241321471632148,49.79611064297896
CZE,"Folknářská 1246/21, Děčín II-Nové Město, 405 02  Děčín 2",14.235222448704405,50.777346520115316
CZE,"Jiráskova 193, Nové Město, 337 01  Rokycany 1",13.595157858727106,49.74021558637742
CZE,"Brníčko 1050, 783 91  Uničov 1",17.132408086737797,49.771867454877054
CZE,"1. máje 97/25, Liberec III-Jeřáb, 460 07  Liberec 7",15.051153029804652,50.76437296847084
CZE,"Jičínská 2348/10, Vinohrady, 130 00  Praha 3",14.461196798114656,50.07758044175691
CZE,"V Cihelně 1125, 330 11  Třemošná",13.398638606722756,49.82833273235164
CZE,"Řipská 1095/1, Vinohrady, 101 00  Praha 101",14.452839034820357,50.07472514644019
CZE,"Křížná 32/2, 757 01 Valašské Meziříčí",17.971321175792866,49.47445163013154
CZE,"Rokycanova 2798, Zelené Předměstí, 530 02  Pardubice 2",15.77455142316154,50.03035336268616
CZE,"Kosmova 665/10, Přívoz, 702 00  Ostrava 2",18.275948622392463,49.85426181454875
CZE,"Žitomírská 599/38, Vršovice, 101 00  Praha 101",14.45820722470907,50.071175703812
CZE,"Za Žoskou 2506, 288 02  Nymburk 2",15.04288176775114,50.20038383090886
CZE,"Hajany 231, 664 43  Želešice",16.554479383190397,49.11446007858703
CZE,"Chomutovská 65, 431 11  Jirkov 1",13.447827134955588,50.49808300589123
CZE,"Na Výsluní 1334/38, Nový Hradec Králové, 500 08  Hradec Králové 8",15.850760105927833,50.174417197785544
CZE,"Senovážné náměstí 1464/6, Nové Město, 110 00  Praha 1",14.431062598913485,50.08601967715006
CZE,"Trlicova 1212/38, 741 01  Nový Jičín 1",18.020000754864895,49.600328788906495
CZE,"Menclova 2538/2, Libeň, 180 00  Praha 8",14.465479112446985,50.10458752052142
CZE,"Humpolecká 640, 580 01  Havlíčkův Brod 1",15.573492616216413,49.6025943754253
CZE,"Zahradní 1994/22, Východní Předměstí, 326 00  Plzeň 26",13.390121251992014,49.732756866017695
CZE,"nám. Přemysla Otakara II. 205, Vysoké Mýto-Město, 566 01  Vysoké Mýto",16.159276839419874,49.9534116824872
CZE,"Havlíčkovo nábřeží 2728/38, Moravská Ostrava, 702 00  Ostrava 2",18.292611929724274,49.84010976731781
CZE,"1. máje 363/37, Liberec III-Jeřáb, 460 07  Liberec 7",15.049090411071234,50.7630129208616
CZE,"U libeňského pivovaru 63/2, Libeň, 180 00  Praha 8",14.475361208652771,50.107069150594555
CZE,"Doudlevecká 1081/27, Jižní Předměstí, 301 00  Plzeň 1",13.379729033158952,49.73875244135911
CZE,"Svobodova 138/5, Vyšehrad, 128 00  Praha 28",14.419993457579977,50.068088020229766
CZE,"Bynovec 160, 405 02  Děčín 2",14.261539110104337,50.821834728504456
CZE,"Arbesovo náměstí 257/7, Smíchov, 150 00  Praha 5",14.404401189835937,50.07620853375468
CZE,"Revoluční 308, Frýdek, 738 01  Frýdek-Místek 1",18.351102945558296,49.68694515511717
CZE,"Strakonická 3309/2e, Smíchov, 150 00  Praha 5",14.411226070677515,50.051723527746134
CZE,"Salvátorská 931/8, Staré Město, 110 00  Praha 1",14.420744476104488,50.08884362414892
CZE,"Holandská 874/8, Štýřice, 639 00  Brno 39",16.60582004888255,49.18134540281321
CZE,"Jihlavská 1558/21, Michle, 140 00  Praha 4",14.458819941831194,50.04418735860111
CZE,"Poštovní 721, 432 01  Kadaň 1",13.269936830396745,50.38270732405721
CZE,"Františkánská 126/10, Vnitřní Město, 301 00  Plzeň 1",13.377857018903768,49.74562111764476
CZE,"Fáblovka 404, Pardubice - Polabiny, 533 52  Staré Hradiště u Pardubic",15.772241119189289,50.06283998492307
CZE,"Hodějovická 448, 393 01  Pelhřimov",15.219225275897998,49.435681053174505
CZE,"Na Pankráci 1618/30, Nusle, 140 00  Praha 4",14.429324611290042,50.059528588345046
CZE,"Kubánské náměstí 1391/11, Vršovice, 100 00  Praha 10",14.481009354107556,50.07151915229463
CZE,"Kubátova 124, 417 22  Háj u Duchcova",13.709429769641446,50.634899344590906
CZE,"Včelník 1070, 252 10  Mníšek pod Brdy",14.267156493974454,49.84566432882363
CZE,"Slatinice 132, 783 42  Slatinice",17.10090269199614,49.56130486892596
CZE,"Lažánky 159, 678 01  Blansko 1",16.715063153167762,49.35307500853813
CZE,"Nuselská 214/124, Michle, 140 00  Praha 4",14.451686104038572,50.055290991466165
CZE,"Havlíčkova 921, Kolín IV, 280 02  Kolín 2",15.216862165935737,50.016689393677126
CZE,"Domažlická 1053/15, Žižkov, 130 00  Praha 3",14.463208371057732,50.08909068074502
CZE,"Rohanské nábřeží 678/23, Karlín, 186 00  Praha 86",14.451425510668855,50.0951047381829
CZE,"Pražská 1470/18b, Hostivař, 102 00  Praha 102",14.52343259683039,50.055746464084706
CZE,"Selibice 52, Staňkovice, 440 01  Louny 1",13.615629316128604,50.342559390860856
CZE,"Na Rovince 879, Hrabová, 720 00  Ostrava 20",18.269389447881565,49.76970748033827
CZE,"8. pěšího pluku 2380, Místek, 738 01  Frýdek-Místek 1",18.339595263050683,49.67699927262822
CZE,"Revoluční 655/1, Staré Město, 110 00  Praha 1",14.42788124756322,50.08948580366069
CZE,"Štefánikova 1163/12, 742 21  Kopřivnice",18.147160344825664,49.597823647594936
CZE,"Pohraniční 641/106, Moravská Ostrava, 703 00  Ostrava 3",18.261839280958213,49.817274990406474
CZE,"Na Rybníčku 876/5b, Liberec III-Jeřáb, 460 07  Liberec 7",15.051204997604344,50.76601326501276
CZE,"Letohradská 1356, 562 06  Ústí nad Orlicí 6",16.404388498703184,49.9781471397626
CZE,"Bořivojova 878/35, Žižkov, 130 00  Praha 3",14.45362735281401,50.0820872653658
CZE,"Nádražní 923/118, Moravská Ostrava, 702 00  Ostrava 2",18.280375021640396,49.846735033135275
CZE,"Keramická 198, 330 11  Třemošná",13.397199433947549,49.817390702579814
CZE,"Vladislavova 1390/17, Nové Město, 110 00  Praha 1",14.421009176606788,50.0808505993713
CZE,"Města Mayen 1536, Mařatice, 686 01  Uherské Hradiště 1",17.472872360364022,49.071246883399425
CZE,"Viléma Plocka 2225, Brandýs nad Labem, 250 01  Brandýs nad Labem-Stará Boleslav 1",14.685495269804022,50.17831025653439
CZE,"Kralická 1082/18, Strašnice, 100 00  Praha 10",14.492134318916186,50.075753731688366
CZE,"Chřibská 577/59, Ďáblice, 182 00  Praha 82",14.488726656180205,50.15036302160024
CZE,"Oldřichova 304/28, Nusle, 128 00  Praha 28",14.428155503435136,50.06561217366979
CZE,"Plaménková 1116/17, Černice, 326 00  Plzeň 26",13.423177717916275,49.70571915139712
CZE,"Coral Office Park, budova D, Bucharova 1314/8, Nové Butovice, 158 00 Praha 13",14.352144046850583,50.05039470272624
CZE,"Křemencova 178/10, Nové Město, 110 00  Praha 1",14.417387607701755,50.07862885020609
CZE,"Tyršova 1514, Mladá, 289 23  Milovice nad Labem 1",14.862125103763361,50.23199198778346
CZE,"Českobratrská 2227/7, Moravská Ostrava, 702 00  Ostrava 2",18.29015913339805,49.839568003006065
CZE,"Golčova 486, Kunratice, 148 00  Praha 414",14.482926043906673,50.01297021750966
CZE,"Nádražní 50, 739 91  Jablunkov",18.765697189963277,49.57769798560892
CZE,"Žitná 1575/49, Nové Město, 110 00  Praha 1",14.429528207718164,50.07724671628199
CZE,"Tigridova 1501/6, Michle, 140 00  Praha 4",14.455885605167538,50.05394292997846
CZE,"Řeporyjská 490/17, Jinonice, 158 00  Praha 58",14.35505047177665,50.050481413514575
CZE,"Vavrečkova 5262, 760 01  Zlín 1",17.657898179096122,49.223982509795576
CZE,"Všestarská 150, Tehov, 251 01  Říčany u Prahy",14.69000699682627,49.96824664527935
CZE,"Obránců míru 468, 674 01  Třebíč",15.888493170909811,49.216397641793066
CZE,"Příkop 843/4, Zábrdovice, 602 00  Brno 2",16.613628126966603,49.20006919149313
CZE,"Padolí 228, Zbečník, 549 31  Hronov 1",16.176706755616095,50.48121103107985
CZE,"Paceřická 2773/1, Horní Počernice, 193 00  Praha 913",14.608217894382875,50.1201263117232
CZE,"Škrétova 490/12, Vinohrady, 120 00  Praha 2",14.431925599664424,50.078411088361605
CZE,"Těšnov 1163/5, Nové Město, 110 00  Praha 1",14.436330792697305,50.09113473356288
CZE,"Karlova 424/24, Jižní Předměstí, 301 00  Plzeň 1",13.366434915627565,49.746989882433326
CZE,"U Hadovky 1544/11, Dejvice, 160 00  Praha 6",14.37418350687912,50.10139590133977
CZE,"Václavské náměstí 793/36, Nové Město, 110 00  Praha 1",14.426258846384599,50.08178400810891
CZE,"nábřeží 1. máje 2518, Budějovické Předměstí, 397 01  Písek 1",14.146703013287265,49.311142819612826
CZE,"Ječná 546/17, Nové Město, 120 00  Praha 2",14.42316533737963,50.07571685131441
CZE,"třída Kpt. Jaroše 1922/3, Černá Pole, 602 00  Brno 2",16.61061424604179,49.20041599273702
CZE,"Zátiší 1104, 756 61  Rožnov pod Radhoštěm 1",18.14836365084554,49.45768694368084
CZE,"Nad Krocínkou 404/21, Prosek, 190 00  Praha 9",14.499025919707037,50.11623128322708
CZE,"Názovská 3254/10, Strašnice, 100 00  Praha 10",14.486652805696536,50.07858559958572
CZE,"Horská 568/19, Liberec XIV-Ruprechtice, 460 14  Liberec 14",15.070828876956739,50.782648912064104
CZE,"Valtířov 146, 400 02 Ústí nad Labem",14.122562629227787,50.67076416717413
CZE,"Ibsenova 116/3, Lesná, 638 00  Brno 38",16.619398396750626,49.23121533786468
CZE,"Radlická 180/50, Smíchov, 150 00  Praha 5",14.402734280751417,50.0663581630524
CZE,"Pražská 743, Benátky nad Jizerou II, 294 71  Benátky nad Jizerou 1",14.825438435573801,50.28311405344081
CZE,"Dubčany 21, 783 22  Cholina",17.079337563868307,49.648672463208754
CZE,"Pod Petřinami 454/21, Veleslavín, 162 00  Praha 616",14.347868186583668,50.09298478723176
CZE,"Kyjevská 1373/7, Východní Předměstí, 326 00  Plzeň 26",13.394534491651939,49.734782436739096
CZE,"Masarykovo nám. 62/32, 251 01  Říčany u Prahy",14.655823248743928,49.992220983836916
CZE,"Konojedská 2142/10, Strašnice, 100 00  Praha 10",14.507509411548966,50.06464469249576
CZE,"M. J. Lermontova 855/19, Bubeneč, 160 00  Praha 6",14.395746455712128,50.10999942203517
CZE,"Na Svahu 1111, 293 06  Kosmonosy",14.920712176207786,50.44331900330414
CZE,"9. května 1421, 696 03  Dubňany",17.08100547878118,48.91708914140105
CZE,"Matějská 2416/1, Dejvice, 160 00  Praha 6",14.387294563645156,50.11679882189111
CZE,"Tvrdého 564/8, Stránice, 602 00  Brno 2",16.589967606863922,49.19635475110093
CZE,"Mrštíkova 1146/2a, Nový Hradec Králové, 500 09  Hradec Králové 9",15.852132474934734,50.197472376840864
CZE,"Ječná 243/39a, Nové Město, 120 00  Praha 2",14.428053495673481,50.07564342584257
CZE,"Bozděchova 1840/7, Smíchov, 150 00  Praha 5",14.404156354444183,50.07021987348338
CZE,"Citolibská 1119/2, Dolní Chabry, 184 00  Praha 84",14.44119958879483,50.14570691629578
CZE,"Na příkopě 854/14, Nové Město, 110 00  Praha 1",14.425554682698817,50.08533403747032
CZE,"Skalice 455, 738 01  Frýdek-Místek 1",18.41167686433144,49.662133045337214
CZE,"Horní Ředice 349, 533 75  Dolní Ředice",15.959607500564118,50.07788122635236
CZE,"Čechova 1576/1, Předměstí, 412 01  Litoměřice 1",14.136847236257438,50.53969915515728
CZE,"náměstí Generála Píky 2004/11, Východní Předměstí, 326 00  Plzeň 26",13.398290590102931,49.73403636353743
CZE,"Žitná 2, 120 00 Praha 2",14.421586857373626,50.0773558067518
CZE,"Senegalská 636/4, Vokovice, 160 00  Praha 6",14.353125064798235,50.096487039745085
CZE,"Mírového hnutí 869/22, Háje, 149 00  Praha 415",14.518067256788754,50.03885701300524
CZE,"Na Beránce 57/2, Dejvice, 160 00  Praha 6",14.364646409808017,50.100727486471044
CZE,"Tichá 509, 742 74 Nový Jičín",18.230462883706423,49.551638690545985
CZE,"5. května 1640/65, Nusle, 140 00  Praha 4",14.42966650912058,50.062519544764655
CZE,"Petrovická 283, Hořejší Předměstí, 344 01  Domažlice 1",12.911939794622327,49.44303818486773
CZE,"Lannova 2061/8, Nové Město, 110 00  Praha 1",14.431970778122519,50.09276421744971
CZE,"Brojova 2113/16, Východní Předměstí, 326 00  Plzeň 26",13.40581904789704,49.72840158721823
CZE,"Jiráskova 730/95, 664 51  Šlapanice u Brna",16.727287069301724,49.158842633086635
CZE,"Beltinská 628, 252 41  Dolní Břežany",14.449841247149664,49.959224825705974
CZE,"Čínská 1949/35, Dejvice, 160 00  Praha 6",14.390002840380191,50.10829915297603
CZE,"Budovatelů 402, 533 12  Chvaletice",15.41164519051631,50.03066173290398
CZE,"Randova 206, Klatovy I, 339 01  Klatovy 1",13.292994440203984,49.396030208746
CZE,"Jaromírova 569/24, Nusle, 128 00  Praha 28",14.428064727423731,50.064918445453486
CZE,"Lipové náměstí 19/27, Křelov, 783 36  Křelov-Břuchotín",17.199186709336544,49.61438691691234
CZE,"Riegrovo náměstí 4/27, Poděbrady III, 290 01  Poděbrady 1",15.121773581542897,50.14335298451752
CZE,"Starokolínská 42, Újezd nad Lesy, 190 16  Praha 916",14.658183341221047,50.076474826818554
CZE,"Čechova 67/52, 289 22  Lysá nad Labem",14.834958768838533,50.19875518521235
CZE,"Myslivní 67/8, Kohoutovice, 623 00  Brno 23",16.545090981081643,49.19020716994544
CZE,"Křižíkova 2987/70b, Královo Pole, 612 00  Brno 12",16.617993673597454,49.22238127292243
CZE,"Školní 645, 432 01  Kadaň 1",13.272654075768145,50.37908952700863
CZE,"R. A. Dvorského 601, Horní Měcholupy, 109 00 Praha 10",14.551219276409228,50.04358071835878
CZE,"Čáslavská 266, Chrudim IV, 537 01  Chrudim 1",15.786699231614676,49.952718792461184
CZE,"S. K. Neumanna 1316, Zelené Předměstí, 530 02  Pardubice 2",15.77736162383917,50.027767922742186
CZE,"Ke strži 405, Nebušice, 164 00  Praha 619",14.331738471208013,50.11284118057827
CZE,"Na křivině 1371/1, Michle, 140 00  Praha 4",14.447439496613782,50.05096877927471
CZE,"Litevská 1174/8, Vršovice, 100 00  Praha 10",14.476717987319802,50.07287463176664
CZE,"Litoměřická 272, 411 08  Štětí",14.369282524273387,50.45972993153134
CZE,"Revoluční 1082/8, Nové Město, 110 00  Praha 1",14.42810722367284,50.090152542148786
CZE,"Bráfova 3070/9a, Žabovřesky, 616 00  Brno 16",16.57565307643992,49.21175431889097
CZE,"Kališnická 2889/16, Žižkov, 130 00  Praha 3",14.46409484113758,50.09001453411301
CZE,"Smetanova 1340, 755 01  Vsetín 1",17.995590389704148,49.33597672234103
CZE,"Družstevní 338/16, 789 85  Mohelnice",16.930687696175028,49.77252275206732
CZE,"Rudolfovská tř. 117/53, České Budějovice 4, 370 01  České Budějovice 1",14.48807378974189,48.97760275238082
CZE,"Karolinská 661/4, Karlín, 186 00  Praha 86",14.446196041277688,50.094620473726934
CZE,"Průmyslová 742/8b, Vyškov-Předměstí, 682 01  Vyškov 1",17.00684893736934,49.29178778980477
CZE,"Dělnická 243, Podmoklice, 513 01  Semily",15.32454506276386,50.605119071251295
CZE,"Jana Palacha 1027, Mladá Boleslav II, 293 01  Mladá Boleslav 1",14.911881003022131,50.42984760852059
CZE,"Hybešova 724/38, Staré Brno, 602 00  Brno 2",16.600978326332267,49.189685480291814
CZE,"Náchodská 614/136, Horní Počernice, 193 00  Praha 913",14.613439484785061,50.11535587725945
CZE,"Sirotkova 1242, Mladá Boleslav II, 293 01  Mladá Boleslav 1",14.910697394474738,50.4195600796582
CZE,"U Menhiru V 275, Zbuzany, 252 25  Jinočany",14.279639662373654,50.02351481934241
CZE,"Purkyňova 649/127, Medlánky, 612 00  Brno 12",16.572712620986948,49.233292583019136
CZE,"Dolní Sukolom 1609, 783 91  Uničov 1",17.135909123875166,49.791450598180035
CZE,"Tenisová 955/18, Hostivař, 102 00  Praha 102",14.547062187710338,50.04984233530698
CZE,"Stodolní 794/21, Moravská Ostrava, 702 00  Ostrava 2",18.28286746436862,49.83506985466698
CZE,"Chotěšovská 678/2, Letňany, 190 00  Praha 9",14.50257892464407,50.12807633733752
CZE,"V celnici 1031/4, Nové Město, 110 00  Praha 1",14.430362039446067,50.08816020567349
CZE,"K Písnici 611, 252 41  Dolní Břežany",14.457375907552148,49.970029727541856
CZE,"Mošnova 2366/45, Smíchov, 150 00  Praha 5",14.380695239818039,50.071457964401446
CZE,"Španělská 770/2, Vinohrady, 120 00  Praha 2",14.433945722148735,50.07913101002532
CZE,"Kamýcká 27/150, Suchdol, 165 00  Praha 620",14.367853996515208,50.137891671684514
CZE,"Jeseniova 245/1, Žižkov, 130 00  Praha 3",14.455216645475105,50.08519816681985
CZE,"Na Svahu 325, Kokonín, 468 01  Jablonec nad Nisou 8",15.179907276844574,50.70304765398757
CZE,"28. října 375/9, Staré Město, 110 00  Praha 1",14.422521858672866,50.08369076535277
CZE,"Olomoucká 7/9, 618 00 Brno",16.632698968347484,49.190604597884516
CZE,"Vrážská 239/24, Radotín, 153 00  Praha 512",14.37107918521906,49.98935261275125
CZE,"Janáčkovo nábřeží 139/57, Malá Strana, 150 00  Praha 5",14.40790088586877,50.080270445943
CZE,"Kutnohorská 309/84, Praha, 111 01  Dolní Měcholupy",14.577503416024854,50.045409440084086
CZE,"Cacovice 63/2, Maloměřice, 614 00  Brno 14",16.63737313665328,49.223064900945445
CZE,"Klášter 84, 582 83  Vilémov u Golčova Jeníkova",15.521706620008558,49.79349703984033
CZE,"Kotěrova 1730/1, Černá Pole, 613 00  Brno 13",16.629097264552996,49.21571263075606
CZE,"Poděbradská 174/8, Vysočany, 190 00  Praha 9",14.504904148403966,50.10190464095302
CZE,"Nad Jurečkem 249/15, Strašín, 251 01  Říčany u Prahy",14.688363305613564,50.003480268643926
CZE,"Jilemnického 1883/1, 748 01  Hlučín",18.19194929590074,49.888412747480174
CZE,"Ke Kodě 181, Srbsko, 267 18  Karlštejn",14.130119585492707,49.93216917381258
CZE,"Táborská 923/19, Mladá Boleslav III, 293 01  Mladá Boleslav 1",14.913178353995647,50.413039503811405
CZE,"Nová Ves 56, 277 52  Nová Ves u Mělníka",14.308785970466573,50.31090660035187
CZE,"Mikoláše Alše 2099/8, 434 01  Most 1",13.641491259281281,50.513061383046704
CZE,"Hošťálková 258, 756 22  Hošťálková u Vsetína",17.890854234756375,49.36119430668708
CZE,"Tvrdého 642, Letňany, 199 00  Praha 99",14.514451471396939,50.13821638661355
CZE,"Pobřežní 1656, 347 01  Tachov 1",12.62856910593274,49.794954652802545
CZE,"Žákava 21, 332 04  Nezvěstice",13.531560537987925,49.636570220558426
CZE,"Trojická 869/9, 120 00 Praha",14.416048682488537,50.07079654842187
CZE,"Edvarda Beneše 590/31, Doudlevce, 301 00  Plzeň 1",13.379338687928083,49.722214904484446
CZE,"Hradecká 1383, 535 01  Přelouč",15.568934872545725,50.03984423356124
CZE,"Koněvova 2660/141, Žižkov, 130 00 Praha 3",14.474741702189078,50.091779930559824
CZE,"Lohniského 901/7, Hlubočepy, 152 00  Praha 52",14.375148431572654,50.03764566035832
CZE,"U Olivovny 1640/2, 251 01  Říčany u Prahy",14.684922701998119,49.9902742449149
CZE,"Mokrohorská 400/29, Soběšice, 644 00  Brno 44",16.61890294245393,49.25885613041876
CZE,"Opletalova 921/6, Nové Město, 110 00  Praha 1",14.42961462513992,50.081118023992104
CZE,"Karolinská 650/1, Karlín, 186 00  Praha 86",14.444007693996667,50.09426910434584
CZE,"Svojsíkova 186, 411 11  Sulejovice",14.033430728145618,50.500732357846914
CZE,"Karlovo nám. 62/51, Vnitřní Město, 674 01  Třebíč 1",15.879178529548994,49.21550555583812
CZE,"Petrská 1131/2, Nové Město, 110 00  Praha 1",14.432482493311397,50.09114726450812
CZE,"Balbínovo nám. 15/II, 370 01 Jindřichův Hradec",15.00107367290235,49.14373286959889
CZE,"Jakubská 647/2, Staré Město, 110 00  Praha 1",14.424807855125891,50.08807756010819
CZE,"Jablunkovská 853/46, 737 01  Český Těšín 1",18.62017092230738,49.73684937215265
CZE,"Křišťanova 1789/17, Žižkov, 130 00  Praha 3",14.458993782503057,50.081279836632916
CZE,"Masarykovy sady 51/27, 737 01  Český Těšín 1",18.620704346625473,49.74831589951566
CZE,"Rantířovská 284/19, Horní Kosov, 586 01  Jihlava 1",15.555340263785496,49.39812354715454
CZE,"Poděbradská 433/65, Hloubětín, 198 00  Praha 98",14.527293888166213,50.10434297849628
CZE,"Velkopřevorské náměstí 488/5, Malá Strana, 118 00  Praha 011",14.40732261836871,50.08651131768082
CZE,"Generála Štefánika 8, 750 02 Přerov",17.454082983291755,49.447163087058414
CZE,"Staroměstské náměstí 1302/2, 784 01  Litovel",17.07390173202097,49.706298885730234
CZE,"Moravní 1636, 765 02  Otrokovice 2",17.51475773636008,49.212960726215016
CZE,"Korunovační 103/6, Bubeneč, 170 00  Praha 7",14.420553452531124,50.10037838020381
CZE,"U Elektry 203/8, Hloubětín, 198 00  Praha 98",14.520037423130134,50.10470348415183
CZE,"V Bezovce 1896/6, Jižní Předměstí, 301 00  Plzeň 1",13.369607717436566,49.735049777540866
CZE,"Americká 890/98, Liberec III-Jeřáb, 460 07  Liberec 7",15.030214029844018,50.75678231695517
CZE,"Pavelkova 598/11, Holice, 779 00  Olomouc 9",17.300204065302495,49.58749202992183
CZE,"Na rovni 1300/38, Břevnov, 162 00  Praha 616",14.337207495391937,50.08762388959883
CZE,"Jungmannova 32, 110 00  Praha 1",14.42228724920298,50.08151130288908
CZE,"V jámě 1371/8, Nové Město, 110 00  Praha 1",14.424938612815424,50.08001999467612
CZE,"Francouzská 75/4, Vinohrady, 120 00  Praha 2",14.437840038183083,50.07450893524779
CZE,"Dlouhá třída 1520/6a, Město, 736 01  Havířov 1",18.4388588734152,49.778061932780815
CZE,"Doudlevecká 2884/49, Jižní Předměstí, 301 00  Plzeň 1",13.379177755387104,49.73655629890811
CZE,"Ztracená 269/36, Olomouc, 77900 Olomouc 9",17.25429193920189,49.59517882186694
CZE,"Novohradská 1, 370 01 České Budějovice",14.485080528298909,48.97154418703707
CZE,"U Tiskárny 616/9, Přívoz, 702 00  Ostrava 2",18.272101412653967,49.84904097851788
CZE,"Hodkovická 52/52, Liberec VI-Rochlice, 460 06  Liberec 6",15.058200114899421,50.74235622339992
CZE,"J. Opletala 3506/45, 690 02  Břeclav 2",16.89756970708146,48.76407661883351
CZE,"Thámova 21/34, Karlín, 186 00  Praha 86",14.45149809795035,50.094314785718126
CZE,"Palachovo nám. 620/1, 779 00  Olomouc 9",17.250126552418863,49.59126719720254
CZE,"Opletalova 1337/29, Nové Město, 110 00  Praha 1",14.432415018990838,50.08364495825191
CZE,"Komenského 458, 667 01  Židlochovice",16.619842218523758,49.03644626915289
CZE,"Nádražní 238/7, Vyškov-Město, 682 01  Vyškov 1",16.995161043943455,49.277294976300226
CZE,"Vodičkova 41 (č.p. 791), Nové Město, 11209 Praha 1",14.425534063217015,50.08197390012535
CZE,"Tuřanka 1222/115, Slatina, 627 00  Brno 27",16.678967157694956,49.16849665770704
CZE,"Prunéřov 375, 432 01  Kadaň 1",13.255818436507042,50.41936402694293
CZE,"Černokostelecká 1493/35, Strašnice, 100 00  Praha 10",14.496695918262333,50.077189928887975
CZE,"Sokolovská 651/136a, Karlín, 186 00  Praha 86",14.46312170217891,50.09633834478274
CZE,"Nad Lesem 72, Turkovice, 251 65  Ondřejov",14.751308045699858,49.89795491560267
CZE,"Divnice 179, 763 21  Slavičín",17.91234945781173,49.099378059198784
CZE,"Kuštova 2507, 440 01  Louny 1",13.821852884172387,50.356526617126775
CZE,"Na Královkách 894/9, 664 34  Kuřim",16.530665558078624,49.30805635140652
CZE,"Svatoplukova 3725/60a, 796 01  Prostějov 1",17.123602897452002,49.47229345770194
CZE,"Na Příkopě 9/11, 110 00 Praha 1",14.424197065841497,50.08485555652754
CZE,"Bořivojova 1507/91, Žižkov, 130 00  Praha 3",14.446946473069005,50.082504139320235
CZE,"Lamačova 839/20, Hlubočepy, 152 00  Praha 52",14.37615853472434,50.03584589810848
CZE,"Smečenská 574, 274 01  Slaný 1",14.08240836769454,50.22431659522667
CZE,"Mikulášská 277/8, Východní Předměstí, 326 00  Plzeň 26",13.38600255240965,49.741316800816605
CZE,"Komenského 1321/1, 586 01  Jihlava 1",15.589289989131174,49.39673956921172
CZE,"Klatovská třída 836/42, Jižní Předměstí, 301 00  Plzeň 1",13.37120723601953,49.74085479031356
CZE,"č.p. 289, 742 33 Jeseník nad Odrou",17.90340705677093,49.61371418536348
CZE,"Slovanská alej 1960/24, Východní Předměstí, 326 00  Plzeň 26",13.405460553898223,49.72556276234127
CZE,"Uralská 889/4, Liberec III-Jeřáb, 460 07  Liberec 7",15.03008788220123,50.757311634140706
CZE,"Na Pankráci 1724/129, Nusle, 140 00  Praha 4",14.440883758683157,50.05080705045293
CZE,"Poříčská 2070, Újezd nad Lesy, 190 16  Praha 916",14.650976748508867,50.08000151257963
CZE,"Doudlevecká 410/11, Jižní Předměstí, 301 00  Plzeň 1",13.379774882169329,49.73975101939391
CZE,"Karlická 1724/41, Radotín, 153 00  Praha 512",14.350202714256113,49.97690909075408
CZE,"Strážní 1420/13, Žižkov, 130 00  Praha 3",14.480920589752913,50.092737688726146
CZE,"Bolzanova 1615/1, Nové Město, 110 00  Praha 1",14.43513335400965,50.086199091787535
CZE,"Židovská 4841/3, 586 01  Jihlava 1",15.589861551108697,49.39451354527591
CZE,"Tovární 1304/36, Hodolany, 779 00  Olomouc 9",17.274419319478056,49.586692522087446
CZE,"Rohovládova Bělá 187, 533 43  Rohovládova Bělá",15.609912320789846,50.10937375487265
CZE,"Türkova 2332/1, Chodov, 149 00  Praha 415",14.504345829833454,50.031530014253946
CZE,"Zalužanská 1292, Mladá Boleslav III, 293 01  Mladá Boleslav 1",14.930527301007203,50.41330780853207
CZE,"Ke Kamenině 453/18, Hrušov, 711 00  Ostrava 11",18.28884409660884,49.86158847802392
CZE,"Francouzská 6167/5, Poruba, 708 00  Ostrava 8",18.18654749458028,49.827538379387704
CZE,"Dělnická 213/12, Holešovice, 170 00  Praha 7",14.446289331860044,50.102935447405514
CZE,"Kamýcká 1361/111, Suchdol, 165 00  Praha 620",14.372941141190438,50.134985875401185
CZE,"Otýlie Beníškové 470/6, Severní Předměstí, 301 00  Plzeň 1",13.378892603041095,49.75247520941892
CZE,"Pod stadiony 3302/46, Smíchov, 150 00  Praha 5",14.373166614385866,50.07516339424771
CZE,"S. K. Neumanna 1257/14, Pražské Předměstí, 500 02  Hradec Králové 2",15.814243171277582,50.21375916908204
CZE,"Starobrněnská 334/3, Brno-město, 602 00  Brno 2",16.607413867771356,49.19247950389632
CZE,"Chopinova 483/8, Přívoz, 702 00  Ostrava 2",18.273096512198947,49.849259578552676
CZE,"Babická 2379/1a, Chodov, 149 00  Praha 415",14.496543786719684,50.03988396378227
CZE,"Bělohorská 186/161, Břevnov, 169 00  Praha 69",14.358887539412308,50.08302230857453
CZE,"Lužní 573/14, 784 01  Litovel",17.089501627296897,49.70253423773801
CZE,"Klivarova 986/14, Háje, 149 00  Praha 415",14.541553684762476,50.03149589990801
CZE,"Na Poříčí 398/3, Severní Předměstí, 301 00  Plzeň 1",13.377051098913455,49.75154750037544
CZE,"Stupkova 413/1a, Neředín, 779 00  Olomouc 9",17.22950463985535,49.58796988222187
CZE,"Palackého nám. 2, 289 12  Sadská",14.986329318483513,50.1356714312619
CZE,"Soběraz 50, 507 13  Železnice",15.403198159953206,50.468115145558556
CZE,"Chelčického 445/12, Pražské Předměstí, 500 02  Hradec Králové 2",15.814922524529948,50.21489210902476
CZE,"Okružní 186/15, 789 85  Mohelnice",16.91941562896568,49.77487391781756
CZE,"Pohraniční 1288/1, Děčín I-Děčín, 405 02  Děčín 2",14.216029063899072,50.77899234871333
CZE,"Plzeňská 1084, 330 11  Třemošná",13.395399671697703,49.815784855659956
CZE,"Doudlevecká 214/10, Jižní Předměstí, 301 00  Plzeň 1",13.379345561088684,49.74014467547656
CZE,"Staňkova 557/18a, 602 00 Brno",16.60381166106268,49.21279618945567
CZE,"Na žertvách 2196/34, Libeň, 180 00  Praha 8",14.477644355258747,50.10466714860158
CZE,"Pod stanicí 587/19, Hostivař, 102 00  Praha 102",14.536045768547837,50.052482718626266
CZE,"Koněvova 141, 130 83 Praha 3",14.474741702189078,50.091779930559824
CZE,"Žitná 560/2, Nové Město, 120 00  Praha 2",14.421586857373626,50.0773558067518
CZE,"Tábor 2698/57, Královo Pole, 612 00  Brno 12",16.594062166565124,49.21441171747372
CZE,"K hájku 712, 250 91  Zeleneč v Čechách",14.661993083852337,50.13767868752484
CZE,"Tyršova 64, 547 01  Náchod 1",16.16180599488402,50.41618615408251
CZE,"Na Lada 242, 250 66 Zdiby",14.432583078128854,50.16636133916251
CZE,"Vaníčkova 315/7, Břevnov, 169 00  Praha 69",14.390439286078532,50.07980181373645
CZE,"Slévárenská 406/17, Mariánské Hory, 709 00  Ostrava 9",18.257210458748602,49.82585621523944
CZE,"U Prazdroje 64/7, Východní Předměstí, 301 00  Plzeň 1",13.386073630948573,49.74661722301815
CZE,"Toužimská 720, Letňany, 199 00  Praha 99",14.525381892232872,50.13594899798554
CZE,"Palánek 374/1a, Brňany, 682 01  Vyškov 1",17.003218399827944,49.27597080323659
CZE,"Sadová 957/34, 360 01  Karlovy Vary 1",12.876253925671932,50.2258703067088
CZE,"Varenská 3101/49, Moravská Ostrava, 702 00  Ostrava 2",18.266823914957627,49.831089163120424
CZE,"Janáčkova 1883/62, Bolevec, 323 00  Plzeň 23",13.381695176186838,49.77185521729842
CZE,"Dejvická 306/9, Dejvice, 160 00  Praha 6",14.399979568272812,50.09814887777816
CZE,"Vrchlického 682/4, 767 01  Kroměříž 1",17.393283256047084,49.29574802950759
CZE,"Kartouzská 200/4, Smíchov, 150 00  Praha 5",14.40268750973172,50.07453751753761
CZE,"Dukelská 910/15, 352 01  Aš 1",12.194434549750042,50.22124915394059
CZE,"Masarykova 427/31, Brno-město, 60200 Brno 2",16.610672500268862,49.1919288128577
CZE,"náměstí Republiky 4/3, Vnitřní Město, 301 00  Plzeň 1",13.378229594499913,49.74813451513094
CZE,"Přemysla Otakara II/90, 566 01 Vysoké Mýto",16.16203507229781,49.95363782623485
CZE,"Bajkalská 673/12, Vršovice, 100 00  Praha 10",14.472815289382282,50.07089340131307
CZE,"Cíglerova 1138/7, Černý Most, 198 00  Praha 98",14.56675152972656,50.10763480333034
CZE,"Modřanská 307/98, Hodkovičky, 147 00  Praha 47",14.404942576962043,50.024186586972405
CZE,"28. října 1777/112, Moravská Ostrava, 702 00  Ostrava 2",18.276513395028417,49.83120542011744
CZE,"Bažantí 1393/4, Liberec I-Staré Město, 460 01  Liberec 1",15.060124180773329,50.77124105802329
CZE,"Levobřežní 911/10, Vysočany, 190 00  Praha 9",14.508502499437185,50.1054976694777
CZE,"Pod višňovkou 1661/33, Krč, 140 00  Praha 4",14.452356153378418,50.029925424619535
CZE,"Tyršův dům, Újezd 450/40, Malá Strana, 118 00  Praha 011",14.40447000000006,50.08343000000008
CZE,"Čujkovova 1714/21, Zábřeh, 700 30  Ostrava 30",18.23294954292149,49.79157980521748
CZE,"Gruzínská 515/9, Bohunice, 625 00  Brno 25",16.584334716472938,49.16749652902013
CZE,"tř. Kosmonautů 989/8, Hodolany, 779 00  Olomouc 9",17.268455763006784,49.589213128010385
CZE,"Horova 2017/12, 360 01  Karlovy Vary 1",12.871479258347051,50.231987168189136
CZE,"Tuřanská 199/12, Brněnské Ivanovice, 620 00  Brno 20",16.65607944906506,49.151719482220585
CZE,"K Parku 302, Nupaky, 251 01  Říčany u Prahy",14.599776563513927,49.993061437268295
CZE,"Čistovická 243/26, Řepy, 163 00  Praha 618",14.322819707134187,50.0748016732162
CZE,"Hanusova 347/16, Michle, 140 00  Praha 4",14.44719717579298,50.04927676639019
CZE,"Mírová 212/15, Černovice, 618 00  Brno 18",16.634633008686194,49.17690236548748
CZE,"náměstí Míru 620/1, Vinohrady, 120 00  Praha 2",14.434961692632612,50.075640156900334
CZE,"Sokolovská 87/95, Karlín, 186 00  Praha 86",14.45261758493848,50.09444034662769
CZE,"Na Kozačce 1289/7, Vinohrady, 120 00  Praha 2",14.442584279199394,50.07153004876875
CZE,"Školní 5336, 430 01  Chomutov 1",13.410558008314382,50.46055902748395
CZE,"Francouzská 154/80, Vršovice, 101 00  Praha 101",14.447295914612369,50.071823834475055
CZE,"Jižní 870/2, Slezské Předměstí, 500 03  Hradec Králové 3",15.851686809142905,50.21493338989788
CZE,"Kozolupy 194, 330 32  Kozolupy",13.245855622573686,49.76444871619552
CZE,"Tychonova 270/2, Hradčany, 160 00  Praha 6",14.404050239549974,50.09444550149814
CZE,"Divec 99, 500 03  Hradec Králové 3",15.923110850119542,50.240072854906344
CZE,"Voroněžská 779/7, Vinohrady, 101 00  Praha 101",14.444343137761734,50.07159718781318
CZE,"Barvířská 122/15, Liberec III-Jeřáb, 460 07  Liberec 7",15.053587805039058,50.767617309823464
CZE,"Týnská 1053/21, Staré Město, 110 00  Praha 1",14.423961031448073,50.088838636916535
CZE,"Kazašská 1427/4, Vršovice, 101 00  Praha 101",14.466404977471768,50.06762131586095
CZE,"Kostelní 11/3, Liberec II-Nové Město, 460 01  Liberec 1",15.057079286806783,50.76943278814173
CZE,"K Betynce 711, 270 61  Lány",13.938231251173761,50.12415876152187
CZE,"Houdova 125/8, Košíře, 158 00  Praha 58",14.385985142731101,50.06493994503512
CZE,"Prunéřov 249, 432 01  Kadaň 1",13.276328953577348,50.39972606599318
CZE,"Výstaviště 405/1, Pisárky, 603 00  Brno 3",16.58226480548376,49.18772675524826
CZE,"Přístavní 483/27, Krásné Březno, 400 07  Ústí nad Labem 7",14.05909619948784,50.66245795258436
CZE,"Dominikánská 282/5, Vnitřní Město, 301 00  Plzeň 1",13.376877844974814,49.74864463775822
CZE,"Peckova 280/9, Karlín, 186 00  Praha 86",14.44731854575096,50.09063953072328
CZE,"Vodičkova 792/40, Nové Město, 110 00  Praha 1",14.42580236793765,50.08189691234469
CZE,"Na Perštýně 342/1, Staré Město, 110 00  Praha 1",14.41889819429204,50.08260208185882
CZE,"Krištofova 1443/27, Radvanice, 716 00  Ostrava 16",18.329370933738232,49.81127455356125
CZE,"Generála Sedláčka 1618, Stará Boleslav, 250 01  Brandýs nad Labem-Stará Boleslav 1",14.679376983400147,50.20290326336533
CZE,"Milady Horákové 339/42, Zábrdovice, 602 00  Brno 2",16.615214821237714,49.20137995351169
CZE,"Na Míčánce 1917/29, Dejvice, 160 00  Praha 6",14.383706606171899,50.11016634763692
CZE,"Masarykova 410/28, Brno-město, 602 00  Brno 2",16.61029523080694,49.19191422834615
CZE,"Potoční 1094, Frýdek, 738 01  Frýdek-Místek 1",18.353507043027093,49.68040504943599
CZE,"Jeremenkova 1211/40b, Hodolany, 779 00  Olomouc 9",17.27745097003759,49.59079009927382
CZE,"17. listopadu 1380, Mladá Boleslav II, 293 01  Mladá Boleslav 1",14.91024292768455,50.43258882613509
CZE,"Manž. Curieových 657, Nové Dvory, 674 01  Třebíč 1",15.892294196361803,49.22614722010965
CZE,"Na Slatince 3279/3, Záběhlice, 106 00  Praha 106",14.492167678890837,50.05593132695924
CZE,"Lesní 126, Nová Huť, 330 02  Dýšina",13.509568317564941,49.781694775345585
CZE,"Veřovice 274, 742 73  Veřovice",18.112154332041825,49.5352148541879
CZE,"RECTICEL Interiors CZ s.r.o., Plazy 115, 293 01  Mladá Boleslav 1",14.95745676334829,50.41231987551427
CZE,"Purkyňova 2961, 390 02  Tábor 2",14.676251706982157,49.411501735174795
CZE,"Floriána Nováka 5267/3, 796 01  Prostějov 1",17.107038999491863,49.47504385350041
CZE,"Jungmannova 26/15, Nové Město, 110 00  Praha 1",14.422259840379581,50.08071598600628
CZE,"Antonína Dvořáka 1330, 434 01  Most 1",13.63551018463238,50.508456700718256
CZE,"Náchodská 116/208, Horní Počernice, 193 00  Praha 913",14.628290540831301,50.117201530429156
CZE,"Terasy V 1203, 273 51  Unhošť",14.120518366862342,50.08247308436896
CZE,"Šámalova 1477/60, Židenice, 615 00  Brno 15",16.633682081770928,49.1964317807911
CZE,"Na rozcestí 1434/6, Libeň, 190 00  Praha 9",14.484693619648311,50.10449075144925
CZE,"Josefská 612/15, Brno-město, 602 00  Brno 2",16.612520123185845,49.19206837154556
CZE,"Roháčova 188/37, Žižkov, 130 00  Praha 3",14.457510604736171,50.087421466637124
CZE,"Brojova 1907/5, Východní Předměstí, 326 00  Plzeň 26",13.403726673407363,49.72795076655595
CZE,"Revoluční 543/48, 741 01  Nový Jičín 1",18.018842543484112,49.588105249958176
CZE,"Hostivítova 687, Liberec XIV-Ruprechtice, 460 14  Liberec 14",15.076918916346926,50.79185584596911
CZE,"Havlíčkova 5627/28b, 586 01  Jihlava 1",15.588136471616167,49.40281330580024
CZE,"Kasárenská 800, 345 62  Holýšov",13.088268047705412,49.610115876239774
CZE,"Václavské náměstí 832/19, Nové Město, 110 00  Praha 1",14.426072684315074,50.08276624143252
CZE,"Novomlýnská 1373/5, Nové Město, 110 00  Praha 1",14.429304410903399,50.09241548836809
CZE,"DK AKORD, SNP 1, 700 30 Ostrava-jih-Zábřeh",18.240745379000032,49.79912317800006
CZE,"Sokolovská 106/42, Karlín, 180 00  Praha 8",14.443261120826762,50.09217548790518
CZE,"Radlická 663/28, Smíchov, 150 00  Praha 5",14.401891061291991,50.06814505908085
CZE,"Durychova 101/66, Lhotka, 142 00  Praha 411",14.449829931580382,50.01796784345896
CZE,"Dělnická 4898/1a, 586 01  Jihlava 1",15.596887849083572,49.40884513287287
CZE,"Na příkopě 859/22, Nové Město, 110 00  Praha 1",14.427318318945964,50.08641211785675
CZE,"Riegrova 394/17, 779 00  Olomouc 9",17.24838320037742,49.59455642364665
CZE,"Velehradská 1905, 686 03  Staré Město u Uherského Hradiště",17.43911214984911,49.08369845202364
CZE,"Laurinova 529/18, Mladá Boleslav II, 293 01  Mladá Boleslav 1",14.910726982592934,50.41882561539245
CZE,"28. října 68/165, Mariánské Hory, 709 00  Ostrava 9",18.262289975891946,49.828291912483195
CZE,"Přerovská 485/35, Holice, 779 00  Olomouc 9",17.293236775925948,49.58164255115281
CZE,"Mariánskohorská 1328/29, Moravská Ostrava, 702 00  Ostrava 2",18.271337988912762,49.84756094396465
CZE,"Gorkého 366/8, Město, 736 01  Havířov 1",18.426135898766177,49.78443745979314
CZE,"Víta Nejedlého 919, 295 01  Mnichovo Hradiště",14.970810727668379,50.514203543082914
CZE,"Kobližná 47/19, Brno-město, 602 00  Brno 2",16.61191947600429,49.195420671811064
CZE,"U Beránky 2140/4, Dejvice, 160 00  Praha 6",14.365777128546398,50.10073326998423
CZE,"Tylova 470/28, Jižní Předměstí, 301 00  Plzeň 1",13.36845964815862,49.74487416434329
CZE,"Kubánské náměstí 1391/11, Vršovice, 10100 Praha 10",14.481009354107556,50.07151915229463
CZE,"Evropská 2589/33b, Dejvice, 160 00  Praha 6",14.377343652014304,50.09941441942911
CZE,"Štramberská 2871/47, Hulváky, 703 00  Ostrava 3",18.256772755764786,49.81623865189786
CZE,"Werichova 1690, 263 01  Dobříš",14.161927566939,49.789287019422886
CZE,"Argentinská 1621/36, Holešovice, 170 00  Praha 7",14.44406896570888,50.10824249131056
CZE,"Bryksova 818/48, Černý Most, 198 00  Praha 98",14.579873985880937,50.10827874304181
CZE,"Husitská 502/36, Žižkov, 130 00  Praha 3",14.445295154324413,50.08676331959981
CZE,"Mezi vodami 639/27, Modřany, 143 00  Praha 412",14.401418321952889,50.012069959199096
CZE,"Pod pekárnami 161/7, Vysočany, 190 00  Praha 9",14.503424658674476,50.11180396196983
CZE,"Český Herálec 411, 592 01  Herálec pod Žákovou horou",15.993933489543366,49.69415665124271
CZE,"Strojírenská 700, 580 01  Havlíčkův Brod 1",15.600855255313604,49.60374013967987
CZE,"Havlíčkova 304, 538 03  Heřmanův Městec",15.669862206871557,49.947675736596665
CZE,"Na Příkopě 814, 755 01  Vsetín 1",17.99121612589397,49.33835450063384
CZE,"Platnéřská 191/2, Staré Město, 110 00  Praha 1",14.414041132858983,50.08726116273891
CZE,"Vejprnická 1048/53, Skvrňany, 318 02  Plzeň",13.342395701139424,49.74355233821251
CZE,"Pražská 162/25, Neředín, 779 00  Olomouc 9",17.23100374323829,49.59825661480346
CZE,"V Roháči I. 1248, 252 42  Jesenice u Prahy",14.503083850491379,49.97139501384058
CZE,"Škvorecká 1904, 250 82  Úvaly",14.734818411401847,50.06794368385707
CZE,"V Předním Hloubětíně 605/8, Vysočany, 190 00  Praha 9",14.515339114943203,50.10362184145657
CZE,"Pražská 2899, Zelené Předměstí, 530 02  Pardubice 2",15.75487054686755,50.02769231797555
CZE,"Čechyňská 365/23, Trnitá, 602 00  Brno 2",16.620665069958505,49.18888622391452
CZE,"Blahoslavova 72/4, Přerov I-Město, 750 02  Přerov 2",17.44805463470894,49.45517807242237
CZE,"Výstavní 2224/8, Mariánské Hory, 709 00  Ostrava 9",18.264439598780342,49.82698047991235
CZE,"Husova 1244/69, Jižní Předměstí, 301 00  Plzeň 1",13.360289555676417,49.74621350865169
CZE,"Malá Štupartská 634/7, Staré Město, 110 00  Praha 1",14.424442990880664,50.08850612681755
CZE,"Tyršova 457, 513 01  Semily",15.33263770646073,50.602344158386046
CZE,"Novákových 439/6, Libeň, 180 00  Praha 8",14.474480605905171,50.1030211523655
CZE,"Zavadilská 3195, 390 02  Tábor 2",14.684921528531675,49.414329537849085
CZE,"Masarykovo náměstí 34, 441 01  Podbořany",13.410343180135982,50.22839711524006
CZE,"Soborská 1338/24, Dejvice, 160 00  Praha 6",14.371961464347294,50.10730698709716
CZE,"Londýnská 730/59, Vinohrady, 120 00  Praha 2",14.433315403029923,50.07499064322329
CZE,"Stará Kysibelská 602/45, Drahovice, 360 01  Karlovy Vary 1",12.892570389850334,50.23736151877668
CZE,"Palachova 504/7, Liberec I-Staré Město, 460 01  Liberec 1",15.060728180716154,50.76928673347891
CZE,"F. V. Mareše 2056, 256 01  Benešov u Prahy",14.690343697876841,49.78138154362392
CZE,"Lublaňská 667/42, Vinohrady, 120 00  Praha 2",14.431521508112326,50.07425094026806
CZE,"Bezová 1658/1, Braník, 147 00  Praha 47",14.41127912812459,50.03374258523516
CZE,"Jeseniova 2769/208, Žižkov, 130 00  Praha 3",14.4832909081519,50.09103691675284
CZE,"Železniční 368/5, Komárov, 602 00  Brno 2",16.618582669933602,49.182758046864876
CZE,"Dukelská 440, 533 74  Horní Jelení",16.083392033392272,50.05217003172831
CZE,"Štítného 710/30, Žižkov, 130 00  Praha 3",14.451764055738124,50.0850570574799
CZE,"Šumavská 415/5, Ponava, 602 00  Brno 2",16.59999940386041,49.212456303281925
CZE,"Pražská brána 108, Mladá Boleslav III, 293 01  Mladá Boleslav 1",14.904386575754899,50.4098727788822
CZE,"Kpt. Stránského 982/21, Černý Most, 198 00  Praha 98",14.581696379269346,50.10308393282028
CZE,"Jánská 864/4, Liberec III-Jeřáb, 460 07  Liberec 7",15.054027603498668,50.76630143484394
CZE,"Nová 459, Kostelec nad Černými lesy, 281 63  Kostelec nad Černými Lesy",14.85642096719539,49.994245171544264
CZE,"tř. Budovatelů 2957/108, 434 01  Most 1",13.639381534252038,50.50505021144872
CZE,"Mokrá II 353, Mladcová, 760 01  Zlín 1",17.652869959200217,49.239838765580146
CZE,"Klimentská 1746/52, Nové Město, 110 00  Praha 1",14.435111477242373,50.09243539538812
CZE,"Antonínov 636, 739 44  Brušperk",18.228127685481752,49.695977032974355
CZE,"Tovární 906/44, Hodolany, 779 00  Olomouc 9",17.269179037431797,49.58708026892836
CZE,"Na Pankráci 322/26, Nusle, 140 00  Praha 4",14.428811974091843,50.05989588334219
CZE,"Bílkova 868/10, Staré Město, 110 00  Praha 1",14.42071036175858,50.09102396671241
CZE,"Nedokončená 1609, Kyje, 198 00  Praha 98",14.547287493267703,50.085350046905376
CZE,"Táborská 940/31, Nusle, 140 00  Praha 4",14.43747341373819,50.062134983046974
CZE,"Hlavní 413/17a, Lačnov, 568 02  Svitavy 2",16.474449306947378,49.76694191329506
CZE,"Slavíkova 1608/15, Vinohrady, 120 00  Praha 2",14.447288538537578,50.07984581872813
CZE,"Březenská 2466/6, Libeň, 182 00  Praha 82",14.484085261115837,50.128457169108316
CZE,"Revoluční 574/56, Lobzy, 312 00  Plzeň 12",13.408557667121556,49.74438935506362
CZE,"Vlárská 953/22, Slatina, 627 00  Brno 27",16.67300142192886,49.180990093937595
CZE,"Beranových 65, Letňany, 199 02  Praha 9",14.51421082695677,50.13491161173903
CZE,"Studentská 1999/55a, Bolevec, 323 00  Plzeň 23",13.360338757448062,49.7741067222199
CZE,"Malostranské náměstí 266/5, Malá Strana, 118 00  Praha 011",14.40351279191836,50.087654693092986
CZE,"Průmyslová 307, Chrudim IV, 537 01  Chrudim 1",15.771348278863059,49.95758079921714
CZE,"Siemensova 2715/1, Stodůlky, 155 00  Praha 515",14.306728380875057,50.048266872786115
CZE,"Siemensova 1, 155 00 Praha 13",14.306728380875057,50.048266872786115
CZE,"Kouřimská 2242/21, Vinohrady, 130 00  Praha 3",14.472135433215698,50.07763379257062
CZE,"Pískov 9, 783 83  Troubelice",17.049360273894564,49.82071110970375
CZE,"Trnitá 491/3, Trnitá, 602 00  Brno 2",16.613175588014144,49.188192747155284
CZE,"Jeseniova 1151/55, Žižkov, 130 00  Praha 3",14.46327525864507,50.08743416522046
CZE,"Bří Lužů 107, 688 01  Uherský Brod 1",17.647741910837482,49.02363344050181
CZE,"Na hroudě 3317/24, Strašnice, 100 00  Praha 10",14.486930498148752,50.07006409581288
CZE,"Haukovice 512, 783 96  Újezd u Uničova",17.19355381894556,49.781388500603555
CZE,"Nádražní 344/23, Smíchov, 150 00  Praha 5",14.40425056703586,50.070913098785525
CZE,"Truhlářská 1121/24, Nové Město, 110 00  Praha 1",14.431655870020222,50.090953349178164
CZE,"V průhonu 423, Lety, 252 30  Řevnice",14.23837295465097,49.9204166978227
CZE,"Ocelářská 1354/35, Libeň, 190 00  Praha 9",14.494381758614622,50.106319640812615
CZE,"Tyršova 1956/50, Královo Pole, 612 00  Brno 12",16.586249897529484,49.22314599585866
CZE,"Vinohradská 89/90, Vinohrady, 130 00  Praha 3",14.45387688207154,50.07729952227197
CZE,"Osvoboz. pol. vězňů 656, 272 01  Kladno 1",14.09977617398826,50.14546199708499
CZE,"Smetanovo nábřeží 331, Hranice I-Město, 753 01  Hranice 1",17.737760952551724,49.54249386654351
CZE,"Na poříčí 1040/10, Nové Město, 110 00  Praha 1",14.430887584775178,50.08907588668589
CZE,"Palackého 31/2, Beroun-Centrum, 266 01  Beroun 1",14.072111702557692,49.96355734763833
CZE,"Pirnerova 1395, Zbraslav, 156 00  Praha 516",14.386242550977613,49.96877839321678
CZE,"Palackého třída 1908, Zelené Předměstí, 530 02  Pardubice 2",15.767498889829739,50.035546706074626
CZE,"Václavské náměstí 1306/55, Nové Město, 110 00  Praha 1",14.429680003984686,50.08023419421178
CZE,"Blatouchová 618/4, Radošovice, 251 01  Říčany u Prahy",14.663076109561644,50.006083310584586
CZE,"Bratří Vlasáků 2063, 250 88  Čelákovice",14.7573572652216,50.16695780687357
CZE,"Šafaříkova 201/17, Vinohrady, 120 00  Praha 2",14.4336895711877,50.07152745037877
CZE,"Makovského 1177/1, Řepy, 163 00  Praha 618",14.310768542024675,50.063271652936606
CZE,"K letišti 1068/30, Ruzyně, 161 00  Praha 614",14.277626748326071,50.108234067497875
CZE,"Thámova 166/18, Karlín, 186 00  Praha 86",14.45250945838751,50.09241465017777
CZE,"Varšavská 688/40, Střekov, 400 03  Ústí nad Labem 3",14.052155983658594,50.65845978476966
CZE,"Smetanova 284/13, Veveří, 602 00  Brno 2",16.601695565786997,49.20148841533879
CZE,"Pekařská 628/14, Jinonice, 155 00  Praha 515",14.349635594687243,50.05488920493744
CZE,"Lišice 49, Dolní Lukavice, 334 01  Přeštice",13.356662789991447,49.61365718842188
CZE,"Hradiště 97/4, Ústí nad Labem-centrum, 400 01  Ústí nad Labem 1",14.042093508896471,50.65893935535985
CZE,"Štefánikova 2664, 760 01  Zlín 1",17.67251688878636,49.22421913092222
CZE,"Hrobice 23, 763 15  Slušovice",17.78913665459916,49.27802038811055
CZE,"Lukavecká 1732, Horní Počernice, 193 00  Praha 913",14.616824851658578,50.11894940869834
CZE,"Pařížská 538/19, Ústí nad Labem-centrum, 400 01  Ústí nad Labem 1",14.037111808563168,50.66121588026229
CZE,"1. máje 870/14, Liberec III-Jeřáb, 460 07  Liberec 7",15.053051614692919,50.766404238886395
CZE,"Sklenářská, parcel. číslo 1778/1, 268 01 Hořovice",13.904376316501988,49.835797066458284
CZE,"Altajská 1568/4, Vršovice, 100 00  Praha 10",14.463608606934372,50.06874415561032
CZE,"Seifertova 562/43, Žižkov, 130 00  Praha 3",14.44471521044369,50.08516417820246
CZE,"Zvěřinova 3429/7, Strašnice, 130 00  Praha 3",14.48470920998821,50.084937657269165
CZE,"Vlkova 2725/34a, Žižkov, 130 00  Praha 3",14.447988595090806,50.083424388469865
CZE,"Staňkova 103/18, Ponava, 602 00  Brno 2",16.603871507851352,49.212226513406364
CZE,"Revoluční 130/30, 751 17  Horní Moštěnice",17.461164769465654,49.40743768560114
CZE,"Za školou 832, 789 61  Bludov",16.92187990849925,49.94980557819355
CZE,"Těšínská 42/96, Slezská Ostrava, 710 00  Ostrava 10",18.303607394128846,49.83158465932664
CZE,"T. G. Masaryka 449, 549 01  Nové Město nad Metují 1",16.150344161386755,50.356452060098036
CZE,"Palackého třída 2203/186, Řečkovice, 612 00  Brno 12",16.586827159201192,49.236537427285924
CZE,"tř. Kosmonautů 1085/6, Hodolany, 772 00  Olomouc",17.266905446195466,49.589467812138366
CZE,"Purkyňova 2855/97a, Královo Pole, 612 00  Brno 12",16.581532730060417,49.22576622070082
CZE,"Nádražní 740/56, Smíchov, 150 00  Praha 5",14.409076196332023,50.063472944341356
CZE,"Sedmdesátá 7055, 760 01  Zlín 1",17.6517874364051,49.22354769856835
CZE,"Dolní náměstí 27/38, 779 00  Olomouc 9",17.252199732350277,49.59190564676743
CZE,"Emila Filly 1124/16, Mariánské Hory, 709 00  Ostrava 9",18.258134144478532,49.83007143243685
CZE,"Havlíčkova 333/6, Stará Boleslav, 250 01  Brandýs nad Labem-Stará Boleslav 1",14.68288841409742,50.195587454454795
CZE,"Nuselská 318/116, Michle, 140 00  Praha 4",14.451317551755949,50.05571993536117
CZE,"Na pančavě 1502, 696 81  Bzenec",17.283817612232554,48.97112701971602
CZE,"Hořická 28/8, Pražské Předměstí, 500 02  Hradec Králové 2",15.819185811942077,50.21523195328899
CZE,"Stružky 446/1, 198 00 Praha 9 - Kyje",14.556720738558425,50.110588795556964
CZE,"Lipová 370/6, Stránice, 602 00  Brno 2",16.58396733765676,49.19480824805555
CZE,"Na Jarově 1959/11, Žižkov, 130 00  Praha 3",14.489071487676853,50.08856324948769
CZE,"Šternberská 498, 783 91  Uničov 1",17.122572258637547,49.77364102367946
CZE,"Českobratrská 1276/9, Moravská Ostrava, 702 00  Ostrava 2",18.289788653277697,49.839493948891516
CZE,"Václava Klementa 869, 293 01 Mladá Boleslav",14.918632039296739,50.42699101400888
CZE,"Masarykovo náměstí 1320/60, 586 01  Jihlava 1",15.589187394636298,49.39667134051987
CZE,"Jiráskova 434/12, Hodolany, 779 00  Olomouc 9",17.284231259154268,49.59084382727315
CZE,"Havanská 809/8, Bubeneč, 170 00  Praha 7",14.419470426821846,50.10179249108853
CZE,"Jančí 49, 747 44  Březová u Vítkova",17.851728516561792,49.76614131581323
CZE,"náměstí Kruhové 3233, 438 01  Žatec 1",13.546649773394051,50.32770665843398
CZE,"Kostelní 840, 349 01  Stříbro",13.00477356324194,49.75188386614988
CZE,"Nádražní 910, 783 91  Uničov 1",17.117390398456422,49.77859485418469
CZE,"Nádražní 279/1, Smíchov, 150 00  Praha 5",14.408724994588994,50.06142235363899
CZE,"Okružní 128, 435 13  Meziboří u Litvínova",13.599286113679085,50.621841848186136
CZE,"Na sádce 446/2, Chodov, 149 00  Praha 415",14.504355301384038,50.029989252812214
CZE,"Jižní 555, 472 01  Doksy",14.658920864881452,50.55749867137405
CZE,"Náchodská 444/145, Horní Počernice, 193 00  Praha 913",14.618373743546357,50.116466898525346
CZE,"Těšínská 1529, 739 34  Šenov u Ostravy",18.397188157959476,49.78947833636286
CZE,"Karlova 434/14, Jižní Předměstí, 301 00  Plzeň 1",13.366599620024942,49.74743609304886
CZE,"Bavorská 856/14, Stodůlky, 155 00  Praha 515",14.318554491884328,50.0554655445998
CZE,"Frýdecká 851, Staré Město, 739 61  Třinec 1",18.654148727028712,49.663476371049626
CZE,"Hradešín 160, 282 01  Český Brod",14.760467286575789,50.039659077320096
CZE,"Kováků 554/24, Smíchov, 150 00  Praha 5",14.400747350603694,50.06903085860844
CZE,"Budovatelská 872/51, 696 01  Rohatec",17.17447660731827,48.87914682220628
CZE,"Tyršova 355, 341 01  Horažďovice",13.709191472134165,49.321721787248606
CZE,"Dvorní 756/9, Poruba, 708 00  Ostrava 8",18.16721689802,49.83297664198696
CZE,"Sibeliova 1004/29, Střešovice, 162 00  Praha 616",14.382235330707516,50.09168324530668
CZE,"V Pitkovičkách 203, Pitkovice, 104 00  Praha 114",14.578362561100334,50.0234962953364
CZE,"Velké Popovice 593, 251 69  Velké Popovice",14.647223919000112,49.92195314258427
CZE,"Rohanské nábřeží 678/27, Karlín, 186 00  Praha 86",14.453217980662941,50.09552274369426
CZE,"Schoellerova 725/15, Čakovice, 196 00  Praha 96",14.522358875033603,50.15344793915443
CZE,"Revoluční 725/11, Staré Město, 110 00  Praha 1",14.427547731635883,50.09090532087296
CZE,"Ovocný trh 568/17, Staré Město, 110 00  Praha 1",14.42528336049304,50.086866878013524
CZE,"Sokolská třída 1263/24, Moravská Ostrava, 702 00  Ostrava 2",18.292332057977262,49.83929626170513
CZE,"Francouzská 171/28, Praha 2, 120 14",14.440612855572539,50.073333079960804
CZE,"Na Hrochově 132, 538 62  Hrochův Týnec",15.912101639393768,49.95474453082065
CZE,"Kelčany 48, 696 49  Žádovice",17.183330327823455,49.00985354977186
CZE,"Lázeňská 285/11, Malá Strana, 118 00  Praha 011",14.405852516370743,50.08683909200451
CZE,"Antala Staška 510/38, Krč, 140 00  Praha 4",14.44140352049908,50.040781539883824
CZE,"Zadní cesta 135, 793 99  Osoblaha",17.708950172042904,50.27837471583783
CZE,"Komárkova 1294/10, Chodov, 148 00  Praha 414",14.48223805729404,50.03693676089725
CZE,"náměstí Smiřických 39, Kostelec nad Černými lesy, 281 63  Kostelec nad Černými Lesy",14.859070486789136,49.994380204004415
CZE,"náměstí Republiky 12, Zelené Předměstí, 530 02  Pardubice 2",15.778109038145345,50.037403800542194
CZE,"Počernická 509/85, Malešice, 108 00  Praha 108",14.507297014122514,50.08316052615791
CZE,"Nádražní 557, Horní Litvínov, 436 01  Litvínov 1",13.615211478255333,50.594867123567894
CZE,"Komárovská 466/16, Komárov, 617 00  Brno 17",16.618732370724302,49.18061445894679
CZE,"Havlíčkovo náměstí 54, 511 01  Turnov 1",15.159440429489791,50.58728514732201
CZE,"Rokycanská 1337/64, Doubravka, 312 00  Plzeň 12",13.420376821151166,49.74702491878858
CZE,"Thámova 181/20, Karlín, 186 00  Praha 86",14.452418347099979,50.09258136623194
CZE,"K dolům 1924/42, Modřany, 143 00  Praha 412",14.414285213879452,50.00497480388964
CZE,"Vojtěšská 211/6, Nové Město, 110 00  Praha 1",14.4151633020561,50.0780074997237
CZE,"K Červenému dvoru 677/1, Strašnice, 100 00  Praha 10",14.487028566415887,50.08138825655047
CZE,"Rubínová 371/20, Slivenec, 154 00  Praha 514",14.36043559310977,50.02368907910943
CZE,"Burešova 1151/12, Kobylisy, 182 00  Praha 82",14.468861629473452,50.12954237411242
CZE,"Děčín XXVII-Březiny 205, 405 02  Děčín 2",14.237000334186945,50.76827889344108
CZE,"Římská 526/20, Vinohrady, 120 00  Praha 2",14.434692633540692,50.07728518921755
CZE,"Čeladná 541, 739 12  Čeladná",18.302535432531755,49.539840491274305
CZE,"28. října 15/196, Mariánské Hory, 709 00  Ostrava 9",18.25933460065133,49.828448402615464
CZE,"Zhořelecká 739/10, Liberec I-Staré Město, 460 01  Liberec 1",15.053119843384763,50.77368828038391
CZE,"Dubičná 30, 411 45  Úštěk",14.35400499699358,50.61487879167072
CZE,"Tylova 1136/6, 779 00  Olomouc 9",17.24702357186331,49.59310195389813
CZE,"Sportovní 487, 664 43  Želešice",16.5698706528963,49.121710005738635
CZE,"Böhmova 768/1, Řečkovice, 621 00  Brno 21",16.581121094795463,49.245139439238756
CZE,"Lazarská 11/6, Nové Město, 120 00  Praha 2",14.420808094749617,50.07902150046036
CZE,"Rokycanská 49/15, Lobzy, 312 00  Plzeň 12",13.407761218681827,49.74843785620686
CZE,"Palachova 1404/2, Liberec I-Staré Město, 460 01  Liberec 1",15.060041954303188,50.768813491225615
CZE,"Kréta 322, 411 55  Terezín",14.14614687401155,50.50843624887449
CZE,"Na příkopě 1047/17, Staré Město, 110 00  Praha 1",14.425117817905317,50.085452306124125
CZE,"Dobrovského 1402/2, Děčín I-Děčín, 405 02  Děčín 2",14.213439642551094,50.78252293205938
CZE,"K cementárně 1261/25, Radotín, 153 00  Praha 512",14.34147095044213,49.99392158817216
CZE,"Heřmanická 1648/5, Slezská Ostrava, 710 00  Ostrava 10",18.31302027139489,49.84445368863851
CZE,"Masarykova 413/34, Brno-město, 602 00  Brno 2",16.610925969020883,49.19130058921468
CZE,"Dolní Marklovice č.e. 2, 735 72  Petrovice u Karviné",18.551774760033823,49.87641606474128
CZE,"ul. Míru 272, 739 65 Třinec - Kanada",18.65244753596022,49.68244457602614
CZE,"Velké náměstí 27/19, Vnitřní Město, 397 01  Písek 1",14.147248507545925,49.307331777786516
CZE,"Velké náměstí 2/22, Vnitřní Město, 397 01  Písek 1",14.14820764872627,49.308153707211915
CZE,"Koterovská 345/16, Východní Předměstí, 326 00  Plzeň 26",13.388607983192713,49.74132644000525
CZE,"Poštovská 8/455, 601 00 Brno",16.610210489765848,49.194632018541284
CZE,"Nádražní 1381, 768 24  Hulín",17.481151417587483,49.31349147079209
CZE,"Evropská 423/178, Vokovice, 160 00  Praha 6",14.338390349568044,50.095150880559885
CZE,"V podvrší 1361/2, Libeň, 182 00  Praha 82",14.455569104503638,50.118042570593786
CZE,"Stodolní 316/2, Moravská Ostrava, 702 00  Ostrava 2",18.285849158785226,49.83623665749852
CZE,"Sokolovská 131/86, Karlín, 186 00  Praha 86",14.45078245105725,50.09379079104113
CZE,"Mostní 812, Lobeček, 278 01  Kralupy nad Vltavou 1",14.31905899863645,50.25137715053344
CZE,"Místecká 1120/103, Vítkovice, 703 00  Ostrava 3",18.273820960090404,49.801882798691224
CZE,"Kopec 56, 742 66  Štramberk",18.119508697706976,49.59138131681428
CZE,"Novoveská 1264/9, Mariánské Hory, 709 00  Ostrava 9",18.24764310300705,49.8332607465951
CZE,"Kateřinská 1541/5, Nové Město, 120 00  Praha 2",14.424602079402945,50.07404285952171
CZE,"Laubova 1659/2, Vinohrady, 130 00  Praha 3",14.45047760123876,50.07869607306955
CZE,"Chodská 1284/24, Vinohrady, 120 00  Praha 2",14.44598682897444,50.07515769455355
CZE,"Vodkova 84/10, Mladá Boleslav IV, 293 01  Mladá Boleslav 1",14.90194735811184,50.413088747492566
CZE,"Špálova 2198/25, Bolevec, 323 00  Plzeň 23",13.364100723231246,49.77362530761101
CZE,"Údolní 399/34, Veveří, 602 00  Brno 2",16.594196696111084,49.19858965985412
CZE,"Boleslavova 53/15, Nusle, 140 00  Praha 4",14.439356659743623,50.06432668308929
CZE,"U Kapličky 18, Hlásná Třebaň, 267 18  Karlštejn",14.199119580070999,49.92060294371126
CZE,"Na Jíkalce 2775/4a, Jižní Předměstí, 301 00  Plzeň 1",13.361944897734531,49.74848106491774
CZE,"Školská 689/20, Nové Město, 110 00  Praha 1",14.424527145188534,50.078929592892024
CZE,"Máchova 802, Mladá Boleslav II, 293 01  Mladá Boleslav 1",14.91513938406257,50.42329283450883
CZE,"Sazečská 247/2, Strašnice, 108 00  Praha 108",14.519274921398278,50.07519989743605
CZE,"Litoměřická 834/19d, Prosek, 190 00  Praha 9",14.485451092238293,50.12021557899203
CZE,"Novovysočanská 219/19, Vysočany, 190 00  Praha 9",14.489726533410021,50.10064546954848
CZE,"Masarykovo nám. 2457/10, Fryštát, 733 01  Karviná 1",18.540737805208522,49.8551379748877
CZE,"náměstí 14. října 1307/2, Smíchov, 150 00  Praha 5",14.407626378539788,50.073063098859535
CZE,"třída T. G. Masaryka 134, 552 30  Česká Skalice",16.046548539794316,50.39527028817463
CZE,"Palackého 1135/27, 741 01  Nový Jičín 1",17.998039414173945,49.591712904903915
CZE,"Vyskočilova 1326/5, Michle, 140 00  Praha 4",14.458640401465175,50.04860889634517
CZE,"Varšavská 715/36, Vinohrady, 120 00  Praha 2",14.438571023959014,50.073442296159186
CZE,"Obránců míru 2171, Kročehlavy, 272 01  Kladno 1",14.128943520658169,50.133631611305105
CZE,"Martinovská 3247/164, Martinov, 723 00  Ostrava 23",18.18277002227623,49.844974037187626
CZE,"28. října 2663/150, Moravská Ostrava, 702 00  Ostrava 2",18.26598153368849,49.83009867362216
CZE,"5. května 111/32, Drahovice, 360 01  Karlovy Vary 1",12.879258837960322,50.232594562802745
CZE,"Ostrovského 253/3, Smíchov, 150 00  Praha 5",14.40276965238283,50.068636364335504
CZE,"V lipkách 705/9, Slivenec, 154 00  Praha 514",14.357809039930714,50.016244859442224
CZE,"Grafická 710/6, Smíchov, 150 00  Praha 5",14.396319526432222,50.07340935527972
CZE,"Rožnovská 240, 744 01  Frenštát pod Radhoštěm",18.212698948668645,49.546491782901114
CZE,"Hanusova 1537/1a, Michle, 140 00  Praha 4",14.445042775219804,50.04849875813747
CZE,"Uzbecká 1463/1, Vršovice, 101 00  Praha 101",14.462398763030023,50.067035588467036
CZE,"Vysoká 149/4, Liberec X-Františkov, 460 10  Liberec 10",15.041114694923692,50.7629835842005
CZE,"Radlická 2018/78, Smíchov, 150 00  Praha 5",14.404309910910342,50.06265621169595
CZE,"Komenského 654/41, Přerov I-Město, 750 02  Přerov 2",17.446809251535143,49.45063084804016
CZE,"Na Lužci 511, 533 41  Lázně Bohdaneč",15.684949045854125,50.06757458675074
CZE,"Kateřinská 466/40, Nové Město, 120 00  Praha 2",14.428093728808733,50.07511461157125
CZE,"Na Moráni 360/3, Nové Město, 128 00  Praha 28",14.415301771096551,50.0734137976884
CZE,"Pod Pekařkou 107/1, Podolí, 147 00  Praha 47",14.42186941132968,50.04595749082321
CZE,"Gen. Fanty 425, 382 41  Kaplice 1",14.487233420129513,48.73823722300037
CZE,"U Katovny 775/1, 470 01  Česká Lípa 1",14.539934217249936,50.6785472671867
CZE,"Javorová 1566/8, 664 91  Ivančice",16.372465769002417,49.106406620287515
CZE,"Rolsberská 1203/90, Hodolany, 779 00  Olomouc 9",17.289899940271823,49.58587440642802
CZE,"Husova 1653/46, 586 01  Jihlava 1",15.586409548104939,49.39676530165448
CZE,"U Potoka 50, Karlík, 252 29  Dobřichovice",14.260496568987378,49.93630648121996
CZE,"Drčkova 2798/7, Líšeň, 628 00  Brno 28",16.691177578964812,49.19888361319849
CZE,"Lobezská 225/3, Východní Předměstí, 326 00  Plzeň 26",13.39397776564303,49.74293735797653
CZE,"Nemocniční 1916/13, 466 01  Jablonec nad Nisou 1",15.160760495420902,50.7272816639055
CZE,"Klenčí pod Čerchovem 55, 345 34  Klenčí pod Čerchovem",12.813441368198681,49.436400304285996
CZE,"17. listopadu 2172/15, Poruba, 708 00  Ostrava 8",18.163601447904284,49.833684912805296
CZE,"Budějovická 421/10, 391 02  Sezimovo Ústí 2",14.700219088560061,49.3782984602164
CZE,"Masarykova 745, 438 01  Žatec 1",13.543036586392219,50.325570572319236
CZE,"Komenského 27, 533 03  Dašice v Čechách",15.915243595799069,50.028789006187026
CZE,"Ostrava, Suderova 2013/19a, Mariánské Hory, 709 00  Ostrava 9",18.236104826552832,49.84152312383128
CZE,"Sokolova 714/2k, 619 00 Brno",16.62640667363368,49.166839681177805
CZE,"Rychnovek 77, 552 25  Rychnovek",15.967368137076193,50.35883285587599
CZE,"Pobřežní 394/12, Karlín, 186 00  Praha 86",14.439895029384587,50.09221126329723
CZE,"Charvátova 1988/3, Nové Město, 110 00  Praha 1",14.421767738844153,50.08161641195491
CZE,"Za Sedmidomky 15, Michle, 101 00  Praha 101",14.470156382056956,50.06461271553516
CZE,"K Cihelnám 940/23, Černice, 326 00  Plzeň 26",13.421145357853334,49.69524986096437
CZE,"Králova 279/9, Žabovřesky, 616 00  Brno 16",16.5829678795221,49.21066207308817
CZE,"Horní lán 1327/6a, Nová Ulice, 779 00  Olomouc 9",17.231398363239776,49.5762461561599
CZE,"Velebného 1899, Újezd nad Lesy, 190 16  Praha 916",14.662833034369555,50.07160062439348
CZE,"náměstí Svobody 702/9, Brno-město, 602 00  Brno 2",16.609210863993127,49.194836243612144
CZE,"Teichmannova 500/56, Povel, 779 00  Olomouc 9",17.24890975153488,49.57136855906404
CZE,"Keřová 360/7, Severní Předměstí, 301 00  Plzeň 1",13.373922972648359,49.75138878903883
CZE,"Palackého 28, 388 01  Blatná",13.88194828009324,49.427768452757874
CZE,"Masarykova 258/41, Čáslav-Nové Město, 286 01  Čáslav",15.39383909450558,49.911736943717926
CZE,"Kutnohorská 40, Kolín IV, 280 02  Kolín 2",15.204268440233676,50.027103992191655
CZE,"Doudlebská 1312/4, Nusle, 140 00  Praha 4",14.442075078581496,50.051598092565115
CZE,"Roháčova 145/14, Žižkov, 130 00  Praha 3",14.454357500399624,50.0865867128999
CZE,"Lužná 591/4, Vokovice, 160 00  Praha 6",14.342130773860077,50.10125864767528
CZE,"Švermova 268/76, Liberec X-Františkov, 460 10  Liberec 10",15.029014579499602,50.759918825123435
CZE,"Heršpická 758/13, 636 00 Brno",16.60229361457857,49.171543269963735
CZE,"Sokolská třída 2537/59, Moravská Ostrava, 702 00  Ostrava 2",18.287589074246398,49.84391305588369
CZE,"Na Krocínce 856/36, Vysočany, 190 00  Praha 9",14.50749147427618,50.11501003993442
CZE,"Matky Boží 1920/6, 586 01  Jihlava 1",15.589210109593921,49.39552163677081
CZE,"Dr. Beneše 93, 783 91  Uničov 1",17.120693790316892,49.77323047806195
CZE,"Hazlov 67, 351 32  Hazlov",12.275309605652154,50.15704955912989
CZE,"Koněvova 651/22, Žižkov, 130 00  Praha 3",14.455573798369414,50.087326876859805
CZE,"Na Mlýnici 33/1a, Přívoz, 702 00  Ostrava 2",18.269244692413707,49.856243547916534
CZE,"Karlovo náměstí 7, Kolín I, 280 02  Kolín 2",15.20048434622609,50.027813646024015
CZE,"Vanova 3180,  Kladno",14.099775838712134,50.14411787509178
CZE,"Františka Křížka 1132/6, Holešovice, 170 00  Praha 7",14.430810890361101,50.09797600102516
CZE,"Kaštanová 530/125b, Brněnské Ivanovice, 620 00  Brno 20",16.638659507333614,49.15847705637964
CZE,"náměstí Winstona Churchilla 1800/2, Žižkov, 130 00  Praha 3",14.442586123218092,50.08453528400722
CZE,"Sokolovská 5/49, Karlín, 186 00  Praha 86",14.445146878457223,50.0927673606634
CZE,"Na Spravedlnosti 1386/25, 594 01  Velké Meziříčí",16.029937451719263,49.35094851970251
CZE,"Vlasatice 422, 691 30  Vlasatice",16.482958112136913,48.93032655535745
CZE,"Neslovice č.e. 51, 664 91  Ivančice",16.393874071721854,49.13256415125568
CZE,"Rumunská 122/26, Vinohrady, 120 00  Praha 2",14.43365436719435,50.07410182621055
CZE,"Na strži 1702/65, Nusle, 140 00  Praha 4",14.439514742437524,50.05021495281264
CZE,"Vojáčkova 612/15, Čakovice, 196 00  Praha 96",14.529952124939285,50.15243305831794
CZE,"Riegrova 1279/14, Liberec I-Staré Město, 460 01  Liberec 1",15.079432397652141,50.776099963475076
CZE,"Rolnické náměstí 9/13, Lobzy, 312 00  Plzeň 12",13.411163433180747,49.73728468629406
CZE,"Novodvorská 1062/12, Lhotka, 142 00  Praha 411",14.450324128591603,50.01682861708889
CZE,"Svobodova 137/7, Vyšehrad, 128 00  Praha 28",14.420212895805122,50.068032490121226
CZE,"Karlovo nám. 317/5, Praha 2, 120 00",14.418589991712281,50.07426891945036
CZE,"Na Mýtince 32, Bukovice, 790 01  Jeseník 1",17.22625941840292,50.21298233429576
CZE,"Tatarkova 724/20, Háje, 149 00  Praha 415",14.528618815601163,50.029209693907404
CZE,"Konská 510, 739 61  Třinec 1",18.63328759494857,49.6837631751242
CZE,"Pobřežní 249/46, Karlín, 186 00  Praha 86",14.448713462077421,50.09401370775606
CZE,"Nádražní 281, 793 76  Zlaté Hory v Jeseníkách",17.39182648127519,50.261391177895206
CZE,"Univerzitní 1159/53, Skvrňany, 301 00  Plzeň 1",13.332857765878032,49.72481702441573
CZE,"Zarámí 4077, 760 01  Zlín 1",17.665995013744578,49.22795427461526
CZE,"Vídeňská 2774/3, 390 05  Tábor 5",14.683191503716245,49.38887445227655
CZE,"Kopanská 1713, 744 01  Frenštát pod Radhoštěm",18.213404872554065,49.54005707965234
CZE,"Partyzánská 1080/45, 470 01  Česká Lípa 1",14.547720921480902,50.676818918751934
CZE,"Mlýnská 938/4, 779 00  Olomouc 9",17.251377802924907,49.59085702877067
CZE,"Za kovárnou 422/23, Praha, 111 01  Dolní Měcholupy",14.557618524207555,50.05627238659946
CZE,"nám. Československé armády 49, 551 01  Jaroměř 1",15.918440537489232,50.35584910789311
